dataset,p,component_1,component_2
DIA,2,0.06401015,0.93598985
DIA,2,0.05674556,0.94325444
DIA,2,0.05679893,0.94320107
DIA,2,0.05662985,0.94337015
DIA,2,0.05643802,0.94356198
DIA,2,0.18222775,0.81777225
DIA,2,0.08288477,0.91711523
DIA,2,0.05609811,0.94390189
DIA,2,0.05618905,0.94381095
DIA,2,0.16307337,0.83692663
DIA,2,0.06463480,0.93536520
DIA,2,0.05637058,0.94362942
DIA,2,0.05679352,0.94320648
DIA,2,0.05816968,0.94183032
DIA,2,0.05609828,0.94390172
DIA,2,0.06086050,0.93913950
DIA,2,0.08171474,0.91828526
DIA,2,0.05892063,0.94107937
DIA,2,0.05674132,0.94325868
DIA,2,0.07465197,0.92534803
DIA,2,0.29160614,0.70839386
DIA,2,0.06177665,0.93822335
DIA,2,0.05610050,0.94389950
DIA,2,0.05621384,0.94378616
DIA,2,0.05632594,0.94367406
DIA,2,0.05717637,0.94282363
DIA,2,0.06337182,0.93662818
DIA,2,0.05687879,0.94312121
DIA,2,0.08267777,0.91732223
DIA,2,0.05646207,0.94353793
DIA,2,0.09761621,0.90238379
DIA,2,0.05774617,0.94225383
DIA,2,0.05889185,0.94110815
DIA,2,0.08910018,0.91089982
DIA,2,0.05941269,0.94058731
DIA,2,0.07155936,0.92844064
DIA,2,0.06881439,0.93118561
DIA,2,0.06201497,0.93798503
DIA,2,0.06373707,0.93626293
DIA,2,0.05809343,0.94190657
DIA,2,0.05822300,0.94177700
DIA,2,0.09865032,0.90134968
DIA,2,0.06154963,0.93845037
DIA,2,0.05694086,0.94305914
DIA,2,0.19653211,0.80346789
DIA,2,0.05709388,0.94290612
DIA,2,0.07153125,0.92846875
DIA,2,0.05802881,0.94197119
DIA,2,0.08515249,0.91484751
DIA,2,0.05741170,0.94258830
DIA,2,0.05899844,0.94100156
DIA,2,0.05891195,0.94108805
DIA,2,0.05849453,0.94150547
DIA,2,0.05694817,0.94305183
DIA,2,0.17573903,0.82426097
DIA,2,0.07092305,0.92907695
DIA,2,0.05650000,0.94350000
DIA,2,0.05796305,0.94203695
DIA,2,0.06014968,0.93985032
DIA,2,0.06115654,0.93884346
DIA,2,0.05840993,0.94159007
DIA,2,0.09304860,0.90695140
DIA,2,0.05616674,0.94383326
DIA,2,0.05665657,0.94334343
DIA,2,0.06001593,0.93998407
DIA,2,0.05659526,0.94340474
DIA,2,0.05895717,0.94104283
DIA,2,0.05853672,0.94146328
DIA,2,0.05930287,0.94069713
DIA,2,0.05972700,0.94027300
DIA,2,0.06401335,0.93598665
DIA,2,0.07719717,0.92280283
DIA,2,0.07432927,0.92567073
DIA,2,0.11465716,0.88534284
DIA,2,0.09933066,0.90066934
DIA,2,0.05612026,0.94387974
DIA,2,0.05610580,0.94389420
DIA,2,0.06150139,0.93849861
DIA,2,0.05753242,0.94246758
DIA,2,0.05660335,0.94339665
DIA,2,0.05977655,0.94022345
DIA,2,0.12679564,0.87320436
DIA,2,0.05835312,0.94164688
DIA,2,0.06345149,0.93654851
DIA,2,0.10331316,0.89668684
DIA,2,0.05852149,0.94147851
DIA,2,0.06096333,0.93903667
DIA,2,0.05744364,0.94255636
DIA,2,0.06562142,0.93437858
DIA,2,0.05772082,0.94227918
DIA,2,0.05617187,0.94382813
DIA,2,0.05975826,0.94024174
DIA,2,0.53218430,0.46781570
DIA,2,0.05692641,0.94307359
DIA,2,0.17529579,0.82470421
DIA,2,0.12387500,0.87612500
DIA,2,0.05667121,0.94332879
DIA,2,0.07287078,0.92712922
DIA,2,0.12508803,0.87491197
DIA,2,0.05696281,0.94303719
DIA,2,0.59457520,0.40542480
DIA,2,0.06105737,0.93894263
DIA,2,0.07554738,0.92445262
DIA,2,0.07909289,0.92090711
DIA,2,0.05893292,0.94106708
DIA,2,0.06815027,0.93184973
DIA,2,0.05672736,0.94327264
DIA,2,0.08982901,0.91017099
DIA,2,0.06527769,0.93472231
DIA,2,0.10288278,0.89711722
DIA,2,0.05817067,0.94182933
DIA,2,0.05680894,0.94319106
DIA,2,0.06109481,0.93890519
DIA,2,0.11466415,0.88533585
DIA,2,0.05609942,0.94390058
DIA,2,0.05638713,0.94361287
DIA,2,0.10729204,0.89270796
DIA,2,0.05609762,0.94390238
DIA,2,0.08765543,0.91234457
DIA,2,0.05893193,0.94106807
DIA,2,0.06004084,0.93995916
DIA,2,0.05663769,0.94336231
DIA,2,0.05662997,0.94337003
DIA,2,0.07727861,0.92272139
DIA,2,0.08221535,0.91778465
DIA,2,0.13965783,0.86034217
DIA,2,0.10560503,0.89439497
DIA,2,0.05625634,0.94374366
DIA,2,0.06630078,0.93369922
DIA,2,0.11174626,0.88825374
DIA,2,0.05641476,0.94358524
DIA,2,0.06330236,0.93669764
DIA,2,0.07078844,0.92921156
DIA,2,0.12164957,0.87835043
DIA,2,0.19951417,0.80048583
DIA,2,0.05740542,0.94259458
DIA,2,0.05611768,0.94388232
DIA,2,0.07286041,0.92713959
DIA,2,0.12341653,0.87658347
DIA,2,0.05635350,0.94364650
DIA,2,0.06977875,0.93022125
DIA,2,0.06075025,0.93924975
DIA,2,0.05751446,0.94248554
DIA,2,0.05759725,0.94240275
DIA,2,0.05848429,0.94151571
DIA,2,0.05828584,0.94171416
DIA,2,0.06212560,0.93787440
DIA,2,0.05750743,0.94249257
DIA,2,0.05610876,0.94389124
DIA,2,0.06635654,0.93364346
DIA,2,0.07654574,0.92345426
DIA,2,0.07378786,0.92621214
DIA,2,0.09735977,0.90264023
DIA,2,0.06120949,0.93879051
DIA,2,0.05631873,0.94368127
DIA,2,0.05761369,0.94238631
DIA,2,0.06005955,0.93994045
DIA,2,0.05640575,0.94359425
DIA,2,0.05669672,0.94330328
DIA,2,0.08754510,0.91245490
DIA,2,0.05716182,0.94283818
DIA,2,0.06537922,0.93462078
DIA,2,0.05676781,0.94323219
DIA,2,0.06016796,0.93983204
DIA,2,0.05624067,0.94375933
DIA,2,0.05675374,0.94324626
DIA,2,0.09249293,0.90750707
DIA,2,0.07079552,0.92920448
DIA,2,0.06113851,0.93886149
DIA,2,0.05953996,0.94046004
DIA,2,0.07663347,0.92336653
DIA,2,0.05700645,0.94299355
DIA,2,0.10400168,0.89599832
DIA,2,0.06598667,0.93401333
DIA,2,0.09036511,0.90963489
DIA,2,0.05612506,0.94387494
DIA,2,0.06221158,0.93778842
DIA,2,0.06041942,0.93958058
DIA,2,0.06876676,0.93123324
DIA,2,0.06727759,0.93272241
DIA,2,0.05664094,0.94335906
DIA,2,0.05668157,0.94331843
DIA,2,0.05638158,0.94361842
DIA,2,0.05634588,0.94365412
DIA,2,0.06933776,0.93066224
DIA,2,0.05633186,0.94366814
DIA,2,0.07270037,0.92729963
DIA,2,0.05989960,0.94010040
DIA,2,0.05805425,0.94194575
DIA,2,0.06552294,0.93447706
DIA,2,0.05743678,0.94256322
DIA,2,0.10297243,0.89702757
DIA,2,0.05767377,0.94232623
DIA,2,0.06004434,0.93995566
DIA,2,0.07752930,0.92247070
DIA,2,0.07807020,0.92192980
DIA,2,0.05704062,0.94295938
DIA,2,0.05835304,0.94164696
DIA,2,0.06220104,0.93779896
DIA,2,0.06747031,0.93252969
DIA,2,0.05668002,0.94331998
DIA,2,0.09574870,0.90425130
DIA,2,0.06928998,0.93071002
DIA,2,0.07270850,0.92729150
DIA,2,0.13990673,0.86009327
DIA,2,0.08315534,0.91684466
DIA,2,0.06265516,0.93734484
DIA,2,0.05609613,0.94390387
DIA,2,0.05851751,0.94148249
DIA,2,0.10302523,0.89697477
DIA,2,0.06447953,0.93552047
DIA,2,0.05806628,0.94193372
DIA,2,0.06247774,0.93752226
DIA,2,0.14398553,0.85601447
DIA,2,0.06111479,0.93888521
DIA,2,0.05702839,0.94297161
DIA,2,0.05626514,0.94373486
DIA,2,0.05611009,0.94388991
DIA,2,0.12614914,0.87385086
DIA,2,0.12416759,0.87583241
DIA,2,0.06756892,0.93243108
DIA,2,0.05656571,0.94343429
DIA,2,0.09115996,0.90884004
DIA,2,0.06451680,0.93548320
DIA,2,0.05741109,0.94258891
DIA,2,0.06548400,0.93451600
DIA,2,0.05749326,0.94250674
DIA,2,0.07089247,0.92910753
DIA,2,0.07181752,0.92818248
DIA,2,0.05784201,0.94215799
DIA,2,0.12740855,0.87259145
DIA,2,0.09361114,0.90638886
DIA,2,0.06693753,0.93306247
DIA,2,0.08465693,0.91534307
DIA,2,0.05664491,0.94335509
DIA,2,0.06950516,0.93049484
DIA,2,0.05693061,0.94306939
DIA,2,0.08981426,0.91018574
DIA,2,0.07364312,0.92635688
DIA,2,0.05720467,0.94279533
DIA,2,0.60687876,0.39312124
DIA,2,0.06903292,0.93096708
DIA,2,0.10934190,0.89065810
DIA,2,0.07771052,0.92228948
DIA,2,0.05643692,0.94356308
DIA,2,0.05872845,0.94127155
DIA,2,0.05628143,0.94371857
DIA,2,0.05796259,0.94203741
DIA,2,0.06353996,0.93646004
DIA,2,0.16451155,0.83548845
DIA,2,0.06416024,0.93583976
DIA,2,0.06215537,0.93784463
DIA,2,0.05667096,0.94332904
DIA,2,0.06089750,0.93910250
DIA,2,0.18719384,0.81280616
DIA,2,0.63087193,0.36912807
DIA,2,0.06702627,0.93297373
DIA,2,0.05612623,0.94387377
DIA,2,0.06166823,0.93833177
DIA,2,0.09713192,0.90286808
DIA,2,0.06161199,0.93838801
DIA,2,0.13711219,0.86288781
DIA,2,0.18093704,0.81906296
DIA,2,0.08753662,0.91246338
DIA,2,0.06633052,0.93366948
DIA,2,0.10752791,0.89247209
DIA,2,0.06420929,0.93579071
DIA,2,0.12035341,0.87964659
DIA,2,0.08294367,0.91705633
DIA,2,0.26425110,0.73574890
DIA,2,0.06267898,0.93732102
DIA,2,0.05790539,0.94209461
DIA,2,0.07153885,0.92846115
DIA,2,0.07243604,0.92756396
DIA,2,0.12070901,0.87929099
DIA,2,0.07936989,0.92063011
DIA,2,0.10470232,0.89529768
DIA,2,0.05662146,0.94337854
DIA,2,0.12913005,0.87086995
DIA,2,0.05658269,0.94341731
DIA,2,0.06296225,0.93703775
DIA,2,0.07013817,0.92986183
DIA,2,0.10527167,0.89472833
DIA,2,0.10219520,0.89780480
DIA,2,0.11580188,0.88419812
DIA,2,0.42416768,0.57583232
DIA,2,0.06958667,0.93041333
DIA,2,0.14669442,0.85330558
DIA,2,0.06279686,0.93720314
DIA,2,0.09159744,0.90840256
DIA,2,0.06508840,0.93491160
DIA,2,0.10287443,0.89712557
DIA,2,0.16768407,0.83231593
DIA,2,0.09671724,0.90328276
DIA,2,0.05726111,0.94273889
DIA,2,0.05774369,0.94225631
DIA,2,0.99268025,0.00731975
DIA,2,0.42356955,0.57643045
DIA,2,0.05816047,0.94183953
DIA,2,0.05930314,0.94069686
DIA,2,0.05983809,0.94016191
DIA,2,0.05609737,0.94390263
DIA,2,0.42436150,0.57563850
DIA,2,0.05657471,0.94342529
DIA,2,0.05933781,0.94066219
DIA,2,0.06946683,0.93053317
DIA,2,0.05685772,0.94314228
DIA,2,0.05698378,0.94301622
DIA,2,0.06718349,0.93281651
DIA,2,0.08486484,0.91513516
DIA,2,0.05609798,0.94390202
DIA,2,0.08863491,0.91136509
DIA,2,0.09570706,0.90429294
DIA,2,0.07954904,0.92045096
DIA,2,0.06227129,0.93772871
DIA,2,0.05648670,0.94351330
DIA,2,0.31670615,0.68329385
DIA,2,0.08509666,0.91490334
DIA,2,0.22881390,0.77118610
DIA,2,0.05645552,0.94354448
DIA,2,0.09458071,0.90541929
DIA,2,0.15059966,0.84940034
DIA,2,0.07220626,0.92779374
DIA,2,0.16698243,0.83301757
DIA,2,0.05631179,0.94368821
DIA,2,0.05989443,0.94010557
DIA,2,0.06820628,0.93179372
DIA,2,0.06658194,0.93341806
DIA,2,0.07318397,0.92681603
DIA,2,0.05757209,0.94242791
DIA,2,0.05616069,0.94383931
DIA,2,0.05652361,0.94347639
DIA,2,0.05630818,0.94369182
DIA,2,0.05656746,0.94343254
DIA,2,0.22209639,0.77790361
DIA,2,0.06716502,0.93283498
DIA,2,0.05964007,0.94035993
DIA,2,0.09337121,0.90662879
DIA,2,0.10508963,0.89491037
DIA,2,0.05653047,0.94346953
DIA,2,0.08972034,0.91027966
DIA,2,0.16986839,0.83013161
DIA,2,0.09685045,0.90314955
DIA,2,0.05633927,0.94366073
DIA,2,0.05739582,0.94260418
DIA,2,0.10959800,0.89040200
DIA,2,0.14964931,0.85035069
DIA,2,0.05684522,0.94315478
DIA,2,0.08231012,0.91768988
DIA,2,0.05815938,0.94184062
DIA,2,0.05609992,0.94390008
DIA,2,0.10747766,0.89252234
DIA,2,0.08219040,0.91780960
DIA,2,0.05995217,0.94004783
DIA,2,0.09822744,0.90177256
DIA,2,0.06351188,0.93648812
DIA,2,0.08163457,0.91836543
DIA,2,0.07531233,0.92468767
DIA,2,0.06738312,0.93261688
DIA,2,0.06716710,0.93283290
DIA,2,0.05671767,0.94328233
DIA,2,0.06173408,0.93826592
DIA,2,0.05614708,0.94385292
DIA,2,0.05757557,0.94242443
DIA,2,0.05729906,0.94270094
DIA,2,0.05619045,0.94380955
DIA,2,0.06489225,0.93510775
DIA,2,0.06086332,0.93913668
DIA,2,0.05835433,0.94164567
DIA,2,0.09392527,0.90607473
DIA,2,0.05977034,0.94022966
DIA,2,0.05618005,0.94381995
DIA,2,0.07681092,0.92318908
DIA,2,0.05700202,0.94299798
DIA,2,0.06395564,0.93604436
DIA,2,0.18971306,0.81028694
DIA,2,0.05624826,0.94375174
DIA,2,0.06065936,0.93934064
DIA,2,0.66147177,0.33852823
DIA,2,0.09565378,0.90434622
DIA,2,0.06816907,0.93183093
DIA,2,0.06495090,0.93504910
DIA,2,0.25677160,0.74322840
DIA,2,0.06024871,0.93975129
DIA,2,0.98892855,0.01107145
DIA,2,0.05631326,0.94368674
DIA,2,0.06173544,0.93826456
DIA,2,0.35124503,0.64875497
DIA,2,0.07107018,0.92892982
DIA,2,0.08342321,0.91657679
DIA,2,0.10122829,0.89877171
DIA,2,0.05640624,0.94359376
DIA,2,0.18060076,0.81939924
DIA,2,0.12639213,0.87360787
DIA,2,0.07601033,0.92398967
DIA,2,0.09249381,0.90750619
DIA,2,0.10722258,0.89277742
DIA,2,0.17816093,0.82183907
DIA,2,0.33209841,0.66790159
DIA,2,0.05612547,0.94387453
DIA,2,0.06258628,0.93741372
DIA,2,0.06458353,0.93541647
DIA,2,0.05624351,0.94375649
DIA,2,0.07219821,0.92780179
DIA,2,0.06234955,0.93765045
DIA,2,0.11625281,0.88374719
DIA,2,0.05919870,0.94080130
DIA,2,0.05609907,0.94390093
DIA,2,0.06410460,0.93589540
DIA,2,0.05804224,0.94195776
DIA,2,0.06335572,0.93664428
DIA,2,0.06909734,0.93090266
DIA,2,0.08337455,0.91662545
DIA,2,0.05677685,0.94322315
DIA,2,0.06915550,0.93084450
DIA,2,0.05919535,0.94080465
DIA,2,0.05618186,0.94381814
DIA,2,0.14718230,0.85281770
DIA,2,0.07775041,0.92224959
DIA,2,0.06942043,0.93057957
DIA,2,0.05781859,0.94218141
DIA,2,0.10032401,0.89967599
DIA,2,0.09928670,0.90071330
DIA,2,0.22008006,0.77991994
DIA,2,0.05609987,0.94390013
DIA,2,0.06671660,0.93328340
DIA,2,0.06119096,0.93880904
DIA,2,0.15526507,0.84473493
DIA,2,0.11235840,0.88764160
DIA,2,0.05627829,0.94372171
DIA,2,0.05778439,0.94221561
DIA,2,0.05752168,0.94247832
DIA,2,0.06132186,0.93867814
DIA,2,0.05690154,0.94309846
DIA,2,0.06145622,0.93854378
DIA,2,0.05612952,0.94387048
DIA,2,0.05695943,0.94304057
DIA,2,0.05623977,0.94376023
DIA,2,0.05726605,0.94273395
DIA,2,0.06343629,0.93656371
DIA,2,0.06926598,0.93073402
DIA,2,0.05611581,0.94388419
DIA,2,0.12007233,0.87992767
DIA,2,0.05690067,0.94309933
DIA,2,0.05857677,0.94142323
DIA,2,0.07580366,0.92419634
DIA,2,0.05788096,0.94211904
DIA,2,0.09036759,0.90963241
DIA,2,0.08569966,0.91430034
DIA,2,0.05613835,0.94386165
DIA,2,0.05910413,0.94089587
DIA,2,0.07819467,0.92180533
DIA,2,0.07602085,0.92397915
DIA,2,0.05609848,0.94390152
DIA,2,0.06717073,0.93282927
DIA,2,0.06597809,0.93402191
DIA,2,0.08782896,0.91217104
DIA,2,0.05756275,0.94243725
DIA,2,0.07098994,0.92901006
DIA,2,0.06942017,0.93057983
DIA,2,0.05757159,0.94242841
DIA,2,0.07285610,0.92714390
DIA,2,0.05633696,0.94366304
DIA,2,0.06064925,0.93935075
DIA,2,0.07987996,0.92012004
DIA,2,0.34518734,0.65481266
DIA,2,0.07313102,0.92686898
DIA,2,0.05910130,0.94089870
DIA,2,0.07346521,0.92653479
DIA,2,0.05812203,0.94187797
DIA,2,0.05701263,0.94298737
DIA,2,0.07587463,0.92412537
DIA,2,0.07427677,0.92572323
DIA,2,0.05612944,0.94387056
DIA,2,0.09079797,0.90920203
DIA,2,0.07210278,0.92789722
DIA,2,0.05693524,0.94306476
DIA,2,0.09278639,0.90721361
DIA,2,0.17280874,0.82719126
DIA,2,0.05787529,0.94212471
DIA,2,0.06656534,0.93343466
DIA,2,0.06034325,0.93965675
DIA,2,0.05613038,0.94386962
DIA,2,0.16798475,0.83201525
DIA,2,0.06376892,0.93623108
DIA,2,0.05777630,0.94222370
DIA,2,0.09633750,0.90366250
DIA,2,0.16444741,0.83555259
DIA,2,0.05885192,0.94114808
DIA,2,0.13579668,0.86420332
DIA,2,0.35567621,0.64432379
DIA,2,0.05661808,0.94338192
DIA,2,0.07265789,0.92734211
DIA,2,0.07322115,0.92677885
DIA,2,0.07836461,0.92163539
DIA,2,0.63791241,0.36208759
DIA,2,0.06098782,0.93901218
DIA,2,0.05641090,0.94358910
DIA,2,0.06943832,0.93056168
DIA,2,0.06378151,0.93621849
DIA,2,0.05881636,0.94118364
DIA,2,0.05719701,0.94280299
DIA,2,0.31140576,0.68859424
DIA,2,0.05818983,0.94181017
DIA,2,0.30437067,0.69562933
DIA,2,0.06705437,0.93294563
DIA,2,0.07009845,0.92990155
DIA,2,0.08500317,0.91499683
DIA,2,0.13704977,0.86295023
DIA,2,0.18220213,0.81779787
DIA,2,0.05747027,0.94252973
DIA,2,0.09091256,0.90908744
DIA,2,0.06607980,0.93392020
DIA,2,0.06953209,0.93046791
DIA,2,0.12701943,0.87298057
DIA,2,0.05864309,0.94135691
DIA,2,0.07375359,0.92624641
DIA,2,0.06539548,0.93460452
DIA,2,0.24081142,0.75918858
DIA,2,0.11835019,0.88164981
DIA,2,0.07457597,0.92542403
DIA,2,0.05665720,0.94334280
DIA,2,0.17949017,0.82050983
DIA,2,0.20286044,0.79713956
DIA,2,0.05623946,0.94376054
DIA,2,0.05667180,0.94332820
DIA,2,0.06319119,0.93680881
DIA,2,0.17470027,0.82529973
DIA,2,0.05967479,0.94032521
DIA,2,0.17578646,0.82421354
DIA,2,0.07550751,0.92449249
DIA,2,0.08131837,0.91868163
DIA,2,0.30587251,0.69412749
DIA,2,0.11796329,0.88203671
DIA,2,0.06374847,0.93625153
DIA,2,0.13391500,0.86608500
DIA,2,0.07271389,0.92728611
DIA,2,0.22379156,0.77620844
DIA,2,0.05619606,0.94380394
DIA,2,0.13941214,0.86058786
DIA,2,0.06868015,0.93131985
DIA,2,0.08578675,0.91421325
DIA,2,0.10369474,0.89630526
DIA,2,0.08670832,0.91329168
DIA,2,0.07028427,0.92971573
DIA,2,0.10549463,0.89450537
DIA,2,0.18345387,0.81654613
DIA,2,0.05648341,0.94351659
DIA,2,0.09194307,0.90805693
DIA,2,0.15782193,0.84217807
DIA,2,0.05741423,0.94258577
DIA,2,0.07698477,0.92301523
DIA,2,0.85310988,0.14689012
DIA,2,0.07610751,0.92389249
DIA,2,0.06186070,0.93813930
DIA,2,0.09449743,0.90550257
DIA,2,0.06147947,0.93852053
DIA,2,0.09856450,0.90143550
DIA,2,0.06004293,0.93995707
DIA,2,0.24978558,0.75021442
DIA,2,0.06020060,0.93979940
DIA,2,0.05613850,0.94386150
DIA,2,0.65540991,0.34459009
DIA,2,0.91940777,0.08059223
DIA,2,0.05833063,0.94166937
DIA,2,0.22922498,0.77077502
DIA,2,0.08410327,0.91589673
DIA,2,0.08160258,0.91839742
DIA,2,0.06895038,0.93104962
DIA,2,0.09689307,0.90310693
DIA,2,0.07560550,0.92439450
DIA,2,0.06425769,0.93574231
DIA,2,0.83532000,0.16468000
DIA,2,0.08620212,0.91379788
DIA,2,0.72866152,0.27133848
DIA,2,0.31014452,0.68985548
DIA,2,0.05794131,0.94205869
DIA,2,0.07713817,0.92286183
DIA,2,0.07340065,0.92659935
DIA,2,0.91630583,0.08369417
DIA,2,0.05649452,0.94350548
DIA,2,0.06087950,0.93912050
DIA,2,0.09299023,0.90700977
DIA,2,0.07318129,0.92681871
DIA,2,0.95228970,0.04771030
DIA,2,0.10192618,0.89807382
DIA,2,0.06386833,0.93613167
DIA,2,0.19624816,0.80375184
DIA,2,0.69556897,0.30443103
DIA,2,0.06087044,0.93912956
DIA,2,0.56714079,0.43285921
DIA,2,0.07121753,0.92878247
DIA,2,0.06904039,0.93095961
DIA,2,0.42010602,0.57989398
DIA,2,0.05667979,0.94332021
DIA,2,0.05700570,0.94299430
DIA,2,0.07843885,0.92156115
DIA,2,0.50449495,0.49550505
DIA,2,0.06065454,0.93934546
DIA,2,0.13142980,0.86857020
DIA,2,0.05645920,0.94354080
DIA,2,0.06618181,0.93381819
DIA,2,0.15388242,0.84611758
DIA,2,0.07454745,0.92545255
DIA,2,0.06054155,0.93945845
DIA,2,0.06336698,0.93663302
DIA,2,0.05611198,0.94388802
DIA,2,0.07194361,0.92805639
DIA,2,0.05921811,0.94078189
DIA,2,0.07119773,0.92880227
DIA,2,0.06519159,0.93480841
DIA,2,0.46899788,0.53100212
DIA,2,0.08326885,0.91673115
DIA,2,0.09803035,0.90196965
DIA,2,0.07081996,0.92918004
DIA,2,0.47226691,0.52773309
DIA,2,0.12948907,0.87051093
DIA,2,0.05621644,0.94378356
DIA,2,0.05716483,0.94283517
DIA,2,0.07118703,0.92881297
DIA,2,0.08248771,0.91751229
DIA,2,0.06046231,0.93953769
DIA,2,0.90222192,0.09777808
DIA,2,0.45897195,0.54102805
DIA,2,0.08319108,0.91680892
DIA,2,0.07010330,0.92989670
DIA,2,0.06338261,0.93661739
DIA,2,0.05719817,0.94280183
DIA,2,0.07591574,0.92408426
DIA,2,0.11830623,0.88169377
DIA,2,0.21306735,0.78693265
DIA,2,0.06231628,0.93768372
DIA,2,0.18420474,0.81579526
DIA,2,0.23376523,0.76623477
DIA,2,0.06516158,0.93483842
DIA,2,0.06747906,0.93252094
DIA,2,0.05621149,0.94378851
DIA,2,0.07872505,0.92127495
DIA,2,0.09647271,0.90352729
DIA,2,0.05723124,0.94276876
DIA,2,0.36247793,0.63752207
DIA,2,0.05631428,0.94368572
DIA,2,0.58162700,0.41837300
DIA,2,0.06755509,0.93244491
DIA,2,0.06271300,0.93728700
DIA,2,0.05610463,0.94389537
DIA,2,0.05646053,0.94353947
DIA,2,0.07864297,0.92135703
DIA,2,0.12505778,0.87494222
DIA,2,0.06048538,0.93951462
DIA,2,0.06275247,0.93724753
DIA,2,0.05612598,0.94387402
DIA,2,0.05683433,0.94316567
DIA,2,0.09875377,0.90124623
DIA,2,0.09094271,0.90905729
DIA,2,0.61896135,0.38103865
DIA,2,0.05835100,0.94164900
DIA,2,0.17201043,0.82798957
DIA,2,0.06872166,0.93127834
DIA,2,0.05694455,0.94305545
DIA,2,0.99523089,0.00476911
DIA,2,0.14830359,0.85169641
DIA,2,0.31390090,0.68609910
DIA,2,0.23535167,0.76464833
DIA,2,0.27097354,0.72902646
DIA,2,0.05801905,0.94198095
DIA,2,0.06222195,0.93777805
DIA,2,0.12260902,0.87739098
DIA,2,0.05610654,0.94389346
DIA,2,0.16140151,0.83859849
DIA,2,0.12619795,0.87380205
DIA,2,0.99709842,0.00290158
DIA,2,0.06606747,0.93393253
DIA,2,0.06110357,0.93889643
DIA,2,0.07398599,0.92601401
DIA,2,0.05669178,0.94330822
DIA,2,0.05837027,0.94162973
DIA,2,0.38135955,0.61864045
DIA,2,0.10345592,0.89654408
DIA,2,0.11964549,0.88035451
DIA,2,0.05779253,0.94220747
DIA,2,0.77162121,0.22837879
DIA,2,0.05627045,0.94372955
DIA,2,0.06557783,0.93442217
DIA,2,0.05613641,0.94386359
DIA,2,0.11811766,0.88188234
DIA,2,0.05893984,0.94106016
DIA,2,0.09438336,0.90561664
DIA,2,0.09263072,0.90736928
DIA,2,0.10104351,0.89895649
DIA,2,0.11057030,0.88942970
DIA,2,0.06841931,0.93158069
DIA,2,0.09510641,0.90489359
DIA,2,0.05827785,0.94172215
DIA,2,0.05709102,0.94290898
DIA,2,0.08875812,0.91124188
DIA,2,0.12315756,0.87684244
DIA,2,0.11009985,0.88990015
DIA,2,0.06809520,0.93190480
DIA,2,0.05856083,0.94143917
DIA,2,0.06068557,0.93931443
DIA,2,0.06089924,0.93910076
DIA,2,0.06559046,0.93440954
DIA,2,0.28881989,0.71118011
DIA,2,0.18839041,0.81160959
DIA,2,0.09701228,0.90298772
DIA,2,0.47363826,0.52636174
DIA,2,0.05749071,0.94250929
DIA,2,0.86230349,0.13769651
DIA,2,0.53282168,0.46717832
DIA,2,1.00000000,0.00000000
DIA,2,0.99996538,0.00003462
DIA,2,0.06747970,0.93252030
DIA,2,0.37108393,0.62891607
DIA,2,0.07976841,0.92023159
DIA,2,0.99501265,0.00498735
DIA,2,0.06531310,0.93468690
DIA,2,0.05625986,0.94374014
DIA,2,0.05671132,0.94328868
DIA,2,0.20859520,0.79140480
DIA,2,0.06746635,0.93253365
DIA,2,0.05620304,0.94379696
DIA,2,0.68986592,0.31013408
DIA,2,0.11739948,0.88260052
DIA,2,0.16831919,0.83168081
DIA,2,0.41712517,0.58287483
DIA,2,0.06715177,0.93284823
DIA,2,0.10524250,0.89475750
DIA,2,0.22548815,0.77451185
DIA,2,0.09156309,0.90843691
DIA,2,0.22552250,0.77447750
DIA,2,0.06385175,0.93614825
DIA,2,0.05694105,0.94305895
DIA,2,0.06159724,0.93840276
DIA,2,0.88447011,0.11552989
DIA,2,0.05930915,0.94069085
DIA,2,0.05737479,0.94262521
DIA,2,0.05865629,0.94134371
DIA,2,0.17393378,0.82606622
DIA,2,0.06240308,0.93759692
DIA,2,0.09087538,0.90912462
DIA,2,0.11054909,0.88945091
DIA,2,0.39938012,0.60061988
DIA,2,0.05938411,0.94061589
DIA,2,0.13003560,0.86996440
DIA,2,0.08759227,0.91240773
DIA,2,0.05755361,0.94244639
DIA,2,0.23934280,0.76065720
DIA,2,0.18356030,0.81643970
DIA,2,0.08292660,0.91707340
DIA,2,0.31562244,0.68437756
DIA,2,0.07068094,0.92931906
DIA,2,0.05816523,0.94183477
DIA,2,0.26626269,0.73373731
DIA,2,0.38658817,0.61341183
DIA,2,0.05613997,0.94386003
DIA,2,0.08225453,0.91774547
DIA,2,0.05853538,0.94146462
DIA,2,0.10396438,0.89603562
DIA,2,0.05678196,0.94321804
DIA,2,0.18433104,0.81566896
DIA,2,0.98956861,0.01043139
DIA,2,0.07688401,0.92311599
DIA,2,0.15649004,0.84350996
DIA,2,0.08812907,0.91187093
DIA,2,0.14881196,0.85118804
DIA,2,0.08173234,0.91826766
DIA,2,0.32619032,0.67380968
DIA,2,0.10093429,0.89906571
DIA,2,0.10380820,0.89619180
DIA,2,0.06599629,0.93400371
DIA,2,0.05679941,0.94320059
DIA,2,0.20263374,0.79736626
DIA,2,0.22348469,0.77651531
DIA,2,0.09474741,0.90525259
DIA,2,0.08913320,0.91086680
DIA,2,0.89078263,0.10921737
DIA,2,0.09755315,0.90244685
DIA,2,0.06082282,0.93917718
DIA,2,0.05759351,0.94240649
DIA,2,0.10020228,0.89979772
DIA,2,0.05615523,0.94384477
DIA,2,0.22499348,0.77500652
DIA,2,0.06143838,0.93856162
DIA,2,0.07989152,0.92010848
DIA,2,0.05625354,0.94374646
DIA,2,0.06132821,0.93867179
DIA,2,0.07774471,0.92225529
DIA,2,0.09675103,0.90324897
DIA,2,0.06285704,0.93714296
DIA,2,0.05609795,0.94390205
DIA,2,0.06710398,0.93289602
DIA,2,0.11972670,0.88027330
DIA,2,0.06671150,0.93328850
DIA,2,0.07984846,0.92015154
DIA,2,0.05660988,0.94339012
DIA,2,0.06372203,0.93627797
DIA,2,0.06801798,0.93198202
DIA,2,0.15281215,0.84718785
DIA,2,0.22116671,0.77883329
DIA,2,0.05648471,0.94351529
DIA,2,0.10117515,0.89882485
DIA,2,0.06556951,0.93443049
DIA,2,0.05716394,0.94283606
DIA,2,0.07968876,0.92031124
DIA,2,0.18919687,0.81080313
DIA,2,0.06638024,0.93361976
DIA,2,0.06070793,0.93929207
DIA,2,0.06130055,0.93869945
DIA,2,0.16101354,0.83898646
DIA,2,0.10684821,0.89315179
DIA,2,0.10541650,0.89458350
DIA,2,0.05946811,0.94053189
DIA,2,0.06077840,0.93922160
DIA,2,0.07401162,0.92598838
DIA,2,0.05797611,0.94202389
DIA,2,0.05765932,0.94234068
DIA,2,0.09058059,0.90941941
DIA,2,0.22533944,0.77466056
DIA,2,0.05632731,0.94367269
DIA,2,0.07084239,0.92915761
DIA,2,0.09229267,0.90770733
DIA,2,0.09128660,0.90871340
DIA,2,0.13778369,0.86221631
DIA,2,0.05983594,0.94016406
DIA,2,0.13782399,0.86217601
DIA,2,0.07828023,0.92171977
DIA,2,0.10279254,0.89720746
DIA,2,0.10653781,0.89346219
DIA,2,0.05783910,0.94216090
DIA,2,0.06548583,0.93451417
DIA,2,0.05620913,0.94379087
DIA,2,0.06243597,0.93756403
DIA,2,0.10299853,0.89700147
DIA,2,0.39460741,0.60539259
DIA,2,0.06147659,0.93852341
DIA,2,0.07215971,0.92784029
DIA,2,0.18954848,0.81045152
DIA,2,0.12297072,0.87702928
DIA,2,0.07222227,0.92777773
DIA,2,0.06564413,0.93435587
DIA,2,0.13058889,0.86941111
DIA,2,0.11083803,0.88916197
DIA,2,0.09137666,0.90862334
DIA,2,0.06664468,0.93335532
DIA,2,0.09173386,0.90826614
DIA,2,0.07457279,0.92542721
DIA,2,0.06296139,0.93703861
DIA,2,0.09974755,0.90025245
DIA,2,0.07177143,0.92822857
DIA,2,0.05609582,0.94390418
DIA,2,0.18802944,0.81197056
DIA,2,0.06079534,0.93920466
DIA,2,0.05847881,0.94152119
DIA,2,0.37990325,0.62009675
DIA,2,0.06516695,0.93483305
DIA,2,0.06170255,0.93829745
DIA,2,0.08681196,0.91318804
DIA,2,0.05764141,0.94235859
DIA,2,0.06100128,0.93899872
DIA,2,0.12221747,0.87778253
DIA,2,0.07953995,0.92046005
DIA,2,0.55953749,0.44046251
DIA,2,0.06832540,0.93167460
DIA,2,0.05766084,0.94233916
DIA,2,0.10183990,0.89816010
DIA,2,0.51383372,0.48616628
DIA,2,0.05667529,0.94332471
DIA,2,0.84827008,0.15172992
DIA,2,0.05860752,0.94139248
DIA,2,0.54662733,0.45337267
DIA,2,0.05614187,0.94385813
DIA,2,0.15198939,0.84801061
DIA,2,0.05666224,0.94333776
DIA,2,0.20535444,0.79464556
DIA,2,0.15873361,0.84126639
DIA,2,0.05823039,0.94176961
DIA,2,0.05663541,0.94336459
DIA,2,0.07381219,0.92618781
DIA,2,0.06592033,0.93407967
DIA,2,0.12504344,0.87495656
DIA,2,0.05738358,0.94261642
DIA,2,0.08283236,0.91716764
DIA,2,0.05610413,0.94389587
DIA,2,0.11567134,0.88432866
DIA,2,0.09749562,0.90250438
DIA,2,0.05652396,0.94347604
DIA,2,0.05645272,0.94354728
DIA,2,0.34000972,0.65999028
DIA,2,0.05610407,0.94389593
DIA,2,0.11922753,0.88077247
DIA,2,0.05764991,0.94235009
DIA,2,0.06535698,0.93464302
DIA,2,0.15732746,0.84267254
DIA,2,0.08753884,0.91246116
DIA,2,0.77740835,0.22259165
DIA,2,0.05682542,0.94317458
DIA,2,0.12198289,0.87801711
DIA,2,0.11223426,0.88776574
DIA,2,0.06035992,0.93964008
DIA,2,0.17117636,0.82882364
DIA,2,0.27563427,0.72436573
DIA,2,0.16953595,0.83046405
DIA,2,0.99949548,0.00050452
DIA,2,0.06404300,0.93595700
DIA,2,0.06421790,0.93578210
DIA,2,0.05927229,0.94072771
DIA,2,0.05889219,0.94110781
DIA,2,0.20558672,0.79441328
DIA,2,0.11125017,0.88874983
DIA,2,0.12130939,0.87869061
DIA,2,0.06797699,0.93202301
DIA,2,0.41074989,0.58925011
DIA,2,0.43345064,0.56654936
DIA,2,0.05665294,0.94334706
DIA,2,0.11361786,0.88638214
DIA,2,0.11662890,0.88337110
DIA,2,0.06046501,0.93953499
DIA,2,0.06566803,0.93433197
DIA,2,0.10261366,0.89738634
DIA,2,0.99999729,0.00000271
DIA,2,0.43294705,0.56705295
DIA,2,1.00000000,0.00000000
DIA,2,0.99659661,0.00340339
DIA,2,0.05934996,0.94065004
DIA,2,0.20760875,0.79239125
DIA,2,0.07793304,0.92206696
DIA,2,0.99999991,0.00000009
DIA,2,0.30711304,0.69288696
DIA,2,0.99864745,0.00135255
DIA,2,0.66995023,0.33004977
DIA,2,0.68821274,0.31178726
DIA,2,0.14911264,0.85088736
DIA,2,0.10277759,0.89722241
DIA,2,0.94851445,0.05148555
DIA,2,0.05623085,0.94376915
DIA,2,0.06791877,0.93208123
DIA,2,0.06415309,0.93584691
DIA,2,0.99566712,0.00433288
DIA,2,0.34252602,0.65747398
DIA,2,0.05751558,0.94248442
DIA,2,0.12270695,0.87729305
DIA,2,0.05932062,0.94067938
DIA,2,0.99071326,0.00928674
DIA,2,0.98777487,0.01222513
DIA,2,0.42585763,0.57414237
DIA,2,0.07346474,0.92653526
DIA,2,0.05714762,0.94285238
DIA,2,0.05609586,0.94390414
DIA,2,0.05681157,0.94318843
DIA,2,0.71638367,0.28361633
DIA,2,0.25493674,0.74506326
DIA,2,0.08078196,0.91921804
DIA,2,0.06073251,0.93926749
DIA,2,0.99998312,0.00001688
DIA,2,0.41675347,0.58324653
DIA,2,0.08203754,0.91796246
DIA,2,0.06871146,0.93128854
DIA,2,0.05778160,0.94221840
DIA,2,0.05746203,0.94253797
DIA,2,0.10931525,0.89068475
DIA,2,0.06060870,0.93939130
DIA,2,0.09225733,0.90774267
DIA,2,0.05609749,0.94390251
DIA,2,0.25803047,0.74196953
DIA,2,0.17878607,0.82121393
DIA,2,0.23470129,0.76529871
DIA,2,0.05660840,0.94339160
DIA,2,0.10112204,0.89887796
DIA,2,0.31001792,0.68998208
DIA,2,0.09071983,0.90928017
DIA,2,0.09279282,0.90720718
DIA,2,0.06577398,0.93422602
DIA,2,0.06730036,0.93269964
DIA,2,0.05613453,0.94386547
DIA,2,0.12238794,0.87761206
DIA,2,0.13978992,0.86021008
DIA,2,0.05775160,0.94224840
DIA,2,0.07305369,0.92694631
DIA,2,0.05814487,0.94185513
DIA,2,0.15002912,0.84997088
DIA,2,0.87650170,0.12349830
DIA,2,0.07353869,0.92646131
DIA,2,0.05635414,0.94364586
DIA,2,0.05810988,0.94189012
DIA,2,0.83877693,0.16122307
DIA,2,0.05609757,0.94390243
DIA,2,0.08561661,0.91438339
DIA,2,0.70807384,0.29192616
DIA,2,0.21260408,0.78739592
DIA,2,0.08399239,0.91600761
DIA,2,0.06430718,0.93569282
DIA,2,0.05881160,0.94118840
DIA,2,0.53327902,0.46672098
DIA,2,0.06267661,0.93732339
DIA,2,0.25522897,0.74477103
DIA,2,0.20660708,0.79339292
DIA,2,0.05892309,0.94107691
DIA,2,0.10868107,0.89131893
DIA,2,0.06318053,0.93681947
DIA,2,0.11556078,0.88443922
DIA,2,0.08125246,0.91874754
DIA,2,0.44491437,0.55508563
DIA,2,0.06058074,0.93941926
DIA,2,0.05661838,0.94338162
DIA,2,0.12346967,0.87653033
DIA,2,0.06409440,0.93590560
DIA,2,0.12855582,0.87144418
DIA,2,0.05621357,0.94378643
DIA,2,0.21982585,0.78017415
DIA,2,0.93755215,0.06244785
DIA,2,0.05681315,0.94318685
DIA,2,0.13743851,0.86256149
DIA,2,0.05712459,0.94287541
DIA,2,0.29558484,0.70441516
DIA,2,0.25307136,0.74692864
DIA,2,0.93566183,0.06433817
DIA,2,0.74563823,0.25436177
DIA,2,0.06174871,0.93825129
DIA,2,0.05775316,0.94224684
DIA,2,0.09028944,0.90971056
DIA,2,0.34225454,0.65774546
DIA,2,0.08869348,0.91130652
DIA,2,0.22293075,0.77706925
DIA,2,0.17262117,0.82737883
DIA,2,0.08802335,0.91197665
DIA,2,0.10423804,0.89576196
DIA,2,0.05632313,0.94367687
DIA,2,0.08934272,0.91065728
DIA,2,0.10824016,0.89175984
DIA,2,0.07307408,0.92692592
DIA,2,0.05624016,0.94375984
DIA,2,0.05697451,0.94302549
DIA,2,0.40951065,0.59048935
DIA,2,0.06144560,0.93855440
DIA,2,0.65219368,0.34780632
DIA,2,0.08990188,0.91009812
DIA,2,0.05722967,0.94277033
DIA,2,0.13414513,0.86585487
DIA,2,0.12376570,0.87623430
DIA,2,0.06994957,0.93005043
DIA,2,0.81580586,0.18419414
DIA,2,0.05651813,0.94348187
DIA,2,0.29260341,0.70739659
DIA,2,0.06705469,0.93294531
DIA,2,0.07912812,0.92087188
DIA,2,0.05699193,0.94300807
DIA,2,0.05950470,0.94049530
DIA,2,0.05906693,0.94093307
DIA,2,0.63433809,0.36566191
DIA,2,0.98809741,0.01190259
DIA,2,0.05698880,0.94301120
DIA,2,0.06187029,0.93812971
DIA,2,0.08971224,0.91028776
DIA,2,0.20439354,0.79560646
DIA,2,0.05661940,0.94338060
DIA,2,0.09295579,0.90704421
DIA,2,0.05817231,0.94182769
DIA,2,0.07017678,0.92982322
DIA,2,0.14934635,0.85065365
DIA,2,0.09697857,0.90302143
DIA,2,0.05803551,0.94196449
DIA,2,0.79117239,0.20882761
DIA,2,0.05855264,0.94144736
DIA,2,0.41419365,0.58580635
DIA,2,0.05609588,0.94390412
DIA,2,0.49830053,0.50169947
DIA,2,0.08996589,0.91003411
DIA,2,0.21689534,0.78310466
DIA,2,0.06225019,0.93774981
DIA,2,0.46191102,0.53808898
DIA,2,0.05999673,0.94000327
DIA,2,0.15733998,0.84266002
DIA,2,0.16494345,0.83505655
DIA,2,0.05699758,0.94300242
DIA,2,0.32609680,0.67390320
DIA,2,0.07901440,0.92098560
DIA,2,0.05793787,0.94206213
DIA,2,0.06816499,0.93183501
DIA,2,0.06127574,0.93872426
DIA,2,0.06729237,0.93270763
DIA,2,0.05614914,0.94385086
DIA,2,0.18311095,0.81688905
DIA,2,0.26117654,0.73882346
DIA,2,0.05861666,0.94138334
DIA,2,0.05869239,0.94130761
DIA,2,0.13273384,0.86726616
DIA,2,0.05810453,0.94189547
DIA,2,0.06053963,0.93946037
DIA,2,0.09141985,0.90858015
DIA,2,0.61709338,0.38290662
DIA,2,0.11999717,0.88000283
DIA,2,0.07014776,0.92985224
DIA,2,0.05612624,0.94387376
DIA,2,0.08776426,0.91223574
DIA,2,0.05718831,0.94281169
DIA,2,0.05713124,0.94286876
DIA,2,0.05824344,0.94175656
DIA,2,0.11061761,0.88938239
DIA,2,0.37866568,0.62133432
DIA,2,0.08120452,0.91879548
DIA,2,0.05782025,0.94217975
DIA,2,0.06568769,0.93431231
DIA,2,0.05710808,0.94289192
DIA,2,0.06204976,0.93795024
DIA,2,0.36092827,0.63907173
DIA,2,0.19282324,0.80717676
DIA,2,0.28251313,0.71748687
DIA,2,0.68437089,0.31562911
DIA,2,0.08173535,0.91826465
DIA,2,0.06419889,0.93580111
DIA,2,0.05702140,0.94297860
DIA,2,0.09075319,0.90924681
DIA,2,0.20489179,0.79510821
DIA,2,0.14151776,0.85848224
DIA,2,0.17507797,0.82492203
DIA,2,0.09267938,0.90732062
DIA,2,0.08215914,0.91784086
DIA,2,0.19014886,0.80985114
DIA,2,0.07335202,0.92664798
DIA,2,0.06188175,0.93811825
DIA,2,0.46230300,0.53769700
DIA,2,0.07918410,0.92081590
DIA,2,0.05739103,0.94260897
DIA,2,0.06183886,0.93816114
DIA,2,0.10460272,0.89539728
DIA,2,0.07295322,0.92704678
DIA,2,0.18871937,0.81128063
DIA,2,0.05628576,0.94371424
DIA,2,0.11605127,0.88394873
DIA,2,0.31226006,0.68773994
DIA,2,0.30017501,0.69982499
DIA,2,0.11666420,0.88333580
DIA,2,0.08411122,0.91588878
DIA,2,0.05610817,0.94389183
DIA,2,0.06630146,0.93369854
DIA,2,0.06823040,0.93176960
DIA,2,0.07108549,0.92891451
DIA,2,0.05666606,0.94333394
DIA,2,0.05837817,0.94162183
DIA,2,0.05912128,0.94087872
DIA,2,0.06082855,0.93917145
DIA,2,0.05860270,0.94139730
DIA,2,0.05753620,0.94246380
DIA,2,0.42030602,0.57969398
DIA,2,0.05638401,0.94361599
DIA,2,0.06016636,0.93983364
DIA,2,0.07129085,0.92870915
DIA,2,0.06716198,0.93283802
DIA,2,0.12367889,0.87632111
DIA,2,0.05611994,0.94388006
DIA,2,0.36895641,0.63104359
DIA,2,0.23219979,0.76780021
DIA,2,0.05769864,0.94230136
DIA,2,0.05979385,0.94020615
DIA,2,0.05609581,0.94390419
DIA,2,0.14016215,0.85983785
DIA,2,0.07769269,0.92230731
DIA,2,0.05672603,0.94327397
DIA,2,0.06787777,0.93212223
DIA,2,0.16195852,0.83804148
DIA,2,0.05668742,0.94331258
DIA,2,0.38722681,0.61277319
DIA,2,0.09179646,0.90820354
DIA,2,0.08073695,0.91926305
DIA,2,0.13543321,0.86456679
DIA,2,0.06148690,0.93851310
DIA,2,0.16805478,0.83194522
DIA,2,0.52147887,0.47852113
DIA,2,0.05609581,0.94390419
DIA,2,0.06223467,0.93776533
DIA,2,0.13901797,0.86098203
DIA,2,0.13123601,0.86876399
DIA,2,0.37751998,0.62248002
DIA,2,0.10539701,0.89460299
DIA,2,0.10858999,0.89141001
DIA,2,0.09009168,0.90990832
DIA,2,0.67289787,0.32710213
DIA,2,0.05833998,0.94166002
DIA,2,0.05610294,0.94389706
DIA,2,0.06314540,0.93685460
DIA,2,0.06468536,0.93531464
DIA,2,0.05611428,0.94388572
DIA,2,0.13699209,0.86300791
DIA,2,0.13710035,0.86289965
DIA,2,0.07969328,0.92030672
DIA,2,0.07178302,0.92821698
DIA,2,0.05861279,0.94138721
DIA,2,0.68360689,0.31639311
DIA,2,0.10068194,0.89931806
DIA,2,0.63833042,0.36166958
DIA,2,0.07041924,0.92958076
DIA,2,0.05790919,0.94209081
DIA,2,0.05891941,0.94108059
DIA,2,0.07596878,0.92403122
DIA,2,0.15050802,0.84949198
DIA,2,0.06922590,0.93077410
DIA,2,0.16003384,0.83996616
DIA,2,0.05649536,0.94350464
DIA,2,0.45277383,0.54722617
DIA,2,0.06131425,0.93868575
DIA,2,0.12352537,0.87647463
DIA,2,0.05632490,0.94367510
DIA,2,0.75865204,0.24134796
DIA,2,0.59260166,0.40739834
DIA,2,0.06287076,0.93712924
DIA,2,0.93580479,0.06419521
DIA,2,0.08565655,0.91434345
DIA,2,0.11121996,0.88878004
DIA,2,0.53059610,0.46940390
DIA,2,0.08784712,0.91215288
DIA,2,0.32077507,0.67922493
DIA,2,0.12267573,0.87732427
DIA,2,0.07129546,0.92870454
DIA,2,0.09828118,0.90171882
DIA,2,0.78696706,0.21303294
DIA,2,0.15831866,0.84168134
DIA,2,0.07987958,0.92012042
DIA,2,0.08087497,0.91912503
DIA,2,0.05796242,0.94203758
DIA,2,0.06040231,0.93959769
DIA,2,0.07620954,0.92379046
DIA,2,0.05758981,0.94241019
DIA,2,0.10962990,0.89037010
DIA,2,0.05917970,0.94082030
DIA,2,0.05615946,0.94384054
DIA,2,0.34448350,0.65551650
DIA,2,0.05622318,0.94377682
DIA,2,0.31436085,0.68563915
DIA,2,0.06077968,0.93922032
DIA,2,0.21242711,0.78757289
DIA,2,0.05743707,0.94256293
DIA,2,0.08642949,0.91357051
DIA,2,0.09000845,0.90999155
DIA,2,0.05618123,0.94381877
DIA,2,0.05730593,0.94269407
DIA,2,0.06303291,0.93696709
DIA,2,0.07943951,0.92056049
DIA,2,0.12831289,0.87168711
DIA,2,0.06604162,0.93395838
DIA,2,0.78968410,0.21031590
DIA,2,0.06208297,0.93791703
DIA,2,0.13959176,0.86040824
DIA,2,0.06491487,0.93508513
DIA,2,0.07218349,0.92781651
DIA,2,0.09767488,0.90232512
DIA,2,0.05825273,0.94174727
DIA,2,0.06053815,0.93946185
DIA,2,0.07133217,0.92866783
DIA,2,0.05828144,0.94171856
DIA,2,0.05678920,0.94321080
DIA,2,0.11942346,0.88057654
DIA,2,0.06433141,0.93566859
DIA,2,0.05630126,0.94369874
DIA,2,0.45421317,0.54578683
DIA,2,0.05610981,0.94389019
DIA,2,0.08516721,0.91483279
DIA,2,0.05684483,0.94315517
DIA,2,0.05939827,0.94060173
DIA,2,0.06212220,0.93787780
DIA,2,0.16015891,0.83984109
DIA,2,0.99804695,0.00195305
DIA,2,0.09895412,0.90104588
DIA,2,0.17998604,0.82001396
DIA,2,0.89673397,0.10326603
DIA,2,0.07568246,0.92431754
DIA,2,0.06774227,0.93225773
DIA,2,0.06025212,0.93974788
DIA,2,0.06013104,0.93986896
DIA,2,0.17068383,0.82931617
DIA,2,0.19110958,0.80889042
DIA,2,0.08470202,0.91529798
DIA,2,0.17996462,0.82003538
DIA,2,0.11591231,0.88408769
DIA,2,0.79957480,0.20042520
DIA,2,0.05610926,0.94389074
DIA,2,0.05618104,0.94381896
DIA,2,0.05617552,0.94382448
DIA,2,0.95276872,0.04723128
DIA,2,0.35383025,0.64616975
DIA,2,0.13175035,0.86824965
DIA,2,0.05931738,0.94068262
DIA,2,0.05627957,0.94372043
DIA,2,0.06533914,0.93466086
DIA,2,0.07190466,0.92809534
DIA,2,0.06473849,0.93526151
DIA,2,0.84749357,0.15250643
DIA,2,0.08311361,0.91688639
DIA,2,0.70341395,0.29658605
DIA,2,0.08470420,0.91529580
DIA,2,0.56918748,0.43081252
DIA,2,0.19942356,0.80057644
DIA,2,0.07175966,0.92824034
DIA,2,0.98232678,0.01767322
DIA,2,0.07387159,0.92612841
DIA,2,0.08191027,0.91808973
DIA,2,0.21919904,0.78080096
DIA,2,0.87970960,0.12029040
DIA,2,0.31950213,0.68049787
DIA,2,0.12545447,0.87454553
DIA,2,0.05733784,0.94266216
DIA,2,0.05945160,0.94054840
DIA,2,0.60928693,0.39071307
DIA,2,0.42783314,0.57216686
DIA,2,0.99994184,0.00005816
DIA,2,0.06037362,0.93962638
DIA,2,0.32994274,0.67005726
DIA,2,0.08119398,0.91880602
DIA,2,0.05669433,0.94330567
DIA,2,0.21426603,0.78573397
DIA,2,0.99381470,0.00618530
DIA,2,0.99999999,0.00000001
DIA,2,0.05626033,0.94373967
DIA,2,0.08847357,0.91152643
DIA,2,0.74114225,0.25885775
DIA,2,0.05787671,0.94212329
DIA,2,0.80656211,0.19343789
DIA,2,0.05677717,0.94322283
DIA,2,0.09036078,0.90963922
DIA,2,0.10127330,0.89872670
DIA,2,0.08045580,0.91954420
DIA,2,0.05982346,0.94017654
DIA,2,0.07151779,0.92848221
DIA,2,0.95383630,0.04616370
DIA,2,0.05981596,0.94018404
DIA,2,0.16866082,0.83133918
DIA,2,0.07603362,0.92396638
DIA,2,0.05614737,0.94385263
DIA,2,0.07929886,0.92070114
DIA,2,0.11102282,0.88897718
DIA,2,0.21860031,0.78139969
DIA,2,0.57390909,0.42609091
DIA,2,1.00000000,0.00000000
DIA,2,0.74293635,0.25706365
DIA,2,0.57574247,0.42425753
DIA,2,0.08348075,0.91651925
DIA,2,0.27515347,0.72484653
DIA,2,0.08164376,0.91835624
DIA,2,0.64052746,0.35947254
DIA,2,0.25670187,0.74329813
DIA,2,0.07831791,0.92168209
DIA,2,0.26008793,0.73991207
DIA,2,0.07441001,0.92558999
DIA,2,0.08080066,0.91919934
DIA,2,0.88393333,0.11606667
DIA,2,0.09623238,0.90376762
DIA,2,0.28602175,0.71397825
DIA,2,0.06246174,0.93753826
DIA,2,0.07488748,0.92511252
DIA,2,0.37022117,0.62977883
DIA,2,0.31213107,0.68786893
DIA,2,0.08523479,0.91476521
DIA,2,0.53874176,0.46125824
DIA,2,0.19904344,0.80095656
DIA,2,0.23944869,0.76055131
DIA,2,0.05622578,0.94377422
DIA,2,0.22976604,0.77023396
DIA,2,0.10539466,0.89460534
DIA,2,0.16630094,0.83369906
DIA,2,0.11667314,0.88332686
DIA,2,0.56740464,0.43259536
DIA,2,0.06371301,0.93628699
DIA,2,0.74062912,0.25937088
DIA,2,0.05688272,0.94311728
DIA,2,0.16914642,0.83085358
DIA,2,0.24241413,0.75758587
DIA,2,0.06012770,0.93987230
DIA,2,0.08385138,0.91614862
DIA,2,0.07813265,0.92186735
DIA,2,0.18731760,0.81268240
DIA,2,0.07566781,0.92433219
DIA,2,0.06872928,0.93127072
DIA,2,0.06832564,0.93167436
DIA,2,0.07879466,0.92120534
DIA,2,0.06020637,0.93979363
DIA,2,0.90681850,0.09318150
DIA,2,0.09455519,0.90544481
DIA,2,0.13522615,0.86477385
DIA,2,0.06814975,0.93185025
DIA,2,0.14219245,0.85780755
DIA,2,0.05752430,0.94247570
DIA,2,0.20759806,0.79240194
DIA,2,0.05906496,0.94093504
DIA,2,0.05772196,0.94227804
DIA,2,0.16883931,0.83116069
DIA,2,0.06260561,0.93739439
DIA,2,0.14142801,0.85857199
DIA,2,0.07718879,0.92281121
DIA,2,0.05637802,0.94362198
DIA,2,0.25650309,0.74349691
DIA,2,0.05823625,0.94176375
DIA,2,0.08751652,0.91248348
DIA,2,0.07320244,0.92679756
DIA,2,0.05644257,0.94355743
DIA,2,0.05837140,0.94162860
DIA,2,0.05625398,0.94374602
DIA,2,0.07427185,0.92572815
DIA,2,0.06597294,0.93402706
DIA,2,0.20623814,0.79376186
DIA,2,0.10513565,0.89486435
DIA,2,0.07002281,0.92997719
DIA,2,0.05654868,0.94345132
DIA,2,0.40315769,0.59684231
DIA,2,0.06901595,0.93098405
DIA,2,0.07812087,0.92187913
DIA,2,0.05618227,0.94381773
DIA,2,0.09285587,0.90714413
DIA,2,0.09400688,0.90599312
DIA,2,0.05866418,0.94133582
DIA,2,0.07297338,0.92702662
DIA,2,0.11330284,0.88669716
DIA,2,0.13465572,0.86534428
DIA,2,0.07186321,0.92813679
DIA,2,0.05612616,0.94387384
DIA,2,0.13594156,0.86405844
DIA,2,0.24032615,0.75967385
DIA,2,0.09997773,0.90002227
DIA,2,0.07480042,0.92519958
DIA,2,0.06290651,0.93709349
DIA,2,0.05619532,0.94380468
DIA,2,0.05999750,0.94000250
DIA,2,0.07136783,0.92863217
DIA,2,0.05647555,0.94352445
DIA,2,0.06152364,0.93847636
DIA,2,0.05668919,0.94331081
DIA,2,0.07046513,0.92953487
DIA,2,0.05992825,0.94007175
DIA,2,0.12496672,0.87503328
DIA,2,0.10687316,0.89312684
DIA,2,0.05996529,0.94003471
DIA,2,0.05807556,0.94192444
DIA,2,0.06602825,0.93397175
DIA,2,0.06403117,0.93596883
DIA,2,0.06294789,0.93705211
DIA,2,0.05895470,0.94104530
DIA,2,0.06067310,0.93932690
DIA,2,0.06463130,0.93536870
DIA,2,0.10211493,0.89788507
DIA,2,0.28867427,0.71132573
DIA,2,0.16547159,0.83452841
DIA,2,0.05929878,0.94070122
DIA,2,0.11239722,0.88760278
DIA,2,0.07731092,0.92268908
DIA,2,0.09331241,0.90668759
DIA,2,0.06015164,0.93984836
DIA,2,0.37717731,0.62282269
DIA,2,0.05726782,0.94273218
DIA,2,0.47760531,0.52239469
DIA,2,0.25703389,0.74296611
DIA,2,0.06099649,0.93900351
DIA,2,0.05826034,0.94173966
DIA,2,0.07519974,0.92480026
DIA,2,0.06827325,0.93172675
DIA,2,0.17690694,0.82309306
DIA,2,0.06217373,0.93782627
DIA,2,0.06512566,0.93487434
DIA,2,0.13663906,0.86336094
DIA,2,0.99988134,0.00011866
DIA,2,0.17822157,0.82177843
DIA,2,0.07295698,0.92704302
DIA,2,0.24210225,0.75789775
DIA,2,0.18112564,0.81887436
DIA,2,0.31465293,0.68534707
DIA,2,0.11227820,0.88772180
DIA,2,0.06844929,0.93155071
DIA,2,0.16568973,0.83431027
DIA,2,0.07062097,0.92937903
DIA,2,0.06631867,0.93368133
DIA,2,0.65403376,0.34596624
DIA,2,0.89385336,0.10614664
DIA,2,0.24210300,0.75789700
DIA,2,0.07104191,0.92895809
DIA,2,0.05840161,0.94159839
DIA,2,0.07340616,0.92659384
DIA,2,0.23563314,0.76436686
DIA,2,0.05661027,0.94338973
DIA,2,0.06478569,0.93521431
DIA,2,0.08200747,0.91799253
DIA,2,0.77000822,0.22999178
DIA,2,0.11728102,0.88271898
DIA,2,0.26452284,0.73547716
DIA,2,0.06254707,0.93745293
DIA,2,0.06617538,0.93382462
DIA,2,0.05975345,0.94024655
DIA,2,0.33174041,0.66825959
DIA,2,0.05742805,0.94257195
DIA,2,0.10188326,0.89811674
DIA,2,0.07434194,0.92565806
DIA,2,0.08903975,0.91096025
DIA,2,0.06033125,0.93966875
DIA,2,0.14302515,0.85697485
DIA,2,0.57268012,0.42731988
DIA,2,0.07151593,0.92848407
DIA,2,0.43080586,0.56919414
DIA,2,0.99779485,0.00220515
DIA,2,0.54902761,0.45097239
DIA,2,0.07540761,0.92459239
DIA,2,0.09843691,0.90156309
DIA,2,0.05775425,0.94224575
DIA,2,0.06369147,0.93630853
DIA,2,0.05948877,0.94051123
DIA,2,0.13706866,0.86293134
DIA,2,0.85608009,0.14391991
DIA,2,0.46865828,0.53134172
DIA,2,0.06394571,0.93605429
DIA,2,0.93619695,0.06380305
DIA,2,0.23391500,0.76608500
DIA,2,0.29331082,0.70668918
DIA,2,0.07751133,0.92248867
DIA,2,0.13313852,0.86686148
DIA,2,0.08082867,0.91917133
DIA,2,0.08136403,0.91863597
DIA,2,0.22363002,0.77636998
DIA,2,0.95394961,0.04605039
DIA,2,0.05635769,0.94364231
DIA,2,0.84667921,0.15332079
DIA,2,0.07221624,0.92778376
DIA,2,0.06762493,0.93237507
DIA,2,0.05915863,0.94084137
DIA,2,0.05633719,0.94366281
DIA,2,0.09062103,0.90937897
DIA,2,0.14686754,0.85313246
DIA,2,0.07052776,0.92947224
DIA,2,0.09494781,0.90505219
DIA,2,0.08935378,0.91064622
DIA,2,0.05719791,0.94280209
DIA,2,0.07894855,0.92105145
DIA,2,0.05613158,0.94386842
DIA,2,0.08829193,0.91170807
DIA,2,0.07313804,0.92686196
DIA,2,0.06141295,0.93858705
DIA,2,0.38496911,0.61503089
DIA,2,0.05773630,0.94226370
DIA,2,0.10172846,0.89827154
DIA,2,0.12312552,0.87687448
DIA,2,0.09632893,0.90367107
DIA,2,0.05609582,0.94390418
DIA,2,0.05656891,0.94343109
DIA,2,0.07500040,0.92499960
DIA,2,0.11336141,0.88663859
DIA,2,0.24970066,0.75029934
DIA,2,0.05943159,0.94056841
DIA,2,0.12407619,0.87592381
DIA,2,0.09145967,0.90854033
DIA,2,0.08813136,0.91186864
DIA,2,0.08250721,0.91749279
DIA,2,0.59560959,0.40439041
DIA,2,0.05715950,0.94284050
DIA,2,0.09252376,0.90747624
DIA,2,0.48852708,0.51147292
DIA,2,0.05655995,0.94344005
DIA,2,0.20832857,0.79167143
DIA,2,0.07030212,0.92969788
DIA,2,0.05671846,0.94328154
DIA,2,0.10739051,0.89260949
DIA,2,0.06162483,0.93837517
DIA,2,0.19981470,0.80018530
DIA,2,0.19228488,0.80771512
DIA,2,0.52875448,0.47124552
DIA,2,0.99999708,0.00000292
DIA,2,0.06615597,0.93384403
DIA,2,0.99273166,0.00726834
DIA,2,0.06076402,0.93923598
DIA,2,0.65140753,0.34859247
DIA,2,0.16284285,0.83715715
DIA,2,0.82768422,0.17231578
DIA,2,0.94700343,0.05299657
DIA,2,0.17200717,0.82799283
DIA,2,0.14662626,0.85337374
DIA,2,0.61887532,0.38112468
DIA,2,0.97474496,0.02525504
DIA,2,0.24090306,0.75909694
DIA,2,0.05609700,0.94390300
DIA,2,0.09387902,0.90612098
DIA,2,0.11255871,0.88744129
DIA,2,0.99441127,0.00558873
DIA,2,0.05627337,0.94372663
DIA,2,0.99998977,0.00001023
DIA,2,0.11080045,0.88919955
DIA,2,0.06538123,0.93461877
DIA,2,0.94592565,0.05407435
DIA,2,0.07964578,0.92035422
DIA,2,0.12916800,0.87083200
DIA,2,0.06365495,0.93634505
DIA,2,0.07378433,0.92621567
DIA,2,0.99992965,0.00007035
DIA,2,0.12747348,0.87252652
DIA,2,0.12103838,0.87896162
DIA,2,0.07018168,0.92981832
DIA,2,0.08923656,0.91076344
DIA,2,0.30595843,0.69404157
DIA,2,0.08756112,0.91243888
DIA,2,0.14919790,0.85080210
DIA,2,0.07450030,0.92549970
DIA,2,0.25266169,0.74733831
DIA,2,0.05634190,0.94365810
DIA,2,0.08674803,0.91325197
DIA,2,0.21450653,0.78549347
DIA,2,0.05613570,0.94386430
DIA,2,0.06730158,0.93269842
DIA,2,0.05770455,0.94229545
DIA,2,0.06297909,0.93702091
DIA,2,0.09010127,0.90989873
DIA,2,0.06556158,0.93443842
DIA,2,0.05609603,0.94390397
DIA,2,0.99393319,0.00606681
DIA,2,0.07056862,0.92943138
DIA,2,0.06780486,0.93219514
DIA,2,0.06196115,0.93803885
DIA,2,0.08065890,0.91934110
DIA,2,0.23624058,0.76375942
DIA,2,0.05616843,0.94383157
DIA,2,0.12751180,0.87248820
DIA,2,0.05823499,0.94176501
DIA,2,0.27210532,0.72789468
DIA,2,0.05857662,0.94142338
DIA,2,0.08590178,0.91409822
DIA,2,0.08201309,0.91798691
DIA,2,0.13460870,0.86539130
DIA,2,0.09912217,0.90087783
DIA,2,0.05659844,0.94340156
DIA,2,0.12198700,0.87801300
DIA,2,0.07308461,0.92691539
DIA,2,0.05785142,0.94214858
DIA,2,0.08032200,0.91967800
DIA,2,0.41890415,0.58109585
DIA,2,0.08746980,0.91253020
DIA,2,0.05712752,0.94287248
DIA,2,0.06523868,0.93476132
DIA,2,0.06512606,0.93487394
DIA,2,0.07972812,0.92027188
DIA,2,0.11708897,0.88291103
DIA,2,0.12575802,0.87424198
DIA,2,0.06275646,0.93724354
DIA,2,0.06291479,0.93708521
DIA,2,0.16873419,0.83126581
DIA,2,0.06820474,0.93179526
DIA,2,0.09323933,0.90676067
DIA,2,0.05698935,0.94301065
DIA,2,0.10164924,0.89835076
DIA,2,0.80087380,0.19912620
DIA,2,0.05948053,0.94051947
DIA,2,0.15539927,0.84460073
DIA,2,0.07032118,0.92967882
DIA,2,0.84833033,0.15166967
DIA,2,0.08727158,0.91272842
DIA,2,0.07335875,0.92664125
DIA,2,0.16879313,0.83120687
DIA,2,0.05867729,0.94132271
DIA,2,0.06171513,0.93828487
DIA,2,0.05970914,0.94029086
DIA,2,0.26296345,0.73703655
DIA,2,0.53163803,0.46836197
DIA,2,0.25048478,0.74951522
DIA,2,0.07467630,0.92532370
DIA,2,0.06116025,0.93883975
DIA,2,0.05743377,0.94256623
DIA,2,0.14898394,0.85101606
DIA,2,0.05612705,0.94387295
DIA,2,0.06276925,0.93723075
DIA,2,0.06111481,0.93888519
DIA,2,0.13772245,0.86227755
DIA,2,0.06621304,0.93378696
DIA,2,0.29903583,0.70096417
DIA,2,0.05638591,0.94361409
DIA,2,0.14771648,0.85228352
DIA,2,0.05644956,0.94355044
DIA,2,0.05615278,0.94384722
DIA,2,0.07693242,0.92306758
DIA,2,0.06336554,0.93663446
DIA,2,0.24413251,0.75586749
DIA,2,0.07766559,0.92233441
DIA,2,0.21444230,0.78555770
DIA,2,0.10214355,0.89785645
DIA,2,0.06285494,0.93714506
DIA,2,0.49160318,0.50839682
DIA,2,0.05862237,0.94137763
DIA,2,0.32163794,0.67836206
DIA,2,0.23759226,0.76240774
DIA,2,0.47469564,0.52530436
DIA,2,0.05726761,0.94273239
DIA,2,0.06822638,0.93177362
DIA,2,0.06335589,0.93664411
DIA,2,0.54273633,0.45726367
DIA,2,0.93328949,0.06671051
DIA,2,0.05789870,0.94210130
DIA,2,1.00000000,0.00000000
DIA,2,0.09153918,0.90846082
DIA,2,0.35840428,0.64159572
DIA,2,0.99999956,0.00000044
DIA,2,0.65939833,0.34060167
DIA,2,0.99999340,0.00000660
DIA,2,0.12073052,0.87926948
DIA,2,0.12300628,0.87699372
DIA,2,0.17230798,0.82769202
DIA,2,0.61851222,0.38148778
DIA,2,0.05614684,0.94385316
DIA,2,0.18289309,0.81710691
DIA,2,0.63195896,0.36804104
DIA,2,0.06993069,0.93006931
DIA,2,0.07341992,0.92658008
DIA,2,0.06893958,0.93106042
DIA,2,0.05819985,0.94180015
DIA,2,0.65090032,0.34909968
DIA,2,0.60562626,0.39437374
DIA,2,0.07129536,0.92870464
DIA,2,0.05611487,0.94388513
DIA,2,0.06325489,0.93674511
DIA,2,0.32427075,0.67572925
DIA,2,0.10260900,0.89739100
DIA,2,0.06284274,0.93715726
DIA,2,0.53539864,0.46460136
DIA,2,0.05870643,0.94129357
DIA,2,0.05612751,0.94387249
DIA,2,0.17759968,0.82240032
DIA,2,0.11387905,0.88612095
DIA,2,0.98031683,0.01968317
DIA,2,0.49451212,0.50548788
DIA,2,0.07735171,0.92264829
DIA,2,0.62804404,0.37195596
DIA,2,0.09261684,0.90738316
DIA,2,0.19448931,0.80551069
DIA,2,0.37763573,0.62236427
DIA,2,0.05898601,0.94101399
DIA,2,0.06057826,0.93942174
DIA,2,0.05869908,0.94130092
DIA,2,0.07037519,0.92962481
DIA,2,0.60806858,0.39193142
DIA,2,0.10507105,0.89492895
DIA,2,0.07121181,0.92878819
DIA,2,0.05610441,0.94389559
DIA,2,0.13836311,0.86163689
DIA,2,0.07878046,0.92121954
DIA,2,0.08511510,0.91488490
DIA,2,0.16492139,0.83507861
DIA,2,0.06118252,0.93881748
DIA,2,0.13658285,0.86341715
DIA,2,0.41289693,0.58710307
DIA,2,0.13202948,0.86797052
DIA,2,0.06083975,0.93916025
DIA,2,0.10036443,0.89963557
DIA,2,0.17645951,0.82354049
DIA,2,0.82884842,0.17115158
DIA,2,0.05613749,0.94386251
DIA,2,0.06832338,0.93167662
DIA,2,0.20047205,0.79952795
DIA,2,0.06511897,0.93488103
DIA,2,0.05615766,0.94384234
DIA,2,0.19295294,0.80704706
DIA,2,0.06166490,0.93833510
DIA,2,0.09821131,0.90178869
DIA,2,0.14703465,0.85296535
DIA,2,0.09214363,0.90785637
DIA,2,0.09055133,0.90944867
DIA,2,0.06477782,0.93522218
DIA,2,0.05616940,0.94383060
DIA,2,0.06937899,0.93062101
DIA,2,0.06654133,0.93345867
DIA,2,0.05645865,0.94354135
DIA,2,0.14777247,0.85222753
DIA,2,0.06437869,0.93562131
DIA,2,0.12234857,0.87765143
DIA,2,0.10915346,0.89084654
DIA,2,0.07039297,0.92960703
DIA,2,0.06842696,0.93157304
DIA,2,0.07369632,0.92630368
DIA,2,0.06031836,0.93968164
DIA,2,0.09396591,0.90603409
DIA,2,0.12509043,0.87490957
DIA,2,0.05890589,0.94109411
DIA,2,0.71410977,0.28589023
DIA,2,0.17157764,0.82842236
DIA,2,0.08012511,0.91987489
DIA,2,0.07848380,0.92151620
DIA,2,0.05680969,0.94319031
DIA,2,0.08011190,0.91988810
DIA,2,0.06819711,0.93180289
DIA,2,0.06007579,0.93992421
DIA,2,0.91698480,0.08301520
DIA,2,0.18757448,0.81242552
DIA,2,0.40366334,0.59633666
DIA,2,0.05609609,0.94390391
DIA,2,0.79795768,0.20204232
DIA,2,0.05789212,0.94210788
DIA,2,0.06112438,0.93887562
DIA,2,0.06064395,0.93935605
DIA,2,0.16357112,0.83642888
DIA,2,0.29123265,0.70876735
DIA,2,0.05649522,0.94350478
DIA,2,0.17736321,0.82263679
DIA,2,0.05839107,0.94160893
DIA,2,0.11652202,0.88347798
DIA,2,0.38342909,0.61657091
DIA,2,0.50601166,0.49398834
DIA,2,0.10566548,0.89433452
DIA,2,0.17995721,0.82004279
DIA,2,0.51862955,0.48137045
DIA,2,0.05716181,0.94283819
DIA,2,0.05650839,0.94349161
DIA,2,0.05790195,0.94209805
DIA,2,0.92594617,0.07405383
DIA,2,0.81711654,0.18288346
DIA,2,0.18917485,0.81082515
DIA,2,0.16873841,0.83126159
DIA,2,0.06180538,0.93819462
DIA,2,0.06383606,0.93616394
DIA,2,0.06358868,0.93641132
DIA,2,0.05842092,0.94157908
DIA,2,0.16792301,0.83207699
DIA,2,0.05618095,0.94381905
DIA,2,0.09910198,0.90089802
DIA,2,0.05801795,0.94198205
DIA,2,0.06907674,0.93092326
DIA,2,0.16842478,0.83157522
DIA,2,0.06046042,0.93953958
DIA,2,0.06889999,0.93110001
DIA,2,0.25163190,0.74836810
DIA,2,0.07263851,0.92736149
DIA,2,0.08775022,0.91224978
DIA,2,0.05725711,0.94274289
DIA,2,0.06410249,0.93589751
DIA,2,0.06838212,0.93161788
DIA,2,0.15354232,0.84645768
DIA,2,0.05932553,0.94067447
DIA,2,0.06292719,0.93707281
DIA,2,0.05770179,0.94229821
DIA,2,0.06401417,0.93598583
DIA,2,0.35763703,0.64236297
DIA,2,0.50843471,0.49156529
DIA,2,0.05611210,0.94388790
DIA,2,0.11044879,0.88955121
DIA,2,0.58229969,0.41770031
DIA,2,0.07525192,0.92474808
DIA,2,0.05816617,0.94183383
DIA,2,0.06773684,0.93226316
DIA,2,0.14811804,0.85188196
DIA,2,0.07166523,0.92833477
DIA,2,0.07561056,0.92438944
DIA,2,0.05609595,0.94390405
DIA,2,0.17493474,0.82506526
DIA,2,0.12334093,0.87665907
DIA,2,0.16357168,0.83642832
DIA,2,0.17364194,0.82635806
DIA,2,0.06401189,0.93598811
DIA,2,0.09390758,0.90609242
DIA,2,0.67223749,0.32776251
DIA,2,0.05678944,0.94321056
DIA,2,0.99321694,0.00678306
DIA,2,0.08973614,0.91026386
DIA,2,0.13051026,0.86948974
DIA,2,0.33606653,0.66393347
DIA,2,0.60444263,0.39555737
DIA,2,0.06268241,0.93731759
DIA,2,0.06349333,0.93650667
DIA,2,0.07801777,0.92198223
DIA,2,0.15005124,0.84994876
DIA,2,0.19823964,0.80176036
DIA,2,0.06409223,0.93590777
DIA,2,0.07494418,0.92505582
DIA,2,0.12909359,0.87090641
DIA,2,0.19681241,0.80318759
DIA,2,0.08070550,0.91929450
DIA,2,0.05726134,0.94273866
DIA,2,0.05680637,0.94319363
DIA,2,0.75059427,0.24940573
DIA,2,0.06374282,0.93625718
DIA,2,0.13856159,0.86143841
DIA,2,0.37840600,0.62159400
DIA,2,0.06853875,0.93146125
DIA,2,0.07080705,0.92919295
DIA,2,0.18948921,0.81051079
DIA,2,0.10955926,0.89044074
DIA,2,0.14210228,0.85789772
DIA,2,0.06348666,0.93651334
DIA,2,0.76202909,0.23797091
DIA,2,0.06256435,0.93743565
DIA,2,0.26723247,0.73276753
DIA,2,0.26979906,0.73020094
DIA,2,0.62872182,0.37127818
DIA,2,0.05703376,0.94296624
DIA,2,0.36434262,0.63565738
DIA,2,0.05808124,0.94191876
DIA,2,0.34207116,0.65792884
DIA,2,0.05714339,0.94285661
DIA,2,0.26413849,0.73586151
DIA,2,0.17574476,0.82425524
DIA,2,0.06473775,0.93526225
DIA,2,0.99951646,0.00048354
DIA,2,0.09514690,0.90485310
DIA,2,0.64522443,0.35477557
DIA,2,0.99802887,0.00197113
DIA,2,0.06329205,0.93670795
DIA,2,0.21017531,0.78982469
DIA,2,0.07635854,0.92364146
DIA,2,0.60291671,0.39708329
DIA,2,0.07808963,0.92191037
DIA,2,0.27582001,0.72417999
DIA,2,0.99999995,0.00000005
DIA,2,0.99845352,0.00154648
DIA,2,0.19479147,0.80520853
DIA,2,1.00000000,0.00000000
DIA,2,0.06533590,0.93466410
DIA,2,0.11020394,0.88979606
DIA,2,1.00000000,0.00000000
DIA,2,0.05628804,0.94371196
DIA,2,0.07537430,0.92462570
DIA,2,0.94283378,0.05716622
DIA,2,0.91706780,0.08293220
DIA,2,0.99923232,0.00076768
DIA,2,0.92746191,0.07253809
DIA,2,0.87553128,0.12446872
DIA,2,0.99548094,0.00451906
DIA,2,0.07594819,0.92405181
DIA,2,0.07521189,0.92478811
DIA,2,0.89590859,0.10409141
DIA,2,0.97770018,0.02229982
DIA,2,0.13875165,0.86124835
DIA,2,0.06293779,0.93706221
DIA,2,0.85206853,0.14793147
DIA,2,0.14597014,0.85402986
DIA,2,0.09679554,0.90320446
DIA,2,0.14977222,0.85022778
DIA,2,0.55894963,0.44105037
DIA,2,0.06175790,0.93824210
DIA,2,0.12347408,0.87652592
DIA,2,0.31427456,0.68572544
DIA,2,0.06303523,0.93696477
DIA,2,0.05660917,0.94339083
DIA,2,0.99999149,0.00000851
DIA,2,0.12946554,0.87053446
DIA,2,0.31587457,0.68412543
DIA,2,0.31616461,0.68383539
DIA,2,0.17077653,0.82922347
DIA,2,0.13063104,0.86936896
DIA,2,0.05736510,0.94263490
DIA,2,0.87185083,0.12814917
DIA,2,0.11830017,0.88169983
DIA,2,0.08559922,0.91440078
DIA,2,0.62713600,0.37286400
DIA,2,0.07396544,0.92603456
DIA,2,0.98296916,0.01703084
DIA,2,0.06053859,0.93946141
DIA,2,0.22625920,0.77374080
DIA,2,0.92568912,0.07431088
DIA,2,0.49476584,0.50523416
DIA,2,0.71241247,0.28758753
DIA,2,0.99962308,0.00037692
DIA,2,0.41895100,0.58104900
DIA,2,0.99999711,0.00000289
DIA,2,0.59030696,0.40969304
DIA,2,0.08066505,0.91933495
DIA,2,0.91641366,0.08358634
DIA,2,0.33733868,0.66266132
DIA,2,0.10923565,0.89076435
DIA,2,0.97690027,0.02309973
DIA,2,0.99398979,0.00601021
DIA,2,0.99999779,0.00000221
DIA,2,0.08018908,0.91981092
DIA,2,0.99999982,0.00000018
DIA,2,0.82872552,0.17127448
DIA,2,0.96164105,0.03835895
DIA,2,0.09266803,0.90733197
DIA,2,0.94120894,0.05879106
DIA,2,0.09448042,0.90551958
DIA,2,0.06496540,0.93503460
DIA,2,0.66327729,0.33672271
DIA,2,0.20620258,0.79379742
DIA,2,0.08926638,0.91073362
DIA,2,0.05627078,0.94372922
DIA,2,0.08143801,0.91856199
DIA,2,0.06026334,0.93973666
DIA,2,0.22836652,0.77163348
DIA,2,0.08613345,0.91386655
DIA,2,0.18907757,0.81092243
DIA,2,0.15358475,0.84641525
DIA,2,0.64771953,0.35228047
DIA,2,0.08610851,0.91389149
DIA,2,0.73196711,0.26803289
DIA,2,0.05708505,0.94291495
DIA,2,0.05744982,0.94255018
DIA,2,0.39619374,0.60380626
DIA,2,0.07211156,0.92788844
DIA,2,0.12814557,0.87185443
DIA,2,0.05840425,0.94159575
DIA,2,0.40599108,0.59400892
DIA,2,0.95750192,0.04249808
DIA,2,0.05883906,0.94116094
DIA,2,0.06641506,0.93358494
DIA,2,0.56262125,0.43737875
DIA,2,0.96598776,0.03401224
DIA,2,0.05724303,0.94275697
DIA,2,0.06389544,0.93610456
DIA,2,0.22579698,0.77420302
DIA,2,0.05736328,0.94263672
DIA,2,0.20125185,0.79874815
DIA,2,0.05711381,0.94288619
DIA,2,0.60938637,0.39061363
DIA,2,0.12239738,0.87760262
DIA,2,0.05936878,0.94063122
DIA,2,0.07257866,0.92742134
DIA,2,0.18702892,0.81297108
DIA,2,0.74101424,0.25898576
DIA,2,0.10185488,0.89814512
DIA,2,0.14409853,0.85590147
DIA,2,0.13175133,0.86824867
DIA,2,0.36219014,0.63780986
DIA,2,0.05630760,0.94369240
DIA,2,0.07087582,0.92912418
DIA,2,0.05839282,0.94160718
DIA,2,0.30292064,0.69707936
DIA,2,0.05830633,0.94169367
DIA,2,0.05688280,0.94311720
DIA,2,0.99516211,0.00483789
DIA,2,0.05768451,0.94231549
DIA,2,0.59426703,0.40573297
DIA,2,0.05813164,0.94186836
DIA,2,0.39543359,0.60456641
DIA,2,0.57223337,0.42776663
DIA,2,0.05935860,0.94064140
DIA,2,0.05611435,0.94388565
DIA,2,0.07713170,0.92286830
DIA,2,0.19524553,0.80475447
DIA,2,0.06357408,0.93642592
DIA,2,0.19611203,0.80388797
DIA,2,0.45731243,0.54268757
DIA,2,0.34030401,0.65969599
DIA,2,0.06734906,0.93265094
DIA,2,0.97853814,0.02146186
DIA,2,0.60912317,0.39087683
DIA,2,0.13665830,0.86334170
DIA,2,0.06241512,0.93758488
DIA,2,0.64662811,0.35337189
DIA,2,0.15997656,0.84002344
DIA,2,0.09193064,0.90806936
DIA,2,0.14777371,0.85222629
DIA,2,0.06558614,0.93441386
DIA,2,0.08448342,0.91551658
DIA,2,0.10127610,0.89872390
DIA,2,0.07689224,0.92310776
DIA,2,0.10641682,0.89358318
DIA,2,0.15472644,0.84527356
DIA,2,0.05780093,0.94219907
DIA,2,0.63178169,0.36821831
DIA,2,0.48054713,0.51945287
DIA,2,0.06234665,0.93765335
DIA,2,0.14248923,0.85751077
DIA,2,0.16455860,0.83544140
DIA,2,0.54319955,0.45680045
DIA,2,0.06727503,0.93272497
DIA,2,0.17741886,0.82258114
DIA,2,0.10202617,0.89797383
DIA,2,0.05720410,0.94279590
DIA,2,0.07921598,0.92078402
DIA,2,0.43702684,0.56297316
DIA,2,0.08862107,0.91137893
DIA,2,0.17418536,0.82581464
DIA,2,0.08618335,0.91381665
DIA,2,0.74485093,0.25514907
DIA,2,0.08815520,0.91184480
DIA,2,0.06083679,0.93916321
DIA,2,0.99944040,0.00055960
DIA,2,0.08847652,0.91152348
DIA,2,0.99952584,0.00047416
DIA,2,0.10800841,0.89199159
DIA,2,0.10629239,0.89370761
DIA,2,0.06092931,0.93907069
DIA,2,0.97660439,0.02339561
DIA,2,0.99902642,0.00097358
DIA,2,0.06771174,0.93228826
DIA,2,0.07052934,0.92947066
DIA,2,0.06333777,0.93666223
DIA,2,0.08253205,0.91746795
DIA,2,0.58407134,0.41592866
DIA,2,0.09273684,0.90726316
DIA,2,0.96185674,0.03814326
DIA,2,0.06087556,0.93912444
DIA,2,0.06352892,0.93647108
DIA,2,0.06064378,0.93935622
DIA,2,0.05609693,0.94390307
DIA,2,0.16991176,0.83008824
DIA,2,0.05759768,0.94240232
DIA,2,0.05777421,0.94222579
DIA,2,0.43674236,0.56325764
DIA,2,0.08709754,0.91290246
DIA,2,0.38251794,0.61748206
DIA,2,0.09392390,0.90607610
DIA,2,0.05612511,0.94387489
DIA,2,0.49718418,0.50281582
DIA,2,0.06873895,0.93126105
DIA,2,0.09878041,0.90121959
DIA,2,0.37107106,0.62892894
DIA,2,0.49026343,0.50973657
DIA,2,0.06974533,0.93025467
DIA,2,0.05864442,0.94135558
DIA,2,0.06095162,0.93904838
DIA,2,0.26631276,0.73368724
DIA,2,0.06671223,0.93328777
DIA,2,0.07501225,0.92498775
DIA,2,0.05933449,0.94066551
DIA,2,0.09610536,0.90389464
DIA,2,0.17992555,0.82007445
DIA,2,0.28380832,0.71619168
DIA,2,0.06471700,0.93528300
DIA,2,0.06378811,0.93621189
DIA,2,0.08370741,0.91629259
DIA,2,0.06107366,0.93892634
DIA,2,0.75737837,0.24262163
DIA,2,0.05788700,0.94211300
DIA,2,0.05995088,0.94004912
DIA,2,0.10819801,0.89180199
DIA,2,0.05722239,0.94277761
DIA,2,0.67500613,0.32499387
DIA,2,0.06025770,0.93974230
DIA,2,0.10732589,0.89267411
DIA,2,0.27826516,0.72173484
DIA,2,0.07884676,0.92115324
DIA,2,0.06091686,0.93908314
DIA,2,0.19794381,0.80205619
DIA,2,0.05685606,0.94314394
DIA,2,0.05865017,0.94134983
DIA,2,0.10351212,0.89648788
DIA,2,0.08679193,0.91320807
DIA,2,0.26287781,0.73712219
DIA,2,0.05912865,0.94087135
DIA,2,0.09792474,0.90207526
DIA,2,0.70509598,0.29490402
DIA,2,0.05830628,0.94169372
DIA,2,0.06044219,0.93955781
DIA,2,0.18092866,0.81907134
DIA,2,0.05683009,0.94316991
DIA,2,0.22172615,0.77827385
DIA,2,0.05990663,0.94009337
DIA,2,0.12873916,0.87126084
DIA,2,0.07818557,0.92181443
DIA,2,0.10876574,0.89123426
DIA,2,0.05674653,0.94325347
DIA,2,0.07487601,0.92512399
DIA,2,0.15527644,0.84472356
DIA,2,0.08217794,0.91782206
DIA,2,0.29392241,0.70607759
DIA,2,0.05786166,0.94213834
DIA,2,0.08365349,0.91634651
DIA,2,0.22211109,0.77788891
DIA,2,0.09277323,0.90722677
DIA,2,0.08209431,0.91790569
DIA,2,0.06676780,0.93323220
DIA,2,0.06431862,0.93568138
DIA,2,0.06875400,0.93124600
DIA,2,0.25864865,0.74135135
DIA,2,0.10065135,0.89934865
DIA,2,0.07365085,0.92634915
DIA,2,0.06540059,0.93459941
DIA,2,0.09859964,0.90140036
DIA,2,0.45915620,0.54084380
DIA,2,0.05617016,0.94382984
DIA,2,0.08064854,0.91935146
DIA,2,0.05656045,0.94343955
DIA,2,0.06209642,0.93790358
DIA,2,0.09582271,0.90417729
DIA,2,0.05957419,0.94042581
DIA,2,0.33695112,0.66304888
DIA,2,0.05703369,0.94296631
DIA,2,0.08480370,0.91519630
DIA,2,0.08768103,0.91231897
DIA,2,0.06145699,0.93854301
DIA,2,0.12353003,0.87646997
DIA,2,0.06103939,0.93896061
DIA,2,0.06287328,0.93712672
DIA,2,0.05713473,0.94286527
DIA,2,0.11563810,0.88436190
DIA,2,0.05897756,0.94102244
DIA,2,0.06070327,0.93929673
DIA,2,0.05889990,0.94110010
DIA,2,0.08870548,0.91129452
DIA,2,0.06349097,0.93650903
DIA,2,0.05818462,0.94181538
DIA,2,0.05621055,0.94378945
DIA,2,0.06456221,0.93543779
DIA,2,0.06694401,0.93305599
DIA,2,0.15523688,0.84476312
DIA,2,0.07183866,0.92816134
DIA,2,0.05870017,0.94129983
DIA,2,0.09965656,0.90034344
DIA,2,0.09105197,0.90894803
DIA,2,0.08698583,0.91301417
DIA,2,0.11658973,0.88341027
DIA,2,0.06138775,0.93861225
DIA,2,0.05720340,0.94279660
DIA,2,0.05844967,0.94155033
DIA,2,0.17025988,0.82974012
DIA,2,0.05677744,0.94322256
DIA,2,0.15327620,0.84672380
DIA,2,0.05621069,0.94378931
DIA,2,0.15076409,0.84923591
DIA,2,0.06108538,0.93891462
DIA,2,0.30020580,0.69979420
DIA,2,0.11904146,0.88095854
DIA,2,0.06358431,0.93641569
DIA,2,0.08095108,0.91904892
DIA,2,0.13206817,0.86793183
DIA,2,0.59896911,0.40103089
DIA,2,0.06223310,0.93776690
DIA,2,0.10416134,0.89583866
DIA,2,0.06041466,0.93958534
DIA,2,0.07678445,0.92321555
DIA,2,0.05777731,0.94222269
DIA,2,0.06744905,0.93255095
DIA,2,0.05610359,0.94389641
DIA,2,0.10634249,0.89365751
DIA,2,0.07219591,0.92780409
DIA,2,0.05625551,0.94374449
DIA,2,0.05676905,0.94323095
DIA,2,0.08402950,0.91597050
DIA,2,0.06895570,0.93104430
DIA,2,0.05919157,0.94080843
DIA,2,0.31132095,0.68867905
DIA,2,0.05613071,0.94386929
DIA,2,0.06034486,0.93965514
DIA,2,0.05869563,0.94130437
DIA,2,0.26038510,0.73961490
DIA,2,0.06300827,0.93699173
DIA,2,0.05702694,0.94297306
DIA,2,0.05719798,0.94280202
DIA,2,0.07370928,0.92629072
DIA,2,0.05710408,0.94289592
DIA,2,0.05785508,0.94214492
DIA,2,0.06175694,0.93824306
DIA,2,0.06558847,0.93441153
DIA,2,0.07293519,0.92706481
DIA,2,0.05859359,0.94140641
DIA,2,0.14259006,0.85740994
DIA,2,0.05610934,0.94389066
DIA,2,0.08305903,0.91694097
DIA,2,0.07776453,0.92223547
DIA,2,0.11032423,0.88967577
DIA,2,0.07490501,0.92509499
DIA,2,0.07996078,0.92003922
DIA,2,0.05614718,0.94385282
DIA,2,0.17367412,0.82632588
DIA,2,0.05927380,0.94072620
DIA,2,0.05742348,0.94257652
DIA,2,0.05617522,0.94382478
DIA,2,0.15939708,0.84060292
DIA,2,0.06210938,0.93789062
DIA,2,0.05726314,0.94273686
DIA,2,0.07375139,0.92624861
DIA,2,0.07693212,0.92306788
DIA,2,0.11557202,0.88442798
DIA,2,0.06122353,0.93877647
DIA,2,0.05620578,0.94379422
DIA,2,0.09908593,0.90091407
DIA,2,0.06389674,0.93610326
DIA,2,0.05729319,0.94270681
DIA,2,0.12713204,0.87286796
DIA,2,0.05869866,0.94130134
DIA,2,0.12296529,0.87703471
DIA,2,0.06260026,0.93739974
DIA,2,0.07428937,0.92571063
DIA,2,0.05636923,0.94363077
DIA,2,0.06157414,0.93842586
DIA,2,0.05722476,0.94277524
DIA,2,0.16887860,0.83112140
DIA,2,0.05695810,0.94304190
DIA,2,0.05904661,0.94095339
DIA,2,0.06348245,0.93651755
DIA,2,0.17595609,0.82404391
DIA,2,0.05622191,0.94377809
DIA,2,0.05649539,0.94350461
DIA,2,0.07353888,0.92646112
DIA,2,0.16817807,0.83182193
DIA,2,0.05704491,0.94295509
DIA,2,0.06990810,0.93009190
DIA,2,0.12190092,0.87809908
DIA,2,0.05852600,0.94147400
DIA,2,0.06575041,0.93424959
DIA,2,0.07715402,0.92284598
DIA,2,0.09628319,0.90371681
DIA,2,0.05630665,0.94369335
DIA,2,0.06902345,0.93097655
DIA,2,0.16816541,0.83183459
DIA,2,0.08780412,0.91219588
DIA,2,0.23571868,0.76428132
DIA,2,0.05986091,0.94013909
DIA,2,0.05750711,0.94249289
DIA,2,0.05643832,0.94356168
DIA,2,0.05628487,0.94371513
DIA,2,0.06084111,0.93915889
DIA,2,0.05804406,0.94195594
DIA,2,0.11011589,0.88988411
DIA,2,0.05623462,0.94376538
DIA,2,0.06066316,0.93933684
DIA,2,0.15936202,0.84063798
DIA,2,0.06049191,0.93950809
DIA,2,0.07796524,0.92203476
DIA,2,0.08772456,0.91227544
DIA,2,0.06116745,0.93883255
DIA,2,0.05654143,0.94345857
DIA,2,0.06493841,0.93506159
DIA,2,0.05676854,0.94323146
DIA,2,0.06412394,0.93587606
DIA,2,0.06013719,0.93986281
DIA,2,0.05745369,0.94254631
DIA,2,0.05611170,0.94388830
DIA,2,0.10228472,0.89771528
DIA,2,0.08552405,0.91447595
DIA,2,0.05621121,0.94378879
DIA,2,0.05619224,0.94380776
DIA,2,0.05629368,0.94370632
DIA,2,0.07537754,0.92462246
DIA,2,0.08554998,0.91445002
DIA,2,0.32795664,0.67204336
DIA,2,0.44406114,0.55593886
DIA,2,0.11283404,0.88716596
DIA,2,0.17969482,0.82030518
DIA,2,0.08131178,0.91868822
DIA,2,0.16146321,0.83853679
DIA,2,0.05619949,0.94380051
DIA,2,0.13226380,0.86773620
DIA,2,0.18980012,0.81019988
DIA,2,0.05662349,0.94337651
DIA,2,0.05714095,0.94285905
DIA,2,0.37174257,0.62825743
DIA,2,0.05638125,0.94361875
DIA,2,0.14558099,0.85441901
DIA,2,0.07374322,0.92625678
DIA,2,0.05769288,0.94230712
DIA,2,0.05685799,0.94314201
DIA,2,0.11037395,0.88962605
DIA,2,0.10534850,0.89465150
DIA,2,0.05762735,0.94237265
DIA,2,0.09744824,0.90255176
DIA,2,0.06493935,0.93506065
DIA,2,0.07933080,0.92066920
DIA,2,0.17046035,0.82953965
DIA,2,0.05692546,0.94307454
DIA,2,0.05760871,0.94239129
DIA,2,0.07014685,0.92985315
DIA,2,0.05646817,0.94353183
DIA,2,0.16275770,0.83724230
DIA,2,0.05631395,0.94368605
DIA,2,0.22477490,0.77522510
DIA,2,0.05834069,0.94165931
DIA,2,0.05910646,0.94089354
DIA,2,0.06008082,0.93991918
DIA,2,0.18501686,0.81498314
DIA,2,0.09027080,0.90972920
DIA,2,0.06866040,0.93133960
DIA,2,0.09410687,0.90589313
DIA,2,0.05654784,0.94345216
DIA,2,0.05624273,0.94375727
DIA,2,0.08026235,0.91973765
DIA,2,0.18408332,0.81591668
DIA,2,0.21648978,0.78351022
DIA,2,0.05769755,0.94230245
DIA,2,0.05961729,0.94038271
DIA,2,0.06079684,0.93920316
DIA,2,0.05609787,0.94390213
DIA,2,0.13075556,0.86924444
DIA,2,0.06981913,0.93018087
DIA,2,0.05908367,0.94091633
DIA,2,0.05612545,0.94387455
DIA,2,0.05993918,0.94006082
DIA,2,0.05624995,0.94375005
DIA,2,0.31639622,0.68360378
DIA,2,0.05622145,0.94377855
DIA,2,0.10834515,0.89165485
DIA,2,0.05642887,0.94357113
DIA,2,0.05678997,0.94321003
DIA,2,0.07407351,0.92592649
DIA,2,0.07450456,0.92549544
DIA,2,0.06369954,0.93630046
DIA,2,0.26255471,0.73744529
DIA,2,0.06889022,0.93110978
DIA,2,0.07291379,0.92708621
DIA,2,0.06169556,0.93830444
DIA,2,0.08115435,0.91884565
DIA,2,0.06279181,0.93720819
DIA,2,0.05612996,0.94387004
DIA,2,0.05611415,0.94388585
DIA,2,0.06245695,0.93754305
DIA,2,0.06355763,0.93644237
DIA,2,0.05772160,0.94227840
DIA,2,0.09463691,0.90536309
DIA,2,0.05949481,0.94050519
DIA,2,0.08341695,0.91658305
DIA,2,0.05784799,0.94215201
DIA,2,0.06971789,0.93028211
DIA,2,0.05902234,0.94097766
DIA,2,0.11234464,0.88765536
DIA,2,0.07256244,0.92743756
DIA,2,0.07841130,0.92158870
DIA,2,0.05713811,0.94286189
DIA,2,0.07813165,0.92186835
DIA,2,0.06179781,0.93820219
DIA,2,0.05956081,0.94043919
DIA,2,0.05664063,0.94335937
DIA,2,0.06243199,0.93756801
DIA,2,0.06698477,0.93301523
DIA,2,0.05928719,0.94071281
DIA,2,0.06657830,0.93342170
DIA,2,0.06837970,0.93162030
DIA,2,0.11500558,0.88499442
DIA,2,0.05617206,0.94382794
DIA,2,0.10068851,0.89931149
DIA,2,0.05634309,0.94365691
DIA,2,0.17086529,0.82913471
DIA,2,0.06417288,0.93582712
DIA,2,0.05703464,0.94296536
DIA,2,0.05665677,0.94334323
DIA,2,0.06336632,0.93663368
DIA,2,0.07075366,0.92924634
DIA,2,0.05610475,0.94389525
DIA,2,0.34164346,0.65835654
DIA,2,0.34442360,0.65557640
DIA,2,0.05683017,0.94316983
DIA,2,0.19801353,0.80198647
DIA,2,0.05618057,0.94381943
DIA,2,0.17942676,0.82057324
DIA,2,0.05609782,0.94390218
DIA,2,0.19801438,0.80198562
DIA,2,0.05989341,0.94010659
DIA,2,0.14195524,0.85804476
DIA,2,0.06104933,0.93895067
DIA,2,0.07788872,0.92211128
DIA,2,0.06046669,0.93953331
DIA,2,0.05831314,0.94168686
DIA,2,0.09608022,0.90391978
DIA,2,0.05610510,0.94389490
DIA,2,0.05796333,0.94203667
DIA,2,0.08136124,0.91863876
DIA,2,0.06551157,0.93448843
DIA,2,0.05610225,0.94389775
DIA,2,0.15921574,0.84078426
DIA,2,0.05777728,0.94222272
DIA,2,0.08907194,0.91092806
DIA,2,0.05822698,0.94177302
DIA,2,0.05908909,0.94091091
DIA,2,0.05811352,0.94188648
DIA,2,0.05615065,0.94384935
DIA,2,0.05614715,0.94385285
DIA,2,0.09628193,0.90371807
DIA,2,0.05624744,0.94375256
DIA,2,0.06348719,0.93651281
DIA,2,0.08577279,0.91422721
DIA,2,0.06097021,0.93902979
DIA,2,0.19342239,0.80657761
DIA,2,0.09222137,0.90777863
DIA,2,0.05612475,0.94387525
DIA,2,0.07263899,0.92736101
DIA,2,0.09574624,0.90425376
DIA,2,0.07798872,0.92201128
DIA,2,0.06835347,0.93164653
DIA,2,0.13098327,0.86901673
DIA,2,0.06088256,0.93911744
DIA,2,0.06208356,0.93791644
DIA,2,0.07259103,0.92740897
DIA,2,0.13327894,0.86672106
DIA,2,0.09014543,0.90985457
DIA,2,0.05802590,0.94197410
DIA,2,0.05612468,0.94387532
DIA,2,0.08622428,0.91377572
DIA,2,0.14897261,0.85102739
DIA,2,0.06025396,0.93974604
DIA,2,0.05918446,0.94081554
DIA,2,0.07220722,0.92779278
DIA,2,0.05717391,0.94282609
DIA,2,0.05830786,0.94169214
DIA,2,0.14253387,0.85746613
DIA,2,0.05737537,0.94262463
DIA,2,0.23134412,0.76865588
DIA,2,0.17926423,0.82073577
DIA,2,0.05671414,0.94328586
DIA,2,0.05846805,0.94153195
DIA,2,0.05979284,0.94020716
DIA,2,0.05727610,0.94272390
DIA,2,0.11739701,0.88260299
DIA,2,0.47616715,0.52383285
DIA,2,0.09672143,0.90327857
DIA,2,0.05648235,0.94351765
DIA,2,0.05618236,0.94381764
DIA,2,0.05610258,0.94389742
DIA,2,0.09236076,0.90763924
DIA,2,0.08390348,0.91609652
DIA,2,0.05722994,0.94277006
DIA,2,0.07309896,0.92690104
DIA,2,0.07023755,0.92976245
DIA,2,0.05925733,0.94074267
DIA,2,0.13477623,0.86522377
DIA,2,0.05824697,0.94175303
DIA,2,0.05623137,0.94376863
DIA,2,0.05926661,0.94073339
DIA,2,0.05616522,0.94383478
DIA,2,0.06514595,0.93485405
DIA,2,0.06774665,0.93225335
DIA,2,0.27761789,0.72238211
DIA,2,0.05636457,0.94363543
DIA,2,0.05626937,0.94373063
DIA,2,0.06436893,0.93563107
DIA,2,0.12832390,0.87167610
DIA,2,0.06469088,0.93530912
DIA,2,0.07392965,0.92607035
DIA,2,0.05618543,0.94381457
DIA,2,0.10246169,0.89753831
DIA,2,0.06478299,0.93521701
DIA,2,0.05736548,0.94263452
DIA,2,0.05700852,0.94299148
DIA,2,0.06862149,0.93137851
DIA,2,0.05629065,0.94370935
DIA,2,0.10691878,0.89308122
DIA,2,0.07389898,0.92610102
DIA,2,0.05704182,0.94295818
DIA,2,0.06623014,0.93376986
DIA,2,0.08052231,0.91947769
DIA,2,0.05743561,0.94256439
DIA,2,0.05977733,0.94022267
DIA,2,0.05755943,0.94244057
DIA,2,0.06863975,0.93136025
DIA,2,0.11333587,0.88666413
DIA,2,0.06296325,0.93703675
DIA,2,0.05806045,0.94193955
DIA,2,0.05720664,0.94279336
DIA,2,0.05703521,0.94296479
DIA,2,0.07393803,0.92606197
DIA,2,0.06974430,0.93025570
DIA,2,0.12137882,0.87862118
DIA,2,0.06382523,0.93617477
DIA,2,0.08246320,0.91753680
DIA,2,0.08976069,0.91023931
DIA,2,0.08353782,0.91646218
DIA,2,0.09208309,0.90791691
DIA,2,0.06005548,0.93994452
DIA,2,0.10016801,0.89983199
DIA,2,0.06457377,0.93542623
DIA,2,0.05932233,0.94067767
DIA,2,0.06385620,0.93614380
DIA,2,0.07195177,0.92804823
DIA,2,0.07674872,0.92325128
DIA,2,0.06665878,0.93334122
DIA,2,0.05609581,0.94390419
DIA,2,0.15049319,0.84950681
DIA,2,0.05646002,0.94353998
DIA,2,0.05639318,0.94360682
DIA,2,0.07138346,0.92861654
DIA,2,0.08648869,0.91351131
DIA,2,0.06784431,0.93215569
DIA,2,0.05610004,0.94389996
DIA,2,0.06444237,0.93555763
DIA,2,0.05610264,0.94389736
DIA,2,0.08615333,0.91384667
DIA,2,0.05836817,0.94163183
DIA,2,0.33016368,0.66983632
DIA,2,0.06581764,0.93418236
DIA,2,0.08612387,0.91387613
DIA,2,0.10617099,0.89382901
DIA,2,0.07590836,0.92409164
DIA,2,0.06986347,0.93013653
DIA,2,0.05670788,0.94329212
DIA,2,0.05754017,0.94245983
DIA,2,0.11984738,0.88015262
DIA,2,0.05619339,0.94380661
DIA,2,0.05833590,0.94166410
DIA,2,0.11984343,0.88015657
DIA,2,0.06144789,0.93855211
DIA,2,0.07989979,0.92010021
DIA,2,0.05826136,0.94173864
DIA,2,0.06958676,0.93041324
DIA,2,0.13716937,0.86283063
DIA,2,0.05707431,0.94292569
DIA,2,0.05612532,0.94387468
DIA,2,0.07428526,0.92571474
DIA,2,0.11133637,0.88866363
DIA,2,0.05809699,0.94190301
DIA,2,0.05692229,0.94307771
DIA,2,0.06343262,0.93656738
DIA,2,0.08455165,0.91544835
DIA,2,0.17068753,0.82931247
DIA,2,0.05882291,0.94117709
DIA,2,0.11590227,0.88409773
DIA,2,0.05640167,0.94359833
DIA,2,0.06239567,0.93760433
DIA,2,0.05994359,0.94005641
DIA,2,0.07367753,0.92632247
DIA,2,0.08746485,0.91253515
DIA,2,0.05766635,0.94233365
DIA,2,0.07125061,0.92874939
DIA,2,0.11082537,0.88917463
DIA,2,0.19021127,0.80978873
DIA,2,0.59767055,0.40232945
DIA,2,0.06059335,0.93940665
DIA,2,0.07040781,0.92959219
DIA,2,0.13794115,0.86205885
DIA,2,0.57244215,0.42755785
DIA,2,0.06473945,0.93526055
DIA,2,0.08951662,0.91048338
DIA,2,0.09456625,0.90543375
DIA,2,0.06329883,0.93670117
DIA,2,0.17081092,0.82918908
DIA,2,0.13895758,0.86104242
DIA,2,0.07982920,0.92017080
DIA,2,0.05652227,0.94347773
DIA,2,0.17446626,0.82553374
DIA,2,0.06090025,0.93909975
DIA,2,0.05610380,0.94389620
DIA,2,0.06271939,0.93728061
DIA,2,0.11392715,0.88607285
DIA,2,0.05656951,0.94343049
DIA,2,0.13152667,0.86847333
DIA,2,0.07232803,0.92767197
DIA,2,0.13038097,0.86961903
DIA,2,0.09893590,0.90106410
DIA,2,0.20614560,0.79385440
DIA,2,0.06269117,0.93730883
DIA,2,0.05753232,0.94246768
DIA,2,0.06679788,0.93320212
DIA,2,0.05706783,0.94293217
DIA,2,0.06575197,0.93424803
DIA,2,0.08384831,0.91615169
DIA,2,0.05661890,0.94338110
DIA,2,0.08262952,0.91737048
DIA,2,0.08395352,0.91604648
DIA,2,0.05652108,0.94347892
DIA,2,0.10075987,0.89924013
DIA,2,0.05610474,0.94389526
DIA,2,0.05719176,0.94280824
DIA,2,0.05619091,0.94380909
DIA,2,0.05875946,0.94124054
DIA,2,0.05664423,0.94335577
DIA,2,0.05655031,0.94344969
DIA,2,0.05877362,0.94122638
DIA,2,0.05782142,0.94217858
DIA,2,0.05684584,0.94315416
DIA,2,0.06465939,0.93534061
DIA,2,0.05650834,0.94349166
DIA,2,0.05653150,0.94346850
DIA,2,0.05670715,0.94329285
DIA,2,0.32490745,0.67509255
DIA,2,0.20071521,0.79928479
DIA,2,0.05731652,0.94268348
DIA,2,0.13951804,0.86048196
DIA,2,0.05802579,0.94197421
DIA,2,0.11724224,0.88275776
DIA,2,0.05782266,0.94217734
DIA,2,0.08032773,0.91967227
DIA,2,0.10736934,0.89263066
DIA,2,0.05838348,0.94161652
DIA,2,0.24698101,0.75301899
DIA,2,0.09028884,0.90971116
DIA,2,0.05609581,0.94390419
DIA,2,0.06382293,0.93617707
DIA,2,0.08246200,0.91753800
DIA,2,0.05733370,0.94266630
DIA,2,0.07479857,0.92520143
DIA,2,0.07565788,0.92434212
DIA,2,0.06581196,0.93418804
DIA,2,0.07042722,0.92957278
DIA,2,0.05741161,0.94258839
DIA,2,0.06787752,0.93212248
DIA,2,0.05786602,0.94213398
DIA,2,0.06952392,0.93047608
DIA,2,0.08048756,0.91951244
DIA,2,0.07101206,0.92898794
DIA,2,0.05817810,0.94182190
DIA,2,0.07113451,0.92886549
DIA,2,0.05746446,0.94253554
DIA,2,0.09261473,0.90738527
DIA,2,0.07139626,0.92860374
DIA,2,0.05866946,0.94133054
DIA,2,0.08419996,0.91580004
DIA,2,0.05694883,0.94305117
DIA,2,0.09643340,0.90356660
DIA,2,0.08471136,0.91528864
DIA,2,0.05899732,0.94100268
DIA,2,0.14243642,0.85756358
DIA,2,0.05911524,0.94088476
DIA,2,0.05630351,0.94369649
DIA,2,0.05618037,0.94381963
DIA,2,0.05657129,0.94342871
DIA,2,0.06648203,0.93351797
DIA,2,0.09695805,0.90304195
DIA,2,0.05640839,0.94359161
DIA,2,0.06800784,0.93199216
DIA,2,0.07324607,0.92675393
DIA,2,0.06470043,0.93529957
DIA,2,0.07532309,0.92467691
DIA,2,0.05716367,0.94283633
DIA,2,0.05688918,0.94311082
DIA,2,0.20641750,0.79358250
DIA,2,0.06954524,0.93045476
DIA,2,0.06072027,0.93927973
DIA,2,0.08606460,0.91393540
DIA,2,0.05657579,0.94342421
DIA,2,0.09146292,0.90853708
DIA,2,0.07161754,0.92838246
DIA,2,0.05645350,0.94354650
DIA,2,0.09095917,0.90904083
DIA,2,0.08447312,0.91552688
DIA,2,0.09022809,0.90977191
DIA,2,0.12869163,0.87130837
DIA,2,0.06141202,0.93858798
DIA,2,0.05610116,0.94389884
DIA,2,0.05841612,0.94158388
DIA,2,0.05694747,0.94305253
DIA,2,0.05738687,0.94261313
DIA,2,0.08840265,0.91159735
DIA,2,0.05810516,0.94189484
DIA,2,0.06021812,0.93978188
DIA,2,0.10738587,0.89261413
DIA,2,0.18192619,0.81807381
DIA,2,0.06316556,0.93683444
DIA,2,0.05612642,0.94387358
DIA,2,0.06897722,0.93102278
DIA,2,0.05651460,0.94348540
DIA,2,0.06144159,0.93855841
DIA,2,0.05614100,0.94385900
DIA,2,0.08082260,0.91917740
DIA,2,0.07727468,0.92272532
DIA,2,0.07148522,0.92851478
DIA,2,0.16151531,0.83848469
DIA,2,0.15843080,0.84156920
DIA,2,0.08611252,0.91388748
DIA,2,0.32580741,0.67419259
DIA,2,0.05628901,0.94371099
DIA,2,0.06082049,0.93917951
DIA,2,0.14864930,0.85135070
DIA,2,0.31889185,0.68110815
DIA,2,0.06779868,0.93220132
DIA,2,0.05987782,0.94012218
DIA,2,0.07439698,0.92560302
DIA,2,0.06949102,0.93050898
DIA,2,0.05669131,0.94330869
DIA,2,0.06977160,0.93022840
DIA,2,0.06338294,0.93661706
DIA,2,0.05612406,0.94387594
DIA,2,0.10257638,0.89742362
DIA,2,0.06822780,0.93177220
DIA,2,0.05694973,0.94305027
DIA,2,0.05646425,0.94353575
DIA,2,0.05670157,0.94329843
DIA,2,0.06413279,0.93586721
DIA,2,0.06625519,0.93374481
DIA,2,0.06996130,0.93003870
DIA,2,0.06871193,0.93128807
DIA,2,0.06554315,0.93445685
DIA,2,0.05745843,0.94254157
DIA,2,0.06212954,0.93787046
DIA,2,0.05622423,0.94377577
DIA,2,0.08732370,0.91267630
DIA,2,0.10662440,0.89337560
DIA,2,0.05868661,0.94131339
DIA,2,0.06420955,0.93579045
DIA,2,0.05735885,0.94264115
DIA,2,0.06379329,0.93620671
DIA,2,0.07096392,0.92903608
DIA,2,0.05745245,0.94254755
DIA,2,0.05639313,0.94360687
DIA,2,0.06857279,0.93142721
DIA,2,0.07356934,0.92643066
DIA,2,0.05613073,0.94386927
DIA,2,0.05623888,0.94376112
DIA,2,0.06217168,0.93782832
DIA,2,0.06060495,0.93939505
DIA,2,0.05859403,0.94140597
DIA,2,0.06991508,0.93008492
DIA,2,0.05610510,0.94389490
DIA,2,0.11563701,0.88436299
DIA,2,0.05646184,0.94353816
DIA,2,0.05646574,0.94353426
DIA,2,0.07647870,0.92352130
DIA,2,0.15087930,0.84912070
DIA,2,0.06349879,0.93650121
DIA,2,0.05617699,0.94382301
DIA,2,0.08239343,0.91760657
DIA,2,0.07005401,0.92994599
DIA,2,0.05615354,0.94384646
DIA,2,0.05984109,0.94015891
DIA,2,0.08284916,0.91715084
DIA,2,0.05639801,0.94360199
DIA,2,0.07291347,0.92708653
DIA,2,0.06467518,0.93532482
DIA,2,0.05798483,0.94201517
DIA,2,0.58443806,0.41556194
DIA,2,0.05615812,0.94384188
DIA,2,0.05856294,0.94143706
DIA,2,0.05609697,0.94390303
DIA,2,0.10729974,0.89270026
DIA,2,0.11521690,0.88478310
DIA,2,0.05609795,0.94390205
DIA,2,0.06096196,0.93903804
DIA,2,0.09038462,0.90961538
DIA,2,0.09953784,0.90046216
DIA,2,0.07511357,0.92488643
DIA,2,0.05609587,0.94390413
DIA,2,0.06545596,0.93454404
DIA,2,0.11431577,0.88568423
DIA,2,0.06043818,0.93956182
DIA,2,0.06155397,0.93844603
DIA,2,0.05820797,0.94179203
DIA,2,0.16868851,0.83131149
DIA,2,0.06268577,0.93731423
DIA,2,0.07264205,0.92735795
DIA,2,0.05609609,0.94390391
DIA,2,0.06434024,0.93565976
DIA,2,0.07264253,0.92735747
DIA,2,0.07154054,0.92845946
DIA,2,0.05669328,0.94330672
DIA,2,0.06063201,0.93936799
DIA,2,0.10605731,0.89394269
DIA,2,0.06644477,0.93355523
DIA,2,0.05803246,0.94196754
DIA,2,0.05623444,0.94376556
DIA,2,0.07244733,0.92755267
DIA,2,0.05714458,0.94285542
DIA,2,0.05875629,0.94124371
DIA,2,0.05976377,0.94023623
DIA,2,0.10642220,0.89357780
DIA,2,0.05633843,0.94366157
DIA,2,0.07979811,0.92020189
DIA,2,0.07257699,0.92742301
DIA,2,0.06471840,0.93528160
DIA,2,0.05926523,0.94073477
DIA,2,0.05612564,0.94387436
DIA,2,0.06170609,0.93829391
DIA,2,0.08154804,0.91845196
DIA,2,0.06194326,0.93805674
DIA,2,0.05621212,0.94378788
DIA,2,0.05906945,0.94093055
DIA,2,0.10039052,0.89960948
DIA,2,0.06686846,0.93313154
DIA,2,0.07003758,0.92996242
DIA,2,0.06427601,0.93572399
DIA,2,0.05986540,0.94013460
DIA,2,0.07103915,0.92896085
DIA,2,0.06206771,0.93793229
DIA,2,0.05751159,0.94248841
DIA,2,0.10113105,0.89886895
DIA,2,0.05673115,0.94326885
DIA,2,0.06557900,0.93442100
DIA,2,0.06087986,0.93912014
DIA,2,0.05652243,0.94347757
DIA,2,0.07202199,0.92797801
DIA,2,0.38967655,0.61032345
DIA,2,0.05848584,0.94151416
DIA,2,0.07232370,0.92767630
DIA,2,0.05642439,0.94357561
DIA,2,0.05648893,0.94351107
DIA,2,0.06689231,0.93310769
DIA,2,0.07340385,0.92659615
DIA,2,0.06009679,0.93990321
DIA,2,0.05667387,0.94332613
DIA,2,0.05826519,0.94173481
DIA,2,0.07580704,0.92419296
DIA,2,0.05644209,0.94355791
DIA,2,0.06091924,0.93908076
DIA,2,0.17243968,0.82756032
DIA,2,0.05719003,0.94280997
DIA,2,0.06704912,0.93295088
DIA,2,0.05627330,0.94372670
DIA,2,0.16954345,0.83045655
DIA,2,0.14936917,0.85063083
DIA,2,0.06113080,0.93886920
DIA,2,0.05617794,0.94382206
DIA,2,0.53754608,0.46245392
DIA,2,0.09697556,0.90302444
DIA,2,0.05640965,0.94359035
DIA,2,0.05717454,0.94282546
DIA,2,0.05903580,0.94096420
DIA,2,0.05709611,0.94290389
DIA,2,0.09768471,0.90231529
DIA,2,0.07916305,0.92083695
DIA,2,0.32672013,0.67327987
DIA,2,0.06959687,0.93040313
DIA,2,0.10034393,0.89965607
DIA,2,0.05617635,0.94382365
DIA,2,0.45776453,0.54223547
DIA,2,0.07199640,0.92800360
DIA,2,0.08035990,0.91964010
DIA,2,0.05611175,0.94388825
DIA,2,0.06445587,0.93554413
DIA,2,0.11128082,0.88871918
DIA,2,0.10097242,0.89902758
DIA,2,0.11315587,0.88684413
DIA,2,0.53772792,0.46227208
DIA,2,0.05699663,0.94300337
DIA,2,0.07841330,0.92158670
DIA,2,0.05875990,0.94124010
DIA,2,0.11473590,0.88526410
DIA,2,0.06645894,0.93354106
DIA,2,0.06065757,0.93934243
DIA,2,0.06740663,0.93259337
DIA,2,0.12944404,0.87055596
DIA,2,0.06187821,0.93812179
DIA,2,0.61288703,0.38711297
DIA,2,0.05790923,0.94209077
DIA,2,0.07883408,0.92116592
DIA,2,0.07568301,0.92431699
DIA,2,0.07407407,0.92592593
DIA,2,0.15070123,0.84929877
DIA,2,0.05610856,0.94389144
DIA,2,0.05988299,0.94011701
DIA,2,0.13333824,0.86666176
DIA,2,0.33837830,0.66162170
DIA,2,0.14216287,0.85783713
DIA,2,0.05609780,0.94390220
DIA,2,0.06740288,0.93259712
DIA,2,0.60385273,0.39614727
DIA,2,0.07400695,0.92599305
DIA,2,0.07471410,0.92528590
DIA,2,0.34123331,0.65876669
DIA,2,0.07484491,0.92515509
DIA,2,0.05613059,0.94386941
DIA,2,0.05611257,0.94388743
DIA,2,0.13176621,0.86823379
DIA,2,0.05816457,0.94183543
DIA,2,0.07157647,0.92842353
DIA,2,0.07544470,0.92455530
DIA,2,0.06492320,0.93507680
DIA,2,0.05610135,0.94389865
DIA,2,0.05766234,0.94233766
DIA,2,0.06447839,0.93552161
DIA,2,0.10503090,0.89496910
DIA,2,0.06209894,0.93790106
DIA,2,0.05991971,0.94008029
DIA,2,0.05626291,0.94373709
DIA,2,0.16095964,0.83904036
DIA,2,0.11199724,0.88800276
DIA,2,0.05695229,0.94304771
DIA,2,0.06409999,0.93590001
DIA,2,0.05979361,0.94020639
DIA,2,0.05632353,0.94367647
DIA,2,0.06252450,0.93747550
DIA,2,0.05612913,0.94387087
DIA,2,0.05746076,0.94253924
DIA,2,0.07305804,0.92694196
DIA,2,0.05799443,0.94200557
DIA,2,0.05680267,0.94319733
DIA,2,0.05609743,0.94390257
DIA,2,0.08395050,0.91604950
DIA,2,0.05657227,0.94342773
DIA,2,0.07070402,0.92929598
DIA,2,0.08193541,0.91806459
DIA,2,0.06702669,0.93297331
DIA,2,0.05641372,0.94358628
DIA,2,0.10211064,0.89788936
DIA,2,0.06630731,0.93369269
DIA,2,0.05658633,0.94341367
DIA,2,0.05955684,0.94044316
DIA,2,0.05612574,0.94387426
DIA,2,0.05679289,0.94320711
DIA,2,0.07500093,0.92499907
DIA,2,0.07683761,0.92316239
DIA,2,0.05947943,0.94052057
DIA,2,0.07197728,0.92802272
DIA,2,0.09764946,0.90235054
DIA,2,0.05857413,0.94142587
DIA,2,0.05920114,0.94079886
DIA,2,0.06061444,0.93938556
DIA,2,0.05655373,0.94344627
DIA,2,0.06707541,0.93292459
DIA,2,0.13554465,0.86445535
DIA,2,0.05827087,0.94172913
DIA,2,0.05681217,0.94318783
DIA,2,0.05621705,0.94378295
DIA,2,0.05640534,0.94359466
DIA,2,0.05673038,0.94326962
DIA,2,0.09065438,0.90934562
DIA,2,0.05741523,0.94258477
DIA,2,0.05747145,0.94252855
DIA,2,0.05869936,0.94130064
DIA,2,0.06120516,0.93879484
DIA,2,0.05765558,0.94234442
DIA,2,0.05627982,0.94372018
DIA,2,0.11003995,0.88996005
DIA,2,0.05734481,0.94265519
DIA,2,0.05627185,0.94372815
DIA,2,0.05872889,0.94127111
DIA,2,0.07306202,0.92693798
DIA,2,0.05638068,0.94361932
DIA,2,0.05620627,0.94379373
DIA,2,0.06414399,0.93585601
DIA,2,0.05692691,0.94307309
DIA,2,0.05959470,0.94040530
DIA,2,0.11419796,0.88580204
DIA,2,0.06823035,0.93176965
DIA,2,0.05781449,0.94218551
DIA,2,0.07334174,0.92665826
DIA,2,0.05609801,0.94390199
DIA,2,0.05781045,0.94218955
DIA,2,0.08376243,0.91623757
DIA,2,0.06114485,0.93885515
DIA,2,0.06621935,0.93378065
DIA,2,0.06116955,0.93883045
DIA,2,0.05763234,0.94236766
DIA,2,0.05612027,0.94387973
DIA,2,0.05619156,0.94380844
DIA,2,0.06260946,0.93739054
DIA,2,0.20311685,0.79688315
DIA,2,0.05610558,0.94389442
DIA,2,0.08638263,0.91361737
DIA,2,0.05611601,0.94388399
DIA,2,0.05846572,0.94153428
DIA,2,0.08295522,0.91704478
DIA,2,0.06551750,0.93448250
DIA,2,0.05707866,0.94292134
DIA,2,0.05925405,0.94074595
DIA,2,0.05816389,0.94183611
DIA,2,0.05768683,0.94231317
DIA,2,0.05645551,0.94354449
DIA,2,0.05609795,0.94390205
DIA,2,0.09187173,0.90812827
DIA,2,0.06007218,0.93992782
DIA,2,0.05610581,0.94389419
DIA,2,0.05862631,0.94137369
DIA,2,0.05616547,0.94383453
DIA,2,0.06159507,0.93840493
DIA,2,0.07825840,0.92174160
DIA,2,0.06647885,0.93352115
DIA,2,0.09961931,0.90038069
DIA,2,0.05609672,0.94390328
DIA,2,0.06053072,0.93946928
DIA,2,0.05628575,0.94371425
DIA,2,0.05623722,0.94376278
DIA,2,0.07844098,0.92155902
DIA,2,0.05709506,0.94290494
DIA,2,0.05616098,0.94383902
DIA,2,0.05788482,0.94211518
DIA,2,0.07404240,0.92595760
DIA,2,0.06257660,0.93742340
DIA,2,0.05861263,0.94138737
DIA,2,0.05612511,0.94387489
DIA,2,0.05635399,0.94364601
DIA,2,0.05612330,0.94387670
DIA,2,0.08232895,0.91767105
DIA,2,0.06329793,0.93670207
DIA,2,0.08499052,0.91500948
DIA,2,0.10260495,0.89739505
DIA,2,0.05790466,0.94209534
DIA,2,0.05611303,0.94388697
DIA,2,0.05917724,0.94082276
DIA,2,0.09186727,0.90813273
DIA,2,0.06679294,0.93320706
DIA,2,0.05678830,0.94321170
DIA,2,0.05621430,0.94378570
DIA,2,0.05617064,0.94382936
DIA,2,0.05609819,0.94390181
DIA,2,0.05846212,0.94153788
DIA,2,0.06651048,0.93348952
DIA,2,0.05916399,0.94083601
DIA,2,0.09070522,0.90929478
DIA,2,0.08645515,0.91354485
DIA,2,0.05861112,0.94138888
DIA,2,0.05614913,0.94385087
DIA,2,0.05709657,0.94290343
DIA,2,0.06221636,0.93778364
DIA,2,0.06529451,0.93470549
DIA,2,0.06129066,0.93870934
DIA,2,0.05702432,0.94297568
DIA,2,0.99844225,0.00155775
DIA,2,0.05712784,0.94287216
DIA,2,0.05876775,0.94123225
DIA,2,0.12108342,0.87891658
DIA,2,0.07457158,0.92542842
DIA,2,0.17780345,0.82219655
DIA,2,0.05610962,0.94389038
DIA,2,0.07071931,0.92928069
DIA,2,0.05741633,0.94258367
DIA,2,0.06182943,0.93817057
DIA,2,0.58505880,0.41494120
DIA,2,0.06047329,0.93952671
DIA,2,0.05900332,0.94099668
DIA,2,0.06303942,0.93696058
DIA,2,0.10629061,0.89370939
DIA,2,0.07290490,0.92709510
DIA,2,0.20330429,0.79669571
DIA,2,0.05814731,0.94185269
DIA,2,0.05734391,0.94265609
DIA,2,0.05639417,0.94360583
DIA,2,0.07302799,0.92697201
DIA,2,0.09511430,0.90488570
DIA,2,0.06098033,0.93901967
DIA,2,0.05635830,0.94364170
DIA,2,0.05844066,0.94155934
DIA,2,0.12779004,0.87220996
DIA,2,0.05870636,0.94129364
DIA,2,0.05895906,0.94104094
DIA,2,0.05645679,0.94354321
DIA,2,0.05617762,0.94382238
DIA,2,0.08248503,0.91751497
DIA,2,0.06739902,0.93260098
DIA,2,0.06884147,0.93115853
DIA,2,0.10291485,0.89708515
DIA,2,0.06715832,0.93284168
DIA,2,0.05947722,0.94052278
DIA,2,0.05623846,0.94376154
DIA,2,0.16097949,0.83902051
DIA,2,0.05847603,0.94152397
DIA,2,0.05866075,0.94133925
DIA,2,0.13150648,0.86849352
DIA,2,0.05795294,0.94204706
DIA,2,0.05680924,0.94319076
DIA,2,0.06487573,0.93512427
DIA,2,0.06926166,0.93073834
DIA,2,0.07545624,0.92454376
DIA,2,0.05936462,0.94063538
DIA,2,0.05775331,0.94224669
DIA,2,0.06266718,0.93733282
DIA,2,0.05609582,0.94390418
DIA,2,0.06353170,0.93646830
DIA,2,0.13410097,0.86589903
DIA,2,0.08588515,0.91411485
DIA,2,0.05829918,0.94170082
DIA,2,0.05987493,0.94012507
DIA,2,0.09084727,0.90915273
DIA,2,0.05610821,0.94389179
DIA,2,0.07294564,0.92705436
DIA,2,0.05621518,0.94378482
DIA,2,0.05613474,0.94386526
DIA,2,0.05660113,0.94339887
DIA,2,0.07652741,0.92347259
DIA,2,0.06513458,0.93486542
DIA,2,0.05701017,0.94298983
DIA,2,0.09502664,0.90497336
DIA,2,0.05612903,0.94387097
DIA,2,0.05996505,0.94003495
DIA,2,0.05640690,0.94359310
DIA,2,0.07321689,0.92678311
DIA,2,0.12060175,0.87939825
DIA,2,0.30973593,0.69026407
DIA,2,0.13018083,0.86981917
DIA,2,0.05654311,0.94345689
DIA,2,0.11458388,0.88541612
DIA,2,0.19943861,0.80056139
DIA,2,0.07707050,0.92292950
DIA,2,0.07951391,0.92048609
DIA,2,0.05699030,0.94300970
DIA,2,0.05706832,0.94293168
DIA,2,0.13092809,0.86907191
DIA,2,0.06100689,0.93899311
DIA,2,0.20863310,0.79136690
DIA,2,0.05743980,0.94256020
DIA,2,0.05665414,0.94334586
DIA,2,0.07872353,0.92127647
DIA,2,0.05610511,0.94389489
DIA,2,0.05657952,0.94342048
DIA,2,0.10846708,0.89153292
DIA,2,0.06295770,0.93704230
DIA,2,0.05624810,0.94375190
DIA,2,0.06104876,0.93895124
DIA,2,0.06039349,0.93960651
DIA,2,0.13215186,0.86784814
DIA,2,0.06668200,0.93331800
DIA,2,0.70264164,0.29735836
DIA,2,0.06791666,0.93208334
DIA,2,0.06138199,0.93861801
DIA,2,0.05741616,0.94258384
DIA,2,0.06238213,0.93761787
DIA,2,0.07128026,0.92871974
DIA,2,0.12349883,0.87650117
DIA,2,0.07246825,0.92753175
DIA,2,0.31864875,0.68135125
DIA,2,0.06205651,0.93794349
DIA,2,0.79017744,0.20982256
DIA,2,0.42089568,0.57910432
DIA,2,0.07203551,0.92796449
DIA,2,0.12726477,0.87273523
DIA,2,0.12673654,0.87326346
DIA,2,0.09669815,0.90330185
DIA,2,0.65443995,0.34556005
DIA,2,0.59941614,0.40058386
DIA,2,0.06515217,0.93484783
DIA,2,0.15061451,0.84938549
DIA,2,0.97215521,0.02784479
DIA,2,0.06657705,0.93342295
DIA,2,0.05617312,0.94382688
DIA,2,0.31848018,0.68151982
DIA,2,0.23948238,0.76051762
DIA,2,0.05840988,0.94159012
DIA,2,0.45364016,0.54635984
DIA,2,0.06655320,0.93344680
DIA,2,0.05797634,0.94202366
DIA,2,0.13531522,0.86468478
DIA,2,0.05643923,0.94356077
DIA,2,0.13322747,0.86677253
DIA,2,0.06125172,0.93874828
DIA,2,0.73531348,0.26468652
DIA,2,0.39417731,0.60582269
DIA,2,0.05838583,0.94161417
DIA,2,0.09895843,0.90104157
DIA,2,0.08659679,0.91340321
DIA,2,0.12206340,0.87793660
DIA,2,0.06155295,0.93844705
DIA,2,0.50065457,0.49934543
DIA,2,0.05618260,0.94381740
DIA,2,0.21977877,0.78022123
DIA,2,0.05610412,0.94389588
DIA,2,0.11702508,0.88297492
DIA,2,0.05810876,0.94189124
DIA,2,0.05962506,0.94037494
DIA,2,0.89335396,0.10664604
DIA,2,0.08686290,0.91313710
DIA,2,0.06040124,0.93959876
DIA,2,0.06197653,0.93802347
DIA,2,0.06395009,0.93604991
DIA,2,0.05658690,0.94341310
DIA,2,0.08448958,0.91551042
DIA,2,0.06041722,0.93958278
DIA,2,0.05656852,0.94343148
DIA,2,0.21466130,0.78533870
DIA,2,0.05742284,0.94257716
DIA,2,0.07329530,0.92670470
DIA,2,0.05609592,0.94390408
DIA,2,0.07821431,0.92178569
DIA,2,0.05657699,0.94342301
DIA,2,0.09645361,0.90354639
DIA,2,0.07010701,0.92989299
DIA,2,0.06816712,0.93183288
DIA,2,0.06898083,0.93101917
DIA,2,0.08399029,0.91600971
DIA,2,0.07259102,0.92740898
DIA,2,0.05767364,0.94232636
DIA,2,0.05615821,0.94384179
DIA,2,0.95638281,0.04361719
DIA,2,0.05664727,0.94335273
DIA,2,0.09475678,0.90524322
DIA,2,0.05624589,0.94375411
DIA,2,0.05612287,0.94387713
DIA,2,0.11567864,0.88432136
DIA,2,0.07023227,0.92976773
DIA,2,0.06937527,0.93062473
DIA,2,0.11045980,0.88954020
DIA,2,0.92697888,0.07302112
DIA,2,0.05610637,0.94389363
DIA,2,0.06218084,0.93781916
DIA,2,0.09518335,0.90481665
DIA,2,0.94104484,0.05895516
DIA,2,0.06670967,0.93329033
DIA,2,0.40453524,0.59546476
DIA,2,0.07165080,0.92834920
DIA,2,0.87008632,0.12991368
DIA,2,0.06251303,0.93748697
DIA,2,0.11346788,0.88653212
DIA,2,0.06482535,0.93517465
DIA,2,0.34578048,0.65421952
DIA,2,0.05914252,0.94085748
DIA,2,0.33026660,0.66973340
DIA,2,0.18519620,0.81480380
DIA,2,0.41141908,0.58858092
DIA,2,0.28558979,0.71441021
DIA,2,0.95254577,0.04745423
DIA,2,0.06253104,0.93746896
DIA,2,0.06622687,0.93377313
DIA,2,0.06315962,0.93684038
DIA,2,0.06972013,0.93027987
DIA,2,0.24220381,0.75779619
DIA,2,0.23527453,0.76472547
DIA,2,0.05705645,0.94294355
DIA,2,0.08582209,0.91417791
DIA,2,0.69602466,0.30397534
DIA,2,0.05681408,0.94318592
DIA,2,0.06172977,0.93827023
DIA,2,0.19267020,0.80732980
DIA,2,0.23452125,0.76547875
DIA,2,0.06301367,0.93698633
DIA,2,0.05708597,0.94291403
DIA,2,0.05947144,0.94052856
DIA,2,0.30566878,0.69433122
DIA,2,0.09876667,0.90123333
DIA,2,0.05632614,0.94367386
DIA,2,0.24088067,0.75911933
DIA,2,0.05631137,0.94368863
DIA,2,0.08678011,0.91321989
DIA,2,0.41896289,0.58103711
DIA,2,0.05616555,0.94383445
DIA,2,0.59689141,0.40310859
DIA,2,0.05620640,0.94379360
DIA,2,0.50526001,0.49473999
DIA,2,0.11940557,0.88059443
DIA,2,0.12191089,0.87808911
DIA,2,0.50867847,0.49132153
DIA,2,0.16145215,0.83854785
DIA,2,0.67733945,0.32266055
DIA,2,0.06605211,0.93394789
DIA,2,0.91594707,0.08405293
DIA,2,0.08155717,0.91844283
DIA,2,0.13970728,0.86029272
DIA,2,0.86268926,0.13731074
DIA,2,0.13483695,0.86516305
DIA,2,0.20045537,0.79954463
DIA,2,0.20063683,0.79936317
DIA,2,0.10284664,0.89715336
DIA,2,0.05859525,0.94140475
DIA,2,0.34586477,0.65413523
DIA,2,0.09935199,0.90064801
DIA,2,0.09050492,0.90949508
DIA,2,0.99179869,0.00820131
DIA,2,0.08883593,0.91116407
DIA,2,0.06135190,0.93864810
DIA,2,0.06802238,0.93197762
DIA,2,0.06474002,0.93525998
DIA,2,0.14367239,0.85632761
DIA,2,0.28671649,0.71328351
DIA,2,0.18898043,0.81101957
DIA,2,0.06161472,0.93838528
DIA,2,0.05660809,0.94339191
DIA,2,0.08344842,0.91655158
DIA,2,0.13804390,0.86195610
DIA,2,0.08078222,0.91921778
DIA,2,0.31741771,0.68258229
DIA,2,0.12510663,0.87489337
DIA,2,0.05706253,0.94293747
DIA,2,0.10118223,0.89881777
DIA,2,0.94291760,0.05708240
DIA,2,0.05934988,0.94065012
DIA,2,0.06250167,0.93749833
DIA,2,0.06033206,0.93966794
DIA,2,0.41739796,0.58260204
DIA,2,0.21820631,0.78179369
DIA,2,0.22976989,0.77023011
DIA,2,0.99862254,0.00137746
DIA,2,0.05651378,0.94348622
DIA,2,0.05914809,0.94085191
DIA,2,0.32351195,0.67648805
DIA,2,0.05618169,0.94381831
DIA,2,0.99914591,0.00085409
DIA,2,0.69855454,0.30144546
DIA,2,0.57095965,0.42904035
DIA,2,0.37726295,0.62273705
DIA,2,0.05609667,0.94390333
DIA,2,0.10238280,0.89761720
DIA,2,0.12761674,0.87238326
DIA,2,0.08950614,0.91049386
DIA,2,0.06079628,0.93920372
DIA,2,0.99579682,0.00420318
DIA,2,0.05655043,0.94344957
DIA,2,0.05658944,0.94341056
DIA,2,0.05673239,0.94326761
DIA,2,0.05610326,0.94389674
DIA,2,0.05971153,0.94028847
DIA,2,0.06410310,0.93589690
DIA,2,0.06363746,0.93636254
DIA,2,0.63430848,0.36569152
DIA,2,0.06197491,0.93802509
DIA,2,0.06674251,0.93325749
DIA,2,0.68868373,0.31131627
DIA,2,0.05749847,0.94250153
DIA,2,0.45971255,0.54028745
DIA,2,0.05617339,0.94382661
DIA,2,0.09554315,0.90445685
DIA,2,0.05936121,0.94063879
DIA,2,0.08144045,0.91855955
DIA,2,0.06304264,0.93695736
DIA,2,0.05682263,0.94317737
DIA,2,0.06080684,0.93919316
DIA,2,0.05670060,0.94329940
DIA,2,0.25692766,0.74307234
DIA,2,0.06754719,0.93245281
DIA,2,0.07768578,0.92231422
DIA,2,0.06131422,0.93868578
DIA,2,0.30918906,0.69081094
DIA,2,0.05954066,0.94045934
DIA,2,0.10523713,0.89476287
DIA,2,0.10962707,0.89037293
DIA,2,0.05911183,0.94088817
DIA,2,0.06734652,0.93265348
DIA,2,0.08832353,0.91167647
DIA,2,0.05610516,0.94389484
DIA,2,0.06056010,0.93943990
DIA,2,0.28316530,0.71683470
DIA,2,0.54939976,0.45060024
DIA,2,0.05619157,0.94380843
DIA,2,0.14936563,0.85063437
DIA,2,0.06577446,0.93422554
DIA,2,0.06382406,0.93617594
DIA,2,0.06530536,0.93469464
DIA,2,0.05613134,0.94386866
DIA,2,0.13335613,0.86664387
DIA,2,0.10355785,0.89644215
DIA,2,0.05731387,0.94268613
DIA,2,0.39342356,0.60657644
DIA,2,0.99173490,0.00826510
DIA,2,0.06057882,0.93942118
DIA,2,0.05676946,0.94323054
DIA,2,0.38023555,0.61976445
DIA,2,0.06130787,0.93869213
DIA,2,0.22782181,0.77217819
DIA,2,0.05786807,0.94213193
DIA,2,0.10601118,0.89398882
DIA,2,0.15203193,0.84796807
DIA,2,0.05774950,0.94225050
DIA,2,0.47656221,0.52343779
DIA,2,0.05713914,0.94286086
DIA,2,0.06003069,0.93996931
DIA,2,0.05610321,0.94389679
DIA,2,0.99315464,0.00684536
DIA,2,0.16028681,0.83971319
DIA,2,0.05618888,0.94381112
DIA,2,0.05977572,0.94022428
DIA,2,0.25235129,0.74764871
DIA,2,0.06955861,0.93044139
DIA,2,0.06557102,0.93442898
DIA,2,0.19456293,0.80543707
DIA,2,0.60854278,0.39145722
DIA,2,0.07124159,0.92875841
DIA,2,0.13668437,0.86331563
DIA,2,0.06823845,0.93176155
DIA,2,0.10043566,0.89956434
DIA,2,0.88225613,0.11774387
DIA,2,0.64076495,0.35923505
DIA,2,0.07302583,0.92697417
DIA,2,0.05821985,0.94178015
DIA,2,0.15025304,0.84974696
DIA,2,0.06179163,0.93820837
DIA,2,0.88980291,0.11019709
DIA,2,0.05610392,0.94389608
DIA,2,0.70208148,0.29791852
DIA,2,0.75566302,0.24433698
DIA,2,0.47140020,0.52859980
DIA,2,0.36385293,0.63614707
DIA,2,0.07417084,0.92582916
DIA,2,0.06390642,0.93609358
DIA,2,0.98088216,0.01911784
DIA,2,0.07294790,0.92705210
DIA,2,0.55079013,0.44920987
DIA,2,0.89476842,0.10523158
DIA,2,0.07561143,0.92438857
DIA,2,0.15265352,0.84734648
DIA,2,0.12703471,0.87296529
DIA,2,0.07680607,0.92319393
DIA,2,0.06500661,0.93499339
DIA,2,0.28947546,0.71052454
DIA,2,0.18448781,0.81551219
DIA,2,0.06862578,0.93137422
DIA,2,0.05724321,0.94275679
DIA,2,0.40792098,0.59207902
DIA,2,0.58456757,0.41543243
DIA,2,0.05625918,0.94374082
DIA,2,0.09160267,0.90839733
DIA,2,0.53416133,0.46583867
DIA,2,0.20031558,0.79968442
DIA,2,0.06185642,0.93814358
DIA,2,0.05671830,0.94328170
DIA,2,0.99096702,0.00903298
DIA,2,0.05617729,0.94382271
DIA,2,0.93271651,0.06728349
DIA,2,0.79532958,0.20467042
DIA,2,0.05692589,0.94307411
DIA,2,0.26482552,0.73517448
DIA,2,0.05610775,0.94389225
DIA,2,0.99999920,0.00000080
DIA,2,0.10618124,0.89381876
DIA,2,0.99997583,0.00002417
DIA,2,0.99907446,0.00092554
DIA,2,0.99961426,0.00038574
DIA,2,0.99240974,0.00759026
DIA,2,0.42509147,0.57490853
DIA,2,0.06306114,0.93693886
DIA,2,0.44685118,0.55314882
DIA,2,0.17413232,0.82586768
DIA,2,1.00000000,0.00000000
DIA,2,0.99996376,0.00003624
DIA,2,0.05776507,0.94223493
DIA,2,0.99763992,0.00236008
DIA,2,0.44769817,0.55230183
DIA,2,0.99986237,0.00013763
DIA,2,1.00000000,0.00000000
DIA,2,0.89309292,0.10690708
DIA,2,1.00000000,0.00000000
DIA,2,0.71196272,0.28803728
DIA,2,1.00000000,0.00000000
DIA,2,0.05617447,0.94382553
DIA,2,1.00000000,0.00000000
DIA,2,0.99993856,0.00006144
DIA,2,0.12838777,0.87161223
DIA,2,0.99999855,0.00000145
DIA,2,0.73385855,0.26614145
DIA,2,1.00000000,0.00000000
DIA,2,0.28383575,0.71616425
DIA,2,0.99928006,0.00071994
DIA,2,0.96846404,0.03153596
DIA,2,1.00000000,0.00000000
DIA,2,0.05612429,0.94387571
DIA,2,0.63182034,0.36817966
DIA,2,0.41185911,0.58814089
DIA,2,0.05632511,0.94367489
DIA,2,0.99671135,0.00328865
DIA,2,0.99999996,0.00000004
DIA,2,1.00000000,0.00000000
DIA,2,0.87375058,0.12624942
DIA,2,0.07348051,0.92651949
DIA,2,0.67523463,0.32476537
DIA,2,0.99999998,0.00000002
DIA,2,1.00000000,0.00000000
DIA,2,0.99853959,0.00146041
DIA,2,0.98929494,0.01070506
DIA,2,0.32352872,0.67647128
DIA,2,0.99999999,0.00000001
DIA,2,1.00000000,0.00000000
DIA,2,1.00000000,0.00000000
DIA,2,1.00000000,0.00000000
DIA,2,0.09387580,0.90612420
DIA,2,0.98430317,0.01569683
DIA,2,0.23085583,0.76914417
DIA,2,1.00000000,0.00000000
DIA,2,0.93996896,0.06003104
DIA,2,0.82031298,0.17968702
DIA,2,0.85968392,0.14031608
DIA,2,0.97837473,0.02162527
DIA,2,0.99971149,0.00028851
DIA,2,0.90260755,0.09739245
DIA,2,0.07251532,0.92748468
DIA,2,0.76190953,0.23809047
DIA,2,0.07176918,0.92823082
DIA,2,0.08136742,0.91863258
DIA,2,0.99997712,0.00002288
DIA,2,0.09006664,0.90993336
DIA,2,0.94166819,0.05833181
DIA,2,0.06844979,0.93155021
DIA,2,0.08344406,0.91655594
DIA,2,0.17407187,0.82592813
DIA,2,0.06717976,0.93282024
DIA,2,0.07413759,0.92586241
DIA,2,0.06092809,0.93907191
DIA,2,0.70645670,0.29354330
DIA,2,0.23584603,0.76415397
DIA,2,0.99001896,0.00998104
DIA,2,0.07931132,0.92068868
DIA,2,0.07525513,0.92474487
DIA,2,0.96051715,0.03948285
DIA,2,0.07009970,0.92990030
DIA,2,0.37639165,0.62360835
DIA,2,0.32972316,0.67027684
DIA,2,0.06432766,0.93567234
DIA,2,0.99034897,0.00965103
DIA,2,0.05648499,0.94351501
DIA,2,0.09671422,0.90328578
DIA,2,0.99997281,0.00002719
DIA,2,0.99428779,0.00571221
DIA,2,0.12012149,0.87987851
DIA,2,0.07871266,0.92128734
DIA,2,0.06468962,0.93531038
DIA,2,0.08722710,0.91277290
DIA,2,0.90548816,0.09451184
DIA,2,0.92382600,0.07617400
DIA,2,0.66119200,0.33880800
DIA,2,0.11184656,0.88815344
DIA,2,0.39242464,0.60757536
DIA,2,0.21902024,0.78097976
DIA,2,0.16388529,0.83611471
DIA,2,0.97061408,0.02938592
DIA,2,0.05654184,0.94345816
DIA,2,0.99999984,0.00000016
DIA,2,0.05893065,0.94106935
DIA,2,0.05614317,0.94385683
DIA,2,0.12847112,0.87152888
DIA,2,0.99995639,0.00004361
DIA,2,0.05954025,0.94045975
DIA,2,0.16035800,0.83964200
DIA,2,0.25129892,0.74870108
DIA,2,0.99955049,0.00044951
DIA,2,0.98892971,0.01107029
DIA,2,0.09451471,0.90548529
DIA,2,0.19916662,0.80083338
DIA,2,0.44199838,0.55800162
DIA,2,0.99999881,0.00000119
DIA,2,0.10490451,0.89509549
DIA,2,0.73281506,0.26718494
DIA,2,0.99996751,0.00003249
DIA,2,0.05707007,0.94292993
DIA,2,0.15564863,0.84435137
DIA,2,1.00000000,0.00000000
DIA,2,0.06903531,0.93096469
DIA,2,0.99879254,0.00120746
DIA,2,0.12423953,0.87576047
DIA,2,0.05615079,0.94384921
DIA,2,0.88810872,0.11189128
DIA,2,0.23896074,0.76103926
DIA,2,0.12878775,0.87121225
DIA,2,0.43391391,0.56608609
DIA,2,1.00000000,0.00000000
DIA,2,0.11249828,0.88750172
DIA,2,0.12704229,0.87295771
DIA,2,0.83597485,0.16402515
DIA,2,0.39560931,0.60439069
DIA,2,0.99920379,0.00079621
DIA,2,0.10053460,0.89946540
DIA,2,0.67729218,0.32270782
DIA,2,0.98473396,0.01526604
DIA,2,0.08343763,0.91656237
DIA,2,0.06709225,0.93290775
DIA,2,0.87468602,0.12531398
DIA,2,0.06407916,0.93592084
DIA,2,0.99509778,0.00490222
DIA,2,0.05626901,0.94373099
DIA,2,0.42414398,0.57585602
DIA,2,0.17142333,0.82857667
DIA,2,0.19237729,0.80762271
DIA,2,0.05736785,0.94263215
DIA,2,0.99965353,0.00034647
DIA,2,0.19944419,0.80055581
DIA,2,0.10575320,0.89424680
DIA,2,0.09188501,0.90811499
DIA,2,0.30597783,0.69402217
DIA,2,0.06884364,0.93115636
DIA,2,0.05711914,0.94288086
DIA,2,0.67303738,0.32696262
DIA,2,0.05618199,0.94381801
DIA,2,0.06928947,0.93071053
DIA,2,0.94431492,0.05568508
DIA,2,0.05611368,0.94388632
DIA,2,0.15895367,0.84104633
DIA,2,0.14125819,0.85874181
DIA,2,0.49205270,0.50794730
DIA,2,0.37470879,0.62529121
DIA,2,0.06541125,0.93458875
DIA,2,0.72780070,0.27219930
DIA,2,0.06267590,0.93732410
DIA,2,0.08251357,0.91748643
DIA,2,0.96716160,0.03283840
DIA,2,0.05666514,0.94333486
DIA,2,0.07786629,0.92213371
DIA,2,0.33174966,0.66825034
DIA,2,0.06032819,0.93967181
DIA,2,0.83710252,0.16289748
DIA,2,0.51876575,0.48123425
DIA,2,0.13293996,0.86706004
DIA,2,0.17521407,0.82478593
DIA,2,0.95297333,0.04702667
DIA,2,0.06486024,0.93513976
DIA,2,0.08487682,0.91512318
DIA,2,0.09133418,0.90866582
DIA,2,0.05819944,0.94180056
DIA,2,0.05612908,0.94387092
DIA,2,0.05610568,0.94389432
DIA,2,0.05951126,0.94048874
DIA,2,0.06141179,0.93858821
DIA,2,0.06176325,0.93823675
DIA,2,0.70840189,0.29159811
DIA,2,0.24323378,0.75676622
DIA,2,0.05771043,0.94228957
DIA,2,0.07982899,0.92017101
DIA,2,0.05683068,0.94316932
DIA,2,0.86917899,0.13082101
DIA,2,0.06304431,0.93695569
DIA,2,0.05996426,0.94003574
DIA,2,0.64226603,0.35773397
DIA,2,0.05851928,0.94148072
DIA,2,0.12638393,0.87361607
DIA,2,0.10139893,0.89860107
DIA,2,0.07358644,0.92641356
DIA,2,0.94087547,0.05912453
DIA,2,0.06052857,0.93947143
DIA,2,0.54700764,0.45299236
DIA,2,0.05611465,0.94388535
DIA,2,0.05632845,0.94367155
DIA,2,0.06533780,0.93466220
DIA,2,0.76847644,0.23152356
DIA,2,0.06898189,0.93101811
DIA,2,0.99219937,0.00780063
DIA,2,0.21099321,0.78900679
DIA,2,0.06600119,0.93399881
DIA,2,0.16689314,0.83310686
DIA,2,0.09854231,0.90145769
DIA,2,0.06094525,0.93905475
DIA,2,0.66392704,0.33607296
DIA,2,0.06496251,0.93503749
DIA,2,0.05768147,0.94231853
DIA,2,0.05668267,0.94331733
DIA,2,0.06006256,0.93993744
DIA,2,0.10313403,0.89686597
DIA,2,0.05917706,0.94082294
DIA,2,0.18031857,0.81968143
DIA,2,0.06623689,0.93376311
DIA,2,0.06318221,0.93681779
DIA,2,0.06018311,0.93981689
DIA,2,0.16284007,0.83715993
DIA,2,0.05872891,0.94127109
DIA,2,0.13171096,0.86828904
DIA,2,0.16459017,0.83540983
DIA,2,0.06783016,0.93216984
DIA,2,0.09019118,0.90980882
DIA,2,0.67930516,0.32069484
DIA,2,0.08481685,0.91518315
DIA,2,0.08491300,0.91508700
DIA,2,0.09315920,0.90684080
DIA,2,0.40168390,0.59831610
DIA,2,0.05737811,0.94262189
DIA,2,0.06067001,0.93932999
DIA,2,0.05631085,0.94368915
DIA,2,0.06317230,0.93682770
DIA,2,0.06165142,0.93834858
DIA,2,0.06993354,0.93006646
DIA,2,0.62774756,0.37225244
DIA,2,0.06722362,0.93277638
DIA,2,0.07840261,0.92159739
DIA,2,0.13549692,0.86450308
DIA,2,0.07972026,0.92027974
DIA,2,0.07221021,0.92778979
DIA,2,0.10108055,0.89891945
DIA,2,0.05723370,0.94276630
DIA,2,0.05793086,0.94206914
DIA,2,0.07432409,0.92567591
DIA,2,0.15255386,0.84744614
DIA,2,0.05610174,0.94389826
DIA,2,0.06214571,0.93785429
DIA,2,0.06316267,0.93683733
DIA,2,0.06730863,0.93269137
DIA,2,0.09015471,0.90984529
DIA,2,0.06756330,0.93243670
DIA,2,0.06658048,0.93341952
DIA,2,0.17425890,0.82574110
DIA,2,0.06266635,0.93733365
DIA,2,0.06158627,0.93841373
DIA,2,0.71873824,0.28126176
DIA,2,0.06352298,0.93647702
DIA,2,0.15141449,0.84858551
DIA,2,0.25430182,0.74569818
DIA,2,0.05622008,0.94377992
DIA,2,0.07565018,0.92434982
DIA,2,0.09676501,0.90323499
DIA,2,0.05952086,0.94047914
DIA,2,0.05685851,0.94314149
DIA,2,0.24853531,0.75146469
DIA,2,0.07323995,0.92676005
DIA,2,0.07610883,0.92389117
DIA,2,0.10427691,0.89572309
DIA,2,0.06451338,0.93548662
DIA,2,0.11307646,0.88692354
DIA,2,0.17459247,0.82540753
DIA,2,0.11590258,0.88409742
DIA,2,0.14761345,0.85238655
DIA,2,0.05624097,0.94375903
DIA,2,0.16404979,0.83595021
DIA,2,0.55819838,0.44180162
DIA,2,0.85995984,0.14004016
DIA,2,0.07258942,0.92741058
DIA,2,0.05667282,0.94332718
DIA,2,0.05998977,0.94001023
DIA,2,0.67916716,0.32083284
DIA,2,0.06145567,0.93854433
DIA,2,0.63433576,0.36566424
DIA,2,0.06203895,0.93796105
DIA,2,0.06548653,0.93451347
DIA,2,0.10108031,0.89891969
DIA,2,0.07672785,0.92327215
DIA,2,0.22127236,0.77872764
DIA,2,0.06351437,0.93648563
DIA,2,0.05639310,0.94360690
DIA,2,0.10558899,0.89441101
DIA,2,0.05809677,0.94190323
DIA,2,0.18231343,0.81768657
DIA,2,0.05625399,0.94374601
DIA,2,0.05961803,0.94038197
DIA,2,0.25718375,0.74281625
DIA,2,0.05816698,0.94183302
DIA,2,0.17563703,0.82436297
DIA,2,0.05638069,0.94361931
DIA,2,0.09676154,0.90323846
DIA,2,0.05709828,0.94290172
DIA,2,0.05613402,0.94386598
DIA,2,0.12034033,0.87965967
DIA,2,0.06399976,0.93600024
DIA,2,0.08201795,0.91798205
DIA,2,0.08029327,0.91970673
DIA,2,0.06114296,0.93885704
DIA,2,0.06538048,0.93461952
DIA,2,0.05698807,0.94301193
DIA,2,0.18926175,0.81073825
DIA,2,0.05648938,0.94351062
DIA,2,0.09583026,0.90416974
DIA,2,0.07107069,0.92892931
DIA,2,0.05622481,0.94377519
DIA,2,0.06870397,0.93129603
DIA,2,0.06009928,0.93990072
DIA,2,0.05609699,0.94390301
DIA,2,0.05613023,0.94386977
DIA,2,0.14910531,0.85089469
DIA,2,0.22567258,0.77432742
DIA,2,0.05609920,0.94390080
DIA,2,0.05609764,0.94390236
DIA,2,0.06056896,0.93943104
DIA,2,0.05686553,0.94313447
DIA,2,0.06511958,0.93488042
DIA,2,0.06042638,0.93957362
DIA,2,0.06672964,0.93327036
DIA,2,0.06071846,0.93928154
DIA,2,0.10710472,0.89289528
DIA,2,0.12057109,0.87942891
DIA,2,0.12986338,0.87013662
DIA,2,0.71042230,0.28957770
DIA,2,0.80889596,0.19110404
DIA,2,0.05625997,0.94374003
DIA,2,0.05609740,0.94390260
DIA,2,0.06380130,0.93619870
DIA,2,0.13928356,0.86071644
DIA,2,0.07537284,0.92462716
DIA,2,0.14394535,0.85605465
DIA,2,0.15822899,0.84177101
DIA,2,0.05731694,0.94268306
DIA,2,0.95433503,0.04566497
DIA,2,0.05669320,0.94330680
DIA,2,0.12541001,0.87458999
DIA,2,0.23788674,0.76211326
DIA,2,0.05636288,0.94363712
DIA,2,0.12497197,0.87502803
DIA,2,0.06198799,0.93801201
DIA,2,0.34594690,0.65405310
DIA,2,0.06965051,0.93034949
DIA,2,0.09609347,0.90390653
DIA,2,0.05718262,0.94281738
DIA,2,0.05744638,0.94255362
DIA,2,0.11787987,0.88212013
DIA,2,0.09234726,0.90765274
DIA,2,0.06518290,0.93481710
DIA,2,0.05609586,0.94390414
DIA,2,0.08736798,0.91263202
DIA,2,0.05639837,0.94360163
DIA,2,0.05642584,0.94357416
DIA,2,0.06548647,0.93451353
DIA,2,0.16258438,0.83741562
DIA,2,0.05614689,0.94385311
DIA,2,0.05654869,0.94345131
DIA,2,0.05615594,0.94384406
DIA,2,0.06440788,0.93559212
DIA,2,0.05715917,0.94284083
DIA,2,0.05743232,0.94256768
DIA,2,0.06448656,0.93551344
DIA,2,0.06697675,0.93302325
DIA,2,0.06604316,0.93395684
DIA,2,0.06046050,0.93953950
DIA,2,0.06271702,0.93728298
DIA,2,0.11639681,0.88360319
DIA,2,0.06376979,0.93623021
DIA,2,0.05609790,0.94390210
DIA,2,0.05643570,0.94356430
DIA,2,0.06452476,0.93547524
DIA,2,0.05696079,0.94303921
DIA,2,0.06597215,0.93402785
DIA,2,0.07459076,0.92540924
DIA,2,0.06690241,0.93309759
DIA,2,0.05609606,0.94390394
DIA,2,0.07882487,0.92117513
DIA,2,0.05817274,0.94182726
DIA,2,0.07865307,0.92134693
DIA,2,0.05684798,0.94315202
DIA,2,0.05682081,0.94317919
DIA,2,0.11052911,0.88947089
DIA,2,0.05934884,0.94065116
DIA,2,0.14311320,0.85688680
DIA,2,0.07209704,0.92790296
DIA,2,0.05960329,0.94039671
DIA,2,0.05644345,0.94355655
DIA,2,0.05644988,0.94355012
DIA,2,0.07638155,0.92361845
DIA,2,0.05624313,0.94375687
DIA,2,0.55194629,0.44805371
DIA,2,0.06091400,0.93908600
DIA,2,0.14730722,0.85269278
DIA,2,0.20715677,0.79284323
DIA,2,0.15629325,0.84370675
DIA,2,0.56272130,0.43727870
DIA,2,0.08321465,0.91678535
DIA,2,0.99768184,0.00231816
DIA,2,0.33098246,0.66901754
DIA,2,0.99980388,0.00019612
DIA,2,0.05613202,0.94386798
DIA,2,0.20873761,0.79126239
DIA,2,0.10932033,0.89067967
DIA,2,0.33268696,0.66731304
DIA,2,0.05631876,0.94368124
DIA,2,0.13493577,0.86506423
DIA,2,0.08388237,0.91611763
DIA,2,0.99981255,0.00018745
DIA,2,0.10900631,0.89099369
DIA,2,0.15016505,0.84983495
DIA,2,0.06102363,0.93897637
DIA,2,0.08265613,0.91734387
DIA,2,0.96860833,0.03139167
DIA,2,0.11407550,0.88592450
DIA,2,0.16703372,0.83296628
DIA,2,0.71563184,0.28436816
DIA,2,0.05862662,0.94137338
DIA,2,0.99631465,0.00368535
DIA,2,0.24338528,0.75661472
DIA,2,0.15103083,0.84896917
DIA,2,0.06037941,0.93962059
DIA,2,0.95818113,0.04181887
DIA,2,0.07411696,0.92588304
DIA,2,0.05731971,0.94268029
DIA,2,0.66217481,0.33782519
DIA,2,0.05815373,0.94184627
DIA,2,0.05867876,0.94132124
DIA,2,0.05747978,0.94252022
DIA,2,0.05628499,0.94371501
DIA,2,0.24787619,0.75212381
DIA,2,0.05630987,0.94369013
DIA,2,0.23828332,0.76171668
DIA,2,0.05796382,0.94203618
DIA,2,0.05625020,0.94374980
DIA,2,0.95744859,0.04255141
DIA,2,0.16284683,0.83715317
DIA,2,0.06835156,0.93164844
DIA,2,0.06852817,0.93147183
DIA,2,0.07078832,0.92921168
DIA,2,0.97726822,0.02273178
DIA,2,0.24056132,0.75943868
DIA,2,0.07991628,0.92008372
DIA,2,0.05837142,0.94162858
DIA,2,0.24714518,0.75285482
DIA,2,0.05712090,0.94287910
DIA,2,0.05630086,0.94369914
DIA,2,0.92949037,0.07050963
DIA,2,0.06163330,0.93836670
DIA,2,0.09001918,0.90998082
DIA,2,0.12180069,0.87819931
DIA,2,0.52613281,0.47386719
DIA,2,0.14962311,0.85037689
DIA,2,0.12710169,0.87289831
DIA,2,0.05778341,0.94221659
DIA,2,0.06233183,0.93766817
DIA,2,0.06085396,0.93914604
DIA,2,0.05615141,0.94384859
DIA,2,0.59270507,0.40729493
DIA,2,0.05777384,0.94222616
DIA,2,0.06288374,0.93711626
DIA,2,0.05610862,0.94389138
DIA,2,0.05795664,0.94204336
DIA,2,0.06376062,0.93623938
DIA,2,0.06682855,0.93317145
DIA,2,0.93096386,0.06903614
DIA,2,0.08889952,0.91110048
DIA,2,0.05804313,0.94195687
DIA,2,0.05612188,0.94387812
DIA,2,0.11957185,0.88042815
DIA,2,0.05745122,0.94254878
DIA,2,0.22484304,0.77515696
DIA,2,0.07973404,0.92026596
DIA,2,0.06475579,0.93524421
DIA,2,0.21295209,0.78704791
DIA,2,0.05642187,0.94357813
DIA,2,0.08390246,0.91609754
DIA,2,0.31495679,0.68504321
DIA,2,0.18118365,0.81881635
DIA,2,0.05627912,0.94372088
DIA,2,0.91590099,0.08409901
DIA,2,0.08150630,0.91849370
DIA,2,0.18359506,0.81640494
DIA,2,0.10813858,0.89186142
DIA,2,0.06210042,0.93789958
DIA,2,0.06037820,0.93962180
DIA,2,0.06690674,0.93309326
DIA,2,0.09277243,0.90722757
DIA,2,0.05656796,0.94343204
DIA,2,0.06449168,0.93550832
DIA,2,0.05876482,0.94123518
DIA,2,0.05695568,0.94304432
DIA,2,0.21979522,0.78020478
DIA,2,0.05753857,0.94246143
DIA,2,0.05780016,0.94219984
DIA,2,0.08485618,0.91514382
DIA,2,0.44616742,0.55383258
DIA,2,0.05998976,0.94001024
DIA,2,0.06306872,0.93693128
DIA,2,0.05745914,0.94254086
DIA,2,0.06579201,0.93420799
DIA,2,0.06165720,0.93834280
DIA,2,0.08126733,0.91873267
DIA,2,0.40682811,0.59317189
DIA,2,0.06186780,0.93813220
DIA,2,0.05717713,0.94282287
DIA,2,0.06874182,0.93125818
DIA,2,0.05636378,0.94363622
DIA,2,0.05648405,0.94351595
DIA,2,0.08099384,0.91900616
DIA,2,0.05617473,0.94382527
DIA,2,0.05982368,0.94017632
DIA,2,0.08213968,0.91786032
DIA,2,0.24351319,0.75648681
DIA,2,0.12816340,0.87183660
DIA,2,0.06528628,0.93471372
DIA,2,0.05650970,0.94349030
DIA,2,0.05941308,0.94058692
DIA,2,0.05631978,0.94368022
DIA,2,0.06285606,0.93714394
DIA,2,0.05698943,0.94301057
DIA,2,0.05613971,0.94386029
DIA,2,0.05624497,0.94375503
DIA,2,0.07263250,0.92736750
DIA,2,0.05968789,0.94031211
DIA,2,0.58361922,0.41638078
DIA,2,0.05865858,0.94134142
DIA,2,0.06070728,0.93929272
DIA,2,0.07112865,0.92887135
DIA,2,0.05619343,0.94380657
DIA,2,0.07729441,0.92270559
DIA,2,0.09837166,0.90162834
DIA,2,0.05610955,0.94389045
DIA,2,0.32787904,0.67212096
DIA,2,0.05944789,0.94055211
DIA,2,0.30087156,0.69912844
DIA,2,0.06096098,0.93903902
DIA,2,0.05798760,0.94201240
DIA,2,0.19236258,0.80763742
DIA,2,0.17793769,0.82206231
DIA,2,0.08580893,0.91419107
DIA,2,0.06454580,0.93545420
DIA,2,0.06562847,0.93437153
DIA,2,0.76767694,0.23232306
DIA,2,0.14460941,0.85539059
DIA,2,0.05889378,0.94110622
DIA,2,0.05723290,0.94276710
DIA,2,0.05616920,0.94383080
DIA,2,0.05667506,0.94332494
DIA,2,0.05610175,0.94389825
DIA,2,0.06173816,0.93826184
DIA,2,0.05766847,0.94233153
DIA,2,0.06480984,0.93519016
DIA,2,0.05685932,0.94314068
DIA,2,0.06169255,0.93830745
DIA,2,0.05614620,0.94385380
DIA,2,0.05678308,0.94321692
DIA,2,0.06646371,0.93353629
DIA,2,0.05929187,0.94070813
DIA,2,0.05695331,0.94304669
DIA,2,0.05708052,0.94291948
DIA,2,0.05728331,0.94271669
DIA,2,0.05652900,0.94347100
DIA,2,0.05681842,0.94318158
DIA,2,0.05623409,0.94376591
DIA,2,0.09228931,0.90771069
DIA,2,0.05867524,0.94132476
DIA,2,0.05974925,0.94025075
DIA,2,0.05779776,0.94220224
DIA,2,0.05806582,0.94193418
DIA,2,0.06122202,0.93877798
DIA,2,0.05933820,0.94066180
DIA,2,0.08508930,0.91491070
DIA,2,0.05698016,0.94301984
DIA,2,0.06584892,0.93415108
DIA,2,0.06637685,0.93362315
DIA,2,0.05632036,0.94367964
DIA,2,0.05613455,0.94386545
DIA,2,0.06397822,0.93602178
DIA,2,0.11031966,0.88968034
DIA,2,0.05619208,0.94380792
DIA,2,0.05628949,0.94371051
DIA,2,0.05617372,0.94382628
DIA,2,0.22665617,0.77334383
DIA,2,0.06610823,0.93389177
DIA,2,0.18820241,0.81179759
DIA,2,0.05669206,0.94330794
DIA,2,0.05736320,0.94263680
DIA,2,0.05914731,0.94085269
DIA,2,0.07355981,0.92644019
DIA,2,0.07636882,0.92363118
DIA,2,0.05656178,0.94343822
DIA,2,0.05639032,0.94360968
DIA,2,0.06174047,0.93825953
DIA,2,0.05610195,0.94389805
DIA,2,0.06143799,0.93856201
DIA,2,0.06673903,0.93326097
DIA,2,0.05973679,0.94026321
DIA,2,0.07482130,0.92517870
DIA,2,0.23065454,0.76934546
DIA,2,0.11906319,0.88093681
DIA,2,0.06275689,0.93724311
DIA,2,0.06735868,0.93264132
DIA,2,0.09477028,0.90522972
DIA,2,0.20019945,0.79980055
DIA,2,0.05616879,0.94383121
DIA,2,0.31672133,0.68327867
DIA,2,0.07361026,0.92638974
DIA,2,0.08323987,0.91676013
DIA,2,0.11408991,0.88591009
DIA,2,0.05633084,0.94366916
DIA,2,0.52882604,0.47117396
DIA,2,0.06144082,0.93855918
DIA,2,0.06293887,0.93706113
DIA,2,0.16015556,0.83984444
DIA,2,0.73326347,0.26673653
DIA,2,0.16550875,0.83449125
DIA,2,0.09407064,0.90592936
DIA,2,0.29950415,0.70049585
DIA,2,0.05612660,0.94387340
DIA,2,0.07065471,0.92934529
DIA,2,0.08559632,0.91440368
DIA,2,0.06641537,0.93358463
DIA,2,0.05711583,0.94288417
DIA,2,0.07743910,0.92256090
DIA,2,0.07654782,0.92345218
DIA,2,0.05791237,0.94208763
DIA,2,0.06520019,0.93479981
DIA,2,0.05836440,0.94163560
DIA,2,0.05614620,0.94385380
DIA,2,0.05913149,0.94086851
DIA,2,0.05669831,0.94330169
DIA,2,0.05885835,0.94114165
DIA,2,0.05610101,0.94389899
DIA,2,0.11153373,0.88846627
DIA,2,0.05610968,0.94389032
DIA,2,0.05672945,0.94327055
DIA,2,0.06652719,0.93347281
DIA,2,0.13970238,0.86029762
DIA,2,0.06510640,0.93489360
DIA,2,0.30307121,0.69692879
DIA,2,0.07049519,0.92950481
DIA,2,0.05743748,0.94256252
DIA,2,0.10431150,0.89568850
DIA,2,0.09503481,0.90496519
DIA,2,0.07616013,0.92383987
DIA,2,0.06413443,0.93586557
DIA,2,0.05609712,0.94390288
DIA,2,0.05609584,0.94390416
DIA,2,0.07818771,0.92181229
DIA,2,0.15141424,0.84858576
DIA,2,0.06142705,0.93857295
DIA,2,0.06342434,0.93657566
DIA,2,0.07573331,0.92426669
DIA,2,0.11548350,0.88451650
DIA,2,0.06498638,0.93501362
DIA,2,0.08622861,0.91377139
DIA,2,0.06523701,0.93476299
DIA,2,0.07273442,0.92726558
DIA,2,0.07392303,0.92607697
DIA,2,0.06395149,0.93604851
DIA,2,0.08285890,0.91714110
DIA,2,0.14115948,0.85884052
DIA,2,0.05984251,0.94015749
DIA,2,0.05998580,0.94001420
DIA,2,0.05645631,0.94354369
DIA,2,0.06066620,0.93933380
DIA,2,0.12854135,0.87145865
DIA,2,0.73851915,0.26148085
DIA,2,0.06930854,0.93069146
DIA,2,0.09430152,0.90569848
DIA,2,0.07213127,0.92786873
DIA,2,0.05786569,0.94213431
DIA,2,0.05776523,0.94223477
DIA,2,0.07463726,0.92536274
DIA,2,0.22232386,0.77767614
DIA,2,0.05661242,0.94338758
DIA,2,0.12378532,0.87621468
DIA,2,0.23304975,0.76695025
DIA,2,0.06414258,0.93585742
DIA,2,0.06355616,0.93644384
DIA,2,0.07844124,0.92155876
DIA,2,0.11186075,0.88813925
DIA,2,0.07315461,0.92684539
DIA,2,0.07072556,0.92927444
DIA,2,0.11974659,0.88025341
DIA,2,0.09484697,0.90515303
DIA,2,0.18388197,0.81611803
DIA,2,0.08110834,0.91889166
DIA,2,0.18896816,0.81103184
DIA,2,0.25089060,0.74910940
DIA,2,0.05609861,0.94390139
DIA,2,0.06503877,0.93496123
DIA,2,0.08869752,0.91130248
DIA,2,0.06473836,0.93526164
DIA,2,0.17520433,0.82479567
DIA,2,0.07210070,0.92789930
DIA,2,0.06072891,0.93927109
DIA,2,0.06379875,0.93620125
DIA,2,0.06032436,0.93967564
DIA,2,0.08462382,0.91537618
DIA,2,0.30447284,0.69552716
DIA,2,0.05609980,0.94390020
DIA,2,0.16163180,0.83836820
DIA,2,0.05869425,0.94130575
DIA,2,0.08411157,0.91588843
DIA,2,0.09000371,0.90999629
DIA,2,0.36635435,0.63364565
DIA,2,0.07688428,0.92311572
DIA,2,0.09559539,0.90440461
DIA,2,0.05713530,0.94286470
DIA,2,0.77645969,0.22354031
DIA,2,0.05630494,0.94369506
DIA,2,0.99999776,0.00000224
DIA,2,0.05740534,0.94259466
DIA,2,1.00000000,0.00000000
DIA,2,0.99896556,0.00103444
DIA,2,0.99999820,0.00000180
DIA,2,0.99923508,0.00076492
DIA,2,0.24648724,0.75351276
DIA,2,0.59369401,0.40630599
DIA,2,0.06902016,0.93097984
DIA,2,0.05610930,0.94389070
DIA,2,0.99983603,0.00016397
DIA,2,0.53192922,0.46807078
DIA,2,0.05807246,0.94192754
DIA,2,0.98727966,0.01272034
DIA,2,0.28454555,0.71545445
DIA,2,0.23639914,0.76360086
DIA,2,0.13361231,0.86638769
DIA,2,0.83863016,0.16136984
DIA,2,0.06210177,0.93789823
DIA,2,0.06688794,0.93311206
DIA,2,0.11928872,0.88071128
DIA,2,0.82975104,0.17024896
DIA,2,0.13544010,0.86455990
DIA,2,0.85804126,0.14195874
DIA,2,0.09699838,0.90300162
DIA,2,0.97545272,0.02454728
DIA,2,0.06357282,0.93642718
DIA,2,0.06582347,0.93417653
DIA,2,0.19072815,0.80927185
DIA,2,0.42341519,0.57658481
DIA,2,0.09108182,0.90891818
DIA,2,0.10228203,0.89771797
DIA,2,0.05610043,0.94389957
DIA,2,0.91518894,0.08481106
DIA,2,0.99987259,0.00012741
DIA,2,0.05623534,0.94376466
DIA,2,0.91901085,0.08098915
DIA,2,0.28762087,0.71237913
DIA,2,0.28029561,0.71970439
DIA,2,0.15204661,0.84795339
DIA,2,0.67277428,0.32722572
DIA,2,0.93231512,0.06768488
DIA,2,0.17203018,0.82796982
DIA,2,0.20104738,0.79895262
DIA,2,0.43314888,0.56685112
DIA,2,0.05618589,0.94381411
DIA,2,0.98477257,0.01522743
DIA,2,0.05647035,0.94352965
DIA,2,0.10135652,0.89864348
DIA,2,0.05963259,0.94036741
DIA,2,0.23388023,0.76611977
DIA,2,0.63880041,0.36119959
DIA,2,0.22625081,0.77374919
DIA,2,0.06799377,0.93200623
DIA,2,0.05938531,0.94061469
DIA,2,0.82961932,0.17038068
DIA,2,0.13262321,0.86737679
DIA,2,0.37776120,0.62223880
DIA,2,0.17232901,0.82767099
DIA,2,0.98607258,0.01392742
DIA,2,0.06413477,0.93586523
DIA,2,0.80397306,0.19602694
DIA,2,0.96057910,0.03942090
DIA,2,0.19601849,0.80398151
DIA,2,0.51384832,0.48615168
DIA,2,0.06224272,0.93775728
DIA,2,0.07889170,0.92110830
DIA,2,0.10347623,0.89652377
DIA,2,0.99597009,0.00402991
DIA,2,0.08060852,0.91939148
DIA,2,0.78653495,0.21346505
DIA,2,0.06512128,0.93487872
DIA,2,0.05646282,0.94353718
DIA,2,0.31487660,0.68512340
DIA,2,0.18296896,0.81703104
DIA,2,0.05675135,0.94324865
DIA,2,0.70214794,0.29785206
DIA,2,0.07686606,0.92313394
DIA,2,0.70208569,0.29791431
DIA,2,0.06351732,0.93648268
DIA,2,0.92389365,0.07610635
DIA,2,0.06766802,0.93233198
DIA,2,0.99999023,0.00000977
DIA,2,0.05680933,0.94319067
DIA,2,0.05611774,0.94388226
DIA,2,0.07760357,0.92239643
DIA,2,0.06726031,0.93273969
DIA,2,0.06410307,0.93589693
DIA,2,0.33489934,0.66510066
DIA,2,0.23318930,0.76681070
DIA,2,0.16807718,0.83192282
DIA,2,0.07875910,0.92124090
DIA,2,0.15033598,0.84966402
DIA,2,0.05992799,0.94007201
DIA,2,0.05610105,0.94389895
DIA,2,0.09712873,0.90287127
DIA,2,0.96875311,0.03124689
DIA,2,0.05926590,0.94073410
DIA,2,0.06872884,0.93127116
DIA,2,0.13002608,0.86997392
DIA,2,0.05626280,0.94373720
DIA,2,0.14926421,0.85073579
DIA,2,0.12205086,0.87794914
DIA,2,0.06683210,0.93316790
DIA,2,0.23582948,0.76417052
DIA,2,0.05986031,0.94013969
DIA,2,0.05609856,0.94390144
DIA,2,0.06569820,0.93430180
DIA,2,0.05840193,0.94159807
DIA,2,0.07289915,0.92710085
DIA,2,0.05624492,0.94375508
DIA,2,0.05728772,0.94271228
DIA,2,0.06270140,0.93729860
DIA,2,0.06558871,0.93441129
DIA,2,0.09285220,0.90714780
DIA,2,0.06433149,0.93566851
DIA,2,0.09045364,0.90954636
DIA,2,0.05613305,0.94386695
DIA,2,0.05931109,0.94068891
DIA,2,0.07627280,0.92372720
DIA,2,0.05691240,0.94308760
DIA,2,0.07399246,0.92600754
DIA,2,0.05654368,0.94345632
DIA,2,0.05735341,0.94264659
DIA,2,0.07728848,0.92271152
DIA,2,0.05614289,0.94385711
DIA,2,0.16818939,0.83181061
DIA,2,0.05614161,0.94385839
DIA,2,0.05879817,0.94120183
DIA,2,0.05628441,0.94371559
DIA,2,0.05622391,0.94377609
DIA,2,0.08087576,0.91912424
DIA,2,0.06858023,0.93141977
DIA,2,0.05637147,0.94362853
DIA,2,0.08686046,0.91313954
DIA,2,0.10327983,0.89672017
DIA,2,0.06484371,0.93515629
DIA,2,0.05710037,0.94289963
DIA,2,0.05783976,0.94216024
DIA,2,0.06128637,0.93871363
DIA,2,0.05610658,0.94389342
DIA,2,0.05610228,0.94389772
DIA,2,0.05753774,0.94246226
DIA,2,0.06325255,0.93674745
DIA,2,0.05759300,0.94240700
DIA,2,0.05609625,0.94390375
DIA,2,0.05668034,0.94331966
DIA,2,0.32426366,0.67573634
DIA,2,0.06707276,0.93292724
DIA,2,0.07391792,0.92608208
DIA,2,0.05713896,0.94286104
DIA,2,0.06015604,0.93984396
DIA,2,0.38536634,0.61463366
DIA,2,0.05914864,0.94085136
DIA,2,0.06578079,0.93421921
DIA,2,0.05668200,0.94331800
DIA,2,0.05615461,0.94384539
DIA,2,0.06900747,0.93099253
DIA,2,0.06308450,0.93691550
DIA,2,0.07599172,0.92400828
DIA,2,0.05815621,0.94184379
DIA,2,0.17529537,0.82470463
DIA,2,0.05848378,0.94151622
DIA,2,0.07209415,0.92790585
DIA,2,0.05657552,0.94342448
DIA,2,0.06882420,0.93117580
DIA,2,0.06504286,0.93495714
DIA,2,0.06598344,0.93401656
DIA,2,0.11755545,0.88244455
DIA,2,0.05768605,0.94231395
DIA,2,0.12165582,0.87834418
DIA,2,0.42417095,0.57582905
DIA,2,0.07170420,0.92829580
DIA,2,0.25687630,0.74312370
DIA,2,0.11031138,0.88968862
DIA,2,0.06655876,0.93344124
DIA,2,0.29347871,0.70652129
DIA,2,0.06861836,0.93138164
DIA,2,0.07269543,0.92730457
DIA,2,0.06597182,0.93402818
DIA,2,0.08584611,0.91415389
DIA,2,0.06853262,0.93146738
DIA,2,0.08442219,0.91557781
DIA,2,0.10692191,0.89307809
DIA,2,0.05889063,0.94110937
DIA,2,0.05650140,0.94349860
DIA,2,0.06736519,0.93263481
DIA,2,0.05616666,0.94383334
DIA,2,0.06677268,0.93322732
DIA,2,0.20001300,0.79998700
DIA,2,0.06114829,0.93885171
DIA,2,0.07456887,0.92543113
DIA,2,0.09160746,0.90839254
DIA,2,0.05648010,0.94351990
DIA,2,0.05901084,0.94098916
DIA,2,0.11987676,0.88012324
DIA,2,0.07274376,0.92725624
DIA,2,0.06032598,0.93967402
DIA,2,0.18257719,0.81742281
DIA,2,0.08096923,0.91903077
DIA,2,0.12606768,0.87393232
DIA,2,0.05634631,0.94365369
DIA,2,0.05622463,0.94377537
DIA,2,0.05921572,0.94078428
DIA,2,0.07254530,0.92745470
DIA,2,0.11202714,0.88797286
DIA,2,0.16392113,0.83607887
DIA,2,0.06068140,0.93931860
DIA,2,0.79948300,0.20051700
DIA,2,0.06089036,0.93910964
DIA,2,0.05799291,0.94200709
DIA,2,0.85124555,0.14875445
DIA,2,0.07162023,0.92837977
DIA,2,0.08889018,0.91110982
DIA,2,0.13524646,0.86475354
DIA,2,0.16480764,0.83519236
DIA,2,0.06861954,0.93138046
DIA,2,0.15915884,0.84084116
DIA,2,0.12067991,0.87932009
DIA,2,0.05677321,0.94322679
DIA,2,0.08442564,0.91557436
DIA,2,0.05616419,0.94383581
DIA,2,0.60238628,0.39761372
DIA,2,0.06240836,0.93759164
DIA,2,0.12934714,0.87065286
DIA,2,0.05730292,0.94269708
DIA,2,0.08676148,0.91323852
DIA,2,0.05690723,0.94309277
DIA,2,0.73768822,0.26231178
DIA,2,0.05663832,0.94336168
DIA,2,0.07109997,0.92890003
DIA,2,0.06066292,0.93933708
DIA,2,0.11879920,0.88120080
DIA,2,0.06212570,0.93787430
DIA,2,0.07987489,0.92012511
DIA,2,0.06509031,0.93490969
DIA,2,0.05961008,0.94038992
DIA,2,0.32126757,0.67873243
DIA,2,0.05909802,0.94090198
DIA,2,0.07279139,0.92720861
DIA,2,0.09757597,0.90242403
DIA,2,0.06116060,0.93883940
DIA,2,0.10593971,0.89406029
DIA,2,0.09957559,0.90042441
DIA,2,0.10198403,0.89801597
DIA,2,0.06337174,0.93662826
DIA,2,0.38797162,0.61202838
DIA,2,0.31812139,0.68187861
DIA,2,0.05651947,0.94348053
DIA,2,0.06777796,0.93222204
DIA,2,0.05990298,0.94009702
DIA,2,0.08856468,0.91143532
DIA,2,0.33502987,0.66497013
DIA,2,0.06015130,0.93984870
DIA,2,0.06357516,0.93642484
DIA,2,0.05641409,0.94358591
DIA,2,0.05634110,0.94365890
DIA,2,0.06066273,0.93933727
DIA,2,0.05924793,0.94075207
DIA,2,0.05609630,0.94390370
DIA,2,0.05622402,0.94377598
DIA,2,0.07697239,0.92302761
DIA,2,0.05870759,0.94129241
DIA,2,0.05610136,0.94389864
DIA,2,0.06891327,0.93108673
DIA,2,0.05950680,0.94049320
DIA,2,0.10352498,0.89647502
DIA,2,0.08123235,0.91876765
DIA,2,0.05769909,0.94230091
DIA,2,0.05762429,0.94237571
DIA,2,0.05611447,0.94388553
DIA,2,0.09312668,0.90687332
DIA,2,0.07567174,0.92432826
DIA,2,0.06214460,0.93785540
DIA,2,0.05622320,0.94377680
DIA,2,0.50927412,0.49072588
DIA,2,0.05917346,0.94082654
DIA,2,0.06292100,0.93707900
DIA,2,0.06739663,0.93260337
DIA,2,0.05670138,0.94329862
DIA,2,0.29675845,0.70324155
DIA,2,0.06914232,0.93085768
DIA,2,0.05921902,0.94078098
DIA,2,0.05625707,0.94374293
DIA,2,0.05657943,0.94342057
DIA,2,0.05705384,0.94294616
DIA,2,0.05669585,0.94330415
DIA,2,0.05725045,0.94274955
DIA,2,0.08755149,0.91244851
DIA,2,0.06308133,0.93691867
DIA,2,0.06866926,0.93133074
DIA,2,0.06068851,0.93931149
DIA,2,0.07076912,0.92923088
DIA,2,0.05777915,0.94222085
DIA,2,0.05631552,0.94368448
DIA,2,0.07428840,0.92571160
DIA,2,0.06028790,0.93971210
DIA,2,0.05742829,0.94257171
DIA,2,0.09483990,0.90516010
DIA,2,0.12376970,0.87623030
DIA,2,0.05820364,0.94179636
DIA,2,0.05609794,0.94390206
DIA,2,0.08297070,0.91702930
DIA,2,0.11994770,0.88005230
DIA,2,0.05668632,0.94331368
DIA,2,0.05623401,0.94376599
DIA,2,0.29128126,0.70871874
DIA,2,0.05660167,0.94339833
DIA,2,0.49016440,0.50983560
DIA,2,0.06146311,0.93853689
DIA,2,0.05761242,0.94238758
DIA,2,0.05617811,0.94382189
DIA,2,0.05637425,0.94362575
DIA,2,0.12414392,0.87585608
DIA,2,0.11496719,0.88503281
DIA,2,0.05625431,0.94374569
DIA,2,0.12331373,0.87668627
DIA,2,0.82667834,0.17332166
DIA,2,0.14749127,0.85250873
DIA,2,0.05618689,0.94381311
DIA,2,0.05609581,0.94390419
DIA,2,0.06610525,0.93389475
DIA,2,0.27497306,0.72502694
DIA,2,0.06159874,0.93840126
DIA,2,0.06157474,0.93842526
DIA,2,0.36865679,0.63134321
DIA,2,0.05634802,0.94365198
DIA,2,0.06247273,0.93752727
DIA,2,0.21671037,0.78328963
DIA,2,0.05814485,0.94185515
DIA,2,0.08320371,0.91679629
DIA,2,0.08833703,0.91166297
DIA,2,0.06168551,0.93831449
DIA,2,0.05621403,0.94378597
DIA,2,0.06602553,0.93397447
DIA,2,0.05701292,0.94298708
DIA,2,0.07596230,0.92403770
DIA,2,0.06185476,0.93814524
DIA,2,0.07710028,0.92289972
DIA,2,0.05726219,0.94273781
DIA,2,0.07428233,0.92571767
DIA,2,0.05612578,0.94387422
DIA,2,0.07190863,0.92809137
DIA,2,0.06066731,0.93933269
DIA,2,0.08522499,0.91477501
DIA,2,0.10830594,0.89169406
DIA,2,0.07941863,0.92058137
DIA,2,0.06306185,0.93693815
DIA,2,0.10045072,0.89954928
DIA,2,0.06649635,0.93350365
DIA,2,0.05819960,0.94180040
DIA,2,0.05714823,0.94285177
DIA,2,0.17021543,0.82978457
DIA,2,0.15634148,0.84365852
DIA,2,0.88504998,0.11495002
DIA,2,0.05614263,0.94385737
DIA,2,0.06055189,0.93944811
DIA,2,0.06177799,0.93822201
DIA,2,0.06543292,0.93456708
DIA,2,0.06461338,0.93538662
DIA,2,0.07676935,0.92323065
DIA,2,0.05747683,0.94252317
DIA,2,0.05709054,0.94290946
DIA,2,0.05815241,0.94184759
DIA,2,0.05719701,0.94280299
DIA,2,0.07478470,0.92521530
DIA,2,0.06539447,0.93460553
DIA,2,0.06748904,0.93251096
DIA,2,0.06943581,0.93056419
DIA,2,0.06249003,0.93750997
DIA,2,0.07007643,0.92992357
DIA,2,0.05624948,0.94375052
DIA,2,0.06870797,0.93129203
DIA,2,0.05943634,0.94056366
DIA,2,0.06291093,0.93708907
DIA,2,0.12670756,0.87329244
DIA,2,0.09631210,0.90368790
DIA,2,0.07656449,0.92343551
DIA,2,0.05662588,0.94337412
DIA,2,0.06014591,0.93985409
DIA,2,0.06088961,0.93911039
DIA,2,0.05679950,0.94320050
DIA,2,0.06092381,0.93907619
DIA,2,0.05840128,0.94159872
DIA,2,0.05644260,0.94355740
DIA,2,0.05622440,0.94377560
DIA,2,0.06309606,0.93690394
DIA,2,0.08549007,0.91450993
DIA,2,0.06352611,0.93647389
DIA,2,0.09516586,0.90483414
DIA,2,0.26846850,0.73153150
DIA,2,0.08256277,0.91743723
DIA,2,0.20014493,0.79985507
DIA,2,0.05618671,0.94381329
DIA,2,0.05861192,0.94138808
DIA,2,0.05990222,0.94009778
DIA,2,0.10511210,0.89488790
DIA,2,0.06238206,0.93761794
DIA,2,0.05903912,0.94096088
DIA,2,0.06750506,0.93249494
DIA,2,0.06298558,0.93701442
DIA,2,0.05619527,0.94380473
DIA,2,0.05615781,0.94384219
DIA,2,0.07278397,0.92721603
DIA,2,0.05677904,0.94322096
DIA,2,0.06526902,0.93473098
DIA,2,0.05609944,0.94390056
DIA,2,0.06303541,0.93696459
DIA,2,0.07348467,0.92651533
DIA,2,0.07235322,0.92764678
DIA,2,0.06320519,0.93679481
DIA,2,0.08485838,0.91514162
DIA,2,0.05732397,0.94267603
DIA,2,0.06138722,0.93861278
DIA,2,0.05609976,0.94390024
DIA,2,0.07447526,0.92552474
DIA,2,0.08296000,0.91704000
DIA,2,0.06072374,0.93927626
DIA,2,0.05885544,0.94114456
DIA,2,0.06036586,0.93963414
DIA,2,0.06501150,0.93498850
DIA,2,0.10478611,0.89521389
DIA,2,0.06781992,0.93218008
DIA,2,0.05614704,0.94385296
DIA,2,0.46458366,0.53541634
DIA,2,0.10737888,0.89262112
DIA,2,0.09759697,0.90240303
DIA,2,0.07655368,0.92344632
DIA,2,0.05612403,0.94387597
DIA,2,0.05696724,0.94303276
DIA,2,0.12858546,0.87141454
DIA,2,0.05801777,0.94198223
DIA,2,0.05699053,0.94300947
DIA,2,0.05647864,0.94352136
DIA,2,0.08399056,0.91600944
DIA,2,0.05788213,0.94211787
DIA,2,0.10779623,0.89220377
DIA,2,0.09227692,0.90772308
DIA,2,0.12421161,0.87578839
DIA,2,0.05618233,0.94381767
DIA,2,0.07261798,0.92738202
DIA,2,0.06244504,0.93755496
DIA,2,0.05675280,0.94324720
DIA,2,0.05835023,0.94164977
DIA,2,0.05719404,0.94280596
DIA,2,0.09154395,0.90845605
DIA,2,0.06622112,0.93377888
DIA,2,0.05878957,0.94121043
DIA,2,0.08822550,0.91177450
DIA,2,0.05625089,0.94374911
DIA,2,0.06104396,0.93895604
DIA,2,0.06783449,0.93216551
DIA,2,0.05678932,0.94321068
DIA,2,0.05620227,0.94379773
DIA,2,0.08141197,0.91858803
DIA,2,0.07666225,0.92333775
DIA,2,0.05641143,0.94358857
DIA,2,0.21459788,0.78540212
DIA,2,0.09135828,0.90864172
DIA,2,0.06463340,0.93536660
DIA,2,0.26549990,0.73450010
DIA,2,0.06410840,0.93589160
DIA,2,0.23552712,0.76447288
DIA,2,0.05620443,0.94379557
DIA,2,0.08857996,0.91142004
DIA,2,0.10444344,0.89555656
DIA,2,0.14525232,0.85474768
DIA,2,0.07414466,0.92585534
DIA,2,0.07900197,0.92099803
DIA,2,0.11371807,0.88628193
DIA,2,0.18620729,0.81379271
DIA,2,0.90396760,0.09603240
DIA,2,0.05640079,0.94359921
DIA,2,0.10754425,0.89245575
DIA,2,0.07449385,0.92550615
DIA,2,0.13155076,0.86844924
DIA,2,0.09686343,0.90313657
DIA,2,0.08211771,0.91788229
DIA,2,0.06253054,0.93746946
DIA,2,0.05885312,0.94114688
DIA,2,0.06170467,0.93829533
DIA,2,0.12093213,0.87906787
DIA,2,0.07883842,0.92116158
DIA,2,0.07046160,0.92953840
DIA,2,0.05610706,0.94389294
DIA,2,0.13777868,0.86222132
DIA,2,0.05664665,0.94335335
DIA,2,0.05684640,0.94315360
DIA,2,0.05784614,0.94215386
DIA,2,0.05656518,0.94343482
DIA,2,0.06872953,0.93127047
DIA,2,0.05610052,0.94389948
DIA,2,0.05609944,0.94390056
DIA,2,0.05700137,0.94299863
DIA,2,0.05711451,0.94288549
DIA,2,0.05632563,0.94367437
DIA,2,0.05612937,0.94387063
DIA,2,0.05856249,0.94143751
DIA,2,0.05613084,0.94386916
DIA,2,0.05691292,0.94308708
DIA,2,0.09304366,0.90695634
DIA,2,0.05915605,0.94084395
DIA,2,0.05960590,0.94039410
DIA,2,0.07570429,0.92429571
DIA,2,0.06200118,0.93799882
DIA,2,0.05712623,0.94287377
DIA,2,0.06589071,0.93410929
DIA,2,0.05635094,0.94364906
DIA,2,0.05786246,0.94213754
DIA,2,0.08343015,0.91656985
DIA,2,0.29581961,0.70418039
DIA,2,0.06088150,0.93911850
DIA,2,0.06736625,0.93263375
DIA,2,0.05645159,0.94354841
DIA,2,0.08252317,0.91747683
DIA,2,0.06293470,0.93706530
DIA,2,0.06162755,0.93837245
DIA,2,0.06356985,0.93643015
DIA,2,0.15783754,0.84216246
DIA,2,0.05850633,0.94149367
DIA,2,0.05692701,0.94307299
DIA,2,0.05782163,0.94217837
DIA,2,0.05698888,0.94301112
DIA,2,0.07872881,0.92127119
DIA,2,0.05651320,0.94348680
DIA,2,0.05650466,0.94349534
DIA,2,0.10798771,0.89201229
DIA,2,0.10696591,0.89303409
DIA,2,0.11224982,0.88775018
DIA,2,0.05650414,0.94349586
DIA,2,0.06691882,0.93308118
DIA,2,0.09249309,0.90750691
DIA,2,0.05983378,0.94016622
DIA,2,0.11292476,0.88707524
DIA,2,0.05753405,0.94246595
DIA,2,0.16670195,0.83329805
DIA,2,0.06430434,0.93569566
DIA,2,0.06611490,0.93388510
DIA,2,0.06499843,0.93500157
DIA,2,0.06093754,0.93906246
DIA,2,0.06466174,0.93533826
DIA,2,0.10155898,0.89844102
DIA,2,0.06134350,0.93865650
DIA,2,0.06177039,0.93822961
DIA,2,0.10934696,0.89065304
DIA,2,0.06479570,0.93520430
DIA,2,0.09939787,0.90060213
DIA,2,0.14993186,0.85006814
DIA,2,0.05645483,0.94354517
DIA,2,0.74397884,0.25602116
DIA,2,0.10494350,0.89505650
DIA,2,0.06703533,0.93296467
DIA,2,0.09605099,0.90394901
DIA,2,0.18504653,0.81495347
DIA,2,0.05650190,0.94349810
DIA,2,0.05753884,0.94246116
DIA,2,0.05614463,0.94385537
DIA,2,0.06727878,0.93272122
DIA,2,0.06048548,0.93951452
DIA,2,0.07342929,0.92657071
DIA,2,0.06532705,0.93467295
DIA,2,0.05612006,0.94387994
DIA,2,0.08277868,0.91722132
DIA,2,0.06119453,0.93880547
DIA,2,0.06808383,0.93191617
DIA,2,0.06387049,0.93612951
DIA,2,0.05764904,0.94235096
DIA,2,0.05674105,0.94325895
DIA,2,0.09248887,0.90751113
DIA,2,0.10492719,0.89507281
DIA,2,0.11756529,0.88243471
DIA,2,0.05830190,0.94169810
DIA,2,0.05776871,0.94223129
DIA,2,0.06483468,0.93516532
DIA,2,0.06278028,0.93721972
DIA,2,0.07176050,0.92823950
DIA,2,0.05688044,0.94311956
DIA,2,0.05620016,0.94379984
DIA,2,0.06430481,0.93569519
DIA,2,0.07762743,0.92237257
DIA,2,0.06340122,0.93659878
DIA,2,0.05635077,0.94364923
DIA,2,0.05609717,0.94390283
DIA,2,0.05711999,0.94288001
DIA,2,0.05622949,0.94377051
DIA,2,0.06749512,0.93250488
DIA,2,0.07608842,0.92391158
DIA,2,0.05794994,0.94205006
DIA,2,0.06530438,0.93469562
DIA,2,0.16625654,0.83374346
DIA,2,0.05690303,0.94309697
DIA,2,0.06087360,0.93912640
DIA,2,0.09621551,0.90378449
DIA,2,0.08401479,0.91598521
DIA,2,0.05619241,0.94380759
DIA,2,0.09426477,0.90573523
DIA,2,0.05609886,0.94390114
DIA,2,0.47762699,0.52237301
DIA,2,0.05821483,0.94178517
DIA,2,0.05924419,0.94075581
DIA,2,0.06669325,0.93330675
DIA,2,0.06440726,0.93559274
DIA,2,0.08896408,0.91103592
DIA,2,0.05621474,0.94378526
DIA,2,0.05716901,0.94283099
DIA,2,0.06562242,0.93437758
DIA,2,0.08969637,0.91030363
DIA,2,0.05659527,0.94340473
DIA,2,0.05908478,0.94091522
DIA,2,0.07539633,0.92460367
DIA,2,0.06204461,0.93795539
DIA,2,0.05699597,0.94300403
DIA,2,0.05623200,0.94376800
DIA,2,0.13849940,0.86150060
DIA,2,0.07544365,0.92455635
DIA,2,0.08311339,0.91688661
DIA,2,0.06137602,0.93862398
DIA,2,0.05825137,0.94174863
DIA,2,0.05883104,0.94116896
DIA,2,0.05942697,0.94057303
DIA,2,0.13887732,0.86112268
DIA,2,0.67138384,0.32861616
DIA,2,0.06441620,0.93558380
DIA,2,0.07080542,0.92919458
DIA,2,0.15045046,0.84954954
DIA,2,0.07381363,0.92618637
DIA,2,0.10272120,0.89727880
DIA,2,0.74593830,0.25406170
DIA,2,0.06009207,0.93990793
DIA,2,0.05609741,0.94390259
DIA,2,0.16538365,0.83461635
DIA,2,0.15080006,0.84919994
DIA,2,0.05689887,0.94310113
DIA,2,0.16770630,0.83229370
DIA,2,0.05647685,0.94352315
DIA,2,0.06281060,0.93718940
DIA,2,0.09375984,0.90624016
DIA,2,0.05640379,0.94359621
DIA,2,0.07210026,0.92789974
DIA,2,0.06968618,0.93031382
DIA,2,0.05693723,0.94306277
DIA,2,0.07594387,0.92405613
DIA,2,0.05669517,0.94330483
DIA,2,0.05655029,0.94344971
DIA,2,0.06638355,0.93361645
DIA,2,0.06130581,0.93869419
DIA,2,0.10676430,0.89323570
DIA,2,0.20025997,0.79974003
DIA,2,0.05656193,0.94343807
DIA,2,0.06197332,0.93802668
DIA,2,0.05821222,0.94178778
DIA,2,0.05771954,0.94228046
DIA,2,0.06465779,0.93534221
DIA,2,0.05655193,0.94344807
DIA,2,0.24264240,0.75735760
DIA,2,0.06293832,0.93706168
DIA,2,0.13895825,0.86104175
DIA,2,0.07673265,0.92326735
DIA,2,0.07804719,0.92195281
DIA,2,0.07480274,0.92519726
DIA,2,0.05671065,0.94328935
DIA,2,0.05743466,0.94256534
DIA,2,0.07056974,0.92943026
DIA,2,0.07144829,0.92855171
DIA,2,0.05636815,0.94363185
DIA,2,0.06197262,0.93802738
DIA,2,0.09734864,0.90265136
DIA,2,0.06921105,0.93078895
DIA,2,0.05964653,0.94035347
DIA,2,0.05610889,0.94389111
DIA,2,0.11411103,0.88588897
DIA,2,0.13887515,0.86112485
DIA,2,0.05611441,0.94388559
DIA,2,0.14138402,0.85861598
DIA,2,0.29860720,0.70139280
DIA,2,0.12376305,0.87623695
DIA,2,0.09563847,0.90436153
DIA,2,0.07578547,0.92421453
DIA,2,0.12612216,0.87387784
DIA,2,0.05610974,0.94389026
DIA,2,0.05865297,0.94134703
DIA,2,0.06410971,0.93589029
DIA,2,0.05618267,0.94381733
DIA,2,0.05609754,0.94390246
DIA,2,0.09763802,0.90236198
DIA,2,0.06616000,0.93384000
DIA,2,0.07198782,0.92801218
DIA,2,0.06066155,0.93933845
DIA,2,0.05662602,0.94337398
DIA,2,0.05984719,0.94015281
DIA,2,0.05640471,0.94359529
DIA,2,0.08908850,0.91091150
DIA,2,0.07757539,0.92242461
DIA,2,0.05899103,0.94100897
DIA,2,0.05807762,0.94192238
DIA,2,0.08082929,0.91917071
DIA,2,0.05744293,0.94255707
DIA,2,0.07394940,0.92605060
DIA,2,0.13056536,0.86943464
DIA,2,0.05764341,0.94235659
DIA,2,0.05704072,0.94295928
DIA,2,0.09441193,0.90558807
DIA,2,0.10323623,0.89676377
DIA,2,0.05695264,0.94304736
DIA,2,0.06296400,0.93703600
DIA,2,0.06548169,0.93451831
DIA,2,0.05824247,0.94175753
DIA,2,0.06246120,0.93753880
DIA,2,0.05698834,0.94301166
DIA,2,0.05732717,0.94267283
DIA,2,0.05666759,0.94333241
DIA,2,0.05637794,0.94362206
DIA,2,0.07365616,0.92634384
DIA,2,0.07208886,0.92791114
DIA,2,0.05713864,0.94286136
DIA,2,0.05612478,0.94387522
DIA,2,0.07418941,0.92581059
DIA,2,0.08194144,0.91805856
DIA,2,0.05776546,0.94223454
DIA,2,0.05621256,0.94378744
DIA,2,0.05731214,0.94268786
DIA,2,0.07371228,0.92628772
DIA,2,0.05690154,0.94309846
DIA,2,0.05720096,0.94279904
DIA,2,0.05618631,0.94381369
DIA,2,0.08261706,0.91738294
DIA,2,0.05855778,0.94144222
DIA,2,0.05655820,0.94344180
DIA,2,0.05611986,0.94388014
DIA,2,0.05704663,0.94295337
DIA,2,0.08669110,0.91330890
DIA,2,0.05755323,0.94244677
DIA,2,0.07085546,0.92914454
DIA,2,0.05812674,0.94187326
DIA,2,0.08294845,0.91705155
DIA,2,0.06385908,0.93614092
DIA,2,0.06265641,0.93734359
DIA,2,0.05690315,0.94309685
DIA,2,0.07922424,0.92077576
DIA,2,0.05640932,0.94359068
DIA,2,0.06587373,0.93412627
DIA,2,0.10500188,0.89499812
DIA,2,0.07734745,0.92265255
DIA,2,0.05833064,0.94166936
DIA,2,0.06130652,0.93869348
DIA,2,0.05681066,0.94318934
DIA,2,0.05613365,0.94386635
DIA,2,0.08394524,0.91605476
DIA,2,0.05631194,0.94368806
DIA,2,0.06369899,0.93630101
DIA,2,0.05828351,0.94171649
DIA,2,0.54611785,0.45388215
DIA,2,0.07260636,0.92739364
DIA,2,0.06448393,0.93551607
DIA,2,0.09251837,0.90748163
DIA,2,0.05610546,0.94389454
DIA,2,0.06563503,0.93436497
DIA,2,0.13654176,0.86345824
DIA,2,0.05768043,0.94231957
DIA,2,0.05620058,0.94379942
DIA,2,0.07053151,0.92946849
DIA,2,0.06410887,0.93589113
DIA,2,0.05943991,0.94056009
DIA,2,0.12363411,0.87636589
DIA,2,0.07175106,0.92824894
DIA,2,0.06312924,0.93687076
DIA,2,0.06286877,0.93713123
DIA,2,0.05778907,0.94221093
DIA,2,0.06453115,0.93546885
DIA,2,0.05806711,0.94193289
DIA,2,0.05656721,0.94343279
DIA,2,0.05867799,0.94132201
DIA,2,0.05645084,0.94354916
DIA,2,0.05739564,0.94260436
DIA,2,0.05619612,0.94380388
DIA,2,0.05618733,0.94381267
DIA,2,0.06318626,0.93681374
DIA,2,0.05671592,0.94328408
DIA,2,0.07296026,0.92703974
DIA,2,0.05948236,0.94051764
DIA,2,0.05644335,0.94355665
DIA,2,0.06239815,0.93760185
DIA,2,0.05838180,0.94161820
DIA,2,0.07479034,0.92520966
DIA,2,0.05775110,0.94224890
DIA,2,0.07731564,0.92268436
DIA,2,0.05685580,0.94314420
DIA,2,0.07504425,0.92495575
DIA,2,0.08470653,0.91529347
DIA,2,0.09650872,0.90349128
DIA,2,0.26203282,0.73796718
DIA,2,0.09796275,0.90203725
DIA,2,0.05729065,0.94270935
DIA,2,0.05762501,0.94237499
DIA,2,0.23856053,0.76143947
DIA,2,0.05692252,0.94307748
DIA,2,0.17181311,0.82818689
DIA,2,0.05609629,0.94390371
DIA,2,0.34337491,0.65662509
DIA,2,0.27362863,0.72637137
DIA,2,0.50398942,0.49601058
DIA,2,0.09809583,0.90190417
DIA,2,0.23566844,0.76433156
DIA,2,0.05705033,0.94294967
DIA,2,0.13269850,0.86730150
DIA,2,0.05865066,0.94134934
DIA,2,0.33254325,0.66745675
DIA,2,0.05889151,0.94110849
DIA,2,0.19721740,0.80278260
DIA,2,0.09382059,0.90617941
DIA,2,0.17143178,0.82856822
DIA,2,0.09960989,0.90039011
DIA,2,0.05692014,0.94307986
DIA,2,0.14227962,0.85772038
DIA,2,0.05648170,0.94351830
DIA,2,0.18599455,0.81400545
DIA,2,0.17240288,0.82759712
DIA,2,0.05619264,0.94380736
DIA,2,0.05644887,0.94355113
DIA,2,0.07307178,0.92692822
DIA,2,0.06545012,0.93454988
DIA,2,0.05700086,0.94299914
DIA,2,0.05856007,0.94143993
DIA,2,0.05612339,0.94387661
DIA,2,0.05610534,0.94389466
DIA,2,0.05842461,0.94157539
DIA,2,0.05639984,0.94360016
DIA,2,0.05628231,0.94371769
DIA,2,0.05850630,0.94149370
DIA,2,0.05609782,0.94390218
DIA,2,0.05763921,0.94236079
DIA,2,0.06956049,0.93043951
DIA,2,0.05641955,0.94358045
DIA,2,0.05610316,0.94389684
DIA,2,0.05631297,0.94368703
DIA,2,0.05609907,0.94390093
DIA,2,0.05984171,0.94015829
DIA,2,0.07099126,0.92900874
DIA,2,0.05848953,0.94151047
DIA,2,0.05622655,0.94377345
DIA,2,0.06077815,0.93922185
DIA,2,0.07186125,0.92813875
DIA,2,0.06123586,0.93876414
DIA,2,0.29556157,0.70443843
DIA,2,0.05855790,0.94144210
DIA,2,0.44639715,0.55360285
DIA,2,0.08425940,0.91574060
DIA,2,0.08182116,0.91817884
DIA,2,0.33988394,0.66011606
DIA,2,0.92192262,0.07807738
DIA,2,0.06156712,0.93843288
DIA,2,0.10068562,0.89931438
DIA,2,0.06475217,0.93524783
DIA,2,0.05626935,0.94373065
DIA,2,0.05687196,0.94312804
DIA,2,0.05634212,0.94365788
DIA,2,0.06053073,0.93946927
DIA,2,0.10640625,0.89359375
DIA,2,0.05610944,0.94389056
DIA,2,0.51463861,0.48536139
DIA,2,0.10368154,0.89631846
DIA,2,0.15168281,0.84831719
DIA,2,0.55428723,0.44571277
DIA,2,0.09223187,0.90776813
DIA,2,0.07569618,0.92430382
DIA,2,0.05784489,0.94215511
DIA,2,0.13389279,0.86610721
DIA,2,0.08166098,0.91833902
DIA,2,0.12753224,0.87246776
DIA,2,0.05663312,0.94336688
DIA,2,0.05833234,0.94166766
DIA,2,0.26832539,0.73167461
DIA,2,0.07970102,0.92029898
DIA,2,0.05613720,0.94386280
DIA,2,0.36463847,0.63536153
DIA,2,0.18286354,0.81713646
DIA,2,0.16553970,0.83446030
DIA,2,0.21036838,0.78963162
DIA,2,0.12212105,0.87787895
DIA,2,0.48853171,0.51146829
DIA,2,0.05753343,0.94246657
DIA,2,0.16139826,0.83860174
DIA,2,0.05869502,0.94130498
DIA,2,0.07160003,0.92839997
DIA,2,0.08533182,0.91466818
DIA,2,0.05612818,0.94387182
DIA,2,0.07485612,0.92514388
DIA,2,0.06047731,0.93952269
DIA,2,0.05749253,0.94250747
DIA,2,0.05641484,0.94358516
DIA,2,0.05894823,0.94105177
DIA,2,0.09557621,0.90442379
DIA,2,0.05625262,0.94374738
DIA,2,0.06792710,0.93207290
DIA,2,0.05679335,0.94320665
DIA,2,0.05619956,0.94380044
DIA,2,0.06579722,0.93420278
DIA,2,0.09361341,0.90638659
DIA,2,0.06337685,0.93662315
DIA,2,0.07575287,0.92424713
DIA,2,0.05731121,0.94268879
DIA,2,0.29116050,0.70883950
DIA,2,0.07745889,0.92254111
DIA,2,0.46332897,0.53667103
DIA,2,0.06041108,0.93958892
DIA,2,0.25107852,0.74892148
DIA,2,0.08157957,0.91842043
DIA,2,0.16548075,0.83451925
DIA,2,0.07481858,0.92518142
DIA,2,0.16431893,0.83568107
DIA,2,0.07062959,0.92937041
DIA,2,0.10122411,0.89877589
DIA,2,0.05610269,0.94389731
DIA,2,0.07307819,0.92692181
DIA,2,0.38124503,0.61875497
DIA,2,0.06209350,0.93790650
DIA,2,0.05745868,0.94254132
DIA,2,0.27152538,0.72847462
DIA,2,0.11899675,0.88100325
DIA,2,0.06974243,0.93025757
DIA,2,0.06106227,0.93893773
DIA,2,0.08083559,0.91916441
DIA,2,0.05612045,0.94387955
DIA,2,0.05707088,0.94292912
DIA,2,0.06091100,0.93908900
DIA,2,0.07237491,0.92762509
DIA,2,0.06358324,0.93641676
DIA,2,0.06000176,0.93999824
DIA,2,0.06547462,0.93452538
DIA,2,0.05609628,0.94390372
DIA,2,0.30510138,0.69489862
DIA,2,0.12569657,0.87430343
DIA,2,0.06269223,0.93730777
DIA,2,0.06578451,0.93421549
DIA,2,0.05713242,0.94286758
DIA,2,0.05681436,0.94318564
DIA,2,0.05831866,0.94168134
DIA,2,0.06273758,0.93726242
DIA,2,0.06273533,0.93726467
DIA,2,0.14325325,0.85674675
DIA,2,0.10867548,0.89132452
DIA,2,0.06137511,0.93862489
DIA,2,0.08816594,0.91183406
DIA,2,0.07064825,0.92935175
DIA,2,0.06427437,0.93572563
DIA,2,0.28297750,0.71702250
DIA,2,0.06175437,0.93824563
DIA,2,0.05872654,0.94127346
DIA,2,0.05625093,0.94374907
DIA,2,0.12887745,0.87112255
DIA,2,0.05782758,0.94217242
DIA,2,0.05712629,0.94287371
DIA,2,0.05641613,0.94358387
DIA,2,0.05697414,0.94302586
DIA,2,0.05610038,0.94389962
DIA,2,0.05998634,0.94001366
DIA,2,0.13322328,0.86677672
DIA,2,0.07300034,0.92699966
DIA,2,0.05706087,0.94293913
DIA,2,0.07804562,0.92195438
DIA,2,0.05664792,0.94335208
DIA,2,0.05700933,0.94299067
DIA,2,0.06146873,0.93853127
DIA,2,0.10650467,0.89349533
DIA,2,0.06317162,0.93682838
DIA,2,0.06759595,0.93240405
DIA,2,0.05621534,0.94378466
DIA,2,0.19983536,0.80016464
DIA,2,0.06087175,0.93912825
DIA,2,0.08769396,0.91230604
DIA,2,0.07898810,0.92101190
DIA,2,0.07303934,0.92696066
DIA,2,0.05837430,0.94162570
DIA,2,0.12158865,0.87841135
DIA,2,0.06658426,0.93341574
DIA,2,0.06963528,0.93036472
DIA,2,0.05754247,0.94245753
DIA,2,0.11500232,0.88499768
DIA,2,0.06820799,0.93179201
DIA,2,0.05960318,0.94039682
DIA,2,0.57274397,0.42725603
DIA,2,0.05613551,0.94386449
DIA,2,0.09070077,0.90929923
DIA,2,0.05646980,0.94353020
DIA,2,0.05949990,0.94050010
DIA,2,0.06829534,0.93170466
DIA,2,0.24618210,0.75381790
DIA,2,0.05629659,0.94370341
DIA,2,0.16693924,0.83306076
DIA,2,0.19766701,0.80233299
DIA,2,0.06917441,0.93082559
DIA,2,0.05610657,0.94389343
DIA,2,0.06295355,0.93704645
DIA,2,0.05715115,0.94284885
DIA,2,0.05626281,0.94373719
DIA,2,0.11911570,0.88088430
DIA,2,0.06625706,0.93374294
DIA,2,0.08176516,0.91823484
DIA,2,0.11595374,0.88404626
DIA,2,0.09220076,0.90779924
DIA,2,0.12307336,0.87692664
DIA,2,0.08861885,0.91138115
DIA,2,0.05612465,0.94387535
DIA,2,0.06070651,0.93929349
DIA,2,0.07056621,0.92943379
DIA,2,0.06052088,0.93947912
DIA,2,0.05637847,0.94362153
DIA,2,0.08129499,0.91870501
DIA,2,0.06082641,0.93917359
DIA,2,0.21418585,0.78581415
DIA,2,0.13846194,0.86153806
DIA,2,0.05654507,0.94345493
DIA,2,0.05614267,0.94385733
DIA,2,0.06345799,0.93654201
DIA,2,0.06428156,0.93571844
DIA,2,0.05724058,0.94275942
DIA,2,0.11086021,0.88913979
DIA,2,0.73584932,0.26415068
DIA,2,0.99832848,0.00167152
DIA,2,0.99993887,0.00006113
DIA,2,0.32731480,0.67268520
DIA,2,0.99985936,0.00014064
DIA,2,0.92901906,0.07098094
DIA,2,0.05665918,0.94334082
DIA,2,0.08160201,0.91839799
DIA,2,0.98649462,0.01350538
DIA,2,0.31233905,0.68766095
DIA,2,0.05990666,0.94009334
DIA,2,0.36837077,0.63162923
DIA,2,0.79765100,0.20234900
DIA,2,0.18126590,0.81873410
DIA,2,0.06174257,0.93825743
DIA,2,0.07882701,0.92117299
DIA,2,0.06095367,0.93904633
DIA,2,0.21312189,0.78687811
DIA,2,0.11172353,0.88827647
DIA,2,0.06076923,0.93923077
DIA,2,0.45190250,0.54809750
DIA,2,0.07537931,0.92462069
DIA,2,0.12494612,0.87505388
DIA,2,0.06349027,0.93650973
DIA,2,0.06853153,0.93146847
DIA,2,0.07819710,0.92180290
DIA,2,0.52053513,0.47946487
DIA,2,0.05690749,0.94309251
DIA,2,0.26565122,0.73434878
DIA,2,0.05617124,0.94382876
DIA,2,0.16758156,0.83241844
DIA,2,0.56009288,0.43990712
DIA,2,0.05848998,0.94151002
DIA,2,0.08450520,0.91549480
DIA,2,0.10038185,0.89961815
DIA,2,0.05922660,0.94077340
DIA,2,0.05996072,0.94003928
DIA,2,0.05934397,0.94065603
DIA,2,0.11076409,0.88923591
DIA,2,0.16230293,0.83769707
DIA,2,0.07004468,0.92995532
DIA,2,0.05672761,0.94327239
DIA,2,0.05631605,0.94368395
DIA,2,0.05983559,0.94016441
DIA,2,0.48098067,0.51901933
DIA,2,0.12808449,0.87191551
DIA,2,0.05625547,0.94374453
DIA,2,0.05882449,0.94117551
DIA,2,0.13882251,0.86117749
DIA,2,0.05617127,0.94382873
DIA,2,0.06977872,0.93022128
DIA,2,0.10216170,0.89783830
DIA,2,0.07246754,0.92753246
DIA,2,0.05869423,0.94130577
DIA,2,0.05618971,0.94381029
DIA,2,0.05912297,0.94087703
DIA,2,0.11713453,0.88286547
DIA,2,0.05633168,0.94366832
DIA,2,0.06023438,0.93976562
DIA,2,0.26128462,0.73871538
DIA,2,0.18884959,0.81115041
DIA,2,0.18419195,0.81580805
DIA,2,0.05707678,0.94292322
DIA,2,0.23357433,0.76642567
DIA,2,0.05645375,0.94354625
DIA,2,0.06858177,0.93141823
DIA,2,0.05686934,0.94313066
DIA,2,0.05649272,0.94350728
DIA,2,0.05610658,0.94389342
DIA,2,0.05639773,0.94360227
DIA,2,0.06557115,0.93442885
DIA,2,0.10510970,0.89489030
DIA,2,0.09292982,0.90707018
DIA,2,0.27702211,0.72297789
DIA,2,0.59751014,0.40248986
DIA,2,0.06735454,0.93264546
DIA,2,0.11497816,0.88502184
DIA,2,0.06843106,0.93156894
DIA,2,0.06492773,0.93507227
DIA,2,0.41696295,0.58303705
DIA,2,0.06563612,0.93436388
DIA,2,0.11034233,0.88965767
DIA,2,0.20840576,0.79159424
DIA,2,0.20412908,0.79587092
DIA,2,0.78677339,0.21322661
DIA,2,0.07035278,0.92964722
DIA,2,0.12173501,0.87826499
DIA,2,0.14692251,0.85307749
DIA,2,0.05786668,0.94213332
DIA,2,0.05721877,0.94278123
DIA,2,0.13484026,0.86515974
DIA,2,0.07226841,0.92773159
DIA,2,0.13344341,0.86655659
DIA,2,0.37822899,0.62177101
DIA,2,0.05633750,0.94366250
DIA,2,0.26308085,0.73691915
DIA,2,0.90012646,0.09987354
DIA,2,0.16636715,0.83363285
DIA,2,0.05854254,0.94145746
DIA,2,0.08540956,0.91459044
DIA,2,0.74475819,0.25524181
DIA,2,0.16728007,0.83271993
DIA,2,0.82292582,0.17707418
DIA,2,0.05611997,0.94388003
DIA,2,0.30281438,0.69718562
DIA,2,0.07428346,0.92571654
DIA,2,0.22129095,0.77870905
DIA,2,0.16132063,0.83867937
DIA,2,0.36032200,0.63967800
DIA,2,0.17497827,0.82502173
DIA,2,0.07904862,0.92095138
DIA,2,0.91151604,0.08848396
DIA,2,0.05649916,0.94350084
DIA,2,0.47752060,0.52247940
DIA,2,0.11559067,0.88440933
DIA,2,0.07272016,0.92727984
DIA,2,0.17921804,0.82078196
DIA,2,0.16563220,0.83436780
DIA,2,0.05736423,0.94263577
DIA,2,0.07617005,0.92382995
DIA,2,0.36711845,0.63288155
DIA,2,0.49921969,0.50078031
DIA,2,0.29847702,0.70152298
DIA,2,0.38446545,0.61553455
DIA,2,0.05668964,0.94331036
DIA,2,0.05709562,0.94290438
DIA,2,0.21969351,0.78030649
DIA,2,0.12445825,0.87554175
DIA,2,0.05843800,0.94156200
DIA,2,0.19486553,0.80513447
DIA,2,0.05863586,0.94136414
DIA,2,0.08857490,0.91142510
DIA,2,0.63661021,0.36338979
DIA,2,0.06251800,0.93748200
DIA,2,0.05961658,0.94038342
DIA,2,0.06318120,0.93681880
DIA,2,0.06449289,0.93550711
DIA,2,0.07491483,0.92508517
DIA,2,0.05723038,0.94276962
DIA,2,0.05610349,0.94389651
DIA,2,0.18410463,0.81589537
DIA,2,0.05780285,0.94219715
DIA,2,0.05692565,0.94307435
DIA,2,0.06515682,0.93484318
DIA,2,0.10803965,0.89196035
DIA,2,0.08747671,0.91252329
DIA,2,0.05750871,0.94249129
DIA,2,0.05833444,0.94166556
DIA,2,0.06678819,0.93321181
DIA,2,0.05615758,0.94384242
DIA,2,0.05670914,0.94329086
DIA,2,0.07174105,0.92825895
DIA,2,0.06902074,0.93097926
DIA,2,0.05695077,0.94304923
DIA,2,0.07349681,0.92650319
DIA,2,0.05921309,0.94078691
DIA,2,0.08954228,0.91045772
DIA,2,0.07245406,0.92754594
DIA,2,0.10880255,0.89119745
DIA,2,0.05670926,0.94329074
DIA,2,0.05653912,0.94346088
DIA,2,0.10729141,0.89270859
DIA,2,0.14451451,0.85548549
DIA,2,0.05764723,0.94235277
DIA,2,0.05713021,0.94286979
DIA,2,0.07276605,0.92723395
DIA,2,0.06081987,0.93918013
DIA,2,0.05908259,0.94091741
DIA,2,0.07478144,0.92521856
DIA,2,0.05628753,0.94371247
DIA,2,0.05692798,0.94307202
DIA,2,0.05625634,0.94374366
DIA,2,0.05988475,0.94011525
DIA,2,0.15049918,0.84950082
DIA,2,0.06418535,0.93581465
DIA,2,0.07631720,0.92368280
DIA,2,0.08465270,0.91534730
DIA,2,0.07594025,0.92405975
DIA,2,0.05609814,0.94390186
DIA,2,0.06587301,0.93412699
DIA,2,0.05720597,0.94279403
DIA,2,0.17183701,0.82816299
DIA,2,0.14227240,0.85772760
DIA,2,0.05619224,0.94380776
DIA,2,0.12764267,0.87235733
DIA,2,0.10501651,0.89498349
DIA,2,0.11014509,0.88985491
DIA,2,0.05656255,0.94343745
DIA,2,0.06930409,0.93069591
DIA,2,0.06111035,0.93888965
DIA,2,0.05610564,0.94389436
DIA,2,0.16475248,0.83524752
DIA,2,0.10621606,0.89378394
DIA,2,0.05626905,0.94373095
DIA,2,0.05868280,0.94131720
DIA,2,0.06614851,0.93385149
DIA,2,0.05612457,0.94387543
DIA,2,0.05949903,0.94050097
DIA,2,0.05714159,0.94285841
DIA,2,0.07537244,0.92462756
DIA,2,0.05711308,0.94288692
DIA,2,0.06272338,0.93727662
DIA,2,0.05637459,0.94362541
DIA,2,0.07980884,0.92019116
DIA,2,0.09158740,0.90841260
DIA,2,0.06299068,0.93700932
DIA,2,0.05830267,0.94169733
DIA,2,0.06853419,0.93146581
DIA,2,0.05972123,0.94027877
DIA,2,0.08206749,0.91793251
DIA,2,0.05785598,0.94214402
DIA,2,0.05919202,0.94080798
DIA,2,0.18128202,0.81871798
DIA,2,0.99833811,0.00166189
DIA,2,0.45122963,0.54877037
DIA,2,0.24523049,0.75476951
DIA,2,0.42610390,0.57389610
DIA,2,0.25314173,0.74685827
DIA,2,0.05817329,0.94182671
DIA,2,0.07393252,0.92606748
DIA,2,0.06296995,0.93703005
DIA,2,0.05645960,0.94354040
DIA,2,0.22242792,0.77757208
DIA,2,0.07114073,0.92885927
DIA,2,0.08119400,0.91880600
DIA,2,0.05768000,0.94232000
DIA,2,0.08526259,0.91473741
DIA,2,0.05667025,0.94332975
DIA,2,0.05647879,0.94352121
DIA,2,0.05704885,0.94295115
DIA,2,0.05796295,0.94203705
DIA,2,0.06362356,0.93637644
DIA,2,0.05899275,0.94100725
DIA,2,0.06333786,0.93666214
DIA,2,0.05694266,0.94305734
DIA,2,0.05610861,0.94389139
DIA,2,0.05642195,0.94357805
DIA,2,0.05692859,0.94307141
DIA,2,0.05724042,0.94275958
DIA,2,0.06838956,0.93161044
DIA,2,0.05759525,0.94240475
DIA,2,0.05609605,0.94390395
DIA,2,0.12583146,0.87416854
DIA,2,0.05609883,0.94390117
DIA,2,0.05610438,0.94389562
DIA,2,0.05787017,0.94212983
DIA,2,0.07530504,0.92469496
DIA,2,0.05704703,0.94295297
DIA,2,0.06025952,0.93974048
DIA,2,0.06453621,0.93546379
DIA,2,0.05638262,0.94361738
DIA,2,0.05692573,0.94307427
DIA,2,0.05849834,0.94150166
DIA,2,0.05701654,0.94298346
DIA,2,0.05642054,0.94357946
DIA,2,0.06160070,0.93839930
DIA,2,0.05801644,0.94198356
DIA,2,0.06021907,0.93978093
DIA,2,0.07141059,0.92858941
DIA,2,0.05815783,0.94184217
DIA,2,0.06047783,0.93952217
DIA,2,0.05634986,0.94365014
DIA,2,0.06356599,0.93643401
DIA,2,0.05965431,0.94034569
DIA,2,0.05618094,0.94381906
DIA,2,0.05900171,0.94099829
DIA,2,0.74695983,0.25304017
DIA,2,0.14746574,0.85253426
DIA,2,0.19679199,0.80320801
DIA,2,0.05997320,0.94002680
DIA,2,0.11356289,0.88643711
DIA,2,0.06379545,0.93620455
DIA,2,0.05625314,0.94374686
DIA,2,0.05621540,0.94378460
DIA,2,0.10424180,0.89575820
DIA,2,0.07484929,0.92515071
DIA,2,0.07924020,0.92075980
DIA,2,0.11506038,0.88493962
DIA,2,0.07836857,0.92163143
DIA,2,0.07894931,0.92105069
DIA,2,0.12340546,0.87659454
DIA,2,0.09318694,0.90681306
DIA,2,0.05830177,0.94169823
DIA,2,0.06769412,0.93230588
DIA,2,0.07264465,0.92735535
DIA,2,0.05610978,0.94389022
DIA,2,0.05720861,0.94279139
DIA,2,0.06661987,0.93338013
DIA,2,0.13023876,0.86976124
DIA,2,0.05609668,0.94390332
DIA,2,0.05872059,0.94127941
DIA,2,0.05781491,0.94218509
DIA,2,0.05933785,0.94066215
DIA,2,0.06323005,0.93676995
DIA,2,0.05906671,0.94093329
DIA,2,0.05792125,0.94207875
DIA,2,0.05662382,0.94337618
DIA,2,0.06420243,0.93579757
DIA,2,0.05912966,0.94087034
DIA,2,0.05696973,0.94303027
DIA,2,0.05707797,0.94292203
DIA,2,0.05625349,0.94374651
DIA,2,0.05659923,0.94340077
DIA,2,0.07339036,0.92660964
DIA,2,0.06693385,0.93306615
DIA,2,0.05780733,0.94219267
DIA,2,0.05888183,0.94111817
DIA,2,0.64252720,0.35747280
DIA,2,0.07195006,0.92804994
DIA,2,0.24011551,0.75988449
DIA,2,0.18663917,0.81336083
DIA,2,0.06034968,0.93965032
DIA,2,0.05682428,0.94317572
DIA,2,0.06006376,0.93993624
DIA,2,0.05928626,0.94071374
DIA,2,0.05729564,0.94270436
DIA,2,0.05743863,0.94256137
DIA,2,0.06577448,0.93422552
DIA,2,0.06319171,0.93680829
DIA,2,0.06136275,0.93863725
DIA,2,0.06296470,0.93703530
DIA,2,0.05897520,0.94102480
DIA,2,0.05654003,0.94345997
DIA,2,0.05611416,0.94388584
DIA,2,0.06193811,0.93806189
DIA,2,0.05639591,0.94360409
DIA,2,0.05843706,0.94156294
DIA,2,0.05794409,0.94205591
DIA,2,0.30063972,0.69936028
DIA,2,0.06601084,0.93398916
DIA,2,0.08617299,0.91382701
DIA,2,0.05910034,0.94089966
DIA,2,0.07364788,0.92635212
DIA,2,0.07085744,0.92914256
DIA,2,0.05893347,0.94106653
DIA,2,0.05611289,0.94388711
DIA,2,0.05779350,0.94220650
DIA,2,0.06681974,0.93318026
DIA,2,0.05679121,0.94320879
DIA,2,0.05682798,0.94317202
DIA,2,0.05628264,0.94371736
DIA,2,0.05626611,0.94373389
DIA,2,0.07115041,0.92884959
DIA,2,0.05668558,0.94331442
DIA,2,0.06000320,0.93999680
DIA,2,0.07252856,0.92747144
DIA,2,0.06176890,0.93823110
DIA,2,0.05769530,0.94230470
DIA,2,0.06031991,0.93968009
DIA,2,0.06191606,0.93808394
DIA,2,0.05771980,0.94228020
DIA,2,0.06717195,0.93282805
DIA,2,0.05953383,0.94046617
DIA,2,0.05621624,0.94378376
DIA,2,0.06012552,0.93987448
DIA,2,0.05690308,0.94309692
DIA,2,0.06254860,0.93745140
DIA,2,0.06558165,0.93441835
DIA,2,0.05652421,0.94347579
DIA,2,0.07125825,0.92874175
DIA,2,0.09437608,0.90562392
DIA,2,0.05834916,0.94165084
DIA,2,0.05611733,0.94388267
DIA,2,0.07505936,0.92494064
DIA,2,0.07318936,0.92681064
DIA,2,0.05645761,0.94354239
DIA,2,0.05611197,0.94388803
DIA,2,0.10822381,0.89177619
DIA,2,0.05611041,0.94388959
DIA,2,0.05753970,0.94246030
DIA,2,0.05727428,0.94272572
DIA,2,0.07220104,0.92779896
DIA,2,0.06954281,0.93045719
DIA,2,0.08544683,0.91455317
DIA,2,0.06849164,0.93150836
DIA,2,0.07141795,0.92858205
DIA,2,0.05638431,0.94361569
DIA,2,0.05612075,0.94387925
DIA,2,0.07248752,0.92751248
DIA,2,0.05794151,0.94205849
DIA,2,0.05752294,0.94247706
DIA,2,0.05630164,0.94369836
DIA,2,0.05637396,0.94362604
DIA,2,0.05667334,0.94332666
DIA,2,0.24539872,0.75460128
DIA,2,0.06412932,0.93587068
DIA,2,0.05613707,0.94386293
DIA,2,0.05874350,0.94125650
DIA,2,0.05724139,0.94275861
DIA,2,0.06141845,0.93858155
DIA,2,0.05610604,0.94389396
DIA,2,0.05815394,0.94184606
DIA,2,0.05641388,0.94358612
DIA,2,0.05824108,0.94175892
DIA,2,0.06923526,0.93076474
DIA,2,0.05613504,0.94386496
DIA,2,0.05654494,0.94345506
DIA,2,0.05620361,0.94379639
DIA,2,0.14947901,0.85052099
DIA,2,0.05679560,0.94320440
DIA,2,0.05612426,0.94387574
DIA,2,0.05993231,0.94006769
DIA,2,0.05879547,0.94120453
DIA,2,0.08269841,0.91730159
DIA,2,0.05700782,0.94299218
DIA,2,0.06065629,0.93934371
DIA,2,0.05982160,0.94017840
DIA,2,0.05644083,0.94355917
DIA,2,0.05758411,0.94241589
DIA,2,0.05757862,0.94242138
DIA,2,0.05622948,0.94377052
DIA,2,0.05612827,0.94387173
DIA,2,0.05609769,0.94390231
DIA,2,0.05613983,0.94386017
DIA,2,0.05990063,0.94009937
DIA,2,0.08160810,0.91839190
DIA,2,0.09585993,0.90414007
DIA,2,0.06696983,0.93303017
DIA,2,0.07581409,0.92418591
DIA,2,0.09172612,0.90827388
DIA,2,0.05638093,0.94361907
DIA,2,0.12534011,0.87465989
DIA,2,0.16227195,0.83772805
DIA,2,0.05609929,0.94390071
DIA,2,0.05611607,0.94388393
DIA,2,0.05772968,0.94227032
DIA,2,0.05702229,0.94297771
DIA,2,0.05727144,0.94272856
DIA,2,0.05621606,0.94378394
DIA,2,0.05612888,0.94387112
DIA,2,0.05916125,0.94083875
DIA,2,0.05619260,0.94380740
DIA,2,0.05739571,0.94260429
DIA,2,0.05737088,0.94262912
DIA,2,0.05679151,0.94320849
DIA,2,0.05670983,0.94329017
DIA,2,0.06343507,0.93656493
DIA,2,0.05611885,0.94388115
DIA,2,0.45661086,0.54338914
DIA,2,0.05677777,0.94322223
DIA,2,0.08223362,0.91776638
DIA,2,0.06741182,0.93258818
DIA,2,0.05869037,0.94130963
DIA,2,0.06244656,0.93755344
DIA,2,0.06216693,0.93783307
DIA,2,0.05610540,0.94389460
DIA,2,0.05871143,0.94128857
DIA,2,0.05671467,0.94328533
DIA,2,0.07648228,0.92351772
DIA,2,0.06155001,0.93844999
DIA,2,0.05638171,0.94361829
DIA,2,0.05854235,0.94145765
DIA,2,0.05720141,0.94279859
DIA,2,0.05623393,0.94376607
DIA,2,0.06449895,0.93550105
DIA,2,0.05691018,0.94308982
DIA,2,0.06438445,0.93561555
DIA,2,0.05892029,0.94107971
DIA,2,0.05620878,0.94379122
DIA,2,0.05661068,0.94338932
DIA,2,0.08031525,0.91968475
DIA,2,0.05849627,0.94150373
DIA,2,0.05987526,0.94012474
DIA,2,0.05638521,0.94361479
DIA,2,0.05610799,0.94389201
DIA,2,0.05629849,0.94370151
DIA,2,0.06593857,0.93406143
DIA,2,0.07650634,0.92349366
DIA,2,0.08428073,0.91571927
DIA,2,0.05843284,0.94156716
DIA,2,0.72519443,0.27480557
DIA,2,0.05630523,0.94369477
DIA,2,0.05622030,0.94377970
DIA,2,0.15925130,0.84074870
DIA,2,0.06256111,0.93743889
DIA,2,0.05787369,0.94212631
DIA,2,0.05821952,0.94178048
DIA,2,0.06032794,0.93967206
DIA,2,0.06039044,0.93960956
DIA,2,0.05786260,0.94213740
DIA,2,0.05788515,0.94211485
DIA,2,0.05830410,0.94169590
DIA,2,0.05626725,0.94373275
DIA,2,0.05876431,0.94123569
DIA,2,0.05631634,0.94368366
DIA,2,0.05884923,0.94115077
DIA,2,0.05789754,0.94210246
DIA,2,0.05663626,0.94336374
DIA,2,0.08140855,0.91859145
DIA,2,0.06465735,0.93534265
DIA,2,0.05670988,0.94329012
DIA,2,0.06847563,0.93152437
DIA,2,0.05614489,0.94385511
DIA,2,0.05623239,0.94376761
DIA,2,0.06017308,0.93982692
DIA,2,0.05804472,0.94195528
DIA,2,0.05677320,0.94322680
DIA,2,0.05680092,0.94319908
DIA,2,0.06272111,0.93727889
DIA,2,0.05796084,0.94203916
DIA,2,0.08249876,0.91750124
DIA,2,0.05637892,0.94362108
DIA,2,0.08294712,0.91705288
DIA,2,0.05743603,0.94256397
DIA,2,0.08147531,0.91852469
DIA,2,0.06435861,0.93564139
DIA,2,0.05926596,0.94073404
DIA,2,0.05732954,0.94267046
DIA,2,0.06180184,0.93819816
DIA,2,0.05646607,0.94353393
DIA,2,0.05904068,0.94095932
DIA,2,0.06224099,0.93775901
DIA,2,0.05679026,0.94320974
DIA,2,0.05619303,0.94380697
DIA,2,0.05616778,0.94383222
DIA,2,0.05613270,0.94386730
DIA,2,0.06468718,0.93531282
DIA,2,0.05795345,0.94204655
DIA,2,0.05625676,0.94374324
DIA,2,0.05675818,0.94324182
DIA,2,0.07419310,0.92580690
DIA,2,0.08648716,0.91351284
DIA,2,0.06209036,0.93790964
DIA,2,0.05943644,0.94056356
DIA,2,0.08238283,0.91761717
DIA,2,0.05821163,0.94178837
DIA,2,0.05665129,0.94334871
DIA,2,0.05660418,0.94339582
DIA,2,0.13592430,0.86407570
DIA,2,0.06932386,0.93067614
DIA,2,0.23457603,0.76542397
DIA,2,0.05622869,0.94377131
DIA,2,0.05838911,0.94161089
DIA,2,0.06479357,0.93520643
DIA,2,0.05789141,0.94210859
DIA,2,0.05957117,0.94042883
DIA,2,0.06850723,0.93149277
DIA,2,0.05944083,0.94055917
DIA,2,0.06830591,0.93169409
DIA,2,0.06231188,0.93768812
DIA,2,0.05976369,0.94023631
DIA,2,0.07122148,0.92877852
DIA,2,0.07511134,0.92488866
DIA,2,0.05657407,0.94342593
DIA,2,0.05679138,0.94320862
DIA,2,0.05815361,0.94184639
DIA,2,0.05649501,0.94350499
DIA,2,0.05616934,0.94383066
DIA,2,0.05663372,0.94336628
DIA,2,0.05921514,0.94078486
DIA,2,0.06590093,0.93409907
DIA,2,0.06287533,0.93712467
DIA,2,0.06478025,0.93521975
DIA,2,0.07703930,0.92296070
DIA,2,0.10751887,0.89248113
DIA,2,0.05611509,0.94388491
DIA,2,0.06355524,0.93644476
DIA,2,0.05614159,0.94385841
DIA,2,0.09164068,0.90835932
DIA,2,0.11191429,0.88808571
DIA,2,0.05614312,0.94385688
DIA,2,0.17417474,0.82582526
DIA,2,0.05944217,0.94055783
DIA,2,0.05746509,0.94253491
DIA,2,0.07165249,0.92834751
DIA,2,0.05613606,0.94386394
DIA,2,0.05717037,0.94282963
DIA,2,0.07067526,0.92932474
DIA,2,0.10221484,0.89778516
DIA,2,0.07392948,0.92607052
DIA,2,0.24484907,0.75515093
DIA,2,0.05728460,0.94271540
DIA,2,0.05729943,0.94270057
DIA,2,0.92999052,0.07000948
DIA,2,0.99999996,0.00000004
DIA,2,0.54919377,0.45080623
DIA,2,0.05663267,0.94336733
DIA,2,0.99999388,0.00000612
DIA,2,0.12417330,0.87582670
DIA,2,0.45732600,0.54267400
DIA,2,0.06007160,0.93992840
DIA,2,0.12548438,0.87451562
DIA,2,0.19586532,0.80413468
DIA,2,0.05746059,0.94253941
DIA,2,0.12072103,0.87927897
DIA,2,0.08670242,0.91329758
DIA,2,0.07448372,0.92551628
DIA,2,0.24535046,0.75464954
DIA,2,0.37677476,0.62322524
DIA,2,0.12690090,0.87309910
DIA,2,0.33190443,0.66809557
DIA,2,0.47378193,0.52621807
DIA,2,0.06461659,0.93538341
DIA,2,0.20638476,0.79361524
DIA,2,0.05707680,0.94292320
DIA,2,0.06103582,0.93896418
DIA,2,0.06169261,0.93830739
DIA,2,0.45016201,0.54983799
DIA,2,0.06693766,0.93306234
DIA,2,0.08482320,0.91517680
DIA,2,0.12963363,0.87036637
DIA,2,0.06286169,0.93713831
DIA,2,0.06105480,0.93894520
DIA,2,0.20327397,0.79672603
DIA,2,0.06203975,0.93796025
DIA,2,0.05699809,0.94300191
DIA,2,0.98959686,0.01040314
DIA,2,0.64085817,0.35914183
DIA,2,0.95224032,0.04775968
DIA,2,0.16421083,0.83578917
DIA,2,0.05717429,0.94282571
DIA,2,0.13014290,0.86985710
DIA,2,0.48737375,0.51262625
DIA,2,0.26263435,0.73736565
DIA,2,0.13650798,0.86349202
DIA,2,0.13162747,0.86837253
DIA,2,0.81251609,0.18748391
DIA,2,0.05609582,0.94390418
DIA,2,0.45277595,0.54722405
DIA,2,0.08667095,0.91332905
DIA,2,0.14594320,0.85405680
DIA,2,0.06366262,0.93633738
DIA,2,0.09471795,0.90528205
DIA,2,0.10904643,0.89095357
DIA,2,0.05640905,0.94359095
DIA,2,0.06166100,0.93833900
DIA,2,0.09721693,0.90278307
DIA,2,0.05678875,0.94321125
DIA,2,0.42973562,0.57026438
DIA,2,0.05657352,0.94342648
DIA,2,0.12022878,0.87977122
DIA,2,0.05614922,0.94385078
DIA,2,0.07501475,0.92498525
DIA,2,0.06060272,0.93939728
DIA,2,0.08596435,0.91403565
DIA,2,0.05615835,0.94384165
DIA,2,0.22220372,0.77779628
DIA,2,0.06820725,0.93179275
DIA,2,0.05617988,0.94382012
DIA,2,0.08595763,0.91404237
DIA,2,0.09856548,0.90143452
DIA,2,0.06495182,0.93504818
DIA,2,0.06028522,0.93971478
DIA,2,0.08683017,0.91316983
DIA,2,0.05767166,0.94232834
DIA,2,0.05789001,0.94210999
DIA,2,0.05610401,0.94389599
DIA,2,0.16271103,0.83728897
DIA,2,0.07535329,0.92464671
DIA,2,0.05711053,0.94288947
DIA,2,0.05973654,0.94026346
DIA,2,0.05915216,0.94084784
DIA,2,0.33673710,0.66326290
DIA,2,0.14274752,0.85725248
DIA,2,0.10717185,0.89282815
DIA,2,0.09258343,0.90741657
DIA,2,0.09092436,0.90907564
DIA,2,0.05609650,0.94390350
DIA,2,0.22282246,0.77717754
DIA,2,0.06757491,0.93242509
DIA,2,0.06097823,0.93902177
DIA,2,0.05619307,0.94380693
DIA,2,0.05609663,0.94390337
DIA,2,0.06671665,0.93328335
DIA,2,0.05697622,0.94302378
DIA,2,0.06154706,0.93845294
DIA,2,0.06511594,0.93488406
DIA,2,0.16013998,0.83986002
DIA,2,0.05927824,0.94072176
DIA,2,0.09284340,0.90715660
DIA,2,0.06432219,0.93567781
DIA,2,0.19411652,0.80588348
DIA,2,0.05610520,0.94389480
DIA,2,0.07949116,0.92050884
DIA,2,0.06172435,0.93827565
DIA,2,0.05915787,0.94084213
DIA,2,0.05730923,0.94269077
DIA,2,0.06989586,0.93010414
DIA,2,0.08211719,0.91788281
DIA,2,0.06654519,0.93345481
DIA,2,0.20453811,0.79546189
DIA,2,0.08020590,0.91979410
DIA,2,0.09558634,0.90441366
DIA,2,0.09508861,0.90491139
DIA,2,0.06572571,0.93427429
DIA,2,0.05806021,0.94193979
DIA,2,0.05857431,0.94142569
DIA,2,0.06115308,0.93884692
DIA,2,0.06859412,0.93140588
DIA,2,0.05630638,0.94369362
DIA,2,0.05623915,0.94376085
DIA,2,0.08947057,0.91052943
DIA,2,0.08572041,0.91427959
DIA,2,0.06800612,0.93199388
DIA,2,0.05915909,0.94084091
DIA,2,0.07352710,0.92647290
DIA,2,0.06275564,0.93724436
DIA,2,0.05976002,0.94023998
DIA,2,0.05623527,0.94376473
DIA,2,0.06994081,0.93005919
DIA,2,0.05785548,0.94214452
DIA,2,0.06848904,0.93151096
DIA,2,0.05690376,0.94309624
DIA,2,0.06032395,0.93967605
DIA,2,0.09096598,0.90903402
DIA,2,0.07144358,0.92855642
DIA,2,0.06363972,0.93636028
DIA,2,0.06849314,0.93150686
DIA,2,0.28375890,0.71624110
DIA,2,0.07143391,0.92856609
DIA,2,0.06284387,0.93715613
DIA,2,0.05948786,0.94051214
DIA,2,0.06084510,0.93915490
DIA,2,0.06092439,0.93907561
DIA,2,0.06773099,0.93226901
DIA,2,0.12700820,0.87299180
DIA,2,0.05692277,0.94307723
DIA,2,0.05858634,0.94141366
DIA,2,0.06853080,0.93146920
DIA,2,0.05681886,0.94318114
DIA,2,0.05622557,0.94377443
DIA,2,0.05639535,0.94360465
DIA,2,0.05643017,0.94356983
DIA,2,0.06012322,0.93987678
DIA,2,0.05899366,0.94100634
DIA,2,0.06434142,0.93565858
DIA,2,0.05699752,0.94300248
DIA,2,0.07223927,0.92776073
DIA,2,0.05637172,0.94362828
DIA,2,0.06173872,0.93826128
DIA,2,0.07980827,0.92019173
DIA,2,0.07848440,0.92151560
DIA,2,0.11860467,0.88139533
DIA,2,0.06355969,0.93644031
DIA,2,0.07793929,0.92206071
DIA,2,0.06070321,0.93929679
DIA,2,0.06455346,0.93544654
DIA,2,0.05742582,0.94257418
DIA,2,0.05642247,0.94357753
DIA,2,0.08457718,0.91542282
DIA,2,0.06906157,0.93093843
DIA,2,0.05867907,0.94132093
DIA,2,0.08484624,0.91515376
DIA,2,0.08546791,0.91453209
DIA,2,0.05648475,0.94351525
DIA,2,0.05786771,0.94213229
DIA,2,0.99662134,0.00337866
DIA,2,0.87972661,0.12027339
DIA,2,0.11305018,0.88694982
DIA,2,0.05911990,0.94088010
DIA,2,0.70437920,0.29562080
DIA,2,0.05752739,0.94247261
DIA,2,0.19627570,0.80372430
DIA,2,0.05708788,0.94291212
DIA,2,0.06698595,0.93301405
DIA,2,0.07023751,0.92976249
DIA,2,0.90522617,0.09477383
DIA,2,0.23729967,0.76270033
DIA,2,0.13034691,0.86965309
DIA,2,0.13789994,0.86210006
DIA,2,0.37042471,0.62957529
DIA,2,0.14041060,0.85958940
DIA,2,0.14501383,0.85498617
DIA,2,0.06160923,0.93839077
DIA,2,0.08318013,0.91681987
DIA,2,0.08532544,0.91467456
DIA,2,0.73486298,0.26513702
DIA,2,0.05813322,0.94186678
DIA,2,0.08831874,0.91168126
DIA,2,0.87527531,0.12472469
DIA,2,0.07332644,0.92667356
DIA,2,0.09732377,0.90267623
DIA,2,0.08744893,0.91255107
DIA,2,0.07124921,0.92875079
DIA,2,0.28961660,0.71038340
DIA,2,0.85299975,0.14700025
DIA,2,0.05763796,0.94236204
DIA,2,0.08472148,0.91527852
DIA,2,0.22499980,0.77500020
DIA,2,0.07132260,0.92867740
DIA,2,0.91112231,0.08887769
DIA,2,0.05647746,0.94352254
DIA,2,0.08887646,0.91112354
DIA,2,0.15899090,0.84100910
DIA,2,0.99219264,0.00780736
DIA,2,0.07241381,0.92758619
DIA,2,0.81733537,0.18266463
DIA,2,0.05618509,0.94381491
DIA,2,0.05797191,0.94202809
DIA,2,0.07572069,0.92427931
DIA,2,0.06129211,0.93870789
DIA,2,0.62874277,0.37125723
DIA,2,0.81990338,0.18009662
DIA,2,0.05744690,0.94255310
DIA,2,0.25998467,0.74001533
DIA,2,0.71519908,0.28480092
DIA,2,0.61033231,0.38966769
DIA,2,0.99396840,0.00603160
DIA,2,0.99999961,0.00000039
DIA,2,0.29017799,0.70982201
DIA,2,0.05861259,0.94138741
DIA,2,0.14205200,0.85794800
DIA,2,0.05743338,0.94256662
DIA,2,0.98046687,0.01953313
DIA,2,0.99011050,0.00988950
DIA,2,0.08031617,0.91968383
DIA,2,0.14232173,0.85767827
DIA,2,0.06670456,0.93329544
DIA,2,0.07050998,0.92949002
DIA,2,0.05610873,0.94389127
DIA,2,0.06207215,0.93792785
DIA,2,0.07538731,0.92461269
DIA,2,0.07684529,0.92315471
DIA,2,0.08336941,0.91663059
DIA,2,0.24039999,0.75960001
DIA,2,0.14233430,0.85766570
DIA,2,0.07387882,0.92612118
DIA,2,0.05614568,0.94385432
DIA,2,0.08522175,0.91477825
DIA,2,0.09005977,0.90994023
DIA,2,0.05697049,0.94302951
DIA,2,0.44009743,0.55990257
DIA,2,0.05639787,0.94360213
DIA,2,0.05892029,0.94107971
DIA,2,0.08334643,0.91665357
DIA,2,0.08503364,0.91496636
DIA,2,0.05612939,0.94387061
DIA,2,0.10107913,0.89892087
DIA,2,0.06082212,0.93917788
DIA,2,0.05850654,0.94149346
DIA,2,0.25530701,0.74469299
DIA,2,0.07283596,0.92716404
DIA,2,0.06235712,0.93764288
DIA,2,0.38834426,0.61165574
DIA,2,0.05741557,0.94258443
DIA,2,0.05879494,0.94120506
DIA,2,0.06276141,0.93723859
DIA,2,0.07883222,0.92116778
DIA,2,0.05982366,0.94017634
DIA,2,0.05663844,0.94336156
DIA,2,0.05989023,0.94010977
DIA,2,0.05986183,0.94013817
DIA,2,0.06360574,0.93639426
DIA,2,0.08750626,0.91249374
DIA,2,0.05668345,0.94331655
DIA,2,0.06919872,0.93080128
DIA,2,0.09430855,0.90569145
DIA,2,0.05714590,0.94285410
DIA,2,0.08908060,0.91091940
DIA,2,0.06047534,0.93952466
DIA,2,0.07068946,0.92931054
DIA,2,0.05634057,0.94365943
DIA,2,0.07031465,0.92968535
DIA,2,0.06004598,0.93995402
DIA,2,0.05639299,0.94360701
DIA,2,0.07127714,0.92872286
DIA,2,0.09075748,0.90924252
DIA,2,0.40402680,0.59597320
DIA,2,0.05644836,0.94355164
DIA,2,0.07115023,0.92884977
DIA,2,0.05637659,0.94362341
DIA,2,0.06160082,0.93839918
DIA,2,0.09691564,0.90308436
DIA,2,0.20341971,0.79658029
DIA,2,0.05784212,0.94215788
DIA,2,0.05677082,0.94322918
DIA,2,0.07725558,0.92274442
DIA,2,0.05795201,0.94204799
DIA,2,0.06031134,0.93968866
DIA,2,0.08644693,0.91355307
DIA,2,0.05614734,0.94385266
DIA,2,0.05621341,0.94378659
DIA,2,0.12280188,0.87719812
DIA,2,0.05611365,0.94388635
DIA,2,0.05884791,0.94115209
DIA,2,0.05609956,0.94390044
DIA,2,0.06405410,0.93594590
DIA,2,0.05706730,0.94293270
DIA,2,0.06977162,0.93022838
DIA,2,0.05749313,0.94250687
DIA,2,0.06950447,0.93049553
DIA,2,0.05923226,0.94076774
DIA,2,0.05629057,0.94370943
DIA,2,0.05706324,0.94293676
DIA,2,0.07415348,0.92584652
DIA,2,0.06880566,0.93119434
DIA,2,0.08243737,0.91756263
DIA,2,0.05768787,0.94231213
DIA,2,0.48144790,0.51855210
DIA,2,0.05695129,0.94304871
DIA,2,0.07001225,0.92998775
DIA,2,0.06335205,0.93664795
DIA,2,0.85941303,0.14058697
DIA,2,0.07516853,0.92483147
DIA,2,0.06910909,0.93089091
DIA,2,0.09984547,0.90015453
DIA,2,0.06054829,0.93945171
DIA,2,0.06196082,0.93803918
DIA,2,0.08522663,0.91477337
DIA,2,0.06094777,0.93905223
DIA,2,0.14961596,0.85038404
DIA,2,0.05964539,0.94035461
DIA,2,0.10426574,0.89573426
DIA,2,0.11163417,0.88836583
DIA,2,0.05654094,0.94345906
DIA,2,0.23210652,0.76789348
DIA,2,0.05651047,0.94348953
DIA,2,0.65011346,0.34988654
DIA,2,0.11633982,0.88366018
DIA,2,0.08863300,0.91136700
DIA,2,0.13363452,0.86636548
DIA,2,0.06296027,0.93703973
DIA,2,0.05613382,0.94386618
DIA,2,0.05740359,0.94259641
DIA,2,0.06263933,0.93736067
DIA,2,0.05614522,0.94385478
DIA,2,0.05639271,0.94360729
DIA,2,0.21037604,0.78962396
DIA,2,0.05900709,0.94099291
DIA,2,0.11069563,0.88930437
DIA,2,0.05620729,0.94379271
DIA,2,0.05611514,0.94388486
DIA,2,0.07923597,0.92076403
DIA,2,0.05651738,0.94348262
DIA,2,0.05617326,0.94382674
DIA,2,0.05943613,0.94056387
DIA,2,0.06621952,0.93378048
DIA,2,0.06001223,0.93998777
DIA,2,0.08070559,0.91929441
DIA,2,0.05660745,0.94339255
DIA,2,0.06538119,0.93461881
DIA,2,0.05672628,0.94327372
DIA,2,0.05958802,0.94041198
DIA,2,0.09953800,0.90046200
DIA,2,0.11354567,0.88645433
DIA,2,0.05741140,0.94258860
DIA,2,0.05636071,0.94363929
DIA,2,0.06478572,0.93521428
DIA,2,0.05611960,0.94388040
DIA,2,0.05892908,0.94107092
DIA,2,0.05618184,0.94381816
DIA,2,0.07805657,0.92194343
DIA,2,0.05858901,0.94141099
DIA,2,0.06793280,0.93206720
DIA,2,0.05709200,0.94290800
DIA,2,0.05674540,0.94325460
DIA,2,0.05635494,0.94364506
DIA,2,0.17455254,0.82544746
DIA,2,0.15057862,0.84942138
DIA,2,0.06593099,0.93406901
DIA,2,0.98833525,0.01166475
DIA,2,0.11322383,0.88677617
DIA,2,0.05610259,0.94389741
DIA,2,0.23385071,0.76614929
DIA,2,0.05841327,0.94158673
DIA,2,0.28570477,0.71429523
DIA,2,0.20761071,0.79238929
DIA,2,0.98850259,0.01149741
DIA,2,0.05693011,0.94306989
DIA,2,0.16931215,0.83068785
DIA,2,0.12994798,0.87005202
DIA,2,0.07312489,0.92687511
DIA,2,0.09933829,0.90066171
DIA,2,0.05922004,0.94077996
DIA,2,0.86640158,0.13359842
DIA,2,0.09731749,0.90268251
DIA,2,0.06281163,0.93718837
DIA,2,0.11234387,0.88765613
DIA,2,0.20194696,0.79805304
DIA,2,0.05906104,0.94093896
DIA,2,0.13303690,0.86696310
DIA,2,0.09321970,0.90678030
DIA,2,0.26427422,0.73572578
DIA,2,0.06252061,0.93747939
DIA,2,0.05726780,0.94273220
DIA,2,0.05978867,0.94021133
DIA,2,0.09910121,0.90089879
DIA,2,0.05857986,0.94142014
DIA,2,0.05708495,0.94291505
DIA,2,0.06881081,0.93118919
DIA,2,0.05639177,0.94360823
DIA,2,0.05700654,0.94299346
DIA,2,0.05755438,0.94244562
DIA,2,0.07449409,0.92550591
DIA,2,0.05609786,0.94390214
DIA,2,0.06936875,0.93063125
DIA,2,0.07159494,0.92840506
DIA,2,0.05878901,0.94121099
DIA,2,0.05982567,0.94017433
DIA,2,0.06128174,0.93871826
DIA,2,0.17881298,0.82118702
DIA,2,0.60250215,0.39749785
DIA,2,0.06055764,0.93944236
DIA,2,0.25152446,0.74847554
DIA,2,0.05876802,0.94123198
DIA,2,0.16898854,0.83101146
DIA,2,0.07369126,0.92630874
DIA,2,0.07590692,0.92409308
DIA,2,0.17610292,0.82389708
DIA,2,0.05610069,0.94389931
DIA,2,0.10022151,0.89977849
DIA,2,0.05610217,0.94389783
DIA,2,0.05638654,0.94361346
DIA,2,0.11002582,0.88997418
DIA,2,0.05691180,0.94308820
DIA,2,0.05683632,0.94316368
DIA,2,0.05720681,0.94279319
DIA,2,0.05646541,0.94353459
DIA,2,0.07135966,0.92864034
DIA,2,0.07009709,0.92990291
DIA,2,0.05613765,0.94386235
DIA,2,0.06426002,0.93573998
DIA,2,0.06718124,0.93281876
DIA,2,0.13127699,0.86872301
DIA,2,0.06854605,0.93145395
DIA,2,0.05702520,0.94297480
DIA,2,0.05609924,0.94390076
DIA,2,0.07844519,0.92155481
DIA,2,0.05635795,0.94364205
DIA,2,0.05616198,0.94383802
DIA,2,0.05609621,0.94390379
DIA,2,0.06109949,0.93890051
DIA,2,0.05611572,0.94388428
DIA,2,0.09130809,0.90869191
DIA,2,0.05748300,0.94251700
DIA,2,0.06188241,0.93811759
DIA,2,0.06493906,0.93506094
DIA,2,0.05845518,0.94154482
DIA,2,0.06261460,0.93738540
DIA,2,0.08296963,0.91703037
DIA,2,0.05894046,0.94105954
DIA,2,0.05731673,0.94268327
DIA,2,0.06303858,0.93696142
DIA,2,0.11822430,0.88177570
DIA,2,0.13702623,0.86297377
DIA,2,0.06559293,0.93440707
DIA,2,0.05701851,0.94298149
DIA,2,0.16816200,0.83183800
DIA,2,0.05955560,0.94044440
DIA,2,0.05684670,0.94315330
DIA,2,0.05651437,0.94348563
DIA,2,0.09106084,0.90893916
DIA,2,0.05635120,0.94364880
DIA,2,0.06193704,0.93806296
DIA,2,0.05695549,0.94304451
DIA,2,0.05644666,0.94355334
DIA,2,0.06694043,0.93305957
DIA,2,0.06057628,0.93942372
DIA,2,0.06205127,0.93794873
DIA,2,0.05652178,0.94347822
DIA,2,0.06203569,0.93796431
DIA,2,0.05666276,0.94333724
DIA,2,0.07644979,0.92355021
DIA,2,0.05814708,0.94185292
DIA,2,0.15570494,0.84429506
DIA,2,0.08338486,0.91661514
DIA,2,0.05740280,0.94259720
DIA,2,0.06342584,0.93657416
DIA,2,0.06960638,0.93039362
DIA,2,0.08934089,0.91065911
DIA,2,0.06351362,0.93648638
DIA,2,0.05889976,0.94110024
DIA,2,0.05691268,0.94308732
DIA,2,0.06077993,0.93922007
DIA,2,0.10991765,0.89008235
DIA,2,0.05882218,0.94117782
DIA,2,0.06832164,0.93167836
DIA,2,0.05634862,0.94365138
DIA,2,0.05646994,0.94353006
DIA,2,0.07356324,0.92643676
DIA,2,0.34393663,0.65606337
DIA,2,0.06932826,0.93067174
DIA,2,0.05648156,0.94351844
DIA,2,0.06504053,0.93495947
DIA,2,0.67472051,0.32527949
DIA,2,0.06116833,0.93883167
DIA,2,0.25911828,0.74088172
DIA,2,0.44684731,0.55315269
DIA,2,0.06513953,0.93486047
DIA,2,0.10704763,0.89295237
DIA,2,0.06908071,0.93091929
DIA,2,0.05619348,0.94380652
DIA,2,0.10878918,0.89121082
DIA,2,0.06194186,0.93805814
DIA,2,0.05674161,0.94325839
DIA,2,0.07224212,0.92775788
DIA,2,0.06164937,0.93835063
DIA,2,0.06368249,0.93631751
DIA,2,0.09342409,0.90657591
DIA,2,0.99976801,0.00023199
DIA,2,0.99926937,0.00073063
DIA,2,0.08349379,0.91650621
DIA,2,0.99999936,0.00000064
DIA,2,0.43713576,0.56286424
DIA,2,0.99999994,0.00000006
DIA,2,0.93437470,0.06562530
DIA,2,0.99999067,0.00000933
DIA,2,0.99762636,0.00237364
DIA,2,0.18811152,0.81188848
DIA,2,1.00000000,0.00000000
DIA,2,0.99998488,0.00001512
DIA,2,1.00000000,0.00000000
DIA,2,1.00000000,0.00000000
DIA,2,1.00000000,0.00000000
DIA,2,1.00000000,0.00000000
DIA,2,0.99994926,0.00005074
DIA,2,1.00000000,0.00000000
DIA,2,0.06380145,0.93619855
DIA,2,0.99999945,0.00000055
DIA,2,0.99913890,0.00086110
DIA,2,1.00000000,0.00000000
DIA,2,0.99716893,0.00283107
DIA,2,1.00000000,0.00000000
DIA,2,0.99968523,0.00031477
DIA,2,0.97449200,0.02550800
DIA,2,0.32672616,0.67327384
DIA,2,0.99999978,0.00000022
DIA,2,0.49567186,0.50432814
DIA,2,0.28367645,0.71632355
DIA,2,1.00000000,0.00000000
DIA,2,0.06780905,0.93219095
DIA,2,0.99857484,0.00142516
DIA,2,0.26976458,0.73023542
DIA,2,0.19132658,0.80867342
DIA,2,0.79155292,0.20844708
DIA,2,0.37996636,0.62003364
DIA,2,0.05610232,0.94389768
DIA,2,0.98786146,0.01213854
DIA,2,0.78114831,0.21885169
DIA,2,0.98440524,0.01559476
DIA,2,0.42051133,0.57948867
DIA,2,0.06100528,0.93899472
DIA,2,0.14156366,0.85843634
DIA,2,0.32080715,0.67919285
DIA,2,0.05610091,0.94389909
DIA,2,0.74391390,0.25608610
DIA,2,0.11877388,0.88122612
DIA,2,0.95730168,0.04269832
DIA,2,0.05655578,0.94344422
DIA,2,0.07197877,0.92802123
DIA,2,0.10013964,0.89986036
DIA,2,0.09292905,0.90707095
DIA,2,0.58591934,0.41408066
DIA,2,0.06002043,0.93997957
DIA,2,0.57032438,0.42967562
DIA,2,0.85100713,0.14899287
DIA,2,0.24228860,0.75771140
DIA,2,0.06295495,0.93704505
DIA,2,0.99988341,0.00011659
DIA,2,0.18965799,0.81034201
DIA,2,0.22251601,0.77748399
DIA,2,0.05990135,0.94009865
DIA,2,0.05631353,0.94368647
DIA,2,0.72048447,0.27951553
DIA,2,0.85572958,0.14427042
DIA,2,0.06348683,0.93651317
DIA,2,0.05669039,0.94330961
DIA,2,0.06187421,0.93812579
DIA,2,0.13329220,0.86670780
DIA,2,0.70118508,0.29881492
DIA,2,0.05808261,0.94191739
DIA,2,0.99416807,0.00583193
DIA,2,0.57040045,0.42959955
DIA,2,0.11197815,0.88802185
DIA,2,0.14537827,0.85462173
DIA,2,1.00000000,0.00000000
DIA,2,0.19133814,0.80866186
DIA,2,0.08805294,0.91194706
DIA,2,0.67263007,0.32736993
DIA,2,0.06722803,0.93277197
DIA,2,0.05794945,0.94205055
DIA,2,0.09318867,0.90681133
DIA,2,0.06942883,0.93057117
DIA,2,0.07090174,0.92909826
DIA,2,0.96189929,0.03810071
DIA,2,0.11027787,0.88972213
DIA,2,0.97185739,0.02814261
DIA,2,0.65937920,0.34062080
DIA,2,0.12506423,0.87493577
DIA,2,0.05850801,0.94149199
DIA,2,0.06114824,0.93885176
DIA,2,0.45635155,0.54364845
DIA,2,0.22040120,0.77959880
DIA,2,0.07125365,0.92874635
DIA,2,0.20650291,0.79349709
DIA,2,0.19673733,0.80326267
DIA,2,0.05718270,0.94281730
DIA,2,0.70276805,0.29723195
DIA,2,0.12341018,0.87658982
DIA,2,0.06495080,0.93504920
DIA,2,0.05952114,0.94047886
DIA,2,0.05610452,0.94389548
DIA,2,0.07393695,0.92606305
DIA,2,0.07866072,0.92133928
DIA,2,0.18226953,0.81773047
DIA,2,0.09089430,0.90910570
DIA,2,0.06261034,0.93738966
DIA,2,0.08536191,0.91463809
DIA,2,0.07037103,0.92962897
DIA,2,0.09201998,0.90798002
DIA,2,0.06218366,0.93781634
DIA,2,0.10729372,0.89270628
DIA,2,0.08053300,0.91946700
DIA,2,0.24293769,0.75706231
DIA,2,0.09066183,0.90933817
DIA,2,0.05835243,0.94164757
DIA,2,0.19629817,0.80370183
DIA,2,0.05937109,0.94062891
DIA,2,0.12112609,0.87887391
DIA,2,0.05788920,0.94211080
DIA,2,0.05652789,0.94347211
DIA,2,0.06011389,0.93988611
DIA,2,0.05925243,0.94074757
DIA,2,0.06093898,0.93906102
DIA,2,0.05700432,0.94299568
DIA,2,0.08156976,0.91843024
DIA,2,0.23016408,0.76983592
DIA,2,0.05655018,0.94344982
DIA,2,0.05955381,0.94044619
DIA,2,0.07325055,0.92674945
DIA,2,0.07482922,0.92517078
DIA,2,0.08510646,0.91489354
DIA,2,0.08093831,0.91906169
DIA,2,0.35063856,0.64936144
DIA,2,0.95750839,0.04249161
DIA,2,0.09100204,0.90899796
DIA,2,0.83311607,0.16688393
DIA,2,0.22947817,0.77052183
DIA,2,0.20431754,0.79568246
DIA,2,0.06184384,0.93815616
DIA,2,0.16729291,0.83270709
DIA,2,0.05657572,0.94342428
DIA,2,0.05686006,0.94313994
DIA,2,0.06585499,0.93414501
DIA,2,0.10637340,0.89362660
DIA,2,0.56241250,0.43758750
DIA,2,0.06214105,0.93785895
DIA,2,0.53755125,0.46244875
DIA,2,0.05615201,0.94384799
DIA,2,0.20819681,0.79180319
DIA,2,0.33235885,0.66764115
DIA,2,0.06183426,0.93816574
DIA,2,0.15060009,0.84939991
DIA,2,0.05833036,0.94166964
DIA,2,0.06667260,0.93332740
DIA,2,0.34564056,0.65435944
DIA,2,0.16481836,0.83518164
DIA,2,0.44839875,0.55160125
DIA,2,0.07305087,0.92694913
DIA,2,0.07411617,0.92588383
DIA,2,0.10647805,0.89352195
DIA,2,0.06686662,0.93313338
DIA,2,0.07574354,0.92425646
DIA,2,0.05669594,0.94330406
DIA,2,0.06299091,0.93700909
DIA,2,0.23581179,0.76418821
DIA,2,0.05968025,0.94031975
DIA,2,0.06054562,0.93945438
DIA,2,0.06867232,0.93132768
DIA,2,0.05622670,0.94377330
DIA,2,0.83806629,0.16193371
DIA,2,0.11857604,0.88142396
DIA,2,0.99950783,0.00049217
DIA,2,0.05858697,0.94141303
DIA,2,0.07081966,0.92918034
DIA,2,0.29332020,0.70667980
DIA,2,0.74159588,0.25840412
DIA,2,0.27293552,0.72706448
DIA,2,0.64515956,0.35484044
DIA,2,0.05635597,0.94364403
DIA,2,0.98249021,0.01750979
DIA,2,0.14670671,0.85329329
DIA,2,0.05609710,0.94390290
DIA,2,0.13693919,0.86306081
DIA,2,0.18497233,0.81502767
DIA,2,0.38798695,0.61201305
DIA,2,0.06469865,0.93530135
DIA,2,0.16571768,0.83428232
DIA,2,0.05623521,0.94376479
DIA,2,0.08491053,0.91508947
DIA,2,0.12886713,0.87113287
DIA,2,0.33846316,0.66153684
DIA,2,0.06582380,0.93417620
DIA,2,0.05637026,0.94362974
DIA,2,0.10406538,0.89593462
DIA,2,0.07073393,0.92926607
DIA,2,0.05892048,0.94107952
DIA,2,0.06023261,0.93976739
DIA,2,0.09725236,0.90274764
DIA,2,0.06449664,0.93550336
DIA,2,0.06029629,0.93970371
DIA,2,0.06074449,0.93925551
DIA,2,0.05912026,0.94087974
DIA,2,0.05693052,0.94306948
DIA,2,0.07429555,0.92570445
DIA,2,0.13316948,0.86683052
DIA,2,0.05623319,0.94376681
DIA,2,0.06703600,0.93296400
DIA,2,0.06239540,0.93760460
DIA,2,0.05645103,0.94354897
DIA,2,0.07816419,0.92183581
DIA,2,0.06089404,0.93910596
DIA,2,0.05919652,0.94080348
DIA,2,0.08105726,0.91894274
DIA,2,0.05736328,0.94263672
DIA,2,0.05834062,0.94165938
DIA,2,0.07882134,0.92117866
DIA,2,0.16413399,0.83586601
DIA,2,0.06561215,0.93438785
DIA,2,0.26297602,0.73702398
DIA,2,0.09163944,0.90836056
DIA,2,0.05864113,0.94135887
DIA,2,0.05942098,0.94057902
DIA,2,0.05736473,0.94263527
DIA,2,0.05610072,0.94389928
DIA,2,0.05833140,0.94166860
DIA,2,0.07346604,0.92653396
DIA,2,0.06102073,0.93897927
DIA,2,0.09862560,0.90137440
DIA,2,0.05613109,0.94386891
DIA,2,0.07263718,0.92736282
DIA,2,0.05731821,0.94268179
DIA,2,0.05640414,0.94359586
DIA,2,0.67386123,0.32613877
DIA,2,0.09321867,0.90678133
DIA,2,0.59061699,0.40938301
DIA,2,0.07359397,0.92640603
DIA,2,0.34272664,0.65727336
DIA,2,0.05878776,0.94121224
DIA,2,0.13548836,0.86451164
DIA,2,0.06292743,0.93707257
DIA,2,0.08973147,0.91026853
DIA,2,0.05613686,0.94386314
DIA,2,0.05777192,0.94222808
DIA,2,0.05609759,0.94390241
DIA,2,0.05642090,0.94357910
DIA,2,0.05807910,0.94192090
DIA,2,0.06022648,0.93977352
DIA,2,0.06187682,0.93812318
DIA,2,0.05612998,0.94387002
DIA,2,0.05642747,0.94357253
DIA,2,0.05623656,0.94376344
DIA,2,0.20712981,0.79287019
DIA,2,0.36318633,0.63681367
DIA,2,0.35962802,0.64037198
DIA,2,0.46659928,0.53340072
DIA,2,0.06012984,0.93987016
DIA,2,0.06451068,0.93548932
DIA,2,0.14867080,0.85132920
DIA,2,0.41948034,0.58051966
DIA,2,0.14249862,0.85750138
DIA,2,0.05744011,0.94255989
DIA,2,0.25382202,0.74617798
DIA,2,0.08177220,0.91822780
DIA,2,0.11041447,0.88958553
DIA,2,0.07439544,0.92560456
DIA,2,0.06148316,0.93851684
DIA,2,0.07045544,0.92954456
DIA,2,0.06419613,0.93580387
DIA,2,0.08664433,0.91335567
DIA,2,0.05904899,0.94095101
DIA,2,0.10653338,0.89346662
DIA,2,0.05642734,0.94357266
DIA,2,0.07486684,0.92513316
DIA,2,0.24268990,0.75731010
DIA,2,0.06391386,0.93608614
DIA,2,0.05989811,0.94010189
DIA,2,0.05972935,0.94027065
DIA,2,0.06793213,0.93206787
DIA,2,0.15354459,0.84645541
DIA,2,0.05782128,0.94217872
DIA,2,0.05612132,0.94387868
DIA,2,0.05744761,0.94255239
DIA,2,0.10330174,0.89669826
DIA,2,0.05645808,0.94354192
DIA,2,0.05815423,0.94184577
DIA,2,0.05698756,0.94301244
DIA,2,0.10564221,0.89435779
DIA,2,0.07122733,0.92877267
DIA,2,0.06075327,0.93924673
DIA,2,0.08978759,0.91021241
DIA,2,0.09951103,0.90048897
DIA,2,0.09972273,0.90027727
DIA,2,0.07355655,0.92644345
DIA,2,0.05680359,0.94319641
DIA,2,0.05609691,0.94390309
DIA,2,0.06725220,0.93274780
DIA,2,0.07896711,0.92103289
DIA,2,0.06743300,0.93256700
DIA,2,0.07811650,0.92188350
DIA,2,0.05668045,0.94331955
DIA,2,0.05986182,0.94013818
DIA,2,0.11083868,0.88916132
DIA,2,0.08505496,0.91494504
DIA,2,0.05618906,0.94381094
DIA,2,0.22215154,0.77784846
DIA,2,0.70710374,0.29289626
DIA,2,0.14267103,0.85732897
DIA,2,0.15242439,0.84757561
DIA,2,0.05631979,0.94368021
DIA,2,0.09080933,0.90919067
DIA,2,0.07074923,0.92925077
DIA,2,0.06876783,0.93123217
DIA,2,0.06379341,0.93620659
DIA,2,0.07220834,0.92779166
DIA,2,0.05773766,0.94226234
DIA,2,0.05610148,0.94389852
DIA,2,0.06405951,0.93594049
DIA,2,0.05827588,0.94172412
DIA,2,0.05706019,0.94293981
DIA,2,0.05639958,0.94360042
DIA,2,0.05626104,0.94373896
DIA,2,0.06866875,0.93133125
DIA,2,0.06076515,0.93923485
DIA,2,0.05670262,0.94329738
DIA,2,0.06557967,0.93442033
DIA,2,0.05611179,0.94388821
DIA,2,0.05617754,0.94382246
DIA,2,0.05879520,0.94120480
DIA,2,0.06002150,0.93997850
DIA,2,0.09145612,0.90854388
DIA,2,0.08028239,0.91971761
DIA,2,0.35251389,0.64748611
DIA,2,0.33847202,0.66152798
DIA,2,0.06153590,0.93846410
DIA,2,0.05775422,0.94224578
DIA,2,0.10811100,0.89188900
DIA,2,0.08811659,0.91188341
DIA,2,0.06278881,0.93721119
DIA,2,0.05609984,0.94390016
DIA,2,0.07492839,0.92507161
DIA,2,0.06468507,0.93531493
DIA,2,0.06660525,0.93339475
DIA,2,0.07183432,0.92816568
DIA,2,0.05893153,0.94106847
DIA,2,0.08413542,0.91586458
DIA,2,0.17173577,0.82826423
DIA,2,0.06638778,0.93361222
DIA,2,0.05955331,0.94044669
DIA,2,0.05655186,0.94344814
DIA,2,0.05728399,0.94271601
DIA,2,0.09677303,0.90322697
DIA,2,0.75161889,0.24838111
DIA,2,0.24361648,0.75638352
DIA,2,0.11214401,0.88785599
DIA,2,0.05696344,0.94303656
DIA,2,0.08064171,0.91935829
DIA,2,0.05992166,0.94007834
DIA,2,0.05834452,0.94165548
DIA,2,0.06290403,0.93709597
DIA,2,0.06384238,0.93615762
DIA,2,0.06309756,0.93690244
DIA,2,0.06054677,0.93945323
DIA,2,0.08853923,0.91146077
DIA,2,0.09860171,0.90139829
DIA,2,0.08182721,0.91817279
DIA,2,0.06674748,0.93325252
DIA,2,0.05935157,0.94064843
DIA,2,0.06506368,0.93493632
DIA,2,0.07844910,0.92155090
DIA,2,0.05647421,0.94352579
DIA,2,0.05619298,0.94380702
DIA,2,0.06051884,0.93948116
DIA,2,0.08824134,0.91175866
DIA,2,0.15091298,0.84908702
DIA,2,0.05961016,0.94038984
DIA,2,0.07610741,0.92389259
DIA,2,0.07879154,0.92120846
DIA,2,0.05691533,0.94308467
DIA,2,0.05670582,0.94329418
DIA,2,0.06999976,0.93000024
DIA,2,0.07701927,0.92298073
DIA,2,0.05654771,0.94345229
DIA,2,0.05676407,0.94323593
DIA,2,0.05702541,0.94297459
DIA,2,0.06201651,0.93798349
DIA,2,0.05753490,0.94246510
DIA,2,0.08941218,0.91058782
DIA,2,0.05909786,0.94090214
DIA,2,0.06560850,0.93439150
DIA,2,0.09339981,0.90660019
DIA,2,0.08081788,0.91918212
DIA,2,0.08923072,0.91076928
DIA,2,0.07494858,0.92505142
DIA,2,0.05678471,0.94321529
DIA,2,0.06777978,0.93222022
DIA,2,0.48487457,0.51512543
DIA,2,0.06004517,0.93995483
DIA,2,0.11595102,0.88404898
DIA,2,0.29994395,0.70005605
DIA,2,0.05816103,0.94183897
DIA,2,0.05810182,0.94189818
DIA,2,0.34591860,0.65408140
DIA,2,0.05682689,0.94317311
DIA,2,0.31755005,0.68244995
DIA,2,0.18765597,0.81234403
DIA,2,0.09495238,0.90504762
DIA,2,0.09543564,0.90456436
DIA,2,0.06246222,0.93753778
DIA,2,0.11950169,0.88049831
DIA,2,0.05622858,0.94377142
DIA,2,0.08388702,0.91611298
DIA,2,0.06353545,0.93646455
DIA,2,0.05613403,0.94386597
DIA,2,0.29690430,0.70309570
DIA,2,0.16701350,0.83298650
DIA,2,0.05610330,0.94389670
DIA,2,0.07104920,0.92895080
DIA,2,0.06672916,0.93327084
DIA,2,0.05610921,0.94389079
DIA,2,0.05797504,0.94202496
DIA,2,0.05780465,0.94219535
DIA,2,0.05624639,0.94375361
DIA,2,0.08566314,0.91433686
DIA,2,0.07484285,0.92515715
DIA,2,0.06026874,0.93973126
DIA,2,0.05969866,0.94030134
DIA,2,0.06377964,0.93622036
DIA,2,0.06080003,0.93919997
DIA,2,0.05630019,0.94369981
DIA,2,0.07112155,0.92887845
DIA,2,0.06112149,0.93887851
DIA,2,0.05974366,0.94025634
DIA,2,0.08070085,0.91929915
DIA,2,0.06779590,0.93220410
DIA,2,0.06611627,0.93388373
DIA,2,0.05609696,0.94390304
DIA,2,0.05706805,0.94293195
DIA,2,0.07228075,0.92771925
DIA,2,0.05815412,0.94184588
DIA,2,0.08790825,0.91209175
DIA,2,0.05610346,0.94389654
DIA,2,0.07075414,0.92924586
DIA,2,0.05611053,0.94388947
DIA,2,0.92968352,0.07031648
DIA,2,0.06632965,0.93367035
DIA,2,0.47474182,0.52525818
DIA,2,0.27549173,0.72450827
DIA,2,0.38339152,0.61660848
DIA,2,0.05612294,0.94387706
DIA,2,0.49061869,0.50938131
DIA,2,0.29519413,0.70480587
DIA,2,0.05810192,0.94189808
DIA,2,0.05609859,0.94390141
DIA,2,0.07422531,0.92577469
DIA,2,0.09653992,0.90346008
DIA,2,0.06248576,0.93751424
DIA,2,0.12795590,0.87204410
DIA,2,0.05609690,0.94390310
DIA,2,0.27492578,0.72507422
DIA,2,0.21231615,0.78768385
DIA,2,0.27020095,0.72979905
DIA,2,0.09896215,0.90103785
DIA,2,0.07461262,0.92538738
DIA,2,0.12256192,0.87743808
DIA,2,0.06146727,0.93853273
DIA,2,0.05935351,0.94064649
DIA,2,0.05840731,0.94159269
DIA,2,0.05760221,0.94239779
DIA,2,0.07865104,0.92134896
DIA,2,0.07688671,0.92311329
DIA,2,0.12356690,0.87643310
DIA,2,0.07130087,0.92869913
DIA,2,0.05621310,0.94378690
DIA,2,0.06566827,0.93433173
DIA,2,0.06651673,0.93348327
DIA,2,0.05704682,0.94295318
DIA,2,0.06699685,0.93300315
DIA,2,0.07404182,0.92595818
DIA,2,0.31162701,0.68837299
DIA,2,0.13657984,0.86342016
DIA,2,0.11544435,0.88455565
DIA,2,0.22120242,0.77879758
DIA,2,0.05755417,0.94244583
DIA,2,0.05738148,0.94261852
DIA,2,0.06328344,0.93671656
DIA,2,0.05621592,0.94378408
DIA,2,0.35092086,0.64907914
DIA,2,0.19215426,0.80784574
DIA,2,0.09984249,0.90015751
DIA,2,0.08122274,0.91877726
DIA,2,0.23525207,0.76474793
DIA,2,0.05754398,0.94245602
DIA,2,0.05609586,0.94390414
DIA,2,0.12912329,0.87087671
DIA,2,0.11006900,0.88993100
DIA,2,0.23494144,0.76505856
DIA,2,0.30622495,0.69377505
DIA,2,0.07498825,0.92501175
DIA,2,0.15614762,0.84385238
DIA,2,0.05623461,0.94376539
DIA,2,0.46850110,0.53149890
DIA,2,0.09465414,0.90534586
DIA,2,0.26603610,0.73396390
DIA,2,0.27983424,0.72016576
DIA,2,0.05726749,0.94273251
DIA,2,0.91223157,0.08776843
DIA,2,0.05975387,0.94024613
DIA,2,0.47530622,0.52469378
DIA,2,0.34584730,0.65415270
DIA,2,0.05695767,0.94304233
DIA,2,0.07125570,0.92874430
DIA,2,0.89055736,0.10944264
DIA,2,0.08741415,0.91258585
DIA,2,0.56581277,0.43418723
DIA,2,0.05744439,0.94255561
DIA,2,0.08373315,0.91626685
DIA,2,0.05622242,0.94377758
DIA,2,0.46286473,0.53713527
DIA,2,0.37925346,0.62074654
DIA,2,0.20839657,0.79160343
DIA,2,0.10266483,0.89733517
DIA,2,0.06898925,0.93101075
DIA,2,0.08049845,0.91950155
DIA,2,0.17347312,0.82652688
DIA,2,0.10450704,0.89549296
DIA,2,0.06931807,0.93068193
DIA,2,0.06035742,0.93964258
DIA,2,0.11674194,0.88325806
DIA,2,0.05659125,0.94340875
DIA,2,0.32261805,0.67738195
DIA,2,0.05944591,0.94055409
DIA,2,0.06103918,0.93896082
DIA,2,0.08958386,0.91041614
DIA,2,0.06725914,0.93274086
DIA,2,0.05819761,0.94180239
DIA,2,0.06419965,0.93580035
DIA,2,0.15350856,0.84649144
DIA,2,0.06182050,0.93817950
DIA,2,0.11582093,0.88417907
DIA,2,0.05880165,0.94119835
DIA,2,0.05697809,0.94302191
DIA,2,0.24312472,0.75687528
DIA,2,0.09491494,0.90508506
DIA,2,0.11815020,0.88184980
DIA,2,0.98698140,0.01301860
DIA,2,0.06638839,0.93361161
DIA,2,0.84753295,0.15246705
DIA,2,0.05610179,0.94389821
DIA,2,0.49361473,0.50638527
DIA,2,0.95228192,0.04771808
DIA,2,0.05612298,0.94387702
DIA,2,0.05832683,0.94167317
DIA,2,0.97323381,0.02676619
DIA,2,0.98671578,0.01328422
DIA,2,0.07139388,0.92860612
DIA,2,0.63978077,0.36021923
DIA,2,0.06465564,0.93534436
DIA,2,0.12693958,0.87306042
DIA,2,0.06390436,0.93609564
DIA,2,0.24335589,0.75664411
DIA,2,0.05791494,0.94208506
DIA,2,0.20529041,0.79470959
DIA,2,0.99938284,0.00061716
DIA,2,0.12898109,0.87101891
DIA,2,0.05614628,0.94385372
DIA,2,0.58474673,0.41525327
DIA,2,0.06050203,0.93949797
DIA,2,0.07476715,0.92523285
DIA,2,0.35575622,0.64424378
DIA,2,0.52142293,0.47857707
DIA,2,0.06965498,0.93034502
DIA,2,0.07353018,0.92646982
DIA,2,0.18407513,0.81592487
DIA,2,0.11042429,0.88957571
DIA,2,0.05615731,0.94384269
DIA,2,0.09187362,0.90812638
DIA,2,0.08619610,0.91380390
DIA,2,0.63454985,0.36545015
DIA,2,0.98553078,0.01446922
DIA,2,0.99238964,0.00761036
DIA,2,0.08450018,0.91549982
DIA,2,0.11169879,0.88830121
DIA,2,0.85620823,0.14379177
DIA,2,0.06099723,0.93900277
DIA,2,0.70098779,0.29901221
DIA,2,0.05611279,0.94388721
DIA,2,0.07558347,0.92441653
DIA,2,0.96008778,0.03991222
DIA,2,0.05611143,0.94388857
DIA,2,0.32326514,0.67673486
DIA,2,0.05691275,0.94308725
DIA,2,0.09142435,0.90857565
DIA,2,0.11468403,0.88531597
DIA,2,0.06109178,0.93890822
DIA,2,0.05770984,0.94229016
DIA,2,0.14527859,0.85472141
DIA,2,0.05623646,0.94376354
DIA,2,0.07011776,0.92988224
DIA,2,0.07859619,0.92140381
DIA,2,0.08402952,0.91597048
DIA,2,0.06911232,0.93088768
DIA,2,0.68234735,0.31765265
DIA,2,0.06896346,0.93103654
DIA,2,0.84466739,0.15533261
DIA,2,0.06157496,0.93842504
DIA,2,0.06908814,0.93091186
DIA,2,0.06306234,0.93693766
DIA,2,0.05885547,0.94114453
DIA,2,0.08113718,0.91886282
DIA,2,0.19441081,0.80558919
DIA,2,0.14713368,0.85286632
DIA,2,0.12826305,0.87173695
DIA,2,0.05626994,0.94373006
DIA,2,0.17569661,0.82430339
DIA,2,0.15642116,0.84357884
DIA,2,0.05717641,0.94282359
DIA,2,0.05809739,0.94190261
DIA,2,0.05660412,0.94339588
DIA,2,0.05736783,0.94263217
DIA,2,0.33124907,0.66875093
DIA,2,0.05813247,0.94186753
DIA,2,0.18367247,0.81632753
DIA,2,0.07090476,0.92909524
DIA,2,0.08538457,0.91461543
DIA,2,0.06543325,0.93456675
DIA,2,0.05610405,0.94389595
DIA,2,0.09835560,0.90164440
DIA,2,0.61321028,0.38678972
DIA,2,0.07575824,0.92424176
DIA,2,0.05698992,0.94301008
DIA,2,0.11724962,0.88275038
DIA,2,0.98969985,0.01030015
DIA,2,0.09427773,0.90572227
DIA,2,0.12126438,0.87873562
DIA,2,0.11343941,0.88656059
DIA,2,0.06308751,0.93691249
DIA,2,0.12561511,0.87438489
DIA,2,0.07704130,0.92295870
DIA,2,0.20838623,0.79161377
DIA,2,0.08382874,0.91617126
DIA,2,0.17119152,0.82880848
DIA,2,0.09238335,0.90761665
DIA,2,0.99995916,0.00004084
DIA,2,0.05851149,0.94148851
DIA,2,0.07084910,0.92915090
DIA,2,0.06788703,0.93211297
DIA,2,0.07407496,0.92592504
DIA,2,0.11313792,0.88686208
DIA,2,0.46066058,0.53933942
DIA,2,0.06784790,0.93215210
DIA,2,0.36428775,0.63571225
DIA,2,0.17816864,0.82183136
DIA,2,0.06927266,0.93072734
DIA,2,0.48388137,0.51611863
DIA,2,0.23074323,0.76925677
DIA,2,0.50127379,0.49872621
DIA,2,0.90656572,0.09343428
DIA,2,0.98866304,0.01133696
DIA,2,0.05642222,0.94357778
DIA,2,0.15346854,0.84653146
DIA,2,0.77621890,0.22378110
DIA,2,0.06781741,0.93218259
DIA,2,0.05651461,0.94348539
DIA,2,0.05642502,0.94357498
DIA,2,0.97261088,0.02738912
DIA,2,0.14403321,0.85596679
DIA,2,0.41198917,0.58801083
DIA,2,0.18143102,0.81856898
DIA,2,0.05858878,0.94141122
DIA,2,0.06084670,0.93915330
DIA,2,0.87836210,0.12163790
DIA,2,0.29140727,0.70859273
DIA,2,0.15597961,0.84402039
DIA,2,0.05648896,0.94351104
DIA,2,0.07460445,0.92539555
DIA,2,0.94027565,0.05972435
DIA,2,0.05757948,0.94242052
DIA,2,0.05951204,0.94048796
DIA,2,0.31693598,0.68306402
DIA,2,0.07300113,0.92699887
DIA,2,0.16572570,0.83427430
DIA,2,0.23049661,0.76950339
DIA,2,0.14267480,0.85732520
DIA,2,0.52702116,0.47297884
DIA,2,0.99915154,0.00084846
DIA,2,0.06325542,0.93674458
DIA,2,0.07537618,0.92462382
DIA,2,0.05668530,0.94331470
DIA,2,0.05655741,0.94344259
DIA,2,0.05614026,0.94385974
DIA,2,0.07339165,0.92660835
DIA,2,0.05641940,0.94358060
DIA,2,0.15310357,0.84689643
DIA,2,0.06263304,0.93736696
DIA,2,0.06651201,0.93348799
DIA,2,0.23922009,0.76077991
DIA,2,0.05663161,0.94336839
DIA,2,0.73112465,0.26887535
DIA,2,0.06302670,0.93697330
DIA,2,0.05622818,0.94377182
DIA,2,0.23135776,0.76864224
DIA,2,0.15112241,0.84887759
DIA,2,0.05637926,0.94362074
DIA,2,0.07054999,0.92945001
DIA,2,0.09878099,0.90121901
DIA,2,0.27092541,0.72907459
DIA,2,0.06483666,0.93516334
DIA,2,0.06322150,0.93677850
DIA,2,0.82753477,0.17246523
DIA,2,0.12625632,0.87374368
DIA,2,0.07181395,0.92818605
DIA,2,0.05866730,0.94133270
DIA,2,0.33646217,0.66353783
DIA,2,0.10666274,0.89333726
DIA,2,0.06545103,0.93454897
DIA,2,0.05717906,0.94282094
DIA,2,0.13803974,0.86196026
DIA,2,0.11158299,0.88841701
DIA,2,0.05690767,0.94309233
DIA,2,0.05620918,0.94379082
DIA,2,0.06345503,0.93654497
DIA,2,0.11807734,0.88192266
DIA,2,0.63151722,0.36848278
DIA,2,0.05727677,0.94272323
DIA,2,0.06951471,0.93048529
DIA,2,0.09605307,0.90394693
DIA,2,0.08184624,0.91815376
DIA,2,0.06277486,0.93722514
DIA,2,0.14339913,0.85660087
DIA,2,0.55357407,0.44642593
DIA,2,0.10526411,0.89473589
DIA,2,0.10862615,0.89137385
DIA,2,0.09604108,0.90395892
DIA,2,0.06244890,0.93755110
DIA,2,0.05622654,0.94377346
DIA,2,0.07468279,0.92531721
DIA,2,0.05688644,0.94311356
DIA,2,0.08767910,0.91232090
DIA,2,0.12368213,0.87631787
DIA,2,0.05662123,0.94337877
DIA,2,0.05665315,0.94334685
DIA,2,0.06294627,0.93705373
DIA,2,0.05688442,0.94311558
DIA,2,0.08851511,0.91148489
DIA,2,0.07058632,0.92941368
DIA,2,0.08999492,0.91000508
DIA,2,0.06519758,0.93480242
DIA,2,0.14933195,0.85066805
DIA,2,0.06229060,0.93770940
DIA,2,0.05634888,0.94365112
DIA,2,0.18071914,0.81928086
DIA,2,0.05961955,0.94038045
DIA,2,0.65457988,0.34542012
DIA,2,0.06455900,0.93544100
DIA,2,0.06036959,0.93963041
DIA,2,0.11831157,0.88168843
DIA,2,0.05690597,0.94309403
DIA,2,0.08092924,0.91907076
DIA,2,0.05617431,0.94382569
DIA,2,0.12685990,0.87314010
DIA,2,0.17771910,0.82228090
DIA,2,0.05818185,0.94181815
DIA,2,0.40760664,0.59239336
DIA,2,0.06070506,0.93929494
DIA,2,0.38132743,0.61867257
DIA,2,0.16638635,0.83361365
DIA,2,0.06245392,0.93754608
DIA,2,0.12420507,0.87579493
DIA,2,0.09046525,0.90953475
DIA,2,0.13611518,0.86388482
DIA,2,0.13960786,0.86039214
DIA,2,0.13758837,0.86241163
DIA,2,0.13297697,0.86702303
DIA,2,0.30725961,0.69274039
DIA,2,0.05652971,0.94347029
DIA,2,0.06473576,0.93526424
DIA,2,0.07651953,0.92348047
DIA,2,0.05629379,0.94370621
DIA,2,0.11645349,0.88354651
DIA,2,0.06872247,0.93127753
DIA,2,0.18979817,0.81020183
DIA,2,0.13457314,0.86542686
DIA,2,0.06873482,0.93126518
DIA,2,0.05771740,0.94228260
DIA,2,0.05612845,0.94387155
DIA,2,0.06022003,0.93977997
DIA,2,0.06063779,0.93936221
DIA,2,0.05644801,0.94355199
DIA,2,0.14373405,0.85626595
DIA,2,0.06100026,0.93899974
DIA,2,0.05916862,0.94083138
DIA,2,0.05609777,0.94390223
DIA,2,0.05859810,0.94140190
DIA,2,0.06152958,0.93847042
DIA,2,0.05616327,0.94383673
DIA,2,0.05789626,0.94210374
DIA,2,0.12031744,0.87968256
DIA,2,0.08817577,0.91182423
DIA,2,0.27761336,0.72238664
DIA,2,0.10788830,0.89211170
DIA,2,0.05631342,0.94368658
DIA,2,0.13759246,0.86240754
DIA,2,0.10301413,0.89698587
DIA,2,0.10762734,0.89237266
DIA,2,0.30910126,0.69089874
DIA,2,0.05613848,0.94386152
DIA,2,0.05757117,0.94242883
DIA,2,0.05657604,0.94342396
DIA,2,0.07928319,0.92071681
DIA,2,0.05638349,0.94361651
DIA,2,0.05697826,0.94302174
DIA,2,0.11961258,0.88038742
DIA,2,0.14932448,0.85067552
DIA,2,0.06536978,0.93463022
DIA,2,0.06009827,0.93990173
DIA,2,0.06545097,0.93454903
DIA,2,0.08447688,0.91552312
DIA,2,0.09524193,0.90475807
DIA,2,0.05738843,0.94261157
DIA,2,0.11740393,0.88259607
DIA,2,0.05631602,0.94368398
DIA,2,0.06431631,0.93568369
DIA,2,0.06477653,0.93522347
DIA,2,0.71821030,0.28178970
DIA,2,0.06436773,0.93563227
DIA,2,0.05610932,0.94389068
DIA,2,0.05949493,0.94050507
DIA,2,0.06922050,0.93077950
DIA,2,0.05734628,0.94265372
DIA,2,0.07195969,0.92804031
DIA,2,0.06667448,0.93332552
DIA,2,0.07744206,0.92255794
DIA,2,0.16221622,0.83778378
DIA,2,0.05813099,0.94186901
DIA,2,0.08565944,0.91434056
DIA,2,0.06201558,0.93798442
DIA,2,0.05616175,0.94383825
DIA,2,0.07755771,0.92244229
DIA,2,0.05645692,0.94354308
DIA,2,0.07567387,0.92432613
DIA,2,0.05732628,0.94267372
DIA,2,0.08886885,0.91113115
DIA,2,0.10339554,0.89660446
DIA,2,0.05653230,0.94346770
DIA,2,0.06256066,0.93743934
DIA,2,0.13975219,0.86024781
DIA,2,0.07701425,0.92298575
DIA,2,0.07228920,0.92771080
DIA,2,0.11590759,0.88409241
DIA,2,0.06094293,0.93905707
DIA,2,0.05721370,0.94278630
DIA,2,0.06141626,0.93858374
DIA,2,0.05883847,0.94116153
DIA,2,0.13283496,0.86716504
DIA,2,0.06343945,0.93656055
DIA,2,0.06763985,0.93236015
DIA,2,0.05618576,0.94381424
DIA,2,0.06913003,0.93086997
DIA,2,0.05670967,0.94329033
DIA,2,0.05860550,0.94139450
DIA,2,0.07774192,0.92225808
DIA,2,0.06534200,0.93465800
DIA,2,0.06082709,0.93917291
DIA,2,0.05830437,0.94169563
DIA,2,0.11349296,0.88650704
DIA,2,0.05934863,0.94065137
DIA,2,0.06529616,0.93470384
DIA,2,0.14310673,0.85689327
DIA,2,0.06179591,0.93820409
DIA,2,0.07265556,0.92734444
DIA,2,0.05658432,0.94341568
DIA,2,0.06046549,0.93953451
DIA,2,0.05652307,0.94347693
DIA,2,0.12317686,0.87682314
DIA,2,0.07419219,0.92580781
DIA,2,0.10143632,0.89856368
DIA,2,0.05609735,0.94390265
DIA,2,0.05654297,0.94345703
DIA,2,0.06897478,0.93102522
DIA,2,0.06772515,0.93227485
DIA,2,0.12753213,0.87246787
DIA,2,0.07639871,0.92360129
DIA,2,0.07981650,0.92018350
DIA,2,0.10294667,0.89705333
DIA,2,0.05747616,0.94252384
DIA,2,0.06676844,0.93323156
DIA,2,0.05996487,0.94003513
DIA,2,0.07002304,0.92997696
DIA,2,0.07552105,0.92447895
DIA,2,0.05672351,0.94327649
DIA,2,0.05851617,0.94148383
DIA,2,0.05935173,0.94064827
DIA,2,0.05613639,0.94386361
DIA,2,0.05800727,0.94199273
DIA,2,0.10918349,0.89081651
DIA,2,0.08654308,0.91345692
DIA,2,0.05620766,0.94379234
DIA,2,0.06034399,0.93965601
DIA,2,0.05884156,0.94115844
DIA,2,0.13855481,0.86144519
DIA,2,0.06357145,0.93642855
DIA,2,0.05654125,0.94345875
DIA,2,0.14697261,0.85302739
DIA,2,0.06010615,0.93989385
DIA,2,0.06099109,0.93900891
DIA,2,0.06536022,0.93463978
DIA,2,0.05912381,0.94087619
DIA,2,0.19810622,0.80189378
DIA,2,0.05956501,0.94043499
DIA,2,0.05609589,0.94390411
DIA,2,0.09891563,0.90108437
DIA,2,0.07832950,0.92167050
DIA,2,0.06552059,0.93447941
DIA,2,0.05838410,0.94161590
DIA,2,0.06800538,0.93199462
DIA,2,0.05633549,0.94366451
DIA,2,0.10930128,0.89069872
DIA,2,0.05667283,0.94332717
DIA,2,0.11581784,0.88418216
DIA,2,0.09469701,0.90530299
DIA,2,0.10710964,0.89289036
DIA,2,0.07751031,0.92248969
DIA,2,0.07224355,0.92775645
DIA,2,0.05930523,0.94069477
DIA,2,0.09044011,0.90955989
DIA,2,0.15949755,0.84050245
DIA,2,0.26167273,0.73832727
DIA,2,0.06824880,0.93175120
DIA,2,0.08163779,0.91836221
DIA,2,0.41606344,0.58393656
DIA,2,0.09064504,0.90935496
DIA,2,0.05715373,0.94284627
DIA,2,0.05743962,0.94256038
DIA,2,0.05657381,0.94342619
DIA,2,0.07821121,0.92178879
DIA,2,0.13739600,0.86260400
DIA,2,0.05896917,0.94103083
DIA,2,0.24219411,0.75780589
DIA,2,0.07298948,0.92701052
DIA,2,0.05646857,0.94353143
DIA,2,0.05609714,0.94390286
DIA,2,0.07280726,0.92719274
DIA,2,0.05684831,0.94315169
DIA,2,0.06859655,0.93140345
DIA,2,0.06253372,0.93746628
DIA,2,0.05687270,0.94312730
DIA,2,0.05830174,0.94169826
DIA,2,0.05623909,0.94376091
DIA,2,0.25638587,0.74361413
DIA,2,0.10889019,0.89110981
DIA,2,0.05618951,0.94381049
DIA,2,0.05844977,0.94155023
DIA,2,0.05809577,0.94190423
DIA,2,0.05720086,0.94279914
DIA,2,0.06254771,0.93745229
DIA,2,0.06615568,0.93384432
DIA,2,0.06854891,0.93145109
DIA,2,0.24228336,0.75771664
DIA,2,0.07021609,0.92978391
DIA,2,0.05764534,0.94235466
DIA,2,0.05610538,0.94389462
DIA,2,0.07944193,0.92055807
DIA,2,0.16831278,0.83168722
DIA,2,0.08735888,0.91264112
DIA,2,0.05611655,0.94388345
DIA,2,0.06435498,0.93564502
DIA,2,0.06105446,0.93894554
DIA,2,0.05731581,0.94268419
DIA,2,0.05617594,0.94382406
DIA,2,0.05626997,0.94373003
DIA,2,0.08653297,0.91346703
DIA,2,0.05614946,0.94385054
DIA,2,0.05631597,0.94368403
DIA,2,0.07287991,0.92712009
DIA,2,0.06245630,0.93754370
DIA,2,0.06426152,0.93573848
DIA,2,0.05635983,0.94364017
DIA,2,0.06043926,0.93956074
DIA,2,0.07719052,0.92280948
DIA,2,0.06025939,0.93974061
DIA,2,0.06909391,0.93090609
DIA,2,0.13721607,0.86278393
DIA,2,0.06559986,0.93440014
DIA,2,0.05832350,0.94167650
DIA,2,0.05967726,0.94032274
DIA,2,0.07529731,0.92470269
DIA,2,0.05806532,0.94193468
DIA,2,0.07395384,0.92604616
DIA,2,0.06336194,0.93663806
DIA,2,0.09132408,0.90867592
DIA,2,0.10322054,0.89677946
DIA,2,0.06462809,0.93537191
DIA,2,0.08029196,0.91970804
DIA,2,0.06040328,0.93959672
DIA,2,0.06490493,0.93509507
DIA,2,0.05721783,0.94278217
DIA,2,0.05684618,0.94315382
DIA,2,0.06051944,0.93948056
DIA,2,0.20485571,0.79514429
DIA,2,0.05970197,0.94029803
DIA,2,0.10894835,0.89105165
DIA,2,0.06017393,0.93982607
DIA,2,0.05781238,0.94218762
DIA,2,0.05664384,0.94335616
DIA,2,0.15923100,0.84076900
DIA,2,0.05902496,0.94097504
DIA,2,0.05703474,0.94296526
DIA,2,0.05914449,0.94085551
DIA,2,0.05637819,0.94362181
DIA,2,0.05669148,0.94330852
DIA,2,0.05872638,0.94127362
DIA,2,0.05846244,0.94153756
DIA,2,0.13107034,0.86892966
DIA,2,0.05663352,0.94336648
DIA,2,0.06176562,0.93823438
DIA,2,0.05707859,0.94292141
DIA,2,0.05659413,0.94340587
DIA,2,0.07514511,0.92485489
DIA,2,0.05704115,0.94295885
DIA,2,0.06152274,0.93847726
DIA,2,0.06915993,0.93084007
DIA,2,0.05715054,0.94284946
DIA,2,0.09583971,0.90416029
DIA,2,0.13614731,0.86385269
DIA,2,0.08755369,0.91244631
DIA,2,0.08301845,0.91698155
DIA,2,0.06678492,0.93321508
DIA,2,0.05665983,0.94334017
DIA,2,0.16341784,0.83658216
DIA,2,0.05820422,0.94179578
DIA,2,0.07376050,0.92623950
DIA,2,0.12976884,0.87023116
DIA,2,0.05773746,0.94226254
DIA,2,0.21917290,0.78082710
DIA,2,0.08004193,0.91995807
DIA,2,0.05615253,0.94384747
DIA,2,0.05612488,0.94387512
DIA,2,0.13722450,0.86277550
DIA,2,0.05649777,0.94350223
DIA,2,0.17567704,0.82432296
DIA,2,0.08702041,0.91297959
DIA,2,0.05667790,0.94332210
DIA,2,0.05659711,0.94340289
DIA,2,0.05619856,0.94380144
DIA,2,0.07155119,0.92844881
DIA,2,0.08265678,0.91734322
DIA,2,0.08549445,0.91450555
DIA,2,0.05622656,0.94377344
DIA,2,0.11738289,0.88261711
DIA,2,0.06081313,0.93918687
DIA,2,0.06410213,0.93589787
DIA,2,0.25809086,0.74190914
DIA,2,0.05660658,0.94339342
DIA,2,0.09922108,0.90077892
DIA,2,0.17400780,0.82599220
DIA,2,0.07092898,0.92907102
DIA,2,0.05672374,0.94327626
DIA,2,0.06553398,0.93446602
DIA,2,0.10120561,0.89879439
DIA,2,0.06296915,0.93703085
DIA,2,0.05752495,0.94247505
DIA,2,0.06025288,0.93974712
DIA,2,0.10471233,0.89528767
DIA,2,0.05612212,0.94387788
DIA,2,0.06097810,0.93902190
DIA,2,0.06633069,0.93366931
DIA,2,0.05678921,0.94321079
DIA,2,0.06773873,0.93226127
DIA,2,0.31716343,0.68283657
DIA,2,0.05667673,0.94332327
DIA,2,0.07115871,0.92884129
DIA,2,0.14077894,0.85922106
DIA,2,0.11099591,0.88900409
DIA,2,0.24078203,0.75921797
DIA,2,0.05745624,0.94254376
DIA,2,0.06130577,0.93869423
DIA,2,0.05954961,0.94045039
DIA,2,0.05830899,0.94169101
DIA,2,0.05800765,0.94199235
DIA,2,0.05721368,0.94278632
DIA,2,0.06004572,0.93995428
DIA,2,0.05668933,0.94331067
DIA,2,0.05745819,0.94254181
DIA,2,0.05727745,0.94272255
DIA,2,0.06683449,0.93316551
DIA,2,0.05762838,0.94237162
DIA,2,0.08944105,0.91055895
DIA,2,0.05655902,0.94344098
DIA,2,0.07898167,0.92101833
DIA,2,0.08231806,0.91768194
DIA,2,0.05611785,0.94388215
DIA,2,0.05649787,0.94350213
DIA,2,0.05660522,0.94339478
DIA,2,0.05672623,0.94327377
DIA,2,0.06447409,0.93552591
DIA,2,0.05612695,0.94387305
DIA,2,0.05733205,0.94266795
DIA,2,0.05627918,0.94372082
DIA,2,0.05696632,0.94303368
DIA,2,0.13352568,0.86647432
DIA,2,0.05737898,0.94262102
DIA,2,0.07586778,0.92413222
DIA,2,0.07246834,0.92753166
DIA,2,0.51652837,0.48347163
DIA,2,0.08562429,0.91437571
DIA,2,0.17810136,0.82189864
DIA,2,0.12635699,0.87364301
DIA,2,0.05866948,0.94133052
DIA,2,0.05668549,0.94331451
DIA,2,0.18278270,0.81721730
DIA,2,0.05653675,0.94346325
DIA,2,0.35335977,0.64664023
DIA,2,0.05610158,0.94389842
DIA,2,0.06755383,0.93244617
DIA,2,0.05973956,0.94026044
DIA,2,0.16249965,0.83750035
DIA,2,0.34325855,0.65674145
DIA,2,0.96938960,0.03061040
DIA,2,0.07032805,0.92967195
DIA,2,0.07026349,0.92973651
DIA,2,0.38902326,0.61097674
DIA,2,0.05942423,0.94057577
DIA,2,0.06154009,0.93845991
DIA,2,0.11986405,0.88013595
DIA,2,0.08111691,0.91888309
DIA,2,0.24101657,0.75898343
DIA,2,0.06171655,0.93828345
DIA,2,0.07402728,0.92597272
DIA,2,0.05656001,0.94343999
DIA,2,0.05676466,0.94323534
DIA,2,0.06448335,0.93551665
DIA,2,0.13718781,0.86281219
DIA,2,0.05891545,0.94108455
DIA,2,0.05615635,0.94384365
DIA,2,0.06289503,0.93710497
DIA,2,0.07140395,0.92859605
DIA,2,0.07392039,0.92607961
DIA,2,0.26166647,0.73833353
DIA,2,0.05613942,0.94386058
DIA,2,0.06960897,0.93039103
DIA,2,0.12953024,0.87046976
DIA,2,0.14077319,0.85922681
DIA,2,0.05682895,0.94317105
DIA,2,0.05980051,0.94019949
DIA,2,0.07392420,0.92607580
DIA,2,0.08798637,0.91201363
DIA,2,0.07463689,0.92536311
DIA,2,0.05609790,0.94390210
DIA,2,0.05890989,0.94109011
DIA,2,0.17106975,0.82893025
DIA,2,0.05774734,0.94225266
DIA,2,0.05712614,0.94287386
DIA,2,0.05805186,0.94194814
DIA,2,0.08012185,0.91987815
DIA,2,0.07156101,0.92843899
DIA,2,0.06262917,0.93737083
DIA,2,0.05629367,0.94370633
DIA,2,0.06375331,0.93624669
DIA,2,0.05625367,0.94374633
DIA,2,0.06478738,0.93521262
DIA,2,0.08855541,0.91144459
DIA,2,0.10093618,0.89906382
DIA,2,0.05829624,0.94170376
DIA,2,0.12743162,0.87256838
DIA,2,0.05621614,0.94378386
DIA,2,0.11095382,0.88904618
DIA,2,0.07068276,0.92931724
DIA,2,0.08333281,0.91666719
DIA,2,0.08382060,0.91617940
DIA,2,0.06508176,0.93491824
DIA,2,0.05668424,0.94331576
DIA,2,0.09055489,0.90944511
DIA,2,0.05638358,0.94361642
DIA,2,0.11275810,0.88724190
DIA,2,0.06388712,0.93611288
DIA,2,0.07705381,0.92294619
DIA,2,0.07374701,0.92625299
DIA,2,0.06049825,0.93950175
DIA,2,0.05881171,0.94118829
DIA,2,0.10643325,0.89356675
DIA,2,0.07504990,0.92495010
DIA,2,0.07131204,0.92868796
DIA,2,0.11368939,0.88631061
DIA,2,0.99959169,0.00040831
DIA,2,0.05978478,0.94021522
DIA,2,0.07347785,0.92652215
DIA,2,0.08508931,0.91491069
DIA,2,0.09254849,0.90745151
DIA,2,0.05615356,0.94384644
DIA,2,0.06625145,0.93374855
DIA,2,0.08535169,0.91464831
DIA,2,0.05760875,0.94239125
DIA,2,0.05984825,0.94015175
DIA,2,0.06012511,0.93987489
DIA,2,0.13537730,0.86462270
DIA,2,0.12906552,0.87093448
DIA,2,0.13190307,0.86809693
DIA,2,0.06192830,0.93807170
DIA,2,0.05976846,0.94023154
DIA,2,0.06331621,0.93668379
DIA,2,0.05893708,0.94106292
DIA,2,0.05776639,0.94223361
DIA,2,0.07948595,0.92051405
DIA,2,0.06787470,0.93212530
DIA,2,0.06075763,0.93924237
DIA,2,0.07162219,0.92837781
DIA,2,0.06318196,0.93681804
DIA,2,0.05895513,0.94104487
DIA,2,0.07088612,0.92911388
DIA,2,0.05865665,0.94134335
DIA,2,0.05932786,0.94067214
DIA,2,0.07646516,0.92353484
DIA,2,0.95439655,0.04560345
DIA,2,0.05750140,0.94249860
DIA,2,0.15553202,0.84446798
DIA,2,0.05891679,0.94108321
DIA,2,0.10626066,0.89373934
DIA,2,0.05696462,0.94303538
DIA,2,0.08801493,0.91198507
DIA,2,0.12675741,0.87324259
DIA,2,0.05707939,0.94292061
DIA,2,0.06214154,0.93785846
DIA,2,0.08818713,0.91181287
DIA,2,0.05609719,0.94390281
DIA,2,0.06442519,0.93557481
DIA,2,0.05817614,0.94182386
DIA,2,0.34445356,0.65554644
DIA,2,0.08313868,0.91686132
DIA,2,0.07343158,0.92656842
DIA,2,0.37979429,0.62020571
DIA,2,0.05612056,0.94387944
DIA,2,0.08723278,0.91276722
DIA,2,0.19046248,0.80953752
DIA,2,0.06340616,0.93659384
DIA,2,0.11026898,0.88973102
DIA,2,0.05868098,0.94131902
DIA,2,0.07563325,0.92436675
DIA,2,0.06197340,0.93802660
DIA,2,0.05962473,0.94037527
DIA,2,0.06172471,0.93827529
DIA,2,0.08381413,0.91618587
DIA,2,0.06128345,0.93871655
DIA,2,0.05958233,0.94041767
DIA,2,0.08477074,0.91522926
DIA,2,0.05828687,0.94171313
DIA,2,0.12288662,0.87711338
DIA,2,0.05999549,0.94000451
DIA,2,0.06036473,0.93963527
DIA,2,0.06719051,0.93280949
DIA,2,0.08422124,0.91577876
DIA,2,0.06035865,0.93964135
DIA,2,0.05609816,0.94390184
DIA,2,0.05724583,0.94275417
DIA,2,0.11965616,0.88034384
DIA,2,0.45557908,0.54442092
DIA,2,0.05627375,0.94372625
DIA,2,0.06249778,0.93750222
DIA,2,0.06356476,0.93643524
DIA,2,0.06713533,0.93286467
DIA,2,0.20839534,0.79160466
DIA,2,0.22165532,0.77834468
DIA,2,0.38181883,0.61818117
DIA,2,0.12048107,0.87951893
DIA,2,0.10457672,0.89542328
DIA,2,0.06513857,0.93486143
DIA,2,0.66046794,0.33953206
DIA,2,0.19961062,0.80038938
DIA,2,0.05997479,0.94002521
DIA,2,0.20116713,0.79883287
DIA,2,0.29097259,0.70902741
DIA,2,0.11629970,0.88370030
DIA,2,0.07110087,0.92889913
DIA,2,0.09930657,0.90069343
DIA,2,0.05619759,0.94380241
DIA,2,0.05633585,0.94366415
DIA,2,0.23829431,0.76170569
DIA,2,0.05678994,0.94321006
DIA,2,0.06047096,0.93952904
DIA,2,0.06316586,0.93683414
DIA,2,0.41579184,0.58420816
DIA,2,0.09846595,0.90153405
DIA,2,0.05622242,0.94377758
DIA,2,0.07123523,0.92876477
DIA,2,0.99997050,0.00002950
DIA,2,1.00000000,0.00000000
DIA,2,0.22184855,0.77815145
DIA,2,0.10683053,0.89316947
DIA,2,1.00000000,0.00000000
DIA,2,0.54431125,0.45568875
DIA,2,0.20818407,0.79181593
DIA,2,0.10379091,0.89620909
DIA,2,0.06078404,0.93921596
DIA,2,0.44629794,0.55370206
DIA,2,0.26562951,0.73437049
DIA,2,0.94504259,0.05495741
DIA,2,0.88145701,0.11854299
DIA,2,0.18648222,0.81351778
DIA,2,0.19589043,0.80410957
DIA,2,0.05708960,0.94291040
DIA,2,0.05982699,0.94017301
DIA,2,0.08790422,0.91209578
DIA,2,0.06389276,0.93610724
DIA,2,0.05853105,0.94146895
DIA,2,0.22672909,0.77327091
DIA,2,0.05679261,0.94320739
DIA,2,0.11418067,0.88581933
DIA,2,0.07522930,0.92477070
DIA,2,0.07951746,0.92048254
DIA,2,0.05860781,0.94139219
DIA,2,0.96797771,0.03202229
DIA,2,0.06389917,0.93610083
DIA,2,0.05922524,0.94077476
DIA,2,0.07587358,0.92412642
DIA,2,0.09533777,0.90466223
DIA,2,0.06293842,0.93706158
DIA,2,0.05871055,0.94128945
DIA,2,0.57971425,0.42028575
DIA,2,0.05724731,0.94275269
DIA,2,0.07496571,0.92503429
DIA,2,0.40028435,0.59971565
DIA,2,0.06495585,0.93504415
DIA,2,0.05844804,0.94155196
DIA,2,0.05710319,0.94289681
DIA,2,0.05648464,0.94351536
DIA,2,0.06866856,0.93133144
DIA,2,0.05744480,0.94255520
DIA,2,0.05942431,0.94057569
DIA,2,0.12289651,0.87710349
DIA,2,0.05639573,0.94360427
DIA,2,0.05877743,0.94122257
DIA,2,0.05610927,0.94389073
DIA,2,0.05859741,0.94140259
DIA,2,0.45263233,0.54736767
DIA,2,0.07406861,0.92593139
DIA,2,0.07724086,0.92275914
DIA,2,0.05725854,0.94274146
DIA,2,0.05633974,0.94366026
DIA,2,0.10256730,0.89743270
DIA,2,0.17904273,0.82095727
DIA,2,0.05709134,0.94290866
DIA,2,0.10602768,0.89397232
DIA,2,0.13204150,0.86795850
DIA,2,0.08240048,0.91759952
DIA,2,0.11180902,0.88819098
DIA,2,0.05620701,0.94379299
DIA,2,0.08813756,0.91186244
DIA,2,0.10145622,0.89854378
DIA,2,0.06565885,0.93434115
DIA,2,0.06605654,0.93394346
DIA,2,0.06663098,0.93336902
DIA,2,0.07345527,0.92654473
DIA,2,0.05704532,0.94295468
DIA,2,0.11422117,0.88577883
DIA,2,0.06531348,0.93468652
DIA,2,0.07148112,0.92851888
DIA,2,0.05955878,0.94044122
DIA,2,0.05630608,0.94369392
DIA,2,0.06350401,0.93649599
DIA,2,0.15443064,0.84556936
DIA,2,0.07485796,0.92514204
DIA,2,0.06374850,0.93625150
DIA,2,0.05658170,0.94341830
DIA,2,0.06649231,0.93350769
DIA,2,0.06442320,0.93557680
DIA,2,0.08902503,0.91097497
DIA,2,0.19211157,0.80788843
DIA,2,0.17166581,0.82833419
DIA,2,0.05613741,0.94386259
DIA,2,0.05741245,0.94258755
DIA,2,0.06773771,0.93226229
DIA,2,0.06462916,0.93537084
DIA,2,0.06415156,0.93584844
DIA,2,0.12958711,0.87041289
DIA,2,0.14466706,0.85533294
DIA,2,0.05625627,0.94374373
DIA,2,0.05634553,0.94365447
DIA,2,0.05630963,0.94369037
DIA,2,0.05610841,0.94389159
DIA,2,0.05615748,0.94384252
DIA,2,0.06127847,0.93872153
DIA,2,0.49400858,0.50599142
DIA,2,0.07503408,0.92496592
DIA,2,0.05857416,0.94142584
DIA,2,0.06161369,0.93838631
DIA,2,0.05758518,0.94241482
DIA,2,0.05767214,0.94232786
DIA,2,0.07174040,0.92825960
DIA,2,0.05652690,0.94347310
DIA,2,0.08784769,0.91215231
DIA,2,0.06434706,0.93565294
DIA,2,0.05807336,0.94192664
DIA,2,0.06565503,0.93434497
DIA,2,0.06551476,0.93448524
DIA,2,0.19541744,0.80458256
DIA,2,0.06727613,0.93272387
DIA,2,0.05624536,0.94375464
DIA,2,0.05924165,0.94075835
DIA,2,0.07053999,0.92946001
DIA,2,0.06060622,0.93939378
DIA,2,0.06333621,0.93666379
DIA,2,0.05742493,0.94257507
DIA,2,0.05752181,0.94247819
DIA,2,0.06298738,0.93701262
DIA,2,0.06382242,0.93617758
DIA,2,0.07538170,0.92461830
DIA,2,0.05790074,0.94209926
DIA,2,0.05766839,0.94233161
DIA,2,0.05660230,0.94339770
DIA,2,0.05747374,0.94252626
DIA,2,0.06941291,0.93058709
DIA,2,0.05647827,0.94352173
DIA,2,0.05801714,0.94198286
DIA,2,0.05611114,0.94388886
DIA,2,0.06932451,0.93067549
DIA,2,0.58157444,0.41842556
DIA,2,0.14474483,0.85525517
DIA,2,0.07052278,0.92947722
DIA,2,0.05609585,0.94390415
DIA,2,0.07808584,0.92191416
DIA,2,0.06624380,0.93375620
DIA,2,0.15083125,0.84916875
DIA,2,0.07126355,0.92873645
DIA,2,0.07973630,0.92026370
DIA,2,0.05889182,0.94110818
DIA,2,0.12483229,0.87516771
DIA,2,0.09088539,0.90911461
DIA,2,0.06341958,0.93658042
DIA,2,0.05681561,0.94318439
DIA,2,0.05874216,0.94125784
DIA,2,0.05629039,0.94370961
DIA,2,0.06652243,0.93347757
DIA,2,0.07216347,0.92783653
DIA,2,0.06492037,0.93507963
DIA,2,0.09222430,0.90777570
DIA,2,0.05644919,0.94355081
DIA,2,0.09388558,0.90611442
DIA,2,0.17411150,0.82588850
DIA,2,0.08888931,0.91111069
DIA,2,0.33474904,0.66525096
DIA,2,0.09052502,0.90947498
DIA,2,0.17484372,0.82515628
DIA,2,0.15580648,0.84419352
DIA,2,0.05610399,0.94389601
DIA,2,0.09518646,0.90481354
DIA,2,0.11976272,0.88023728
DIA,2,0.06942629,0.93057371
DIA,2,0.25379526,0.74620474
DIA,2,0.08953413,0.91046587
DIA,2,0.07861283,0.92138717
DIA,2,0.09714438,0.90285562
DIA,2,0.06063955,0.93936045
DIA,2,0.10221475,0.89778525
DIA,2,0.05609635,0.94390365
DIA,2,0.05808268,0.94191732
DIA,2,0.06484729,0.93515271
DIA,2,0.06399807,0.93600193
DIA,2,0.12091901,0.87908099
DIA,2,0.23858940,0.76141060
DIA,2,0.06336178,0.93663822
DIA,2,0.05680462,0.94319538
DIA,2,0.07636912,0.92363088
DIA,2,0.06950274,0.93049726
DIA,2,0.05651973,0.94348027
DIA,2,0.06319160,0.93680840
DIA,2,0.06821864,0.93178136
DIA,2,0.05792775,0.94207225
DIA,2,0.07454824,0.92545176
DIA,2,0.05609814,0.94390186
DIA,2,0.06889251,0.93110749
DIA,2,0.05861653,0.94138347
DIA,2,0.07732176,0.92267824
DIA,2,0.07470078,0.92529922
DIA,2,0.18506130,0.81493870
DIA,2,0.13550855,0.86449145
DIA,2,0.09921470,0.90078530
DIA,2,0.06663419,0.93336581
DIA,2,0.06949800,0.93050200
DIA,2,0.05811371,0.94188629
DIA,2,0.09057328,0.90942672
DIA,2,0.05711520,0.94288480
DIA,2,0.07314007,0.92685993
DIA,2,0.05672161,0.94327839
DIA,2,0.45642194,0.54357806
DIA,2,0.13046008,0.86953992
DIA,2,0.08365010,0.91634990
DIA,2,0.06957273,0.93042727
DIA,2,0.07330192,0.92669808
DIA,2,0.08919378,0.91080622
DIA,2,0.05617755,0.94382245
DIA,2,0.05668639,0.94331361
DIA,2,0.06189151,0.93810849
DIA,2,0.12244081,0.87755919
DIA,2,0.05892720,0.94107280
DIA,2,0.06801904,0.93198096
DIA,2,0.15274579,0.84725421
DIA,2,0.84299562,0.15700438
DIA,2,0.05866522,0.94133478
DIA,2,0.05660247,0.94339753
DIA,2,0.05677545,0.94322455
DIA,2,0.21241228,0.78758772
DIA,2,0.05610144,0.94389856
DIA,2,0.05632995,0.94367005
DIA,2,0.05927022,0.94072978
DIA,2,0.06904133,0.93095867
