dataset,p,component_1,component_2
DIA,4,0.05816732,0.94183268
DIA,4,0.05791471,0.94208529
DIA,4,0.05757899,0.94242101
DIA,4,0.18586391,0.81413609
DIA,4,0.08519800,0.91480200
DIA,4,0.05730450,0.94269550
DIA,4,0.05743937,0.94256063
DIA,4,0.16071364,0.83928636
DIA,4,0.06548947,0.93451053
DIA,4,0.05758611,0.94241389
DIA,4,0.05795920,0.94204080
DIA,4,0.05897154,0.94102846
DIA,4,0.05731316,0.94268684
DIA,4,0.06222348,0.93777652
DIA,4,0.08400616,0.91599384
DIA,4,0.06033809,0.93966191
DIA,4,0.05798342,0.94201658
DIA,4,0.07612693,0.92387307
DIA,4,0.29067861,0.70932139
DIA,4,0.06334436,0.93665564
DIA,4,0.05730693,0.94269307
DIA,4,0.05740134,0.94259866
DIA,4,0.05737924,0.94262076
DIA,4,0.05849022,0.94150978
DIA,4,0.06479023,0.93520977
DIA,4,0.05809753,0.94190247
DIA,4,0.08442029,0.91557971
DIA,4,0.05769191,0.94230809
DIA,4,0.09909088,0.90090912
DIA,4,0.05897741,0.94102259
DIA,4,0.06056234,0.93943766
DIA,4,0.09181425,0.90818575
DIA,4,0.06020775,0.93979225
DIA,4,0.07295024,0.92704976
DIA,4,0.07044476,0.92955524
DIA,4,0.06284217,0.93715783
DIA,4,0.06486124,0.93513876
DIA,4,0.05906577,0.94093423
DIA,4,0.05980072,0.94019928
DIA,4,0.10204627,0.89795373
DIA,4,0.06259674,0.93740326
DIA,4,0.05823352,0.94176648
DIA,4,0.20497790,0.79502210
DIA,4,0.05865243,0.94134757
DIA,4,0.07369181,0.92630819
DIA,4,0.05937882,0.94062118
DIA,4,0.09021618,0.90978382
DIA,4,0.05852229,0.94147771
DIA,4,0.06062789,0.93937211
DIA,4,0.06043437,0.93956563
DIA,4,0.06013163,0.93986837
DIA,4,0.05819616,0.94180384
DIA,4,0.18255523,0.81744477
DIA,4,0.07209303,0.92790697
DIA,4,0.05768352,0.94231648
DIA,4,0.05914659,0.94085341
DIA,4,0.06222314,0.93777686
DIA,4,0.06217448,0.93782552
DIA,4,0.05959538,0.94040462
DIA,4,0.09574105,0.90425895
DIA,4,0.05740772,0.94259228
DIA,4,0.05778551,0.94221449
DIA,4,0.06129217,0.93870783
DIA,4,0.05800172,0.94199828
DIA,4,0.06026977,0.93973023
DIA,4,0.05990425,0.94009575
DIA,4,0.06041948,0.93958052
DIA,4,0.06092748,0.93907252
DIA,4,0.06575424,0.93424576
DIA,4,0.07937377,0.92062623
DIA,4,0.07657096,0.92342904
DIA,4,0.11673572,0.88326428
DIA,4,0.10017701,0.89982299
DIA,4,0.05731050,0.94268950
DIA,4,0.05730683,0.94269317
DIA,4,0.06342979,0.93657021
DIA,4,0.05909213,0.94090787
DIA,4,0.05784655,0.94215345
DIA,4,0.06103293,0.93896707
DIA,4,0.13144837,0.86855163
DIA,4,0.05954888,0.94045112
DIA,4,0.06506005,0.93493995
DIA,4,0.10611245,0.89388755
DIA,4,0.06035333,0.93964667
DIA,4,0.06213891,0.93786109
DIA,4,0.05848550,0.94151450
DIA,4,0.06803593,0.93196407
DIA,4,0.05900416,0.94099584
DIA,4,0.05736142,0.94263858
DIA,4,0.06104508,0.93895492
DIA,4,0.53653802,0.46346198
DIA,4,0.05810608,0.94189392
DIA,4,0.18044679,0.81955321
DIA,4,0.12773447,0.87226553
DIA,4,0.05753901,0.94246099
DIA,4,0.07501196,0.92498804
DIA,4,0.12410574,0.87589426
DIA,4,0.05847969,0.94152031
DIA,4,0.60944295,0.39055705
DIA,4,0.06214582,0.93785418
DIA,4,0.07913915,0.92086085
DIA,4,0.08052602,0.91947398
DIA,4,0.06132163,0.93867837
DIA,4,0.06934683,0.93065317
DIA,4,0.05816190,0.94183810
DIA,4,0.09039522,0.90960478
DIA,4,0.06707798,0.93292202
DIA,4,0.10399254,0.89600746
DIA,4,0.05947631,0.94052369
DIA,4,0.05782069,0.94217931
DIA,4,0.06265998,0.93734002
DIA,4,0.12066572,0.87933428
DIA,4,0.05730954,0.94269046
DIA,4,0.05760083,0.94239917
DIA,4,0.11034034,0.88965966
DIA,4,0.05731339,0.94268661
DIA,4,0.08995181,0.91004819
DIA,4,0.06037339,0.93962661
DIA,4,0.06199227,0.93800773
DIA,4,0.05783896,0.94216104
DIA,4,0.05770598,0.94229402
DIA,4,0.07865112,0.92134888
DIA,4,0.08485707,0.91514293
DIA,4,0.14242340,0.85757660
DIA,4,0.10809587,0.89190413
DIA,4,0.05752692,0.94247308
DIA,4,0.06739283,0.93260717
DIA,4,0.11770717,0.88229283
DIA,4,0.05778866,0.94221134
DIA,4,0.06464744,0.93535256
DIA,4,0.07149418,0.92850582
DIA,4,0.12085289,0.87914711
DIA,4,0.20423711,0.79576289
DIA,4,0.05848275,0.94151725
DIA,4,0.05738082,0.94261918
DIA,4,0.07343325,0.92656675
DIA,4,0.12139248,0.87860752
DIA,4,0.05753174,0.94246826
DIA,4,0.07117001,0.92882999
DIA,4,0.06185360,0.93814640
DIA,4,0.05842183,0.94157817
DIA,4,0.05895248,0.94104752
DIA,4,0.05946587,0.94053413
DIA,4,0.05941062,0.94058938
DIA,4,0.06358777,0.93641223
DIA,4,0.05871068,0.94128932
DIA,4,0.05730951,0.94269049
DIA,4,0.06750930,0.93249070
DIA,4,0.07907377,0.92092623
DIA,4,0.07516112,0.92483888
DIA,4,0.10014344,0.89985656
DIA,4,0.06279348,0.93720652
DIA,4,0.05760731,0.94239269
DIA,4,0.05915975,0.94084025
DIA,4,0.06078229,0.93921771
DIA,4,0.05769167,0.94230833
DIA,4,0.05792464,0.94207536
DIA,4,0.08993134,0.91006866
DIA,4,0.05848435,0.94151565
DIA,4,0.06678127,0.93321873
DIA,4,0.05792126,0.94207874
DIA,4,0.06102265,0.93897735
DIA,4,0.05747617,0.94252383
DIA,4,0.05810394,0.94189606
DIA,4,0.09417226,0.90582774
DIA,4,0.07286747,0.92713253
DIA,4,0.06239098,0.93760902
DIA,4,0.06088907,0.93911093
DIA,4,0.07959946,0.92040054
DIA,4,0.05836456,0.94163544
DIA,4,0.10772147,0.89227853
DIA,4,0.06699011,0.93300989
DIA,4,0.09409012,0.90590988
DIA,4,0.05734132,0.94265868
DIA,4,0.06298572,0.93701428
DIA,4,0.06161329,0.93838671
DIA,4,0.07133285,0.92866715
DIA,4,0.06880476,0.93119524
DIA,4,0.05793343,0.94206657
DIA,4,0.05781856,0.94218144
DIA,4,0.05750065,0.94249935
DIA,4,0.05764418,0.94235582
DIA,4,0.07080620,0.92919380
DIA,4,0.05756739,0.94243261
DIA,4,0.07451536,0.92548464
DIA,4,0.06133272,0.93866728
DIA,4,0.05909268,0.94090732
DIA,4,0.06718149,0.93281851
DIA,4,0.05850420,0.94149580
DIA,4,0.10621415,0.89378585
DIA,4,0.05904238,0.94095762
DIA,4,0.06165415,0.93834585
DIA,4,0.07997362,0.92002638
DIA,4,0.07837725,0.92162275
DIA,4,0.05833747,0.94166253
DIA,4,0.05969151,0.94030849
DIA,4,0.06320411,0.93679589
DIA,4,0.06976334,0.93023666
DIA,4,0.05796292,0.94203708
DIA,4,0.09725421,0.90274579
DIA,4,0.07025606,0.92974394
DIA,4,0.07356631,0.92643369
DIA,4,0.14346877,0.85653123
DIA,4,0.08327213,0.91672787
DIA,4,0.06469813,0.93530187
DIA,4,0.05730542,0.94269458
DIA,4,0.05922992,0.94077008
DIA,4,0.10790731,0.89209269
DIA,4,0.06622076,0.93377924
DIA,4,0.05937493,0.94062507
DIA,4,0.06385066,0.93614934
DIA,4,0.15203820,0.84796180
DIA,4,0.06276194,0.93723806
DIA,4,0.05820853,0.94179147
DIA,4,0.05740828,0.94259172
DIA,4,0.05730535,0.94269465
DIA,4,0.13032450,0.86967550
DIA,4,0.12783959,0.87216041
DIA,4,0.06913173,0.93086827
DIA,4,0.05785021,0.94214979
DIA,4,0.09542786,0.90457214
DIA,4,0.06679429,0.93320571
DIA,4,0.05880791,0.94119209
DIA,4,0.06661522,0.93338478
DIA,4,0.05901085,0.94098915
DIA,4,0.07295284,0.92704716
DIA,4,0.07343177,0.92656823
DIA,4,0.05926168,0.94073832
DIA,4,0.13085302,0.86914698
DIA,4,0.09769043,0.90230957
DIA,4,0.06768839,0.93231161
DIA,4,0.08673076,0.91326924
DIA,4,0.05769538,0.94230462
DIA,4,0.07194969,0.92805031
DIA,4,0.05800486,0.94199514
DIA,4,0.09019812,0.90980188
DIA,4,0.07562520,0.92437480
DIA,4,0.05827232,0.94172768
DIA,4,0.62431161,0.37568839
DIA,4,0.07186051,0.92813949
DIA,4,0.11416690,0.88583310
DIA,4,0.08017051,0.91982949
DIA,4,0.05738094,0.94261906
DIA,4,0.06048200,0.93951800
DIA,4,0.05767645,0.94232355
DIA,4,0.05893366,0.94106634
DIA,4,0.06493705,0.93506295
DIA,4,0.17058152,0.82941848
DIA,4,0.06554409,0.93445591
DIA,4,0.06380032,0.93619968
DIA,4,0.05792606,0.94207394
DIA,4,0.06304383,0.93695617
DIA,4,0.18933951,0.81066049
DIA,4,0.64930676,0.35069324
DIA,4,0.06868188,0.93131812
DIA,4,0.05730981,0.94269019
DIA,4,0.06371338,0.93628662
DIA,4,0.09409444,0.90590556
DIA,4,0.06249380,0.93750620
DIA,4,0.14064681,0.85935319
DIA,4,0.18204932,0.81795068
DIA,4,0.09185414,0.90814586
DIA,4,0.06862782,0.93137218
DIA,4,0.11309325,0.88690675
DIA,4,0.06472441,0.93527559
DIA,4,0.12659061,0.87340939
DIA,4,0.08344409,0.91655591
DIA,4,0.28295638,0.71704362
DIA,4,0.06344848,0.93655152
DIA,4,0.05953624,0.94046376
DIA,4,0.07280101,0.92719899
DIA,4,0.07616544,0.92383456
DIA,4,0.12475149,0.87524851
DIA,4,0.08179660,0.91820340
DIA,4,0.10498724,0.89501276
DIA,4,0.05792909,0.94207091
DIA,4,0.13609604,0.86390396
DIA,4,0.05788768,0.94211232
DIA,4,0.06368539,0.93631461
DIA,4,0.07202343,0.92797657
DIA,4,0.10461281,0.89538719
DIA,4,0.10435946,0.89564054
DIA,4,0.11788310,0.88211690
DIA,4,0.42999170,0.57000830
DIA,4,0.07028559,0.92971441
DIA,4,0.15667371,0.84332629
DIA,4,0.06366138,0.93633862
DIA,4,0.09000512,0.90999488
DIA,4,0.06588619,0.93411381
DIA,4,0.10222127,0.89777873
DIA,4,0.17158227,0.82841773
DIA,4,0.09715718,0.90284282
DIA,4,0.05871766,0.94128234
DIA,4,0.05925707,0.94074293
DIA,4,0.99249175,0.00750825
DIA,4,0.44693119,0.55306881
DIA,4,0.05933483,0.94066517
DIA,4,0.06012391,0.93987609
DIA,4,0.05931369,0.94068631
DIA,4,0.05741574,0.94258426
DIA,4,0.43639366,0.56360634
DIA,4,0.05787382,0.94212618
DIA,4,0.06048644,0.93951356
DIA,4,0.07160824,0.92839176
DIA,4,0.05864336,0.94135664
DIA,4,0.05816680,0.94183320
DIA,4,0.06855706,0.93144294
DIA,4,0.08810987,0.91189013
DIA,4,0.05730827,0.94269173
DIA,4,0.09070938,0.90929062
DIA,4,0.09989754,0.90010246
DIA,4,0.08002870,0.91997130
DIA,4,0.06383877,0.93616123
DIA,4,0.05791887,0.94208113
DIA,4,0.31568973,0.68431027
DIA,4,0.08600356,0.91399644
DIA,4,0.23148557,0.76851443
DIA,4,0.05762504,0.94237496
DIA,4,0.09335448,0.90664552
DIA,4,0.15299960,0.84700040
DIA,4,0.07197122,0.92802878
DIA,4,0.17280636,0.82719364
DIA,4,0.05745388,0.94254612
DIA,4,0.06062304,0.93937696
DIA,4,0.07071895,0.92928105
DIA,4,0.06676420,0.93323580
DIA,4,0.07475621,0.92524379
DIA,4,0.05866829,0.94133171
DIA,4,0.05740828,0.94259172
DIA,4,0.05786303,0.94213697
DIA,4,0.05762636,0.94237364
DIA,4,0.05783691,0.94216309
DIA,4,0.22818329,0.77181671
DIA,4,0.06855010,0.93144990
DIA,4,0.06098683,0.93901317
DIA,4,0.09451253,0.90548747
DIA,4,0.10374158,0.89625842
DIA,4,0.05769379,0.94230621
DIA,4,0.09170191,0.90829809
DIA,4,0.16792713,0.83207287
DIA,4,0.10192579,0.89807421
DIA,4,0.05752501,0.94247499
DIA,4,0.05881496,0.94118504
DIA,4,0.11583890,0.88416110
DIA,4,0.15774114,0.84225886
DIA,4,0.05808994,0.94191006
DIA,4,0.08412781,0.91587219
DIA,4,0.05913975,0.94086025
DIA,4,0.05731346,0.94268654
DIA,4,0.11148931,0.88851069
DIA,4,0.08260041,0.91739959
DIA,4,0.06111692,0.93888308
DIA,4,0.09997332,0.90002668
DIA,4,0.06564365,0.93435635
DIA,4,0.08226087,0.91773913
DIA,4,0.07798749,0.92201251
DIA,4,0.06988928,0.93011072
DIA,4,0.06812239,0.93187761
DIA,4,0.05780765,0.94219235
DIA,4,0.06260198,0.93739802
DIA,4,0.05740996,0.94259004
DIA,4,0.05861985,0.94138015
DIA,4,0.05856787,0.94143213
DIA,4,0.05737289,0.94262711
DIA,4,0.06631115,0.93368885
DIA,4,0.06210638,0.93789362
DIA,4,0.05955449,0.94044551
DIA,4,0.09664060,0.90335940
DIA,4,0.06076789,0.93923211
DIA,4,0.05741757,0.94258243
DIA,4,0.07861924,0.92138076
DIA,4,0.05802989,0.94197011
DIA,4,0.06517606,0.93482394
DIA,4,0.19624137,0.80375863
DIA,4,0.05754152,0.94245848
DIA,4,0.06201542,0.93798458
DIA,4,0.68427184,0.31572816
DIA,4,0.09439290,0.90560710
DIA,4,0.06967712,0.93032288
DIA,4,0.06660284,0.93339716
DIA,4,0.28419301,0.71580699
DIA,4,0.06210586,0.93789414
DIA,4,0.98919204,0.01080796
DIA,4,0.05743229,0.94256771
DIA,4,0.06210839,0.93789161
DIA,4,0.36755638,0.63244362
DIA,4,0.07722306,0.92277694
DIA,4,0.08530905,0.91469095
DIA,4,0.10382979,0.89617021
DIA,4,0.05799607,0.94200393
DIA,4,0.18199233,0.81800767
DIA,4,0.12764523,0.87235477
DIA,4,0.07931949,0.92068051
DIA,4,0.09435115,0.90564885
DIA,4,0.11346760,0.88653240
DIA,4,0.19056256,0.80943744
DIA,4,0.32855601,0.67144399
DIA,4,0.05737484,0.94262516
DIA,4,0.06442708,0.93557292
DIA,4,0.06684964,0.93315036
DIA,4,0.05733093,0.94266907
DIA,4,0.07415498,0.92584502
DIA,4,0.06397706,0.93602294
DIA,4,0.11763846,0.88236154
DIA,4,0.06051664,0.93948336
DIA,4,0.05730507,0.94269493
DIA,4,0.06615764,0.93384236
DIA,4,0.05886224,0.94113776
DIA,4,0.06507210,0.93492790
DIA,4,0.07083594,0.92916406
DIA,4,0.08614161,0.91385839
DIA,4,0.05798095,0.94201905
DIA,4,0.07012610,0.92987390
DIA,4,0.06010732,0.93989268
DIA,4,0.05747905,0.94252095
DIA,4,0.15150062,0.84849938
DIA,4,0.08059538,0.91940462
DIA,4,0.07143786,0.92856214
DIA,4,0.05919795,0.94080205
DIA,4,0.10593158,0.89406842
DIA,4,0.09979255,0.90020745
DIA,4,0.23100775,0.76899225
DIA,4,0.05730399,0.94269601
DIA,4,0.06701154,0.93298846
DIA,4,0.06300720,0.93699280
DIA,4,0.16720067,0.83279933
DIA,4,0.11434802,0.88565198
DIA,4,0.05754283,0.94245717
DIA,4,0.05903976,0.94096024
DIA,4,0.05844703,0.94155297
DIA,4,0.06333531,0.93666469
DIA,4,0.05814351,0.94185649
DIA,4,0.06293970,0.93706030
DIA,4,0.05732609,0.94267391
DIA,4,0.05809972,0.94190028
DIA,4,0.05747417,0.94252583
DIA,4,0.05839085,0.94160915
DIA,4,0.06493120,0.93506880
DIA,4,0.07063997,0.92936003
DIA,4,0.05732508,0.94267492
DIA,4,0.12338572,0.87661428
DIA,4,0.05806172,0.94193828
DIA,4,0.05963086,0.94036914
DIA,4,0.07799389,0.92200611
DIA,4,0.05872892,0.94127108
DIA,4,0.09221431,0.90778569
DIA,4,0.08760311,0.91239689
DIA,4,0.05739224,0.94260776
DIA,4,0.06020694,0.93979306
DIA,4,0.08119837,0.91880163
DIA,4,0.07895986,0.92104014
DIA,4,0.05730977,0.94269023
DIA,4,0.06858103,0.93141897
DIA,4,0.06694467,0.93305533
DIA,4,0.08859411,0.91140589
DIA,4,0.05883985,0.94116015
DIA,4,0.07312350,0.92687650
DIA,4,0.07069840,0.92930160
DIA,4,0.05912402,0.94087598
DIA,4,0.07508914,0.92491086
DIA,4,0.05766711,0.94233289
DIA,4,0.06241016,0.93758984
DIA,4,0.08108904,0.91891096
DIA,4,0.36267552,0.63732448
DIA,4,0.07448869,0.92551131
DIA,4,0.06046385,0.93953615
DIA,4,0.07557334,0.92442666
DIA,4,0.06007558,0.93992442
DIA,4,0.05836267,0.94163733
DIA,4,0.07778497,0.92221503
DIA,4,0.07683698,0.92316302
DIA,4,0.05734496,0.94265504
DIA,4,0.09294612,0.90705388
DIA,4,0.07446359,0.92553641
DIA,4,0.05802534,0.94197466
DIA,4,0.09451131,0.90548869
DIA,4,0.18200266,0.81799734
DIA,4,0.05892808,0.94107192
DIA,4,0.06851952,0.93148048
DIA,4,0.06204411,0.93795589
DIA,4,0.05744287,0.94255713
DIA,4,0.17379092,0.82620908
DIA,4,0.06567456,0.93432544
DIA,4,0.05918462,0.94081538
DIA,4,0.09791804,0.90208196
DIA,4,0.16196616,0.83803384
DIA,4,0.05996224,0.94003776
DIA,4,0.13752398,0.86247602
DIA,4,0.38133338,0.61866662
DIA,4,0.05759785,0.94240215
DIA,4,0.07370010,0.92629990
DIA,4,0.07386097,0.92613903
DIA,4,0.07756702,0.92243298
DIA,4,0.65141746,0.34858254
DIA,4,0.06181402,0.93818598
DIA,4,0.05770612,0.94229388
DIA,4,0.07119711,0.92880289
DIA,4,0.06708330,0.93291670
DIA,4,0.06016955,0.93983045
DIA,4,0.05845628,0.94154372
DIA,4,0.31435930,0.68564070
DIA,4,0.05931292,0.94068708
DIA,4,0.31618444,0.68381556
DIA,4,0.06878354,0.93121646
DIA,4,0.06973366,0.93026634
DIA,4,0.08808143,0.91191857
DIA,4,0.14805373,0.85194627
DIA,4,0.18886922,0.81113078
DIA,4,0.05896102,0.94103898
DIA,4,0.09054397,0.90945603
DIA,4,0.06667345,0.93332655
DIA,4,0.07262446,0.92737554
DIA,4,0.12990813,0.87009187
DIA,4,0.06038241,0.93961759
DIA,4,0.07444224,0.92555776
DIA,4,0.06654084,0.93345916
DIA,4,0.23834446,0.76165554
DIA,4,0.12123671,0.87876329
DIA,4,0.07517350,0.92482650
DIA,4,0.05791234,0.94208766
DIA,4,0.17651976,0.82348024
DIA,4,0.20238137,0.79761863
DIA,4,0.05752222,0.94247778
DIA,4,0.05799117,0.94200883
DIA,4,0.06547803,0.93452197
DIA,4,0.17121675,0.82878325
DIA,4,0.06090480,0.93909520
DIA,4,0.17942211,0.82057789
DIA,4,0.07618484,0.92381516
DIA,4,0.08064669,0.91935331
DIA,4,0.31540021,0.68459979
DIA,4,0.12641981,0.87358019
DIA,4,0.06605936,0.93394064
DIA,4,0.13922751,0.86077249
DIA,4,0.07257150,0.92742850
DIA,4,0.22146237,0.77853763
DIA,4,0.05748607,0.94251393
DIA,4,0.14980210,0.85019790
DIA,4,0.06980518,0.93019482
DIA,4,0.09097664,0.90902336
DIA,4,0.10694752,0.89305248
DIA,4,0.08657638,0.91342362
DIA,4,0.07275195,0.92724805
DIA,4,0.11001320,0.88998680
DIA,4,0.18366459,0.81633541
DIA,4,0.05756450,0.94243550
DIA,4,0.09622707,0.90377293
DIA,4,0.15471848,0.84528152
DIA,4,0.05916380,0.94083620
DIA,4,0.07920336,0.92079664
DIA,4,0.85451954,0.14548046
DIA,4,0.07982281,0.92017719
DIA,4,0.06345724,0.93654276
DIA,4,0.09715749,0.90284251
DIA,4,0.06487464,0.93512536
DIA,4,0.09884473,0.90115527
DIA,4,0.06105451,0.93894549
DIA,4,0.24900067,0.75099933
DIA,4,0.06157605,0.93842395
DIA,4,0.05731156,0.94268844
DIA,4,0.67589974,0.32410026
DIA,4,0.91313505,0.08686495
DIA,4,0.05943600,0.94056400
DIA,4,0.22990803,0.77009197
DIA,4,0.08938694,0.91061306
DIA,4,0.07910645,0.92089355
DIA,4,0.07150191,0.92849809
DIA,4,0.09577903,0.90422097
DIA,4,0.07871653,0.92128347
DIA,4,0.06512128,0.93487872
DIA,4,0.83980711,0.16019289
DIA,4,0.09055327,0.90944673
DIA,4,0.73041001,0.26958999
DIA,4,0.32018162,0.67981838
DIA,4,0.06043834,0.93956166
DIA,4,0.07966548,0.92033452
DIA,4,0.07260714,0.92739286
DIA,4,0.93033097,0.06966903
DIA,4,0.05781026,0.94218974
DIA,4,0.06171132,0.93828868
DIA,4,0.09858359,0.90141641
DIA,4,0.07914526,0.92085474
DIA,4,0.95435262,0.04564738
DIA,4,0.10403077,0.89596923
DIA,4,0.06625979,0.93374021
DIA,4,0.20174372,0.79825628
DIA,4,0.74426365,0.25573635
DIA,4,0.06273713,0.93726287
DIA,4,0.59303925,0.40696075
DIA,4,0.07410824,0.92589176
DIA,4,0.07326491,0.92673509
DIA,4,0.43986181,0.56013819
DIA,4,0.05850383,0.94149617
DIA,4,0.05840995,0.94159005
DIA,4,0.08040004,0.91959996
DIA,4,0.48609086,0.51390914
DIA,4,0.06179333,0.93820667
DIA,4,0.13513218,0.86486782
DIA,4,0.05750707,0.94249293
DIA,4,0.07001036,0.92998964
DIA,4,0.15935725,0.84064275
DIA,4,0.07801674,0.92198326
DIA,4,0.06194486,0.93805514
DIA,4,0.06545375,0.93454625
DIA,4,0.05730479,0.94269521
DIA,4,0.07276556,0.92723444
DIA,4,0.06037079,0.93962921
DIA,4,0.07333633,0.92666367
DIA,4,0.06680254,0.93319746
DIA,4,0.46944763,0.53055237
DIA,4,0.08614299,0.91385701
DIA,4,0.09838906,0.90161094
DIA,4,0.07251367,0.92748633
DIA,4,0.51015900,0.48984100
DIA,4,0.13446687,0.86553313
DIA,4,0.05736990,0.94263010
DIA,4,0.05839071,0.94160929
DIA,4,0.07077296,0.92922704
DIA,4,0.08641354,0.91358646
DIA,4,0.06173838,0.93826162
DIA,4,0.90781964,0.09218036
DIA,4,0.45814037,0.54185963
DIA,4,0.08369302,0.91630698
DIA,4,0.07069165,0.92930835
DIA,4,0.06245418,0.93754582
DIA,4,0.05784151,0.94215849
DIA,4,0.07643809,0.92356191
DIA,4,0.11917712,0.88082288
DIA,4,0.22281408,0.77718592
DIA,4,0.06401150,0.93598850
DIA,4,0.19202039,0.80797961
DIA,4,0.23419670,0.76580330
DIA,4,0.06806248,0.93193752
DIA,4,0.06816812,0.93183188
DIA,4,0.05765191,0.94234809
DIA,4,0.07772074,0.92227926
DIA,4,0.10012762,0.89987238
DIA,4,0.05834039,0.94165961
DIA,4,0.37408406,0.62591594
DIA,4,0.05760304,0.94239696
DIA,4,0.60829131,0.39170869
DIA,4,0.06925756,0.93074244
DIA,4,0.06274589,0.93725411
DIA,4,0.05732187,0.94267813
DIA,4,0.05809228,0.94190772
DIA,4,0.08095173,0.91904827
DIA,4,0.12982466,0.87017534
DIA,4,0.06187741,0.93812259
DIA,4,0.06421931,0.93578069
DIA,4,0.05736157,0.94263843
DIA,4,0.05780857,0.94219143
DIA,4,0.10033092,0.89966908
DIA,4,0.09407378,0.90592622
DIA,4,0.62906298,0.37093702
DIA,4,0.05948381,0.94051619
DIA,4,0.16945636,0.83054364
DIA,4,0.07079746,0.92920254
DIA,4,0.05771078,0.94228922
DIA,4,0.99525985,0.00474015
DIA,4,0.14622242,0.85377758
DIA,4,0.31749121,0.68250879
DIA,4,0.25025252,0.74974748
DIA,4,0.31992315,0.68007685
DIA,4,0.05886664,0.94113336
DIA,4,0.06269162,0.93730838
DIA,4,0.11917876,0.88082124
DIA,4,0.05741675,0.94258325
DIA,4,0.16553851,0.83446149
DIA,4,0.12998654,0.87001346
DIA,4,0.99702604,0.00297396
DIA,4,0.06793534,0.93206466
DIA,4,0.06324248,0.93675752
DIA,4,0.07850056,0.92149944
DIA,4,0.05893007,0.94106993
DIA,4,0.05977627,0.94022373
DIA,4,0.39422598,0.60577402
DIA,4,0.10796394,0.89203606
DIA,4,0.12337938,0.87662062
DIA,4,0.05880685,0.94119315
DIA,4,0.75892241,0.24107759
DIA,4,0.05737809,0.94262191
DIA,4,0.06820132,0.93179868
DIA,4,0.05740932,0.94259068
DIA,4,0.13040862,0.86959138
DIA,4,0.06035267,0.93964733
DIA,4,0.09553044,0.90446956
DIA,4,0.09565424,0.90434576
DIA,4,0.10697097,0.89302903
DIA,4,0.11292514,0.88707486
DIA,4,0.07078379,0.92921621
DIA,4,0.09487655,0.90512345
DIA,4,0.05989851,0.94010149
DIA,4,0.05864692,0.94135308
DIA,4,0.08909751,0.91090249
DIA,4,0.12987387,0.87012613
DIA,4,0.11259064,0.88740936
DIA,4,0.06971809,0.93028191
DIA,4,0.05957225,0.94042775
DIA,4,0.06288819,0.93711181
DIA,4,0.06162541,0.93837459
DIA,4,0.06746567,0.93253433
DIA,4,0.29992597,0.70007403
DIA,4,0.19141159,0.80858841
DIA,4,0.10070798,0.89929202
DIA,4,0.48291999,0.51708001
DIA,4,0.05922480,0.94077520
DIA,4,0.88275307,0.11724693
DIA,4,0.53457528,0.46542472
DIA,4,1.00000000,0.00000000
DIA,4,0.99997090,0.00002910
DIA,4,0.06706188,0.93293812
DIA,4,0.38127092,0.61872908
DIA,4,0.06899466,0.93100534
DIA,4,0.99732264,0.00267736
DIA,4,0.06726342,0.93273658
DIA,4,0.05731855,0.94268145
DIA,4,0.05791798,0.94208202
DIA,4,0.19081510,0.80918490
DIA,4,0.06877769,0.93122231
DIA,4,0.05742524,0.94257476
DIA,4,0.69730883,0.30269117
DIA,4,0.11583832,0.88416168
DIA,4,0.17062378,0.82937622
DIA,4,0.43584651,0.56415349
DIA,4,0.07162134,0.92837866
DIA,4,0.11070763,0.88929237
DIA,4,0.23847371,0.76152629
DIA,4,0.09839573,0.90160427
DIA,4,0.23985074,0.76014926
DIA,4,0.06588068,0.93411932
DIA,4,0.05787603,0.94212397
DIA,4,0.06376055,0.93623945
DIA,4,0.87621677,0.12378323
DIA,4,0.06091913,0.93908087
DIA,4,0.05850748,0.94149252
DIA,4,0.05983322,0.94016678
DIA,4,0.19538051,0.80461949
DIA,4,0.06377637,0.93622363
DIA,4,0.09289580,0.90710420
DIA,4,0.11352419,0.88647581
DIA,4,0.38906863,0.61093137
DIA,4,0.06083161,0.93916839
DIA,4,0.13121250,0.86878750
DIA,4,0.08859227,0.91140773
DIA,4,0.05947074,0.94052926
DIA,4,0.24982800,0.75017200
DIA,4,0.18208860,0.81791140
DIA,4,0.08652421,0.91347579
DIA,4,0.32247785,0.67752215
DIA,4,0.07388703,0.92611297
DIA,4,0.05889596,0.94110404
DIA,4,0.28682699,0.71317301
DIA,4,0.37361318,0.62638682
DIA,4,0.05732222,0.94267778
DIA,4,0.08394802,0.91605198
DIA,4,0.06036473,0.93963527
DIA,4,0.10181531,0.89818469
DIA,4,0.05807707,0.94192293
DIA,4,0.18442862,0.81557138
DIA,4,0.98992956,0.01007044
DIA,4,0.07728071,0.92271929
DIA,4,0.16255315,0.83744685
DIA,4,0.08887369,0.91112631
DIA,4,0.17111434,0.82888566
DIA,4,0.08489587,0.91510413
DIA,4,0.34758994,0.65241006
DIA,4,0.10074363,0.89925637
DIA,4,0.11104302,0.88895698
DIA,4,0.06700012,0.93299988
DIA,4,0.05855525,0.94144475
DIA,4,0.20184864,0.79815136
DIA,4,0.22306559,0.77693441
DIA,4,0.09584351,0.90415649
DIA,4,0.09176142,0.90823858
DIA,4,0.90460486,0.09539514
DIA,4,0.10317478,0.89682522
DIA,4,0.06159537,0.93840463
DIA,4,0.05943484,0.94056516
DIA,4,0.11013049,0.88986951
DIA,4,0.05732300,0.94267700
DIA,4,0.22789387,0.77210613
DIA,4,0.06252716,0.93747284
DIA,4,0.08345859,0.91654141
DIA,4,0.05741644,0.94258356
DIA,4,0.06370159,0.93629841
DIA,4,0.07969799,0.92030201
DIA,4,0.09739456,0.90260544
DIA,4,0.06418650,0.93581350
DIA,4,0.05730398,0.94269602
DIA,4,0.06771890,0.93228110
DIA,4,0.11895450,0.88104550
DIA,4,0.06875046,0.93124954
DIA,4,0.08181729,0.91818271
DIA,4,0.05768441,0.94231559
DIA,4,0.06601793,0.93398207
DIA,4,0.06929631,0.93070369
DIA,4,0.15342204,0.84657796
DIA,4,0.22704729,0.77295271
DIA,4,0.05781266,0.94218734
DIA,4,0.10280131,0.89719869
DIA,4,0.06560120,0.93439880
DIA,4,0.05799477,0.94200523
DIA,4,0.08203593,0.91796407
DIA,4,0.20038918,0.79961082
DIA,4,0.06835082,0.93164918
DIA,4,0.06200102,0.93799898
DIA,4,0.06196143,0.93803857
DIA,4,0.17309779,0.82690221
DIA,4,0.10866587,0.89133413
DIA,4,0.10870001,0.89129999
DIA,4,0.06073948,0.93926052
DIA,4,0.06121910,0.93878090
DIA,4,0.07771373,0.92228627
DIA,4,0.05880621,0.94119379
DIA,4,0.05880976,0.94119024
DIA,4,0.09242309,0.90757691
DIA,4,0.22657998,0.77342002
DIA,4,0.05750877,0.94249123
DIA,4,0.07245034,0.92754966
DIA,4,0.09341393,0.90658607
DIA,4,0.09034457,0.90965543
DIA,4,0.14073872,0.85926128
DIA,4,0.06162957,0.93837043
DIA,4,0.13805181,0.86194819
DIA,4,0.07837111,0.92162889
DIA,4,0.10214002,0.89785998
DIA,4,0.10900019,0.89099981
DIA,4,0.05872926,0.94127074
DIA,4,0.06776875,0.93223125
DIA,4,0.05756900,0.94243100
DIA,4,0.06299976,0.93700024
DIA,4,0.10679462,0.89320538
DIA,4,0.39689597,0.60310403
DIA,4,0.06281362,0.93718638
DIA,4,0.07366465,0.92633535
DIA,4,0.19122310,0.80877690
DIA,4,0.11978300,0.88021700
DIA,4,0.07334194,0.92665806
DIA,4,0.06685132,0.93314868
DIA,4,0.12954567,0.87045433
DIA,4,0.11084487,0.88915513
DIA,4,0.09524879,0.90475121
DIA,4,0.06789938,0.93210062
DIA,4,0.09192317,0.90807683
DIA,4,0.07465551,0.92534449
DIA,4,0.06374130,0.93625870
DIA,4,0.10163456,0.89836544
DIA,4,0.07252022,0.92747978
DIA,4,0.05731431,0.94268569
DIA,4,0.19153537,0.80846463
DIA,4,0.06265084,0.93734916
DIA,4,0.06001673,0.93998327
DIA,4,0.39322468,0.60677532
DIA,4,0.06529048,0.93470952
DIA,4,0.06281822,0.93718178
DIA,4,0.08845764,0.91154236
DIA,4,0.05834537,0.94165463
DIA,4,0.06261567,0.93738433
DIA,4,0.12313375,0.87686625
DIA,4,0.07992755,0.92007245
DIA,4,0.57706057,0.42293943
DIA,4,0.06970569,0.93029431
DIA,4,0.05941397,0.94058603
DIA,4,0.10347624,0.89652376
DIA,4,0.49466081,0.50533919
DIA,4,0.05800494,0.94199506
DIA,4,0.85520993,0.14479007
DIA,4,0.05968057,0.94031943
DIA,4,0.52698345,0.47301655
DIA,4,0.05731358,0.94268642
DIA,4,0.17101197,0.82898803
DIA,4,0.05788624,0.94211376
DIA,4,0.22755422,0.77244578
DIA,4,0.16344010,0.83655990
DIA,4,0.05900134,0.94099866
DIA,4,0.05778028,0.94221972
DIA,4,0.07722608,0.92277392
DIA,4,0.06635310,0.93364690
DIA,4,0.12870162,0.87129838
DIA,4,0.05863987,0.94136013
DIA,4,0.08622585,0.91377415
DIA,4,0.05734565,0.94265435
DIA,4,0.12294640,0.87705360
DIA,4,0.10116326,0.89883674
DIA,4,0.05790055,0.94209945
DIA,4,0.05772382,0.94227618
DIA,4,0.36540817,0.63459183
DIA,4,0.05730656,0.94269344
DIA,4,0.12293220,0.87706780
DIA,4,0.05871845,0.94128155
DIA,4,0.06525855,0.93474145
DIA,4,0.16366300,0.83633700
DIA,4,0.08742975,0.91257025
DIA,4,0.78325340,0.21674660
DIA,4,0.05809264,0.94190736
DIA,4,0.12145120,0.87854880
DIA,4,0.11568155,0.88431845
DIA,4,0.06325320,0.93674680
DIA,4,0.17474126,0.82525874
DIA,4,0.26940725,0.73059275
DIA,4,0.18076727,0.81923273
DIA,4,0.99957202,0.00042798
DIA,4,0.06712769,0.93287231
DIA,4,0.06452195,0.93547805
DIA,4,0.06041141,0.93958859
DIA,4,0.06241040,0.93758960
DIA,4,0.20630065,0.79369935
DIA,4,0.11522688,0.88477312
DIA,4,0.12313924,0.87686076
DIA,4,0.06949676,0.93050324
DIA,4,0.39760817,0.60239183
DIA,4,0.46513946,0.53486054
DIA,4,0.05814042,0.94185958
DIA,4,0.11975472,0.88024528
DIA,4,0.11451951,0.88548049
DIA,4,0.06300297,0.93699703
DIA,4,0.06714876,0.93285124
DIA,4,0.10751840,0.89248160
DIA,4,0.99999800,0.00000200
DIA,4,0.43796022,0.56203978
DIA,4,1.00000000,0.00000000
DIA,4,0.99694858,0.00305142
DIA,4,0.06317269,0.93682731
DIA,4,0.21276874,0.78723126
DIA,4,0.09580758,0.90419242
DIA,4,0.99999996,0.00000004
DIA,4,0.31892210,0.68107790
DIA,4,0.99895101,0.00104899
DIA,4,0.65374306,0.34625694
DIA,4,0.78038948,0.21961052
DIA,4,0.14638574,0.85361426
DIA,4,0.09461814,0.90538186
DIA,4,0.94284356,0.05715644
DIA,4,0.05768797,0.94231203
DIA,4,0.07051004,0.92948996
DIA,4,0.06430404,0.93569596
DIA,4,0.99453746,0.00546254
DIA,4,0.34940099,0.65059901
DIA,4,0.05895684,0.94104316
DIA,4,0.12121332,0.87878668
DIA,4,0.05891102,0.94108898
DIA,4,0.99311798,0.00688202
DIA,4,0.98852978,0.01147022
DIA,4,0.45491755,0.54508245
DIA,4,0.07455349,0.92544651
DIA,4,0.05777134,0.94222866
DIA,4,0.05751639,0.94248361
DIA,4,0.05759383,0.94240617
DIA,4,0.71416952,0.28583048
DIA,4,0.26401785,0.73598215
DIA,4,0.08280398,0.91719602
DIA,4,0.06163104,0.93836896
DIA,4,0.99998880,0.00001120
DIA,4,0.44958419,0.55041581
DIA,4,0.08206273,0.91793727
DIA,4,0.06953202,0.93046798
DIA,4,0.06084672,0.93915328
DIA,4,0.05919119,0.94080881
DIA,4,0.11049357,0.88950643
DIA,4,0.06166039,0.93833961
DIA,4,0.09415706,0.90584294
DIA,4,0.05731391,0.94268609
DIA,4,0.25604940,0.74395060
DIA,4,0.18319492,0.81680508
DIA,4,0.23319918,0.76680082
DIA,4,0.05776492,0.94223508
DIA,4,0.10721615,0.89278385
DIA,4,0.32857583,0.67142417
DIA,4,0.09619088,0.90380912
DIA,4,0.09572479,0.90427521
DIA,4,0.06673052,0.93326948
DIA,4,0.06734037,0.93265963
DIA,4,0.05741339,0.94258661
DIA,4,0.12248696,0.87751304
DIA,4,0.14208116,0.85791884
DIA,4,0.05921058,0.94078942
DIA,4,0.07445747,0.92554253
DIA,4,0.05976472,0.94023528
DIA,4,0.16006317,0.83993683
DIA,4,0.87879824,0.12120176
DIA,4,0.07447075,0.92552925
DIA,4,0.05754562,0.94245438
DIA,4,0.05964718,0.94035282
DIA,4,0.81693859,0.18306141
DIA,4,0.05732979,0.94267021
DIA,4,0.08735297,0.91264703
DIA,4,0.70651862,0.29348138
DIA,4,0.19944899,0.80055101
DIA,4,0.08687240,0.91312760
DIA,4,0.06604725,0.93395275
DIA,4,0.06148971,0.93851029
DIA,4,0.52067588,0.47932412
DIA,4,0.06347869,0.93652131
DIA,4,0.26601846,0.73398154
DIA,4,0.21434520,0.78565480
DIA,4,0.06123108,0.93876892
DIA,4,0.11172161,0.88827839
DIA,4,0.06313542,0.93686458
DIA,4,0.12443200,0.87556800
DIA,4,0.08201346,0.91798654
DIA,4,0.46951296,0.53048704
DIA,4,0.06195430,0.93804570
DIA,4,0.05801973,0.94198027
DIA,4,0.12751194,0.87248806
DIA,4,0.06405537,0.93594463
DIA,4,0.13134959,0.86865041
DIA,4,0.05743813,0.94256187
DIA,4,0.23630421,0.76369579
DIA,4,0.93985115,0.06014885
DIA,4,0.05779275,0.94220725
DIA,4,0.13933605,0.86066395
DIA,4,0.05813619,0.94186381
DIA,4,0.27535266,0.72464734
DIA,4,0.26324788,0.73675212
DIA,4,0.93268178,0.06731822
DIA,4,0.75804216,0.24195784
DIA,4,0.06227082,0.93772918
DIA,4,0.05933959,0.94066041
DIA,4,0.10048755,0.89951245
DIA,4,0.32049324,0.67950676
DIA,4,0.09141174,0.90858826
DIA,4,0.22911040,0.77088960
DIA,4,0.18018496,0.81981504
DIA,4,0.08620341,0.91379659
DIA,4,0.10884791,0.89115209
DIA,4,0.05736462,0.94263538
DIA,4,0.09540937,0.90459063
DIA,4,0.11334586,0.88665414
DIA,4,0.07349978,0.92650022
DIA,4,0.05744967,0.94255033
DIA,4,0.05851013,0.94148987
DIA,4,0.40207572,0.59792428
DIA,4,0.06233643,0.93766357
DIA,4,0.66450146,0.33549854
DIA,4,0.09152468,0.90847532
DIA,4,0.05794307,0.94205693
DIA,4,0.13753413,0.86246587
DIA,4,0.13682149,0.86317851
DIA,4,0.07030631,0.92969369
DIA,4,0.82969711,0.17030289
DIA,4,0.05750847,0.94249153
DIA,4,0.28939333,0.71060667
DIA,4,0.06866366,0.93133634
DIA,4,0.07703221,0.92296779
DIA,4,0.05831042,0.94168958
DIA,4,0.06168610,0.93831390
DIA,4,0.06047022,0.93952978
DIA,4,0.63404701,0.36595299
DIA,4,0.98928743,0.01071257
DIA,4,0.05813531,0.94186469
DIA,4,0.06387043,0.93612957
DIA,4,0.09533585,0.90466415
DIA,4,0.23431828,0.76568172
DIA,4,0.05784967,0.94215033
DIA,4,0.09379231,0.90620769
DIA,4,0.05921891,0.94078109
DIA,4,0.07014438,0.92985562
DIA,4,0.15116816,0.84883184
DIA,4,0.09693222,0.90306778
DIA,4,0.05937834,0.94062166
DIA,4,0.81009953,0.18990047
DIA,4,0.05918556,0.94081444
DIA,4,0.41121915,0.58878085
DIA,4,0.05730608,0.94269392
DIA,4,0.47156787,0.52843213
DIA,4,0.09332100,0.90667900
DIA,4,0.20836018,0.79163982
DIA,4,0.06319969,0.93680031
DIA,4,0.50797593,0.49202407
DIA,4,0.06173467,0.93826533
DIA,4,0.15339242,0.84660758
DIA,4,0.16973269,0.83026731
DIA,4,0.05778076,0.94221924
DIA,4,0.32499419,0.67500581
DIA,4,0.08264874,0.91735126
DIA,4,0.05969313,0.94030687
DIA,4,0.06897682,0.93102318
DIA,4,0.06376637,0.93623363
DIA,4,0.06827871,0.93172129
DIA,4,0.05736136,0.94263864
DIA,4,0.19117359,0.80882641
DIA,4,0.27260774,0.72739226
DIA,4,0.06018405,0.93981595
DIA,4,0.05984756,0.94015244
DIA,4,0.14068673,0.85931327
DIA,4,0.06004471,0.93995529
DIA,4,0.06158367,0.93841633
DIA,4,0.09362197,0.90637803
DIA,4,0.64576908,0.35423092
DIA,4,0.12285737,0.87714263
DIA,4,0.07236339,0.92763661
DIA,4,0.05743903,0.94256097
DIA,4,0.09557746,0.90442254
DIA,4,0.05888991,0.94111009
DIA,4,0.05857377,0.94142623
DIA,4,0.05962967,0.94037033
DIA,4,0.11635858,0.88364142
DIA,4,0.39213443,0.60786557
DIA,4,0.08272462,0.91727538
DIA,4,0.05924742,0.94075258
DIA,4,0.06868614,0.93131386
DIA,4,0.05890358,0.94109642
DIA,4,0.06384613,0.93615387
DIA,4,0.37383521,0.62616479
DIA,4,0.19410772,0.80589228
DIA,4,0.28947491,0.71052509
DIA,4,0.69421888,0.30578112
DIA,4,0.08108174,0.91891826
DIA,4,0.06430017,0.93569983
DIA,4,0.05774007,0.94225993
DIA,4,0.08735482,0.91264518
DIA,4,0.21709017,0.78290983
DIA,4,0.14708221,0.85291779
DIA,4,0.18256779,0.81743221
DIA,4,0.09372065,0.90627935
DIA,4,0.08205579,0.91794421
DIA,4,0.18560752,0.81439248
DIA,4,0.07340895,0.92659105
DIA,4,0.06285857,0.93714143
DIA,4,0.46696450,0.53303550
DIA,4,0.07855415,0.92144585
DIA,4,0.05884092,0.94115908
DIA,4,0.06331610,0.93668390
DIA,4,0.10220344,0.89779656
DIA,4,0.07390357,0.92609643
DIA,4,0.19208021,0.80791979
DIA,4,0.05748183,0.94251817
DIA,4,0.11635390,0.88364610
DIA,4,0.31771388,0.68228612
DIA,4,0.29259126,0.70740874
DIA,4,0.11924236,0.88075764
DIA,4,0.08734445,0.91265555
DIA,4,0.05738165,0.94261835
DIA,4,0.06914599,0.93085401
DIA,4,0.06895405,0.93104595
DIA,4,0.07363930,0.92636070
DIA,4,0.05785885,0.94214115
DIA,4,0.05938822,0.94061178
DIA,4,0.06079669,0.93920331
DIA,4,0.06258804,0.93741196
DIA,4,0.05994239,0.94005761
DIA,4,0.05885333,0.94114667
DIA,4,0.43570105,0.56429895
DIA,4,0.05755191,0.94244809
DIA,4,0.06130112,0.93869888
DIA,4,0.07264216,0.92735784
DIA,4,0.07074717,0.92925283
DIA,4,0.12751592,0.87248408
DIA,4,0.05732104,0.94267896
DIA,4,0.38496788,0.61503212
DIA,4,0.24495958,0.75504042
DIA,4,0.05854490,0.94145510
DIA,4,0.06132976,0.93867024
DIA,4,0.05734322,0.94265678
DIA,4,0.13778232,0.86221768
DIA,4,0.07981184,0.92018816
DIA,4,0.05788709,0.94211291
DIA,4,0.06973990,0.93026010
DIA,4,0.17440145,0.82559855
DIA,4,0.05775554,0.94224446
DIA,4,0.39736593,0.60263407
DIA,4,0.09208508,0.90791492
DIA,4,0.08499791,0.91500209
DIA,4,0.14096500,0.85903500
DIA,4,0.06177792,0.93822208
DIA,4,0.17610580,0.82389420
DIA,4,0.54823063,0.45176937
DIA,4,0.05733095,0.94266905
DIA,4,0.06315532,0.93684468
DIA,4,0.13873129,0.86126871
DIA,4,0.12680085,0.87319915
DIA,4,0.39002312,0.60997688
DIA,4,0.10589125,0.89410875
DIA,4,0.10851453,0.89148547
DIA,4,0.09371072,0.90628928
DIA,4,0.66000036,0.33999964
DIA,4,0.06010312,0.93989688
DIA,4,0.05731089,0.94268911
DIA,4,0.06342476,0.93657524
DIA,4,0.06411971,0.93588029
DIA,4,0.05734322,0.94265678
DIA,4,0.14089707,0.85910293
DIA,4,0.13829179,0.86170821
DIA,4,0.08239012,0.91760988
DIA,4,0.07387873,0.92612127
DIA,4,0.05949504,0.94050496
DIA,4,0.70857188,0.29142812
DIA,4,0.10540647,0.89459353
DIA,4,0.63885649,0.36114351
DIA,4,0.07109959,0.92890041
DIA,4,0.05847460,0.94152540
DIA,4,0.06032714,0.93967286
DIA,4,0.08102231,0.91897769
DIA,4,0.15220321,0.84779679
DIA,4,0.07043002,0.92956998
DIA,4,0.16341829,0.83658171
DIA,4,0.05756352,0.94243648
DIA,4,0.48513619,0.51486381
DIA,4,0.06337116,0.93662884
DIA,4,0.13186073,0.86813927
DIA,4,0.05748189,0.94251811
DIA,4,0.74061695,0.25938305
DIA,4,0.61642821,0.38357179
DIA,4,0.06527126,0.93472874
DIA,4,0.93660732,0.06339268
DIA,4,0.08405531,0.91594469
DIA,4,0.10781631,0.89218369
DIA,4,0.56128203,0.43871797
DIA,4,0.09714447,0.90285553
DIA,4,0.33850212,0.66149788
DIA,4,0.12402421,0.87597579
DIA,4,0.07032702,0.92967298
DIA,4,0.09720675,0.90279325
DIA,4,0.82085570,0.17914430
DIA,4,0.15632798,0.84367202
DIA,4,0.08318296,0.91681704
DIA,4,0.08211359,0.91788641
DIA,4,0.06013300,0.93986700
DIA,4,0.06255753,0.93744247
DIA,4,0.07698342,0.92301658
DIA,4,0.05858975,0.94141025
DIA,4,0.11182875,0.88817125
DIA,4,0.06039493,0.93960507
DIA,4,0.05733157,0.94266843
DIA,4,0.35845901,0.64154099
DIA,4,0.05735474,0.94264526
DIA,4,0.31993451,0.68006549
DIA,4,0.06241343,0.93758657
DIA,4,0.23235971,0.76764029
DIA,4,0.05884801,0.94115199
DIA,4,0.09235857,0.90764143
DIA,4,0.09412704,0.90587296
DIA,4,0.05756452,0.94243548
DIA,4,0.05870392,0.94129608
DIA,4,0.06363008,0.93636992
DIA,4,0.08296275,0.91703725
DIA,4,0.13241349,0.86758651
DIA,4,0.06745078,0.93254922
DIA,4,0.79528420,0.20471580
DIA,4,0.06421877,0.93578123
DIA,4,0.13861625,0.86138375
DIA,4,0.06650781,0.93349219
DIA,4,0.07748894,0.92251106
DIA,4,0.09929953,0.90070047
DIA,4,0.05999742,0.94000258
DIA,4,0.06221799,0.93778201
DIA,4,0.07356387,0.92643613
DIA,4,0.05996820,0.94003180
DIA,4,0.05795902,0.94204098
DIA,4,0.12423362,0.87576638
DIA,4,0.06629955,0.93370045
DIA,4,0.05753874,0.94246126
DIA,4,0.47044414,0.52955586
DIA,4,0.05730614,0.94269386
DIA,4,0.08820502,0.91179498
DIA,4,0.05797274,0.94202726
DIA,4,0.05976093,0.94023907
DIA,4,0.06326162,0.93673838
DIA,4,0.16012471,0.83987529
DIA,4,0.99819064,0.00180936
DIA,4,0.10052414,0.89947586
DIA,4,0.19017624,0.80982376
DIA,4,0.89827574,0.10172426
DIA,4,0.07221721,0.92778279
DIA,4,0.06838740,0.93161260
DIA,4,0.06197163,0.93802837
DIA,4,0.06302972,0.93697028
DIA,4,0.17888221,0.82111779
DIA,4,0.20107683,0.79892317
DIA,4,0.08618746,0.91381254
DIA,4,0.18467211,0.81532789
DIA,4,0.11323553,0.88676447
DIA,4,0.82339552,0.17660448
DIA,4,0.05730926,0.94269074
DIA,4,0.05732818,0.94267182
DIA,4,0.05741966,0.94258034
DIA,4,0.96415146,0.03584854
DIA,4,0.36593895,0.63406105
DIA,4,0.13563093,0.86436907
DIA,4,0.06032616,0.93967384
DIA,4,0.05730444,0.94269556
DIA,4,0.06522271,0.93477729
DIA,4,0.07219339,0.92780661
DIA,4,0.06585560,0.93414440
DIA,4,0.85255670,0.14744330
DIA,4,0.08576441,0.91423559
DIA,4,0.72306236,0.27693764
DIA,4,0.08908580,0.91091420
DIA,4,0.54230507,0.45769493
DIA,4,0.20537128,0.79462872
DIA,4,0.07691448,0.92308552
DIA,4,0.98271934,0.01728066
DIA,4,0.07925541,0.92074459
DIA,4,0.08652608,0.91347392
DIA,4,0.22329447,0.77670553
DIA,4,0.91053328,0.08946672
DIA,4,0.34183389,0.65816611
DIA,4,0.12698099,0.87301901
DIA,4,0.05832017,0.94167983
DIA,4,0.05936850,0.94063150
DIA,4,0.64723964,0.35276036
DIA,4,0.42496162,0.57503838
DIA,4,0.99994846,0.00005154
DIA,4,0.06162168,0.93837832
DIA,4,0.37305921,0.62694079
DIA,4,0.08522440,0.91477560
DIA,4,0.05734438,0.94265562
DIA,4,0.21784961,0.78215039
DIA,4,0.99533712,0.00466288
DIA,4,0.99999999,0.00000001
DIA,4,0.05752401,0.94247599
DIA,4,0.08565695,0.91434305
DIA,4,0.78088158,0.21911842
DIA,4,0.05769722,0.94230278
DIA,4,0.80778947,0.19221053
DIA,4,0.05807887,0.94192113
DIA,4,0.08765921,0.91234079
DIA,4,0.10661517,0.89338483
DIA,4,0.08710497,0.91289503
DIA,4,0.06105399,0.93894601
DIA,4,0.07402977,0.92597023
DIA,4,0.95260585,0.04739415
DIA,4,0.06064557,0.93935443
DIA,4,0.17507632,0.82492368
DIA,4,0.07596779,0.92403221
DIA,4,0.05773053,0.94226947
DIA,4,0.08072591,0.91927409
DIA,4,0.10925016,0.89074984
DIA,4,0.21847587,0.78152413
DIA,4,0.58872681,0.41127319
DIA,4,1.00000000,0.00000000
DIA,4,0.77214422,0.22785578
DIA,4,0.57190726,0.42809274
DIA,4,0.08658399,0.91341601
DIA,4,0.21903129,0.78096871
DIA,4,0.08827577,0.91172423
DIA,4,0.68328795,0.31671205
DIA,4,0.27717293,0.72282707
DIA,4,0.07777340,0.92222660
DIA,4,0.26563151,0.73436849
DIA,4,0.08014112,0.91985888
DIA,4,0.08565077,0.91434923
DIA,4,0.89170185,0.10829815
DIA,4,0.10306695,0.89693305
DIA,4,0.30510286,0.69489714
DIA,4,0.06370337,0.93629663
DIA,4,0.08044708,0.91955292
DIA,4,0.39461850,0.60538150
DIA,4,0.34032179,0.65967821
DIA,4,0.08821119,0.91178881
DIA,4,0.54495963,0.45504037
DIA,4,0.18909272,0.81090728
DIA,4,0.23188426,0.76811574
DIA,4,0.05742260,0.94257740
DIA,4,0.22162289,0.77837711
DIA,4,0.10329761,0.89670239
DIA,4,0.18051404,0.81948596
DIA,4,0.12133672,0.87866328
DIA,4,0.59947519,0.40052481
DIA,4,0.06563143,0.93436857
DIA,4,0.73015327,0.26984673
DIA,4,0.05858403,0.94141597
DIA,4,0.16129179,0.83870821
DIA,4,0.24162330,0.75837670
DIA,4,0.06293833,0.93706167
DIA,4,0.08664933,0.91335067
DIA,4,0.08163013,0.91836987
DIA,4,0.18321135,0.81678865
DIA,4,0.07686218,0.92313782
DIA,4,0.07139714,0.92860286
DIA,4,0.07119062,0.92880938
DIA,4,0.07854013,0.92145987
DIA,4,0.06126680,0.93873320
DIA,4,0.91636964,0.08363036
DIA,4,0.09798471,0.90201529
DIA,4,0.13589699,0.86410301
DIA,4,0.07071634,0.92928366
DIA,4,0.16082863,0.83917137
DIA,4,0.05928825,0.94071175
DIA,4,0.20298020,0.79701980
DIA,4,0.05991583,0.94008417
DIA,4,0.05852103,0.94147897
DIA,4,0.17359035,0.82640965
DIA,4,0.06522246,0.93477754
DIA,4,0.14321557,0.85678443
DIA,4,0.07816522,0.92183478
DIA,4,0.05785577,0.94214423
DIA,4,0.26600103,0.73399897
DIA,4,0.06009894,0.93990106
DIA,4,0.08792818,0.91207182
DIA,4,0.07434679,0.92565321
DIA,4,0.05795600,0.94204400
DIA,4,0.05960029,0.94039971
DIA,4,0.05740018,0.94259982
DIA,4,0.07522241,0.92477759
DIA,4,0.06746312,0.93253688
DIA,4,0.21400349,0.78599651
DIA,4,0.10758327,0.89241673
DIA,4,0.07232966,0.92767034
DIA,4,0.05763738,0.94236262
DIA,4,0.38885672,0.61114328
DIA,4,0.06949609,0.93050391
DIA,4,0.08076316,0.91923684
DIA,4,0.05744646,0.94255354
DIA,4,0.09057266,0.90942734
DIA,4,0.09852105,0.90147895
DIA,4,0.05958145,0.94041855
DIA,4,0.07450560,0.92549440
DIA,4,0.11846743,0.88153257
DIA,4,0.14152018,0.85847982
DIA,4,0.07350782,0.92649218
DIA,4,0.05732006,0.94267994
DIA,4,0.14290100,0.85709900
DIA,4,0.25832419,0.74167581
DIA,4,0.10454748,0.89545252
DIA,4,0.07695868,0.92304132
DIA,4,0.06500255,0.93499745
DIA,4,0.05731117,0.94268883
DIA,4,0.06079811,0.93920189
DIA,4,0.07215309,0.92784691
DIA,4,0.05777933,0.94222067
DIA,4,0.06276066,0.93723934
DIA,4,0.05795411,0.94204589
DIA,4,0.07277849,0.92722151
DIA,4,0.06126807,0.93873193
DIA,4,0.12692104,0.87307896
DIA,4,0.10950164,0.89049836
DIA,4,0.06168547,0.93831453
DIA,4,0.05928585,0.94071415
DIA,4,0.06624694,0.93375306
DIA,4,0.06461583,0.93538417
DIA,4,0.06421789,0.93578211
DIA,4,0.06018967,0.93981033
DIA,4,0.06239928,0.93760072
DIA,4,0.06643821,0.93356179
DIA,4,0.10559911,0.89440089
DIA,4,0.29979194,0.70020806
DIA,4,0.16697692,0.83302308
DIA,4,0.06071410,0.93928590
DIA,4,0.11698696,0.88301304
DIA,4,0.07714985,0.92285015
DIA,4,0.09301651,0.90698349
DIA,4,0.06146050,0.93853950
DIA,4,0.40353162,0.59646838
DIA,4,0.05833010,0.94166990
DIA,4,0.50340334,0.49659666
DIA,4,0.26384323,0.73615677
DIA,4,0.06123832,0.93876168
DIA,4,0.05934198,0.94065802
DIA,4,0.08070035,0.91929965
DIA,4,0.07201644,0.92798356
DIA,4,0.17896110,0.82103890
DIA,4,0.06350398,0.93649602
DIA,4,0.06584284,0.93415716
DIA,4,0.14148772,0.85851228
DIA,4,0.99990952,0.00009048
DIA,4,0.18228953,0.81771047
DIA,4,0.07452813,0.92547187
DIA,4,0.25084811,0.74915189
DIA,4,0.21747803,0.78252197
DIA,4,0.34237153,0.65762847
DIA,4,0.11814334,0.88185666
DIA,4,0.06855912,0.93144088
DIA,4,0.16071545,0.83928455
DIA,4,0.07037486,0.92962514
DIA,4,0.06857879,0.93142121
DIA,4,0.66803568,0.33196432
DIA,4,0.90962750,0.09037250
DIA,4,0.24067715,0.75932285
DIA,4,0.07271624,0.92728376
DIA,4,0.05905193,0.94094807
DIA,4,0.07225299,0.92774701
DIA,4,0.25582276,0.74417724
DIA,4,0.05797303,0.94202697
DIA,4,0.06631268,0.93368732
DIA,4,0.08582467,0.91417533
DIA,4,0.75750893,0.24249107
DIA,4,0.12066954,0.87933046
DIA,4,0.26964758,0.73035242
DIA,4,0.06381756,0.93618244
DIA,4,0.06995230,0.93004770
DIA,4,0.06180949,0.93819051
DIA,4,0.32112370,0.67887630
DIA,4,0.05881099,0.94118901
DIA,4,0.10561920,0.89438080
DIA,4,0.07627852,0.92372148
DIA,4,0.08749913,0.91250087
DIA,4,0.06134267,0.93865733
DIA,4,0.14137058,0.85862942
DIA,4,0.57527728,0.42472272
DIA,4,0.07208407,0.92791593
DIA,4,0.43200980,0.56799020
DIA,4,0.99834884,0.00165116
DIA,4,0.59527360,0.40472640
DIA,4,0.07863733,0.92136267
DIA,4,0.10412193,0.89587807
DIA,4,0.06078103,0.93921897
DIA,4,0.06335608,0.93664392
DIA,4,0.06042355,0.93957645
DIA,4,0.13662935,0.86337065
DIA,4,0.86282679,0.13717321
DIA,4,0.48586796,0.51413204
DIA,4,0.06487924,0.93512076
DIA,4,0.94322403,0.05677597
DIA,4,0.21614941,0.78385059
DIA,4,0.32811784,0.67188216
DIA,4,0.07929652,0.92070348
DIA,4,0.12383739,0.87616261
DIA,4,0.08525829,0.91474171
DIA,4,0.08095701,0.91904299
DIA,4,0.22725135,0.77274865
DIA,4,0.96040403,0.03959597
DIA,4,0.05746453,0.94253547
DIA,4,0.85932011,0.14067989
DIA,4,0.07685540,0.92314460
DIA,4,0.06607317,0.93392683
DIA,4,0.06059642,0.93940358
DIA,4,0.05733247,0.94266753
DIA,4,0.09352783,0.90647217
DIA,4,0.14800072,0.85199928
DIA,4,0.07175337,0.92824663
DIA,4,0.09786525,0.90213475
DIA,4,0.09415171,0.90584829
DIA,4,0.05805102,0.94194898
DIA,4,0.07934311,0.92065689
DIA,4,0.05742764,0.94257236
DIA,4,0.08851092,0.91148908
DIA,4,0.07521632,0.92478368
DIA,4,0.06327431,0.93672569
DIA,4,0.39178742,0.60821258
DIA,4,0.05936410,0.94063590
DIA,4,0.10194078,0.89805922
DIA,4,0.12634895,0.87365105
DIA,4,0.10338312,0.89661688
DIA,4,0.05730423,0.94269577
DIA,4,0.05758637,0.94241363
DIA,4,0.07892322,0.92107678
DIA,4,0.11286699,0.88713301
DIA,4,0.25618262,0.74381738
DIA,4,0.06070058,0.93929942
DIA,4,0.12909376,0.87090624
DIA,4,0.09066745,0.90933255
DIA,4,0.08664907,0.91335093
DIA,4,0.08484004,0.91515996
DIA,4,0.62724724,0.37275276
DIA,4,0.05807729,0.94192271
DIA,4,0.09644966,0.90355034
DIA,4,0.49657785,0.50342215
DIA,4,0.05746906,0.94253094
DIA,4,0.21280870,0.78719130
DIA,4,0.07363186,0.92636814
DIA,4,0.05849610,0.94150390
DIA,4,0.11103080,0.88896920
DIA,4,0.06209278,0.93790722
DIA,4,0.20141254,0.79858746
DIA,4,0.19692234,0.80307766
DIA,4,0.52624215,0.47375785
DIA,4,0.99999749,0.00000251
DIA,4,0.06886280,0.93113720
DIA,4,0.99185793,0.00814207
DIA,4,0.06145280,0.93854720
DIA,4,0.73192140,0.26807860
DIA,4,0.17707221,0.82292779
DIA,4,0.87023772,0.12976228
DIA,4,0.94523190,0.05476810
DIA,4,0.19289020,0.80710980
DIA,4,0.16179838,0.83820162
DIA,4,0.59876143,0.40123857
DIA,4,0.97064520,0.02935480
DIA,4,0.26141530,0.73858470
DIA,4,0.05732340,0.94267660
DIA,4,0.09975407,0.90024593
DIA,4,0.10534892,0.89465108
DIA,4,0.99576560,0.00423440
DIA,4,0.05748588,0.94251412
DIA,4,0.99999247,0.00000753
DIA,4,0.11483742,0.88516258
DIA,4,0.06391538,0.93608462
DIA,4,0.94617918,0.05382082
DIA,4,0.07425688,0.92574312
DIA,4,0.12621331,0.87378669
DIA,4,0.06503395,0.93496605
DIA,4,0.08004995,0.91995005
DIA,4,0.99992630,0.00007370
DIA,4,0.13530066,0.86469934
DIA,4,0.12388125,0.87611875
DIA,4,0.07225909,0.92774091
DIA,4,0.08345415,0.91654585
DIA,4,0.32667605,0.67332395
DIA,4,0.08755743,0.91244257
DIA,4,0.15143763,0.84856237
DIA,4,0.07810051,0.92189949
DIA,4,0.27478861,0.72521139
DIA,4,0.05750376,0.94249624
DIA,4,0.08619710,0.91380290
DIA,4,0.21161650,0.78838350
DIA,4,0.05730456,0.94269544
DIA,4,0.06889700,0.93110300
DIA,4,0.05939953,0.94060047
DIA,4,0.06570132,0.93429868
DIA,4,0.09238225,0.90761775
DIA,4,0.06659160,0.93340840
DIA,4,0.05730408,0.94269592
DIA,4,0.99477490,0.00522510
DIA,4,0.07093525,0.92906475
DIA,4,0.06987393,0.93012607
DIA,4,0.06273877,0.93726123
DIA,4,0.07725436,0.92274564
DIA,4,0.24101543,0.75898457
DIA,4,0.05741662,0.94258338
DIA,4,0.12858893,0.87141107
DIA,4,0.05933253,0.94066747
DIA,4,0.29494904,0.70505096
DIA,4,0.06005685,0.93994315
DIA,4,0.08564508,0.91435492
DIA,4,0.08528929,0.91471071
DIA,4,0.13076935,0.86923065
DIA,4,0.10111447,0.89888553
DIA,4,0.05794343,0.94205657
DIA,4,0.12343932,0.87656068
DIA,4,0.07297930,0.92702070
DIA,4,0.05874004,0.94125996
DIA,4,0.08140743,0.91859257
DIA,4,0.44354164,0.55645836
DIA,4,0.09080936,0.90919064
DIA,4,0.05850982,0.94149018
DIA,4,0.06700092,0.93299908
DIA,4,0.06512884,0.93487116
DIA,4,0.08040781,0.91959219
DIA,4,0.11897671,0.88102329
DIA,4,0.13154284,0.86845716
DIA,4,0.06385661,0.93614339
DIA,4,0.06356757,0.93643243
DIA,4,0.16823640,0.83176360
DIA,4,0.07083809,0.92916191
DIA,4,0.09490541,0.90509459
DIA,4,0.05841778,0.94158222
DIA,4,0.10018235,0.89981765
DIA,4,0.81958778,0.18041222
DIA,4,0.06135672,0.93864328
DIA,4,0.15929774,0.84070226
DIA,4,0.07148020,0.92851980
DIA,4,0.83003852,0.16996148
DIA,4,0.09102147,0.90897853
DIA,4,0.07728777,0.92271223
DIA,4,0.17389094,0.82610906
DIA,4,0.05899499,0.94100501
DIA,4,0.06362245,0.93637755
DIA,4,0.06159799,0.93840201
DIA,4,0.25611312,0.74388688
DIA,4,0.55011346,0.44988654
DIA,4,0.26247232,0.73752768
DIA,4,0.07651959,0.92348041
DIA,4,0.06331269,0.93668731
DIA,4,0.05955191,0.94044809
DIA,4,0.16135493,0.83864507
DIA,4,0.05731295,0.94268705
DIA,4,0.06386232,0.93613768
DIA,4,0.06276830,0.93723170
DIA,4,0.13577508,0.86422492
DIA,4,0.06749984,0.93250016
DIA,4,0.30105110,0.69894890
DIA,4,0.05762065,0.94237935
DIA,4,0.14560806,0.85439194
DIA,4,0.05785083,0.94214917
DIA,4,0.05753778,0.94246222
DIA,4,0.07911967,0.92088033
DIA,4,0.06582589,0.93417411
DIA,4,0.25060345,0.74939655
DIA,4,0.07969817,0.92030183
DIA,4,0.22649383,0.77350617
DIA,4,0.10716082,0.89283918
DIA,4,0.06570563,0.93429437
DIA,4,0.52109155,0.47890845
DIA,4,0.06078906,0.93921094
DIA,4,0.31662275,0.68337725
DIA,4,0.25276901,0.74723099
DIA,4,0.45249596,0.54750404
DIA,4,0.05851638,0.94148362
DIA,4,0.06838736,0.93161264
DIA,4,0.06400636,0.93599364
DIA,4,0.58520513,0.41479487
DIA,4,0.93613028,0.06386972
DIA,4,0.05897250,0.94102750
DIA,4,1.00000000,0.00000000
DIA,4,0.09714947,0.90285053
DIA,4,0.39987919,0.60012081
DIA,4,0.99999949,0.00000051
DIA,4,0.78238129,0.21761871
DIA,4,0.99999452,0.00000548
DIA,4,0.12163604,0.87836396
DIA,4,0.14537164,0.85462836
DIA,4,0.16006389,0.83993611
DIA,4,0.70047126,0.29952874
DIA,4,0.05743034,0.94256966
DIA,4,0.17800104,0.82199896
DIA,4,0.65783425,0.34216575
DIA,4,0.06922453,0.93077547
DIA,4,0.07442912,0.92557088
DIA,4,0.06950279,0.93049721
DIA,4,0.05864645,0.94135355
DIA,4,0.64803932,0.35196068
DIA,4,0.63023496,0.36976504
DIA,4,0.07377684,0.92622316
DIA,4,0.05736317,0.94263683
DIA,4,0.06618477,0.93381523
DIA,4,0.30799990,0.69200010
DIA,4,0.10741710,0.89258290
DIA,4,0.06423541,0.93576459
DIA,4,0.56040603,0.43959397
DIA,4,0.06077729,0.93922271
DIA,4,0.05730586,0.94269414
DIA,4,0.18249713,0.81750287
DIA,4,0.12425861,0.87574139
DIA,4,0.98253407,0.01746593
DIA,4,0.50960411,0.49039589
DIA,4,0.07728319,0.92271681
DIA,4,0.66643930,0.33356070
DIA,4,0.08879647,0.91120353
DIA,4,0.18842715,0.81157285
DIA,4,0.37240191,0.62759809
DIA,4,0.05937850,0.94062150
DIA,4,0.06212084,0.93787916
DIA,4,0.06044169,0.93955831
DIA,4,0.06989607,0.93010393
DIA,4,0.61137801,0.38862199
DIA,4,0.10867092,0.89132908
DIA,4,0.07325354,0.92674646
DIA,4,0.05736709,0.94263291
DIA,4,0.15149569,0.84850431
DIA,4,0.07954748,0.92045252
DIA,4,0.08613587,0.91386413
DIA,4,0.16755581,0.83244419
DIA,4,0.06350854,0.93649146
DIA,4,0.14325651,0.85674349
DIA,4,0.43829644,0.56170356
DIA,4,0.14139680,0.85860320
DIA,4,0.06255463,0.93744537
DIA,4,0.10513847,0.89486153
DIA,4,0.16874574,0.83125426
DIA,4,0.84982336,0.15017664
DIA,4,0.05737351,0.94262649
DIA,4,0.07145833,0.92854167
DIA,4,0.19967543,0.80032457
DIA,4,0.06448335,0.93551665
DIA,4,0.05736753,0.94263247
DIA,4,0.19957564,0.80042436
DIA,4,0.06216753,0.93783247
DIA,4,0.09975408,0.90024592
DIA,4,0.15287065,0.84712935
DIA,4,0.09089292,0.90910708
DIA,4,0.09221035,0.90778965
DIA,4,0.06678395,0.93321605
DIA,4,0.05747251,0.94252749
DIA,4,0.07214850,0.92785150
DIA,4,0.06701602,0.93298398
DIA,4,0.05776983,0.94223017
DIA,4,0.15243990,0.84756010
DIA,4,0.06623720,0.93376280
DIA,4,0.12733577,0.87266423
DIA,4,0.11298365,0.88701635
DIA,4,0.07380174,0.92619826
DIA,4,0.06966793,0.93033207
DIA,4,0.07423475,0.92576525
DIA,4,0.06101266,0.93898734
DIA,4,0.09757649,0.90242351
DIA,4,0.12967240,0.87032760
DIA,4,0.05995533,0.94004467
DIA,4,0.72526286,0.27473714
DIA,4,0.17257340,0.82742660
DIA,4,0.08395963,0.91604037
DIA,4,0.07891602,0.92108398
DIA,4,0.05754385,0.94245615
DIA,4,0.08517640,0.91482360
DIA,4,0.06897213,0.93102787
DIA,4,0.06099462,0.93900538
DIA,4,0.92163597,0.07836403
DIA,4,0.19691843,0.80308157
DIA,4,0.42044500,0.57955500
DIA,4,0.05732254,0.94267746
DIA,4,0.84223359,0.15776641
DIA,4,0.05871576,0.94128424
DIA,4,0.06134851,0.93865149
DIA,4,0.06170932,0.93829068
DIA,4,0.15493684,0.84506316
DIA,4,0.29975682,0.70024318
DIA,4,0.05777448,0.94222552
DIA,4,0.17801744,0.82198256
DIA,4,0.06009494,0.93990506
DIA,4,0.11421586,0.88578414
DIA,4,0.40069978,0.59930022
DIA,4,0.53900992,0.46099008
DIA,4,0.10709751,0.89290249
DIA,4,0.18035007,0.81964993
DIA,4,0.49490055,0.50509945
DIA,4,0.05782041,0.94217959
DIA,4,0.05749528,0.94250472
DIA,4,0.05879641,0.94120359
DIA,4,0.94063314,0.05936686
DIA,4,0.82116761,0.17883239
DIA,4,0.19365417,0.80634583
DIA,4,0.16786229,0.83213771
DIA,4,0.06168774,0.93831226
DIA,4,0.06763241,0.93236759
DIA,4,0.06351730,0.93648270
DIA,4,0.06042126,0.93957874
DIA,4,0.17620242,0.82379758
DIA,4,0.05742603,0.94257397
DIA,4,0.10259061,0.89740939
DIA,4,0.05908058,0.94091942
DIA,4,0.06910619,0.93089381
DIA,4,0.17331527,0.82668473
DIA,4,0.06121043,0.93878957
DIA,4,0.07094131,0.92905869
DIA,4,0.24995275,0.75004725
DIA,4,0.07263972,0.92736028
DIA,4,0.08974893,0.91025107
DIA,4,0.05855990,0.94144010
DIA,4,0.06710038,0.93289962
DIA,4,0.06930597,0.93069403
DIA,4,0.15334501,0.84665499
DIA,4,0.06056599,0.93943401
DIA,4,0.06411189,0.93588811
DIA,4,0.05904074,0.94095926
DIA,4,0.06662140,0.93337860
DIA,4,0.37087985,0.62912015
DIA,4,0.51272309,0.48727691
DIA,4,0.05732689,0.94267311
DIA,4,0.11589826,0.88410174
DIA,4,0.63089024,0.36910976
DIA,4,0.08045666,0.91954334
DIA,4,0.05929096,0.94070904
DIA,4,0.06768995,0.93231005
DIA,4,0.14069985,0.85930015
DIA,4,0.07439910,0.92560090
DIA,4,0.07777145,0.92222855
DIA,4,0.05731509,0.94268491
DIA,4,0.18694454,0.81305546
DIA,4,0.12787469,0.87212531
DIA,4,0.16459226,0.83540774
DIA,4,0.18072809,0.81927191
DIA,4,0.06449056,0.93550944
DIA,4,0.09961819,0.90038181
DIA,4,0.66647870,0.33352130
DIA,4,0.05831970,0.94168030
DIA,4,0.99414305,0.00585695
DIA,4,0.09289992,0.90710008
DIA,4,0.14411722,0.85588278
DIA,4,0.33953803,0.66046197
DIA,4,0.67201342,0.32798658
DIA,4,0.06481482,0.93518518
DIA,4,0.06370715,0.93629285
DIA,4,0.08216594,0.91783406
DIA,4,0.14380497,0.85619503
DIA,4,0.20873725,0.79126275
DIA,4,0.06584444,0.93415556
DIA,4,0.07821601,0.92178399
DIA,4,0.13668248,0.86331752
DIA,4,0.21293045,0.78706955
DIA,4,0.08183868,0.91816132
DIA,4,0.05823431,0.94176569
DIA,4,0.05784613,0.94215387
DIA,4,0.77584952,0.22415048
DIA,4,0.06567424,0.93432576
DIA,4,0.14178492,0.85821508
DIA,4,0.37851022,0.62148978
DIA,4,0.07289765,0.92710235
DIA,4,0.07184466,0.92815534
DIA,4,0.18360292,0.81639708
DIA,4,0.10677693,0.89322307
DIA,4,0.14831346,0.85168654
DIA,4,0.06414637,0.93585363
DIA,4,0.74896933,0.25103067
DIA,4,0.06509974,0.93490026
DIA,4,0.28765018,0.71234982
DIA,4,0.28625328,0.71374672
DIA,4,0.60173318,0.39826682
DIA,4,0.05845225,0.94154775
DIA,4,0.39000489,0.60999511
DIA,4,0.05975859,0.94024141
DIA,4,0.32562298,0.67437702
DIA,4,0.05817670,0.94182330
DIA,4,0.29018406,0.70981594
DIA,4,0.18351850,0.81648150
DIA,4,0.06798875,0.93201125
DIA,4,0.99956877,0.00043123
DIA,4,0.10089452,0.89910548
DIA,4,0.67862909,0.32137091
DIA,4,0.99826127,0.00173873
DIA,4,0.06175444,0.93824556
DIA,4,0.22079585,0.77920415
DIA,4,0.08019212,0.91980788
DIA,4,0.66671767,0.33328233
DIA,4,0.08030689,0.91969311
DIA,4,0.29663384,0.70336616
DIA,4,0.99999996,0.00000004
DIA,4,0.99890939,0.00109061
DIA,4,0.19019672,0.80980328
DIA,4,1.00000000,0.00000000
DIA,4,0.06319680,0.93680320
DIA,4,0.10372516,0.89627484
DIA,4,1.00000000,0.00000000
DIA,4,0.05914320,0.94085680
DIA,4,0.07646782,0.92353218
DIA,4,0.94774143,0.05225857
DIA,4,0.87900348,0.12099652
DIA,4,0.99934291,0.00065709
DIA,4,0.93942017,0.06057983
DIA,4,0.86184715,0.13815285
DIA,4,0.99501539,0.00498461
DIA,4,0.07175881,0.92824119
DIA,4,0.07360470,0.92639530
DIA,4,0.88923124,0.11076876
DIA,4,0.98465149,0.01534851
DIA,4,0.14529276,0.85470724
DIA,4,0.06447837,0.93552163
DIA,4,0.82369856,0.17630144
DIA,4,0.13592188,0.86407812
DIA,4,0.10177200,0.89822800
DIA,4,0.14843337,0.85156663
DIA,4,0.52424911,0.47575089
DIA,4,0.06199786,0.93800214
DIA,4,0.12362871,0.87637129
DIA,4,0.30366607,0.69633393
DIA,4,0.06637392,0.93362608
DIA,4,0.05767091,0.94232909
DIA,4,0.99999333,0.00000667
DIA,4,0.12686484,0.87313516
DIA,4,0.32613081,0.67386919
DIA,4,0.33594612,0.66405388
DIA,4,0.14907914,0.85092086
DIA,4,0.14229242,0.85770758
DIA,4,0.05944891,0.94055109
DIA,4,0.86429836,0.13570164
DIA,4,0.11800029,0.88199971
DIA,4,0.09012609,0.90987391
DIA,4,0.63277334,0.36722666
DIA,4,0.07926834,0.92073166
DIA,4,0.98566779,0.01433221
DIA,4,0.06281122,0.93718878
DIA,4,0.25052522,0.74947478
DIA,4,0.92846443,0.07153557
DIA,4,0.45732558,0.54267442
DIA,4,0.73730510,0.26269490
DIA,4,0.99969999,0.00030001
DIA,4,0.47644992,0.52355008
DIA,4,0.99999809,0.00000191
DIA,4,0.55225264,0.44774736
DIA,4,0.08997632,0.91002368
DIA,4,0.93608137,0.06391863
DIA,4,0.28403304,0.71596696
DIA,4,0.10507268,0.89492732
DIA,4,0.97823939,0.02176061
DIA,4,0.99296843,0.00703157
DIA,4,0.99999752,0.00000248
DIA,4,0.08529700,0.91470300
DIA,4,0.99999970,0.00000030
DIA,4,0.80830608,0.19169392
DIA,4,0.97557514,0.02442486
DIA,4,0.09313451,0.90686549
DIA,4,0.96616151,0.03383849
DIA,4,0.10672517,0.89327483
DIA,4,0.06938088,0.93061912
DIA,4,0.67454665,0.32545335
DIA,4,0.23630628,0.76369372
DIA,4,0.09417090,0.90582910
DIA,4,0.05738091,0.94261909
DIA,4,0.07891517,0.92108483
DIA,4,0.06055948,0.93944052
DIA,4,0.22630615,0.77369385
DIA,4,0.08787244,0.91212756
DIA,4,0.19978213,0.80021787
DIA,4,0.15365151,0.84634849
DIA,4,0.63794105,0.36205895
DIA,4,0.08747697,0.91252303
DIA,4,0.72610790,0.27389210
DIA,4,0.05886270,0.94113730
DIA,4,0.05809471,0.94190529
DIA,4,0.40486383,0.59513617
DIA,4,0.07082298,0.92917702
DIA,4,0.13044095,0.86955905
DIA,4,0.05979945,0.94020055
DIA,4,0.44136236,0.55863764
DIA,4,0.96269437,0.03730563
DIA,4,0.06072817,0.93927183
DIA,4,0.06726551,0.93273449
DIA,4,0.55435396,0.44564604
DIA,4,0.97553635,0.02446365
DIA,4,0.05866858,0.94133142
DIA,4,0.06452255,0.93547745
DIA,4,0.25740023,0.74259977
DIA,4,0.05778193,0.94221807
DIA,4,0.20893283,0.79106717
DIA,4,0.05833730,0.94166270
DIA,4,0.64317912,0.35682088
DIA,4,0.12665717,0.87334283
DIA,4,0.05995903,0.94004097
DIA,4,0.07325108,0.92674892
DIA,4,0.20974669,0.79025331
DIA,4,0.76801203,0.23198797
DIA,4,0.10341808,0.89658192
DIA,4,0.14975308,0.85024692
DIA,4,0.14349388,0.85650612
DIA,4,0.40904544,0.59095456
DIA,4,0.05764860,0.94235140
DIA,4,0.07368411,0.92631589
DIA,4,0.06036009,0.93963991
DIA,4,0.28973300,0.71026700
DIA,4,0.05954522,0.94045478
DIA,4,0.05799602,0.94200398
DIA,4,0.99564529,0.00435471
DIA,4,0.05836557,0.94163443
DIA,4,0.60986433,0.39013567
DIA,4,0.05969396,0.94030604
DIA,4,0.36041539,0.63958461
DIA,4,0.57471172,0.42528828
DIA,4,0.06195308,0.93804692
DIA,4,0.05732148,0.94267852
DIA,4,0.07543421,0.92456579
DIA,4,0.18552029,0.81447971
DIA,4,0.06491445,0.93508555
DIA,4,0.20225119,0.79774881
DIA,4,0.45209158,0.54790842
DIA,4,0.36630736,0.63369264
DIA,4,0.06895847,0.93104153
DIA,4,0.98170583,0.01829417
DIA,4,0.64322153,0.35677847
DIA,4,0.13312126,0.86687874
DIA,4,0.06493544,0.93506456
DIA,4,0.69916354,0.30083646
DIA,4,0.15265251,0.84734749
DIA,4,0.09733269,0.90266731
DIA,4,0.14790389,0.85209611
DIA,4,0.06972384,0.93027616
DIA,4,0.08400094,0.91599906
DIA,4,0.10090544,0.89909456
DIA,4,0.07690161,0.92309839
DIA,4,0.10966064,0.89033936
DIA,4,0.16186265,0.83813735
DIA,4,0.05946213,0.94053787
DIA,4,0.65940828,0.34059172
DIA,4,0.47935836,0.52064164
DIA,4,0.06467989,0.93532011
DIA,4,0.14952626,0.85047374
DIA,4,0.17968189,0.82031811
DIA,4,0.52367598,0.47632402
DIA,4,0.06849993,0.93150007
DIA,4,0.19164445,0.80835555
DIA,4,0.11020611,0.88979389
DIA,4,0.05786281,0.94213719
DIA,4,0.07942624,0.92057376
DIA,4,0.47246380,0.52753620
DIA,4,0.09319155,0.90680845
DIA,4,0.17707239,0.82292761
DIA,4,0.08764532,0.91235468
DIA,4,0.78194198,0.21805802
DIA,4,0.08756046,0.91243954
DIA,4,0.06122947,0.93877053
DIA,4,0.99957920,0.00042080
DIA,4,0.08590452,0.91409548
DIA,4,0.99952768,0.00047232
DIA,4,0.10908581,0.89091419
DIA,4,0.12068550,0.87931450
DIA,4,0.06201456,0.93798544
DIA,4,0.98456867,0.01543133
DIA,4,0.99907112,0.00092888
DIA,4,0.07015790,0.92984210
DIA,4,0.07258453,0.92741547
DIA,4,0.06192554,0.93807446
DIA,4,0.09306321,0.90693679
DIA,4,0.57896835,0.42103165
DIA,4,0.09376483,0.90623517
DIA,4,0.96383854,0.03616146
DIA,4,0.06241077,0.93758923
DIA,4,0.06313099,0.93686901
DIA,4,0.06222221,0.93777779
DIA,4,0.05749748,0.94250252
DIA,4,0.17879122,0.82120878
DIA,4,0.05899677,0.94100323
DIA,4,0.05890723,0.94109277
DIA,4,0.45151387,0.54848613
DIA,4,0.08637248,0.91362752
DIA,4,0.38799499,0.61200501
DIA,4,0.09457731,0.90542269
DIA,4,0.05730922,0.94269078
DIA,4,0.52529927,0.47470073
DIA,4,0.06801754,0.93198246
DIA,4,0.09860612,0.90139388
DIA,4,0.38851868,0.61148132
DIA,4,0.53200174,0.46799826
DIA,4,0.07213019,0.92786981
DIA,4,0.06021171,0.93978829
DIA,4,0.06386769,0.93613231
DIA,4,0.29470411,0.70529589
DIA,4,0.06775512,0.93224488
DIA,4,0.07639833,0.92360167
DIA,4,0.06101136,0.93898864
DIA,4,0.09419828,0.90580172
DIA,4,0.17974651,0.82025349
DIA,4,0.30020019,0.69979981
DIA,4,0.06634145,0.93365855
DIA,4,0.06631330,0.93368670
DIA,4,0.08786455,0.91213545
DIA,4,0.06139188,0.93860812
DIA,4,0.77381790,0.22618210
DIA,4,0.05936305,0.94063695
DIA,4,0.06184539,0.93815461
DIA,4,0.11134374,0.88865626
DIA,4,0.05786966,0.94213034
DIA,4,0.68397631,0.31602369
DIA,4,0.06162304,0.93837696
DIA,4,0.10733917,0.89266083
DIA,4,0.28127183,0.71872817
DIA,4,0.08463308,0.91536692
DIA,4,0.06248134,0.93751866
DIA,4,0.19328000,0.80672000
DIA,4,0.05851240,0.94148760
DIA,4,0.06015006,0.93984994
DIA,4,0.10620016,0.89379984
DIA,4,0.09187377,0.90812623
DIA,4,0.26986712,0.73013288
DIA,4,0.06065621,0.93934379
DIA,4,0.10371640,0.89628360
DIA,4,0.72346992,0.27653008
DIA,4,0.06025445,0.93974555
DIA,4,0.06158164,0.93841836
DIA,4,0.19585725,0.80414275
DIA,4,0.05873832,0.94126168
DIA,4,0.22646622,0.77353378
DIA,4,0.06121306,0.93878694
DIA,4,0.13783816,0.86216184
DIA,4,0.08104146,0.91895854
DIA,4,0.11671236,0.88328764
DIA,4,0.05782344,0.94217656
DIA,4,0.07472810,0.92527190
DIA,4,0.16519690,0.83480310
DIA,4,0.08620984,0.91379016
DIA,4,0.29932923,0.70067077
DIA,4,0.05926816,0.94073184
DIA,4,0.08312040,0.91687960
DIA,4,0.23890794,0.76109206
DIA,4,0.09936119,0.90063881
DIA,4,0.08459328,0.91540672
DIA,4,0.06877628,0.93122372
DIA,4,0.06730532,0.93269468
DIA,4,0.06937885,0.93062115
DIA,4,0.27384040,0.72615960
DIA,4,0.10447654,0.89552346
DIA,4,0.07492154,0.92507846
DIA,4,0.06606088,0.93393912
DIA,4,0.09632949,0.90367051
DIA,4,0.45100305,0.54899695
DIA,4,0.05733938,0.94266062
DIA,4,0.08152336,0.91847664
DIA,4,0.05809372,0.94190628
DIA,4,0.06510927,0.93489073
DIA,4,0.09829366,0.90170634
DIA,4,0.06050494,0.93949506
DIA,4,0.34731663,0.65268337
DIA,4,0.05844475,0.94155525
DIA,4,0.08494798,0.91505202
DIA,4,0.09150530,0.90849470
DIA,4,0.06161646,0.93838354
DIA,4,0.12711638,0.87288362
DIA,4,0.06202105,0.93797895
DIA,4,0.06480511,0.93519489
DIA,4,0.05838900,0.94161100
DIA,4,0.12279162,0.87720838
DIA,4,0.05999869,0.94000131
DIA,4,0.06179848,0.93820152
DIA,4,0.06012880,0.93987120
DIA,4,0.08872879,0.91127121
DIA,4,0.06468643,0.93531357
DIA,4,0.05928761,0.94071239
DIA,4,0.05737842,0.94262158
DIA,4,0.06533148,0.93466852
DIA,4,0.06802673,0.93197327
DIA,4,0.16081949,0.83918051
DIA,4,0.07322611,0.92677389
DIA,4,0.06013062,0.93986938
DIA,4,0.10167954,0.89832046
DIA,4,0.09587310,0.90412690
DIA,4,0.08811104,0.91188896
DIA,4,0.11809303,0.88190697
DIA,4,0.06199520,0.93800480
DIA,4,0.05881731,0.94118269
DIA,4,0.06002810,0.93997190
DIA,4,0.16842144,0.83157856
DIA,4,0.05791220,0.94208780
DIA,4,0.15823062,0.84176938
DIA,4,0.05748314,0.94251686
DIA,4,0.14797595,0.85202405
DIA,4,0.06208930,0.93791070
DIA,4,0.29352642,0.70647358
DIA,4,0.12162771,0.87837229
DIA,4,0.06611879,0.93388121
DIA,4,0.08450530,0.91549470
DIA,4,0.14205234,0.85794766
DIA,4,0.59653171,0.40346829
DIA,4,0.06323203,0.93676797
DIA,4,0.10979180,0.89020820
DIA,4,0.06074414,0.93925586
DIA,4,0.08216818,0.91783182
DIA,4,0.05904273,0.94095727
DIA,4,0.06994277,0.93005723
DIA,4,0.05730948,0.94269052
DIA,4,0.11124056,0.88875944
DIA,4,0.07333826,0.92666174
DIA,4,0.05741400,0.94258600
DIA,4,0.05806882,0.94193118
DIA,4,0.08439352,0.91560648
DIA,4,0.07119874,0.92880126
DIA,4,0.06051976,0.93948024
DIA,4,0.31907059,0.68092941
DIA,4,0.05730811,0.94269189
DIA,4,0.06123798,0.93876202
DIA,4,0.06000458,0.93999542
DIA,4,0.25135997,0.74864003
DIA,4,0.06459620,0.93540380
DIA,4,0.05814155,0.94185845
DIA,4,0.05841028,0.94158972
DIA,4,0.07760459,0.92239541
DIA,4,0.05827125,0.94172875
DIA,4,0.05908240,0.94091760
DIA,4,0.06313772,0.93686228
DIA,4,0.06642820,0.93357180
DIA,4,0.07486699,0.92513301
DIA,4,0.05999767,0.94000233
DIA,4,0.14894112,0.85105888
DIA,4,0.05733272,0.94266728
DIA,4,0.08613936,0.91386064
DIA,4,0.08040152,0.91959848
DIA,4,0.10914350,0.89085650
DIA,4,0.07678121,0.92321879
DIA,4,0.08289834,0.91710166
DIA,4,0.05733322,0.94266678
DIA,4,0.17161496,0.82838504
DIA,4,0.06106193,0.93893807
DIA,4,0.05840561,0.94159439
DIA,4,0.05736909,0.94263091
DIA,4,0.17094502,0.82905498
DIA,4,0.06339539,0.93660461
DIA,4,0.05854568,0.94145432
DIA,4,0.07510170,0.92489830
DIA,4,0.07662920,0.92337080
DIA,4,0.11662672,0.88337328
DIA,4,0.06252451,0.93747549
DIA,4,0.05735653,0.94264347
DIA,4,0.09894878,0.90105122
DIA,4,0.06640140,0.93359860
DIA,4,0.05868651,0.94131349
DIA,4,0.12946012,0.87053988
DIA,4,0.06038590,0.93961410
DIA,4,0.12763674,0.87236326
DIA,4,0.06362237,0.93637763
DIA,4,0.07760913,0.92239087
DIA,4,0.05756984,0.94243016
DIA,4,0.06226951,0.93773049
DIA,4,0.05851599,0.94148401
DIA,4,0.17720821,0.82279179
DIA,4,0.05816226,0.94183774
DIA,4,0.06011634,0.93988366
DIA,4,0.06498408,0.93501592
DIA,4,0.18948667,0.81051333
DIA,4,0.05740304,0.94259696
DIA,4,0.05765163,0.94234837
DIA,4,0.07417519,0.92582481
DIA,4,0.16472299,0.83527701
DIA,4,0.05826912,0.94173088
DIA,4,0.07177747,0.92822253
DIA,4,0.12880049,0.87119951
DIA,4,0.05920863,0.94079137
DIA,4,0.06760672,0.93239328
DIA,4,0.08039698,0.91960302
DIA,4,0.10153846,0.89846154
DIA,4,0.05752783,0.94247217
DIA,4,0.06989174,0.93010826
DIA,4,0.16714418,0.83285582
DIA,4,0.08791279,0.91208721
DIA,4,0.24126679,0.75873321
DIA,4,0.06071321,0.93928679
DIA,4,0.05826357,0.94173643
DIA,4,0.05756446,0.94243554
DIA,4,0.05735607,0.94264393
DIA,4,0.06188007,0.93811993
DIA,4,0.05920728,0.94079272
DIA,4,0.11326091,0.88673909
DIA,4,0.05743312,0.94256688
DIA,4,0.06172918,0.93827082
DIA,4,0.16374550,0.83625450
DIA,4,0.06122572,0.93877428
DIA,4,0.08022525,0.91977475
DIA,4,0.09000994,0.90999006
DIA,4,0.06165416,0.93834584
DIA,4,0.05781944,0.94218056
DIA,4,0.06721318,0.93278682
DIA,4,0.05778728,0.94221272
DIA,4,0.06591274,0.93408726
DIA,4,0.06148448,0.93851552
DIA,4,0.05884583,0.94115417
DIA,4,0.05732012,0.94267988
DIA,4,0.10339305,0.89660695
DIA,4,0.08678414,0.91321586
DIA,4,0.05744676,0.94255324
DIA,4,0.05741775,0.94258225
DIA,4,0.05767725,0.94232275
DIA,4,0.07849234,0.92150766
DIA,4,0.08754992,0.91245008
DIA,4,0.33716607,0.66283393
DIA,4,0.45062385,0.54937615
DIA,4,0.11425901,0.88574099
DIA,4,0.18659398,0.81340602
DIA,4,0.08104792,0.91895208
DIA,4,0.15490941,0.84509059
DIA,4,0.05758682,0.94241318
DIA,4,0.14322807,0.85677193
DIA,4,0.19095451,0.80904549
DIA,4,0.05761949,0.94238051
DIA,4,0.05830498,0.94169502
DIA,4,0.37011405,0.62988595
DIA,4,0.05743518,0.94256482
DIA,4,0.14935622,0.85064378
DIA,4,0.07461880,0.92538120
DIA,4,0.05836784,0.94163216
DIA,4,0.05800059,0.94199941
DIA,4,0.11682456,0.88317544
DIA,4,0.10978930,0.89021070
DIA,4,0.05876805,0.94123195
DIA,4,0.10013109,0.89986891
DIA,4,0.06568733,0.93431267
DIA,4,0.08277220,0.91722780
DIA,4,0.17295982,0.82704018
DIA,4,0.05838673,0.94161327
DIA,4,0.05867815,0.94132185
DIA,4,0.07311821,0.92688179
DIA,4,0.05795984,0.94204016
DIA,4,0.16768168,0.83231832
DIA,4,0.05751747,0.94248253
DIA,4,0.23626221,0.76373779
DIA,4,0.05967533,0.94032467
DIA,4,0.06110259,0.93889741
DIA,4,0.06121354,0.93878646
DIA,4,0.18053982,0.81946018
DIA,4,0.09204956,0.90795044
DIA,4,0.07060566,0.92939434
DIA,4,0.09816407,0.90183593
DIA,4,0.05756724,0.94243276
DIA,4,0.05753125,0.94246875
DIA,4,0.08343861,0.91656139
DIA,4,0.18305330,0.81694670
DIA,4,0.22177775,0.77822225
DIA,4,0.05900589,0.94099411
DIA,4,0.06071774,0.93928226
DIA,4,0.06279811,0.93720189
DIA,4,0.05736333,0.94263667
DIA,4,0.13309115,0.86690885
DIA,4,0.07187122,0.92812878
DIA,4,0.06055363,0.93944637
DIA,4,0.05732224,0.94267776
DIA,4,0.06055263,0.93944737
DIA,4,0.05739123,0.94260877
DIA,4,0.32079655,0.67920345
DIA,4,0.05742453,0.94257547
DIA,4,0.11201611,0.88798389
DIA,4,0.05773181,0.94226819
DIA,4,0.05847250,0.94152750
DIA,4,0.07534597,0.92465403
DIA,4,0.07476470,0.92523530
DIA,4,0.06493746,0.93506254
DIA,4,0.26981252,0.73018748
DIA,4,0.07137780,0.92862220
DIA,4,0.07581928,0.92418072
DIA,4,0.06314752,0.93685248
DIA,4,0.08055752,0.91944248
DIA,4,0.06465154,0.93534846
DIA,4,0.05731087,0.94268913
DIA,4,0.05730666,0.94269334
DIA,4,0.06318788,0.93681212
DIA,4,0.06458964,0.93541036
DIA,4,0.05897155,0.94102845
DIA,4,0.09670971,0.90329029
DIA,4,0.06053669,0.93946331
DIA,4,0.08647081,0.91352919
DIA,4,0.05908558,0.94091442
DIA,4,0.07251871,0.92748129
DIA,4,0.06021924,0.93978076
DIA,4,0.11766280,0.88233720
DIA,4,0.07463842,0.92536158
DIA,4,0.07934707,0.92065293
DIA,4,0.05852316,0.94147684
DIA,4,0.08150202,0.91849798
DIA,4,0.06290216,0.93709784
DIA,4,0.06049725,0.93950275
DIA,4,0.05794518,0.94205482
DIA,4,0.06446994,0.93553006
DIA,4,0.06811474,0.93188526
DIA,4,0.06045544,0.93954456
DIA,4,0.06787352,0.93212648
DIA,4,0.06962379,0.93037621
DIA,4,0.11940128,0.88059872
DIA,4,0.05739319,0.94260681
DIA,4,0.10487992,0.89512008
DIA,4,0.05745351,0.94254649
DIA,4,0.16907870,0.83092130
DIA,4,0.06583894,0.93416106
DIA,4,0.05801956,0.94198044
DIA,4,0.05781380,0.94218620
DIA,4,0.06583387,0.93416613
DIA,4,0.07200478,0.92799522
DIA,4,0.05731565,0.94268435
DIA,4,0.35021505,0.64978495
DIA,4,0.34614572,0.65385428
DIA,4,0.05820590,0.94179410
DIA,4,0.20725524,0.79274476
DIA,4,0.05731489,0.94268511
DIA,4,0.19523759,0.80476241
DIA,4,0.05730373,0.94269627
DIA,4,0.21437879,0.78562121
DIA,4,0.06134537,0.93865463
DIA,4,0.13924484,0.86075516
DIA,4,0.06255039,0.93744961
DIA,4,0.08197320,0.91802680
DIA,4,0.06184634,0.93815366
DIA,4,0.06016160,0.93983840
DIA,4,0.09690708,0.90309292
DIA,4,0.05730395,0.94269605
DIA,4,0.05904085,0.94095915
DIA,4,0.08318612,0.91681388
DIA,4,0.06787128,0.93212872
DIA,4,0.05731348,0.94268652
DIA,4,0.16570093,0.83429907
DIA,4,0.05938341,0.94061659
DIA,4,0.09241518,0.90758482
DIA,4,0.05964836,0.94035164
DIA,4,0.05975213,0.94024787
DIA,4,0.05917686,0.94082314
DIA,4,0.05743819,0.94256181
DIA,4,0.05734175,0.94265825
DIA,4,0.09947255,0.90052745
DIA,4,0.05748823,0.94251177
DIA,4,0.06493142,0.93506858
DIA,4,0.08734973,0.91265027
DIA,4,0.06172019,0.93827981
DIA,4,0.19828820,0.80171180
DIA,4,0.09305483,0.90694517
DIA,4,0.05730621,0.94269379
DIA,4,0.07328447,0.92671553
DIA,4,0.09504352,0.90495648
DIA,4,0.07860409,0.92139591
DIA,4,0.06967842,0.93032158
DIA,4,0.13082816,0.86917184
DIA,4,0.06276485,0.93723515
DIA,4,0.06293646,0.93706354
DIA,4,0.07310551,0.92689449
DIA,4,0.13198680,0.86801320
DIA,4,0.09158542,0.90841458
DIA,4,0.05908441,0.94091559
DIA,4,0.05730535,0.94269465
DIA,4,0.09049726,0.90950274
DIA,4,0.15710392,0.84289608
DIA,4,0.06177782,0.93822218
DIA,4,0.06056490,0.93943510
DIA,4,0.07460478,0.92539522
DIA,4,0.05881630,0.94118370
DIA,4,0.05941917,0.94058083
DIA,4,0.14440761,0.85559239
DIA,4,0.05881651,0.94118349
DIA,4,0.23739583,0.76260417
DIA,4,0.18439073,0.81560927
DIA,4,0.05770050,0.94229950
DIA,4,0.05953631,0.94046369
DIA,4,0.06182435,0.93817565
DIA,4,0.05817395,0.94182605
DIA,4,0.12028452,0.87971548
DIA,4,0.48979742,0.51020258
DIA,4,0.09988075,0.90011925
DIA,4,0.05761731,0.94238269
DIA,4,0.05734934,0.94265066
DIA,4,0.05732580,0.94267420
DIA,4,0.09642482,0.90357518
DIA,4,0.08600609,0.91399391
DIA,4,0.05844685,0.94155315
DIA,4,0.07512265,0.92487735
DIA,4,0.07272991,0.92727009
DIA,4,0.06092193,0.93907807
DIA,4,0.13723536,0.86276464
DIA,4,0.05919806,0.94080194
DIA,4,0.05751229,0.94248771
DIA,4,0.06083096,0.93916904
DIA,4,0.05731242,0.94268758
DIA,4,0.06631794,0.93368206
DIA,4,0.06932213,0.93067787
DIA,4,0.28821172,0.71178828
DIA,4,0.05759961,0.94240039
DIA,4,0.05743870,0.94256130
DIA,4,0.06661628,0.93338372
DIA,4,0.12509006,0.87490994
DIA,4,0.06609958,0.93390042
DIA,4,0.07594494,0.92405506
DIA,4,0.05741505,0.94258495
DIA,4,0.10160752,0.89839248
DIA,4,0.06661007,0.93338993
DIA,4,0.05880585,0.94119415
DIA,4,0.05815329,0.94184671
DIA,4,0.06922425,0.93077575
DIA,4,0.05754946,0.94245054
DIA,4,0.11002573,0.88997427
DIA,4,0.07600008,0.92399992
DIA,4,0.05811427,0.94188573
DIA,4,0.06785826,0.93214174
DIA,4,0.08397114,0.91602886
DIA,4,0.05850900,0.94149100
DIA,4,0.06097075,0.93902925
DIA,4,0.05905308,0.94094692
DIA,4,0.06926504,0.93073496
DIA,4,0.11682620,0.88317380
DIA,4,0.06454585,0.93545415
DIA,4,0.05931709,0.94068291
DIA,4,0.05853481,0.94146519
DIA,4,0.05803510,0.94196490
DIA,4,0.07622213,0.92377787
DIA,4,0.07170576,0.92829424
DIA,4,0.12535300,0.87464700
DIA,4,0.06552888,0.93447112
DIA,4,0.08300542,0.91699458
DIA,4,0.09003545,0.90996455
DIA,4,0.08807487,0.91192513
DIA,4,0.09343561,0.90656439
DIA,4,0.06083915,0.93916085
DIA,4,0.10074932,0.89925068
DIA,4,0.06557368,0.93442632
DIA,4,0.06103918,0.93896082
DIA,4,0.06570624,0.93429376
DIA,4,0.07480482,0.92519518
DIA,4,0.07928806,0.92071194
DIA,4,0.06792162,0.93207838
DIA,4,0.05731025,0.94268975
DIA,4,0.15700945,0.84299055
DIA,4,0.05777066,0.94222934
DIA,4,0.05767911,0.94232089
DIA,4,0.07346345,0.92653655
DIA,4,0.09123437,0.90876563
DIA,4,0.06937106,0.93062894
DIA,4,0.05730512,0.94269488
DIA,4,0.06517469,0.93482531
DIA,4,0.05733846,0.94266154
DIA,4,0.08729659,0.91270341
DIA,4,0.05957546,0.94042454
DIA,4,0.33297643,0.66702357
DIA,4,0.06747077,0.93252923
DIA,4,0.08652567,0.91347433
DIA,4,0.11101865,0.88898135
DIA,4,0.08078228,0.91921772
DIA,4,0.07199679,0.92800321
DIA,4,0.05781854,0.94218146
DIA,4,0.05918384,0.94081616
DIA,4,0.11970066,0.88029934
DIA,4,0.05747033,0.94252967
DIA,4,0.05971822,0.94028178
DIA,4,0.12308734,0.87691266
DIA,4,0.06358195,0.93641805
DIA,4,0.08171989,0.91828011
DIA,4,0.05953348,0.94046652
DIA,4,0.07259331,0.92740669
DIA,4,0.13796748,0.86203252
DIA,4,0.05855039,0.94144961
DIA,4,0.05736082,0.94263918
DIA,4,0.07648825,0.92351175
DIA,4,0.11789823,0.88210177
DIA,4,0.05938239,0.94061761
DIA,4,0.05809943,0.94190057
DIA,4,0.06451063,0.93548937
DIA,4,0.08847090,0.91152910
DIA,4,0.17456241,0.82543759
DIA,4,0.06021802,0.93978198
DIA,4,0.11680118,0.88319882
DIA,4,0.05746719,0.94253281
DIA,4,0.06497360,0.93502640
DIA,4,0.06117834,0.93882166
DIA,4,0.07391261,0.92608739
DIA,4,0.08943727,0.91056273
DIA,4,0.05881089,0.94118911
DIA,4,0.07309926,0.92690074
DIA,4,0.11102370,0.88897630
DIA,4,0.20134727,0.79865273
DIA,4,0.61288146,0.38711854
DIA,4,0.06137827,0.93862173
DIA,4,0.07116880,0.92883120
DIA,4,0.14538147,0.85461853
DIA,4,0.55193653,0.44806347
DIA,4,0.06646828,0.93353172
DIA,4,0.09359667,0.90640333
DIA,4,0.10137331,0.89862669
DIA,4,0.06675240,0.93324760
DIA,4,0.18056642,0.81943358
DIA,4,0.14789720,0.85210280
DIA,4,0.07993911,0.92006089
DIA,4,0.05789870,0.94210130
DIA,4,0.16907354,0.83092646
DIA,4,0.06153859,0.93846141
DIA,4,0.05733269,0.94266731
DIA,4,0.06392334,0.93607666
DIA,4,0.11211983,0.88788017
DIA,4,0.05770366,0.94229634
DIA,4,0.13504807,0.86495193
DIA,4,0.07312920,0.92687080
DIA,4,0.12935249,0.87064751
DIA,4,0.10270412,0.89729588
DIA,4,0.20376956,0.79623044
DIA,4,0.06345765,0.93654235
DIA,4,0.05847662,0.94152338
DIA,4,0.06883370,0.93116630
DIA,4,0.05797435,0.94202565
DIA,4,0.06691444,0.93308556
DIA,4,0.08521855,0.91478145
DIA,4,0.05796651,0.94203349
DIA,4,0.08481954,0.91518046
DIA,4,0.08470888,0.91529112
DIA,4,0.05790354,0.94209646
DIA,4,0.10269810,0.89730190
DIA,4,0.05735578,0.94264422
DIA,4,0.05869913,0.94130087
DIA,4,0.05738048,0.94261952
DIA,4,0.05960878,0.94039122
DIA,4,0.05787234,0.94212766
DIA,4,0.05780412,0.94219588
DIA,4,0.05999594,0.94000406
DIA,4,0.05916906,0.94083094
DIA,4,0.05809110,0.94190890
DIA,4,0.06614274,0.93385726
DIA,4,0.05769213,0.94230787
DIA,4,0.05772416,0.94227584
DIA,4,0.05792742,0.94207258
DIA,4,0.32764034,0.67235966
DIA,4,0.20694648,0.79305352
DIA,4,0.05856316,0.94143684
DIA,4,0.14468961,0.85531039
DIA,4,0.05988722,0.94011278
DIA,4,0.12500649,0.87499351
DIA,4,0.05895402,0.94104598
DIA,4,0.08458724,0.91541276
DIA,4,0.11036372,0.88963628
DIA,4,0.05919764,0.94080236
DIA,4,0.25513422,0.74486578
DIA,4,0.09466742,0.90533258
DIA,4,0.05733023,0.94266977
DIA,4,0.06520876,0.93479124
DIA,4,0.08703517,0.91296483
DIA,4,0.05881406,0.94118594
DIA,4,0.07681850,0.92318150
DIA,4,0.07784745,0.92215255
DIA,4,0.06800015,0.93199985
DIA,4,0.07172998,0.92827002
DIA,4,0.05839604,0.94160396
DIA,4,0.06873785,0.93126215
DIA,4,0.05891290,0.94108710
DIA,4,0.07034749,0.92965251
DIA,4,0.08305808,0.91694192
DIA,4,0.07333451,0.92666549
DIA,4,0.05957927,0.94042073
DIA,4,0.07333552,0.92666448
DIA,4,0.05900554,0.94099446
DIA,4,0.09639502,0.90360498
DIA,4,0.07346209,0.92653791
DIA,4,0.05967860,0.94032140
DIA,4,0.08694269,0.91305731
DIA,4,0.05838927,0.94161073
DIA,4,0.09756714,0.90243286
DIA,4,0.08756413,0.91243587
DIA,4,0.06071291,0.93928709
DIA,4,0.14820317,0.85179683
DIA,4,0.06100462,0.93899538
DIA,4,0.05741645,0.94258355
DIA,4,0.05744901,0.94255099
DIA,4,0.05757077,0.94242923
DIA,4,0.06761781,0.93238219
DIA,4,0.09927671,0.90072329
DIA,4,0.05763105,0.94236895
DIA,4,0.06928141,0.93071859
DIA,4,0.07452486,0.92547514
DIA,4,0.06698800,0.93301200
DIA,4,0.07750726,0.92249274
DIA,4,0.05861683,0.94138317
DIA,4,0.05793487,0.94206513
DIA,4,0.20694843,0.79305157
DIA,4,0.07205221,0.92794779
DIA,4,0.06221036,0.93778964
DIA,4,0.08717427,0.91282573
DIA,4,0.05809417,0.94190583
DIA,4,0.09252188,0.90747812
DIA,4,0.07402939,0.92597061
DIA,4,0.05782794,0.94217206
DIA,4,0.09378905,0.90621095
DIA,4,0.08800229,0.91199771
DIA,4,0.09376494,0.90623506
DIA,4,0.13218243,0.86781757
DIA,4,0.06353523,0.93646477
DIA,4,0.05730394,0.94269606
DIA,4,0.05946150,0.94053850
DIA,4,0.05790076,0.94209924
DIA,4,0.05878136,0.94121864
DIA,4,0.09036021,0.90963979
DIA,4,0.05945428,0.94054572
DIA,4,0.06150360,0.93849640
DIA,4,0.11017278,0.88982722
DIA,4,0.18175788,0.81824212
DIA,4,0.06435314,0.93564686
DIA,4,0.05733173,0.94266827
DIA,4,0.07132468,0.92867532
DIA,4,0.05754388,0.94245612
DIA,4,0.06302025,0.93697975
DIA,4,0.05733978,0.94266022
DIA,4,0.08171517,0.91828483
DIA,4,0.07947472,0.92052528
DIA,4,0.07366364,0.92633636
DIA,4,0.16478428,0.83521572
DIA,4,0.15943885,0.84056115
DIA,4,0.08665523,0.91334477
DIA,4,0.32328419,0.67671581
DIA,4,0.05776114,0.94223886
DIA,4,0.06301029,0.93698971
DIA,4,0.15833354,0.84166646
DIA,4,0.34941101,0.65058899
DIA,4,0.06936806,0.93063194
DIA,4,0.06125255,0.93874745
DIA,4,0.07385378,0.92614622
DIA,4,0.07320910,0.92679090
DIA,4,0.05801630,0.94198370
DIA,4,0.07075739,0.92924261
DIA,4,0.06435376,0.93564624
DIA,4,0.05735961,0.94264039
DIA,4,0.10503919,0.89496081
DIA,4,0.07054087,0.92945913
DIA,4,0.05805233,0.94194767
DIA,4,0.05771253,0.94228747
DIA,4,0.05775651,0.94224349
DIA,4,0.06595688,0.93404312
DIA,4,0.06789050,0.93210950
DIA,4,0.07145161,0.92854839
DIA,4,0.07000651,0.92999349
DIA,4,0.06733838,0.93266162
DIA,4,0.05881182,0.94118818
DIA,4,0.06321527,0.93678473
DIA,4,0.05739867,0.94260133
DIA,4,0.08857415,0.91142585
DIA,4,0.11010506,0.88989494
DIA,4,0.06014871,0.93985129
DIA,4,0.06552330,0.93447670
DIA,4,0.05828904,0.94171096
DIA,4,0.06428300,0.93571700
DIA,4,0.07291466,0.92708534
DIA,4,0.05855213,0.94144787
DIA,4,0.05756012,0.94243988
DIA,4,0.06976834,0.93023166
DIA,4,0.07443061,0.92556939
DIA,4,0.05735329,0.94264671
DIA,4,0.05747905,0.94252095
DIA,4,0.06324812,0.93675188
DIA,4,0.06157330,0.93842670
DIA,4,0.05987634,0.94012366
DIA,4,0.07156462,0.92843538
DIA,4,0.05732401,0.94267599
DIA,4,0.11996983,0.88003017
DIA,4,0.05770739,0.94229261
DIA,4,0.05759006,0.94240994
DIA,4,0.07798892,0.92201108
DIA,4,0.14946812,0.85053188
DIA,4,0.06509967,0.93490033
DIA,4,0.05738800,0.94261200
DIA,4,0.08256475,0.91743525
DIA,4,0.07318496,0.92681504
DIA,4,0.05738457,0.94261543
DIA,4,0.06105743,0.93894257
DIA,4,0.08365427,0.91634573
DIA,4,0.05754052,0.94245948
DIA,4,0.07468233,0.92531767
DIA,4,0.06567940,0.93432060
DIA,4,0.05895733,0.94104267
DIA,4,0.59370282,0.40629718
DIA,4,0.05733679,0.94266321
DIA,4,0.05965588,0.94034412
DIA,4,0.05730850,0.94269150
DIA,4,0.10360733,0.89639267
DIA,4,0.11870207,0.88129793
DIA,4,0.05730944,0.94269056
DIA,4,0.06249630,0.93750370
DIA,4,0.09436936,0.90563064
DIA,4,0.09940771,0.90059229
DIA,4,0.07687637,0.92312363
DIA,4,0.05731015,0.94268985
DIA,4,0.06589097,0.93410903
DIA,4,0.11434197,0.88565803
DIA,4,0.06141798,0.93858202
DIA,4,0.06300859,0.93699141
DIA,4,0.05979940,0.94020060
DIA,4,0.17944369,0.82055631
DIA,4,0.06420346,0.93579654
DIA,4,0.07484381,0.92515619
DIA,4,0.05731344,0.94268656
DIA,4,0.06472377,0.93527623
DIA,4,0.07454448,0.92545552
DIA,4,0.07240391,0.92759609
DIA,4,0.05790880,0.94209120
DIA,4,0.06160794,0.93839206
DIA,4,0.10631724,0.89368276
DIA,4,0.06731159,0.93268841
DIA,4,0.05934794,0.94065206
DIA,4,0.05739283,0.94260717
DIA,4,0.07571522,0.92428478
DIA,4,0.05858062,0.94141938
DIA,4,0.05992349,0.94007651
DIA,4,0.06101943,0.93898057
DIA,4,0.10710068,0.89289932
DIA,4,0.05757557,0.94242443
DIA,4,0.08220940,0.91779060
DIA,4,0.07349309,0.92650691
DIA,4,0.06709730,0.93290270
DIA,4,0.06046356,0.93953644
DIA,4,0.05731276,0.94268724
DIA,4,0.06275570,0.93724430
DIA,4,0.08415543,0.91584457
DIA,4,0.06312566,0.93687434
DIA,4,0.05742552,0.94257448
DIA,4,0.06064114,0.93935886
DIA,4,0.10050732,0.89949268
DIA,4,0.06791793,0.93208207
DIA,4,0.07142834,0.92857166
DIA,4,0.06578485,0.93421515
DIA,4,0.06061608,0.93938392
DIA,4,0.07364007,0.92635993
DIA,4,0.06305520,0.93694480
DIA,4,0.05893282,0.94106718
DIA,4,0.10310089,0.89689911
DIA,4,0.05807337,0.94192663
DIA,4,0.06666294,0.93333706
DIA,4,0.06222237,0.93777763
DIA,4,0.05758330,0.94241670
DIA,4,0.07327527,0.92672473
DIA,4,0.39134185,0.60865815
DIA,4,0.05993045,0.94006955
DIA,4,0.07422949,0.92577051
DIA,4,0.05749167,0.94250833
DIA,4,0.05744993,0.94255007
DIA,4,0.06846025,0.93153975
DIA,4,0.07596998,0.92403002
DIA,4,0.06146269,0.93853731
DIA,4,0.05789915,0.94210085
DIA,4,0.05982681,0.94017319
DIA,4,0.07854257,0.92145743
DIA,4,0.05761206,0.94238794
DIA,4,0.06219388,0.93780612
DIA,4,0.17473785,0.82526215
DIA,4,0.05864815,0.94135185
DIA,4,0.06828714,0.93171286
DIA,4,0.05749207,0.94250793
DIA,4,0.16671814,0.83328186
DIA,4,0.15359951,0.84640049
DIA,4,0.06285243,0.93714757
DIA,4,0.05736147,0.94263853
DIA,4,0.56593320,0.43406680
DIA,4,0.10261324,0.89738676
DIA,4,0.05771459,0.94228541
DIA,4,0.05829356,0.94170644
DIA,4,0.06132579,0.93867421
DIA,4,0.05812561,0.94187439
DIA,4,0.10063991,0.89936009
DIA,4,0.08081753,0.91918247
DIA,4,0.33938612,0.66061388
DIA,4,0.07115088,0.92884912
DIA,4,0.10506160,0.89493840
DIA,4,0.05732461,0.94267539
DIA,4,0.49878467,0.50121533
DIA,4,0.07298067,0.92701933
DIA,4,0.08061578,0.91938422
DIA,4,0.05733499,0.94266501
DIA,4,0.06758594,0.93241406
DIA,4,0.11506320,0.88493680
DIA,4,0.10546930,0.89453070
DIA,4,0.11679202,0.88320798
DIA,4,0.54563064,0.45436936
DIA,4,0.05802313,0.94197687
DIA,4,0.08228046,0.91771954
DIA,4,0.06035682,0.93964318
DIA,4,0.12477703,0.87522297
DIA,4,0.06781538,0.93218462
DIA,4,0.06251806,0.93748194
DIA,4,0.06904042,0.93095958
DIA,4,0.12813828,0.87186172
DIA,4,0.06288146,0.93711854
DIA,4,0.61788599,0.38211401
DIA,4,0.05887421,0.94112579
DIA,4,0.07851180,0.92148820
DIA,4,0.07748171,0.92251829
DIA,4,0.07911664,0.92088336
DIA,4,0.15760574,0.84239426
DIA,4,0.05736135,0.94263865
DIA,4,0.06072224,0.93927776
DIA,4,0.13257537,0.86742463
DIA,4,0.36410126,0.63589874
DIA,4,0.14547525,0.85452475
DIA,4,0.05730546,0.94269454
DIA,4,0.06813760,0.93186240
DIA,4,0.59283360,0.40716640
DIA,4,0.07736939,0.92263061
DIA,4,0.07659166,0.92340834
DIA,4,0.35071943,0.64928057
DIA,4,0.08017005,0.91982995
DIA,4,0.05731168,0.94268832
DIA,4,0.05737806,0.94262194
DIA,4,0.14260061,0.85739939
DIA,4,0.05922823,0.94077177
DIA,4,0.07327309,0.92672691
DIA,4,0.07679097,0.92320903
DIA,4,0.06755957,0.93244043
DIA,4,0.05730589,0.94269411
DIA,4,0.05919583,0.94080417
DIA,4,0.06538398,0.93461602
DIA,4,0.10643495,0.89356505
DIA,4,0.06351013,0.93648987
DIA,4,0.06127910,0.93872090
DIA,4,0.05745078,0.94254922
DIA,4,0.15956452,0.84043548
DIA,4,0.11666002,0.88333998
DIA,4,0.05807971,0.94192029
DIA,4,0.06533619,0.93466381
DIA,4,0.06054189,0.93945811
DIA,4,0.05743358,0.94256642
DIA,4,0.06393103,0.93606897
DIA,4,0.05737002,0.94262998
DIA,4,0.05881628,0.94118372
DIA,4,0.07481610,0.92518390
DIA,4,0.05909705,0.94090295
DIA,4,0.05805210,0.94194790
DIA,4,0.05731171,0.94268829
DIA,4,0.08715390,0.91284610
DIA,4,0.05782011,0.94217989
DIA,4,0.07219860,0.92780140
DIA,4,0.08426066,0.91573934
DIA,4,0.06939068,0.93060932
DIA,4,0.05766339,0.94233661
DIA,4,0.10343667,0.89656333
DIA,4,0.06697444,0.93302556
DIA,4,0.05770838,0.94229162
DIA,4,0.06076007,0.93923993
DIA,4,0.05730712,0.94269288
DIA,4,0.05791882,0.94208118
DIA,4,0.07642920,0.92357080
DIA,4,0.07814007,0.92185993
DIA,4,0.06080135,0.93919865
DIA,4,0.07328737,0.92671263
DIA,4,0.10234340,0.89765660
DIA,4,0.05954159,0.94045841
DIA,4,0.06029226,0.93970774
DIA,4,0.06169271,0.93830729
DIA,4,0.05763228,0.94236772
DIA,4,0.06873238,0.93126762
DIA,4,0.14068541,0.85931459
DIA,4,0.05938894,0.94061106
DIA,4,0.05809726,0.94190274
DIA,4,0.05745428,0.94254572
DIA,4,0.05781507,0.94218493
DIA,4,0.05791677,0.94208323
DIA,4,0.09249286,0.90750714
DIA,4,0.05867529,0.94132471
DIA,4,0.05874964,0.94125036
DIA,4,0.06014403,0.93985597
DIA,4,0.06313302,0.93686698
DIA,4,0.05893477,0.94106523
DIA,4,0.05746586,0.94253414
DIA,4,0.11166045,0.88833955
DIA,4,0.05869686,0.94130314
DIA,4,0.05750440,0.94249560
DIA,4,0.05985960,0.94014040
DIA,4,0.07342055,0.92657945
DIA,4,0.05758461,0.94241539
DIA,4,0.05741578,0.94258422
DIA,4,0.06522723,0.93477277
DIA,4,0.05833012,0.94166988
DIA,4,0.06090648,0.93909352
DIA,4,0.11732474,0.88267526
DIA,4,0.06932602,0.93067398
DIA,4,0.05904365,0.94095635
DIA,4,0.07583493,0.92416507
DIA,4,0.05731082,0.94268918
DIA,4,0.05923039,0.94076961
DIA,4,0.08640891,0.91359109
DIA,4,0.06206027,0.93793973
DIA,4,0.06769053,0.93230947
DIA,4,0.06253201,0.93746799
DIA,4,0.05865497,0.94134503
DIA,4,0.05733719,0.94266281
DIA,4,0.05744006,0.94255994
DIA,4,0.06371928,0.93628072
DIA,4,0.21042656,0.78957344
DIA,4,0.05731531,0.94268469
DIA,4,0.08884270,0.91115730
DIA,4,0.05732122,0.94267878
DIA,4,0.06042493,0.93957507
DIA,4,0.08483729,0.91516271
DIA,4,0.06778263,0.93221737
DIA,4,0.05831638,0.94168362
DIA,4,0.06078282,0.93921718
DIA,4,0.05972657,0.94027343
DIA,4,0.05911212,0.94088788
DIA,4,0.05769724,0.94230276
DIA,4,0.05730373,0.94269627
DIA,4,0.09462602,0.90537398
DIA,4,0.06151202,0.93848798
DIA,4,0.05731831,0.94268169
DIA,4,0.05981757,0.94018243
DIA,4,0.05732845,0.94267155
DIA,4,0.06278510,0.93721490
DIA,4,0.08026246,0.91973754
DIA,4,0.06827822,0.93172178
DIA,4,0.10220399,0.89779601
DIA,4,0.05730757,0.94269243
DIA,4,0.06239626,0.93760374
DIA,4,0.05754436,0.94245564
DIA,4,0.05756108,0.94243892
DIA,4,0.08029850,0.91970150
DIA,4,0.05823490,0.94176510
DIA,4,0.05736366,0.94263634
DIA,4,0.05922720,0.94077280
DIA,4,0.07468970,0.92531030
DIA,4,0.06414189,0.93585811
DIA,4,0.05983224,0.94016776
DIA,4,0.05733101,0.94266899
DIA,4,0.05749825,0.94250175
DIA,4,0.05731981,0.94268019
DIA,4,0.08385413,0.91614587
DIA,4,0.06469312,0.93530688
DIA,4,0.08692279,0.91307721
DIA,4,0.10477690,0.89522310
DIA,4,0.05951964,0.94048036
DIA,4,0.05733584,0.94266416
DIA,4,0.06100109,0.93899891
DIA,4,0.09185988,0.90814012
DIA,4,0.06814737,0.93185263
DIA,4,0.05802962,0.94197038
DIA,4,0.05743232,0.94256768
DIA,4,0.05744755,0.94255245
DIA,4,0.05731707,0.94268293
DIA,4,0.05982110,0.94017890
DIA,4,0.06795235,0.93204765
DIA,4,0.06043450,0.93956550
DIA,4,0.09310173,0.90689827
DIA,4,0.08827119,0.91172881
DIA,4,0.05968709,0.94031291
DIA,4,0.05733247,0.94266753
DIA,4,0.05853771,0.94146229
DIA,4,0.06309905,0.93690095
DIA,4,0.06658792,0.93341208
DIA,4,0.06264774,0.93735226
DIA,4,0.05818624,0.94181376
DIA,4,0.99862919,0.00137081
DIA,4,0.05827104,0.94172896
DIA,4,0.06014953,0.93985047
DIA,4,0.12157591,0.87842409
DIA,4,0.08224250,0.91775750
DIA,4,0.18625215,0.81374785
DIA,4,0.05731942,0.94268058
DIA,4,0.07117195,0.92882805
DIA,4,0.05838500,0.94161500
DIA,4,0.06425596,0.93574404
DIA,4,0.60099790,0.39900210
DIA,4,0.06216594,0.93783406
DIA,4,0.06034304,0.93965696
DIA,4,0.06377536,0.93622464
DIA,4,0.10245822,0.89754178
DIA,4,0.07523238,0.92476762
DIA,4,0.21115427,0.78884573
DIA,4,0.05913514,0.94086486
DIA,4,0.05887288,0.94112712
DIA,4,0.05757932,0.94242068
DIA,4,0.07292118,0.92707882
DIA,4,0.09725500,0.90274500
DIA,4,0.06247033,0.93752967
DIA,4,0.05758274,0.94241726
DIA,4,0.05952921,0.94047079
DIA,4,0.12735806,0.87264194
DIA,4,0.06017552,0.93982448
DIA,4,0.06022898,0.93977102
DIA,4,0.05767049,0.94232951
DIA,4,0.05749355,0.94250645
DIA,4,0.08426125,0.91573875
DIA,4,0.06919277,0.93080723
DIA,4,0.07050885,0.92949115
DIA,4,0.10608638,0.89391362
DIA,4,0.06773463,0.93226537
DIA,4,0.06101993,0.93898007
DIA,4,0.05748068,0.94251932
DIA,4,0.16991253,0.83008747
DIA,4,0.05958969,0.94041031
DIA,4,0.06004307,0.93995693
DIA,4,0.13386988,0.86613012
DIA,4,0.05977495,0.94022505
DIA,4,0.05793391,0.94206609
DIA,4,0.06631914,0.93368086
DIA,4,0.07216536,0.92783464
DIA,4,0.07738209,0.92261791
DIA,4,0.06078127,0.93921873
DIA,4,0.05878289,0.94121711
DIA,4,0.06441173,0.93558827
DIA,4,0.05731009,0.94268991
DIA,4,0.06510557,0.93489443
DIA,4,0.13721989,0.86278011
DIA,4,0.08877560,0.91122440
DIA,4,0.05952257,0.94047743
DIA,4,0.06159406,0.93840594
DIA,4,0.08994334,0.91005666
DIA,4,0.05730374,0.94269626
DIA,4,0.07474009,0.92525991
DIA,4,0.05741716,0.94258284
DIA,4,0.05731100,0.94268900
DIA,4,0.05787102,0.94212898
DIA,4,0.07730755,0.92269245
DIA,4,0.06651215,0.93348785
DIA,4,0.05824849,0.94175151
DIA,4,0.09745428,0.90254572
DIA,4,0.05730914,0.94269086
DIA,4,0.06156281,0.93843719
DIA,4,0.05760820,0.94239180
DIA,4,0.07371486,0.92628514
DIA,4,0.12415059,0.87584941
DIA,4,0.31420449,0.68579551
DIA,4,0.13465710,0.86534290
DIA,4,0.05769851,0.94230149
DIA,4,0.11990619,0.88009381
DIA,4,0.19154831,0.80845169
DIA,4,0.08099499,0.91900501
DIA,4,0.08176193,0.91823807
DIA,4,0.05864300,0.94135700
DIA,4,0.05871675,0.94128325
DIA,4,0.13264381,0.86735619
DIA,4,0.06284641,0.93715359
DIA,4,0.21606882,0.78393118
DIA,4,0.05854128,0.94145872
DIA,4,0.05816404,0.94183596
DIA,4,0.08196039,0.91803961
DIA,4,0.05731458,0.94268542
DIA,4,0.05781221,0.94218779
DIA,4,0.11032664,0.88967336
DIA,4,0.06495173,0.93504827
DIA,4,0.05746539,0.94253461
DIA,4,0.06216446,0.93783554
DIA,4,0.06231105,0.93768895
DIA,4,0.13416873,0.86583127
DIA,4,0.06801301,0.93198699
DIA,4,0.71786951,0.28213049
DIA,4,0.07007296,0.92992704
DIA,4,0.06184397,0.93815603
DIA,4,0.05868239,0.94131761
DIA,4,0.06227520,0.93772480
DIA,4,0.07327472,0.92672528
DIA,4,0.12553221,0.87446779
DIA,4,0.07448386,0.92551614
DIA,4,0.33351646,0.66648354
DIA,4,0.06411286,0.93588714
DIA,4,0.81447120,0.18552880
DIA,4,0.41478726,0.58521274
DIA,4,0.07141387,0.92858613
DIA,4,0.12604435,0.87395565
DIA,4,0.12211606,0.87788394
DIA,4,0.09458859,0.90541141
DIA,4,0.64998973,0.35001027
DIA,4,0.58705878,0.41294122
DIA,4,0.06764288,0.93235712
DIA,4,0.16143130,0.83856870
DIA,4,0.98009627,0.01990373
DIA,4,0.06594869,0.93405131
DIA,4,0.05737744,0.94262256
DIA,4,0.30441688,0.69558312
DIA,4,0.27478297,0.72521703
DIA,4,0.05976789,0.94023211
DIA,4,0.47066338,0.52933662
DIA,4,0.06671192,0.93328808
DIA,4,0.05983137,0.94016863
DIA,4,0.13626879,0.86373121
DIA,4,0.05802642,0.94197358
DIA,4,0.13836234,0.86163766
DIA,4,0.06297698,0.93702302
DIA,4,0.72893112,0.27106888
DIA,4,0.40059501,0.59940499
DIA,4,0.05912688,0.94087312
DIA,4,0.10152441,0.89847559
DIA,4,0.08333110,0.91666890
DIA,4,0.11767987,0.88232013
DIA,4,0.06247489,0.93752511
DIA,4,0.49898853,0.50101147
DIA,4,0.05732936,0.94267064
DIA,4,0.21610085,0.78389915
DIA,4,0.05730503,0.94269497
DIA,4,0.11294499,0.88705501
DIA,4,0.05927935,0.94072065
DIA,4,0.06017596,0.93982404
DIA,4,0.89602480,0.10397520
DIA,4,0.09116313,0.90883687
DIA,4,0.06164474,0.93835526
DIA,4,0.06267896,0.93732104
DIA,4,0.06338252,0.93661748
DIA,4,0.05795076,0.94204924
DIA,4,0.08561014,0.91438986
DIA,4,0.06207154,0.93792846
DIA,4,0.05789841,0.94210159
DIA,4,0.22022859,0.77977141
DIA,4,0.05844895,0.94155105
DIA,4,0.07463110,0.92536890
DIA,4,0.05730946,0.94269054
DIA,4,0.08274374,0.91725626
DIA,4,0.05783199,0.94216801
DIA,4,0.09723913,0.90276087
DIA,4,0.07186519,0.92813481
DIA,4,0.06893183,0.93106817
DIA,4,0.07013560,0.92986440
DIA,4,0.08395630,0.91604370
DIA,4,0.07502468,0.92497532
DIA,4,0.05914870,0.94085130
DIA,4,0.05732391,0.94267609
DIA,4,0.96156542,0.03843458
DIA,4,0.05777251,0.94222749
DIA,4,0.09689948,0.90310052
DIA,4,0.05753517,0.94246483
DIA,4,0.05763768,0.94236232
DIA,4,0.11918058,0.88081942
DIA,4,0.07292051,0.92707949
DIA,4,0.07100176,0.92899824
DIA,4,0.11235518,0.88764482
DIA,4,0.92577645,0.07422355
DIA,4,0.05730403,0.94269597
DIA,4,0.06415866,0.93584134
DIA,4,0.10205780,0.89794220
DIA,4,0.95667653,0.04332347
DIA,4,0.06790491,0.93209509
DIA,4,0.42249650,0.57750350
DIA,4,0.07126496,0.92873504
DIA,4,0.85045306,0.14954694
DIA,4,0.06378699,0.93621301
DIA,4,0.12265001,0.87734999
DIA,4,0.06535165,0.93464835
DIA,4,0.32088032,0.67911968
DIA,4,0.06024670,0.93975330
DIA,4,0.35230633,0.64769367
DIA,4,0.19689665,0.80310335
DIA,4,0.44885645,0.55114355
DIA,4,0.30223321,0.69776679
DIA,4,0.94685316,0.05314684
DIA,4,0.06548306,0.93451694
DIA,4,0.06542184,0.93457816
DIA,4,0.06367907,0.93632093
DIA,4,0.06835527,0.93164473
DIA,4,0.24954437,0.75045563
DIA,4,0.24700124,0.75299876
DIA,4,0.05818791,0.94181209
DIA,4,0.08601537,0.91398463
DIA,4,0.68798501,0.31201499
DIA,4,0.05840750,0.94159250
DIA,4,0.06303611,0.93696389
DIA,4,0.18876259,0.81123741
DIA,4,0.26309577,0.73690423
DIA,4,0.06465321,0.93534679
DIA,4,0.05812937,0.94187063
DIA,4,0.06021184,0.93978816
DIA,4,0.29682333,0.70317667
DIA,4,0.10274223,0.89725777
DIA,4,0.05749864,0.94250136
DIA,4,0.24836371,0.75163629
DIA,4,0.05737545,0.94262455
DIA,4,0.08719161,0.91280839
DIA,4,0.42366951,0.57633049
DIA,4,0.05753025,0.94246975
DIA,4,0.60361979,0.39638021
DIA,4,0.05738542,0.94261458
DIA,4,0.54470339,0.45529661
DIA,4,0.12479794,0.87520206
DIA,4,0.11733999,0.88266001
DIA,4,0.50929238,0.49070762
DIA,4,0.15337369,0.84662631
DIA,4,0.67213022,0.32786978
DIA,4,0.06615947,0.93384053
DIA,4,0.93440331,0.06559669
DIA,4,0.07996396,0.92003604
DIA,4,0.15415578,0.84584422
DIA,4,0.87276743,0.12723257
DIA,4,0.12782571,0.87217429
DIA,4,0.20840172,0.79159828
DIA,4,0.19341101,0.80658899
DIA,4,0.11289371,0.88710629
DIA,4,0.05933624,0.94066376
DIA,4,0.33155972,0.66844028
DIA,4,0.10557035,0.89442965
DIA,4,0.09080958,0.90919042
DIA,4,0.99300686,0.00699314
DIA,4,0.08755467,0.91244533
DIA,4,0.06347980,0.93652020
DIA,4,0.06973082,0.93026918
DIA,4,0.06366477,0.93633523
DIA,4,0.14436244,0.85563756
DIA,4,0.30015645,0.69984355
DIA,4,0.19923667,0.80076333
DIA,4,0.06283733,0.93716267
DIA,4,0.05767549,0.94232451
DIA,4,0.08928408,0.91071592
DIA,4,0.14852670,0.85147330
DIA,4,0.08228341,0.91771659
DIA,4,0.32281439,0.67718561
DIA,4,0.13256677,0.86743323
DIA,4,0.05792731,0.94207269
DIA,4,0.10252780,0.89747220
DIA,4,0.93971138,0.06028862
DIA,4,0.06014707,0.93985293
DIA,4,0.06360815,0.93639185
DIA,4,0.06148118,0.93851882
DIA,4,0.46792191,0.53207809
DIA,4,0.22389220,0.77610780
DIA,4,0.23971262,0.76028738
DIA,4,0.99886591,0.00113409
DIA,4,0.05806766,0.94193234
DIA,4,0.05992184,0.94007816
DIA,4,0.36042948,0.63957052
DIA,4,0.05799067,0.94200933
DIA,4,0.99918505,0.00081495
DIA,4,0.69882202,0.30117798
DIA,4,0.55247399,0.44752601
DIA,4,0.37819813,0.62180187
DIA,4,0.05761177,0.94238823
DIA,4,0.11464886,0.88535114
DIA,4,0.12347046,0.87652954
DIA,4,0.08810501,0.91189499
DIA,4,0.06221443,0.93778557
DIA,4,0.99585313,0.00414687
DIA,4,0.05795777,0.94204223
DIA,4,0.05764375,0.94235625
DIA,4,0.05804761,0.94195239
DIA,4,0.05762273,0.94237727
DIA,4,0.06125717,0.93874283
DIA,4,0.06538291,0.93461709
DIA,4,0.06494619,0.93505381
DIA,4,0.64387083,0.35612917
DIA,4,0.06349747,0.93650253
DIA,4,0.06777412,0.93222588
DIA,4,0.71424824,0.28575176
DIA,4,0.05810465,0.94189535
DIA,4,0.46459352,0.53540648
DIA,4,0.05738455,0.94261545
DIA,4,0.09274518,0.90725482
DIA,4,0.06043664,0.93956336
DIA,4,0.08719773,0.91280227
DIA,4,0.06444082,0.93555918
DIA,4,0.05830755,0.94169245
DIA,4,0.06203141,0.93796859
DIA,4,0.05779347,0.94220653
DIA,4,0.26788474,0.73211526
DIA,4,0.06897734,0.93102266
DIA,4,0.08009574,0.91990426
DIA,4,0.06235061,0.93764939
DIA,4,0.30048626,0.69951374
DIA,4,0.06116290,0.93883710
DIA,4,0.11030143,0.88969857
DIA,4,0.11511640,0.88488360
DIA,4,0.06138360,0.93861640
DIA,4,0.06958465,0.93041535
DIA,4,0.08781086,0.91218914
DIA,4,0.05737020,0.94262980
DIA,4,0.06157726,0.93842274
DIA,4,0.28692137,0.71307863
DIA,4,0.54795483,0.45204517
DIA,4,0.05739602,0.94260398
DIA,4,0.14943748,0.85056252
DIA,4,0.06613746,0.93386254
DIA,4,0.06369954,0.93630046
DIA,4,0.06724100,0.93275900
DIA,4,0.05745142,0.94254858
DIA,4,0.13477629,0.86522371
DIA,4,0.10530973,0.89469027
DIA,4,0.05840591,0.94159409
DIA,4,0.40649505,0.59350495
DIA,4,0.99309239,0.00690761
DIA,4,0.06139041,0.93860959
DIA,4,0.05789410,0.94210590
DIA,4,0.35510511,0.64489489
DIA,4,0.06054861,0.93945139
DIA,4,0.23958446,0.76041554
DIA,4,0.05894497,0.94105503
DIA,4,0.11494092,0.88505908
DIA,4,0.15514754,0.84485246
DIA,4,0.05962983,0.94037017
DIA,4,0.48872038,0.51127962
DIA,4,0.05857962,0.94142038
DIA,4,0.06207114,0.93792886
DIA,4,0.05734139,0.94265861
DIA,4,0.99487635,0.00512365
DIA,4,0.16405452,0.83594548
DIA,4,0.05742039,0.94257961
DIA,4,0.06158131,0.93841869
DIA,4,0.29017440,0.70982560
DIA,4,0.06998202,0.93001798
DIA,4,0.06705264,0.93294736
DIA,4,0.20467985,0.79532015
DIA,4,0.64767631,0.35232369
DIA,4,0.07393930,0.92606070
DIA,4,0.14408596,0.85591404
DIA,4,0.06771275,0.93228725
DIA,4,0.10997297,0.89002703
DIA,4,0.89706357,0.10293643
DIA,4,0.63411387,0.36588613
DIA,4,0.07429816,0.92570184
DIA,4,0.06020721,0.93979279
DIA,4,0.16610199,0.83389801
DIA,4,0.06456528,0.93543472
DIA,4,0.89168432,0.10831568
DIA,4,0.05733206,0.94266794
DIA,4,0.69383807,0.30616193
DIA,4,0.77749337,0.22250663
DIA,4,0.44210466,0.55789534
DIA,4,0.36444796,0.63555204
DIA,4,0.08043705,0.91956295
DIA,4,0.06359665,0.93640335
DIA,4,0.98566776,0.01433224
DIA,4,0.07225232,0.92774768
DIA,4,0.56984002,0.43015998
DIA,4,0.89158429,0.10841571
DIA,4,0.08239053,0.91760947
DIA,4,0.15265708,0.84734292
DIA,4,0.14220373,0.85779627
DIA,4,0.08325780,0.91674220
DIA,4,0.06719037,0.93280963
DIA,4,0.30906035,0.69093965
DIA,4,0.19768638,0.80231362
DIA,4,0.07103449,0.92896551
DIA,4,0.05874926,0.94125074
DIA,4,0.39826926,0.60173074
DIA,4,0.61849201,0.38150799
DIA,4,0.05754514,0.94245486
DIA,4,0.09324362,0.90675638
DIA,4,0.58355715,0.41644285
DIA,4,0.22398940,0.77601060
DIA,4,0.06321900,0.93678100
DIA,4,0.05803926,0.94196074
DIA,4,0.98942477,0.01057523
DIA,4,0.05731060,0.94268940
DIA,4,0.93559896,0.06440104
DIA,4,0.79313634,0.20686366
DIA,4,0.05751122,0.94248878
DIA,4,0.26930570,0.73069430
DIA,4,0.05763074,0.94236926
DIA,4,0.99999955,0.00000045
DIA,4,0.10896584,0.89103416
DIA,4,0.99997311,0.00002689
DIA,4,0.99925826,0.00074174
DIA,4,0.99935691,0.00064309
DIA,4,0.99113363,0.00886637
DIA,4,0.51954276,0.48045724
DIA,4,0.06207685,0.93792315
DIA,4,0.52624970,0.47375030
DIA,4,0.16028393,0.83971607
DIA,4,1.00000000,0.00000000
DIA,4,0.99996470,0.00003530
DIA,4,0.05975874,0.94024126
DIA,4,0.99703248,0.00296752
DIA,4,0.59909712,0.40090288
DIA,4,0.99976651,0.00023349
DIA,4,1.00000000,0.00000000
DIA,4,0.91951960,0.08048040
DIA,4,1.00000000,0.00000000
DIA,4,0.75717041,0.24282959
DIA,4,1.00000000,0.00000000
DIA,4,0.05736484,0.94263516
DIA,4,1.00000000,0.00000000
DIA,4,0.99990521,0.00009479
DIA,4,0.09481644,0.90518356
DIA,4,0.99999894,0.00000106
DIA,4,0.86242757,0.13757243
DIA,4,1.00000000,0.00000000
DIA,4,0.26516549,0.73483451
DIA,4,0.99873210,0.00126790
DIA,4,0.97375242,0.02624758
DIA,4,1.00000000,0.00000000
DIA,4,0.05765620,0.94234380
DIA,4,0.58571774,0.41428226
DIA,4,0.35076417,0.64923583
DIA,4,0.06156613,0.93843387
DIA,4,0.99647190,0.00352810
DIA,4,0.99999996,0.00000004
DIA,4,1.00000000,0.00000000
DIA,4,0.87401231,0.12598769
DIA,4,0.06913118,0.93086882
DIA,4,0.74991823,0.25008177
DIA,4,0.99999999,0.00000001
DIA,4,1.00000000,0.00000000
DIA,4,0.99871522,0.00128478
DIA,4,0.99112202,0.00887798
DIA,4,0.25962796,0.74037204
DIA,4,0.99999996,0.00000004
DIA,4,1.00000000,0.00000000
DIA,4,1.00000000,0.00000000
DIA,4,1.00000000,0.00000000
DIA,4,0.08663438,0.91336562
DIA,4,0.96932986,0.03067014
DIA,4,0.29059091,0.70940909
DIA,4,1.00000000,0.00000000
DIA,4,0.94242181,0.05757819
DIA,4,0.85953717,0.14046283
DIA,4,0.83431209,0.16568791
DIA,4,0.95259163,0.04740837
DIA,4,0.99982287,0.00017713
DIA,4,0.88710901,0.11289099
DIA,4,0.06979200,0.93020800
DIA,4,0.73753232,0.26246768
DIA,4,0.07983028,0.92016972
DIA,4,0.08939384,0.91060616
DIA,4,0.99998347,0.00001653
DIA,4,0.09858682,0.90141318
DIA,4,0.94093245,0.05906755
DIA,4,0.07215868,0.92784132
DIA,4,0.07728701,0.92271299
DIA,4,0.18224466,0.81775534
DIA,4,0.06616241,0.93383759
DIA,4,0.07569562,0.92430438
DIA,4,0.06258041,0.93741959
DIA,4,0.69567711,0.30432289
DIA,4,0.24652063,0.75347937
DIA,4,0.99134453,0.00865547
DIA,4,0.08295361,0.91704639
DIA,4,0.08003728,0.91996272
DIA,4,0.96101703,0.03898297
DIA,4,0.06797623,0.93202377
DIA,4,0.40072944,0.59927056
DIA,4,0.32081740,0.67918260
DIA,4,0.06848425,0.93151575
DIA,4,0.99096892,0.00903108
DIA,4,0.05797937,0.94202063
DIA,4,0.09558385,0.90441615
DIA,4,0.99997458,0.00002542
DIA,4,0.99263977,0.00736023
DIA,4,0.12309784,0.87690216
DIA,4,0.07760382,0.92239618
DIA,4,0.06212005,0.93787995
DIA,4,0.09875023,0.90124977
DIA,4,0.90164152,0.09835848
DIA,4,0.93248443,0.06751557
DIA,4,0.66786833,0.33213167
DIA,4,0.11389278,0.88610722
DIA,4,0.45093204,0.54906796
DIA,4,0.24617344,0.75382656
DIA,4,0.15834597,0.84165403
DIA,4,0.96918012,0.03081988
DIA,4,0.05827671,0.94172329
DIA,4,0.99999990,0.00000010
DIA,4,0.06061598,0.93938402
DIA,4,0.05734141,0.94265859
DIA,4,0.12756971,0.87243029
DIA,4,0.99998112,0.00001888
DIA,4,0.06044318,0.93955682
DIA,4,0.16310197,0.83689803
DIA,4,0.25932254,0.74067746
DIA,4,0.99975635,0.00024365
DIA,4,0.99018317,0.00981683
DIA,4,0.09903231,0.90096769
DIA,4,0.20941119,0.79058881
DIA,4,0.52244720,0.47755280
DIA,4,0.99999817,0.00000183
DIA,4,0.10991282,0.89008718
DIA,4,0.73203209,0.26796791
DIA,4,0.99997391,0.00002609
DIA,4,0.05744223,0.94255777
DIA,4,0.16555415,0.83444585
DIA,4,1.00000000,0.00000000
DIA,4,0.06589113,0.93410887
DIA,4,0.99898705,0.00101295
DIA,4,0.11733086,0.88266914
DIA,4,0.05763981,0.94236019
DIA,4,0.88731467,0.11268533
DIA,4,0.27852250,0.72147750
DIA,4,0.12911185,0.87088815
DIA,4,0.45561474,0.54438526
DIA,4,1.00000000,0.00000000
DIA,4,0.11022978,0.88977022
DIA,4,0.12647988,0.87352012
DIA,4,0.80479850,0.19520150
DIA,4,0.31089360,0.68910640
DIA,4,0.99942932,0.00057068
DIA,4,0.10519061,0.89480939
DIA,4,0.73197870,0.26802130
DIA,4,0.98404530,0.01595470
DIA,4,0.07857430,0.92142570
DIA,4,0.06794877,0.93205123
DIA,4,0.86837295,0.13162705
DIA,4,0.06821789,0.93178211
DIA,4,0.99583432,0.00416568
DIA,4,0.05748171,0.94251829
DIA,4,0.47616677,0.52383323
DIA,4,0.17536590,0.82463410
DIA,4,0.22360340,0.77639660
DIA,4,0.05862827,0.94137173
DIA,4,0.99976395,0.00023605
DIA,4,0.21388883,0.78611117
DIA,4,0.10450193,0.89549807
DIA,4,0.09645310,0.90354690
DIA,4,0.26846482,0.73153518
DIA,4,0.06827461,0.93172539
DIA,4,0.05879109,0.94120891
DIA,4,0.69301135,0.30698865
DIA,4,0.05730702,0.94269298
DIA,4,0.07005208,0.92994792
DIA,4,0.94481691,0.05518309
DIA,4,0.05750298,0.94249702
DIA,4,0.16081799,0.83918201
DIA,4,0.14537976,0.85462024
DIA,4,0.54748192,0.45251808
DIA,4,0.39096929,0.60903071
DIA,4,0.06843421,0.93156579
DIA,4,0.76223472,0.23776528
DIA,4,0.06621681,0.93378319
DIA,4,0.08855561,0.91144439
DIA,4,0.97249854,0.02750146
DIA,4,0.05854402,0.94145598
DIA,4,0.07855107,0.92144893
DIA,4,0.35949108,0.64050892
DIA,4,0.05998338,0.94001662
DIA,4,0.84302036,0.15697964
DIA,4,0.53461025,0.46538975
DIA,4,0.12949137,0.87050863
DIA,4,0.17538206,0.82461794
DIA,4,0.96617435,0.03382565
DIA,4,0.06412780,0.93587220
DIA,4,0.08503589,0.91496411
DIA,4,0.09490895,0.90509105
DIA,4,0.06075167,0.93924833
DIA,4,0.05736175,0.94263825
DIA,4,0.05736275,0.94263725
DIA,4,0.06035648,0.93964352
DIA,4,0.06287858,0.93712142
DIA,4,0.06315011,0.93684989
DIA,4,0.71831675,0.28168325
DIA,4,0.25336110,0.74663890
DIA,4,0.05882985,0.94117015
DIA,4,0.08337596,0.91662404
DIA,4,0.05861845,0.94138155
DIA,4,0.88727381,0.11272619
DIA,4,0.06464697,0.93535303
DIA,4,0.06080864,0.93919136
DIA,4,0.65996145,0.34003855
DIA,4,0.06105760,0.93894240
DIA,4,0.12891716,0.87108284
DIA,4,0.10628282,0.89371718
DIA,4,0.07872337,0.92127663
DIA,4,0.94755405,0.05244595
DIA,4,0.06277763,0.93722237
DIA,4,0.57680276,0.42319724
DIA,4,0.05741422,0.94258578
DIA,4,0.05731078,0.94268922
DIA,4,0.06583544,0.93416456
DIA,4,0.74903050,0.25096950
DIA,4,0.07076109,0.92923891
DIA,4,0.99289260,0.00710740
DIA,4,0.20841735,0.79158265
DIA,4,0.06983961,0.93016039
DIA,4,0.16878356,0.83121644
DIA,4,0.10941721,0.89058279
DIA,4,0.06163109,0.93836891
DIA,4,0.67609549,0.32390451
DIA,4,0.06744192,0.93255808
DIA,4,0.05925709,0.94074291
DIA,4,0.05813235,0.94186765
DIA,4,0.06021831,0.93978169
DIA,4,0.10644043,0.89355957
DIA,4,0.06058180,0.93941820
DIA,4,0.18460633,0.81539367
DIA,4,0.06718679,0.93281321
DIA,4,0.06388419,0.93611581
DIA,4,0.06158032,0.93841968
DIA,4,0.17459952,0.82540048
DIA,4,0.05978571,0.94021429
DIA,4,0.13694874,0.86305126
DIA,4,0.16571072,0.83428928
DIA,4,0.07098460,0.92901540
DIA,4,0.09271656,0.90728344
DIA,4,0.71189641,0.28810359
DIA,4,0.08958288,0.91041712
DIA,4,0.08832900,0.91167100
DIA,4,0.09450744,0.90549256
DIA,4,0.37834098,0.62165902
DIA,4,0.05887901,0.94112099
DIA,4,0.06230948,0.93769052
DIA,4,0.05757858,0.94242142
DIA,4,0.06608142,0.93391858
DIA,4,0.06305024,0.93694976
DIA,4,0.07115464,0.92884536
DIA,4,0.63960358,0.36039642
DIA,4,0.06818350,0.93181650
DIA,4,0.07988631,0.92011369
DIA,4,0.13891592,0.86108408
DIA,4,0.07821802,0.92178198
DIA,4,0.07315147,0.92684853
DIA,4,0.10488919,0.89511081
DIA,4,0.05820946,0.94179054
DIA,4,0.05938130,0.94061870
DIA,4,0.07657353,0.92342647
DIA,4,0.16168368,0.83831632
DIA,4,0.05730481,0.94269519
DIA,4,0.06356903,0.93643097
DIA,4,0.06429636,0.93570364
DIA,4,0.07016363,0.92983637
DIA,4,0.09274667,0.90725333
DIA,4,0.06857095,0.93142905
DIA,4,0.06866687,0.93133313
DIA,4,0.18394433,0.81605567
DIA,4,0.06468165,0.93531835
DIA,4,0.06321445,0.93678555
DIA,4,0.74018505,0.25981495
DIA,4,0.06374042,0.93625958
DIA,4,0.15350800,0.84649200
DIA,4,0.26319515,0.73680485
DIA,4,0.05730595,0.94269405
DIA,4,0.07655212,0.92344788
DIA,4,0.10156257,0.89843743
DIA,4,0.06165503,0.93834497
DIA,4,0.05814979,0.94185021
DIA,4,0.25971469,0.74028531
DIA,4,0.07606506,0.92393494
DIA,4,0.07755533,0.92244467
DIA,4,0.10533501,0.89466499
DIA,4,0.06471829,0.93528171
DIA,4,0.11380630,0.88619370
DIA,4,0.17357152,0.82642848
DIA,4,0.11488169,0.88511831
DIA,4,0.15322058,0.84677942
DIA,4,0.05734741,0.94265259
DIA,4,0.15893351,0.84106649
DIA,4,0.55518478,0.44481522
DIA,4,0.87727668,0.12272332
DIA,4,0.07486038,0.92513962
DIA,4,0.05833338,0.94166662
DIA,4,0.06310994,0.93689006
DIA,4,0.64460244,0.35539756
DIA,4,0.06342998,0.93657002
DIA,4,0.64035488,0.35964512
DIA,4,0.06325989,0.93674011
DIA,4,0.06910022,0.93089978
DIA,4,0.10455021,0.89544979
DIA,4,0.08202646,0.91797354
DIA,4,0.22830408,0.77169592
DIA,4,0.06549768,0.93450232
DIA,4,0.05782122,0.94217878
DIA,4,0.10699861,0.89300139
DIA,4,0.05885146,0.94114854
DIA,4,0.18969557,0.81030443
DIA,4,0.05745437,0.94254563
DIA,4,0.06041618,0.93958382
DIA,4,0.26879725,0.73120275
DIA,4,0.06006066,0.93993934
DIA,4,0.17905497,0.82094503
DIA,4,0.05750438,0.94249562
DIA,4,0.10376726,0.89623274
DIA,4,0.05835266,0.94164734
DIA,4,0.05745396,0.94254604
DIA,4,0.12340557,0.87659443
DIA,4,0.06464630,0.93535370
DIA,4,0.08445380,0.91554620
DIA,4,0.08264516,0.91735484
DIA,4,0.06170926,0.93829074
DIA,4,0.06653162,0.93346838
DIA,4,0.05808111,0.94191889
DIA,4,0.19021343,0.80978657
DIA,4,0.05778864,0.94221136
DIA,4,0.09709379,0.90290621
DIA,4,0.07296803,0.92703197
DIA,4,0.05733065,0.94266935
DIA,4,0.07026281,0.92973719
DIA,4,0.06187553,0.93812447
DIA,4,0.05731454,0.94268546
DIA,4,0.05733308,0.94266692
DIA,4,0.15065312,0.84934688
DIA,4,0.23427605,0.76572395
DIA,4,0.05730714,0.94269286
DIA,4,0.05731055,0.94268945
DIA,4,0.06096057,0.93903943
DIA,4,0.05854737,0.94145263
DIA,4,0.06645971,0.93354029
DIA,4,0.06179962,0.93820038
DIA,4,0.06855224,0.93144776
DIA,4,0.06206387,0.93793613
DIA,4,0.10819135,0.89180865
DIA,4,0.12185148,0.87814852
DIA,4,0.13125916,0.86874084
DIA,4,0.71326625,0.28673375
DIA,4,0.83142323,0.16857677
DIA,4,0.05769093,0.94230907
DIA,4,0.05732083,0.94267917
DIA,4,0.06390038,0.93609962
DIA,4,0.15427958,0.84572042
DIA,4,0.07675374,0.92324626
DIA,4,0.14730220,0.85269780
DIA,4,0.16657551,0.83342449
DIA,4,0.05893799,0.94106201
DIA,4,0.96042365,0.03957635
DIA,4,0.05771928,0.94228072
DIA,4,0.12366366,0.87633634
DIA,4,0.24803998,0.75196002
DIA,4,0.05814833,0.94185167
DIA,4,0.12954510,0.87045490
DIA,4,0.06451488,0.93548512
DIA,4,0.37633114,0.62366886
DIA,4,0.07067439,0.92932561
DIA,4,0.10158886,0.89841114
DIA,4,0.05816656,0.94183344
DIA,4,0.05819873,0.94180127
DIA,4,0.12014738,0.87985262
DIA,4,0.09668154,0.90331846
DIA,4,0.06649722,0.93350278
DIA,4,0.05730373,0.94269627
DIA,4,0.08689763,0.91310237
DIA,4,0.05780323,0.94219677
DIA,4,0.05774345,0.94225655
DIA,4,0.06682047,0.93317953
DIA,4,0.17162987,0.82837013
DIA,4,0.05735479,0.94264521
DIA,4,0.05772473,0.94227527
DIA,4,0.05737957,0.94262043
DIA,4,0.06702983,0.93297017
DIA,4,0.05834751,0.94165249
DIA,4,0.05871122,0.94128878
DIA,4,0.06586050,0.93413950
DIA,4,0.06893054,0.93106946
DIA,4,0.06760713,0.93239287
DIA,4,0.06175789,0.93824211
DIA,4,0.06436325,0.93563675
DIA,4,0.12072659,0.87927341
DIA,4,0.06476042,0.93523958
DIA,4,0.05730421,0.94269579
DIA,4,0.05768812,0.94231188
DIA,4,0.06702928,0.93297072
DIA,4,0.05805754,0.94194246
DIA,4,0.06744596,0.93255404
DIA,4,0.07630890,0.92369110
DIA,4,0.06887073,0.93112927
DIA,4,0.05730577,0.94269423
DIA,4,0.08185047,0.91814953
DIA,4,0.05969111,0.94030889
DIA,4,0.08132711,0.91867289
DIA,4,0.05810710,0.94189290
DIA,4,0.05787002,0.94212998
DIA,4,0.11374654,0.88625346
DIA,4,0.06100269,0.93899731
DIA,4,0.14678541,0.85321459
DIA,4,0.07362672,0.92637328
DIA,4,0.06146816,0.93853184
DIA,4,0.05774432,0.94225568
DIA,4,0.05747233,0.94252767
DIA,4,0.07920796,0.92079204
DIA,4,0.05747931,0.94252069
DIA,4,0.56272427,0.43727573
DIA,4,0.06222339,0.93777661
DIA,4,0.15487584,0.84512416
DIA,4,0.20920702,0.79079298
DIA,4,0.14915132,0.85084868
DIA,4,0.56979828,0.43020172
DIA,4,0.08240633,0.91759367
DIA,4,0.99827316,0.00172684
DIA,4,0.31646330,0.68353670
DIA,4,0.99977559,0.00022441
DIA,4,0.05732920,0.94267080
DIA,4,0.19101106,0.80898894
DIA,4,0.12024277,0.87975723
DIA,4,0.29334465,0.70665535
DIA,4,0.05763118,0.94236882
DIA,4,0.13093470,0.86906530
DIA,4,0.08734596,0.91265404
DIA,4,0.99986342,0.00013658
DIA,4,0.11299683,0.88700317
DIA,4,0.15894053,0.84105947
DIA,4,0.06222116,0.93777884
DIA,4,0.09343436,0.90656564
DIA,4,0.97485035,0.02514965
DIA,4,0.12153589,0.87846411
DIA,4,0.17233527,0.82766473
DIA,4,0.70516627,0.29483373
DIA,4,0.06167974,0.93832026
DIA,4,0.99699437,0.00300563
DIA,4,0.26652678,0.73347322
DIA,4,0.16854539,0.83145461
DIA,4,0.06117973,0.93882027
DIA,4,0.94848600,0.05151400
DIA,4,0.07365513,0.92634487
DIA,4,0.05817052,0.94182948
DIA,4,0.65536793,0.34463207
DIA,4,0.06074525,0.93925475
DIA,4,0.06014764,0.93985236
DIA,4,0.05848889,0.94151111
DIA,4,0.05732235,0.94267765
DIA,4,0.25477332,0.74522668
DIA,4,0.05749528,0.94250472
DIA,4,0.24274143,0.75725857
DIA,4,0.05911219,0.94088781
DIA,4,0.05767268,0.94232732
DIA,4,0.95867238,0.04132762
DIA,4,0.17596696,0.82403304
DIA,4,0.06990967,0.93009033
DIA,4,0.06935957,0.93064043
DIA,4,0.06935210,0.93064790
DIA,4,0.97690424,0.02309576
DIA,4,0.24375581,0.75624419
DIA,4,0.08053981,0.91946019
DIA,4,0.05959376,0.94040624
DIA,4,0.27993839,0.72006161
DIA,4,0.05870380,0.94129620
DIA,4,0.05745191,0.94254809
DIA,4,0.93453128,0.06546872
DIA,4,0.06414147,0.93585853
DIA,4,0.09249364,0.90750636
DIA,4,0.12288495,0.87711505
DIA,4,0.49161340,0.50838660
DIA,4,0.15579136,0.84420864
DIA,4,0.13457659,0.86542341
DIA,4,0.05847037,0.94152963
DIA,4,0.06241878,0.93758122
DIA,4,0.06168781,0.93831219
DIA,4,0.05731356,0.94268644
DIA,4,0.60778916,0.39221084
DIA,4,0.05915978,0.94084022
DIA,4,0.06400156,0.93599844
DIA,4,0.05733789,0.94266211
DIA,4,0.05845988,0.94154012
DIA,4,0.06478245,0.93521755
DIA,4,0.06787481,0.93212519
DIA,4,0.93506582,0.06493418
DIA,4,0.09170162,0.90829838
DIA,4,0.05905198,0.94094802
DIA,4,0.05732567,0.94267433
DIA,4,0.11377691,0.88622309
DIA,4,0.05851338,0.94148662
DIA,4,0.23267529,0.76732471
DIA,4,0.08207727,0.91792273
DIA,4,0.06524713,0.93475287
DIA,4,0.21504716,0.78495284
DIA,4,0.05745973,0.94254027
DIA,4,0.08684196,0.91315804
DIA,4,0.32244235,0.67755765
DIA,4,0.19597546,0.80402454
DIA,4,0.05745108,0.94254892
DIA,4,0.91298178,0.08701822
DIA,4,0.08746345,0.91253655
DIA,4,0.17840143,0.82159857
DIA,4,0.11282054,0.88717946
DIA,4,0.06551398,0.93448602
DIA,4,0.06185400,0.93814600
DIA,4,0.07012845,0.92987155
DIA,4,0.09220030,0.90779970
DIA,4,0.05771658,0.94228342
DIA,4,0.06607770,0.93392230
DIA,4,0.06018769,0.93981231
DIA,4,0.05842764,0.94157236
DIA,4,0.22336531,0.77663469
DIA,4,0.05892798,0.94107202
DIA,4,0.05899916,0.94100084
DIA,4,0.08733347,0.91266653
DIA,4,0.47900181,0.52099819
DIA,4,0.06123292,0.93876708
DIA,4,0.06441028,0.93558972
DIA,4,0.05914469,0.94085531
DIA,4,0.06537766,0.93462234
DIA,4,0.06262505,0.93737495
DIA,4,0.08227711,0.91772289
DIA,4,0.41518942,0.58481058
DIA,4,0.06284371,0.93715629
DIA,4,0.05826035,0.94173965
DIA,4,0.06894107,0.93105893
DIA,4,0.05791599,0.94208401
DIA,4,0.05774857,0.94225143
DIA,4,0.08234785,0.91765215
DIA,4,0.05743372,0.94256628
DIA,4,0.06113963,0.93886037
DIA,4,0.08396631,0.91603369
DIA,4,0.24346064,0.75653936
DIA,4,0.13171562,0.86828438
DIA,4,0.06632707,0.93367293
DIA,4,0.05755022,0.94244978
DIA,4,0.05978349,0.94021651
DIA,4,0.05771531,0.94228469
DIA,4,0.06394848,0.93605152
DIA,4,0.05827815,0.94172185
DIA,4,0.05736831,0.94263169
DIA,4,0.05747413,0.94252587
DIA,4,0.07379237,0.92620763
DIA,4,0.06092287,0.93907713
DIA,4,0.59521332,0.40478668
DIA,4,0.05988857,0.94011143
DIA,4,0.06173341,0.93826659
DIA,4,0.07307842,0.92692158
DIA,4,0.05766761,0.94233239
DIA,4,0.07882093,0.92117907
DIA,4,0.10138664,0.89861336
DIA,4,0.05730541,0.94269459
DIA,4,0.33304989,0.66695011
DIA,4,0.06101407,0.93898593
DIA,4,0.29955480,0.70044520
DIA,4,0.06263312,0.93736688
DIA,4,0.05999297,0.94000703
DIA,4,0.20153997,0.79846003
DIA,4,0.19363091,0.80636909
DIA,4,0.08728352,0.91271648
DIA,4,0.06594384,0.93405616
DIA,4,0.06882148,0.93117852
DIA,4,0.79856637,0.20143363
DIA,4,0.14446518,0.85553482
DIA,4,0.06001706,0.93998294
DIA,4,0.05881289,0.94118711
DIA,4,0.05730427,0.94269573
DIA,4,0.05812605,0.94187395
DIA,4,0.05730589,0.94269411
DIA,4,0.06297638,0.93702362
DIA,4,0.05889912,0.94110088
DIA,4,0.06637597,0.93362403
DIA,4,0.05811880,0.94188120
DIA,4,0.06329382,0.93670618
DIA,4,0.05735147,0.94264853
DIA,4,0.05790227,0.94209773
DIA,4,0.06769771,0.93230229
DIA,4,0.06080475,0.93919525
DIA,4,0.05817159,0.94182841
DIA,4,0.05838990,0.94161010
DIA,4,0.05866876,0.94133124
DIA,4,0.05779009,0.94220991
DIA,4,0.05800771,0.94199229
DIA,4,0.05742415,0.94257585
DIA,4,0.09496208,0.90503792
DIA,4,0.06001064,0.93998936
DIA,4,0.06095750,0.93904250
DIA,4,0.05910593,0.94089407
DIA,4,0.05901750,0.94098250
DIA,4,0.06249080,0.93750920
DIA,4,0.06082596,0.93917404
DIA,4,0.08678382,0.91321618
DIA,4,0.05825040,0.94174960
DIA,4,0.06691405,0.93308595
DIA,4,0.06801657,0.93198343
DIA,4,0.05744069,0.94255931
DIA,4,0.05736489,0.94263511
DIA,4,0.06575892,0.93424108
DIA,4,0.11471045,0.88528955
DIA,4,0.05739191,0.94260809
DIA,4,0.05748445,0.94251555
DIA,4,0.05740123,0.94259877
DIA,4,0.22466647,0.77533353
DIA,4,0.06756509,0.93243491
DIA,4,0.19399477,0.80600523
DIA,4,0.05799964,0.94200036
DIA,4,0.05812722,0.94187278
DIA,4,0.06059525,0.93940475
DIA,4,0.07719326,0.92280674
DIA,4,0.07810206,0.92189794
DIA,4,0.05780159,0.94219841
DIA,4,0.05759110,0.94240890
DIA,4,0.06344351,0.93655649
DIA,4,0.05730375,0.94269625
DIA,4,0.06274826,0.93725174
DIA,4,0.06806596,0.93193404
DIA,4,0.06127471,0.93872529
DIA,4,0.07660756,0.92339244
DIA,4,0.24135061,0.75864939
DIA,4,0.12042815,0.87957185
DIA,4,0.06403166,0.93596834
DIA,4,0.07002015,0.92997985
DIA,4,0.09391720,0.90608280
DIA,4,0.21231015,0.78768985
DIA,4,0.05741865,0.94258135
DIA,4,0.32971485,0.67028515
DIA,4,0.07370140,0.92629860
DIA,4,0.08829726,0.91170274
DIA,4,0.11600014,0.88399986
DIA,4,0.05786939,0.94213061
DIA,4,0.55032545,0.44967455
DIA,4,0.06216686,0.93783314
DIA,4,0.06346462,0.93653538
DIA,4,0.16191520,0.83808480
DIA,4,0.77245390,0.22754610
DIA,4,0.17405699,0.82594301
DIA,4,0.09610419,0.90389581
DIA,4,0.29910380,0.70089620
DIA,4,0.05759125,0.94240875
DIA,4,0.07390994,0.92609006
DIA,4,0.08844352,0.91155648
DIA,4,0.06962699,0.93037301
DIA,4,0.05844741,0.94155259
DIA,4,0.07993557,0.92006443
DIA,4,0.07937007,0.92062993
DIA,4,0.05899716,0.94100284
DIA,4,0.06631326,0.93368674
DIA,4,0.05988812,0.94011188
DIA,4,0.05732191,0.94267809
DIA,4,0.06023104,0.93976896
DIA,4,0.05782958,0.94217042
DIA,4,0.06004524,0.93995476
DIA,4,0.05731163,0.94268837
DIA,4,0.11331206,0.88668794
DIA,4,0.05732078,0.94267922
DIA,4,0.05790447,0.94209553
DIA,4,0.06828868,0.93171132
DIA,4,0.14835573,0.85164427
DIA,4,0.06660083,0.93339917
DIA,4,0.31154646,0.68845354
DIA,4,0.07307806,0.92692194
DIA,4,0.05918653,0.94081347
DIA,4,0.10745929,0.89254071
DIA,4,0.10129540,0.89870460
DIA,4,0.07868664,0.92131336
DIA,4,0.06515576,0.93484424
DIA,4,0.05732440,0.94267560
DIA,4,0.05731089,0.94268911
DIA,4,0.07919198,0.92080802
DIA,4,0.15336266,0.84663734
DIA,4,0.06278629,0.93721371
DIA,4,0.06500312,0.93499688
DIA,4,0.07684515,0.92315485
DIA,4,0.12314351,0.87685649
DIA,4,0.06678703,0.93321297
DIA,4,0.08777761,0.91222239
DIA,4,0.06589004,0.93410996
DIA,4,0.07612435,0.92387565
DIA,4,0.07677395,0.92322605
DIA,4,0.06475917,0.93524083
DIA,4,0.08538579,0.91461421
DIA,4,0.14851987,0.85148013
DIA,4,0.06080981,0.93919019
DIA,4,0.06166161,0.93833839
DIA,4,0.05759113,0.94240887
DIA,4,0.06134638,0.93865362
DIA,4,0.13067114,0.86932886
DIA,4,0.74435125,0.25564875
DIA,4,0.07091811,0.92908189
DIA,4,0.09628710,0.90371290
DIA,4,0.07164644,0.92835356
DIA,4,0.06010865,0.93989135
DIA,4,0.05907413,0.94092587
DIA,4,0.07534149,0.92465851
DIA,4,0.23260986,0.76739014
DIA,4,0.05786138,0.94213862
DIA,4,0.12578863,0.87421137
DIA,4,0.23061020,0.76938980
DIA,4,0.06428939,0.93571061
DIA,4,0.06479845,0.93520155
DIA,4,0.08282102,0.91717898
DIA,4,0.10914170,0.89085830
DIA,4,0.07421981,0.92578019
DIA,4,0.07209963,0.92790037
DIA,4,0.12112641,0.87887359
DIA,4,0.10015198,0.89984802
DIA,4,0.18516631,0.81483369
DIA,4,0.08247014,0.91752986
DIA,4,0.18539514,0.81460486
DIA,4,0.26388024,0.73611976
DIA,4,0.05734518,0.94265482
DIA,4,0.06676860,0.93323140
DIA,4,0.09305825,0.90694175
DIA,4,0.06492965,0.93507035
DIA,4,0.18145843,0.81854157
DIA,4,0.07335466,0.92664534
DIA,4,0.06269595,0.93730405
DIA,4,0.06540485,0.93459515
DIA,4,0.06097187,0.93902813
DIA,4,0.08784242,0.91215758
DIA,4,0.31827485,0.68172515
DIA,4,0.05730386,0.94269614
DIA,4,0.16893104,0.83106896
DIA,4,0.06058301,0.93941699
DIA,4,0.08287731,0.91712269
DIA,4,0.09316513,0.90683487
DIA,4,0.35738830,0.64261170
DIA,4,0.07893698,0.92106302
DIA,4,0.09927715,0.90072285
DIA,4,0.05847691,0.94152309
DIA,4,0.80519180,0.19480820
DIA,4,0.05747940,0.94252060
DIA,4,0.99999827,0.00000173
DIA,4,0.05881725,0.94118275
DIA,4,1.00000000,0.00000000
DIA,4,0.99920647,0.00079353
DIA,4,0.99999924,0.00000076
DIA,4,0.99945241,0.00054759
DIA,4,0.19638128,0.80361872
DIA,4,0.68817689,0.31182311
DIA,4,0.07898285,0.92101715
DIA,4,0.05747101,0.94252899
DIA,4,0.99983887,0.00016113
DIA,4,0.50794086,0.49205914
DIA,4,0.05909670,0.94090330
DIA,4,0.98938556,0.01061444
DIA,4,0.25554186,0.74445814
DIA,4,0.26017934,0.73982066
DIA,4,0.13538842,0.86461158
DIA,4,0.87373291,0.12626709
DIA,4,0.06481106,0.93518894
DIA,4,0.06644294,0.93355706
DIA,4,0.11980332,0.88019668
DIA,4,0.81113649,0.18886351
DIA,4,0.13846876,0.86153124
DIA,4,0.87268694,0.12731306
DIA,4,0.10082383,0.89917617
DIA,4,0.98147819,0.01852181
DIA,4,0.06377046,0.93622954
DIA,4,0.07045201,0.92954799
DIA,4,0.19281369,0.80718631
DIA,4,0.38971962,0.61028038
DIA,4,0.09452306,0.90547694
DIA,4,0.10467494,0.89532506
DIA,4,0.05730710,0.94269290
DIA,4,0.90916707,0.09083293
DIA,4,0.99987121,0.00012879
DIA,4,0.05736644,0.94263356
DIA,4,0.92840424,0.07159576
DIA,4,0.27624946,0.72375054
DIA,4,0.33326519,0.66673481
DIA,4,0.15463450,0.84536550
DIA,4,0.64668610,0.35331390
DIA,4,0.92620003,0.07379997
DIA,4,0.16503125,0.83496875
DIA,4,0.22194332,0.77805668
DIA,4,0.41764815,0.58235185
DIA,4,0.05781635,0.94218365
DIA,4,0.98743467,0.01256533
DIA,4,0.05784925,0.94215075
DIA,4,0.10900822,0.89099178
DIA,4,0.06147913,0.93852087
DIA,4,0.26978075,0.73021925
DIA,4,0.65611885,0.34388115
DIA,4,0.24131221,0.75868779
DIA,4,0.07032887,0.92967113
DIA,4,0.06186406,0.93813594
DIA,4,0.80687738,0.19312262
DIA,4,0.14423666,0.85576334
DIA,4,0.39871230,0.60128770
DIA,4,0.17547677,0.82452323
DIA,4,0.98970819,0.01029181
DIA,4,0.06678088,0.93321912
DIA,4,0.83856119,0.16143881
DIA,4,0.96051078,0.03948922
DIA,4,0.22484339,0.77515661
DIA,4,0.53843313,0.46156687
DIA,4,0.06510250,0.93489750
DIA,4,0.07587012,0.92412988
DIA,4,0.10963392,0.89036608
DIA,4,0.99543135,0.00456865
DIA,4,0.08126284,0.91873716
DIA,4,0.80327421,0.19672579
DIA,4,0.06509319,0.93490681
DIA,4,0.05731219,0.94268781
DIA,4,0.31752923,0.68247077
DIA,4,0.17236315,0.82763685
DIA,4,0.05783890,0.94216110
DIA,4,0.70400333,0.29599667
DIA,4,0.08097377,0.91902623
DIA,4,0.73038179,0.26961821
DIA,4,0.06428479,0.93571521
DIA,4,0.91520007,0.08479993
DIA,4,0.06922405,0.93077595
DIA,4,0.99998826,0.00001174
DIA,4,0.05783057,0.94216943
DIA,4,0.05734484,0.94265516
DIA,4,0.07823929,0.92176071
DIA,4,0.07420600,0.92579400
DIA,4,0.06532449,0.93467551
DIA,4,0.34599612,0.65400388
DIA,4,0.24478305,0.75521695
DIA,4,0.17026087,0.82973913
DIA,4,0.07931258,0.92068742
DIA,4,0.16571720,0.83428280
DIA,4,0.06249764,0.93750236
DIA,4,0.05731417,0.94268583
DIA,4,0.10038526,0.89961474
DIA,4,0.96725413,0.03274587
DIA,4,0.06078249,0.93921751
DIA,4,0.07043117,0.92956883
DIA,4,0.12684846,0.87315154
DIA,4,0.05799218,0.94200782
DIA,4,0.15385879,0.84614121
DIA,4,0.12635140,0.87364860
DIA,4,0.06722554,0.93277446
DIA,4,0.24442454,0.75557546
DIA,4,0.06037023,0.93962977
DIA,4,0.05731935,0.94268065
DIA,4,0.06816086,0.93183914
DIA,4,0.06039206,0.93960794
DIA,4,0.07486341,0.92513659
DIA,4,0.05744857,0.94255143
DIA,4,0.05836070,0.94163930
DIA,4,0.06398694,0.93601306
DIA,4,0.06768111,0.93231889
DIA,4,0.09477943,0.90522057
DIA,4,0.06601093,0.93398907
DIA,4,0.09139005,0.90860995
DIA,4,0.05732738,0.94267262
DIA,4,0.06024720,0.93975280
DIA,4,0.07836526,0.92163474
DIA,4,0.05794253,0.94205747
DIA,4,0.07578506,0.92421494
DIA,4,0.05784989,0.94215011
DIA,4,0.05836484,0.94163516
DIA,4,0.07902485,0.92097515
DIA,4,0.05739653,0.94260347
DIA,4,0.17253194,0.82746806
DIA,4,0.05737424,0.94262576
DIA,4,0.06042358,0.93957642
DIA,4,0.05745159,0.94254841
DIA,4,0.05760435,0.94239565
DIA,4,0.08317931,0.91682069
DIA,4,0.07045287,0.92954713
DIA,4,0.05759450,0.94240550
DIA,4,0.08851598,0.91148402
DIA,4,0.10336541,0.89663459
DIA,4,0.06687222,0.93312778
DIA,4,0.05839392,0.94160608
DIA,4,0.05952363,0.94047637
DIA,4,0.06329710,0.93670290
DIA,4,0.05732734,0.94267266
DIA,4,0.05730703,0.94269297
DIA,4,0.05868115,0.94131885
DIA,4,0.06435619,0.93564381
DIA,4,0.05883853,0.94116147
DIA,4,0.05730451,0.94269549
DIA,4,0.05784331,0.94215669
DIA,4,0.33881318,0.66118682
DIA,4,0.06886355,0.93113645
DIA,4,0.07570361,0.92429639
DIA,4,0.05845288,0.94154712
DIA,4,0.06045181,0.93954819
DIA,4,0.40217415,0.59782585
DIA,4,0.06072240,0.93927760
DIA,4,0.06726059,0.93273941
DIA,4,0.05793253,0.94206747
DIA,4,0.05754074,0.94245926
DIA,4,0.07055689,0.92944311
DIA,4,0.06408286,0.93591714
DIA,4,0.07801814,0.92198186
DIA,4,0.05950553,0.94049447
DIA,4,0.17720116,0.82279884
DIA,4,0.05986531,0.94013469
DIA,4,0.07476859,0.92523141
DIA,4,0.05779421,0.94220579
DIA,4,0.07208165,0.92791835
DIA,4,0.06629773,0.93370227
DIA,4,0.06811329,0.93188671
DIA,4,0.12049155,0.87950845
DIA,4,0.05877813,0.94122187
DIA,4,0.12265167,0.87734833
DIA,4,0.43850544,0.56149456
DIA,4,0.07214800,0.92785200
DIA,4,0.26557490,0.73442510
DIA,4,0.11536737,0.88463263
DIA,4,0.06614598,0.93385402
DIA,4,0.30600802,0.69399198
DIA,4,0.06828715,0.93171285
DIA,4,0.07623714,0.92376286
DIA,4,0.06769870,0.93230130
DIA,4,0.08445557,0.91554443
DIA,4,0.06948021,0.93051979
DIA,4,0.08514118,0.91485882
DIA,4,0.11186823,0.88813177
DIA,4,0.05970868,0.94029132
DIA,4,0.05764972,0.94235028
DIA,4,0.06944471,0.93055529
DIA,4,0.05732571,0.94267429
DIA,4,0.06807272,0.93192728
DIA,4,0.20723772,0.79276228
DIA,4,0.06212302,0.93787698
DIA,4,0.07620683,0.92379317
DIA,4,0.09423612,0.90576388
DIA,4,0.05750579,0.94249421
DIA,4,0.06033841,0.93966159
DIA,4,0.12462404,0.87537596
DIA,4,0.07559192,0.92440808
DIA,4,0.06149417,0.93850583
DIA,4,0.18767423,0.81232577
DIA,4,0.08456492,0.91543508
DIA,4,0.12765206,0.87234794
DIA,4,0.05756705,0.94243295
DIA,4,0.05758670,0.94241330
DIA,4,0.06006423,0.93993577
DIA,4,0.07269088,0.92730912
DIA,4,0.11487524,0.88512476
DIA,4,0.16900874,0.83099126
DIA,4,0.06175562,0.93824438
DIA,4,0.81833332,0.18166668
DIA,4,0.06135477,0.93864523
DIA,4,0.05878991,0.94121009
DIA,4,0.86179346,0.13820654
DIA,4,0.07034074,0.92965926
DIA,4,0.09045533,0.90954467
DIA,4,0.14049055,0.85950945
DIA,4,0.18392595,0.81607405
DIA,4,0.06992654,0.93007346
DIA,4,0.16944372,0.83055628
DIA,4,0.11820390,0.88179610
DIA,4,0.05769428,0.94230572
DIA,4,0.08453191,0.91546809
DIA,4,0.05731678,0.94268322
DIA,4,0.59761316,0.40238684
DIA,4,0.06350812,0.93649188
DIA,4,0.12916434,0.87083566
DIA,4,0.05866930,0.94133070
DIA,4,0.08445936,0.91554064
DIA,4,0.05793861,0.94206139
DIA,4,0.72983282,0.27016718
DIA,4,0.05787715,0.94212285
DIA,4,0.07375189,0.92624811
DIA,4,0.06249938,0.93750062
DIA,4,0.11377007,0.88622993
DIA,4,0.06365121,0.93634879
DIA,4,0.08053714,0.91946286
DIA,4,0.06667615,0.93332385
DIA,4,0.06145382,0.93854618
DIA,4,0.32827148,0.67172852
DIA,4,0.06070576,0.93929424
DIA,4,0.07395002,0.92604998
DIA,4,0.09827114,0.90172886
DIA,4,0.06379453,0.93620547
DIA,4,0.11045803,0.88954197
DIA,4,0.10083982,0.89916018
DIA,4,0.10224799,0.89775201
DIA,4,0.06525049,0.93474951
DIA,4,0.38695817,0.61304183
DIA,4,0.31872126,0.68127874
DIA,4,0.05756760,0.94243240
DIA,4,0.06928101,0.93071899
DIA,4,0.06045617,0.93954383
DIA,4,0.08742441,0.91257559
DIA,4,0.34526747,0.65473253
DIA,4,0.06120815,0.93879185
DIA,4,0.06489231,0.93510769
DIA,4,0.05746420,0.94253580
DIA,4,0.05737227,0.94262773
DIA,4,0.06204729,0.93795271
DIA,4,0.06034084,0.93965916
DIA,4,0.05730389,0.94269611
DIA,4,0.05745205,0.94254795
DIA,4,0.07946120,0.92053880
DIA,4,0.05984129,0.94015871
DIA,4,0.05730909,0.94269091
DIA,4,0.07075504,0.92924496
DIA,4,0.06047109,0.93952891
DIA,4,0.10547426,0.89452574
DIA,4,0.08337890,0.91662110
DIA,4,0.05912783,0.94087217
DIA,4,0.05889146,0.94110854
DIA,4,0.05730402,0.94269598
DIA,4,0.09332134,0.90667866
DIA,4,0.07710523,0.92289477
DIA,4,0.06364977,0.93635023
DIA,4,0.05745863,0.94254137
DIA,4,0.50397943,0.49602057
DIA,4,0.06090642,0.93909358
DIA,4,0.06474587,0.93525413
DIA,4,0.06852779,0.93147221
DIA,4,0.05843440,0.94156560
DIA,4,0.30698640,0.69301360
DIA,4,0.07006861,0.92993139
DIA,4,0.06026782,0.93973218
DIA,4,0.05743552,0.94256448
DIA,4,0.05815229,0.94184771
DIA,4,0.05843079,0.94156921
DIA,4,0.05799793,0.94200207
DIA,4,0.05847168,0.94152832
DIA,4,0.08951758,0.91048242
DIA,4,0.06433416,0.93566584
DIA,4,0.07015069,0.92984931
DIA,4,0.06200532,0.93799468
DIA,4,0.07149299,0.92850701
DIA,4,0.05921838,0.94078162
DIA,4,0.05762408,0.94237592
DIA,4,0.07526183,0.92473817
DIA,4,0.06203145,0.93796855
DIA,4,0.05877464,0.94122536
DIA,4,0.09733176,0.90266824
DIA,4,0.12473639,0.87526361
DIA,4,0.05932612,0.94067388
DIA,4,0.05730627,0.94269373
DIA,4,0.08379134,0.91620866
DIA,4,0.11943392,0.88056608
DIA,4,0.05787226,0.94212774
DIA,4,0.05746610,0.94253390
DIA,4,0.29341456,0.70658544
DIA,4,0.05764030,0.94235970
DIA,4,0.49966320,0.50033680
DIA,4,0.06259126,0.93740874
DIA,4,0.05835668,0.94164332
DIA,4,0.05743242,0.94256758
DIA,4,0.05794770,0.94205230
DIA,4,0.12636913,0.87363087
DIA,4,0.11721621,0.88278379
DIA,4,0.05747003,0.94252997
DIA,4,0.12527354,0.87472646
DIA,4,0.81932771,0.18067229
DIA,4,0.15748673,0.84251327
DIA,4,0.05739960,0.94260040
DIA,4,0.05736038,0.94263962
DIA,4,0.07006498,0.92993502
DIA,4,0.29314523,0.70685477
DIA,4,0.06292136,0.93707864
DIA,4,0.06304842,0.93695158
DIA,4,0.37651467,0.62348533
DIA,4,0.05739220,0.94260780
DIA,4,0.06357469,0.93642531
DIA,4,0.22241361,0.77758639
DIA,4,0.05875684,0.94124316
DIA,4,0.08556867,0.91443133
DIA,4,0.09065599,0.90934401
DIA,4,0.06418907,0.93581093
DIA,4,0.05740704,0.94259296
DIA,4,0.06849069,0.93150931
DIA,4,0.05803849,0.94196151
DIA,4,0.07822191,0.92177809
DIA,4,0.06333179,0.93666821
DIA,4,0.07814536,0.92185464
DIA,4,0.05841589,0.94158411
DIA,4,0.07687777,0.92312223
DIA,4,0.05734274,0.94265726
DIA,4,0.07276716,0.92723284
DIA,4,0.06202131,0.93797869
DIA,4,0.08863110,0.91136890
DIA,4,0.11143517,0.88856483
DIA,4,0.08228590,0.91771410
DIA,4,0.06407129,0.93592871
DIA,4,0.10129647,0.89870353
DIA,4,0.06690322,0.93309678
DIA,4,0.05985130,0.94014870
DIA,4,0.05818510,0.94181490
DIA,4,0.18018014,0.81981986
DIA,4,0.15858766,0.84141234
DIA,4,0.88991392,0.11008608
DIA,4,0.05735850,0.94264150
DIA,4,0.06089890,0.93910110
DIA,4,0.06260843,0.93739157
DIA,4,0.06467685,0.93532315
DIA,4,0.06585017,0.93414983
DIA,4,0.07930102,0.92069898
DIA,4,0.05861918,0.94138082
DIA,4,0.05816942,0.94183058
DIA,4,0.05955935,0.94044065
DIA,4,0.05826306,0.94173694
DIA,4,0.07667447,0.92332553
DIA,4,0.06696062,0.93303938
DIA,4,0.06928497,0.93071503
DIA,4,0.07060159,0.92939841
DIA,4,0.06430958,0.93569042
DIA,4,0.07204170,0.92795830
DIA,4,0.05742545,0.94257455
DIA,4,0.07076909,0.92923091
DIA,4,0.06061960,0.93938040
DIA,4,0.06387726,0.93612274
DIA,4,0.12909067,0.87090933
DIA,4,0.09708463,0.90291537
DIA,4,0.07794359,0.92205641
DIA,4,0.05772601,0.94227399
DIA,4,0.06070431,0.93929569
DIA,4,0.06150227,0.93849773
DIA,4,0.05785962,0.94214038
DIA,4,0.06234992,0.93765008
DIA,4,0.05985860,0.94014140
DIA,4,0.05759609,0.94240391
DIA,4,0.05741245,0.94258755
DIA,4,0.06485326,0.93514674
DIA,4,0.08808547,0.91191453
DIA,4,0.06502262,0.93497738
DIA,4,0.09749326,0.90250674
DIA,4,0.26960049,0.73039951
DIA,4,0.08314881,0.91685119
DIA,4,0.20163073,0.79836927
DIA,4,0.05732020,0.94267980
DIA,4,0.05909205,0.94090795
DIA,4,0.06155740,0.93844260
DIA,4,0.11199657,0.88800343
DIA,4,0.06359054,0.93640946
DIA,4,0.06041643,0.93958357
DIA,4,0.06909686,0.93090314
DIA,4,0.06509768,0.93490232
DIA,4,0.05742865,0.94257135
DIA,4,0.05737606,0.94262394
DIA,4,0.07504574,0.92495426
DIA,4,0.05792426,0.94207574
DIA,4,0.06674146,0.93325854
DIA,4,0.05730935,0.94269065
DIA,4,0.06499250,0.93500750
DIA,4,0.07530474,0.92469526
DIA,4,0.07340157,0.92659843
DIA,4,0.06466255,0.93533745
DIA,4,0.08803163,0.91196837
DIA,4,0.05883882,0.94116118
DIA,4,0.06328329,0.93671671
DIA,4,0.05732805,0.94267195
DIA,4,0.07752017,0.92247983
DIA,4,0.08560269,0.91439731
DIA,4,0.06231119,0.93768881
DIA,4,0.06022814,0.93977186
DIA,4,0.06222237,0.93777763
DIA,4,0.06565217,0.93434783
DIA,4,0.10883637,0.89116363
DIA,4,0.06892753,0.93107247
DIA,4,0.05737142,0.94262858
DIA,4,0.47224855,0.52775145
DIA,4,0.11276251,0.88723749
DIA,4,0.09873639,0.90126361
DIA,4,0.07767376,0.92232624
DIA,4,0.05732058,0.94267942
DIA,4,0.05860989,0.94139011
DIA,4,0.12843930,0.87156070
DIA,4,0.05953796,0.94046204
DIA,4,0.05822785,0.94177215
DIA,4,0.05767787,0.94232213
DIA,4,0.08838527,0.91161473
DIA,4,0.05900367,0.94099633
DIA,4,0.11010075,0.88989925
DIA,4,0.09432090,0.90567910
DIA,4,0.13043276,0.86956724
DIA,4,0.05742474,0.94257526
DIA,4,0.07264378,0.92735622
DIA,4,0.06437835,0.93562165
DIA,4,0.05776768,0.94223232
DIA,4,0.05953963,0.94046037
DIA,4,0.05827756,0.94172244
DIA,4,0.09468040,0.90531960
DIA,4,0.06749755,0.93250245
DIA,4,0.05994523,0.94005477
DIA,4,0.08949936,0.91050064
DIA,4,0.05738923,0.94261077
DIA,4,0.06271105,0.93728895
DIA,4,0.06993234,0.93006766
DIA,4,0.05782613,0.94217387
DIA,4,0.05739525,0.94260475
DIA,4,0.08427484,0.91572516
DIA,4,0.07933801,0.92066199
DIA,4,0.05761011,0.94238989
DIA,4,0.22124199,0.77875801
DIA,4,0.09578917,0.90421083
DIA,4,0.06677639,0.93322361
DIA,4,0.26791583,0.73208417
DIA,4,0.06415999,0.93584001
DIA,4,0.25228993,0.74771007
DIA,4,0.05739790,0.94260210
DIA,4,0.09463339,0.90536661
DIA,4,0.10639565,0.89360435
DIA,4,0.15677666,0.84322334
DIA,4,0.07566790,0.92433210
DIA,4,0.07981089,0.92018911
DIA,4,0.11267431,0.88732569
DIA,4,0.18185102,0.81814898
DIA,4,0.91565892,0.08434108
DIA,4,0.05771770,0.94228230
DIA,4,0.10611510,0.89388490
DIA,4,0.07502006,0.92497994
DIA,4,0.12461403,0.87538597
DIA,4,0.10060877,0.89939123
DIA,4,0.08642440,0.91357560
DIA,4,0.06428027,0.93571973
DIA,4,0.05972173,0.94027827
DIA,4,0.06380807,0.93619193
DIA,4,0.12064963,0.87935037
DIA,4,0.08159818,0.91840182
DIA,4,0.07155085,0.92844915
DIA,4,0.05731172,0.94268828
DIA,4,0.14552931,0.85447069
DIA,4,0.05797801,0.94202199
DIA,4,0.05820665,0.94179335
DIA,4,0.05923549,0.94076451
DIA,4,0.05803904,0.94196096
DIA,4,0.07029374,0.92970626
DIA,4,0.05731275,0.94268725
DIA,4,0.05730430,0.94269570
DIA,4,0.05823535,0.94176465
DIA,4,0.05820116,0.94179884
DIA,4,0.05753485,0.94246515
DIA,4,0.05733721,0.94266279
DIA,4,0.05975392,0.94024608
DIA,4,0.05735076,0.94264924
DIA,4,0.05812016,0.94187984
DIA,4,0.09553373,0.90446627
DIA,4,0.06032248,0.93967752
DIA,4,0.06091276,0.93908724
DIA,4,0.07802945,0.92197055
DIA,4,0.06277589,0.93722411
DIA,4,0.05845193,0.94154807
DIA,4,0.06753246,0.93246754
DIA,4,0.05765227,0.94234773
DIA,4,0.05898446,0.94101554
DIA,4,0.08483921,0.91516079
DIA,4,0.30930221,0.69069779
DIA,4,0.06226393,0.93773607
DIA,4,0.06842454,0.93157546
DIA,4,0.05774008,0.94225992
DIA,4,0.08746124,0.91253876
DIA,4,0.06426486,0.93573514
DIA,4,0.06266428,0.93733572
DIA,4,0.06489924,0.93510076
DIA,4,0.16695453,0.83304547
DIA,4,0.05997240,0.94002760
DIA,4,0.05828445,0.94171555
DIA,4,0.05914503,0.94085497
DIA,4,0.05790522,0.94209478
DIA,4,0.08114482,0.91885518
DIA,4,0.05776276,0.94223724
DIA,4,0.05777602,0.94222398
DIA,4,0.11073985,0.88926015
DIA,4,0.11180530,0.88819470
DIA,4,0.11524989,0.88475011
DIA,4,0.05779402,0.94220598
DIA,4,0.06925141,0.93074859
DIA,4,0.09640692,0.90359308
DIA,4,0.06172101,0.93827899
DIA,4,0.11470871,0.88529129
DIA,4,0.05867631,0.94132369
DIA,4,0.16689275,0.83310725
DIA,4,0.06573013,0.93426987
DIA,4,0.06653927,0.93346073
DIA,4,0.06642317,0.93357683
DIA,4,0.06154494,0.93845506
DIA,4,0.06631983,0.93368017
DIA,4,0.10515379,0.89484621
DIA,4,0.06236408,0.93763592
DIA,4,0.06277368,0.93722632
DIA,4,0.11303700,0.88696300
DIA,4,0.06537208,0.93462792
DIA,4,0.10038409,0.89961591
DIA,4,0.15490285,0.84509715
DIA,4,0.05751523,0.94248477
DIA,4,0.76482749,0.23517251
DIA,4,0.10547206,0.89452794
DIA,4,0.06727914,0.93272086
DIA,4,0.09941119,0.90058881
DIA,4,0.20499262,0.79500738
DIA,4,0.05785409,0.94214591
DIA,4,0.05901319,0.94098681
DIA,4,0.05746451,0.94253549
DIA,4,0.07040302,0.92959698
DIA,4,0.06185747,0.93814253
DIA,4,0.07541342,0.92458658
DIA,4,0.06663658,0.93336342
DIA,4,0.05736121,0.94263879
DIA,4,0.08374381,0.91625619
DIA,4,0.06217924,0.93782076
DIA,4,0.06918864,0.93081136
DIA,4,0.06514988,0.93485012
DIA,4,0.05922694,0.94077306
DIA,4,0.05804066,0.94195934
DIA,4,0.09331264,0.90668736
DIA,4,0.10627831,0.89372169
DIA,4,0.12124341,0.87875659
DIA,4,0.05943192,0.94056808
DIA,4,0.05864342,0.94135658
DIA,4,0.06513087,0.93486913
DIA,4,0.06508250,0.93491750
DIA,4,0.07365860,0.92634140
DIA,4,0.05802563,0.94197437
DIA,4,0.05737953,0.94262047
DIA,4,0.06554475,0.93445525
DIA,4,0.08037609,0.91962391
DIA,4,0.06491309,0.93508691
DIA,4,0.05756926,0.94243074
DIA,4,0.05730616,0.94269384
DIA,4,0.05854996,0.94145004
DIA,4,0.05740745,0.94259255
DIA,4,0.06897758,0.93102242
DIA,4,0.07792143,0.92207857
DIA,4,0.05913353,0.94086647
DIA,4,0.06671064,0.93328936
DIA,4,0.16863878,0.83136122
DIA,4,0.05799073,0.94200927
DIA,4,0.06227705,0.93772295
DIA,4,0.10062306,0.89937694
DIA,4,0.08349515,0.91650485
DIA,4,0.05741624,0.94258376
DIA,4,0.09628031,0.90371969
DIA,4,0.05730553,0.94269447
DIA,4,0.47688511,0.52311489
DIA,4,0.05943572,0.94056428
DIA,4,0.06098949,0.93901051
DIA,4,0.06766516,0.93233484
DIA,4,0.06766941,0.93233059
DIA,4,0.09111250,0.90888750
DIA,4,0.05744056,0.94255944
DIA,4,0.05851719,0.94148281
DIA,4,0.06731762,0.93268238
DIA,4,0.09014618,0.90985382
DIA,4,0.05780638,0.94219362
DIA,4,0.06033822,0.93966178
DIA,4,0.07819657,0.92180343
DIA,4,0.06411646,0.93588354
DIA,4,0.05816559,0.94183441
DIA,4,0.05749340,0.94250660
DIA,4,0.13856925,0.86143075
DIA,4,0.07660361,0.92339639
DIA,4,0.08495218,0.91504782
DIA,4,0.06259512,0.93740488
DIA,4,0.05898176,0.94101824
DIA,4,0.05983584,0.94016416
DIA,4,0.06031762,0.93968238
DIA,4,0.14476703,0.85523297
DIA,4,0.67686204,0.32313796
DIA,4,0.06602000,0.93398000
DIA,4,0.07251561,0.92748439
DIA,4,0.15785441,0.84214559
DIA,4,0.07274121,0.92725879
DIA,4,0.10644995,0.89355005
DIA,4,0.74323459,0.25676541
DIA,4,0.06062642,0.93937358
DIA,4,0.05733763,0.94266237
DIA,4,0.16698158,0.83301842
DIA,4,0.14319939,0.85680061
DIA,4,0.05825277,0.94174723
DIA,4,0.17003399,0.82996601
DIA,4,0.05753878,0.94246122
DIA,4,0.06509089,0.93490911
DIA,4,0.09545285,0.90454715
DIA,4,0.05744698,0.94255302
DIA,4,0.07420970,0.92579030
DIA,4,0.07156637,0.92843363
DIA,4,0.05795312,0.94204688
DIA,4,0.07767595,0.92232405
DIA,4,0.05809344,0.94190656
DIA,4,0.05790209,0.94209791
DIA,4,0.06752656,0.93247344
DIA,4,0.06316694,0.93683306
DIA,4,0.11016340,0.88983660
DIA,4,0.20577087,0.79422913
DIA,4,0.05770432,0.94229568
DIA,4,0.06373793,0.93626207
DIA,4,0.05894800,0.94105200
DIA,4,0.05846080,0.94153920
DIA,4,0.06641367,0.93358633
DIA,4,0.05770600,0.94229400
DIA,4,0.24683739,0.75316261
DIA,4,0.06442322,0.93557678
DIA,4,0.14088446,0.85911554
DIA,4,0.07899418,0.92100582
DIA,4,0.08244406,0.91755594
DIA,4,0.07570042,0.92429958
DIA,4,0.05772022,0.94227978
DIA,4,0.05844600,0.94155400
DIA,4,0.07107813,0.92892187
DIA,4,0.07212983,0.92787017
DIA,4,0.05760696,0.94239304
DIA,4,0.06313363,0.93686637
DIA,4,0.10176218,0.89823782
DIA,4,0.07003594,0.92996406
DIA,4,0.06087303,0.93912697
DIA,4,0.05732290,0.94267710
DIA,4,0.11448497,0.88551503
DIA,4,0.14057177,0.85942823
DIA,4,0.05731319,0.94268681
DIA,4,0.14641584,0.85358416
DIA,4,0.31558133,0.68441867
DIA,4,0.13147554,0.86852446
DIA,4,0.09759678,0.90240322
DIA,4,0.08014450,0.91985550
DIA,4,0.12340032,0.87659968
DIA,4,0.05738586,0.94261414
DIA,4,0.06032017,0.93967983
DIA,4,0.06584270,0.93415730
DIA,4,0.05732620,0.94267380
DIA,4,0.05730822,0.94269178
DIA,4,0.09962715,0.90037285
DIA,4,0.06810908,0.93189092
DIA,4,0.07356841,0.92643159
DIA,4,0.06212498,0.93787502
DIA,4,0.05808976,0.94191024
DIA,4,0.06092176,0.93907824
DIA,4,0.05770397,0.94229603
DIA,4,0.09052617,0.90947383
DIA,4,0.07929385,0.92070615
DIA,4,0.06013041,0.93986959
DIA,4,0.05946173,0.94053827
DIA,4,0.08095366,0.91904634
DIA,4,0.05893140,0.94106860
DIA,4,0.07547027,0.92452973
DIA,4,0.13381765,0.86618235
DIA,4,0.05915972,0.94084028
DIA,4,0.05836214,0.94163786
DIA,4,0.09774612,0.90225388
DIA,4,0.10258875,0.89741125
DIA,4,0.05825765,0.94174235
DIA,4,0.06462359,0.93537641
DIA,4,0.06589871,0.93410129
DIA,4,0.05910950,0.94089050
DIA,4,0.06381826,0.93618174
DIA,4,0.05830513,0.94169487
DIA,4,0.05873201,0.94126799
DIA,4,0.05797464,0.94202536
DIA,4,0.05765488,0.94234512
DIA,4,0.07548389,0.92451611
DIA,4,0.07401678,0.92598322
DIA,4,0.05832455,0.94167545
DIA,4,0.05733038,0.94266962
DIA,4,0.07521495,0.92478505
DIA,4,0.08292252,0.91707748
DIA,4,0.05907135,0.94092865
DIA,4,0.05744240,0.94255760
DIA,4,0.05840638,0.94159362
DIA,4,0.07436207,0.92563793
DIA,4,0.05819640,0.94180360
DIA,4,0.05843265,0.94156735
DIA,4,0.05739481,0.94260519
DIA,4,0.08348687,0.91651313
DIA,4,0.05986373,0.94013627
DIA,4,0.05774277,0.94225723
DIA,4,0.05733348,0.94266652
DIA,4,0.05852346,0.94147654
DIA,4,0.08951875,0.91048125
DIA,4,0.05875230,0.94124770
DIA,4,0.07255310,0.92744690
DIA,4,0.05954332,0.94045668
DIA,4,0.08348711,0.91651289
DIA,4,0.06528997,0.93471003
DIA,4,0.06355035,0.93644965
DIA,4,0.05810616,0.94189384
DIA,4,0.07967813,0.92032187
DIA,4,0.05772653,0.94227347
DIA,4,0.06687112,0.93312888
DIA,4,0.10761892,0.89238108
DIA,4,0.08030124,0.91969876
DIA,4,0.05962845,0.94037155
DIA,4,0.06315626,0.93684374
DIA,4,0.05835159,0.94164841
DIA,4,0.05731036,0.94268964
DIA,4,0.08673228,0.91326772
DIA,4,0.05758615,0.94241385
DIA,4,0.06524639,0.93475361
DIA,4,0.05948306,0.94051694
DIA,4,0.57031391,0.42968609
DIA,4,0.07393030,0.92606970
DIA,4,0.06562842,0.93437158
DIA,4,0.09410816,0.90589184
DIA,4,0.05733145,0.94266855
DIA,4,0.06765161,0.93234839
DIA,4,0.14337565,0.85662435
DIA,4,0.05861814,0.94138186
DIA,4,0.05739618,0.94260382
DIA,4,0.07120146,0.92879854
DIA,4,0.06660977,0.93339023
DIA,4,0.06068926,0.93931074
DIA,4,0.12603713,0.87396287
DIA,4,0.07406662,0.92593338
DIA,4,0.06489778,0.93510222
DIA,4,0.06379855,0.93620145
DIA,4,0.05869691,0.94130309
DIA,4,0.06635667,0.93364333
DIA,4,0.05944856,0.94055144
DIA,4,0.05787377,0.94212623
DIA,4,0.06012844,0.93987156
DIA,4,0.05774445,0.94225555
DIA,4,0.05858565,0.94141435
DIA,4,0.05742130,0.94257870
DIA,4,0.05742395,0.94257605
DIA,4,0.06472850,0.93527150
DIA,4,0.05798913,0.94201087
DIA,4,0.07455602,0.92544398
DIA,4,0.06070785,0.93929215
DIA,4,0.05758656,0.94241344
DIA,4,0.06380372,0.93619628
DIA,4,0.05936486,0.94063514
DIA,4,0.07710669,0.92289331
DIA,4,0.05898973,0.94101027
DIA,4,0.07838909,0.92161091
DIA,4,0.05811379,0.94188621
DIA,4,0.07595047,0.92404953
DIA,4,0.08675228,0.91324772
DIA,4,0.10068226,0.89931774
DIA,4,0.26662767,0.73337233
DIA,4,0.09908169,0.90091831
DIA,4,0.05883685,0.94116315
DIA,4,0.05844233,0.94155767
DIA,4,0.26278460,0.73721540
DIA,4,0.05788831,0.94211169
DIA,4,0.17534954,0.82465046
DIA,4,0.05730373,0.94269627
DIA,4,0.37222362,0.62777638
DIA,4,0.27771908,0.72228092
DIA,4,0.49340663,0.50659337
DIA,4,0.09982313,0.90017687
DIA,4,0.26137963,0.73862037
DIA,4,0.05775666,0.94224334
DIA,4,0.14482176,0.85517824
DIA,4,0.06011294,0.93988706
DIA,4,0.32418565,0.67581435
DIA,4,0.06028827,0.93971173
DIA,4,0.19443936,0.80556064
DIA,4,0.09758884,0.90241116
DIA,4,0.18668385,0.81331615
DIA,4,0.10157768,0.89842232
DIA,4,0.05860979,0.94139021
DIA,4,0.13982123,0.86017877
DIA,4,0.05751941,0.94248059
DIA,4,0.19632268,0.80367732
DIA,4,0.17578825,0.82421175
DIA,4,0.05732653,0.94267347
DIA,4,0.05757963,0.94242037
DIA,4,0.07633942,0.92366058
DIA,4,0.06814759,0.93185241
DIA,4,0.05818265,0.94181735
DIA,4,0.05981481,0.94018519
DIA,4,0.05736088,0.94263912
DIA,4,0.05730573,0.94269427
DIA,4,0.05972518,0.94027482
DIA,4,0.05758038,0.94241962
DIA,4,0.05749614,0.94250386
DIA,4,0.05974984,0.94025016
DIA,4,0.05731054,0.94268946
DIA,4,0.05884338,0.94115662
DIA,4,0.07117808,0.92882192
DIA,4,0.05767548,0.94232452
DIA,4,0.05731320,0.94268680
DIA,4,0.05753621,0.94246379
DIA,4,0.05732117,0.94267883
DIA,4,0.06112771,0.93887229
DIA,4,0.07258356,0.92741644
DIA,4,0.05980069,0.94019931
DIA,4,0.05743223,0.94256777
DIA,4,0.06182859,0.93817141
DIA,4,0.07278130,0.92721870
DIA,4,0.06244790,0.93755210
DIA,4,0.30503883,0.69496117
DIA,4,0.06007742,0.93992258
DIA,4,0.46494429,0.53505571
DIA,4,0.08612318,0.91387682
DIA,4,0.08696311,0.91303689
DIA,4,0.35981060,0.64018940
DIA,4,0.91519190,0.08480810
DIA,4,0.06257297,0.93742703
DIA,4,0.09998182,0.90001818
DIA,4,0.06731060,0.93268940
DIA,4,0.05789560,0.94210440
DIA,4,0.05808445,0.94191555
DIA,4,0.05745434,0.94254566
DIA,4,0.06163508,0.93836492
DIA,4,0.10907282,0.89092718
DIA,4,0.05731255,0.94268745
DIA,4,0.52569154,0.47430846
DIA,4,0.10654355,0.89345645
DIA,4,0.15107850,0.84892150
DIA,4,0.57451427,0.42548573
DIA,4,0.09910785,0.90089215
DIA,4,0.07927733,0.92072267
DIA,4,0.05878828,0.94121172
DIA,4,0.12822727,0.87177273
DIA,4,0.08524477,0.91475523
DIA,4,0.12880573,0.87119427
DIA,4,0.05787999,0.94212001
DIA,4,0.05918845,0.94081155
DIA,4,0.26624461,0.73375539
DIA,4,0.07965491,0.92034509
DIA,4,0.05735027,0.94264973
DIA,4,0.37550902,0.62449098
DIA,4,0.17643908,0.82356092
DIA,4,0.16537047,0.83462953
DIA,4,0.21238705,0.78761295
DIA,4,0.11970737,0.88029263
DIA,4,0.47601609,0.52398391
DIA,4,0.05943070,0.94056930
DIA,4,0.15545763,0.84454237
DIA,4,0.05963390,0.94036610
DIA,4,0.07097920,0.92902080
DIA,4,0.08688930,0.91311070
DIA,4,0.05744195,0.94255805
DIA,4,0.07623862,0.92376138
DIA,4,0.06134384,0.93865616
DIA,4,0.05903321,0.94096679
DIA,4,0.05766505,0.94233495
DIA,4,0.05995605,0.94004395
DIA,4,0.09856119,0.90143881
DIA,4,0.05744429,0.94255571
DIA,4,0.06940132,0.93059868
DIA,4,0.05791217,0.94208783
DIA,4,0.05734271,0.94265729
DIA,4,0.06754781,0.93245219
DIA,4,0.09721837,0.90278163
DIA,4,0.06470154,0.93529846
DIA,4,0.07747427,0.92252573
DIA,4,0.05834922,0.94165078
DIA,4,0.28765050,0.71234950
DIA,4,0.07873146,0.92126854
DIA,4,0.48410302,0.51589698
DIA,4,0.06137171,0.93862829
DIA,4,0.24137395,0.75862605
DIA,4,0.08122764,0.91877236
DIA,4,0.15880903,0.84119097
DIA,4,0.07735614,0.92264386
DIA,4,0.17923407,0.82076593
DIA,4,0.07379655,0.92620345
DIA,4,0.10817440,0.89182560
DIA,4,0.05730791,0.94269209
DIA,4,0.07278245,0.92721755
DIA,4,0.40377587,0.59622413
DIA,4,0.06272844,0.93727156
DIA,4,0.05874731,0.94125269
DIA,4,0.27682242,0.72317758
DIA,4,0.12859230,0.87140770
DIA,4,0.07173619,0.92826381
DIA,4,0.06232319,0.93767681
DIA,4,0.08628164,0.91371836
DIA,4,0.05730377,0.94269623
DIA,4,0.05815027,0.94184973
DIA,4,0.06240274,0.93759726
DIA,4,0.07502273,0.92497727
DIA,4,0.06507468,0.93492532
DIA,4,0.06136142,0.93863858
DIA,4,0.06714754,0.93285246
DIA,4,0.05730906,0.94269094
DIA,4,0.31989201,0.68010799
DIA,4,0.13001483,0.86998517
DIA,4,0.06371063,0.93628937
DIA,4,0.06759051,0.93240949
DIA,4,0.05788175,0.94211825
DIA,4,0.05840243,0.94159757
DIA,4,0.05987133,0.94012867
DIA,4,0.06452879,0.93547121
DIA,4,0.06405865,0.93594135
DIA,4,0.14619497,0.85380503
DIA,4,0.11039293,0.88960707
DIA,4,0.06312001,0.93687999
DIA,4,0.09073323,0.90926677
DIA,4,0.07413051,0.92586949
DIA,4,0.06667598,0.93332402
DIA,4,0.29583839,0.70416161
DIA,4,0.06366945,0.93633055
DIA,4,0.06033265,0.93966735
DIA,4,0.05744920,0.94255080
DIA,4,0.13959371,0.86040629
DIA,4,0.05891478,0.94108522
DIA,4,0.05829594,0.94170406
DIA,4,0.05758433,0.94241567
DIA,4,0.05793954,0.94206046
DIA,4,0.05730701,0.94269299
DIA,4,0.06122415,0.93877585
DIA,4,0.13620673,0.86379327
DIA,4,0.07449908,0.92550092
DIA,4,0.05826824,0.94173176
DIA,4,0.07999453,0.92000547
DIA,4,0.05763460,0.94236540
DIA,4,0.05804252,0.94195748
DIA,4,0.06278881,0.93721119
DIA,4,0.11145189,0.88854811
DIA,4,0.06440842,0.93559158
DIA,4,0.06938387,0.93061613
DIA,4,0.05737277,0.94262723
DIA,4,0.19861292,0.80138708
DIA,4,0.06206857,0.93793143
DIA,4,0.09097650,0.90902350
DIA,4,0.08145919,0.91854081
DIA,4,0.07672496,0.92327504
DIA,4,0.05984282,0.94015718
DIA,4,0.12211955,0.87788045
DIA,4,0.06895025,0.93104975
DIA,4,0.07197674,0.92802326
DIA,4,0.05877176,0.94122824
DIA,4,0.11392418,0.88607582
DIA,4,0.07059901,0.92940099
DIA,4,0.06125348,0.93874652
DIA,4,0.57762509,0.42237491
DIA,4,0.05741395,0.94258605
DIA,4,0.09183673,0.90816327
DIA,4,0.05755912,0.94244088
DIA,4,0.06207586,0.93792414
DIA,4,0.06979418,0.93020582
DIA,4,0.24483894,0.75516106
DIA,4,0.05749736,0.94250264
DIA,4,0.16923859,0.83076141
DIA,4,0.20992104,0.79007896
DIA,4,0.06887945,0.93112055
DIA,4,0.05731111,0.94268889
DIA,4,0.06514645,0.93485355
DIA,4,0.05806991,0.94193009
DIA,4,0.05753046,0.94246954
DIA,4,0.12260875,0.87739125
DIA,4,0.06729168,0.93270832
DIA,4,0.08406591,0.91593409
DIA,4,0.11769562,0.88230438
DIA,4,0.09676721,0.90323279
DIA,4,0.12547236,0.87452764
DIA,4,0.08976064,0.91023936
DIA,4,0.05730688,0.94269312
DIA,4,0.06275660,0.93724340
DIA,4,0.07098772,0.92901228
DIA,4,0.06139915,0.93860085
DIA,4,0.05758480,0.94241520
DIA,4,0.08359617,0.91640383
DIA,4,0.06248337,0.93751663
DIA,4,0.21802069,0.78197931
DIA,4,0.14161575,0.85838425
DIA,4,0.05790725,0.94209275
DIA,4,0.05732227,0.94267773
DIA,4,0.06644198,0.93355802
DIA,4,0.06462054,0.93537946
DIA,4,0.05848823,0.94151177
DIA,4,0.11392882,0.88607118
DIA,4,0.74114591,0.25885409
DIA,4,0.99838791,0.00161209
DIA,4,0.99994494,0.00005506
DIA,4,0.34024155,0.65975845
DIA,4,0.99985135,0.00014865
DIA,4,0.91850470,0.08149530
DIA,4,0.05736615,0.94263385
DIA,4,0.08829213,0.91170787
DIA,4,0.98223840,0.01776160
DIA,4,0.35059996,0.64940004
DIA,4,0.06131793,0.93868207
DIA,4,0.37859823,0.62140177
DIA,4,0.76099243,0.23900757
DIA,4,0.17407895,0.82592105
DIA,4,0.06349147,0.93650853
DIA,4,0.07692217,0.92307783
DIA,4,0.06058853,0.93941147
DIA,4,0.20592530,0.79407470
DIA,4,0.11572388,0.88427612
DIA,4,0.06165934,0.93834066
DIA,4,0.47448239,0.52551761
DIA,4,0.07916732,0.92083268
DIA,4,0.12418416,0.87581584
DIA,4,0.06489471,0.93510529
DIA,4,0.07254715,0.92745285
DIA,4,0.08193163,0.91806837
DIA,4,0.54920477,0.45079523
DIA,4,0.05808502,0.94191498
DIA,4,0.26645253,0.73354747
DIA,4,0.05750354,0.94249646
DIA,4,0.15973510,0.84026490
DIA,4,0.57046607,0.42953393
DIA,4,0.06049921,0.93950079
DIA,4,0.08566620,0.91433380
DIA,4,0.10524740,0.89475260
DIA,4,0.06158818,0.93841182
DIA,4,0.06120874,0.93879126
DIA,4,0.06035645,0.93964355
DIA,4,0.11096674,0.88903326
DIA,4,0.16756206,0.83243794
DIA,4,0.07212854,0.92787146
DIA,4,0.05792753,0.94207247
DIA,4,0.05773883,0.94226117
DIA,4,0.06047515,0.93952485
DIA,4,0.49892234,0.50107766
DIA,4,0.13185127,0.86814873
DIA,4,0.05747582,0.94252418
DIA,4,0.06050413,0.93949587
DIA,4,0.15090949,0.84909051
DIA,4,0.05732378,0.94267622
DIA,4,0.07151572,0.92848428
DIA,4,0.10323165,0.89676835
DIA,4,0.07588054,0.92411946
DIA,4,0.05999428,0.94000572
DIA,4,0.05748195,0.94251805
DIA,4,0.06087699,0.93912301
DIA,4,0.11801401,0.88198599
DIA,4,0.05750760,0.94249240
DIA,4,0.06159849,0.93840151
DIA,4,0.26313249,0.73686751
DIA,4,0.20174190,0.79825810
DIA,4,0.19119111,0.80880889
DIA,4,0.05832674,0.94167326
DIA,4,0.22890544,0.77109456
DIA,4,0.05745072,0.94254928
DIA,4,0.07182554,0.92817446
DIA,4,0.05818102,0.94181898
DIA,4,0.05802130,0.94197870
DIA,4,0.05731080,0.94268920
DIA,4,0.05752983,0.94247017
DIA,4,0.06725679,0.93274321
DIA,4,0.10812492,0.89187508
DIA,4,0.09513542,0.90486458
DIA,4,0.28446020,0.71553980
DIA,4,0.59795556,0.40204444
DIA,4,0.06758436,0.93241564
DIA,4,0.12018670,0.87981330
DIA,4,0.07243044,0.92756956
DIA,4,0.06880535,0.93119465
DIA,4,0.43394084,0.56605916
DIA,4,0.06629355,0.93370645
DIA,4,0.11142756,0.88857244
DIA,4,0.22144600,0.77855400
DIA,4,0.22618693,0.77381307
DIA,4,0.79094253,0.20905747
DIA,4,0.07284374,0.92715626
DIA,4,0.13191878,0.86808122
DIA,4,0.14583626,0.85416374
DIA,4,0.06020261,0.93979739
DIA,4,0.05831399,0.94168601
DIA,4,0.14181266,0.85818734
DIA,4,0.07237825,0.92762175
DIA,4,0.13824946,0.86175054
DIA,4,0.39328485,0.60671515
DIA,4,0.05739834,0.94260166
DIA,4,0.27429385,0.72570615
DIA,4,0.91031498,0.08968502
DIA,4,0.18100247,0.81899753
DIA,4,0.06005550,0.93994450
DIA,4,0.08556926,0.91443074
DIA,4,0.78486920,0.21513080
DIA,4,0.16501247,0.83498753
DIA,4,0.82867339,0.17132661
DIA,4,0.05730429,0.94269571
DIA,4,0.34281588,0.65718412
DIA,4,0.07926607,0.92073393
DIA,4,0.20695619,0.79304381
DIA,4,0.16255886,0.83744114
DIA,4,0.34533218,0.65466782
DIA,4,0.17679384,0.82320616
DIA,4,0.08394714,0.91605286
DIA,4,0.90387670,0.09612330
DIA,4,0.05820508,0.94179492
DIA,4,0.51599970,0.48400030
DIA,4,0.11938123,0.88061877
DIA,4,0.07833381,0.92166619
DIA,4,0.18205509,0.81794491
DIA,4,0.18379933,0.81620067
DIA,4,0.05827250,0.94172750
DIA,4,0.07661724,0.92338276
DIA,4,0.39143987,0.60856013
DIA,4,0.49254091,0.50745909
DIA,4,0.30762020,0.69237980
DIA,4,0.38972088,0.61027912
DIA,4,0.05851317,0.94148683
DIA,4,0.05790105,0.94209895
DIA,4,0.23483244,0.76516756
DIA,4,0.12112508,0.87887492
DIA,4,0.05959932,0.94040068
DIA,4,0.19688957,0.80311043
DIA,4,0.05917339,0.94082661
DIA,4,0.09374503,0.90625497
DIA,4,0.64840208,0.35159792
DIA,4,0.06508186,0.93491814
DIA,4,0.06079492,0.93920508
DIA,4,0.06355374,0.93644626
DIA,4,0.06801728,0.93198272
DIA,4,0.07646274,0.92353726
DIA,4,0.05852603,0.94147397
DIA,4,0.05730582,0.94269418
DIA,4,0.19303029,0.80696971
DIA,4,0.05878874,0.94121126
DIA,4,0.05820940,0.94179060
DIA,4,0.06628863,0.93371137
DIA,4,0.11509649,0.88490351
DIA,4,0.08969696,0.91030304
DIA,4,0.05875633,0.94124367
DIA,4,0.05951526,0.94048474
DIA,4,0.06751135,0.93248865
DIA,4,0.05742692,0.94257308
DIA,4,0.05797994,0.94202006
DIA,4,0.07321735,0.92678265
DIA,4,0.07000830,0.92999170
DIA,4,0.05817426,0.94182574
DIA,4,0.07515900,0.92484100
DIA,4,0.06027038,0.93972962
DIA,4,0.09054358,0.90945642
DIA,4,0.07368868,0.92631132
DIA,4,0.10924216,0.89075784
DIA,4,0.05790109,0.94209891
DIA,4,0.05795443,0.94204557
DIA,4,0.11295271,0.88704729
DIA,4,0.14307015,0.85692985
DIA,4,0.05897404,0.94102596
DIA,4,0.05848367,0.94151633
DIA,4,0.07547511,0.92452489
DIA,4,0.06289755,0.93710245
DIA,4,0.06044104,0.93955896
DIA,4,0.07702518,0.92297482
DIA,4,0.05757642,0.94242358
DIA,4,0.05809610,0.94190390
DIA,4,0.05751822,0.94248178
DIA,4,0.06081072,0.93918928
DIA,4,0.15369548,0.84630452
DIA,4,0.06577717,0.93422283
DIA,4,0.07817176,0.92182824
DIA,4,0.08550338,0.91449662
DIA,4,0.07960512,0.92039488
DIA,4,0.05730405,0.94269595
DIA,4,0.06828660,0.93171340
DIA,4,0.05866584,0.94133416
DIA,4,0.17269059,0.82730941
DIA,4,0.14633840,0.85366160
DIA,4,0.05736356,0.94263644
DIA,4,0.13300840,0.86699160
DIA,4,0.11280202,0.88719798
DIA,4,0.11727586,0.88272414
DIA,4,0.05772679,0.94227321
DIA,4,0.07254137,0.92745863
DIA,4,0.06338972,0.93661028
DIA,4,0.05736618,0.94263382
DIA,4,0.16978347,0.83021653
DIA,4,0.10691306,0.89308694
DIA,4,0.05744094,0.94255906
DIA,4,0.05979089,0.94020911
DIA,4,0.06659166,0.93340834
DIA,4,0.05730592,0.94269408
DIA,4,0.06070164,0.93929836
DIA,4,0.05826904,0.94173096
DIA,4,0.07635278,0.92364722
DIA,4,0.05833395,0.94166605
DIA,4,0.06437203,0.93562797
DIA,4,0.05764565,0.94235435
DIA,4,0.08060094,0.91939906
DIA,4,0.09378290,0.90621710
DIA,4,0.06404066,0.93595934
DIA,4,0.05954088,0.94045912
DIA,4,0.06952116,0.93047884
DIA,4,0.06144167,0.93855833
DIA,4,0.08345702,0.91654298
DIA,4,0.05898668,0.94101332
DIA,4,0.06017659,0.93982341
DIA,4,0.18271568,0.81728432
DIA,4,0.99835315,0.00164685
DIA,4,0.45868222,0.54131778
DIA,4,0.24719913,0.75280087
DIA,4,0.47081663,0.52918337
DIA,4,0.22979710,0.77020290
DIA,4,0.05867484,0.94132516
DIA,4,0.07396122,0.92603878
DIA,4,0.06554244,0.93445756
DIA,4,0.05747822,0.94252178
DIA,4,0.23067254,0.76932746
DIA,4,0.07181460,0.92818540
DIA,4,0.08396645,0.91603355
DIA,4,0.05875551,0.94124449
DIA,4,0.09015000,0.90985000
DIA,4,0.05795908,0.94204092
DIA,4,0.05781873,0.94218127
DIA,4,0.05827189,0.94172811
DIA,4,0.05953406,0.94046594
DIA,4,0.06501998,0.93498002
DIA,4,0.06031114,0.93968886
DIA,4,0.06466195,0.93533805
DIA,4,0.05809573,0.94190427
DIA,4,0.05733800,0.94266200
DIA,4,0.05757515,0.94242485
DIA,4,0.05827240,0.94172760
DIA,4,0.05851311,0.94148689
DIA,4,0.06992951,0.93007049
DIA,4,0.05882795,0.94117205
DIA,4,0.05730374,0.94269626
DIA,4,0.12894144,0.87105856
DIA,4,0.05730442,0.94269558
DIA,4,0.05731905,0.94268095
DIA,4,0.05923626,0.94076374
DIA,4,0.07882031,0.92117969
DIA,4,0.05830593,0.94169407
DIA,4,0.06161976,0.93838024
DIA,4,0.06632478,0.93367522
DIA,4,0.05771795,0.94228205
DIA,4,0.05808564,0.94191436
DIA,4,0.05957583,0.94042417
DIA,4,0.05839574,0.94160426
DIA,4,0.05765407,0.94234593
DIA,4,0.06282452,0.93717548
DIA,4,0.05937028,0.94062972
DIA,4,0.06163204,0.93836796
DIA,4,0.07332005,0.92667995
DIA,4,0.05956309,0.94043691
DIA,4,0.06189213,0.93810787
DIA,4,0.05750554,0.94249446
DIA,4,0.06558289,0.93441711
DIA,4,0.06084578,0.93915422
DIA,4,0.05742209,0.94257791
DIA,4,0.06029148,0.93970852
DIA,4,0.75183826,0.24816174
DIA,4,0.15294094,0.84705906
DIA,4,0.20184039,0.79815961
DIA,4,0.06114407,0.93885593
DIA,4,0.10813215,0.89186785
DIA,4,0.06380161,0.93619839
DIA,4,0.05767532,0.94232468
DIA,4,0.05738890,0.94261110
DIA,4,0.11042706,0.88957294
DIA,4,0.07582859,0.92417141
DIA,4,0.08122790,0.91877210
DIA,4,0.11863869,0.88136131
DIA,4,0.08167076,0.91832924
DIA,4,0.08216220,0.91783780
DIA,4,0.12879311,0.87120689
DIA,4,0.09272345,0.90727655
DIA,4,0.05930133,0.94069867
DIA,4,0.06827940,0.93172060
DIA,4,0.07253028,0.92746972
DIA,4,0.05730436,0.94269564
DIA,4,0.05851325,0.94148675
DIA,4,0.06746881,0.93253119
DIA,4,0.13084109,0.86915891
DIA,4,0.05730497,0.94269503
DIA,4,0.06012486,0.93987514
DIA,4,0.05938368,0.94061632
DIA,4,0.06129522,0.93870478
DIA,4,0.06476467,0.93523533
DIA,4,0.06020160,0.93979840
DIA,4,0.05906922,0.94093078
DIA,4,0.05793554,0.94206446
DIA,4,0.06599247,0.93400753
DIA,4,0.06027599,0.93972401
DIA,4,0.05814424,0.94185576
DIA,4,0.05837039,0.94162961
DIA,4,0.05741247,0.94258753
DIA,4,0.05789441,0.94210559
DIA,4,0.07478798,0.92521202
DIA,4,0.06861378,0.93138622
DIA,4,0.05906510,0.94093490
DIA,4,0.06014406,0.93985594
DIA,4,0.64569277,0.35430723
DIA,4,0.07305012,0.92694988
DIA,4,0.24510469,0.75489531
DIA,4,0.18638199,0.81361801
DIA,4,0.06302338,0.93697662
DIA,4,0.05806237,0.94193763
DIA,4,0.06211079,0.93788921
DIA,4,0.05999681,0.94000319
DIA,4,0.05859795,0.94140205
DIA,4,0.05866711,0.94133289
DIA,4,0.06763091,0.93236909
DIA,4,0.06431458,0.93568542
DIA,4,0.06288204,0.93711796
DIA,4,0.06410404,0.93589596
DIA,4,0.06007072,0.93992928
DIA,4,0.05781686,0.94218314
DIA,4,0.05733319,0.94266681
DIA,4,0.06364694,0.93635306
DIA,4,0.05766657,0.94233343
DIA,4,0.05976484,0.94023516
DIA,4,0.05917373,0.94082627
DIA,4,0.31326132,0.68673868
DIA,4,0.06730683,0.93269317
DIA,4,0.08859439,0.91140561
DIA,4,0.06028951,0.93971049
DIA,4,0.07762827,0.92237173
DIA,4,0.07228393,0.92771607
DIA,4,0.06057949,0.93942051
DIA,4,0.05731844,0.94268156
DIA,4,0.05934564,0.94065436
DIA,4,0.06760608,0.93239392
DIA,4,0.05794437,0.94205563
DIA,4,0.05808329,0.94191671
DIA,4,0.05750842,0.94249158
DIA,4,0.05754640,0.94245360
DIA,4,0.07298115,0.92701885
DIA,4,0.05794082,0.94205918
DIA,4,0.06127435,0.93872565
DIA,4,0.07449123,0.92550877
DIA,4,0.06273325,0.93726675
DIA,4,0.05895578,0.94104422
DIA,4,0.06136860,0.93863140
DIA,4,0.06288473,0.93711527
DIA,4,0.05884041,0.94115959
DIA,4,0.06838103,0.93161897
DIA,4,0.06060282,0.93939718
DIA,4,0.05746739,0.94253261
DIA,4,0.06161988,0.93838012
DIA,4,0.05798498,0.94201502
DIA,4,0.06419136,0.93580864
DIA,4,0.06711131,0.93288869
DIA,4,0.05779795,0.94220205
DIA,4,0.07285226,0.92714774
DIA,4,0.09545002,0.90454998
DIA,4,0.05985410,0.94014590
DIA,4,0.05734071,0.94265929
DIA,4,0.07621414,0.92378586
DIA,4,0.07379883,0.92620117
DIA,4,0.05771084,0.94228916
DIA,4,0.05731599,0.94268401
DIA,4,0.10934711,0.89065289
DIA,4,0.05734684,0.94265316
DIA,4,0.05883227,0.94116773
DIA,4,0.05859982,0.94140018
DIA,4,0.07527500,0.92472500
DIA,4,0.07095847,0.92904153
DIA,4,0.08797149,0.91202851
DIA,4,0.06965034,0.93034966
DIA,4,0.07370052,0.92629948
DIA,4,0.05765031,0.94234969
DIA,4,0.05736426,0.94263574
DIA,4,0.07464303,0.92535697
DIA,4,0.05941959,0.94058041
DIA,4,0.05877746,0.94122254
DIA,4,0.05749916,0.94250084
DIA,4,0.05768054,0.94231946
DIA,4,0.05787136,0.94212864
DIA,4,0.25360511,0.74639489
DIA,4,0.06553861,0.93446139
DIA,4,0.05734195,0.94265805
DIA,4,0.06025857,0.93974143
DIA,4,0.05802596,0.94197404
DIA,4,0.06317599,0.93682401
DIA,4,0.05731203,0.94268797
DIA,4,0.05933150,0.94066850
DIA,4,0.05764182,0.94235818
DIA,4,0.05966467,0.94033533
DIA,4,0.07077553,0.92922447
DIA,4,0.05733105,0.94266895
DIA,4,0.05777893,0.94222107
DIA,4,0.05745026,0.94254974
DIA,4,0.15044677,0.84955323
DIA,4,0.05803387,0.94196613
DIA,4,0.05733586,0.94266414
DIA,4,0.06110809,0.93889191
DIA,4,0.06068892,0.93931108
DIA,4,0.08464214,0.91535786
DIA,4,0.05822807,0.94177193
DIA,4,0.06182296,0.93817704
DIA,4,0.06137686,0.93862314
DIA,4,0.05753521,0.94246479
DIA,4,0.05873345,0.94126655
DIA,4,0.05868012,0.94131988
DIA,4,0.05740986,0.94259014
DIA,4,0.05734291,0.94265709
DIA,4,0.05730992,0.94269008
DIA,4,0.05736352,0.94263648
DIA,4,0.06116770,0.93883230
DIA,4,0.08361908,0.91638092
DIA,4,0.09831302,0.90168698
DIA,4,0.06843622,0.93156378
DIA,4,0.07783200,0.92216800
DIA,4,0.09184762,0.90815238
DIA,4,0.05745449,0.94254551
DIA,4,0.12677444,0.87322556
DIA,4,0.16193165,0.83806835
DIA,4,0.05730806,0.94269194
DIA,4,0.05731032,0.94268968
DIA,4,0.05869158,0.94130842
DIA,4,0.05795403,0.94204597
DIA,4,0.05847935,0.94152065
DIA,4,0.05743562,0.94256438
DIA,4,0.05734756,0.94265244
DIA,4,0.06036321,0.93963679
DIA,4,0.05741912,0.94258088
DIA,4,0.05862694,0.94137306
DIA,4,0.05864688,0.94135312
DIA,4,0.05795404,0.94204596
DIA,4,0.05791822,0.94208178
DIA,4,0.06473444,0.93526556
DIA,4,0.05732190,0.94267810
DIA,4,0.46893189,0.53106811
DIA,4,0.05795778,0.94204222
DIA,4,0.08511633,0.91488367
DIA,4,0.06941146,0.93058854
DIA,4,0.05912154,0.94087846
DIA,4,0.06391375,0.93608625
DIA,4,0.06401185,0.93598815
DIA,4,0.05732749,0.94267251
DIA,4,0.05993702,0.94006298
DIA,4,0.05787578,0.94212422
DIA,4,0.07886279,0.92113721
DIA,4,0.06294436,0.93705564
DIA,4,0.05763696,0.94236304
DIA,4,0.05994597,0.94005403
DIA,4,0.05863277,0.94136723
DIA,4,0.05748403,0.94251597
DIA,4,0.06589244,0.93410756
DIA,4,0.05821712,0.94178288
DIA,4,0.06597890,0.93402110
DIA,4,0.06017825,0.93982175
DIA,4,0.05737901,0.94262099
DIA,4,0.05777437,0.94222563
DIA,4,0.08296074,0.91703926
DIA,4,0.05966603,0.94033397
DIA,4,0.06125813,0.93874187
DIA,4,0.05760725,0.94239275
DIA,4,0.05730373,0.94269627
DIA,4,0.05748308,0.94251692
DIA,4,0.06769522,0.93230478
DIA,4,0.07821102,0.92178898
DIA,4,0.08635259,0.91364741
DIA,4,0.05978652,0.94021348
DIA,4,0.72611267,0.27388733
DIA,4,0.05764943,0.94235057
DIA,4,0.05735367,0.94264633
DIA,4,0.16229140,0.83770860
DIA,4,0.06584701,0.93415299
DIA,4,0.05907017,0.94092983
DIA,4,0.05938670,0.94061330
DIA,4,0.06240857,0.93759143
DIA,4,0.06187100,0.93812900
DIA,4,0.05916934,0.94083066
DIA,4,0.05919588,0.94080412
DIA,4,0.05947671,0.94052329
DIA,4,0.05745145,0.94254855
DIA,4,0.05997799,0.94002201
DIA,4,0.05749706,0.94250294
DIA,4,0.06002224,0.93997776
DIA,4,0.05916190,0.94083810
DIA,4,0.05780813,0.94219187
DIA,4,0.08312327,0.91687673
DIA,4,0.06630611,0.93369389
DIA,4,0.05796809,0.94203191
DIA,4,0.06994375,0.93005625
DIA,4,0.05740141,0.94259859
DIA,4,0.05740914,0.94259086
DIA,4,0.06147700,0.93852300
DIA,4,0.05952881,0.94047119
DIA,4,0.05800112,0.94199888
DIA,4,0.05799568,0.94200432
DIA,4,0.06433958,0.93566042
DIA,4,0.05931104,0.94068896
DIA,4,0.08410654,0.91589346
DIA,4,0.05760140,0.94239860
DIA,4,0.08556694,0.91443306
DIA,4,0.05868036,0.94131964
DIA,4,0.08475626,0.91524374
DIA,4,0.06594020,0.93405980
DIA,4,0.06099554,0.93900446
DIA,4,0.05844297,0.94155703
DIA,4,0.06256083,0.93743917
DIA,4,0.05758979,0.94241021
DIA,4,0.06048324,0.93951676
DIA,4,0.06380397,0.93619603
DIA,4,0.05791984,0.94208016
DIA,4,0.05740877,0.94259123
DIA,4,0.05739132,0.94260868
DIA,4,0.05736244,0.94263756
DIA,4,0.06605559,0.93394441
DIA,4,0.05920007,0.94079993
DIA,4,0.05747451,0.94252549
DIA,4,0.05795261,0.94204739
DIA,4,0.07653561,0.92346439
DIA,4,0.08818247,0.91181753
DIA,4,0.06337855,0.93662145
DIA,4,0.06073556,0.93926444
DIA,4,0.08283537,0.91716463
DIA,4,0.05910042,0.94089958
DIA,4,0.05776468,0.94223532
DIA,4,0.05785961,0.94214039
DIA,4,0.14312351,0.85687649
DIA,4,0.07051352,0.92948648
DIA,4,0.24174327,0.75825673
DIA,4,0.05746093,0.94253907
DIA,4,0.06012322,0.93987678
DIA,4,0.06614136,0.93385864
DIA,4,0.05861701,0.94138299
DIA,4,0.06075473,0.93924527
DIA,4,0.07050002,0.92949998
DIA,4,0.06050610,0.93949390
DIA,4,0.06956717,0.93043283
DIA,4,0.06383142,0.93616858
DIA,4,0.06083115,0.93916885
DIA,4,0.07301803,0.92698197
DIA,4,0.07753320,0.92246680
DIA,4,0.05771879,0.94228121
DIA,4,0.05814091,0.94185909
DIA,4,0.05962378,0.94037622
DIA,4,0.05760714,0.94239286
DIA,4,0.05739019,0.94260981
DIA,4,0.05782115,0.94217885
DIA,4,0.06065133,0.93934867
DIA,4,0.06750586,0.93249414
DIA,4,0.06422389,0.93577611
DIA,4,0.06629625,0.93370375
DIA,4,0.07946322,0.92053678
DIA,4,0.10829849,0.89170151
DIA,4,0.05733835,0.94266165
DIA,4,0.06518200,0.93481800
DIA,4,0.05732865,0.94267135
DIA,4,0.09613170,0.90386830
DIA,4,0.11423262,0.88576738
DIA,4,0.05738145,0.94261855
DIA,4,0.17702939,0.82297061
DIA,4,0.06041805,0.93958195
DIA,4,0.05903953,0.94096047
DIA,4,0.07285222,0.92714778
DIA,4,0.05746308,0.94253692
DIA,4,0.05827494,0.94172506
DIA,4,0.07240413,0.92759587
DIA,4,0.10645531,0.89354469
DIA,4,0.07576138,0.92423862
DIA,4,0.25138376,0.74861624
DIA,4,0.05864885,0.94135115
DIA,4,0.05891245,0.94108755
DIA,4,0.93606599,0.06393401
DIA,4,0.99999998,0.00000002
DIA,4,0.56653735,0.43346265
DIA,4,0.05806214,0.94193786
DIA,4,0.99999579,0.00000421
DIA,4,0.10814293,0.89185707
DIA,4,0.50836406,0.49163594
DIA,4,0.06196512,0.93803488
DIA,4,0.11123951,0.88876049
DIA,4,0.20879025,0.79120975
DIA,4,0.05934078,0.94065922
DIA,4,0.12430797,0.87569203
DIA,4,0.08718689,0.91281311
DIA,4,0.07822675,0.92177325
DIA,4,0.25531862,0.74468138
DIA,4,0.37364105,0.62635895
DIA,4,0.13407766,0.86592234
DIA,4,0.33665457,0.66334543
DIA,4,0.46733345,0.53266655
DIA,4,0.06434701,0.93565299
DIA,4,0.20584700,0.79415300
DIA,4,0.05800684,0.94199316
DIA,4,0.06363382,0.93636618
DIA,4,0.06260660,0.93739340
DIA,4,0.48314264,0.51685736
DIA,4,0.06835076,0.93164924
DIA,4,0.08786728,0.91213272
DIA,4,0.13310371,0.86689629
DIA,4,0.06600105,0.93399895
DIA,4,0.06209872,0.93790128
DIA,4,0.21256100,0.78743900
DIA,4,0.06258180,0.93741820
DIA,4,0.05811256,0.94188744
DIA,4,0.98973812,0.01026188
DIA,4,0.67613464,0.32386536
DIA,4,0.95768632,0.04231368
DIA,4,0.16526614,0.83473386
DIA,4,0.05939720,0.94060280
DIA,4,0.12332058,0.87667942
DIA,4,0.44685571,0.55314429
DIA,4,0.25488660,0.74511340
DIA,4,0.13888928,0.86111072
DIA,4,0.14203192,0.85796808
DIA,4,0.84817316,0.15182684
DIA,4,0.05734517,0.94265483
DIA,4,0.47625808,0.52374192
DIA,4,0.08548148,0.91451852
DIA,4,0.13762623,0.86237377
DIA,4,0.06527983,0.93472017
DIA,4,0.10253748,0.89746252
DIA,4,0.10791303,0.89208697
DIA,4,0.05744460,0.94255540
DIA,4,0.06359448,0.93640552
DIA,4,0.09778876,0.90221124
DIA,4,0.05780433,0.94219567
DIA,4,0.44098693,0.55901307
DIA,4,0.05776889,0.94223111
DIA,4,0.12034601,0.87965399
DIA,4,0.05738509,0.94261491
DIA,4,0.07984756,0.92015244
DIA,4,0.06192504,0.93807496
DIA,4,0.08587256,0.91412744
DIA,4,0.05735993,0.94264007
DIA,4,0.22361052,0.77638948
DIA,4,0.06963726,0.93036274
DIA,4,0.05733626,0.94266374
DIA,4,0.08734549,0.91265451
DIA,4,0.10480635,0.89519365
DIA,4,0.06677398,0.93322602
DIA,4,0.06149089,0.93850911
DIA,4,0.08773013,0.91226987
DIA,4,0.05920848,0.94079152
DIA,4,0.05901861,0.94098139
DIA,4,0.05730433,0.94269567
DIA,4,0.16209682,0.83790318
DIA,4,0.07664181,0.92335819
DIA,4,0.05827245,0.94172755
DIA,4,0.06120686,0.93879314
DIA,4,0.05974980,0.94025020
DIA,4,0.35581300,0.64418700
DIA,4,0.14808268,0.85191732
DIA,4,0.11059700,0.88940300
DIA,4,0.09515901,0.90484099
DIA,4,0.08875946,0.91124054
DIA,4,0.05736286,0.94263714
DIA,4,0.21797249,0.78202751
DIA,4,0.06995454,0.93004546
DIA,4,0.06282692,0.93717308
DIA,4,0.05737004,0.94262996
DIA,4,0.05732978,0.94267022
DIA,4,0.06789356,0.93210644
DIA,4,0.05812694,0.94187306
DIA,4,0.06288179,0.93711821
DIA,4,0.06646996,0.93353004
DIA,4,0.16708389,0.83291611
DIA,4,0.06057794,0.93942206
DIA,4,0.09566287,0.90433713
DIA,4,0.06564546,0.93435454
DIA,4,0.20798791,0.79201209
DIA,4,0.05731384,0.94268616
DIA,4,0.08303831,0.91696169
DIA,4,0.06372446,0.93627554
DIA,4,0.05975871,0.94024129
DIA,4,0.05864535,0.94135465
DIA,4,0.07254549,0.92745451
DIA,4,0.08478905,0.91521095
DIA,4,0.06827309,0.93172691
DIA,4,0.21219374,0.78780626
DIA,4,0.08073692,0.91926308
DIA,4,0.09631330,0.90368670
DIA,4,0.09768361,0.90231639
DIA,4,0.06848031,0.93151969
DIA,4,0.05966438,0.94033562
DIA,4,0.05934255,0.94065745
DIA,4,0.06310134,0.93689866
DIA,4,0.06976389,0.93023611
DIA,4,0.05750363,0.94249637
DIA,4,0.05743345,0.94256655
DIA,4,0.09272243,0.90727757
DIA,4,0.08663897,0.91336103
DIA,4,0.06951002,0.93048998
DIA,4,0.06059853,0.93940147
DIA,4,0.07432295,0.92567705
DIA,4,0.06465356,0.93534644
DIA,4,0.06076336,0.93923664
DIA,4,0.05746702,0.94253298
DIA,4,0.07070166,0.92929834
DIA,4,0.05932224,0.94067776
DIA,4,0.06965695,0.93034305
DIA,4,0.05818015,0.94181985
DIA,4,0.06134088,0.93865912
DIA,4,0.09308301,0.90691699
DIA,4,0.07233837,0.92766163
DIA,4,0.06498743,0.93501257
DIA,4,0.07017606,0.92982394
DIA,4,0.28390929,0.71609071
DIA,4,0.07226259,0.92773741
DIA,4,0.06469920,0.93530080
DIA,4,0.06027862,0.93972138
DIA,4,0.06124160,0.93875840
DIA,4,0.06203133,0.93796867
DIA,4,0.06962468,0.93037532
DIA,4,0.13176840,0.86823160
DIA,4,0.05807498,0.94192502
DIA,4,0.05965125,0.94034875
DIA,4,0.06975994,0.93024006
DIA,4,0.05781571,0.94218429
DIA,4,0.05743560,0.94256440
DIA,4,0.05767386,0.94232614
DIA,4,0.05756491,0.94243509
DIA,4,0.06149369,0.93850631
DIA,4,0.06031950,0.93968050
DIA,4,0.06585743,0.93414257
DIA,4,0.05827618,0.94172382
DIA,4,0.07353589,0.92646411
DIA,4,0.05753608,0.94246392
DIA,4,0.06280690,0.93719310
DIA,4,0.08165595,0.91834405
DIA,4,0.08135652,0.91864348
DIA,4,0.12203213,0.87796787
DIA,4,0.06450154,0.93549846
DIA,4,0.07884837,0.92115163
DIA,4,0.06179049,0.93820951
DIA,4,0.06517138,0.93482862
DIA,4,0.05885114,0.94114886
DIA,4,0.05754302,0.94245698
DIA,4,0.08624748,0.91375252
DIA,4,0.07007334,0.92992666
DIA,4,0.06004429,0.93995571
DIA,4,0.08713949,0.91286051
DIA,4,0.08621171,0.91378829
DIA,4,0.05778967,0.94221033
DIA,4,0.05896702,0.94103298
DIA,4,0.99711516,0.00288484
DIA,4,0.89193935,0.10806065
DIA,4,0.11703001,0.88296999
DIA,4,0.06010064,0.93989936
DIA,4,0.67087059,0.32912941
DIA,4,0.05980463,0.94019537
DIA,4,0.19281528,0.80718472
DIA,4,0.05808475,0.94191525
DIA,4,0.06614227,0.93385773
DIA,4,0.07192290,0.92807710
DIA,4,0.91982325,0.08017675
DIA,4,0.24768735,0.75231265
DIA,4,0.13525799,0.86474201
DIA,4,0.14129859,0.85870141
DIA,4,0.34133496,0.65866504
DIA,4,0.15416909,0.84583091
DIA,4,0.14371423,0.85628577
DIA,4,0.06412149,0.93587851
DIA,4,0.08836140,0.91163860
DIA,4,0.08897062,0.91102938
DIA,4,0.76162469,0.23837531
DIA,4,0.05912522,0.94087478
DIA,4,0.08923713,0.91076287
DIA,4,0.87994739,0.12005261
DIA,4,0.07201844,0.92798156
DIA,4,0.09893762,0.90106238
DIA,4,0.08911650,0.91088350
DIA,4,0.07000271,0.92999729
DIA,4,0.30007862,0.69992138
DIA,4,0.87041429,0.12958571
DIA,4,0.05861118,0.94138882
DIA,4,0.08485029,0.91514971
DIA,4,0.22200956,0.77799044
DIA,4,0.07008521,0.92991479
DIA,4,0.91696890,0.08303110
DIA,4,0.05751735,0.94248265
DIA,4,0.09415395,0.90584605
DIA,4,0.16237226,0.83762774
DIA,4,0.99056808,0.00943192
DIA,4,0.07452892,0.92547108
DIA,4,0.81819698,0.18180302
DIA,4,0.05730426,0.94269574
DIA,4,0.06071911,0.93928089
DIA,4,0.07785397,0.92214603
DIA,4,0.06111969,0.93888031
DIA,4,0.63705409,0.36294591
DIA,4,0.83235726,0.16764274
DIA,4,0.05893041,0.94106959
DIA,4,0.25852208,0.74147792
DIA,4,0.74895341,0.25104659
DIA,4,0.65838082,0.34161918
DIA,4,0.99394848,0.00605152
DIA,4,0.99999961,0.00000039
DIA,4,0.28047849,0.71952151
DIA,4,0.06054934,0.93945066
DIA,4,0.12676388,0.87323612
DIA,4,0.06080490,0.93919510
DIA,4,0.97952180,0.02047820
DIA,4,0.99026839,0.00973161
DIA,4,0.08451266,0.91548734
DIA,4,0.14959538,0.85040462
DIA,4,0.06462019,0.93537981
DIA,4,0.07666858,0.92333142
DIA,4,0.05732249,0.94267751
DIA,4,0.06270737,0.93729263
DIA,4,0.07758441,0.92241559
DIA,4,0.07955317,0.92044683
DIA,4,0.08545022,0.91454978
DIA,4,0.24182810,0.75817190
DIA,4,0.14367305,0.85632695
DIA,4,0.07621916,0.92378084
DIA,4,0.05733314,0.94266686
DIA,4,0.09097924,0.90902076
DIA,4,0.09575978,0.90424022
DIA,4,0.05841500,0.94158500
DIA,4,0.44664919,0.55335081
DIA,4,0.05778712,0.94221288
DIA,4,0.05973831,0.94026169
DIA,4,0.08492350,0.91507650
DIA,4,0.09102893,0.90897107
DIA,4,0.05734667,0.94265333
DIA,4,0.10338791,0.89661209
DIA,4,0.06179618,0.93820382
DIA,4,0.05944831,0.94055169
DIA,4,0.26361655,0.73638345
DIA,4,0.07334781,0.92665219
DIA,4,0.06394046,0.93605954
DIA,4,0.38966811,0.61033189
DIA,4,0.05918185,0.94081815
DIA,4,0.06034683,0.93965317
DIA,4,0.06486630,0.93513370
DIA,4,0.08395278,0.91604722
DIA,4,0.06112398,0.93887602
DIA,4,0.05779303,0.94220697
DIA,4,0.06156360,0.93843640
DIA,4,0.06079208,0.93920792
DIA,4,0.06527255,0.93472745
DIA,4,0.08976618,0.91023382
DIA,4,0.05796026,0.94203974
DIA,4,0.07122158,0.92877842
DIA,4,0.09502571,0.90497429
DIA,4,0.05863528,0.94136472
DIA,4,0.09147149,0.90852851
DIA,4,0.06203174,0.93796826
DIA,4,0.07129138,0.92870862
DIA,4,0.05751662,0.94248338
DIA,4,0.07309587,0.92690413
DIA,4,0.06104900,0.93895100
DIA,4,0.05752495,0.94247505
DIA,4,0.07306803,0.92693197
DIA,4,0.09418309,0.90581691
DIA,4,0.40972198,0.59027802
DIA,4,0.05766279,0.94233721
DIA,4,0.07184516,0.92815484
DIA,4,0.05742689,0.94257311
DIA,4,0.06169238,0.93830762
DIA,4,0.09911637,0.90088363
DIA,4,0.21357792,0.78642208
DIA,4,0.05919824,0.94080176
DIA,4,0.05803121,0.94196879
DIA,4,0.07998952,0.92001048
DIA,4,0.05980910,0.94019090
DIA,4,0.06187204,0.93812796
DIA,4,0.08854512,0.91145488
DIA,4,0.05732331,0.94267669
DIA,4,0.05740056,0.94259944
DIA,4,0.12538720,0.87461280
DIA,4,0.05736352,0.94263648
DIA,4,0.06013995,0.93986005
DIA,4,0.05730406,0.94269594
DIA,4,0.06649023,0.93350977
DIA,4,0.05835353,0.94164647
DIA,4,0.07169702,0.92830298
DIA,4,0.05878033,0.94121967
DIA,4,0.07053535,0.92946465
DIA,4,0.06036403,0.93963597
DIA,4,0.05759313,0.94240687
DIA,4,0.05826584,0.94173416
DIA,4,0.07679853,0.92320147
DIA,4,0.07001388,0.92998612
DIA,4,0.08446271,0.91553729
DIA,4,0.05882817,0.94117183
DIA,4,0.50116206,0.49883794
DIA,4,0.05836619,0.94163381
DIA,4,0.07053331,0.92946669
DIA,4,0.06492746,0.93507254
DIA,4,0.88355195,0.11644805
DIA,4,0.07715631,0.92284369
DIA,4,0.06997004,0.93002996
DIA,4,0.10530670,0.89469330
DIA,4,0.06381953,0.93618047
DIA,4,0.06281307,0.93718693
DIA,4,0.08786212,0.91213788
DIA,4,0.06166772,0.93833228
DIA,4,0.15537466,0.84462534
DIA,4,0.06067073,0.93932927
DIA,4,0.10415804,0.89584196
DIA,4,0.11493334,0.88506666
DIA,4,0.05755601,0.94244399
DIA,4,0.23275601,0.76724399
DIA,4,0.05788119,0.94211881
DIA,4,0.64636983,0.35363017
DIA,4,0.12122243,0.87877757
DIA,4,0.08745141,0.91254859
DIA,4,0.13487281,0.86512719
DIA,4,0.06601668,0.93398332
DIA,4,0.05731501,0.94268499
DIA,4,0.05849402,0.94150598
DIA,4,0.06484603,0.93515397
DIA,4,0.05733560,0.94266440
DIA,4,0.05760506,0.94239494
DIA,4,0.21395495,0.78604505
DIA,4,0.06051023,0.93948977
DIA,4,0.11308866,0.88691134
DIA,4,0.05744390,0.94255610
DIA,4,0.05741328,0.94258672
DIA,4,0.08124929,0.91875071
DIA,4,0.05756833,0.94243167
DIA,4,0.05739344,0.94260656
DIA,4,0.06084950,0.93915050
DIA,4,0.06701966,0.93298034
DIA,4,0.06130355,0.93869645
DIA,4,0.08240240,0.91759760
DIA,4,0.05779588,0.94220412
DIA,4,0.06648882,0.93351118
DIA,4,0.05792638,0.94207362
DIA,4,0.06132746,0.93867254
DIA,4,0.10184588,0.89815412
DIA,4,0.11491885,0.88508115
DIA,4,0.05859392,0.94140608
DIA,4,0.05756668,0.94243332
DIA,4,0.06563808,0.93436192
DIA,4,0.05730443,0.94269557
DIA,4,0.06014933,0.93985067
DIA,4,0.05739364,0.94260636
DIA,4,0.07916408,0.92083592
DIA,4,0.05983576,0.94016424
DIA,4,0.06981564,0.93018436
DIA,4,0.05830441,0.94169559
DIA,4,0.05816144,0.94183856
DIA,4,0.05759891,0.94240109
DIA,4,0.18280570,0.81719430
DIA,4,0.15363030,0.84636970
DIA,4,0.06724526,0.93275474
DIA,4,0.98893201,0.01106799
DIA,4,0.11274720,0.88725280
DIA,4,0.05730612,0.94269388
DIA,4,0.24305174,0.75694826
DIA,4,0.06146670,0.93853330
DIA,4,0.27993329,0.72006671
DIA,4,0.20998243,0.79001757
DIA,4,0.98748070,0.01251930
DIA,4,0.05816042,0.94183958
DIA,4,0.16298410,0.83701590
DIA,4,0.14365614,0.85634386
DIA,4,0.08007019,0.91992981
DIA,4,0.10207318,0.89792682
DIA,4,0.06107623,0.93892377
DIA,4,0.86216676,0.13783324
DIA,4,0.09735072,0.90264928
DIA,4,0.06345316,0.93654684
DIA,4,0.11789609,0.88210391
DIA,4,0.18753139,0.81246861
DIA,4,0.06098621,0.93901379
DIA,4,0.14001260,0.85998740
DIA,4,0.09736608,0.90263392
DIA,4,0.28492263,0.71507737
DIA,4,0.06422654,0.93577346
DIA,4,0.05810905,0.94189095
DIA,4,0.06144882,0.93855118
DIA,4,0.10556862,0.89443138
DIA,4,0.05996219,0.94003781
DIA,4,0.05833696,0.94166304
DIA,4,0.07029713,0.92970287
DIA,4,0.05775372,0.94224628
DIA,4,0.05828325,0.94171675
DIA,4,0.05871029,0.94128971
DIA,4,0.07711801,0.92288199
DIA,4,0.05730747,0.94269253
DIA,4,0.07071205,0.92928795
DIA,4,0.07317845,0.92682155
DIA,4,0.06038449,0.93961551
DIA,4,0.06103828,0.93896172
DIA,4,0.06216690,0.93783310
DIA,4,0.17904207,0.82095793
DIA,4,0.61787098,0.38212902
DIA,4,0.06169263,0.93830737
DIA,4,0.26569924,0.73430076
DIA,4,0.06050625,0.93949375
DIA,4,0.18717678,0.81282322
DIA,4,0.07563585,0.92436415
DIA,4,0.08029954,0.91970046
DIA,4,0.18019960,0.81980040
DIA,4,0.05737938,0.94262062
DIA,4,0.10430125,0.89569875
DIA,4,0.05730528,0.94269472
DIA,4,0.05783009,0.94216991
DIA,4,0.11393046,0.88606954
DIA,4,0.05840966,0.94159034
DIA,4,0.05808676,0.94191324
DIA,4,0.05854755,0.94145245
DIA,4,0.05788882,0.94211118
DIA,4,0.07334844,0.92665156
DIA,4,0.07145921,0.92854079
DIA,4,0.05733653,0.94266347
DIA,4,0.06546405,0.93453595
DIA,4,0.06820407,0.93179593
DIA,4,0.13702051,0.86297949
DIA,4,0.06990776,0.93009224
DIA,4,0.05841630,0.94158370
DIA,4,0.05730706,0.94269294
DIA,4,0.08214375,0.91785625
DIA,4,0.05763619,0.94236381
DIA,4,0.05737920,0.94262080
DIA,4,0.05730373,0.94269627
DIA,4,0.06292681,0.93707319
DIA,4,0.05732471,0.94267529
DIA,4,0.09361512,0.90638488
DIA,4,0.05869975,0.94130025
DIA,4,0.06301630,0.93698370
DIA,4,0.06659367,0.93340633
DIA,4,0.05937268,0.94062732
DIA,4,0.06418303,0.93581697
DIA,4,0.08441858,0.91558142
DIA,4,0.06003677,0.93996323
DIA,4,0.05845719,0.94154281
DIA,4,0.06425280,0.93574720
DIA,4,0.11884625,0.88115375
DIA,4,0.13977925,0.86022075
DIA,4,0.06736071,0.93263929
DIA,4,0.05820928,0.94179072
DIA,4,0.16809000,0.83191000
DIA,4,0.06156575,0.93843425
DIA,4,0.05795505,0.94204495
DIA,4,0.05770044,0.94229956
DIA,4,0.09661332,0.90338668
DIA,4,0.05751420,0.94248580
DIA,4,0.06319831,0.93680169
DIA,4,0.05816415,0.94183585
DIA,4,0.05753962,0.94246038
DIA,4,0.06837447,0.93162553
DIA,4,0.06213445,0.93786555
DIA,4,0.06352248,0.93647752
DIA,4,0.05778684,0.94221316
DIA,4,0.06374106,0.93625894
DIA,4,0.05793182,0.94206818
DIA,4,0.07765057,0.92234943
DIA,4,0.05932071,0.94067929
DIA,4,0.16200123,0.83799877
DIA,4,0.08493480,0.91506520
DIA,4,0.05840623,0.94159377
DIA,4,0.06483040,0.93516960
DIA,4,0.07298758,0.92701242
DIA,4,0.08951118,0.91048882
DIA,4,0.06465216,0.93534784
DIA,4,0.05990034,0.94009966
DIA,4,0.05825621,0.94174379
DIA,4,0.06271293,0.93728707
DIA,4,0.11089207,0.88910793
DIA,4,0.06023489,0.93976511
DIA,4,0.06986297,0.93013703
DIA,4,0.05754965,0.94245035
DIA,4,0.05754212,0.94245788
DIA,4,0.07482812,0.92517188
DIA,4,0.35981769,0.64018231
DIA,4,0.07093398,0.92906602
DIA,4,0.05771645,0.94228355
DIA,4,0.06627829,0.93372171
DIA,4,0.71365272,0.28634728
DIA,4,0.06299693,0.93700307
DIA,4,0.26602804,0.73397196
DIA,4,0.47233908,0.52766092
DIA,4,0.06448325,0.93551675
DIA,4,0.10934994,0.89065006
DIA,4,0.07198605,0.92801395
DIA,4,0.05761236,0.94238764
DIA,4,0.11331459,0.88668541
DIA,4,0.06420269,0.93579731
DIA,4,0.05783520,0.94216480
DIA,4,0.07422034,0.92577966
DIA,4,0.06383449,0.93616551
DIA,4,0.06547434,0.93452566
DIA,4,0.09561542,0.90438458
DIA,4,0.99980937,0.00019063
DIA,4,0.99929144,0.00070856
DIA,4,0.08577432,0.91422568
DIA,4,0.99999944,0.00000056
DIA,4,0.49381464,0.50618536
DIA,4,0.99999991,0.00000009
DIA,4,0.93481563,0.06518437
DIA,4,0.99998438,0.00001562
DIA,4,0.99840506,0.00159494
DIA,4,0.15712856,0.84287144
DIA,4,1.00000000,0.00000000
DIA,4,0.99999417,0.00000583
DIA,4,1.00000000,0.00000000
DIA,4,1.00000000,0.00000000
DIA,4,1.00000000,0.00000000
DIA,4,1.00000000,0.00000000
DIA,4,0.99992431,0.00007569
DIA,4,1.00000000,0.00000000
DIA,4,0.08157929,0.91842071
DIA,4,0.99999996,0.00000004
DIA,4,0.99822683,0.00177317
DIA,4,1.00000000,0.00000000
DIA,4,0.99797331,0.00202669
DIA,4,1.00000000,0.00000000
DIA,4,0.99987019,0.00012981
DIA,4,0.99176102,0.00823898
DIA,4,0.32277050,0.67722950
DIA,4,0.99999938,0.00000062
DIA,4,0.42832527,0.57167473
DIA,4,0.25194463,0.74805537
DIA,4,1.00000000,0.00000000
DIA,4,0.06425435,0.93574565
DIA,4,0.99904257,0.00095743
DIA,4,0.24146776,0.75853224
DIA,4,0.14980986,0.85019014
DIA,4,0.78786997,0.21213003
DIA,4,0.34591058,0.65408942
DIA,4,0.05732316,0.94267684
DIA,4,0.98624077,0.01375923
DIA,4,0.75075384,0.24924616
DIA,4,0.98826112,0.01173888
DIA,4,0.42337592,0.57662408
DIA,4,0.06524933,0.93475067
DIA,4,0.13620998,0.86379002
DIA,4,0.29060219,0.70939781
DIA,4,0.05734627,0.94265373
DIA,4,0.75189618,0.24810382
DIA,4,0.11903174,0.88096826
DIA,4,0.95408122,0.04591878
DIA,4,0.05790804,0.94209196
DIA,4,0.07750434,0.92249566
DIA,4,0.10433892,0.89566108
DIA,4,0.08892065,0.91107935
DIA,4,0.59721096,0.40278904
DIA,4,0.06089233,0.93910767
DIA,4,0.60205484,0.39794516
DIA,4,0.85326813,0.14673187
DIA,4,0.26995855,0.73004145
DIA,4,0.06439796,0.93560204
DIA,4,0.99987334,0.00012666
DIA,4,0.21541209,0.78458791
DIA,4,0.24208072,0.75791928
DIA,4,0.06160287,0.93839713
DIA,4,0.05732234,0.94267766
DIA,4,0.70004374,0.29995626
DIA,4,0.87845122,0.12154878
DIA,4,0.06533677,0.93466323
DIA,4,0.05806233,0.94193767
DIA,4,0.06458788,0.93541212
DIA,4,0.14823937,0.85176063
DIA,4,0.70251141,0.29748859
DIA,4,0.05926217,0.94073783
DIA,4,0.99467396,0.00532604
DIA,4,0.59112227,0.40887773
DIA,4,0.10831006,0.89168994
DIA,4,0.15313481,0.84686519
DIA,4,1.00000000,0.00000000
DIA,4,0.21246645,0.78753355
DIA,4,0.08865688,0.91134312
DIA,4,0.69345131,0.30654869
DIA,4,0.07963607,0.92036393
DIA,4,0.05857214,0.94142786
DIA,4,0.09509454,0.90490546
DIA,4,0.07398160,0.92601840
DIA,4,0.07173641,0.92826359
DIA,4,0.96429786,0.03570214
DIA,4,0.10991086,0.89008914
DIA,4,0.97233724,0.02766276
DIA,4,0.68937287,0.31062713
DIA,4,0.11662299,0.88337701
DIA,4,0.05900385,0.94099615
DIA,4,0.06035195,0.93964805
DIA,4,0.50190651,0.49809349
DIA,4,0.21868048,0.78131952
DIA,4,0.07232259,0.92767741
DIA,4,0.21235754,0.78764246
DIA,4,0.21931481,0.78068519
DIA,4,0.05795906,0.94204094
DIA,4,0.72863195,0.27136805
DIA,4,0.11966049,0.88033951
DIA,4,0.06512886,0.93487114
DIA,4,0.06110936,0.93889064
DIA,4,0.05744757,0.94255243
DIA,4,0.07719664,0.92280336
DIA,4,0.07971326,0.92028674
DIA,4,0.18908429,0.81091571
DIA,4,0.09339966,0.90660034
DIA,4,0.06441461,0.93558539
DIA,4,0.08543224,0.91456776
DIA,4,0.07050079,0.92949921
DIA,4,0.09626656,0.90373344
DIA,4,0.06405872,0.93594128
DIA,4,0.10708831,0.89291169
DIA,4,0.08398491,0.91601509
DIA,4,0.24007902,0.75992098
DIA,4,0.09336365,0.90663635
DIA,4,0.05996145,0.94003855
DIA,4,0.20371608,0.79628392
DIA,4,0.06002796,0.93997204
DIA,4,0.12674844,0.87325156
DIA,4,0.05920423,0.94079577
DIA,4,0.05805908,0.94194092
DIA,4,0.06183543,0.93816457
DIA,4,0.05996679,0.94003321
DIA,4,0.06250081,0.93749919
DIA,4,0.05829796,0.94170204
DIA,4,0.08303947,0.91696053
DIA,4,0.23481430,0.76518570
DIA,4,0.05785025,0.94214975
DIA,4,0.06084399,0.93915601
DIA,4,0.07550806,0.92449194
DIA,4,0.07885374,0.92114626
DIA,4,0.08781036,0.91218964
DIA,4,0.08316012,0.91683988
DIA,4,0.36591186,0.63408814
DIA,4,0.95742707,0.04257293
DIA,4,0.09571381,0.90428619
DIA,4,0.83562360,0.16437640
DIA,4,0.25779812,0.74220188
DIA,4,0.23251458,0.76748542
DIA,4,0.06317300,0.93682700
DIA,4,0.15621340,0.84378660
DIA,4,0.05827890,0.94172110
DIA,4,0.05772277,0.94227723
DIA,4,0.06713949,0.93286051
DIA,4,0.10533079,0.89466921
DIA,4,0.57388276,0.42611724
DIA,4,0.06374363,0.93625637
DIA,4,0.55255182,0.44744818
DIA,4,0.05733463,0.94266537
DIA,4,0.19854799,0.80145201
DIA,4,0.35401728,0.64598272
DIA,4,0.06488904,0.93511096
DIA,4,0.15376343,0.84623657
DIA,4,0.06007383,0.93992617
DIA,4,0.06652786,0.93347214
DIA,4,0.34437841,0.65562159
DIA,4,0.16223293,0.83776707
DIA,4,0.46241483,0.53758517
DIA,4,0.07350213,0.92649787
DIA,4,0.07899695,0.92100305
DIA,4,0.10350750,0.89649250
DIA,4,0.06651871,0.93348129
DIA,4,0.07706763,0.92293237
DIA,4,0.05783574,0.94216426
DIA,4,0.06529555,0.93470445
DIA,4,0.24619403,0.75380597
DIA,4,0.06066433,0.93933567
DIA,4,0.06196576,0.93803424
DIA,4,0.07115180,0.92884820
DIA,4,0.05765733,0.94234267
DIA,4,0.84038730,0.15961270
DIA,4,0.12342633,0.87657367
DIA,4,0.99951835,0.00048165
DIA,4,0.06011519,0.93988481
DIA,4,0.07538148,0.92461852
DIA,4,0.30137621,0.69862379
DIA,4,0.69526602,0.30473398
DIA,4,0.28711647,0.71288353
DIA,4,0.63884433,0.36115567
DIA,4,0.05743438,0.94256562
DIA,4,0.98636387,0.01363613
DIA,4,0.15525085,0.84474915
DIA,4,0.05736368,0.94263632
DIA,4,0.14523770,0.85476230
DIA,4,0.21066885,0.78933115
DIA,4,0.41181749,0.58818251
DIA,4,0.06602418,0.93397582
DIA,4,0.17955783,0.82044217
DIA,4,0.05758298,0.94241702
DIA,4,0.08338797,0.91661203
DIA,4,0.13100018,0.86899982
DIA,4,0.33164183,0.66835817
DIA,4,0.06700906,0.93299094
DIA,4,0.05744509,0.94255491
DIA,4,0.10432091,0.89567909
DIA,4,0.07471903,0.92528097
DIA,4,0.05990860,0.94009140
DIA,4,0.06176948,0.93823052
DIA,4,0.09676302,0.90323698
DIA,4,0.06541531,0.93458469
DIA,4,0.06169773,0.93830227
DIA,4,0.06201598,0.93798402
DIA,4,0.05992874,0.94007126
DIA,4,0.05801318,0.94198682
DIA,4,0.07536216,0.92463784
DIA,4,0.13531467,0.86468533
DIA,4,0.05747557,0.94252443
DIA,4,0.06886860,0.93113140
DIA,4,0.06452184,0.93547816
DIA,4,0.05790483,0.94209517
DIA,4,0.08046594,0.91953406
DIA,4,0.06265919,0.93734081
DIA,4,0.06026309,0.93973691
DIA,4,0.08351508,0.91648492
DIA,4,0.05888415,0.94111585
DIA,4,0.05975702,0.94024298
DIA,4,0.08082421,0.91917579
DIA,4,0.16419977,0.83580023
DIA,4,0.06679506,0.93320494
DIA,4,0.27137157,0.72862843
DIA,4,0.09623705,0.90376295
DIA,4,0.05926485,0.94073515
DIA,4,0.06061328,0.93938672
DIA,4,0.05907968,0.94092032
DIA,4,0.05730433,0.94269567
DIA,4,0.05949039,0.94050961
DIA,4,0.07567717,0.92432283
DIA,4,0.06251740,0.93748260
DIA,4,0.10119109,0.89880891
DIA,4,0.05733450,0.94266550
DIA,4,0.07533823,0.92466177
DIA,4,0.05849927,0.94150073
DIA,4,0.05749405,0.94250595
DIA,4,0.68312275,0.31687725
DIA,4,0.09416252,0.90583748
DIA,4,0.60297471,0.39702529
DIA,4,0.07592999,0.92407001
DIA,4,0.32214311,0.67785689
DIA,4,0.06085640,0.93914360
DIA,4,0.12882792,0.87117208
DIA,4,0.06465600,0.93534400
DIA,4,0.09566806,0.90433194
DIA,4,0.05733724,0.94266276
DIA,4,0.05944072,0.94055928
DIA,4,0.05730439,0.94269561
DIA,4,0.05778165,0.94221835
DIA,4,0.05930914,0.94069086
DIA,4,0.06167974,0.93832026
DIA,4,0.06328820,0.93671180
DIA,4,0.05733694,0.94266306
DIA,4,0.05767052,0.94232948
DIA,4,0.05749382,0.94250618
DIA,4,0.20966054,0.79033946
DIA,4,0.37292881,0.62707119
DIA,4,0.36813503,0.63186497
DIA,4,0.47394648,0.52605352
DIA,4,0.06040833,0.93959167
DIA,4,0.06742140,0.93257860
DIA,4,0.16371852,0.83628148
DIA,4,0.46258914,0.53741086
DIA,4,0.14449723,0.85550277
DIA,4,0.05862388,0.94137612
DIA,4,0.24506422,0.75493578
DIA,4,0.08699031,0.91300969
DIA,4,0.11643717,0.88356283
DIA,4,0.07571119,0.92428881
DIA,4,0.06193767,0.93806233
DIA,4,0.07255661,0.92744339
DIA,4,0.06492437,0.93507563
DIA,4,0.08739539,0.91260461
DIA,4,0.06007607,0.93992393
DIA,4,0.10696701,0.89303299
DIA,4,0.05769775,0.94230225
DIA,4,0.07542519,0.92457481
DIA,4,0.25462101,0.74537899
DIA,4,0.06448235,0.93551765
DIA,4,0.06133280,0.93866720
DIA,4,0.06087500,0.93912500
DIA,4,0.07109693,0.92890307
DIA,4,0.15979217,0.84020783
DIA,4,0.05919053,0.94080947
DIA,4,0.05731404,0.94268596
DIA,4,0.05878721,0.94121279
DIA,4,0.10970456,0.89029544
DIA,4,0.05773490,0.94226510
DIA,4,0.05942658,0.94057342
DIA,4,0.05821124,0.94178876
DIA,4,0.11136967,0.88863033
DIA,4,0.07269624,0.92730376
DIA,4,0.06227759,0.93772241
DIA,4,0.09213383,0.90786617
DIA,4,0.10437251,0.89562749
DIA,4,0.10053872,0.89946128
DIA,4,0.07496942,0.92503058
DIA,4,0.05829557,0.94170443
DIA,4,0.05732186,0.94267814
DIA,4,0.07007240,0.92992760
DIA,4,0.08216436,0.91783564
DIA,4,0.06916942,0.93083058
DIA,4,0.08015794,0.91984206
DIA,4,0.05776538,0.94223462
DIA,4,0.06169210,0.93830790
DIA,4,0.11119916,0.88880084
DIA,4,0.08857545,0.91142455
DIA,4,0.05740316,0.94259684
DIA,4,0.22778586,0.77221414
DIA,4,0.70521635,0.29478365
DIA,4,0.15028699,0.84971301
DIA,4,0.15800743,0.84199257
DIA,4,0.05768657,0.94231343
DIA,4,0.09913046,0.90086954
DIA,4,0.07101283,0.92898717
DIA,4,0.07175705,0.92824295
DIA,4,0.06525296,0.93474704
DIA,4,0.07291823,0.92708177
DIA,4,0.05924798,0.94075202
DIA,4,0.05732436,0.94267564
DIA,4,0.06571784,0.93428216
DIA,4,0.05982450,0.94017550
DIA,4,0.05822036,0.94177964
DIA,4,0.05760409,0.94239591
DIA,4,0.05743220,0.94256780
DIA,4,0.07042704,0.92957296
DIA,4,0.06202808,0.93797192
DIA,4,0.05790944,0.94209056
DIA,4,0.06724484,0.93275516
DIA,4,0.05735137,0.94264863
DIA,4,0.05736172,0.94263828
DIA,4,0.06007151,0.93992849
DIA,4,0.06162904,0.93837096
DIA,4,0.09356087,0.90643913
DIA,4,0.08198180,0.91801820
DIA,4,0.36385775,0.63614225
DIA,4,0.34649157,0.65350843
DIA,4,0.06245873,0.93754127
DIA,4,0.05912451,0.94087549
DIA,4,0.10443620,0.89556380
DIA,4,0.09435762,0.90564238
DIA,4,0.06400147,0.93599853
DIA,4,0.05732087,0.94267913
DIA,4,0.07797048,0.92202952
DIA,4,0.06692390,0.93307610
DIA,4,0.06761299,0.93238701
DIA,4,0.07368145,0.92631855
DIA,4,0.06049493,0.93950507
DIA,4,0.08555919,0.91444081
DIA,4,0.18023957,0.81976043
DIA,4,0.06718515,0.93281485
DIA,4,0.06060590,0.93939410
DIA,4,0.05758088,0.94241912
DIA,4,0.05896257,0.94103743
DIA,4,0.09799743,0.90200257
DIA,4,0.76624080,0.23375920
DIA,4,0.25152658,0.74847342
DIA,4,0.11644916,0.88355084
DIA,4,0.05808558,0.94191442
DIA,4,0.07806678,0.92193322
DIA,4,0.06215152,0.93784848
DIA,4,0.05926663,0.94073337
DIA,4,0.06438486,0.93561514
DIA,4,0.06586288,0.93413712
DIA,4,0.06424881,0.93575119
DIA,4,0.06199216,0.93800784
DIA,4,0.08964180,0.91035820
DIA,4,0.09952793,0.90047207
DIA,4,0.08305283,0.91694717
DIA,4,0.06776928,0.93223072
DIA,4,0.06011802,0.93988198
DIA,4,0.06545213,0.93454787
DIA,4,0.08154867,0.91845133
DIA,4,0.05778393,0.94221607
DIA,4,0.05736749,0.94263251
DIA,4,0.06206301,0.93793699
DIA,4,0.08899609,0.91100391
DIA,4,0.15477631,0.84522369
DIA,4,0.06091811,0.93908189
DIA,4,0.07877950,0.92122050
DIA,4,0.07970105,0.92029895
DIA,4,0.05788029,0.94211971
DIA,4,0.05784884,0.94215116
DIA,4,0.07096737,0.92903263
DIA,4,0.07985989,0.92014011
DIA,4,0.05775449,0.94224551
DIA,4,0.05793665,0.94206335
DIA,4,0.05847639,0.94152361
DIA,4,0.06397757,0.93602243
DIA,4,0.05883173,0.94116827
DIA,4,0.09179716,0.90820284
DIA,4,0.06050674,0.93949326
DIA,4,0.06663760,0.93336240
DIA,4,0.09575364,0.90424636
DIA,4,0.08142486,0.91857514
DIA,4,0.09159247,0.90840753
DIA,4,0.07628702,0.92371298
DIA,4,0.05826923,0.94173077
DIA,4,0.06825591,0.93174409
DIA,4,0.51266013,0.48733987
DIA,4,0.06091003,0.93908997
DIA,4,0.11885375,0.88114625
DIA,4,0.30726792,0.69273208
DIA,4,0.05871158,0.94128842
DIA,4,0.05918632,0.94081368
DIA,4,0.34626167,0.65373833
DIA,4,0.05847891,0.94152109
DIA,4,0.32485626,0.67514374
DIA,4,0.19722011,0.80277989
DIA,4,0.10198108,0.89801892
DIA,4,0.09948313,0.90051687
DIA,4,0.06238879,0.93761121
DIA,4,0.12921981,0.87078019
DIA,4,0.05734179,0.94265821
DIA,4,0.08423592,0.91576408
DIA,4,0.06489123,0.93510877
DIA,4,0.05730621,0.94269379
DIA,4,0.30672421,0.69327579
DIA,4,0.16744927,0.83255073
DIA,4,0.05732484,0.94267516
DIA,4,0.07215159,0.92784841
DIA,4,0.06971356,0.93028644
DIA,4,0.05738175,0.94261825
DIA,4,0.05913362,0.94086638
DIA,4,0.05924951,0.94075049
DIA,4,0.05751208,0.94248792
DIA,4,0.08788793,0.91211207
DIA,4,0.07686045,0.92313955
DIA,4,0.06171375,0.93828625
DIA,4,0.06112984,0.93887016
DIA,4,0.06439905,0.93560095
DIA,4,0.06256705,0.93743295
DIA,4,0.05749085,0.94250915
DIA,4,0.07298705,0.92701295
DIA,4,0.06269923,0.93730077
DIA,4,0.06087997,0.93912003
DIA,4,0.08306559,0.91693441
DIA,4,0.06875372,0.93124628
DIA,4,0.06801982,0.93198018
DIA,4,0.05730390,0.94269610
DIA,4,0.05814008,0.94185992
DIA,4,0.07477095,0.92522905
DIA,4,0.05920304,0.94079696
DIA,4,0.09017037,0.90982963
DIA,4,0.05730568,0.94269432
DIA,4,0.07168208,0.92831792
DIA,4,0.05731909,0.94268091
DIA,4,0.93817412,0.06182588
DIA,4,0.06776404,0.93223596
DIA,4,0.47551835,0.52448165
DIA,4,0.27654882,0.72345118
DIA,4,0.35522325,0.64477675
DIA,4,0.05730373,0.94269627
DIA,4,0.47502773,0.52497227
DIA,4,0.28253036,0.71746964
DIA,4,0.06021924,0.93978076
DIA,4,0.05730553,0.94269447
DIA,4,0.07841453,0.92158547
DIA,4,0.09531180,0.90468820
DIA,4,0.06380179,0.93619821
DIA,4,0.13077931,0.86922069
DIA,4,0.05732746,0.94267254
DIA,4,0.29196839,0.70803161
DIA,4,0.22274961,0.77725039
DIA,4,0.29027189,0.70972811
DIA,4,0.10227541,0.89772459
DIA,4,0.07445926,0.92554074
DIA,4,0.11930103,0.88069897
DIA,4,0.06391679,0.93608321
DIA,4,0.06098608,0.93901392
DIA,4,0.05953824,0.94046176
DIA,4,0.05853208,0.94146792
DIA,4,0.08089504,0.91910496
DIA,4,0.07921986,0.92078014
DIA,4,0.12773991,0.87226009
DIA,4,0.07340844,0.92659156
DIA,4,0.05737295,0.94262705
DIA,4,0.06629049,0.93370951
DIA,4,0.06700943,0.93299057
DIA,4,0.05815066,0.94184934
DIA,4,0.06842682,0.93157318
DIA,4,0.07665749,0.92334251
DIA,4,0.31373055,0.68626945
DIA,4,0.13899385,0.86100615
DIA,4,0.11956750,0.88043250
DIA,4,0.22872228,0.77127772
DIA,4,0.05837526,0.94162474
DIA,4,0.05888651,0.94111349
DIA,4,0.06522596,0.93477404
DIA,4,0.05761032,0.94238968
DIA,4,0.36481317,0.63518683
DIA,4,0.19651049,0.80348951
DIA,4,0.10110418,0.89889582
DIA,4,0.08230234,0.91769766
DIA,4,0.22933354,0.77066646
DIA,4,0.05845723,0.94154277
DIA,4,0.05731195,0.94268805
DIA,4,0.13695452,0.86304548
DIA,4,0.10800303,0.89199697
DIA,4,0.24225839,0.75774161
DIA,4,0.31757293,0.68242707
DIA,4,0.07534310,0.92465690
DIA,4,0.16779199,0.83220801
DIA,4,0.05760210,0.94239790
DIA,4,0.50191440,0.49808560
DIA,4,0.09906968,0.90093032
DIA,4,0.25955287,0.74044713
DIA,4,0.28401119,0.71598881
DIA,4,0.05804365,0.94195635
DIA,4,0.91494968,0.08505032
DIA,4,0.06176988,0.93823012
DIA,4,0.51175482,0.48824518
DIA,4,0.35095326,0.64904674
DIA,4,0.05760618,0.94239382
DIA,4,0.07305057,0.92694943
DIA,4,0.91334390,0.08665610
DIA,4,0.08547305,0.91452695
DIA,4,0.57560630,0.42439370
DIA,4,0.05867743,0.94132257
DIA,4,0.09085128,0.90914872
DIA,4,0.05756602,0.94243398
DIA,4,0.50840954,0.49159046
DIA,4,0.38615667,0.61384333
DIA,4,0.20793975,0.79206025
DIA,4,0.10380147,0.89619853
DIA,4,0.06889600,0.93110400
DIA,4,0.08482541,0.91517459
DIA,4,0.17142750,0.82857250
DIA,4,0.11013083,0.88986917
DIA,4,0.07000041,0.92999959
DIA,4,0.06237337,0.93762663
DIA,4,0.11406257,0.88593743
DIA,4,0.05764142,0.94235858
DIA,4,0.32661718,0.67338282
DIA,4,0.06078232,0.93921768
DIA,4,0.06315620,0.93684380
DIA,4,0.09134947,0.90865053
DIA,4,0.07078590,0.92921410
DIA,4,0.05962667,0.94037333
DIA,4,0.06611288,0.93388712
DIA,4,0.16174189,0.83825811
DIA,4,0.06356563,0.93643437
DIA,4,0.11951344,0.88048656
DIA,4,0.05975074,0.94024926
DIA,4,0.05857158,0.94142842
DIA,4,0.24503780,0.75496220
DIA,4,0.10019909,0.89980091
DIA,4,0.12253773,0.87746227
DIA,4,0.98853504,0.01146496
DIA,4,0.06937827,0.93062173
DIA,4,0.84356125,0.15643875
DIA,4,0.05732152,0.94267848
DIA,4,0.45561694,0.54438306
DIA,4,0.94977769,0.05022231
DIA,4,0.05734319,0.94265681
DIA,4,0.05951641,0.94048359
DIA,4,0.98059621,0.01940379
DIA,4,0.99099685,0.00900315
DIA,4,0.07282100,0.92717900
DIA,4,0.65726074,0.34273926
DIA,4,0.06304942,0.93695058
DIA,4,0.14446004,0.85553996
DIA,4,0.06515917,0.93484083
DIA,4,0.23189259,0.76810741
DIA,4,0.05916437,0.94083563
DIA,4,0.20307398,0.79692602
DIA,4,0.99948981,0.00051019
DIA,4,0.12622664,0.87377336
DIA,4,0.05736500,0.94263500
DIA,4,0.63418648,0.36581352
DIA,4,0.05984664,0.94015336
DIA,4,0.07525518,0.92474482
DIA,4,0.35876281,0.64123719
DIA,4,0.56532532,0.43467468
DIA,4,0.07130918,0.92869082
DIA,4,0.07497063,0.92502937
DIA,4,0.19790944,0.80209056
DIA,4,0.10689190,0.89310810
DIA,4,0.05741661,0.94258339
DIA,4,0.09210196,0.90789804
DIA,4,0.08497131,0.91502869
DIA,4,0.66398659,0.33601341
DIA,4,0.98674067,0.01325933
DIA,4,0.99210914,0.00789086
DIA,4,0.08708065,0.91291935
DIA,4,0.11034022,0.88965978
DIA,4,0.88339787,0.11660213
DIA,4,0.06446511,0.93553489
DIA,4,0.70084707,0.29915293
DIA,4,0.05743581,0.94256419
DIA,4,0.07359601,0.92640399
DIA,4,0.96034298,0.03965702
DIA,4,0.05749811,0.94250189
DIA,4,0.33663986,0.66336014
DIA,4,0.05814991,0.94185009
DIA,4,0.08732404,0.91267596
DIA,4,0.11827449,0.88172551
DIA,4,0.06367066,0.93632934
DIA,4,0.05913765,0.94086235
DIA,4,0.14371436,0.85628564
DIA,4,0.05734945,0.94265055
DIA,4,0.07239040,0.92760960
DIA,4,0.08051040,0.91948960
DIA,4,0.08368581,0.91631419
DIA,4,0.07069536,0.92930464
DIA,4,0.68734223,0.31265777
DIA,4,0.07112264,0.92887736
DIA,4,0.84533133,0.15466867
DIA,4,0.06223778,0.93776222
DIA,4,0.07363847,0.92636153
DIA,4,0.06560708,0.93439292
DIA,4,0.06149390,0.93850610
DIA,4,0.08299641,0.91700359
DIA,4,0.20440876,0.79559124
DIA,4,0.14846173,0.85153827
DIA,4,0.13343759,0.86656241
DIA,4,0.05764292,0.94235708
DIA,4,0.17324728,0.82675272
DIA,4,0.16540258,0.83459742
DIA,4,0.05811626,0.94188374
DIA,4,0.05941428,0.94058572
DIA,4,0.05754920,0.94245080
DIA,4,0.05819511,0.94180489
DIA,4,0.33578136,0.66421864
DIA,4,0.05948890,0.94051110
DIA,4,0.18929012,0.81070988
DIA,4,0.07177112,0.92822888
DIA,4,0.09097114,0.90902886
DIA,4,0.06714993,0.93285007
DIA,4,0.05737196,0.94262804
DIA,4,0.09997484,0.90002516
DIA,4,0.61029447,0.38970553
DIA,4,0.07832966,0.92167034
DIA,4,0.05831511,0.94168489
DIA,4,0.11876872,0.88123128
DIA,4,0.99220928,0.00779072
DIA,4,0.09797043,0.90202957
DIA,4,0.12426777,0.87573223
DIA,4,0.11033054,0.88966946
DIA,4,0.06223539,0.93776461
DIA,4,0.13027544,0.86972456
DIA,4,0.08017562,0.91982438
DIA,4,0.20625653,0.79374347
DIA,4,0.08737127,0.91262873
DIA,4,0.16955195,0.83044805
DIA,4,0.09239761,0.90760239
DIA,4,0.99995698,0.00004302
DIA,4,0.05962661,0.94037339
DIA,4,0.07101880,0.92898120
DIA,4,0.06756553,0.93243447
DIA,4,0.07024843,0.92975157
DIA,4,0.11518079,0.88481921
DIA,4,0.47900069,0.52099931
DIA,4,0.07006469,0.92993531
DIA,4,0.36064524,0.63935476
DIA,4,0.18707661,0.81292339
DIA,4,0.07294545,0.92705455
DIA,4,0.49594801,0.50405199
DIA,4,0.25010902,0.74989098
DIA,4,0.53036770,0.46963230
DIA,4,0.90550777,0.09449223
DIA,4,0.99180379,0.00819621
DIA,4,0.05746092,0.94253908
DIA,4,0.17209616,0.82790384
DIA,4,0.75728866,0.24271134
DIA,4,0.06630779,0.93369221
DIA,4,0.05777240,0.94222760
DIA,4,0.05776169,0.94223831
DIA,4,0.96875336,0.03124664
DIA,4,0.14978746,0.85021254
DIA,4,0.42345730,0.57654270
DIA,4,0.18124460,0.81875540
DIA,4,0.05859972,0.94140028
DIA,4,0.06353791,0.93646209
DIA,4,0.89828454,0.10171546
DIA,4,0.31343221,0.68656779
DIA,4,0.15826073,0.84173927
DIA,4,0.05755317,0.94244683
DIA,4,0.07983387,0.92016613
DIA,4,0.94908176,0.05091824
DIA,4,0.05847177,0.94152823
DIA,4,0.06093307,0.93906693
DIA,4,0.32517031,0.67482969
DIA,4,0.07103451,0.92896549
DIA,4,0.16837942,0.83162058
DIA,4,0.23798942,0.76201058
DIA,4,0.13908160,0.86091840
DIA,4,0.55198270,0.44801730
DIA,4,0.99931732,0.00068268
DIA,4,0.06564665,0.93435335
DIA,4,0.07498471,0.92501529
DIA,4,0.05743233,0.94256767
DIA,4,0.05732703,0.94267297
DIA,4,0.05733541,0.94266459
DIA,4,0.07411731,0.92588269
DIA,4,0.05760450,0.94239550
DIA,4,0.15649038,0.84350962
DIA,4,0.06388788,0.93611212
DIA,4,0.06867450,0.93132550
DIA,4,0.24987574,0.75012426
DIA,4,0.05763769,0.94236231
DIA,4,0.74447869,0.25552131
DIA,4,0.06378427,0.93621573
DIA,4,0.05732482,0.94267518
DIA,4,0.24227610,0.75772390
DIA,4,0.14311079,0.85688921
DIA,4,0.05768891,0.94231109
DIA,4,0.07280073,0.92719927
DIA,4,0.10470332,0.89529668
DIA,4,0.26700120,0.73299880
DIA,4,0.06618292,0.93381708
DIA,4,0.06402275,0.93597725
DIA,4,0.84994710,0.15005290
DIA,4,0.12325385,0.87674615
DIA,4,0.07282060,0.92717940
DIA,4,0.06002206,0.93997794
DIA,4,0.31864063,0.68135937
DIA,4,0.11188213,0.88811787
DIA,4,0.06632839,0.93367161
DIA,4,0.05839427,0.94160573
DIA,4,0.13314638,0.86685362
DIA,4,0.11040056,0.88959944
DIA,4,0.05800114,0.94199886
DIA,4,0.05738753,0.94261247
DIA,4,0.06373044,0.93626956
DIA,4,0.11699374,0.88300626
DIA,4,0.63908705,0.36091295
DIA,4,0.05855722,0.94144278
DIA,4,0.07187766,0.92812234
DIA,4,0.09443307,0.90556693
DIA,4,0.08832457,0.91167543
DIA,4,0.06376591,0.93623409
DIA,4,0.14542784,0.85457216
DIA,4,0.55383402,0.44616598
DIA,4,0.10601591,0.89398409
DIA,4,0.11363616,0.88636384
DIA,4,0.09653587,0.90346413
DIA,4,0.06255104,0.93744896
DIA,4,0.05735030,0.94264970
DIA,4,0.07772833,0.92227167
DIA,4,0.05830995,0.94169005
DIA,4,0.08915611,0.91084389
DIA,4,0.12643053,0.87356947
DIA,4,0.05798296,0.94201704
DIA,4,0.05782410,0.94217590
DIA,4,0.06525611,0.93474389
DIA,4,0.05784865,0.94215135
DIA,4,0.09080344,0.90919656
DIA,4,0.07224776,0.92775224
DIA,4,0.09308601,0.90691399
DIA,4,0.06639845,0.93360155
DIA,4,0.15856081,0.84143919
DIA,4,0.06404664,0.93595336
DIA,4,0.05744786,0.94255214
DIA,4,0.18388760,0.81611240
DIA,4,0.06168337,0.93831663
DIA,4,0.67326436,0.32673564
DIA,4,0.06560772,0.93439228
DIA,4,0.06089060,0.93910940
DIA,4,0.11800269,0.88199731
DIA,4,0.05767792,0.94232208
DIA,4,0.08345550,0.91654450
DIA,4,0.05734358,0.94265642
DIA,4,0.12572185,0.87427815
DIA,4,0.18515706,0.81484294
DIA,4,0.05912972,0.94087028
DIA,4,0.42173371,0.57826629
DIA,4,0.06153352,0.93846648
DIA,4,0.37385413,0.62614587
DIA,4,0.16744966,0.83255034
DIA,4,0.06525971,0.93474029
DIA,4,0.12848511,0.87151489
DIA,4,0.09625356,0.90374644
DIA,4,0.13489311,0.86510689
DIA,4,0.14591239,0.85408761
DIA,4,0.14742908,0.85257092
DIA,4,0.13137228,0.86862772
DIA,4,0.29848842,0.70151158
DIA,4,0.05750264,0.94249736
DIA,4,0.06719835,0.93280165
DIA,4,0.08068100,0.91931900
DIA,4,0.05780131,0.94219869
DIA,4,0.11990955,0.88009045
DIA,4,0.07061790,0.92938210
DIA,4,0.19947809,0.80052191
DIA,4,0.13636800,0.86363200
DIA,4,0.06928554,0.93071446
DIA,4,0.05901506,0.94098494
DIA,4,0.05741694,0.94258306
DIA,4,0.06228970,0.93771030
DIA,4,0.06154530,0.93845470
DIA,4,0.05762620,0.94237380
DIA,4,0.14718137,0.85281863
DIA,4,0.06218892,0.93781108
DIA,4,0.06062550,0.93937450
DIA,4,0.05731378,0.94268622
DIA,4,0.05931437,0.94068563
DIA,4,0.06326346,0.93673654
DIA,4,0.05739959,0.94260041
DIA,4,0.05916842,0.94083158
DIA,4,0.12406807,0.87593193
DIA,4,0.09111040,0.90888960
DIA,4,0.28568197,0.71431803
DIA,4,0.11212955,0.88787045
DIA,4,0.05767258,0.94232742
DIA,4,0.14659565,0.85340435
DIA,4,0.10146751,0.89853249
DIA,4,0.10752465,0.89247535
DIA,4,0.31917969,0.68082031
DIA,4,0.05741933,0.94258067
DIA,4,0.05906838,0.94093162
DIA,4,0.05809226,0.94190774
DIA,4,0.07821584,0.92178416
DIA,4,0.05761884,0.94238116
DIA,4,0.05817431,0.94182569
DIA,4,0.12243817,0.87756183
DIA,4,0.14979699,0.85020301
DIA,4,0.06679737,0.93320263
DIA,4,0.06120201,0.93879799
DIA,4,0.06832328,0.93167672
DIA,4,0.08412847,0.91587153
DIA,4,0.09643293,0.90356707
DIA,4,0.05870395,0.94129605
DIA,4,0.11953448,0.88046552
DIA,4,0.05760892,0.94239108
DIA,4,0.06651036,0.93348964
DIA,4,0.06590536,0.93409464
DIA,4,0.74446188,0.25553812
DIA,4,0.06589090,0.93410910
DIA,4,0.05734445,0.94265555
DIA,4,0.06078807,0.93921193
DIA,4,0.07380738,0.92619262
DIA,4,0.05838983,0.94161017
DIA,4,0.07355569,0.92644431
DIA,4,0.06834649,0.93165351
DIA,4,0.07849418,0.92150582
DIA,4,0.16651089,0.83348911
DIA,4,0.05919786,0.94080214
DIA,4,0.08652584,0.91347416
DIA,4,0.06417522,0.93582478
DIA,4,0.05730743,0.94269257
DIA,4,0.07962742,0.92037258
DIA,4,0.05780006,0.94219994
DIA,4,0.07699172,0.92300828
DIA,4,0.05852339,0.94147661
DIA,4,0.08952152,0.91047848
DIA,4,0.10541476,0.89458524
DIA,4,0.05789182,0.94210818
DIA,4,0.06431049,0.93568951
DIA,4,0.14051517,0.85948483
DIA,4,0.07741995,0.92258005
DIA,4,0.07418393,0.92581607
DIA,4,0.11846002,0.88153998
DIA,4,0.06163805,0.93836195
DIA,4,0.05823174,0.94176826
DIA,4,0.06306718,0.93693282
DIA,4,0.06058603,0.93941397
DIA,4,0.13728553,0.86271447
DIA,4,0.06489750,0.93510250
DIA,4,0.06946837,0.93053163
DIA,4,0.05739253,0.94260747
DIA,4,0.07195809,0.92804191
DIA,4,0.05798240,0.94201760
DIA,4,0.06011012,0.93988988
DIA,4,0.07978575,0.92021425
DIA,4,0.06732953,0.93267047
DIA,4,0.06219278,0.93780722
DIA,4,0.05974999,0.94025001
DIA,4,0.11935690,0.88064310
DIA,4,0.06040904,0.93959096
DIA,4,0.06650407,0.93349593
DIA,4,0.14919450,0.85080550
DIA,4,0.06390638,0.93609362
DIA,4,0.07450616,0.92549384
DIA,4,0.05767184,0.94232816
DIA,4,0.06268307,0.93731693
DIA,4,0.05768131,0.94231869
DIA,4,0.12883236,0.87116764
DIA,4,0.07578977,0.92421023
DIA,4,0.10304546,0.89695454
DIA,4,0.05731179,0.94268821
DIA,4,0.05795913,0.94204087
DIA,4,0.07095239,0.92904761
DIA,4,0.06829792,0.93170208
DIA,4,0.13038324,0.86961676
DIA,4,0.07820597,0.92179403
DIA,4,0.08058731,0.91941269
DIA,4,0.10796291,0.89203709
DIA,4,0.05830146,0.94169854
DIA,4,0.06767917,0.93232083
DIA,4,0.06154570,0.93845430
DIA,4,0.07057516,0.92942484
DIA,4,0.07693656,0.92306344
DIA,4,0.05782562,0.94217438
DIA,4,0.06002890,0.93997110
DIA,4,0.06041304,0.93958696
DIA,4,0.05739155,0.94260845
DIA,4,0.05922335,0.94077665
DIA,4,0.11251456,0.88748544
DIA,4,0.08805803,0.91194197
DIA,4,0.05742086,0.94257914
DIA,4,0.06194272,0.93805728
DIA,4,0.05956735,0.94043265
DIA,4,0.14635087,0.85364913
DIA,4,0.06489865,0.93510135
DIA,4,0.05771759,0.94228241
DIA,4,0.15066197,0.84933803
DIA,4,0.06208529,0.93791471
DIA,4,0.06212079,0.93787921
DIA,4,0.06642921,0.93357079
DIA,4,0.06104594,0.93895406
DIA,4,0.20564604,0.79435396
DIA,4,0.06115242,0.93884758
DIA,4,0.05730606,0.94269394
DIA,4,0.10160258,0.89839742
DIA,4,0.07778847,0.92221153
DIA,4,0.06737601,0.93262399
DIA,4,0.05953972,0.94046028
DIA,4,0.06872660,0.93127340
DIA,4,0.05762790,0.94237210
DIA,4,0.11334210,0.88665790
DIA,4,0.05796941,0.94203059
DIA,4,0.12095189,0.87904811
DIA,4,0.09729607,0.90270393
DIA,4,0.10675045,0.89324955
DIA,4,0.07882387,0.92117613
DIA,4,0.07282143,0.92717857
DIA,4,0.06090871,0.93909129
DIA,4,0.09448284,0.90551716
DIA,4,0.16808805,0.83191195
DIA,4,0.27656370,0.72343630
DIA,4,0.06966134,0.93033866
DIA,4,0.08254094,0.91745906
DIA,4,0.40315741,0.59684259
DIA,4,0.09653152,0.90346848
DIA,4,0.05844470,0.94155530
DIA,4,0.05877558,0.94122442
DIA,4,0.05752943,0.94247057
DIA,4,0.07896453,0.92103547
DIA,4,0.14135819,0.85864181
DIA,4,0.06036583,0.93963417
DIA,4,0.24884469,0.75115531
DIA,4,0.07333492,0.92666508
DIA,4,0.05751577,0.94248423
DIA,4,0.05730793,0.94269207
DIA,4,0.07648931,0.92351069
DIA,4,0.05795310,0.94204690
DIA,4,0.06998529,0.93001471
DIA,4,0.06381637,0.93618363
DIA,4,0.05794878,0.94205122
DIA,4,0.05943213,0.94056787
DIA,4,0.05750646,0.94249354
DIA,4,0.26715223,0.73284777
DIA,4,0.11088291,0.88911709
DIA,4,0.05738397,0.94261603
DIA,4,0.05988246,0.94011754
DIA,4,0.05884736,0.94115264
DIA,4,0.05872821,0.94127179
DIA,4,0.06389201,0.93610799
DIA,4,0.06745764,0.93254236
DIA,4,0.06981323,0.93018677
DIA,4,0.24961219,0.75038781
DIA,4,0.07214066,0.92785934
DIA,4,0.05900552,0.94099448
DIA,4,0.05731780,0.94268220
DIA,4,0.08377631,0.91622369
DIA,4,0.17042244,0.82957756
DIA,4,0.08980571,0.91019429
DIA,4,0.05731976,0.94268024
DIA,4,0.06673166,0.93326834
DIA,4,0.06141194,0.93858806
DIA,4,0.05886586,0.94113414
DIA,4,0.05740016,0.94259984
DIA,4,0.05752961,0.94247039
DIA,4,0.08804570,0.91195430
DIA,4,0.05734839,0.94265161
DIA,4,0.05752291,0.94247709
DIA,4,0.07493618,0.92506382
DIA,4,0.06449043,0.93550957
DIA,4,0.06570099,0.93429901
DIA,4,0.05756584,0.94243416
DIA,4,0.06134418,0.93865582
DIA,4,0.07992409,0.92007591
DIA,4,0.06129703,0.93870297
DIA,4,0.07084078,0.92915922
DIA,4,0.14004206,0.85995794
DIA,4,0.06649132,0.93350868
DIA,4,0.05978756,0.94021244
DIA,4,0.06082058,0.93917942
DIA,4,0.07866550,0.92133450
DIA,4,0.05951680,0.94048320
DIA,4,0.07535627,0.92464373
DIA,4,0.06441017,0.93558983
DIA,4,0.09213195,0.90786805
DIA,4,0.10586498,0.89413502
DIA,4,0.06658766,0.93341234
DIA,4,0.08123613,0.91876387
DIA,4,0.06106816,0.93893184
DIA,4,0.06727319,0.93272681
DIA,4,0.05862601,0.94137399
DIA,4,0.05830264,0.94169736
DIA,4,0.06203352,0.93796648
DIA,4,0.20742167,0.79257833
DIA,4,0.06110892,0.93889108
DIA,4,0.11108419,0.88891581
DIA,4,0.06110649,0.93889351
DIA,4,0.05971281,0.94028719
DIA,4,0.05791073,0.94208927
DIA,4,0.16956809,0.83043191
DIA,4,0.06013390,0.93986610
DIA,4,0.05833720,0.94166280
DIA,4,0.06052447,0.93947553
DIA,4,0.05744012,0.94255988
DIA,4,0.05796474,0.94203526
DIA,4,0.05995880,0.94004120
DIA,4,0.05985191,0.94014809
DIA,4,0.13492617,0.86507383
DIA,4,0.05787453,0.94212547
DIA,4,0.06337999,0.93662001
DIA,4,0.05831708,0.94168292
DIA,4,0.05760939,0.94239061
DIA,4,0.07709505,0.92290495
DIA,4,0.05838819,0.94161181
DIA,4,0.06305162,0.93694838
DIA,4,0.07077047,0.92922953
DIA,4,0.05858230,0.94141770
DIA,4,0.09873662,0.90126338
DIA,4,0.13855381,0.86144619
DIA,4,0.08840322,0.91159678
DIA,4,0.08507236,0.91492764
DIA,4,0.06768010,0.93231990
DIA,4,0.05770104,0.94229896
DIA,4,0.17329867,0.82670133
DIA,4,0.05917910,0.94082090
DIA,4,0.07613201,0.92386799
DIA,4,0.13481060,0.86518940
DIA,4,0.05855402,0.94144598
DIA,4,0.22263148,0.77736852
DIA,4,0.08128669,0.91871331
DIA,4,0.05731388,0.94268612
DIA,4,0.05732452,0.94267548
DIA,4,0.14865339,0.85134661
DIA,4,0.05757722,0.94242278
DIA,4,0.18039955,0.81960045
DIA,4,0.08857924,0.91142076
DIA,4,0.05768453,0.94231547
DIA,4,0.05775607,0.94224393
DIA,4,0.05733044,0.94266956
DIA,4,0.07225447,0.92774553
DIA,4,0.08502485,0.91497515
DIA,4,0.08722412,0.91277588
DIA,4,0.05744882,0.94255118
DIA,4,0.11895169,0.88104831
DIA,4,0.06251481,0.93748519
DIA,4,0.06624009,0.93375991
DIA,4,0.26396993,0.73603007
DIA,4,0.05762307,0.94237693
DIA,4,0.10271494,0.89728506
DIA,4,0.18363293,0.81636707
DIA,4,0.07050737,0.92949263
DIA,4,0.05794836,0.94205164
DIA,4,0.06759239,0.93240761
DIA,4,0.10699493,0.89300507
DIA,4,0.06473400,0.93526600
DIA,4,0.05879032,0.94120968
DIA,4,0.06173050,0.93826950
DIA,4,0.10985757,0.89014243
DIA,4,0.05731640,0.94268360
DIA,4,0.06211329,0.93788671
DIA,4,0.06771122,0.93228878
DIA,4,0.05826117,0.94173883
DIA,4,0.06947324,0.93052676
DIA,4,0.31985837,0.68014163
DIA,4,0.05802369,0.94197631
DIA,4,0.07235483,0.92764517
DIA,4,0.14519956,0.85480044
DIA,4,0.11935998,0.88064002
DIA,4,0.24907595,0.75092405
DIA,4,0.05880845,0.94119155
DIA,4,0.06203122,0.93796878
DIA,4,0.06018795,0.93981205
DIA,4,0.06035215,0.93964785
DIA,4,0.05943981,0.94056019
DIA,4,0.05855175,0.94144825
DIA,4,0.06123907,0.93876093
DIA,4,0.05785633,0.94214367
DIA,4,0.05879786,0.94120214
DIA,4,0.05843579,0.94156421
DIA,4,0.06803680,0.93196320
DIA,4,0.05886041,0.94113959
DIA,4,0.09127433,0.90872567
DIA,4,0.05772513,0.94227487
DIA,4,0.08164813,0.91835187
DIA,4,0.08437188,0.91562812
DIA,4,0.05730532,0.94269468
DIA,4,0.05769847,0.94230153
DIA,4,0.05766183,0.94233817
DIA,4,0.05778002,0.94221998
DIA,4,0.06593968,0.93406032
DIA,4,0.05733001,0.94266999
DIA,4,0.05852246,0.94147754
DIA,4,0.05748825,0.94251175
DIA,4,0.05808299,0.94191701
DIA,4,0.13657410,0.86342590
DIA,4,0.05868823,0.94131177
DIA,4,0.07752180,0.92247820
DIA,4,0.07357434,0.92642566
DIA,4,0.54573492,0.45426508
DIA,4,0.08748865,0.91251135
DIA,4,0.17991766,0.82008234
DIA,4,0.12928299,0.87071701
DIA,4,0.06088340,0.93911660
DIA,4,0.05771492,0.94228508
DIA,4,0.19564881,0.80435119
DIA,4,0.05758007,0.94241993
DIA,4,0.36783874,0.63216126
DIA,4,0.05731326,0.94268674
DIA,4,0.06759578,0.93240422
DIA,4,0.06094181,0.93905819
DIA,4,0.15724615,0.84275385
DIA,4,0.35544890,0.64455110
DIA,4,0.97004452,0.02995548
DIA,4,0.07274226,0.92725774
DIA,4,0.07295015,0.92704985
DIA,4,0.38535598,0.61464402
DIA,4,0.05932183,0.94067817
DIA,4,0.06228463,0.93771537
DIA,4,0.11902434,0.88097566
DIA,4,0.08652544,0.91347456
DIA,4,0.24937300,0.75062700
DIA,4,0.06261776,0.93738224
DIA,4,0.07709211,0.92290789
DIA,4,0.05772703,0.94227297
DIA,4,0.05835300,0.94164700
DIA,4,0.06583188,0.93416812
DIA,4,0.14383482,0.85616518
DIA,4,0.06010998,0.93989002
DIA,4,0.05738236,0.94261764
DIA,4,0.06491082,0.93508918
DIA,4,0.07461647,0.92538353
DIA,4,0.07588543,0.92411457
DIA,4,0.26774543,0.73225457
DIA,4,0.05738787,0.94261213
DIA,4,0.07057434,0.92942566
DIA,4,0.12894013,0.87105987
DIA,4,0.13714376,0.86285624
DIA,4,0.05799731,0.94200269
DIA,4,0.06091991,0.93908009
DIA,4,0.07373449,0.92626551
DIA,4,0.09306061,0.90693939
DIA,4,0.07587969,0.92412031
DIA,4,0.05730836,0.94269164
DIA,4,0.05999891,0.94000109
DIA,4,0.17960781,0.82039219
DIA,4,0.05922777,0.94077223
DIA,4,0.05835935,0.94164065
DIA,4,0.05908663,0.94091337
DIA,4,0.07980034,0.92019966
DIA,4,0.07329175,0.92670825
DIA,4,0.06411559,0.93588441
DIA,4,0.05755597,0.94244403
DIA,4,0.06597598,0.93402402
DIA,4,0.05753741,0.94246259
DIA,4,0.06592695,0.93407305
DIA,4,0.09103475,0.90896525
DIA,4,0.10475018,0.89524982
DIA,4,0.05965137,0.94034863
DIA,4,0.12814406,0.87185594
DIA,4,0.05734420,0.94265580
DIA,4,0.11022154,0.88977846
DIA,4,0.07238168,0.92761832
DIA,4,0.08328292,0.91671708
DIA,4,0.08506964,0.91493036
DIA,4,0.06742998,0.93257002
DIA,4,0.05806239,0.94193761
DIA,4,0.09515520,0.90484480
DIA,4,0.05749738,0.94250262
DIA,4,0.11430477,0.88569523
DIA,4,0.06506005,0.93493995
DIA,4,0.08020698,0.91979302
DIA,4,0.07580864,0.92419136
DIA,4,0.06242816,0.93757184
DIA,4,0.06019891,0.93980109
DIA,4,0.11165156,0.88834844
DIA,4,0.07801954,0.92198046
DIA,4,0.07336867,0.92663133
DIA,4,0.11654088,0.88345912
DIA,4,0.99957777,0.00042223
DIA,4,0.06158400,0.93841600
DIA,4,0.07379592,0.92620408
DIA,4,0.08752567,0.91247433
DIA,4,0.08669239,0.91330761
DIA,4,0.05735258,0.94264742
DIA,4,0.06727323,0.93272677
DIA,4,0.08551773,0.91448227
DIA,4,0.05920588,0.94079412
DIA,4,0.06101869,0.93898131
DIA,4,0.06125957,0.93874043
DIA,4,0.13582328,0.86417672
DIA,4,0.13209445,0.86790555
DIA,4,0.13359496,0.86640504
DIA,4,0.06333127,0.93666873
DIA,4,0.06061574,0.93938426
DIA,4,0.06538280,0.93461720
DIA,4,0.05976145,0.94023855
DIA,4,0.05888939,0.94111061
DIA,4,0.08064091,0.91935909
DIA,4,0.06885402,0.93114598
DIA,4,0.06227730,0.93772270
DIA,4,0.07372519,0.92627481
DIA,4,0.06389149,0.93610851
DIA,4,0.06049669,0.93950331
DIA,4,0.07270426,0.92729574
DIA,4,0.06016357,0.93983643
DIA,4,0.06078556,0.93921444
DIA,4,0.07841392,0.92158608
DIA,4,0.95913156,0.04086844
DIA,4,0.05878554,0.94121446
DIA,4,0.15946884,0.84053116
DIA,4,0.06020375,0.93979625
DIA,4,0.10082849,0.89917151
DIA,4,0.05812719,0.94187281
DIA,4,0.08766963,0.91233037
DIA,4,0.13030010,0.86969990
DIA,4,0.05805846,0.94194154
DIA,4,0.06330479,0.93669521
DIA,4,0.08910684,0.91089316
DIA,4,0.05731452,0.94268548
DIA,4,0.06587449,0.93412551
DIA,4,0.05920912,0.94079088
DIA,4,0.34238221,0.65761779
DIA,4,0.08522465,0.91477535
DIA,4,0.07448165,0.92551835
DIA,4,0.39853537,0.60146463
DIA,4,0.05749473,0.94250527
DIA,4,0.09092935,0.90907065
DIA,4,0.19661430,0.80338570
DIA,4,0.06636152,0.93363848
DIA,4,0.11178250,0.88821750
DIA,4,0.05973560,0.94026440
DIA,4,0.07931718,0.92068282
DIA,4,0.06341176,0.93658824
DIA,4,0.06038289,0.93961711
DIA,4,0.06273643,0.93726357
DIA,4,0.08463567,0.91536433
DIA,4,0.06237062,0.93762938
DIA,4,0.06067441,0.93932559
DIA,4,0.08802465,0.91197535
DIA,4,0.05988873,0.94011127
DIA,4,0.12758487,0.87241513
DIA,4,0.06140596,0.93859404
DIA,4,0.06223161,0.93776839
DIA,4,0.06877786,0.93122214
DIA,4,0.08401872,0.91598128
DIA,4,0.06148297,0.93851703
DIA,4,0.05730377,0.94269623
DIA,4,0.05827526,0.94172474
DIA,4,0.11943241,0.88056759
DIA,4,0.47239240,0.52760760
DIA,4,0.05748363,0.94251637
DIA,4,0.06425709,0.93574291
DIA,4,0.06554573,0.93445427
DIA,4,0.07072185,0.92927815
DIA,4,0.21411226,0.78588774
DIA,4,0.22356434,0.77643566
DIA,4,0.39665818,0.60334182
DIA,4,0.12075103,0.87924897
DIA,4,0.10184099,0.89815901
DIA,4,0.06550169,0.93449831
DIA,4,0.70118788,0.29881212
DIA,4,0.19454659,0.80545341
DIA,4,0.06197809,0.93802191
DIA,4,0.19848295,0.80151705
DIA,4,0.27818054,0.72181946
DIA,4,0.11531663,0.88468337
DIA,4,0.07265356,0.92734644
DIA,4,0.09701895,0.90298105
DIA,4,0.05759293,0.94240707
DIA,4,0.05771480,0.94228520
DIA,4,0.23683773,0.76316227
DIA,4,0.05826577,0.94173423
DIA,4,0.06185693,0.93814307
DIA,4,0.06479995,0.93520005
DIA,4,0.40422735,0.59577265
DIA,4,0.10122134,0.89877866
DIA,4,0.05741454,0.94258546
DIA,4,0.07289709,0.92710291
DIA,4,0.99998048,0.00001952
DIA,4,1.00000000,0.00000000
DIA,4,0.22802656,0.77197344
DIA,4,0.10424045,0.89575955
DIA,4,1.00000000,0.00000000
DIA,4,0.64991604,0.35008396
DIA,4,0.20663899,0.79336101
DIA,4,0.09878323,0.90121677
DIA,4,0.05821823,0.94178177
DIA,4,0.50517214,0.49482786
DIA,4,0.25827210,0.74172790
DIA,4,0.94391644,0.05608356
DIA,4,0.88832921,0.11167079
DIA,4,0.18180684,0.81819316
DIA,4,0.19505379,0.80494621
DIA,4,0.05759327,0.94240673
DIA,4,0.06270578,0.93729422
DIA,4,0.09184808,0.90815192
DIA,4,0.06646441,0.93353559
DIA,4,0.05978891,0.94021109
DIA,4,0.23380298,0.76619702
DIA,4,0.05786693,0.94213307
DIA,4,0.11613212,0.88386788
DIA,4,0.07681517,0.92318483
DIA,4,0.08418875,0.91581125
DIA,4,0.05990419,0.94009581
DIA,4,0.96663942,0.03336058
DIA,4,0.06484675,0.93515325
DIA,4,0.06019043,0.93980957
DIA,4,0.07616219,0.92383781
DIA,4,0.10619401,0.89380599
DIA,4,0.06383328,0.93616672
DIA,4,0.06019020,0.93980980
DIA,4,0.58329529,0.41670471
DIA,4,0.05826286,0.94173714
DIA,4,0.07603270,0.92396730
DIA,4,0.41322448,0.58677552
DIA,4,0.06844506,0.93155494
DIA,4,0.05977064,0.94022936
DIA,4,0.05805261,0.94194739
DIA,4,0.05813955,0.94186045
DIA,4,0.06945580,0.93054420
DIA,4,0.05860680,0.94139320
DIA,4,0.06067118,0.93932882
DIA,4,0.12596494,0.87403506
DIA,4,0.05771036,0.94228964
DIA,4,0.05996932,0.94003068
DIA,4,0.05730559,0.94269441
DIA,4,0.06040898,0.93959102
DIA,4,0.46433117,0.53566883
DIA,4,0.07618757,0.92381243
DIA,4,0.07909034,0.92090966
DIA,4,0.05829498,0.94170502
DIA,4,0.05734770,0.94265230
DIA,4,0.10803039,0.89196961
DIA,4,0.17920342,0.82079658
DIA,4,0.05837515,0.94162485
DIA,4,0.10820233,0.89179767
DIA,4,0.13830587,0.86169413
DIA,4,0.08687722,0.91312278
DIA,4,0.11290682,0.88709318
DIA,4,0.05749598,0.94250402
DIA,4,0.09221479,0.90778521
DIA,4,0.10278371,0.89721629
DIA,4,0.06623788,0.93376212
DIA,4,0.06735924,0.93264076
DIA,4,0.06927291,0.93072709
DIA,4,0.07651031,0.92348969
DIA,4,0.05813890,0.94186110
DIA,4,0.11568217,0.88431783
DIA,4,0.06738545,0.93261455
DIA,4,0.07223889,0.92776111
DIA,4,0.06062740,0.93937260
DIA,4,0.05770232,0.94229768
DIA,4,0.06529259,0.93470741
DIA,4,0.16198779,0.83801221
DIA,4,0.07713317,0.92286683
DIA,4,0.06502705,0.93497295
DIA,4,0.05777252,0.94222748
DIA,4,0.06664653,0.93335347
DIA,4,0.06665949,0.93334051
DIA,4,0.08999855,0.91000145
DIA,4,0.19748454,0.80251546
DIA,4,0.17411351,0.82588649
DIA,4,0.05735866,0.94264134
DIA,4,0.05849343,0.94150657
DIA,4,0.07117478,0.92882522
DIA,4,0.06746036,0.93253964
DIA,4,0.06575275,0.93424725
DIA,4,0.13430815,0.86569185
DIA,4,0.14533293,0.85466707
DIA,4,0.05754033,0.94245967
DIA,4,0.05746124,0.94253876
DIA,4,0.05742170,0.94257830
DIA,4,0.05737547,0.94262453
DIA,4,0.05736410,0.94263590
DIA,4,0.06256472,0.93743528
DIA,4,0.50373092,0.49626908
DIA,4,0.07677264,0.92322736
DIA,4,0.05988831,0.94011169
DIA,4,0.06241702,0.93758298
DIA,4,0.05969607,0.94030393
DIA,4,0.05926732,0.94073268
DIA,4,0.07309054,0.92690946
DIA,4,0.05769046,0.94230954
DIA,4,0.09048802,0.90951198
DIA,4,0.06586203,0.93413797
DIA,4,0.05910616,0.94089384
DIA,4,0.06690260,0.93309740
DIA,4,0.06611793,0.93388207
DIA,4,0.19655576,0.80344424
DIA,4,0.06863252,0.93136748
DIA,4,0.05752314,0.94247686
DIA,4,0.06099025,0.93900975
DIA,4,0.07423789,0.92576211
DIA,4,0.06153659,0.93846341
DIA,4,0.06488755,0.93511245
DIA,4,0.05852736,0.94147264
DIA,4,0.05859613,0.94140387
DIA,4,0.06424000,0.93576000
DIA,4,0.06493676,0.93506324
DIA,4,0.07747196,0.92252804
DIA,4,0.05911927,0.94088073
DIA,4,0.05880811,0.94119189
DIA,4,0.05771554,0.94228446
DIA,4,0.05894757,0.94105243
DIA,4,0.07113335,0.92886665
DIA,4,0.05767021,0.94232979
DIA,4,0.05926201,0.94073799
DIA,4,0.05731760,0.94268240
DIA,4,0.07022882,0.92977118
DIA,4,0.59444010,0.40555990
DIA,4,0.14771042,0.85228958
DIA,4,0.07236113,0.92763887
DIA,4,0.05730421,0.94269579
DIA,4,0.08411420,0.91588580
DIA,4,0.06906113,0.93093887
DIA,4,0.15743308,0.84256692
DIA,4,0.07304013,0.92695987
DIA,4,0.08316267,0.91683733
DIA,4,0.06030823,0.93969177
DIA,4,0.13247271,0.86752729
DIA,4,0.09465841,0.90534159
DIA,4,0.06413107,0.93586893
DIA,4,0.05803129,0.94196871
DIA,4,0.05962425,0.94037575
DIA,4,0.05759721,0.94240279
DIA,4,0.06761626,0.93238374
DIA,4,0.07397618,0.92602382
DIA,4,0.06614966,0.93385034
DIA,4,0.09396198,0.90603802
DIA,4,0.05760617,0.94239383
DIA,4,0.09458801,0.90541199
DIA,4,0.18335555,0.81664445
DIA,4,0.08895411,0.91104589
DIA,4,0.34443528,0.65556472
DIA,4,0.09147529,0.90852471
DIA,4,0.17264071,0.82735929
DIA,4,0.15378322,0.84621678
DIA,4,0.05731956,0.94268044
DIA,4,0.09847404,0.90152596
DIA,4,0.11925937,0.88074063
DIA,4,0.06967973,0.93032027
DIA,4,0.26349634,0.73650366
DIA,4,0.08912523,0.91087477
DIA,4,0.08217756,0.91782244
DIA,4,0.09933717,0.90066283
DIA,4,0.06286429,0.93713571
DIA,4,0.10645369,0.89354631
DIA,4,0.05732405,0.94267595
DIA,4,0.05893246,0.94106754
DIA,4,0.06612190,0.93387810
DIA,4,0.06464966,0.93535034
DIA,4,0.12362976,0.87637024
DIA,4,0.24825799,0.75174201
DIA,4,0.06513164,0.93486836
DIA,4,0.05820857,0.94179143
DIA,4,0.07695516,0.92304484
DIA,4,0.06930831,0.93069169
DIA,4,0.05765299,0.94234701
DIA,4,0.06466601,0.93533399
DIA,4,0.06916110,0.93083890
DIA,4,0.05897740,0.94102260
DIA,4,0.07634020,0.92365980
DIA,4,0.05731137,0.94268863
DIA,4,0.06995583,0.93004417
DIA,4,0.05988174,0.94011826
DIA,4,0.07809321,0.92190679
DIA,4,0.07658721,0.92341279
DIA,4,0.18685059,0.81314941
DIA,4,0.13873039,0.86126961
DIA,4,0.10413168,0.89586832
DIA,4,0.06853471,0.93146529
DIA,4,0.07241248,0.92758752
DIA,4,0.05993347,0.94006653
DIA,4,0.09552707,0.90447293
DIA,4,0.05822241,0.94177759
DIA,4,0.07553452,0.92446548
DIA,4,0.05786336,0.94213664
DIA,4,0.48030292,0.51969708
DIA,4,0.13293578,0.86706422
DIA,4,0.08707199,0.91292801
DIA,4,0.07088853,0.92911147
DIA,4,0.07206817,0.92793183
DIA,4,0.08890492,0.91109508
DIA,4,0.05733573,0.94266427
DIA,4,0.05775763,0.94224237
DIA,4,0.06263945,0.93736055
DIA,4,0.12225536,0.87774464
DIA,4,0.06021552,0.93978448
DIA,4,0.06977806,0.93022194
DIA,4,0.16030757,0.83969243
DIA,4,0.86235733,0.13764267
DIA,4,0.05972734,0.94027266
DIA,4,0.05799835,0.94200165
DIA,4,0.05851993,0.94148007
DIA,4,0.19873914,0.80126086
DIA,4,0.05730888,0.94269112
DIA,4,0.05756978,0.94243022
DIA,4,0.06067059,0.93932941
DIA,4,0.07240024,0.92759976
