dataset,p,component_1,component_2
DIA,1,0.05691332,0.94308668
DIA,1,0.06404950,0.93595050
DIA,1,0.05677812,0.94322188
DIA,1,0.05683146,0.94316854
DIA,1,0.05666232,0.94333768
DIA,1,0.05647039,0.94352961
DIA,1,0.18240893,0.81759107
DIA,1,0.08294594,0.91705406
DIA,1,0.05613008,0.94386992
DIA,1,0.05622121,0.94377879
DIA,1,0.16322955,0.83677045
DIA,1,0.06467564,0.93532436
DIA,1,0.05640258,0.94359742
DIA,1,0.05682609,0.94317391
DIA,1,0.05820377,0.94179623
DIA,1,0.05613027,0.94386973
DIA,1,0.06089753,0.93910247
DIA,1,0.08177396,0.91822604
DIA,1,0.05895563,0.94104437
DIA,1,0.05677420,0.94322580
DIA,1,0.07470269,0.92529731
DIA,1,0.29191319,0.70808681
DIA,1,0.06181391,0.93818609
DIA,1,0.05613245,0.94386755
DIA,1,0.05624598,0.94375402
DIA,1,0.05635816,0.94364184
DIA,1,0.05720946,0.94279054
DIA,1,0.06341131,0.93658869
DIA,1,0.05691152,0.94308848
DIA,1,0.08273695,0.91726305
DIA,1,0.05649442,0.94350558
DIA,1,0.09769638,0.90230362
DIA,1,0.05777973,0.94222027
DIA,1,0.05892730,0.94107270
DIA,1,0.08916689,0.91083311
DIA,1,0.05944790,0.94055210
DIA,1,0.07160888,0.92839112
DIA,1,0.06885899,0.93114101
DIA,1,0.06205222,0.93794778
DIA,1,0.06377763,0.93622237
DIA,1,0.05812764,0.94187236
DIA,1,0.05825738,0.94174262
DIA,1,0.09872976,0.90127024
DIA,1,0.06158680,0.93841320
DIA,1,0.05697406,0.94302594
DIA,1,0.19672507,0.80327493
DIA,1,0.05712684,0.94287316
DIA,1,0.07157657,0.92842343
DIA,1,0.05806253,0.94193747
DIA,1,0.08521362,0.91478638
DIA,1,0.05744518,0.94255482
DIA,1,0.05903277,0.94096723
DIA,1,0.05894682,0.94105318
DIA,1,0.05852873,0.94147127
DIA,1,0.05698113,0.94301887
DIA,1,0.17590877,0.82409123
DIA,1,0.07097047,0.92902953
DIA,1,0.05653272,0.94346728
DIA,1,0.05799663,0.94200337
DIA,1,0.06018590,0.93981410
DIA,1,0.06119383,0.93880617
DIA,1,0.05844402,0.94155598
DIA,1,0.09312208,0.90687792
DIA,1,0.05619878,0.94380122
DIA,1,0.05668886,0.94331114
DIA,1,0.06005183,0.93994817
DIA,1,0.05662770,0.94337230
DIA,1,0.05899178,0.94100822
DIA,1,0.05857104,0.94142896
DIA,1,0.05933831,0.94066169
DIA,1,0.05976284,0.94023716
DIA,1,0.06405378,0.93594622
DIA,1,0.07725198,0.92274802
DIA,1,0.07438136,0.92561864
DIA,1,0.11475137,0.88524863
DIA,1,0.09940816,0.90059184
DIA,1,0.05615233,0.94384767
DIA,1,0.05613784,0.94386216
DIA,1,0.06153893,0.93846107
DIA,1,0.05756587,0.94243413
DIA,1,0.05663594,0.94336406
DIA,1,0.05981209,0.94018791
DIA,1,0.12690870,0.87309130
DIA,1,0.05838749,0.94161251
DIA,1,0.06349231,0.93650769
DIA,1,0.10339834,0.89660166
DIA,1,0.05855624,0.94144376
DIA,1,0.06099931,0.93900069
DIA,1,0.05747691,0.94252309
DIA,1,0.06566270,0.93433730
DIA,1,0.05775438,0.94224562
DIA,1,0.05620399,0.94379601
DIA,1,0.05979407,0.94020593
DIA,1,0.53266975,0.46733025
DIA,1,0.05695921,0.94304079
DIA,1,0.17548551,0.82451449
DIA,1,0.12398436,0.87601564
DIA,1,0.05670340,0.94329660
DIA,1,0.07292219,0.92707781
DIA,1,0.12519872,0.87480128
DIA,1,0.05699586,0.94300414
DIA,1,0.59509958,0.40490042
DIA,1,0.06109438,0.93890562
DIA,1,0.07560428,0.92439572
DIA,1,0.07914851,0.92085149
DIA,1,0.05896830,0.94103170
DIA,1,0.06819586,0.93180414
DIA,1,0.05676007,0.94323993
DIA,1,0.08989559,0.91010441
DIA,1,0.06531904,0.93468096
DIA,1,0.10297001,0.89702999
DIA,1,0.05820448,0.94179552
DIA,1,0.05684134,0.94315866
DIA,1,0.06113171,0.93886829
DIA,1,0.11476121,0.88523879
DIA,1,0.05613141,0.94386859
DIA,1,0.05641964,0.94358036
DIA,1,0.10738102,0.89261898
DIA,1,0.05612961,0.94387039
DIA,1,0.08772441,0.91227559
DIA,1,0.05896677,0.94103323
DIA,1,0.06007747,0.93992253
DIA,1,0.05667015,0.94332985
DIA,1,0.05666239,0.94333761
DIA,1,0.07733325,0.92266675
DIA,1,0.08227496,0.91772504
DIA,1,0.13978161,0.86021839
DIA,1,0.10568928,0.89431072
DIA,1,0.05628832,0.94371168
DIA,1,0.06634450,0.93365550
DIA,1,0.11184000,0.88816000
DIA,1,0.05644722,0.94355278
DIA,1,0.06334292,0.93665708
DIA,1,0.07083554,0.92916446
DIA,1,0.12175272,0.87824728
DIA,1,0.19972336,0.80027664
DIA,1,0.05743918,0.94256082
DIA,1,0.05614978,0.94385022
DIA,1,0.07290927,0.92709073
DIA,1,0.12352495,0.87647505
DIA,1,0.05638585,0.94361415
DIA,1,0.06982302,0.93017698
DIA,1,0.06078671,0.93921329
DIA,1,0.05754818,0.94245182
DIA,1,0.05763055,0.94236945
DIA,1,0.05851858,0.94148142
DIA,1,0.05832012,0.94167988
DIA,1,0.06216341,0.93783659
DIA,1,0.05754068,0.94245932
DIA,1,0.05614079,0.94385921
DIA,1,0.06639937,0.93360063
DIA,1,0.07659933,0.92340067
DIA,1,0.07383743,0.92616257
DIA,1,0.09743895,0.90256105
DIA,1,0.06124596,0.93875404
DIA,1,0.05635113,0.94364887
DIA,1,0.05764698,0.94235302
DIA,1,0.06009551,0.93990449
DIA,1,0.05643802,0.94356198
DIA,1,0.05672940,0.94327060
DIA,1,0.08761060,0.91238940
DIA,1,0.05719498,0.94280502
DIA,1,0.06542181,0.93457819
DIA,1,0.05680042,0.94319958
DIA,1,0.06020362,0.93979638
DIA,1,0.05627278,0.94372722
DIA,1,0.05678627,0.94321373
DIA,1,0.09256469,0.90743531
DIA,1,0.07084267,0.92915733
DIA,1,0.06117482,0.93882518
DIA,1,0.05957579,0.94042421
DIA,1,0.07668622,0.92331378
DIA,1,0.05703951,0.94296049
DIA,1,0.10408353,0.89591647
DIA,1,0.06602881,0.93397119
DIA,1,0.09043110,0.90956890
DIA,1,0.05615710,0.94384290
DIA,1,0.06225065,0.93774935
DIA,1,0.06045573,0.93954427
DIA,1,0.06881238,0.93118762
DIA,1,0.06732049,0.93267951
DIA,1,0.05667367,0.94332633
DIA,1,0.05671432,0.94328568
DIA,1,0.05641384,0.94358616
DIA,1,0.05637815,0.94362185
DIA,1,0.06938356,0.93061644
DIA,1,0.05636412,0.94363588
DIA,1,0.07275075,0.92724925
DIA,1,0.05993551,0.94006449
DIA,1,0.05808786,0.94191214
DIA,1,0.06556489,0.93443511
DIA,1,0.05747024,0.94252976
DIA,1,0.10305802,0.89694198
DIA,1,0.05770747,0.94229253
DIA,1,0.06008111,0.93991889
DIA,1,0.07758421,0.92241579
DIA,1,0.07812475,0.92187525
DIA,1,0.05707379,0.94292621
DIA,1,0.05838687,0.94161313
DIA,1,0.06223895,0.93776105
DIA,1,0.06751350,0.93248650
DIA,1,0.05671245,0.94328755
DIA,1,0.09582597,0.90417403
DIA,1,0.06933569,0.93066431
DIA,1,0.07275588,0.92724412
DIA,1,0.14003959,0.85996041
DIA,1,0.08321761,0.91678239
DIA,1,0.06269518,0.93730482
DIA,1,0.05612811,0.94387189
DIA,1,0.05855171,0.94144829
DIA,1,0.10310912,0.89689088
DIA,1,0.06451988,0.93548012
DIA,1,0.05810076,0.94189924
DIA,1,0.06251664,0.93748336
DIA,1,0.14412007,0.85587993
DIA,1,0.06115236,0.93884764
DIA,1,0.05706083,0.94293917
DIA,1,0.05629726,0.94370274
DIA,1,0.05614211,0.94385789
DIA,1,0.12626011,0.87373989
DIA,1,0.12427739,0.87572261
DIA,1,0.06761115,0.93238885
DIA,1,0.05659844,0.94340156
DIA,1,0.09122830,0.90877170
DIA,1,0.06455770,0.93544230
DIA,1,0.05744401,0.94255599
DIA,1,0.06552508,0.93447492
DIA,1,0.05752660,0.94247340
DIA,1,0.07093897,0.92906103
DIA,1,0.07186599,0.92813401
DIA,1,0.05787539,0.94212461
DIA,1,0.12752541,0.87247459
DIA,1,0.09368336,0.90631664
DIA,1,0.06697913,0.93302087
DIA,1,0.08472151,0.91527849
DIA,1,0.05667761,0.94332239
DIA,1,0.06955239,0.93044761
DIA,1,0.05696339,0.94303661
DIA,1,0.08988067,0.91011933
DIA,1,0.07369280,0.92630720
DIA,1,0.05723818,0.94276182
DIA,1,0.60736108,0.39263892
DIA,1,0.06907801,0.93092199
DIA,1,0.10942284,0.89057716
DIA,1,0.07776324,0.92223676
DIA,1,0.05646953,0.94353047
DIA,1,0.05876255,0.94123745
DIA,1,0.05631361,0.94368639
DIA,1,0.05799660,0.94200340
DIA,1,0.06357960,0.93642040
DIA,1,0.16467206,0.83532794
DIA,1,0.06420007,0.93579993
DIA,1,0.06219479,0.93780521
DIA,1,0.05670340,0.94329660
DIA,1,0.06093474,0.93906526
DIA,1,0.18738109,0.81261891
DIA,1,0.63138163,0.36861837
DIA,1,0.06707122,0.93292878
DIA,1,0.05615811,0.94384189
DIA,1,0.06170656,0.93829344
DIA,1,0.09720884,0.90279116
DIA,1,0.06164907,0.93835093
DIA,1,0.13723036,0.86276964
DIA,1,0.18112110,0.81887890
DIA,1,0.08759911,0.91240089
DIA,1,0.06637468,0.93362532
DIA,1,0.10761338,0.89238662
DIA,1,0.06424868,0.93575132
DIA,1,0.12045179,0.87954821
DIA,1,0.08300605,0.91699395
DIA,1,0.26451329,0.73548671
DIA,1,0.06271709,0.93728291
DIA,1,0.05793836,0.94206164
DIA,1,0.07158735,0.92841265
DIA,1,0.07248449,0.92751551
DIA,1,0.12081751,0.87918249
DIA,1,0.07942511,0.92057489
DIA,1,0.10478389,0.89521611
DIA,1,0.05665382,0.94334618
DIA,1,0.12923951,0.87076049
DIA,1,0.05661520,0.94338480
DIA,1,0.06300249,0.93699751
DIA,1,0.07018480,0.92981520
DIA,1,0.10535647,0.89464353
DIA,1,0.10227612,0.89772388
DIA,1,0.11590488,0.88409512
DIA,1,0.42461781,0.57538219
DIA,1,0.06963103,0.93036897
DIA,1,0.14684321,0.85315679
DIA,1,0.06283629,0.93716371
DIA,1,0.09166373,0.90833627
DIA,1,0.06512929,0.93487071
DIA,1,0.10296117,0.89703883
DIA,1,0.16785071,0.83214929
DIA,1,0.09679038,0.90320962
DIA,1,0.05729476,0.94270524
DIA,1,0.05777688,0.94222312
DIA,1,0.99270994,0.00729006
DIA,1,0.42398407,0.57601593
DIA,1,0.05819664,0.94180336
DIA,1,0.05933996,0.94066004
DIA,1,0.05987377,0.94012623
DIA,1,0.05612937,0.94387063
DIA,1,0.42478280,0.57521720
DIA,1,0.05660711,0.94339289
DIA,1,0.05937449,0.94062551
DIA,1,0.06951222,0.93048778
DIA,1,0.05689055,0.94310945
DIA,1,0.05701687,0.94298313
DIA,1,0.06722660,0.93277340
DIA,1,0.08492777,0.91507223
DIA,1,0.05612996,0.94387004
DIA,1,0.08869925,0.91130075
DIA,1,0.09578153,0.90421847
DIA,1,0.07960818,0.92039182
DIA,1,0.06230858,0.93769142
DIA,1,0.05651923,0.94348077
DIA,1,0.31704609,0.68295391
DIA,1,0.08515985,0.91484015
DIA,1,0.22903023,0.77096977
DIA,1,0.05648775,0.94351225
DIA,1,0.09465969,0.90534031
DIA,1,0.15074148,0.84925852
DIA,1,0.07225355,0.92774645
DIA,1,0.16715311,0.83284689
DIA,1,0.05634412,0.94365588
DIA,1,0.05992913,0.94007087
DIA,1,0.06825061,0.93174939
DIA,1,0.06662524,0.93337476
DIA,1,0.07323479,0.92676521
DIA,1,0.05760528,0.94239472
DIA,1,0.05619282,0.94380718
DIA,1,0.05655596,0.94344404
DIA,1,0.05634038,0.94365962
DIA,1,0.05659989,0.94340011
DIA,1,0.22232349,0.77767651
DIA,1,0.06720883,0.93279117
DIA,1,0.05967448,0.94032552
DIA,1,0.09344236,0.90655764
DIA,1,0.10517643,0.89482357
DIA,1,0.05656316,0.94343684
DIA,1,0.08978521,0.91021479
DIA,1,0.17003395,0.82996605
DIA,1,0.09692433,0.90307567
DIA,1,0.05637127,0.94362873
DIA,1,0.05742873,0.94257127
DIA,1,0.10968947,0.89031053
DIA,1,0.14978886,0.85021114
DIA,1,0.05687826,0.94312174
DIA,1,0.08236680,0.91763320
DIA,1,0.05819324,0.94180676
DIA,1,0.05613194,0.94386806
DIA,1,0.10756525,0.89243475
DIA,1,0.08225047,0.91774953
DIA,1,0.05998880,0.94001120
DIA,1,0.09830273,0.90169727
DIA,1,0.06355198,0.93644802
DIA,1,0.08169605,0.91830395
DIA,1,0.07536540,0.92463460
DIA,1,0.06742779,0.93257221
DIA,1,0.06720943,0.93279057
DIA,1,0.05675008,0.94324992
DIA,1,0.06177237,0.93822763
DIA,1,0.05617911,0.94382089
DIA,1,0.05760886,0.94239114
DIA,1,0.05733226,0.94266774
DIA,1,0.05622256,0.94377744
DIA,1,0.06493299,0.93506701
DIA,1,0.06090000,0.93910000
DIA,1,0.05838890,0.94161110
DIA,1,0.09399705,0.90600295
DIA,1,0.05980594,0.94019406
DIA,1,0.05621203,0.94378797
DIA,1,0.07686519,0.92313481
DIA,1,0.05703496,0.94296504
DIA,1,0.06399479,0.93600521
DIA,1,0.18990270,0.81009730
DIA,1,0.05628030,0.94371970
DIA,1,0.06069727,0.93930273
DIA,1,0.66196079,0.33803921
DIA,1,0.09572861,0.90427139
DIA,1,0.06821685,0.93178315
DIA,1,0.06499297,0.93500703
DIA,1,0.25704806,0.74295194
DIA,1,0.06028541,0.93971459
DIA,1,0.98896908,0.01103092
DIA,1,0.05634551,0.94365449
DIA,1,0.06177642,0.93822358
DIA,1,0.35161003,0.64838997
DIA,1,0.07111797,0.92888203
DIA,1,0.08348933,0.91651067
DIA,1,0.10130722,0.89869278
DIA,1,0.05643867,0.94356133
DIA,1,0.18078732,0.81921268
DIA,1,0.12650372,0.87349628
DIA,1,0.07606590,0.92393410
DIA,1,0.09256146,0.90743854
DIA,1,0.10731506,0.89268494
DIA,1,0.17832840,0.82167160
DIA,1,0.33243399,0.66756601
DIA,1,0.05615742,0.94384258
DIA,1,0.06262304,0.93737696
DIA,1,0.06462437,0.93537563
DIA,1,0.05627571,0.94372429
DIA,1,0.07224777,0.92775223
DIA,1,0.06238790,0.93761210
DIA,1,0.11634884,0.88365116
DIA,1,0.05923338,0.94076662
DIA,1,0.05613109,0.94386891
DIA,1,0.06414427,0.93585573
DIA,1,0.05807622,0.94192378
DIA,1,0.06339458,0.93660542
DIA,1,0.06914297,0.93085703
DIA,1,0.08343425,0.91656575
DIA,1,0.05680929,0.94319071
DIA,1,0.06920238,0.93079762
DIA,1,0.05923055,0.94076945
DIA,1,0.05621401,0.94378599
DIA,1,0.14732162,0.85267838
DIA,1,0.07780559,0.92219441
DIA,1,0.06946813,0.93053187
DIA,1,0.05785266,0.94214734
DIA,1,0.10040686,0.89959314
DIA,1,0.09936490,0.90063510
DIA,1,0.22031868,0.77968132
DIA,1,0.05613188,0.94386812
DIA,1,0.06675739,0.93324261
DIA,1,0.06122827,0.93877173
DIA,1,0.15540827,0.84459173
DIA,1,0.11245231,0.88754769
DIA,1,0.05631027,0.94368973
DIA,1,0.05781856,0.94218144
DIA,1,0.05755510,0.94244490
DIA,1,0.06135931,0.93864069
DIA,1,0.05693442,0.94306558
DIA,1,0.06149399,0.93850601
DIA,1,0.05616153,0.94383847
DIA,1,0.05699214,0.94300786
DIA,1,0.05627190,0.94372810
DIA,1,0.05729928,0.94270072
DIA,1,0.06347568,0.93652432
DIA,1,0.06931136,0.93068864
DIA,1,0.05614780,0.94385220
DIA,1,0.12017346,0.87982654
DIA,1,0.05693341,0.94306659
DIA,1,0.05861197,0.94138803
DIA,1,0.07585585,0.92414415
DIA,1,0.05791465,0.94208535
DIA,1,0.09043862,0.90956138
DIA,1,0.08576409,0.91423591
DIA,1,0.05617045,0.94382955
DIA,1,0.05913860,0.94086140
DIA,1,0.07825024,0.92174976
DIA,1,0.07607328,0.92392672
DIA,1,0.05613049,0.94386951
DIA,1,0.06721504,0.93278496
DIA,1,0.06602020,0.93397980
DIA,1,0.08789361,0.91210639
DIA,1,0.05759638,0.94240362
DIA,1,0.07103586,0.92896414
DIA,1,0.06946534,0.93053466
DIA,1,0.05760471,0.94239529
DIA,1,0.07290426,0.92709574
DIA,1,0.05636913,0.94363087
DIA,1,0.06068523,0.93931477
DIA,1,0.07993753,0.92006247
DIA,1,0.34554433,0.65445567
DIA,1,0.07317976,0.92682024
DIA,1,0.05913513,0.94086487
DIA,1,0.07351437,0.92648563
DIA,1,0.05815596,0.94184404
DIA,1,0.05704530,0.94295470
DIA,1,0.07592699,0.92407301
DIA,1,0.07432762,0.92567238
DIA,1,0.05616143,0.94383857
DIA,1,0.09086546,0.90913454
DIA,1,0.07215164,0.92784836
DIA,1,0.05696836,0.94303164
DIA,1,0.09285619,0.90714381
DIA,1,0.17297988,0.82702012
DIA,1,0.05790946,0.94209054
DIA,1,0.06660996,0.93339004
DIA,1,0.06037975,0.93962025
DIA,1,0.05616245,0.94383755
DIA,1,0.16815046,0.83184954
DIA,1,0.06380890,0.93619110
DIA,1,0.05781065,0.94218935
DIA,1,0.09641203,0.90358797
DIA,1,0.16460271,0.83539729
DIA,1,0.05888743,0.94111257
DIA,1,0.13592840,0.86407160
DIA,1,0.35605361,0.64394639
DIA,1,0.05665030,0.94334970
DIA,1,0.07270383,0.92729617
DIA,1,0.07327079,0.92672921
DIA,1,0.07842176,0.92157824
DIA,1,0.63839509,0.36160491
DIA,1,0.06102437,0.93897563
DIA,1,0.05644273,0.94355727
DIA,1,0.06948379,0.93051621
DIA,1,0.06382130,0.93617870
DIA,1,0.05885072,0.94114928
DIA,1,0.05723026,0.94276974
DIA,1,0.31173845,0.68826155
DIA,1,0.05822392,0.94177608
DIA,1,0.30471919,0.69528081
DIA,1,0.06709806,0.93290194
DIA,1,0.07014204,0.92985796
DIA,1,0.08506694,0.91493306
DIA,1,0.13717014,0.86282986
DIA,1,0.18239148,0.81760852
DIA,1,0.05750311,0.94249689
DIA,1,0.09097802,0.90902198
DIA,1,0.06612199,0.93387801
DIA,1,0.06957638,0.93042362
DIA,1,0.12713550,0.87286450
DIA,1,0.05867731,0.94132269
DIA,1,0.07380185,0.92619815
DIA,1,0.06543710,0.93456290
DIA,1,0.24107081,0.75892919
DIA,1,0.11845026,0.88154974
DIA,1,0.07462437,0.92537563
DIA,1,0.05668948,0.94331052
DIA,1,0.17967212,0.82032788
DIA,1,0.20306818,0.79693182
DIA,1,0.05627178,0.94372822
DIA,1,0.05670477,0.94329523
DIA,1,0.06323056,0.93676944
DIA,1,0.17486961,0.82513039
DIA,1,0.05970990,0.94029010
DIA,1,0.17597147,0.82402853
DIA,1,0.07556039,0.92443961
DIA,1,0.08137346,0.91862654
DIA,1,0.30620963,0.69379037
DIA,1,0.11806152,0.88193848
DIA,1,0.06379007,0.93620993
DIA,1,0.13402949,0.86597051
DIA,1,0.07276188,0.92723812
DIA,1,0.22403741,0.77596259
DIA,1,0.05622808,0.94377192
DIA,1,0.13954917,0.86045083
DIA,1,0.06872523,0.93127477
DIA,1,0.08585381,0.91414619
DIA,1,0.10378152,0.89621848
DIA,1,0.08677093,0.91322907
DIA,1,0.07033237,0.92966763
DIA,1,0.10557768,0.89442232
DIA,1,0.18362807,0.81637193
DIA,1,0.05651609,0.94348391
DIA,1,0.09200894,0.90799106
DIA,1,0.15797295,0.84202705
DIA,1,0.05744720,0.94255280
DIA,1,0.07704143,0.92295857
DIA,1,0.85345002,0.14654998
DIA,1,0.07616137,0.92383863
DIA,1,0.06190120,0.93809880
DIA,1,0.09457415,0.90542585
DIA,1,0.06151732,0.93848268
DIA,1,0.09863956,0.90136044
DIA,1,0.06007873,0.93992127
DIA,1,0.25005820,0.74994180
DIA,1,0.06023635,0.93976365
DIA,1,0.05617040,0.94382960
DIA,1,0.65589289,0.34410711
DIA,1,0.91963331,0.08036669
DIA,1,0.05836604,0.94163396
DIA,1,0.22942958,0.77057042
DIA,1,0.08416691,0.91583309
DIA,1,0.08166548,0.91833452
DIA,1,0.06899687,0.93100313
DIA,1,0.09696679,0.90303321
DIA,1,0.07565877,0.92434123
DIA,1,0.06429921,0.93570079
DIA,1,0.83567101,0.16432899
DIA,1,0.08626662,0.91373338
DIA,1,0.72917998,0.27082002
DIA,1,0.31045912,0.68954088
DIA,1,0.05797629,0.94202371
DIA,1,0.07718872,0.92281128
DIA,1,0.07344981,0.92655019
DIA,1,0.91652678,0.08347322
DIA,1,0.05652664,0.94347336
DIA,1,0.06091893,0.93908107
DIA,1,0.09306120,0.90693880
DIA,1,0.07323152,0.92676848
DIA,1,0.95244325,0.04755675
DIA,1,0.10200706,0.89799294
DIA,1,0.06391156,0.93608844
DIA,1,0.19643717,0.80356283
DIA,1,0.69606464,0.30393536
DIA,1,0.06090614,0.93909386
DIA,1,0.56768649,0.43231351
DIA,1,0.07126441,0.92873559
DIA,1,0.06908939,0.93091061
DIA,1,0.42051630,0.57948370
DIA,1,0.05671245,0.94328755
DIA,1,0.05703788,0.94296212
DIA,1,0.07849510,0.92150490
DIA,1,0.50497245,0.49502755
DIA,1,0.06069027,0.93930973
DIA,1,0.13156045,0.86843955
DIA,1,0.05649165,0.94350835
DIA,1,0.06622574,0.93377426
DIA,1,0.15402862,0.84597138
DIA,1,0.07460006,0.92539994
DIA,1,0.06057912,0.93942088
DIA,1,0.06340705,0.93659295
DIA,1,0.05614397,0.94385603
DIA,1,0.07199130,0.92800870
DIA,1,0.05925317,0.94074683
DIA,1,0.07124417,0.92875583
DIA,1,0.06523231,0.93476769
DIA,1,0.46947086,0.53052914
DIA,1,0.08332895,0.91667105
DIA,1,0.09810121,0.90189879
DIA,1,0.07086627,0.92913373
DIA,1,0.47270782,0.52729218
DIA,1,0.12960271,0.87039729
DIA,1,0.05624880,0.94375120
DIA,1,0.05719831,0.94280169
DIA,1,0.07123444,0.92876556
DIA,1,0.08254799,0.91745201
DIA,1,0.06049930,0.93950070
DIA,1,0.90248667,0.09751333
DIA,1,0.45941021,0.54058979
DIA,1,0.08324383,0.91675617
DIA,1,0.07015376,0.92984624
DIA,1,0.06342306,0.93657694
DIA,1,0.05723103,0.94276897
DIA,1,0.07596742,0.92403258
DIA,1,0.11840959,0.88159041
DIA,1,0.21327833,0.78672167
DIA,1,0.06235548,0.93764452
DIA,1,0.18437337,0.81562663
DIA,1,0.23399871,0.76600129
DIA,1,0.06520066,0.93479934
DIA,1,0.06752537,0.93247463
DIA,1,0.05624352,0.94375648
DIA,1,0.07877976,0.92122024
DIA,1,0.09654897,0.90345103
DIA,1,0.05726463,0.94273537
DIA,1,0.36287281,0.63712719
DIA,1,0.05634649,0.94365351
DIA,1,0.58216692,0.41783308
DIA,1,0.06759890,0.93240110
DIA,1,0.06274941,0.93725059
DIA,1,0.05613664,0.94386336
DIA,1,0.05649279,0.94350721
DIA,1,0.07869888,0.92130112
DIA,1,0.12516767,0.87483233
DIA,1,0.06052231,0.93947769
DIA,1,0.06279245,0.93720755
DIA,1,0.05615803,0.94384197
DIA,1,0.05686693,0.94313307
DIA,1,0.09883213,0.90116787
DIA,1,0.09101148,0.90898852
DIA,1,0.61948492,0.38051508
DIA,1,0.05838567,0.94161433
DIA,1,0.17215916,0.82784084
DIA,1,0.06876761,0.93123239
DIA,1,0.05697787,0.94302213
DIA,1,0.99525106,0.00474894
DIA,1,0.14843763,0.85156237
DIA,1,0.31429283,0.68570717
DIA,1,0.23557879,0.76442121
DIA,1,0.27127911,0.72872089
DIA,1,0.05805388,0.94194612
DIA,1,0.06225831,0.93774169
DIA,1,0.12271584,0.87728416
DIA,1,0.05613853,0.94386147
DIA,1,0.16154725,0.83845275
DIA,1,0.12631061,0.87368939
DIA,1,0.99711213,0.00288787
DIA,1,0.06611171,0.93388829
DIA,1,0.06114400,0.93885600
DIA,1,0.07403716,0.92596284
DIA,1,0.05672446,0.94327554
DIA,1,0.05840493,0.94159507
DIA,1,0.38175712,0.61824288
DIA,1,0.10354196,0.89645804
DIA,1,0.11975813,0.88024187
DIA,1,0.05782571,0.94217429
DIA,1,0.77202942,0.22797058
DIA,1,0.05630271,0.94369729
DIA,1,0.06561616,0.93438384
DIA,1,0.05616843,0.94383157
DIA,1,0.11821666,0.88178334
DIA,1,0.05897454,0.94102546
DIA,1,0.09446091,0.90553909
DIA,1,0.09270140,0.90729860
DIA,1,0.10112790,0.89887210
DIA,1,0.11066720,0.88933280
DIA,1,0.06846545,0.93153455
DIA,1,0.09517720,0.90482280
DIA,1,0.05831248,0.94168752
DIA,1,0.05712363,0.94287637
DIA,1,0.08882480,0.91117520
DIA,1,0.12326497,0.87673503
DIA,1,0.11019511,0.88980489
DIA,1,0.06814139,0.93185861
DIA,1,0.05859461,0.94140539
DIA,1,0.06072257,0.93927743
DIA,1,0.06093632,0.93906368
DIA,1,0.06563260,0.93436740
DIA,1,0.28913035,0.71086965
DIA,1,0.18857485,0.81142515
DIA,1,0.09709432,0.90290568
DIA,1,0.47412950,0.52587050
DIA,1,0.05752448,0.94247552
DIA,1,0.86265449,0.13734551
DIA,1,0.53330692,0.46669308
DIA,1,1.00000000,0.00000000
DIA,1,0.99996562,0.00003438
DIA,1,0.06753669,0.93246331
DIA,1,0.37156611,0.62843389
DIA,1,0.07982458,0.92017542
DIA,1,0.99503549,0.00496451
DIA,1,0.06535386,0.93464614
DIA,1,0.05629148,0.94370852
DIA,1,0.05674399,0.94325601
DIA,1,0.20880802,0.79119198
DIA,1,0.06751008,0.93248992
DIA,1,0.05623532,0.94376468
DIA,1,0.69033948,0.30966052
DIA,1,0.11749838,0.88250162
DIA,1,0.16850285,0.83149715
DIA,1,0.41752498,0.58247502
DIA,1,0.06719662,0.93280338
DIA,1,0.10532080,0.89467920
DIA,1,0.22573007,0.77426993
DIA,1,0.09163054,0.90836946
DIA,1,0.22577093,0.77422907
DIA,1,0.06389048,0.93610952
DIA,1,0.05697328,0.94302672
DIA,1,0.06163420,0.93836580
DIA,1,0.88476126,0.11523874
DIA,1,0.05934431,0.94065569
DIA,1,0.05740686,0.94259314
DIA,1,0.05869081,0.94130919
DIA,1,0.17410231,0.82589769
DIA,1,0.06244155,0.93755845
DIA,1,0.09094945,0.90905055
DIA,1,0.11063974,0.88936026
DIA,1,0.39977523,0.60022477
DIA,1,0.05941884,0.94058116
DIA,1,0.13016212,0.86983788
DIA,1,0.08765895,0.91234105
DIA,1,0.05758758,0.94241242
DIA,1,0.23960128,0.76039872
DIA,1,0.18374126,0.81625874
DIA,1,0.08299084,0.91700916
DIA,1,0.31593207,0.68406793
DIA,1,0.07072999,0.92927001
DIA,1,0.05820031,0.94179969
DIA,1,0.26654915,0.73345085
DIA,1,0.38698561,0.61301439
DIA,1,0.05617189,0.94382811
DIA,1,0.08230975,0.91769025
DIA,1,0.05856995,0.94143005
DIA,1,0.10405229,0.89594771
DIA,1,0.05681474,0.94318526
DIA,1,0.18450423,0.81549577
DIA,1,0.98960970,0.01039030
DIA,1,0.07694010,0.92305990
DIA,1,0.15666356,0.84333644
DIA,1,0.08819300,0.91180700
DIA,1,0.14895895,0.85104105
DIA,1,0.08178921,0.91821079
DIA,1,0.32655828,0.67344172
DIA,1,0.10101814,0.89898186
DIA,1,0.10390025,0.89609975
DIA,1,0.06603703,0.93396297
DIA,1,0.05683238,0.94316762
DIA,1,0.20284340,0.79715660
DIA,1,0.22371462,0.77628538
DIA,1,0.09481695,0.90518305
DIA,1,0.08920481,0.91079519
DIA,1,0.89104920,0.10895080
DIA,1,0.09763503,0.90236497
DIA,1,0.06086200,0.93913800
DIA,1,0.05762737,0.94237263
DIA,1,0.10028415,0.89971585
DIA,1,0.05618725,0.94381275
DIA,1,0.22521345,0.77478655
DIA,1,0.06147607,0.93852393
DIA,1,0.07994499,0.92005501
DIA,1,0.05628566,0.94371434
DIA,1,0.06136479,0.93863521
DIA,1,0.07779958,0.92220042
DIA,1,0.09682841,0.90317159
DIA,1,0.06289500,0.93710500
DIA,1,0.05612992,0.94387008
DIA,1,0.06714802,0.93285198
DIA,1,0.11983017,0.88016983
DIA,1,0.06675533,0.93324467
DIA,1,0.07990288,0.92009712
DIA,1,0.05664229,0.94335771
DIA,1,0.06376093,0.93623907
DIA,1,0.06806224,0.93193776
DIA,1,0.15295983,0.84704017
DIA,1,0.22139898,0.77860102
DIA,1,0.05651744,0.94348256
DIA,1,0.10125027,0.89874973
DIA,1,0.06561138,0.93438862
DIA,1,0.05719738,0.94280262
DIA,1,0.07974675,0.92025325
DIA,1,0.18938656,0.81061344
DIA,1,0.06642405,0.93357595
DIA,1,0.06074329,0.93925671
DIA,1,0.06133746,0.93866254
DIA,1,0.16116532,0.83883468
DIA,1,0.10693720,0.89306280
DIA,1,0.10549699,0.89450301
DIA,1,0.05950255,0.94049745
DIA,1,0.06081614,0.93918386
DIA,1,0.07406160,0.92593840
DIA,1,0.05800985,0.94199015
DIA,1,0.05769318,0.94230682
DIA,1,0.09065045,0.90934955
DIA,1,0.22557017,0.77442983
DIA,1,0.05635941,0.94364059
DIA,1,0.07088705,0.92911295
DIA,1,0.09236347,0.90763653
DIA,1,0.09135896,0.90864104
DIA,1,0.13791455,0.86208545
DIA,1,0.05987245,0.94012755
DIA,1,0.13794154,0.86205846
DIA,1,0.07833543,0.92166457
DIA,1,0.10288042,0.89711958
DIA,1,0.10662238,0.89337762
DIA,1,0.05787221,0.94212779
DIA,1,0.06552589,0.93447411
DIA,1,0.05624119,0.94375881
DIA,1,0.06247495,0.93752505
DIA,1,0.10308196,0.89691804
DIA,1,0.39500734,0.60499266
DIA,1,0.06151330,0.93848670
DIA,1,0.07221172,0.92778828
DIA,1,0.18974046,0.81025954
DIA,1,0.12307557,0.87692443
DIA,1,0.07226868,0.92773132
DIA,1,0.06568716,0.93431284
DIA,1,0.13070921,0.86929079
DIA,1,0.11092908,0.88907092
DIA,1,0.09145007,0.90854993
DIA,1,0.06668901,0.93331099
DIA,1,0.09180143,0.90819857
DIA,1,0.07462340,0.92537660
DIA,1,0.06300122,0.93699878
DIA,1,0.09982989,0.90017011
DIA,1,0.07181902,0.92818098
DIA,1,0.05612781,0.94387219
DIA,1,0.18822188,0.81177812
DIA,1,0.06083196,0.93916804
DIA,1,0.05851411,0.94148589
DIA,1,0.38028798,0.61971202
DIA,1,0.06520820,0.93479180
DIA,1,0.06174199,0.93825801
DIA,1,0.08687575,0.91312425
DIA,1,0.05767469,0.94232531
DIA,1,0.06103739,0.93896261
DIA,1,0.12232575,0.87767425
DIA,1,0.07959732,0.92040268
DIA,1,0.56005864,0.43994136
DIA,1,0.06836905,0.93163095
DIA,1,0.05769540,0.94230460
DIA,1,0.10192382,0.89807618
DIA,1,0.51431013,0.48568987
DIA,1,0.05670807,0.94329193
DIA,1,0.84858479,0.15141521
DIA,1,0.05864164,0.94135836
DIA,1,0.54717959,0.45282041
DIA,1,0.05617393,0.94382607
DIA,1,0.15214758,0.84785242
DIA,1,0.05669478,0.94330522
DIA,1,0.20557605,0.79442395
DIA,1,0.15888634,0.84111366
DIA,1,0.05826373,0.94173627
DIA,1,0.05666760,0.94333240
DIA,1,0.07386239,0.92613761
DIA,1,0.06596242,0.93403758
DIA,1,0.12514944,0.87485056
DIA,1,0.05741654,0.94258346
DIA,1,0.08288956,0.91711044
DIA,1,0.05613612,0.94386388
DIA,1,0.11576600,0.88423400
DIA,1,0.09757204,0.90242796
DIA,1,0.05655607,0.94344393
DIA,1,0.05648482,0.94351518
DIA,1,0.34036300,0.65963700
DIA,1,0.05613608,0.94386392
DIA,1,0.11932116,0.88067884
DIA,1,0.05768359,0.94231641
DIA,1,0.06539989,0.93460011
DIA,1,0.15747825,0.84252175
DIA,1,0.08760354,0.91239646
DIA,1,0.77781250,0.22218750
DIA,1,0.05685799,0.94314201
DIA,1,0.12210194,0.87789806
DIA,1,0.11232846,0.88767154
DIA,1,0.06039727,0.93960273
DIA,1,0.17135239,0.82864761
DIA,1,0.27591823,0.72408177
DIA,1,0.16971383,0.83028617
DIA,1,0.99949803,0.00050197
DIA,1,0.06408399,0.93591601
DIA,1,0.06426298,0.93573702
DIA,1,0.05930694,0.94069306
DIA,1,0.05892724,0.94107276
DIA,1,0.20579836,0.79420164
DIA,1,0.11134413,0.88865587
DIA,1,0.12140645,0.87859355
DIA,1,0.06802323,0.93197677
DIA,1,0.41119201,0.58880799
DIA,1,0.43390009,0.56609991
DIA,1,0.05668600,0.94331400
DIA,1,0.11372273,0.88627727
DIA,1,0.11672801,0.88327199
DIA,1,0.06050220,0.93949780
DIA,1,0.06571123,0.93428877
DIA,1,0.10269832,0.89730168
DIA,1,0.99999731,0.00000269
DIA,1,0.43337209,0.56662791
DIA,1,1.00000000,0.00000000
DIA,1,0.99661216,0.00338784
DIA,1,0.05937951,0.94062049
DIA,1,0.20786525,0.79213475
DIA,1,0.07798695,0.92201305
DIA,1,0.99999991,0.00000009
DIA,1,0.30741659,0.69258341
DIA,1,0.99865531,0.00134469
DIA,1,0.67047898,0.32952102
DIA,1,0.68878131,0.31121869
DIA,1,0.14923546,0.85076454
DIA,1,0.10285302,0.89714698
DIA,1,0.94867784,0.05132216
DIA,1,0.05626280,0.94373720
DIA,1,0.06796758,0.93203242
DIA,1,0.06419358,0.93580642
DIA,1,0.99568557,0.00431443
DIA,1,0.34286880,0.65713120
DIA,1,0.05754718,0.94245282
DIA,1,0.12282551,0.87717449
DIA,1,0.05935602,0.94064398
DIA,1,0.99075177,0.00924823
DIA,1,0.98782188,0.01217812
DIA,1,0.42634871,0.57365129
DIA,1,0.07350841,0.92649159
DIA,1,0.05717973,0.94282027
DIA,1,0.05612785,0.94387215
DIA,1,0.05684435,0.94315565
DIA,1,0.71685411,0.28314589
DIA,1,0.25520917,0.74479083
DIA,1,0.08084560,0.91915440
DIA,1,0.06076782,0.93923218
DIA,1,0.99998324,0.00001676
DIA,1,0.41717880,0.58282120
DIA,1,0.08208593,0.91791407
DIA,1,0.06875409,0.93124591
DIA,1,0.05781497,0.94218503
DIA,1,0.05749515,0.94250485
DIA,1,0.10940702,0.89059298
DIA,1,0.06064550,0.93935450
DIA,1,0.09232510,0.90767490
DIA,1,0.05612949,0.94387051
DIA,1,0.25831273,0.74168727
DIA,1,0.17896293,0.82103707
DIA,1,0.23492638,0.76507362
DIA,1,0.05664060,0.94335940
DIA,1,0.10119777,0.89880223
DIA,1,0.31034676,0.68965324
DIA,1,0.09078672,0.90921328
DIA,1,0.09286979,0.90713021
DIA,1,0.06581703,0.93418297
DIA,1,0.06734250,0.93265750
DIA,1,0.05616659,0.94383341
DIA,1,0.12249743,0.87750257
DIA,1,0.13991824,0.86008176
DIA,1,0.05778575,0.94221425
DIA,1,0.07310107,0.92689893
DIA,1,0.05817913,0.94182087
DIA,1,0.15016494,0.84983506
DIA,1,0.87680280,0.12319720
DIA,1,0.07359073,0.92640927
DIA,1,0.05638585,0.94361415
DIA,1,0.05814439,0.94185561
DIA,1,0.83913646,0.16086354
DIA,1,0.05612958,0.94387042
DIA,1,0.08567273,0.91432727
DIA,1,0.70855517,0.29144483
DIA,1,0.21282725,0.78717275
DIA,1,0.08406089,0.91593911
DIA,1,0.06434952,0.93565048
DIA,1,0.05884680,0.94115320
DIA,1,0.53375405,0.46624595
DIA,1,0.06271529,0.93728471
DIA,1,0.25546827,0.74453173
DIA,1,0.20681738,0.79318262
DIA,1,0.05895670,0.94104330
DIA,1,0.10876407,0.89123593
DIA,1,0.06322032,0.93677968
DIA,1,0.11565432,0.88434568
DIA,1,0.08131057,0.91868943
DIA,1,0.44533622,0.55466378
DIA,1,0.06061686,0.93938314
DIA,1,0.05665035,0.94334965
DIA,1,0.12357677,0.87642323
DIA,1,0.06413450,0.93586550
DIA,1,0.12867689,0.87132311
DIA,1,0.05624562,0.94375438
DIA,1,0.22006433,0.77993567
DIA,1,0.93773628,0.06226372
DIA,1,0.05684546,0.94315454
DIA,1,0.13754613,0.86245387
DIA,1,0.05715751,0.94284249
DIA,1,0.29591613,0.70408387
DIA,1,0.25333500,0.74666500
DIA,1,0.93583776,0.06416224
DIA,1,0.74611313,0.25388687
DIA,1,0.06178946,0.93821054
DIA,1,0.05778815,0.94221185
DIA,1,0.09035896,0.90964104
DIA,1,0.34261144,0.65738856
DIA,1,0.08876250,0.91123750
DIA,1,0.22318161,0.77681839
DIA,1,0.17279650,0.82720350
DIA,1,0.08808475,0.91191525
DIA,1,0.10432972,0.89567028
DIA,1,0.05635550,0.94364450
DIA,1,0.08941342,0.91058658
DIA,1,0.10833021,0.89166979
DIA,1,0.07312185,0.92687815
DIA,1,0.05627247,0.94372753
DIA,1,0.05700710,0.94299290
DIA,1,0.40992843,0.59007157
DIA,1,0.06148293,0.93851707
DIA,1,0.65273253,0.34726747
DIA,1,0.08997115,0.91002885
DIA,1,0.05726180,0.94273820
DIA,1,0.13425954,0.86574046
DIA,1,0.12387190,0.87612810
DIA,1,0.06999819,0.93000181
DIA,1,0.81617249,0.18382751
DIA,1,0.05655049,0.94344951
DIA,1,0.29295075,0.70704925
DIA,1,0.06709808,0.93290192
DIA,1,0.07918051,0.92081949
DIA,1,0.05702493,0.94297507
DIA,1,0.05953956,0.94046044
DIA,1,0.05910208,0.94089792
DIA,1,0.63484212,0.36515788
DIA,1,0.98814422,0.01185578
DIA,1,0.05702098,0.94297902
DIA,1,0.06191126,0.93808874
DIA,1,0.08978061,0.91021939
DIA,1,0.20460579,0.79539421
DIA,1,0.05665213,0.94334787
DIA,1,0.09302294,0.90697706
DIA,1,0.05820618,0.94179382
DIA,1,0.07022498,0.92977502
DIA,1,0.14948774,0.85051226
DIA,1,0.09705252,0.90294748
DIA,1,0.05807024,0.94192976
DIA,1,0.79156680,0.20843320
DIA,1,0.05858719,0.94141281
DIA,1,0.41466531,0.58533469
DIA,1,0.05612787,0.94387213
DIA,1,0.49872926,0.50127074
DIA,1,0.09003312,0.90996688
DIA,1,0.21714217,0.78285783
DIA,1,0.06228932,0.93771068
DIA,1,0.46239684,0.53760316
DIA,1,0.06003288,0.93996712
DIA,1,0.15747411,0.84252589
DIA,1,0.16510752,0.83489248
DIA,1,0.05703092,0.94296908
DIA,1,0.32641858,0.67358142
DIA,1,0.07907170,0.92092830
DIA,1,0.05797077,0.94202923
DIA,1,0.06820850,0.93179150
DIA,1,0.06131285,0.93868715
DIA,1,0.06733660,0.93266340
DIA,1,0.05618115,0.94381885
DIA,1,0.18329738,0.81670262
DIA,1,0.26145149,0.73854851
DIA,1,0.05865195,0.94134805
DIA,1,0.05872597,0.94127403
DIA,1,0.13285570,0.86714430
DIA,1,0.05813844,0.94186156
DIA,1,0.06057510,0.93942490
DIA,1,0.09149035,0.90850965
DIA,1,0.61758183,0.38241817
DIA,1,0.12009490,0.87990510
DIA,1,0.07019009,0.92980991
DIA,1,0.05615817,0.94384183
DIA,1,0.08782813,0.91217187
DIA,1,0.05722132,0.94277868
DIA,1,0.05716391,0.94283609
DIA,1,0.05827743,0.94172257
DIA,1,0.11070924,0.88929076
DIA,1,0.37905051,0.62094949
DIA,1,0.08126642,0.91873358
DIA,1,0.05785298,0.94214702
DIA,1,0.06573028,0.93426972
DIA,1,0.05714099,0.94285901
DIA,1,0.06208833,0.93791167
DIA,1,0.36130182,0.63869818
DIA,1,0.19301458,0.80698542
DIA,1,0.28283534,0.71716466
DIA,1,0.68482286,0.31517714
DIA,1,0.08178922,0.91821078
DIA,1,0.06424228,0.93575772
DIA,1,0.05705467,0.94294533
DIA,1,0.09082130,0.90917870
DIA,1,0.20510260,0.79489740
DIA,1,0.14164302,0.85835698
DIA,1,0.17526035,0.82473965
DIA,1,0.09275531,0.90724469
DIA,1,0.08221526,0.91778474
DIA,1,0.19033187,0.80966813
DIA,1,0.07340307,0.92659693
DIA,1,0.06192106,0.93807894
DIA,1,0.46274066,0.53725934
DIA,1,0.07924024,0.92075976
DIA,1,0.05742346,0.94257654
DIA,1,0.06187723,0.93812277
DIA,1,0.10468902,0.89531098
DIA,1,0.07300221,0.92699779
DIA,1,0.18889867,0.81110133
DIA,1,0.05631801,0.94368199
DIA,1,0.11615729,0.88384271
DIA,1,0.31258837,0.68741163
DIA,1,0.30047777,0.69952223
DIA,1,0.11675683,0.88324317
DIA,1,0.08416908,0.91583092
DIA,1,0.05614013,0.94385987
DIA,1,0.06634287,0.93365713
DIA,1,0.06827472,0.93172528
DIA,1,0.07113196,0.92886804
DIA,1,0.05669883,0.94330117
DIA,1,0.05841285,0.94158715
DIA,1,0.05915638,0.94084362
DIA,1,0.06086552,0.93913448
DIA,1,0.05863740,0.94136260
DIA,1,0.05756979,0.94243021
DIA,1,0.42073693,0.57926307
DIA,1,0.05641629,0.94358371
DIA,1,0.06020085,0.93979915
DIA,1,0.07133879,0.92866121
DIA,1,0.06720493,0.93279507
DIA,1,0.12379009,0.87620991
DIA,1,0.05615200,0.94384800
DIA,1,0.36936261,0.63063739
DIA,1,0.23244189,0.76755811
DIA,1,0.05773139,0.94226861
DIA,1,0.05983066,0.94016934
DIA,1,0.05612780,0.94387220
DIA,1,0.14028839,0.85971161
DIA,1,0.07774701,0.92225299
DIA,1,0.05675907,0.94324093
DIA,1,0.06792062,0.93207938
DIA,1,0.16211366,0.83788634
DIA,1,0.05672022,0.94327978
DIA,1,0.38759957,0.61240043
DIA,1,0.09186774,0.90813226
DIA,1,0.08079058,0.91920942
DIA,1,0.13555984,0.86444016
DIA,1,0.06152516,0.93847484
DIA,1,0.16822760,0.83177240
DIA,1,0.52197122,0.47802878
DIA,1,0.05612780,0.94387220
DIA,1,0.06227080,0.93772920
DIA,1,0.13914359,0.86085641
DIA,1,0.13135687,0.86864313
DIA,1,0.37788966,0.62211034
DIA,1,0.10547984,0.89452016
DIA,1,0.10868757,0.89131243
DIA,1,0.09015719,0.90984281
DIA,1,0.67335975,0.32664025
DIA,1,0.05837347,0.94162653
DIA,1,0.05613502,0.94386498
DIA,1,0.06318505,0.93681495
DIA,1,0.06472607,0.93527393
DIA,1,0.05614631,0.94385369
DIA,1,0.13711337,0.86288663
DIA,1,0.13722602,0.86277398
DIA,1,0.07974761,0.92025239
DIA,1,0.07183319,0.92816681
DIA,1,0.05864777,0.94135223
DIA,1,0.68410669,0.31589331
DIA,1,0.10076474,0.89923526
DIA,1,0.63877623,0.36122377
DIA,1,0.07046515,0.92953485
DIA,1,0.05794414,0.94205586
DIA,1,0.05895392,0.94104608
DIA,1,0.07602224,0.92397776
DIA,1,0.15065066,0.84934934
DIA,1,0.06927007,0.93072993
DIA,1,0.16017559,0.83982441
DIA,1,0.05652796,0.94347204
DIA,1,0.45319184,0.54680816
DIA,1,0.06135127,0.93864873
DIA,1,0.12362244,0.87637756
DIA,1,0.05635725,0.94364275
DIA,1,0.75911727,0.24088273
DIA,1,0.59310637,0.40689363
DIA,1,0.06291204,0.93708796
DIA,1,0.93597628,0.06402372
DIA,1,0.08571749,0.91428251
DIA,1,0.11132725,0.88867275
DIA,1,0.53105984,0.46894016
DIA,1,0.08791537,0.91208463
DIA,1,0.32107699,0.67892301
DIA,1,0.12277623,0.87722377
DIA,1,0.07134681,0.92865319
DIA,1,0.09836380,0.90163620
DIA,1,0.78739576,0.21260424
DIA,1,0.15846392,0.84153608
DIA,1,0.07994222,0.92005778
DIA,1,0.08093625,0.91906375
DIA,1,0.05799670,0.94200330
DIA,1,0.06043926,0.93956074
DIA,1,0.07626210,0.92373790
DIA,1,0.05762317,0.94237683
DIA,1,0.10972430,0.89027570
DIA,1,0.05921498,0.94078502
DIA,1,0.05619141,0.94380859
DIA,1,0.34484837,0.65515163
DIA,1,0.05625533,0.94374467
DIA,1,0.31466222,0.68533778
DIA,1,0.06081613,0.93918387
DIA,1,0.21262379,0.78737621
DIA,1,0.05747008,0.94252992
DIA,1,0.08648940,0.91351060
DIA,1,0.09007567,0.90992433
DIA,1,0.05621320,0.94378680
DIA,1,0.05733871,0.94266129
DIA,1,0.06307210,0.93692790
DIA,1,0.07949581,0.92050419
DIA,1,0.12842870,0.87157130
DIA,1,0.06608497,0.93391503
DIA,1,0.79007735,0.20992265
DIA,1,0.06212114,0.93787886
DIA,1,0.13973577,0.86026423
DIA,1,0.06495527,0.93504473
DIA,1,0.07223430,0.92776570
DIA,1,0.09775398,0.90224602
DIA,1,0.05828721,0.94171279
DIA,1,0.06057542,0.93942458
DIA,1,0.07138046,0.92861954
DIA,1,0.05831586,0.94168414
DIA,1,0.05682168,0.94317832
DIA,1,0.11952756,0.88047244
DIA,1,0.06437147,0.93562853
DIA,1,0.05633367,0.94366633
DIA,1,0.45464977,0.54535023
DIA,1,0.05614182,0.94385818
DIA,1,0.08522467,0.91477533
DIA,1,0.05687765,0.94312235
DIA,1,0.05943419,0.94056581
DIA,1,0.06216017,0.93783983
DIA,1,0.16030904,0.83969096
DIA,1,0.99805636,0.00194364
DIA,1,0.09903648,0.90096352
DIA,1,0.18019699,0.81980301
DIA,1,0.89698829,0.10301171
DIA,1,0.07573290,0.92426710
DIA,1,0.06779012,0.93220988
DIA,1,0.06028783,0.93971217
DIA,1,0.06016761,0.93983239
DIA,1,0.17084674,0.82915326
DIA,1,0.19130182,0.80869818
DIA,1,0.08476877,0.91523123
DIA,1,0.18012864,0.81987136
DIA,1,0.11600870,0.88399130
DIA,1,0.79995764,0.20004236
DIA,1,0.05614130,0.94385870
DIA,1,0.05621340,0.94378660
DIA,1,0.05620762,0.94379238
DIA,1,0.95291565,0.04708435
DIA,1,0.35419474,0.64580526
DIA,1,0.13188746,0.86811254
DIA,1,0.05935402,0.94064598
DIA,1,0.05631157,0.94368843
DIA,1,0.06538005,0.93461995
DIA,1,0.07195337,0.92804663
DIA,1,0.06477983,0.93522017
DIA,1,0.84782958,0.15217042
DIA,1,0.08317660,0.91682340
DIA,1,0.70383567,0.29616433
DIA,1,0.08476756,0.91523244
DIA,1,0.56973888,0.43026112
DIA,1,0.19963228,0.80036772
DIA,1,0.07181206,0.92818794
DIA,1,0.98238757,0.01761243
DIA,1,0.07392235,0.92607765
DIA,1,0.08196126,0.91803874
DIA,1,0.21943559,0.78056441
DIA,1,0.87999734,0.12000266
DIA,1,0.31985797,0.68014203
DIA,1,0.12558041,0.87441959
DIA,1,0.05737026,0.94262974
DIA,1,0.05948623,0.94051377
DIA,1,0.60978421,0.39021579
DIA,1,0.42826481,0.57173519
DIA,1,0.99994223,0.00005777
DIA,1,0.06041130,0.93958870
DIA,1,0.33036304,0.66963696
DIA,1,0.08125378,0.91874622
DIA,1,0.05672636,0.94327364
DIA,1,0.21447451,0.78552549
DIA,1,0.99384019,0.00615981
DIA,1,0.99999999,0.00000001
DIA,1,0.05629202,0.94370798
DIA,1,0.08852407,0.91147593
DIA,1,0.74160701,0.25839299
DIA,1,0.05791080,0.94208920
DIA,1,0.80691788,0.19308212
DIA,1,0.05681008,0.94318992
DIA,1,0.09043784,0.90956216
DIA,1,0.10135503,0.89864497
DIA,1,0.08051546,0.91948454
DIA,1,0.05985840,0.94014160
DIA,1,0.07156738,0.92843262
DIA,1,0.95398215,0.04601785
DIA,1,0.05985094,0.94014906
DIA,1,0.16884982,0.83115018
DIA,1,0.07608739,0.92391261
DIA,1,0.05617953,0.94382047
DIA,1,0.07935343,0.92064657
DIA,1,0.11111649,0.88888351
DIA,1,0.21883157,0.78116843
DIA,1,0.57443269,0.42556731
DIA,1,1.00000000,0.00000000
DIA,1,0.74341541,0.25658459
DIA,1,0.57639662,0.42360338
DIA,1,0.08354916,0.91645084
DIA,1,0.27541327,0.72458673
DIA,1,0.08170584,0.91829416
DIA,1,0.64098606,0.35901394
DIA,1,0.25697555,0.74302445
DIA,1,0.07837892,0.92162108
DIA,1,0.26033664,0.73966336
DIA,1,0.07446193,0.92553807
DIA,1,0.08085464,0.91914536
DIA,1,0.88423328,0.11576672
DIA,1,0.09630627,0.90369373
DIA,1,0.28636157,0.71363843
DIA,1,0.06250117,0.93749883
DIA,1,0.07494267,0.92505733
DIA,1,0.37061282,0.62938718
DIA,1,0.31246815,0.68753185
DIA,1,0.08530360,0.91469640
DIA,1,0.53918822,0.46081178
DIA,1,0.19923972,0.80076028
DIA,1,0.23972141,0.76027859
DIA,1,0.05625811,0.94374189
DIA,1,0.22998299,0.77001701
DIA,1,0.10548222,0.89451778
DIA,1,0.16644953,0.83355047
DIA,1,0.11677662,0.88322338
DIA,1,0.56786691,0.43213309
DIA,1,0.06375447,0.93624553
DIA,1,0.74112946,0.25887054
DIA,1,0.05691569,0.94308431
DIA,1,0.16929004,0.83070996
DIA,1,0.24266909,0.75733091
DIA,1,0.06016278,0.93983722
DIA,1,0.08391688,0.91608312
DIA,1,0.07818714,0.92181286
DIA,1,0.18749514,0.81250486
DIA,1,0.07572237,0.92427763
DIA,1,0.06877202,0.93122798
DIA,1,0.06837101,0.93162899
DIA,1,0.07885199,0.92114801
DIA,1,0.06024207,0.93975793
DIA,1,0.90707267,0.09292733
DIA,1,0.09462686,0.90537314
DIA,1,0.13533048,0.86466952
DIA,1,0.06819212,0.93180788
DIA,1,0.14231420,0.85768580
DIA,1,0.05755732,0.94244268
DIA,1,0.20782324,0.79217676
DIA,1,0.05910002,0.94089998
DIA,1,0.05775480,0.94224520
DIA,1,0.16899928,0.83100072
DIA,1,0.06264375,0.93735625
DIA,1,0.14156741,0.85843259
DIA,1,0.07724381,0.92275619
DIA,1,0.05641056,0.94358944
DIA,1,0.25678255,0.74321745
DIA,1,0.05827052,0.94172948
DIA,1,0.08757747,0.91242253
DIA,1,0.07325223,0.92674777
DIA,1,0.05647473,0.94352527
DIA,1,0.05840532,0.94159468
DIA,1,0.05628613,0.94371387
DIA,1,0.07432334,0.92567666
DIA,1,0.06601502,0.93398498
DIA,1,0.20645387,0.79354613
DIA,1,0.10521914,0.89478086
DIA,1,0.07007202,0.92992798
DIA,1,0.05658140,0.94341860
DIA,1,0.40355974,0.59644026
DIA,1,0.06906064,0.93093936
DIA,1,0.07817144,0.92182856
DIA,1,0.05621425,0.94378575
DIA,1,0.09293036,0.90706964
DIA,1,0.09408000,0.90592000
DIA,1,0.05869823,0.94130177
DIA,1,0.07302137,0.92697863
DIA,1,0.11339812,0.88660188
DIA,1,0.13477425,0.86522575
DIA,1,0.07191319,0.92808681
DIA,1,0.05615826,0.94384174
DIA,1,0.13606929,0.86393071
DIA,1,0.24057739,0.75942261
DIA,1,0.10006173,0.89993827
DIA,1,0.07485529,0.92514471
DIA,1,0.06294653,0.93705347
DIA,1,0.05622733,0.94377267
DIA,1,0.06003302,0.93996698
DIA,1,0.07141590,0.92858410
DIA,1,0.05650785,0.94349215
DIA,1,0.06156054,0.93843946
DIA,1,0.05672177,0.94327823
DIA,1,0.07051136,0.92948864
DIA,1,0.05996412,0.94003588
DIA,1,0.12508011,0.87491989
DIA,1,0.10696238,0.89303762
DIA,1,0.06000218,0.93999782
DIA,1,0.05810892,0.94189108
DIA,1,0.06607012,0.93392988
DIA,1,0.06407142,0.93592858
DIA,1,0.06298744,0.93701256
DIA,1,0.05898925,0.94101075
DIA,1,0.06071002,0.93928998
DIA,1,0.06467162,0.93532838
DIA,1,0.10219924,0.89780076
DIA,1,0.28897258,0.71102742
DIA,1,0.16562496,0.83437504
DIA,1,0.05933292,0.94066708
DIA,1,0.11248646,0.88751354
DIA,1,0.07736538,0.92263462
DIA,1,0.09338860,0.90661140
DIA,1,0.06018829,0.93981171
DIA,1,0.37758539,0.62241461
DIA,1,0.05730090,0.94269910
DIA,1,0.47810786,0.52189214
DIA,1,0.25729923,0.74270077
DIA,1,0.06103137,0.93896863
DIA,1,0.05829559,0.94170441
DIA,1,0.07525070,0.92474930
DIA,1,0.06831797,0.93168203
DIA,1,0.17708702,0.82291298
DIA,1,0.06221141,0.93778859
DIA,1,0.06516517,0.93483483
DIA,1,0.13676164,0.86323836
DIA,1,0.99988205,0.00011795
DIA,1,0.17840273,0.82159727
DIA,1,0.07301483,0.92698517
DIA,1,0.24237538,0.75762462
DIA,1,0.18131072,0.81868928
DIA,1,0.31500901,0.68499099
DIA,1,0.11237975,0.88762025
DIA,1,0.06849126,0.93150874
DIA,1,0.16584252,0.83415748
DIA,1,0.07066857,0.92933143
DIA,1,0.06635918,0.93364082
DIA,1,0.65454543,0.34545457
DIA,1,0.89412155,0.10587845
DIA,1,0.24233033,0.75766967
DIA,1,0.07109361,0.92890639
DIA,1,0.05843680,0.94156320
DIA,1,0.07345482,0.92654518
DIA,1,0.23587886,0.76412114
DIA,1,0.05664254,0.94335746
DIA,1,0.06482865,0.93517135
DIA,1,0.08206646,0.91793354
DIA,1,0.77043394,0.22956606
DIA,1,0.11737936,0.88262064
DIA,1,0.26483241,0.73516759
DIA,1,0.06258678,0.93741322
DIA,1,0.06622002,0.93377998
DIA,1,0.05978938,0.94021062
DIA,1,0.33208060,0.66791940
DIA,1,0.05746140,0.94253860
DIA,1,0.10195847,0.89804153
DIA,1,0.07439205,0.92560795
DIA,1,0.08911057,0.91088943
DIA,1,0.06036806,0.93963194
DIA,1,0.14315136,0.85684864
DIA,1,0.57316313,0.42683687
DIA,1,0.07156672,0.92843328
DIA,1,0.43128532,0.56871468
DIA,1,0.99780538,0.00219462
DIA,1,0.54955466,0.45044534
DIA,1,0.07546778,0.92453222
DIA,1,0.09852393,0.90147607
DIA,1,0.05778821,0.94221179
DIA,1,0.06373003,0.93626997
DIA,1,0.05952411,0.94047589
DIA,1,0.13719582,0.86280418
DIA,1,0.85641927,0.14358073
DIA,1,0.46913588,0.53086412
DIA,1,0.06398235,0.93601765
DIA,1,0.93640023,0.06359977
DIA,1,0.23416094,0.76583906
DIA,1,0.29366713,0.70633287
DIA,1,0.07756222,0.92243778
DIA,1,0.13324936,0.86675064
DIA,1,0.08088573,0.91911427
DIA,1,0.08142551,0.91857449
DIA,1,0.22386915,0.77613085
DIA,1,0.95409706,0.04590294
DIA,1,0.05638958,0.94361042
DIA,1,0.84707207,0.15292793
DIA,1,0.07226493,0.92773507
DIA,1,0.06766496,0.93233504
DIA,1,0.05919395,0.94080605
DIA,1,0.05636952,0.94363048
DIA,1,0.09069132,0.90930868
DIA,1,0.14700301,0.85299699
DIA,1,0.07057287,0.92942713
DIA,1,0.09501711,0.90498289
DIA,1,0.08941902,0.91058098
DIA,1,0.05723146,0.94276854
DIA,1,0.07900686,0.92099314
DIA,1,0.05616362,0.94383638
DIA,1,0.08835626,0.91164374
DIA,1,0.07318752,0.92681248
DIA,1,0.06144941,0.93855059
DIA,1,0.38538187,0.61461813
DIA,1,0.05776982,0.94223018
DIA,1,0.10180338,0.89819662
DIA,1,0.12323288,0.87676712
DIA,1,0.09640076,0.90359924
DIA,1,0.05612781,0.94387219
DIA,1,0.05660166,0.94339834
DIA,1,0.07505202,0.92494798
DIA,1,0.11345720,0.88654280
DIA,1,0.24996857,0.75003143
DIA,1,0.05946603,0.94053397
DIA,1,0.12419445,0.87580555
DIA,1,0.09153088,0.90846912
DIA,1,0.08819410,0.91180590
DIA,1,0.08257013,0.91742987
DIA,1,0.59608850,0.40391150
DIA,1,0.05719237,0.94280763
DIA,1,0.09258814,0.90741186
DIA,1,0.48899245,0.51100755
DIA,1,0.05659271,0.94340729
DIA,1,0.20856321,0.79143679
DIA,1,0.07034902,0.92965098
DIA,1,0.05675152,0.94324848
DIA,1,0.10748147,0.89251853
DIA,1,0.06166236,0.93833764
DIA,1,0.20000615,0.79999385
DIA,1,0.19247593,0.80752407
DIA,1,0.52926861,0.47073139
DIA,1,0.99999711,0.00000289
DIA,1,0.06620054,0.93379946
DIA,1,0.99275637,0.00724363
DIA,1,0.06079954,0.93920046
DIA,1,0.65182188,0.34817812
DIA,1,0.16299175,0.83700825
DIA,1,0.82801604,0.17198396
DIA,1,0.94717612,0.05282388
DIA,1,0.17215448,0.82784552
DIA,1,0.14678028,0.85321972
DIA,1,0.61940406,0.38059594
DIA,1,0.97482881,0.02517119
DIA,1,0.24117584,0.75882416
DIA,1,0.05612895,0.94387105
DIA,1,0.09395828,0.90604172
DIA,1,0.11265389,0.88734611
DIA,1,0.99443576,0.00556424
DIA,1,0.05630566,0.94369434
DIA,1,0.99998985,0.00001015
DIA,1,0.11089237,0.88910763
DIA,1,0.06541640,0.93458360
DIA,1,0.94609891,0.05390109
DIA,1,0.07970329,0.92029671
DIA,1,0.12926576,0.87073424
DIA,1,0.06369595,0.93630405
DIA,1,0.07383237,0.92616763
DIA,1,0.99993009,0.00006991
DIA,1,0.12758571,0.87241429
DIA,1,0.12116524,0.87883476
DIA,1,0.07022987,0.92977013
DIA,1,0.08930076,0.91069924
DIA,1,0.30628759,0.69371241
DIA,1,0.08762997,0.91237003
DIA,1,0.14932522,0.85067478
DIA,1,0.07455264,0.92544736
DIA,1,0.25290829,0.74709171
DIA,1,0.05637395,0.94362605
DIA,1,0.08681783,0.91318217
DIA,1,0.21472710,0.78527290
DIA,1,0.05616766,0.94383234
DIA,1,0.06734744,0.93265256
DIA,1,0.05773810,0.94226190
DIA,1,0.06301862,0.93698138
DIA,1,0.09016923,0.90983077
DIA,1,0.06560250,0.93439750
DIA,1,0.05612802,0.94387198
DIA,1,0.99395807,0.00604193
DIA,1,0.07061639,0.92938361
DIA,1,0.06784370,0.93215630
DIA,1,0.06199881,0.93800119
DIA,1,0.08071809,0.91928191
DIA,1,0.23649117,0.76350883
DIA,1,0.05620056,0.94379944
DIA,1,0.12761612,0.87238388
DIA,1,0.05826894,0.94173106
DIA,1,0.27237390,0.72762610
DIA,1,0.05861075,0.94138925
DIA,1,0.08597061,0.91402939
DIA,1,0.08207182,0.91792818
DIA,1,0.13472595,0.86527405
DIA,1,0.09920343,0.90079657
DIA,1,0.05663058,0.94336942
DIA,1,0.12208757,0.87791243
DIA,1,0.07313495,0.92686505
DIA,1,0.05788574,0.94211426
DIA,1,0.08037818,0.91962182
DIA,1,0.41933612,0.58066388
DIA,1,0.08753382,0.91246618
DIA,1,0.05716126,0.94283874
DIA,1,0.06527906,0.93472094
DIA,1,0.06516689,0.93483311
DIA,1,0.07978647,0.92021353
DIA,1,0.11719156,0.88280844
DIA,1,0.12587355,0.87412645
DIA,1,0.06279409,0.93720591
DIA,1,0.06295258,0.93704742
DIA,1,0.16890006,0.83109994
DIA,1,0.06824831,0.93175169
DIA,1,0.09330666,0.90669334
DIA,1,0.05702194,0.94297806
DIA,1,0.10173517,0.89826483
DIA,1,0.80127466,0.19872534
DIA,1,0.05951642,0.94048358
DIA,1,0.15552769,0.84447231
DIA,1,0.07036674,0.92963326
DIA,1,0.84869570,0.15130430
DIA,1,0.08733583,0.91266417
DIA,1,0.07341356,0.92658644
DIA,1,0.16895068,0.83104932
DIA,1,0.05871130,0.94128870
DIA,1,0.06175136,0.93824864
DIA,1,0.05974443,0.94025557
DIA,1,0.26324570,0.73675430
DIA,1,0.53212026,0.46787974
DIA,1,0.25076448,0.74923552
DIA,1,0.07473218,0.92526782
DIA,1,0.06119894,0.93880106
DIA,1,0.05746736,0.94253264
DIA,1,0.14912593,0.85087407
DIA,1,0.05615905,0.94384095
DIA,1,0.06280659,0.93719341
DIA,1,0.06115169,0.93884831
DIA,1,0.13785091,0.86214909
DIA,1,0.06625575,0.93374425
DIA,1,0.29933140,0.70066860
DIA,1,0.05641837,0.94358163
DIA,1,0.14786650,0.85213350
DIA,1,0.05648193,0.94351807
DIA,1,0.05618495,0.94381505
DIA,1,0.07698631,0.92301369
DIA,1,0.06340487,0.93659513
DIA,1,0.24437683,0.75562317
DIA,1,0.07771870,0.92228130
DIA,1,0.21464208,0.78535792
DIA,1,0.10222202,0.89777798
DIA,1,0.06289190,0.93710810
DIA,1,0.49204620,0.50795380
DIA,1,0.05865640,0.94134360
DIA,1,0.32201279,0.67798721
DIA,1,0.23783600,0.76216400
DIA,1,0.47512196,0.52487804
DIA,1,0.05730129,0.94269871
DIA,1,0.06827387,0.93172613
DIA,1,0.06339494,0.93660506
DIA,1,0.54323668,0.45676332
DIA,1,0.93348722,0.06651278
DIA,1,0.05793151,0.94206849
DIA,1,1.00000000,0.00000000
DIA,1,0.09161268,0.90838732
DIA,1,0.35862762,0.64137238
DIA,1,0.99999956,0.00000044
DIA,1,0.65986385,0.34013615
DIA,1,0.99999345,0.00000655
DIA,1,0.12084810,0.87915190
DIA,1,0.12313933,0.87686067
DIA,1,0.17246844,0.82753156
DIA,1,0.61904236,0.38095764
DIA,1,0.05617877,0.94382123
DIA,1,0.18305437,0.81694563
DIA,1,0.63246357,0.36753643
DIA,1,0.06997895,0.93002105
DIA,1,0.07346563,0.92653437
DIA,1,0.06898343,0.93101657
DIA,1,0.05823441,0.94176559
DIA,1,0.65140878,0.34859122
DIA,1,0.60613586,0.39386414
DIA,1,0.07134678,0.92865322
DIA,1,0.05614700,0.94385300
DIA,1,0.06329505,0.93670495
DIA,1,0.32461203,0.67538797
DIA,1,0.10269477,0.89730523
DIA,1,0.06288344,0.93711656
DIA,1,0.53590634,0.46409366
DIA,1,0.05874119,0.94125881
DIA,1,0.05615939,0.94384061
DIA,1,0.17777800,0.82222200
DIA,1,0.11397607,0.88602393
DIA,1,0.98039106,0.01960894
DIA,1,0.49501319,0.50498681
DIA,1,0.07739923,0.92260077
DIA,1,0.62858123,0.37141877
DIA,1,0.09269120,0.90730880
DIA,1,0.19466244,0.80533756
DIA,1,0.37801669,0.62198331
DIA,1,0.05902171,0.94097829
DIA,1,0.06061319,0.93938681
DIA,1,0.05873399,0.94126601
DIA,1,0.07042257,0.92957743
DIA,1,0.60856028,0.39143972
DIA,1,0.10516084,0.89483916
DIA,1,0.07125560,0.92874440
DIA,1,0.05613644,0.94386356
DIA,1,0.13848574,0.86151426
DIA,1,0.07883589,0.92116411
DIA,1,0.08518181,0.91481819
DIA,1,0.16508622,0.83491378
DIA,1,0.06122050,0.93877950
DIA,1,0.13671543,0.86328457
DIA,1,0.41332525,0.58667475
DIA,1,0.13215396,0.86784604
DIA,1,0.06087830,0.93912170
DIA,1,0.10044998,0.89955002
DIA,1,0.17662921,0.82337079
DIA,1,0.82923746,0.17076254
DIA,1,0.05616943,0.94383057
DIA,1,0.06837181,0.93162819
DIA,1,0.20067329,0.79932671
DIA,1,0.06515968,0.93484032
DIA,1,0.05618985,0.94381015
DIA,1,0.19314233,0.80685767
DIA,1,0.06170228,0.93829772
DIA,1,0.09829491,0.90170509
DIA,1,0.14716870,0.85283130
DIA,1,0.09221212,0.90778788
DIA,1,0.09062397,0.90937603
DIA,1,0.06481751,0.93518249
DIA,1,0.05620158,0.94379842
DIA,1,0.06942377,0.93057623
DIA,1,0.06658412,0.93341588
DIA,1,0.05649088,0.94350912
DIA,1,0.14791344,0.85208656
DIA,1,0.06441885,0.93558115
DIA,1,0.12246240,0.87753760
DIA,1,0.10924240,0.89075760
DIA,1,0.07044143,0.92955857
DIA,1,0.06847327,0.93152673
DIA,1,0.07374544,0.92625456
DIA,1,0.06035424,0.93964576
DIA,1,0.09403703,0.90596297
DIA,1,0.12519946,0.87480054
DIA,1,0.05894121,0.94105879
DIA,1,0.71455780,0.28544220
DIA,1,0.17173902,0.82826098
DIA,1,0.08017620,0.91982380
DIA,1,0.07854328,0.92145672
DIA,1,0.05684266,0.94315734
DIA,1,0.08017097,0.91982903
DIA,1,0.06824139,0.93175861
DIA,1,0.06011123,0.93988877
DIA,1,0.91721644,0.08278356
DIA,1,0.18775506,0.81224494
DIA,1,0.40413702,0.59586298
DIA,1,0.05612807,0.94387193
DIA,1,0.79839535,0.20160465
DIA,1,0.05792599,0.94207401
DIA,1,0.06115913,0.93884087
DIA,1,0.06068054,0.93931946
DIA,1,0.16373087,0.83626913
DIA,1,0.29154718,0.70845282
DIA,1,0.05652790,0.94347210
DIA,1,0.17752291,0.82247709
DIA,1,0.05842561,0.94157439
DIA,1,0.11662858,0.88337142
DIA,1,0.38383071,0.61616929
DIA,1,0.50650771,0.49349229
DIA,1,0.10574364,0.89425636
DIA,1,0.18011317,0.81988683
DIA,1,0.51914200,0.48085800
DIA,1,0.05719538,0.94280462
DIA,1,0.05654029,0.94345971
DIA,1,0.05793556,0.94206444
DIA,1,0.92615343,0.07384657
DIA,1,0.81751092,0.18248908
DIA,1,0.18938809,0.81061191
DIA,1,0.16888101,0.83111899
DIA,1,0.06184135,0.93815865
DIA,1,0.06387408,0.93612592
DIA,1,0.06362896,0.93637104
DIA,1,0.05845497,0.94154503
DIA,1,0.16808863,0.83191137
DIA,1,0.05621299,0.94378701
DIA,1,0.09918627,0.90081373
DIA,1,0.05805189,0.94194811
DIA,1,0.06912052,0.93087948
DIA,1,0.16858469,0.83141531
DIA,1,0.06049747,0.93950253
DIA,1,0.06894296,0.93105704
DIA,1,0.25189261,0.74810739
DIA,1,0.07268841,0.92731159
DIA,1,0.08782113,0.91217887
DIA,1,0.05729054,0.94270946
DIA,1,0.06414362,0.93585638
DIA,1,0.06842646,0.93157354
DIA,1,0.15368433,0.84631567
DIA,1,0.05936103,0.94063897
DIA,1,0.06296754,0.93703246
DIA,1,0.05773556,0.94226444
DIA,1,0.06405473,0.93594527
DIA,1,0.35801414,0.64198586
DIA,1,0.50889672,0.49110328
DIA,1,0.05614421,0.94385579
DIA,1,0.11053110,0.88946890
DIA,1,0.58279031,0.41720969
DIA,1,0.07530117,0.92469883
DIA,1,0.05820159,0.94179841
DIA,1,0.06778209,0.93221791
DIA,1,0.14825452,0.85174548
DIA,1,0.07171469,0.92828531
DIA,1,0.07566034,0.92433966
DIA,1,0.05612794,0.94387206
DIA,1,0.17510011,0.82489989
DIA,1,0.12345001,0.87654999
DIA,1,0.16373890,0.83626110
DIA,1,0.17382175,0.82617825
DIA,1,0.06405041,0.93594959
DIA,1,0.09398475,0.90601525
DIA,1,0.67273713,0.32726287
DIA,1,0.05682235,0.94317765
DIA,1,0.99324725,0.00675275
DIA,1,0.08980411,0.91019589
DIA,1,0.13064754,0.86935246
DIA,1,0.33643749,0.66356251
DIA,1,0.60497170,0.39502830
DIA,1,0.06272284,0.93727716
DIA,1,0.06353039,0.93646961
DIA,1,0.07807433,0.92192567
DIA,1,0.15019466,0.84980534
DIA,1,0.19844783,0.80155217
DIA,1,0.06413378,0.93586622
DIA,1,0.07499882,0.92500118
DIA,1,0.12921132,0.87078868
DIA,1,0.19701813,0.80298187
DIA,1,0.08076092,0.91923908
DIA,1,0.05729395,0.94270605
DIA,1,0.05683929,0.94316071
DIA,1,0.75103973,0.24896027
DIA,1,0.06378311,0.93621689
DIA,1,0.13870338,0.86129662
DIA,1,0.37879037,0.62120963
DIA,1,0.06858589,0.93141411
DIA,1,0.07085765,0.92914235
DIA,1,0.18967348,0.81032652
DIA,1,0.10964698,0.89035302
DIA,1,0.14222229,0.85777771
DIA,1,0.06352769,0.93647231
DIA,1,0.76249358,0.23750642
DIA,1,0.06260357,0.93739643
DIA,1,0.26754765,0.73245235
DIA,1,0.27008848,0.72991152
DIA,1,0.62918587,0.37081413
DIA,1,0.05706717,0.94293283
DIA,1,0.36468204,0.63531796
DIA,1,0.05811553,0.94188447
DIA,1,0.34246315,0.65753685
DIA,1,0.05717630,0.94282370
DIA,1,0.26444143,0.73555857
DIA,1,0.17591575,0.82408425
DIA,1,0.06478041,0.93521959
DIA,1,0.99951917,0.00048083
DIA,1,0.09522174,0.90477826
DIA,1,0.64581218,0.35418782
DIA,1,0.99803786,0.00196214
DIA,1,0.06332937,0.93667063
DIA,1,0.21035135,0.78964865
DIA,1,0.07641186,0.92358814
DIA,1,0.60338286,0.39661714
DIA,1,0.07814552,0.92185448
DIA,1,0.27607718,0.72392282
DIA,1,0.99999995,0.00000005
DIA,1,0.99846071,0.00153929
DIA,1,0.19493827,0.80506173
DIA,1,1.00000000,0.00000000
DIA,1,0.06537997,0.93462003
DIA,1,0.11026528,0.88973472
DIA,1,1.00000000,0.00000000
DIA,1,0.05632016,0.94367984
DIA,1,0.07541408,0.92458592
DIA,1,0.94300120,0.05699880
DIA,1,0.91730499,0.08269501
DIA,1,0.99923593,0.00076407
DIA,1,0.92768491,0.07231509
DIA,1,0.87588573,0.12411427
DIA,1,0.99549854,0.00450146
DIA,1,0.07599667,0.92400333
DIA,1,0.07527068,0.92472932
DIA,1,0.89618221,0.10381779
DIA,1,0.97778016,0.02221984
DIA,1,0.13889798,0.86110202
DIA,1,0.06298031,0.93701969
DIA,1,0.85239312,0.14760688
DIA,1,0.14609997,0.85390003
DIA,1,0.09686171,0.90313829
DIA,1,0.14992380,0.85007620
DIA,1,0.55946416,0.44053584
DIA,1,0.06179417,0.93820583
DIA,1,0.12356972,0.87643028
DIA,1,0.31461772,0.68538228
DIA,1,0.06307317,0.93692683
DIA,1,0.05664121,0.94335879
DIA,1,0.99999155,0.00000845
DIA,1,0.12957818,0.87042182
DIA,1,0.31612731,0.68387269
DIA,1,0.31646833,0.68353167
DIA,1,0.17096036,0.82903964
DIA,1,0.13073747,0.86926253
DIA,1,0.05739884,0.94260116
DIA,1,0.87217434,0.12782566
DIA,1,0.11840221,0.88159779
DIA,1,0.08566993,0.91433007
DIA,1,0.62761131,0.37238869
DIA,1,0.07401843,0.92598157
DIA,1,0.98302647,0.01697353
DIA,1,0.06057514,0.93942486
DIA,1,0.22645401,0.77354599
DIA,1,0.92590512,0.07409488
DIA,1,0.49526516,0.50473484
DIA,1,0.71294793,0.28705207
DIA,1,0.99962527,0.00037473
DIA,1,0.41943082,0.58056918
DIA,1,0.99999713,0.00000287
DIA,1,0.59075449,0.40924551
DIA,1,0.08073614,0.91926386
DIA,1,0.91661855,0.08338145
DIA,1,0.33768920,0.66231080
DIA,1,0.10933801,0.89066199
DIA,1,0.97697617,0.02302383
DIA,1,0.99401358,0.00598642
DIA,1,0.99999781,0.00000219
DIA,1,0.08023883,0.91976117
DIA,1,0.99999982,0.00000018
DIA,1,0.82909223,0.17090777
DIA,1,0.96173799,0.03826201
DIA,1,0.09275087,0.90724913
DIA,1,0.94136132,0.05863868
DIA,1,0.09455512,0.90544488
DIA,1,0.06500261,0.93499739
DIA,1,0.66374179,0.33625821
DIA,1,0.20640262,0.79359738
DIA,1,0.08932626,0.91067374
DIA,1,0.05630324,0.94369676
DIA,1,0.08149943,0.91850057
DIA,1,0.06029946,0.93970054
DIA,1,0.22859242,0.77140758
DIA,1,0.08619929,0.91380071
DIA,1,0.18925157,0.81074843
DIA,1,0.15372566,0.84627434
DIA,1,0.64824269,0.35175731
DIA,1,0.08617682,0.91382318
DIA,1,0.73238134,0.26761866
DIA,1,0.05711817,0.94288183
DIA,1,0.05748427,0.94251573
DIA,1,0.39659396,0.60340604
DIA,1,0.07216030,0.92783970
DIA,1,0.12826971,0.87173029
DIA,1,0.05843893,0.94156107
DIA,1,0.40642975,0.59357025
DIA,1,0.95763869,0.04236131
DIA,1,0.05887486,0.94112514
DIA,1,0.06645355,0.93354645
DIA,1,0.56310210,0.43689790
DIA,1,0.96609641,0.03390359
DIA,1,0.05727508,0.94272492
DIA,1,0.06393927,0.93606073
DIA,1,0.22602502,0.77397498
DIA,1,0.05739643,0.94260357
DIA,1,0.20143952,0.79856048
DIA,1,0.05714678,0.94285322
DIA,1,0.60985070,0.39014930
DIA,1,0.12250118,0.87749882
DIA,1,0.05940582,0.94059418
DIA,1,0.07263023,0.92736977
DIA,1,0.18721740,0.81278260
DIA,1,0.74147941,0.25852059
DIA,1,0.10193057,0.89806943
DIA,1,0.14424971,0.85575029
DIA,1,0.13186320,0.86813680
DIA,1,0.36258684,0.63741316
DIA,1,0.05633956,0.94366044
DIA,1,0.07092657,0.92907343
DIA,1,0.05842702,0.94157298
DIA,1,0.30323108,0.69676892
DIA,1,0.05834054,0.94165946
DIA,1,0.05691619,0.94308381
DIA,1,0.99518261,0.00481739
DIA,1,0.05771824,0.94228176
DIA,1,0.59468473,0.40531527
DIA,1,0.05816547,0.94183453
DIA,1,0.39588450,0.60411550
DIA,1,0.57273374,0.42726626
DIA,1,0.05939543,0.94060457
DIA,1,0.05614624,0.94385376
DIA,1,0.07718555,0.92281445
DIA,1,0.19544073,0.80455927
DIA,1,0.06361471,0.93638529
DIA,1,0.19629424,0.80370576
DIA,1,0.45775967,0.54224033
DIA,1,0.34064001,0.65935999
DIA,1,0.06739509,0.93260491
DIA,1,0.97860941,0.02139059
DIA,1,0.60964653,0.39035347
DIA,1,0.13680102,0.86319898
DIA,1,0.06245575,0.93754425
DIA,1,0.64715384,0.35284616
DIA,1,0.16012479,0.83987521
DIA,1,0.09200947,0.90799053
DIA,1,0.14792131,0.85207869
DIA,1,0.06562908,0.93437092
DIA,1,0.08454218,0.91545782
DIA,1,0.10135655,0.89864345
DIA,1,0.07694756,0.92305244
DIA,1,0.10650019,0.89349981
DIA,1,0.15487951,0.84512049
DIA,1,0.05783414,0.94216586
DIA,1,0.63230662,0.36769338
DIA,1,0.48101952,0.51898048
DIA,1,0.06238711,0.93761289
DIA,1,0.14263315,0.85736685
DIA,1,0.16472030,0.83527970
DIA,1,0.54365745,0.45634255
DIA,1,0.06731597,0.93268403
DIA,1,0.17757236,0.82242764
DIA,1,0.10210511,0.89789489
DIA,1,0.05723786,0.94276214
DIA,1,0.07927498,0.92072502
DIA,1,0.43746796,0.56253204
DIA,1,0.08868963,0.91131037
DIA,1,0.17433798,0.82566202
DIA,1,0.08624414,0.91375586
DIA,1,0.74527185,0.25472815
DIA,1,0.08822541,0.91177459
DIA,1,0.06087573,0.93912427
DIA,1,0.99944343,0.00055657
DIA,1,0.08854350,0.91145650
DIA,1,0.99952807,0.00047193
DIA,1,0.10809767,0.89190233
DIA,1,0.10636365,0.89363635
DIA,1,0.06096563,0.93903437
DIA,1,0.97668355,0.02331645
DIA,1,0.99903131,0.00096869
DIA,1,0.06775022,0.93224978
DIA,1,0.07056901,0.92943099
DIA,1,0.06337821,0.93662179
DIA,1,0.08259049,0.91740951
DIA,1,0.58456207,0.41543793
DIA,1,0.09281019,0.90718981
DIA,1,0.96199090,0.03800910
DIA,1,0.06091302,0.93908698
DIA,1,0.06356500,0.93643500
DIA,1,0.06068093,0.93931907
DIA,1,0.05612892,0.94387108
DIA,1,0.17007932,0.82992068
DIA,1,0.05763110,0.94236890
DIA,1,0.05780715,0.94219285
DIA,1,0.43717227,0.56282773
DIA,1,0.08716419,0.91283581
DIA,1,0.38295034,0.61704966
DIA,1,0.09399385,0.90600615
DIA,1,0.05615699,0.94384301
DIA,1,0.49763183,0.50236817
DIA,1,0.06878455,0.93121545
DIA,1,0.09886661,0.90113339
DIA,1,0.37146660,0.62853340
DIA,1,0.49074947,0.50925053
DIA,1,0.06979483,0.93020517
DIA,1,0.05868034,0.94131966
DIA,1,0.06098892,0.93901108
DIA,1,0.26659599,0.73340401
DIA,1,0.06675432,0.93324568
DIA,1,0.07506039,0.92493961
DIA,1,0.05936919,0.94063081
DIA,1,0.09618371,0.90381629
DIA,1,0.18010502,0.81989498
DIA,1,0.28412354,0.71587646
DIA,1,0.06475941,0.93524059
DIA,1,0.06382986,0.93617014
DIA,1,0.08377033,0.91622967
DIA,1,0.06111021,0.93888979
DIA,1,0.75783889,0.24216111
DIA,1,0.05792070,0.94207930
DIA,1,0.05998867,0.94001133
DIA,1,0.10828806,0.89171194
DIA,1,0.05725542,0.94274458
DIA,1,0.67547247,0.32452753
DIA,1,0.06029403,0.93970597
DIA,1,0.10742446,0.89257554
DIA,1,0.27855404,0.72144596
DIA,1,0.07890569,0.92109431
DIA,1,0.06095218,0.93904782
DIA,1,0.19813736,0.80186264
DIA,1,0.05688877,0.94311123
DIA,1,0.05868380,0.94131620
DIA,1,0.10359633,0.89640367
DIA,1,0.08685570,0.91314430
DIA,1,0.26316923,0.73683077
DIA,1,0.05916316,0.94083684
DIA,1,0.09800810,0.90199190
DIA,1,0.70556628,0.29443372
DIA,1,0.05834123,0.94165877
DIA,1,0.06048064,0.93951936
DIA,1,0.18110792,0.81889208
DIA,1,0.05686287,0.94313713
DIA,1,0.22193773,0.77806227
DIA,1,0.05994210,0.94005790
DIA,1,0.12884439,0.87115561
DIA,1,0.07823946,0.92176054
DIA,1,0.10885043,0.89114957
DIA,1,0.05677947,0.94322053
DIA,1,0.07492991,0.92507009
DIA,1,0.15542431,0.84457569
DIA,1,0.08223902,0.91776098
DIA,1,0.29421139,0.70578861
DIA,1,0.05789600,0.94210400
DIA,1,0.08371961,0.91628039
DIA,1,0.22234140,0.77765860
DIA,1,0.09284705,0.90715295
DIA,1,0.08215802,0.91784198
DIA,1,0.06681208,0.93318792
DIA,1,0.06435993,0.93564007
DIA,1,0.06879818,0.93120182
DIA,1,0.25892440,0.74107560
DIA,1,0.10072937,0.89927063
DIA,1,0.07369759,0.92630241
DIA,1,0.06544367,0.93455633
DIA,1,0.09868072,0.90131928
DIA,1,0.45959583,0.54040417
DIA,1,0.05620209,0.94379791
DIA,1,0.08071174,0.91928826
DIA,1,0.05659287,0.94340713
DIA,1,0.06213524,0.93786476
DIA,1,0.09589760,0.90410240
DIA,1,0.05960928,0.94039072
DIA,1,0.33728740,0.66271260
DIA,1,0.05706638,0.94293362
DIA,1,0.08487151,0.91512849
DIA,1,0.08774628,0.91225372
DIA,1,0.06149372,0.93850628
DIA,1,0.12363415,0.87636585
DIA,1,0.06107654,0.93892346
DIA,1,0.06291086,0.93708914
DIA,1,0.05716797,0.94283203
DIA,1,0.11573456,0.88426544
DIA,1,0.05901244,0.94098756
DIA,1,0.06074083,0.93925917
DIA,1,0.05893454,0.94106546
DIA,1,0.08877131,0.91122869
DIA,1,0.06353096,0.93646904
DIA,1,0.05821919,0.94178081
DIA,1,0.05624260,0.94375740
DIA,1,0.06460248,0.93539752
DIA,1,0.06698733,0.93301267
DIA,1,0.15538061,0.84461939
DIA,1,0.07188637,0.92811363
DIA,1,0.05873399,0.94126601
DIA,1,0.09973816,0.90026184
DIA,1,0.09112062,0.90887938
DIA,1,0.08704772,0.91295228
DIA,1,0.11669482,0.88330518
DIA,1,0.06142584,0.93857416
DIA,1,0.05723695,0.94276305
DIA,1,0.05848429,0.94151571
DIA,1,0.17042379,0.82957621
DIA,1,0.05680997,0.94319003
DIA,1,0.15341028,0.84658972
DIA,1,0.05624274,0.94375726
DIA,1,0.15091504,0.84908496
DIA,1,0.06112241,0.93887759
DIA,1,0.30050148,0.69949852
DIA,1,0.11914767,0.88085233
DIA,1,0.06362200,0.93637800
DIA,1,0.08101171,0.91898829
DIA,1,0.13218391,0.86781609
DIA,1,0.59944588,0.40055412
DIA,1,0.06227289,0.93772711
DIA,1,0.10423702,0.89576298
DIA,1,0.06045091,0.93954909
DIA,1,0.07683607,0.92316393
DIA,1,0.05781108,0.94218892
DIA,1,0.06749162,0.93250838
DIA,1,0.05613558,0.94386442
DIA,1,0.10642763,0.89357237
DIA,1,0.07224497,0.92775503
DIA,1,0.05628781,0.94371219
DIA,1,0.05680190,0.94319810
DIA,1,0.08409101,0.91590899
DIA,1,0.06900100,0.93099900
DIA,1,0.05922605,0.94077395
DIA,1,0.31166037,0.68833963
DIA,1,0.05616275,0.94383725
DIA,1,0.06037967,0.93962033
DIA,1,0.05873009,0.94126991
DIA,1,0.26066336,0.73933664
DIA,1,0.06304716,0.93695284
DIA,1,0.05705926,0.94294074
DIA,1,0.05723096,0.94276904
DIA,1,0.07375940,0.92624060
DIA,1,0.05713711,0.94286289
DIA,1,0.05788918,0.94211082
DIA,1,0.06179485,0.93820515
DIA,1,0.06562983,0.93437017
DIA,1,0.07298562,0.92701438
DIA,1,0.05862779,0.94137221
DIA,1,0.14272526,0.85727474
DIA,1,0.05614133,0.94385867
DIA,1,0.08312309,0.91687691
DIA,1,0.07781927,0.92218073
DIA,1,0.11041334,0.88958666
DIA,1,0.07495779,0.92504221
DIA,1,0.08001537,0.91998463
DIA,1,0.05617915,0.94382085
DIA,1,0.17385083,0.82614917
DIA,1,0.05930903,0.94069097
DIA,1,0.05745618,0.94254382
DIA,1,0.05620728,0.94379272
DIA,1,0.15954772,0.84045228
DIA,1,0.06214733,0.93785267
DIA,1,0.05729571,0.94270429
DIA,1,0.07380286,0.92619714
DIA,1,0.07698632,0.92301368
DIA,1,0.11566701,0.88433299
DIA,1,0.06125985,0.93874015
DIA,1,0.05623803,0.94376197
DIA,1,0.09916672,0.90083328
DIA,1,0.06393682,0.93606318
DIA,1,0.05732677,0.94267323
DIA,1,0.12724228,0.87275772
DIA,1,0.05873349,0.94126651
DIA,1,0.12306656,0.87693344
DIA,1,0.06263880,0.93736120
DIA,1,0.07433818,0.92566182
DIA,1,0.05640144,0.94359856
DIA,1,0.06161229,0.93838771
DIA,1,0.05725784,0.94274216
DIA,1,0.16904569,0.83095431
DIA,1,0.05699097,0.94300903
DIA,1,0.05908061,0.94091939
DIA,1,0.06352160,0.93647840
DIA,1,0.17612523,0.82387477
DIA,1,0.05625412,0.94374588
DIA,1,0.05652813,0.94347187
DIA,1,0.07358914,0.92641086
DIA,1,0.16833935,0.83166065
DIA,1,0.05707753,0.94292247
DIA,1,0.06995193,0.93004807
DIA,1,0.12200523,0.87799477
DIA,1,0.05856089,0.94143911
DIA,1,0.06579071,0.93420929
DIA,1,0.07720837,0.92279163
DIA,1,0.09635690,0.90364310
DIA,1,0.05633901,0.94366099
DIA,1,0.06907039,0.93092961
DIA,1,0.16832765,0.83167235
DIA,1,0.08786795,0.91213205
DIA,1,0.23598187,0.76401813
DIA,1,0.05989731,0.94010269
DIA,1,0.05753978,0.94246022
DIA,1,0.05647055,0.94352945
DIA,1,0.05631709,0.94368291
DIA,1,0.06087799,0.93912201
DIA,1,0.05807794,0.94192206
DIA,1,0.11020972,0.88979028
DIA,1,0.05626677,0.94373323
DIA,1,0.06069883,0.93930117
DIA,1,0.15951545,0.84048455
DIA,1,0.06052851,0.93947149
DIA,1,0.07802333,0.92197667
DIA,1,0.08779161,0.91220839
DIA,1,0.06120381,0.93879619
DIA,1,0.05657412,0.94342588
DIA,1,0.06497886,0.93502114
DIA,1,0.05680119,0.94319881
DIA,1,0.06416354,0.93583646
DIA,1,0.06017328,0.93982672
DIA,1,0.05748681,0.94251319
DIA,1,0.05614369,0.94385631
DIA,1,0.10236842,0.89763158
DIA,1,0.08558728,0.91441272
DIA,1,0.05624346,0.94375654
DIA,1,0.05622422,0.94377578
DIA,1,0.05632586,0.94367414
DIA,1,0.07542959,0.92457041
DIA,1,0.08561393,0.91438607
DIA,1,0.32829148,0.67170852
DIA,1,0.44449128,0.55550872
DIA,1,0.11293631,0.88706369
DIA,1,0.17985389,0.82014611
DIA,1,0.08136698,0.91863302
DIA,1,0.16163037,0.83836963
DIA,1,0.05623149,0.94376851
DIA,1,0.13239006,0.86760994
DIA,1,0.18999032,0.81000968
DIA,1,0.05665572,0.94334428
DIA,1,0.05717345,0.94282655
DIA,1,0.37212870,0.62787130
DIA,1,0.05641360,0.94358640
DIA,1,0.14570317,0.85429683
DIA,1,0.07379405,0.92620595
DIA,1,0.05772707,0.94227293
DIA,1,0.05689054,0.94310946
DIA,1,0.11046755,0.88953245
DIA,1,0.10543472,0.89456528
DIA,1,0.05766041,0.94233959
DIA,1,0.09752870,0.90247130
DIA,1,0.06498068,0.93501932
DIA,1,0.07938949,0.92061051
DIA,1,0.17062173,0.82937827
DIA,1,0.05695862,0.94304138
DIA,1,0.05764290,0.94235710
DIA,1,0.07019347,0.92980653
DIA,1,0.05650057,0.94349943
DIA,1,0.16291858,0.83708142
DIA,1,0.05634616,0.94365384
DIA,1,0.22502192,0.77497808
DIA,1,0.05837502,0.94162498
DIA,1,0.05914254,0.94085746
DIA,1,0.06011669,0.93988331
DIA,1,0.18519711,0.81480289
DIA,1,0.09034133,0.90965867
DIA,1,0.06870318,0.93129682
DIA,1,0.09418252,0.90581748
DIA,1,0.05658045,0.94341955
DIA,1,0.05627501,0.94372499
DIA,1,0.08032001,0.91967999
DIA,1,0.18426584,0.81573416
DIA,1,0.21670471,0.78329529
DIA,1,0.05773174,0.94226826
DIA,1,0.05965393,0.94034607
DIA,1,0.06083383,0.93916617
DIA,1,0.05612987,0.94387013
DIA,1,0.13087021,0.86912979
DIA,1,0.06986502,0.93013498
DIA,1,0.05911777,0.94088223
DIA,1,0.05615752,0.94384248
DIA,1,0.05997531,0.94002469
DIA,1,0.05628209,0.94371791
DIA,1,0.31672414,0.68327586
DIA,1,0.05625361,0.94374639
DIA,1,0.10842733,0.89157267
DIA,1,0.05646115,0.94353885
DIA,1,0.05682230,0.94317770
DIA,1,0.07412466,0.92587534
DIA,1,0.07455594,0.92544406
DIA,1,0.06373838,0.93626162
DIA,1,0.26284102,0.73715898
DIA,1,0.06893489,0.93106511
DIA,1,0.07296625,0.92703375
DIA,1,0.06173269,0.93826731
DIA,1,0.08121105,0.91878895
DIA,1,0.06283000,0.93717000
DIA,1,0.05616204,0.94383796
DIA,1,0.05614618,0.94385382
DIA,1,0.06249539,0.93750461
DIA,1,0.06359712,0.93640288
DIA,1,0.05775498,0.94224502
DIA,1,0.09471255,0.90528745
DIA,1,0.05953033,0.94046967
DIA,1,0.08348056,0.91651944
DIA,1,0.05788158,0.94211842
DIA,1,0.06976520,0.93023480
DIA,1,0.05905742,0.94094258
DIA,1,0.11244201,0.88755799
DIA,1,0.07261225,0.92738775
DIA,1,0.07846445,0.92153555
DIA,1,0.05717133,0.94282867
DIA,1,0.07818520,0.92181480
DIA,1,0.06183525,0.93816475
DIA,1,0.05959689,0.94040311
DIA,1,0.05667304,0.94332696
DIA,1,0.06247068,0.93752932
DIA,1,0.06702815,0.93297185
DIA,1,0.05932212,0.94067788
DIA,1,0.06662036,0.93337964
DIA,1,0.06842464,0.93157536
DIA,1,0.11510069,0.88489931
DIA,1,0.05620421,0.94379579
DIA,1,0.10076503,0.89923497
DIA,1,0.05637536,0.94362464
DIA,1,0.17103965,0.82896035
DIA,1,0.06421330,0.93578670
DIA,1,0.05706706,0.94293294
DIA,1,0.05668922,0.94331078
DIA,1,0.06340555,0.93659445
DIA,1,0.07080094,0.92919906
DIA,1,0.05613673,0.94386327
DIA,1,0.34199043,0.65800957
DIA,1,0.34478992,0.65521008
DIA,1,0.05686235,0.94313765
DIA,1,0.19822965,0.80177035
DIA,1,0.05621267,0.94378733
DIA,1,0.17961659,0.82038341
DIA,1,0.05612981,0.94387019
DIA,1,0.19822795,0.80177205
DIA,1,0.05992927,0.94007073
DIA,1,0.14207640,0.85792360
DIA,1,0.06108637,0.93891363
DIA,1,0.07794074,0.92205926
DIA,1,0.06050260,0.93949740
DIA,1,0.05834687,0.94165313
DIA,1,0.09615733,0.90384267
DIA,1,0.05613711,0.94386289
DIA,1,0.05799668,0.94200332
DIA,1,0.08141972,0.91858028
DIA,1,0.06555274,0.93444726
DIA,1,0.05613422,0.94386578
DIA,1,0.15936311,0.84063689
DIA,1,0.05781084,0.94218916
DIA,1,0.08913525,0.91086475
DIA,1,0.05826086,0.94173914
DIA,1,0.05912474,0.94087526
DIA,1,0.05814769,0.94185231
DIA,1,0.05618272,0.94381728
DIA,1,0.05617917,0.94382083
DIA,1,0.09635776,0.90364224
DIA,1,0.05627956,0.94372044
DIA,1,0.06352779,0.93647221
DIA,1,0.08583679,0.91416321
DIA,1,0.06100663,0.93899337
DIA,1,0.19360706,0.80639294
DIA,1,0.09229448,0.90770552
DIA,1,0.05615687,0.94384313
DIA,1,0.07268670,0.92731330
DIA,1,0.09582080,0.90417920
DIA,1,0.07804552,0.92195448
DIA,1,0.06839950,0.93160050
DIA,1,0.13109621,0.86890379
DIA,1,0.06092006,0.93907994
DIA,1,0.06212284,0.93787716
DIA,1,0.07263959,0.92736041
DIA,1,0.13339587,0.86660413
DIA,1,0.09021674,0.90978326
DIA,1,0.05806046,0.94193954
DIA,1,0.05615665,0.94384335
DIA,1,0.08628939,0.91371061
DIA,1,0.14911212,0.85088788
DIA,1,0.06029071,0.93970929
DIA,1,0.05922044,0.94077956
DIA,1,0.07225670,0.92774330
DIA,1,0.05720712,0.94279288
DIA,1,0.05834168,0.94165832
DIA,1,0.14266454,0.85733546
DIA,1,0.05740860,0.94259140
DIA,1,0.23159806,0.76840194
DIA,1,0.17944312,0.82055688
DIA,1,0.05674631,0.94325369
DIA,1,0.05850163,0.94149837
DIA,1,0.05982855,0.94017145
DIA,1,0.05730936,0.94269064
DIA,1,0.11749615,0.88250385
DIA,1,0.47663605,0.52336395
DIA,1,0.09679455,0.90320545
DIA,1,0.05651428,0.94348572
DIA,1,0.05621453,0.94378547
DIA,1,0.05613458,0.94386542
DIA,1,0.09243219,0.90756781
DIA,1,0.08396543,0.91603457
DIA,1,0.05726272,0.94273728
DIA,1,0.07315004,0.92684996
DIA,1,0.07028383,0.92971617
DIA,1,0.05929302,0.94070698
DIA,1,0.13490186,0.86509814
DIA,1,0.05828089,0.94171911
DIA,1,0.05626368,0.94373632
DIA,1,0.05930154,0.94069846
DIA,1,0.05619728,0.94380272
DIA,1,0.06518755,0.93481245
DIA,1,0.06779074,0.93220926
DIA,1,0.27791637,0.72208363
DIA,1,0.05639697,0.94360303
DIA,1,0.05630125,0.94369875
DIA,1,0.06440927,0.93559073
DIA,1,0.12843860,0.87156140
DIA,1,0.06473206,0.93526794
DIA,1,0.07398263,0.92601737
DIA,1,0.05621757,0.94378243
DIA,1,0.10254218,0.89745782
DIA,1,0.06482411,0.93517589
DIA,1,0.05739831,0.94260169
DIA,1,0.05704128,0.94295872
DIA,1,0.06866660,0.93133340
DIA,1,0.05632280,0.94367720
DIA,1,0.10700957,0.89299043
DIA,1,0.07394954,0.92605046
DIA,1,0.05707439,0.94292561
DIA,1,0.06627330,0.93372670
DIA,1,0.08057972,0.91942028
DIA,1,0.05746865,0.94253135
DIA,1,0.05981367,0.94018633
DIA,1,0.05759278,0.94240722
DIA,1,0.06868423,0.93131577
DIA,1,0.11343123,0.88656877
DIA,1,0.06300173,0.93699827
DIA,1,0.05809496,0.94190504
DIA,1,0.05723958,0.94276042
DIA,1,0.05706803,0.94293197
DIA,1,0.07398820,0.92601180
DIA,1,0.06978996,0.93021004
DIA,1,0.12148038,0.87851962
DIA,1,0.06386415,0.93613585
DIA,1,0.08252646,0.91747354
DIA,1,0.08983039,0.91016961
DIA,1,0.08360133,0.91639867
DIA,1,0.09215125,0.90784875
DIA,1,0.06009094,0.93990906
DIA,1,0.10025140,0.89974860
DIA,1,0.06461487,0.93538513
DIA,1,0.05935824,0.94064176
DIA,1,0.06389660,0.93610340
DIA,1,0.07200074,0.92799926
DIA,1,0.07680352,0.92319648
DIA,1,0.06670075,0.93329925
DIA,1,0.05612780,0.94387220
DIA,1,0.15063083,0.84936917
DIA,1,0.05649242,0.94350758
DIA,1,0.05642520,0.94357480
DIA,1,0.07143128,0.92856872
DIA,1,0.08655276,0.91344724
DIA,1,0.06788950,0.93211050
DIA,1,0.05613206,0.94386794
DIA,1,0.06448226,0.93551774
DIA,1,0.05613464,0.94386536
DIA,1,0.08621887,0.91378113
DIA,1,0.05840239,0.94159761
DIA,1,0.33049607,0.66950393
DIA,1,0.06585884,0.93414116
DIA,1,0.08619340,0.91380660
DIA,1,0.10625599,0.89374401
DIA,1,0.07596253,0.92403747
DIA,1,0.06990792,0.93009208
DIA,1,0.05674022,0.94325978
DIA,1,0.05757328,0.94242672
DIA,1,0.11995217,0.88004783
DIA,1,0.05622547,0.94377453
DIA,1,0.05837079,0.94162921
DIA,1,0.11994708,0.88005292
DIA,1,0.06148539,0.93851461
DIA,1,0.07995416,0.92004584
DIA,1,0.05829518,0.94170482
DIA,1,0.06963130,0.93036870
DIA,1,0.13729651,0.86270349
DIA,1,0.05710709,0.94289291
DIA,1,0.05615742,0.94384258
DIA,1,0.07433610,0.92566390
DIA,1,0.11143040,0.88856960
DIA,1,0.05813067,0.94186933
DIA,1,0.05695475,0.94304525
DIA,1,0.06347222,0.93652778
DIA,1,0.08461347,0.91538653
DIA,1,0.17084870,0.82915130
DIA,1,0.05885695,0.94114305
DIA,1,0.11600846,0.88399154
DIA,1,0.05643403,0.94356597
DIA,1,0.06243518,0.93756482
DIA,1,0.05997935,0.94002065
DIA,1,0.07372714,0.92627286
DIA,1,0.08753115,0.91246885
DIA,1,0.05770028,0.94229972
DIA,1,0.07129990,0.92870010
DIA,1,0.11091729,0.88908271
DIA,1,0.19040844,0.80959156
DIA,1,0.59814739,0.40185261
DIA,1,0.06062892,0.93937108
DIA,1,0.07045817,0.92954183
DIA,1,0.13806521,0.86193479
DIA,1,0.57292026,0.42707974
DIA,1,0.06477830,0.93522170
DIA,1,0.08957735,0.91042265
DIA,1,0.09463737,0.90536263
DIA,1,0.06333695,0.93666305
DIA,1,0.17096799,0.82903201
DIA,1,0.13908007,0.86091993
DIA,1,0.07989008,0.92010992
DIA,1,0.05655436,0.94344564
DIA,1,0.17463124,0.82536876
DIA,1,0.06093699,0.93906301
DIA,1,0.05613575,0.94386425
DIA,1,0.06275862,0.93724138
DIA,1,0.11402376,0.88597624
DIA,1,0.05660183,0.94339817
DIA,1,0.13163780,0.86836220
DIA,1,0.07237755,0.92762245
DIA,1,0.13050406,0.86949594
DIA,1,0.09901733,0.90098267
DIA,1,0.20634284,0.79365716
DIA,1,0.06272910,0.93727090
DIA,1,0.05756641,0.94243359
DIA,1,0.06684037,0.93315963
DIA,1,0.05710068,0.94289932
DIA,1,0.06579461,0.93420539
DIA,1,0.08391029,0.91608971
DIA,1,0.05665158,0.94334842
DIA,1,0.08269191,0.91730809
DIA,1,0.08401480,0.91598520
DIA,1,0.05655372,0.94344628
DIA,1,0.10084422,0.89915578
DIA,1,0.05613675,0.94386325
DIA,1,0.05722525,0.94277475
DIA,1,0.05622300,0.94377700
DIA,1,0.05879400,0.94120600
DIA,1,0.05667680,0.94332320
DIA,1,0.05658268,0.94341732
DIA,1,0.05880823,0.94119177
DIA,1,0.05785510,0.94214490
DIA,1,0.05687850,0.94312150
DIA,1,0.06469988,0.93530012
DIA,1,0.05654076,0.94345924
DIA,1,0.05656405,0.94343595
DIA,1,0.05673970,0.94326030
DIA,1,0.32524813,0.67475187
DIA,1,0.20091870,0.79908130
DIA,1,0.05734903,0.94265097
DIA,1,0.13965411,0.86034589
DIA,1,0.05805958,0.94194042
DIA,1,0.11734914,0.88265086
DIA,1,0.05785649,0.94214351
DIA,1,0.08038809,0.91961191
DIA,1,0.10745906,0.89254094
DIA,1,0.05841724,0.94158276
DIA,1,0.24725324,0.75274676
DIA,1,0.09035724,0.90964276
DIA,1,0.05612780,0.94387220
DIA,1,0.06386188,0.93613812
DIA,1,0.08252232,0.91747768
DIA,1,0.05736677,0.94263323
DIA,1,0.07485162,0.92514838
DIA,1,0.07570992,0.92429008
DIA,1,0.06585494,0.93414506
DIA,1,0.07047524,0.92952476
DIA,1,0.05744468,0.94255532
DIA,1,0.06792060,0.93207940
DIA,1,0.05789995,0.94210005
DIA,1,0.06957068,0.93042932
DIA,1,0.08054599,0.91945401
DIA,1,0.07106042,0.92893958
DIA,1,0.05821263,0.94178737
DIA,1,0.07118324,0.92881676
DIA,1,0.05749794,0.94250206
DIA,1,0.09268831,0.90731169
DIA,1,0.07144458,0.92855542
DIA,1,0.05870349,0.94129651
DIA,1,0.08426334,0.91573666
DIA,1,0.05698156,0.94301844
DIA,1,0.09650631,0.90349369
DIA,1,0.08477296,0.91522704
DIA,1,0.05903149,0.94096851
DIA,1,0.14256137,0.85743863
DIA,1,0.05914990,0.94085010
DIA,1,0.05633594,0.94366406
DIA,1,0.05621240,0.94378760
DIA,1,0.05660374,0.94339626
DIA,1,0.06652470,0.93347530
DIA,1,0.09703525,0.90296475
DIA,1,0.05644078,0.94355922
DIA,1,0.06805067,0.93194933
DIA,1,0.07329547,0.92670453
DIA,1,0.06474037,0.93525963
DIA,1,0.07537361,0.92462639
DIA,1,0.05719647,0.94280353
DIA,1,0.05692223,0.94307777
DIA,1,0.20662929,0.79337071
DIA,1,0.06959163,0.93040837
DIA,1,0.06075820,0.93924180
DIA,1,0.08612721,0.91387279
DIA,1,0.05660840,0.94339160
DIA,1,0.09153591,0.90846409
DIA,1,0.07166592,0.92833408
DIA,1,0.05648604,0.94351396
DIA,1,0.09103063,0.90896937
DIA,1,0.08453550,0.91546450
DIA,1,0.09029997,0.90970003
DIA,1,0.12880152,0.87119848
DIA,1,0.06145002,0.93854998
DIA,1,0.05613319,0.94386681
DIA,1,0.05845015,0.94154985
DIA,1,0.05698033,0.94301967
DIA,1,0.05742004,0.94257996
DIA,1,0.08846903,0.91153097
DIA,1,0.05813912,0.94186088
DIA,1,0.06025494,0.93974506
DIA,1,0.10747558,0.89252442
DIA,1,0.18210375,0.81789625
DIA,1,0.06320378,0.93679622
DIA,1,0.05615853,0.94384147
DIA,1,0.06902195,0.93097805
DIA,1,0.05654697,0.94345303
DIA,1,0.06147840,0.93852160
DIA,1,0.05617305,0.94382695
DIA,1,0.08088177,0.91911823
DIA,1,0.07732915,0.92267085
DIA,1,0.07153442,0.92846558
DIA,1,0.16166412,0.83833588
DIA,1,0.15857514,0.84142486
DIA,1,0.08618110,0.91381890
DIA,1,0.32617327,0.67382673
DIA,1,0.05632135,0.94367865
DIA,1,0.06085890,0.93914110
DIA,1,0.14878784,0.85121216
DIA,1,0.31923127,0.68076873
DIA,1,0.06784493,0.93215507
DIA,1,0.05991505,0.94008495
DIA,1,0.07444719,0.92555281
DIA,1,0.06953756,0.93046244
DIA,1,0.05672370,0.94327630
DIA,1,0.06981685,0.93018315
DIA,1,0.06342235,0.93657765
DIA,1,0.05615604,0.94384396
DIA,1,0.10266149,0.89733851
DIA,1,0.06827235,0.93172765
DIA,1,0.05698223,0.94301777
DIA,1,0.05649671,0.94350329
DIA,1,0.05673421,0.94326579
DIA,1,0.06417308,0.93582692
DIA,1,0.06629783,0.93370217
DIA,1,0.07000692,0.92999308
DIA,1,0.06875626,0.93124374
DIA,1,0.06558414,0.93441586
DIA,1,0.05749157,0.94250843
DIA,1,0.06216808,0.93783192
DIA,1,0.05625637,0.94374363
DIA,1,0.08738798,0.91261202
DIA,1,0.10671198,0.89328802
DIA,1,0.05872056,0.94127944
DIA,1,0.06425118,0.93574882
DIA,1,0.05739223,0.94260777
DIA,1,0.06383256,0.93616744
DIA,1,0.07101181,0.92898819
DIA,1,0.05748598,0.94251402
DIA,1,0.05642529,0.94357471
DIA,1,0.06861722,0.93138278
DIA,1,0.07361991,0.92638009
DIA,1,0.05616272,0.94383728
DIA,1,0.05627111,0.94372889
DIA,1,0.06220981,0.93779019
DIA,1,0.06064148,0.93935852
DIA,1,0.05862875,0.94137125
DIA,1,0.06996195,0.93003805
DIA,1,0.05613711,0.94386289
DIA,1,0.11573846,0.88426154
DIA,1,0.05649418,0.94350582
DIA,1,0.05649784,0.94350216
DIA,1,0.07653253,0.92346747
DIA,1,0.15102106,0.84897894
DIA,1,0.06353929,0.93646071
DIA,1,0.05620892,0.94379108
DIA,1,0.08245250,0.91754750
DIA,1,0.07010055,0.92989945
DIA,1,0.05618553,0.94381447
DIA,1,0.05987643,0.94012357
DIA,1,0.08290950,0.91709050
DIA,1,0.05643039,0.94356961
DIA,1,0.07296140,0.92703860
DIA,1,0.06471598,0.93528402
DIA,1,0.05801904,0.94198096
DIA,1,0.58492509,0.41507491
DIA,1,0.05619012,0.94380988
DIA,1,0.05859880,0.94140120
DIA,1,0.05612897,0.94387103
DIA,1,0.10738738,0.89261262
DIA,1,0.11531576,0.88468424
DIA,1,0.05612993,0.94387007
DIA,1,0.06099978,0.93900022
DIA,1,0.09045370,0.90954630
DIA,1,0.09961564,0.90038436
DIA,1,0.07516761,0.92483239
DIA,1,0.05612786,0.94387214
DIA,1,0.06549671,0.93450329
DIA,1,0.11441231,0.88558769
DIA,1,0.06047509,0.93952491
DIA,1,0.06159041,0.93840959
DIA,1,0.05824219,0.94175781
DIA,1,0.16884863,0.83115137
DIA,1,0.06272492,0.93727508
DIA,1,0.07268871,0.92731129
DIA,1,0.05612808,0.94387192
DIA,1,0.06438139,0.93561861
DIA,1,0.07269173,0.92730827
DIA,1,0.07158756,0.92841244
DIA,1,0.05672610,0.94327390
DIA,1,0.06066916,0.93933084
DIA,1,0.10614405,0.89385595
DIA,1,0.06648668,0.93351332
DIA,1,0.05806577,0.94193423
DIA,1,0.05626666,0.94373334
DIA,1,0.07249580,0.92750420
DIA,1,0.05717760,0.94282240
DIA,1,0.05879138,0.94120862
DIA,1,0.05979960,0.94020040
DIA,1,0.10650861,0.89349139
DIA,1,0.05637075,0.94362925
DIA,1,0.07985262,0.92014738
DIA,1,0.07262630,0.92737370
DIA,1,0.06475832,0.93524168
DIA,1,0.05930002,0.94069998
DIA,1,0.05615769,0.94384231
DIA,1,0.06174401,0.93825599
DIA,1,0.08160705,0.91839295
DIA,1,0.06198068,0.93801932
DIA,1,0.05624411,0.94375589
DIA,1,0.05910409,0.94089591
DIA,1,0.10047159,0.89952841
DIA,1,0.06691176,0.93308824
DIA,1,0.07008225,0.92991775
DIA,1,0.06431717,0.93568283
DIA,1,0.05990165,0.94009835
DIA,1,0.07108743,0.92891257
DIA,1,0.06210546,0.93789454
DIA,1,0.05754525,0.94245475
DIA,1,0.10121397,0.89878603
DIA,1,0.05676381,0.94323619
DIA,1,0.06561937,0.93438063
DIA,1,0.06091643,0.93908357
DIA,1,0.05655499,0.94344501
DIA,1,0.07207125,0.92792875
DIA,1,0.39007514,0.60992486
DIA,1,0.05852077,0.94147923
DIA,1,0.07236895,0.92763105
DIA,1,0.05645671,0.94354329
DIA,1,0.05652147,0.94347853
DIA,1,0.06693546,0.93306454
DIA,1,0.07345397,0.92654603
DIA,1,0.06013330,0.93986670
DIA,1,0.05670664,0.94329336
DIA,1,0.05829952,0.94170048
DIA,1,0.07585994,0.92414006
DIA,1,0.05647436,0.94352564
DIA,1,0.06095543,0.93904457
DIA,1,0.17260944,0.82739056
DIA,1,0.05722302,0.94277698
DIA,1,0.06709040,0.93290960
DIA,1,0.05630547,0.94369453
DIA,1,0.16971231,0.83028769
DIA,1,0.14951020,0.85048980
DIA,1,0.06116900,0.93883100
DIA,1,0.05620988,0.94379012
DIA,1,0.53804469,0.46195531
DIA,1,0.09705275,0.90294725
DIA,1,0.05644239,0.94355761
DIA,1,0.05720728,0.94279272
DIA,1,0.05907086,0.94092914
DIA,1,0.05712916,0.94287084
DIA,1,0.09776319,0.90223681
DIA,1,0.07921920,0.92078080
DIA,1,0.32707860,0.67292140
DIA,1,0.06964132,0.93035868
DIA,1,0.10043180,0.89956820
DIA,1,0.05620849,0.94379151
DIA,1,0.45823535,0.54176465
DIA,1,0.07204512,0.92795488
DIA,1,0.08041283,0.91958717
DIA,1,0.05614378,0.94385622
DIA,1,0.06449547,0.93550453
DIA,1,0.11137488,0.88862512
DIA,1,0.10105229,0.89894771
DIA,1,0.11325581,0.88674419
DIA,1,0.53823932,0.46176068
DIA,1,0.05702919,0.94297081
DIA,1,0.07847349,0.92152651
DIA,1,0.05879451,0.94120549
DIA,1,0.11483717,0.88516283
DIA,1,0.06650184,0.93349816
DIA,1,0.06069515,0.93930485
DIA,1,0.06745108,0.93254892
DIA,1,0.12955720,0.87044280
DIA,1,0.06191533,0.93808467
DIA,1,0.61341528,0.38658472
DIA,1,0.05794315,0.94205685
DIA,1,0.07888483,0.92111517
DIA,1,0.07573447,0.92426553
DIA,1,0.07412310,0.92587690
DIA,1,0.15083647,0.84916353
DIA,1,0.05614053,0.94385947
DIA,1,0.05991987,0.94008013
DIA,1,0.13345883,0.86654117
DIA,1,0.33874177,0.66125823
DIA,1,0.14228698,0.85771302
DIA,1,0.05612977,0.94387023
DIA,1,0.06744813,0.93255187
DIA,1,0.60435115,0.39564885
DIA,1,0.07405818,0.92594182
DIA,1,0.07477019,0.92522981
DIA,1,0.34160511,0.65839489
DIA,1,0.07489822,0.92510178
DIA,1,0.05616248,0.94383752
DIA,1,0.05614460,0.94385540
DIA,1,0.13188440,0.86811560
DIA,1,0.05819854,0.94180146
DIA,1,0.07162675,0.92837325
DIA,1,0.07549750,0.92450250
DIA,1,0.06496508,0.93503492
DIA,1,0.05613333,0.94386667
DIA,1,0.05769611,0.94230389
DIA,1,0.06451893,0.93548107
DIA,1,0.10511628,0.89488372
DIA,1,0.06213735,0.93786265
DIA,1,0.05995473,0.94004527
DIA,1,0.05629499,0.94370501
DIA,1,0.16111650,0.83888350
DIA,1,0.11209180,0.88790820
DIA,1,0.05698470,0.94301530
DIA,1,0.06413898,0.93586102
DIA,1,0.05982934,0.94017066
DIA,1,0.05635584,0.94364416
DIA,1,0.06256263,0.93743737
DIA,1,0.05616115,0.94383885
DIA,1,0.05749392,0.94250608
DIA,1,0.07310752,0.92689248
DIA,1,0.05802848,0.94197152
DIA,1,0.05683515,0.94316485
DIA,1,0.05612943,0.94387057
DIA,1,0.08401183,0.91598817
DIA,1,0.05660477,0.94339523
DIA,1,0.07075253,0.92924747
DIA,1,0.08199516,0.91800484
DIA,1,0.06707066,0.93292934
DIA,1,0.05644620,0.94355380
DIA,1,0.10219090,0.89780910
DIA,1,0.06634986,0.93365014
DIA,1,0.05661906,0.94338094
DIA,1,0.05959196,0.94040804
DIA,1,0.05615775,0.94384225
DIA,1,0.05682569,0.94317431
DIA,1,0.07505278,0.92494722
DIA,1,0.07689090,0.92310910
DIA,1,0.05951541,0.94048459
DIA,1,0.07202713,0.92797287
DIA,1,0.09772800,0.90227200
DIA,1,0.05860826,0.94139174
DIA,1,0.05923563,0.94076437
DIA,1,0.06065112,0.93934888
DIA,1,0.05658627,0.94341373
DIA,1,0.06711920,0.93288080
DIA,1,0.13566830,0.86433170
DIA,1,0.05830480,0.94169520
DIA,1,0.05684525,0.94315475
DIA,1,0.05624913,0.94375087
DIA,1,0.05643767,0.94356233
DIA,1,0.05676302,0.94323698
DIA,1,0.09072334,0.90927666
DIA,1,0.05744865,0.94255135
DIA,1,0.05750441,0.94249559
DIA,1,0.05873403,0.94126597
DIA,1,0.06124210,0.93875790
DIA,1,0.05768930,0.94231070
DIA,1,0.05631206,0.94368794
DIA,1,0.11013106,0.88986894
DIA,1,0.05737815,0.94262185
DIA,1,0.05630385,0.94369615
DIA,1,0.05876346,0.94123654
DIA,1,0.07311174,0.92688826
DIA,1,0.05641303,0.94358697
DIA,1,0.05623828,0.94376172
DIA,1,0.06418414,0.93581586
DIA,1,0.05695973,0.94304027
DIA,1,0.05962987,0.94037013
DIA,1,0.11429525,0.88570475
DIA,1,0.06827551,0.93172449
DIA,1,0.05784765,0.94215235
DIA,1,0.07339258,0.92660742
DIA,1,0.05613001,0.94386999
DIA,1,0.05784450,0.94215550
DIA,1,0.08382384,0.91617616
DIA,1,0.06118182,0.93881818
DIA,1,0.06626066,0.93373934
DIA,1,0.06120643,0.93879357
DIA,1,0.05766609,0.94233391
DIA,1,0.05615227,0.94384773
DIA,1,0.05622367,0.94377633
DIA,1,0.06264809,0.93735191
DIA,1,0.20332336,0.79667664
DIA,1,0.05613759,0.94386241
DIA,1,0.08645126,0.91354874
DIA,1,0.05614802,0.94385198
DIA,1,0.05850059,0.94149941
DIA,1,0.08301582,0.91698418
DIA,1,0.06555959,0.93444041
DIA,1,0.05711193,0.94288807
DIA,1,0.05928953,0.94071047
DIA,1,0.05819804,0.94180196
DIA,1,0.05772057,0.94227943
DIA,1,0.05648791,0.94351209
DIA,1,0.05612994,0.94387006
DIA,1,0.09194280,0.90805720
DIA,1,0.06010825,0.93989175
DIA,1,0.05613785,0.94386215
DIA,1,0.05866067,0.94133933
DIA,1,0.05619752,0.94380248
DIA,1,0.06163289,0.93836711
DIA,1,0.07831370,0.92168630
DIA,1,0.06652189,0.93347811
DIA,1,0.09970189,0.90029811
DIA,1,0.05612872,0.94387128
DIA,1,0.06056799,0.93943201
DIA,1,0.05631794,0.94368206
DIA,1,0.05626940,0.94373060
DIA,1,0.07849674,0.92150326
DIA,1,0.05712800,0.94287200
DIA,1,0.05619296,0.94380704
DIA,1,0.05791847,0.94208153
DIA,1,0.07409330,0.92590670
DIA,1,0.06261500,0.93738500
DIA,1,0.05864676,0.94135324
DIA,1,0.05615716,0.94384284
DIA,1,0.05638628,0.94361372
DIA,1,0.05615531,0.94384469
DIA,1,0.08238861,0.91761139
DIA,1,0.06333715,0.93666285
DIA,1,0.08505573,0.91494427
DIA,1,0.10268975,0.89731025
DIA,1,0.05793895,0.94206105
DIA,1,0.05614510,0.94385490
DIA,1,0.05921242,0.94078758
DIA,1,0.09193796,0.90806204
DIA,1,0.06683563,0.93316437
DIA,1,0.05682125,0.94317875
DIA,1,0.05624634,0.94375366
DIA,1,0.05620273,0.94379727
DIA,1,0.05613018,0.94386982
DIA,1,0.05849650,0.94150350
DIA,1,0.06655319,0.93344681
DIA,1,0.05919892,0.94080108
DIA,1,0.09077606,0.90922394
DIA,1,0.08652070,0.91347930
DIA,1,0.05864511,0.94135489
DIA,1,0.05618111,0.94381889
DIA,1,0.05712948,0.94287052
DIA,1,0.06225455,0.93774545
DIA,1,0.06533617,0.93466383
DIA,1,0.06132755,0.93867245
DIA,1,0.05705707,0.94294293
DIA,1,0.99844969,0.00155031
DIA,1,0.05716074,0.94283926
DIA,1,0.05879993,0.94120007
DIA,1,0.12119129,0.87880871
DIA,1,0.07462251,0.92537749
DIA,1,0.17798719,0.82201281
DIA,1,0.05614159,0.94385841
DIA,1,0.07076390,0.92923610
DIA,1,0.05744973,0.94255027
DIA,1,0.06186662,0.93813338
DIA,1,0.58555862,0.41444138
DIA,1,0.06050913,0.93949087
DIA,1,0.05903980,0.94096020
DIA,1,0.06307901,0.93692099
DIA,1,0.10637686,0.89362314
DIA,1,0.07295549,0.92704451
DIA,1,0.20349964,0.79650036
DIA,1,0.05818113,0.94181887
DIA,1,0.05737652,0.94262348
DIA,1,0.05642648,0.94357352
DIA,1,0.07307798,0.92692202
DIA,1,0.09518863,0.90481137
DIA,1,0.06101773,0.93898227
DIA,1,0.05639074,0.94360926
DIA,1,0.05847473,0.94152527
DIA,1,0.12790323,0.87209677
DIA,1,0.05874089,0.94125911
DIA,1,0.05899315,0.94100685
DIA,1,0.05648911,0.94351089
DIA,1,0.05620967,0.94379033
DIA,1,0.08254526,0.91745474
DIA,1,0.06744241,0.93255759
DIA,1,0.06888798,0.93111202
DIA,1,0.10299620,0.89700380
DIA,1,0.06720106,0.93279894
DIA,1,0.05951194,0.94048806
DIA,1,0.05627053,0.94372947
DIA,1,0.16113137,0.83886863
DIA,1,0.05851033,0.94148967
DIA,1,0.05869443,0.94130557
DIA,1,0.13162668,0.86837332
DIA,1,0.05798671,0.94201329
DIA,1,0.05684157,0.94315843
DIA,1,0.06491683,0.93508317
DIA,1,0.06930692,0.93069308
DIA,1,0.07550970,0.92449030
DIA,1,0.05939950,0.94060050
DIA,1,0.05778664,0.94221336
DIA,1,0.06270558,0.93729442
DIA,1,0.05612781,0.94387219
DIA,1,0.06357077,0.93642923
DIA,1,0.13422142,0.86577858
DIA,1,0.08594732,0.91405268
DIA,1,0.05833418,0.94166582
DIA,1,0.05991000,0.94009000
DIA,1,0.09091635,0.90908365
DIA,1,0.05614022,0.94385978
DIA,1,0.07299351,0.92700649
DIA,1,0.05624727,0.94375273
DIA,1,0.05616682,0.94383318
DIA,1,0.05663359,0.94336641
DIA,1,0.07658082,0.92341918
DIA,1,0.06517584,0.93482416
DIA,1,0.05704336,0.94295664
DIA,1,0.09509912,0.90490088
DIA,1,0.05616105,0.94383895
DIA,1,0.06000019,0.93999981
DIA,1,0.05643922,0.94356078
DIA,1,0.07326734,0.92673266
DIA,1,0.12070712,0.87929288
DIA,1,0.31005393,0.68994607
DIA,1,0.13030209,0.86969791
DIA,1,0.05657602,0.94342398
DIA,1,0.11468754,0.88531246
DIA,1,0.19963825,0.80036175
DIA,1,0.07712735,0.92287265
DIA,1,0.07956708,0.92043292
DIA,1,0.05702337,0.94297663
DIA,1,0.05710100,0.94289900
DIA,1,0.13104380,0.86895620
DIA,1,0.06104353,0.93895647
DIA,1,0.20883172,0.79116828
DIA,1,0.05747343,0.94252657
DIA,1,0.05668624,0.94331376
DIA,1,0.07877951,0.92122049
DIA,1,0.05613712,0.94386288
DIA,1,0.05661220,0.94338780
DIA,1,0.10855731,0.89144269
DIA,1,0.06299692,0.93700308
DIA,1,0.05628040,0.94371960
DIA,1,0.06108542,0.93891458
DIA,1,0.06042993,0.93957007
DIA,1,0.13227247,0.86772753
DIA,1,0.06672418,0.93327582
DIA,1,0.70314666,0.29685334
DIA,1,0.06796027,0.93203973
DIA,1,0.06141717,0.93858283
DIA,1,0.05744933,0.94255067
DIA,1,0.06242083,0.93757917
DIA,1,0.07132761,0.92867239
DIA,1,0.12360421,0.87639579
DIA,1,0.07251576,0.92748424
DIA,1,0.31896316,0.68103684
DIA,1,0.06209356,0.93790644
DIA,1,0.79055740,0.20944260
DIA,1,0.42133937,0.57866063
DIA,1,0.07208837,0.92791163
DIA,1,0.12736716,0.87263284
DIA,1,0.12684339,0.87315661
DIA,1,0.09677935,0.90322065
DIA,1,0.65495993,0.34504007
DIA,1,0.59988901,0.40011099
DIA,1,0.06519684,0.93480316
DIA,1,0.15073882,0.84926118
DIA,1,0.97225074,0.02774926
DIA,1,0.06662212,0.93337788
DIA,1,0.05620484,0.94379516
DIA,1,0.31881149,0.68118851
DIA,1,0.23973352,0.76026648
DIA,1,0.05844323,0.94155677
DIA,1,0.45411900,0.54588100
DIA,1,0.06659643,0.93340357
DIA,1,0.05801128,0.94198872
DIA,1,0.13543528,0.86456472
DIA,1,0.05647165,0.94352835
DIA,1,0.13333999,0.86666001
DIA,1,0.06128877,0.93871123
DIA,1,0.73579804,0.26420196
DIA,1,0.39458633,0.60541367
DIA,1,0.05841853,0.94158147
DIA,1,0.09902932,0.90097068
DIA,1,0.08666303,0.91333697
DIA,1,0.12217455,0.87782545
DIA,1,0.06158958,0.93841042
DIA,1,0.50110009,0.49889991
DIA,1,0.05621477,0.94378523
DIA,1,0.22002848,0.77997152
DIA,1,0.05613611,0.94386389
DIA,1,0.11711778,0.88288222
DIA,1,0.05814291,0.94185709
DIA,1,0.05966143,0.94033857
DIA,1,0.89362442,0.10637558
DIA,1,0.08692978,0.91307022
DIA,1,0.06043984,0.93956016
DIA,1,0.06201380,0.93798620
DIA,1,0.06398954,0.93601046
DIA,1,0.05661925,0.94338075
DIA,1,0.08455328,0.91544672
DIA,1,0.06045351,0.93954649
DIA,1,0.05660118,0.94339882
DIA,1,0.21487740,0.78512260
DIA,1,0.05745601,0.94254399
DIA,1,0.07334825,0.92665175
DIA,1,0.05612791,0.94387209
DIA,1,0.07827107,0.92172893
DIA,1,0.05660945,0.94339055
DIA,1,0.09652692,0.90347308
DIA,1,0.07015299,0.92984701
DIA,1,0.06821313,0.93178687
DIA,1,0.06902710,0.93097290
DIA,1,0.08405045,0.91594955
DIA,1,0.07264152,0.92735848
DIA,1,0.05770681,0.94229319
DIA,1,0.05619021,0.94380979
DIA,1,0.95651954,0.04348046
DIA,1,0.05667971,0.94332029
DIA,1,0.09484123,0.90515877
DIA,1,0.05627799,0.94372201
DIA,1,0.05615495,0.94384505
DIA,1,0.11577735,0.88422265
DIA,1,0.07027915,0.92972085
DIA,1,0.06942266,0.93057734
DIA,1,0.11054961,0.88945039
DIA,1,0.92717897,0.07282103
DIA,1,0.05613843,0.94386157
DIA,1,0.06221594,0.93778406
DIA,1,0.09525690,0.90474310
DIA,1,0.94121605,0.05878395
DIA,1,0.06675442,0.93324558
DIA,1,0.40488964,0.59511036
DIA,1,0.07169883,0.92830117
DIA,1,0.87042221,0.12957779
DIA,1,0.06255067,0.93744933
DIA,1,0.11357703,0.88642297
DIA,1,0.06486690,0.93513310
DIA,1,0.34612349,0.65387651
DIA,1,0.05917701,0.94082299
DIA,1,0.33058114,0.66941886
DIA,1,0.18537367,0.81462633
DIA,1,0.41179716,0.58820284
DIA,1,0.28586335,0.71413665
DIA,1,0.95270629,0.04729371
DIA,1,0.06256793,0.93743207
DIA,1,0.06626536,0.93373464
DIA,1,0.06319892,0.93680108
DIA,1,0.06976713,0.93023287
DIA,1,0.24246100,0.75753900
DIA,1,0.23552763,0.76447237
DIA,1,0.05708883,0.94291117
DIA,1,0.08588182,0.91411818
DIA,1,0.69650391,0.30349609
DIA,1,0.05684642,0.94315358
DIA,1,0.06176987,0.93823013
DIA,1,0.19286589,0.80713411
DIA,1,0.23477089,0.76522911
DIA,1,0.06305412,0.93694588
DIA,1,0.05711835,0.94288165
DIA,1,0.05950639,0.94049361
DIA,1,0.30599520,0.69400480
DIA,1,0.09884490,0.90115510
DIA,1,0.05635806,0.94364194
DIA,1,0.24114144,0.75885856
DIA,1,0.05634362,0.94365638
DIA,1,0.08684036,0.91315964
DIA,1,0.41939064,0.58060936
DIA,1,0.05619755,0.94380245
DIA,1,0.59734662,0.40265338
DIA,1,0.05623845,0.94376155
DIA,1,0.50568528,0.49431472
DIA,1,0.11950624,0.88049376
DIA,1,0.12202890,0.87797110
DIA,1,0.50918182,0.49081818
DIA,1,0.16159658,0.83840342
DIA,1,0.67777551,0.32222449
DIA,1,0.06609677,0.93390323
DIA,1,0.91615402,0.08384598
DIA,1,0.08161623,0.91838377
DIA,1,0.13981766,0.86018234
DIA,1,0.86301817,0.13698183
DIA,1,0.13496811,0.86503189
DIA,1,0.20068464,0.79931536
DIA,1,0.20082729,0.79917271
DIA,1,0.10293706,0.89706294
DIA,1,0.05863069,0.94136931
DIA,1,0.34621119,0.65378881
DIA,1,0.09943344,0.90056656
DIA,1,0.09057955,0.90942045
DIA,1,0.99183295,0.00816705
DIA,1,0.08890148,0.91109852
DIA,1,0.06139227,0.93860773
DIA,1,0.06806565,0.93193435
DIA,1,0.06478019,0.93521981
DIA,1,0.14380945,0.85619055
DIA,1,0.28701288,0.71298712
DIA,1,0.18917843,0.81082157
DIA,1,0.06165403,0.93834597
DIA,1,0.05664016,0.94335984
DIA,1,0.08351020,0.91648980
DIA,1,0.13816845,0.86183155
DIA,1,0.08083797,0.91916203
DIA,1,0.31777539,0.68222461
DIA,1,0.12521301,0.87478699
DIA,1,0.05709488,0.94290512
DIA,1,0.10126762,0.89873238
DIA,1,0.94308957,0.05691043
DIA,1,0.05938467,0.94061533
DIA,1,0.06253715,0.93746285
DIA,1,0.06036833,0.93963167
DIA,1,0.41781204,0.58218796
DIA,1,0.21843689,0.78156311
DIA,1,0.22998562,0.77001438
DIA,1,0.99862954,0.00137046
DIA,1,0.05654571,0.94345429
DIA,1,0.05918037,0.94081963
DIA,1,0.32384478,0.67615522
DIA,1,0.05621371,0.94378629
DIA,1,0.99915052,0.00084948
DIA,1,0.69902809,0.30097191
DIA,1,0.57135931,0.42864069
DIA,1,0.37771049,0.62228951
DIA,1,0.05612869,0.94387131
DIA,1,0.10247242,0.89752758
DIA,1,0.12772969,0.87227031
DIA,1,0.08957150,0.91042850
DIA,1,0.06083389,0.93916611
DIA,1,0.99581569,0.00418431
DIA,1,0.05658287,0.94341713
DIA,1,0.05662094,0.94337906
DIA,1,0.05676488,0.94323512
DIA,1,0.05613525,0.94386475
DIA,1,0.05974704,0.94025296
DIA,1,0.06414331,0.93585669
DIA,1,0.06367743,0.93632257
DIA,1,0.63479459,0.36520541
DIA,1,0.06201362,0.93798638
DIA,1,0.06678866,0.93321134
DIA,1,0.68917320,0.31082680
DIA,1,0.05753174,0.94246826
DIA,1,0.46011499,0.53988501
DIA,1,0.05620544,0.94379456
DIA,1,0.09562518,0.90437482
DIA,1,0.05939656,0.94060344
DIA,1,0.08150175,0.91849825
DIA,1,0.06308137,0.93691863
DIA,1,0.05685558,0.94314442
DIA,1,0.06084393,0.93915607
DIA,1,0.05673316,0.94326684
DIA,1,0.25720112,0.74279888
DIA,1,0.06759139,0.93240861
DIA,1,0.07774408,0.92225592
DIA,1,0.06135100,0.93864900
DIA,1,0.30950196,0.69049804
DIA,1,0.05957562,0.94042438
DIA,1,0.10531577,0.89468423
DIA,1,0.10971594,0.89028406
DIA,1,0.05914601,0.94085399
DIA,1,0.06738831,0.93261169
DIA,1,0.08839152,0.91160848
DIA,1,0.05613714,0.94386286
DIA,1,0.06059588,0.93940412
DIA,1,0.28346220,0.71653780
DIA,1,0.54990370,0.45009630
DIA,1,0.05622383,0.94377617
DIA,1,0.14949103,0.85050897
DIA,1,0.06581584,0.93418416
DIA,1,0.06386553,0.93613447
DIA,1,0.06534602,0.93465398
DIA,1,0.05616339,0.94383661
DIA,1,0.13347902,0.86652098
DIA,1,0.10364243,0.89635757
DIA,1,0.05734661,0.94265339
DIA,1,0.39384578,0.60615422
DIA,1,0.99176786,0.00823214
DIA,1,0.06061330,0.93938670
DIA,1,0.05680329,0.94319671
DIA,1,0.38064135,0.61935865
DIA,1,0.06134483,0.93865517
DIA,1,0.22808005,0.77191995
DIA,1,0.05790201,0.94209799
DIA,1,0.10610489,0.89389511
DIA,1,0.15217322,0.84782678
DIA,1,0.05778357,0.94221643
DIA,1,0.47699639,0.52300361
DIA,1,0.05717240,0.94282760
DIA,1,0.06006498,0.93993502
DIA,1,0.05613520,0.94386480
DIA,1,0.99318257,0.00681743
DIA,1,0.16044343,0.83955657
DIA,1,0.05622058,0.94377942
DIA,1,0.05981223,0.94018777
DIA,1,0.25261495,0.74738505
DIA,1,0.06960364,0.93039636
DIA,1,0.06561038,0.93438962
DIA,1,0.19475018,0.80524982
DIA,1,0.60902467,0.39097533
DIA,1,0.07128610,0.92871390
DIA,1,0.13679329,0.86320671
DIA,1,0.06828444,0.93171556
DIA,1,0.10051157,0.89948843
DIA,1,0.88255221,0.11744779
DIA,1,0.64129025,0.35870975
DIA,1,0.07307058,0.92692942
DIA,1,0.05825512,0.94174488
DIA,1,0.15039010,0.84960990
DIA,1,0.06182982,0.93817018
DIA,1,0.89009648,0.10990352
DIA,1,0.05613594,0.94386406
DIA,1,0.70249986,0.29750014
DIA,1,0.75609781,0.24390219
DIA,1,0.47191785,0.52808215
DIA,1,0.36427716,0.63572284
DIA,1,0.07422580,0.92577420
DIA,1,0.06394405,0.93605595
DIA,1,0.98095244,0.01904756
DIA,1,0.07299897,0.92700103
DIA,1,0.55135460,0.44864540
DIA,1,0.89503118,0.10496882
DIA,1,0.07566917,0.92433083
DIA,1,0.15281802,0.84718198
DIA,1,0.12715054,0.87284946
DIA,1,0.07686246,0.92313754
DIA,1,0.06504917,0.93495083
DIA,1,0.28979201,0.71020799
DIA,1,0.18467646,0.81532354
DIA,1,0.06867318,0.93132682
DIA,1,0.05727692,0.94272308
DIA,1,0.40832391,0.59167609
DIA,1,0.58506270,0.41493730
DIA,1,0.05629099,0.94370901
DIA,1,0.09168072,0.90831928
DIA,1,0.53464441,0.46535559
DIA,1,0.20052408,0.79947592
DIA,1,0.06189648,0.93810352
DIA,1,0.05675141,0.94324859
DIA,1,0.99100273,0.00899727
DIA,1,0.05620930,0.94379070
DIA,1,0.93293708,0.06706292
DIA,1,0.79573806,0.20426194
DIA,1,0.05695758,0.94304242
DIA,1,0.26514236,0.73485764
DIA,1,0.05613974,0.94386026
DIA,1,0.99999921,0.00000079
DIA,1,0.10626655,0.89373345
DIA,1,0.99997596,0.00002404
DIA,1,0.99907884,0.00092116
DIA,1,0.99961671,0.00038329
DIA,1,0.99244490,0.00755510
DIA,1,0.42560575,0.57439425
DIA,1,0.06309629,0.93690371
DIA,1,0.44732941,0.55267059
DIA,1,0.17430709,0.82569291
DIA,1,1.00000000,0.00000000
DIA,1,0.99996398,0.00003602
DIA,1,0.05780317,0.94219683
DIA,1,0.99765276,0.00234724
DIA,1,0.44814771,0.55185229
DIA,1,0.99986310,0.00013690
DIA,1,1.00000000,0.00000000
DIA,1,0.89332794,0.10667206
DIA,1,1.00000000,0.00000000
DIA,1,0.71240955,0.28759045
DIA,1,1.00000000,0.00000000
DIA,1,0.05620688,0.94379312
DIA,1,1.00000000,0.00000000
DIA,1,0.99993894,0.00006106
DIA,1,0.12844629,0.87155371
DIA,1,0.99999856,0.00000144
DIA,1,0.73427366,0.26572634
DIA,1,1.00000000,0.00000000
DIA,1,0.28416521,0.71583479
DIA,1,0.99928297,0.00071703
DIA,1,0.96858049,0.03141951
DIA,1,1.00000000,0.00000000
DIA,1,0.05615658,0.94384342
DIA,1,0.63205368,0.36794632
DIA,1,0.41230265,0.58769735
DIA,1,0.05635693,0.94364307
DIA,1,0.99672519,0.00327481
DIA,1,0.99999996,0.00000004
DIA,1,1.00000000,0.00000000
DIA,1,0.87412196,0.12587804
DIA,1,0.07351906,0.92648094
DIA,1,0.67579444,0.32420556
DIA,1,0.99999998,0.00000002
DIA,1,1.00000000,0.00000000
DIA,1,0.99854519,0.00145481
DIA,1,0.98934858,0.01065142
DIA,1,0.32393673,0.67606327
DIA,1,0.99999999,0.00000001
DIA,1,1.00000000,0.00000000
DIA,1,1.00000000,0.00000000
DIA,1,1.00000000,0.00000000
DIA,1,0.09392708,0.90607292
DIA,1,0.98435001,0.01564999
DIA,1,0.23109342,0.76890658
DIA,1,1.00000000,0.00000000
DIA,1,0.94012958,0.05987042
DIA,1,0.82084717,0.17915283
DIA,1,0.86005829,0.13994171
DIA,1,0.97844395,0.02155605
DIA,1,0.99971327,0.00028673
DIA,1,0.90289397,0.09710603
DIA,1,0.07255656,0.92744344
DIA,1,0.76228769,0.23771231
DIA,1,0.07181525,0.92818475
DIA,1,0.08141959,0.91858041
DIA,1,0.99997727,0.00002273
DIA,1,0.09013090,0.90986910
DIA,1,0.94187447,0.05812553
DIA,1,0.06849307,0.93150693
DIA,1,0.08349781,0.91650219
DIA,1,0.17423980,0.82576020
DIA,1,0.06722402,0.93277598
DIA,1,0.07419121,0.92580879
DIA,1,0.06096547,0.93903453
DIA,1,0.70691806,0.29308194
DIA,1,0.23609926,0.76390074
DIA,1,0.99005515,0.00994485
DIA,1,0.07937018,0.92062982
DIA,1,0.07530018,0.92469982
DIA,1,0.96063855,0.03936145
DIA,1,0.07014811,0.92985189
DIA,1,0.37672412,0.62327588
DIA,1,0.33006793,0.66993207
DIA,1,0.06436602,0.93563398
DIA,1,0.99038500,0.00961500
DIA,1,0.05651739,0.94348261
DIA,1,0.09680248,0.90319752
DIA,1,0.99997299,0.00002701
DIA,1,0.99431062,0.00568938
DIA,1,0.12019965,0.87980035
DIA,1,0.07877788,0.92122212
DIA,1,0.06473208,0.93526792
DIA,1,0.08729450,0.91270550
DIA,1,0.90573376,0.09426624
DIA,1,0.92404328,0.07595672
DIA,1,0.66175290,0.33824710
DIA,1,0.11192776,0.88807224
DIA,1,0.39286659,0.60713341
DIA,1,0.21923195,0.78076805
DIA,1,0.16402542,0.83597458
DIA,1,0.97072060,0.02927940
DIA,1,0.05657398,0.94342602
DIA,1,0.99999984,0.00000016
DIA,1,0.05896514,0.94103486
DIA,1,0.05617476,0.94382524
DIA,1,0.12858938,0.87141062
DIA,1,0.99995667,0.00004333
DIA,1,0.05957522,0.94042478
DIA,1,0.16047766,0.83952234
DIA,1,0.25156412,0.74843588
DIA,1,0.99955283,0.00044717
DIA,1,0.98897445,0.01102555
DIA,1,0.09457370,0.90542630
DIA,1,0.19940589,0.80059411
DIA,1,0.44241677,0.55758323
DIA,1,0.99999882,0.00000118
DIA,1,0.10498509,0.89501491
DIA,1,0.73337288,0.26662712
DIA,1,0.99996772,0.00003228
DIA,1,0.05710187,0.94289813
DIA,1,0.15576076,0.84423924
DIA,1,1.00000000,0.00000000
DIA,1,0.06908405,0.93091595
DIA,1,0.99879727,0.00120273
DIA,1,0.12435067,0.87564933
DIA,1,0.05618318,0.94381682
DIA,1,0.88838063,0.11161937
DIA,1,0.23921440,0.76078560
DIA,1,0.12891692,0.87108308
DIA,1,0.43438095,0.56561905
DIA,1,1.00000000,0.00000000
DIA,1,0.11258042,0.88741958
DIA,1,0.12711227,0.87288773
DIA,1,0.83636431,0.16363569
DIA,1,0.39603556,0.60396444
DIA,1,0.99920825,0.00079175
DIA,1,0.10062171,0.89937829
DIA,1,0.67786465,0.32213535
DIA,1,0.98478878,0.01521122
DIA,1,0.08349382,0.91650618
DIA,1,0.06713990,0.93286010
DIA,1,0.87499840,0.12500160
DIA,1,0.06411959,0.93588041
DIA,1,0.99512081,0.00487919
DIA,1,0.05630121,0.94369879
DIA,1,0.42464454,0.57535546
DIA,1,0.17159114,0.82840886
DIA,1,0.19259029,0.80740971
DIA,1,0.05740050,0.94259950
DIA,1,0.99965552,0.00034448
DIA,1,0.19963942,0.80036058
DIA,1,0.10582223,0.89417777
DIA,1,0.09194940,0.90805060
DIA,1,0.30632119,0.69367881
DIA,1,0.06889004,0.93110996
DIA,1,0.05715284,0.94284716
DIA,1,0.67354176,0.32645824
DIA,1,0.05621402,0.94378598
DIA,1,0.06933124,0.93066876
DIA,1,0.94448429,0.05551571
DIA,1,0.05614568,0.94385432
DIA,1,0.15908288,0.84091712
DIA,1,0.14138546,0.85861454
DIA,1,0.49248882,0.50751118
DIA,1,0.37506706,0.62493294
DIA,1,0.06544957,0.93455043
DIA,1,0.72822072,0.27177928
DIA,1,0.06271352,0.93728648
DIA,1,0.08256707,0.91743293
DIA,1,0.96726757,0.03273243
DIA,1,0.05669734,0.94330266
DIA,1,0.07792841,0.92207159
DIA,1,0.33209340,0.66790660
DIA,1,0.06036403,0.93963597
DIA,1,0.83748850,0.16251150
DIA,1,0.51923528,0.48076472
DIA,1,0.13304222,0.86695778
DIA,1,0.17540703,0.82459297
DIA,1,0.95311245,0.04688755
DIA,1,0.06489999,0.93510001
DIA,1,0.08494739,0.91505261
DIA,1,0.09140313,0.90859687
DIA,1,0.05823408,0.94176592
DIA,1,0.05616104,0.94383896
DIA,1,0.05613768,0.94386232
DIA,1,0.05954670,0.94045330
DIA,1,0.06144913,0.93855087
DIA,1,0.06180133,0.93819867
DIA,1,0.70888418,0.29111582
DIA,1,0.24349523,0.75650477
DIA,1,0.05774292,0.94225708
DIA,1,0.07988941,0.92011059
DIA,1,0.05686334,0.94313666
DIA,1,0.86950265,0.13049735
DIA,1,0.06308348,0.93691652
DIA,1,0.05999804,0.94000196
DIA,1,0.64276630,0.35723370
DIA,1,0.05855334,0.94144666
DIA,1,0.12648247,0.87351753
DIA,1,0.10147837,0.89852163
DIA,1,0.07363407,0.92636593
DIA,1,0.94104264,0.05895736
DIA,1,0.06056407,0.93943593
DIA,1,0.54742840,0.45257160
DIA,1,0.05614662,0.94385338
DIA,1,0.05636108,0.94363892
DIA,1,0.06537948,0.93462052
DIA,1,0.76890810,0.23109190
DIA,1,0.06902846,0.93097154
DIA,1,0.99222828,0.00777172
DIA,1,0.21120857,0.78879143
DIA,1,0.06603890,0.93396110
DIA,1,0.16704468,0.83295532
DIA,1,0.09861979,0.90138021
DIA,1,0.06098323,0.93901677
DIA,1,0.66439857,0.33560143
DIA,1,0.06500446,0.93499554
DIA,1,0.05771389,0.94228611
DIA,1,0.05671533,0.94328467
DIA,1,0.06009871,0.93990129
DIA,1,0.10321824,0.89678176
DIA,1,0.05921245,0.94078755
DIA,1,0.18048724,0.81951276
DIA,1,0.06627920,0.93372080
DIA,1,0.06322290,0.93677710
DIA,1,0.06021960,0.93978040
DIA,1,0.16299973,0.83700027
DIA,1,0.05876324,0.94123676
DIA,1,0.13183735,0.86816265
DIA,1,0.16475050,0.83524950
DIA,1,0.06787623,0.93212377
DIA,1,0.09026429,0.90973571
DIA,1,0.67980405,0.32019595
DIA,1,0.08488129,0.91511871
DIA,1,0.08498233,0.91501767
DIA,1,0.09322832,0.90677168
DIA,1,0.40208256,0.59791744
DIA,1,0.05741110,0.94258890
DIA,1,0.06070500,0.93929500
DIA,1,0.05634306,0.94365694
DIA,1,0.06321109,0.93678891
DIA,1,0.06168902,0.93831098
DIA,1,0.06998064,0.93001936
DIA,1,0.62823747,0.37176253
DIA,1,0.06726659,0.93273341
DIA,1,0.07846309,0.92153691
DIA,1,0.13562237,0.86437763
DIA,1,0.07977571,0.92022429
DIA,1,0.07225697,0.92774303
DIA,1,0.10115965,0.89884035
DIA,1,0.05726702,0.94273298
DIA,1,0.05796416,0.94203584
DIA,1,0.07437569,0.92562431
DIA,1,0.15269621,0.84730379
DIA,1,0.05613372,0.94386628
DIA,1,0.06218254,0.93781746
DIA,1,0.06320168,0.93679832
DIA,1,0.06735143,0.93264857
DIA,1,0.09022174,0.90977826
DIA,1,0.06760810,0.93239190
DIA,1,0.06662198,0.93337802
DIA,1,0.17443272,0.82556728
DIA,1,0.06270429,0.93729571
DIA,1,0.06162525,0.93837475
DIA,1,0.71919696,0.28080304
DIA,1,0.06356245,0.93643755
DIA,1,0.15157338,0.84842662
DIA,1,0.25457327,0.74542673
DIA,1,0.05625204,0.94374796
DIA,1,0.07569944,0.92430056
DIA,1,0.09684189,0.90315811
DIA,1,0.05955584,0.94044416
DIA,1,0.05689155,0.94310845
DIA,1,0.24879128,0.75120872
DIA,1,0.07329050,0.92670950
DIA,1,0.07616516,0.92383484
DIA,1,0.10435954,0.89564046
DIA,1,0.06455287,0.93544713
DIA,1,0.11317735,0.88682265
DIA,1,0.17476693,0.82523307
DIA,1,0.11599567,0.88400433
DIA,1,0.14776218,0.85223782
DIA,1,0.05627327,0.94372673
DIA,1,0.16419798,0.83580202
DIA,1,0.55868411,0.44131589
DIA,1,0.86026485,0.13973515
DIA,1,0.07263366,0.92736634
DIA,1,0.05670451,0.94329549
DIA,1,0.06002495,0.93997505
DIA,1,0.67965943,0.32034057
DIA,1,0.06149301,0.93850699
DIA,1,0.63478154,0.36521846
DIA,1,0.06207703,0.93792297
DIA,1,0.06552517,0.93447483
DIA,1,0.10116231,0.89883769
DIA,1,0.07678018,0.92321982
DIA,1,0.22151250,0.77848750
DIA,1,0.06355319,0.93644681
DIA,1,0.05642569,0.94357431
DIA,1,0.10567709,0.89432291
DIA,1,0.05813076,0.94186924
DIA,1,0.18250262,0.81749738
DIA,1,0.05628609,0.94371391
DIA,1,0.05965246,0.94034754
DIA,1,0.25744997,0.74255003
DIA,1,0.05820075,0.94179925
DIA,1,0.17582385,0.82417615
DIA,1,0.05641301,0.94358699
DIA,1,0.09684283,0.90315717
DIA,1,0.05713131,0.94286869
DIA,1,0.05616612,0.94383388
DIA,1,0.12044587,0.87955413
DIA,1,0.06403962,0.93596038
DIA,1,0.08208052,0.91791948
DIA,1,0.08034974,0.91965026
DIA,1,0.06117944,0.93882056
DIA,1,0.06542282,0.93457718
DIA,1,0.05702110,0.94297890
DIA,1,0.18944551,0.81055449
DIA,1,0.05652175,0.94347825
DIA,1,0.09591063,0.90408937
DIA,1,0.07111800,0.92888200
DIA,1,0.05625681,0.94374319
DIA,1,0.06874809,0.93125191
DIA,1,0.06013534,0.93986466
DIA,1,0.05612897,0.94387103
DIA,1,0.05616223,0.94383777
DIA,1,0.14924451,0.85075549
DIA,1,0.22590291,0.77409709
DIA,1,0.05613123,0.94386877
DIA,1,0.05612961,0.94387039
DIA,1,0.06060557,0.93939443
DIA,1,0.05689830,0.94310170
DIA,1,0.06516035,0.93483965
DIA,1,0.06046278,0.93953722
DIA,1,0.06677177,0.93322823
DIA,1,0.06075550,0.93924450
DIA,1,0.10719542,0.89280458
DIA,1,0.12067340,0.87932660
DIA,1,0.12997225,0.87002775
DIA,1,0.71092471,0.28907529
DIA,1,0.80927308,0.19072692
DIA,1,0.05629243,0.94370757
DIA,1,0.05612936,0.94387064
DIA,1,0.06384082,0.93615918
DIA,1,0.13941034,0.86058966
DIA,1,0.07542629,0.92457371
DIA,1,0.14408639,0.85591361
DIA,1,0.15838521,0.84161479
DIA,1,0.05735065,0.94264935
DIA,1,0.95448481,0.04551519
DIA,1,0.05672581,0.94327419
DIA,1,0.12550413,0.87449587
DIA,1,0.23813053,0.76186947
DIA,1,0.05639486,0.94360514
DIA,1,0.12507254,0.87492746
DIA,1,0.06202557,0.93797443
DIA,1,0.34628762,0.65371238
DIA,1,0.06969769,0.93030231
DIA,1,0.09616265,0.90383735
DIA,1,0.05721556,0.94278444
DIA,1,0.05748013,0.94251987
DIA,1,0.11798183,0.88201817
DIA,1,0.09241873,0.90758127
DIA,1,0.06522259,0.93477741
DIA,1,0.05612786,0.94387214
DIA,1,0.08743523,0.91256477
DIA,1,0.05643067,0.94356933
DIA,1,0.05645835,0.94354165
DIA,1,0.06552800,0.93447200
DIA,1,0.16274155,0.83725845
DIA,1,0.05617896,0.94382104
DIA,1,0.05658079,0.94341921
DIA,1,0.05618800,0.94381200
DIA,1,0.06444819,0.93555181
DIA,1,0.05719224,0.94280776
DIA,1,0.05746544,0.94253456
DIA,1,0.06452696,0.93547304
DIA,1,0.06701972,0.93298028
DIA,1,0.06608478,0.93391522
DIA,1,0.06049726,0.93950274
DIA,1,0.06275517,0.93724483
DIA,1,0.11649851,0.88350149
DIA,1,0.06380997,0.93619003
DIA,1,0.05612987,0.94387013
DIA,1,0.05646816,0.94353184
DIA,1,0.06456529,0.93543471
DIA,1,0.05699363,0.94300637
DIA,1,0.06601487,0.93398513
DIA,1,0.07464171,0.92535829
DIA,1,0.06694636,0.93305364
DIA,1,0.05612805,0.94387195
DIA,1,0.07888195,0.92111805
DIA,1,0.05820678,0.94179322
DIA,1,0.07871065,0.92128935
DIA,1,0.05688065,0.94311935
DIA,1,0.05685329,0.94314671
DIA,1,0.11062133,0.88937867
DIA,1,0.05938409,0.94061591
DIA,1,0.14325197,0.85674803
DIA,1,0.07214497,0.92785503
DIA,1,0.05963983,0.94036017
DIA,1,0.05647562,0.94352438
DIA,1,0.05648217,0.94351783
DIA,1,0.07643467,0.92356533
DIA,1,0.05627527,0.94372473
DIA,1,0.55245402,0.44754598
DIA,1,0.06095061,0.93904939
DIA,1,0.14745963,0.85254037
DIA,1,0.20737130,0.79262870
DIA,1,0.15643078,0.84356922
DIA,1,0.56317473,0.43682527
DIA,1,0.08328006,0.91671994
DIA,1,0.99769179,0.00230821
DIA,1,0.33132756,0.66867244
DIA,1,0.99980513,0.00019487
DIA,1,0.05616390,0.94383610
DIA,1,0.20890350,0.79109650
DIA,1,0.10940892,0.89059108
DIA,1,0.33306569,0.66693431
DIA,1,0.05635079,0.94364921
DIA,1,0.13504735,0.86495265
DIA,1,0.08394453,0.91605547
DIA,1,0.99981360,0.00018640
DIA,1,0.10909798,0.89090202
DIA,1,0.15027542,0.84972458
DIA,1,0.06106201,0.93893799
DIA,1,0.08271280,0.91728720
DIA,1,0.96871400,0.03128600
DIA,1,0.11416681,0.88583319
DIA,1,0.16722211,0.83277789
DIA,1,0.71612758,0.28387242
DIA,1,0.05866213,0.94133787
DIA,1,0.99633235,0.00366765
DIA,1,0.24364492,0.75635508
DIA,1,0.15119701,0.84880299
DIA,1,0.06041447,0.93958553
DIA,1,0.95830657,0.04169343
DIA,1,0.07416941,0.92583059
DIA,1,0.05735422,0.94264578
DIA,1,0.66265691,0.33734309
DIA,1,0.05818806,0.94181194
DIA,1,0.05871185,0.94128815
DIA,1,0.05751314,0.94248686
DIA,1,0.05631722,0.94368278
DIA,1,0.24813717,0.75186283
DIA,1,0.05634210,0.94365790
DIA,1,0.23851065,0.76148935
DIA,1,0.05799782,0.94200218
DIA,1,0.05628211,0.94371789
DIA,1,0.95758296,0.04241704
DIA,1,0.16300545,0.83699455
DIA,1,0.06839171,0.93160829
DIA,1,0.06857133,0.93142867
DIA,1,0.07083625,0.92916375
DIA,1,0.97735014,0.02264986
DIA,1,0.24080781,0.75919219
DIA,1,0.07996635,0.92003365
DIA,1,0.05840493,0.94159507
DIA,1,0.24739479,0.75260521
DIA,1,0.05715391,0.94284609
DIA,1,0.05633333,0.94366667
DIA,1,0.92969177,0.07030823
DIA,1,0.06167063,0.93832937
DIA,1,0.09009687,0.90990313
DIA,1,0.12190948,0.87809052
DIA,1,0.52659463,0.47340537
DIA,1,0.14977346,0.85022654
DIA,1,0.12720256,0.87279744
DIA,1,0.05781659,0.94218341
DIA,1,0.06237124,0.93762876
DIA,1,0.06089091,0.93910909
DIA,1,0.05618342,0.94381658
DIA,1,0.59321086,0.40678914
DIA,1,0.05780737,0.94219263
DIA,1,0.06292015,0.93707985
DIA,1,0.05614060,0.94385940
DIA,1,0.05799074,0.94200926
DIA,1,0.06380044,0.93619956
DIA,1,0.06687114,0.93312886
DIA,1,0.93116594,0.06883406
DIA,1,0.08896610,0.91103390
DIA,1,0.05807555,0.94192445
DIA,1,0.05615386,0.94384614
DIA,1,0.11967613,0.88032387
DIA,1,0.05748463,0.94251537
DIA,1,0.22508753,0.77491247
DIA,1,0.07979172,0.92020828
DIA,1,0.06479474,0.93520526
DIA,1,0.21316309,0.78683691
DIA,1,0.05645424,0.94354576
DIA,1,0.08396004,0.91603996
DIA,1,0.31528358,0.68471642
DIA,1,0.18135290,0.81864710
DIA,1,0.05631163,0.94368837
DIA,1,0.91614518,0.08385482
DIA,1,0.08156596,0.91843404
DIA,1,0.18375153,0.81624847
DIA,1,0.10822994,0.89177006
DIA,1,0.06213695,0.93786305
DIA,1,0.06041553,0.93958447
DIA,1,0.06694915,0.93305085
DIA,1,0.09284336,0.90715664
DIA,1,0.05660053,0.94339947
DIA,1,0.06453113,0.93546887
DIA,1,0.05879964,0.94120036
DIA,1,0.05698836,0.94301164
DIA,1,0.22001829,0.77998171
DIA,1,0.05757203,0.94242797
DIA,1,0.05783464,0.94216536
DIA,1,0.08491917,0.91508083
DIA,1,0.44661364,0.55338636
DIA,1,0.06002483,0.93997517
DIA,1,0.06310544,0.93689456
DIA,1,0.05749224,0.94250776
DIA,1,0.06583459,0.93416541
DIA,1,0.06169499,0.93830501
DIA,1,0.08132466,0.91867534
DIA,1,0.40723288,0.59276712
DIA,1,0.06190667,0.93809333
DIA,1,0.05721101,0.94278899
DIA,1,0.06878643,0.93121357
DIA,1,0.05639609,0.94360391
DIA,1,0.05651628,0.94348372
DIA,1,0.08105215,0.91894785
DIA,1,0.05620680,0.94379320
DIA,1,0.05986002,0.94013998
DIA,1,0.08219927,0.91780073
DIA,1,0.24376134,0.75623866
DIA,1,0.12827140,0.87172860
DIA,1,0.06533004,0.93466996
DIA,1,0.05654242,0.94345758
DIA,1,0.05944810,0.94055190
DIA,1,0.05635203,0.94364797
DIA,1,0.06289524,0.93710476
DIA,1,0.05702236,0.94297764
DIA,1,0.05617178,0.94382822
DIA,1,0.05627713,0.94372287
DIA,1,0.07268162,0.92731838
DIA,1,0.05972350,0.94027650
DIA,1,0.58410266,0.41589734
DIA,1,0.05869313,0.94130687
DIA,1,0.06074581,0.93925419
DIA,1,0.07117646,0.92882354
DIA,1,0.05622555,0.94377445
DIA,1,0.07734735,0.92265265
DIA,1,0.09845056,0.90154944
DIA,1,0.05614158,0.94385842
DIA,1,0.32820860,0.67179140
DIA,1,0.05948347,0.94051653
DIA,1,0.30121688,0.69878312
DIA,1,0.06099821,0.93900179
DIA,1,0.05802242,0.94197758
DIA,1,0.19255746,0.80744254
DIA,1,0.17811314,0.82188686
DIA,1,0.08586815,0.91413185
DIA,1,0.06458843,0.93541157
DIA,1,0.06566899,0.93433101
DIA,1,0.76811813,0.23188187
DIA,1,0.14474844,0.85525156
DIA,1,0.05892698,0.94107302
DIA,1,0.05726646,0.94273354
DIA,1,0.05620129,0.94379871
DIA,1,0.05670768,0.94329232
DIA,1,0.05613375,0.94386625
DIA,1,0.06177572,0.93822428
DIA,1,0.05770207,0.94229793
DIA,1,0.06485025,0.93514975
DIA,1,0.05689212,0.94310788
DIA,1,0.06172972,0.93827028
DIA,1,0.05617822,0.94382178
DIA,1,0.05681589,0.94318411
DIA,1,0.06650640,0.93349360
DIA,1,0.05932721,0.94067279
DIA,1,0.05698597,0.94301403
DIA,1,0.05711359,0.94288641
DIA,1,0.05731642,0.94268358
DIA,1,0.05656148,0.94343852
DIA,1,0.05685119,0.94314881
DIA,1,0.05626620,0.94373380
DIA,1,0.09236101,0.90763899
DIA,1,0.05870983,0.94129017
DIA,1,0.05978424,0.94021576
DIA,1,0.05783154,0.94216846
DIA,1,0.05809997,0.94190003
DIA,1,0.06125899,0.93874101
DIA,1,0.05937357,0.94062643
DIA,1,0.08515337,0.91484663
DIA,1,0.05701312,0.94298688
DIA,1,0.06588977,0.93411023
DIA,1,0.06641977,0.93358023
DIA,1,0.05635266,0.94364734
DIA,1,0.05616662,0.94383338
DIA,1,0.06401837,0.93598163
DIA,1,0.11041231,0.88958769
DIA,1,0.05622413,0.94377587
DIA,1,0.05632150,0.94367850
DIA,1,0.05620580,0.94379420
DIA,1,0.22689071,0.77310929
DIA,1,0.06615016,0.93384984
DIA,1,0.18840528,0.81159472
DIA,1,0.05672450,0.94327550
DIA,1,0.05739584,0.94260416
DIA,1,0.05918237,0.94081763
DIA,1,0.07360971,0.92639029
DIA,1,0.07642165,0.92357835
DIA,1,0.05659409,0.94340591
DIA,1,0.05642274,0.94357726
DIA,1,0.06177809,0.93822191
DIA,1,0.05613395,0.94386605
DIA,1,0.06147576,0.93852424
DIA,1,0.06678193,0.93321807
DIA,1,0.05977278,0.94022722
DIA,1,0.07487179,0.92512821
DIA,1,0.23089528,0.76910472
DIA,1,0.11917028,0.88082972
DIA,1,0.06279401,0.93720599
DIA,1,0.06740363,0.93259637
DIA,1,0.09484574,0.90515426
DIA,1,0.20040616,0.79959384
DIA,1,0.05620096,0.94379904
DIA,1,0.31708090,0.68291910
DIA,1,0.07366026,0.92633974
DIA,1,0.08330567,0.91669433
DIA,1,0.11419010,0.88580990
DIA,1,0.05636323,0.94363677
DIA,1,0.52933691,0.47066309
DIA,1,0.06147798,0.93852202
DIA,1,0.06297542,0.93702458
DIA,1,0.16031322,0.83968678
DIA,1,0.73371731,0.26628269
DIA,1,0.16567644,0.83432356
DIA,1,0.09415231,0.90584769
DIA,1,0.29979736,0.70020264
DIA,1,0.05615866,0.94384134
DIA,1,0.07069885,0.92930115
DIA,1,0.08566054,0.91433946
DIA,1,0.06645719,0.93354281
DIA,1,0.05714912,0.94285088
DIA,1,0.07749246,0.92250754
DIA,1,0.07660192,0.92339808
DIA,1,0.05794653,0.94205347
DIA,1,0.06524058,0.93475942
DIA,1,0.05839887,0.94160113
DIA,1,0.05617829,0.94382171
DIA,1,0.05916637,0.94083363
DIA,1,0.05673087,0.94326913
DIA,1,0.05889332,0.94110668
DIA,1,0.05613300,0.94386700
DIA,1,0.11162624,0.88837376
DIA,1,0.05614169,0.94385831
DIA,1,0.05676241,0.94323759
DIA,1,0.06656979,0.93343021
DIA,1,0.13983062,0.86016938
DIA,1,0.06514672,0.93485328
DIA,1,0.30341227,0.69658773
DIA,1,0.07054141,0.92945859
DIA,1,0.05747156,0.94252844
DIA,1,0.10439464,0.89560536
DIA,1,0.09511038,0.90488962
DIA,1,0.07621118,0.92378882
DIA,1,0.06417368,0.93582632
DIA,1,0.05612911,0.94387089
DIA,1,0.05612783,0.94387217
DIA,1,0.07824291,0.92175709
DIA,1,0.15155706,0.84844294
DIA,1,0.06146498,0.93853502
DIA,1,0.06346525,0.93653475
DIA,1,0.07578496,0.92421504
DIA,1,0.11558353,0.88441647
DIA,1,0.06502642,0.93497358
DIA,1,0.08628940,0.91371060
DIA,1,0.06527923,0.93472077
DIA,1,0.07278214,0.92721786
DIA,1,0.07397431,0.92602569
DIA,1,0.06399231,0.93600769
DIA,1,0.08292111,0.91707889
DIA,1,0.14129234,0.85870766
DIA,1,0.05987772,0.94012228
DIA,1,0.06002262,0.93997738
DIA,1,0.05648872,0.94351128
DIA,1,0.06070250,0.93929750
DIA,1,0.12865539,0.87134461
DIA,1,0.73898032,0.26101968
DIA,1,0.06935652,0.93064348
DIA,1,0.09436660,0.90563340
DIA,1,0.07217942,0.92782058
DIA,1,0.05789902,0.94210098
DIA,1,0.05779862,0.94220138
DIA,1,0.07468894,0.92531106
DIA,1,0.22254911,0.77745089
DIA,1,0.05664518,0.94335482
DIA,1,0.12390238,0.87609762
DIA,1,0.23328944,0.76671056
DIA,1,0.06418114,0.93581886
DIA,1,0.06359774,0.93640226
DIA,1,0.07849551,0.92150449
DIA,1,0.11195343,0.88804657
DIA,1,0.07320549,0.92679451
DIA,1,0.07077462,0.92922538
DIA,1,0.11984673,0.88015327
DIA,1,0.09492254,0.90507746
DIA,1,0.18407508,0.81592492
DIA,1,0.08116471,0.91883529
DIA,1,0.18914442,0.81085558
DIA,1,0.25114607,0.74885393
DIA,1,0.05613058,0.94386942
DIA,1,0.06507794,0.93492206
DIA,1,0.08876510,0.91123490
DIA,1,0.06477967,0.93522033
DIA,1,0.17538348,0.82461652
DIA,1,0.07214861,0.92785139
DIA,1,0.06076670,0.93923330
DIA,1,0.06383789,0.93616211
DIA,1,0.06036023,0.93963977
DIA,1,0.08468480,0.91531520
DIA,1,0.30478625,0.69521375
DIA,1,0.05613182,0.94386818
DIA,1,0.16177224,0.83822776
DIA,1,0.05872865,0.94127135
DIA,1,0.08417720,0.91582280
DIA,1,0.09007137,0.90992863
DIA,1,0.36672312,0.63327688
DIA,1,0.07693679,0.92306321
DIA,1,0.09566436,0.90433564
DIA,1,0.05716814,0.94283186
DIA,1,0.77687042,0.22312958
DIA,1,0.05633711,0.94366289
DIA,1,0.99999777,0.00000223
DIA,1,0.05743824,0.94256176
DIA,1,1.00000000,0.00000000
DIA,1,0.99897051,0.00102949
DIA,1,0.99999821,0.00000179
DIA,1,0.99923839,0.00076161
DIA,1,0.24681928,0.75318072
DIA,1,0.59409647,0.40590353
DIA,1,0.06906709,0.93093291
DIA,1,0.05614140,0.94385860
DIA,1,0.99983697,0.00016303
DIA,1,0.53242756,0.46757244
DIA,1,0.05810865,0.94189135
DIA,1,0.98733155,0.01266845
DIA,1,0.28484553,0.71515447
DIA,1,0.23668255,0.76331745
DIA,1,0.13372285,0.86627715
DIA,1,0.83901620,0.16098380
DIA,1,0.06213878,0.93786122
DIA,1,0.06692745,0.93307255
DIA,1,0.11939245,0.88060755
DIA,1,0.83013070,0.16986930
DIA,1,0.13555743,0.86444257
DIA,1,0.85840457,0.14159543
DIA,1,0.09707020,0.90292980
DIA,1,0.97554747,0.02445253
DIA,1,0.06361334,0.93638666
DIA,1,0.06586964,0.93413036
DIA,1,0.19091235,0.80908765
DIA,1,0.42383724,0.57616276
DIA,1,0.09114782,0.90885218
DIA,1,0.10237171,0.89762829
DIA,1,0.05613245,0.94386755
DIA,1,0.91540993,0.08459007
DIA,1,0.99987336,0.00012664
DIA,1,0.05626781,0.94373219
DIA,1,0.91927066,0.08072934
DIA,1,0.28792318,0.71207682
DIA,1,0.28062924,0.71937076
DIA,1,0.15217735,0.84782265
DIA,1,0.67321964,0.32678036
DIA,1,0.93252348,0.06747652
DIA,1,0.17221564,0.82778436
DIA,1,0.20127981,0.79872019
DIA,1,0.43355365,0.56644635
DIA,1,0.05621811,0.94378189
DIA,1,0.98482545,0.01517455
DIA,1,0.05650286,0.94349714
DIA,1,0.10142543,0.89857457
DIA,1,0.05966792,0.94033208
DIA,1,0.23410968,0.76589032
DIA,1,0.63928386,0.36071614
DIA,1,0.22646170,0.77353830
DIA,1,0.06803400,0.93196600
DIA,1,0.05941926,0.94058074
DIA,1,0.83000053,0.16999947
DIA,1,0.13274207,0.86725793
DIA,1,0.37819921,0.62180079
DIA,1,0.17248649,0.82751351
DIA,1,0.98612935,0.01387065
DIA,1,0.06417354,0.93582646
DIA,1,0.80442658,0.19557342
DIA,1,0.96070835,0.03929165
DIA,1,0.19623741,0.80376259
DIA,1,0.51439559,0.48560441
DIA,1,0.06228244,0.93771756
DIA,1,0.07894302,0.92105698
DIA,1,0.10356309,0.89643691
DIA,1,0.99598817,0.00401183
DIA,1,0.08066308,0.91933692
DIA,1,0.78702068,0.21297932
DIA,1,0.06516349,0.93483651
DIA,1,0.05649459,0.94350541
DIA,1,0.31519690,0.68480310
DIA,1,0.18315331,0.81684669
DIA,1,0.05678450,0.94321550
DIA,1,0.70259780,0.29740220
DIA,1,0.07692103,0.92307897
DIA,1,0.70251386,0.29748614
DIA,1,0.06355658,0.93644342
DIA,1,0.92412636,0.07587364
DIA,1,0.06771281,0.93228719
DIA,1,0.99999030,0.00000970
DIA,1,0.05684211,0.94315789
DIA,1,0.05615002,0.94384998
DIA,1,0.07765872,0.92234128
DIA,1,0.06730390,0.93269610
DIA,1,0.06414240,0.93585760
DIA,1,0.33525881,0.66474119
DIA,1,0.23342286,0.76657714
DIA,1,0.16822302,0.83177698
DIA,1,0.07881943,0.92118057
DIA,1,0.15046668,0.84953332
DIA,1,0.05996421,0.94003579
DIA,1,0.05613308,0.94386692
DIA,1,0.09720704,0.90279296
DIA,1,0.96885735,0.03114265
DIA,1,0.05930203,0.94069797
DIA,1,0.06876885,0.93123115
DIA,1,0.13014227,0.86985773
DIA,1,0.05629489,0.94370511
DIA,1,0.14941176,0.85058824
DIA,1,0.12215653,0.87784347
DIA,1,0.06687305,0.93312695
DIA,1,0.23605778,0.76394222
DIA,1,0.05989674,0.94010326
DIA,1,0.05613059,0.94386941
DIA,1,0.06574027,0.93425973
DIA,1,0.05843620,0.94156380
DIA,1,0.07294965,0.92705035
DIA,1,0.05627710,0.94372290
DIA,1,0.05732062,0.94267938
DIA,1,0.06273994,0.93726006
DIA,1,0.06563007,0.93436993
DIA,1,0.09292568,0.90707432
DIA,1,0.06437134,0.93562866
DIA,1,0.09052014,0.90947986
DIA,1,0.05616510,0.94383490
DIA,1,0.05934693,0.94065307
DIA,1,0.07632610,0.92367390
DIA,1,0.05694507,0.94305493
DIA,1,0.07404463,0.92595537
DIA,1,0.05657608,0.94342392
DIA,1,0.05738637,0.94261363
DIA,1,0.07734283,0.92265717
DIA,1,0.05617491,0.94382509
DIA,1,0.16834602,0.83165398
DIA,1,0.05617362,0.94382638
DIA,1,0.05883195,0.94116805
DIA,1,0.05631662,0.94368338
DIA,1,0.05625599,0.94374401
DIA,1,0.08093411,0.91906589
DIA,1,0.06862484,0.93137516
DIA,1,0.05640391,0.94359609
DIA,1,0.08692725,0.91307275
DIA,1,0.10336323,0.89663677
DIA,1,0.06488586,0.93511414
DIA,1,0.05713296,0.94286704
DIA,1,0.05787369,0.94212631
DIA,1,0.06132345,0.93867655
DIA,1,0.05613859,0.94386141
DIA,1,0.05613429,0.94386571
DIA,1,0.05757118,0.94242882
DIA,1,0.06329177,0.93670823
DIA,1,0.05762636,0.94237364
DIA,1,0.05612824,0.94387176
DIA,1,0.05671299,0.94328701
DIA,1,0.32460499,0.67539501
DIA,1,0.06711589,0.93288411
DIA,1,0.07397218,0.92602782
DIA,1,0.05717174,0.94282826
DIA,1,0.06019162,0.93980838
DIA,1,0.38576276,0.61423724
DIA,1,0.05918363,0.94081637
DIA,1,0.06582020,0.93417980
DIA,1,0.05671460,0.94328540
DIA,1,0.05618661,0.94381339
DIA,1,0.06905249,0.93094751
DIA,1,0.06312373,0.93687627
DIA,1,0.07604343,0.92395657
DIA,1,0.05819044,0.94180956
DIA,1,0.17547303,0.82452697
DIA,1,0.05851825,0.94148175
DIA,1,0.07214536,0.92785464
DIA,1,0.05660807,0.94339193
DIA,1,0.06887031,0.93112969
DIA,1,0.06508385,0.93491615
DIA,1,0.06602624,0.93397376
DIA,1,0.11765892,0.88234108
DIA,1,0.05771942,0.94228058
DIA,1,0.12175622,0.87824378
DIA,1,0.42459955,0.57540045
DIA,1,0.07175402,0.92824598
DIA,1,0.25717158,0.74282842
DIA,1,0.11040632,0.88959368
DIA,1,0.06659905,0.93340095
DIA,1,0.29380758,0.70619242
DIA,1,0.06866392,0.93133608
DIA,1,0.07274800,0.92725200
DIA,1,0.06601478,0.93398522
DIA,1,0.08590808,0.91409192
DIA,1,0.06857637,0.93142363
DIA,1,0.08448701,0.91551299
DIA,1,0.10700783,0.89299217
DIA,1,0.05892498,0.94107502
DIA,1,0.05653403,0.94346597
DIA,1,0.06740843,0.93259157
DIA,1,0.05619871,0.94380129
DIA,1,0.06681642,0.93318358
DIA,1,0.20021444,0.79978556
DIA,1,0.06118505,0.93881495
DIA,1,0.07461732,0.92538268
DIA,1,0.09167728,0.90832272
DIA,1,0.05651261,0.94348739
DIA,1,0.05904517,0.94095483
DIA,1,0.11998157,0.88001843
DIA,1,0.07279276,0.92720724
DIA,1,0.06036137,0.93963863
DIA,1,0.18275286,0.81724714
DIA,1,0.08102726,0.91897274
DIA,1,0.12618614,0.87381386
DIA,1,0.05637871,0.94362129
DIA,1,0.05625692,0.94374308
DIA,1,0.05925084,0.94074916
DIA,1,0.07259422,0.92740578
DIA,1,0.11211971,0.88788029
DIA,1,0.16407226,0.83592774
DIA,1,0.06071915,0.93928085
DIA,1,0.79986284,0.20013716
DIA,1,0.06092724,0.93907276
DIA,1,0.05802816,0.94197184
DIA,1,0.85158854,0.14841146
DIA,1,0.07166846,0.92833154
DIA,1,0.08894968,0.91105032
DIA,1,0.13537076,0.86462924
DIA,1,0.16495836,0.83504164
DIA,1,0.06866213,0.93133787
DIA,1,0.15929874,0.84070126
DIA,1,0.12078904,0.87921096
DIA,1,0.05680628,0.94319372
DIA,1,0.08448502,0.91551498
DIA,1,0.05619622,0.94380378
DIA,1,0.60290453,0.39709547
DIA,1,0.06244659,0.93755341
DIA,1,0.12944925,0.87055075
DIA,1,0.05733579,0.94266421
DIA,1,0.08682999,0.91317001
DIA,1,0.05694009,0.94305991
DIA,1,0.73812859,0.26187141
DIA,1,0.05667100,0.94332900
DIA,1,0.07114318,0.92885682
DIA,1,0.06069938,0.93930062
DIA,1,0.11890504,0.88109496
DIA,1,0.06216351,0.93783649
DIA,1,0.07992951,0.92007049
DIA,1,0.06513119,0.93486881
DIA,1,0.05964509,0.94035491
DIA,1,0.32161264,0.67838736
DIA,1,0.05913268,0.94086732
DIA,1,0.07283725,0.92716275
DIA,1,0.09765514,0.90234486
DIA,1,0.06119717,0.93880283
DIA,1,0.10603040,0.89396960
DIA,1,0.09965681,0.90034319
DIA,1,0.10206277,0.89793723
DIA,1,0.06341200,0.93658800
DIA,1,0.38839090,0.61160910
DIA,1,0.31845174,0.68154826
DIA,1,0.05655146,0.94344854
DIA,1,0.06782440,0.93217560
DIA,1,0.05993884,0.94006116
DIA,1,0.08863003,0.91136997
DIA,1,0.33538510,0.66461490
DIA,1,0.06018825,0.93981175
DIA,1,0.06361262,0.93638738
DIA,1,0.05644637,0.94355363
DIA,1,0.05637342,0.94362658
DIA,1,0.06069926,0.93930074
DIA,1,0.05928299,0.94071701
DIA,1,0.05612830,0.94387170
DIA,1,0.05625610,0.94374390
DIA,1,0.07702624,0.92297376
DIA,1,0.05874229,0.94125771
DIA,1,0.05613338,0.94386662
DIA,1,0.06895881,0.93104119
DIA,1,0.05954225,0.94045775
DIA,1,0.10360703,0.89639297
DIA,1,0.08129135,0.91870865
DIA,1,0.05773214,0.94226786
DIA,1,0.05765825,0.94234175
DIA,1,0.05614650,0.94385350
DIA,1,0.09319819,0.90680181
DIA,1,0.07572392,0.92427608
DIA,1,0.06218169,0.93781831
DIA,1,0.05625520,0.94374480
DIA,1,0.50976233,0.49023767
DIA,1,0.05920865,0.94079135
DIA,1,0.06296217,0.93703783
DIA,1,0.06743997,0.93256003
DIA,1,0.05673412,0.94326588
DIA,1,0.29706254,0.70293746
DIA,1,0.06918797,0.93081203
DIA,1,0.05925533,0.94074467
DIA,1,0.05628914,0.94371086
DIA,1,0.05661200,0.94338800
DIA,1,0.05708676,0.94291324
DIA,1,0.05672846,0.94327154
DIA,1,0.05728367,0.94271633
DIA,1,0.08761688,0.91238312
DIA,1,0.06312033,0.93687967
DIA,1,0.06871546,0.93128454
DIA,1,0.06072474,0.93927526
DIA,1,0.07081517,0.92918483
DIA,1,0.05781258,0.94218742
DIA,1,0.05634761,0.94365239
DIA,1,0.07433995,0.92566005
DIA,1,0.06032410,0.93967590
DIA,1,0.05746190,0.94253810
DIA,1,0.09491508,0.90508492
DIA,1,0.12387755,0.87612245
DIA,1,0.05823729,0.94176271
DIA,1,0.05612995,0.94387005
DIA,1,0.08303170,0.91696830
DIA,1,0.12005190,0.87994810
DIA,1,0.05671870,0.94328130
DIA,1,0.05626629,0.94373371
DIA,1,0.29158914,0.70841086
DIA,1,0.05663421,0.94336579
DIA,1,0.49059512,0.50940488
DIA,1,0.06150078,0.93849922
DIA,1,0.05764691,0.94235309
DIA,1,0.05621021,0.94378979
DIA,1,0.05640656,0.94359344
DIA,1,0.12425258,0.87574742
DIA,1,0.11506392,0.88493608
DIA,1,0.05628626,0.94371374
DIA,1,0.12342804,0.87657196
DIA,1,0.82705196,0.17294804
DIA,1,0.14763868,0.85236132
DIA,1,0.05621868,0.94378132
DIA,1,0.05612780,0.94387220
DIA,1,0.06614753,0.93385247
DIA,1,0.27526318,0.72473682
DIA,1,0.06163599,0.93836401
DIA,1,0.06161382,0.93838618
DIA,1,0.36904603,0.63095397
DIA,1,0.05638023,0.94361977
DIA,1,0.06250924,0.93749076
DIA,1,0.21693352,0.78306648
DIA,1,0.05817902,0.94182098
DIA,1,0.08326862,0.91673138
DIA,1,0.08840449,0.91159551
DIA,1,0.06172401,0.93827599
DIA,1,0.05624602,0.94375398
DIA,1,0.06606810,0.93393190
DIA,1,0.05704586,0.94295414
DIA,1,0.07601618,0.92398382
DIA,1,0.06189278,0.93810722
DIA,1,0.07715286,0.92284714
DIA,1,0.05729524,0.94270476
DIA,1,0.07433196,0.92566804
DIA,1,0.05615780,0.94384220
DIA,1,0.07195827,0.92804173
DIA,1,0.06070395,0.93929605
DIA,1,0.08528977,0.91471023
DIA,1,0.10839760,0.89160240
DIA,1,0.07947700,0.92052300
DIA,1,0.06309972,0.93690028
DIA,1,0.10052795,0.89947205
DIA,1,0.06653987,0.93346013
DIA,1,0.05823314,0.94176686
DIA,1,0.05718110,0.94281890
DIA,1,0.17037915,0.82962085
DIA,1,0.15648965,0.84351035
DIA,1,0.88535534,0.11464466
DIA,1,0.05617458,0.94382542
DIA,1,0.06058611,0.93941389
DIA,1,0.06181551,0.93818449
DIA,1,0.06547499,0.93452501
DIA,1,0.06465451,0.93534549
DIA,1,0.07682420,0.92317580
DIA,1,0.05751000,0.94249000
DIA,1,0.05712327,0.94287673
DIA,1,0.05818639,0.94181361
DIA,1,0.05723015,0.94276985
DIA,1,0.07483572,0.92516428
DIA,1,0.06543632,0.93456368
DIA,1,0.06753177,0.93246823
DIA,1,0.06948095,0.93051905
DIA,1,0.06252803,0.93747197
DIA,1,0.07012202,0.92987798
DIA,1,0.05628167,0.94371833
DIA,1,0.06875203,0.93124797
DIA,1,0.05947155,0.94052845
DIA,1,0.06295051,0.93704949
DIA,1,0.12682124,0.87317876
DIA,1,0.09638598,0.90361402
DIA,1,0.07661510,0.92338490
DIA,1,0.05665872,0.94334128
DIA,1,0.06018262,0.93981738
DIA,1,0.06092635,0.93907365
DIA,1,0.05683207,0.94316793
DIA,1,0.06096029,0.93903971
DIA,1,0.05843545,0.94156455
DIA,1,0.05647504,0.94352496
DIA,1,0.05625656,0.94374344
DIA,1,0.06313525,0.93686475
DIA,1,0.08555353,0.91444647
DIA,1,0.06356627,0.93643373
DIA,1,0.09524319,0.90475681
DIA,1,0.26874356,0.73125644
DIA,1,0.08261985,0.91738015
DIA,1,0.20036575,0.79963425
DIA,1,0.05621888,0.94378112
DIA,1,0.05864553,0.94135447
DIA,1,0.05993819,0.94006181
DIA,1,0.10519721,0.89480279
DIA,1,0.06242023,0.93757977
DIA,1,0.05907341,0.94092659
DIA,1,0.06754832,0.93245168
DIA,1,0.06302435,0.93697565
DIA,1,0.05622730,0.94377270
DIA,1,0.05618983,0.94381017
DIA,1,0.07283330,0.92716670
DIA,1,0.05681170,0.94318830
DIA,1,0.06531125,0.93468875
DIA,1,0.05613144,0.94386856
DIA,1,0.06307497,0.93692503
DIA,1,0.07353474,0.92646526
DIA,1,0.07240115,0.92759885
DIA,1,0.06324352,0.93675648
DIA,1,0.08491900,0.91508100
DIA,1,0.05735692,0.94264308
DIA,1,0.06142371,0.93857629
DIA,1,0.05613175,0.94386825
DIA,1,0.07452563,0.92547437
DIA,1,0.08302025,0.91697975
DIA,1,0.06075970,0.93924030
DIA,1,0.05888960,0.94111040
DIA,1,0.06040176,0.93959824
DIA,1,0.06505305,0.93494695
DIA,1,0.10487055,0.89512945
DIA,1,0.06786345,0.93213655
DIA,1,0.05617900,0.94382100
DIA,1,0.46504878,0.53495122
DIA,1,0.10746664,0.89253336
DIA,1,0.09766643,0.90233357
DIA,1,0.07661002,0.92338998
DIA,1,0.05615612,0.94384388
DIA,1,0.05700033,0.94299967
DIA,1,0.12869938,0.87130062
DIA,1,0.05805169,0.94194831
DIA,1,0.05702297,0.94297703
DIA,1,0.05651110,0.94348890
DIA,1,0.08405182,0.91594818
DIA,1,0.05791591,0.94208409
DIA,1,0.10788891,0.89211109
DIA,1,0.09234715,0.90765285
DIA,1,0.12432689,0.87567311
DIA,1,0.05621431,0.94378569
DIA,1,0.07266514,0.92733486
DIA,1,0.06248359,0.93751641
DIA,1,0.05678564,0.94321436
DIA,1,0.05838425,0.94161575
DIA,1,0.05722705,0.94277295
DIA,1,0.09161333,0.90838667
DIA,1,0.06626390,0.93373610
DIA,1,0.05882483,0.94117517
DIA,1,0.08829058,0.91170942
DIA,1,0.05628298,0.94371702
DIA,1,0.06108012,0.93891988
DIA,1,0.06787827,0.93212173
DIA,1,0.05682215,0.94317785
DIA,1,0.05623444,0.94376556
DIA,1,0.08147106,0.91852894
DIA,1,0.07671577,0.92328423
DIA,1,0.05644354,0.94355646
DIA,1,0.21480839,0.78519161
DIA,1,0.09142728,0.90857272
DIA,1,0.06467202,0.93532798
DIA,1,0.26579373,0.73420627
DIA,1,0.06414899,0.93585101
DIA,1,0.23579195,0.76420805
DIA,1,0.05623648,0.94376352
DIA,1,0.08865153,0.91134847
DIA,1,0.10452890,0.89547110
DIA,1,0.14539198,0.85460802
DIA,1,0.07419329,0.92580671
DIA,1,0.07905477,0.92094523
DIA,1,0.11381856,0.88618144
DIA,1,0.18639864,0.81360136
DIA,1,0.90423295,0.09576705
DIA,1,0.05643334,0.94356666
DIA,1,0.10762170,0.89237830
DIA,1,0.07454417,0.92545583
DIA,1,0.13167542,0.86832458
DIA,1,0.09693763,0.90306237
DIA,1,0.08217997,0.91782003
DIA,1,0.06256804,0.93743196
DIA,1,0.05888727,0.94111273
DIA,1,0.06174181,0.93825819
DIA,1,0.12103904,0.87896096
DIA,1,0.07889373,0.92110627
DIA,1,0.07050671,0.92949329
DIA,1,0.05613908,0.94386092
DIA,1,0.13790062,0.86209938
DIA,1,0.05667925,0.94332075
DIA,1,0.05687872,0.94312128
DIA,1,0.05787988,0.94212012
DIA,1,0.05659759,0.94340241
DIA,1,0.06877493,0.93122507
DIA,1,0.05613251,0.94386749
DIA,1,0.05613142,0.94386858
DIA,1,0.05703427,0.94296573
DIA,1,0.05714752,0.94285248
DIA,1,0.05635782,0.94364218
DIA,1,0.05616141,0.94383859
DIA,1,0.05859701,0.94140299
DIA,1,0.05616287,0.94383713
DIA,1,0.05694564,0.94305436
DIA,1,0.09311567,0.90688433
DIA,1,0.05919129,0.94080871
DIA,1,0.05964210,0.94035790
DIA,1,0.07575737,0.92424263
DIA,1,0.06203889,0.93796111
DIA,1,0.05715950,0.94284050
DIA,1,0.06593221,0.93406779
DIA,1,0.05638324,0.94361676
DIA,1,0.05789649,0.94210351
DIA,1,0.08349106,0.91650894
DIA,1,0.29613664,0.70386336
DIA,1,0.06091776,0.93908224
DIA,1,0.06740740,0.93259260
DIA,1,0.05648390,0.94351610
DIA,1,0.08258191,0.91741809
DIA,1,0.06297359,0.93702641
DIA,1,0.06166595,0.93833405
DIA,1,0.06360996,0.93639004
DIA,1,0.15799070,0.84200930
DIA,1,0.05854093,0.94145907
DIA,1,0.05696030,0.94303970
DIA,1,0.05785553,0.94214447
DIA,1,0.05702171,0.94297829
DIA,1,0.07878526,0.92121474
DIA,1,0.05654559,0.94345441
DIA,1,0.05653724,0.94346276
DIA,1,0.10807695,0.89192305
DIA,1,0.10705523,0.89294477
DIA,1,0.11234010,0.88765990
DIA,1,0.05653674,0.94346326
DIA,1,0.06696044,0.93303956
DIA,1,0.09256533,0.90743467
DIA,1,0.05986918,0.94013082
DIA,1,0.11301629,0.88698371
DIA,1,0.05756754,0.94243246
DIA,1,0.16687179,0.83312821
DIA,1,0.06434453,0.93565547
DIA,1,0.06615537,0.93384463
DIA,1,0.06503912,0.93496088
DIA,1,0.06097481,0.93902519
DIA,1,0.06470184,0.93529816
DIA,1,0.10164272,0.89835728
DIA,1,0.06138116,0.93861884
DIA,1,0.06180713,0.93819287
DIA,1,0.10944034,0.89055966
DIA,1,0.06483695,0.93516305
DIA,1,0.09947322,0.90052678
DIA,1,0.15007709,0.84992291
DIA,1,0.05648738,0.94351262
DIA,1,0.74445645,0.25554355
DIA,1,0.10502979,0.89497021
DIA,1,0.06707519,0.93292481
DIA,1,0.09612919,0.90387081
DIA,1,0.18522455,0.81477545
DIA,1,0.05653458,0.94346542
DIA,1,0.05757156,0.94242844
DIA,1,0.05617667,0.94382333
DIA,1,0.06732194,0.93267806
DIA,1,0.06052178,0.93947822
DIA,1,0.07347819,0.92652181
DIA,1,0.06536909,0.93463091
DIA,1,0.05615203,0.94384797
DIA,1,0.08283790,0.91716210
DIA,1,0.06123157,0.93876843
DIA,1,0.06812946,0.93187054
DIA,1,0.06391083,0.93608917
DIA,1,0.05768287,0.94231713
DIA,1,0.05677384,0.94322616
DIA,1,0.09255966,0.90744034
DIA,1,0.10501202,0.89498798
DIA,1,0.11766103,0.88233897
DIA,1,0.05833682,0.94166318
DIA,1,0.05780297,0.94219703
DIA,1,0.06487536,0.93512464
DIA,1,0.06281936,0.93718064
DIA,1,0.07180792,0.92819208
DIA,1,0.05691310,0.94308690
DIA,1,0.05623233,0.94376767
DIA,1,0.06434529,0.93565471
DIA,1,0.07768209,0.92231791
DIA,1,0.06344127,0.93655873
DIA,1,0.05638288,0.94361712
DIA,1,0.05612916,0.94387084
DIA,1,0.05715298,0.94284702
DIA,1,0.05626161,0.94373839
DIA,1,0.06753908,0.93246092
DIA,1,0.07614136,0.92385864
DIA,1,0.05798354,0.94201646
DIA,1,0.06534494,0.93465506
DIA,1,0.16641791,0.83358209
DIA,1,0.05693606,0.94306394
DIA,1,0.06091165,0.93908835
DIA,1,0.09629150,0.90370850
DIA,1,0.08407585,0.91592415
DIA,1,0.05622459,0.94377541
DIA,1,0.09434076,0.90565924
DIA,1,0.05613086,0.94386914
DIA,1,0.47806896,0.52193104
DIA,1,0.05824912,0.94175088
DIA,1,0.05927789,0.94072211
DIA,1,0.06673604,0.93326396
DIA,1,0.06444743,0.93555257
DIA,1,0.08903006,0.91096994
DIA,1,0.05624680,0.94375320
DIA,1,0.05720173,0.94279827
DIA,1,0.06566419,0.93433581
DIA,1,0.08976492,0.91023508
DIA,1,0.05662759,0.94337241
DIA,1,0.05911912,0.94088088
DIA,1,0.07544804,0.92455196
DIA,1,0.06208223,0.93791777
DIA,1,0.05702915,0.94297085
DIA,1,0.05626407,0.94373593
DIA,1,0.13862502,0.86137498
DIA,1,0.07549570,0.92450430
DIA,1,0.08317762,0.91682238
DIA,1,0.06141401,0.93858599
DIA,1,0.05828506,0.94171494
DIA,1,0.05886546,0.94113454
DIA,1,0.05946254,0.94053746
DIA,1,0.13900243,0.86099757
DIA,1,0.67187038,0.32812962
DIA,1,0.06445551,0.93554449
DIA,1,0.07085646,0.92914354
DIA,1,0.15058884,0.84941116
DIA,1,0.07386253,0.92613747
DIA,1,0.10279881,0.89720119
DIA,1,0.74640805,0.25359195
DIA,1,0.06012872,0.93987128
DIA,1,0.05612944,0.94387056
DIA,1,0.16553872,0.83446128
DIA,1,0.15094291,0.84905709
DIA,1,0.05693124,0.94306876
DIA,1,0.16785889,0.83214111
DIA,1,0.05650920,0.94349080
DIA,1,0.06284789,0.93715211
DIA,1,0.09383361,0.90616639
DIA,1,0.05643616,0.94356384
DIA,1,0.07215054,0.92784946
DIA,1,0.06973236,0.93026764
DIA,1,0.05696981,0.94303019
DIA,1,0.07599524,0.92400476
DIA,1,0.05672767,0.94327233
DIA,1,0.05658254,0.94341746
DIA,1,0.06642637,0.93357363
DIA,1,0.06134299,0.93865701
DIA,1,0.10685437,0.89314563
DIA,1,0.20045724,0.79954276
DIA,1,0.05659405,0.94340595
DIA,1,0.06200965,0.93799035
DIA,1,0.05824650,0.94175350
DIA,1,0.05775336,0.94224664
DIA,1,0.06469880,0.93530120
DIA,1,0.05658433,0.94341567
DIA,1,0.24288915,0.75711085
DIA,1,0.06297738,0.93702262
DIA,1,0.13909507,0.86090493
DIA,1,0.07678730,0.92321270
DIA,1,0.07810500,0.92189500
DIA,1,0.07485285,0.92514715
DIA,1,0.05674299,0.94325701
DIA,1,0.05746834,0.94253166
DIA,1,0.07061701,0.92938299
DIA,1,0.07149575,0.92850425
DIA,1,0.05640055,0.94359945
DIA,1,0.06201124,0.93798876
DIA,1,0.09742595,0.90257405
DIA,1,0.06925610,0.93074390
DIA,1,0.05968143,0.94031857
DIA,1,0.05614087,0.94385913
DIA,1,0.11420913,0.88579087
DIA,1,0.13900277,0.86099723
DIA,1,0.05614637,0.94385363
DIA,1,0.14152140,0.85847860
DIA,1,0.29892091,0.70107909
DIA,1,0.12387930,0.87612070
DIA,1,0.09571948,0.90428052
DIA,1,0.07584046,0.92415954
DIA,1,0.12622822,0.87377178
DIA,1,0.05614176,0.94385824
DIA,1,0.05868681,0.94131319
DIA,1,0.06415003,0.93584997
DIA,1,0.05621478,0.94378522
DIA,1,0.05612954,0.94387046
DIA,1,0.09771507,0.90228493
DIA,1,0.06620213,0.93379787
DIA,1,0.07203820,0.92796180
DIA,1,0.06069768,0.93930232
DIA,1,0.05665870,0.94334130
DIA,1,0.05988320,0.94011680
DIA,1,0.05643703,0.94356297
DIA,1,0.08915501,0.91084499
DIA,1,0.07762947,0.92237053
DIA,1,0.05902660,0.94097340
DIA,1,0.05811116,0.94188884
DIA,1,0.08088700,0.91911300
DIA,1,0.05747621,0.94252379
DIA,1,0.07400148,0.92599852
DIA,1,0.13068328,0.86931672
DIA,1,0.05767721,0.94232279
DIA,1,0.05707410,0.94292590
DIA,1,0.09448652,0.90551348
DIA,1,0.10331913,0.89668087
DIA,1,0.05698588,0.94301412
DIA,1,0.06300178,0.93699822
DIA,1,0.06552325,0.93447675
DIA,1,0.05827683,0.94172317
DIA,1,0.06249911,0.93750089
DIA,1,0.05702134,0.94297866
DIA,1,0.05736021,0.94263979
DIA,1,0.05670018,0.94329982
DIA,1,0.05641017,0.94358983
DIA,1,0.07370676,0.92629324
DIA,1,0.07213743,0.92786257
DIA,1,0.05717144,0.94282856
DIA,1,0.05615676,0.94384324
DIA,1,0.07424053,0.92575947
DIA,1,0.08200113,0.91799887
DIA,1,0.05779942,0.94220058
DIA,1,0.05624477,0.94375523
DIA,1,0.05734523,0.94265477
DIA,1,0.07376262,0.92623738
DIA,1,0.05693430,0.94306570
DIA,1,0.05723379,0.94276621
DIA,1,0.05621840,0.94378160
DIA,1,0.08267771,0.91732229
DIA,1,0.05859222,0.94140778
DIA,1,0.05659043,0.94340957
DIA,1,0.05615185,0.94384815
DIA,1,0.05707951,0.94292049
DIA,1,0.08675572,0.91324428
DIA,1,0.05758681,0.94241319
DIA,1,0.07090127,0.92909873
DIA,1,0.05816080,0.94183920
DIA,1,0.08301069,0.91698931
DIA,1,0.06389919,0.93610081
DIA,1,0.06269415,0.93730585
DIA,1,0.05693574,0.94306426
DIA,1,0.07928180,0.92071820
DIA,1,0.05644160,0.94355840
DIA,1,0.06591474,0.93408526
DIA,1,0.10508776,0.89491224
DIA,1,0.07740037,0.92259963
DIA,1,0.05836418,0.94163582
DIA,1,0.06134298,0.93865702
DIA,1,0.05684325,0.94315675
DIA,1,0.05616571,0.94383429
DIA,1,0.08400645,0.91599355
DIA,1,0.05634413,0.94365587
DIA,1,0.06373775,0.93626225
DIA,1,0.05831781,0.94168219
DIA,1,0.54659798,0.45340202
DIA,1,0.07265561,0.92734439
DIA,1,0.06452702,0.93547298
DIA,1,0.09258805,0.90741195
DIA,1,0.05613744,0.94386256
DIA,1,0.06567549,0.93432451
DIA,1,0.13666475,0.86333525
DIA,1,0.05771434,0.94228566
DIA,1,0.05623284,0.94376716
DIA,1,0.07057825,0.92942175
DIA,1,0.06414918,0.93585082
DIA,1,0.05947568,0.94052432
DIA,1,0.12373993,0.87626007
DIA,1,0.07180017,0.92819983
DIA,1,0.06316713,0.93683287
DIA,1,0.06290710,0.93709290
DIA,1,0.05782293,0.94217707
DIA,1,0.06457121,0.93542879
DIA,1,0.05810125,0.94189875
DIA,1,0.05659955,0.94340045
DIA,1,0.05871269,0.94128731
DIA,1,0.05648315,0.94351685
DIA,1,0.05742880,0.94257120
DIA,1,0.05622819,0.94377181
DIA,1,0.05621939,0.94378061
DIA,1,0.06322537,0.93677463
DIA,1,0.05674849,0.94325151
DIA,1,0.07301070,0.92698930
DIA,1,0.05951782,0.94048218
DIA,1,0.05647553,0.94352447
DIA,1,0.06243692,0.93756308
DIA,1,0.05841613,0.94158387
DIA,1,0.07484278,0.92515722
DIA,1,0.05778464,0.94221536
DIA,1,0.07736852,0.92263148
DIA,1,0.05688852,0.94311148
DIA,1,0.07509751,0.92490249
DIA,1,0.08476954,0.91523046
DIA,1,0.09658690,0.90341310
DIA,1,0.26229541,0.73770459
DIA,1,0.09803604,0.90196396
DIA,1,0.05732303,0.94267697
DIA,1,0.05765908,0.94234092
DIA,1,0.23880511,0.76119489
DIA,1,0.05695534,0.94304466
DIA,1,0.17199367,0.82800633
DIA,1,0.05612828,0.94387172
DIA,1,0.34375977,0.65624023
DIA,1,0.27391495,0.72608505
DIA,1,0.50441911,0.49558089
DIA,1,0.09818138,0.90181862
DIA,1,0.23588654,0.76411346
DIA,1,0.05708305,0.94291695
DIA,1,0.13280875,0.86719125
DIA,1,0.05868528,0.94131472
DIA,1,0.33291317,0.66708683
DIA,1,0.05892657,0.94107343
DIA,1,0.19739771,0.80260229
DIA,1,0.09389337,0.90610663
DIA,1,0.17158521,0.82841479
DIA,1,0.09969412,0.90030588
DIA,1,0.05695247,0.94304753
DIA,1,0.14240505,0.85759495
DIA,1,0.05651406,0.94348594
DIA,1,0.18616734,0.81383266
DIA,1,0.17257410,0.82742590
DIA,1,0.05622488,0.94377512
DIA,1,0.05648092,0.94351908
DIA,1,0.07312178,0.92687822
DIA,1,0.06549161,0.93450839
DIA,1,0.05703353,0.94296647
DIA,1,0.05859426,0.94140574
DIA,1,0.05615540,0.94384460
DIA,1,0.05613735,0.94386265
DIA,1,0.05845893,0.94154107
DIA,1,0.05643212,0.94356788
DIA,1,0.05631444,0.94368556
DIA,1,0.05854078,0.94145922
DIA,1,0.05612981,0.94387019
DIA,1,0.05767262,0.94232738
DIA,1,0.06960645,0.93039355
DIA,1,0.05645183,0.94354817
DIA,1,0.05613518,0.94386482
DIA,1,0.05634517,0.94365483
DIA,1,0.05613106,0.94386894
DIA,1,0.05987753,0.94012247
DIA,1,0.07103861,0.92896139
DIA,1,0.05852417,0.94147583
DIA,1,0.05625876,0.94374124
DIA,1,0.06081467,0.93918533
DIA,1,0.07190939,0.92809061
DIA,1,0.06127346,0.93872654
DIA,1,0.29586358,0.70413642
DIA,1,0.05859243,0.94140757
DIA,1,0.44680373,0.55319627
DIA,1,0.08432318,0.91567682
DIA,1,0.08187551,0.91812449
DIA,1,0.34025062,0.65974938
DIA,1,0.92214818,0.07785182
DIA,1,0.06160315,0.93839685
DIA,1,0.10075632,0.89924368
DIA,1,0.06479292,0.93520708
DIA,1,0.05630136,0.94369864
DIA,1,0.05690459,0.94309541
DIA,1,0.05637436,0.94362564
DIA,1,0.06056732,0.93943268
DIA,1,0.10649366,0.89350634
DIA,1,0.05614143,0.94385857
DIA,1,0.51509548,0.48490452
DIA,1,0.10376724,0.89623276
DIA,1,0.15183967,0.84816033
DIA,1,0.55480236,0.44519764
DIA,1,0.09230662,0.90769338
DIA,1,0.07575327,0.92424673
DIA,1,0.05787811,0.94212189
DIA,1,0.13400996,0.86599004
DIA,1,0.08172003,0.91827997
DIA,1,0.12765146,0.87234854
DIA,1,0.05666589,0.94333411
DIA,1,0.05836585,0.94163415
DIA,1,0.26860733,0.73139267
DIA,1,0.07975808,0.92024192
DIA,1,0.05616937,0.94383063
DIA,1,0.36500181,0.63499819
DIA,1,0.18304675,0.81695325
DIA,1,0.16571302,0.83428698
DIA,1,0.21056699,0.78943301
DIA,1,0.12221879,0.87778121
DIA,1,0.48903901,0.51096099
DIA,1,0.05756637,0.94243363
DIA,1,0.16153753,0.83846247
DIA,1,0.05872954,0.94127046
DIA,1,0.07165060,0.92834940
DIA,1,0.08539591,0.91460409
DIA,1,0.05616026,0.94383974
DIA,1,0.07490592,0.92509408
DIA,1,0.06051382,0.93948618
DIA,1,0.05752561,0.94247439
DIA,1,0.05644721,0.94355279
DIA,1,0.05898321,0.94101679
DIA,1,0.09565144,0.90434856
DIA,1,0.05628471,0.94371529
DIA,1,0.06796977,0.93203023
DIA,1,0.05682611,0.94317389
DIA,1,0.05623173,0.94376827
DIA,1,0.06583926,0.93416074
DIA,1,0.09368611,0.90631389
DIA,1,0.06341553,0.93658447
DIA,1,0.07580761,0.92419239
DIA,1,0.05734461,0.94265539
DIA,1,0.29145702,0.70854298
DIA,1,0.07751235,0.92248765
DIA,1,0.46374332,0.53625668
DIA,1,0.06044836,0.93955164
DIA,1,0.25136795,0.74863205
DIA,1,0.08163766,0.91836234
DIA,1,0.16562614,0.83437386
DIA,1,0.07486792,0.92513208
DIA,1,0.16446478,0.83553522
DIA,1,0.07067494,0.92932506
DIA,1,0.10129985,0.89870015
DIA,1,0.05613472,0.94386528
DIA,1,0.07312988,0.92687012
DIA,1,0.38163967,0.61836033
DIA,1,0.06213112,0.93786888
DIA,1,0.05749286,0.94250714
DIA,1,0.27181482,0.72818518
DIA,1,0.11909952,0.88090048
DIA,1,0.06979152,0.93020848
DIA,1,0.06110037,0.93889963
DIA,1,0.08089513,0.91910487
DIA,1,0.05615245,0.94384755
DIA,1,0.05710356,0.94289644
DIA,1,0.06094790,0.93905210
DIA,1,0.07242359,0.92757641
DIA,1,0.06362316,0.93637684
DIA,1,0.06003714,0.93996286
DIA,1,0.06551691,0.93448309
DIA,1,0.05612828,0.94387172
DIA,1,0.30543074,0.69456926
DIA,1,0.12580642,0.87419358
DIA,1,0.06272887,0.93727113
DIA,1,0.06582457,0.93417543
DIA,1,0.05716569,0.94283431
DIA,1,0.05684689,0.94315311
DIA,1,0.05835294,0.94164706
DIA,1,0.06277613,0.93722387
DIA,1,0.06277371,0.93722629
DIA,1,0.14338875,0.85661125
DIA,1,0.10876719,0.89123281
DIA,1,0.06141371,0.93858629
DIA,1,0.08823570,0.91176430
DIA,1,0.07069599,0.92930401
DIA,1,0.06431569,0.93568431
DIA,1,0.28328451,0.71671549
DIA,1,0.06179239,0.93820761
DIA,1,0.05876228,0.94123772
DIA,1,0.05628300,0.94371700
DIA,1,0.12899334,0.87100666
DIA,1,0.05786140,0.94213860
DIA,1,0.05715884,0.94284116
DIA,1,0.05644842,0.94355158
DIA,1,0.05700706,0.94299294
DIA,1,0.05613238,0.94386762
DIA,1,0.06002212,0.93997788
DIA,1,0.13334344,0.86665656
DIA,1,0.07305029,0.92694971
DIA,1,0.05709334,0.94290666
DIA,1,0.07810250,0.92189750
DIA,1,0.05668050,0.94331950
DIA,1,0.05704196,0.94295804
DIA,1,0.06150595,0.93849405
DIA,1,0.10659148,0.89340852
DIA,1,0.06321139,0.93678861
DIA,1,0.06763823,0.93236177
DIA,1,0.05624741,0.94375259
DIA,1,0.20004215,0.79995785
DIA,1,0.06090873,0.93909127
DIA,1,0.08776416,0.91223584
DIA,1,0.07904506,0.92095494
DIA,1,0.07309049,0.92690951
DIA,1,0.05840903,0.94159097
DIA,1,0.12169086,0.87830914
DIA,1,0.06662708,0.93337292
DIA,1,0.06967928,0.93032072
DIA,1,0.05757623,0.94242377
DIA,1,0.11510319,0.88489681
DIA,1,0.06825288,0.93174712
DIA,1,0.05963949,0.94036051
DIA,1,0.57322813,0.42677187
DIA,1,0.05616759,0.94383241
DIA,1,0.09077713,0.90922287
DIA,1,0.05650218,0.94349782
DIA,1,0.05953598,0.94046402
DIA,1,0.06834010,0.93165990
DIA,1,0.24643399,0.75356601
DIA,1,0.05632865,0.94367135
DIA,1,0.16711423,0.83288577
DIA,1,0.19786537,0.80213463
DIA,1,0.06921798,0.93078202
DIA,1,0.05613852,0.94386148
DIA,1,0.06299198,0.93700802
DIA,1,0.05718416,0.94281584
DIA,1,0.05629490,0.94370510
DIA,1,0.11921740,0.88078260
DIA,1,0.06629976,0.93370024
DIA,1,0.08182167,0.91817833
DIA,1,0.11605113,0.88394887
DIA,1,0.09226980,0.90773020
DIA,1,0.12318593,0.87681407
DIA,1,0.08868872,0.91131128
DIA,1,0.05615659,0.94384341
DIA,1,0.06074382,0.93925618
DIA,1,0.07061320,0.92938680
DIA,1,0.06055708,0.93944292
DIA,1,0.05641063,0.94358937
DIA,1,0.08135296,0.91864704
DIA,1,0.06086320,0.93913680
DIA,1,0.21441281,0.78558719
DIA,1,0.13858518,0.86141482
DIA,1,0.05657796,0.94342204
DIA,1,0.05617483,0.94382517
DIA,1,0.06349747,0.93650253
DIA,1,0.06432190,0.93567810
DIA,1,0.05727388,0.94272612
DIA,1,0.11095521,0.88904479
DIA,1,0.73630618,0.26369382
DIA,1,0.99833628,0.00166372
DIA,1,0.99993923,0.00006077
DIA,1,0.32760735,0.67239265
DIA,1,0.99986029,0.00013971
DIA,1,0.92923713,0.07076287
DIA,1,0.05669056,0.94330944
DIA,1,0.08166743,0.91833257
DIA,1,0.98654589,0.01345411
DIA,1,0.31267467,0.68732533
DIA,1,0.05994523,0.94005477
DIA,1,0.36879153,0.63120847
DIA,1,0.79805060,0.20194940
DIA,1,0.18142484,0.81857516
DIA,1,0.06177744,0.93822256
DIA,1,0.07888694,0.92111306
DIA,1,0.06099097,0.93900903
DIA,1,0.21333117,0.78666883
DIA,1,0.11182028,0.88817972
DIA,1,0.06080720,0.93919280
DIA,1,0.45237084,0.54762916
DIA,1,0.07543191,0.92456809
DIA,1,0.12504472,0.87495528
DIA,1,0.06353093,0.93646907
DIA,1,0.06857447,0.93142553
DIA,1,0.07825302,0.92174698
DIA,1,0.52100263,0.47899737
DIA,1,0.05693992,0.94306008
DIA,1,0.26596081,0.73403919
DIA,1,0.05620329,0.94379671
DIA,1,0.16773017,0.83226983
DIA,1,0.56059225,0.43940775
DIA,1,0.05852368,0.94147632
DIA,1,0.08456195,0.91543805
DIA,1,0.10046243,0.89953757
DIA,1,0.05926123,0.94073877
DIA,1,0.05999589,0.94000411
DIA,1,0.05937935,0.94062065
DIA,1,0.11085848,0.88914152
DIA,1,0.16246008,0.83753992
DIA,1,0.07009312,0.92990688
DIA,1,0.05675980,0.94324020
DIA,1,0.05634835,0.94365165
DIA,1,0.05987142,0.94012858
DIA,1,0.48144572,0.51855428
DIA,1,0.12820134,0.87179866
DIA,1,0.05628793,0.94371207
DIA,1,0.05885989,0.94114011
DIA,1,0.13895000,0.86105000
DIA,1,0.05620330,0.94379670
DIA,1,0.06982696,0.93017304
DIA,1,0.10224466,0.89775534
DIA,1,0.07251788,0.92748212
DIA,1,0.05872945,0.94127055
DIA,1,0.05622187,0.94377813
DIA,1,0.05915822,0.94084178
DIA,1,0.11723466,0.88276534
DIA,1,0.05636382,0.94363618
DIA,1,0.06026959,0.93973041
DIA,1,0.26156150,0.73843850
DIA,1,0.18903621,0.81096379
DIA,1,0.18438787,0.81561213
DIA,1,0.05711033,0.94288967
DIA,1,0.23379761,0.76620239
DIA,1,0.05648613,0.94351387
DIA,1,0.06862414,0.93137586
DIA,1,0.05690207,0.94309793
DIA,1,0.05652496,0.94347504
DIA,1,0.05613859,0.94386141
DIA,1,0.05643005,0.94356995
DIA,1,0.06561285,0.93438715
DIA,1,0.10519596,0.89480404
DIA,1,0.09299966,0.90700034
DIA,1,0.27733078,0.72266922
DIA,1,0.59802717,0.40197283
DIA,1,0.06739531,0.93260469
DIA,1,0.11508765,0.88491235
DIA,1,0.06847479,0.93152521
DIA,1,0.06496996,0.93503004
DIA,1,0.41737491,0.58262509
DIA,1,0.06567684,0.93432316
DIA,1,0.11044391,0.88955609
DIA,1,0.20861178,0.79138822
DIA,1,0.20434447,0.79565553
DIA,1,0.78721997,0.21278003
DIA,1,0.07040178,0.92959822
DIA,1,0.12185391,0.87814609
DIA,1,0.14705455,0.85294545
DIA,1,0.05790093,0.94209907
DIA,1,0.05725239,0.94274761
DIA,1,0.13496398,0.86503602
DIA,1,0.07231666,0.92768334
DIA,1,0.13357147,0.86642853
DIA,1,0.37860940,0.62139060
DIA,1,0.05636956,0.94363044
DIA,1,0.26333202,0.73666798
DIA,1,0.90038944,0.09961056
DIA,1,0.16651684,0.83348316
DIA,1,0.05857854,0.94142146
DIA,1,0.08547620,0.91452380
DIA,1,0.74521596,0.25478404
DIA,1,0.16743275,0.83256725
DIA,1,0.82326023,0.17673977
DIA,1,0.05615210,0.94384790
DIA,1,0.30309060,0.69690940
DIA,1,0.07433363,0.92566637
DIA,1,0.22153952,0.77846048
DIA,1,0.16147999,0.83852001
DIA,1,0.36066770,0.63933230
DIA,1,0.17513473,0.82486527
DIA,1,0.07909977,0.92090023
DIA,1,0.91177045,0.08822955
DIA,1,0.05653142,0.94346858
DIA,1,0.47804284,0.52195716
DIA,1,0.11568863,0.88431137
DIA,1,0.07277356,0.92722644
DIA,1,0.17940505,0.82059495
DIA,1,0.16579767,0.83420233
DIA,1,0.05739691,0.94260309
DIA,1,0.07622047,0.92377953
DIA,1,0.36750055,0.63249945
DIA,1,0.49970337,0.50029663
DIA,1,0.29882419,0.70117581
DIA,1,0.38482349,0.61517651
DIA,1,0.05672263,0.94327737
DIA,1,0.05712931,0.94287069
DIA,1,0.21992185,0.78007815
DIA,1,0.12456571,0.87543429
DIA,1,0.05847130,0.94152870
DIA,1,0.19507407,0.80492593
DIA,1,0.05867052,0.94132948
DIA,1,0.08864627,0.91135373
DIA,1,0.63711371,0.36288629
DIA,1,0.06255768,0.93744232
DIA,1,0.05965036,0.94034964
DIA,1,0.06322017,0.93677983
DIA,1,0.06453314,0.93546686
DIA,1,0.07496725,0.92503275
DIA,1,0.05726329,0.94273671
DIA,1,0.05613546,0.94386454
DIA,1,0.18428471,0.81571529
DIA,1,0.05783665,0.94216335
DIA,1,0.05695797,0.94304203
DIA,1,0.06519795,0.93480205
DIA,1,0.10812885,0.89187115
DIA,1,0.08754132,0.91245868
DIA,1,0.05754168,0.94245832
DIA,1,0.05836912,0.94163088
DIA,1,0.06683138,0.93316862
DIA,1,0.05618966,0.94381034
DIA,1,0.05674190,0.94325810
DIA,1,0.07178915,0.92821085
DIA,1,0.06906598,0.93093402
DIA,1,0.05698381,0.94301619
DIA,1,0.07354587,0.92645413
DIA,1,0.05924801,0.94075199
DIA,1,0.08961252,0.91038748
DIA,1,0.07250352,0.92749648
DIA,1,0.10888896,0.89111104
DIA,1,0.05674160,0.94325840
DIA,1,0.05657126,0.94342874
DIA,1,0.10737908,0.89262092
DIA,1,0.14464995,0.85535005
DIA,1,0.05768033,0.94231967
DIA,1,0.05716370,0.94283630
DIA,1,0.07281513,0.92718487
DIA,1,0.06085686,0.93914314
DIA,1,0.05911714,0.94088286
DIA,1,0.07483353,0.92516647
DIA,1,0.05631965,0.94368035
DIA,1,0.05696054,0.94303946
DIA,1,0.05628847,0.94371153
DIA,1,0.05992069,0.94007931
DIA,1,0.15064054,0.84935946
DIA,1,0.06422615,0.93577385
DIA,1,0.07637314,0.92362686
DIA,1,0.08471395,0.91528605
DIA,1,0.07599483,0.92400517
DIA,1,0.05613015,0.94386985
DIA,1,0.06591586,0.93408414
DIA,1,0.05723907,0.94276093
DIA,1,0.17199980,0.82800020
DIA,1,0.14240082,0.85759918
DIA,1,0.05622451,0.94377549
DIA,1,0.12774808,0.87225192
DIA,1,0.10510169,0.89489831
DIA,1,0.11023133,0.88976867
DIA,1,0.05659534,0.94340466
DIA,1,0.06934785,0.93065215
DIA,1,0.06114736,0.93885264
DIA,1,0.05613762,0.94386238
DIA,1,0.16490764,0.83509236
DIA,1,0.10630438,0.89369562
DIA,1,0.05630142,0.94369858
DIA,1,0.05871678,0.94128322
DIA,1,0.06619054,0.93380946
DIA,1,0.05615661,0.94384339
DIA,1,0.05953484,0.94046516
DIA,1,0.05717462,0.94282538
DIA,1,0.07542392,0.92457608
DIA,1,0.05714620,0.94285380
DIA,1,0.06276134,0.93723866
DIA,1,0.05640687,0.94359313
DIA,1,0.07986693,0.92013307
DIA,1,0.09165766,0.90834234
DIA,1,0.06302895,0.93697105
DIA,1,0.05833640,0.94166360
DIA,1,0.06857952,0.93142048
DIA,1,0.05975664,0.94024336
DIA,1,0.08212545,0.91787455
DIA,1,0.05788998,0.94211002
DIA,1,0.05922768,0.94077232
DIA,1,0.18145914,0.81854086
DIA,1,0.99834595,0.00165405
DIA,1,0.45171699,0.54828301
DIA,1,0.24553294,0.75446706
DIA,1,0.42657276,0.57342724
DIA,1,0.25338609,0.74661391
DIA,1,0.05820642,0.94179358
DIA,1,0.07398602,0.92601398
DIA,1,0.06300870,0.93699130
DIA,1,0.05649178,0.94350822
DIA,1,0.22265076,0.77734924
DIA,1,0.07118889,0.92881111
DIA,1,0.08124885,0.91875115
DIA,1,0.05771338,0.94228662
DIA,1,0.08532376,0.91467624
DIA,1,0.05670280,0.94329720
DIA,1,0.05651097,0.94348903
DIA,1,0.05708178,0.94291822
DIA,1,0.05799677,0.94200323
DIA,1,0.06366335,0.93633665
DIA,1,0.05902746,0.94097254
DIA,1,0.06337663,0.93662337
DIA,1,0.05697563,0.94302437
DIA,1,0.05614059,0.94385941
DIA,1,0.05645424,0.94354576
DIA,1,0.05696141,0.94303859
DIA,1,0.05727352,0.94272648
DIA,1,0.06843401,0.93156599
DIA,1,0.05762879,0.94237121
DIA,1,0.05612805,0.94387195
DIA,1,0.12594099,0.87405901
DIA,1,0.05613083,0.94386917
DIA,1,0.05613634,0.94386366
DIA,1,0.05790389,0.94209611
DIA,1,0.07535703,0.92464297
DIA,1,0.05707985,0.94292015
DIA,1,0.06029509,0.93970491
DIA,1,0.06457647,0.93542353
DIA,1,0.05641481,0.94358519
DIA,1,0.05695873,0.94304127
DIA,1,0.05853281,0.94146719
DIA,1,0.05704951,0.94295049
DIA,1,0.05645291,0.94354709
DIA,1,0.06163810,0.93836190
DIA,1,0.05805044,0.94194956
DIA,1,0.06025491,0.93974509
DIA,1,0.07145876,0.92854124
DIA,1,0.05819166,0.94180834
DIA,1,0.06051482,0.93948518
DIA,1,0.05638215,0.94361785
DIA,1,0.06360596,0.93639404
DIA,1,0.05968983,0.94031017
DIA,1,0.05621306,0.94378694
DIA,1,0.05903681,0.94096319
DIA,1,0.74741008,0.25258992
DIA,1,0.14760300,0.85239700
DIA,1,0.19696387,0.80303613
DIA,1,0.06001042,0.93998958
DIA,1,0.11366639,0.88633361
DIA,1,0.06383489,0.93616511
DIA,1,0.05628547,0.94371453
DIA,1,0.05624758,0.94375242
DIA,1,0.10432701,0.89567299
DIA,1,0.07490102,0.92509898
DIA,1,0.07929883,0.92070117
DIA,1,0.11516167,0.88483833
DIA,1,0.07842559,0.92157441
DIA,1,0.07900805,0.92099195
DIA,1,0.12351740,0.87648260
DIA,1,0.09325640,0.90674360
DIA,1,0.05833519,0.94166481
DIA,1,0.06773961,0.93226039
DIA,1,0.07269436,0.92730564
DIA,1,0.05614176,0.94385824
DIA,1,0.05724200,0.94275800
DIA,1,0.06666273,0.93333727
DIA,1,0.13035367,0.86964633
DIA,1,0.05612868,0.94387132
DIA,1,0.05875440,0.94124560
DIA,1,0.05784855,0.94215145
DIA,1,0.05937288,0.94062712
DIA,1,0.06326896,0.93673104
DIA,1,0.05910194,0.94089806
DIA,1,0.05795530,0.94204470
DIA,1,0.05665642,0.94334358
DIA,1,0.06424296,0.93575704
DIA,1,0.05916458,0.94083542
DIA,1,0.05700240,0.94299760
DIA,1,0.05711080,0.94288920
DIA,1,0.05628567,0.94371433
DIA,1,0.05663168,0.94336832
DIA,1,0.07344030,0.92655970
DIA,1,0.06697690,0.93302310
DIA,1,0.05784072,0.94215928
DIA,1,0.05891631,0.94108369
DIA,1,0.64302676,0.35697324
DIA,1,0.07199951,0.92800049
DIA,1,0.24033689,0.75966311
DIA,1,0.18682216,0.81317784
DIA,1,0.06038478,0.93961522
DIA,1,0.05685657,0.94314343
DIA,1,0.06009957,0.93990043
DIA,1,0.05932151,0.94067849
DIA,1,0.05732867,0.94267133
DIA,1,0.05747181,0.94252819
DIA,1,0.06581604,0.93418396
DIA,1,0.06323121,0.93676879
DIA,1,0.06139961,0.93860039
DIA,1,0.06300327,0.93699673
DIA,1,0.05901028,0.94098972
DIA,1,0.05657235,0.94342765
DIA,1,0.05614619,0.94385381
DIA,1,0.06197587,0.93802413
DIA,1,0.05642819,0.94357181
DIA,1,0.05847114,0.94152886
DIA,1,0.05797802,0.94202198
DIA,1,0.30095301,0.69904699
DIA,1,0.06605297,0.93394703
DIA,1,0.08623242,0.91376758
DIA,1,0.05913515,0.94086485
DIA,1,0.07369665,0.92630335
DIA,1,0.07090498,0.92909502
DIA,1,0.05896781,0.94103219
DIA,1,0.05614487,0.94385513
DIA,1,0.05782701,0.94217299
DIA,1,0.06686284,0.93313716
DIA,1,0.05682394,0.94317606
DIA,1,0.05686088,0.94313912
DIA,1,0.05631485,0.94368515
DIA,1,0.05629829,0.94370171
DIA,1,0.07119814,0.92880186
DIA,1,0.05671820,0.94328180
DIA,1,0.06003863,0.93996137
DIA,1,0.07257771,0.92742229
DIA,1,0.06180703,0.93819297
DIA,1,0.05772920,0.94227080
DIA,1,0.06035585,0.93964415
DIA,1,0.06195365,0.93804635
DIA,1,0.05775362,0.94224638
DIA,1,0.06721590,0.93278410
DIA,1,0.05956909,0.94043091
DIA,1,0.05624843,0.94375157
DIA,1,0.06016128,0.93983872
DIA,1,0.05693588,0.94306412
DIA,1,0.06258680,0.93741320
DIA,1,0.06562343,0.93437657
DIA,1,0.05655651,0.94344349
DIA,1,0.07130498,0.92869502
DIA,1,0.09445044,0.90554956
DIA,1,0.05838309,0.94161691
DIA,1,0.05614939,0.94385061
DIA,1,0.07511157,0.92488843
DIA,1,0.07323924,0.92676076
DIA,1,0.05649010,0.94350990
DIA,1,0.05614395,0.94385605
DIA,1,0.10831293,0.89168707
DIA,1,0.05614241,0.94385759
DIA,1,0.05757263,0.94242737
DIA,1,0.05730739,0.94269261
DIA,1,0.07224933,0.92775067
DIA,1,0.06958914,0.93041086
DIA,1,0.08550855,0.91449145
DIA,1,0.06853571,0.93146429
DIA,1,0.07146454,0.92853546
DIA,1,0.05641650,0.94358350
DIA,1,0.05615273,0.94384727
DIA,1,0.07253648,0.92746352
DIA,1,0.05797538,0.94202462
DIA,1,0.05755606,0.94244394
DIA,1,0.05633381,0.94366619
DIA,1,0.05640619,0.94359381
DIA,1,0.05670592,0.94329408
DIA,1,0.24565311,0.75434689
DIA,1,0.06416909,0.93583091
DIA,1,0.05616924,0.94383076
DIA,1,0.05877775,0.94122225
DIA,1,0.05727454,0.94272546
DIA,1,0.06145557,0.93854443
DIA,1,0.05613803,0.94386197
DIA,1,0.05818820,0.94181180
DIA,1,0.05644619,0.94355381
DIA,1,0.05827536,0.94172464
DIA,1,0.06928095,0.93071905
DIA,1,0.05616705,0.94383295
DIA,1,0.05657754,0.94342246
DIA,1,0.05623570,0.94376430
DIA,1,0.14961811,0.85038189
DIA,1,0.05682832,0.94317168
DIA,1,0.05615620,0.94384380
DIA,1,0.05996813,0.94003187
DIA,1,0.05883017,0.94116983
DIA,1,0.08275945,0.91724055
DIA,1,0.05704059,0.94295941
DIA,1,0.06069214,0.93930786
DIA,1,0.05985712,0.94014288
DIA,1,0.05647326,0.94352674
DIA,1,0.05761776,0.94238224
DIA,1,0.05761205,0.94238795
DIA,1,0.05626158,0.94373842
DIA,1,0.05616027,0.94383973
DIA,1,0.05612969,0.94387031
DIA,1,0.05617186,0.94382814
DIA,1,0.05993646,0.94006354
DIA,1,0.08166717,0.91833283
DIA,1,0.09593604,0.90406396
DIA,1,0.06701170,0.93298830
DIA,1,0.07586902,0.92413098
DIA,1,0.09179839,0.90820161
DIA,1,0.05641305,0.94358695
DIA,1,0.12544512,0.87455488
DIA,1,0.16242991,0.83757009
DIA,1,0.05613131,0.94386869
DIA,1,0.05614802,0.94385198
DIA,1,0.05776324,0.94223676
DIA,1,0.05705523,0.94294477
DIA,1,0.05730469,0.94269531
DIA,1,0.05624820,0.94375180
DIA,1,0.05616092,0.94383908
DIA,1,0.05919628,0.94080372
DIA,1,0.05622470,0.94377530
DIA,1,0.05742913,0.94257087
DIA,1,0.05740416,0.94259584
DIA,1,0.05682414,0.94317586
DIA,1,0.05674239,0.94325761
DIA,1,0.06347465,0.93652535
DIA,1,0.05615087,0.94384913
DIA,1,0.45707074,0.54292926
DIA,1,0.05681037,0.94318963
DIA,1,0.08229863,0.91770137
DIA,1,0.06745512,0.93254488
DIA,1,0.05872451,0.94127549
DIA,1,0.06248451,0.93751549
DIA,1,0.06220488,0.93779512
DIA,1,0.05613739,0.94386261
DIA,1,0.05874629,0.94125371
DIA,1,0.05674729,0.94325271
DIA,1,0.07653623,0.92346377
DIA,1,0.06158770,0.93841230
DIA,1,0.05641413,0.94358587
DIA,1,0.05857701,0.94142299
DIA,1,0.05723454,0.94276546
DIA,1,0.05626610,0.94373390
DIA,1,0.06453927,0.93546073
DIA,1,0.05694298,0.94305702
DIA,1,0.06442428,0.93557572
DIA,1,0.05895528,0.94104472
DIA,1,0.05624095,0.94375905
DIA,1,0.05664312,0.94335688
DIA,1,0.08037309,0.91962691
DIA,1,0.05853069,0.94146931
DIA,1,0.05991168,0.94008832
DIA,1,0.05641743,0.94358257
DIA,1,0.05613998,0.94386002
DIA,1,0.05633069,0.94366931
DIA,1,0.06598060,0.93401940
DIA,1,0.07655945,0.92344055
DIA,1,0.08434114,0.91565886
DIA,1,0.05846665,0.94153335
DIA,1,0.72567870,0.27432130
DIA,1,0.05633743,0.94366257
DIA,1,0.05625209,0.94374791
DIA,1,0.15940407,0.84059593
DIA,1,0.06259975,0.93740025
DIA,1,0.05790678,0.94209322
DIA,1,0.05825347,0.94174653
DIA,1,0.06036405,0.93963595
DIA,1,0.06042660,0.93957340
DIA,1,0.05789620,0.94210380
DIA,1,0.05791877,0.94208123
DIA,1,0.05833841,0.94166159
DIA,1,0.05629945,0.94370055
DIA,1,0.05879881,0.94120119
DIA,1,0.05634855,0.94365145
DIA,1,0.05888415,0.94111585
DIA,1,0.05793138,0.94206862
DIA,1,0.05666872,0.94333128
DIA,1,0.08146691,0.91853309
DIA,1,0.06469805,0.93530195
DIA,1,0.05674227,0.94325773
DIA,1,0.06851974,0.93148026
DIA,1,0.05617693,0.94382307
DIA,1,0.05626459,0.94373541
DIA,1,0.06020918,0.93979082
DIA,1,0.05807872,0.94192128
DIA,1,0.05680597,0.94319403
DIA,1,0.05683354,0.94316646
DIA,1,0.06276001,0.93723999
DIA,1,0.05799464,0.94200536
DIA,1,0.08255781,0.91744219
DIA,1,0.05641117,0.94358883
DIA,1,0.08300565,0.91699435
DIA,1,0.05746932,0.94253068
DIA,1,0.08153213,0.91846787
DIA,1,0.06439857,0.93560143
DIA,1,0.05930051,0.94069949
DIA,1,0.05736302,0.94263698
DIA,1,0.06183992,0.93816008
DIA,1,0.05649838,0.94350162
DIA,1,0.05907592,0.94092408
DIA,1,0.06227909,0.93772091
DIA,1,0.05682287,0.94317713
DIA,1,0.05622507,0.94377493
DIA,1,0.05619984,0.94380016
DIA,1,0.05616472,0.94383528
DIA,1,0.06472798,0.93527202
DIA,1,0.05798734,0.94201266
DIA,1,0.05628899,0.94371101
DIA,1,0.05679077,0.94320923
DIA,1,0.07424419,0.92575581
DIA,1,0.08655189,0.91344811
DIA,1,0.06212764,0.93787236
DIA,1,0.05947109,0.94052891
DIA,1,0.08244410,0.91755590
DIA,1,0.05824589,0.94175411
DIA,1,0.05668361,0.94331639
DIA,1,0.05663677,0.94336323
DIA,1,0.13604665,0.86395335
DIA,1,0.06936956,0.93063044
DIA,1,0.23480502,0.76519498
DIA,1,0.05626086,0.94373914
DIA,1,0.05842245,0.94157755
DIA,1,0.06483415,0.93516585
DIA,1,0.05792537,0.94207463
DIA,1,0.05960701,0.94039299
DIA,1,0.06855235,0.93144765
DIA,1,0.05947599,0.94052401
DIA,1,0.06834967,0.93165033
DIA,1,0.06234996,0.93765004
DIA,1,0.05979975,0.94020025
DIA,1,0.07126843,0.92873157
DIA,1,0.07516411,0.92483589
DIA,1,0.05660669,0.94339331
DIA,1,0.05682428,0.94317572
DIA,1,0.05818775,0.94181225
DIA,1,0.05652736,0.94347264
DIA,1,0.05620143,0.94379857
DIA,1,0.05666629,0.94333371
DIA,1,0.05925030,0.94074970
DIA,1,0.06594308,0.93405692
DIA,1,0.06291382,0.93708618
DIA,1,0.06482185,0.93517815
DIA,1,0.07709238,0.92290762
DIA,1,0.10760628,0.89239372
DIA,1,0.05614707,0.94385293
DIA,1,0.06359367,0.93640633
DIA,1,0.05617362,0.94382638
DIA,1,0.09170962,0.90829038
DIA,1,0.11200931,0.88799069
DIA,1,0.05617510,0.94382490
DIA,1,0.17433628,0.82566372
DIA,1,0.05947736,0.94052264
DIA,1,0.05749778,0.94250222
DIA,1,0.07170144,0.92829856
DIA,1,0.05616808,0.94383192
DIA,1,0.05720319,0.94279681
DIA,1,0.07072241,0.92927759
DIA,1,0.10229714,0.89770286
DIA,1,0.07398103,0.92601897
DIA,1,0.24511738,0.75488262
DIA,1,0.05731801,0.94268199
DIA,1,0.05733331,0.94266669
DIA,1,0.93019277,0.06980723
DIA,1,0.99999996,0.00000004
DIA,1,0.54973611,0.45026389
DIA,1,0.05666679,0.94333321
DIA,1,0.99999393,0.00000607
DIA,1,0.12427960,0.87572040
DIA,1,0.45788235,0.54211765
DIA,1,0.06010652,0.93989348
DIA,1,0.12558469,0.87441531
DIA,1,0.19606160,0.80393840
DIA,1,0.05749349,0.94250651
DIA,1,0.12083281,0.87916719
DIA,1,0.08676784,0.91323216
DIA,1,0.07453703,0.92546297
DIA,1,0.24561688,0.75438312
DIA,1,0.37715490,0.62284510
DIA,1,0.12702057,0.87297943
DIA,1,0.33228629,0.66771371
DIA,1,0.47421785,0.52578215
DIA,1,0.06465545,0.93534455
DIA,1,0.20661383,0.79338617
DIA,1,0.05710996,0.94289004
DIA,1,0.06107418,0.93892582
DIA,1,0.06173017,0.93826983
DIA,1,0.45061708,0.54938292
DIA,1,0.06698104,0.93301896
DIA,1,0.08489150,0.91510850
DIA,1,0.12974570,0.87025430
DIA,1,0.06290123,0.93709877
DIA,1,0.06109287,0.93890713
DIA,1,0.20348464,0.79651536
DIA,1,0.06207724,0.93792276
DIA,1,0.05703040,0.94296960
DIA,1,0.98963850,0.01036150
DIA,1,0.64135910,0.35864090
DIA,1,0.95240632,0.04759368
DIA,1,0.16434975,0.83565025
DIA,1,0.05720871,0.94279129
DIA,1,0.13026831,0.86973169
DIA,1,0.48783687,0.51216313
DIA,1,0.26288984,0.73711016
DIA,1,0.13664660,0.86335340
DIA,1,0.13173545,0.86826455
DIA,1,0.81292188,0.18707812
DIA,1,0.05612781,0.94387219
DIA,1,0.45328073,0.54671927
DIA,1,0.08673564,0.91326436
DIA,1,0.14606433,0.85393567
DIA,1,0.06370094,0.93629906
DIA,1,0.09478706,0.90521294
DIA,1,0.10914020,0.89085980
DIA,1,0.05644154,0.94355846
DIA,1,0.06169958,0.93830042
DIA,1,0.09729333,0.90270667
DIA,1,0.05682135,0.94317865
DIA,1,0.43014904,0.56985096
DIA,1,0.05660595,0.94339405
DIA,1,0.12034317,0.87965683
DIA,1,0.05618125,0.94381875
DIA,1,0.07506882,0.92493118
DIA,1,0.06063927,0.93936073
DIA,1,0.08602647,0.91397353
DIA,1,0.05619039,0.94380961
DIA,1,0.22244150,0.77755850
DIA,1,0.06825195,0.93174805
DIA,1,0.05621179,0.94378821
DIA,1,0.08602035,0.91397965
DIA,1,0.09864423,0.90135577
DIA,1,0.06499191,0.93500809
DIA,1,0.06032073,0.93967927
DIA,1,0.08689620,0.91310380
DIA,1,0.05770503,0.94229497
DIA,1,0.05792332,0.94207668
DIA,1,0.05613602,0.94386398
DIA,1,0.16286906,0.83713094
DIA,1,0.07540511,0.92459489
DIA,1,0.05714297,0.94285703
DIA,1,0.05977155,0.94022845
DIA,1,0.05918741,0.94081259
DIA,1,0.33708557,0.66291443
DIA,1,0.14287940,0.85712060
DIA,1,0.10725207,0.89274793
DIA,1,0.09264989,0.90735011
DIA,1,0.09099799,0.90900201
DIA,1,0.05612848,0.94387152
DIA,1,0.22304219,0.77695781
DIA,1,0.06761906,0.93238094
DIA,1,0.06101379,0.93898621
DIA,1,0.05622511,0.94377489
DIA,1,0.05612863,0.94387137
DIA,1,0.06675957,0.93324043
DIA,1,0.05700911,0.94299089
DIA,1,0.06158406,0.93841594
DIA,1,0.06515705,0.93484295
DIA,1,0.16029040,0.83970960
DIA,1,0.05931321,0.94068679
DIA,1,0.09291101,0.90708899
DIA,1,0.06436266,0.93563734
DIA,1,0.19430164,0.80569836
DIA,1,0.05613718,0.94386282
DIA,1,0.07954425,0.92045575
DIA,1,0.06176181,0.93823819
DIA,1,0.05919351,0.94080649
DIA,1,0.05734225,0.94265775
DIA,1,0.06994251,0.93005749
DIA,1,0.08217621,0.91782379
DIA,1,0.06658889,0.93341111
DIA,1,0.20473710,0.79526290
DIA,1,0.08026272,0.91973728
DIA,1,0.09566612,0.90433388
DIA,1,0.09516038,0.90483962
DIA,1,0.06576903,0.93423097
DIA,1,0.05809363,0.94190637
DIA,1,0.05860853,0.94139147
DIA,1,0.06119001,0.93880999
DIA,1,0.06863930,0.93136070
DIA,1,0.05633866,0.94366134
DIA,1,0.05627120,0.94372880
DIA,1,0.08953857,0.91046143
DIA,1,0.08578456,0.91421544
DIA,1,0.06804915,0.93195085
DIA,1,0.05919465,0.94080535
DIA,1,0.07357830,0.92642170
DIA,1,0.06279466,0.93720534
DIA,1,0.05979516,0.94020484
DIA,1,0.05626748,0.94373252
DIA,1,0.06998771,0.93001229
DIA,1,0.05788928,0.94211072
DIA,1,0.06853289,0.93146711
DIA,1,0.05693660,0.94306340
DIA,1,0.06036069,0.93963931
DIA,1,0.09103513,0.90896487
DIA,1,0.07149109,0.92850891
DIA,1,0.06368030,0.93631970
DIA,1,0.06853694,0.93146306
DIA,1,0.28404935,0.71595065
DIA,1,0.07148328,0.92851672
DIA,1,0.06288086,0.93711914
DIA,1,0.05952293,0.94047707
DIA,1,0.06088220,0.93911780
DIA,1,0.06096154,0.93903846
DIA,1,0.06777545,0.93222455
DIA,1,0.12712280,0.87287720
DIA,1,0.05695543,0.94304457
DIA,1,0.05862013,0.94137987
DIA,1,0.06857564,0.93142436
DIA,1,0.05685168,0.94314832
DIA,1,0.05625761,0.94374239
DIA,1,0.05642766,0.94357234
DIA,1,0.05646251,0.94353749
DIA,1,0.06015933,0.93984067
DIA,1,0.05902865,0.94097135
DIA,1,0.06438219,0.93561781
DIA,1,0.05703053,0.94296947
DIA,1,0.07228716,0.92771284
DIA,1,0.05640398,0.94359602
DIA,1,0.06177703,0.93822297
DIA,1,0.07986512,0.92013488
DIA,1,0.07854113,0.92145887
DIA,1,0.11870331,0.88129669
DIA,1,0.06359863,0.93640137
DIA,1,0.07799658,0.92200342
DIA,1,0.06074025,0.93925975
DIA,1,0.06459317,0.93540683
DIA,1,0.05745925,0.94254075
DIA,1,0.05645489,0.94354511
DIA,1,0.08463896,0.91536104
DIA,1,0.06910696,0.93089304
DIA,1,0.05871317,0.94128683
DIA,1,0.08491028,0.91508972
DIA,1,0.08553222,0.91446778
DIA,1,0.05651731,0.94348269
DIA,1,0.05790106,0.94209894
DIA,1,0.99663653,0.00336347
DIA,1,0.88002515,0.11997485
DIA,1,0.11316103,0.88683897
DIA,1,0.05915313,0.94084687
DIA,1,0.70482767,0.29517233
DIA,1,0.05756049,0.94243951
DIA,1,0.19649731,0.80350269
DIA,1,0.05712095,0.94287905
DIA,1,0.06702699,0.93297301
DIA,1,0.07028472,0.92971528
DIA,1,0.90547167,0.09452833
DIA,1,0.23754875,0.76245125
DIA,1,0.13044620,0.86955380
DIA,1,0.13803796,0.86196204
DIA,1,0.37083235,0.62916765
DIA,1,0.14054803,0.85945197
DIA,1,0.14513581,0.85486419
DIA,1,0.06164770,0.93835230
DIA,1,0.08323770,0.91676230
DIA,1,0.08539031,0.91460969
DIA,1,0.73530710,0.26469290
DIA,1,0.05816698,0.94183302
DIA,1,0.08839240,0.91160760
DIA,1,0.87558073,0.12441927
DIA,1,0.07337532,0.92662468
DIA,1,0.09739150,0.90260850
DIA,1,0.08751555,0.91248445
DIA,1,0.07129873,0.92870127
DIA,1,0.28993499,0.71006501
DIA,1,0.85334832,0.14665168
DIA,1,0.05767077,0.94232923
DIA,1,0.08477718,0.91522282
DIA,1,0.22523042,0.77476958
DIA,1,0.07137219,0.92862781
DIA,1,0.91134619,0.08865381
DIA,1,0.05650980,0.94349020
DIA,1,0.08893532,0.91106468
DIA,1,0.15914413,0.84085587
DIA,1,0.99222521,0.00777479
DIA,1,0.07246590,0.92753410
DIA,1,0.81766265,0.18233735
DIA,1,0.05621716,0.94378284
DIA,1,0.05800439,0.94199561
DIA,1,0.07577284,0.92422716
DIA,1,0.06132965,0.93867035
DIA,1,0.62925616,0.37074384
DIA,1,0.82029454,0.17970546
DIA,1,0.05748115,0.94251885
DIA,1,0.26022398,0.73977602
DIA,1,0.71568255,0.28431745
DIA,1,0.61079909,0.38920091
DIA,1,0.99399189,0.00600811
DIA,1,0.99999962,0.00000038
DIA,1,0.29054415,0.70945585
DIA,1,0.05865045,0.94134955
DIA,1,0.14217409,0.85782591
DIA,1,0.05746694,0.94253306
DIA,1,0.98054059,0.01945941
DIA,1,0.99014889,0.00985111
DIA,1,0.08038268,0.91961732
DIA,1,0.14242929,0.85757071
DIA,1,0.06674696,0.93325304
DIA,1,0.07055489,0.92944511
DIA,1,0.05614072,0.94385928
DIA,1,0.06211078,0.93788922
DIA,1,0.07543945,0.92456055
DIA,1,0.07690014,0.92309986
DIA,1,0.08342872,0.91657128
DIA,1,0.24064275,0.75935725
DIA,1,0.14246907,0.85753093
DIA,1,0.07392601,0.92607399
DIA,1,0.05617760,0.94382240
DIA,1,0.08528266,0.91471734
DIA,1,0.09012775,0.90987225
DIA,1,0.05700301,0.94299699
DIA,1,0.44055748,0.55944252
DIA,1,0.05643016,0.94356984
DIA,1,0.05895379,0.94104621
DIA,1,0.08340771,0.91659229
DIA,1,0.08509601,0.91490399
DIA,1,0.05616147,0.94383853
DIA,1,0.10116349,0.89883651
DIA,1,0.06085890,0.93914110
DIA,1,0.05854036,0.94145964
DIA,1,0.25557749,0.74442251
DIA,1,0.07288620,0.92711380
DIA,1,0.06239711,0.93760289
DIA,1,0.38873367,0.61126633
DIA,1,0.05744919,0.94255081
DIA,1,0.05882837,0.94117163
DIA,1,0.06280016,0.93719984
DIA,1,0.07888744,0.92111256
DIA,1,0.05985982,0.94014018
DIA,1,0.05667119,0.94332881
DIA,1,0.05992625,0.94007375
DIA,1,0.05989752,0.94010248
DIA,1,0.06364568,0.93635432
DIA,1,0.08757092,0.91242908
DIA,1,0.05671620,0.94328380
DIA,1,0.06924279,0.93075721
DIA,1,0.09438209,0.90561791
DIA,1,0.05717875,0.94282125
DIA,1,0.08915073,0.91084927
DIA,1,0.06051156,0.93948844
DIA,1,0.07073495,0.92926505
DIA,1,0.05637290,0.94362710
DIA,1,0.07036025,0.92963975
DIA,1,0.06008197,0.93991803
DIA,1,0.05642540,0.94357460
DIA,1,0.07132540,0.92867460
DIA,1,0.09082702,0.90917298
DIA,1,0.40442547,0.59557453
DIA,1,0.05648098,0.94351902
DIA,1,0.07120138,0.92879862
DIA,1,0.05640886,0.94359114
DIA,1,0.06163776,0.93836224
DIA,1,0.09699283,0.90300717
DIA,1,0.20362254,0.79637746
DIA,1,0.05787625,0.94212375
DIA,1,0.05680302,0.94319698
DIA,1,0.07731061,0.92268939
DIA,1,0.05798581,0.94201419
DIA,1,0.06034815,0.93965185
DIA,1,0.08651204,0.91348796
DIA,1,0.05617936,0.94382064
DIA,1,0.05624541,0.94375459
DIA,1,0.12290895,0.87709105
DIA,1,0.05614565,0.94385435
DIA,1,0.05888189,0.94111811
DIA,1,0.05613156,0.94386844
DIA,1,0.06409385,0.93590615
DIA,1,0.05710023,0.94289977
DIA,1,0.06981693,0.93018307
DIA,1,0.05752639,0.94247361
DIA,1,0.06955136,0.93044864
DIA,1,0.05926753,0.94073247
DIA,1,0.05632286,0.94367714
DIA,1,0.05709606,0.94290394
DIA,1,0.07420438,0.92579562
DIA,1,0.06885113,0.93114887
DIA,1,0.08249897,0.91750103
DIA,1,0.05772114,0.94227886
DIA,1,0.48193124,0.51806876
DIA,1,0.05698412,0.94301588
DIA,1,0.07005522,0.92994478
DIA,1,0.06339132,0.93660868
DIA,1,0.85973225,0.14026775
DIA,1,0.07521879,0.92478121
DIA,1,0.06915903,0.93084097
DIA,1,0.09992219,0.90007781
DIA,1,0.06058511,0.93941489
DIA,1,0.06199974,0.93800026
DIA,1,0.08529082,0.91470918
DIA,1,0.06098423,0.93901577
DIA,1,0.14976235,0.85023765
DIA,1,0.05968117,0.94031883
DIA,1,0.10434557,0.89565443
DIA,1,0.11173050,0.88826950
DIA,1,0.05657362,0.94342638
DIA,1,0.23233451,0.76766549
DIA,1,0.05654298,0.94345702
DIA,1,0.65064397,0.34935603
DIA,1,0.11644054,0.88355946
DIA,1,0.08869343,0.91130657
DIA,1,0.13375002,0.86624998
DIA,1,0.06299851,0.93700149
DIA,1,0.05616594,0.94383406
DIA,1,0.05743704,0.94256296
DIA,1,0.06267799,0.93732201
DIA,1,0.05617724,0.94382276
DIA,1,0.05642491,0.94357509
DIA,1,0.21059121,0.78940879
DIA,1,0.05904206,0.94095794
DIA,1,0.11078169,0.88921831
DIA,1,0.05623940,0.94376060
DIA,1,0.05614709,0.94385291
DIA,1,0.07929204,0.92070796
DIA,1,0.05654982,0.94345018
DIA,1,0.05620525,0.94379475
DIA,1,0.05947150,0.94052850
DIA,1,0.06626199,0.93373801
DIA,1,0.06004796,0.93995204
DIA,1,0.08076251,0.91923749
DIA,1,0.05664001,0.94335999
DIA,1,0.06542367,0.93457633
DIA,1,0.05675886,0.94324114
DIA,1,0.05962388,0.94037612
DIA,1,0.09961807,0.90038193
DIA,1,0.11364083,0.88635917
DIA,1,0.05744433,0.94255567
DIA,1,0.05639317,0.94360683
DIA,1,0.06482673,0.93517327
DIA,1,0.05615161,0.94384839
DIA,1,0.05896359,0.94103641
DIA,1,0.05621392,0.94378608
DIA,1,0.07811235,0.92188765
DIA,1,0.05862349,0.94137651
DIA,1,0.06797812,0.93202188
DIA,1,0.05712509,0.94287491
DIA,1,0.05677822,0.94322178
DIA,1,0.05638723,0.94361277
DIA,1,0.17472429,0.82527571
DIA,1,0.15072028,0.84927972
DIA,1,0.06597136,0.93402864
DIA,1,0.98837851,0.01162149
DIA,1,0.11331966,0.88668034
DIA,1,0.05613470,0.94386530
DIA,1,0.23407632,0.76592368
DIA,1,0.05844741,0.94155259
DIA,1,0.28603028,0.71396972
DIA,1,0.20782358,0.79217642
DIA,1,0.98854410,0.01145590
DIA,1,0.05696220,0.94303780
DIA,1,0.16950551,0.83049449
DIA,1,0.13006230,0.86993770
DIA,1,0.07317692,0.92682308
DIA,1,0.09941327,0.90058673
DIA,1,0.05925578,0.94074422
DIA,1,0.86673259,0.13326741
DIA,1,0.09739255,0.90260745
DIA,1,0.06284736,0.93715264
DIA,1,0.11243287,0.88756713
DIA,1,0.20215781,0.79784219
DIA,1,0.05909535,0.94090465
DIA,1,0.13316477,0.86683523
DIA,1,0.09329088,0.90670912
DIA,1,0.26457006,0.73542994
DIA,1,0.06255824,0.93744176
DIA,1,0.05730031,0.94269969
DIA,1,0.05982416,0.94017584
DIA,1,0.09917982,0.90082018
DIA,1,0.05861422,0.94138578
DIA,1,0.05711757,0.94288243
DIA,1,0.06885618,0.93114382
DIA,1,0.05642400,0.94357600
DIA,1,0.05703966,0.94296034
DIA,1,0.05758789,0.94241211
DIA,1,0.07454566,0.92545434
DIA,1,0.05612986,0.94387014
DIA,1,0.06941334,0.93058666
DIA,1,0.07164278,0.92835722
DIA,1,0.05882326,0.94117674
DIA,1,0.05986197,0.94013803
DIA,1,0.06131924,0.93868076
DIA,1,0.17898576,0.82101424
DIA,1,0.60301413,0.39698587
DIA,1,0.06059515,0.93940485
DIA,1,0.25181574,0.74818426
DIA,1,0.05880291,0.94119709
DIA,1,0.16916581,0.83083419
DIA,1,0.07374208,0.92625792
DIA,1,0.07596271,0.92403729
DIA,1,0.17626934,0.82373066
DIA,1,0.05613270,0.94386730
DIA,1,0.10029672,0.89970328
DIA,1,0.05613417,0.94386583
DIA,1,0.05641861,0.94358139
DIA,1,0.11011728,0.88988272
DIA,1,0.05694452,0.94305548
DIA,1,0.05686868,0.94313132
DIA,1,0.05723981,0.94276019
DIA,1,0.05649772,0.94350228
DIA,1,0.07140711,0.92859289
DIA,1,0.07014389,0.92985611
DIA,1,0.05616973,0.94383027
DIA,1,0.06429964,0.93570036
DIA,1,0.06722440,0.93277560
DIA,1,0.13139133,0.86860867
DIA,1,0.06859200,0.93140800
DIA,1,0.05705767,0.94294233
DIA,1,0.05613122,0.94386878
DIA,1,0.07850045,0.92149955
DIA,1,0.05639022,0.94360978
DIA,1,0.05619396,0.94380604
DIA,1,0.05612820,0.94387180
DIA,1,0.06113649,0.93886351
DIA,1,0.05614773,0.94385227
DIA,1,0.09137694,0.90862306
DIA,1,0.05751643,0.94248357
DIA,1,0.06192113,0.93807887
DIA,1,0.06498030,0.93501970
DIA,1,0.05848932,0.94151068
DIA,1,0.06265365,0.93734635
DIA,1,0.08303093,0.91696907
DIA,1,0.05897507,0.94102493
DIA,1,0.05734962,0.94265038
DIA,1,0.06307783,0.93692217
DIA,1,0.11832715,0.88167285
DIA,1,0.13714879,0.86285121
DIA,1,0.06563588,0.93436412
DIA,1,0.05705188,0.94294812
DIA,1,0.16831997,0.83168003
DIA,1,0.05959103,0.94040897
DIA,1,0.05687992,0.94312008
DIA,1,0.05654688,0.94345312
DIA,1,0.09113100,0.90886900
DIA,1,0.05638345,0.94361655
DIA,1,0.06197406,0.93802594
DIA,1,0.05698835,0.94301165
DIA,1,0.05647909,0.94352091
DIA,1,0.06698334,0.93301666
DIA,1,0.06061294,0.93938706
DIA,1,0.06208878,0.93791122
DIA,1,0.05655426,0.94344574
DIA,1,0.06207329,0.93792671
DIA,1,0.05669538,0.94330462
DIA,1,0.07650401,0.92349599
DIA,1,0.05818102,0.94181898
DIA,1,0.15585800,0.84414200
DIA,1,0.08344630,0.91655370
DIA,1,0.05743547,0.94256453
DIA,1,0.06346420,0.93653580
DIA,1,0.06965178,0.93034822
DIA,1,0.08941034,0.91058966
DIA,1,0.06355376,0.93644624
DIA,1,0.05893397,0.94106603
DIA,1,0.05694568,0.94305432
DIA,1,0.06081637,0.93918363
DIA,1,0.11000909,0.88999091
DIA,1,0.05885676,0.94114324
DIA,1,0.06836777,0.93163223
DIA,1,0.05638091,0.94361909
DIA,1,0.05650216,0.94349784
DIA,1,0.07361339,0.92638661
DIA,1,0.34429699,0.65570301
DIA,1,0.06937462,0.93062538
DIA,1,0.05651438,0.94348562
DIA,1,0.06508071,0.93491929
DIA,1,0.67520867,0.32479133
DIA,1,0.06120472,0.93879528
DIA,1,0.25942279,0.74057721
DIA,1,0.44728325,0.55271675
DIA,1,0.06517898,0.93482102
DIA,1,0.10714378,0.89285622
DIA,1,0.06912534,0.93087466
DIA,1,0.05622570,0.94377430
DIA,1,0.10887672,0.89112328
DIA,1,0.06197964,0.93802036
DIA,1,0.05677459,0.94322541
DIA,1,0.07229001,0.92770999
DIA,1,0.06168699,0.93831301
DIA,1,0.06372140,0.93627860
DIA,1,0.09349824,0.90650176
DIA,1,0.99976932,0.00023068
DIA,1,0.99927311,0.00072689
DIA,1,0.08354533,0.91645467
DIA,1,0.99999937,0.00000063
DIA,1,0.43757526,0.56242474
DIA,1,0.99999994,0.00000006
DIA,1,0.93454793,0.06545207
DIA,1,0.99999073,0.00000927
DIA,1,0.99763588,0.00236412
DIA,1,0.18835036,0.81164964
DIA,1,1.00000000,0.00000000
DIA,1,0.99998498,0.00001502
DIA,1,1.00000000,0.00000000
DIA,1,1.00000000,0.00000000
DIA,1,1.00000000,0.00000000
DIA,1,1.00000000,0.00000000
DIA,1,0.99994947,0.00005053
DIA,1,1.00000000,0.00000000
DIA,1,0.06383359,0.93616641
DIA,1,0.99999945,0.00000055
DIA,1,0.99914353,0.00085647
DIA,1,1.00000000,0.00000000
DIA,1,0.99718396,0.00281604
DIA,1,1.00000000,0.00000000
DIA,1,0.99968708,0.00031292
DIA,1,0.97455523,0.02544477
DIA,1,0.32698433,0.67301567
DIA,1,0.99999978,0.00000022
DIA,1,0.49617570,0.50382430
DIA,1,0.28389519,0.71610481
DIA,1,1.00000000,0.00000000
DIA,1,0.06785747,0.93214253
DIA,1,0.99857985,0.00142015
DIA,1,0.27005633,0.72994367
DIA,1,0.19155277,0.80844723
DIA,1,0.79193797,0.20806203
DIA,1,0.38032383,0.61967617
DIA,1,0.05613441,0.94386559
DIA,1,0.98791178,0.01208822
DIA,1,0.78156662,0.21843338
DIA,1,0.98447105,0.01552895
DIA,1,0.42098626,0.57901374
DIA,1,0.06104522,0.93895478
DIA,1,0.14167955,0.85832045
DIA,1,0.32114447,0.67885553
DIA,1,0.05613294,0.94386706
DIA,1,0.74433334,0.25566666
DIA,1,0.11887405,0.88112595
DIA,1,0.95745065,0.04254935
DIA,1,0.05658797,0.94341203
DIA,1,0.07203259,0.92796741
DIA,1,0.10022010,0.89977990
DIA,1,0.09299847,0.90700153
DIA,1,0.58644340,0.41355660
DIA,1,0.06005696,0.93994304
DIA,1,0.57086985,0.42913015
DIA,1,0.85134422,0.14865578
DIA,1,0.24256392,0.75743608
DIA,1,0.06299684,0.93700316
DIA,1,0.99988407,0.00011593
DIA,1,0.18984495,0.81015505
DIA,1,0.22269354,0.77730646
DIA,1,0.05993559,0.94006441
DIA,1,0.05634606,0.94365394
DIA,1,0.72096212,0.27903788
DIA,1,0.85606800,0.14393200
DIA,1,0.06352874,0.93647126
DIA,1,0.05672374,0.94327626
DIA,1,0.06191268,0.93808732
DIA,1,0.13341294,0.86658706
DIA,1,0.70165754,0.29834246
DIA,1,0.05811608,0.94188392
DIA,1,0.99419064,0.00580936
DIA,1,0.57090448,0.42909552
DIA,1,0.11208731,0.88791269
DIA,1,0.14552683,0.85447317
DIA,1,1.00000000,0.00000000
DIA,1,0.19153124,0.80846876
DIA,1,0.08814382,0.91185618
DIA,1,0.67307466,0.32692534
DIA,1,0.06727205,0.93272795
DIA,1,0.05798457,0.94201543
DIA,1,0.09325852,0.90674148
DIA,1,0.06947468,0.93052532
DIA,1,0.07095078,0.92904922
DIA,1,0.96202536,0.03797464
DIA,1,0.11036593,0.88963407
DIA,1,0.97194141,0.02805859
DIA,1,0.65983420,0.34016580
DIA,1,0.12519346,0.87480654
DIA,1,0.05854393,0.94145607
DIA,1,0.06118441,0.93881559
DIA,1,0.45680976,0.54319024
DIA,1,0.22062932,0.77937068
DIA,1,0.07129748,0.92870252
DIA,1,0.20669348,0.79330652
DIA,1,0.19692556,0.80307444
DIA,1,0.05721649,0.94278351
DIA,1,0.70321155,0.29678845
DIA,1,0.12351946,0.87648054
DIA,1,0.06499469,0.93500531
DIA,1,0.05955734,0.94044266
DIA,1,0.05613654,0.94386346
DIA,1,0.07398809,0.92601191
DIA,1,0.07871661,0.92128339
DIA,1,0.18245493,0.81754507
DIA,1,0.09096661,0.90903339
DIA,1,0.06265041,0.93734959
DIA,1,0.08542288,0.91457712
DIA,1,0.07041678,0.92958322
DIA,1,0.09208775,0.90791225
DIA,1,0.06222100,0.93777900
DIA,1,0.10738675,0.89261325
DIA,1,0.08058996,0.91941004
DIA,1,0.24317892,0.75682108
DIA,1,0.09072956,0.90927044
DIA,1,0.05838581,0.94161419
DIA,1,0.19648802,0.80351198
DIA,1,0.05940638,0.94059362
DIA,1,0.12122353,0.87877647
DIA,1,0.05792269,0.94207731
DIA,1,0.05656000,0.94344000
DIA,1,0.06014965,0.93985035
DIA,1,0.05928772,0.94071228
DIA,1,0.06097557,0.93902443
DIA,1,0.05703730,0.94296270
DIA,1,0.08162970,0.91837030
DIA,1,0.23040077,0.76959923
DIA,1,0.05658278,0.94341722
DIA,1,0.05958812,0.94041188
DIA,1,0.07330094,0.92669906
DIA,1,0.07488028,0.92511972
DIA,1,0.08517099,0.91482901
DIA,1,0.08099479,0.91900521
DIA,1,0.35102326,0.64897674
DIA,1,0.95764642,0.04235358
DIA,1,0.09107854,0.90892146
DIA,1,0.83343335,0.16656665
DIA,1,0.22971909,0.77028091
DIA,1,0.20449562,0.79550438
DIA,1,0.06187969,0.93812031
DIA,1,0.16746852,0.83253148
DIA,1,0.05660809,0.94339191
DIA,1,0.05689236,0.94310764
DIA,1,0.06589694,0.93410306
DIA,1,0.10646189,0.89353811
DIA,1,0.56289735,0.43710265
DIA,1,0.06217991,0.93782009
DIA,1,0.53798995,0.46201005
DIA,1,0.05618398,0.94381602
DIA,1,0.20843195,0.79156805
DIA,1,0.33270769,0.66729231
DIA,1,0.06187333,0.93812667
DIA,1,0.15072889,0.84927111
DIA,1,0.05836500,0.94163500
DIA,1,0.06671729,0.93328271
DIA,1,0.34599925,0.65400075
DIA,1,0.16497088,0.83502912
DIA,1,0.44880011,0.55119989
DIA,1,0.07310389,0.92689611
DIA,1,0.07416287,0.92583713
DIA,1,0.10656407,0.89343593
DIA,1,0.06691040,0.93308960
DIA,1,0.07579834,0.92420166
DIA,1,0.05672837,0.94327163
DIA,1,0.06303060,0.93696940
DIA,1,0.23605468,0.76394532
DIA,1,0.05971536,0.94028464
DIA,1,0.06058066,0.93941934
DIA,1,0.06871648,0.93128352
DIA,1,0.05625876,0.94374124
DIA,1,0.83843419,0.16156581
DIA,1,0.11867922,0.88132078
DIA,1,0.99951026,0.00048974
DIA,1,0.05862173,0.94137827
DIA,1,0.07085995,0.92914005
DIA,1,0.29361927,0.70638073
DIA,1,0.74206826,0.25793174
DIA,1,0.27320105,0.72679895
DIA,1,0.64560802,0.35439198
DIA,1,0.05638847,0.94361153
DIA,1,0.98254909,0.01745091
DIA,1,0.14684760,0.85315240
DIA,1,0.05612914,0.94387086
DIA,1,0.13706996,0.86293004
DIA,1,0.18515518,0.81484482
DIA,1,0.38841433,0.61158567
DIA,1,0.06474106,0.93525894
DIA,1,0.16589237,0.83410763
DIA,1,0.05626741,0.94373259
DIA,1,0.08496964,0.91503036
DIA,1,0.12898019,0.87101981
DIA,1,0.33883588,0.66116412
DIA,1,0.06586714,0.93413286
DIA,1,0.05640216,0.94359784
DIA,1,0.10414756,0.89585244
DIA,1,0.07078062,0.92921938
DIA,1,0.05895605,0.94104395
DIA,1,0.06026821,0.93973179
DIA,1,0.09732860,0.90267140
DIA,1,0.06453745,0.93546255
DIA,1,0.06033169,0.93966831
DIA,1,0.06078064,0.93921936
DIA,1,0.05915559,0.94084441
DIA,1,0.05696347,0.94303653
DIA,1,0.07434598,0.92565402
DIA,1,0.13328778,0.86671222
DIA,1,0.05626520,0.94373480
DIA,1,0.06707736,0.93292264
DIA,1,0.06243353,0.93756647
DIA,1,0.05648323,0.94351677
DIA,1,0.07821834,0.92178166
DIA,1,0.06093067,0.93906933
DIA,1,0.05923219,0.94076781
DIA,1,0.08111473,0.91888527
DIA,1,0.05739661,0.94260339
DIA,1,0.05837439,0.94162561
DIA,1,0.07887796,0.92112204
DIA,1,0.16429328,0.83570672
DIA,1,0.06565268,0.93434732
DIA,1,0.26327230,0.73672770
DIA,1,0.09170849,0.90829151
DIA,1,0.05867471,0.94132529
DIA,1,0.05945685,0.94054315
DIA,1,0.05739788,0.94260212
DIA,1,0.05613270,0.94386730
DIA,1,0.05836576,0.94163424
DIA,1,0.07351614,0.92648386
DIA,1,0.06105785,0.93894215
DIA,1,0.09870667,0.90129333
DIA,1,0.05616310,0.94383690
DIA,1,0.07268814,0.92731186
DIA,1,0.05735143,0.94264857
DIA,1,0.05643631,0.94356369
DIA,1,0.67434725,0.32565275
DIA,1,0.09329025,0.90670975
DIA,1,0.59105895,0.40894105
DIA,1,0.07364151,0.92635849
DIA,1,0.34312851,0.65687149
DIA,1,0.05882203,0.94117797
DIA,1,0.13560041,0.86439959
DIA,1,0.06296637,0.93703363
DIA,1,0.08979611,0.91020389
DIA,1,0.05616887,0.94383113
DIA,1,0.05780514,0.94219486
DIA,1,0.05612959,0.94387041
DIA,1,0.05645316,0.94354684
DIA,1,0.05811309,0.94188691
DIA,1,0.06026257,0.93973743
DIA,1,0.06191485,0.93808515
DIA,1,0.05616203,0.94383797
DIA,1,0.05645988,0.94354012
DIA,1,0.05626870,0.94373130
DIA,1,0.20733918,0.79266082
DIA,1,0.36356267,0.63643733
DIA,1,0.36003526,0.63996474
DIA,1,0.46709379,0.53290621
DIA,1,0.06016430,0.93983570
DIA,1,0.06455400,0.93544600
DIA,1,0.14880640,0.85119360
DIA,1,0.41991111,0.58008889
DIA,1,0.14263970,0.85736030
DIA,1,0.05747257,0.94252743
DIA,1,0.25407319,0.74592681
DIA,1,0.08183167,0.91816833
DIA,1,0.11049996,0.88950004
DIA,1,0.07444548,0.92555452
DIA,1,0.06152149,0.93847851
DIA,1,0.07050118,0.92949882
DIA,1,0.06423575,0.93576425
DIA,1,0.08671109,0.91328891
DIA,1,0.05908423,0.94091577
DIA,1,0.10661761,0.89338239
DIA,1,0.05645977,0.94354023
DIA,1,0.07492062,0.92507938
DIA,1,0.24294362,0.75705638
DIA,1,0.06395321,0.93604679
DIA,1,0.05993511,0.94006489
DIA,1,0.05976528,0.94023472
DIA,1,0.06797678,0.93202322
DIA,1,0.15369201,0.84630799
DIA,1,0.05785522,0.94214478
DIA,1,0.05615325,0.94384675
DIA,1,0.05748111,0.94251889
DIA,1,0.10338560,0.89661440
DIA,1,0.05649045,0.94350955
DIA,1,0.05818886,0.94181114
DIA,1,0.05702050,0.94297950
DIA,1,0.10572998,0.89427002
DIA,1,0.07127491,0.92872509
DIA,1,0.06079079,0.93920921
DIA,1,0.08985771,0.91014229
DIA,1,0.09959170,0.90040830
DIA,1,0.09979886,0.90020114
DIA,1,0.07360446,0.92639554
DIA,1,0.05683591,0.94316409
DIA,1,0.05612891,0.94387109
DIA,1,0.06729534,0.93270466
DIA,1,0.07902305,0.92097695
DIA,1,0.06747569,0.93252431
DIA,1,0.07816971,0.92183029
DIA,1,0.05671323,0.94328677
DIA,1,0.05989699,0.94010301
DIA,1,0.11093147,0.88906853
DIA,1,0.08511736,0.91488264
DIA,1,0.05622126,0.94377874
DIA,1,0.22238856,0.77761144
DIA,1,0.70758052,0.29241948
DIA,1,0.14281083,0.85718917
DIA,1,0.15258531,0.84741469
DIA,1,0.05635224,0.94364776
DIA,1,0.09088261,0.90911739
DIA,1,0.07079627,0.92920373
DIA,1,0.06881416,0.93118584
DIA,1,0.06383395,0.93616605
DIA,1,0.07225602,0.92774398
DIA,1,0.05777146,0.94222854
DIA,1,0.05613346,0.94386654
DIA,1,0.06409993,0.93590007
DIA,1,0.05831007,0.94168993
DIA,1,0.05709298,0.94290702
DIA,1,0.05643183,0.94356817
DIA,1,0.05629322,0.94370678
DIA,1,0.06871355,0.93128645
DIA,1,0.06080172,0.93919828
DIA,1,0.05673541,0.94326459
DIA,1,0.06562083,0.93437917
DIA,1,0.05614380,0.94385620
DIA,1,0.05620967,0.94379033
DIA,1,0.05882994,0.94117006
DIA,1,0.06005750,0.93994250
DIA,1,0.09152556,0.90847444
DIA,1,0.08033948,0.91966052
DIA,1,0.35286853,0.64713147
DIA,1,0.33883587,0.66116413
DIA,1,0.06157532,0.93842468
DIA,1,0.05778885,0.94221115
DIA,1,0.10819956,0.89180044
DIA,1,0.08818407,0.91181593
DIA,1,0.06282863,0.93717137
DIA,1,0.05613186,0.94386814
DIA,1,0.07498109,0.92501891
DIA,1,0.06472588,0.93527412
DIA,1,0.06664711,0.93335289
DIA,1,0.07188332,0.92811668
DIA,1,0.05896598,0.94103402
DIA,1,0.08419538,0.91580462
DIA,1,0.17189922,0.82810078
DIA,1,0.06643173,0.93356827
DIA,1,0.05958982,0.94041018
DIA,1,0.05658419,0.94341581
DIA,1,0.05731732,0.94268268
DIA,1,0.09684981,0.90315019
DIA,1,0.75207212,0.24792788
DIA,1,0.24387871,0.75612129
DIA,1,0.11225035,0.88774965
DIA,1,0.05699568,0.94300432
DIA,1,0.08069744,0.91930256
DIA,1,0.05995750,0.94004250
DIA,1,0.05837919,0.94162081
DIA,1,0.06294325,0.93705675
DIA,1,0.06388252,0.93611748
DIA,1,0.06313614,0.93686386
DIA,1,0.06058372,0.93941628
DIA,1,0.08860742,0.91139258
DIA,1,0.09867864,0.90132136
DIA,1,0.08188394,0.91811606
DIA,1,0.06679202,0.93320798
DIA,1,0.05938742,0.94061258
DIA,1,0.06510418,0.93489582
DIA,1,0.07850557,0.92149443
DIA,1,0.05650647,0.94349353
DIA,1,0.05622498,0.94377502
DIA,1,0.06055525,0.93944475
DIA,1,0.08830790,0.91169210
DIA,1,0.15105778,0.84894222
DIA,1,0.05964512,0.94035488
DIA,1,0.07616294,0.92383706
DIA,1,0.07884817,0.92115183
DIA,1,0.05694792,0.94305208
DIA,1,0.05673821,0.94326179
DIA,1,0.07004626,0.92995374
DIA,1,0.07707281,0.92292719
DIA,1,0.05657996,0.94342004
DIA,1,0.05679698,0.94320302
DIA,1,0.05705826,0.94294174
DIA,1,0.06205460,0.93794540
DIA,1,0.05756823,0.94243177
DIA,1,0.08948142,0.91051858
DIA,1,0.05913277,0.94086723
DIA,1,0.06564911,0.93435089
DIA,1,0.09347172,0.90652828
DIA,1,0.08087699,0.91912301
DIA,1,0.08929540,0.91070460
DIA,1,0.07499833,0.92500167
DIA,1,0.05681705,0.94318295
DIA,1,0.06782497,0.93217503
DIA,1,0.48533751,0.51466249
DIA,1,0.06008090,0.93991910
DIA,1,0.11605967,0.88394033
DIA,1,0.30026503,0.69973497
DIA,1,0.05819457,0.94180543
DIA,1,0.05813490,0.94186510
DIA,1,0.34628264,0.65371736
DIA,1,0.05685945,0.94314055
DIA,1,0.31785368,0.68214632
DIA,1,0.18783781,0.81216219
DIA,1,0.09501978,0.90498022
DIA,1,0.09550449,0.90449551
DIA,1,0.06250191,0.93749809
DIA,1,0.11959999,0.88040001
DIA,1,0.05626068,0.94373932
DIA,1,0.08395158,0.91604842
DIA,1,0.06357508,0.93642492
DIA,1,0.05616600,0.94383400
DIA,1,0.29722337,0.70277663
DIA,1,0.16717657,0.83282343
DIA,1,0.05613535,0.94386465
DIA,1,0.07109452,0.92890548
DIA,1,0.06677232,0.93322768
DIA,1,0.05614119,0.94385881
DIA,1,0.05800865,0.94199135
DIA,1,0.05783837,0.94216163
DIA,1,0.05627850,0.94372150
DIA,1,0.08572730,0.91427270
DIA,1,0.07489413,0.92510587
DIA,1,0.06030571,0.93969429
DIA,1,0.05973372,0.94026628
DIA,1,0.06381916,0.93618084
DIA,1,0.06083655,0.93916345
DIA,1,0.05633246,0.94366754
DIA,1,0.07116851,0.92883149
DIA,1,0.06115871,0.93884129
DIA,1,0.05977977,0.94022023
DIA,1,0.08075979,0.91924021
DIA,1,0.06783953,0.93216047
DIA,1,0.06615945,0.93384055
DIA,1,0.05612896,0.94387104
DIA,1,0.05710079,0.94289921
DIA,1,0.07232945,0.92767055
DIA,1,0.05818831,0.94181169
DIA,1,0.08797254,0.91202746
DIA,1,0.05613546,0.94386454
DIA,1,0.07080279,0.92919721
DIA,1,0.05614254,0.94385746
DIA,1,0.92988904,0.07011096
DIA,1,0.06637168,0.93362832
DIA,1,0.47513781,0.52486219
DIA,1,0.27579616,0.72420384
DIA,1,0.38382474,0.61617526
DIA,1,0.05615485,0.94384515
DIA,1,0.49104242,0.50895758
DIA,1,0.29551228,0.70448772
DIA,1,0.05813486,0.94186514
DIA,1,0.05613055,0.94386945
DIA,1,0.07427600,0.92572400
DIA,1,0.09661571,0.90338429
DIA,1,0.06252507,0.93747493
DIA,1,0.12807482,0.87192518
DIA,1,0.05612890,0.94387110
DIA,1,0.27523247,0.72476753
DIA,1,0.21253391,0.78746609
DIA,1,0.27050625,0.72949375
DIA,1,0.09904698,0.90095302
DIA,1,0.07466055,0.92533945
DIA,1,0.12266495,0.87733505
DIA,1,0.06150422,0.93849578
DIA,1,0.05938801,0.94061199
DIA,1,0.05844177,0.94155823
DIA,1,0.05763586,0.94236414
DIA,1,0.07870741,0.92129259
DIA,1,0.07694114,0.92305886
DIA,1,0.12367872,0.87632128
DIA,1,0.07135005,0.92864995
DIA,1,0.05624506,0.94375494
DIA,1,0.06570934,0.93429066
DIA,1,0.06655933,0.93344067
DIA,1,0.05707998,0.94292002
DIA,1,0.06704082,0.93295918
DIA,1,0.07409291,0.92590709
DIA,1,0.31194795,0.68805205
DIA,1,0.13670123,0.86329877
DIA,1,0.11553516,0.88446484
DIA,1,0.22141864,0.77858136
DIA,1,0.05758802,0.94241198
DIA,1,0.05741409,0.94258591
DIA,1,0.06332313,0.93667687
DIA,1,0.05624801,0.94375199
DIA,1,0.35129578,0.64870422
DIA,1,0.19234880,0.80765120
DIA,1,0.09991609,0.90008391
DIA,1,0.08127838,0.91872162
DIA,1,0.23550551,0.76449449
DIA,1,0.05757785,0.94242215
DIA,1,0.05612785,0.94387215
DIA,1,0.12923860,0.87076140
DIA,1,0.11016160,0.88983840
DIA,1,0.23519794,0.76480206
DIA,1,0.30656646,0.69343354
DIA,1,0.07503699,0.92496301
DIA,1,0.15630714,0.84369286
DIA,1,0.05626664,0.94373336
DIA,1,0.46898823,0.53101177
DIA,1,0.09472827,0.90527173
DIA,1,0.26628858,0.73371142
DIA,1,0.28012051,0.71987949
DIA,1,0.05730125,0.94269875
DIA,1,0.91248387,0.08751613
DIA,1,0.05978952,0.94021048
DIA,1,0.47582933,0.52417067
DIA,1,0.34621533,0.65378467
DIA,1,0.05698971,0.94301029
DIA,1,0.07130701,0.92869299
DIA,1,0.89083205,0.10916795
DIA,1,0.08747895,0.91252105
DIA,1,0.56636739,0.43363261
DIA,1,0.05747732,0.94252268
DIA,1,0.08380065,0.91619935
DIA,1,0.05625450,0.94374550
DIA,1,0.46333539,0.53666461
DIA,1,0.37965085,0.62034915
DIA,1,0.20858906,0.79141094
DIA,1,0.10274191,0.89725809
DIA,1,0.06903655,0.93096345
DIA,1,0.08055391,0.91944609
DIA,1,0.17363598,0.82636402
DIA,1,0.10458837,0.89541163
DIA,1,0.06936629,0.93063371
DIA,1,0.06039280,0.93960720
DIA,1,0.11683967,0.88316033
DIA,1,0.05662378,0.94337622
DIA,1,0.32297634,0.67702366
DIA,1,0.05948126,0.94051874
DIA,1,0.06107782,0.93892218
DIA,1,0.08965319,0.91034681
DIA,1,0.06730324,0.93269676
DIA,1,0.05823219,0.94176781
DIA,1,0.06424050,0.93575950
DIA,1,0.15365498,0.84634502
DIA,1,0.06185888,0.93814112
DIA,1,0.11592610,0.88407390
DIA,1,0.05883608,0.94116392
DIA,1,0.05701139,0.94298861
DIA,1,0.24338224,0.75661776
DIA,1,0.09499025,0.90500975
DIA,1,0.11825943,0.88174057
DIA,1,0.98703274,0.01296726
DIA,1,0.06643203,0.93356797
DIA,1,0.84783038,0.15216962
DIA,1,0.05613382,0.94386618
DIA,1,0.49414541,0.50585459
DIA,1,0.95242963,0.04757037
DIA,1,0.05615485,0.94384515
DIA,1,0.05836294,0.94163706
DIA,1,0.97332482,0.02667518
DIA,1,0.98676602,0.01323398
DIA,1,0.07144805,0.92855195
DIA,1,0.64019826,0.35980174
DIA,1,0.06469627,0.93530373
DIA,1,0.12703953,0.87296047
DIA,1,0.06394411,0.93605589
DIA,1,0.24362318,0.75637682
DIA,1,0.05794905,0.94205095
DIA,1,0.20548147,0.79451853
DIA,1,0.99938607,0.00061393
DIA,1,0.12910712,0.87089288
DIA,1,0.05617797,0.94382203
DIA,1,0.58526380,0.41473620
DIA,1,0.06053865,0.93946135
DIA,1,0.07481423,0.92518577
DIA,1,0.35612645,0.64387355
DIA,1,0.52189485,0.47810515
DIA,1,0.06970354,0.93029646
DIA,1,0.07358433,0.92641567
DIA,1,0.18426370,0.81573630
DIA,1,0.11051321,0.88948679
DIA,1,0.05618952,0.94381048
DIA,1,0.09194815,0.90805185
DIA,1,0.08626017,0.91373983
DIA,1,0.63506991,0.36493009
DIA,1,0.98558387,0.01441613
DIA,1,0.99241866,0.00758134
DIA,1,0.08455509,0.91544491
DIA,1,0.11180688,0.88819312
DIA,1,0.85653161,0.14346839
DIA,1,0.06103547,0.93896453
DIA,1,0.70152401,0.29847599
DIA,1,0.05614482,0.94385518
DIA,1,0.07563085,0.92436915
DIA,1,0.96021707,0.03978293
DIA,1,0.05614342,0.94385658
DIA,1,0.32365581,0.67634419
DIA,1,0.05694556,0.94305444
DIA,1,0.09148877,0.90851123
DIA,1,0.11477958,0.88522042
DIA,1,0.06112784,0.93887216
DIA,1,0.05774283,0.94225717
DIA,1,0.14541661,0.85458339
DIA,1,0.05626861,0.94373139
DIA,1,0.07016639,0.92983361
DIA,1,0.07865169,0.92134831
DIA,1,0.08408993,0.91591007
DIA,1,0.06915676,0.93084324
DIA,1,0.68284830,0.31715170
DIA,1,0.06900743,0.93099257
DIA,1,0.84498037,0.15501963
DIA,1,0.06161355,0.93838645
DIA,1,0.06912923,0.93087077
DIA,1,0.06310151,0.93689849
DIA,1,0.05888981,0.94111019
DIA,1,0.08119442,0.91880558
DIA,1,0.19460163,0.80539837
DIA,1,0.14727740,0.85272260
DIA,1,0.12836907,0.87163093
DIA,1,0.05630227,0.94369773
DIA,1,0.17587820,0.82412180
DIA,1,0.15656944,0.84343056
DIA,1,0.05720884,0.94279116
DIA,1,0.05813056,0.94186944
DIA,1,0.05663670,0.94336330
DIA,1,0.05740120,0.94259880
DIA,1,0.33159538,0.66840462
DIA,1,0.05816673,0.94183327
DIA,1,0.18383770,0.81616230
DIA,1,0.07095223,0.92904777
DIA,1,0.08544409,0.91455591
DIA,1,0.06547531,0.93452469
DIA,1,0.05613602,0.94386398
DIA,1,0.09843169,0.90156831
DIA,1,0.61371319,0.38628681
DIA,1,0.07580934,0.92419066
DIA,1,0.05702358,0.94297642
DIA,1,0.11735289,0.88264711
DIA,1,0.98974043,0.01025957
DIA,1,0.09435631,0.90564369
DIA,1,0.12135229,0.87864771
DIA,1,0.11353303,0.88646697
DIA,1,0.06312767,0.93687233
DIA,1,0.12571999,0.87428001
DIA,1,0.07709676,0.92290324
DIA,1,0.20861013,0.79138987
DIA,1,0.08389246,0.91610754
DIA,1,0.17134560,0.82865440
DIA,1,0.09245292,0.90754708
DIA,1,0.99995943,0.00004057
DIA,1,0.05854673,0.94145327
DIA,1,0.07088848,0.92911152
DIA,1,0.06793142,0.93206858
DIA,1,0.07412684,0.92587316
DIA,1,0.11323081,0.88676919
DIA,1,0.46113145,0.53886855
DIA,1,0.06789060,0.93210940
DIA,1,0.36463269,0.63536731
DIA,1,0.17834212,0.82165788
DIA,1,0.06931553,0.93068447
DIA,1,0.48437320,0.51562680
DIA,1,0.23097295,0.76902705
DIA,1,0.50179901,0.49820099
DIA,1,0.90682897,0.09317103
DIA,1,0.98871071,0.01128929
DIA,1,0.05645397,0.94354603
DIA,1,0.15363592,0.84636408
DIA,1,0.77664611,0.22335389
DIA,1,0.06785994,0.93214006
DIA,1,0.05654761,0.94345239
DIA,1,0.05645725,0.94354275
DIA,1,0.97270405,0.02729595
DIA,1,0.14416309,0.85583691
DIA,1,0.41234158,0.58765842
DIA,1,0.18162605,0.81837395
DIA,1,0.05862447,0.94137553
DIA,1,0.06088463,0.93911537
DIA,1,0.87866459,0.12133541
DIA,1,0.29172460,0.70827540
DIA,1,0.15610839,0.84389161
DIA,1,0.05652101,0.94347899
DIA,1,0.07465337,0.92534663
DIA,1,0.94045294,0.05954706
DIA,1,0.05761311,0.94238689
DIA,1,0.05954963,0.94045037
DIA,1,0.31726331,0.68273669
DIA,1,0.07305060,0.92694940
DIA,1,0.16589907,0.83410093
DIA,1,0.23074300,0.76925700
DIA,1,0.14279820,0.85720180
DIA,1,0.52753526,0.47246474
DIA,1,0.99915567,0.00084433
DIA,1,0.06329772,0.93670228
DIA,1,0.07543679,0.92456321
DIA,1,0.05671782,0.94328218
DIA,1,0.05658967,0.94341033
DIA,1,0.05617232,0.94382768
DIA,1,0.07344191,0.92655809
DIA,1,0.05645169,0.94354831
DIA,1,0.15324287,0.84675713
DIA,1,0.06267198,0.93732802
DIA,1,0.06655287,0.93344713
DIA,1,0.23947175,0.76052825
DIA,1,0.05666434,0.94333566
DIA,1,0.73161972,0.26838028
DIA,1,0.06306541,0.93693459
DIA,1,0.05625996,0.94374004
DIA,1,0.23158924,0.76841076
DIA,1,0.15126640,0.84873360
DIA,1,0.05641124,0.94358876
DIA,1,0.07059895,0.92940105
DIA,1,0.09885942,0.90114058
DIA,1,0.27119976,0.72880024
DIA,1,0.06487911,0.93512089
DIA,1,0.06326265,0.93673735
DIA,1,0.82791317,0.17208683
DIA,1,0.12636687,0.87363313
DIA,1,0.07185784,0.92814216
DIA,1,0.05870244,0.94129756
DIA,1,0.33682601,0.66317399
DIA,1,0.10675112,0.89324888
DIA,1,0.06549005,0.93450995
DIA,1,0.05721264,0.94278736
DIA,1,0.13816918,0.86183082
DIA,1,0.11167552,0.88832448
DIA,1,0.05693998,0.94306002
DIA,1,0.05624144,0.94375856
DIA,1,0.06349477,0.93650523
DIA,1,0.11817845,0.88182155
DIA,1,0.63200157,0.36799843
DIA,1,0.05730933,0.94269067
DIA,1,0.06955660,0.93044340
DIA,1,0.09613017,0.90386983
DIA,1,0.08190426,0.91809574
DIA,1,0.06281275,0.93718725
DIA,1,0.14353591,0.85646409
DIA,1,0.55407815,0.44592185
DIA,1,0.10534611,0.89465389
DIA,1,0.10872490,0.89127510
DIA,1,0.09612005,0.90387995
DIA,1,0.06248626,0.93751374
DIA,1,0.05625855,0.94374145
DIA,1,0.07473351,0.92526649
DIA,1,0.05691923,0.94308077
DIA,1,0.08774697,0.91225303
DIA,1,0.12378938,0.87621062
DIA,1,0.05665403,0.94334597
DIA,1,0.05668605,0.94331395
DIA,1,0.06298526,0.93701474
DIA,1,0.05691717,0.94308283
DIA,1,0.08858319,0.91141681
DIA,1,0.07063293,0.92936707
DIA,1,0.09006643,0.90993357
DIA,1,0.06523962,0.93476038
DIA,1,0.14947784,0.85052216
DIA,1,0.06232929,0.93767071
DIA,1,0.05638087,0.94361913
DIA,1,0.18089255,0.81910745
DIA,1,0.05965486,0.94034514
DIA,1,0.65504084,0.34495916
DIA,1,0.06460050,0.93539950
DIA,1,0.06040782,0.93959218
DIA,1,0.11841177,0.88158823
DIA,1,0.05693859,0.94306141
DIA,1,0.08098464,0.91901536
DIA,1,0.05620642,0.94379358
DIA,1,0.12697650,0.87302350
DIA,1,0.17789468,0.82210532
DIA,1,0.05821535,0.94178465
DIA,1,0.40804853,0.59195147
DIA,1,0.06074202,0.93925798
DIA,1,0.38168524,0.61831476
DIA,1,0.16654716,0.83345284
DIA,1,0.06249054,0.93750946
DIA,1,0.12432031,0.87567969
DIA,1,0.09053288,0.90946712
DIA,1,0.13623062,0.86376938
DIA,1,0.13972828,0.86027172
DIA,1,0.13770444,0.86229556
DIA,1,0.13310556,0.86689444
DIA,1,0.30760298,0.69239702
DIA,1,0.05656180,0.94343820
DIA,1,0.06477891,0.93522109
DIA,1,0.07657251,0.92342749
DIA,1,0.05632604,0.94367396
DIA,1,0.11654974,0.88345026
DIA,1,0.06876789,0.93123211
DIA,1,0.18997737,0.81002263
DIA,1,0.13469279,0.86530721
DIA,1,0.06878184,0.93121816
DIA,1,0.05775042,0.94224958
DIA,1,0.05616053,0.94383947
DIA,1,0.06025595,0.93974405
DIA,1,0.06067438,0.93932562
DIA,1,0.05648042,0.94351958
DIA,1,0.14386452,0.85613548
DIA,1,0.06103694,0.93896306
DIA,1,0.05920276,0.94079724
DIA,1,0.05612976,0.94387024
DIA,1,0.05863281,0.94136719
DIA,1,0.06156706,0.93843294
DIA,1,0.05619536,0.94380464
DIA,1,0.05793025,0.94206975
DIA,1,0.12042195,0.87957805
DIA,1,0.08824330,0.91175670
DIA,1,0.27792087,0.72207913
DIA,1,0.10798192,0.89201808
DIA,1,0.05634592,0.94365408
DIA,1,0.13772343,0.86227657
DIA,1,0.10309775,0.89690225
DIA,1,0.10771169,0.89228831
DIA,1,0.30943990,0.69056010
DIA,1,0.05617042,0.94382958
DIA,1,0.05760552,0.94239448
DIA,1,0.05660846,0.94339154
DIA,1,0.07933924,0.92066076
DIA,1,0.05641577,0.94358423
DIA,1,0.05701140,0.94298860
DIA,1,0.11971574,0.88028426
DIA,1,0.14946200,0.85053800
DIA,1,0.06541295,0.93458705
DIA,1,0.06013537,0.93986463
DIA,1,0.06549308,0.93450692
DIA,1,0.08453831,0.91546169
DIA,1,0.09531520,0.90468480
DIA,1,0.05742141,0.94257859
DIA,1,0.11750891,0.88249109
DIA,1,0.05634819,0.94365181
DIA,1,0.06435806,0.93564194
DIA,1,0.06481752,0.93518248
DIA,1,0.71869051,0.28130949
DIA,1,0.06440843,0.93559157
DIA,1,0.05614143,0.94385857
DIA,1,0.05953083,0.94046917
DIA,1,0.06926604,0.93073396
DIA,1,0.05737941,0.94262059
DIA,1,0.07200716,0.92799284
DIA,1,0.06671722,0.93328278
DIA,1,0.07749777,0.92250223
DIA,1,0.16236721,0.83763279
DIA,1,0.05816449,0.94183551
DIA,1,0.08572712,0.91427288
DIA,1,0.06205330,0.93794670
DIA,1,0.05619373,0.94380627
DIA,1,0.07761153,0.92238847
DIA,1,0.05648929,0.94351071
DIA,1,0.07572789,0.92427211
DIA,1,0.05735945,0.94264055
DIA,1,0.08893389,0.91106611
DIA,1,0.10348105,0.89651895
DIA,1,0.05656452,0.94343548
DIA,1,0.06260019,0.93739981
DIA,1,0.13988062,0.86011938
DIA,1,0.07706761,0.92293239
DIA,1,0.07234011,0.92765989
DIA,1,0.11600996,0.88399004
DIA,1,0.06097930,0.93902070
DIA,1,0.05724639,0.94275361
DIA,1,0.06145337,0.93854663
DIA,1,0.05887314,0.94112686
DIA,1,0.13295237,0.86704763
DIA,1,0.06347878,0.93652122
DIA,1,0.06768199,0.93231801
DIA,1,0.05621781,0.94378219
DIA,1,0.06917462,0.93082538
DIA,1,0.05674229,0.94325771
DIA,1,0.05863965,0.94136035
DIA,1,0.07779681,0.92220319
DIA,1,0.06538297,0.93461703
DIA,1,0.06086458,0.93913542
DIA,1,0.05833826,0.94166174
DIA,1,0.11359038,0.88640962
DIA,1,0.05938414,0.94061586
DIA,1,0.06533615,0.93466385
DIA,1,0.14323974,0.85676026
DIA,1,0.06183304,0.93816696
DIA,1,0.07270732,0.92729268
DIA,1,0.05661692,0.94338308
DIA,1,0.06050242,0.93949758
DIA,1,0.05655545,0.94344455
DIA,1,0.12328630,0.87671370
DIA,1,0.07424352,0.92575648
DIA,1,0.10151392,0.89848608
DIA,1,0.05612935,0.94387065
DIA,1,0.05657516,0.94342484
DIA,1,0.06902021,0.93097979
DIA,1,0.06776917,0.93223083
DIA,1,0.12764152,0.87235848
DIA,1,0.07645039,0.92354961
DIA,1,0.07987673,0.92012327
DIA,1,0.10302735,0.89697265
DIA,1,0.05750926,0.94249074
DIA,1,0.06681269,0.93318731
DIA,1,0.06000060,0.93999940
DIA,1,0.07006844,0.92993156
DIA,1,0.07557432,0.92442568
DIA,1,0.05675630,0.94324370
DIA,1,0.05855100,0.94144900
DIA,1,0.05938688,0.94061312
DIA,1,0.05616844,0.94383156
DIA,1,0.05804133,0.94195867
DIA,1,0.10927456,0.89072544
DIA,1,0.08660666,0.91339334
DIA,1,0.05623992,0.94376008
DIA,1,0.06037947,0.93962053
DIA,1,0.05887635,0.94112365
DIA,1,0.13867923,0.86132077
DIA,1,0.06361091,0.93638909
DIA,1,0.05657399,0.94342601
DIA,1,0.14710681,0.85289319
DIA,1,0.06014241,0.93985759
DIA,1,0.06102916,0.93897084
DIA,1,0.06540131,0.93459869
DIA,1,0.05915915,0.94084085
DIA,1,0.19830059,0.80169941
DIA,1,0.05960054,0.94039946
DIA,1,0.05612789,0.94387211
DIA,1,0.09899286,0.90100714
DIA,1,0.07838526,0.92161474
DIA,1,0.06556103,0.93443897
DIA,1,0.05841801,0.94158199
DIA,1,0.06805026,0.93194974
DIA,1,0.05636766,0.94363234
DIA,1,0.10939496,0.89060504
DIA,1,0.05670540,0.94329460
DIA,1,0.11592170,0.88407830
DIA,1,0.09477156,0.90522844
DIA,1,0.10719386,0.89280614
DIA,1,0.07756321,0.92243679
DIA,1,0.07229397,0.92770603
DIA,1,0.05933992,0.94066008
DIA,1,0.09051147,0.90948853
DIA,1,0.15964771,0.84035229
DIA,1,0.26195674,0.73804326
DIA,1,0.06829557,0.93170443
DIA,1,0.08169258,0.91830742
DIA,1,0.41647915,0.58352085
DIA,1,0.09071268,0.90928732
DIA,1,0.05718605,0.94281395
DIA,1,0.05747263,0.94252737
DIA,1,0.05660631,0.94339369
DIA,1,0.07826696,0.92173304
DIA,1,0.13752128,0.86247872
DIA,1,0.05900464,0.94099536
DIA,1,0.24243009,0.75756991
DIA,1,0.07303908,0.92696092
DIA,1,0.05650129,0.94349871
DIA,1,0.05612914,0.94387086
DIA,1,0.07285692,0.92714308
DIA,1,0.05688103,0.94311897
DIA,1,0.06864035,0.93135965
DIA,1,0.06257252,0.93742748
DIA,1,0.05690565,0.94309435
DIA,1,0.05833571,0.94166429
DIA,1,0.05627126,0.94372874
DIA,1,0.25665072,0.74334928
DIA,1,0.10898145,0.89101855
DIA,1,0.05622177,0.94377823
DIA,1,0.05848468,0.94151532
DIA,1,0.05812971,0.94187029
DIA,1,0.05723404,0.94276596
DIA,1,0.06258649,0.93741351
DIA,1,0.06619777,0.93380223
DIA,1,0.06859318,0.93140682
DIA,1,0.24253011,0.75746989
DIA,1,0.07026210,0.92973790
DIA,1,0.05767814,0.94232186
DIA,1,0.05613737,0.94386263
DIA,1,0.07949818,0.92050182
DIA,1,0.16847500,0.83152500
DIA,1,0.08742171,0.91257829
DIA,1,0.05614865,0.94385135
DIA,1,0.06439419,0.93560581
DIA,1,0.06109156,0.93890844
DIA,1,0.05734883,0.94265117
DIA,1,0.05620804,0.94379196
DIA,1,0.05630211,0.94369789
DIA,1,0.08659736,0.91340264
DIA,1,0.05618152,0.94381848
DIA,1,0.05634833,0.94365167
DIA,1,0.07292934,0.92707066
DIA,1,0.06249473,0.93750527
DIA,1,0.06430098,0.93569902
DIA,1,0.05639219,0.94360781
DIA,1,0.06047605,0.93952395
DIA,1,0.07724488,0.92275512
DIA,1,0.06029535,0.93970465
DIA,1,0.06914037,0.93085963
DIA,1,0.13734307,0.86265693
DIA,1,0.06564095,0.93435905
DIA,1,0.05835839,0.94164161
DIA,1,0.05971319,0.94028681
DIA,1,0.07534991,0.92465009
DIA,1,0.05809949,0.94190051
DIA,1,0.07400309,0.92599691
DIA,1,0.06340120,0.93659880
DIA,1,0.09139609,0.90860391
DIA,1,0.10330242,0.89669758
DIA,1,0.06467010,0.93532990
DIA,1,0.08035206,0.91964794
DIA,1,0.06043920,0.93956080
DIA,1,0.06494698,0.93505302
DIA,1,0.05725080,0.94274920
DIA,1,0.05687907,0.94312093
DIA,1,0.06055575,0.93944425
DIA,1,0.20506117,0.79493883
DIA,1,0.05973716,0.94026284
DIA,1,0.10904592,0.89095408
DIA,1,0.06021029,0.93978971
DIA,1,0.05784664,0.94215336
DIA,1,0.05667650,0.94332350
DIA,1,0.15938434,0.84061566
DIA,1,0.05905990,0.94094010
DIA,1,0.05706816,0.94293184
DIA,1,0.05917968,0.94082032
DIA,1,0.05641043,0.94358957
DIA,1,0.05672415,0.94327585
DIA,1,0.05876106,0.94123894
DIA,1,0.05849686,0.94150314
DIA,1,0.13118935,0.86881065
DIA,1,0.05666609,0.94333391
DIA,1,0.06180452,0.93819548
DIA,1,0.05711163,0.94288837
DIA,1,0.05662651,0.94337349
DIA,1,0.07519748,0.92480252
DIA,1,0.05707406,0.94292594
DIA,1,0.06156085,0.93843915
DIA,1,0.06920564,0.93079436
DIA,1,0.05718371,0.94281629
DIA,1,0.09591700,0.90408300
DIA,1,0.13627012,0.86372988
DIA,1,0.08761714,0.91238286
DIA,1,0.08308185,0.91691815
DIA,1,0.06682910,0.93317090
DIA,1,0.05669214,0.94330786
DIA,1,0.16357834,0.83642166
DIA,1,0.05823847,0.94176153
DIA,1,0.07381354,0.92618646
DIA,1,0.12988578,0.87011422
DIA,1,0.05777082,0.94222918
DIA,1,0.21938507,0.78061493
DIA,1,0.08009910,0.91990090
DIA,1,0.05618472,0.94381528
DIA,1,0.05615696,0.94384304
DIA,1,0.13734910,0.86265090
DIA,1,0.05653020,0.94346980
DIA,1,0.17583841,0.82416159
DIA,1,0.08708603,0.91291397
DIA,1,0.05671086,0.94328914
DIA,1,0.05662940,0.94337060
DIA,1,0.05623062,0.94376938
DIA,1,0.07159947,0.92840053
DIA,1,0.08271704,0.91728296
DIA,1,0.08555638,0.91444362
DIA,1,0.05625878,0.94374122
DIA,1,0.11748749,0.88251251
DIA,1,0.06084987,0.93915013
DIA,1,0.06414365,0.93585635
DIA,1,0.25836654,0.74163346
DIA,1,0.05663890,0.94336110
DIA,1,0.09930665,0.90069335
DIA,1,0.17417651,0.82582349
DIA,1,0.07097495,0.92902505
DIA,1,0.05675597,0.94324403
DIA,1,0.06557495,0.93442505
DIA,1,0.10128701,0.89871299
DIA,1,0.06300770,0.93699230
DIA,1,0.05755880,0.94244120
DIA,1,0.06028874,0.93971126
DIA,1,0.10479910,0.89520090
DIA,1,0.05615416,0.94384584
DIA,1,0.06101411,0.93898589
DIA,1,0.06637295,0.93362705
DIA,1,0.05682175,0.94317825
DIA,1,0.06778182,0.93221818
DIA,1,0.31750191,0.68249809
DIA,1,0.05670919,0.94329081
DIA,1,0.07120327,0.92879673
DIA,1,0.14090864,0.85909136
DIA,1,0.11108684,0.88891316
DIA,1,0.24104586,0.75895414
DIA,1,0.05748905,0.94251095
DIA,1,0.06134141,0.93865859
DIA,1,0.05958535,0.94041465
DIA,1,0.05834298,0.94165702
DIA,1,0.05804169,0.94195831
DIA,1,0.05724668,0.94275332
DIA,1,0.06008146,0.93991854
DIA,1,0.05672199,0.94327801
DIA,1,0.05749138,0.94250862
DIA,1,0.05731058,0.94268942
DIA,1,0.06687773,0.93312227
DIA,1,0.05766202,0.94233798
DIA,1,0.08950734,0.91049266
DIA,1,0.05659146,0.94340854
DIA,1,0.07903581,0.92096419
DIA,1,0.08237779,0.91762221
DIA,1,0.05614991,0.94385009
DIA,1,0.05653047,0.94346953
DIA,1,0.05663773,0.94336227
DIA,1,0.05675881,0.94324119
DIA,1,0.06451480,0.93548520
DIA,1,0.05615897,0.94384103
DIA,1,0.05736507,0.94263493
DIA,1,0.05631134,0.94368866
DIA,1,0.05699926,0.94300074
DIA,1,0.13364638,0.86635362
DIA,1,0.05741239,0.94258761
DIA,1,0.07591794,0.92408206
DIA,1,0.07251734,0.92748266
DIA,1,0.51699465,0.48300535
DIA,1,0.08568690,0.91431310
DIA,1,0.17829376,0.82170624
DIA,1,0.12647320,0.87352680
DIA,1,0.05870490,0.94129510
DIA,1,0.05671774,0.94328226
DIA,1,0.18296682,0.81703318
DIA,1,0.05656918,0.94343082
DIA,1,0.35375535,0.64624465
DIA,1,0.05613358,0.94386642
DIA,1,0.06759485,0.93240515
DIA,1,0.05977537,0.94022463
DIA,1,0.16265960,0.83734040
DIA,1,0.34362637,0.65637363
DIA,1,0.96948787,0.03051213
DIA,1,0.07037707,0.92962293
DIA,1,0.07030493,0.92969507
DIA,1,0.38940625,0.61059375
DIA,1,0.05946024,0.94053976
DIA,1,0.06157945,0.93842055
DIA,1,0.11996678,0.88003322
DIA,1,0.08117677,0.91882323
DIA,1,0.24125364,0.75874636
DIA,1,0.06175374,0.93824626
DIA,1,0.07407499,0.92592501
DIA,1,0.05659252,0.94340748
DIA,1,0.05679710,0.94320290
DIA,1,0.06452365,0.93547635
DIA,1,0.13731123,0.86268877
DIA,1,0.05895070,0.94104930
DIA,1,0.05618829,0.94381171
DIA,1,0.06293411,0.93706589
DIA,1,0.07145168,0.92854832
DIA,1,0.07397199,0.92602801
DIA,1,0.26194887,0.73805113
DIA,1,0.05617153,0.94382847
DIA,1,0.06965208,0.93034792
DIA,1,0.12964666,0.87035334
DIA,1,0.14090532,0.85909468
DIA,1,0.05686124,0.94313876
DIA,1,0.05983517,0.94016483
DIA,1,0.07397538,0.92602462
DIA,1,0.08805183,0.91194817
DIA,1,0.07468716,0.92531284
DIA,1,0.05612989,0.94387011
DIA,1,0.05894512,0.94105488
DIA,1,0.17123617,0.82876383
DIA,1,0.05778121,0.94221879
DIA,1,0.05715860,0.94284140
DIA,1,0.05808576,0.94191424
DIA,1,0.08017959,0.91982041
DIA,1,0.07160848,0.92839152
DIA,1,0.06266871,0.93733129
DIA,1,0.05632575,0.94367425
DIA,1,0.06379351,0.93620649
DIA,1,0.05628581,0.94371419
DIA,1,0.06482764,0.93517236
DIA,1,0.08862182,0.91137818
DIA,1,0.10101508,0.89898492
DIA,1,0.05832983,0.94167017
DIA,1,0.12755064,0.87244936
DIA,1,0.05624828,0.94375172
DIA,1,0.11104162,0.88895838
DIA,1,0.07073034,0.92926966
DIA,1,0.08339648,0.91660352
DIA,1,0.08388046,0.91611954
DIA,1,0.06512414,0.93487586
DIA,1,0.05671657,0.94328343
DIA,1,0.09062535,0.90937465
DIA,1,0.05641590,0.94358410
DIA,1,0.11284916,0.88715084
DIA,1,0.06392717,0.93607283
DIA,1,0.07710555,0.92289445
DIA,1,0.07379798,0.92620202
DIA,1,0.06053401,0.93946599
DIA,1,0.05884694,0.94115306
DIA,1,0.10651932,0.89348068
DIA,1,0.07510197,0.92489803
DIA,1,0.07135785,0.92864215
DIA,1,0.11378168,0.88621832
DIA,1,0.99959397,0.00040603
DIA,1,0.05981996,0.94018004
DIA,1,0.07352032,0.92647968
DIA,1,0.08515250,0.91484750
DIA,1,0.09262182,0.90737818
DIA,1,0.05618553,0.94381447
DIA,1,0.06629247,0.93370753
DIA,1,0.08541547,0.91458453
DIA,1,0.05764204,0.94235796
DIA,1,0.05988341,0.94011659
DIA,1,0.06016125,0.93983875
DIA,1,0.13550201,0.86449799
DIA,1,0.12917913,0.87082087
DIA,1,0.13201516,0.86798484
DIA,1,0.06196524,0.93803476
DIA,1,0.05980497,0.94019503
DIA,1,0.06335514,0.93664486
DIA,1,0.05897164,0.94102836
DIA,1,0.05780031,0.94219969
DIA,1,0.07954336,0.92045664
DIA,1,0.06791837,0.93208163
DIA,1,0.06079507,0.93920493
DIA,1,0.07166925,0.92833075
DIA,1,0.06322088,0.93677912
DIA,1,0.05898961,0.94101039
DIA,1,0.07093280,0.92906720
DIA,1,0.05869110,0.94130890
DIA,1,0.05936268,0.94063732
DIA,1,0.07651812,0.92348188
DIA,1,0.95453807,0.04546193
DIA,1,0.05753464,0.94246536
DIA,1,0.15570107,0.84429893
DIA,1,0.05895169,0.94104831
DIA,1,0.10634272,0.89365728
DIA,1,0.05699746,0.94300254
DIA,1,0.08808420,0.91191580
DIA,1,0.12687045,0.87312955
DIA,1,0.05711208,0.94288792
DIA,1,0.06217854,0.93782146
DIA,1,0.08825370,0.91174630
DIA,1,0.05612919,0.94387081
DIA,1,0.06446677,0.93553323
DIA,1,0.05821022,0.94178978
DIA,1,0.34480590,0.65519410
DIA,1,0.08319813,0.91680187
DIA,1,0.07348544,0.92651456
DIA,1,0.38017069,0.61982931
DIA,1,0.05615260,0.94384740
DIA,1,0.08729275,0.91270725
DIA,1,0.19065529,0.80934471
DIA,1,0.06344478,0.93655522
DIA,1,0.11035523,0.88964477
DIA,1,0.05871570,0.94128430
DIA,1,0.07568345,0.92431655
DIA,1,0.06201178,0.93798822
DIA,1,0.05966079,0.94033921
DIA,1,0.06176201,0.93823799
DIA,1,0.08387461,0.91612539
DIA,1,0.06132117,0.93867883
DIA,1,0.05961843,0.94038157
DIA,1,0.08483431,0.91516569
DIA,1,0.05832119,0.94167881
DIA,1,0.12299840,0.87700160
DIA,1,0.06003154,0.93996846
DIA,1,0.06040200,0.93959800
DIA,1,0.06723444,0.93276556
DIA,1,0.08428220,0.91571780
DIA,1,0.06039437,0.93960563
DIA,1,0.05613017,0.94386983
DIA,1,0.05727914,0.94272086
DIA,1,0.11975965,0.88024035
DIA,1,0.45603528,0.54396472
DIA,1,0.05630577,0.94369423
DIA,1,0.06253829,0.93746171
DIA,1,0.06360438,0.93639562
DIA,1,0.06717933,0.93282067
DIA,1,0.20861172,0.79138828
DIA,1,0.22187519,0.77812481
DIA,1,0.38224739,0.61775261
DIA,1,0.12059304,0.87940696
DIA,1,0.10465441,0.89534559
DIA,1,0.06517798,0.93482202
DIA,1,0.66093405,0.33906595
DIA,1,0.19982067,0.80017933
DIA,1,0.06000893,0.93999107
DIA,1,0.20135734,0.79864266
DIA,1,0.29128008,0.70871992
DIA,1,0.11640734,0.88359266
DIA,1,0.07115145,0.92884855
DIA,1,0.09938201,0.90061799
DIA,1,0.05622978,0.94377022
DIA,1,0.05636789,0.94363211
DIA,1,0.23854222,0.76145778
DIA,1,0.05682266,0.94317734
DIA,1,0.06050871,0.93949129
DIA,1,0.06320508,0.93679492
DIA,1,0.41620797,0.58379203
DIA,1,0.09854493,0.90145507
DIA,1,0.05625482,0.94374518
DIA,1,0.07128093,0.92871907
DIA,1,0.99997070,0.00002930
DIA,1,1.00000000,0.00000000
DIA,1,0.22203310,0.77796690
DIA,1,0.10689233,0.89310767
DIA,1,1.00000000,0.00000000
DIA,1,0.54475599,0.45524401
DIA,1,0.20830143,0.79169857
DIA,1,0.10388775,0.89611225
DIA,1,0.06082220,0.93917780
DIA,1,0.44676095,0.55323905
DIA,1,0.26590560,0.73409440
DIA,1,0.94519653,0.05480347
DIA,1,0.88176436,0.11823564
DIA,1,0.18669715,0.81330285
DIA,1,0.19605931,0.80394069
DIA,1,0.05712218,0.94287782
DIA,1,0.05986167,0.94013833
DIA,1,0.08797033,0.91202967
DIA,1,0.06393243,0.93606757
DIA,1,0.05856499,0.94143501
DIA,1,0.22695859,0.77304141
DIA,1,0.05682531,0.94317469
DIA,1,0.11428500,0.88571500
DIA,1,0.07528161,0.92471839
DIA,1,0.07957695,0.92042305
DIA,1,0.05864276,0.94135724
DIA,1,0.96808148,0.03191852
DIA,1,0.06393827,0.93606173
DIA,1,0.05926264,0.94073736
DIA,1,0.07592775,0.92407225
DIA,1,0.09541358,0.90458642
DIA,1,0.06297668,0.93702332
DIA,1,0.05874570,0.94125430
DIA,1,0.58022032,0.41977968
DIA,1,0.05728043,0.94271957
DIA,1,0.07501300,0.92498700
DIA,1,0.40069301,0.59930699
DIA,1,0.06499570,0.93500430
DIA,1,0.05848113,0.94151887
DIA,1,0.05713646,0.94286354
DIA,1,0.05651695,0.94348305
DIA,1,0.06871329,0.93128671
DIA,1,0.05747815,0.94252185
DIA,1,0.05946008,0.94053992
DIA,1,0.12300499,0.87699501
DIA,1,0.05642811,0.94357189
DIA,1,0.05881135,0.94118865
DIA,1,0.05614128,0.94385872
DIA,1,0.05863174,0.94136826
DIA,1,0.45307918,0.54692082
DIA,1,0.07411834,0.92588166
DIA,1,0.07729036,0.92270964
DIA,1,0.05729209,0.94270791
DIA,1,0.05637213,0.94362787
DIA,1,0.10265092,0.89734908
DIA,1,0.17921909,0.82078091
DIA,1,0.05712465,0.94287535
DIA,1,0.10610918,0.89389082
DIA,1,0.13216235,0.86783765
DIA,1,0.08245806,0.91754194
DIA,1,0.11189839,0.88810161
DIA,1,0.05623904,0.94376096
DIA,1,0.08820096,0.91179904
DIA,1,0.10153753,0.89846247
DIA,1,0.06570194,0.93429806
DIA,1,0.06610010,0.93389990
DIA,1,0.06667445,0.93332555
DIA,1,0.07350631,0.92649369
DIA,1,0.05707804,0.94292196
DIA,1,0.11431466,0.88568534
DIA,1,0.06535442,0.93464558
DIA,1,0.07153117,0.92846883
DIA,1,0.05959463,0.94040537
DIA,1,0.05633839,0.94366161
DIA,1,0.06354394,0.93645606
DIA,1,0.15457728,0.84542272
DIA,1,0.07491018,0.92508982
DIA,1,0.06378668,0.93621332
DIA,1,0.05661395,0.94338605
DIA,1,0.06653571,0.93346429
DIA,1,0.06446355,0.93553645
DIA,1,0.08909107,0.91090893
DIA,1,0.19230046,0.80769954
DIA,1,0.17183853,0.82816147
DIA,1,0.05616932,0.94383068
DIA,1,0.05744508,0.94255492
DIA,1,0.06778140,0.93221860
DIA,1,0.06466950,0.93533050
DIA,1,0.06419098,0.93580902
DIA,1,0.12969922,0.87030078
DIA,1,0.14480538,0.85519462
DIA,1,0.05628826,0.94371174
DIA,1,0.05637754,0.94362246
DIA,1,0.05634183,0.94365817
DIA,1,0.05614041,0.94385959
DIA,1,0.05618954,0.94381046
DIA,1,0.06131572,0.93868428
DIA,1,0.49447718,0.50552282
DIA,1,0.07508457,0.92491543
DIA,1,0.05860726,0.94139274
DIA,1,0.06165213,0.93834787
DIA,1,0.05761851,0.94238149
DIA,1,0.05770588,0.94229412
DIA,1,0.07178900,0.92821100
DIA,1,0.05655928,0.94344072
DIA,1,0.08791558,0.91208442
DIA,1,0.06438725,0.93561275
DIA,1,0.05810681,0.94189319
DIA,1,0.06569756,0.93430244
DIA,1,0.06555667,0.93444333
DIA,1,0.19560814,0.80439186
DIA,1,0.06731854,0.93268146
DIA,1,0.05627726,0.94372274
DIA,1,0.05927632,0.94072368
DIA,1,0.07058666,0.92941334
DIA,1,0.06064308,0.93935692
DIA,1,0.06337487,0.93662513
DIA,1,0.05745813,0.94254187
DIA,1,0.05755541,0.94244459
DIA,1,0.06302657,0.93697343
DIA,1,0.06386208,0.93613792
DIA,1,0.07543464,0.92456536
DIA,1,0.05793481,0.94206519
DIA,1,0.05770160,0.94229840
DIA,1,0.05663476,0.94336524
DIA,1,0.05750702,0.94249298
DIA,1,0.06945851,0.93054149
DIA,1,0.05651067,0.94348933
DIA,1,0.05805138,0.94194862
DIA,1,0.05614314,0.94385686
DIA,1,0.06936979,0.93063021
DIA,1,0.58207321,0.41792679
DIA,1,0.14488103,0.85511897
DIA,1,0.07057369,0.92942631
DIA,1,0.05612784,0.94387216
DIA,1,0.07814212,0.92185788
DIA,1,0.06628611,0.93371389
DIA,1,0.15097842,0.84902158
DIA,1,0.07131051,0.92868949
DIA,1,0.07979610,0.92020390
DIA,1,0.05892620,0.94107380
DIA,1,0.12494658,0.87505342
DIA,1,0.09095429,0.90904571
DIA,1,0.06345783,0.93654217
DIA,1,0.05684857,0.94315143
DIA,1,0.05877706,0.94122294
DIA,1,0.05632260,0.94367740
DIA,1,0.06656473,0.93343527
DIA,1,0.07221245,0.92778755
DIA,1,0.06496195,0.93503805
DIA,1,0.09229324,0.90770676
DIA,1,0.05648139,0.94351861
DIA,1,0.09396186,0.90603814
DIA,1,0.17428098,0.82571902
DIA,1,0.08895432,0.91104568
DIA,1,0.33512204,0.66487796
DIA,1,0.09059726,0.90940274
DIA,1,0.17499933,0.82500067
DIA,1,0.15594979,0.84405021
DIA,1,0.05613603,0.94386397
DIA,1,0.09525676,0.90474324
DIA,1,0.11986515,0.88013485
DIA,1,0.06947382,0.93052618
DIA,1,0.25404546,0.74595454
DIA,1,0.08960122,0.91039878
DIA,1,0.07866509,0.92133491
DIA,1,0.09722354,0.90277646
DIA,1,0.06067542,0.93932458
DIA,1,0.10230163,0.89769837
DIA,1,0.05612834,0.94387166
DIA,1,0.05811612,0.94188388
DIA,1,0.06488808,0.93511192
DIA,1,0.06403847,0.93596153
DIA,1,0.12102634,0.87897366
DIA,1,0.23884414,0.76115586
DIA,1,0.06340227,0.93659773
DIA,1,0.05683783,0.94316217
DIA,1,0.07642119,0.92357881
DIA,1,0.06954855,0.93045145
DIA,1,0.05655230,0.94344770
DIA,1,0.06323141,0.93676859
DIA,1,0.06826295,0.93173705
DIA,1,0.05796138,0.94203862
DIA,1,0.07459849,0.92540151
DIA,1,0.05613013,0.94386987
DIA,1,0.06893876,0.93106124
DIA,1,0.05865106,0.94134894
DIA,1,0.07737485,0.92262515
DIA,1,0.07475249,0.92524751
DIA,1,0.18525217,0.81474783
DIA,1,0.13562771,0.86437229
DIA,1,0.09929850,0.90070150
DIA,1,0.06667524,0.93332476
DIA,1,0.06954569,0.93045431
DIA,1,0.05814740,0.94185260
DIA,1,0.09064410,0.90935590
DIA,1,0.05714832,0.94285168
DIA,1,0.07319152,0.92680848
DIA,1,0.05675417,0.94324583
DIA,1,0.45688664,0.54311336
DIA,1,0.13057632,0.86942368
DIA,1,0.08371720,0.91628280
DIA,1,0.06962072,0.93037928
DIA,1,0.07335034,0.92664966
DIA,1,0.08925917,0.91074083
DIA,1,0.05620971,0.94379029
DIA,1,0.05671924,0.94328076
DIA,1,0.06192938,0.93807062
DIA,1,0.12254670,0.87745330
DIA,1,0.05896166,0.94103834
DIA,1,0.06806143,0.93193857
DIA,1,0.15288635,0.84711365
DIA,1,0.84333626,0.15666374
DIA,1,0.05870086,0.94129914
DIA,1,0.05663421,0.94336579
DIA,1,0.05680813,0.94319187
DIA,1,0.21263044,0.78736956
DIA,1,0.05613344,0.94386656
DIA,1,0.05636246,0.94363754
DIA,1,0.05930532,0.94069468
DIA,1,0.06908673,0.93091327
