dataset,p,component_1,component_2
DIA,3,0.05712053,0.94287947
DIA,3,0.05714806,0.94285194
DIA,3,0.05699546,0.94300454
DIA,3,0.05676509,0.94323491
DIA,3,0.18332869,0.81667131
DIA,3,0.08351589,0.91648411
DIA,3,0.05643039,0.94356961
DIA,3,0.05656389,0.94343611
DIA,3,0.16546958,0.83453042
DIA,3,0.06502099,0.93497901
DIA,3,0.05669835,0.94330165
DIA,3,0.05703802,0.94296198
DIA,3,0.05856499,0.94143501
DIA,3,0.05643039,0.94356961
DIA,3,0.06120813,0.93879187
DIA,3,0.08239335,0.91760665
DIA,3,0.05928385,0.94071615
DIA,3,0.05710761,0.94289239
DIA,3,0.07545587,0.92454413
DIA,3,0.29265475,0.70734525
DIA,3,0.06211947,0.93788053
DIA,3,0.05642940,0.94357060
DIA,3,0.05660059,0.94339941
DIA,3,0.05667063,0.94332937
DIA,3,0.05751852,0.94248148
DIA,3,0.06377770,0.93622230
DIA,3,0.05722196,0.94277804
DIA,3,0.08310487,0.91689513
DIA,3,0.05677528,0.94322472
DIA,3,0.09842934,0.90157066
DIA,3,0.05800601,0.94199399
DIA,3,0.05925179,0.94074821
DIA,3,0.09032380,0.90967620
DIA,3,0.05972129,0.94027871
DIA,3,0.07214274,0.92785726
DIA,3,0.06895173,0.93104827
DIA,3,0.06243471,0.93756529
DIA,3,0.06397939,0.93602061
DIA,3,0.05837026,0.94162974
DIA,3,0.05863377,0.94136623
DIA,3,0.09901719,0.90098281
DIA,3,0.06186513,0.93813487
DIA,3,0.05726860,0.94273140
DIA,3,0.20009410,0.79990590
DIA,3,0.05747509,0.94252491
DIA,3,0.07189740,0.92810260
DIA,3,0.05855173,0.94144827
DIA,3,0.08586449,0.91413551
DIA,3,0.05769360,0.94230640
DIA,3,0.05938640,0.94061360
DIA,3,0.05939326,0.94060674
DIA,3,0.05882646,0.94117354
DIA,3,0.05726770,0.94273230
DIA,3,0.17760452,0.82239548
DIA,3,0.07126219,0.92873781
DIA,3,0.05684864,0.94315136
DIA,3,0.05814717,0.94185283
DIA,3,0.06042742,0.93957258
DIA,3,0.06150313,0.93849687
DIA,3,0.05872571,0.94127429
DIA,3,0.09348012,0.90651988
DIA,3,0.05650831,0.94349169
DIA,3,0.05697091,0.94302909
DIA,3,0.06053517,0.93946483
DIA,3,0.05693262,0.94306738
DIA,3,0.05932716,0.94067284
DIA,3,0.05893305,0.94106695
DIA,3,0.05964122,0.94035878
DIA,3,0.06004275,0.93995725
DIA,3,0.06448872,0.93551128
DIA,3,0.07758109,0.92241891
DIA,3,0.07497224,0.92502776
DIA,3,0.11586319,0.88413681
DIA,3,0.09936914,0.90063086
DIA,3,0.05646281,0.94353719
DIA,3,0.05644968,0.94355032
DIA,3,0.06169604,0.93830396
DIA,3,0.05788632,0.94211368
DIA,3,0.05694102,0.94305898
DIA,3,0.06007114,0.93992886
DIA,3,0.12752511,0.87247489
DIA,3,0.05868944,0.94131056
DIA,3,0.06394727,0.93605273
DIA,3,0.10307784,0.89692216
DIA,3,0.05892415,0.94107585
DIA,3,0.06140040,0.93859960
DIA,3,0.05768455,0.94231545
DIA,3,0.06597095,0.93402905
DIA,3,0.05802637,0.94197363
DIA,3,0.05650967,0.94349033
DIA,3,0.06020470,0.93979530
DIA,3,0.53625166,0.46374834
DIA,3,0.05725857,0.94274143
DIA,3,0.17753264,0.82246736
DIA,3,0.12724431,0.87275569
DIA,3,0.05699989,0.94300011
DIA,3,0.07395190,0.92604810
DIA,3,0.12723077,0.87276923
DIA,3,0.05730275,0.94269725
DIA,3,0.60151037,0.39848963
DIA,3,0.06164581,0.93835419
DIA,3,0.07622884,0.92377116
DIA,3,0.07850820,0.92149180
DIA,3,0.05926804,0.94073196
DIA,3,0.06836440,0.93163560
DIA,3,0.05712122,0.94287878
DIA,3,0.09055182,0.90944818
DIA,3,0.06585008,0.93414992
DIA,3,0.10373571,0.89626429
DIA,3,0.05862304,0.94137696
DIA,3,0.05710177,0.94289823
DIA,3,0.06127646,0.93872354
DIA,3,0.11530313,0.88469687
DIA,3,0.05643105,0.94356895
DIA,3,0.05674234,0.94325766
DIA,3,0.10707983,0.89292017
DIA,3,0.05642971,0.94357029
DIA,3,0.08824398,0.91175602
DIA,3,0.05944002,0.94055998
DIA,3,0.06043245,0.93956755
DIA,3,0.05692198,0.94307802
DIA,3,0.05697802,0.94302198
DIA,3,0.07762071,0.92237929
DIA,3,0.08283920,0.91716080
DIA,3,0.14042155,0.85957845
DIA,3,0.10565581,0.89434419
DIA,3,0.05656337,0.94343663
DIA,3,0.06709502,0.93290498
DIA,3,0.11163024,0.88836976
DIA,3,0.05675194,0.94324806
DIA,3,0.06358674,0.93641326
DIA,3,0.07082302,0.92917698
DIA,3,0.12249392,0.87750608
DIA,3,0.20018032,0.79981968
DIA,3,0.05769449,0.94230551
DIA,3,0.05646924,0.94353076
DIA,3,0.07389162,0.92610838
DIA,3,0.12395548,0.87604452
DIA,3,0.05669014,0.94330986
DIA,3,0.06995601,0.93004399
DIA,3,0.06132838,0.93867162
DIA,3,0.05784508,0.94215492
DIA,3,0.05800248,0.94199752
DIA,3,0.05877952,0.94122048
DIA,3,0.05865885,0.94134115
DIA,3,0.06245914,0.93754086
DIA,3,0.05787359,0.94212641
DIA,3,0.05643908,0.94356092
DIA,3,0.06664762,0.93335238
DIA,3,0.07715410,0.92284590
DIA,3,0.07424503,0.92575497
DIA,3,0.09848354,0.90151646
DIA,3,0.06143914,0.93856086
DIA,3,0.05663216,0.94336784
DIA,3,0.05806150,0.94193850
DIA,3,0.06034297,0.93965703
DIA,3,0.05673780,0.94326220
DIA,3,0.05704891,0.94295109
DIA,3,0.08793057,0.91206943
DIA,3,0.05749749,0.94250251
DIA,3,0.06576631,0.93423369
DIA,3,0.05704636,0.94295364
DIA,3,0.06054385,0.93945615
DIA,3,0.05659035,0.94340965
DIA,3,0.05710178,0.94289822
DIA,3,0.09288002,0.90711998
DIA,3,0.07127667,0.92872333
DIA,3,0.06146777,0.93853223
DIA,3,0.06005345,0.93994655
DIA,3,0.07686578,0.92313422
DIA,3,0.05732168,0.94267832
DIA,3,0.10497516,0.89502484
DIA,3,0.06617822,0.93382178
DIA,3,0.09085600,0.90914400
DIA,3,0.05647438,0.94352562
DIA,3,0.06270412,0.93729588
DIA,3,0.06094196,0.93905804
DIA,3,0.06924567,0.93075433
DIA,3,0.06756454,0.93243546
DIA,3,0.05696112,0.94303888
DIA,3,0.05698331,0.94301669
DIA,3,0.05668993,0.94331007
DIA,3,0.05667746,0.94332254
DIA,3,0.06973127,0.93026873
DIA,3,0.05667048,0.94332952
DIA,3,0.07315445,0.92684555
DIA,3,0.06036469,0.93963531
DIA,3,0.05839989,0.94160011
DIA,3,0.06612506,0.93387494
DIA,3,0.05780836,0.94219164
DIA,3,0.10354373,0.89645627
DIA,3,0.05807607,0.94192393
DIA,3,0.06039536,0.93960464
DIA,3,0.07853568,0.92146432
DIA,3,0.07863035,0.92136965
DIA,3,0.05741353,0.94258647
DIA,3,0.05860700,0.94139300
DIA,3,0.06272981,0.93727019
DIA,3,0.06795768,0.93204232
DIA,3,0.05703237,0.94296763
DIA,3,0.09611590,0.90388410
DIA,3,0.06952884,0.93047116
DIA,3,0.07307276,0.92692724
DIA,3,0.13973499,0.86026501
DIA,3,0.08336409,0.91663591
DIA,3,0.06322593,0.93677407
DIA,3,0.05643230,0.94356770
DIA,3,0.05874616,0.94125384
DIA,3,0.10344550,0.89655450
DIA,3,0.06487979,0.93512021
DIA,3,0.05845556,0.94154444
DIA,3,0.06309407,0.93690593
DIA,3,0.14451458,0.85548542
DIA,3,0.06154675,0.93845325
DIA,3,0.05739226,0.94260774
DIA,3,0.05655651,0.94344349
DIA,3,0.05644548,0.94355452
DIA,3,0.12689147,0.87310853
DIA,3,0.12500068,0.87499932
DIA,3,0.06797113,0.93202887
DIA,3,0.05697671,0.94302329
DIA,3,0.09103170,0.90896830
DIA,3,0.06479571,0.93520429
DIA,3,0.05776185,0.94223815
DIA,3,0.06562538,0.93437462
DIA,3,0.05779515,0.94220485
DIA,3,0.07126831,0.92873169
DIA,3,0.07247471,0.92752529
DIA,3,0.05816486,0.94183514
DIA,3,0.12767055,0.87232945
DIA,3,0.09473381,0.90526619
DIA,3,0.06724145,0.93275855
DIA,3,0.08594873,0.91405127
DIA,3,0.05703667,0.94296333
DIA,3,0.06980316,0.93019684
DIA,3,0.05720414,0.94279586
DIA,3,0.09042800,0.90957200
DIA,3,0.07436363,0.92563637
DIA,3,0.05753392,0.94246608
DIA,3,0.61425642,0.38574358
DIA,3,0.06973194,0.93026806
DIA,3,0.10983683,0.89016317
DIA,3,0.07928839,0.92071161
DIA,3,0.05673960,0.94326040
DIA,3,0.05923106,0.94076894
DIA,3,0.05664624,0.94335376
DIA,3,0.05831590,0.94168410
DIA,3,0.06386641,0.93613359
DIA,3,0.16594716,0.83405284
DIA,3,0.06460506,0.93539494
DIA,3,0.06266336,0.93733664
DIA,3,0.05692527,0.94307473
DIA,3,0.06120506,0.93879494
DIA,3,0.18776008,0.81223992
DIA,3,0.63504162,0.36495838
DIA,3,0.06737302,0.93262698
DIA,3,0.05643960,0.94356040
DIA,3,0.06161367,0.93838633
DIA,3,0.09725527,0.90274473
DIA,3,0.06196344,0.93803656
DIA,3,0.13853786,0.86146214
DIA,3,0.18047486,0.81952514
DIA,3,0.08836159,0.91163841
DIA,3,0.06716159,0.93283841
DIA,3,0.10702570,0.89297430
DIA,3,0.06479149,0.93520851
DIA,3,0.12177655,0.87822345
DIA,3,0.08290732,0.91709268
DIA,3,0.26766754,0.73233246
DIA,3,0.06278143,0.93721857
DIA,3,0.05815764,0.94184236
DIA,3,0.07263574,0.92736426
DIA,3,0.07277556,0.92722444
DIA,3,0.12140964,0.87859036
DIA,3,0.08019499,0.91980501
DIA,3,0.10474429,0.89525571
DIA,3,0.05689140,0.94310860
DIA,3,0.12915885,0.87084115
DIA,3,0.05686377,0.94313623
DIA,3,0.06338190,0.93661810
DIA,3,0.07101951,0.92898049
DIA,3,0.10599881,0.89400119
DIA,3,0.10250050,0.89749950
DIA,3,0.11730979,0.88269021
DIA,3,0.43176619,0.56823381
DIA,3,0.07032277,0.92967723
DIA,3,0.14976555,0.85023445
DIA,3,0.06363604,0.93636396
DIA,3,0.09245499,0.90754501
DIA,3,0.06512505,0.93487495
DIA,3,0.10392986,0.89607014
DIA,3,0.17056612,0.82943388
DIA,3,0.09764431,0.90235569
DIA,3,0.05770939,0.94229061
DIA,3,0.05794478,0.94205522
DIA,3,0.99303583,0.00696417
DIA,3,0.42755139,0.57244861
DIA,3,0.05851342,0.94148658
DIA,3,0.05917153,0.94082847
DIA,3,0.05982971,0.94017029
DIA,3,0.05642963,0.94357037
DIA,3,0.42853345,0.57146655
DIA,3,0.05693137,0.94306863
DIA,3,0.05971675,0.94028325
DIA,3,0.07060676,0.92939324
DIA,3,0.05721844,0.94278156
DIA,3,0.05734914,0.94265086
DIA,3,0.06777976,0.93222024
DIA,3,0.08555478,0.91444522
DIA,3,0.05642970,0.94357030
DIA,3,0.08953532,0.91046468
DIA,3,0.09702151,0.90297849
DIA,3,0.08006614,0.91993386
DIA,3,0.06283166,0.93716834
DIA,3,0.05688010,0.94311990
DIA,3,0.32158905,0.67841095
DIA,3,0.08587245,0.91412755
DIA,3,0.22986539,0.77013461
DIA,3,0.05670501,0.94329499
DIA,3,0.09582645,0.90417355
DIA,3,0.15406928,0.84593072
DIA,3,0.07262965,0.92737035
DIA,3,0.17006165,0.82993835
DIA,3,0.05669768,0.94330232
DIA,3,0.06033079,0.93966921
DIA,3,0.06910999,0.93089001
DIA,3,0.06699477,0.93300523
DIA,3,0.07353712,0.92646288
DIA,3,0.05785175,0.94214825
DIA,3,0.05648483,0.94351517
DIA,3,0.05689743,0.94310257
DIA,3,0.05665255,0.94334745
DIA,3,0.05690179,0.94309821
DIA,3,0.22405753,0.77594247
DIA,3,0.06756113,0.93243887
DIA,3,0.06000046,0.93999954
DIA,3,0.09287344,0.90712656
DIA,3,0.10621816,0.89378184
DIA,3,0.05688595,0.94311405
DIA,3,0.09087031,0.90912969
DIA,3,0.16919186,0.83080814
DIA,3,0.09744654,0.90255346
DIA,3,0.05663461,0.94336539
DIA,3,0.05760916,0.94239084
DIA,3,0.10957003,0.89042997
DIA,3,0.15071870,0.84928130
DIA,3,0.05720371,0.94279629
DIA,3,0.08222890,0.91777110
DIA,3,0.05865669,0.94134331
DIA,3,0.05643140,0.94356860
DIA,3,0.10897099,0.89102901
DIA,3,0.08256406,0.91743594
DIA,3,0.06032688,0.93967312
DIA,3,0.09804465,0.90195535
DIA,3,0.06373626,0.93626374
DIA,3,0.08200673,0.91799327
DIA,3,0.07626325,0.92373675
DIA,3,0.06770938,0.93229062
DIA,3,0.06731742,0.93268258
DIA,3,0.05709412,0.94290588
DIA,3,0.06199477,0.93800523
DIA,3,0.05649133,0.94350867
DIA,3,0.05789771,0.94210229
DIA,3,0.05760577,0.94239423
DIA,3,0.05652417,0.94347583
DIA,3,0.06523498,0.93476502
DIA,3,0.06126523,0.93873477
DIA,3,0.05870099,0.94129901
DIA,3,0.09490523,0.90509477
DIA,3,0.06006134,0.93993866
DIA,3,0.05650614,0.94349386
DIA,3,0.07775089,0.92224911
DIA,3,0.05736164,0.94263836
DIA,3,0.06434341,0.93565659
DIA,3,0.19267556,0.80732444
DIA,3,0.05657738,0.94342262
DIA,3,0.06096473,0.93903527
DIA,3,0.67163262,0.32836738
DIA,3,0.09614772,0.90385228
DIA,3,0.06877281,0.93122719
DIA,3,0.06601367,0.93398633
DIA,3,0.25670709,0.74329291
DIA,3,0.06073293,0.93926707
DIA,3,0.98927773,0.01072227
DIA,3,0.05658608,0.94341392
DIA,3,0.06221214,0.93778786
DIA,3,0.36687843,0.63312157
DIA,3,0.07160900,0.92839100
DIA,3,0.08427841,0.91572159
DIA,3,0.10341166,0.89658834
DIA,3,0.05678106,0.94321894
DIA,3,0.18357594,0.81642406
DIA,3,0.12841146,0.87158854
DIA,3,0.07663403,0.92336597
DIA,3,0.09208380,0.90791620
DIA,3,0.10707093,0.89292907
DIA,3,0.18088791,0.81911209
DIA,3,0.33069462,0.66930538
DIA,3,0.05644470,0.94355530
DIA,3,0.06263878,0.93736122
DIA,3,0.06453753,0.93546247
DIA,3,0.05657463,0.94342537
DIA,3,0.07284713,0.92715287
DIA,3,0.06263409,0.93736591
DIA,3,0.11692587,0.88307413
DIA,3,0.05964778,0.94035222
DIA,3,0.05642991,0.94357009
DIA,3,0.06479216,0.93520784
DIA,3,0.05834392,0.94165608
DIA,3,0.06374217,0.93625783
DIA,3,0.06970328,0.93029672
DIA,3,0.08379722,0.91620278
DIA,3,0.05714132,0.94285868
DIA,3,0.06940099,0.93059901
DIA,3,0.05942515,0.94057485
DIA,3,0.05652127,0.94347873
DIA,3,0.14747577,0.85252423
DIA,3,0.07842559,0.92157441
DIA,3,0.06988801,0.93011199
DIA,3,0.05831676,0.94168324
DIA,3,0.10054923,0.89945077
DIA,3,0.09944916,0.90055084
DIA,3,0.22154691,0.77845309
DIA,3,0.05642885,0.94357115
DIA,3,0.06677798,0.93322202
DIA,3,0.06127793,0.93872207
DIA,3,0.15656816,0.84343184
DIA,3,0.11259211,0.88740789
DIA,3,0.05659688,0.94340312
DIA,3,0.05828490,0.94171510
DIA,3,0.05796553,0.94203447
DIA,3,0.06170068,0.93829932
DIA,3,0.05725802,0.94274198
DIA,3,0.06179972,0.93820028
DIA,3,0.05645622,0.94354378
DIA,3,0.05730556,0.94269444
DIA,3,0.05658593,0.94341407
DIA,3,0.05760298,0.94239702
DIA,3,0.06386573,0.93613427
DIA,3,0.06967162,0.93032838
DIA,3,0.05644591,0.94355409
DIA,3,0.12041137,0.87958863
DIA,3,0.05728162,0.94271838
DIA,3,0.05893798,0.94106202
DIA,3,0.07680696,0.92319304
DIA,3,0.05819733,0.94180267
DIA,3,0.09118368,0.90881632
DIA,3,0.08669808,0.91330192
DIA,3,0.05646938,0.94353062
DIA,3,0.05931759,0.94068241
DIA,3,0.07833575,0.92166425
DIA,3,0.07654801,0.92345199
DIA,3,0.05643263,0.94356737
DIA,3,0.06783450,0.93216550
DIA,3,0.06657934,0.93342066
DIA,3,0.08835369,0.91164631
DIA,3,0.05796657,0.94203343
DIA,3,0.07123962,0.92876038
DIA,3,0.07014437,0.92985563
DIA,3,0.05793862,0.94206138
DIA,3,0.07356744,0.92643256
DIA,3,0.05669754,0.94330246
DIA,3,0.06105636,0.93894364
DIA,3,0.08006161,0.91993839
DIA,3,0.34815294,0.65184706
DIA,3,0.07342422,0.92657578
DIA,3,0.05932787,0.94067213
DIA,3,0.07318874,0.92681126
DIA,3,0.05840582,0.94159418
DIA,3,0.05732808,0.94267192
DIA,3,0.07606658,0.92393342
DIA,3,0.07466964,0.92533036
DIA,3,0.05645904,0.94354096
DIA,3,0.09091119,0.90908881
DIA,3,0.07231826,0.92768174
DIA,3,0.05727820,0.94272180
DIA,3,0.09275589,0.90724411
DIA,3,0.17310527,0.82689473
DIA,3,0.05820722,0.94179278
DIA,3,0.06729869,0.93270131
DIA,3,0.06047985,0.93952015
DIA,3,0.05646904,0.94353096
DIA,3,0.16842148,0.83157852
DIA,3,0.06426011,0.93573989
DIA,3,0.05813397,0.94186603
DIA,3,0.09594431,0.90405569
DIA,3,0.16625193,0.83374807
DIA,3,0.05918147,0.94081853
DIA,3,0.13566831,0.86433169
DIA,3,0.36398407,0.63601593
DIA,3,0.05695836,0.94304164
DIA,3,0.07257144,0.92742856
DIA,3,0.07442761,0.92557239
DIA,3,0.07889252,0.92110748
DIA,3,0.64401934,0.35598066
DIA,3,0.06120940,0.93879060
DIA,3,0.05670663,0.94329337
DIA,3,0.06910010,0.93089990
DIA,3,0.06412618,0.93587382
DIA,3,0.05915223,0.94084777
DIA,3,0.05759356,0.94240644
DIA,3,0.31525283,0.68474717
DIA,3,0.05856696,0.94143304
DIA,3,0.30782279,0.69217721
DIA,3,0.06803215,0.93196785
DIA,3,0.07052909,0.92947091
DIA,3,0.08665386,0.91334614
DIA,3,0.13746811,0.86253189
DIA,3,0.18260325,0.81739675
DIA,3,0.05789132,0.94210868
DIA,3,0.09057888,0.90942112
DIA,3,0.06688853,0.93311147
DIA,3,0.06991547,0.93008453
DIA,3,0.12693767,0.87306233
DIA,3,0.05907017,0.94092983
DIA,3,0.07392052,0.92607948
DIA,3,0.06612680,0.93387320
DIA,3,0.24328176,0.75671824
DIA,3,0.11986321,0.88013679
DIA,3,0.07476248,0.92523752
DIA,3,0.05689565,0.94310435
DIA,3,0.18287206,0.81712794
DIA,3,0.20577937,0.79422063
DIA,3,0.05657409,0.94342591
DIA,3,0.05711047,0.94288953
DIA,3,0.06325483,0.93674517
DIA,3,0.17567880,0.82432120
DIA,3,0.06004867,0.93995133
DIA,3,0.17648862,0.82351138
DIA,3,0.07537217,0.92462783
DIA,3,0.08156336,0.91843664
DIA,3,0.30372922,0.69627078
DIA,3,0.11961258,0.88038742
DIA,3,0.06439226,0.93560774
DIA,3,0.13263324,0.86736676
DIA,3,0.07356429,0.92643571
DIA,3,0.22441648,0.77558352
DIA,3,0.05656330,0.94343670
DIA,3,0.14165362,0.85834638
DIA,3,0.06962730,0.93037270
DIA,3,0.08646305,0.91353695
DIA,3,0.10553796,0.89446204
DIA,3,0.08754276,0.91245724
DIA,3,0.07108319,0.92891681
DIA,3,0.10534542,0.89465458
DIA,3,0.18628260,0.81371740
DIA,3,0.05678880,0.94321120
DIA,3,0.09324593,0.90675407
DIA,3,0.15655292,0.84344708
DIA,3,0.05775172,0.94224828
DIA,3,0.07796703,0.92203297
DIA,3,0.85897048,0.14102952
DIA,3,0.07658700,0.92341300
DIA,3,0.06244116,0.93755884
DIA,3,0.09332241,0.90667759
DIA,3,0.06205183,0.93794817
DIA,3,0.09944453,0.90055547
DIA,3,0.06023782,0.93976218
DIA,3,0.25278468,0.74721532
DIA,3,0.06039662,0.93960338
DIA,3,0.05647339,0.94352661
DIA,3,0.66627064,0.33372936
DIA,3,0.91985043,0.08014957
DIA,3,0.05869495,0.94130505
DIA,3,0.22460102,0.77539898
DIA,3,0.08316819,0.91683181
DIA,3,0.08195640,0.91804360
DIA,3,0.06996887,0.93003113
DIA,3,0.09804032,0.90195968
DIA,3,0.07649856,0.92350144
DIA,3,0.06480898,0.93519102
DIA,3,0.84032881,0.15967119
DIA,3,0.08728044,0.91271956
DIA,3,0.73427742,0.26572258
DIA,3,0.32128200,0.67871800
DIA,3,0.05843498,0.94156502
DIA,3,0.07649082,0.92350918
DIA,3,0.07452608,0.92547392
DIA,3,0.91827803,0.08172197
DIA,3,0.05686784,0.94313216
DIA,3,0.06115414,0.93884586
DIA,3,0.09571403,0.90428597
DIA,3,0.07380600,0.92619400
DIA,3,0.95366804,0.04633196
DIA,3,0.10333968,0.89666032
DIA,3,0.06451097,0.93548903
DIA,3,0.19144650,0.80855350
DIA,3,0.69536088,0.30463912
DIA,3,0.06131840,0.93868160
DIA,3,0.57873813,0.42126187
DIA,3,0.07082314,0.92917686
DIA,3,0.06947382,0.93052618
DIA,3,0.43246671,0.56753329
DIA,3,0.05707251,0.94292749
DIA,3,0.05729221,0.94270779
DIA,3,0.07802404,0.92197596
DIA,3,0.50637846,0.49362154
DIA,3,0.06097777,0.93902223
DIA,3,0.13168769,0.86831231
DIA,3,0.05669582,0.94330418
DIA,3,0.06678154,0.93321846
DIA,3,0.15324946,0.84675054
DIA,3,0.07513192,0.92486808
DIA,3,0.06083591,0.93916409
DIA,3,0.06410424,0.93589576
DIA,3,0.05645072,0.94354928
DIA,3,0.07223334,0.92776666
DIA,3,0.05963877,0.94036123
DIA,3,0.07163692,0.92836308
DIA,3,0.06576877,0.93423123
DIA,3,0.47070363,0.52929637
DIA,3,0.08417126,0.91582874
DIA,3,0.09815318,0.90184682
DIA,3,0.07051425,0.92948575
DIA,3,0.47202432,0.52797568
DIA,3,0.12925927,0.87074073
DIA,3,0.05657099,0.94342901
DIA,3,0.05769512,0.94230488
DIA,3,0.07203095,0.92796905
DIA,3,0.08312235,0.91687765
DIA,3,0.06086822,0.93913178
DIA,3,0.90256265,0.09743735
DIA,3,0.45803749,0.54196251
DIA,3,0.08377800,0.91622200
DIA,3,0.06960978,0.93039022
DIA,3,0.06325113,0.93674887
DIA,3,0.05744952,0.94255048
DIA,3,0.07663105,0.92336895
DIA,3,0.11864702,0.88135298
DIA,3,0.21508236,0.78491764
DIA,3,0.06288063,0.93711937
DIA,3,0.18329097,0.81670903
DIA,3,0.23926521,0.76073479
DIA,3,0.06568305,0.93431695
DIA,3,0.06747800,0.93252200
DIA,3,0.05659658,0.94340342
DIA,3,0.07890448,0.92109552
DIA,3,0.09675592,0.90324408
DIA,3,0.05757949,0.94242051
DIA,3,0.36837317,0.63162683
DIA,3,0.05661580,0.94338420
DIA,3,0.58686319,0.41313681
DIA,3,0.06857419,0.93142581
DIA,3,0.06300466,0.93699534
DIA,3,0.05646284,0.94353716
DIA,3,0.05677560,0.94322440
DIA,3,0.07896245,0.92103755
DIA,3,0.12601157,0.87398843
DIA,3,0.06088318,0.93911682
DIA,3,0.06333120,0.93666880
DIA,3,0.05644510,0.94355490
DIA,3,0.05713877,0.94286123
DIA,3,0.09974754,0.90025246
DIA,3,0.09159520,0.90840480
DIA,3,0.62185611,0.37814389
DIA,3,0.05858643,0.94141357
DIA,3,0.17123359,0.82876641
DIA,3,0.06843697,0.93156303
DIA,3,0.05725901,0.94274099
DIA,3,0.99512287,0.00487713
DIA,3,0.15008273,0.84991727
DIA,3,0.31656330,0.68343670
DIA,3,0.24642733,0.75357267
DIA,3,0.27832810,0.72167190
DIA,3,0.05858043,0.94141957
DIA,3,0.06289838,0.93710162
DIA,3,0.12146172,0.87853828
DIA,3,0.05643798,0.94356202
DIA,3,0.16179046,0.83820954
DIA,3,0.12580406,0.87419594
DIA,3,0.99717611,0.00282389
DIA,3,0.06690736,0.93309264
DIA,3,0.06132596,0.93867404
DIA,3,0.07611434,0.92388566
DIA,3,0.05701725,0.94298275
DIA,3,0.05877813,0.94122187
DIA,3,0.38152014,0.61847986
DIA,3,0.10435425,0.89564575
DIA,3,0.12041116,0.87958884
DIA,3,0.05792566,0.94207434
DIA,3,0.77736600,0.22263400
DIA,3,0.05656556,0.94343444
DIA,3,0.06602010,0.93397990
DIA,3,0.05652216,0.94347784
DIA,3,0.11906788,0.88093212
DIA,3,0.05936969,0.94063031
DIA,3,0.09503902,0.90496098
DIA,3,0.09404425,0.90595575
DIA,3,0.10212049,0.89787951
DIA,3,0.11229487,0.88770513
DIA,3,0.06859860,0.93140140
DIA,3,0.09492001,0.90507999
DIA,3,0.05851169,0.94148831
DIA,3,0.05748004,0.94251996
DIA,3,0.08870848,0.91129152
DIA,3,0.12384077,0.87615923
DIA,3,0.11109611,0.88890389
DIA,3,0.06883815,0.93116185
DIA,3,0.05904792,0.94095208
DIA,3,0.06128161,0.93871839
DIA,3,0.06136450,0.93863550
DIA,3,0.06594248,0.93405752
DIA,3,0.29233037,0.70766963
DIA,3,0.19042635,0.80957365
DIA,3,0.09819957,0.90180043
DIA,3,0.48511485,0.51488515
DIA,3,0.05771414,0.94228586
DIA,3,0.86777598,0.13222402
DIA,3,0.54546210,0.45453790
DIA,3,1.00000000,0.00000000
DIA,3,0.99997027,0.00002973
DIA,3,0.06874554,0.93125446
DIA,3,0.34259944,0.65740056
DIA,3,0.07771533,0.92228467
DIA,3,0.99513797,0.00486203
DIA,3,0.06623825,0.93376175
DIA,3,0.05655567,0.94344433
DIA,3,0.05729923,0.94270077
DIA,3,0.21070255,0.78929745
DIA,3,0.06790221,0.93209779
DIA,3,0.05654338,0.94345662
DIA,3,0.68585225,0.31414775
DIA,3,0.11869251,0.88130749
DIA,3,0.16976162,0.83023838
DIA,3,0.43001688,0.56998312
DIA,3,0.06802098,0.93197902
DIA,3,0.10473439,0.89526561
DIA,3,0.22273489,0.77726511
DIA,3,0.09260958,0.90739042
DIA,3,0.23030292,0.76969708
DIA,3,0.06386121,0.93613879
DIA,3,0.05733135,0.94266865
DIA,3,0.06230897,0.93769103
DIA,3,0.88476286,0.11523714
DIA,3,0.05969347,0.94030653
DIA,3,0.05765838,0.94234162
DIA,3,0.05865041,0.94134959
DIA,3,0.17507720,0.82492280
DIA,3,0.06283224,0.93716776
DIA,3,0.09174131,0.90825869
DIA,3,0.11263454,0.88736546
DIA,3,0.39966807,0.60033193
DIA,3,0.05959766,0.94040234
DIA,3,0.13241910,0.86758090
DIA,3,0.08937640,0.91062360
DIA,3,0.05789158,0.94210842
DIA,3,0.24460967,0.75539033
DIA,3,0.18642758,0.81357242
DIA,3,0.08369999,0.91630001
DIA,3,0.31209266,0.68790734
DIA,3,0.07067495,0.92932505
DIA,3,0.05842111,0.94157889
DIA,3,0.27403659,0.72596341
DIA,3,0.39119472,0.60880528
DIA,3,0.05646574,0.94353426
DIA,3,0.08182242,0.91817758
DIA,3,0.05865645,0.94134355
DIA,3,0.10465240,0.89534760
DIA,3,0.05717796,0.94282204
DIA,3,0.18596682,0.81403318
DIA,3,0.98947628,0.01052372
DIA,3,0.07746597,0.92253403
DIA,3,0.16041649,0.83958351
DIA,3,0.09080924,0.90919076
DIA,3,0.15157190,0.84842810
DIA,3,0.08156821,0.91843179
DIA,3,0.32624184,0.67375816
DIA,3,0.10058541,0.89941459
DIA,3,0.10544299,0.89455701
DIA,3,0.06689448,0.93310552
DIA,3,0.05722484,0.94277516
DIA,3,0.20633183,0.79366817
DIA,3,0.22626621,0.77373379
DIA,3,0.09517800,0.90482200
DIA,3,0.09079648,0.90920352
DIA,3,0.88878884,0.11121116
DIA,3,0.09764993,0.90235007
DIA,3,0.06105596,0.93894404
DIA,3,0.05825324,0.94174676
DIA,3,0.10033294,0.89966706
DIA,3,0.05647952,0.94352048
DIA,3,0.22695835,0.77304165
DIA,3,0.06161220,0.93838780
DIA,3,0.08041627,0.91958373
DIA,3,0.05653869,0.94346131
DIA,3,0.06163826,0.93836174
DIA,3,0.07789315,0.92210685
DIA,3,0.09744670,0.90255330
DIA,3,0.06314125,0.93685875
DIA,3,0.05643340,0.94356660
DIA,3,0.06722319,0.93277681
DIA,3,0.12003013,0.87996987
DIA,3,0.06715686,0.93284314
DIA,3,0.08060474,0.91939526
DIA,3,0.05687620,0.94312380
DIA,3,0.06399123,0.93600877
DIA,3,0.06868855,0.93131145
DIA,3,0.15410745,0.84589255
DIA,3,0.22187347,0.77812653
DIA,3,0.05685743,0.94314257
DIA,3,0.10282597,0.89717403
DIA,3,0.06551142,0.93448858
DIA,3,0.05750905,0.94249095
DIA,3,0.08074638,0.91925362
DIA,3,0.18980705,0.81019295
DIA,3,0.06687554,0.93312446
DIA,3,0.06119574,0.93880426
DIA,3,0.06136689,0.93863311
DIA,3,0.16151059,0.83848941
DIA,3,0.10792673,0.89207327
DIA,3,0.10574917,0.89425083
DIA,3,0.06002548,0.93997452
DIA,3,0.06094854,0.93905146
DIA,3,0.07495777,0.92504223
DIA,3,0.05827368,0.94172632
DIA,3,0.05804475,0.94195525
DIA,3,0.09164694,0.90835306
DIA,3,0.22747488,0.77252512
DIA,3,0.05664971,0.94335029
DIA,3,0.07092313,0.92907687
DIA,3,0.09398113,0.90601887
DIA,3,0.09191291,0.90808709
DIA,3,0.13806287,0.86193713
DIA,3,0.06037283,0.93962717
DIA,3,0.13981605,0.86018395
DIA,3,0.07814697,0.92185303
DIA,3,0.10378080,0.89621920
DIA,3,0.10614518,0.89385482
DIA,3,0.05824864,0.94175136
DIA,3,0.06617141,0.93382859
DIA,3,0.05657531,0.94342469
DIA,3,0.06275698,0.93724302
DIA,3,0.10416782,0.89583218
DIA,3,0.39684923,0.60315077
DIA,3,0.06175138,0.93824862
DIA,3,0.07307066,0.92692934
DIA,3,0.19487119,0.80512881
DIA,3,0.12406951,0.87593049
DIA,3,0.07237742,0.92762258
DIA,3,0.06648393,0.93351607
DIA,3,0.13290520,0.86709480
DIA,3,0.11212678,0.88787322
DIA,3,0.09244563,0.90755437
DIA,3,0.06743961,0.93256039
DIA,3,0.09298524,0.90701476
DIA,3,0.07461436,0.92538564
DIA,3,0.06347222,0.93652778
DIA,3,0.10118763,0.89881237
DIA,3,0.07245585,0.92754415
DIA,3,0.05642888,0.94357112
DIA,3,0.19148421,0.80851579
DIA,3,0.06105959,0.93894041
DIA,3,0.05885131,0.94114869
DIA,3,0.38844455,0.61155545
DIA,3,0.06543289,0.93456711
DIA,3,0.06215783,0.93784217
DIA,3,0.08622625,0.91377375
DIA,3,0.05801877,0.94198123
DIA,3,0.06144193,0.93855807
DIA,3,0.12212751,0.87787249
DIA,3,0.07993381,0.92006619
DIA,3,0.56516281,0.43483719
DIA,3,0.06910780,0.93089220
DIA,3,0.05811561,0.94188439
DIA,3,0.10437456,0.89562544
DIA,3,0.51885864,0.48114136
DIA,3,0.05703308,0.94296692
DIA,3,0.84685930,0.15314070
DIA,3,0.05924052,0.94075948
DIA,3,0.54946890,0.45053110
DIA,3,0.05643947,0.94356053
DIA,3,0.15414394,0.84585606
DIA,3,0.05713922,0.94286078
DIA,3,0.20763710,0.79236290
DIA,3,0.16206162,0.83793838
DIA,3,0.05856740,0.94143260
DIA,3,0.05687781,0.94312219
DIA,3,0.07377393,0.92622607
DIA,3,0.06637716,0.93362284
DIA,3,0.12575728,0.87424272
DIA,3,0.05778628,0.94221372
DIA,3,0.08364976,0.91635024
DIA,3,0.05644801,0.94355199
DIA,3,0.11673476,0.88326524
DIA,3,0.09881246,0.90118754
DIA,3,0.05685950,0.94314050
DIA,3,0.05684105,0.94315895
DIA,3,0.34644608,0.65355392
DIA,3,0.05643512,0.94356488
DIA,3,0.12005560,0.87994440
DIA,3,0.05780756,0.94219244
DIA,3,0.06575063,0.93424937
DIA,3,0.16038502,0.83961498
DIA,3,0.08817661,0.91182339
DIA,3,0.77766911,0.22233089
DIA,3,0.05706998,0.94293002
DIA,3,0.12394196,0.87605804
DIA,3,0.11065582,0.88934418
DIA,3,0.06075228,0.93924772
DIA,3,0.17058800,0.82941200
DIA,3,0.27405604,0.72594396
DIA,3,0.17056754,0.82943246
DIA,3,0.99953262,0.00046738
DIA,3,0.06493910,0.93506090
DIA,3,0.06502259,0.93497741
DIA,3,0.06025264,0.93974736
DIA,3,0.05936603,0.94063397
DIA,3,0.20813504,0.79186496
DIA,3,0.11180433,0.88819567
DIA,3,0.12171515,0.87828485
DIA,3,0.06795436,0.93204564
DIA,3,0.40890620,0.59109380
DIA,3,0.44214172,0.55785828
DIA,3,0.05697098,0.94302902
DIA,3,0.11661476,0.88338524
DIA,3,0.11938547,0.88061453
DIA,3,0.06089868,0.93910132
DIA,3,0.06641006,0.93358994
DIA,3,0.10249390,0.89750610
DIA,3,0.99999746,0.00000254
DIA,3,0.43765001,0.56234999
DIA,3,1.00000000,0.00000000
DIA,3,0.99718676,0.00281324
DIA,3,0.05937801,0.94062199
DIA,3,0.19368612,0.80631388
DIA,3,0.08054751,0.91945249
DIA,3,0.99999992,0.00000008
DIA,3,0.30428374,0.69571626
DIA,3,0.99867598,0.00132402
DIA,3,0.64791663,0.35208337
DIA,3,0.70276351,0.29723649
DIA,3,0.15551683,0.84448317
DIA,3,0.10114584,0.89885416
DIA,3,0.95230429,0.04769571
DIA,3,0.05653038,0.94346962
DIA,3,0.06812680,0.93187320
DIA,3,0.06378643,0.93621357
DIA,3,0.99572521,0.00427479
DIA,3,0.34694778,0.65305222
DIA,3,0.05788236,0.94211764
DIA,3,0.11976111,0.88023889
DIA,3,0.05936134,0.94063866
DIA,3,0.99105539,0.00894461
DIA,3,0.98843231,0.01156769
DIA,3,0.43174604,0.56825396
DIA,3,0.07247005,0.92752995
DIA,3,0.05775296,0.94224704
DIA,3,0.05643496,0.94356504
DIA,3,0.05709181,0.94290819
DIA,3,0.71830991,0.28169009
DIA,3,0.25697195,0.74302805
DIA,3,0.08134148,0.91865852
DIA,3,0.06063545,0.93936455
DIA,3,0.99998278,0.00001722
DIA,3,0.42341781,0.57658219
DIA,3,0.08214397,0.91785603
DIA,3,0.06760399,0.93239601
DIA,3,0.05795167,0.94204833
DIA,3,0.05773630,0.94226370
DIA,3,0.11060073,0.88939927
DIA,3,0.06101255,0.93898745
DIA,3,0.09295560,0.90704440
DIA,3,0.05643567,0.94356433
DIA,3,0.26099382,0.73900618
DIA,3,0.18184049,0.81815951
DIA,3,0.23594971,0.76405029
DIA,3,0.05684537,0.94315463
DIA,3,0.10067521,0.89932479
DIA,3,0.30722186,0.69277814
DIA,3,0.09128151,0.90871849
DIA,3,0.09423261,0.90576739
DIA,3,0.06669649,0.93330351
DIA,3,0.06793819,0.93206181
DIA,3,0.05648555,0.94351445
DIA,3,0.12381003,0.87618997
DIA,3,0.14152201,0.85847799
DIA,3,0.05811533,0.94188467
DIA,3,0.07302031,0.92697969
DIA,3,0.05835795,0.94164205
DIA,3,0.15154239,0.84845761
DIA,3,0.87647626,0.12352374
DIA,3,0.07413342,0.92586658
DIA,3,0.05662926,0.94337074
DIA,3,0.05816246,0.94183754
DIA,3,0.83817931,0.16182069
DIA,3,0.05643062,0.94356938
DIA,3,0.08620062,0.91379938
DIA,3,0.69917976,0.30082024
DIA,3,0.21390590,0.78609410
DIA,3,0.08515814,0.91484186
DIA,3,0.06414288,0.93585712
DIA,3,0.05942294,0.94057706
DIA,3,0.53960941,0.46039059
DIA,3,0.06293514,0.93706486
DIA,3,0.25602990,0.74397010
DIA,3,0.21313226,0.78686774
DIA,3,0.05922300,0.94077700
DIA,3,0.11086828,0.88913172
DIA,3,0.06318734,0.93681266
DIA,3,0.11673298,0.88326702
DIA,3,0.08119296,0.91880704
DIA,3,0.44594603,0.55405397
DIA,3,0.06074101,0.93925899
DIA,3,0.05690467,0.94309533
DIA,3,0.12213603,0.87786397
DIA,3,0.06454351,0.93545649
DIA,3,0.12973455,0.87026545
DIA,3,0.05658042,0.94341958
DIA,3,0.22311652,0.77688348
DIA,3,0.94037769,0.05962231
DIA,3,0.05713985,0.94286015
DIA,3,0.13609725,0.86390275
DIA,3,0.05771773,0.94228227
DIA,3,0.29786675,0.70213325
DIA,3,0.25850857,0.74149143
DIA,3,0.93613435,0.06386565
DIA,3,0.75620662,0.24379338
DIA,3,0.06249610,0.93750390
DIA,3,0.05782892,0.94217108
DIA,3,0.09275283,0.90724717
DIA,3,0.34538298,0.65461702
DIA,3,0.08948992,0.91051008
DIA,3,0.22716796,0.77283204
DIA,3,0.17089226,0.82910774
DIA,3,0.08789813,0.91210187
DIA,3,0.10379137,0.89620863
DIA,3,0.05660377,0.94339623
DIA,3,0.09065368,0.90934632
DIA,3,0.10814728,0.89185272
DIA,3,0.07345030,0.92654970
DIA,3,0.05655004,0.94344996
DIA,3,0.05739955,0.94260045
DIA,3,0.40914226,0.59085774
DIA,3,0.06182398,0.93817602
DIA,3,0.65688570,0.34311430
DIA,3,0.08926707,0.91073293
DIA,3,0.05750688,0.94249312
DIA,3,0.13800879,0.86199121
DIA,3,0.12588503,0.87411497
DIA,3,0.07033119,0.92966881
DIA,3,0.82218650,0.17781350
DIA,3,0.05678613,0.94321387
DIA,3,0.29713959,0.70286041
DIA,3,0.06828159,0.93171841
DIA,3,0.07952884,0.92047116
DIA,3,0.05747674,0.94252326
DIA,3,0.05979119,0.94020881
DIA,3,0.05931898,0.94068102
DIA,3,0.63663729,0.36336271
DIA,3,0.98848481,0.01151519
DIA,3,0.05733448,0.94266552
DIA,3,0.06281026,0.93718974
DIA,3,0.08827573,0.91172427
DIA,3,0.20624988,0.79375012
DIA,3,0.05693672,0.94306328
DIA,3,0.09286324,0.90713676
DIA,3,0.05869835,0.94130165
DIA,3,0.07056151,0.92943849
DIA,3,0.14908986,0.85091014
DIA,3,0.09736611,0.90263389
DIA,3,0.05832712,0.94167288
DIA,3,0.79850088,0.20149912
DIA,3,0.05876151,0.94123849
DIA,3,0.41860675,0.58139325
DIA,3,0.05643736,0.94356264
DIA,3,0.50101355,0.49898645
DIA,3,0.09189691,0.90810309
DIA,3,0.21856845,0.78143155
DIA,3,0.06219336,0.93780664
DIA,3,0.47042676,0.52957324
DIA,3,0.06012091,0.93987909
DIA,3,0.15740643,0.84259357
DIA,3,0.16286567,0.83713433
DIA,3,0.05730651,0.94269349
DIA,3,0.32323205,0.67676795
DIA,3,0.07891778,0.92108222
DIA,3,0.05829860,0.94170140
DIA,3,0.06798473,0.93201527
DIA,3,0.06152542,0.93847458
DIA,3,0.06778540,0.93221460
DIA,3,0.05647139,0.94352861
DIA,3,0.18393503,0.81606497
DIA,3,0.26485085,0.73514915
DIA,3,0.05899636,0.94100364
DIA,3,0.05883580,0.94116420
DIA,3,0.13179022,0.86820978
DIA,3,0.05849773,0.94150227
DIA,3,0.06083380,0.93916620
DIA,3,0.09287328,0.90712672
DIA,3,0.61952727,0.38047273
DIA,3,0.12115946,0.87884054
DIA,3,0.07086650,0.92913350
DIA,3,0.05649978,0.94350022
DIA,3,0.08916874,0.91083126
DIA,3,0.05759274,0.94240726
DIA,3,0.05747346,0.94252654
DIA,3,0.05870061,0.94129939
DIA,3,0.11162877,0.88837123
DIA,3,0.38210546,0.61789454
DIA,3,0.08164462,0.91835538
DIA,3,0.05827187,0.94172813
DIA,3,0.06669292,0.93330708
DIA,3,0.05739545,0.94260455
DIA,3,0.06240103,0.93759897
DIA,3,0.36556776,0.63443224
DIA,3,0.19378054,0.80621946
DIA,3,0.28637411,0.71362589
DIA,3,0.67847978,0.32152022
DIA,3,0.08292231,0.91707769
DIA,3,0.06418061,0.93581939
DIA,3,0.05717508,0.94282492
DIA,3,0.09067709,0.90932291
DIA,3,0.20561952,0.79438048
DIA,3,0.14273693,0.85726307
DIA,3,0.17833053,0.82166947
DIA,3,0.09439967,0.90560033
DIA,3,0.08327030,0.91672970
DIA,3,0.18841511,0.81158489
DIA,3,0.07418010,0.92581990
DIA,3,0.06244184,0.93755816
DIA,3,0.47157203,0.52842797
DIA,3,0.07929632,0.92070368
DIA,3,0.05768627,0.94231373
DIA,3,0.06266414,0.93733586
DIA,3,0.10586890,0.89413110
DIA,3,0.07346707,0.92653293
DIA,3,0.18915948,0.81084052
DIA,3,0.05665909,0.94334091
DIA,3,0.11760502,0.88239498
DIA,3,0.31949675,0.68050325
DIA,3,0.30151041,0.69848959
DIA,3,0.11621985,0.88378015
DIA,3,0.08363292,0.91636708
DIA,3,0.05642991,0.94357009
DIA,3,0.06640837,0.93359163
DIA,3,0.06890627,0.93109373
DIA,3,0.07153850,0.92846150
DIA,3,0.05697295,0.94302705
DIA,3,0.05865706,0.94134294
DIA,3,0.05958071,0.94041929
DIA,3,0.06118842,0.93881158
DIA,3,0.05899346,0.94100654
DIA,3,0.05785552,0.94214448
DIA,3,0.42500997,0.57499003
DIA,3,0.05672844,0.94327156
DIA,3,0.06046472,0.93953528
DIA,3,0.07101282,0.92898718
DIA,3,0.06759555,0.93240445
DIA,3,0.12502838,0.87497162
DIA,3,0.05646146,0.94353854
DIA,3,0.37003043,0.62996957
DIA,3,0.23709844,0.76290156
DIA,3,0.05801999,0.94198001
DIA,3,0.06049612,0.93950388
DIA,3,0.05643199,0.94356801
DIA,3,0.14129638,0.85870362
DIA,3,0.07836032,0.92163968
DIA,3,0.05706813,0.94293187
DIA,3,0.06869472,0.93130528
DIA,3,0.16460651,0.83539349
DIA,3,0.05703152,0.94296848
DIA,3,0.39184984,0.60815016
DIA,3,0.09145955,0.90854045
DIA,3,0.08118017,0.91881983
DIA,3,0.13906224,0.86093776
DIA,3,0.06202928,0.93797072
DIA,3,0.16824421,0.83175579
DIA,3,0.53101478,0.46898522
DIA,3,0.05642823,0.94357177
DIA,3,0.06227608,0.93772392
DIA,3,0.14280987,0.85719013
DIA,3,0.13203022,0.86796978
DIA,3,0.38156959,0.61843041
DIA,3,0.10493005,0.89506995
DIA,3,0.11053031,0.88946969
DIA,3,0.08946431,0.91053569
DIA,3,0.67975778,0.32024222
DIA,3,0.05882668,0.94117332
DIA,3,0.05643088,0.94356912
DIA,3,0.06297471,0.93702529
DIA,3,0.06496550,0.93503450
DIA,3,0.05644744,0.94355256
DIA,3,0.13853600,0.86146400
DIA,3,0.13741539,0.86258461
DIA,3,0.08017637,0.91982363
DIA,3,0.07276479,0.92723521
DIA,3,0.05912894,0.94087106
DIA,3,0.68387542,0.31612458
DIA,3,0.10196836,0.89803164
DIA,3,0.64166979,0.35833021
DIA,3,0.06998507,0.93001493
DIA,3,0.05836888,0.94163112
DIA,3,0.05895734,0.94104266
DIA,3,0.07627515,0.92372485
DIA,3,0.15126663,0.84873337
DIA,3,0.06953887,0.93046113
DIA,3,0.16219743,0.83780257
DIA,3,0.05676508,0.94323492
DIA,3,0.45851929,0.54148071
DIA,3,0.06197555,0.93802445
DIA,3,0.12424449,0.87575551
DIA,3,0.05658695,0.94341305
DIA,3,0.75958317,0.24041683
DIA,3,0.60173042,0.39826958
DIA,3,0.06330740,0.93669260
DIA,3,0.93266025,0.06733975
DIA,3,0.08744111,0.91255889
DIA,3,0.11165460,0.88834540
DIA,3,0.54784544,0.45215456
DIA,3,0.08918494,0.91081506
DIA,3,0.31909741,0.68090259
DIA,3,0.12584068,0.87415932
DIA,3,0.07141347,0.92858653
DIA,3,0.09758070,0.90241930
DIA,3,0.79471083,0.20528917
DIA,3,0.16022969,0.83977031
DIA,3,0.08103443,0.91896557
DIA,3,0.08278329,0.91721671
DIA,3,0.05818774,0.94181226
DIA,3,0.06093681,0.93906319
DIA,3,0.07702212,0.92297788
DIA,3,0.05790141,0.94209859
DIA,3,0.11076815,0.88923185
DIA,3,0.05964306,0.94035694
DIA,3,0.05649372,0.94350628
DIA,3,0.35119293,0.64880707
DIA,3,0.05656283,0.94343717
DIA,3,0.31630232,0.68369768
DIA,3,0.06150527,0.93849473
DIA,3,0.21393765,0.78606235
DIA,3,0.05795657,0.94204343
DIA,3,0.08724726,0.91275274
DIA,3,0.09166368,0.90833632
DIA,3,0.05652064,0.94347936
DIA,3,0.05772318,0.94227682
DIA,3,0.06319691,0.93680309
DIA,3,0.08001877,0.91998123
DIA,3,0.12953049,0.87046951
DIA,3,0.06659454,0.93340546
DIA,3,0.79466299,0.20533701
DIA,3,0.06274599,0.93725401
DIA,3,0.14147101,0.85852899
DIA,3,0.06600236,0.93399764
DIA,3,0.07292833,0.92707167
DIA,3,0.09931519,0.90068481
DIA,3,0.05856000,0.94144000
DIA,3,0.06104544,0.93895456
DIA,3,0.07145130,0.92854870
DIA,3,0.05867533,0.94132467
DIA,3,0.05714638,0.94285362
DIA,3,0.12102085,0.87897915
DIA,3,0.06467551,0.93532449
DIA,3,0.05663389,0.94336611
DIA,3,0.46229389,0.53770611
DIA,3,0.05643721,0.94356279
DIA,3,0.08562311,0.91437689
DIA,3,0.05704445,0.94295555
DIA,3,0.05974446,0.94025554
DIA,3,0.06231745,0.93768255
DIA,3,0.16145249,0.83854751
DIA,3,0.99808062,0.00191938
DIA,3,0.09938207,0.90061793
DIA,3,0.18460159,0.81539841
DIA,3,0.90627958,0.09372042
DIA,3,0.07555548,0.92444452
DIA,3,0.06866925,0.93133075
DIA,3,0.06015008,0.93984992
DIA,3,0.06041892,0.93958108
DIA,3,0.17300117,0.82699883
DIA,3,0.19343731,0.80656269
DIA,3,0.08551139,0.91448861
DIA,3,0.18373609,0.81626391
DIA,3,0.11506312,0.88493688
DIA,3,0.79910688,0.20089312
DIA,3,0.05645926,0.94354074
DIA,3,0.05654543,0.94345457
DIA,3,0.05646124,0.94353876
DIA,3,0.95391451,0.04608549
DIA,3,0.35632906,0.64367094
DIA,3,0.13307829,0.86692171
DIA,3,0.05925168,0.94074832
DIA,3,0.05654369,0.94345631
DIA,3,0.06602948,0.93397052
DIA,3,0.07221556,0.92778444
DIA,3,0.06512245,0.93487755
DIA,3,0.84790328,0.15209672
DIA,3,0.08335106,0.91664894
DIA,3,0.70792112,0.29207888
DIA,3,0.08692014,0.91307986
DIA,3,0.57623898,0.42376102
DIA,3,0.19609125,0.80390875
DIA,3,0.07268520,0.92731480
DIA,3,0.98367502,0.01632498
DIA,3,0.07507995,0.92492005
DIA,3,0.08204104,0.91795896
DIA,3,0.21338411,0.78661589
DIA,3,0.88376908,0.11623092
DIA,3,0.32543895,0.67456105
DIA,3,0.12837101,0.87162899
DIA,3,0.05792133,0.94207867
DIA,3,0.05948888,0.94051112
DIA,3,0.60761401,0.39238599
DIA,3,0.43137457,0.56862543
DIA,3,0.99994490,0.00005510
DIA,3,0.06037757,0.93962243
DIA,3,0.34166144,0.65833856
DIA,3,0.07955566,0.92044434
DIA,3,0.05697866,0.94302134
DIA,3,0.21993895,0.78006105
DIA,3,0.99413499,0.00586501
DIA,3,0.99999999,0.00000001
DIA,3,0.05663935,0.94336065
DIA,3,0.08652966,0.91347034
DIA,3,0.72055672,0.27944328
DIA,3,0.05818896,0.94181104
DIA,3,0.80507521,0.19492479
DIA,3,0.05696243,0.94303757
DIA,3,0.09082883,0.90917117
DIA,3,0.10417672,0.89582328
DIA,3,0.08106144,0.91893856
DIA,3,0.06002630,0.93997370
DIA,3,0.07164586,0.92835414
DIA,3,0.95371269,0.04628731
DIA,3,0.06010438,0.93989562
DIA,3,0.16929939,0.83070061
DIA,3,0.07517925,0.92482075
DIA,3,0.05649378,0.94350622
DIA,3,0.08046935,0.91953065
DIA,3,0.11102067,0.88897933
DIA,3,0.22035886,0.77964114
DIA,3,0.58129017,0.41870983
DIA,3,1.00000000,0.00000000
DIA,3,0.75340178,0.24659822
DIA,3,0.59165896,0.40834104
DIA,3,0.08058315,0.91941685
DIA,3,0.26767235,0.73232765
DIA,3,0.08117591,0.91882409
DIA,3,0.64774778,0.35225222
DIA,3,0.26400402,0.73599598
DIA,3,0.07923734,0.92076266
DIA,3,0.26829185,0.73170815
DIA,3,0.07571662,0.92428338
DIA,3,0.08095320,0.91904680
DIA,3,0.88173517,0.11826483
DIA,3,0.09746481,0.90253519
DIA,3,0.29161963,0.70838037
DIA,3,0.06347870,0.93652130
DIA,3,0.07511316,0.92488684
DIA,3,0.38019730,0.61980270
DIA,3,0.31372268,0.68627732
DIA,3,0.08632024,0.91367976
DIA,3,0.55013542,0.44986458
DIA,3,0.19631092,0.80368908
DIA,3,0.24356387,0.75643613
DIA,3,0.05663335,0.94336665
DIA,3,0.23458502,0.76541498
DIA,3,0.10462909,0.89537091
DIA,3,0.16747403,0.83252597
DIA,3,0.11927616,0.88072384
DIA,3,0.56577798,0.43422202
DIA,3,0.06380831,0.93619169
DIA,3,0.73908515,0.26091485
DIA,3,0.05740265,0.94259735
DIA,3,0.17055875,0.82944125
DIA,3,0.23766005,0.76233995
DIA,3,0.06048160,0.93951840
DIA,3,0.08528705,0.91471295
DIA,3,0.07790813,0.92209187
DIA,3,0.18904889,0.81095111
DIA,3,0.07581107,0.92418893
DIA,3,0.06939887,0.93060113
DIA,3,0.06928356,0.93071644
DIA,3,0.07962353,0.92037647
DIA,3,0.06065719,0.93934281
DIA,3,0.90974373,0.09025627
DIA,3,0.09467687,0.90532313
DIA,3,0.13629902,0.86370098
DIA,3,0.06950590,0.93049410
DIA,3,0.14475674,0.85524326
DIA,3,0.05799900,0.94200100
DIA,3,0.20788824,0.79211176
DIA,3,0.05923254,0.94076746
DIA,3,0.05802113,0.94197887
DIA,3,0.17273270,0.82726730
DIA,3,0.06308047,0.93691953
DIA,3,0.14227847,0.85772153
DIA,3,0.07705317,0.92294683
DIA,3,0.05674145,0.94325855
DIA,3,0.25518060,0.74481940
DIA,3,0.05869012,0.94130988
DIA,3,0.08803750,0.91196250
DIA,3,0.07299464,0.92700536
DIA,3,0.05676885,0.94323115
DIA,3,0.05860742,0.94139258
DIA,3,0.05660801,0.94339199
DIA,3,0.07478170,0.92521830
DIA,3,0.06645564,0.93354436
DIA,3,0.20814337,0.79185663
DIA,3,0.10524672,0.89475328
DIA,3,0.07034427,0.92965573
DIA,3,0.05680635,0.94319365
DIA,3,0.40092463,0.59907537
DIA,3,0.06962513,0.93037487
DIA,3,0.07863300,0.92136700
DIA,3,0.05656784,0.94343216
DIA,3,0.09300830,0.90699170
DIA,3,0.09522955,0.90477045
DIA,3,0.05899098,0.94100902
DIA,3,0.07304491,0.92695509
DIA,3,0.11324065,0.88675935
DIA,3,0.13531499,0.86468501
DIA,3,0.07260869,0.92739131
DIA,3,0.05647723,0.94352277
DIA,3,0.13552462,0.86447538
DIA,3,0.24414784,0.75585216
DIA,3,0.10077654,0.89922346
DIA,3,0.07587947,0.92412053
DIA,3,0.06296387,0.93703613
DIA,3,0.05650044,0.94349956
DIA,3,0.06045801,0.93954199
DIA,3,0.07164079,0.92835921
DIA,3,0.05681431,0.94318569
DIA,3,0.06181927,0.93818073
DIA,3,0.05698768,0.94301232
DIA,3,0.07088107,0.92911893
DIA,3,0.06035836,0.93964164
DIA,3,0.12604605,0.87395395
DIA,3,0.10710343,0.89289657
DIA,3,0.06040896,0.93959104
DIA,3,0.05855072,0.94144928
DIA,3,0.06610493,0.93389507
DIA,3,0.06449262,0.93550738
DIA,3,0.06339583,0.93660417
DIA,3,0.05937702,0.94062298
DIA,3,0.06114369,0.93885631
DIA,3,0.06492122,0.93507878
DIA,3,0.10263859,0.89736141
DIA,3,0.29196787,0.70803213
DIA,3,0.16569971,0.83430029
DIA,3,0.05949001,0.94050999
DIA,3,0.11148900,0.88851100
DIA,3,0.07841668,0.92158332
DIA,3,0.09415466,0.90584534
DIA,3,0.06034234,0.93965766
DIA,3,0.38351583,0.61648417
DIA,3,0.05768562,0.94231438
DIA,3,0.48333916,0.51666084
DIA,3,0.25367103,0.74632897
DIA,3,0.06134235,0.93865765
DIA,3,0.05837613,0.94162387
DIA,3,0.07648893,0.92351107
DIA,3,0.06888268,0.93111732
DIA,3,0.17874194,0.82125806
DIA,3,0.06269383,0.93730617
DIA,3,0.06532817,0.93467183
DIA,3,0.13581632,0.86418368
DIA,3,0.99988371,0.00011629
DIA,3,0.18066382,0.81933618
DIA,3,0.07405640,0.92594360
DIA,3,0.23322685,0.76677315
DIA,3,0.18604021,0.81395979
DIA,3,0.31567178,0.68432822
DIA,3,0.11483761,0.88516239
DIA,3,0.06926708,0.93073292
DIA,3,0.16358606,0.83641394
DIA,3,0.07143242,0.92856758
DIA,3,0.06655400,0.93344600
DIA,3,0.65118109,0.34881891
DIA,3,0.89710400,0.10289600
DIA,3,0.24188938,0.75811062
DIA,3,0.07244935,0.92755065
DIA,3,0.05911591,0.94088409
DIA,3,0.07444352,0.92555648
DIA,3,0.23944753,0.76055247
DIA,3,0.05693199,0.94306801
DIA,3,0.06504697,0.93495303
DIA,3,0.08345617,0.91654383
DIA,3,0.77155433,0.22844567
DIA,3,0.11756400,0.88243600
DIA,3,0.26939202,0.73060798
DIA,3,0.06351648,0.93648352
DIA,3,0.06635950,0.93364050
DIA,3,0.06041469,0.93958531
DIA,3,0.33508194,0.66491806
DIA,3,0.05782696,0.94217304
DIA,3,0.10224231,0.89775769
DIA,3,0.07559306,0.92440694
DIA,3,0.08947044,0.91052956
DIA,3,0.06052501,0.93947499
DIA,3,0.14290856,0.85709144
DIA,3,0.57978785,0.42021215
DIA,3,0.07185213,0.92814787
DIA,3,0.42882307,0.57117693
DIA,3,0.99801663,0.00198337
DIA,3,0.55091046,0.44908954
DIA,3,0.07694569,0.92305431
DIA,3,0.09652392,0.90347608
DIA,3,0.05838361,0.94161639
DIA,3,0.06418954,0.93581046
DIA,3,0.05968693,0.94031307
DIA,3,0.13830804,0.86169196
DIA,3,0.85951762,0.14048238
DIA,3,0.47095326,0.52904674
DIA,3,0.06397365,0.93602635
DIA,3,0.93347705,0.06652295
DIA,3,0.23002833,0.76997167
DIA,3,0.29843229,0.70156771
DIA,3,0.07935296,0.92064704
DIA,3,0.13163826,0.86836174
DIA,3,0.08050441,0.91949559
DIA,3,0.08227854,0.91772146
DIA,3,0.22840129,0.77159871
DIA,3,0.95407011,0.04592989
DIA,3,0.05665284,0.94334716
DIA,3,0.84492380,0.15507620
DIA,3,0.07394345,0.92605655
DIA,3,0.06787286,0.93212714
DIA,3,0.05993021,0.94006979
DIA,3,0.05669118,0.94330882
DIA,3,0.09090356,0.90909644
DIA,3,0.14745631,0.85254369
DIA,3,0.07097090,0.92902910
DIA,3,0.09618936,0.90381064
DIA,3,0.09082262,0.90917738
DIA,3,0.05748239,0.94251761
DIA,3,0.07900619,0.92099381
DIA,3,0.05648109,0.94351891
DIA,3,0.08891291,0.91108709
DIA,3,0.07392284,0.92607716
DIA,3,0.06177969,0.93822031
DIA,3,0.38437196,0.61562804
DIA,3,0.05815825,0.94184175
DIA,3,0.10194101,0.89805899
DIA,3,0.12619439,0.87380561
DIA,3,0.09688464,0.90311536
DIA,3,0.05642979,0.94357021
DIA,3,0.05684108,0.94315892
DIA,3,0.07595106,0.92404894
DIA,3,0.11407264,0.88592736
DIA,3,0.25208120,0.74791880
DIA,3,0.05967060,0.94032940
DIA,3,0.12394304,0.87605696
DIA,3,0.09093679,0.90906321
DIA,3,0.08838299,0.91161701
DIA,3,0.08247728,0.91752272
DIA,3,0.60337571,0.39662429
DIA,3,0.05741450,0.94258550
DIA,3,0.09252822,0.90747178
DIA,3,0.50198730,0.49801270
DIA,3,0.05689986,0.94310014
DIA,3,0.20822473,0.79177527
DIA,3,0.07154770,0.92845230
DIA,3,0.05706770,0.94293230
DIA,3,0.10959067,0.89040933
DIA,3,0.06210010,0.93789990
DIA,3,0.20078474,0.79921526
DIA,3,0.19156159,0.80843841
DIA,3,0.53405266,0.46594734
DIA,3,0.99999739,0.00000261
DIA,3,0.06622788,0.93377212
DIA,3,0.99229714,0.00770286
DIA,3,0.06206448,0.93793552
DIA,3,0.65761292,0.34238708
DIA,3,0.17012485,0.82987515
DIA,3,0.83156022,0.16843978
DIA,3,0.94488689,0.05511311
DIA,3,0.17575326,0.82424674
DIA,3,0.15215747,0.84784253
DIA,3,0.63587722,0.36412278
DIA,3,0.97598508,0.02401492
DIA,3,0.24698249,0.75301751
DIA,3,0.05643227,0.94356773
DIA,3,0.09250286,0.90749714
DIA,3,0.11155185,0.88844815
DIA,3,0.99458605,0.00541395
DIA,3,0.05657951,0.94342049
DIA,3,0.99999075,0.00000925
DIA,3,0.10837644,0.89162356
DIA,3,0.06558540,0.93441460
DIA,3,0.94037144,0.05962856
DIA,3,0.07945646,0.92054354
DIA,3,0.12906943,0.87093057
DIA,3,0.06335809,0.93664191
DIA,3,0.07464282,0.92535718
DIA,3,0.99992842,0.00007158
DIA,3,0.12791274,0.87208726
DIA,3,0.12302030,0.87697970
DIA,3,0.07228600,0.92771400
DIA,3,0.09032143,0.90967857
DIA,3,0.31257702,0.68742298
DIA,3,0.08851498,0.91148502
DIA,3,0.15136002,0.84863998
DIA,3,0.07581242,0.92418758
DIA,3,0.25231251,0.74768749
DIA,3,0.05672719,0.94327281
DIA,3,0.08692841,0.91307159
DIA,3,0.21218742,0.78781258
DIA,3,0.05646372,0.94353628
DIA,3,0.06750167,0.93249833
DIA,3,0.05822545,0.94177455
DIA,3,0.06341555,0.93658445
DIA,3,0.09034679,0.90965321
DIA,3,0.06600852,0.93399148
DIA,3,0.05642817,0.94357183
DIA,3,0.99424190,0.00575810
DIA,3,0.07080234,0.92919766
DIA,3,0.06815561,0.93184439
DIA,3,0.06160526,0.93839474
DIA,3,0.08138732,0.91861268
DIA,3,0.23954293,0.76045707
DIA,3,0.05649488,0.94350512
DIA,3,0.12732874,0.87267126
DIA,3,0.05877827,0.94122173
DIA,3,0.27442083,0.72557917
DIA,3,0.05908891,0.94091109
DIA,3,0.08634978,0.91365022
DIA,3,0.08349221,0.91650779
DIA,3,0.13498297,0.86501703
DIA,3,0.10050823,0.89949177
DIA,3,0.05688737,0.94311263
DIA,3,0.12409129,0.87590871
DIA,3,0.07312279,0.92687721
DIA,3,0.05818458,0.94181542
DIA,3,0.08022391,0.91977609
DIA,3,0.41943819,0.58056181
DIA,3,0.08818922,0.91181078
DIA,3,0.05755047,0.94244953
DIA,3,0.06510726,0.93489274
DIA,3,0.06572198,0.93427802
DIA,3,0.08015445,0.91984555
DIA,3,0.11742787,0.88257213
DIA,3,0.12737658,0.87262342
DIA,3,0.06328794,0.93671206
DIA,3,0.06300889,0.93699111
DIA,3,0.17198033,0.82801967
DIA,3,0.06851097,0.93148903
DIA,3,0.09408818,0.90591182
DIA,3,0.05744004,0.94255996
DIA,3,0.10185171,0.89814829
DIA,3,0.80690470,0.19309530
DIA,3,0.05989099,0.94010901
DIA,3,0.15470629,0.84529371
DIA,3,0.07167880,0.92832120
DIA,3,0.84920766,0.15079234
DIA,3,0.08868593,0.91131407
DIA,3,0.07421943,0.92578057
DIA,3,0.16545372,0.83454628
DIA,3,0.05911198,0.94088802
DIA,3,0.06222054,0.93777946
DIA,3,0.06030653,0.93969347
DIA,3,0.26392345,0.73607655
DIA,3,0.53681133,0.46318867
DIA,3,0.25378107,0.74621893
DIA,3,0.07595306,0.92404694
DIA,3,0.06117059,0.93882941
DIA,3,0.05796296,0.94203704
DIA,3,0.14933307,0.85066693
DIA,3,0.05645361,0.94354639
DIA,3,0.06316834,0.93683166
DIA,3,0.06174692,0.93825308
DIA,3,0.13859889,0.86140111
DIA,3,0.06650563,0.93349437
DIA,3,0.29960238,0.70039762
DIA,3,0.05667096,0.94332904
DIA,3,0.14810506,0.85189494
DIA,3,0.05687932,0.94312068
DIA,3,0.05648876,0.94351124
DIA,3,0.07804451,0.92195549
DIA,3,0.06375759,0.93624241
DIA,3,0.24574080,0.75425920
DIA,3,0.07850359,0.92149641
DIA,3,0.21698478,0.78301522
DIA,3,0.10421674,0.89578326
DIA,3,0.06341653,0.93658347
DIA,3,0.50198176,0.49801824
DIA,3,0.05912618,0.94087382
DIA,3,0.32276308,0.67723692
DIA,3,0.24503791,0.75496209
DIA,3,0.47508621,0.52491379
DIA,3,0.05778667,0.94221333
DIA,3,0.06919753,0.93080247
DIA,3,0.06421935,0.93578065
DIA,3,0.54786875,0.45213125
DIA,3,0.93536980,0.06463020
DIA,3,0.05827140,0.94172860
DIA,3,1.00000000,0.00000000
DIA,3,0.09031014,0.90968986
DIA,3,0.35842411,0.64157589
DIA,3,0.99999937,0.00000063
DIA,3,0.66083506,0.33916494
DIA,3,0.99999425,0.00000575
DIA,3,0.12758253,0.87241747
DIA,3,0.12218150,0.87781850
DIA,3,0.16480222,0.83519778
DIA,3,0.61866307,0.38133693
DIA,3,0.05650220,0.94349780
DIA,3,0.18105362,0.81894638
DIA,3,0.62488874,0.37511126
DIA,3,0.07036659,0.92963341
DIA,3,0.07322727,0.92677273
DIA,3,0.07011057,0.92988943
DIA,3,0.05846029,0.94153971
DIA,3,0.65085811,0.34914189
DIA,3,0.61209564,0.38790436
DIA,3,0.07174714,0.92825286
DIA,3,0.05648656,0.94351344
DIA,3,0.06317208,0.93682792
DIA,3,0.32383647,0.67616353
DIA,3,0.10338953,0.89661047
DIA,3,0.06315992,0.93684008
DIA,3,0.54789916,0.45210084
DIA,3,0.05894776,0.94105224
DIA,3,0.05645099,0.94354901
DIA,3,0.17508589,0.82491411
DIA,3,0.11513756,0.88486244
DIA,3,0.98082997,0.01917003
DIA,3,0.50474208,0.49525792
DIA,3,0.07819941,0.92180059
DIA,3,0.64791124,0.35208876
DIA,3,0.09457692,0.90542308
DIA,3,0.19681913,0.80318087
DIA,3,0.37072953,0.62927047
DIA,3,0.05946526,0.94053474
DIA,3,0.06066252,0.93933748
DIA,3,0.05881609,0.94118391
DIA,3,0.07067481,0.92932519
DIA,3,0.60933687,0.39066313
DIA,3,0.10563771,0.89436229
DIA,3,0.07183763,0.92816237
DIA,3,0.05646468,0.94353532
DIA,3,0.13819230,0.86180770
DIA,3,0.07957568,0.92042432
DIA,3,0.08570565,0.91429435
DIA,3,0.16415096,0.83584904
DIA,3,0.06173876,0.93826124
DIA,3,0.13672543,0.86327457
DIA,3,0.42208779,0.57791221
DIA,3,0.13279305,0.86720695
DIA,3,0.06148188,0.93851812
DIA,3,0.09965027,0.90034973
DIA,3,0.17523261,0.82476739
DIA,3,0.83056490,0.16943510
DIA,3,0.05648661,0.94351339
DIA,3,0.06932483,0.93067517
DIA,3,0.20752959,0.79247041
DIA,3,0.06546400,0.93453600
DIA,3,0.05650518,0.94349482
DIA,3,0.19135714,0.80864286
DIA,3,0.06211985,0.93788015
DIA,3,0.09892423,0.90107577
DIA,3,0.15026829,0.84973171
DIA,3,0.09236083,0.90763917
DIA,3,0.09186231,0.90813769
DIA,3,0.06483905,0.93516095
DIA,3,0.05648668,0.94351332
DIA,3,0.07014194,0.92985806
DIA,3,0.06678668,0.93321332
DIA,3,0.05679150,0.94320850
DIA,3,0.14981590,0.85018410
DIA,3,0.06464962,0.93535038
DIA,3,0.12327666,0.87672334
DIA,3,0.11111356,0.88888644
DIA,3,0.07108821,0.92891179
DIA,3,0.06925667,0.93074333
DIA,3,0.07455790,0.92544210
DIA,3,0.06055351,0.93944649
DIA,3,0.09419993,0.90580007
DIA,3,0.12523549,0.87476451
DIA,3,0.05931354,0.94068646
DIA,3,0.71269691,0.28730309
DIA,3,0.17482202,0.82517798
DIA,3,0.08074705,0.91925295
DIA,3,0.07787179,0.92212821
DIA,3,0.05704418,0.94295582
DIA,3,0.08113876,0.91886124
DIA,3,0.06884503,0.93115497
DIA,3,0.06039470,0.93960530
DIA,3,0.91989289,0.08010711
DIA,3,0.18794044,0.81205956
DIA,3,0.40622089,0.59377911
DIA,3,0.05644504,0.94355496
DIA,3,0.80722312,0.19277688
DIA,3,0.05844843,0.94155157
DIA,3,0.06142840,0.93857160
DIA,3,0.06055052,0.93944948
DIA,3,0.16488805,0.83511195
DIA,3,0.29475155,0.70524845
DIA,3,0.05681939,0.94318061
DIA,3,0.17587655,0.82412345
DIA,3,0.05853937,0.94146063
DIA,3,0.11722340,0.88277660
DIA,3,0.39216541,0.60783459
DIA,3,0.50897030,0.49102970
DIA,3,0.10528610,0.89471390
DIA,3,0.18451602,0.81548398
DIA,3,0.51148704,0.48851296
DIA,3,0.05740963,0.94259037
DIA,3,0.05675881,0.94324119
DIA,3,0.05848044,0.94151956
DIA,3,0.92778526,0.07221474
DIA,3,0.81909413,0.18090587
DIA,3,0.19060265,0.80939735
DIA,3,0.16465143,0.83534857
DIA,3,0.06266582,0.93733418
DIA,3,0.06462259,0.93537741
DIA,3,0.06361992,0.93638008
DIA,3,0.05883512,0.94116488
DIA,3,0.17014390,0.82985610
DIA,3,0.05650387,0.94349613
DIA,3,0.09969743,0.90030257
DIA,3,0.05820618,0.94179382
DIA,3,0.06943020,0.93056980
DIA,3,0.17137189,0.82862811
DIA,3,0.06077868,0.93922132
DIA,3,0.06950688,0.93049312
DIA,3,0.24950152,0.75049848
DIA,3,0.07321748,0.92678252
DIA,3,0.08878073,0.91121927
DIA,3,0.05746392,0.94253608
DIA,3,0.06471922,0.93528078
DIA,3,0.06907519,0.93092481
DIA,3,0.15424497,0.84575503
DIA,3,0.05976033,0.94023967
DIA,3,0.06346439,0.93653561
DIA,3,0.05791666,0.94208334
DIA,3,0.06452272,0.93547728
DIA,3,0.35876357,0.64123643
DIA,3,0.51027989,0.48972011
DIA,3,0.05644158,0.94355842
DIA,3,0.11290903,0.88709097
DIA,3,0.59656881,0.40343119
DIA,3,0.07577452,0.92422548
DIA,3,0.05840599,0.94159401
DIA,3,0.06745518,0.93254482
DIA,3,0.14788588,0.85211412
DIA,3,0.07207346,0.92792654
DIA,3,0.07631153,0.92368847
DIA,3,0.05643019,0.94356981
DIA,3,0.17518932,0.82481068
DIA,3,0.12348343,0.87651657
DIA,3,0.16490736,0.83509264
DIA,3,0.17772896,0.82227104
DIA,3,0.06464645,0.93535355
DIA,3,0.09568335,0.90431665
DIA,3,0.68150375,0.31849625
DIA,3,0.05710762,0.94289238
DIA,3,0.99361096,0.00638904
DIA,3,0.08888412,0.91111588
DIA,3,0.13221614,0.86778386
DIA,3,0.32625838,0.67374162
DIA,3,0.61382366,0.38617634
DIA,3,0.06285041,0.93714959
DIA,3,0.06338284,0.93661716
DIA,3,0.07754712,0.92245288
DIA,3,0.15032467,0.84967533
DIA,3,0.20096449,0.79903551
DIA,3,0.06433688,0.93566312
DIA,3,0.07608165,0.92391835
DIA,3,0.12841911,0.87158089
DIA,3,0.19968108,0.80031892
DIA,3,0.08152775,0.91847225
DIA,3,0.05748310,0.94251690
DIA,3,0.05724918,0.94275082
DIA,3,0.75060968,0.24939032
DIA,3,0.06410620,0.93589380
DIA,3,0.13964106,0.86035894
DIA,3,0.37103091,0.62896909
DIA,3,0.06891792,0.93108208
DIA,3,0.07084761,0.92915239
DIA,3,0.18681524,0.81318476
DIA,3,0.11067833,0.88932167
DIA,3,0.14391273,0.85608727
DIA,3,0.06353338,0.93646662
DIA,3,0.76038928,0.23961072
DIA,3,0.06326784,0.93673216
DIA,3,0.26885163,0.73114837
DIA,3,0.27965415,0.72034585
DIA,3,0.63236376,0.36763624
DIA,3,0.05752750,0.94247250
DIA,3,0.36024073,0.63975927
DIA,3,0.05818271,0.94181729
DIA,3,0.34388069,0.65611931
DIA,3,0.05732627,0.94267373
DIA,3,0.26634530,0.73365470
DIA,3,0.18051030,0.81948970
DIA,3,0.06526276,0.93473724
DIA,3,0.99955995,0.00044005
DIA,3,0.09490017,0.90509983
DIA,3,0.65276530,0.34723470
DIA,3,0.99831947,0.00168053
DIA,3,0.06333643,0.93666357
DIA,3,0.20612042,0.79387958
DIA,3,0.07524388,0.92475612
DIA,3,0.60484993,0.39515007
DIA,3,0.07937285,0.92062715
DIA,3,0.27556134,0.72443866
DIA,3,0.99999995,0.00000005
DIA,3,0.99853528,0.00146472
DIA,3,0.19167907,0.80832093
DIA,3,1.00000000,0.00000000
DIA,3,0.06673993,0.93326007
DIA,3,0.11161085,0.88838915
DIA,3,1.00000000,0.00000000
DIA,3,0.05662115,0.94337885
DIA,3,0.07517996,0.92482004
DIA,3,0.95178632,0.04821368
DIA,3,0.91774415,0.08225585
DIA,3,0.99926741,0.00073259
DIA,3,0.93413345,0.06586655
DIA,3,0.88492649,0.11507351
DIA,3,0.99606233,0.00393767
DIA,3,0.07493461,0.92506539
DIA,3,0.07693704,0.92306296
DIA,3,0.90522663,0.09477337
DIA,3,0.97792812,0.02207188
DIA,3,0.14107238,0.85892762
DIA,3,0.06276239,0.93723761
DIA,3,0.84331572,0.15668428
DIA,3,0.14841606,0.85158394
DIA,3,0.09769452,0.90230548
DIA,3,0.14703624,0.85296376
DIA,3,0.55530394,0.44469606
DIA,3,0.06189022,0.93810978
DIA,3,0.12555882,0.87444118
DIA,3,0.30888724,0.69111276
DIA,3,0.06353922,0.93646078
DIA,3,0.05686858,0.94313142
DIA,3,0.99999119,0.00000881
DIA,3,0.13079606,0.86920394
DIA,3,0.31658804,0.68341196
DIA,3,0.33517174,0.66482826
DIA,3,0.16951448,0.83048552
DIA,3,0.13380865,0.86619135
DIA,3,0.05790885,0.94209115
DIA,3,0.87729909,0.12270091
DIA,3,0.12031313,0.87968687
DIA,3,0.08647188,0.91352812
DIA,3,0.61700390,0.38299610
DIA,3,0.07409013,0.92590987
DIA,3,0.98368469,0.01631531
DIA,3,0.06136015,0.93863985
DIA,3,0.22614233,0.77385767
DIA,3,0.92112208,0.07887792
DIA,3,0.49561618,0.50438382
DIA,3,0.72358646,0.27641354
DIA,3,0.99959811,0.00040189
DIA,3,0.43280514,0.56719486
DIA,3,0.99999698,0.00000302
DIA,3,0.57215158,0.42784842
DIA,3,0.08055768,0.91944232
DIA,3,0.92682834,0.07317166
DIA,3,0.32994833,0.67005167
DIA,3,0.11075393,0.88924607
DIA,3,0.97542359,0.02457641
DIA,3,0.99440798,0.00559202
DIA,3,0.99999779,0.00000221
DIA,3,0.08230904,0.91769096
DIA,3,0.99999979,0.00000021
DIA,3,0.84620130,0.15379870
DIA,3,0.96155237,0.03844763
DIA,3,0.08985326,0.91014674
DIA,3,0.94620250,0.05379750
DIA,3,0.09765505,0.90234495
DIA,3,0.06513116,0.93486884
DIA,3,0.67959772,0.32040228
DIA,3,0.21035922,0.78964078
DIA,3,0.09013443,0.90986557
DIA,3,0.05653508,0.94346492
DIA,3,0.08110826,0.91889174
DIA,3,0.06044915,0.93955085
DIA,3,0.22993267,0.77006733
DIA,3,0.08625232,0.91374768
DIA,3,0.19109472,0.80890528
DIA,3,0.15214620,0.84785380
DIA,3,0.65486897,0.34513103
DIA,3,0.08760503,0.91239497
DIA,3,0.73925485,0.26074515
DIA,3,0.05764172,0.94235828
DIA,3,0.05787635,0.94212365
DIA,3,0.40902047,0.59097953
DIA,3,0.07242296,0.92757704
DIA,3,0.12946895,0.87053105
DIA,3,0.05901578,0.94098422
DIA,3,0.40717873,0.59282127
DIA,3,0.95964856,0.04035144
DIA,3,0.05919317,0.94080683
DIA,3,0.06618613,0.93381387
DIA,3,0.57974936,0.42025064
DIA,3,0.96707794,0.03292206
DIA,3,0.05762049,0.94237951
DIA,3,0.06379834,0.93620166
DIA,3,0.23584704,0.76415296
DIA,3,0.05765990,0.94234010
DIA,3,0.20158904,0.79841096
DIA,3,0.05758934,0.94241066
DIA,3,0.61175709,0.38824291
DIA,3,0.12496457,0.87503543
DIA,3,0.05970906,0.94029094
DIA,3,0.07218421,0.92781579
DIA,3,0.19120962,0.80879038
DIA,3,0.74330209,0.25669791
DIA,3,0.10191546,0.89808454
DIA,3,0.14346893,0.85653107
DIA,3,0.13589206,0.86410794
DIA,3,0.37001779,0.62998221
DIA,3,0.05659616,0.94340384
DIA,3,0.07097123,0.92902877
DIA,3,0.05900207,0.94099793
DIA,3,0.30423379,0.69576621
DIA,3,0.05873562,0.94126438
DIA,3,0.05724724,0.94275276
DIA,3,0.99553389,0.00446611
DIA,3,0.05798625,0.94201375
DIA,3,0.59558653,0.40441347
DIA,3,0.05893414,0.94106586
DIA,3,0.39866701,0.60133299
DIA,3,0.56474550,0.43525450
DIA,3,0.05980697,0.94019303
DIA,3,0.05647116,0.94352884
DIA,3,0.07653355,0.92346645
DIA,3,0.19698117,0.80301883
DIA,3,0.06398341,0.93601659
DIA,3,0.19890935,0.80109065
DIA,3,0.45322166,0.54677834
DIA,3,0.34115464,0.65884536
DIA,3,0.06828658,0.93171342
DIA,3,0.97772317,0.02227683
DIA,3,0.60448031,0.39551969
DIA,3,0.13709685,0.86290315
DIA,3,0.06359440,0.93640560
DIA,3,0.64086704,0.35913296
DIA,3,0.15885449,0.84114551
DIA,3,0.09247217,0.90752783
DIA,3,0.14563711,0.85436289
DIA,3,0.06645623,0.93354377
DIA,3,0.08544487,0.91455513
DIA,3,0.10084110,0.89915890
DIA,3,0.07761052,0.92238948
DIA,3,0.10638589,0.89361411
DIA,3,0.15451757,0.84548243
DIA,3,0.05822651,0.94177349
DIA,3,0.64080710,0.35919290
DIA,3,0.48950565,0.51049435
DIA,3,0.06274261,0.93725739
DIA,3,0.14705780,0.85294220
DIA,3,0.16269566,0.83730434
DIA,3,0.54320906,0.45679094
DIA,3,0.06804746,0.93195254
DIA,3,0.18121514,0.81878486
DIA,3,0.10463604,0.89536396
DIA,3,0.05749105,0.94250895
DIA,3,0.07904163,0.92095837
DIA,3,0.44509570,0.55490430
DIA,3,0.08920319,0.91079681
DIA,3,0.17382215,0.82617785
DIA,3,0.08790917,0.91209083
DIA,3,0.75157611,0.24842389
DIA,3,0.08785515,0.91214485
DIA,3,0.06106123,0.93893877
DIA,3,0.99950583,0.00049417
DIA,3,0.08947805,0.91052195
DIA,3,0.99952739,0.00047261
DIA,3,0.10515221,0.89484779
DIA,3,0.10626489,0.89373511
DIA,3,0.06055209,0.93944791
DIA,3,0.97655848,0.02344152
DIA,3,0.99908688,0.00091312
DIA,3,0.06796491,0.93203509
DIA,3,0.07205152,0.92794848
DIA,3,0.06277389,0.93722611
DIA,3,0.08355174,0.91644826
DIA,3,0.58381973,0.41618027
DIA,3,0.09369184,0.90630816
DIA,3,0.96352118,0.03647882
DIA,3,0.06085825,0.93914175
DIA,3,0.06359642,0.93640358
DIA,3,0.06048281,0.93951719
DIA,3,0.05643145,0.94356855
DIA,3,0.17214661,0.82785339
DIA,3,0.05790948,0.94209052
DIA,3,0.05810562,0.94189438
DIA,3,0.44583832,0.55416168
DIA,3,0.08749365,0.91250635
DIA,3,0.38491154,0.61508846
DIA,3,0.09308935,0.90691065
DIA,3,0.05646583,0.94353417
DIA,3,0.50931504,0.49068496
DIA,3,0.06880781,0.93119219
DIA,3,0.09950246,0.90049754
DIA,3,0.38240394,0.61759606
DIA,3,0.49187564,0.50812436
DIA,3,0.07060129,0.92939871
DIA,3,0.05877941,0.94122059
DIA,3,0.06177162,0.93822838
DIA,3,0.26717319,0.73282681
DIA,3,0.06702878,0.93297122
DIA,3,0.07559044,0.92440956
DIA,3,0.05995456,0.94004544
DIA,3,0.09630295,0.90369705
DIA,3,0.17991472,0.82008528
DIA,3,0.28736604,0.71263396
DIA,3,0.06490414,0.93509586
DIA,3,0.06459741,0.93540259
DIA,3,0.08338852,0.91661148
DIA,3,0.06131892,0.93868108
DIA,3,0.75876832,0.24123168
DIA,3,0.05832712,0.94167288
DIA,3,0.06042350,0.93957650
DIA,3,0.11127682,0.88872318
DIA,3,0.05756362,0.94243638
DIA,3,0.67621822,0.32378178
DIA,3,0.06044098,0.93955902
DIA,3,0.10834197,0.89165803
DIA,3,0.27311990,0.72688010
DIA,3,0.07932899,0.92067101
DIA,3,0.06146616,0.93853384
DIA,3,0.19553180,0.80446820
DIA,3,0.05714894,0.94285106
DIA,3,0.05894359,0.94105641
DIA,3,0.10551227,0.89448773
DIA,3,0.08734434,0.91265566
DIA,3,0.26433768,0.73566232
DIA,3,0.05963110,0.94036890
DIA,3,0.09944125,0.90055875
DIA,3,0.70088711,0.29911289
DIA,3,0.05864492,0.94135508
DIA,3,0.06066721,0.93933279
DIA,3,0.18718761,0.81281239
DIA,3,0.05716680,0.94283320
DIA,3,0.22228626,0.77771374
DIA,3,0.06050710,0.93949290
DIA,3,0.12984440,0.87015560
DIA,3,0.07946409,0.92053591
DIA,3,0.10987540,0.89012460
DIA,3,0.05700804,0.94299196
DIA,3,0.07503048,0.92496952
DIA,3,0.15824968,0.84175032
DIA,3,0.08272835,0.91727165
DIA,3,0.29353622,0.70646378
DIA,3,0.05807569,0.94192431
DIA,3,0.08377826,0.91622174
DIA,3,0.22835579,0.77164421
DIA,3,0.09339881,0.90660119
DIA,3,0.08315858,0.91684142
DIA,3,0.06675885,0.93324115
DIA,3,0.06500659,0.93499341
DIA,3,0.06941496,0.93058504
DIA,3,0.26246677,0.73753323
DIA,3,0.10096753,0.89903247
DIA,3,0.07429812,0.92570188
DIA,3,0.06535900,0.93464100
DIA,3,0.09844085,0.90155915
DIA,3,0.45855625,0.54144375
DIA,3,0.05651155,0.94348845
DIA,3,0.08073848,0.91926152
DIA,3,0.05702348,0.94297652
DIA,3,0.06253783,0.93746217
DIA,3,0.09591069,0.90408931
DIA,3,0.05993767,0.94006233
DIA,3,0.34070674,0.65929326
DIA,3,0.05745247,0.94254753
DIA,3,0.08522367,0.91477633
DIA,3,0.08944657,0.91055343
DIA,3,0.06175397,0.93824603
DIA,3,0.12343386,0.87656614
DIA,3,0.06157385,0.93842615
DIA,3,0.06316356,0.93683644
DIA,3,0.05738361,0.94261639
DIA,3,0.11691077,0.88308923
DIA,3,0.05926257,0.94073743
DIA,3,0.06111406,0.93888594
DIA,3,0.05909708,0.94090292
DIA,3,0.08941342,0.91058658
DIA,3,0.06379564,0.93620436
DIA,3,0.05850372,0.94149628
DIA,3,0.05651910,0.94348090
DIA,3,0.06505737,0.93494263
DIA,3,0.06727969,0.93272031
DIA,3,0.15646600,0.84353400
DIA,3,0.07209163,0.92790837
DIA,3,0.05897047,0.94102953
DIA,3,0.10142846,0.89857154
DIA,3,0.09129519,0.90870481
DIA,3,0.08766456,0.91233544
DIA,3,0.11646067,0.88353933
DIA,3,0.06157931,0.93842069
DIA,3,0.05763655,0.94236345
DIA,3,0.05867162,0.94132838
DIA,3,0.17068712,0.82931288
DIA,3,0.05712353,0.94287647
DIA,3,0.15467367,0.84532633
DIA,3,0.05658644,0.94341356
DIA,3,0.15165905,0.84834095
DIA,3,0.06120091,0.93879909
DIA,3,0.30157063,0.69842937
DIA,3,0.11855013,0.88144987
DIA,3,0.06406038,0.93593962
DIA,3,0.08249482,0.91750518
DIA,3,0.13176131,0.86823869
DIA,3,0.60375654,0.39624346
DIA,3,0.06245763,0.93754237
DIA,3,0.10584857,0.89415143
DIA,3,0.06036390,0.93963610
DIA,3,0.07714314,0.92285686
DIA,3,0.05823745,0.94176255
DIA,3,0.06776993,0.93223007
DIA,3,0.05644177,0.94355823
DIA,3,0.10730106,0.89269894
DIA,3,0.07243237,0.92756763
DIA,3,0.05658982,0.94341018
DIA,3,0.05718351,0.94281649
DIA,3,0.08491025,0.91508975
DIA,3,0.06943433,0.93056567
DIA,3,0.05951902,0.94048098
DIA,3,0.31103299,0.68896701
DIA,3,0.05645436,0.94354564
DIA,3,0.06062333,0.93937667
DIA,3,0.05929374,0.94070626
DIA,3,0.26194955,0.73805045
DIA,3,0.06347541,0.93652459
DIA,3,0.05733192,0.94266808
DIA,3,0.05739725,0.94260275
DIA,3,0.07405145,0.92594855
DIA,3,0.05745738,0.94254262
DIA,3,0.05822612,0.94177388
DIA,3,0.06199965,0.93800035
DIA,3,0.06592791,0.93407209
DIA,3,0.07333198,0.92666802
DIA,3,0.05899624,0.94100376
DIA,3,0.14448673,0.85551327
DIA,3,0.05643639,0.94356361
DIA,3,0.08354549,0.91645451
DIA,3,0.07889366,0.92110634
DIA,3,0.11092498,0.88907502
DIA,3,0.07576665,0.92423335
DIA,3,0.08010030,0.91989970
DIA,3,0.05649944,0.94350056
DIA,3,0.17368990,0.82631010
DIA,3,0.05975912,0.94024088
DIA,3,0.05774527,0.94225473
DIA,3,0.05647867,0.94352133
DIA,3,0.16026364,0.83973636
DIA,3,0.06252994,0.93747006
DIA,3,0.05759209,0.94240791
DIA,3,0.07368430,0.92631570
DIA,3,0.07719775,0.92280225
DIA,3,0.11611136,0.88388864
DIA,3,0.06171618,0.93828382
DIA,3,0.05652090,0.94347910
DIA,3,0.09887490,0.90112510
DIA,3,0.06441275,0.93558725
DIA,3,0.05764054,0.94235946
DIA,3,0.12685539,0.87314461
DIA,3,0.05900110,0.94099890
DIA,3,0.12399518,0.87600482
DIA,3,0.06271052,0.93728948
DIA,3,0.07465452,0.92534548
DIA,3,0.05665529,0.94334471
DIA,3,0.06202994,0.93797006
DIA,3,0.05750795,0.94249205
DIA,3,0.17014767,0.82985233
DIA,3,0.05726815,0.94273185
DIA,3,0.05935502,0.94064498
DIA,3,0.06420823,0.93579177
DIA,3,0.17775284,0.82224716
DIA,3,0.05654725,0.94345275
DIA,3,0.05681199,0.94318801
DIA,3,0.07341495,0.92658505
DIA,3,0.16933347,0.83066653
DIA,3,0.05738891,0.94261109
DIA,3,0.07055555,0.92944445
DIA,3,0.12438664,0.87561336
DIA,3,0.05884632,0.94115368
DIA,3,0.06631389,0.93368611
DIA,3,0.07823773,0.92176227
DIA,3,0.09679092,0.90320908
DIA,3,0.05662424,0.94337576
DIA,3,0.06922345,0.93077655
DIA,3,0.16765750,0.83234250
DIA,3,0.08836397,0.91163603
DIA,3,0.23628525,0.76371475
DIA,3,0.05999958,0.94000042
DIA,3,0.05774223,0.94225777
DIA,3,0.05684954,0.94315046
DIA,3,0.05660339,0.94339661
DIA,3,0.06116724,0.93883276
DIA,3,0.05837707,0.94162293
DIA,3,0.11086217,0.88913783
DIA,3,0.05655747,0.94344253
DIA,3,0.06096636,0.93903364
DIA,3,0.15886973,0.84113027
DIA,3,0.06083731,0.93916269
DIA,3,0.07870692,0.92129308
DIA,3,0.08751545,0.91248455
DIA,3,0.06143829,0.93856171
DIA,3,0.05684292,0.94315708
DIA,3,0.06558551,0.93441449
DIA,3,0.05707500,0.94292500
DIA,3,0.06449048,0.93550952
DIA,3,0.06058859,0.93941141
DIA,3,0.05778337,0.94221663
DIA,3,0.05644903,0.94355097
DIA,3,0.10269618,0.89730382
DIA,3,0.08596130,0.91403870
DIA,3,0.05654787,0.94345213
DIA,3,0.05655082,0.94344918
DIA,3,0.05666311,0.94333689
DIA,3,0.07587153,0.92412847
DIA,3,0.08609330,0.91390670
DIA,3,0.33048965,0.66951035
DIA,3,0.44360107,0.55639893
DIA,3,0.11456109,0.88543891
DIA,3,0.17747471,0.82252529
DIA,3,0.08281307,0.91718693
DIA,3,0.16081653,0.83918347
DIA,3,0.05657514,0.94342486
DIA,3,0.13452864,0.86547136
DIA,3,0.19388340,0.80611660
DIA,3,0.05695118,0.94304882
DIA,3,0.05737179,0.94262821
DIA,3,0.37995014,0.62004986
DIA,3,0.05671695,0.94328305
DIA,3,0.14669551,0.85330449
DIA,3,0.07342939,0.92657061
DIA,3,0.05804185,0.94195815
DIA,3,0.05710228,0.94289772
DIA,3,0.11063164,0.88936836
DIA,3,0.10630852,0.89369148
DIA,3,0.05794524,0.94205476
DIA,3,0.09900443,0.90099557
DIA,3,0.06560525,0.93439475
DIA,3,0.07982334,0.92017666
DIA,3,0.16995530,0.83004470
DIA,3,0.05723782,0.94276218
DIA,3,0.05788331,0.94211669
DIA,3,0.07112739,0.92887261
DIA,3,0.05680250,0.94319750
DIA,3,0.16442302,0.83557698
DIA,3,0.05667107,0.94332893
DIA,3,0.22715164,0.77284836
DIA,3,0.05886555,0.94113445
DIA,3,0.05948576,0.94051424
DIA,3,0.06017582,0.93982418
DIA,3,0.18663030,0.81336970
DIA,3,0.09069791,0.90930209
DIA,3,0.06917629,0.93082371
DIA,3,0.09587885,0.90412115
DIA,3,0.05693045,0.94306955
DIA,3,0.05656262,0.94343738
DIA,3,0.08130430,0.91869570
DIA,3,0.18554341,0.81445659
DIA,3,0.21784008,0.78215992
DIA,3,0.05813793,0.94186207
DIA,3,0.06022413,0.93977587
DIA,3,0.06090308,0.93909692
DIA,3,0.05643180,0.94356820
DIA,3,0.13203550,0.86796450
DIA,3,0.07040067,0.92959933
DIA,3,0.05942916,0.94057084
DIA,3,0.05644389,0.94355611
DIA,3,0.06018816,0.93981184
DIA,3,0.05657232,0.94342768
DIA,3,0.31868114,0.68131886
DIA,3,0.05654542,0.94345458
DIA,3,0.10906591,0.89093409
DIA,3,0.05685536,0.94314464
DIA,3,0.05712798,0.94287202
DIA,3,0.07410816,0.92589184
DIA,3,0.07491073,0.92508927
DIA,3,0.06404010,0.93595990
DIA,3,0.26277500,0.73722500
DIA,3,0.06956588,0.93043412
DIA,3,0.07364752,0.92635248
DIA,3,0.06172993,0.93827007
DIA,3,0.08190258,0.91809742
DIA,3,0.06333214,0.93666786
DIA,3,0.05645688,0.94354312
DIA,3,0.05643891,0.94356109
DIA,3,0.06272802,0.93727198
DIA,3,0.06394675,0.93605325
DIA,3,0.05806565,0.94193435
DIA,3,0.09500425,0.90499575
DIA,3,0.05977992,0.94022008
DIA,3,0.08415967,0.91584033
DIA,3,0.05829489,0.94170511
DIA,3,0.07031997,0.92968003
DIA,3,0.05949593,0.94050407
DIA,3,0.11303292,0.88696708
DIA,3,0.07328287,0.92671713
DIA,3,0.07899932,0.92100068
DIA,3,0.05757962,0.94242038
DIA,3,0.07834124,0.92165876
DIA,3,0.06232125,0.93767875
DIA,3,0.05989300,0.94010700
DIA,3,0.05702290,0.94297710
DIA,3,0.06292426,0.93707574
DIA,3,0.06749254,0.93250746
DIA,3,0.05965545,0.94034455
DIA,3,0.06685297,0.93314703
DIA,3,0.06898744,0.93101256
DIA,3,0.11551945,0.88448055
DIA,3,0.05649477,0.94350523
DIA,3,0.10182057,0.89817943
DIA,3,0.05663210,0.94336790
DIA,3,0.17221586,0.82778414
DIA,3,0.06482978,0.93517022
DIA,3,0.05736572,0.94263428
DIA,3,0.05690831,0.94309169
DIA,3,0.06366711,0.93633289
DIA,3,0.07125820,0.92874180
DIA,3,0.05643604,0.94356396
DIA,3,0.34563216,0.65436784
DIA,3,0.34449977,0.65550023
DIA,3,0.05716280,0.94283720
DIA,3,0.20385085,0.79614915
DIA,3,0.05655933,0.94344067
DIA,3,0.18100229,0.81899771
DIA,3,0.05642843,0.94357157
DIA,3,0.19992899,0.80007101
DIA,3,0.06049790,0.93950210
DIA,3,0.14266777,0.85733223
DIA,3,0.06171873,0.93828127
DIA,3,0.07824947,0.92175053
DIA,3,0.06105747,0.93894253
DIA,3,0.05871597,0.94128403
DIA,3,0.09618128,0.90381872
DIA,3,0.05643466,0.94356534
DIA,3,0.05826889,0.94173111
DIA,3,0.08239764,0.91760236
DIA,3,0.06594016,0.93405984
DIA,3,0.05643589,0.94356411
DIA,3,0.16167081,0.83832919
DIA,3,0.05818603,0.94181397
DIA,3,0.08964426,0.91035574
DIA,3,0.05874379,0.94125621
DIA,3,0.05940662,0.94059338
DIA,3,0.05835684,0.94164316
DIA,3,0.05649031,0.94350969
DIA,3,0.05648463,0.94351537
DIA,3,0.09714590,0.90285410
DIA,3,0.05658033,0.94341967
DIA,3,0.06388780,0.93611220
DIA,3,0.08578092,0.91421908
DIA,3,0.06130650,0.93869350
DIA,3,0.19568295,0.80431705
DIA,3,0.09226301,0.90773699
DIA,3,0.05645296,0.94354704
DIA,3,0.07247820,0.92752180
DIA,3,0.09699494,0.90300506
DIA,3,0.07847782,0.92152218
DIA,3,0.06859069,0.93140931
DIA,3,0.13063117,0.86936883
DIA,3,0.06113642,0.93886358
DIA,3,0.06234929,0.93765071
DIA,3,0.07254784,0.92745216
DIA,3,0.13455380,0.86544620
DIA,3,0.09050482,0.90949518
DIA,3,0.05830473,0.94169527
DIA,3,0.05644150,0.94355850
DIA,3,0.08633884,0.91366116
DIA,3,0.15052835,0.84947165
DIA,3,0.06064091,0.93935909
DIA,3,0.05968532,0.94031468
DIA,3,0.07220113,0.92779887
DIA,3,0.05755570,0.94244430
DIA,3,0.05868413,0.94131587
DIA,3,0.14263457,0.85736543
DIA,3,0.05770428,0.94229572
DIA,3,0.23400411,0.76599589
DIA,3,0.18304058,0.81695942
DIA,3,0.05704896,0.94295104
DIA,3,0.05860133,0.94139867
DIA,3,0.05994201,0.94005799
DIA,3,0.05762227,0.94237773
DIA,3,0.11793976,0.88206024
DIA,3,0.47794292,0.52205708
DIA,3,0.09747872,0.90252128
DIA,3,0.05675368,0.94324632
DIA,3,0.05657203,0.94342797
DIA,3,0.05644154,0.94355846
DIA,3,0.09296478,0.90703522
DIA,3,0.08449338,0.91550662
DIA,3,0.05756557,0.94243443
DIA,3,0.07397176,0.92602824
DIA,3,0.07041021,0.92958979
DIA,3,0.05960433,0.94039567
DIA,3,0.13496005,0.86503995
DIA,3,0.05851172,0.94148828
DIA,3,0.05656031,0.94343969
DIA,3,0.05981372,0.94018628
DIA,3,0.05649060,0.94350940
DIA,3,0.06556657,0.93443343
DIA,3,0.06826928,0.93173072
DIA,3,0.27979472,0.72020528
DIA,3,0.05672280,0.94327720
DIA,3,0.05661650,0.94338350
DIA,3,0.06523219,0.93476781
DIA,3,0.12919970,0.87080030
DIA,3,0.06508196,0.93491804
DIA,3,0.07465021,0.92534979
DIA,3,0.05649320,0.94350680
DIA,3,0.10264571,0.89735429
DIA,3,0.06501727,0.93498273
DIA,3,0.05770996,0.94229004
DIA,3,0.05726604,0.94273396
DIA,3,0.06919574,0.93080426
DIA,3,0.05661835,0.94338165
DIA,3,0.10757763,0.89242237
DIA,3,0.07462157,0.92537843
DIA,3,0.05736488,0.94263512
DIA,3,0.06696685,0.93303315
DIA,3,0.08073853,0.91926147
DIA,3,0.05778595,0.94221405
DIA,3,0.06006119,0.93993881
DIA,3,0.05798615,0.94201385
DIA,3,0.06897531,0.93102469
DIA,3,0.11382619,0.88617381
DIA,3,0.06329692,0.93670308
DIA,3,0.05848612,0.94151388
DIA,3,0.05745477,0.94254523
DIA,3,0.05740203,0.94259797
DIA,3,0.07452108,0.92547892
DIA,3,0.07025327,0.92974673
DIA,3,0.12239762,0.87760238
DIA,3,0.06438201,0.93561799
DIA,3,0.08269879,0.91730121
DIA,3,0.08960977,0.91039023
DIA,3,0.08444896,0.91555104
DIA,3,0.09318702,0.90681298
DIA,3,0.06024667,0.93975333
DIA,3,0.10152330,0.89847670
DIA,3,0.06520777,0.93479223
DIA,3,0.05965155,0.94034845
DIA,3,0.06451634,0.93548366
DIA,3,0.07226584,0.92773416
DIA,3,0.07742205,0.92257795
DIA,3,0.06719182,0.93280818
DIA,3,0.05642909,0.94357091
DIA,3,0.15054779,0.84945221
DIA,3,0.05677163,0.94322837
DIA,3,0.05672499,0.94327501
DIA,3,0.07234477,0.92765523
DIA,3,0.08706734,0.91293266
DIA,3,0.06825657,0.93174343
DIA,3,0.05642992,0.94357008
DIA,3,0.06459470,0.93540530
DIA,3,0.05643214,0.94356786
DIA,3,0.08672314,0.91327686
DIA,3,0.05865715,0.94134285
DIA,3,0.33228588,0.66771412
DIA,3,0.06646667,0.93353333
DIA,3,0.08659173,0.91340827
DIA,3,0.10854762,0.89145238
DIA,3,0.07673436,0.92326564
DIA,3,0.06999717,0.93000283
DIA,3,0.05710607,0.94289393
DIA,3,0.05795965,0.94204035
DIA,3,0.11999797,0.88000203
DIA,3,0.05653099,0.94346901
DIA,3,0.05872551,0.94127449
DIA,3,0.12193632,0.87806368
DIA,3,0.06183479,0.93816521
DIA,3,0.08025081,0.91974919
DIA,3,0.05874808,0.94125192
DIA,3,0.07017503,0.92982497
DIA,3,0.13713748,0.86286252
DIA,3,0.05743658,0.94256342
DIA,3,0.05646903,0.94353097
DIA,3,0.07425723,0.92574277
DIA,3,0.11205945,0.88794055
DIA,3,0.05844277,0.94155723
DIA,3,0.05720377,0.94279623
DIA,3,0.06407885,0.93592115
DIA,3,0.08501784,0.91498216
DIA,3,0.17217131,0.82782869
DIA,3,0.05923309,0.94076691
DIA,3,0.11595563,0.88404437
DIA,3,0.05667421,0.94332579
DIA,3,0.06288736,0.93711264
DIA,3,0.06048968,0.93951032
DIA,3,0.07406138,0.92593862
DIA,3,0.08832401,0.91167599
DIA,3,0.05804825,0.94195175
DIA,3,0.07148620,0.92851380
DIA,3,0.11072208,0.88927792
DIA,3,0.19148199,0.80851801
DIA,3,0.60362892,0.39637108
DIA,3,0.06073507,0.93926493
DIA,3,0.07142736,0.92857264
DIA,3,0.13611391,0.86388609
DIA,3,0.57636833,0.42363167
DIA,3,0.06528391,0.93471609
DIA,3,0.09086072,0.90913928
DIA,3,0.09689434,0.90310566
DIA,3,0.06383533,0.93616467
DIA,3,0.17366204,0.82633796
DIA,3,0.14131852,0.85868148
DIA,3,0.08013969,0.91986031
DIA,3,0.05693321,0.94306679
DIA,3,0.17319544,0.82680456
DIA,3,0.06139891,0.93860109
DIA,3,0.05643503,0.94356497
DIA,3,0.06279438,0.93720562
DIA,3,0.11425744,0.88574256
DIA,3,0.05690059,0.94309941
DIA,3,0.13291303,0.86708697
DIA,3,0.07235070,0.92764930
DIA,3,0.13119307,0.86880693
DIA,3,0.10063859,0.89936141
DIA,3,0.20874897,0.79125103
DIA,3,0.06277711,0.93722289
DIA,3,0.05797793,0.94202207
DIA,3,0.06677195,0.93322805
DIA,3,0.05743222,0.94256778
DIA,3,0.06610803,0.93389197
DIA,3,0.08409755,0.91590245
DIA,3,0.05697074,0.94302926
DIA,3,0.08294046,0.91705954
DIA,3,0.08401757,0.91598243
DIA,3,0.05685735,0.94314265
DIA,3,0.10085640,0.89914360
DIA,3,0.05644550,0.94355450
DIA,3,0.05753629,0.94246371
DIA,3,0.05650033,0.94349967
DIA,3,0.05910181,0.94089819
DIA,3,0.05697057,0.94302943
DIA,3,0.05688876,0.94311124
DIA,3,0.05908658,0.94091342
DIA,3,0.05815495,0.94184505
DIA,3,0.05717485,0.94282515
DIA,3,0.06498392,0.93501608
DIA,3,0.05685540,0.94314460
DIA,3,0.05687664,0.94312336
DIA,3,0.05707490,0.94292510
DIA,3,0.32676892,0.67323108
DIA,3,0.20200676,0.79799324
DIA,3,0.05763367,0.94236633
DIA,3,0.14318892,0.85681108
DIA,3,0.05821694,0.94178306
DIA,3,0.11810591,0.88189409
DIA,3,0.05803474,0.94196526
DIA,3,0.08107982,0.91892018
DIA,3,0.10715609,0.89284391
DIA,3,0.05868626,0.94131374
DIA,3,0.24705445,0.75294555
DIA,3,0.09163105,0.90836895
DIA,3,0.05642860,0.94357140
DIA,3,0.06380410,0.93619590
DIA,3,0.08259117,0.91740883
DIA,3,0.05767818,0.94232182
DIA,3,0.07551383,0.92448617
DIA,3,0.07580161,0.92419839
DIA,3,0.06620110,0.93379890
DIA,3,0.07064003,0.92935997
DIA,3,0.05767831,0.94232169
DIA,3,0.06843481,0.93156519
DIA,3,0.05814178,0.94185822
DIA,3,0.06989262,0.93010738
DIA,3,0.08133242,0.91866758
DIA,3,0.07141548,0.92858452
DIA,3,0.05860980,0.94139020
DIA,3,0.07133446,0.92866554
DIA,3,0.05787756,0.94212244
DIA,3,0.09314957,0.90685043
DIA,3,0.07210395,0.92789605
DIA,3,0.05903214,0.94096786
DIA,3,0.08533072,0.91466928
DIA,3,0.05724408,0.94275592
DIA,3,0.09721920,0.90278080
DIA,3,0.08576546,0.91423454
DIA,3,0.05937470,0.94062530
DIA,3,0.14477166,0.85522834
DIA,3,0.05960491,0.94039509
DIA,3,0.05662774,0.94337226
DIA,3,0.05654660,0.94345340
DIA,3,0.05688445,0.94311555
DIA,3,0.06691215,0.93308785
DIA,3,0.09766865,0.90233135
DIA,3,0.05673993,0.94326007
DIA,3,0.06823626,0.93176374
DIA,3,0.07409189,0.92590811
DIA,3,0.06513517,0.93486483
DIA,3,0.07604485,0.92395515
DIA,3,0.05756352,0.94243648
DIA,3,0.05719199,0.94280801
DIA,3,0.20636127,0.79363873
DIA,3,0.07007281,0.92992719
DIA,3,0.06108714,0.93891286
DIA,3,0.08570125,0.91429875
DIA,3,0.05688679,0.94311321
DIA,3,0.09185813,0.90814187
DIA,3,0.07241855,0.92758145
DIA,3,0.05678998,0.94321002
DIA,3,0.09223061,0.90776939
DIA,3,0.08471646,0.91528354
DIA,3,0.09098625,0.90901375
DIA,3,0.13063118,0.86936882
DIA,3,0.06198537,0.93801463
DIA,3,0.05644048,0.94355952
DIA,3,0.05891007,0.94108993
DIA,3,0.05725006,0.94274994
DIA,3,0.05772998,0.94227002
DIA,3,0.08882483,0.91117517
DIA,3,0.05843520,0.94156480
DIA,3,0.06062761,0.93937239
DIA,3,0.10894722,0.89105278
DIA,3,0.18358723,0.81641277
DIA,3,0.06344968,0.93655032
DIA,3,0.05647752,0.94352248
DIA,3,0.06894552,0.93105448
DIA,3,0.05686816,0.94313184
DIA,3,0.06181856,0.93818144
DIA,3,0.05646410,0.94353590
DIA,3,0.08128834,0.91871166
DIA,3,0.07796970,0.92203030
DIA,3,0.07196400,0.92803600
DIA,3,0.16134394,0.83865606
DIA,3,0.16062529,0.83937471
DIA,3,0.08633876,0.91366124
DIA,3,0.32359112,0.67640888
DIA,3,0.05668203,0.94331797
DIA,3,0.06108042,0.93891958
DIA,3,0.15257685,0.84742315
DIA,3,0.32166243,0.67833757
DIA,3,0.06837353,0.93162647
DIA,3,0.06005444,0.93994556
DIA,3,0.07405805,0.92594195
DIA,3,0.06979847,0.93020153
DIA,3,0.05704815,0.94295185
DIA,3,0.06994500,0.93005500
DIA,3,0.06390686,0.93609314
DIA,3,0.05645480,0.94354520
DIA,3,0.10282321,0.89717679
DIA,3,0.06882086,0.93117914
DIA,3,0.05727729,0.94272271
DIA,3,0.05685407,0.94314593
DIA,3,0.05707144,0.94292856
DIA,3,0.06450115,0.93549885
DIA,3,0.06670527,0.93329473
DIA,3,0.07043570,0.92956430
DIA,3,0.06896985,0.93103015
DIA,3,0.06580078,0.93419922
DIA,3,0.05774234,0.94225766
DIA,3,0.06263540,0.93736460
DIA,3,0.05657217,0.94342783
DIA,3,0.08799104,0.91200896
DIA,3,0.10776332,0.89223668
DIA,3,0.05902656,0.94097344
DIA,3,0.06440791,0.93559209
DIA,3,0.05760081,0.94239919
DIA,3,0.06408688,0.93591312
DIA,3,0.07125620,0.92874380
DIA,3,0.05777697,0.94222303
DIA,3,0.05670444,0.94329556
DIA,3,0.06919673,0.93080327
DIA,3,0.07394318,0.92605682
DIA,3,0.05646441,0.94353559
DIA,3,0.05659304,0.94340696
DIA,3,0.06268978,0.93731022
DIA,3,0.06096851,0.93903149
DIA,3,0.05895909,0.94104091
DIA,3,0.07051433,0.92948567
DIA,3,0.05643529,0.94356471
DIA,3,0.11681774,0.88318226
DIA,3,0.05676871,0.94323129
DIA,3,0.05679339,0.94320661
DIA,3,0.07647597,0.92352403
DIA,3,0.15172491,0.84827509
DIA,3,0.06393321,0.93606679
DIA,3,0.05652481,0.94347519
DIA,3,0.08217775,0.91782225
DIA,3,0.07037464,0.92962536
DIA,3,0.05648469,0.94351531
DIA,3,0.06006308,0.93993692
DIA,3,0.08370411,0.91629589
DIA,3,0.05673375,0.94326625
DIA,3,0.07348792,0.92651208
DIA,3,0.06485325,0.93514675
DIA,3,0.05834124,0.94165876
DIA,3,0.58433229,0.41566771
DIA,3,0.05649979,0.94350021
DIA,3,0.05890247,0.94109753
DIA,3,0.05643148,0.94356852
DIA,3,0.10783073,0.89216927
DIA,3,0.11578689,0.88421311
DIA,3,0.05643012,0.94356988
DIA,3,0.06155467,0.93844533
DIA,3,0.09032249,0.90967751
DIA,3,0.10014477,0.89985523
DIA,3,0.07547046,0.92452954
DIA,3,0.05642999,0.94357001
DIA,3,0.06555342,0.93444658
DIA,3,0.11575120,0.88424880
DIA,3,0.06080326,0.93919674
DIA,3,0.06201667,0.93798333
DIA,3,0.05870314,0.94129686
DIA,3,0.16945743,0.83054257
DIA,3,0.06299033,0.93700967
DIA,3,0.07317467,0.92682533
DIA,3,0.05643394,0.94356606
DIA,3,0.06483379,0.93516621
DIA,3,0.07285719,0.92714281
DIA,3,0.07196189,0.92803811
DIA,3,0.05700370,0.94299630
DIA,3,0.06088196,0.93911804
DIA,3,0.10617858,0.89382142
DIA,3,0.06687407,0.93312593
DIA,3,0.05841343,0.94158657
DIA,3,0.05653818,0.94346182
DIA,3,0.07315046,0.92684954
DIA,3,0.05751039,0.94248961
DIA,3,0.05912247,0.94087753
DIA,3,0.06002130,0.93997870
DIA,3,0.10694708,0.89305292
DIA,3,0.05666331,0.94333669
DIA,3,0.08045683,0.91954317
DIA,3,0.07261563,0.92738437
DIA,3,0.06510393,0.93489607
DIA,3,0.05949906,0.94050094
DIA,3,0.05646788,0.94353212
DIA,3,0.06217983,0.93782017
DIA,3,0.08194642,0.91805358
DIA,3,0.06230450,0.93769550
DIA,3,0.05655487,0.94344513
DIA,3,0.05954297,0.94045703
DIA,3,0.10070945,0.89929055
DIA,3,0.06726464,0.93273536
DIA,3,0.07034648,0.92965352
DIA,3,0.06443639,0.93556361
DIA,3,0.06013282,0.93986718
DIA,3,0.07175397,0.92824603
DIA,3,0.06253303,0.93746697
DIA,3,0.05789657,0.94210343
DIA,3,0.10235467,0.89764533
DIA,3,0.05704602,0.94295398
DIA,3,0.06589916,0.93410084
DIA,3,0.06143667,0.93856333
DIA,3,0.05684867,0.94315133
DIA,3,0.07228895,0.92771105
DIA,3,0.39072907,0.60927093
DIA,3,0.05883338,0.94116662
DIA,3,0.07298441,0.92701559
DIA,3,0.05667149,0.94332851
DIA,3,0.05683233,0.94316767
DIA,3,0.06751083,0.93248917
DIA,3,0.07386064,0.92613936
DIA,3,0.06048744,0.93951256
DIA,3,0.05698106,0.94301894
DIA,3,0.05870780,0.94129220
DIA,3,0.07617807,0.92382193
DIA,3,0.05676885,0.94323115
DIA,3,0.06132469,0.93867531
DIA,3,0.17244961,0.82755039
DIA,3,0.05754239,0.94245761
DIA,3,0.06731729,0.93268271
DIA,3,0.05656229,0.94343771
DIA,3,0.17102075,0.82897925
DIA,3,0.15129896,0.84870104
DIA,3,0.06151949,0.93848051
DIA,3,0.05647947,0.94352053
DIA,3,0.53523186,0.46476814
DIA,3,0.09800288,0.90199712
DIA,3,0.05675664,0.94324336
DIA,3,0.05733163,0.94266837
DIA,3,0.05927894,0.94072106
DIA,3,0.05742422,0.94257578
DIA,3,0.09852464,0.90147536
DIA,3,0.07981333,0.92018667
DIA,3,0.33013518,0.66986482
DIA,3,0.06968563,0.93031437
DIA,3,0.10060757,0.89939243
DIA,3,0.05647244,0.94352756
DIA,3,0.46461540,0.53538460
DIA,3,0.07281971,0.92718029
DIA,3,0.08074036,0.91925964
DIA,3,0.05647305,0.94352695
DIA,3,0.06471389,0.93528611
DIA,3,0.11136492,0.88863508
DIA,3,0.10171018,0.89828982
DIA,3,0.11453336,0.88546664
DIA,3,0.54635465,0.45364535
DIA,3,0.05740223,0.94259777
DIA,3,0.07958829,0.92041171
DIA,3,0.05883421,0.94116579
DIA,3,0.11562234,0.88437766
DIA,3,0.06665943,0.93334057
DIA,3,0.06110552,0.93889448
DIA,3,0.06750761,0.93249239
DIA,3,0.12960228,0.87039772
DIA,3,0.06231304,0.93768696
DIA,3,0.61382071,0.38617929
DIA,3,0.05812155,0.94187845
DIA,3,0.07901263,0.92098737
DIA,3,0.07717740,0.92282260
DIA,3,0.07470078,0.92529922
DIA,3,0.15294022,0.84705978
DIA,3,0.05644857,0.94355143
DIA,3,0.06013886,0.93986114
DIA,3,0.13259146,0.86740854
DIA,3,0.34146772,0.65853228
DIA,3,0.14352288,0.85647712
DIA,3,0.05642832,0.94357168
DIA,3,0.06841046,0.93158954
DIA,3,0.61254102,0.38745898
DIA,3,0.07453881,0.92546119
DIA,3,0.07551196,0.92448804
DIA,3,0.33581170,0.66418830
DIA,3,0.07572904,0.92427096
DIA,3,0.05647088,0.94352912
DIA,3,0.05647212,0.94352788
DIA,3,0.13205500,0.86794500
DIA,3,0.05851169,0.94148831
DIA,3,0.07206206,0.92793794
DIA,3,0.07540912,0.92459088
DIA,3,0.06543310,0.93456690
DIA,3,0.05643766,0.94356234
DIA,3,0.05809140,0.94190860
DIA,3,0.06499136,0.93500864
DIA,3,0.10573282,0.89426718
DIA,3,0.06253340,0.93746660
DIA,3,0.06019110,0.93980890
DIA,3,0.05663050,0.94336950
DIA,3,0.16140304,0.83859696
DIA,3,0.11314965,0.88685035
DIA,3,0.05727539,0.94272461
DIA,3,0.06413550,0.93586450
DIA,3,0.06032036,0.93967964
DIA,3,0.05666226,0.94333774
DIA,3,0.06300699,0.93699301
DIA,3,0.05646754,0.94353246
DIA,3,0.05779552,0.94220448
DIA,3,0.07369753,0.92630247
DIA,3,0.05833594,0.94166406
DIA,3,0.05715123,0.94284877
DIA,3,0.05643295,0.94356705
DIA,3,0.08440098,0.91559902
DIA,3,0.05690103,0.94309897
DIA,3,0.07117150,0.92882850
DIA,3,0.08293220,0.91706780
DIA,3,0.06744629,0.93255371
DIA,3,0.05678143,0.94321857
DIA,3,0.10341208,0.89658792
DIA,3,0.06654094,0.93345906
DIA,3,0.05692998,0.94307002
DIA,3,0.05975206,0.94024794
DIA,3,0.05646486,0.94353514
DIA,3,0.05712167,0.94287833
DIA,3,0.07534408,0.92465592
DIA,3,0.07730642,0.92269358
DIA,3,0.05982543,0.94017457
DIA,3,0.07218557,0.92781443
DIA,3,0.09895033,0.90104967
DIA,3,0.05895220,0.94104780
DIA,3,0.05944742,0.94055258
DIA,3,0.06115689,0.93884311
DIA,3,0.05690188,0.94309812
DIA,3,0.06741727,0.93258273
DIA,3,0.13705204,0.86294796
DIA,3,0.05862543,0.94137457
DIA,3,0.05719659,0.94280341
DIA,3,0.05651825,0.94348175
DIA,3,0.05673364,0.94326636
DIA,3,0.05705770,0.94294230
DIA,3,0.09121611,0.90878389
DIA,3,0.05775040,0.94224960
DIA,3,0.05782174,0.94217826
DIA,3,0.05918082,0.94081918
DIA,3,0.06155099,0.93844901
DIA,3,0.05798264,0.94201736
DIA,3,0.05660458,0.94339542
DIA,3,0.11042174,0.88957826
DIA,3,0.05767075,0.94232925
DIA,3,0.05660571,0.94339429
DIA,3,0.05893384,0.94106616
DIA,3,0.07357527,0.92642473
DIA,3,0.05671904,0.94328096
DIA,3,0.05654553,0.94345447
DIA,3,0.06436392,0.93563608
DIA,3,0.05726279,0.94273721
DIA,3,0.05994003,0.94005997
DIA,3,0.11549779,0.88450221
DIA,3,0.06870659,0.93129341
DIA,3,0.05818462,0.94181538
DIA,3,0.07429880,0.92570120
DIA,3,0.05643272,0.94356728
DIA,3,0.05814197,0.94185803
DIA,3,0.08471178,0.91528822
DIA,3,0.06150422,0.93849578
DIA,3,0.06654909,0.93345091
DIA,3,0.06137975,0.93862025
DIA,3,0.05801388,0.94198612
DIA,3,0.05644649,0.94355351
DIA,3,0.05651667,0.94348333
DIA,3,0.06294000,0.93706000
DIA,3,0.20478474,0.79521526
DIA,3,0.05643790,0.94356210
DIA,3,0.08729864,0.91270136
DIA,3,0.05646936,0.94353064
DIA,3,0.05884368,0.94115632
DIA,3,0.08303975,0.91696025
DIA,3,0.06594329,0.93405671
DIA,3,0.05740289,0.94259711
DIA,3,0.05974521,0.94025479
DIA,3,0.05846123,0.94153877
DIA,3,0.05805611,0.94194389
DIA,3,0.05677771,0.94322229
DIA,3,0.05642938,0.94357062
DIA,3,0.09237030,0.90762970
DIA,3,0.06045625,0.93954375
DIA,3,0.05643901,0.94356099
DIA,3,0.05885394,0.94114606
DIA,3,0.05650417,0.94349583
DIA,3,0.06196754,0.93803246
DIA,3,0.07890188,0.92109812
DIA,3,0.06692397,0.93307603
DIA,3,0.10066918,0.89933082
DIA,3,0.05642818,0.94357182
DIA,3,0.06102128,0.93897872
DIA,3,0.05658747,0.94341253
DIA,3,0.05657413,0.94342587
DIA,3,0.07878710,0.92121290
DIA,3,0.05742635,0.94257365
DIA,3,0.05649379,0.94350621
DIA,3,0.05831551,0.94168449
DIA,3,0.07442281,0.92557719
DIA,3,0.06297048,0.93702952
DIA,3,0.05892633,0.94107367
DIA,3,0.05646832,0.94353168
DIA,3,0.05670512,0.94329488
DIA,3,0.05645920,0.94354080
DIA,3,0.08284401,0.91715599
DIA,3,0.06370829,0.93629171
DIA,3,0.08560852,0.91439148
DIA,3,0.10268160,0.89731840
DIA,3,0.05831742,0.94168258
DIA,3,0.05643870,0.94356130
DIA,3,0.05970028,0.94029972
DIA,3,0.09258861,0.90741139
DIA,3,0.06719304,0.93280696
DIA,3,0.05715174,0.94284826
DIA,3,0.05652269,0.94347731
DIA,3,0.05649371,0.94350629
DIA,3,0.05643133,0.94356867
DIA,3,0.05882330,0.94117670
DIA,3,0.06693845,0.93306155
DIA,3,0.05951819,0.94048181
DIA,3,0.09152596,0.90847404
DIA,3,0.08736161,0.91263839
DIA,3,0.05898801,0.94101199
DIA,3,0.05646478,0.94353522
DIA,3,0.05737146,0.94262854
DIA,3,0.06264319,0.93735681
DIA,3,0.06571027,0.93428973
DIA,3,0.06169136,0.93830864
DIA,3,0.05732681,0.94267319
DIA,3,0.99845844,0.00154156
DIA,3,0.05749913,0.94250087
DIA,3,0.05906054,0.94093946
DIA,3,0.11789110,0.88210890
DIA,3,0.07525267,0.92474733
DIA,3,0.17992492,0.82007508
DIA,3,0.05643306,0.94356694
DIA,3,0.07134884,0.92865116
DIA,3,0.05762194,0.94237806
DIA,3,0.06222654,0.93777346
DIA,3,0.59147481,0.40852519
DIA,3,0.06080875,0.93919125
DIA,3,0.05932780,0.94067220
DIA,3,0.06291454,0.93708546
DIA,3,0.10653868,0.89346132
DIA,3,0.07328746,0.92671254
DIA,3,0.20569722,0.79430278
DIA,3,0.05836145,0.94163855
DIA,3,0.05762230,0.94237770
DIA,3,0.05679938,0.94320062
DIA,3,0.07355334,0.92644666
DIA,3,0.09589432,0.90410568
DIA,3,0.06138272,0.93861728
DIA,3,0.05672446,0.94327554
DIA,3,0.05890442,0.94109558
DIA,3,0.12818086,0.87181914
DIA,3,0.05904934,0.94095066
DIA,3,0.05926373,0.94073627
DIA,3,0.05673545,0.94326455
DIA,3,0.05650595,0.94349405
DIA,3,0.08318690,0.91681310
DIA,3,0.06779548,0.93220452
DIA,3,0.06928315,0.93071685
DIA,3,0.10428321,0.89571679
DIA,3,0.06737376,0.93262624
DIA,3,0.05974030,0.94025970
DIA,3,0.05654215,0.94345785
DIA,3,0.16137925,0.83862075
DIA,3,0.05886383,0.94113617
DIA,3,0.05899305,0.94100695
DIA,3,0.13082459,0.86917541
DIA,3,0.05834037,0.94165963
DIA,3,0.05711954,0.94288046
DIA,3,0.06560593,0.93439407
DIA,3,0.06964915,0.93035085
DIA,3,0.07590291,0.92409709
DIA,3,0.05979361,0.94020639
DIA,3,0.05802505,0.94197495
DIA,3,0.06289873,0.93710127
DIA,3,0.05642823,0.94357177
DIA,3,0.06386639,0.93613361
DIA,3,0.13561732,0.86438268
DIA,3,0.08645938,0.91354062
DIA,3,0.05860396,0.94139604
DIA,3,0.06043969,0.93956031
DIA,3,0.09081631,0.90918369
DIA,3,0.05644258,0.94355742
DIA,3,0.07325786,0.92674214
DIA,3,0.05657464,0.94342536
DIA,3,0.05646679,0.94353321
DIA,3,0.05697733,0.94302267
DIA,3,0.07697115,0.92302885
DIA,3,0.06554862,0.93445138
DIA,3,0.05736386,0.94263614
DIA,3,0.09617338,0.90382662
DIA,3,0.05645365,0.94354635
DIA,3,0.06029541,0.93970459
DIA,3,0.05670012,0.94329988
DIA,3,0.07367957,0.92632043
DIA,3,0.12184850,0.87815150
DIA,3,0.31211592,0.68788408
DIA,3,0.13207775,0.86792225
DIA,3,0.05694949,0.94305051
DIA,3,0.11380916,0.88619084
DIA,3,0.19807973,0.80192027
DIA,3,0.07761095,0.92238905
DIA,3,0.08053730,0.91946270
DIA,3,0.05746383,0.94253617
DIA,3,0.05735499,0.94264501
DIA,3,0.13276102,0.86723898
DIA,3,0.06141851,0.93858149
DIA,3,0.21044122,0.78955878
DIA,3,0.05766976,0.94233024
DIA,3,0.05701287,0.94298713
DIA,3,0.08002913,0.91997087
DIA,3,0.05643819,0.94356181
DIA,3,0.05691211,0.94308789
DIA,3,0.10852974,0.89147026
DIA,3,0.06335741,0.93664259
DIA,3,0.05658068,0.94341932
DIA,3,0.06120895,0.93879105
DIA,3,0.06069819,0.93930181
DIA,3,0.13303710,0.86696290
DIA,3,0.06697588,0.93302412
DIA,3,0.70470391,0.29529609
DIA,3,0.06873309,0.93126691
DIA,3,0.06159077,0.93840923
DIA,3,0.05753950,0.94246050
DIA,3,0.06285424,0.93714576
DIA,3,0.07159465,0.92840535
DIA,3,0.12454558,0.87545442
DIA,3,0.07308557,0.92691443
DIA,3,0.32306767,0.67693233
DIA,3,0.06269029,0.93730971
DIA,3,0.79506574,0.20493426
DIA,3,0.41593742,0.58406258
DIA,3,0.07235700,0.92764300
DIA,3,0.12498261,0.87501739
DIA,3,0.12970937,0.87029063
DIA,3,0.09683883,0.90316117
DIA,3,0.65219693,0.34780307
DIA,3,0.59612157,0.40387843
DIA,3,0.06537380,0.93462620
DIA,3,0.15514011,0.84485989
DIA,3,0.97452667,0.02547333
DIA,3,0.06711363,0.93288637
DIA,3,0.05653145,0.94346855
DIA,3,0.30943912,0.69056088
DIA,3,0.24060157,0.75939843
DIA,3,0.05873871,0.94126129
DIA,3,0.46542726,0.53457274
DIA,3,0.06741994,0.93258006
DIA,3,0.05832628,0.94167372
DIA,3,0.13363705,0.86636295
DIA,3,0.05675765,0.94324235
DIA,3,0.13441554,0.86558446
DIA,3,0.06187863,0.93812137
DIA,3,0.73863552,0.26136448
DIA,3,0.39206950,0.60793050
DIA,3,0.05865070,0.94134930
DIA,3,0.10145580,0.89854420
DIA,3,0.08590765,0.91409235
DIA,3,0.12255140,0.87744860
DIA,3,0.06170937,0.93829063
DIA,3,0.50704639,0.49295361
DIA,3,0.05648926,0.94351074
DIA,3,0.22068373,0.77931627
DIA,3,0.05642818,0.94357182
DIA,3,0.11760382,0.88239618
DIA,3,0.05827628,0.94172372
DIA,3,0.05997676,0.94002324
DIA,3,0.89229005,0.10770995
DIA,3,0.08736921,0.91263079
DIA,3,0.06074830,0.93925170
DIA,3,0.06175876,0.93824124
DIA,3,0.06449722,0.93550278
DIA,3,0.05694480,0.94305520
DIA,3,0.08482048,0.91517952
DIA,3,0.06087298,0.93912702
DIA,3,0.05691764,0.94308236
DIA,3,0.21433491,0.78566509
DIA,3,0.05779236,0.94220764
DIA,3,0.07375873,0.92624127
DIA,3,0.05643361,0.94356639
DIA,3,0.07890999,0.92109001
DIA,3,0.05687707,0.94312293
DIA,3,0.09703499,0.90296501
DIA,3,0.07081683,0.92918317
DIA,3,0.06856215,0.93143785
DIA,3,0.06910460,0.93089540
DIA,3,0.08413173,0.91586827
DIA,3,0.07287039,0.92712961
DIA,3,0.05807830,0.94192170
DIA,3,0.05647345,0.94352655
DIA,3,0.95652312,0.04347688
DIA,3,0.05699462,0.94300538
DIA,3,0.09560493,0.90439507
DIA,3,0.05669145,0.94330855
DIA,3,0.05646190,0.94353810
DIA,3,0.11557246,0.88442754
DIA,3,0.07068157,0.92931843
DIA,3,0.06983546,0.93016454
DIA,3,0.11014519,0.88985481
DIA,3,0.92904168,0.07095832
DIA,3,0.05643464,0.94356536
DIA,3,0.06275834,0.93724166
DIA,3,0.09808311,0.90191689
DIA,3,0.94237546,0.05762454
DIA,3,0.06701863,0.93298137
DIA,3,0.41054676,0.58945324
DIA,3,0.07095306,0.92904694
DIA,3,0.87320889,0.12679111
DIA,3,0.06246113,0.93753887
DIA,3,0.11401329,0.88598671
DIA,3,0.06451379,0.93548621
DIA,3,0.34556249,0.65443751
DIA,3,0.05965046,0.94034954
DIA,3,0.33428574,0.66571426
DIA,3,0.19035187,0.80964813
DIA,3,0.41562240,0.58437760
DIA,3,0.29334848,0.70665152
DIA,3,0.95165539,0.04834461
DIA,3,0.06336275,0.93663725
DIA,3,0.06602365,0.93397635
DIA,3,0.06425473,0.93574527
DIA,3,0.07024368,0.92975632
DIA,3,0.24279302,0.75720698
DIA,3,0.23847362,0.76152638
DIA,3,0.05743192,0.94256808
DIA,3,0.08533466,0.91466534
DIA,3,0.70576213,0.29423787
DIA,3,0.05714420,0.94285580
DIA,3,0.06197190,0.93802810
DIA,3,0.18915399,0.81084601
DIA,3,0.23730493,0.76269507
DIA,3,0.06334220,0.93665780
DIA,3,0.05729573,0.94270427
DIA,3,0.06006161,0.93993839
DIA,3,0.30612463,0.69387537
DIA,3,0.09960024,0.90039976
DIA,3,0.05664207,0.94335793
DIA,3,0.24764648,0.75235352
DIA,3,0.05667878,0.94332122
DIA,3,0.08729246,0.91270754
DIA,3,0.41487787,0.58512213
DIA,3,0.05649810,0.94350190
DIA,3,0.59524029,0.40475971
DIA,3,0.05659806,0.94340194
DIA,3,0.50813082,0.49186918
DIA,3,0.12272932,0.87727068
DIA,3,0.12270818,0.87729182
DIA,3,0.50224366,0.49775634
DIA,3,0.16036688,0.83963312
DIA,3,0.68451641,0.31548359
DIA,3,0.06586666,0.93413334
DIA,3,0.91992272,0.08007728
DIA,3,0.08076457,0.91923543
DIA,3,0.13999908,0.86000092
DIA,3,0.87270774,0.12729226
DIA,3,0.13668294,0.86331706
DIA,3,0.19985075,0.80014925
DIA,3,0.19599420,0.80400580
DIA,3,0.10282611,0.89717389
DIA,3,0.05875556,0.94124444
DIA,3,0.34201633,0.65798367
DIA,3,0.09936127,0.90063873
DIA,3,0.09099036,0.90900964
DIA,3,0.99245727,0.00754273
DIA,3,0.08992462,0.91007538
DIA,3,0.06197831,0.93802169
DIA,3,0.06736490,0.93263510
DIA,3,0.06529509,0.93470491
DIA,3,0.14418627,0.85581373
DIA,3,0.29069556,0.70930444
DIA,3,0.19172472,0.80827528
DIA,3,0.06227661,0.93772339
DIA,3,0.05703786,0.94296214
DIA,3,0.08493256,0.91506744
DIA,3,0.13869677,0.86130323
DIA,3,0.08133450,0.91866550
DIA,3,0.31726205,0.68273795
DIA,3,0.12747432,0.87252568
DIA,3,0.05731988,0.94268012
DIA,3,0.10339564,0.89660436
DIA,3,0.94539285,0.05460715
DIA,3,0.05970825,0.94029175
DIA,3,0.06260956,0.93739044
DIA,3,0.06123306,0.93876694
DIA,3,0.41986437,0.58013563
DIA,3,0.21894537,0.78105463
DIA,3,0.23210368,0.76789632
DIA,3,0.99875505,0.00124495
DIA,3,0.05677250,0.94322750
DIA,3,0.05968140,0.94031860
DIA,3,0.34025901,0.65974099
DIA,3,0.05652498,0.94347502
DIA,3,0.99916467,0.00083533
DIA,3,0.69337169,0.30662831
DIA,3,0.57175426,0.42824574
DIA,3,0.36518264,0.63481736
DIA,3,0.05643369,0.94356631
DIA,3,0.10529938,0.89470062
DIA,3,0.13060568,0.86939432
DIA,3,0.08996423,0.91003577
DIA,3,0.06137444,0.93862556
DIA,3,0.99605349,0.00394651
DIA,3,0.05684478,0.94315522
DIA,3,0.05688489,0.94311511
DIA,3,0.05732670,0.94267330
DIA,3,0.05643877,0.94356123
DIA,3,0.06009590,0.93990410
DIA,3,0.06446141,0.93553859
DIA,3,0.06402961,0.93597039
DIA,3,0.63582148,0.36417852
DIA,3,0.06226675,0.93773325
DIA,3,0.06706604,0.93293396
DIA,3,0.70251032,0.29748968
DIA,3,0.05785883,0.94214117
DIA,3,0.45939261,0.54060739
DIA,3,0.05656950,0.94343050
DIA,3,0.09632834,0.90367166
DIA,3,0.05941313,0.94058687
DIA,3,0.08213434,0.91786566
DIA,3,0.06364502,0.93635498
DIA,3,0.05719260,0.94280740
DIA,3,0.06132782,0.93867218
DIA,3,0.05706155,0.94293845
DIA,3,0.25948740,0.74051260
DIA,3,0.06808571,0.93191429
DIA,3,0.07820641,0.92179359
DIA,3,0.06135219,0.93864781
DIA,3,0.31275511,0.68724489
DIA,3,0.06001966,0.93998034
DIA,3,0.10624589,0.89375411
DIA,3,0.11210859,0.88789141
DIA,3,0.05952486,0.94047514
DIA,3,0.06808030,0.93191970
DIA,3,0.08820535,0.91179465
DIA,3,0.05644053,0.94355947
DIA,3,0.06080901,0.93919099
DIA,3,0.28794078,0.71205922
DIA,3,0.55254134,0.44745866
DIA,3,0.05651912,0.94348088
DIA,3,0.14764231,0.85235769
DIA,3,0.06677355,0.93322645
DIA,3,0.06418887,0.93581113
DIA,3,0.06606972,0.93393028
DIA,3,0.05647494,0.94352506
DIA,3,0.13491195,0.86508805
DIA,3,0.10468177,0.89531823
DIA,3,0.05764034,0.94235966
DIA,3,0.40162949,0.59837051
DIA,3,0.99169204,0.00830796
DIA,3,0.06093975,0.93906025
DIA,3,0.05699850,0.94300150
DIA,3,0.36865928,0.63134072
DIA,3,0.06155016,0.93844984
DIA,3,0.22973514,0.77026486
DIA,3,0.05801004,0.94198996
DIA,3,0.10735322,0.89264678
DIA,3,0.15551770,0.84448230
DIA,3,0.05814241,0.94185759
DIA,3,0.47453227,0.52546773
DIA,3,0.05737900,0.94262100
DIA,3,0.06042091,0.93957909
DIA,3,0.05645795,0.94354205
DIA,3,0.99331035,0.00668965
DIA,3,0.16094024,0.83905976
DIA,3,0.05651613,0.94348387
DIA,3,0.06075721,0.93924279
DIA,3,0.25130851,0.74869149
DIA,3,0.06997816,0.93002184
DIA,3,0.06603303,0.93396697
DIA,3,0.19949674,0.80050326
DIA,3,0.61516421,0.38483579
DIA,3,0.07186774,0.92813226
DIA,3,0.13948633,0.86051367
DIA,3,0.06791644,0.93208356
DIA,3,0.10172699,0.89827301
DIA,3,0.88742846,0.11257154
DIA,3,0.64655849,0.35344151
DIA,3,0.07379421,0.92620579
DIA,3,0.05895626,0.94104374
DIA,3,0.14821621,0.85178379
DIA,3,0.06207004,0.93792996
DIA,3,0.89106188,0.10893812
DIA,3,0.05644950,0.94355050
DIA,3,0.70546072,0.29453928
DIA,3,0.76977890,0.23022110
DIA,3,0.47439049,0.52560951
DIA,3,0.35788850,0.64211150
DIA,3,0.07588243,0.92411757
DIA,3,0.06473223,0.93526777
DIA,3,0.98237465,0.01762535
DIA,3,0.07364001,0.92635999
DIA,3,0.55325962,0.44674038
DIA,3,0.88843783,0.11156217
DIA,3,0.07600259,0.92399741
DIA,3,0.15078001,0.84921999
DIA,3,0.13161823,0.86838177
DIA,3,0.07714031,0.92285969
DIA,3,0.06580912,0.93419088
DIA,3,0.28842707,0.71157293
DIA,3,0.18757563,0.81242437
DIA,3,0.06896196,0.93103804
DIA,3,0.05775921,0.94224079
DIA,3,0.41614806,0.58385194
DIA,3,0.59124229,0.40875771
DIA,3,0.05658362,0.94341638
DIA,3,0.09103147,0.90896853
DIA,3,0.54884470,0.45115530
DIA,3,0.20258726,0.79741274
DIA,3,0.06246037,0.93753963
DIA,3,0.05693422,0.94306578
DIA,3,0.99070490,0.00929510
DIA,3,0.05651646,0.94348354
DIA,3,0.93407004,0.06592996
DIA,3,0.78493615,0.21506385
DIA,3,0.05722285,0.94277715
DIA,3,0.25904017,0.74095983
DIA,3,0.05647813,0.94352187
DIA,3,0.99999925,0.00000075
DIA,3,0.10547744,0.89452256
DIA,3,0.99997620,0.00002380
DIA,3,0.99924733,0.00075267
DIA,3,0.99961054,0.00038946
DIA,3,0.99151518,0.00848482
DIA,3,0.44849493,0.55150507
DIA,3,0.06429000,0.93571000
DIA,3,0.46771364,0.53228636
DIA,3,0.17861319,0.82138681
DIA,3,1.00000000,0.00000000
DIA,3,0.99996186,0.00003814
DIA,3,0.05804649,0.94195351
DIA,3,0.99701967,0.00298033
DIA,3,0.47441894,0.52558106
DIA,3,0.99986424,0.00013576
DIA,3,1.00000000,0.00000000
DIA,3,0.88982122,0.11017878
DIA,3,1.00000000,0.00000000
DIA,3,0.68719422,0.31280578
DIA,3,1.00000000,0.00000000
DIA,3,0.05684244,0.94315756
DIA,3,1.00000000,0.00000000
DIA,3,0.99990516,0.00009484
DIA,3,0.12733112,0.87266888
DIA,3,0.99999908,0.00000092
DIA,3,0.75809456,0.24190544
DIA,3,1.00000000,0.00000000
DIA,3,0.27069675,0.72930325
DIA,3,0.99921058,0.00078942
DIA,3,0.96315600,0.03684400
DIA,3,1.00000000,0.00000000
DIA,3,0.05655016,0.94344984
DIA,3,0.64396330,0.35603670
DIA,3,0.36662059,0.63337941
DIA,3,0.05668973,0.94331027
DIA,3,0.99651955,0.00348045
DIA,3,0.99999997,0.00000003
DIA,3,1.00000000,0.00000000
DIA,3,0.86685068,0.13314932
DIA,3,0.07145126,0.92854874
DIA,3,0.65302990,0.34697010
DIA,3,0.99999999,0.00000001
DIA,3,1.00000000,0.00000000
DIA,3,0.99844041,0.00155959
DIA,3,0.98786337,0.01213663
DIA,3,0.30177567,0.69822433
DIA,3,0.99999999,0.00000001
DIA,3,1.00000000,0.00000000
DIA,3,1.00000000,0.00000000
DIA,3,1.00000000,0.00000000
DIA,3,0.09897524,0.90102476
DIA,3,0.98083239,0.01916761
DIA,3,0.21896174,0.78103826
DIA,3,1.00000000,0.00000000
DIA,3,0.93588298,0.06411702
DIA,3,0.82059429,0.17940571
DIA,3,0.83450763,0.16549237
DIA,3,0.97636356,0.02363644
DIA,3,0.99969783,0.00030217
DIA,3,0.89829491,0.10170509
DIA,3,0.07151818,0.92848182
DIA,3,0.77910785,0.22089215
DIA,3,0.07344441,0.92655559
DIA,3,0.08228746,0.91771254
DIA,3,0.99998014,0.00001986
DIA,3,0.09120470,0.90879530
DIA,3,0.94199377,0.05800623
DIA,3,0.07046402,0.92953598
DIA,3,0.08315526,0.91684474
DIA,3,0.17018915,0.82981085
DIA,3,0.06772777,0.93227223
DIA,3,0.07499923,0.92500077
DIA,3,0.06105382,0.93894618
DIA,3,0.70632275,0.29367725
DIA,3,0.23609357,0.76390643
DIA,3,0.99031343,0.00968657
DIA,3,0.08114912,0.91885088
DIA,3,0.07501325,0.92498675
DIA,3,0.96446044,0.03553956
DIA,3,0.07019592,0.92980408
DIA,3,0.38129062,0.61870938
DIA,3,0.32083063,0.67916937
DIA,3,0.06459494,0.93540506
DIA,3,0.98997409,0.01002591
DIA,3,0.05673756,0.94326244
DIA,3,0.09784675,0.90215325
DIA,3,0.99996988,0.00003012
DIA,3,0.99438241,0.00561759
DIA,3,0.12162626,0.87837374
DIA,3,0.07714396,0.92285604
DIA,3,0.06410816,0.93589184
DIA,3,0.08876706,0.91123294
DIA,3,0.90826961,0.09173039
DIA,3,0.92620038,0.07379962
DIA,3,0.66923070,0.33076930
DIA,3,0.11513665,0.88486335
DIA,3,0.40904948,0.59095052
DIA,3,0.21556040,0.78443960
DIA,3,0.16641286,0.83358714
DIA,3,0.96967744,0.03032256
DIA,3,0.05697105,0.94302895
DIA,3,0.99999986,0.00000014
DIA,3,0.05886961,0.94113039
DIA,3,0.05646640,0.94353360
DIA,3,0.12319875,0.87680125
DIA,3,0.99995913,0.00004087
DIA,3,0.05986888,0.94013112
DIA,3,0.15905688,0.84094312
DIA,3,0.24120632,0.75879368
DIA,3,0.99956291,0.00043709
DIA,3,0.98965285,0.01034715
DIA,3,0.09383458,0.90616542
DIA,3,0.19297888,0.80702112
DIA,3,0.46135649,0.53864351
DIA,3,0.99999879,0.00000121
DIA,3,0.10429256,0.89570744
DIA,3,0.74550184,0.25449816
DIA,3,0.99996163,0.00003837
DIA,3,0.05744622,0.94255378
DIA,3,0.16024203,0.83975797
DIA,3,1.00000000,0.00000000
DIA,3,0.06931595,0.93068405
DIA,3,0.99886104,0.00113896
DIA,3,0.11807378,0.88192622
DIA,3,0.05649101,0.94350899
DIA,3,0.87988997,0.12011003
DIA,3,0.23855900,0.76144100
DIA,3,0.12986191,0.87013809
DIA,3,0.44981941,0.55018059
DIA,3,1.00000000,0.00000000
DIA,3,0.11187919,0.88812081
DIA,3,0.12953203,0.87046797
DIA,3,0.81321992,0.18678008
DIA,3,0.39176033,0.60823967
DIA,3,0.99926744,0.00073256
DIA,3,0.09933916,0.90066084
DIA,3,0.69169692,0.30830308
DIA,3,0.98659899,0.01340101
DIA,3,0.08315898,0.91684102
DIA,3,0.06830678,0.93169322
DIA,3,0.88479221,0.11520779
DIA,3,0.06434458,0.93565542
DIA,3,0.99533951,0.00466049
DIA,3,0.05652400,0.94347600
DIA,3,0.43134225,0.56865775
DIA,3,0.16658790,0.83341210
DIA,3,0.19491858,0.80508142
DIA,3,0.05788974,0.94211026
DIA,3,0.99968423,0.00031577
DIA,3,0.19806581,0.80193419
DIA,3,0.10628081,0.89371919
DIA,3,0.09533895,0.90466105
DIA,3,0.30239665,0.69760335
DIA,3,0.06890489,0.93109511
DIA,3,0.05755872,0.94244128
DIA,3,0.66856919,0.33143081
DIA,3,0.05649820,0.94350180
DIA,3,0.06970223,0.93029777
DIA,3,0.94197468,0.05802532
DIA,3,0.05644839,0.94355161
DIA,3,0.15877443,0.84122557
DIA,3,0.14643114,0.85356886
DIA,3,0.49573278,0.50426722
DIA,3,0.38251251,0.61748749
DIA,3,0.06615908,0.93384092
DIA,3,0.73952858,0.26047142
DIA,3,0.06353547,0.93646453
DIA,3,0.08332735,0.91667265
DIA,3,0.96988835,0.03011165
DIA,3,0.05703830,0.94296170
DIA,3,0.07808363,0.92191637
DIA,3,0.34594379,0.65405621
DIA,3,0.06061424,0.93938576
DIA,3,0.84205177,0.15794823
DIA,3,0.51346838,0.48653162
DIA,3,0.13390709,0.86609291
DIA,3,0.17203255,0.82796745
DIA,3,0.95646201,0.04353799
DIA,3,0.06485761,0.93514239
DIA,3,0.08635355,0.91364645
DIA,3,0.08999099,0.91000901
DIA,3,0.05852564,0.94147436
DIA,3,0.05647447,0.94352553
DIA,3,0.05644791,0.94355209
DIA,3,0.05989754,0.94010246
DIA,3,0.06178311,0.93821689
DIA,3,0.06214965,0.93785035
DIA,3,0.71019243,0.28980757
DIA,3,0.24630118,0.75369882
DIA,3,0.05807400,0.94192600
DIA,3,0.08169007,0.91830993
DIA,3,0.05706999,0.94293001
DIA,3,0.87099906,0.12900094
DIA,3,0.06361273,0.93638727
DIA,3,0.06025526,0.93974474
DIA,3,0.65840095,0.34159905
DIA,3,0.05883877,0.94116123
DIA,3,0.12745688,0.87254312
DIA,3,0.10404432,0.89595568
DIA,3,0.07421088,0.92578912
DIA,3,0.94355858,0.05644142
DIA,3,0.06108993,0.93891007
DIA,3,0.55281379,0.44718621
DIA,3,0.05649595,0.94350405
DIA,3,0.05664586,0.94335414
DIA,3,0.06513978,0.93486022
DIA,3,0.77037336,0.22962664
DIA,3,0.06940806,0.93059194
DIA,3,0.99245378,0.00754622
DIA,3,0.20671650,0.79328350
DIA,3,0.06622396,0.93377604
DIA,3,0.16214327,0.83785673
DIA,3,0.09821927,0.90178073
DIA,3,0.06141794,0.93858206
DIA,3,0.66045046,0.33954954
DIA,3,0.06514004,0.93485996
DIA,3,0.05805340,0.94194660
DIA,3,0.05718297,0.94281703
DIA,3,0.06048084,0.93951916
DIA,3,0.10370259,0.89629741
DIA,3,0.05955975,0.94044025
DIA,3,0.18215628,0.81784372
DIA,3,0.06633948,0.93366052
DIA,3,0.06364888,0.93635112
DIA,3,0.06080604,0.93919396
DIA,3,0.16344054,0.83655946
DIA,3,0.05901309,0.94098691
DIA,3,0.13243230,0.86756770
DIA,3,0.16353390,0.83646610
DIA,3,0.06841290,0.93158710
DIA,3,0.09009925,0.90990075
DIA,3,0.68936089,0.31063911
DIA,3,0.08516807,0.91483193
DIA,3,0.08614099,0.91385901
DIA,3,0.09538872,0.90461128
DIA,3,0.39995759,0.60004241
DIA,3,0.05764369,0.94235631
DIA,3,0.06085162,0.93914838
DIA,3,0.05657868,0.94342132
DIA,3,0.06354473,0.93645527
DIA,3,0.06210354,0.93789646
DIA,3,0.07040742,0.92959258
DIA,3,0.63294432,0.36705568
DIA,3,0.06749560,0.93250440
DIA,3,0.07928624,0.92071376
DIA,3,0.13951618,0.86048382
DIA,3,0.08039963,0.91960037
DIA,3,0.07232972,0.92767028
DIA,3,0.10078508,0.89921492
DIA,3,0.05764036,0.94235964
DIA,3,0.05820183,0.94179817
DIA,3,0.07440764,0.92559236
DIA,3,0.15406615,0.84593385
DIA,3,0.05643236,0.94356764
DIA,3,0.06236022,0.93763978
DIA,3,0.06385476,0.93614524
DIA,3,0.06774877,0.93225123
DIA,3,0.09102175,0.90897825
DIA,3,0.06785000,0.93215000
DIA,3,0.06715286,0.93284714
DIA,3,0.17739887,0.82260113
DIA,3,0.06293300,0.93706700
DIA,3,0.06188377,0.93811623
DIA,3,0.72788642,0.27211358
DIA,3,0.06377325,0.93622675
DIA,3,0.15337408,0.84662592
DIA,3,0.26322642,0.73677358
DIA,3,0.05655788,0.94344212
DIA,3,0.07549364,0.92450636
DIA,3,0.09627069,0.90372931
DIA,3,0.05988175,0.94011825
DIA,3,0.05725516,0.94274484
DIA,3,0.24789823,0.75210177
DIA,3,0.07361688,0.92638312
DIA,3,0.07658561,0.92341439
DIA,3,0.10354990,0.89645010
DIA,3,0.06503852,0.93496148
DIA,3,0.11321480,0.88678520
DIA,3,0.17400756,0.82599244
DIA,3,0.11605816,0.88394184
DIA,3,0.14734736,0.85265264
DIA,3,0.05653374,0.94346626
DIA,3,0.16304164,0.83695836
DIA,3,0.56720834,0.43279166
DIA,3,0.86214066,0.13785934
DIA,3,0.07354128,0.92645872
DIA,3,0.05714835,0.94285165
DIA,3,0.06085008,0.93914992
DIA,3,0.67823548,0.32176452
DIA,3,0.06186610,0.93813390
DIA,3,0.63500114,0.36499886
DIA,3,0.06192168,0.93807832
DIA,3,0.06578730,0.93421270
DIA,3,0.10371176,0.89628824
DIA,3,0.07710613,0.92289387
DIA,3,0.22197616,0.77802384
DIA,3,0.06414722,0.93585278
DIA,3,0.05677130,0.94322870
DIA,3,0.10770143,0.89229857
DIA,3,0.05848364,0.94151636
DIA,3,0.18409616,0.81590384
DIA,3,0.05655525,0.94344475
DIA,3,0.05998511,0.94001489
DIA,3,0.26332606,0.73667394
DIA,3,0.05853557,0.94146443
DIA,3,0.17659880,0.82340120
DIA,3,0.05664666,0.94335334
DIA,3,0.09780581,0.90219419
DIA,3,0.05732746,0.94267254
DIA,3,0.05647133,0.94352867
DIA,3,0.12019903,0.87980097
DIA,3,0.06433178,0.93566822
DIA,3,0.08260311,0.91739689
DIA,3,0.08139841,0.91860159
DIA,3,0.06139338,0.93860662
DIA,3,0.06601555,0.93398445
DIA,3,0.05738679,0.94261321
DIA,3,0.19127397,0.80872603
DIA,3,0.05685360,0.94314640
DIA,3,0.09666426,0.90333574
DIA,3,0.07207072,0.92792928
DIA,3,0.05654938,0.94345062
DIA,3,0.06880987,0.93119013
DIA,3,0.06036780,0.93963220
DIA,3,0.05642919,0.94357081
DIA,3,0.05645422,0.94354578
DIA,3,0.15065161,0.84934839
DIA,3,0.22744773,0.77255227
DIA,3,0.05643193,0.94356807
DIA,3,0.05643649,0.94356351
DIA,3,0.06063364,0.93936636
DIA,3,0.05721324,0.94278676
DIA,3,0.06551124,0.93448876
DIA,3,0.06085961,0.93914039
DIA,3,0.06709853,0.93290147
DIA,3,0.06100185,0.93899815
DIA,3,0.10754467,0.89245533
DIA,3,0.12078813,0.87921187
DIA,3,0.13109802,0.86890198
DIA,3,0.70908179,0.29091821
DIA,3,0.81535768,0.18464232
DIA,3,0.05664727,0.94335273
DIA,3,0.05643210,0.94356790
DIA,3,0.06480452,0.93519548
DIA,3,0.14067290,0.85932710
DIA,3,0.07586411,0.92413589
DIA,3,0.14449650,0.85550350
DIA,3,0.16160798,0.83839202
DIA,3,0.05761378,0.94238622
DIA,3,0.95682360,0.04317640
DIA,3,0.05711061,0.94288939
DIA,3,0.12570462,0.87429538
DIA,3,0.24780526,0.75219474
DIA,3,0.05669827,0.94330173
DIA,3,0.12710772,0.87289228
DIA,3,0.06273747,0.93726253
DIA,3,0.34901145,0.65098855
DIA,3,0.06968798,0.93031202
DIA,3,0.09702278,0.90297722
DIA,3,0.05736183,0.94263817
DIA,3,0.05784056,0.94215944
DIA,3,0.11971717,0.88028283
DIA,3,0.09291701,0.90708299
DIA,3,0.06550655,0.93449345
DIA,3,0.05642939,0.94357061
DIA,3,0.08735795,0.91264205
DIA,3,0.05676009,0.94323991
DIA,3,0.05676630,0.94323370
DIA,3,0.06565239,0.93434761
DIA,3,0.16378150,0.83621850
DIA,3,0.05647856,0.94352144
DIA,3,0.05685058,0.94314942
DIA,3,0.05646516,0.94353484
DIA,3,0.06484249,0.93515751
DIA,3,0.05748869,0.94251131
DIA,3,0.05776848,0.94223152
DIA,3,0.06475753,0.93524247
DIA,3,0.06734914,0.93265086
DIA,3,0.06638973,0.93361027
DIA,3,0.06092027,0.93907973
DIA,3,0.06297777,0.93702223
DIA,3,0.11676313,0.88323687
DIA,3,0.06407469,0.93592531
DIA,3,0.05642872,0.94357128
DIA,3,0.05672251,0.94327749
DIA,3,0.06506961,0.93493039
DIA,3,0.05729524,0.94270476
DIA,3,0.06642228,0.93357772
DIA,3,0.07486354,0.92513646
DIA,3,0.06729693,0.93270307
DIA,3,0.05642942,0.94357058
DIA,3,0.07972847,0.92027153
DIA,3,0.05846348,0.94153652
DIA,3,0.07921595,0.92078405
DIA,3,0.05723985,0.94276015
DIA,3,0.05713319,0.94286681
DIA,3,0.11061116,0.88938884
DIA,3,0.05969133,0.94030867
DIA,3,0.14449039,0.85550961
DIA,3,0.07213698,0.92786302
DIA,3,0.05994449,0.94005551
DIA,3,0.05684136,0.94315864
DIA,3,0.05674783,0.94325217
DIA,3,0.07675741,0.92324259
DIA,3,0.05657386,0.94342614
DIA,3,0.55594481,0.44405519
DIA,3,0.06114911,0.93885089
DIA,3,0.14864631,0.85135369
DIA,3,0.20396424,0.79603576
DIA,3,0.15643684,0.84356316
DIA,3,0.57144122,0.42855878
DIA,3,0.08292495,0.91707505
DIA,3,0.99783793,0.00216207
DIA,3,0.32489209,0.67510791
DIA,3,0.99981662,0.00018338
DIA,3,0.05642938,0.94357062
DIA,3,0.21305297,0.78694703
DIA,3,0.11428401,0.88571599
DIA,3,0.33418487,0.66581513
DIA,3,0.05671382,0.94328618
DIA,3,0.13420951,0.86579049
DIA,3,0.08346426,0.91653574
DIA,3,0.99981826,0.00018174
DIA,3,0.11100246,0.88899754
DIA,3,0.14970684,0.85029316
DIA,3,0.06064006,0.93935994
DIA,3,0.08392979,0.91607021
DIA,3,0.97042144,0.02957856
DIA,3,0.11456963,0.88543037
DIA,3,0.16736733,0.83263267
DIA,3,0.70487097,0.29512903
DIA,3,0.05918117,0.94081883
DIA,3,0.99627978,0.00372022
DIA,3,0.25222549,0.74777451
DIA,3,0.15250307,0.84749693
DIA,3,0.06010050,0.93989950
DIA,3,0.96027063,0.03972937
DIA,3,0.07401171,0.92598829
DIA,3,0.05764130,0.94235870
DIA,3,0.65057429,0.34942571
DIA,3,0.05845239,0.94154761
DIA,3,0.05903673,0.94096327
DIA,3,0.05759948,0.94240052
DIA,3,0.05662147,0.94337853
DIA,3,0.25056462,0.74943538
DIA,3,0.05665051,0.94334949
DIA,3,0.23953429,0.76046571
DIA,3,0.05812771,0.94187229
DIA,3,0.05658139,0.94341861
DIA,3,0.95642684,0.04357316
DIA,3,0.16389206,0.83610794
DIA,3,0.06868236,0.93131764
DIA,3,0.06793783,0.93206217
DIA,3,0.07167157,0.92832843
DIA,3,0.97806607,0.02193393
DIA,3,0.24370872,0.75629128
DIA,3,0.07997233,0.92002767
DIA,3,0.05832326,0.94167674
DIA,3,0.24517483,0.75482517
DIA,3,0.05740482,0.94259518
DIA,3,0.05664745,0.94335255
DIA,3,0.93340282,0.06659718
DIA,3,0.06200304,0.93799696
DIA,3,0.09083602,0.90916398
DIA,3,0.11955281,0.88044719
DIA,3,0.52599708,0.47400292
DIA,3,0.14962013,0.85037987
DIA,3,0.12927996,0.87072004
DIA,3,0.05788353,0.94211647
DIA,3,0.06298512,0.93701488
DIA,3,0.06143713,0.93856287
DIA,3,0.05648613,0.94351387
DIA,3,0.59819583,0.40180417
DIA,3,0.05808337,0.94191663
DIA,3,0.06323196,0.93676804
DIA,3,0.05646999,0.94353001
DIA,3,0.05826152,0.94173848
DIA,3,0.06403829,0.93596171
DIA,3,0.06722362,0.93277638
DIA,3,0.93183659,0.06816341
DIA,3,0.08978127,0.91021873
DIA,3,0.05829671,0.94170329
DIA,3,0.05642993,0.94357007
DIA,3,0.12115432,0.87884568
DIA,3,0.05781244,0.94218756
DIA,3,0.22676442,0.77323558
DIA,3,0.08084975,0.91915025
DIA,3,0.06515175,0.93484825
DIA,3,0.21079385,0.78920615
DIA,3,0.05678953,0.94321047
DIA,3,0.08414347,0.91585653
DIA,3,0.32256702,0.67743298
DIA,3,0.18286511,0.81713489
DIA,3,0.05658910,0.94341090
DIA,3,0.91384423,0.08615577
DIA,3,0.08290645,0.91709355
DIA,3,0.18443905,0.81556095
DIA,3,0.11163902,0.88836098
DIA,3,0.06233617,0.93766383
DIA,3,0.06051292,0.93948708
DIA,3,0.06767649,0.93232351
DIA,3,0.09303213,0.90696787
DIA,3,0.05692424,0.94307576
DIA,3,0.06473698,0.93526302
DIA,3,0.05899907,0.94100093
DIA,3,0.05730652,0.94269348
DIA,3,0.22023291,0.77976709
DIA,3,0.05785723,0.94214277
DIA,3,0.05817499,0.94182501
DIA,3,0.08634899,0.91365101
DIA,3,0.44892176,0.55107824
DIA,3,0.06030316,0.93969684
DIA,3,0.06361174,0.93638826
DIA,3,0.05801084,0.94198916
DIA,3,0.06606796,0.93393204
DIA,3,0.06193761,0.93806239
DIA,3,0.08165570,0.91834430
DIA,3,0.41166868,0.58833132
DIA,3,0.06216685,0.93783315
DIA,3,0.05746093,0.94253907
DIA,3,0.06849533,0.93150467
DIA,3,0.05668879,0.94331121
DIA,3,0.05682728,0.94317272
DIA,3,0.08121026,0.91878974
DIA,3,0.05650659,0.94349341
DIA,3,0.06021320,0.93978680
DIA,3,0.08226124,0.91773876
DIA,3,0.24527279,0.75472721
DIA,3,0.12941397,0.87058603
DIA,3,0.06549978,0.93450022
DIA,3,0.05676477,0.94323523
DIA,3,0.05956205,0.94043795
DIA,3,0.05663915,0.94336085
DIA,3,0.06321491,0.93678509
DIA,3,0.05735468,0.94264532
DIA,3,0.05647207,0.94352793
DIA,3,0.05659324,0.94340676
DIA,3,0.07314719,0.92685281
DIA,3,0.06004021,0.93995979
DIA,3,0.58633636,0.41366364
DIA,3,0.05891987,0.94108013
DIA,3,0.06115956,0.93884044
DIA,3,0.07243182,0.92756818
DIA,3,0.05652496,0.94347504
DIA,3,0.07760078,0.92239922
DIA,3,0.09858899,0.90141101
DIA,3,0.05644160,0.94355840
DIA,3,0.32738524,0.67261476
DIA,3,0.05966522,0.94033478
DIA,3,0.30331136,0.69668864
DIA,3,0.06169365,0.93830635
DIA,3,0.05833253,0.94166747
DIA,3,0.19760179,0.80239821
DIA,3,0.17890272,0.82109728
DIA,3,0.08616305,0.91383695
DIA,3,0.06459674,0.93540326
DIA,3,0.06645943,0.93354057
DIA,3,0.77442562,0.22557438
DIA,3,0.14631655,0.85368345
DIA,3,0.05928786,0.94071214
DIA,3,0.05782200,0.94217800
DIA,3,0.05652848,0.94347152
DIA,3,0.05700059,0.94299941
DIA,3,0.05643295,0.94356705
DIA,3,0.06211947,0.93788053
DIA,3,0.05799938,0.94200062
DIA,3,0.06520960,0.93479040
DIA,3,0.05722834,0.94277166
DIA,3,0.06202371,0.93797629
DIA,3,0.05648788,0.94351212
DIA,3,0.05711011,0.94288989
DIA,3,0.06675732,0.93324268
DIA,3,0.05966225,0.94033775
DIA,3,0.05729964,0.94270036
DIA,3,0.05746800,0.94253200
DIA,3,0.05760053,0.94239947
DIA,3,0.05685806,0.94314194
DIA,3,0.05714481,0.94285519
DIA,3,0.05656118,0.94343882
DIA,3,0.09285970,0.90714030
DIA,3,0.05904815,0.94095185
DIA,3,0.06008601,0.93991399
DIA,3,0.05824718,0.94175282
DIA,3,0.05844030,0.94155970
DIA,3,0.06165248,0.93834752
DIA,3,0.05973748,0.94026252
DIA,3,0.08580490,0.91419510
DIA,3,0.05729328,0.94270672
DIA,3,0.06614428,0.93385572
DIA,3,0.06655686,0.93344314
DIA,3,0.05664730,0.94335270
DIA,3,0.05647712,0.94352288
DIA,3,0.06425276,0.93574724
DIA,3,0.11121915,0.88878085
DIA,3,0.05652484,0.94347516
DIA,3,0.05660378,0.94339622
DIA,3,0.05648468,0.94351532
DIA,3,0.22833421,0.77166579
DIA,3,0.06649708,0.93350292
DIA,3,0.18980755,0.81019245
DIA,3,0.05713166,0.94286834
DIA,3,0.05763434,0.94236566
DIA,3,0.05929670,0.94070330
DIA,3,0.07401945,0.92598055
DIA,3,0.07676675,0.92323325
DIA,3,0.05687911,0.94312089
DIA,3,0.05675751,0.94324249
DIA,3,0.06197779,0.93802221
DIA,3,0.05643473,0.94356527
DIA,3,0.06179929,0.93820071
DIA,3,0.06703411,0.93296589
DIA,3,0.06011067,0.93988933
DIA,3,0.07545356,0.92454644
DIA,3,0.23395088,0.76604912
DIA,3,0.12027520,0.87972480
DIA,3,0.06326764,0.93673236
DIA,3,0.06833326,0.93166674
DIA,3,0.09617893,0.90382107
DIA,3,0.20107234,0.79892766
DIA,3,0.05651699,0.94348301
DIA,3,0.31640185,0.68359815
DIA,3,0.07343797,0.92656203
DIA,3,0.08391956,0.91608044
DIA,3,0.11318629,0.88681371
DIA,3,0.05670171,0.94329829
DIA,3,0.52890237,0.47109763
DIA,3,0.06158242,0.93841758
DIA,3,0.06328325,0.93671675
DIA,3,0.15794336,0.84205664
DIA,3,0.73844591,0.26155409
DIA,3,0.16777795,0.83222205
DIA,3,0.09580861,0.90419139
DIA,3,0.30926876,0.69073124
DIA,3,0.05648738,0.94351262
DIA,3,0.07075860,0.92924140
DIA,3,0.08517528,0.91482472
DIA,3,0.06686551,0.93313449
DIA,3,0.05751609,0.94248391
DIA,3,0.07755173,0.92244827
DIA,3,0.07683798,0.92316202
DIA,3,0.05824191,0.94175809
DIA,3,0.06538389,0.93461611
DIA,3,0.05863378,0.94136622
DIA,3,0.05647456,0.94352544
DIA,3,0.05940761,0.94059239
DIA,3,0.05704903,0.94295097
DIA,3,0.05920794,0.94079206
DIA,3,0.05643527,0.94356473
DIA,3,0.11215173,0.88784827
DIA,3,0.05643965,0.94356035
DIA,3,0.05707185,0.94292815
DIA,3,0.06726991,0.93273009
DIA,3,0.14084297,0.85915703
DIA,3,0.06546357,0.93453643
DIA,3,0.30394220,0.69605780
DIA,3,0.07140671,0.92859329
DIA,3,0.05785354,0.94214646
DIA,3,0.10353425,0.89646575
DIA,3,0.09534963,0.90465037
DIA,3,0.07672510,0.92327490
DIA,3,0.06424704,0.93575296
DIA,3,0.05642817,0.94357183
DIA,3,0.05642930,0.94357070
DIA,3,0.07890342,0.92109658
DIA,3,0.15250120,0.84749880
DIA,3,0.06181369,0.93818631
DIA,3,0.06402277,0.93597723
DIA,3,0.07677553,0.92322447
DIA,3,0.11685145,0.88314855
DIA,3,0.06526334,0.93473666
DIA,3,0.08716370,0.91283630
DIA,3,0.06533455,0.93466545
DIA,3,0.07341122,0.92658878
DIA,3,0.07479650,0.92520350
DIA,3,0.06446800,0.93553200
DIA,3,0.08309414,0.91690586
DIA,3,0.14326872,0.85673128
DIA,3,0.06026161,0.93973839
DIA,3,0.06051102,0.93948898
DIA,3,0.05685440,0.94314560
DIA,3,0.06107258,0.93892742
DIA,3,0.12904384,0.87095616
DIA,3,0.74186204,0.25813796
DIA,3,0.06990230,0.93009770
DIA,3,0.09565123,0.90434877
DIA,3,0.07159456,0.92840544
DIA,3,0.05816105,0.94183895
DIA,3,0.05800876,0.94199124
DIA,3,0.07537569,0.92462431
DIA,3,0.22355102,0.77644898
DIA,3,0.05693986,0.94306014
DIA,3,0.12401968,0.87598032
DIA,3,0.23066965,0.76933035
DIA,3,0.06451311,0.93548689
DIA,3,0.06369664,0.93630336
DIA,3,0.07977470,0.92022530
DIA,3,0.11202829,0.88797171
DIA,3,0.07381530,0.92618470
DIA,3,0.07147347,0.92852653
DIA,3,0.12166868,0.87833132
DIA,3,0.09608591,0.90391409
DIA,3,0.18656080,0.81343920
DIA,3,0.08218586,0.91781414
DIA,3,0.18810730,0.81189270
DIA,3,0.24887933,0.75112067
DIA,3,0.05642860,0.94357140
DIA,3,0.06502936,0.93497064
DIA,3,0.08832596,0.91167404
DIA,3,0.06511932,0.93488068
DIA,3,0.17759763,0.82240237
DIA,3,0.07287559,0.92712441
DIA,3,0.06122421,0.93877579
DIA,3,0.06384355,0.93615645
DIA,3,0.06078089,0.93921911
DIA,3,0.08540476,0.91459524
DIA,3,0.30835697,0.69164303
DIA,3,0.05643069,0.94356931
DIA,3,0.16405375,0.83594625
DIA,3,0.05930517,0.94069483
DIA,3,0.08465376,0.91534624
DIA,3,0.09151085,0.90848915
DIA,3,0.36723755,0.63276245
DIA,3,0.07698416,0.92301584
DIA,3,0.09553248,0.90446752
DIA,3,0.05732278,0.94267722
DIA,3,0.77659676,0.22340324
DIA,3,0.05667494,0.94332506
DIA,3,0.99999782,0.00000218
DIA,3,0.05799937,0.94200063
DIA,3,1.00000000,0.00000000
DIA,3,0.99915598,0.00084402
DIA,3,0.99999828,0.00000172
DIA,3,0.99940377,0.00059623
DIA,3,0.23760629,0.76239371
DIA,3,0.62134076,0.37865924
DIA,3,0.07105940,0.92894060
DIA,3,0.05645914,0.94354086
DIA,3,0.99985346,0.00014654
DIA,3,0.53148400,0.46851600
DIA,3,0.05845581,0.94154419
DIA,3,0.98910007,0.01089993
DIA,3,0.29239119,0.70760881
DIA,3,0.23993822,0.76006178
DIA,3,0.13028464,0.86971536
DIA,3,0.83660136,0.16339864
DIA,3,0.06283937,0.93716063
DIA,3,0.06683281,0.93316719
DIA,3,0.12296090,0.87703910
DIA,3,0.83285439,0.16714561
DIA,3,0.13700026,0.86299974
DIA,3,0.86407052,0.13592948
DIA,3,0.09570621,0.90429379
DIA,3,0.97540367,0.02459633
DIA,3,0.06332088,0.93667912
DIA,3,0.06665234,0.93334766
DIA,3,0.19856057,0.80143943
DIA,3,0.42308242,0.57691758
DIA,3,0.09131281,0.90868719
DIA,3,0.10434043,0.89565957
DIA,3,0.05644993,0.94355007
DIA,3,0.91789218,0.08210782
DIA,3,0.99987155,0.00012845
DIA,3,0.05657359,0.94342641
DIA,3,0.92621334,0.07378666
DIA,3,0.30304708,0.69695292
DIA,3,0.28439355,0.71560645
DIA,3,0.14872732,0.85127268
DIA,3,0.68222037,0.31777963
DIA,3,0.93061405,0.06938595
DIA,3,0.17105778,0.82894222
DIA,3,0.20858495,0.79141505
DIA,3,0.44769259,0.55230741
DIA,3,0.05656712,0.94343288
DIA,3,0.98442298,0.01557702
DIA,3,0.05671650,0.94328350
DIA,3,0.10201532,0.89798468
DIA,3,0.06055268,0.93944732
DIA,3,0.23590562,0.76409438
DIA,3,0.64673121,0.35326879
DIA,3,0.22867978,0.77132022
DIA,3,0.06889721,0.93110279
DIA,3,0.06011286,0.93988714
DIA,3,0.82613893,0.17386107
DIA,3,0.13446502,0.86553498
DIA,3,0.38281484,0.61718516
DIA,3,0.16886723,0.83113277
DIA,3,0.98603162,0.01396838
DIA,3,0.06501914,0.93498086
DIA,3,0.81299934,0.18700066
DIA,3,0.96452119,0.03547881
DIA,3,0.19751390,0.80248610
DIA,3,0.53058254,0.46941746
DIA,3,0.06204106,0.93795894
DIA,3,0.07848483,0.92151517
DIA,3,0.10255921,0.89744079
DIA,3,0.99600432,0.00399568
DIA,3,0.08068275,0.91931725
DIA,3,0.78662227,0.21337773
DIA,3,0.06456469,0.93543531
DIA,3,0.05673667,0.94326333
DIA,3,0.32573070,0.67426930
DIA,3,0.18302144,0.81697856
DIA,3,0.05708769,0.94291231
DIA,3,0.69657932,0.30342068
DIA,3,0.07677486,0.92322514
DIA,3,0.70538486,0.29461514
DIA,3,0.06331757,0.93668243
DIA,3,0.92645952,0.07354048
DIA,3,0.06886965,0.93113035
DIA,3,0.99999062,0.00000938
DIA,3,0.05695555,0.94304445
DIA,3,0.05645959,0.94354041
DIA,3,0.07593695,0.92406305
DIA,3,0.06775796,0.93224204
DIA,3,0.06448560,0.93551440
DIA,3,0.34026647,0.65973353
DIA,3,0.23363022,0.76636978
DIA,3,0.16984952,0.83015048
DIA,3,0.07842768,0.92157232
DIA,3,0.15395714,0.84604286
DIA,3,0.06056333,0.93943667
DIA,3,0.05643871,0.94356129
DIA,3,0.09686959,0.90313041
DIA,3,0.96900575,0.03099425
DIA,3,0.05963815,0.94036185
DIA,3,0.06940343,0.93059657
DIA,3,0.12709684,0.87290316
DIA,3,0.05659359,0.94340641
DIA,3,0.15138815,0.84861185
DIA,3,0.12165064,0.87834936
DIA,3,0.06721167,0.93278833
DIA,3,0.24081755,0.75918245
DIA,3,0.06002225,0.93997775
DIA,3,0.05642917,0.94357083
DIA,3,0.06659316,0.93340684
DIA,3,0.05872803,0.94127197
DIA,3,0.07339333,0.92660667
DIA,3,0.05656330,0.94343670
DIA,3,0.05759756,0.94240244
DIA,3,0.06323146,0.93676854
DIA,3,0.06602627,0.93397373
DIA,3,0.09337221,0.90662779
DIA,3,0.06483496,0.93516504
DIA,3,0.09065535,0.90934465
DIA,3,0.05648164,0.94351836
DIA,3,0.05974240,0.94025760
DIA,3,0.07637787,0.92362213
DIA,3,0.05724165,0.94275835
DIA,3,0.07436886,0.92563114
DIA,3,0.05692076,0.94307924
DIA,3,0.05767056,0.94232944
DIA,3,0.07811112,0.92188888
DIA,3,0.05647429,0.94352571
DIA,3,0.16968556,0.83031444
DIA,3,0.05648839,0.94351161
DIA,3,0.05915028,0.94084972
DIA,3,0.05657183,0.94342817
DIA,3,0.05656110,0.94343890
DIA,3,0.08156636,0.91843364
DIA,3,0.06899432,0.93100568
DIA,3,0.05670621,0.94329379
DIA,3,0.08699058,0.91300942
DIA,3,0.10345129,0.89654871
DIA,3,0.06525394,0.93474606
DIA,3,0.05750671,0.94249329
DIA,3,0.05831316,0.94168684
DIA,3,0.06157755,0.93842245
DIA,3,0.05643802,0.94356198
DIA,3,0.05643340,0.94356660
DIA,3,0.05784117,0.94215883
DIA,3,0.06363800,0.93636200
DIA,3,0.05793683,0.94206317
DIA,3,0.05642896,0.94357104
DIA,3,0.05698936,0.94301064
DIA,3,0.32756820,0.67243180
DIA,3,0.06750396,0.93249604
DIA,3,0.07450873,0.92549127
DIA,3,0.05763397,0.94236603
DIA,3,0.06039174,0.93960826
DIA,3,0.38553000,0.61447000
DIA,3,0.05948249,0.94051751
DIA,3,0.06605287,0.93394713
DIA,3,0.05714677,0.94285323
DIA,3,0.05648386,0.94351614
DIA,3,0.06961214,0.93038786
DIA,3,0.06343251,0.93656749
DIA,3,0.07648880,0.92351120
DIA,3,0.05858157,0.94141843
DIA,3,0.17745736,0.82254264
DIA,3,0.05874956,0.94125044
DIA,3,0.07271719,0.92728281
DIA,3,0.05683667,0.94316333
DIA,3,0.06940385,0.93059615
DIA,3,0.06561282,0.93438718
DIA,3,0.06645748,0.93354252
DIA,3,0.11904315,0.88095685
DIA,3,0.05807429,0.94192571
DIA,3,0.12181952,0.87818048
DIA,3,0.42234790,0.57765210
DIA,3,0.07224699,0.92775301
DIA,3,0.26258060,0.73741940
DIA,3,0.10936768,0.89063232
DIA,3,0.06669944,0.93330056
DIA,3,0.29082134,0.70917866
DIA,3,0.06866694,0.93133306
DIA,3,0.07347220,0.92652780
DIA,3,0.06591412,0.93408588
DIA,3,0.08596181,0.91403819
DIA,3,0.06915158,0.93084842
DIA,3,0.08469598,0.91530402
DIA,3,0.10844316,0.89155684
DIA,3,0.05914403,0.94085597
DIA,3,0.05688339,0.94311661
DIA,3,0.06747530,0.93252470
DIA,3,0.05650392,0.94349608
DIA,3,0.06716555,0.93283445
DIA,3,0.20275892,0.79724108
DIA,3,0.06149408,0.93850592
DIA,3,0.07477178,0.92522822
DIA,3,0.09122579,0.90877421
DIA,3,0.05683177,0.94316823
DIA,3,0.05925959,0.94074041
DIA,3,0.11982674,0.88017326
DIA,3,0.07327149,0.92672851
DIA,3,0.06062183,0.93937817
DIA,3,0.18172183,0.81827817
DIA,3,0.08119047,0.91880953
DIA,3,0.12747278,0.87252722
DIA,3,0.05674522,0.94325478
DIA,3,0.05654159,0.94345841
DIA,3,0.05938890,0.94061110
DIA,3,0.07300221,0.92699779
DIA,3,0.11285979,0.88714021
DIA,3,0.16558619,0.83441381
DIA,3,0.06094019,0.93905981
DIA,3,0.80576730,0.19423270
DIA,3,0.06098127,0.93901873
DIA,3,0.05839230,0.94160770
DIA,3,0.86093604,0.13906396
DIA,3,0.07213099,0.92786901
DIA,3,0.08919453,0.91080547
DIA,3,0.13982076,0.86017924
DIA,3,0.16521849,0.83478151
DIA,3,0.06930442,0.93069558
DIA,3,0.16230814,0.83769186
DIA,3,0.11999549,0.88000451
DIA,3,0.05707110,0.94292890
DIA,3,0.08413341,0.91586659
DIA,3,0.05652074,0.94347926
DIA,3,0.60488527,0.39511473
DIA,3,0.06260518,0.93739482
DIA,3,0.12993453,0.87006547
DIA,3,0.05785586,0.94214414
DIA,3,0.08703293,0.91296707
DIA,3,0.05715660,0.94284340
DIA,3,0.73907667,0.26092333
DIA,3,0.05692601,0.94307399
DIA,3,0.07156304,0.92843696
DIA,3,0.06150528,0.93849472
DIA,3,0.11962453,0.88037547
DIA,3,0.06263803,0.93736197
DIA,3,0.08014407,0.91985593
DIA,3,0.06518822,0.93481178
DIA,3,0.05990889,0.94009111
DIA,3,0.32645577,0.67354423
DIA,3,0.05938655,0.94061345
DIA,3,0.07331400,0.92668600
DIA,3,0.09688087,0.90311913
DIA,3,0.06161019,0.93838981
DIA,3,0.10737575,0.89262425
DIA,3,0.10102143,0.89897857
DIA,3,0.10287921,0.89712079
DIA,3,0.06404096,0.93595904
DIA,3,0.39478390,0.60521610
DIA,3,0.32366224,0.67633776
DIA,3,0.05681932,0.94318068
DIA,3,0.06886345,0.93113655
DIA,3,0.06054784,0.93945216
DIA,3,0.08911911,0.91088089
DIA,3,0.33967758,0.66032242
DIA,3,0.06057732,0.93942268
DIA,3,0.06414181,0.93585819
DIA,3,0.05666564,0.94333436
DIA,3,0.05668451,0.94331549
DIA,3,0.06094848,0.93905152
DIA,3,0.05961344,0.94038656
DIA,3,0.05642856,0.94357144
DIA,3,0.05656773,0.94343227
DIA,3,0.07762900,0.92237100
DIA,3,0.05905798,0.94094202
DIA,3,0.05643373,0.94356627
DIA,3,0.06960626,0.93039374
DIA,3,0.05989996,0.94010004
DIA,3,0.10418311,0.89581689
DIA,3,0.08209407,0.91790593
DIA,3,0.05800764,0.94199236
DIA,3,0.05787351,0.94212649
DIA,3,0.05643863,0.94356137
DIA,3,0.09354869,0.90645131
DIA,3,0.07624576,0.92375424
DIA,3,0.06251760,0.93748240
DIA,3,0.05658346,0.94341654
DIA,3,0.50891370,0.49108630
DIA,3,0.05960097,0.94039903
DIA,3,0.06337041,0.93662959
DIA,3,0.06716275,0.93283725
DIA,3,0.05703269,0.94296731
DIA,3,0.30033637,0.69966363
DIA,3,0.06937375,0.93062625
DIA,3,0.05961012,0.94038988
DIA,3,0.05653691,0.94346309
DIA,3,0.05689156,0.94310844
DIA,3,0.05742089,0.94257911
DIA,3,0.05703977,0.94296023
DIA,3,0.05760311,0.94239689
DIA,3,0.08823322,0.91176678
DIA,3,0.06343133,0.93656867
DIA,3,0.06918343,0.93081657
DIA,3,0.06089400,0.93910600
DIA,3,0.07134027,0.92865973
DIA,3,0.05818887,0.94181113
DIA,3,0.05666383,0.94333617
DIA,3,0.07449686,0.92550314
DIA,3,0.06070111,0.93929889
DIA,3,0.05778644,0.94221356
DIA,3,0.09600753,0.90399247
DIA,3,0.12497898,0.87502102
DIA,3,0.05851644,0.94148356
DIA,3,0.05643591,0.94356409
DIA,3,0.08414393,0.91585607
DIA,3,0.12098210,0.87901790
DIA,3,0.05701785,0.94298215
DIA,3,0.05659636,0.94340364
DIA,3,0.29701910,0.70298090
DIA,3,0.05694021,0.94305979
DIA,3,0.49235576,0.50764424
DIA,3,0.06149040,0.93850960
DIA,3,0.05797187,0.94202813
DIA,3,0.05656866,0.94343134
DIA,3,0.05670010,0.94329990
DIA,3,0.12477806,0.87522194
DIA,3,0.11581336,0.88418664
DIA,3,0.05658796,0.94341204
DIA,3,0.12298485,0.87701515
DIA,3,0.82498410,0.17501590
DIA,3,0.14896744,0.85103256
DIA,3,0.05654473,0.94345527
DIA,3,0.05644169,0.94355831
DIA,3,0.06620731,0.93379269
DIA,3,0.27718026,0.72281974
DIA,3,0.06196537,0.93803463
DIA,3,0.06208675,0.93791325
DIA,3,0.37807863,0.62192137
DIA,3,0.05669178,0.94330822
DIA,3,0.06272999,0.93727001
DIA,3,0.21399624,0.78600376
DIA,3,0.05848964,0.94151036
DIA,3,0.08406733,0.91593267
DIA,3,0.08799188,0.91200812
DIA,3,0.06215244,0.93784756
DIA,3,0.05656837,0.94343163
DIA,3,0.06672112,0.93327888
DIA,3,0.05737853,0.94262147
DIA,3,0.07645923,0.92354077
DIA,3,0.06234670,0.93765330
DIA,3,0.07763262,0.92236738
DIA,3,0.05753680,0.94246320
DIA,3,0.07459085,0.92540915
DIA,3,0.05644904,0.94355096
DIA,3,0.07243888,0.92756112
DIA,3,0.06116245,0.93883755
DIA,3,0.08584051,0.91415949
DIA,3,0.10969171,0.89030829
DIA,3,0.07981918,0.92018082
DIA,3,0.06322867,0.93677133
DIA,3,0.10190454,0.89809546
DIA,3,0.06667182,0.93332818
DIA,3,0.05860162,0.94139838
DIA,3,0.05739891,0.94260109
DIA,3,0.17067659,0.82932341
DIA,3,0.15787267,0.84212733
DIA,3,0.88747174,0.11252826
DIA,3,0.05650067,0.94349933
DIA,3,0.06062029,0.93937971
DIA,3,0.06272452,0.93727548
DIA,3,0.06579754,0.93420246
DIA,3,0.06492429,0.93507571
DIA,3,0.07748815,0.92251185
DIA,3,0.05786283,0.94213717
DIA,3,0.05738309,0.94261691
DIA,3,0.05841756,0.94158244
DIA,3,0.05755196,0.94244804
DIA,3,0.07519084,0.92480916
DIA,3,0.06574046,0.93425954
DIA,3,0.06795770,0.93204230
DIA,3,0.06961553,0.93038447
DIA,3,0.06276355,0.93723645
DIA,3,0.07031888,0.92968112
DIA,3,0.05660262,0.94339738
DIA,3,0.06899856,0.93100144
DIA,3,0.05988547,0.94011453
DIA,3,0.06328153,0.93671847
DIA,3,0.12696320,0.87303680
DIA,3,0.09668138,0.90331862
DIA,3,0.07720742,0.92279258
DIA,3,0.05689604,0.94310396
DIA,3,0.06033909,0.93966091
DIA,3,0.06110554,0.93889446
DIA,3,0.05713962,0.94286038
DIA,3,0.06135508,0.93864492
DIA,3,0.05880171,0.94119829
DIA,3,0.05677059,0.94322941
DIA,3,0.05654725,0.94345275
DIA,3,0.06355467,0.93644533
DIA,3,0.08601942,0.91398058
DIA,3,0.06394269,0.93605731
DIA,3,0.09554865,0.90445135
DIA,3,0.26780511,0.73219489
DIA,3,0.08328115,0.91671885
DIA,3,0.19986135,0.80013865
DIA,3,0.05648245,0.94351755
DIA,3,0.05882252,0.94117748
DIA,3,0.06003076,0.93996924
DIA,3,0.10597856,0.89402144
DIA,3,0.06269564,0.93730436
DIA,3,0.05933814,0.94066186
DIA,3,0.06760298,0.93239702
DIA,3,0.06328856,0.93671144
DIA,3,0.05652058,0.94347942
DIA,3,0.05647956,0.94352044
DIA,3,0.07309064,0.92690936
DIA,3,0.05711854,0.94288146
DIA,3,0.06570044,0.93429956
DIA,3,0.05643573,0.94356427
DIA,3,0.06347841,0.93652159
DIA,3,0.07375694,0.92624306
DIA,3,0.07279116,0.92720884
DIA,3,0.06368616,0.93631384
DIA,3,0.08581101,0.91418899
DIA,3,0.05772926,0.94227074
DIA,3,0.06185006,0.93814994
DIA,3,0.05643784,0.94356216
DIA,3,0.07505489,0.92494511
DIA,3,0.08373901,0.91626099
DIA,3,0.06109095,0.93890905
DIA,3,0.05929901,0.94070099
DIA,3,0.06088343,0.93911657
DIA,3,0.06530340,0.93469660
DIA,3,0.10577426,0.89422574
DIA,3,0.06811322,0.93188678
DIA,3,0.05647012,0.94352988
DIA,3,0.47242173,0.52757827
DIA,3,0.10769851,0.89230149
DIA,3,0.09814574,0.90185426
DIA,3,0.07615979,0.92384021
DIA,3,0.05644305,0.94355695
DIA,3,0.05739591,0.94260409
DIA,3,0.13028858,0.86971142
DIA,3,0.05837636,0.94162364
DIA,3,0.05731056,0.94268944
DIA,3,0.05675700,0.94324300
DIA,3,0.08473383,0.91526617
DIA,3,0.05820639,0.94179361
DIA,3,0.10870002,0.89129998
DIA,3,0.09233170,0.90766830
DIA,3,0.12502252,0.87497748
DIA,3,0.05654105,0.94345895
DIA,3,0.07264907,0.92735093
DIA,3,0.06258753,0.93741247
DIA,3,0.05709129,0.94290871
DIA,3,0.05861336,0.94138664
DIA,3,0.05756647,0.94243353
DIA,3,0.09226864,0.90773136
DIA,3,0.06655940,0.93344060
DIA,3,0.05912534,0.94087466
DIA,3,0.08821137,0.91178863
DIA,3,0.05659867,0.94340133
DIA,3,0.06146349,0.93853651
DIA,3,0.06855029,0.93144971
DIA,3,0.05711944,0.94288056
DIA,3,0.05652651,0.94347349
DIA,3,0.08227503,0.91772497
DIA,3,0.07711992,0.92288008
DIA,3,0.05674046,0.94325954
DIA,3,0.21796409,0.78203591
DIA,3,0.09251381,0.90748619
DIA,3,0.06504410,0.93495590
DIA,3,0.26317432,0.73682568
DIA,3,0.06425297,0.93574703
DIA,3,0.23917941,0.76082059
DIA,3,0.05658517,0.94341483
DIA,3,0.08964940,0.91035060
DIA,3,0.10654253,0.89345747
DIA,3,0.14653498,0.85346502
DIA,3,0.07422245,0.92577755
DIA,3,0.07994785,0.92005215
DIA,3,0.11323568,0.88676432
DIA,3,0.18617707,0.81382293
DIA,3,0.90745484,0.09254516
DIA,3,0.05669544,0.94330456
DIA,3,0.10671724,0.89328276
DIA,3,0.07614887,0.92385113
DIA,3,0.13222393,0.86777607
DIA,3,0.09831247,0.90168753
DIA,3,0.08314082,0.91685918
DIA,3,0.06264258,0.93735742
DIA,3,0.05932190,0.94067810
DIA,3,0.06225729,0.93774271
DIA,3,0.12128436,0.87871564
DIA,3,0.07949923,0.92050077
DIA,3,0.07072175,0.92927825
DIA,3,0.05645202,0.94354798
DIA,3,0.13784688,0.86215312
DIA,3,0.05694940,0.94305060
DIA,3,0.05718218,0.94281782
DIA,3,0.05833508,0.94166492
DIA,3,0.05689918,0.94310082
DIA,3,0.06911998,0.93088002
DIA,3,0.05643429,0.94356571
DIA,3,0.05643098,0.94356902
DIA,3,0.05729623,0.94270377
DIA,3,0.05745205,0.94254795
DIA,3,0.05665878,0.94334122
DIA,3,0.05645980,0.94354020
DIA,3,0.05889055,0.94110945
DIA,3,0.05646504,0.94353496
DIA,3,0.05725189,0.94274811
DIA,3,0.09387104,0.90612896
DIA,3,0.05951585,0.94048415
DIA,3,0.05995318,0.94004682
DIA,3,0.07662798,0.92337202
DIA,3,0.06242213,0.93757787
DIA,3,0.05750013,0.94249987
DIA,3,0.06609739,0.93390261
DIA,3,0.05667142,0.94332858
DIA,3,0.05819081,0.94180919
DIA,3,0.08368113,0.91631887
DIA,3,0.29797658,0.70202342
DIA,3,0.06128306,0.93871694
DIA,3,0.06748574,0.93251426
DIA,3,0.05670755,0.94329245
DIA,3,0.08291945,0.91708055
DIA,3,0.06344840,0.93655160
DIA,3,0.06202911,0.93797089
DIA,3,0.06377549,0.93622451
DIA,3,0.15988504,0.84011496
DIA,3,0.05881632,0.94118368
DIA,3,0.05731132,0.94268868
DIA,3,0.05802953,0.94197047
DIA,3,0.05729846,0.94270154
DIA,3,0.07919133,0.92080867
DIA,3,0.05686073,0.94313927
DIA,3,0.05685307,0.94314693
DIA,3,0.10806716,0.89193284
DIA,3,0.10768107,0.89231893
DIA,3,0.11307651,0.88692349
DIA,3,0.05690258,0.94309742
DIA,3,0.06702079,0.93297921
DIA,3,0.09243285,0.90756715
DIA,3,0.06022046,0.93977954
DIA,3,0.11310800,0.88689200
DIA,3,0.05796946,0.94203054
DIA,3,0.16855421,0.83144579
DIA,3,0.06497750,0.93502250
DIA,3,0.06641021,0.93358979
DIA,3,0.06502821,0.93497179
DIA,3,0.06138677,0.93861323
DIA,3,0.06492171,0.93507829
DIA,3,0.10191582,0.89808418
DIA,3,0.06164392,0.93835608
DIA,3,0.06202308,0.93797692
DIA,3,0.10925491,0.89074509
DIA,3,0.06508222,0.93491778
DIA,3,0.09967277,0.90032723
DIA,3,0.14957189,0.85042811
DIA,3,0.05676596,0.94323404
DIA,3,0.75158424,0.24841576
DIA,3,0.10674685,0.89325315
DIA,3,0.06733247,0.93266753
DIA,3,0.09863987,0.90136013
DIA,3,0.18474631,0.81525369
DIA,3,0.05681658,0.94318342
DIA,3,0.05797210,0.94202790
DIA,3,0.05650929,0.94349071
DIA,3,0.06770054,0.93229946
DIA,3,0.06088972,0.93911028
DIA,3,0.07390604,0.92609396
DIA,3,0.06558736,0.93441264
DIA,3,0.05645723,0.94354277
DIA,3,0.08291812,0.91708188
DIA,3,0.06165626,0.93834374
DIA,3,0.06852987,0.93147013
DIA,3,0.06407091,0.93592909
DIA,3,0.05804539,0.94195461
DIA,3,0.05704603,0.94295397
DIA,3,0.09275544,0.90724456
DIA,3,0.10580417,0.89419583
DIA,3,0.11849257,0.88150743
DIA,3,0.05854648,0.94145352
DIA,3,0.05800577,0.94199423
DIA,3,0.06490867,0.93509133
DIA,3,0.06313453,0.93686547
DIA,3,0.07229381,0.92770619
DIA,3,0.05717945,0.94282055
DIA,3,0.05654542,0.94345458
DIA,3,0.06486444,0.93513556
DIA,3,0.07808792,0.92191208
DIA,3,0.06381625,0.93618375
DIA,3,0.05670259,0.94329741
DIA,3,0.05642819,0.94357181
DIA,3,0.05742748,0.94257252
DIA,3,0.05656458,0.94343542
DIA,3,0.06792362,0.93207638
DIA,3,0.07665849,0.92334151
DIA,3,0.05828303,0.94171697
DIA,3,0.06554310,0.93445690
DIA,3,0.16870281,0.83129719
DIA,3,0.05725796,0.94274204
DIA,3,0.06117211,0.93882789
DIA,3,0.09795984,0.90204016
DIA,3,0.08457895,0.91542105
DIA,3,0.05653733,0.94346267
DIA,3,0.09563039,0.90436961
DIA,3,0.05643555,0.94356445
DIA,3,0.47987256,0.52012744
DIA,3,0.05845146,0.94154854
DIA,3,0.05958658,0.94041342
DIA,3,0.06648996,0.93351004
DIA,3,0.06477919,0.93522081
DIA,3,0.08934794,0.91065206
DIA,3,0.05653290,0.94346710
DIA,3,0.05746650,0.94253350
DIA,3,0.06579205,0.93420795
DIA,3,0.09030664,0.90969336
DIA,3,0.05691891,0.94308109
DIA,3,0.05950385,0.94049615
DIA,3,0.07629515,0.92370485
DIA,3,0.06246187,0.93753813
DIA,3,0.05731552,0.94268448
DIA,3,0.05658740,0.94341260
DIA,3,0.13887496,0.86112504
DIA,3,0.07599005,0.92400995
DIA,3,0.08375077,0.91624923
DIA,3,0.06151468,0.93848532
DIA,3,0.05849433,0.94150567
DIA,3,0.05928659,0.94071341
DIA,3,0.05971918,0.94028082
DIA,3,0.14025942,0.85974058
DIA,3,0.67301024,0.32698976
DIA,3,0.06471449,0.93528551
DIA,3,0.07178575,0.92821425
DIA,3,0.14817238,0.85182762
DIA,3,0.07439212,0.92560788
DIA,3,0.10389923,0.89610077
DIA,3,0.74332537,0.25667463
DIA,3,0.06033534,0.93966466
DIA,3,0.05643668,0.94356332
DIA,3,0.17072383,0.82927617
DIA,3,0.15111879,0.84888121
DIA,3,0.05723210,0.94276790
DIA,3,0.16642101,0.83357899
DIA,3,0.05687631,0.94312369
DIA,3,0.06315832,0.93684168
DIA,3,0.09343239,0.90656761
DIA,3,0.05673023,0.94326977
DIA,3,0.07276790,0.92723210
DIA,3,0.06981777,0.93018223
DIA,3,0.05725958,0.94274042
DIA,3,0.07670227,0.92329773
DIA,3,0.05707409,0.94292591
DIA,3,0.05689486,0.94310514
DIA,3,0.06658639,0.93341361
DIA,3,0.06171609,0.93828391
DIA,3,0.10767281,0.89232719
DIA,3,0.20060812,0.79939188
DIA,3,0.05691272,0.94308728
DIA,3,0.06255815,0.93744185
DIA,3,0.05837221,0.94162779
DIA,3,0.05804187,0.94195813
DIA,3,0.06517752,0.93482248
DIA,3,0.05689884,0.94310116
DIA,3,0.24376979,0.75623021
DIA,3,0.06321438,0.93678562
DIA,3,0.14026406,0.85973594
DIA,3,0.07800648,0.92199352
DIA,3,0.07845857,0.92154143
DIA,3,0.07471431,0.92528569
DIA,3,0.05708482,0.94291518
DIA,3,0.05770707,0.94229293
DIA,3,0.07074571,0.92925429
DIA,3,0.07182356,0.92817644
DIA,3,0.05669697,0.94330303
DIA,3,0.06222784,0.93777216
DIA,3,0.09855529,0.90144471
DIA,3,0.06964860,0.93035140
DIA,3,0.05992874,0.94007126
DIA,3,0.05643376,0.94356624
DIA,3,0.11547066,0.88452934
DIA,3,0.14027532,0.85972468
DIA,3,0.05644590,0.94355410
DIA,3,0.14410401,0.85589599
DIA,3,0.29704462,0.70295538
DIA,3,0.12485435,0.87514565
DIA,3,0.09547472,0.90452528
DIA,3,0.07716527,0.92283473
DIA,3,0.12814237,0.87185763
DIA,3,0.05645477,0.94354523
DIA,3,0.05890909,0.94109091
DIA,3,0.06422153,0.93577847
DIA,3,0.05651353,0.94348647
DIA,3,0.05643118,0.94356882
DIA,3,0.09865572,0.90134428
DIA,3,0.06659875,0.93340125
DIA,3,0.07247794,0.92752206
DIA,3,0.06120359,0.93879641
DIA,3,0.05700277,0.94299723
DIA,3,0.06031405,0.93968595
DIA,3,0.05672585,0.94327415
DIA,3,0.08957675,0.91042325
DIA,3,0.07822897,0.92177103
DIA,3,0.05933882,0.94066118
DIA,3,0.05852572,0.94147428
DIA,3,0.08092749,0.91907251
DIA,3,0.05776253,0.94223747
DIA,3,0.07454548,0.92545452
DIA,3,0.13248775,0.86751225
DIA,3,0.05797961,0.94202039
DIA,3,0.05744518,0.94255482
DIA,3,0.09424712,0.90575288
DIA,3,0.10368724,0.89631276
DIA,3,0.05728658,0.94271342
DIA,3,0.06355537,0.93644463
DIA,3,0.06558135,0.93441865
DIA,3,0.05860467,0.94139533
DIA,3,0.06273898,0.93726102
DIA,3,0.05729258,0.94270742
DIA,3,0.05769292,0.94230708
DIA,3,0.05703356,0.94296644
DIA,3,0.05670642,0.94329358
DIA,3,0.07405983,0.92594017
DIA,3,0.07260339,0.92739661
DIA,3,0.05746590,0.94253410
DIA,3,0.05644819,0.94355181
DIA,3,0.07492621,0.92507379
DIA,3,0.08255331,0.91744669
DIA,3,0.05811493,0.94188507
DIA,3,0.05656783,0.94343217
DIA,3,0.05772160,0.94227840
DIA,3,0.07406769,0.92593231
DIA,3,0.05723645,0.94276355
DIA,3,0.05752116,0.94247884
DIA,3,0.05653680,0.94346320
DIA,3,0.08322809,0.91677191
DIA,3,0.05888748,0.94111252
DIA,3,0.05688694,0.94311306
DIA,3,0.05646337,0.94353663
DIA,3,0.05741289,0.94258711
DIA,3,0.08736022,0.91263978
DIA,3,0.05789449,0.94210551
DIA,3,0.07134424,0.92865576
DIA,3,0.05858304,0.94141696
DIA,3,0.08360218,0.91639782
DIA,3,0.06410536,0.93589464
DIA,3,0.06295995,0.93704005
DIA,3,0.05729877,0.94270123
DIA,3,0.07949705,0.92050295
DIA,3,0.05676572,0.94323428
DIA,3,0.06621154,0.93378846
DIA,3,0.10640144,0.89359856
DIA,3,0.07781623,0.92218377
DIA,3,0.05873565,0.94126435
DIA,3,0.06188510,0.93811490
DIA,3,0.05720596,0.94279404
DIA,3,0.05646179,0.94353821
DIA,3,0.08473318,0.91526682
DIA,3,0.05665303,0.94334697
DIA,3,0.06407104,0.93592896
DIA,3,0.05853259,0.94146741
DIA,3,0.54990515,0.45009485
DIA,3,0.07287531,0.92712469
DIA,3,0.06498490,0.93501510
DIA,3,0.09163831,0.90836169
DIA,3,0.05644180,0.94355820
DIA,3,0.06617088,0.93382912
DIA,3,0.13882078,0.86117922
DIA,3,0.05801940,0.94198060
DIA,3,0.05652287,0.94347713
DIA,3,0.07051009,0.92948991
DIA,3,0.06447802,0.93552198
DIA,3,0.05979638,0.94020362
DIA,3,0.12378067,0.87621933
DIA,3,0.07205695,0.92794305
DIA,3,0.06357721,0.93642279
DIA,3,0.06297072,0.93702928
DIA,3,0.05819863,0.94180137
DIA,3,0.06481723,0.93518277
DIA,3,0.05836977,0.94163023
DIA,3,0.05691565,0.94308435
DIA,3,0.05910254,0.94089746
DIA,3,0.05677588,0.94322412
DIA,3,0.05774587,0.94225413
DIA,3,0.05653653,0.94346347
DIA,3,0.05652317,0.94347683
DIA,3,0.06362290,0.93637710
DIA,3,0.05705757,0.94294243
DIA,3,0.07341938,0.92658062
DIA,3,0.05977283,0.94022717
DIA,3,0.05676762,0.94323238
DIA,3,0.06264280,0.93735720
DIA,3,0.05868688,0.94131312
DIA,3,0.07534497,0.92465503
DIA,3,0.05813876,0.94186124
DIA,3,0.07765655,0.92234345
DIA,3,0.05714524,0.94285476
DIA,3,0.07562739,0.92437261
DIA,3,0.08570034,0.91429966
DIA,3,0.09714781,0.90285219
DIA,3,0.26180051,0.73819949
DIA,3,0.09918475,0.90081525
DIA,3,0.05771485,0.94228515
DIA,3,0.05780071,0.94219929
DIA,3,0.24331988,0.75668012
DIA,3,0.05723918,0.94276082
DIA,3,0.17368533,0.82631467
DIA,3,0.05643008,0.94356992
DIA,3,0.34623701,0.65376299
DIA,3,0.27148868,0.72851132
DIA,3,0.50592893,0.49407107
DIA,3,0.09746826,0.90253174
DIA,3,0.24190956,0.75809044
DIA,3,0.05720991,0.94279009
DIA,3,0.13252131,0.86747869
DIA,3,0.05879716,0.94120284
DIA,3,0.33552027,0.66447973
DIA,3,0.05942416,0.94057584
DIA,3,0.19878402,0.80121598
DIA,3,0.09581265,0.90418735
DIA,3,0.17228071,0.82771929
DIA,3,0.09918926,0.90081074
DIA,3,0.05733146,0.94266854
DIA,3,0.14117497,0.85882503
DIA,3,0.05686343,0.94313657
DIA,3,0.18704541,0.81295459
DIA,3,0.17146681,0.82853319
DIA,3,0.05652339,0.94347661
DIA,3,0.05671079,0.94328921
DIA,3,0.07302725,0.92697275
DIA,3,0.06589914,0.93410086
DIA,3,0.05732710,0.94267290
DIA,3,0.05882032,0.94117968
DIA,3,0.05644997,0.94355003
DIA,3,0.05643899,0.94356101
DIA,3,0.05874209,0.94125791
DIA,3,0.05673488,0.94326512
DIA,3,0.05661603,0.94338397
DIA,3,0.05882449,0.94117551
DIA,3,0.05643062,0.94356938
DIA,3,0.05797288,0.94202712
DIA,3,0.06991069,0.93008931
DIA,3,0.05675428,0.94324572
DIA,3,0.05643754,0.94356246
DIA,3,0.05662500,0.94337500
DIA,3,0.05643123,0.94356877
DIA,3,0.06020166,0.93979834
DIA,3,0.07141271,0.92858729
DIA,3,0.05884375,0.94115625
DIA,3,0.05655181,0.94344819
DIA,3,0.06102166,0.93897834
DIA,3,0.07240001,0.92759999
DIA,3,0.06159895,0.93840105
DIA,3,0.29885227,0.70114773
DIA,3,0.05900440,0.94099560
DIA,3,0.44733472,0.55266528
DIA,3,0.08385263,0.91614737
DIA,3,0.08249615,0.91750385
DIA,3,0.35034915,0.64965085
DIA,3,0.92454366,0.07545634
DIA,3,0.06206537,0.93793463
DIA,3,0.09967932,0.90032068
DIA,3,0.06443597,0.93556403
DIA,3,0.05659462,0.94340538
DIA,3,0.05713769,0.94286231
DIA,3,0.05669365,0.94330635
DIA,3,0.06090737,0.93909263
DIA,3,0.10728104,0.89271896
DIA,3,0.05644072,0.94355928
DIA,3,0.51580029,0.48419971
DIA,3,0.10354163,0.89645837
DIA,3,0.15297894,0.84702106
DIA,3,0.56822511,0.43177489
DIA,3,0.09235097,0.90764903
DIA,3,0.07689103,0.92310897
DIA,3,0.05841973,0.94158027
DIA,3,0.13342383,0.86657617
DIA,3,0.08185962,0.91814038
DIA,3,0.12878669,0.87121331
DIA,3,0.05704953,0.94295047
DIA,3,0.05875884,0.94124116
DIA,3,0.26665665,0.73334335
DIA,3,0.08024797,0.91975203
DIA,3,0.05647660,0.94352340
DIA,3,0.37364293,0.62635707
DIA,3,0.18250128,0.81749872
DIA,3,0.16698104,0.83301896
DIA,3,0.20744536,0.79255464
DIA,3,0.12432908,0.87567092
DIA,3,0.48535162,0.51464838
DIA,3,0.05803790,0.94196210
DIA,3,0.16022488,0.83977512
DIA,3,0.05932843,0.94067157
DIA,3,0.07211474,0.92788526
DIA,3,0.08512293,0.91487707
DIA,3,0.05646755,0.94353245
DIA,3,0.07557551,0.92442449
DIA,3,0.06068419,0.93931581
DIA,3,0.05783457,0.94216543
DIA,3,0.05678446,0.94321554
DIA,3,0.05934818,0.94065182
DIA,3,0.09610757,0.90389243
DIA,3,0.05658190,0.94341810
DIA,3,0.06841961,0.93158039
DIA,3,0.05706592,0.94293408
DIA,3,0.05653004,0.94346996
DIA,3,0.06637621,0.93362379
DIA,3,0.09418899,0.90581101
DIA,3,0.06374219,0.93625781
DIA,3,0.07604900,0.92395100
DIA,3,0.05756873,0.94243127
DIA,3,0.29147768,0.70852232
DIA,3,0.07827507,0.92172493
DIA,3,0.46689020,0.53310980
DIA,3,0.06047755,0.93952245
DIA,3,0.25101381,0.74898619
DIA,3,0.08098662,0.91901338
DIA,3,0.16680966,0.83319034
DIA,3,0.07600383,0.92399617
DIA,3,0.16695729,0.83304271
DIA,3,0.07159723,0.92840277
DIA,3,0.10251062,0.89748938
DIA,3,0.05642888,0.94357112
DIA,3,0.07328106,0.92671894
DIA,3,0.38831394,0.61168606
DIA,3,0.06244606,0.93755394
DIA,3,0.05788214,0.94211786
DIA,3,0.27937663,0.72062337
DIA,3,0.11959417,0.88040583
DIA,3,0.07030997,0.92969003
DIA,3,0.06113113,0.93886887
DIA,3,0.08206838,0.91793162
DIA,3,0.05645942,0.94354058
DIA,3,0.05737203,0.94262797
DIA,3,0.06113926,0.93886074
DIA,3,0.07284652,0.92715348
DIA,3,0.06402484,0.93597516
DIA,3,0.06029604,0.93970396
DIA,3,0.06571809,0.93428191
DIA,3,0.05642818,0.94357182
DIA,3,0.30881360,0.69118640
DIA,3,0.12605716,0.87394284
DIA,3,0.06303543,0.93696457
DIA,3,0.06667918,0.93332082
DIA,3,0.05736687,0.94263313
DIA,3,0.05718774,0.94281226
DIA,3,0.05874135,0.94125865
DIA,3,0.06309080,0.93690920
DIA,3,0.06314681,0.93685319
DIA,3,0.14399001,0.85600999
DIA,3,0.10905709,0.89094291
DIA,3,0.06186444,0.93813556
DIA,3,0.08803868,0.91196132
DIA,3,0.07154009,0.92845991
DIA,3,0.06461482,0.93538518
DIA,3,0.28812347,0.71187653
DIA,3,0.06202608,0.93797392
DIA,3,0.05917101,0.94082899
DIA,3,0.05664245,0.94335755
DIA,3,0.13049746,0.86950254
DIA,3,0.05819980,0.94180020
DIA,3,0.05746283,0.94253717
DIA,3,0.05669675,0.94330325
DIA,3,0.05732437,0.94267563
DIA,3,0.05643377,0.94356623
DIA,3,0.06036158,0.93963842
DIA,3,0.13398602,0.86601398
DIA,3,0.07347921,0.92652079
DIA,3,0.05736601,0.94263399
DIA,3,0.07800991,0.92199009
DIA,3,0.05693966,0.94306034
DIA,3,0.05732604,0.94267396
DIA,3,0.06199001,0.93800999
DIA,3,0.10741057,0.89258943
DIA,3,0.06352500,0.93647500
DIA,3,0.06812251,0.93187749
DIA,3,0.05651909,0.94348091
DIA,3,0.20223472,0.79776528
DIA,3,0.06134369,0.93865631
DIA,3,0.08834951,0.91165049
DIA,3,0.08027542,0.91972458
DIA,3,0.07343696,0.92656304
DIA,3,0.05884714,0.94115286
DIA,3,0.12317022,0.87682978
DIA,3,0.06722435,0.93277565
DIA,3,0.06997495,0.93002505
DIA,3,0.05777856,0.94222144
DIA,3,0.11523723,0.88476277
DIA,3,0.06885732,0.93114268
DIA,3,0.05995313,0.94004687
DIA,3,0.57038418,0.42961582
DIA,3,0.05646107,0.94353893
DIA,3,0.09119554,0.90880446
DIA,3,0.05670064,0.94329936
DIA,3,0.05989419,0.94010581
DIA,3,0.06843818,0.93156182
DIA,3,0.24751975,0.75248025
DIA,3,0.05664001,0.94335999
DIA,3,0.16739339,0.83260661
DIA,3,0.20279374,0.79720626
DIA,3,0.06949992,0.93050008
DIA,3,0.05643007,0.94356993
DIA,3,0.06301224,0.93698776
DIA,3,0.05753327,0.94246673
DIA,3,0.05659604,0.94340396
DIA,3,0.12043143,0.87956857
DIA,3,0.06660977,0.93339023
DIA,3,0.08230448,0.91769552
DIA,3,0.11557394,0.88442606
DIA,3,0.09248627,0.90751373
DIA,3,0.12492918,0.87507082
DIA,3,0.08994152,0.91005848
DIA,3,0.05646842,0.94353158
DIA,3,0.06132084,0.93867916
DIA,3,0.07130214,0.92869786
DIA,3,0.06087667,0.93912333
DIA,3,0.05669542,0.94330458
DIA,3,0.08150478,0.91849522
DIA,3,0.06113698,0.93886302
DIA,3,0.21613367,0.78386633
DIA,3,0.13839845,0.86160155
DIA,3,0.05687103,0.94312897
DIA,3,0.05645289,0.94354711
DIA,3,0.06419005,0.93580995
DIA,3,0.06467885,0.93532115
DIA,3,0.05758857,0.94241143
DIA,3,0.11211571,0.88788429
DIA,3,0.74056432,0.25943568
DIA,3,0.99835642,0.00164358
DIA,3,0.99993795,0.00006205
DIA,3,0.32026255,0.67973745
DIA,3,0.99988316,0.00011684
DIA,3,0.93716099,0.06283901
DIA,3,0.05706846,0.94293154
DIA,3,0.08471329,0.91528671
DIA,3,0.98775454,0.01224546
DIA,3,0.31519219,0.68480781
DIA,3,0.06044792,0.93955208
DIA,3,0.35881571,0.64118429
DIA,3,0.79247606,0.20752394
DIA,3,0.18267176,0.81732824
DIA,3,0.06248114,0.93751886
DIA,3,0.07807920,0.92192080
DIA,3,0.06101820,0.93898180
DIA,3,0.21337589,0.78662411
DIA,3,0.11185757,0.88814243
DIA,3,0.06108130,0.93891870
DIA,3,0.46247722,0.53752278
DIA,3,0.07546184,0.92453816
DIA,3,0.12515719,0.87484281
DIA,3,0.06341822,0.93658178
DIA,3,0.06922266,0.93077734
DIA,3,0.07933546,0.92066454
DIA,3,0.52185907,0.47814093
DIA,3,0.05728340,0.94271660
DIA,3,0.26585145,0.73414855
DIA,3,0.05656151,0.94343849
DIA,3,0.16803525,0.83196475
DIA,3,0.55534790,0.44465210
DIA,3,0.05883821,0.94116179
DIA,3,0.08417295,0.91582705
DIA,3,0.09940641,0.90059359
DIA,3,0.05955962,0.94044038
DIA,3,0.06017273,0.93982727
DIA,3,0.05985004,0.94014996
DIA,3,0.11179003,0.88820997
DIA,3,0.16304375,0.83695625
DIA,3,0.07063850,0.92936150
DIA,3,0.05712834,0.94287166
DIA,3,0.05671170,0.94328830
DIA,3,0.06028136,0.93971864
DIA,3,0.48369766,0.51630234
DIA,3,0.12915317,0.87084683
DIA,3,0.05658407,0.94341593
DIA,3,0.05949547,0.94050453
DIA,3,0.13849125,0.86150875
DIA,3,0.05650036,0.94349964
DIA,3,0.07016126,0.92983874
DIA,3,0.10182565,0.89817435
DIA,3,0.07301074,0.92698926
DIA,3,0.05897785,0.94102215
DIA,3,0.05655282,0.94344718
DIA,3,0.05939892,0.94060108
DIA,3,0.11763532,0.88236468
DIA,3,0.05666605,0.94333395
DIA,3,0.06063623,0.93936377
DIA,3,0.25999433,0.74000567
DIA,3,0.19059178,0.80940822
DIA,3,0.18656424,0.81343576
DIA,3,0.05756696,0.94243304
DIA,3,0.23852190,0.76147810
DIA,3,0.05671568,0.94328432
DIA,3,0.06895765,0.93104235
DIA,3,0.05732932,0.94267068
DIA,3,0.05682728,0.94317272
DIA,3,0.05643472,0.94356528
DIA,3,0.05672394,0.94327606
DIA,3,0.06601464,0.93398536
DIA,3,0.10584760,0.89415240
DIA,3,0.09346984,0.90653016
DIA,3,0.27784048,0.72215952
DIA,3,0.59595580,0.40404420
DIA,3,0.06742184,0.93257816
DIA,3,0.11434421,0.88565579
DIA,3,0.06965017,0.93034983
DIA,3,0.06555823,0.93444177
DIA,3,0.41518480,0.58481520
DIA,3,0.06617326,0.93382674
DIA,3,0.11076687,0.88923313
DIA,3,0.21454785,0.78545215
DIA,3,0.20739565,0.79260435
DIA,3,0.79368446,0.20631554
DIA,3,0.07032550,0.92967450
DIA,3,0.12467713,0.87532287
DIA,3,0.15151418,0.84848582
DIA,3,0.05831566,0.94168434
DIA,3,0.05766727,0.94233273
DIA,3,0.13431259,0.86568741
DIA,3,0.07259777,0.92740223
DIA,3,0.13434906,0.86565094
DIA,3,0.38577481,0.61422519
DIA,3,0.05663851,0.94336149
DIA,3,0.26128414,0.73871586
DIA,3,0.89758575,0.10241425
DIA,3,0.16750040,0.83249960
DIA,3,0.05915325,0.94084675
DIA,3,0.08766022,0.91233978
DIA,3,0.74286049,0.25713951
DIA,3,0.16780603,0.83219397
DIA,3,0.82735193,0.17264807
DIA,3,0.05643139,0.94356861
DIA,3,0.30976692,0.69023308
DIA,3,0.07595580,0.92404420
DIA,3,0.22284946,0.77715054
DIA,3,0.15971190,0.84028810
DIA,3,0.35925235,0.64074765
DIA,3,0.17888554,0.82111446
DIA,3,0.08023676,0.91976324
DIA,3,0.90907553,0.09092447
DIA,3,0.05691788,0.94308212
DIA,3,0.48581416,0.51418584
DIA,3,0.11362794,0.88637206
DIA,3,0.07329966,0.92670034
DIA,3,0.17689699,0.82310301
DIA,3,0.16918319,0.83081681
DIA,3,0.05774820,0.94225180
DIA,3,0.07595404,0.92404596
DIA,3,0.36480341,0.63519659
DIA,3,0.50309617,0.49690383
DIA,3,0.30358614,0.69641386
DIA,3,0.39405258,0.60594742
DIA,3,0.05718910,0.94281090
DIA,3,0.05758438,0.94241562
DIA,3,0.21713496,0.78286504
DIA,3,0.12502631,0.87497369
DIA,3,0.05879211,0.94120789
DIA,3,0.19327971,0.80672029
DIA,3,0.05881915,0.94118085
DIA,3,0.08948389,0.91051611
DIA,3,0.63302579,0.36697421
DIA,3,0.06300481,0.93699519
DIA,3,0.06008412,0.93991588
DIA,3,0.06301166,0.93698834
DIA,3,0.06482520,0.93517480
DIA,3,0.07554525,0.92445475
DIA,3,0.05753141,0.94246859
DIA,3,0.05643899,0.94356101
DIA,3,0.18692069,0.81307931
DIA,3,0.05812223,0.94187777
DIA,3,0.05725850,0.94274150
DIA,3,0.06516437,0.93483563
DIA,3,0.10869473,0.89130527
DIA,3,0.08794838,0.91205162
DIA,3,0.05779596,0.94220404
DIA,3,0.05882370,0.94117630
DIA,3,0.06744966,0.93255034
DIA,3,0.05648804,0.94351196
DIA,3,0.05706654,0.94293346
DIA,3,0.07239815,0.92760185
DIA,3,0.06942388,0.93057612
DIA,3,0.05730365,0.94269635
DIA,3,0.07369100,0.92630900
DIA,3,0.05964965,0.94035035
DIA,3,0.09005103,0.90994897
DIA,3,0.07265597,0.92734403
DIA,3,0.10917659,0.89082341
DIA,3,0.05709992,0.94290008
DIA,3,0.05691087,0.94308913
DIA,3,0.10906334,0.89093666
DIA,3,0.14527649,0.85472351
DIA,3,0.05799686,0.94200314
DIA,3,0.05757150,0.94242850
DIA,3,0.07275187,0.92724813
DIA,3,0.06117051,0.93882949
DIA,3,0.05945785,0.94054215
DIA,3,0.07557130,0.92442870
DIA,3,0.05660955,0.94339045
DIA,3,0.05728309,0.94271691
DIA,3,0.05661422,0.94338578
DIA,3,0.06022680,0.93977320
DIA,3,0.15137891,0.84862109
DIA,3,0.06460985,0.93539015
DIA,3,0.07671351,0.92328649
DIA,3,0.08442801,0.91557199
DIA,3,0.07629453,0.92370547
DIA,3,0.05642860,0.94357140
DIA,3,0.06655869,0.93344131
DIA,3,0.05749184,0.94250816
DIA,3,0.17295590,0.82704410
DIA,3,0.14402548,0.85597452
DIA,3,0.05652252,0.94347748
DIA,3,0.13015738,0.86984262
DIA,3,0.10698127,0.89301873
DIA,3,0.11089365,0.88910635
DIA,3,0.05683799,0.94316201
DIA,3,0.07010661,0.92989339
DIA,3,0.06171471,0.93828529
DIA,3,0.05643753,0.94356247
DIA,3,0.16695576,0.83304424
DIA,3,0.10658437,0.89341563
DIA,3,0.05660477,0.94339523
DIA,3,0.05884089,0.94115911
DIA,3,0.06683310,0.93316690
DIA,3,0.05645542,0.94354458
DIA,3,0.05981992,0.94018008
DIA,3,0.05743596,0.94256404
DIA,3,0.07584258,0.92415742
DIA,3,0.05742861,0.94257139
DIA,3,0.06314152,0.93685848
DIA,3,0.05674199,0.94325801
DIA,3,0.08040909,0.91959091
DIA,3,0.09249421,0.90750579
DIA,3,0.06333416,0.93666584
DIA,3,0.05854948,0.94145052
DIA,3,0.06926226,0.93073774
DIA,3,0.06001897,0.93998103
DIA,3,0.08270737,0.91729263
DIA,3,0.05813921,0.94186079
DIA,3,0.05950289,0.94049711
DIA,3,0.18104157,0.81895843
DIA,3,0.99839033,0.00160967
DIA,3,0.45336545,0.54663455
DIA,3,0.24398790,0.75601210
DIA,3,0.44708448,0.55291552
DIA,3,0.25955499,0.74044501
DIA,3,0.05829449,0.94170551
DIA,3,0.07525072,0.92474928
DIA,3,0.06300762,0.93699238
DIA,3,0.05679826,0.94320174
DIA,3,0.22574577,0.77425423
DIA,3,0.07141131,0.92858869
DIA,3,0.08174022,0.91825978
DIA,3,0.05785774,0.94214226
DIA,3,0.08550131,0.91449869
DIA,3,0.05696020,0.94303980
DIA,3,0.05680298,0.94319702
DIA,3,0.05732204,0.94267796
DIA,3,0.05830194,0.94169806
DIA,3,0.06404409,0.93595591
DIA,3,0.05932243,0.94067757
DIA,3,0.06377217,0.93622783
DIA,3,0.05724744,0.94275256
DIA,3,0.05644393,0.94355607
DIA,3,0.05673426,0.94326574
DIA,3,0.05725844,0.94274156
DIA,3,0.05758024,0.94241976
DIA,3,0.06878414,0.93121586
DIA,3,0.05795624,0.94204376
DIA,3,0.05642877,0.94357123
DIA,3,0.12738383,0.87261617
DIA,3,0.05643017,0.94356983
DIA,3,0.05643624,0.94356376
DIA,3,0.05835092,0.94164908
DIA,3,0.07583057,0.92416943
DIA,3,0.05738733,0.94261267
DIA,3,0.06065550,0.93934450
DIA,3,0.06512340,0.93487660
DIA,3,0.05672610,0.94327390
DIA,3,0.05724024,0.94275976
DIA,3,0.05878389,0.94121611
DIA,3,0.05736785,0.94263215
DIA,3,0.05674966,0.94325034
DIA,3,0.06191752,0.93808248
DIA,3,0.05834835,0.94165165
DIA,3,0.06059776,0.93940224
DIA,3,0.07202728,0.92797272
DIA,3,0.05847874,0.94152126
DIA,3,0.06079501,0.93920499
DIA,3,0.05665825,0.94334175
DIA,3,0.06403823,0.93596177
DIA,3,0.06006710,0.93993290
DIA,3,0.05651761,0.94348239
DIA,3,0.05942600,0.94057400
DIA,3,0.75097923,0.24902077
DIA,3,0.14870789,0.85129211
DIA,3,0.19728289,0.80271711
DIA,3,0.05994938,0.94005062
DIA,3,0.11301533,0.88698467
DIA,3,0.06378713,0.93621287
DIA,3,0.05658304,0.94341696
DIA,3,0.05652004,0.94347996
DIA,3,0.10545757,0.89454243
DIA,3,0.07534050,0.92465950
DIA,3,0.07983229,0.92016771
DIA,3,0.11698490,0.88301510
DIA,3,0.07861425,0.92138575
DIA,3,0.07991664,0.92008336
DIA,3,0.12319430,0.87680570
DIA,3,0.09319675,0.90680325
DIA,3,0.05872705,0.94127295
DIA,3,0.06775780,0.93224220
DIA,3,0.07271166,0.92728834
DIA,3,0.05643880,0.94356120
DIA,3,0.05750799,0.94249201
DIA,3,0.06682752,0.93317248
DIA,3,0.13107745,0.86892255
DIA,3,0.05642876,0.94357124
DIA,3,0.05913646,0.94086354
DIA,3,0.05830100,0.94169900
DIA,3,0.05970749,0.94029251
DIA,3,0.06368278,0.93631722
DIA,3,0.05938991,0.94061009
DIA,3,0.05823527,0.94176473
DIA,3,0.05699057,0.94300943
DIA,3,0.06453900,0.93546100
DIA,3,0.05944741,0.94055259
DIA,3,0.05731415,0.94268585
DIA,3,0.05745628,0.94254372
DIA,3,0.05657672,0.94342328
DIA,3,0.05694582,0.94305418
DIA,3,0.07378380,0.92621620
DIA,3,0.06733353,0.93266647
DIA,3,0.05813447,0.94186553
DIA,3,0.05913727,0.94086273
DIA,3,0.64814911,0.35185089
DIA,3,0.07248939,0.92751061
DIA,3,0.24218393,0.75781607
DIA,3,0.18338523,0.81661477
DIA,3,0.06061236,0.93938764
DIA,3,0.05704740,0.94295260
DIA,3,0.06019909,0.93980091
DIA,3,0.05968238,0.94031762
DIA,3,0.05762352,0.94237648
DIA,3,0.05781104,0.94218896
DIA,3,0.06627437,0.93372563
DIA,3,0.06353327,0.93646673
DIA,3,0.06177197,0.93822803
DIA,3,0.06321975,0.93678025
DIA,3,0.05939314,0.94060686
DIA,3,0.05685479,0.94314521
DIA,3,0.05644262,0.94355738
DIA,3,0.06238365,0.93761635
DIA,3,0.05673713,0.94326287
DIA,3,0.05878223,0.94121777
DIA,3,0.05824591,0.94175409
DIA,3,0.30326711,0.69673289
DIA,3,0.06633833,0.93366167
DIA,3,0.08653971,0.91346029
DIA,3,0.05919901,0.94080099
DIA,3,0.07393715,0.92606285
DIA,3,0.07162344,0.92837656
DIA,3,0.05924825,0.94075175
DIA,3,0.05645252,0.94354748
DIA,3,0.05821171,0.94178829
DIA,3,0.06713474,0.93286526
DIA,3,0.05712682,0.94287318
DIA,3,0.05718535,0.94281465
DIA,3,0.05659877,0.94340123
DIA,3,0.05660658,0.94339342
DIA,3,0.07155667,0.92844333
DIA,3,0.05702833,0.94297167
DIA,3,0.06036883,0.93963117
DIA,3,0.07325169,0.92674831
DIA,3,0.06216845,0.93783155
DIA,3,0.05801124,0.94198876
DIA,3,0.06055994,0.93944006
DIA,3,0.06236440,0.93763560
DIA,3,0.05804190,0.94195810
DIA,3,0.06748940,0.93251060
DIA,3,0.05982200,0.94017800
DIA,3,0.05654563,0.94345437
DIA,3,0.06058352,0.93941648
DIA,3,0.05721479,0.94278521
DIA,3,0.06291938,0.93708062
DIA,3,0.06608868,0.93391132
DIA,3,0.05685136,0.94314864
DIA,3,0.07185444,0.92814556
DIA,3,0.09463674,0.90536326
DIA,3,0.05871276,0.94128724
DIA,3,0.05645941,0.94354059
DIA,3,0.07594352,0.92405648
DIA,3,0.07373328,0.92626672
DIA,3,0.05679762,0.94320238
DIA,3,0.05643759,0.94356241
DIA,3,0.10954447,0.89045553
DIA,3,0.05644444,0.94355556
DIA,3,0.05787846,0.94212154
DIA,3,0.05771368,0.94228632
DIA,3,0.07269900,0.92730100
DIA,3,0.06991326,0.93008674
DIA,3,0.08610836,0.91389164
DIA,3,0.06868725,0.93131275
DIA,3,0.07164205,0.92835795
DIA,3,0.05668282,0.94331718
DIA,3,0.05644654,0.94355346
DIA,3,0.07271440,0.92728560
DIA,3,0.05828317,0.94171683
DIA,3,0.05785899,0.94214101
DIA,3,0.05661131,0.94338869
DIA,3,0.05670012,0.94329988
DIA,3,0.05702263,0.94297737
DIA,3,0.24709350,0.75290650
DIA,3,0.06454523,0.93545477
DIA,3,0.05646963,0.94353037
DIA,3,0.05932321,0.94067679
DIA,3,0.05752907,0.94247093
DIA,3,0.06179156,0.93820844
DIA,3,0.05643619,0.94356381
DIA,3,0.05852574,0.94147426
DIA,3,0.05673149,0.94326851
DIA,3,0.05859444,0.94140556
DIA,3,0.06959197,0.93040803
DIA,3,0.05646553,0.94353447
DIA,3,0.05687023,0.94312977
DIA,3,0.05655391,0.94344609
DIA,3,0.15045390,0.84954610
DIA,3,0.05712562,0.94287438
DIA,3,0.05645479,0.94354521
DIA,3,0.06007767,0.93992233
DIA,3,0.05914368,0.94085632
DIA,3,0.08327630,0.91672370
DIA,3,0.05731974,0.94268026
DIA,3,0.06105974,0.93894026
DIA,3,0.06032006,0.93967994
DIA,3,0.05676615,0.94323385
DIA,3,0.05789239,0.94210761
DIA,3,0.05788566,0.94211434
DIA,3,0.05656456,0.94343544
DIA,3,0.05646388,0.94353612
DIA,3,0.05643094,0.94356906
DIA,3,0.05647391,0.94352609
DIA,3,0.06025690,0.93974310
DIA,3,0.08215181,0.91784819
DIA,3,0.09656683,0.90343317
DIA,3,0.06727015,0.93272985
DIA,3,0.07599696,0.92400304
DIA,3,0.09169010,0.90830990
DIA,3,0.05668629,0.94331371
DIA,3,0.12693380,0.87306620
DIA,3,0.16190459,0.83809541
DIA,3,0.05643132,0.94356868
DIA,3,0.05643625,0.94356375
DIA,3,0.05821297,0.94178703
DIA,3,0.05735303,0.94264697
DIA,3,0.05761161,0.94238839
DIA,3,0.05655614,0.94344386
DIA,3,0.05645957,0.94354043
DIA,3,0.05948774,0.94051226
DIA,3,0.05652468,0.94347532
DIA,3,0.05773727,0.94226273
DIA,3,0.05774213,0.94225787
DIA,3,0.05713027,0.94286973
DIA,3,0.05703331,0.94296669
DIA,3,0.06387163,0.93612837
DIA,3,0.05645315,0.94354685
DIA,3,0.45927085,0.54072915
DIA,3,0.05708421,0.94291579
DIA,3,0.08287363,0.91712637
DIA,3,0.06848112,0.93151888
DIA,3,0.05899259,0.94100741
DIA,3,0.06264777,0.93735223
DIA,3,0.06243674,0.93756326
DIA,3,0.05643581,0.94356419
DIA,3,0.05912465,0.94087535
DIA,3,0.05707700,0.94292300
DIA,3,0.07699623,0.92300377
DIA,3,0.06198399,0.93801601
DIA,3,0.05671392,0.94328608
DIA,3,0.05899589,0.94100411
DIA,3,0.05751419,0.94248581
DIA,3,0.05657170,0.94342830
DIA,3,0.06496199,0.93503801
DIA,3,0.05726449,0.94273551
DIA,3,0.06476059,0.93523941
DIA,3,0.05920877,0.94079123
DIA,3,0.05653778,0.94346222
DIA,3,0.05691686,0.94308314
DIA,3,0.08072000,0.91928000
DIA,3,0.05883877,0.94116123
DIA,3,0.06026956,0.93973044
DIA,3,0.05675379,0.94324621
DIA,3,0.05643746,0.94356254
DIA,3,0.05664409,0.94335591
DIA,3,0.06632965,0.93367035
DIA,3,0.07700730,0.92299270
DIA,3,0.08486448,0.91513552
DIA,3,0.05884465,0.94115535
DIA,3,0.72513146,0.27486854
DIA,3,0.05667320,0.94332680
DIA,3,0.05653881,0.94346119
DIA,3,0.15657915,0.84342085
DIA,3,0.06297040,0.93702960
DIA,3,0.05820023,0.94179977
DIA,3,0.05840319,0.94159681
DIA,3,0.06063462,0.93936538
DIA,3,0.06071720,0.93928280
DIA,3,0.05818004,0.94181996
DIA,3,0.05819180,0.94180820
DIA,3,0.05869695,0.94130305
DIA,3,0.05660848,0.94339152
DIA,3,0.05914440,0.94085560
DIA,3,0.05663988,0.94336012
DIA,3,0.05921339,0.94078661
DIA,3,0.05827582,0.94172418
DIA,3,0.05697505,0.94302495
DIA,3,0.08178408,0.91821592
DIA,3,0.06500070,0.93499930
DIA,3,0.05703594,0.94296406
DIA,3,0.06863653,0.93136347
DIA,3,0.05647006,0.94352994
DIA,3,0.05657029,0.94342971
DIA,3,0.06043881,0.93956119
DIA,3,0.05839404,0.94160596
DIA,3,0.05710849,0.94289151
DIA,3,0.05711364,0.94288636
DIA,3,0.06306086,0.93693914
DIA,3,0.05832478,0.94167522
DIA,3,0.08294077,0.91705923
DIA,3,0.05669466,0.94330534
DIA,3,0.08335197,0.91664803
DIA,3,0.05785711,0.94214289
DIA,3,0.08196527,0.91803473
DIA,3,0.06496455,0.93503545
DIA,3,0.05965413,0.94034587
DIA,3,0.05760087,0.94239913
DIA,3,0.06207073,0.93792927
DIA,3,0.05678341,0.94321659
DIA,3,0.05937742,0.94062258
DIA,3,0.06271147,0.93728853
DIA,3,0.05711696,0.94288304
DIA,3,0.05651829,0.94348171
DIA,3,0.05649207,0.94350793
DIA,3,0.05646356,0.94353644
DIA,3,0.06510087,0.93489913
DIA,3,0.05830560,0.94169440
DIA,3,0.05659071,0.94340929
DIA,3,0.05706197,0.94293803
DIA,3,0.07459227,0.92540773
DIA,3,0.08702317,0.91297683
DIA,3,0.06242719,0.93757281
DIA,3,0.05989045,0.94010955
DIA,3,0.08245163,0.91754837
DIA,3,0.05850468,0.94149532
DIA,3,0.05696284,0.94303716
DIA,3,0.05689702,0.94310298
DIA,3,0.13731907,0.86268093
DIA,3,0.06970559,0.93029441
DIA,3,0.23583801,0.76416199
DIA,3,0.05660304,0.94339696
DIA,3,0.05866079,0.94133921
DIA,3,0.06561832,0.93438168
DIA,3,0.05821880,0.94178120
DIA,3,0.05989372,0.94010628
DIA,3,0.06911621,0.93088379
DIA,3,0.05982490,0.94017510
DIA,3,0.06861218,0.93138782
DIA,3,0.06256750,0.93743250
DIA,3,0.06017643,0.93982357
DIA,3,0.07145609,0.92854391
DIA,3,0.07544534,0.92455466
DIA,3,0.05689298,0.94310702
DIA,3,0.05717960,0.94282040
DIA,3,0.05842619,0.94157381
DIA,3,0.05682104,0.94317896
DIA,3,0.05649986,0.94350014
DIA,3,0.05695548,0.94304452
DIA,3,0.05959225,0.94040775
DIA,3,0.06630420,0.93369580
DIA,3,0.06322641,0.93677359
DIA,3,0.06511555,0.93488445
DIA,3,0.07777916,0.92222084
DIA,3,0.10780524,0.89219476
DIA,3,0.05644223,0.94355777
DIA,3,0.06375842,0.93624158
DIA,3,0.05649351,0.94350649
DIA,3,0.09227912,0.90772088
DIA,3,0.11226513,0.88773487
DIA,3,0.05647588,0.94352412
DIA,3,0.17367535,0.82632465
DIA,3,0.05996164,0.94003836
DIA,3,0.05780177,0.94219823
DIA,3,0.07158323,0.92841677
DIA,3,0.05647577,0.94352423
DIA,3,0.05748668,0.94251332
DIA,3,0.07089642,0.92910358
DIA,3,0.10292941,0.89707059
DIA,3,0.07450201,0.92549799
DIA,3,0.24860137,0.75139863
DIA,3,0.05754568,0.94245432
DIA,3,0.05772390,0.94227610
DIA,3,0.92855683,0.07144317
DIA,3,0.99999997,0.00000003
DIA,3,0.55281091,0.44718909
DIA,3,0.05719275,0.94280725
DIA,3,0.99999266,0.00000734
DIA,3,0.12212715,0.87787285
DIA,3,0.46252864,0.53747136
DIA,3,0.06129104,0.93870896
DIA,3,0.12441354,0.87558646
DIA,3,0.19332342,0.80667658
DIA,3,0.05777698,0.94222302
DIA,3,0.12300610,0.87699390
DIA,3,0.08815371,0.91184629
DIA,3,0.07496716,0.92503284
DIA,3,0.25057845,0.74942155
DIA,3,0.38234216,0.61765784
DIA,3,0.12887503,0.87112497
DIA,3,0.34068494,0.65931506
DIA,3,0.48467999,0.51532001
DIA,3,0.06463152,0.93536848
DIA,3,0.21223742,0.78776258
DIA,3,0.05758498,0.94241502
DIA,3,0.06136748,0.93863252
DIA,3,0.06175059,0.93824941
DIA,3,0.45313885,0.54686115
DIA,3,0.06725156,0.93274844
DIA,3,0.08573578,0.91426422
DIA,3,0.13299019,0.86700981
DIA,3,0.06342820,0.93657180
DIA,3,0.06159721,0.93840279
DIA,3,0.20242045,0.79757955
DIA,3,0.06230028,0.93769972
DIA,3,0.05735437,0.94264563
DIA,3,0.98936086,0.01063914
DIA,3,0.64654778,0.35345222
DIA,3,0.95369849,0.04630151
DIA,3,0.15955338,0.84044662
DIA,3,0.05736599,0.94263401
DIA,3,0.12739568,0.87260432
DIA,3,0.48287649,0.51712351
DIA,3,0.26449915,0.73550085
DIA,3,0.13615148,0.86384852
DIA,3,0.13518475,0.86481525
DIA,3,0.82171678,0.17828322
DIA,3,0.05643079,0.94356921
DIA,3,0.45169657,0.54830343
DIA,3,0.08564488,0.91435512
DIA,3,0.14647881,0.85352119
DIA,3,0.06454425,0.93545575
DIA,3,0.09604121,0.90395879
DIA,3,0.10858539,0.89141461
DIA,3,0.05672144,0.94327856
DIA,3,0.06226204,0.93773796
DIA,3,0.09863743,0.90136257
DIA,3,0.05711223,0.94288777
DIA,3,0.43068298,0.56931702
DIA,3,0.05696522,0.94303478
DIA,3,0.12134050,0.87865950
DIA,3,0.05652613,0.94347387
DIA,3,0.07566312,0.92433688
DIA,3,0.06117979,0.93882021
DIA,3,0.08647563,0.91352437
DIA,3,0.05647723,0.94352277
DIA,3,0.22481491,0.77518509
DIA,3,0.06890870,0.93109130
DIA,3,0.05650937,0.94349063
DIA,3,0.08557661,0.91442339
DIA,3,0.09889829,0.90110171
DIA,3,0.06533269,0.93466731
DIA,3,0.06048901,0.93951099
DIA,3,0.08799884,0.91200116
DIA,3,0.05796988,0.94203012
DIA,3,0.05826402,0.94173598
DIA,3,0.05643125,0.94356875
DIA,3,0.16348771,0.83651229
DIA,3,0.07572992,0.92427008
DIA,3,0.05744145,0.94255855
DIA,3,0.06031494,0.93968506
DIA,3,0.05939052,0.94060948
DIA,3,0.34002219,0.65997781
DIA,3,0.14432260,0.85567740
DIA,3,0.10755337,0.89244663
DIA,3,0.09442244,0.90557756
DIA,3,0.09065122,0.90934878
DIA,3,0.05643322,0.94356678
DIA,3,0.22188695,0.77811305
DIA,3,0.06774081,0.93225919
DIA,3,0.06133726,0.93866274
DIA,3,0.05648908,0.94351092
DIA,3,0.05643044,0.94356956
DIA,3,0.06723741,0.93276259
DIA,3,0.05731748,0.94268252
DIA,3,0.06191246,0.93808754
DIA,3,0.06537038,0.93462962
DIA,3,0.16110116,0.83889884
DIA,3,0.05957156,0.94042844
DIA,3,0.09307587,0.90692413
DIA,3,0.06507107,0.93492893
DIA,3,0.19504167,0.80495833
DIA,3,0.05644583,0.94355417
DIA,3,0.08023313,0.91976687
DIA,3,0.06242410,0.93757590
DIA,3,0.05950235,0.94049765
DIA,3,0.05772051,0.94227949
DIA,3,0.07051257,0.92948743
DIA,3,0.08251249,0.91748751
DIA,3,0.06692535,0.93307465
DIA,3,0.20734544,0.79265456
DIA,3,0.08027557,0.91972443
DIA,3,0.09667853,0.90332147
DIA,3,0.09462623,0.90537377
DIA,3,0.06597104,0.93402896
DIA,3,0.05851903,0.94148097
DIA,3,0.05878606,0.94121394
DIA,3,0.06143790,0.93856210
DIA,3,0.06910207,0.93089793
DIA,3,0.05665115,0.94334885
DIA,3,0.05658253,0.94341747
DIA,3,0.09047909,0.90952091
DIA,3,0.08631439,0.91368561
DIA,3,0.06843104,0.93156896
DIA,3,0.05966073,0.94033927
DIA,3,0.07433981,0.92566019
DIA,3,0.06303160,0.93696840
DIA,3,0.06005732,0.93994268
DIA,3,0.05655059,0.94344941
DIA,3,0.07022135,0.92977865
DIA,3,0.05824302,0.94175698
DIA,3,0.06891599,0.93108401
DIA,3,0.05729003,0.94270997
DIA,3,0.06072942,0.93927058
DIA,3,0.09195631,0.90804369
DIA,3,0.07181251,0.92818749
DIA,3,0.06413196,0.93586804
DIA,3,0.06861941,0.93138059
DIA,3,0.28758872,0.71241128
DIA,3,0.07171524,0.92828476
DIA,3,0.06334151,0.93665849
DIA,3,0.05956591,0.94043409
DIA,3,0.06131517,0.93868483
DIA,3,0.06137556,0.93862444
DIA,3,0.06807668,0.93192332
DIA,3,0.12843073,0.87156927
DIA,3,0.05728390,0.94271610
DIA,3,0.05884801,0.94115199
DIA,3,0.06934874,0.93065126
DIA,3,0.05716282,0.94283718
DIA,3,0.05656547,0.94343453
DIA,3,0.05675828,0.94324172
DIA,3,0.05677002,0.94322998
DIA,3,0.06047946,0.93952054
DIA,3,0.05936432,0.94063568
DIA,3,0.06472291,0.93527709
DIA,3,0.05736637,0.94263363
DIA,3,0.07278927,0.92721073
DIA,3,0.05668450,0.94331550
DIA,3,0.06215217,0.93784783
DIA,3,0.08000471,0.91999529
DIA,3,0.07899500,0.92100500
DIA,3,0.11982136,0.88017864
DIA,3,0.06374188,0.93625812
DIA,3,0.07882404,0.92117596
DIA,3,0.06128159,0.93871841
DIA,3,0.06503473,0.93496527
DIA,3,0.05784705,0.94215295
DIA,3,0.05677349,0.94322651
DIA,3,0.08539994,0.91460006
DIA,3,0.06941488,0.93058512
DIA,3,0.05901206,0.94098794
DIA,3,0.08592590,0.91407410
DIA,3,0.08636333,0.91363667
DIA,3,0.05681181,0.94318819
DIA,3,0.05811278,0.94188722
DIA,3,0.99662386,0.00337614
DIA,3,0.88192528,0.11807472
DIA,3,0.11438554,0.88561446
DIA,3,0.05893436,0.94106564
DIA,3,0.71788750,0.28211250
DIA,3,0.05800120,0.94199880
DIA,3,0.19733330,0.80266670
DIA,3,0.05723798,0.94276202
DIA,3,0.06724580,0.93275420
DIA,3,0.07016908,0.92983092
DIA,3,0.90727405,0.09272595
DIA,3,0.24075446,0.75924554
DIA,3,0.13033253,0.86966747
DIA,3,0.13544508,0.86455492
DIA,3,0.36624244,0.63375756
DIA,3,0.14345760,0.85654240
DIA,3,0.14750805,0.85249195
DIA,3,0.06242493,0.93757507
DIA,3,0.08306858,0.91693142
DIA,3,0.08521528,0.91478472
DIA,3,0.73959967,0.26040033
DIA,3,0.05837229,0.94162771
DIA,3,0.08953248,0.91046752
DIA,3,0.88337807,0.11662193
DIA,3,0.07378759,0.92621241
DIA,3,0.09716229,0.90283771
DIA,3,0.08976203,0.91023797
DIA,3,0.07190327,0.92809673
DIA,3,0.28906308,0.71093692
DIA,3,0.85801182,0.14198818
DIA,3,0.05802589,0.94197411
DIA,3,0.08414116,0.91585884
DIA,3,0.23314490,0.76685510
DIA,3,0.07180370,0.92819630
DIA,3,0.91399848,0.08600152
DIA,3,0.05673124,0.94326876
DIA,3,0.08901281,0.91098719
DIA,3,0.15571055,0.84428945
DIA,3,0.99236256,0.00763744
DIA,3,0.07327475,0.92672525
DIA,3,0.82314742,0.17685258
DIA,3,0.05645118,0.94354882
DIA,3,0.05825430,0.94174570
DIA,3,0.07738745,0.92261255
DIA,3,0.06163754,0.93836246
DIA,3,0.63107916,0.36892084
DIA,3,0.82485734,0.17514266
DIA,3,0.05777641,0.94222359
DIA,3,0.25477958,0.74522042
DIA,3,0.70757303,0.29242697
DIA,3,0.61485767,0.38514233
DIA,3,0.99375260,0.00624740
DIA,3,0.99999967,0.00000033
DIA,3,0.30005875,0.69994125
DIA,3,0.05858687,0.94141313
DIA,3,0.13551666,0.86448334
DIA,3,0.05765707,0.94234293
DIA,3,0.98072714,0.01927286
DIA,3,0.98994490,0.01005510
DIA,3,0.08093039,0.91906961
DIA,3,0.14762831,0.85237169
DIA,3,0.06602861,0.93397139
DIA,3,0.07074854,0.92925146
DIA,3,0.05643202,0.94356798
DIA,3,0.06255723,0.93744277
DIA,3,0.07561845,0.92438155
DIA,3,0.07737358,0.92262642
DIA,3,0.08412214,0.91587786
DIA,3,0.24013691,0.75986309
DIA,3,0.14441631,0.85558369
DIA,3,0.07398443,0.92601557
DIA,3,0.05650869,0.94349131
DIA,3,0.08659111,0.91340889
DIA,3,0.09119585,0.90880415
DIA,3,0.05731265,0.94268735
DIA,3,0.43965040,0.56034960
DIA,3,0.05677712,0.94322288
DIA,3,0.05921823,0.94078177
DIA,3,0.08279275,0.91720725
DIA,3,0.08562870,0.91437130
DIA,3,0.05646760,0.94353240
DIA,3,0.10249034,0.89750966
DIA,3,0.06133838,0.93866162
DIA,3,0.05883506,0.94116494
DIA,3,0.26017889,0.73982111
DIA,3,0.07342631,0.92657369
DIA,3,0.06271527,0.93728473
DIA,3,0.38405827,0.61594173
DIA,3,0.05771163,0.94228837
DIA,3,0.05919193,0.94080807
DIA,3,0.06360967,0.93639033
DIA,3,0.07932055,0.92067945
DIA,3,0.06014541,0.93985459
DIA,3,0.05695132,0.94304868
DIA,3,0.06039112,0.93960888
DIA,3,0.06026611,0.93973389
DIA,3,0.06404082,0.93595918
DIA,3,0.08788160,0.91211840
DIA,3,0.05700364,0.94299636
DIA,3,0.06977879,0.93022121
DIA,3,0.09429750,0.90570250
DIA,3,0.05747760,0.94252240
DIA,3,0.09011295,0.90988705
DIA,3,0.06068064,0.93931936
DIA,3,0.07115104,0.92884896
DIA,3,0.05664092,0.94335908
DIA,3,0.07089824,0.92910176
DIA,3,0.06029685,0.93970315
DIA,3,0.05673131,0.94326869
DIA,3,0.07197406,0.92802594
DIA,3,0.09118755,0.90881245
DIA,3,0.40617379,0.59382621
DIA,3,0.05675694,0.94324306
DIA,3,0.07130613,0.92869387
DIA,3,0.05662921,0.94337079
DIA,3,0.06195331,0.93804669
DIA,3,0.09711627,0.90288373
DIA,3,0.20522208,0.79477792
DIA,3,0.05824238,0.94175762
DIA,3,0.05703905,0.94296095
DIA,3,0.07709882,0.92290118
DIA,3,0.05833718,0.94166282
DIA,3,0.06071757,0.93928243
DIA,3,0.08747757,0.91252243
DIA,3,0.05648285,0.94351715
DIA,3,0.05653490,0.94346510
DIA,3,0.12462640,0.87537360
DIA,3,0.05644643,0.94355357
DIA,3,0.05919767,0.94080233
DIA,3,0.05642837,0.94357163
DIA,3,0.06447427,0.93552573
DIA,3,0.05743147,0.94256853
DIA,3,0.07020530,0.92979470
DIA,3,0.05788215,0.94211785
DIA,3,0.06988880,0.93011120
DIA,3,0.05949887,0.94050113
DIA,3,0.05663553,0.94336447
DIA,3,0.05744902,0.94255098
DIA,3,0.07478187,0.92521813
DIA,3,0.06926021,0.93073979
DIA,3,0.08292386,0.91707614
DIA,3,0.05795530,0.94204470
DIA,3,0.48243225,0.51756775
DIA,3,0.05735522,0.94264478
DIA,3,0.07029595,0.92970405
DIA,3,0.06424924,0.93575076
DIA,3,0.86132716,0.13867284
DIA,3,0.07590876,0.92409124
DIA,3,0.06944805,0.93055195
DIA,3,0.10272657,0.89727343
DIA,3,0.06109564,0.93890436
DIA,3,0.06246697,0.93753303
DIA,3,0.08525867,0.91474133
DIA,3,0.06122978,0.93877022
DIA,3,0.15027666,0.84972334
DIA,3,0.05987175,0.94012825
DIA,3,0.10452571,0.89547429
DIA,3,0.11123354,0.88876646
DIA,3,0.05685824,0.94314176
DIA,3,0.23096952,0.76903048
DIA,3,0.05679526,0.94320474
DIA,3,0.65299598,0.34700402
DIA,3,0.11886787,0.88113213
DIA,3,0.08909886,0.91090114
DIA,3,0.13158916,0.86841084
DIA,3,0.06311701,0.93688299
DIA,3,0.05648226,0.94351774
DIA,3,0.05786247,0.94213753
DIA,3,0.06294666,0.93705334
DIA,3,0.05647657,0.94352343
DIA,3,0.05673448,0.94326552
DIA,3,0.21098026,0.78901974
DIA,3,0.05937206,0.94062794
DIA,3,0.11126892,0.88873108
DIA,3,0.05658708,0.94341292
DIA,3,0.05644490,0.94355510
DIA,3,0.08029025,0.91970975
DIA,3,0.05684542,0.94315458
DIA,3,0.05650566,0.94349434
DIA,3,0.05991694,0.94008306
DIA,3,0.06664812,0.93335188
DIA,3,0.06037880,0.93962120
DIA,3,0.08105217,0.91894783
DIA,3,0.05697551,0.94302449
DIA,3,0.06588712,0.93411288
DIA,3,0.05711368,0.94288632
DIA,3,0.05998419,0.94001581
DIA,3,0.10062902,0.89937098
DIA,3,0.11442471,0.88557529
DIA,3,0.05771575,0.94228425
DIA,3,0.05674140,0.94325860
DIA,3,0.06546663,0.93453337
DIA,3,0.05645350,0.94354650
DIA,3,0.05926432,0.94073568
DIA,3,0.05652695,0.94347305
DIA,3,0.07857152,0.92142848
DIA,3,0.05890346,0.94109654
DIA,3,0.06840294,0.93159706
DIA,3,0.05737367,0.94262633
DIA,3,0.05710809,0.94289191
DIA,3,0.05666781,0.94333219
DIA,3,0.17629153,0.82370847
DIA,3,0.15187238,0.84812762
DIA,3,0.06628128,0.93371872
DIA,3,0.98807170,0.01192830
DIA,3,0.11526768,0.88473232
DIA,3,0.05644046,0.94355954
DIA,3,0.24421575,0.75578425
DIA,3,0.05894373,0.94105627
DIA,3,0.28797028,0.71202972
DIA,3,0.20565131,0.79434869
DIA,3,0.98858123,0.01141877
DIA,3,0.05739291,0.94260709
DIA,3,0.16815743,0.83184257
DIA,3,0.13528896,0.86471104
DIA,3,0.07382193,0.92617807
DIA,3,0.09888859,0.90111141
DIA,3,0.05942270,0.94057730
DIA,3,0.86646568,0.13353432
DIA,3,0.09717813,0.90282187
DIA,3,0.06319722,0.93680278
DIA,3,0.11578761,0.88421239
DIA,3,0.20098242,0.79901758
DIA,3,0.05948225,0.94051775
DIA,3,0.13561347,0.86438653
DIA,3,0.09285283,0.90714717
DIA,3,0.26606049,0.73393951
DIA,3,0.06316712,0.93683288
DIA,3,0.05750703,0.94249297
DIA,3,0.05988683,0.94011317
DIA,3,0.09954402,0.90045598
DIA,3,0.05890686,0.94109314
DIA,3,0.05739307,0.94260693
DIA,3,0.06957783,0.93042217
DIA,3,0.05671743,0.94328257
DIA,3,0.05733752,0.94266248
DIA,3,0.05783938,0.94216062
DIA,3,0.07504154,0.92495846
DIA,3,0.05642977,0.94357023
DIA,3,0.06971285,0.93028715
DIA,3,0.07231033,0.92768967
DIA,3,0.05914489,0.94085511
DIA,3,0.06009690,0.93990310
DIA,3,0.06152379,0.93847621
DIA,3,0.17949160,0.82050840
DIA,3,0.60446762,0.39553238
DIA,3,0.06087198,0.93912802
DIA,3,0.25807615,0.74192385
DIA,3,0.05883826,0.94116174
DIA,3,0.17143682,0.82856318
DIA,3,0.07351598,0.92648402
DIA,3,0.07663437,0.92336563
DIA,3,0.17986925,0.82013075
DIA,3,0.05643913,0.94356087
DIA,3,0.10030761,0.89969239
DIA,3,0.05644662,0.94355338
DIA,3,0.05672319,0.94327681
DIA,3,0.11175897,0.88824103
DIA,3,0.05725731,0.94274269
DIA,3,0.05717561,0.94282439
DIA,3,0.05764358,0.94235642
DIA,3,0.05681239,0.94318761
DIA,3,0.07187290,0.92812710
DIA,3,0.07047511,0.92952489
DIA,3,0.05646919,0.94353081
DIA,3,0.06447983,0.93552017
DIA,3,0.06777513,0.93222487
DIA,3,0.13229137,0.86770863
DIA,3,0.06883223,0.93116777
DIA,3,0.05740465,0.94259535
DIA,3,0.05642820,0.94357180
DIA,3,0.07872055,0.92127945
DIA,3,0.05668703,0.94331297
DIA,3,0.05649361,0.94350639
DIA,3,0.05642829,0.94357171
DIA,3,0.06146571,0.93853429
DIA,3,0.05644775,0.94355225
DIA,3,0.09190863,0.90809137
DIA,3,0.05778921,0.94221079
DIA,3,0.06227465,0.93772535
DIA,3,0.06559374,0.93440626
DIA,3,0.05881845,0.94118155
DIA,3,0.06310209,0.93689791
DIA,3,0.08378915,0.91621085
DIA,3,0.05932250,0.94067750
DIA,3,0.05761211,0.94238789
DIA,3,0.06361489,0.93638511
DIA,3,0.11932639,0.88067361
DIA,3,0.13821381,0.86178619
DIA,3,0.06615589,0.93384411
DIA,3,0.05745556,0.94254444
DIA,3,0.17138715,0.82861285
DIA,3,0.06001476,0.93998524
DIA,3,0.05720122,0.94279878
DIA,3,0.05678105,0.94321895
DIA,3,0.09197770,0.90802230
DIA,3,0.05668992,0.94331008
DIA,3,0.06227494,0.93772506
DIA,3,0.05722666,0.94277334
DIA,3,0.05678403,0.94321597
DIA,3,0.06723228,0.93276772
DIA,3,0.06092254,0.93907746
DIA,3,0.06244569,0.93755431
DIA,3,0.05688938,0.94311062
DIA,3,0.06234147,0.93765853
DIA,3,0.05697645,0.94302355
DIA,3,0.07689593,0.92310407
DIA,3,0.05844403,0.94155597
DIA,3,0.15681274,0.84318726
DIA,3,0.08354311,0.91645689
DIA,3,0.05770672,0.94229328
DIA,3,0.06412098,0.93587902
DIA,3,0.07036813,0.92963187
DIA,3,0.08979224,0.91020776
DIA,3,0.06380155,0.93619845
DIA,3,0.05915430,0.94084570
DIA,3,0.05719280,0.94280720
DIA,3,0.06124402,0.93875598
DIA,3,0.11037554,0.88962446
DIA,3,0.05915400,0.94084600
DIA,3,0.06889746,0.93110254
DIA,3,0.05672891,0.94327109
DIA,3,0.05681283,0.94318717
DIA,3,0.07379045,0.92620955
DIA,3,0.34630144,0.65369856
DIA,3,0.06982119,0.93017881
DIA,3,0.05685968,0.94314032
DIA,3,0.06592679,0.93407321
DIA,3,0.68133075,0.31866925
DIA,3,0.06152455,0.93847545
DIA,3,0.26022498,0.73977502
DIA,3,0.46055727,0.53944273
DIA,3,0.06535049,0.93464951
DIA,3,0.10943136,0.89056864
DIA,3,0.06886829,0.93113171
DIA,3,0.05652001,0.94347999
DIA,3,0.11052115,0.88947885
DIA,3,0.06246706,0.93753294
DIA,3,0.05708455,0.94291545
DIA,3,0.07311252,0.92688748
DIA,3,0.06213073,0.93786927
DIA,3,0.06403852,0.93596148
DIA,3,0.09363108,0.90636892
DIA,3,0.99977873,0.00022127
DIA,3,0.99927580,0.00072420
DIA,3,0.08336417,0.91663583
DIA,3,0.99999925,0.00000075
DIA,3,0.42390967,0.57609033
DIA,3,0.99999994,0.00000006
DIA,3,0.92667974,0.07332026
DIA,3,0.99999146,0.00000854
DIA,3,0.99807161,0.00192839
DIA,3,0.18359902,0.81640098
DIA,3,1.00000000,0.00000000
DIA,3,0.99998783,0.00001217
DIA,3,1.00000000,0.00000000
DIA,3,1.00000000,0.00000000
DIA,3,1.00000000,0.00000000
DIA,3,1.00000000,0.00000000
DIA,3,0.99996887,0.00003113
DIA,3,1.00000000,0.00000000
DIA,3,0.06860823,0.93139177
DIA,3,0.99999959,0.00000041
DIA,3,0.99891759,0.00108241
DIA,3,1.00000000,0.00000000
DIA,3,0.99770820,0.00229180
DIA,3,1.00000000,0.00000000
DIA,3,0.99980899,0.00019101
DIA,3,0.97265049,0.02734951
DIA,3,0.35393935,0.64606065
DIA,3,0.99999974,0.00000026
DIA,3,0.48287505,0.51712495
DIA,3,0.27796532,0.72203468
DIA,3,1.00000000,0.00000000
DIA,3,0.06748424,0.93251576
DIA,3,0.99867284,0.00132716
DIA,3,0.24748671,0.75251329
DIA,3,0.19314914,0.80685086
DIA,3,0.77896144,0.22103856
DIA,3,0.38783396,0.61216604
DIA,3,0.05642877,0.94357123
DIA,3,0.98720563,0.01279437
DIA,3,0.77552573,0.22447427
DIA,3,0.98493118,0.01506882
DIA,3,0.40994071,0.59005929
DIA,3,0.06198861,0.93801139
DIA,3,0.14673312,0.85326688
DIA,3,0.31530059,0.68469941
DIA,3,0.05643518,0.94356482
DIA,3,0.74093355,0.25906645
DIA,3,0.12146764,0.87853236
DIA,3,0.95815310,0.04184690
DIA,3,0.05703526,0.94296474
DIA,3,0.07306083,0.92693917
DIA,3,0.09850928,0.90149072
DIA,3,0.09344067,0.90655933
DIA,3,0.58649776,0.41350224
DIA,3,0.06022065,0.93977935
DIA,3,0.57933436,0.42066564
DIA,3,0.85937595,0.14062405
DIA,3,0.24600795,0.75399205
DIA,3,0.06390850,0.93609150
DIA,3,0.99989712,0.00010288
DIA,3,0.19494270,0.80505730
DIA,3,0.22268833,0.77731167
DIA,3,0.06099913,0.93900087
DIA,3,0.05658743,0.94341257
DIA,3,0.71605745,0.28394255
DIA,3,0.85918179,0.14081821
DIA,3,0.06391560,0.93608440
DIA,3,0.05720834,0.94279166
DIA,3,0.06174760,0.93825240
DIA,3,0.13512334,0.86487666
DIA,3,0.70445191,0.29554809
DIA,3,0.05837071,0.94162929
DIA,3,0.99405633,0.00594367
DIA,3,0.56243775,0.43756225
DIA,3,0.11310071,0.88689929
DIA,3,0.15191836,0.84808164
DIA,3,1.00000000,0.00000000
DIA,3,0.19559846,0.80440154
DIA,3,0.08982034,0.91017966
DIA,3,0.71205531,0.28794469
DIA,3,0.06834876,0.93165124
DIA,3,0.05839898,0.94160102
DIA,3,0.09544289,0.90455711
DIA,3,0.07013320,0.92986680
DIA,3,0.07144440,0.92855560
DIA,3,0.96176273,0.03823727
DIA,3,0.11038004,0.88961996
DIA,3,0.97266804,0.02733196
DIA,3,0.67672517,0.32327483
DIA,3,0.12473130,0.87526870
DIA,3,0.05847267,0.94152733
DIA,3,0.06100713,0.93899287
DIA,3,0.45516490,0.54483510
DIA,3,0.22134202,0.77865798
DIA,3,0.07149454,0.92850546
DIA,3,0.21235887,0.78764113
DIA,3,0.20184242,0.79815758
DIA,3,0.05746764,0.94253236
DIA,3,0.71235010,0.28764990
DIA,3,0.12246954,0.87753046
DIA,3,0.06541833,0.93458167
DIA,3,0.06028736,0.93971264
DIA,3,0.05643129,0.94356871
DIA,3,0.07466569,0.92533431
DIA,3,0.07930672,0.92069328
DIA,3,0.18383676,0.81616324
DIA,3,0.09200934,0.90799066
DIA,3,0.06286344,0.93713656
DIA,3,0.08501532,0.91498468
DIA,3,0.07109079,0.92890921
DIA,3,0.09294084,0.90705916
DIA,3,0.06274727,0.93725273
DIA,3,0.10749390,0.89250610
DIA,3,0.08155483,0.91844517
DIA,3,0.24325158,0.75674842
DIA,3,0.09056446,0.90943554
DIA,3,0.05859907,0.94140093
DIA,3,0.19436544,0.80563456
DIA,3,0.05985324,0.94014676
DIA,3,0.12165808,0.87834192
DIA,3,0.05840238,0.94159762
DIA,3,0.05688212,0.94311788
DIA,3,0.06068206,0.93931794
DIA,3,0.05956191,0.94043809
DIA,3,0.06133128,0.93866872
DIA,3,0.05737377,0.94262623
DIA,3,0.08227157,0.91772843
DIA,3,0.23278580,0.76721420
DIA,3,0.05690051,0.94309949
DIA,3,0.05977119,0.94022881
DIA,3,0.07310741,0.92689259
DIA,3,0.07540638,0.92459362
DIA,3,0.08590479,0.91409521
DIA,3,0.08110814,0.91889186
DIA,3,0.35102936,0.64897064
DIA,3,0.95739721,0.04260279
DIA,3,0.09230194,0.90769806
DIA,3,0.84035017,0.15964983
DIA,3,0.23968753,0.76031247
DIA,3,0.20400749,0.79599251
DIA,3,0.06275275,0.93724725
DIA,3,0.16567315,0.83432685
DIA,3,0.05700958,0.94299042
DIA,3,0.05715213,0.94284787
DIA,3,0.06665620,0.93334380
DIA,3,0.10714032,0.89285968
DIA,3,0.56619807,0.43380193
DIA,3,0.06265550,0.93734450
DIA,3,0.53516169,0.46483831
DIA,3,0.05653261,0.94346739
DIA,3,0.20885687,0.79114313
DIA,3,0.34293292,0.65706708
DIA,3,0.06228506,0.93771494
DIA,3,0.14925622,0.85074378
DIA,3,0.05847491,0.94152509
DIA,3,0.06695814,0.93304186
DIA,3,0.34305595,0.65694405
DIA,3,0.16623632,0.83376368
DIA,3,0.45323936,0.54676064
DIA,3,0.07280428,0.92719572
DIA,3,0.07517685,0.92482315
DIA,3,0.10528418,0.89471582
DIA,3,0.06745153,0.93254847
DIA,3,0.07656143,0.92343857
DIA,3,0.05709529,0.94290471
DIA,3,0.06353800,0.93646200
DIA,3,0.23588643,0.76411357
DIA,3,0.06004833,0.93995167
DIA,3,0.06097161,0.93902839
DIA,3,0.06965498,0.93034502
DIA,3,0.05657313,0.94342687
DIA,3,0.83918191,0.16081809
DIA,3,0.12007768,0.87992232
DIA,3,0.99951680,0.00048320
DIA,3,0.05931777,0.94068223
DIA,3,0.07081673,0.92918327
DIA,3,0.30866421,0.69133579
DIA,3,0.74218490,0.25781510
DIA,3,0.27663941,0.72336059
DIA,3,0.63889862,0.36110138
DIA,3,0.05680369,0.94319631
DIA,3,0.98200722,0.01799278
DIA,3,0.14466002,0.85533998
DIA,3,0.05642946,0.94357054
DIA,3,0.14254932,0.85745068
DIA,3,0.18439077,0.81560923
DIA,3,0.39153380,0.60846620
DIA,3,0.06480569,0.93519431
DIA,3,0.16992071,0.83007929
DIA,3,0.05651988,0.94348012
DIA,3,0.08504422,0.91495578
DIA,3,0.13141696,0.86858304
DIA,3,0.34057565,0.65942435
DIA,3,0.06601971,0.93398029
DIA,3,0.05664727,0.94335273
DIA,3,0.10626906,0.89373094
DIA,3,0.07142588,0.92857412
DIA,3,0.05926620,0.94073380
DIA,3,0.06077289,0.93922711
DIA,3,0.09736784,0.90263216
DIA,3,0.06496326,0.93503674
DIA,3,0.06059115,0.93940885
DIA,3,0.06128394,0.93871606
DIA,3,0.05939828,0.94060172
DIA,3,0.05724217,0.94275783
DIA,3,0.07459684,0.92540316
DIA,3,0.13446523,0.86553477
DIA,3,0.05657046,0.94342954
DIA,3,0.06764241,0.93235759
DIA,3,0.06306396,0.93693604
DIA,3,0.05679238,0.94320762
DIA,3,0.07893116,0.92106884
DIA,3,0.06135239,0.93864761
DIA,3,0.05954119,0.94045881
DIA,3,0.08197909,0.91802091
DIA,3,0.05774883,0.94225117
DIA,3,0.05864967,0.94135033
DIA,3,0.07896908,0.92103092
DIA,3,0.16497535,0.83502465
DIA,3,0.06592602,0.93407398
DIA,3,0.26316860,0.73683140
DIA,3,0.09322021,0.90677979
DIA,3,0.05889166,0.94110834
DIA,3,0.06004982,0.93995018
DIA,3,0.05763321,0.94236679
DIA,3,0.05643423,0.94356577
DIA,3,0.05864234,0.94135766
DIA,3,0.07402863,0.92597137
DIA,3,0.06140200,0.93859800
DIA,3,0.09954838,0.90045162
DIA,3,0.05647396,0.94352604
DIA,3,0.07330548,0.92669452
DIA,3,0.05774886,0.94225114
DIA,3,0.05673449,0.94326551
DIA,3,0.67391618,0.32608382
DIA,3,0.09395827,0.90604173
DIA,3,0.59257960,0.40742040
DIA,3,0.07502882,0.92497118
DIA,3,0.34175474,0.65824526
DIA,3,0.05946751,0.94053249
DIA,3,0.13517561,0.86482439
DIA,3,0.06290351,0.93709649
DIA,3,0.09018719,0.90981281
DIA,3,0.05645127,0.94354873
DIA,3,0.05807351,0.94192649
DIA,3,0.05643423,0.94356577
DIA,3,0.05675668,0.94324332
DIA,3,0.05840073,0.94159927
DIA,3,0.06059466,0.93940534
DIA,3,0.06228039,0.93771961
DIA,3,0.05646665,0.94353335
DIA,3,0.05674870,0.94325130
DIA,3,0.05658372,0.94341628
DIA,3,0.20869267,0.79130733
DIA,3,0.36624584,0.63375416
DIA,3,0.36294166,0.63705834
DIA,3,0.46344543,0.53655457
DIA,3,0.06013047,0.93986953
DIA,3,0.06450934,0.93549066
DIA,3,0.15303794,0.84696206
DIA,3,0.42482232,0.57517768
DIA,3,0.14431502,0.85568498
DIA,3,0.05789218,0.94210782
DIA,3,0.24968746,0.75031254
DIA,3,0.08171700,0.91828300
DIA,3,0.11096879,0.88903121
DIA,3,0.07415547,0.92584453
DIA,3,0.06201131,0.93798869
DIA,3,0.07051496,0.92948504
DIA,3,0.06474105,0.93525895
DIA,3,0.08698767,0.91301233
DIA,3,0.05931549,0.94068451
DIA,3,0.10675131,0.89324869
DIA,3,0.05672587,0.94327413
DIA,3,0.07523136,0.92476864
DIA,3,0.24748072,0.75251928
DIA,3,0.06429695,0.93570305
DIA,3,0.06040043,0.93959957
DIA,3,0.06035799,0.93964201
DIA,3,0.06825913,0.93174087
DIA,3,0.15528887,0.84471113
DIA,3,0.05814010,0.94185990
DIA,3,0.05644558,0.94355442
DIA,3,0.05767155,0.94232845
DIA,3,0.10430244,0.89569756
DIA,3,0.05679684,0.94320316
DIA,3,0.05853627,0.94146373
DIA,3,0.05725077,0.94274923
DIA,3,0.10656581,0.89343419
DIA,3,0.07176282,0.92823718
DIA,3,0.06117213,0.93882787
DIA,3,0.09110549,0.90889451
DIA,3,0.09978978,0.90021022
DIA,3,0.10003263,0.89996737
DIA,3,0.07435434,0.92564566
DIA,3,0.05721133,0.94278867
DIA,3,0.05642824,0.94357176
DIA,3,0.06790877,0.93209123
DIA,3,0.07958824,0.92041176
DIA,3,0.06784604,0.93215396
DIA,3,0.07886593,0.92113407
DIA,3,0.05697040,0.94302960
DIA,3,0.06031814,0.93968186
DIA,3,0.11085664,0.88914336
DIA,3,0.08556888,0.91443112
DIA,3,0.05653272,0.94346728
DIA,3,0.22660577,0.77339423
DIA,3,0.71345145,0.28654855
DIA,3,0.14406624,0.85593376
DIA,3,0.15628035,0.84371965
DIA,3,0.05657705,0.94342295
DIA,3,0.09248679,0.90751321
DIA,3,0.07164308,0.92835692
DIA,3,0.06928680,0.93071320
DIA,3,0.06442246,0.93557754
DIA,3,0.07286880,0.92713120
DIA,3,0.05815527,0.94184473
DIA,3,0.05643138,0.94356862
DIA,3,0.06430392,0.93569608
DIA,3,0.05865897,0.94134103
DIA,3,0.05739424,0.94260576
DIA,3,0.05671259,0.94328741
DIA,3,0.05660238,0.94339762
DIA,3,0.06904894,0.93095106
DIA,3,0.06114904,0.93885096
DIA,3,0.05703779,0.94296221
DIA,3,0.06614596,0.93385404
DIA,3,0.05644898,0.94355102
DIA,3,0.05651388,0.94348612
DIA,3,0.05907962,0.94092038
DIA,3,0.06039633,0.93960367
DIA,3,0.09209293,0.90790707
DIA,3,0.08065101,0.91934899
DIA,3,0.35363313,0.64636687
DIA,3,0.34449601,0.65550399
DIA,3,0.06208676,0.93791324
DIA,3,0.05792569,0.94207431
DIA,3,0.10704792,0.89295208
DIA,3,0.08857618,0.91142382
DIA,3,0.06313905,0.93686095
DIA,3,0.05644040,0.94355960
DIA,3,0.07508829,0.92491171
DIA,3,0.06521887,0.93478113
DIA,3,0.06699591,0.93300409
DIA,3,0.07257849,0.92742151
DIA,3,0.05921912,0.94078088
DIA,3,0.08495476,0.91504524
DIA,3,0.17423004,0.82576996
DIA,3,0.06672030,0.93327970
DIA,3,0.05979596,0.94020404
DIA,3,0.05680747,0.94319253
DIA,3,0.05759105,0.94240895
DIA,3,0.09718344,0.90281656
DIA,3,0.75510806,0.24489194
DIA,3,0.24522750,0.75477250
DIA,3,0.11409412,0.88590588
DIA,3,0.05748719,0.94251281
DIA,3,0.08018985,0.91981015
DIA,3,0.06012624,0.93987376
DIA,3,0.05871305,0.94128695
DIA,3,0.06347775,0.93652225
DIA,3,0.06417479,0.93582521
DIA,3,0.06341226,0.93658774
DIA,3,0.06084574,0.93915426
DIA,3,0.08884245,0.91115755
DIA,3,0.09888509,0.90111491
DIA,3,0.08250270,0.91749730
DIA,3,0.06691687,0.93308313
DIA,3,0.05955935,0.94044065
DIA,3,0.06521727,0.93478273
DIA,3,0.07874700,0.92125300
DIA,3,0.05682515,0.94317485
DIA,3,0.05651168,0.94348832
DIA,3,0.06075698,0.93924302
DIA,3,0.08886961,0.91113039
DIA,3,0.15215663,0.84784337
DIA,3,0.06001555,0.93998445
DIA,3,0.07706187,0.92293813
DIA,3,0.07993691,0.92006309
DIA,3,0.05726613,0.94273387
DIA,3,0.05699282,0.94300718
DIA,3,0.07069784,0.92930216
DIA,3,0.07747035,0.92252965
DIA,3,0.05688797,0.94311203
DIA,3,0.05706430,0.94293570
DIA,3,0.05742784,0.94257216
DIA,3,0.06243685,0.93756315
DIA,3,0.05786478,0.94213522
DIA,3,0.08993747,0.91006253
DIA,3,0.05951395,0.94048605
DIA,3,0.06592932,0.93407068
DIA,3,0.09341064,0.90658936
DIA,3,0.08149019,0.91850981
DIA,3,0.08946856,0.91053144
DIA,3,0.07579534,0.92420466
DIA,3,0.05717761,0.94282239
DIA,3,0.06791978,0.93208022
DIA,3,0.49157814,0.50842186
DIA,3,0.06036575,0.93963425
DIA,3,0.11751663,0.88248337
DIA,3,0.30913854,0.69086146
DIA,3,0.05851930,0.94148070
DIA,3,0.05830187,0.94169813
DIA,3,0.35486814,0.64513186
DIA,3,0.05715611,0.94284389
DIA,3,0.32023069,0.67976931
DIA,3,0.19285969,0.80714031
DIA,3,0.09571984,0.90428016
DIA,3,0.09736519,0.90263481
DIA,3,0.06250792,0.93749208
DIA,3,0.12144817,0.87855183
DIA,3,0.05653183,0.94346817
DIA,3,0.08469101,0.91530899
DIA,3,0.06420208,0.93579792
DIA,3,0.05646519,0.94353481
DIA,3,0.30198717,0.69801283
DIA,3,0.16895113,0.83104887
DIA,3,0.05643674,0.94356326
DIA,3,0.07081523,0.92918477
DIA,3,0.06677708,0.93322292
DIA,3,0.05644231,0.94355769
DIA,3,0.05824465,0.94175535
DIA,3,0.05809748,0.94190252
DIA,3,0.05657998,0.94342002
DIA,3,0.08638814,0.91361186
DIA,3,0.07523619,0.92476381
DIA,3,0.06063712,0.93936288
DIA,3,0.06018987,0.93981013
DIA,3,0.06397737,0.93602263
DIA,3,0.06111172,0.93888828
DIA,3,0.05664684,0.94335316
DIA,3,0.07140007,0.92859993
DIA,3,0.06143053,0.93856947
DIA,3,0.06009600,0.93990400
DIA,3,0.08158433,0.91841567
DIA,3,0.06831800,0.93168200
DIA,3,0.06664952,0.93335048
DIA,3,0.05643263,0.94356737
DIA,3,0.05744604,0.94255396
DIA,3,0.07296700,0.92703300
DIA,3,0.05849941,0.94150059
DIA,3,0.08857630,0.91142370
DIA,3,0.05643175,0.94356825
DIA,3,0.07130030,0.92869970
DIA,3,0.05645276,0.94354724
DIA,3,0.93106676,0.06893324
DIA,3,0.06656237,0.93343763
DIA,3,0.47665081,0.52334919
DIA,3,0.26894347,0.73105653
DIA,3,0.38369964,0.61630036
DIA,3,0.05643348,0.94356652
DIA,3,0.50024008,0.49975992
DIA,3,0.29080921,0.70919079
DIA,3,0.05845348,0.94154652
DIA,3,0.05642968,0.94357032
DIA,3,0.07403516,0.92596484
DIA,3,0.09729064,0.90270936
DIA,3,0.06288092,0.93711908
DIA,3,0.12816269,0.87183731
DIA,3,0.05643396,0.94356604
DIA,3,0.27627264,0.72372736
DIA,3,0.21679049,0.78320951
DIA,3,0.27296126,0.72703874
DIA,3,0.10109979,0.89890021
DIA,3,0.07564382,0.92435618
DIA,3,0.12135854,0.87864146
DIA,3,0.06166367,0.93833633
DIA,3,0.05960235,0.94039765
DIA,3,0.05890638,0.94109362
DIA,3,0.05797986,0.94202014
DIA,3,0.07903803,0.92096197
DIA,3,0.07752638,0.92247362
DIA,3,0.12431846,0.87568154
DIA,3,0.07206969,0.92793031
DIA,3,0.05656301,0.94343699
DIA,3,0.06572143,0.93427857
DIA,3,0.06709390,0.93290610
DIA,3,0.05739118,0.94260882
DIA,3,0.06727315,0.93272685
DIA,3,0.07476790,0.92523210
DIA,3,0.31423269,0.68576731
DIA,3,0.13678508,0.86321492
DIA,3,0.11547732,0.88452268
DIA,3,0.21850193,0.78149807
DIA,3,0.05802029,0.94197971
DIA,3,0.05761806,0.94238194
DIA,3,0.06332696,0.93667304
DIA,3,0.05655829,0.94344171
DIA,3,0.35448004,0.64551996
DIA,3,0.19451889,0.80548111
DIA,3,0.10043538,0.89956462
DIA,3,0.08072365,0.91927635
DIA,3,0.24073407,0.75926593
DIA,3,0.05798408,0.94201592
DIA,3,0.05642915,0.94357085
DIA,3,0.13212812,0.86787188
DIA,3,0.11091358,0.88908642
DIA,3,0.23700835,0.76299165
DIA,3,0.31290133,0.68709867
DIA,3,0.07584376,0.92415624
DIA,3,0.16024766,0.83975234
DIA,3,0.05652113,0.94347887
DIA,3,0.46950065,0.53049935
DIA,3,0.09631153,0.90368847
DIA,3,0.26706141,0.73293859
DIA,3,0.27545188,0.72454812
DIA,3,0.05769249,0.94230751
DIA,3,0.91714148,0.08285852
DIA,3,0.05986314,0.94013686
DIA,3,0.48092651,0.51907349
DIA,3,0.33802035,0.66197965
DIA,3,0.05724239,0.94275761
DIA,3,0.07101350,0.92898650
DIA,3,0.89696273,0.10303727
DIA,3,0.08776845,0.91223155
DIA,3,0.57308520,0.42691480
DIA,3,0.05753048,0.94246952
DIA,3,0.08402677,0.91597323
DIA,3,0.05662960,0.94337040
DIA,3,0.46799416,0.53200584
DIA,3,0.38520084,0.61479916
DIA,3,0.20961387,0.79038613
DIA,3,0.10155877,0.89844123
DIA,3,0.07006978,0.92993022
DIA,3,0.08027595,0.91972405
DIA,3,0.17634788,0.82365212
DIA,3,0.10576321,0.89423679
DIA,3,0.06950819,0.93049181
DIA,3,0.06097584,0.93902416
DIA,3,0.11634346,0.88365654
DIA,3,0.05695876,0.94304124
DIA,3,0.32644303,0.67355697
DIA,3,0.05963763,0.94036237
DIA,3,0.06147960,0.93852040
DIA,3,0.08905217,0.91094783
DIA,3,0.06783286,0.93216714
DIA,3,0.05851419,0.94148581
DIA,3,0.06484537,0.93515463
DIA,3,0.15395411,0.84604589
DIA,3,0.06226645,0.93773355
DIA,3,0.11629581,0.88370419
DIA,3,0.05896503,0.94103497
DIA,3,0.05730171,0.94269829
DIA,3,0.24200799,0.75799201
DIA,3,0.09584804,0.90415196
DIA,3,0.11899860,0.88100140
DIA,3,0.98789915,0.01210085
DIA,3,0.06659211,0.93340789
DIA,3,0.84516505,0.15483495
DIA,3,0.05643104,0.94356896
DIA,3,0.49404071,0.50595929
DIA,3,0.94976298,0.05023702
DIA,3,0.05645072,0.94354928
DIA,3,0.05845170,0.94154830
DIA,3,0.97599724,0.02400276
DIA,3,0.98712805,0.01287195
DIA,3,0.07203242,0.92796758
DIA,3,0.65664002,0.34335998
DIA,3,0.06411900,0.93588100
DIA,3,0.12724523,0.87275477
DIA,3,0.06372873,0.93627127
DIA,3,0.24629084,0.75370916
DIA,3,0.05839959,0.94160041
DIA,3,0.20740345,0.79259655
DIA,3,0.99943582,0.00056418
DIA,3,0.13017899,0.86982101
DIA,3,0.05650337,0.94349663
DIA,3,0.60839131,0.39160869
DIA,3,0.06102691,0.93897309
DIA,3,0.07515971,0.92484029
DIA,3,0.34977005,0.65022995
DIA,3,0.52355206,0.47644794
DIA,3,0.07038988,0.92961012
DIA,3,0.07483551,0.92516449
DIA,3,0.18173259,0.81826741
DIA,3,0.11043413,0.88956587
DIA,3,0.05648046,0.94351954
DIA,3,0.09154048,0.90845952
DIA,3,0.08605563,0.91394437
DIA,3,0.63839239,0.36160761
DIA,3,0.98619095,0.01380905
DIA,3,0.99230859,0.00769141
DIA,3,0.08364704,0.91635296
DIA,3,0.11588566,0.88411434
DIA,3,0.84842739,0.15157261
DIA,3,0.06127593,0.93872407
DIA,3,0.69993776,0.30006224
DIA,3,0.05648851,0.94351149
DIA,3,0.07605292,0.92394708
DIA,3,0.95828041,0.04171959
DIA,3,0.05644514,0.94355486
DIA,3,0.32913209,0.67086791
DIA,3,0.05704179,0.94295821
DIA,3,0.09179586,0.90820414
DIA,3,0.11732327,0.88267673
DIA,3,0.06150874,0.93849126
DIA,3,0.05814617,0.94185383
DIA,3,0.14471604,0.85528396
DIA,3,0.05655624,0.94344376
DIA,3,0.07069161,0.92930839
DIA,3,0.07973406,0.92026594
DIA,3,0.08446527,0.91553473
DIA,3,0.06932507,0.93067493
DIA,3,0.68899352,0.31100648
DIA,3,0.06912472,0.93087528
DIA,3,0.84787821,0.15212179
DIA,3,0.06147670,0.93852330
DIA,3,0.06972170,0.93027830
DIA,3,0.06411575,0.93588425
DIA,3,0.05917913,0.94082087
DIA,3,0.08196057,0.91803943
DIA,3,0.19687731,0.80312269
DIA,3,0.14784734,0.85215266
DIA,3,0.13003691,0.86996309
DIA,3,0.05666500,0.94333500
DIA,3,0.17937684,0.82062316
DIA,3,0.15587635,0.84412365
DIA,3,0.05749379,0.94250621
DIA,3,0.05860282,0.94139718
DIA,3,0.05685943,0.94314057
DIA,3,0.05768425,0.94231575
DIA,3,0.33271632,0.66728368
DIA,3,0.05847051,0.94152949
DIA,3,0.18518088,0.81481912
DIA,3,0.07067501,0.92932499
DIA,3,0.08583275,0.91416725
DIA,3,0.06626105,0.93373895
DIA,3,0.05643275,0.94356725
DIA,3,0.09963134,0.90036866
DIA,3,0.61372142,0.38627858
DIA,3,0.07624188,0.92375812
DIA,3,0.05742288,0.94257712
DIA,3,0.12047884,0.87952116
DIA,3,0.98977524,0.01022476
DIA,3,0.09513498,0.90486502
DIA,3,0.12306545,0.87693455
DIA,3,0.11078741,0.88921259
DIA,3,0.06365185,0.93634815
DIA,3,0.12516130,0.87483870
DIA,3,0.07709188,0.92290812
DIA,3,0.20900978,0.79099022
DIA,3,0.08512026,0.91487974
DIA,3,0.17339750,0.82660250
DIA,3,0.09188453,0.90811547
DIA,3,0.99996185,0.00003815
DIA,3,0.05905194,0.94094806
DIA,3,0.07146733,0.92853267
DIA,3,0.06689238,0.93310762
DIA,3,0.07452716,0.92547284
DIA,3,0.11327570,0.88672430
DIA,3,0.46164382,0.53835618
DIA,3,0.06847970,0.93152030
DIA,3,0.36180518,0.63819482
DIA,3,0.17582078,0.82417922
DIA,3,0.06952007,0.93047993
DIA,3,0.49620109,0.50379891
DIA,3,0.22918678,0.77081322
DIA,3,0.50292347,0.49707653
DIA,3,0.90378801,0.09621199
DIA,3,0.98954179,0.01045821
DIA,3,0.05684383,0.94315617
DIA,3,0.15977008,0.84022992
DIA,3,0.79095793,0.20904207
DIA,3,0.06815833,0.93184167
DIA,3,0.05693483,0.94306517
DIA,3,0.05665384,0.94334616
DIA,3,0.97342418,0.02657582
DIA,3,0.14529480,0.85470520
DIA,3,0.41427351,0.58572649
DIA,3,0.17701926,0.82298074
DIA,3,0.05876006,0.94123994
DIA,3,0.06164484,0.93835516
DIA,3,0.87693874,0.12306126
DIA,3,0.29491447,0.70508553
DIA,3,0.15733492,0.84266508
DIA,3,0.05668832,0.94331168
DIA,3,0.07439791,0.92560209
DIA,3,0.93952964,0.06047036
DIA,3,0.05793027,0.94206973
DIA,3,0.06001954,0.93998046
DIA,3,0.32953190,0.67046810
DIA,3,0.07327892,0.92672108
DIA,3,0.16769931,0.83230069
DIA,3,0.23695777,0.76304223
DIA,3,0.14430493,0.85569507
DIA,3,0.53765624,0.46234376
DIA,3,0.99912868,0.00087132
DIA,3,0.06341242,0.93658758
DIA,3,0.07502627,0.92497373
DIA,3,0.05678806,0.94321194
DIA,3,0.05689641,0.94310359
DIA,3,0.05646164,0.94353836
DIA,3,0.07378912,0.92621088
DIA,3,0.05674803,0.94325197
DIA,3,0.15420557,0.84579443
DIA,3,0.06286730,0.93713270
DIA,3,0.06694178,0.93305822
DIA,3,0.24470903,0.75529097
DIA,3,0.05699021,0.94300979
DIA,3,0.73244276,0.26755724
DIA,3,0.06302998,0.93697002
DIA,3,0.05655553,0.94344447
DIA,3,0.23938589,0.76061411
DIA,3,0.15128804,0.84871196
DIA,3,0.05671329,0.94328671
DIA,3,0.07163231,0.92836769
DIA,3,0.09854020,0.90145980
DIA,3,0.27283273,0.72716727
DIA,3,0.06509384,0.93490616
DIA,3,0.06339921,0.93660079
DIA,3,0.83581285,0.16418715
DIA,3,0.12753589,0.87246411
DIA,3,0.07200972,0.92799028
DIA,3,0.05939750,0.94060250
DIA,3,0.34272600,0.65727400
DIA,3,0.10693015,0.89306985
DIA,3,0.06572876,0.93427124
DIA,3,0.05737593,0.94262407
DIA,3,0.13752762,0.86247238
DIA,3,0.11177980,0.88822020
DIA,3,0.05724869,0.94275131
DIA,3,0.05651234,0.94348766
DIA,3,0.06356424,0.93643576
DIA,3,0.11865463,0.88134537
DIA,3,0.63476738,0.36523262
DIA,3,0.05765203,0.94234797
DIA,3,0.07030061,0.92969939
DIA,3,0.09496857,0.90503143
DIA,3,0.08256856,0.91743144
DIA,3,0.06299925,0.93700075
DIA,3,0.14583470,0.85416530
DIA,3,0.56048696,0.43951304
DIA,3,0.10624098,0.89375902
DIA,3,0.11077782,0.88922218
DIA,3,0.09833730,0.90166270
DIA,3,0.06300685,0.93699315
DIA,3,0.05652647,0.94347353
DIA,3,0.07478171,0.92521829
DIA,3,0.05719890,0.94280110
DIA,3,0.08832500,0.91167500
DIA,3,0.12378386,0.87621614
DIA,3,0.05695608,0.94304392
DIA,3,0.05694264,0.94305736
DIA,3,0.06362680,0.93637320
DIA,3,0.05722392,0.94277608
DIA,3,0.08921803,0.91078197
DIA,3,0.07087479,0.92912521
DIA,3,0.09057327,0.90942673
DIA,3,0.06537411,0.93462589
DIA,3,0.15159019,0.84840981
DIA,3,0.06249867,0.93750133
DIA,3,0.05665613,0.94334387
DIA,3,0.18445253,0.81554747
DIA,3,0.06006316,0.93993684
DIA,3,0.65785036,0.34214964
DIA,3,0.06458938,0.93541062
DIA,3,0.06069112,0.93930888
DIA,3,0.11665024,0.88334976
DIA,3,0.05726447,0.94273553
DIA,3,0.08161287,0.91838713
DIA,3,0.05648306,0.94351694
DIA,3,0.12756192,0.87243808
DIA,3,0.18059177,0.81940823
DIA,3,0.05851693,0.94148307
DIA,3,0.41600122,0.58399878
DIA,3,0.06132794,0.93867206
DIA,3,0.38399414,0.61600586
DIA,3,0.16424132,0.83575868
DIA,3,0.06275800,0.93724200
DIA,3,0.12743661,0.87256339
DIA,3,0.09025040,0.90974960
DIA,3,0.13741890,0.86258110
DIA,3,0.14217701,0.85782299
DIA,3,0.13980587,0.86019413
DIA,3,0.13242026,0.86757974
DIA,3,0.30531108,0.69468892
DIA,3,0.05679019,0.94320981
DIA,3,0.06488152,0.93511848
DIA,3,0.07788245,0.92211755
DIA,3,0.05663906,0.94336094
DIA,3,0.11674608,0.88325392
DIA,3,0.06892947,0.93107053
DIA,3,0.19133506,0.80866494
DIA,3,0.13405807,0.86594193
DIA,3,0.06937379,0.93062621
DIA,3,0.05790432,0.94209568
DIA,3,0.05644718,0.94355282
DIA,3,0.06070097,0.93929903
DIA,3,0.06095539,0.93904461
DIA,3,0.05678492,0.94321508
DIA,3,0.14427567,0.85572433
DIA,3,0.06143435,0.93856565
DIA,3,0.05952946,0.94047054
DIA,3,0.05643736,0.94356264
DIA,3,0.05888967,0.94111033
DIA,3,0.06197396,0.93802604
DIA,3,0.05649739,0.94350261
DIA,3,0.05827652,0.94172348
DIA,3,0.12078551,0.87921449
DIA,3,0.08882892,0.91117108
DIA,3,0.27932499,0.72067501
DIA,3,0.10978492,0.89021508
DIA,3,0.05662358,0.94337642
DIA,3,0.14111098,0.85888902
DIA,3,0.10450256,0.89549744
DIA,3,0.10815447,0.89184553
DIA,3,0.31594575,0.68405425
DIA,3,0.05645592,0.94354408
DIA,3,0.05783151,0.94216849
DIA,3,0.05702428,0.94297572
DIA,3,0.07970111,0.92029889
DIA,3,0.05670925,0.94329075
DIA,3,0.05733041,0.94266959
DIA,3,0.11965544,0.88034456
DIA,3,0.15046522,0.84953478
DIA,3,0.06575560,0.93424440
DIA,3,0.06028399,0.93971601
DIA,3,0.06626503,0.93373497
DIA,3,0.08525136,0.91474864
DIA,3,0.09559412,0.90440588
DIA,3,0.05767995,0.94232005
DIA,3,0.11916150,0.88083850
DIA,3,0.05661686,0.94338314
DIA,3,0.06470569,0.93529431
DIA,3,0.06487981,0.93512019
DIA,3,0.72213057,0.27786943
DIA,3,0.06465668,0.93534332
DIA,3,0.05644953,0.94355047
DIA,3,0.05949500,0.94050500
DIA,3,0.06989204,0.93010796
DIA,3,0.05768286,0.94231714
DIA,3,0.07228125,0.92771875
DIA,3,0.06691667,0.93308333
DIA,3,0.07804054,0.92195946
DIA,3,0.16231634,0.83768366
DIA,3,0.05853109,0.94146891
DIA,3,0.08583701,0.91416299
DIA,3,0.06270010,0.93729990
DIA,3,0.05648591,0.94351409
DIA,3,0.07766334,0.92233666
DIA,3,0.05677519,0.94322481
DIA,3,0.07619790,0.92380210
DIA,3,0.05760058,0.94239942
DIA,3,0.08946065,0.91053935
DIA,3,0.10352726,0.89647274
DIA,3,0.05687782,0.94312218
DIA,3,0.06316796,0.93683204
DIA,3,0.14209093,0.85790907
DIA,3,0.07751629,0.92248371
DIA,3,0.07296144,0.92703856
DIA,3,0.11806321,0.88193679
DIA,3,0.06142482,0.93857518
DIA,3,0.05748628,0.94251372
DIA,3,0.06157433,0.93842567
DIA,3,0.05915058,0.94084942
DIA,3,0.13356995,0.86643005
DIA,3,0.06373392,0.93626608
DIA,3,0.06795427,0.93204573
DIA,3,0.05649097,0.94350903
DIA,3,0.06943058,0.93056942
DIA,3,0.05701272,0.94298728
DIA,3,0.05895030,0.94104970
DIA,3,0.07853840,0.92146160
DIA,3,0.06571849,0.93428151
DIA,3,0.06115848,0.93884152
DIA,3,0.05874553,0.94125447
DIA,3,0.11489764,0.88510236
DIA,3,0.05975930,0.94024070
DIA,3,0.06574059,0.93425941
DIA,3,0.14578372,0.85421628
DIA,3,0.06212046,0.93787954
DIA,3,0.07296800,0.92703200
DIA,3,0.05684947,0.94315053
DIA,3,0.06093466,0.93906534
DIA,3,0.05689214,0.94310786
DIA,3,0.12429331,0.87570669
DIA,3,0.07481811,0.92518189
DIA,3,0.10213571,0.89786429
DIA,3,0.05643617,0.94356383
DIA,3,0.05684272,0.94315728
DIA,3,0.06908846,0.93091154
DIA,3,0.06812654,0.93187346
DIA,3,0.12826051,0.87173949
DIA,3,0.07714072,0.92285928
DIA,3,0.08008021,0.91991979
DIA,3,0.10467156,0.89532844
DIA,3,0.05773414,0.94226586
DIA,3,0.06742496,0.93257504
DIA,3,0.06016507,0.93983493
DIA,3,0.07049571,0.92950429
DIA,3,0.07577876,0.92422124
DIA,3,0.05703944,0.94296056
DIA,3,0.05896013,0.94103987
DIA,3,0.05980968,0.94019032
DIA,3,0.05647264,0.94352736
DIA,3,0.05838668,0.94161332
DIA,3,0.10969207,0.89030793
DIA,3,0.08707772,0.91292228
DIA,3,0.05653690,0.94346310
DIA,3,0.06089302,0.93910698
DIA,3,0.05906391,0.94093609
DIA,3,0.13956603,0.86043397
DIA,3,0.06387213,0.93612787
DIA,3,0.05689678,0.94310322
DIA,3,0.14623579,0.85376421
DIA,3,0.06041051,0.93958949
DIA,3,0.06135445,0.93864555
DIA,3,0.06540114,0.93459886
DIA,3,0.05945016,0.94054984
DIA,3,0.20037697,0.79962303
DIA,3,0.06001505,0.93998495
DIA,3,0.05642876,0.94357124
DIA,3,0.10075388,0.89924612
DIA,3,0.07862943,0.92137057
DIA,3,0.06591569,0.93408431
DIA,3,0.05860331,0.94139669
DIA,3,0.06866407,0.93133593
DIA,3,0.05665101,0.94334899
DIA,3,0.10991061,0.89008939
DIA,3,0.05704659,0.94295341
DIA,3,0.11686999,0.88313001
DIA,3,0.09612688,0.90387312
DIA,3,0.10782304,0.89217696
DIA,3,0.07745500,0.92254500
DIA,3,0.07307570,0.92692430
DIA,3,0.05950643,0.94049357
DIA,3,0.09065276,0.90934724
DIA,3,0.16180931,0.83819069
DIA,3,0.26494397,0.73505603
DIA,3,0.06900077,0.93099923
DIA,3,0.08279707,0.91720293
DIA,3,0.41116501,0.58883499
DIA,3,0.09093279,0.90906721
DIA,3,0.05741746,0.94258254
DIA,3,0.05759778,0.94240222
DIA,3,0.05695418,0.94304582
DIA,3,0.07878629,0.92121371
DIA,3,0.13817113,0.86182887
DIA,3,0.05935209,0.94064791
DIA,3,0.24576955,0.75423045
DIA,3,0.07292591,0.92707409
DIA,3,0.05681970,0.94318030
DIA,3,0.05643911,0.94356089
DIA,3,0.07306456,0.92693544
DIA,3,0.05717597,0.94282403
DIA,3,0.06900961,0.93099039
DIA,3,0.06277236,0.93722764
DIA,3,0.05719980,0.94280020
DIA,3,0.05857333,0.94142667
DIA,3,0.05656146,0.94343854
DIA,3,0.25881252,0.74118748
DIA,3,0.10940507,0.89059493
DIA,3,0.05652709,0.94347291
DIA,3,0.05903208,0.94096792
DIA,3,0.05855526,0.94144474
DIA,3,0.05755507,0.94244493
DIA,3,0.06299226,0.93700774
DIA,3,0.06662870,0.93337130
DIA,3,0.06890378,0.93109622
DIA,3,0.24293393,0.75706607
DIA,3,0.07046853,0.92953147
DIA,3,0.05792113,0.94207887
DIA,3,0.05642917,0.94357083
DIA,3,0.07971256,0.92028744
DIA,3,0.16989165,0.83010835
DIA,3,0.08790793,0.91209207
DIA,3,0.05644205,0.94355795
DIA,3,0.06511597,0.93488403
DIA,3,0.06123704,0.93876296
DIA,3,0.05765940,0.94234060
DIA,3,0.05652131,0.94347869
DIA,3,0.05659187,0.94340813
DIA,3,0.08720996,0.91279004
DIA,3,0.05648117,0.94351883
DIA,3,0.05664973,0.94335027
DIA,3,0.07369826,0.92630174
DIA,3,0.06284765,0.93715235
DIA,3,0.06462533,0.93537467
DIA,3,0.05666860,0.94333140
DIA,3,0.06072734,0.93927266
DIA,3,0.07793978,0.92206022
DIA,3,0.06062781,0.93937219
DIA,3,0.06967284,0.93032716
DIA,3,0.13919896,0.86080104
DIA,3,0.06607584,0.93392416
DIA,3,0.05876419,0.94123581
DIA,3,0.06024088,0.93975912
DIA,3,0.07561214,0.92438786
DIA,3,0.05845039,0.94154961
DIA,3,0.07453166,0.92546834
DIA,3,0.06357353,0.93642647
DIA,3,0.09210454,0.90789546
DIA,3,0.10334983,0.89665017
DIA,3,0.06494284,0.93505716
DIA,3,0.08037998,0.91962002
DIA,3,0.06056910,0.93943090
DIA,3,0.06521756,0.93478244
DIA,3,0.05762893,0.94237107
DIA,3,0.05721759,0.94278241
DIA,3,0.06080114,0.93919886
DIA,3,0.20672067,0.79327933
DIA,3,0.06008462,0.93991538
DIA,3,0.10948815,0.89051185
DIA,3,0.06027860,0.93972140
DIA,3,0.05821738,0.94178262
DIA,3,0.05692111,0.94307889
DIA,3,0.16115129,0.83884871
DIA,3,0.05940642,0.94059358
DIA,3,0.05739475,0.94260525
DIA,3,0.05970670,0.94029330
DIA,3,0.05672017,0.94327983
DIA,3,0.05704167,0.94295833
DIA,3,0.05911942,0.94088058
DIA,3,0.05880604,0.94119396
DIA,3,0.13222735,0.86777265
DIA,3,0.05695551,0.94304449
DIA,3,0.06222275,0.93777725
DIA,3,0.05732438,0.94267562
DIA,3,0.05691568,0.94308432
DIA,3,0.07547006,0.92452994
DIA,3,0.05739645,0.94260355
DIA,3,0.06193775,0.93806225
DIA,3,0.06983929,0.93016071
DIA,3,0.05748453,0.94251547
DIA,3,0.09683328,0.90316672
DIA,3,0.13786457,0.86213543
DIA,3,0.08795717,0.91204283
DIA,3,0.08415019,0.91584981
DIA,3,0.06757887,0.93242113
DIA,3,0.05704133,0.94295867
DIA,3,0.16620482,0.83379518
DIA,3,0.05861199,0.94138801
DIA,3,0.07424299,0.92575701
DIA,3,0.13243460,0.86756540
DIA,3,0.05809138,0.94190862
DIA,3,0.21897982,0.78102018
DIA,3,0.08117041,0.91882959
DIA,3,0.05649030,0.94350970
DIA,3,0.05644034,0.94355966
DIA,3,0.13944022,0.86055978
DIA,3,0.05683141,0.94316859
DIA,3,0.17677866,0.82322134
DIA,3,0.08684222,0.91315778
DIA,3,0.05702247,0.94297753
DIA,3,0.05685050,0.94314950
DIA,3,0.05655197,0.94344803
DIA,3,0.07193826,0.92806174
DIA,3,0.08327838,0.91672162
DIA,3,0.08599668,0.91400332
DIA,3,0.05658152,0.94341848
DIA,3,0.11909329,0.88090671
DIA,3,0.06103798,0.93896202
DIA,3,0.06455331,0.93544669
DIA,3,0.25697833,0.74302167
DIA,3,0.05691421,0.94308579
DIA,3,0.09967030,0.90032970
DIA,3,0.17844358,0.82155642
DIA,3,0.07125380,0.92874620
DIA,3,0.05699260,0.94300740
DIA,3,0.06555866,0.93444134
DIA,3,0.10147792,0.89852208
DIA,3,0.06332476,0.93667524
DIA,3,0.05792730,0.94207270
DIA,3,0.06044520,0.93955480
DIA,3,0.10514777,0.89485223
DIA,3,0.05645202,0.94354798
DIA,3,0.06126382,0.93873618
DIA,3,0.06704207,0.93295793
DIA,3,0.05713261,0.94286739
DIA,3,0.06827311,0.93172689
DIA,3,0.31762667,0.68237333
DIA,3,0.05702269,0.94297731
DIA,3,0.07134323,0.92865677
DIA,3,0.13943101,0.86056899
DIA,3,0.11174648,0.88825352
DIA,3,0.24459519,0.75540481
DIA,3,0.05767639,0.94232361
DIA,3,0.06185061,0.93814939
DIA,3,0.05964685,0.94035315
DIA,3,0.05869767,0.94130233
DIA,3,0.05840630,0.94159370
DIA,3,0.05752849,0.94247151
DIA,3,0.06044571,0.93955429
DIA,3,0.05701113,0.94298887
DIA,3,0.05781841,0.94218159
DIA,3,0.05758643,0.94241357
DIA,3,0.06728902,0.93271098
DIA,3,0.05799420,0.94200580
DIA,3,0.09012922,0.90987078
DIA,3,0.05686344,0.94313656
DIA,3,0.07938205,0.92061795
DIA,3,0.08335018,0.91664982
DIA,3,0.05645168,0.94354832
DIA,3,0.05679810,0.94320190
DIA,3,0.05689177,0.94310823
DIA,3,0.05706002,0.94293998
DIA,3,0.06484823,0.93515177
DIA,3,0.05645784,0.94354216
DIA,3,0.05765705,0.94234295
DIA,3,0.05662983,0.94337017
DIA,3,0.05730139,0.94269861
DIA,3,0.13426330,0.86573670
DIA,3,0.05773107,0.94226893
DIA,3,0.07638472,0.92361528
DIA,3,0.07244132,0.92755868
DIA,3,0.51902859,0.48097141
DIA,3,0.08574854,0.91425146
DIA,3,0.18090333,0.81909667
DIA,3,0.12983328,0.87016672
DIA,3,0.05894678,0.94105322
DIA,3,0.05692688,0.94307312
DIA,3,0.18217500,0.81782500
DIA,3,0.05685370,0.94314630
DIA,3,0.35701225,0.64298775
DIA,3,0.05644619,0.94355381
DIA,3,0.06785819,0.93214181
DIA,3,0.05980500,0.94019500
DIA,3,0.16356713,0.83643287
DIA,3,0.34802009,0.65197991
DIA,3,0.97013190,0.02986810
DIA,3,0.07133748,0.92866252
DIA,3,0.07000502,0.92999498
DIA,3,0.40406036,0.59593964
DIA,3,0.05965739,0.94034261
DIA,3,0.06180787,0.93819213
DIA,3,0.11857988,0.88142012
DIA,3,0.08159095,0.91840905
DIA,3,0.24370603,0.75629397
DIA,3,0.06183940,0.93816060
DIA,3,0.07416083,0.92583917
DIA,3,0.05699017,0.94300983
DIA,3,0.05708050,0.94291950
DIA,3,0.06505399,0.93494601
DIA,3,0.13841101,0.86158899
DIA,3,0.05925345,0.94074655
DIA,3,0.05649745,0.94350255
DIA,3,0.06358799,0.93641201
DIA,3,0.07178988,0.92821012
DIA,3,0.07439933,0.92560067
DIA,3,0.26254415,0.73745585
DIA,3,0.05648543,0.94351457
DIA,3,0.07022281,0.92977719
DIA,3,0.12839457,0.87160543
DIA,3,0.14173623,0.85826377
DIA,3,0.05711804,0.94288196
DIA,3,0.06033775,0.93966225
DIA,3,0.07384248,0.92615752
DIA,3,0.08872552,0.91127448
DIA,3,0.07494624,0.92505376
DIA,3,0.05642844,0.94357156
DIA,3,0.05939038,0.94060962
DIA,3,0.17125370,0.82874630
DIA,3,0.05809974,0.94190026
DIA,3,0.05748105,0.94251895
DIA,3,0.05823441,0.94176559
DIA,3,0.08070952,0.91929048
DIA,3,0.07194762,0.92805238
DIA,3,0.06297637,0.93702363
DIA,3,0.05665565,0.94334435
DIA,3,0.06433113,0.93566887
DIA,3,0.05657522,0.94342478
DIA,3,0.06519154,0.93480846
DIA,3,0.08944833,0.91055167
DIA,3,0.10169416,0.89830584
DIA,3,0.05870009,0.94129991
DIA,3,0.12736625,0.87263375
DIA,3,0.05652130,0.94347870
DIA,3,0.11132485,0.88867515
DIA,3,0.07071100,0.92928900
DIA,3,0.08384852,0.91615148
DIA,3,0.08373540,0.91626460
DIA,3,0.06535859,0.93464141
DIA,3,0.05707268,0.94292732
DIA,3,0.09179629,0.90820371
DIA,3,0.05673773,0.94326227
DIA,3,0.11358546,0.88641454
DIA,3,0.06405376,0.93594624
DIA,3,0.07750665,0.92249335
DIA,3,0.07469580,0.92530420
DIA,3,0.06078711,0.93921289
DIA,3,0.05907610,0.94092390
DIA,3,0.10781702,0.89218298
DIA,3,0.07572737,0.92427263
DIA,3,0.07164266,0.92835734
DIA,3,0.11547260,0.88452740
DIA,3,0.99959323,0.00040677
DIA,3,0.06024716,0.93975284
DIA,3,0.07334647,0.92665353
DIA,3,0.08336707,0.91663293
DIA,3,0.09321658,0.90678342
DIA,3,0.05647272,0.94352728
DIA,3,0.06687464,0.93312536
DIA,3,0.08534610,0.91465390
DIA,3,0.05796123,0.94203877
DIA,3,0.06011052,0.93988948
DIA,3,0.06063152,0.93936848
DIA,3,0.13659472,0.86340528
DIA,3,0.13035722,0.86964278
DIA,3,0.13228861,0.86771139
DIA,3,0.06203477,0.93796523
DIA,3,0.06032926,0.93967074
DIA,3,0.06343184,0.93656816
DIA,3,0.05933335,0.94066665
DIA,3,0.05807800,0.94192200
DIA,3,0.07977924,0.92022076
DIA,3,0.06819141,0.93180859
DIA,3,0.06110195,0.93889805
DIA,3,0.07236309,0.92763691
DIA,3,0.06341546,0.93658454
DIA,3,0.05925800,0.94074200
DIA,3,0.07109739,0.92890261
DIA,3,0.05895290,0.94104710
DIA,3,0.05963914,0.94036086
DIA,3,0.07667606,0.92332394
DIA,3,0.95495678,0.04504322
DIA,3,0.05781073,0.94218927
DIA,3,0.15818698,0.84181302
DIA,3,0.05971520,0.94028480
DIA,3,0.10687656,0.89312344
DIA,3,0.05720248,0.94279752
DIA,3,0.08877239,0.91122761
DIA,3,0.12891580,0.87108420
DIA,3,0.05741993,0.94258007
DIA,3,0.06231318,0.93768682
DIA,3,0.08949996,0.91050004
DIA,3,0.05642993,0.94357007
DIA,3,0.06473631,0.93526369
DIA,3,0.05841628,0.94158372
DIA,3,0.34659947,0.65340053
DIA,3,0.08394745,0.91605255
DIA,3,0.07384670,0.92615330
DIA,3,0.38988771,0.61011229
DIA,3,0.05646808,0.94353192
DIA,3,0.08736086,0.91263914
DIA,3,0.18816343,0.81183657
DIA,3,0.06382334,0.93617666
DIA,3,0.11011264,0.88988736
DIA,3,0.05923291,0.94076709
DIA,3,0.07593562,0.92406438
DIA,3,0.06213615,0.93786385
DIA,3,0.05993648,0.94006352
DIA,3,0.06194279,0.93805721
DIA,3,0.08455584,0.91544416
DIA,3,0.06159434,0.93840566
DIA,3,0.05988471,0.94011529
DIA,3,0.08585783,0.91414217
DIA,3,0.05860081,0.94139919
DIA,3,0.12423716,0.87576284
DIA,3,0.06022662,0.93977338
DIA,3,0.06080456,0.93919544
DIA,3,0.06727182,0.93272818
DIA,3,0.08452211,0.91547789
DIA,3,0.06077334,0.93922666
DIA,3,0.05642895,0.94357105
DIA,3,0.05751294,0.94248706
DIA,3,0.12006329,0.87993671
DIA,3,0.45881432,0.54118568
DIA,3,0.05661062,0.94338938
DIA,3,0.06317964,0.93682036
DIA,3,0.06348870,0.93651130
DIA,3,0.06759319,0.93240681
DIA,3,0.20913252,0.79086748
DIA,3,0.22206426,0.77793574
DIA,3,0.38299404,0.61700596
DIA,3,0.11978868,0.88021132
DIA,3,0.10372590,0.89627410
DIA,3,0.06601209,0.93398791
DIA,3,0.66929017,0.33070983
DIA,3,0.19878822,0.80121178
DIA,3,0.06040681,0.93959319
DIA,3,0.19733470,0.80266530
DIA,3,0.29751201,0.70248799
DIA,3,0.11749006,0.88250994
DIA,3,0.07105463,0.92894537
DIA,3,0.09846846,0.90153154
DIA,3,0.05650819,0.94349181
DIA,3,0.05669620,0.94330380
DIA,3,0.23738128,0.76261872
DIA,3,0.05712933,0.94287067
DIA,3,0.06087706,0.93912294
DIA,3,0.06394404,0.93605596
DIA,3,0.41862014,0.58137986
DIA,3,0.09945413,0.90054587
DIA,3,0.05657306,0.94342694
DIA,3,0.07240126,0.92759874
DIA,3,0.99997286,0.00002714
DIA,3,1.00000000,0.00000000
DIA,3,0.22420335,0.77579665
DIA,3,0.10310628,0.89689372
DIA,3,1.00000000,0.00000000
DIA,3,0.54219479,0.45780521
DIA,3,0.21042667,0.78957333
DIA,3,0.09770038,0.90229962
DIA,3,0.06065172,0.93934828
DIA,3,0.45762041,0.54237959
DIA,3,0.27017677,0.72982323
DIA,3,0.94520935,0.05479065
DIA,3,0.88855364,0.11144636
DIA,3,0.19143350,0.80856650
DIA,3,0.20304554,0.79695446
DIA,3,0.05718963,0.94281037
DIA,3,0.05997207,0.94002793
DIA,3,0.08762380,0.91237620
DIA,3,0.06426623,0.93573377
DIA,3,0.05883117,0.94116883
DIA,3,0.22628178,0.77371822
DIA,3,0.05715973,0.94284027
DIA,3,0.11535700,0.88464300
DIA,3,0.07504246,0.92495754
DIA,3,0.08022140,0.91977860
DIA,3,0.05882478,0.94117522
DIA,3,0.96787577,0.03212423
DIA,3,0.06446605,0.93553395
DIA,3,0.05957047,0.94042953
DIA,3,0.07499784,0.92500216
DIA,3,0.09654655,0.90345345
DIA,3,0.06336803,0.93663197
DIA,3,0.05917545,0.94082455
DIA,3,0.58744689,0.41255311
DIA,3,0.05761946,0.94238054
DIA,3,0.07524111,0.92475889
DIA,3,0.41246548,0.58753452
DIA,3,0.06534330,0.93465670
DIA,3,0.05886978,0.94113022
DIA,3,0.05728635,0.94271365
DIA,3,0.05685357,0.94314643
DIA,3,0.06899172,0.93100828
DIA,3,0.05780288,0.94219712
DIA,3,0.05980508,0.94019492
DIA,3,0.12315986,0.87684014
DIA,3,0.05674273,0.94325727
DIA,3,0.05915844,0.94084156
DIA,3,0.05643277,0.94356723
DIA,3,0.05894697,0.94105303
DIA,3,0.45694494,0.54305506
DIA,3,0.07453882,0.92546118
DIA,3,0.07779538,0.92220462
DIA,3,0.05742758,0.94257242
DIA,3,0.05664287,0.94335713
DIA,3,0.10397369,0.89602631
DIA,3,0.18061446,0.81938554
DIA,3,0.05744624,0.94255376
DIA,3,0.10578664,0.89421336
DIA,3,0.13135291,0.86864709
DIA,3,0.08305520,0.91694480
DIA,3,0.11148542,0.88851458
DIA,3,0.05650998,0.94349002
DIA,3,0.08822985,0.91177015
DIA,3,0.10301921,0.89698079
DIA,3,0.06607942,0.93392058
DIA,3,0.06623924,0.93376076
DIA,3,0.06738577,0.93261423
DIA,3,0.07377042,0.92622958
DIA,3,0.05733730,0.94266270
DIA,3,0.11547674,0.88452326
DIA,3,0.06591458,0.93408542
DIA,3,0.07188467,0.92811533
DIA,3,0.05974884,0.94025116
DIA,3,0.05666518,0.94333482
DIA,3,0.06375893,0.93624107
DIA,3,0.15616578,0.84383422
DIA,3,0.07533671,0.92466329
DIA,3,0.06400254,0.93599746
DIA,3,0.05699152,0.94300848
DIA,3,0.06668144,0.93331856
DIA,3,0.06495759,0.93504241
DIA,3,0.08949419,0.91050581
DIA,3,0.19243248,0.80756752
DIA,3,0.17388249,0.82611751
DIA,3,0.05645552,0.94354448
DIA,3,0.05788199,0.94211801
DIA,3,0.06865229,0.93134771
DIA,3,0.06506775,0.93493225
DIA,3,0.06459040,0.93540960
DIA,3,0.13119436,0.86880564
DIA,3,0.14503398,0.85496602
DIA,3,0.05660404,0.94339596
DIA,3,0.05662761,0.94337239
DIA,3,0.05669110,0.94330890
DIA,3,0.05644107,0.94355893
DIA,3,0.05648867,0.94351133
DIA,3,0.06163505,0.93836495
DIA,3,0.49703546,0.50296454
DIA,3,0.07552447,0.92447553
DIA,3,0.05895560,0.94104440
DIA,3,0.06157260,0.93842740
DIA,3,0.05801742,0.94198258
DIA,3,0.05805620,0.94194380
DIA,3,0.07234689,0.92765311
DIA,3,0.05687142,0.94312858
DIA,3,0.08861612,0.91138388
DIA,3,0.06458234,0.93541766
DIA,3,0.05842049,0.94157951
DIA,3,0.06582838,0.93417162
DIA,3,0.06577404,0.93422596
DIA,3,0.19622876,0.80377124
DIA,3,0.06783858,0.93216142
DIA,3,0.05659292,0.94340708
DIA,3,0.05982807,0.94017193
DIA,3,0.07123530,0.92876470
DIA,3,0.06095623,0.93904377
DIA,3,0.06378925,0.93621075
DIA,3,0.05770379,0.94229621
DIA,3,0.05789974,0.94210026
DIA,3,0.06347788,0.93652212
DIA,3,0.06425277,0.93574723
DIA,3,0.07598190,0.92401810
DIA,3,0.05829937,0.94170063
DIA,3,0.05805255,0.94194745
DIA,3,0.05689511,0.94310489
DIA,3,0.05779881,0.94220119
DIA,3,0.06977915,0.93022085
DIA,3,0.05681990,0.94318010
DIA,3,0.05839269,0.94160731
DIA,3,0.05644999,0.94355001
DIA,3,0.06970331,0.93029669
DIA,3,0.58375518,0.41624482
DIA,3,0.14589391,0.85410609
DIA,3,0.07125446,0.92874554
DIA,3,0.05643428,0.94356572
DIA,3,0.07933391,0.92066609
DIA,3,0.06651152,0.93348848
DIA,3,0.15211010,0.84788990
DIA,3,0.07198307,0.92801693
DIA,3,0.08061436,0.91938564
DIA,3,0.05906330,0.94093670
DIA,3,0.12519922,0.87480078
DIA,3,0.09203602,0.90796398
DIA,3,0.06370297,0.93629703
DIA,3,0.05724156,0.94275844
DIA,3,0.05921333,0.94078667
DIA,3,0.05661095,0.94338905
DIA,3,0.06687877,0.93312123
DIA,3,0.07252477,0.92747523
DIA,3,0.06530845,0.93469155
DIA,3,0.09244462,0.90755538
DIA,3,0.05681264,0.94318736
DIA,3,0.09419269,0.90580731
DIA,3,0.17718167,0.82281833
DIA,3,0.08932521,0.91067479
DIA,3,0.34103286,0.65896714
DIA,3,0.09208428,0.90791572
DIA,3,0.17732315,0.82267685
DIA,3,0.15390896,0.84609104
DIA,3,0.05644400,0.94355600
DIA,3,0.09478131,0.90521869
DIA,3,0.12195879,0.87804121
DIA,3,0.06985120,0.93014880
DIA,3,0.25819046,0.74180954
DIA,3,0.08932078,0.91067922
DIA,3,0.07881973,0.92118027
DIA,3,0.09911423,0.90088577
DIA,3,0.06085864,0.93914136
DIA,3,0.10241718,0.89758282
DIA,3,0.05643225,0.94356775
DIA,3,0.05836909,0.94163091
DIA,3,0.06551335,0.93448665
DIA,3,0.06437895,0.93562105
DIA,3,0.12156380,0.87843620
DIA,3,0.24187520,0.75812480
DIA,3,0.06367173,0.93632827
DIA,3,0.05723687,0.94276313
DIA,3,0.07755052,0.92244948
DIA,3,0.06973882,0.93026118
DIA,3,0.05686380,0.94313620
DIA,3,0.06376212,0.93623788
DIA,3,0.06882276,0.93117724
DIA,3,0.05825281,0.94174719
DIA,3,0.07482488,0.92517512
DIA,3,0.05642884,0.94357116
DIA,3,0.06940963,0.93059037
DIA,3,0.05906043,0.94093957
DIA,3,0.07778161,0.92221839
DIA,3,0.07544537,0.92455463
DIA,3,0.18702542,0.81297458
DIA,3,0.13736701,0.86263299
DIA,3,0.10059430,0.89940570
DIA,3,0.06661023,0.93338977
DIA,3,0.06957784,0.93042216
DIA,3,0.05858732,0.94141268
DIA,3,0.09163912,0.90836088
DIA,3,0.05750365,0.94249635
DIA,3,0.07355863,0.92644137
DIA,3,0.05699960,0.94300040
DIA,3,0.45927612,0.54072388
DIA,3,0.13060132,0.86939868
DIA,3,0.08440702,0.91559298
DIA,3,0.06934998,0.93065002
DIA,3,0.07319125,0.92680875
DIA,3,0.09022694,0.90977306
DIA,3,0.05649694,0.94350306
DIA,3,0.05698265,0.94301735
DIA,3,0.06207119,0.93792881
DIA,3,0.12328288,0.87671712
DIA,3,0.05929602,0.94070398
DIA,3,0.06855200,0.93144800
DIA,3,0.15569942,0.84430058
DIA,3,0.84623076,0.15376924
DIA,3,0.05895101,0.94104899
DIA,3,0.05700909,0.94299091
DIA,3,0.05731711,0.94268289
DIA,3,0.21417139,0.78582861
DIA,3,0.05643452,0.94356548
DIA,3,0.05667519,0.94332481
DIA,3,0.05986453,0.94013547
DIA,3,0.06951823,0.93048177
