dataset,p,component_1,component_2
IWN,1,0.06040623,0.93959377
IWN,1,0.06804745,0.93195255
IWN,1,0.05524550,0.94475450
IWN,1,0.04673677,0.95326323
IWN,1,0.04458999,0.95541001
IWN,1,0.06549662,0.93450338
IWN,1,0.10412404,0.89587596
IWN,1,0.07031887,0.92968113
IWN,1,0.09437567,0.90562433
IWN,1,0.11966028,0.88033972
IWN,1,0.11824524,0.88175476
IWN,1,0.04782249,0.95217751
IWN,1,0.05965108,0.94034892
IWN,1,0.05415301,0.94584699
IWN,1,0.04483468,0.95516532
IWN,1,0.05811125,0.94188875
IWN,1,0.07591540,0.92408460
IWN,1,0.07187502,0.92812498
IWN,1,0.04462384,0.95537616
IWN,1,0.04693443,0.95306557
IWN,1,0.13564746,0.86435254
IWN,1,0.04462842,0.95537158
IWN,1,0.06542648,0.93457352
IWN,1,0.05534697,0.94465303
IWN,1,0.13422485,0.86577515
IWN,1,0.05847280,0.94152720
IWN,1,0.04496080,0.95503920
IWN,1,0.05069934,0.94930066
IWN,1,0.04586786,0.95413214
IWN,1,0.04469223,0.95530777
IWN,1,0.09240477,0.90759523
IWN,1,0.12903346,0.87096654
IWN,1,0.16376795,0.83623205
IWN,1,0.13272039,0.86727961
IWN,1,0.05190033,0.94809967
IWN,1,0.04792778,0.95207222
IWN,1,0.05031794,0.94968206
IWN,1,0.05590977,0.94409023
IWN,1,0.18235085,0.81764915
IWN,1,0.09297663,0.90702337
IWN,1,0.04457990,0.95542010
IWN,1,0.12699907,0.87300093
IWN,1,0.04681002,0.95318998
IWN,1,0.04703798,0.95296202
IWN,1,0.04475644,0.95524356
IWN,1,0.04458158,0.95541842
IWN,1,0.04987478,0.95012522
IWN,1,0.04980078,0.95019922
IWN,1,0.04557613,0.95442387
IWN,1,0.04912108,0.95087892
IWN,1,0.05451752,0.94548248
IWN,1,0.06194025,0.93805975
IWN,1,0.06534159,0.93465841
IWN,1,0.05373895,0.94626105
IWN,1,0.06980724,0.93019276
IWN,1,0.06660795,0.93339205
IWN,1,0.09380163,0.90619837
IWN,1,0.05955803,0.94044197
IWN,1,0.04571078,0.95428922
IWN,1,0.04620312,0.95379688
IWN,1,0.04803413,0.95196587
IWN,1,0.04457631,0.95542369
IWN,1,0.04930952,0.95069048
IWN,1,0.07736522,0.92263478
IWN,1,0.04820354,0.95179646
IWN,1,0.13633150,0.86366850
IWN,1,0.08191845,0.91808155
IWN,1,0.22960367,0.77039633
IWN,1,0.04975778,0.95024222
IWN,1,0.11834797,0.88165203
IWN,1,0.04972106,0.95027894
IWN,1,0.04760538,0.95239462
IWN,1,0.04482104,0.95517896
IWN,1,0.06469659,0.93530341
IWN,1,0.04502669,0.95497331
IWN,1,0.05478590,0.94521410
IWN,1,0.05597970,0.94402030
IWN,1,0.10550069,0.89449931
IWN,1,0.04513861,0.95486139
IWN,1,0.14072272,0.85927728
IWN,1,0.05188782,0.94811218
IWN,1,0.07411761,0.92588239
IWN,1,0.04675716,0.95324284
IWN,1,0.09942937,0.90057063
IWN,1,0.05269499,0.94730501
IWN,1,0.10913634,0.89086366
IWN,1,0.11949110,0.88050890
IWN,1,0.15148725,0.84851275
IWN,1,0.07519318,0.92480682
IWN,1,0.31912805,0.68087195
IWN,1,0.04581225,0.95418775
IWN,1,0.08243886,0.91756114
IWN,1,0.04604389,0.95395611
IWN,1,0.08115225,0.91884775
IWN,1,0.07559417,0.92440583
IWN,1,0.04851476,0.95148524
IWN,1,0.10623908,0.89376092
IWN,1,0.06918044,0.93081956
IWN,1,0.04595804,0.95404196
IWN,1,0.06232549,0.93767451
IWN,1,0.04470171,0.95529829
IWN,1,0.04471616,0.95528384
IWN,1,0.36606221,0.63393779
IWN,1,0.04511747,0.95488253
IWN,1,0.04592489,0.95407511
IWN,1,0.16356793,0.83643207
IWN,1,0.09550334,0.90449666
IWN,1,0.05035880,0.94964120
IWN,1,0.05400170,0.94599830
IWN,1,0.04570453,0.95429547
IWN,1,0.10745258,0.89254742
IWN,1,0.05108868,0.94891132
IWN,1,0.40347658,0.59652342
IWN,1,0.04543129,0.95456871
IWN,1,0.13679887,0.86320113
IWN,1,0.04549088,0.95450912
IWN,1,0.04859230,0.95140770
IWN,1,0.04766671,0.95233329
IWN,1,0.07938731,0.92061269
IWN,1,0.04724906,0.95275094
IWN,1,0.05664496,0.94335504
IWN,1,0.04612213,0.95387787
IWN,1,0.13912829,0.86087171
IWN,1,0.74503210,0.25496790
IWN,1,0.08806422,0.91193578
IWN,1,0.04462610,0.95537390
IWN,1,0.10380664,0.89619336
IWN,1,0.05892839,0.94107161
IWN,1,0.26954484,0.73045516
IWN,1,0.07055468,0.92944532
IWN,1,0.07688647,0.92311353
IWN,1,0.05711002,0.94288998
IWN,1,0.08319897,0.91680103
IWN,1,0.05137532,0.94862468
IWN,1,0.65556353,0.34443647
IWN,1,0.40033785,0.59966215
IWN,1,0.24859036,0.75140964
IWN,1,0.99901254,0.00098746
IWN,1,0.98744698,0.01255302
IWN,1,0.04649331,0.95350669
IWN,1,0.22893280,0.77106720
IWN,1,0.99257133,0.00742867
IWN,1,0.04457677,0.95542323
IWN,1,0.16274632,0.83725368
IWN,1,0.05530198,0.94469802
IWN,1,0.71199363,0.28800637
IWN,1,0.21498367,0.78501633
IWN,1,0.70986985,0.29013015
IWN,1,0.07782383,0.92217617
IWN,1,0.10233900,0.89766100
IWN,1,0.04464529,0.95535471
IWN,1,0.04658739,0.95341261
IWN,1,0.49409371,0.50590629
IWN,1,0.43403016,0.56596984
IWN,1,0.04677788,0.95322212
IWN,1,0.06945529,0.93054471
IWN,1,0.05319138,0.94680862
IWN,1,0.05124508,0.94875492
IWN,1,0.06675843,0.93324157
IWN,1,0.21083066,0.78916934
IWN,1,0.10848636,0.89151364
IWN,1,0.04525481,0.95474519
IWN,1,0.05934425,0.94065575
IWN,1,0.69523163,0.30476837
IWN,1,0.04607281,0.95392719
IWN,1,0.04600668,0.95399332
IWN,1,0.19603646,0.80396354
IWN,1,0.04464638,0.95535362
IWN,1,0.17442168,0.82557832
IWN,1,0.05446485,0.94553515
IWN,1,0.04590779,0.95409221
IWN,1,0.04457866,0.95542134
IWN,1,0.12514498,0.87485502
IWN,1,0.06542672,0.93457328
IWN,1,0.06716742,0.93283258
IWN,1,0.04891813,0.95108187
IWN,1,0.13518425,0.86481575
IWN,1,0.28503313,0.71496687
IWN,1,0.05034318,0.94965682
IWN,1,0.26676461,0.73323539
IWN,1,0.06252781,0.93747219
IWN,1,0.16385741,0.83614259
IWN,1,0.32517320,0.67482680
IWN,1,0.47663126,0.52336874
IWN,1,0.04993037,0.95006963
IWN,1,0.16374105,0.83625895
IWN,1,0.08837594,0.91162406
IWN,1,0.06729379,0.93270621
IWN,1,0.13179151,0.86820849
IWN,1,0.85540488,0.14459512
IWN,1,0.05860288,0.94139712
IWN,1,0.99965218,0.00034782
IWN,1,0.05133531,0.94866469
IWN,1,0.99974877,0.00025123
IWN,1,0.05028423,0.94971577
IWN,1,0.65535532,0.34464468
IWN,1,0.17850820,0.82149180
IWN,1,0.38197813,0.61802187
IWN,1,0.04827014,0.95172986
IWN,1,0.07424454,0.92575546
IWN,1,0.08828897,0.91171103
IWN,1,0.05816234,0.94183766
IWN,1,0.04531858,0.95468142
IWN,1,0.06416564,0.93583436
IWN,1,0.04465325,0.95534675
IWN,1,0.05086255,0.94913745
IWN,1,0.14026325,0.85973675
IWN,1,0.04477448,0.95522552
IWN,1,0.08672404,0.91327596
IWN,1,0.11326369,0.88673631
IWN,1,0.04524700,0.95475300
IWN,1,0.06363046,0.93636954
IWN,1,0.05442841,0.94557159
IWN,1,0.18661139,0.81338861
IWN,1,0.19593737,0.80406263
IWN,1,0.08514228,0.91485772
IWN,1,0.06313844,0.93686156
IWN,1,0.05334238,0.94665762
IWN,1,0.07512644,0.92487356
IWN,1,0.04918055,0.95081945
IWN,1,0.08099891,0.91900109
IWN,1,0.41688145,0.58311855
IWN,1,0.10645391,0.89354609
IWN,1,0.06125703,0.93874297
IWN,1,0.05180459,0.94819541
IWN,1,0.15667399,0.84332601
IWN,1,0.44495311,0.55504689
IWN,1,0.04514055,0.95485945
IWN,1,0.04479527,0.95520473
IWN,1,0.04704769,0.95295231
IWN,1,0.10978840,0.89021160
IWN,1,0.05424959,0.94575041
IWN,1,0.04987255,0.95012745
IWN,1,0.12903529,0.87096471
IWN,1,0.12518488,0.87481512
IWN,1,0.04513705,0.95486295
IWN,1,0.06616968,0.93383032
IWN,1,0.13261874,0.86738126
IWN,1,0.04900478,0.95099522
IWN,1,0.04533317,0.95466683
IWN,1,0.11822756,0.88177244
IWN,1,0.04457724,0.95542276
IWN,1,0.06082674,0.93917326
IWN,1,0.04566625,0.95433375
IWN,1,0.04457774,0.95542226
IWN,1,0.04515821,0.95484179
IWN,1,0.08315064,0.91684936
IWN,1,0.04490237,0.95509763
IWN,1,0.04514957,0.95485043
IWN,1,0.18421838,0.81578162
IWN,1,0.04617707,0.95382293
IWN,1,0.12112398,0.87887602
IWN,1,0.06574606,0.93425394
IWN,1,0.08678674,0.91321326
IWN,1,0.08041868,0.91958132
IWN,1,0.04634003,0.95365997
IWN,1,0.04563976,0.95436024
IWN,1,0.04614111,0.95385889
IWN,1,0.04492938,0.95507062
IWN,1,0.04568671,0.95431329
IWN,1,0.12752604,0.87247396
IWN,1,0.06280795,0.93719205
IWN,1,0.05115176,0.94884824
IWN,1,0.04667931,0.95332069
IWN,1,0.10670225,0.89329775
IWN,1,0.09985187,0.90014813
IWN,1,0.06433924,0.93566076
IWN,1,0.04926525,0.95073475
IWN,1,0.26847205,0.73152795
IWN,1,0.04822923,0.95177077
IWN,1,0.04895877,0.95104123
IWN,1,0.04467551,0.95532449
IWN,1,0.04948945,0.95051055
IWN,1,0.05068444,0.94931556
IWN,1,0.22631313,0.77368687
IWN,1,0.05733545,0.94266455
IWN,1,0.06705925,0.93294075
IWN,1,0.04814679,0.95185321
IWN,1,0.05770907,0.94229093
IWN,1,0.07294038,0.92705962
IWN,1,0.08425181,0.91574819
IWN,1,0.04733735,0.95266265
IWN,1,0.04723585,0.95276415
IWN,1,0.12562076,0.87437924
IWN,1,0.26978404,0.73021596
IWN,1,0.08541373,0.91458627
IWN,1,0.05950318,0.94049682
IWN,1,0.04716862,0.95283138
IWN,1,0.04606997,0.95393003
IWN,1,0.04485568,0.95514432
IWN,1,0.04789723,0.95210277
IWN,1,0.04688057,0.95311943
IWN,1,0.05234229,0.94765771
IWN,1,0.05091136,0.94908864
IWN,1,0.13183428,0.86816572
IWN,1,0.06469661,0.93530339
IWN,1,0.04501175,0.95498825
IWN,1,0.09932721,0.90067279
IWN,1,0.05662808,0.94337192
IWN,1,0.11323382,0.88676618
IWN,1,0.07329865,0.92670135
IWN,1,0.07856208,0.92143792
IWN,1,0.04804208,0.95195792
IWN,1,0.05321618,0.94678382
IWN,1,0.08219178,0.91780822
IWN,1,0.06012834,0.93987166
IWN,1,0.04633688,0.95366312
IWN,1,0.05496120,0.94503880
IWN,1,0.04468422,0.95531578
IWN,1,0.05363420,0.94636580
IWN,1,0.05147929,0.94852071
IWN,1,0.25006732,0.74993268
IWN,1,0.04472724,0.95527276
IWN,1,0.04458228,0.95541772
IWN,1,0.11594519,0.88405481
IWN,1,0.11013887,0.88986113
IWN,1,0.06103278,0.93896722
IWN,1,0.05997938,0.94002062
IWN,1,0.05227861,0.94772139
IWN,1,0.15689760,0.84310240
IWN,1,0.04587288,0.95412712
IWN,1,0.04457744,0.95542256
IWN,1,0.06616646,0.93383354
IWN,1,0.04809495,0.95190505
IWN,1,0.13900498,0.86099502
IWN,1,0.04690993,0.95309007
IWN,1,0.04481337,0.95518663
IWN,1,0.05752808,0.94247192
IWN,1,0.10371092,0.89628908
IWN,1,0.04589833,0.95410167
IWN,1,0.04503901,0.95496099
IWN,1,0.04808790,0.95191210
IWN,1,0.15624439,0.84375561
IWN,1,0.04500391,0.95499609
IWN,1,0.05468927,0.94531073
IWN,1,0.04550974,0.95449026
IWN,1,0.05354103,0.94645897
IWN,1,0.07469629,0.92530371
IWN,1,0.07783086,0.92216914
IWN,1,0.04732487,0.95267513
IWN,1,0.04460339,0.95539661
IWN,1,0.04663250,0.95336750
IWN,1,0.05749999,0.94250001
IWN,1,0.16045007,0.83954993
IWN,1,0.04457707,0.95542293
IWN,1,0.04485844,0.95514156
IWN,1,0.05247919,0.94752081
IWN,1,0.09163382,0.90836618
IWN,1,0.17230066,0.82769934
IWN,1,0.04733212,0.95266788
IWN,1,0.04770118,0.95229882
IWN,1,0.19541231,0.80458769
IWN,1,0.06187638,0.93812362
IWN,1,0.04511327,0.95488673
IWN,1,0.18352413,0.81647587
IWN,1,0.05732456,0.94267544
IWN,1,0.04673824,0.95326176
IWN,1,0.19014961,0.80985039
IWN,1,0.06362069,0.93637931
IWN,1,0.07566078,0.92433922
IWN,1,0.05321874,0.94678126
IWN,1,0.08062848,0.91937152
IWN,1,0.05417366,0.94582634
IWN,1,0.04575264,0.95424736
IWN,1,0.04538063,0.95461937
IWN,1,0.04462849,0.95537151
IWN,1,0.08811058,0.91188942
IWN,1,0.18445130,0.81554870
IWN,1,0.04539198,0.95460802
IWN,1,0.04459945,0.95540055
IWN,1,0.05657567,0.94342433
IWN,1,0.04989479,0.95010521
IWN,1,0.04639593,0.95360407
IWN,1,0.07087871,0.92912129
IWN,1,0.78821492,0.21178508
IWN,1,0.04457734,0.95542266
IWN,1,0.09364910,0.90635090
IWN,1,0.04839969,0.95160031
IWN,1,0.09359058,0.90640942
IWN,1,0.09231747,0.90768253
IWN,1,0.05401763,0.94598237
IWN,1,0.05625692,0.94374308
IWN,1,0.04516822,0.95483178
IWN,1,0.04686154,0.95313846
IWN,1,0.09854818,0.90145182
IWN,1,0.04650846,0.95349154
IWN,1,0.08574992,0.91425008
IWN,1,0.06212294,0.93787706
IWN,1,0.04562694,0.95437306
IWN,1,0.04457762,0.95542238
IWN,1,0.04479226,0.95520774
IWN,1,0.09281853,0.90718147
IWN,1,0.04620431,0.95379569
IWN,1,0.04937625,0.95062375
IWN,1,0.16705778,0.83294222
IWN,1,0.04487167,0.95512833
IWN,1,0.07970648,0.92029352
IWN,1,0.04645221,0.95354779
IWN,1,0.04847525,0.95152475
IWN,1,0.04479053,0.95520947
IWN,1,0.05743961,0.94256039
IWN,1,0.20318791,0.79681209
IWN,1,0.04460762,0.95539238
IWN,1,0.04833988,0.95166012
IWN,1,0.05155465,0.94844535
IWN,1,0.04882743,0.95117257
IWN,1,0.22840606,0.77159394
IWN,1,0.04796946,0.95203054
IWN,1,0.05852070,0.94147930
IWN,1,0.09033168,0.90966832
IWN,1,0.05283018,0.94716982
IWN,1,0.05271912,0.94728088
IWN,1,0.04909381,0.95090619
IWN,1,0.04636102,0.95363898
IWN,1,0.08131598,0.91868402
IWN,1,0.10073766,0.89926234
IWN,1,0.05789667,0.94210333
IWN,1,0.04462756,0.95537244
IWN,1,0.05063229,0.94936771
IWN,1,0.06745395,0.93254605
IWN,1,0.04917492,0.95082508
IWN,1,0.24950120,0.75049880
IWN,1,0.04886572,0.95113428
IWN,1,0.08392652,0.91607348
IWN,1,0.04501877,0.95498123
IWN,1,0.04766215,0.95233785
IWN,1,0.04484826,0.95515174
IWN,1,0.06325995,0.93674005
IWN,1,0.04469797,0.95530203
IWN,1,0.05991728,0.94008272
IWN,1,0.05846265,0.94153735
IWN,1,0.06005808,0.93994192
IWN,1,0.14838229,0.85161771
IWN,1,0.46445225,0.53554775
IWN,1,0.05786057,0.94213943
IWN,1,0.04470047,0.95529953
IWN,1,0.19126462,0.80873538
IWN,1,0.05834378,0.94165622
IWN,1,0.09253031,0.90746969
IWN,1,0.05195115,0.94804885
IWN,1,0.05481777,0.94518223
IWN,1,0.05315174,0.94684826
IWN,1,0.04704144,0.95295856
IWN,1,0.04840211,0.95159789
IWN,1,0.08790476,0.91209524
IWN,1,0.06884334,0.93115666
IWN,1,0.06011486,0.93988514
IWN,1,0.05100387,0.94899613
IWN,1,0.09556446,0.90443554
IWN,1,0.04510579,0.95489421
IWN,1,0.04487050,0.95512950
IWN,1,0.07983039,0.92016961
IWN,1,0.05867468,0.94132532
IWN,1,0.04917368,0.95082632
IWN,1,0.05608984,0.94391016
IWN,1,0.12234660,0.87765340
IWN,1,0.05726396,0.94273604
IWN,1,0.04725507,0.95274493
IWN,1,0.04467317,0.95532683
IWN,1,0.10068539,0.89931461
IWN,1,0.04794285,0.95205715
IWN,1,0.04487965,0.95512035
IWN,1,0.05174362,0.94825638
IWN,1,0.04465715,0.95534285
IWN,1,0.10575561,0.89424439
IWN,1,0.05966832,0.94033168
IWN,1,0.21935874,0.78064126
IWN,1,0.04467791,0.95532209
IWN,1,0.07598905,0.92401095
IWN,1,0.07387689,0.92612311
IWN,1,0.05636950,0.94363050
IWN,1,0.05325788,0.94674212
IWN,1,0.04466396,0.95533604
IWN,1,0.04457627,0.95542373
IWN,1,0.16617629,0.83382371
IWN,1,0.07849193,0.92150807
IWN,1,0.04962990,0.95037010
IWN,1,0.04583341,0.95416659
IWN,1,0.08410875,0.91589125
IWN,1,0.04614451,0.95385549
IWN,1,0.05943774,0.94056226
IWN,1,0.04934623,0.95065377
IWN,1,0.04584398,0.95415602
IWN,1,0.04813853,0.95186147
IWN,1,0.04934518,0.95065482
IWN,1,0.07967977,0.92032023
IWN,1,0.11573402,0.88426598
IWN,1,0.08765999,0.91234001
IWN,1,0.05444975,0.94555025
IWN,1,0.04685086,0.95314914
IWN,1,0.04471928,0.95528072
IWN,1,0.11990154,0.88009846
IWN,1,0.05135944,0.94864056
IWN,1,0.06131481,0.93868519
IWN,1,0.05936541,0.94063459
IWN,1,0.04558896,0.95441104
IWN,1,0.04688066,0.95311934
IWN,1,0.08480955,0.91519045
IWN,1,0.04650408,0.95349592
IWN,1,0.05281576,0.94718424
IWN,1,0.04501222,0.95498778
IWN,1,0.07826992,0.92173008
IWN,1,0.04539942,0.95460058
IWN,1,0.04507332,0.95492668
IWN,1,0.07347608,0.92652392
IWN,1,0.04824522,0.95175478
IWN,1,0.05136566,0.94863434
IWN,1,0.04488290,0.95511710
IWN,1,0.05817258,0.94182742
IWN,1,0.04731396,0.95268604
IWN,1,0.04749360,0.95250640
IWN,1,0.04471178,0.95528822
IWN,1,0.06613304,0.93386696
IWN,1,0.04460649,0.95539351
IWN,1,0.04551107,0.95448893
IWN,1,0.07551180,0.92448820
IWN,1,0.05021571,0.94978429
IWN,1,0.22522756,0.77477244
IWN,1,0.04644474,0.95355526
IWN,1,0.04519712,0.95480288
IWN,1,0.04469040,0.95530960
IWN,1,0.04515567,0.95484433
IWN,1,0.31474276,0.68525724
IWN,1,0.05130364,0.94869636
IWN,1,0.36387996,0.63612004
IWN,1,0.04538798,0.95461202
IWN,1,0.07716634,0.92283366
IWN,1,0.05377540,0.94622460
IWN,1,0.04478581,0.95521419
IWN,1,0.08773856,0.91226144
IWN,1,0.08100420,0.91899580
IWN,1,0.04941599,0.95058401
IWN,1,0.06027603,0.93972397
IWN,1,0.04975396,0.95024604
IWN,1,0.07966789,0.92033211
IWN,1,0.04524809,0.95475191
IWN,1,0.06020214,0.93979786
IWN,1,0.05468842,0.94531158
IWN,1,0.05281168,0.94718832
IWN,1,0.04877112,0.95122888
IWN,1,0.04992418,0.95007582
IWN,1,0.04461289,0.95538711
IWN,1,0.04940197,0.95059803
IWN,1,0.05226901,0.94773099
IWN,1,0.05321073,0.94678927
IWN,1,0.04844994,0.95155006
IWN,1,0.27166924,0.72833076
IWN,1,0.05624079,0.94375921
IWN,1,0.06722505,0.93277495
IWN,1,0.14271468,0.85728532
IWN,1,0.04488816,0.95511184
IWN,1,0.08572470,0.91427530
IWN,1,0.04457892,0.95542108
IWN,1,0.04708720,0.95291280
IWN,1,0.14701295,0.85298705
IWN,1,0.04563465,0.95436535
IWN,1,0.05585940,0.94414060
IWN,1,0.10838385,0.89161615
IWN,1,0.06030241,0.93969759
IWN,1,0.08150957,0.91849043
IWN,1,0.09211273,0.90788727
IWN,1,0.04479170,0.95520830
IWN,1,0.05470796,0.94529204
IWN,1,0.11494603,0.88505397
IWN,1,0.04639316,0.95360684
IWN,1,0.05908388,0.94091612
IWN,1,0.04465044,0.95534956
IWN,1,0.04640234,0.95359766
IWN,1,0.04759217,0.95240783
IWN,1,0.17629709,0.82370291
IWN,1,0.06954448,0.93045552
IWN,1,0.04590579,0.95409421
IWN,1,0.06150132,0.93849868
IWN,1,0.05126152,0.94873848
IWN,1,0.16775789,0.83224211
IWN,1,0.05902410,0.94097590
IWN,1,0.12650179,0.87349821
IWN,1,0.04558363,0.95441637
IWN,1,0.04765903,0.95234097
IWN,1,0.04561739,0.95438261
IWN,1,0.20459660,0.79540340
IWN,1,0.10958365,0.89041635
IWN,1,0.07198107,0.92801893
IWN,1,0.05187644,0.94812356
IWN,1,0.05606723,0.94393277
IWN,1,0.04478930,0.95521070
IWN,1,0.07272869,0.92727131
IWN,1,0.65036350,0.34963650
IWN,1,0.11042705,0.88957295
IWN,1,0.09495056,0.90504944
IWN,1,0.04870760,0.95129240
IWN,1,0.04923391,0.95076609
IWN,1,0.04900883,0.95099117
IWN,1,0.08763255,0.91236745
IWN,1,0.07704720,0.92295280
IWN,1,0.05287487,0.94712513
IWN,1,0.04722243,0.95277757
IWN,1,0.05815551,0.94184449
IWN,1,0.09195369,0.90804631
IWN,1,0.21816688,0.78183312
IWN,1,0.05078701,0.94921299
IWN,1,0.04473015,0.95526985
IWN,1,0.04769952,0.95230048
IWN,1,0.05192933,0.94807067
IWN,1,0.04508084,0.95491916
IWN,1,0.15078186,0.84921814
IWN,1,0.05543946,0.94456054
IWN,1,0.19649298,0.80350702
IWN,1,0.04462453,0.95537547
IWN,1,0.08849283,0.91150717
IWN,1,0.04633800,0.95366200
IWN,1,0.17548450,0.82451550
IWN,1,0.09883147,0.90116853
IWN,1,0.04942738,0.95057262
IWN,1,0.04472139,0.95527861
IWN,1,0.04554218,0.95445782
IWN,1,0.04473798,0.95526202
IWN,1,0.04749635,0.95250365
IWN,1,0.10822709,0.89177291
IWN,1,0.04656045,0.95343955
IWN,1,0.05486267,0.94513733
IWN,1,0.04671666,0.95328334
IWN,1,0.05135240,0.94864760
IWN,1,0.04964788,0.95035212
IWN,1,0.05615456,0.94384544
IWN,1,0.04466221,0.95533779
IWN,1,0.07544364,0.92455636
IWN,1,0.04458144,0.95541856
IWN,1,0.13711478,0.86288522
IWN,1,0.04749072,0.95250928
IWN,1,0.04457646,0.95542354
IWN,1,0.04536497,0.95463503
IWN,1,0.04890714,0.95109286
IWN,1,0.04521750,0.95478250
IWN,1,0.05888174,0.94111826
IWN,1,0.05139798,0.94860202
IWN,1,0.07612975,0.92387025
IWN,1,0.31001500,0.68998500
IWN,1,0.04959570,0.95040430
IWN,1,0.06758143,0.93241857
IWN,1,0.05988191,0.94011809
IWN,1,0.12118087,0.87881913
IWN,1,0.04462412,0.95537588
IWN,1,0.05810009,0.94189991
IWN,1,0.04472188,0.95527812
IWN,1,0.04606336,0.95393664
IWN,1,0.07038853,0.92961147
IWN,1,0.04497086,0.95502914
IWN,1,0.11227058,0.88772942
IWN,1,0.21449170,0.78550830
IWN,1,0.04788736,0.95211264
IWN,1,0.21844469,0.78155531
IWN,1,0.04557697,0.95442303
IWN,1,0.11496232,0.88503768
IWN,1,0.04471449,0.95528551
IWN,1,0.19592054,0.80407946
IWN,1,0.04629069,0.95370931
IWN,1,0.11696260,0.88303740
IWN,1,0.04969434,0.95030566
IWN,1,0.11959149,0.88040851
IWN,1,0.04916247,0.95083753
IWN,1,0.04490050,0.95509950
IWN,1,0.05827781,0.94172219
IWN,1,0.04661345,0.95338655
IWN,1,0.05332876,0.94667124
IWN,1,0.05807972,0.94192028
IWN,1,0.04910287,0.95089713
IWN,1,0.04957128,0.95042872
IWN,1,0.09737755,0.90262245
IWN,1,0.04734158,0.95265842
IWN,1,0.07531862,0.92468138
IWN,1,0.05028607,0.94971393
IWN,1,0.07222809,0.92777191
IWN,1,0.04714378,0.95285622
IWN,1,0.04530548,0.95469452
IWN,1,0.05075426,0.94924574
IWN,1,0.04639985,0.95360015
IWN,1,0.06670690,0.93329310
IWN,1,0.04467094,0.95532906
IWN,1,0.04772794,0.95227206
IWN,1,0.05861075,0.94138925
IWN,1,0.09851178,0.90148822
IWN,1,0.04482139,0.95517861
IWN,1,0.04476555,0.95523445
IWN,1,0.06861583,0.93138417
IWN,1,0.07984649,0.92015351
IWN,1,0.05606385,0.94393615
IWN,1,0.04558104,0.95441896
IWN,1,0.16698666,0.83301334
IWN,1,0.06141827,0.93858173
IWN,1,0.04581916,0.95418084
IWN,1,0.05465118,0.94534882
IWN,1,0.09729421,0.90270579
IWN,1,0.06248825,0.93751175
IWN,1,0.04466921,0.95533079
IWN,1,0.04605199,0.95394801
IWN,1,0.09213547,0.90786453
IWN,1,0.06480328,0.93519672
IWN,1,0.07574701,0.92425299
IWN,1,0.04484223,0.95515777
IWN,1,0.07043804,0.92956196
IWN,1,0.04724290,0.95275710
IWN,1,0.07360890,0.92639110
IWN,1,0.08353810,0.91646190
IWN,1,0.05256403,0.94743597
IWN,1,0.09796745,0.90203255
IWN,1,0.06620053,0.93379947
IWN,1,0.04630423,0.95369577
IWN,1,0.04529319,0.95470681
IWN,1,0.04911402,0.95088598
IWN,1,0.05057028,0.94942972
IWN,1,0.15350402,0.84649598
IWN,1,0.09808872,0.90191128
IWN,1,0.04546462,0.95453538
IWN,1,0.05170996,0.94829004
IWN,1,0.05528555,0.94471445
IWN,1,0.05356385,0.94643615
IWN,1,0.05919152,0.94080848
IWN,1,0.06725199,0.93274801
IWN,1,0.04509480,0.95490520
IWN,1,0.05997936,0.94002064
IWN,1,0.05433780,0.94566220
IWN,1,0.04461329,0.95538671
IWN,1,0.07382891,0.92617109
IWN,1,0.10349530,0.89650470
IWN,1,0.04879774,0.95120226
IWN,1,0.06786240,0.93213760
IWN,1,0.04518790,0.95481210
IWN,1,0.04696665,0.95303335
IWN,1,0.04519284,0.95480716
IWN,1,0.09881499,0.90118501
IWN,1,0.05199164,0.94800836
IWN,1,0.04464274,0.95535726
IWN,1,0.05514670,0.94485330
IWN,1,0.16333431,0.83666569
IWN,1,0.06083225,0.93916775
IWN,1,0.04636877,0.95363123
IWN,1,0.05082942,0.94917058
IWN,1,0.06235006,0.93764994
IWN,1,0.05364238,0.94635762
IWN,1,0.05500812,0.94499188
IWN,1,0.05763887,0.94236113
IWN,1,0.04557863,0.95442137
IWN,1,0.04504577,0.95495423
IWN,1,0.07031299,0.92968701
IWN,1,0.05125877,0.94874123
IWN,1,0.04458537,0.95541463
IWN,1,0.06340413,0.93659587
IWN,1,0.08590260,0.91409740
IWN,1,0.04490316,0.95509684
IWN,1,0.04636165,0.95363835
IWN,1,0.04526406,0.95473594
IWN,1,0.11506882,0.88493118
IWN,1,0.09760645,0.90239355
IWN,1,0.19883438,0.80116562
IWN,1,0.04784684,0.95215316
IWN,1,0.08511167,0.91488833
IWN,1,0.05882210,0.94117790
IWN,1,0.05830419,0.94169581
IWN,1,0.04542862,0.95457138
IWN,1,0.04928648,0.95071352
IWN,1,0.06974179,0.93025821
IWN,1,0.08756958,0.91243042
IWN,1,0.07162515,0.92837485
IWN,1,0.06203912,0.93796088
IWN,1,0.04507526,0.95492474
IWN,1,0.05673820,0.94326180
IWN,1,0.04535244,0.95464756
IWN,1,0.08865587,0.91134413
IWN,1,0.04542975,0.95457025
IWN,1,0.04518221,0.95481779
IWN,1,0.07088556,0.92911444
IWN,1,0.05180451,0.94819549
IWN,1,0.05602655,0.94397345
IWN,1,0.04710819,0.95289181
IWN,1,0.07473300,0.92526700
IWN,1,0.04476308,0.95523692
IWN,1,0.04462985,0.95537015
IWN,1,0.10754291,0.89245709
IWN,1,0.04517636,0.95482364
IWN,1,0.08388259,0.91611741
IWN,1,0.04476417,0.95523583
IWN,1,0.04457935,0.95542065
IWN,1,0.04750973,0.95249027
IWN,1,0.05923435,0.94076565
IWN,1,0.04722576,0.95277424
IWN,1,0.16742091,0.83257909
IWN,1,0.04694352,0.95305648
IWN,1,0.06356791,0.93643209
IWN,1,0.16754170,0.83245830
IWN,1,0.04844380,0.95155620
IWN,1,0.06269135,0.93730865
IWN,1,0.04731011,0.95268989
IWN,1,0.04659586,0.95340414
IWN,1,0.09255360,0.90744640
IWN,1,0.04472188,0.95527812
IWN,1,0.06665583,0.93334417
IWN,1,0.06845100,0.93154900
IWN,1,0.04881665,0.95118335
IWN,1,0.04502741,0.95497259
IWN,1,0.06232497,0.93767503
IWN,1,0.05015654,0.94984346
IWN,1,0.05182789,0.94817211
IWN,1,0.04503478,0.95496522
IWN,1,0.04904655,0.95095345
IWN,1,0.04458507,0.95541493
IWN,1,0.05023188,0.94976812
IWN,1,0.06629811,0.93370189
IWN,1,0.04700803,0.95299197
IWN,1,0.04480603,0.95519397
IWN,1,0.09747968,0.90252032
IWN,1,0.08866404,0.91133596
IWN,1,0.04464519,0.95535481
IWN,1,0.04941810,0.95058190
IWN,1,0.04959948,0.95040052
IWN,1,0.04552798,0.95447202
IWN,1,0.04566835,0.95433165
IWN,1,0.04782455,0.95217545
IWN,1,0.11298680,0.88701320
IWN,1,0.04928977,0.95071023
IWN,1,0.06315790,0.93684210
IWN,1,0.09545468,0.90454532
IWN,1,0.15403513,0.84596487
IWN,1,0.13227963,0.86772037
IWN,1,0.04850811,0.95149189
IWN,1,0.10745756,0.89254244
IWN,1,0.10273789,0.89726211
IWN,1,0.23230045,0.76769955
IWN,1,0.09318232,0.90681768
IWN,1,0.06700389,0.93299611
IWN,1,0.08477188,0.91522812
IWN,1,0.04467025,0.95532975
IWN,1,0.30482645,0.69517355
IWN,1,0.06022324,0.93977676
IWN,1,0.07132504,0.92867496
IWN,1,0.04820777,0.95179223
IWN,1,0.07280937,0.92719063
IWN,1,0.04480942,0.95519058
IWN,1,0.04475676,0.95524324
IWN,1,0.06659673,0.93340327
IWN,1,0.06657138,0.93342862
IWN,1,0.04458194,0.95541806
IWN,1,0.12039425,0.87960575
IWN,1,0.05423529,0.94576471
IWN,1,0.10768505,0.89231495
IWN,1,0.05433197,0.94566803
IWN,1,0.13897939,0.86102061
IWN,1,0.04938209,0.95061791
IWN,1,0.04521044,0.95478956
IWN,1,0.05995377,0.94004623
IWN,1,0.04809685,0.95190315
IWN,1,0.06141432,0.93858568
IWN,1,0.08766745,0.91233255
IWN,1,0.05535999,0.94464001
IWN,1,0.04767470,0.95232530
IWN,1,0.08353744,0.91646256
IWN,1,0.04565088,0.95434912
IWN,1,0.05034703,0.94965297
IWN,1,0.04846939,0.95153061
IWN,1,0.04560668,0.95439332
IWN,1,0.05100759,0.94899241
IWN,1,0.00000000,0.00000000
IWN,1,0.99950104,0.00049896
IWN,1,0.04898946,0.95101054
IWN,1,0.06314376,0.93685624
IWN,1,0.04783206,0.95216794
IWN,1,0.05497225,0.94502775
IWN,1,0.04457940,0.95542060
IWN,1,0.04457676,0.95542324
IWN,1,0.04526589,0.95473411
IWN,1,0.04666055,0.95333945
IWN,1,0.09690202,0.90309798
IWN,1,0.06468821,0.93531179
IWN,1,0.04586908,0.95413092
IWN,1,0.18954917,0.81045083
IWN,1,0.04471214,0.95528786
IWN,1,0.04787589,0.95212411
IWN,1,0.05301646,0.94698354
IWN,1,0.08645223,0.91354777
IWN,1,0.05381486,0.94618514
IWN,1,0.04460674,0.95539326
IWN,1,0.18787649,0.81212351
IWN,1,0.09546900,0.90453100
IWN,1,0.04530788,0.95469212
IWN,1,0.04607065,0.95392935
IWN,1,0.05972913,0.94027087
IWN,1,0.04458585,0.95541415
IWN,1,0.04767816,0.95232184
IWN,1,0.08620746,0.91379254
IWN,1,0.08641855,0.91358145
IWN,1,0.11881747,0.88118253
IWN,1,0.11251172,0.88748828
IWN,1,0.05431906,0.94568094
IWN,1,0.05010753,0.94989247
IWN,1,0.04486151,0.95513849
IWN,1,0.06104423,0.93895577
IWN,1,0.04656832,0.95343168
IWN,1,0.04462970,0.95537030
IWN,1,0.05849287,0.94150713
IWN,1,0.05465487,0.94534513
IWN,1,0.11788915,0.88211085
IWN,1,0.11816982,0.88183018
IWN,1,0.04835043,0.95164957
IWN,1,0.04503423,0.95496577
IWN,1,0.04518301,0.95481699
IWN,1,0.05750163,0.94249837
IWN,1,0.06374915,0.93625085
IWN,1,0.05532743,0.94467257
IWN,1,0.10916280,0.89083720
IWN,1,0.04511934,0.95488066
IWN,1,0.04660492,0.95339508
IWN,1,0.04588914,0.95411086
IWN,1,0.05700197,0.94299803
IWN,1,0.04462892,0.95537108
IWN,1,0.04807653,0.95192347
IWN,1,0.05312403,0.94687597
IWN,1,0.11722686,0.88277314
IWN,1,0.06889905,0.93110095
IWN,1,0.04704139,0.95295861
IWN,1,0.21749618,0.78250382
IWN,1,0.04473164,0.95526836
IWN,1,0.05044920,0.94955080
IWN,1,0.09207666,0.90792334
IWN,1,0.04702663,0.95297337
IWN,1,0.05497964,0.94502036
IWN,1,0.05023744,0.94976256
IWN,1,0.04958845,0.95041155
IWN,1,0.05810443,0.94189557
IWN,1,0.06626529,0.93373471
IWN,1,0.04503830,0.95496170
IWN,1,0.06088716,0.93911284
IWN,1,0.04897101,0.95102899
IWN,1,0.09373836,0.90626164
IWN,1,0.12221610,0.87778390
IWN,1,0.04818474,0.95181526
IWN,1,0.05485816,0.94514184
IWN,1,0.05069913,0.94930087
IWN,1,0.04679182,0.95320818
IWN,1,0.04833920,0.95166080
IWN,1,0.08448811,0.91551189
IWN,1,0.04599243,0.95400757
IWN,1,0.05072463,0.94927537
IWN,1,0.10323794,0.89676206
IWN,1,0.35145714,0.64854286
IWN,1,0.05133792,0.94866208
IWN,1,0.05121103,0.94878897
IWN,1,0.05638661,0.94361339
IWN,1,0.10058100,0.89941900
IWN,1,0.09103515,0.90896485
IWN,1,0.04883843,0.95116157
IWN,1,0.10577125,0.89422875
IWN,1,0.04462118,0.95537882
IWN,1,0.07976297,0.92023703
IWN,1,0.17498192,0.82501808
IWN,1,0.10605007,0.89394993
IWN,1,0.06323942,0.93676058
IWN,1,0.20888077,0.79111923
IWN,1,0.05170796,0.94829204
IWN,1,0.06167980,0.93832020
IWN,1,0.12544409,0.87455591
IWN,1,0.09783127,0.90216873
IWN,1,0.06555784,0.93444216
IWN,1,0.05404182,0.94595818
IWN,1,0.14268449,0.85731551
IWN,1,0.04498561,0.95501439
IWN,1,0.04495600,0.95504400
IWN,1,0.04627545,0.95372455
IWN,1,0.04672686,0.95327314
IWN,1,0.04535052,0.95464948
IWN,1,0.05351580,0.94648420
IWN,1,0.05052728,0.94947272
IWN,1,0.04621091,0.95378909
IWN,1,0.09854090,0.90145910
IWN,1,0.04539197,0.95460803
IWN,1,0.11373702,0.88626298
IWN,1,0.05380485,0.94619515
IWN,1,0.06723506,0.93276494
IWN,1,0.04698641,0.95301359
IWN,1,0.04658245,0.95341755
IWN,1,0.04463509,0.95536491
IWN,1,0.10108953,0.89891047
IWN,1,0.04500156,0.95499844
IWN,1,0.04713683,0.95286317
IWN,1,0.14311395,0.85688605
IWN,1,0.04497288,0.95502712
IWN,1,0.05370991,0.94629009
IWN,1,0.04470251,0.95529749
IWN,1,0.04817298,0.95182702
IWN,1,0.04507790,0.95492210
IWN,1,0.04839182,0.95160818
IWN,1,0.04505288,0.95494712
IWN,1,0.04472813,0.95527187
IWN,1,0.04496132,0.95503868
IWN,1,0.06763256,0.93236744
IWN,1,0.04611958,0.95388042
IWN,1,0.08220017,0.91779983
IWN,1,0.04594746,0.95405254
IWN,1,0.06129543,0.93870457
IWN,1,0.05250999,0.94749001
IWN,1,0.04780341,0.95219659
IWN,1,0.08469844,0.91530156
IWN,1,0.04865640,0.95134360
IWN,1,0.04848616,0.95151384
IWN,1,0.05326412,0.94673588
IWN,1,0.12558469,0.87441531
IWN,1,0.05588575,0.94411425
IWN,1,0.04567000,0.95433000
IWN,1,0.06910323,0.93089677
IWN,1,0.05688900,0.94311100
IWN,1,0.05441858,0.94558142
IWN,1,0.04501366,0.95498634
IWN,1,0.05073921,0.94926079
IWN,1,0.04481224,0.95518776
IWN,1,0.05046238,0.94953762
IWN,1,0.04459370,0.95540630
IWN,1,0.08253065,0.91746935
IWN,1,0.06987379,0.93012621
IWN,1,0.04773998,0.95226002
IWN,1,0.09190268,0.90809732
IWN,1,0.04471357,0.95528643
IWN,1,0.07467883,0.92532117
IWN,1,0.05013301,0.94986699
IWN,1,0.04659261,0.95340739
IWN,1,0.04525051,0.95474949
IWN,1,0.06169601,0.93830399
IWN,1,0.08398465,0.91601535
IWN,1,0.04823527,0.95176473
IWN,1,0.05539583,0.94460417
IWN,1,0.08334141,0.91665859
IWN,1,0.05195050,0.94804950
IWN,1,0.05651361,0.94348639
IWN,1,0.04468395,0.95531605
IWN,1,0.05019753,0.94980247
IWN,1,0.08846630,0.91153370
IWN,1,0.05395851,0.94604149
IWN,1,0.05926690,0.94073310
IWN,1,0.04480407,0.95519593
IWN,1,0.04976170,0.95023830
IWN,1,0.05932541,0.94067459
IWN,1,0.04533404,0.95466596
IWN,1,0.06013799,0.93986201
IWN,1,0.04630379,0.95369621
IWN,1,0.09009775,0.90990225
IWN,1,0.10771204,0.89228796
IWN,1,0.04502317,0.95497683
IWN,1,0.04694776,0.95305224
IWN,1,0.05316153,0.94683847
IWN,1,0.09975393,0.90024607
IWN,1,0.04481605,0.95518395
IWN,1,0.04781485,0.95218515
IWN,1,0.07312744,0.92687256
IWN,1,0.04602344,0.95397656
IWN,1,0.07314025,0.92685975
IWN,1,0.06299006,0.93700994
IWN,1,0.04539077,0.95460923
IWN,1,0.04493124,0.95506876
IWN,1,0.04464166,0.95535834
IWN,1,0.09549389,0.90450611
IWN,1,0.06900335,0.93099665
IWN,1,0.04609744,0.95390256
IWN,1,0.06244702,0.93755298
IWN,1,0.04489459,0.95510541
IWN,1,0.04722299,0.95277701
IWN,1,0.15033928,0.84966072
IWN,1,0.04591151,0.95408849
IWN,1,0.04734950,0.95265050
IWN,1,0.05043710,0.94956290
IWN,1,0.04569464,0.95430536
IWN,1,0.04535428,0.95464572
IWN,1,0.04499029,0.95500971
IWN,1,0.09415711,0.90584289
IWN,1,0.04897660,0.95102340
IWN,1,0.09805903,0.90194097
IWN,1,0.05877853,0.94122147
IWN,1,0.04712161,0.95287839
IWN,1,0.04641173,0.95358827
IWN,1,0.57482124,0.42517876
IWN,1,0.06642679,0.93357321
IWN,1,0.04832158,0.95167842
IWN,1,0.04586653,0.95413347
IWN,1,0.05374731,0.94625269
IWN,1,0.04655929,0.95344071
IWN,1,0.05141252,0.94858748
IWN,1,0.05077131,0.94922869
IWN,1,0.05543897,0.94456103
IWN,1,0.05605307,0.94394693
IWN,1,0.07393423,0.92606577
IWN,1,0.04457951,0.95542049
IWN,1,0.06492030,0.93507970
IWN,1,0.06481040,0.93518960
IWN,1,0.04466986,0.95533014
IWN,1,0.04461326,0.95538674
IWN,1,0.05132838,0.94867162
IWN,1,0.20545493,0.79454507
IWN,1,0.22416682,0.77583318
IWN,1,0.05040934,0.94959066
IWN,1,0.04471317,0.95528683
IWN,1,0.09880629,0.90119371
IWN,1,0.07265084,0.92734916
IWN,1,0.06362630,0.93637370
IWN,1,0.04757592,0.95242408
IWN,1,0.12376475,0.87623525
IWN,1,0.06426164,0.93573836
IWN,1,0.18534345,0.81465655
IWN,1,0.04544158,0.95455842
IWN,1,0.36680395,0.63319605
IWN,1,0.07313576,0.92686424
IWN,1,0.33804657,0.66195343
IWN,1,0.04570742,0.95429258
IWN,1,0.66468647,0.33531353
IWN,1,0.04785424,0.95214576
IWN,1,0.05337555,0.94662445
IWN,1,0.04579399,0.95420601
IWN,1,0.05390475,0.94609525
IWN,1,0.25724958,0.74275042
IWN,1,0.13697070,0.86302930
IWN,1,0.05381498,0.94618502
IWN,1,0.90263109,0.09736891
IWN,1,0.08079662,0.91920338
IWN,1,0.15547237,0.84452763
IWN,1,0.04583047,0.95416953
IWN,1,0.12449880,0.87550120
IWN,1,0.04568482,0.95431518
IWN,1,0.04500533,0.95499467
IWN,1,0.08485001,0.91514999
IWN,1,0.16098983,0.83901017
IWN,1,0.04914609,0.95085391
IWN,1,0.89112789,0.10887211
IWN,1,0.05412693,0.94587307
IWN,1,0.07267932,0.92732068
IWN,1,0.07495470,0.92504530
IWN,1,0.04665881,0.95334119
IWN,1,0.08407660,0.91592340
IWN,1,0.04551802,0.95448198
IWN,1,0.05516493,0.94483507
IWN,1,0.12042884,0.87957116
IWN,1,0.26630225,0.73369775
IWN,1,0.04738881,0.95261119
IWN,1,0.04683993,0.95316007
IWN,1,0.07076900,0.92923100
IWN,1,0.30041297,0.69958703
IWN,1,0.26444354,0.73555646
IWN,1,0.11574606,0.88425394
IWN,1,0.41792579,0.58207421
IWN,1,0.05535052,0.94464948
IWN,1,0.04491345,0.95508655
IWN,1,0.07107365,0.92892635
IWN,1,0.24085096,0.75914904
IWN,1,0.04458696,0.95541304
IWN,1,0.08487019,0.91512981
IWN,1,0.06107044,0.93892956
IWN,1,0.06665089,0.93334911
IWN,1,0.04575011,0.95424989
IWN,1,0.05247599,0.94752401
IWN,1,0.08833344,0.91166656
IWN,1,0.05144190,0.94855810
IWN,1,0.05018368,0.94981632
IWN,1,0.05780575,0.94219425
IWN,1,0.04723209,0.95276791
IWN,1,0.25353733,0.74646267
IWN,1,0.07518086,0.92481914
IWN,1,0.04689363,0.95310637
IWN,1,0.04457923,0.95542077
IWN,1,0.05161946,0.94838054
IWN,1,0.04504455,0.95495545
IWN,1,0.06452275,0.93547725
IWN,1,0.04507134,0.95492866
IWN,1,0.04459530,0.95540470
IWN,1,0.07164469,0.92835531
IWN,1,0.08269815,0.91730185
IWN,1,0.05351543,0.94648457
IWN,1,0.04501999,0.95498001
IWN,1,0.04588968,0.95411032
IWN,1,0.05489009,0.94510991
IWN,1,0.15770732,0.84229268
IWN,1,0.05826328,0.94173672
IWN,1,0.04690210,0.95309790
IWN,1,0.04491749,0.95508251
IWN,1,0.24933845,0.75066155
IWN,1,0.05490421,0.94509579
IWN,1,0.04913805,0.95086195
IWN,1,0.04805306,0.95194694
IWN,1,0.04490732,0.95509268
IWN,1,0.04907867,0.95092133
IWN,1,0.08174513,0.91825487
IWN,1,0.06173597,0.93826403
IWN,1,0.07491029,0.92508971
IWN,1,0.08674873,0.91325127
IWN,1,0.04576848,0.95423152
IWN,1,0.04793373,0.95206627
IWN,1,0.04531649,0.95468351
IWN,1,0.06948208,0.93051792
IWN,1,0.05254698,0.94745302
IWN,1,0.04457941,0.95542059
IWN,1,0.18540382,0.81459618
IWN,1,0.07327532,0.92672468
IWN,1,0.04703325,0.95296675
IWN,1,0.05145733,0.94854267
IWN,1,0.04461973,0.95538027
IWN,1,0.05169242,0.94830758
IWN,1,0.16762499,0.83237501
IWN,1,0.05815056,0.94184944
IWN,1,0.05568662,0.94431338
IWN,1,0.04801821,0.95198179
IWN,1,0.04546270,0.95453730
IWN,1,0.04888071,0.95111929
IWN,1,0.05192494,0.94807506
IWN,1,0.04547190,0.95452810
IWN,1,0.04486522,0.95513478
IWN,1,0.04745564,0.95254436
IWN,1,0.06910359,0.93089641
IWN,1,0.08356198,0.91643802
IWN,1,0.05190222,0.94809778
IWN,1,0.05105728,0.94894272
IWN,1,0.11968566,0.88031434
IWN,1,0.05044329,0.94955671
IWN,1,0.04772778,0.95227222
IWN,1,0.10143799,0.89856201
IWN,1,0.04457624,0.95542376
IWN,1,0.06557502,0.93442498
IWN,1,0.06735333,0.93264667
IWN,1,0.06461938,0.93538062
IWN,1,0.04866306,0.95133694
IWN,1,0.14268499,0.85731501
IWN,1,0.05729458,0.94270542
IWN,1,0.04511958,0.95488042
IWN,1,0.04463587,0.95536413
IWN,1,0.04461464,0.95538536
IWN,1,0.04565596,0.95434404
IWN,1,0.04459817,0.95540183
IWN,1,0.04533142,0.95466858
IWN,1,0.35574482,0.64425518
IWN,1,0.04876828,0.95123172
IWN,1,0.07810919,0.92189081
IWN,1,0.04475902,0.95524098
IWN,1,0.04949281,0.95050719
IWN,1,0.14896813,0.85103187
IWN,1,0.04539277,0.95460723
IWN,1,0.04776918,0.95223082
IWN,1,0.05061280,0.94938720
IWN,1,0.04574792,0.95425208
IWN,1,0.04574624,0.95425376
IWN,1,0.04772181,0.95227819
IWN,1,0.04492069,0.95507931
IWN,1,0.05143744,0.94856256
IWN,1,0.04463599,0.95536401
IWN,1,0.08076270,0.91923730
IWN,1,0.04458222,0.95541778
IWN,1,0.04856698,0.95143302
IWN,1,0.04709616,0.95290384
IWN,1,0.04571115,0.95428885
IWN,1,0.07675210,0.92324790
IWN,1,0.08033093,0.91966907
IWN,1,0.04673835,0.95326165
IWN,1,0.06373007,0.93626993
IWN,1,0.04570146,0.95429854
IWN,1,0.04474123,0.95525877
IWN,1,0.13859188,0.86140812
IWN,1,0.04480788,0.95519212
IWN,1,0.04819783,0.95180217
IWN,1,0.04513955,0.95486045
IWN,1,0.07711866,0.92288134
IWN,1,0.05681797,0.94318203
IWN,1,0.04757241,0.95242759
IWN,1,0.04890831,0.95109169
IWN,1,0.06968349,0.93031651
IWN,1,0.05501401,0.94498599
IWN,1,0.05216829,0.94783171
IWN,1,0.05475224,0.94524776
IWN,1,0.07060728,0.92939272
IWN,1,0.07643641,0.92356359
IWN,1,0.04729993,0.95270007
IWN,1,0.05967496,0.94032504
IWN,1,0.07383164,0.92616836
IWN,1,0.04559973,0.95440027
IWN,1,0.06333108,0.93666892
IWN,1,0.04465500,0.95534500
IWN,1,0.04461464,0.95538536
IWN,1,0.04735144,0.95264856
IWN,1,0.07182570,0.92817430
IWN,1,0.04624223,0.95375777
IWN,1,0.07195881,0.92804119
IWN,1,0.04515256,0.95484744
IWN,1,0.05744612,0.94255388
IWN,1,0.04459938,0.95540062
IWN,1,0.04499734,0.95500266
IWN,1,0.04778394,0.95221606
IWN,1,0.05677198,0.94322802
IWN,1,0.04472860,0.95527140
IWN,1,0.04589735,0.95410265
IWN,1,0.04926747,0.95073253
IWN,1,0.04625076,0.95374924
IWN,1,0.97277245,0.02722755
IWN,1,0.05033206,0.94966794
IWN,1,0.04905209,0.95094791
IWN,1,0.13636716,0.86363284
IWN,1,0.20351060,0.79648940
IWN,1,0.27472406,0.72527594
IWN,1,0.04702909,0.95297091
IWN,1,0.06221947,0.93778053
IWN,1,0.05464277,0.94535723
IWN,1,0.04618862,0.95381138
IWN,1,0.40336690,0.59663310
IWN,1,0.05911453,0.94088547
IWN,1,0.07585531,0.92414469
IWN,1,0.05650814,0.94349186
IWN,1,0.08039535,0.91960465
IWN,1,0.05528272,0.94471728
IWN,1,0.15387849,0.84612151
IWN,1,0.04489978,0.95510022
IWN,1,0.04544098,0.95455902
IWN,1,0.04524024,0.95475976
IWN,1,0.05790471,0.94209529
IWN,1,0.05529148,0.94470852
IWN,1,0.04688431,0.95311569
IWN,1,0.04720230,0.95279770
IWN,1,0.04458088,0.95541912
IWN,1,0.09544115,0.90455885
IWN,1,0.04613831,0.95386169
IWN,1,0.04458075,0.95541925
IWN,1,0.04466702,0.95533298
IWN,1,0.04595526,0.95404474
IWN,1,0.05825401,0.94174599
IWN,1,0.05102555,0.94897445
IWN,1,0.05164897,0.94835103
IWN,1,0.10438923,0.89561077
IWN,1,0.04569878,0.95430122
IWN,1,0.05172566,0.94827434
IWN,1,0.05183933,0.94816067
IWN,1,0.07264281,0.92735719
IWN,1,0.04457655,0.95542345
IWN,1,0.04473928,0.95526072
IWN,1,0.04740440,0.95259560
IWN,1,0.04550473,0.95449527
IWN,1,0.04804239,0.95195761
IWN,1,0.21266361,0.78733639
IWN,1,0.04728996,0.95271004
IWN,1,0.07449155,0.92550845
IWN,1,0.04515111,0.95484889
IWN,1,0.04964345,0.95035655
IWN,1,0.04477132,0.95522868
IWN,1,0.04607519,0.95392481
IWN,1,0.04463410,0.95536590
IWN,1,0.09528675,0.90471325
IWN,1,0.07125146,0.92874854
IWN,1,0.05187994,0.94812006
IWN,1,0.06274679,0.93725321
IWN,1,0.05623212,0.94376788
IWN,1,0.05482062,0.94517938
IWN,1,0.05281219,0.94718781
IWN,1,0.06093904,0.93906096
IWN,1,0.06094453,0.93905547
IWN,1,0.04690068,0.95309932
IWN,1,0.09124582,0.90875418
IWN,1,0.05200316,0.94799684
IWN,1,0.06436272,0.93563728
IWN,1,0.05352096,0.94647904
IWN,1,0.04508011,0.95491989
IWN,1,0.07997128,0.92002872
IWN,1,0.04465488,0.95534512
IWN,1,0.05131341,0.94868659
IWN,1,0.06909170,0.93090830
IWN,1,0.16063448,0.83936552
IWN,1,0.07761594,0.92238406
IWN,1,0.04538224,0.95461776
IWN,1,0.08600183,0.91399817
IWN,1,0.07384858,0.92615142
IWN,1,0.04833296,0.95166704
IWN,1,0.16177337,0.83822663
IWN,1,0.05191472,0.94808528
IWN,1,0.04487742,0.95512258
IWN,1,0.11261112,0.88738888
IWN,1,0.04652083,0.95347917
IWN,1,0.07009753,0.92990247
IWN,1,0.04737672,0.95262328
IWN,1,0.05390129,0.94609871
IWN,1,0.14376492,0.85623508
IWN,1,0.04493038,0.95506962
IWN,1,0.05539063,0.94460937
IWN,1,0.07154163,0.92845837
IWN,1,0.04628890,0.95371110
IWN,1,0.04477189,0.95522811
IWN,1,0.04522583,0.95477417
IWN,1,0.04460217,0.95539783
IWN,1,0.15505587,0.84494413
IWN,1,0.04644807,0.95355193
IWN,1,0.11320761,0.88679239
IWN,1,0.04459657,0.95540343
IWN,1,0.05858542,0.94141458
IWN,1,0.04457629,0.95542371
IWN,1,0.04954909,0.95045091
IWN,1,0.04733767,0.95266233
IWN,1,0.15637671,0.84362329
IWN,1,0.04506845,0.95493155
IWN,1,0.57109429,0.42890571
IWN,1,0.04548768,0.95451232
IWN,1,0.65099248,0.34900752
IWN,1,0.33350435,0.66649565
IWN,1,0.09039821,0.90960179
IWN,1,0.08445576,0.91554424
IWN,1,0.04997317,0.95002683
IWN,1,0.05441968,0.94558032
IWN,1,0.99354633,0.00645367
IWN,1,0.08807336,0.91192664
IWN,1,0.05538730,0.94461270
IWN,1,0.41697030,0.58302970
IWN,1,0.25257860,0.74742140
IWN,1,0.25623264,0.74376736
IWN,1,0.07386613,0.92613387
IWN,1,0.26632394,0.73367606
IWN,1,0.08377009,0.91622991
IWN,1,0.58260757,0.41739243
IWN,1,0.23152549,0.76847451
IWN,1,0.04464756,0.95535244
IWN,1,0.04655215,0.95344785
IWN,1,0.08655453,0.91344547
IWN,1,0.09648412,0.90351588
IWN,1,0.07661615,0.92338385
IWN,1,0.07471546,0.92528454
IWN,1,0.54629118,0.45370882
IWN,1,0.37522555,0.62477445
IWN,1,0.05112793,0.94887207
IWN,1,0.05789193,0.94210807
IWN,1,0.07262280,0.92737720
IWN,1,0.10816157,0.89183843
IWN,1,0.04489929,0.95510071
IWN,1,0.15694200,0.84305800
IWN,1,0.06665792,0.93334208
IWN,1,0.11948642,0.88051358
IWN,1,0.06197504,0.93802496
IWN,1,0.04692969,0.95307031
IWN,1,0.04742025,0.95257975
IWN,1,0.05658636,0.94341364
IWN,1,0.98207487,0.01792513
IWN,1,0.11629933,0.88370067
IWN,1,0.07353450,0.92646550
IWN,1,0.04468524,0.95531476
IWN,1,0.05710484,0.94289516
IWN,1,0.05086705,0.94913295
IWN,1,0.05563708,0.94436292
IWN,1,0.04557690,0.95442310
IWN,1,0.06626328,0.93373672
IWN,1,0.35851777,0.64148223
IWN,1,0.05187696,0.94812304
IWN,1,0.04632362,0.95367638
IWN,1,0.04495508,0.95504492
IWN,1,0.14695850,0.85304150
IWN,1,0.05343751,0.94656249
IWN,1,0.05266840,0.94733160
IWN,1,0.04909463,0.95090537
IWN,1,0.06332815,0.93667185
IWN,1,0.05166272,0.94833728
IWN,1,0.11604208,0.88395792
IWN,1,0.06408831,0.93591169
IWN,1,0.04457629,0.95542371
IWN,1,0.04855694,0.95144306
IWN,1,0.67516994,0.32483006
IWN,1,0.06314694,0.93685306
IWN,1,0.06522817,0.93477183
IWN,1,0.08042894,0.91957106
IWN,1,0.04892157,0.95107843
IWN,1,0.12730651,0.87269349
IWN,1,0.04563783,0.95436217
IWN,1,0.06272985,0.93727015
IWN,1,0.10145722,0.89854278
IWN,1,0.97071153,0.02928847
IWN,1,0.05023985,0.94976015
IWN,1,0.06457675,0.93542325
IWN,1,0.09135910,0.90864090
IWN,1,0.69529541,0.30470459
IWN,1,0.05754944,0.94245056
IWN,1,0.05117987,0.94882013
IWN,1,0.05388766,0.94611234
IWN,1,0.69063122,0.30936878
IWN,1,0.04603497,0.95396503
IWN,1,0.08709247,0.91290753
IWN,1,0.07395942,0.92604058
IWN,1,0.30689001,0.69310999
IWN,1,0.04765559,0.95234441
IWN,1,0.13989636,0.86010364
IWN,1,0.04457680,0.95542320
IWN,1,0.97022089,0.02977911
IWN,1,0.05194436,0.94805564
IWN,1,0.04463877,0.95536123
IWN,1,0.07351802,0.92648198
IWN,1,0.12354838,0.87645162
IWN,1,0.19827849,0.80172151
IWN,1,0.52040888,0.47959112
IWN,1,0.04561652,0.95438348
IWN,1,0.10267753,0.89732247
IWN,1,0.90581800,0.09418200
IWN,1,0.04853117,0.95146883
IWN,1,0.04804138,0.95195862
IWN,1,0.27880866,0.72119134
IWN,1,0.09317960,0.90682040
IWN,1,0.14033376,0.85966624
IWN,1,0.04814072,0.95185928
IWN,1,0.12208033,0.87791967
IWN,1,0.31984127,0.68015873
IWN,1,0.05659774,0.94340226
IWN,1,0.04627510,0.95372490
IWN,1,0.64265492,0.35734508
IWN,1,0.05315164,0.94684836
IWN,1,0.06480392,0.93519608
IWN,1,0.07258619,0.92741381
IWN,1,0.16387797,0.83612203
IWN,1,0.47467130,0.52532870
IWN,1,0.04722027,0.95277973
IWN,1,0.51594970,0.48405030
IWN,1,0.05971467,0.94028533
IWN,1,0.09844246,0.90155754
IWN,1,0.20406066,0.79593934
IWN,1,0.05488988,0.94511012
IWN,1,0.31691631,0.68308369
IWN,1,0.07360100,0.92639900
IWN,1,0.37737659,0.62262341
IWN,1,0.10743561,0.89256439
IWN,1,0.04632896,0.95367104
IWN,1,0.97869394,0.02130606
IWN,1,0.04651330,0.95348670
IWN,1,0.04819954,0.95180046
IWN,1,0.39810309,0.60189691
IWN,1,0.04832193,0.95167807
IWN,1,0.11420619,0.88579381
IWN,1,0.63280323,0.36719677
IWN,1,0.30305990,0.69694010
IWN,1,0.05878525,0.94121475
IWN,1,0.59936906,0.40063094
IWN,1,0.06366931,0.93633069
IWN,1,0.11391743,0.88608257
IWN,1,0.05332089,0.94667911
IWN,1,0.04707787,0.95292213
IWN,1,0.06100688,0.93899312
IWN,1,0.26968164,0.73031836
IWN,1,0.28325578,0.71674422
IWN,1,0.04666519,0.95333481
IWN,1,0.04480256,0.95519744
IWN,1,0.09449708,0.90550292
IWN,1,0.19618533,0.80381467
IWN,1,0.04458800,0.95541200
IWN,1,0.31598586,0.68401414
IWN,1,0.05157223,0.94842777
IWN,1,0.04473279,0.95526721
IWN,1,0.14145030,0.85854970
IWN,1,0.28481940,0.71518060
IWN,1,0.06818295,0.93181705
IWN,1,0.04939912,0.95060088
IWN,1,0.04522161,0.95477839
IWN,1,0.68287904,0.31712096
IWN,1,0.04469258,0.95530742
IWN,1,0.13105249,0.86894751
IWN,1,0.99751104,0.00248896
IWN,1,0.07381059,0.92618941
IWN,1,0.13795811,0.86204189
IWN,1,0.24022045,0.75977955
IWN,1,0.12079328,0.87920672
IWN,1,0.99777600,0.00222400
IWN,1,0.45919954,0.54080046
IWN,1,0.49844446,0.50155554
IWN,1,0.48566779,0.51433221
IWN,1,0.04606832,0.95393168
IWN,1,0.04703733,0.95296267
IWN,1,0.12240559,0.87759441
IWN,1,0.13266924,0.86733076
IWN,1,0.04757798,0.95242202
IWN,1,0.95457672,0.04542328
IWN,1,0.04728036,0.95271964
IWN,1,0.04484879,0.95515121
IWN,1,0.04532474,0.95467526
IWN,1,0.04779704,0.95220296
IWN,1,0.04532904,0.95467096
IWN,1,0.21573570,0.78426430
IWN,1,0.06998781,0.93001219
IWN,1,0.25422971,0.74577029
IWN,1,0.05350080,0.94649920
IWN,1,0.08529857,0.91470143
IWN,1,0.55514510,0.44485490
IWN,1,0.04581894,0.95418106
IWN,1,0.08922256,0.91077744
IWN,1,0.04583925,0.95416075
IWN,1,0.23316934,0.76683066
IWN,1,0.04484677,0.95515323
IWN,1,0.08947212,0.91052788
IWN,1,0.05373553,0.94626447
IWN,1,0.05272935,0.94727065
IWN,1,0.05129710,0.94870290
IWN,1,0.05733528,0.94266472
IWN,1,0.14115953,0.85884047
IWN,1,0.04577711,0.95422289
IWN,1,0.04704765,0.95295235
IWN,1,0.04630436,0.95369564
IWN,1,0.08319471,0.91680529
IWN,1,0.04475438,0.95524562
IWN,1,0.04574555,0.95425445
IWN,1,0.09002901,0.90997099
IWN,1,0.05193803,0.94806197
IWN,1,0.04509750,0.95490250
IWN,1,0.06189544,0.93810456
IWN,1,0.05043246,0.94956754
IWN,1,0.04678397,0.95321603
IWN,1,0.04474889,0.95525111
IWN,1,0.06562571,0.93437429
IWN,1,0.06201974,0.93798026
IWN,1,0.08496566,0.91503434
IWN,1,0.07258023,0.92741977
IWN,1,0.04953330,0.95046670
IWN,1,0.06189280,0.93810720
IWN,1,0.04474981,0.95525019
IWN,1,0.04965255,0.95034745
IWN,1,0.04920374,0.95079626
IWN,1,0.05514551,0.94485449
IWN,1,0.29846249,0.70153751
IWN,1,0.51579796,0.48420204
IWN,1,0.05647523,0.94352477
IWN,1,0.04574106,0.95425894
IWN,1,0.23841992,0.76158008
IWN,1,0.04570358,0.95429642
IWN,1,0.09277767,0.90722233
IWN,1,0.06431734,0.93568266
IWN,1,0.06041208,0.93958792
IWN,1,0.05167114,0.94832886
IWN,1,0.05411277,0.94588723
IWN,1,0.10094565,0.89905435
IWN,1,0.08976757,0.91023243
IWN,1,0.08650350,0.91349650
IWN,1,0.06069627,0.93930373
IWN,1,0.32632450,0.67367550
IWN,1,0.04697393,0.95302607
IWN,1,0.10063360,0.89936640
IWN,1,0.04509897,0.95490103
IWN,1,0.52430569,0.47569431
IWN,1,0.07022603,0.92977397
IWN,1,0.07817725,0.92182275
IWN,1,0.98690233,0.01309767
IWN,1,0.81344121,0.18655879
IWN,1,0.05740114,0.94259886
IWN,1,0.05211176,0.94788824
IWN,1,0.18088451,0.81911549
IWN,1,0.06185598,0.93814402
IWN,1,0.99468910,0.00531090
IWN,1,0.34230922,0.65769078
IWN,1,0.04544067,0.95455933
IWN,1,0.05448924,0.94551076
IWN,1,0.75064093,0.24935907
IWN,1,0.07252882,0.92747118
IWN,1,0.55109497,0.44890503
IWN,1,0.06670634,0.93329366
IWN,1,0.33581141,0.66418859
IWN,1,0.70082714,0.29917286
IWN,1,0.04607220,0.95392780
IWN,1,0.06412080,0.93587920
IWN,1,0.05662660,0.94337340
IWN,1,0.10227287,0.89772713
IWN,1,0.45065883,0.54934117
IWN,1,0.04885454,0.95114546
IWN,1,0.17334855,0.82665145
IWN,1,0.75479969,0.24520031
IWN,1,0.51968512,0.48031488
IWN,1,0.04992459,0.95007541
IWN,1,0.04516811,0.95483189
IWN,1,0.06108668,0.93891332
IWN,1,0.04727228,0.95272772
IWN,1,0.13281611,0.86718389
IWN,1,0.13894753,0.86105247
IWN,1,0.04572197,0.95427803
IWN,1,0.08248886,0.91751114
IWN,1,0.18110641,0.81889359
IWN,1,0.22707668,0.77292332
IWN,1,0.04467453,0.95532547
IWN,1,0.07582761,0.92417239
IWN,1,0.34282477,0.65717523
IWN,1,0.06007062,0.93992938
IWN,1,0.04980031,0.95019969
IWN,1,0.06652081,0.93347919
IWN,1,0.59494141,0.40505859
IWN,1,0.04495067,0.95504933
IWN,1,0.62013274,0.37986726
IWN,1,0.65909753,0.34090247
IWN,1,0.06047100,0.93952900
IWN,1,0.05908670,0.94091330
IWN,1,0.04482343,0.95517657
IWN,1,0.98114405,0.01885595
IWN,1,0.36198817,0.63801183
IWN,1,0.99754558,0.00245442
IWN,1,0.99999991,0.00000009
IWN,1,0.99996319,0.00003681
IWN,1,0.99938090,0.00061910
IWN,1,0.17964582,0.82035418
IWN,1,0.08595026,0.91404974
IWN,1,0.04511864,0.95488136
IWN,1,0.05062689,0.94937311
IWN,1,1.00000000,0.00000000
IWN,1,0.99989677,0.00010323
IWN,1,0.20672126,0.79327874
IWN,1,0.99838396,0.00161604
IWN,1,0.39228316,0.60771684
IWN,1,0.43371133,0.56628867
IWN,1,1.00000000,0.00000000
IWN,1,0.43276585,0.56723415
IWN,1,1.00000000,0.00000000
IWN,1,0.99963633,0.00036367
IWN,1,1.00000000,0.00000000
IWN,1,0.10268861,0.89731139
IWN,1,1.00000000,0.00000000
IWN,1,0.99990106,0.00009894
IWN,1,0.22204786,0.77795214
IWN,1,0.92931642,0.07068358
IWN,1,0.46557785,0.53442215
IWN,1,0.99849898,0.00150102
IWN,1,0.78592637,0.21407363
IWN,1,0.98254592,0.01745408
IWN,1,0.99233718,0.00766282
IWN,1,1.00000000,0.00000000
IWN,1,0.08127600,0.91872400
IWN,1,0.99992316,0.00007684
IWN,1,0.94827570,0.05172430
IWN,1,0.06456532,0.93543468
IWN,1,0.07862783,0.92137217
IWN,1,0.99999883,0.00000117
IWN,1,0.86396450,0.13603550
IWN,1,0.17289214,0.82710786
IWN,1,0.52151998,0.47848002
IWN,1,0.18752015,0.81247985
IWN,1,0.99999307,0.00000693
IWN,1,1.00000000,0.00000000
IWN,1,1.00000000,0.00000000
IWN,1,0.06335058,0.93664942
IWN,1,0.04631242,0.95368758
IWN,1,1.00000000,0.00000000
IWN,1,1.00000000,0.00000000
IWN,1,0.99982095,0.00017905
IWN,1,0.99999997,0.00000003
IWN,1,0.23855445,0.76144555
IWN,1,0.99829845,0.00170155
IWN,1,0.31471973,0.68528027
IWN,1,1.00000000,0.00000000
IWN,1,0.99841120,0.00158880
IWN,1,0.97155968,0.02844032
IWN,1,0.42103573,0.57896427
IWN,1,0.98406139,0.01593861
IWN,1,0.95854248,0.04145752
IWN,1,0.94019769,0.05980231
IWN,1,0.35321642,0.64678358
IWN,1,0.99987764,0.00012236
IWN,1,0.78870531,0.21129469
IWN,1,0.55499123,0.44500877
IWN,1,0.99999919,0.00000081
IWN,1,0.06527085,0.93472915
IWN,1,0.07633349,0.92366651
IWN,1,0.06159657,0.93840343
IWN,1,0.10795818,0.89204182
IWN,1,0.14252002,0.85747998
IWN,1,0.05196199,0.94803801
IWN,1,0.09045385,0.90954615
IWN,1,0.24098906,0.75901094
IWN,1,0.87440916,0.12559084
IWN,1,0.77009667,0.22990333
IWN,1,0.04741103,0.95258897
IWN,1,0.04568673,0.95431327
IWN,1,0.13680511,0.86319489
IWN,1,0.61838589,0.38161411
IWN,1,0.05251511,0.94748489
IWN,1,0.99405348,0.00594652
IWN,1,0.48350270,0.51649730
IWN,1,0.06900202,0.93099798
IWN,1,0.99567041,0.00432959
IWN,1,0.06617503,0.93382497
IWN,1,0.08176748,0.91823252
IWN,1,1.00000000,0.00000000
IWN,1,0.99716706,0.00283294
IWN,1,0.82082203,0.17917797
IWN,1,0.06103891,0.93896109
IWN,1,0.06479462,0.93520538
IWN,1,0.06305261,0.93694739
IWN,1,0.97108874,0.02891126
IWN,1,0.99166777,0.00833223
IWN,1,0.49398031,0.50601969
IWN,1,0.09734083,0.90265917
IWN,1,0.04480313,0.95519687
IWN,1,0.07337344,0.92662656
IWN,1,0.07117203,0.92882797
IWN,1,0.94899247,0.05100753
IWN,1,0.04503669,0.95496331
IWN,1,0.99948245,0.00051755
IWN,1,0.04462232,0.95537768
IWN,1,0.04607235,0.95392765
IWN,1,0.15592316,0.84407684
IWN,1,0.93820218,0.06179782
IWN,1,0.13530663,0.86469337
IWN,1,0.16483985,0.83516015
IWN,1,0.10914606,0.89085394
IWN,1,0.98072067,0.01927933
IWN,1,0.97385206,0.02614794
IWN,1,0.18480097,0.81519903
IWN,1,0.18131985,0.81868015
IWN,1,0.06169381,0.93830619
IWN,1,0.99949111,0.00050889
IWN,1,0.28619240,0.71380760
IWN,1,0.07991971,0.92008029
IWN,1,0.99999572,0.00000428
IWN,1,0.04481815,0.95518185
IWN,1,0.28324805,0.71675195
IWN,1,0.99999990,0.00000010
IWN,1,0.04515602,0.95484398
IWN,1,0.99999952,0.00000048
IWN,1,0.16128693,0.83871307
IWN,1,0.17070208,0.82929792
IWN,1,0.99903291,0.00096709
IWN,1,0.94809095,0.05190905
IWN,1,0.05982035,0.94017965
IWN,1,0.91641425,0.08358575
IWN,1,1.00000000,0.00000000
IWN,1,0.95340675,0.04659325
IWN,1,0.27344162,0.72655838
IWN,1,0.99798709,0.00201291
IWN,1,0.97233397,0.02766603
IWN,1,0.91340063,0.08659937
IWN,1,0.14674392,0.85325608
IWN,1,0.09672567,0.90327433
IWN,1,0.99995093,0.00004907
IWN,1,0.12229901,0.87770099
IWN,1,0.10333155,0.89666845
IWN,1,0.93145454,0.06854546
IWN,1,0.12905574,0.87094426
IWN,1,0.99999841,0.00000159
IWN,1,0.04521517,0.95478483
IWN,1,0.96860184,0.03139816
IWN,1,0.33435314,0.66564686
IWN,1,0.44573271,0.55426729
IWN,1,0.06739381,0.93260619
IWN,1,0.99999845,0.00000155
IWN,1,0.99284591,0.00715409
IWN,1,0.04731088,0.95268912
IWN,1,0.04568331,0.95431669
IWN,1,0.14305379,0.85694621
IWN,1,0.10421028,0.89578972
IWN,1,0.04709782,0.95290218
IWN,1,0.92408906,0.07591094
IWN,1,0.05515170,0.94484830
IWN,1,0.04465584,0.95534416
IWN,1,0.98802152,0.01197848
IWN,1,0.05596258,0.94403742
IWN,1,0.05987005,0.94012995
IWN,1,0.19014239,0.80985761
IWN,1,0.93859042,0.06140958
IWN,1,0.06425043,0.93574957
IWN,1,0.43221374,0.56778626
IWN,1,0.99907938,0.00092062
IWN,1,0.09303111,0.90696889
IWN,1,0.04667436,0.95332564
IWN,1,0.87094406,0.12905594
IWN,1,0.04459563,0.95540437
IWN,1,0.08964570,0.91035430
IWN,1,0.11389453,0.88610547
IWN,1,0.05162976,0.94837024
IWN,1,0.99626570,0.00373430
IWN,1,0.67446243,0.32553757
IWN,1,0.04500462,0.95499538
IWN,1,0.18217617,0.81782383
IWN,1,0.97017687,0.02982313
IWN,1,0.06793980,0.93206020
IWN,1,0.05097597,0.94902403
IWN,1,0.09416118,0.90583882
IWN,1,0.04524958,0.95475042
IWN,1,0.06449570,0.93550430
IWN,1,0.04501690,0.95498310
IWN,1,0.05031069,0.94968931
IWN,1,0.04731954,0.95268046
IWN,1,0.04565955,0.95434045
IWN,1,0.31801276,0.68198724
IWN,1,0.16319627,0.83680373
IWN,1,0.04980226,0.95019774
IWN,1,0.04934131,0.95065869
IWN,1,0.04551353,0.95448647
IWN,1,0.73247022,0.26752978
IWN,1,0.08112109,0.91887891
IWN,1,0.05084946,0.94915054
IWN,1,0.58835799,0.41164201
IWN,1,0.04849456,0.95150544
IWN,1,0.04479138,0.95520862
IWN,1,0.05279760,0.94720240
IWN,1,0.17391852,0.82608148
IWN,1,0.59092175,0.40907825
IWN,1,0.08356754,0.91643246
IWN,1,0.31391953,0.68608047
IWN,1,0.04968506,0.95031494
IWN,1,0.04654386,0.95345614
IWN,1,0.04482983,0.95517017
IWN,1,0.50500246,0.49499754
IWN,1,0.05421289,0.94578711
IWN,1,0.96975973,0.03024027
IWN,1,0.12356035,0.87643965
IWN,1,0.05063485,0.94936515
IWN,1,0.08221568,0.91778432
IWN,1,0.04605372,0.95394628
IWN,1,0.04941926,0.95058074
IWN,1,0.84088873,0.15911127
IWN,1,0.06162782,0.93837218
IWN,1,0.05377932,0.94622068
IWN,1,0.04457803,0.95542197
IWN,1,0.04651926,0.95348074
IWN,1,0.12052116,0.87947884
IWN,1,0.04458068,0.95541932
IWN,1,0.25571539,0.74428461
IWN,1,0.07858750,0.92141250
IWN,1,0.04710686,0.95289314
IWN,1,0.07119573,0.92880427
IWN,1,0.52527278,0.47472722
IWN,1,0.04967650,0.95032350
IWN,1,0.18878284,0.81121716
IWN,1,0.11269920,0.88730080
IWN,1,0.05318811,0.94681189
IWN,1,0.21466210,0.78533790
IWN,1,0.70445663,0.29554337
IWN,1,0.08561892,0.91438108
IWN,1,0.06858305,0.93141695
IWN,1,0.07829366,0.92170634
IWN,1,0.49045873,0.50954127
IWN,1,0.04461599,0.95538401
IWN,1,0.04908788,0.95091212
IWN,1,0.04516149,0.95483851
IWN,1,0.04489625,0.95510375
IWN,1,0.04743756,0.95256244
IWN,1,0.13146279,0.86853721
IWN,1,0.55003329,0.44996671
IWN,1,0.06694958,0.93305042
IWN,1,0.07492866,0.92507134
IWN,1,0.07785775,0.92214225
IWN,1,0.10461513,0.89538487
IWN,1,0.09428588,0.90571412
IWN,1,0.09732359,0.90267641
IWN,1,0.04740177,0.95259823
IWN,1,0.06917452,0.93082548
IWN,1,0.07352052,0.92647948
IWN,1,0.25765327,0.74234673
IWN,1,0.04510215,0.95489785
IWN,1,0.04608421,0.95391579
IWN,1,0.05200698,0.94799302
IWN,1,0.06552251,0.93447749
IWN,1,0.08475864,0.91524136
IWN,1,0.19582490,0.80417510
IWN,1,0.05669686,0.94330314
IWN,1,0.38307175,0.61692825
IWN,1,0.04536167,0.95463833
IWN,1,0.12565953,0.87434047
IWN,1,0.80888662,0.19111338
IWN,1,0.05703835,0.94296165
IWN,1,0.18047205,0.81952795
IWN,1,0.13399641,0.86600359
IWN,1,0.04616973,0.95383027
IWN,1,0.07134159,0.92865841
IWN,1,0.07997215,0.92002785
IWN,1,0.04459878,0.95540122
IWN,1,0.05011820,0.94988180
IWN,1,0.15478371,0.84521629
IWN,1,0.04465248,0.95534752
IWN,1,0.08572390,0.91427610
IWN,1,0.05684614,0.94315386
IWN,1,0.07442742,0.92557258
IWN,1,0.09406210,0.90593790
IWN,1,0.09467464,0.90532536
IWN,1,0.22489166,0.77510834
IWN,1,0.07435996,0.92564004
IWN,1,0.06782304,0.93217696
IWN,1,0.80585787,0.19414213
IWN,1,0.18195027,0.81804973
IWN,1,0.57992305,0.42007695
IWN,1,0.05270154,0.94729846
IWN,1,0.07413835,0.92586165
IWN,1,0.08742278,0.91257722
IWN,1,0.55871920,0.44128080
IWN,1,0.04506092,0.95493908
IWN,1,0.21321710,0.78678290
IWN,1,0.05327656,0.94672344
IWN,1,0.05869942,0.94130058
IWN,1,0.20130026,0.79869974
IWN,1,0.06270823,0.93729177
IWN,1,0.43728348,0.56271652
IWN,1,0.04572789,0.95427211
IWN,1,0.04495048,0.95504952
IWN,1,0.42474739,0.57525261
IWN,1,0.04498352,0.95501648
IWN,1,0.15535876,0.84464124
IWN,1,0.04764100,0.95235900
IWN,1,0.04467523,0.95532477
IWN,1,0.46828930,0.53171070
IWN,1,0.04578648,0.95421352
IWN,1,0.16294158,0.83705842
IWN,1,0.06412581,0.93587419
IWN,1,0.09424810,0.90575190
IWN,1,0.38337057,0.61662943
IWN,1,0.04665946,0.95334054
IWN,1,0.05755741,0.94244259
IWN,1,0.04524252,0.95475748
IWN,1,0.04790886,0.95209114
IWN,1,0.06561660,0.93438340
IWN,1,0.09940233,0.90059767
IWN,1,0.04656143,0.95343857
IWN,1,0.05135550,0.94864450
IWN,1,0.06121805,0.93878195
IWN,1,0.05502324,0.94497676
IWN,1,0.08814190,0.91185810
IWN,1,0.06587857,0.93412143
IWN,1,0.07633290,0.92366710
IWN,1,0.05019616,0.94980384
IWN,1,0.04486071,0.95513929
IWN,1,0.04484299,0.95515701
IWN,1,0.04457852,0.95542148
IWN,1,0.11266745,0.88733255
IWN,1,0.37169327,0.62830673
IWN,1,0.04567412,0.95432588
IWN,1,0.04539302,0.95460698
IWN,1,0.07406197,0.92593803
IWN,1,0.05110717,0.94889283
IWN,1,0.04979382,0.95020618
IWN,1,0.07864718,0.92135282
IWN,1,0.09579663,0.90420337
IWN,1,0.04866841,0.95133159
IWN,1,0.08221172,0.91778828
IWN,1,0.15114510,0.84885490
IWN,1,0.08844341,0.91155659
IWN,1,0.12535279,0.87464721
IWN,1,0.18818729,0.81181271
IWN,1,0.04498579,0.95501421
IWN,1,0.06229310,0.93770690
IWN,1,0.06093517,0.93906483
IWN,1,0.11339798,0.88660202
IWN,1,0.06359770,0.93640230
IWN,1,0.06843725,0.93156275
IWN,1,0.07085698,0.92914302
IWN,1,0.05691896,0.94308104
IWN,1,0.83423080,0.16576920
IWN,1,0.04593058,0.95406942
IWN,1,0.07032244,0.92967756
IWN,1,0.08411689,0.91588311
IWN,1,0.04541924,0.95458076
IWN,1,0.09525014,0.90474986
IWN,1,0.05747321,0.94252679
IWN,1,0.16235418,0.83764582
IWN,1,0.05574355,0.94425645
IWN,1,0.06749980,0.93250020
IWN,1,0.04787802,0.95212198
IWN,1,0.04849356,0.95150644
IWN,1,0.08213966,0.91786034
IWN,1,0.05938707,0.94061293
IWN,1,0.04477782,0.95522218
IWN,1,0.05119264,0.94880736
IWN,1,0.22664783,0.77335217
IWN,1,0.06435420,0.93564580
IWN,1,0.04692248,0.95307752
IWN,1,0.04850238,0.95149762
IWN,1,0.19931462,0.80068538
IWN,1,0.04610728,0.95389272
IWN,1,0.04820431,0.95179569
IWN,1,0.05879942,0.94120058
IWN,1,0.04522191,0.95477809
IWN,1,0.04466280,0.95533720
IWN,1,0.04732440,0.95267560
IWN,1,0.06581557,0.93418443
IWN,1,0.05815260,0.94184740
IWN,1,0.04587199,0.95412801
IWN,1,0.08594722,0.91405278
IWN,1,0.07913115,0.92086885
IWN,1,0.07972165,0.92027835
IWN,1,0.05966716,0.94033284
IWN,1,0.05751607,0.94248393
IWN,1,0.04471453,0.95528547
IWN,1,0.04909720,0.95090280
IWN,1,0.04569500,0.95430500
IWN,1,0.05475337,0.94524663
IWN,1,0.06249215,0.93750785
IWN,1,0.21179273,0.78820727
IWN,1,0.05846423,0.94153577
IWN,1,0.04460536,0.95539464
IWN,1,0.04459526,0.95540474
IWN,1,0.04978301,0.95021699
IWN,1,0.04693327,0.95306673
IWN,1,0.04720082,0.95279918
IWN,1,0.20270503,0.79729497
IWN,1,0.04776228,0.95223772
IWN,1,0.10674099,0.89325901
IWN,1,0.04635236,0.95364764
IWN,1,0.08468060,0.91531940
IWN,1,0.05835551,0.94164449
IWN,1,0.08868109,0.91131891
IWN,1,0.09314915,0.90685085
IWN,1,0.04725384,0.95274616
IWN,1,0.43140177,0.56859823
IWN,1,0.04508553,0.95491447
IWN,1,0.26919081,0.73080919
IWN,1,0.67946360,0.32053640
IWN,1,0.24274092,0.75725908
IWN,1,0.74518496,0.25481504
IWN,1,0.12380388,0.87619612
IWN,1,0.97099983,0.02900017
IWN,1,0.62617900,0.37382100
IWN,1,0.99990864,0.00009136
IWN,1,0.06074654,0.93925346
IWN,1,0.65922098,0.34077902
IWN,1,0.06554004,0.93445996
IWN,1,0.20418441,0.79581559
IWN,1,0.04471485,0.95528515
IWN,1,0.18606095,0.81393905
IWN,1,0.09165005,0.90834995
IWN,1,0.99992243,0.00007757
IWN,1,0.09433657,0.90566343
IWN,1,0.15262396,0.84737604
IWN,1,0.04461272,0.95538728
IWN,1,0.04507443,0.95492557
IWN,1,0.99377975,0.00622025
IWN,1,0.06434033,0.93565967
IWN,1,0.90172215,0.09827785
IWN,1,0.48978713,0.51021287
IWN,1,0.06874971,0.93125029
IWN,1,0.99981964,0.00018036
IWN,1,0.42026421,0.57973579
IWN,1,0.04471195,0.95528805
IWN,1,0.04462007,0.95537993
IWN,1,0.88997044,0.11002956
IWN,1,0.09874840,0.90125160
IWN,1,0.05265016,0.94734984
IWN,1,0.42368516,0.57631484
IWN,1,0.04609441,0.95390559
IWN,1,0.04457633,0.95542367
IWN,1,0.04478994,0.95521006
IWN,1,0.06432190,0.93567810
IWN,1,0.24984798,0.75015202
IWN,1,0.04918324,0.95081676
IWN,1,0.13086145,0.86913855
IWN,1,0.16099251,0.83900749
IWN,1,0.06138244,0.93861756
IWN,1,0.94832358,0.05167642
IWN,1,0.09988305,0.90011695
IWN,1,0.05605386,0.94394614
IWN,1,0.07628856,0.92371144
IWN,1,0.09468132,0.90531868
IWN,1,0.77190760,0.22809240
IWN,1,0.14283038,0.85716962
IWN,1,0.12139560,0.87860440
IWN,1,0.06289295,0.93710705
IWN,1,0.69140402,0.30859598
IWN,1,0.04681603,0.95318397
IWN,1,0.06654706,0.93345294
IWN,1,0.91484421,0.08515579
IWN,1,0.04488285,0.95511715
IWN,1,0.15751966,0.84248034
IWN,1,0.16278369,0.83721631
IWN,1,0.88266612,0.11733388
IWN,1,0.33734707,0.66265293
IWN,1,0.22040046,0.77959954
IWN,1,0.04471582,0.95528418
IWN,1,0.10060484,0.89939516
IWN,1,0.04513674,0.95486326
IWN,1,0.04457667,0.95542333
IWN,1,0.12283950,0.87716050
IWN,1,0.05523914,0.94476086
IWN,1,0.06656670,0.93343330
IWN,1,0.06684575,0.93315425
IWN,1,0.05157880,0.94842120
IWN,1,0.06834705,0.93165295
IWN,1,0.13638420,0.86361580
IWN,1,0.97584963,0.02415037
IWN,1,0.05805029,0.94194971
IWN,1,0.06966405,0.93033595
IWN,1,0.05321842,0.94678158
IWN,1,0.14571724,0.85428276
IWN,1,0.04596091,0.95403909
IWN,1,0.54546183,0.45453817
IWN,1,0.04537298,0.95462702
IWN,1,0.10308121,0.89691879
IWN,1,0.06312249,0.93687751
IWN,1,0.08644587,0.91355413
IWN,1,0.05374261,0.94625739
IWN,1,0.34510665,0.65489335
IWN,1,0.20418196,0.79581804
IWN,1,0.04460978,0.95539022
IWN,1,0.89019190,0.10980810
IWN,1,0.06826527,0.93173473
IWN,1,0.15237537,0.84762463
IWN,1,0.19288090,0.80711910
IWN,1,0.04840798,0.95159202
IWN,1,0.04608179,0.95391821
IWN,1,0.04594387,0.95405613
IWN,1,0.25719054,0.74280946
IWN,1,0.04805737,0.95194263
IWN,1,0.04744445,0.95255555
IWN,1,0.06018043,0.93981957
IWN,1,0.04603893,0.95396107
IWN,1,0.48469579,0.51530421
IWN,1,0.04804165,0.95195835
IWN,1,0.09221439,0.90778561
IWN,1,0.09862827,0.90137173
IWN,1,0.64718143,0.35281857
IWN,1,0.04482625,0.95517375
IWN,1,0.06237798,0.93762202
IWN,1,0.04648920,0.95351080
IWN,1,0.04494863,0.95505137
IWN,1,0.04776542,0.95223458
IWN,1,0.07578529,0.92421471
IWN,1,0.37858241,0.62141759
IWN,1,0.04572177,0.95427823
IWN,1,0.04792303,0.95207697
IWN,1,0.07817365,0.92182635
IWN,1,0.04470490,0.95529510
IWN,1,0.04552963,0.95447037
IWN,1,0.11531861,0.88468139
IWN,1,0.04462964,0.95537036
IWN,1,0.05078857,0.94921143
IWN,1,0.09700597,0.90299403
IWN,1,0.18214909,0.81785091
IWN,1,0.06453550,0.93546450
IWN,1,0.04857985,0.95142015
IWN,1,0.04511286,0.95488714
IWN,1,0.04773893,0.95226107
IWN,1,0.04471082,0.95528918
IWN,1,0.04898345,0.95101655
IWN,1,0.04998121,0.95001879
IWN,1,0.04569906,0.95430094
IWN,1,0.05207854,0.94792146
IWN,1,0.20052687,0.79947313
IWN,1,0.04734819,0.95265181
IWN,1,0.46166438,0.53833562
IWN,1,0.05581072,0.94418928
IWN,1,0.04502675,0.95497325
IWN,1,0.09890090,0.90109910
IWN,1,0.07001603,0.92998397
IWN,1,0.04547939,0.95452061
IWN,1,0.14408691,0.85591309
IWN,1,0.04464724,0.95535276
IWN,1,0.20605093,0.79394907
IWN,1,0.04548593,0.95451407
IWN,1,0.12731442,0.87268558
IWN,1,0.04685267,0.95314733
IWN,1,0.04466701,0.95533299
IWN,1,0.06481542,0.93518458
IWN,1,0.21509592,0.78490408
IWN,1,0.04903654,0.95096346
IWN,1,0.04464378,0.95535622
IWN,1,0.05984654,0.94015346
IWN,1,0.19998053,0.80001947
IWN,1,0.07434026,0.92565974
IWN,1,0.05222171,0.94777829
IWN,1,0.05309115,0.94690885
IWN,1,0.04809740,0.95190260
IWN,1,0.04481886,0.95518114
IWN,1,0.04634871,0.95365129
IWN,1,0.08234829,0.91765171
IWN,1,0.04625497,0.95374503
IWN,1,0.04463556,0.95536444
IWN,1,0.05046437,0.94953563
IWN,1,0.05583535,0.94416465
IWN,1,0.04457713,0.95542287
IWN,1,0.05125196,0.94874804
IWN,1,0.07867972,0.92132028
IWN,1,0.04697872,0.95302128
IWN,1,0.04473804,0.95526196
IWN,1,0.04630327,0.95369673
IWN,1,0.04458901,0.95541099
IWN,1,0.04504253,0.95495747
IWN,1,0.04471396,0.95528604
IWN,1,0.05338042,0.94661958
IWN,1,0.14106736,0.85893264
IWN,1,0.10138268,0.89861732
IWN,1,0.06016656,0.93983344
IWN,1,0.04739554,0.95260446
IWN,1,0.05092942,0.94907058
IWN,1,0.04568477,0.95431523
IWN,1,0.05012313,0.94987687
IWN,1,0.06035543,0.93964457
IWN,1,0.04553728,0.95446272
IWN,1,0.06264485,0.93735515
IWN,1,0.04521543,0.95478457
IWN,1,0.37147158,0.62852842
IWN,1,0.05638421,0.94361579
IWN,1,0.05068560,0.94931440
IWN,1,0.05479349,0.94520651
IWN,1,0.05068024,0.94931976
IWN,1,0.09251350,0.90748650
IWN,1,0.04689019,0.95310981
IWN,1,0.35145192,0.64854808
IWN,1,0.04624393,0.95375607
IWN,1,0.25231510,0.74768490
IWN,1,0.04628181,0.95371819
IWN,1,0.04527404,0.95472596
IWN,1,0.04533538,0.95466462
IWN,1,0.06397293,0.93602707
IWN,1,0.05116934,0.94883066
IWN,1,0.04661041,0.95338959
IWN,1,0.04527048,0.95472952
IWN,1,0.06691450,0.93308550
IWN,1,0.04813079,0.95186921
IWN,1,0.04735259,0.95264741
IWN,1,0.05463179,0.94536821
IWN,1,0.05567325,0.94432675
IWN,1,0.04560546,0.95439454
IWN,1,0.33517985,0.66482015
IWN,1,0.10780098,0.89219902
IWN,1,0.04635281,0.95364719
IWN,1,0.27095152,0.72904848
IWN,1,0.04731375,0.95268625
IWN,1,0.16505141,0.83494859
IWN,1,0.04525981,0.95474019
IWN,1,0.18776436,0.81223564
IWN,1,0.05092862,0.94907138
IWN,1,0.10451354,0.89548646
IWN,1,0.10723052,0.89276948
IWN,1,0.04486033,0.95513967
IWN,1,0.41145105,0.58854895
IWN,1,0.04467537,0.95532463
IWN,1,0.05315060,0.94684940
IWN,1,0.05969332,0.94030668
IWN,1,0.07870520,0.92129480
IWN,1,0.04797903,0.95202097
IWN,1,0.09696234,0.90303766
IWN,1,0.28186292,0.71813708
IWN,1,0.04620093,0.95379907
IWN,1,0.04470284,0.95529716
IWN,1,0.04822552,0.95177448
IWN,1,0.05700824,0.94299176
IWN,1,0.04630572,0.95369428
IWN,1,0.05404385,0.94595615
IWN,1,0.07990393,0.92009607
IWN,1,0.04755326,0.95244674
IWN,1,0.04862189,0.95137811
IWN,1,0.04623656,0.95376344
IWN,1,0.04553121,0.95446879
IWN,1,0.04914350,0.95085650
IWN,1,0.05219597,0.94780403
IWN,1,0.07420576,0.92579424
IWN,1,0.06904777,0.93095223
IWN,1,0.08080224,0.91919776
IWN,1,0.04748956,0.95251044
IWN,1,0.04928607,0.95071393
IWN,1,0.06539355,0.93460645
IWN,1,0.09400495,0.90599505
IWN,1,0.04527171,0.95472829
IWN,1,0.12238686,0.87761314
IWN,1,0.05265969,0.94734031
IWN,1,0.04457909,0.95542091
IWN,1,0.07103496,0.92896504
IWN,1,0.04999727,0.95000273
IWN,1,0.04866503,0.95133497
IWN,1,0.04620878,0.95379122
IWN,1,0.06412346,0.93587654
IWN,1,0.06066781,0.93933219
IWN,1,0.08024823,0.91975177
IWN,1,0.05005639,0.94994361
IWN,1,0.04490798,0.95509202
IWN,1,0.06190948,0.93809052
IWN,1,0.11870219,0.88129781
IWN,1,0.11974536,0.88025464
IWN,1,0.05148346,0.94851654
IWN,1,0.08997681,0.91002319
IWN,1,0.07650499,0.92349501
IWN,1,0.04688843,0.95311157
IWN,1,0.08190971,0.91809029
IWN,1,0.04561784,0.95438216
IWN,1,0.05596750,0.94403250
IWN,1,0.10543771,0.89456229
IWN,1,0.04944034,0.95055966
IWN,1,0.06359904,0.93640096
IWN,1,0.07394991,0.92605009
IWN,1,0.05607922,0.94392078
IWN,1,0.10273095,0.89726905
IWN,1,0.62858630,0.37141370
IWN,1,0.04574147,0.95425853
IWN,1,0.08842967,0.91157033
IWN,1,0.09385575,0.90614425
IWN,1,0.04482909,0.95517091
IWN,1,0.06085881,0.93914119
IWN,1,0.04499656,0.95500344
IWN,1,0.10112281,0.89887719
IWN,1,0.04523373,0.95476627
IWN,1,0.17994971,0.82005029
IWN,1,0.10938940,0.89061060
IWN,1,0.04733733,0.95266267
IWN,1,0.04551976,0.95448024
IWN,1,0.06364717,0.93635283
IWN,1,0.15044616,0.84955384
IWN,1,0.05247289,0.94752711
IWN,1,0.04526227,0.95473773
IWN,1,0.04896543,0.95103457
IWN,1,0.05160474,0.94839526
IWN,1,0.07983753,0.92016247
IWN,1,0.04796915,0.95203085
IWN,1,0.06186772,0.93813228
IWN,1,0.10094877,0.89905123
IWN,1,0.04458511,0.95541489
IWN,1,0.04684160,0.95315840
IWN,1,0.10498823,0.89501177
IWN,1,0.05012182,0.94987818
IWN,1,0.19409174,0.80590826
IWN,1,0.04740401,0.95259599
IWN,1,0.05380956,0.94619044
IWN,1,0.10649361,0.89350639
IWN,1,0.04814484,0.95185516
IWN,1,0.10623654,0.89376346
IWN,1,0.13788924,0.86211076
IWN,1,0.04483242,0.95516758
IWN,1,0.08831259,0.91168741
IWN,1,0.04541919,0.95458081
IWN,1,0.07002616,0.92997384
IWN,1,0.05162233,0.94837767
IWN,1,0.44741895,0.55258105
IWN,1,0.04662733,0.95337267
IWN,1,0.04468654,0.95531346
IWN,1,0.04898067,0.95101933
IWN,1,0.60305221,0.39694779
IWN,1,0.04550591,0.95449409
IWN,1,0.99994136,0.00005864
IWN,1,0.16437135,0.83562865
IWN,1,1.00000000,0.00000000
IWN,1,0.99999153,0.00000847
IWN,1,0.99960141,0.00039859
IWN,1,0.98747724,0.01252276
IWN,1,0.04651056,0.95348944
IWN,1,0.61395627,0.38604373
IWN,1,0.10097308,0.89902692
IWN,1,0.04562168,0.95437832
IWN,1,0.99971140,0.00028860
IWN,1,0.22415897,0.77584103
IWN,1,0.04517976,0.95482024
IWN,1,0.97386959,0.02613041
IWN,1,0.13676066,0.86323934
IWN,1,0.29936491,0.70063509
IWN,1,0.15083361,0.84916639
IWN,1,0.99731455,0.00268545
IWN,1,0.04708593,0.95291407
IWN,1,0.04457727,0.95542273
IWN,1,0.31802120,0.68197880
IWN,1,0.95444200,0.04555800
IWN,1,0.05037453,0.94962547
IWN,1,0.94263911,0.05736089
IWN,1,0.13035692,0.86964308
IWN,1,0.57308574,0.42691426
IWN,1,0.05483509,0.94516491
IWN,1,0.11474328,0.88525672
IWN,1,0.12454412,0.87545588
IWN,1,0.08920178,0.91079822
IWN,1,0.04563097,0.95436903
IWN,1,0.18038506,0.81961494
IWN,1,0.10478177,0.89521823
IWN,1,0.97343443,0.02656557
IWN,1,0.46049540,0.53950460
IWN,1,0.05966942,0.94033058
IWN,1,0.22080066,0.77919934
IWN,1,0.17896235,0.82103765
IWN,1,0.89889151,0.10110849
IWN,1,0.23247910,0.76752090
IWN,1,0.63446937,0.36553063
IWN,1,0.99971617,0.00028383
IWN,1,0.99998836,0.00001164
IWN,1,0.07715583,0.92284417
IWN,1,0.23104419,0.76895581
IWN,1,0.50509140,0.49490860
IWN,1,0.97676470,0.02323530
IWN,1,0.06491374,0.93508626
IWN,1,0.11670216,0.88329784
IWN,1,0.04650950,0.95349050
IWN,1,0.15065236,0.84934764
IWN,1,0.69403062,0.30596938
IWN,1,0.56312984,0.43687016
IWN,1,0.10143943,0.89856057
IWN,1,0.04539525,0.95460475
IWN,1,0.26027758,0.73972242
IWN,1,0.60958742,0.39041258
IWN,1,0.43917474,0.56082526
IWN,1,0.09066600,0.90933400
IWN,1,0.99951129,0.00048871
IWN,1,0.04634286,0.95365714
IWN,1,0.49695696,0.50304304
IWN,1,0.93852860,0.06147140
IWN,1,0.31108324,0.68891676
IWN,1,0.33853822,0.66146178
IWN,1,0.05240468,0.94759532
IWN,1,0.04458216,0.95541784
IWN,1,0.10050871,0.89949129
IWN,1,0.99806182,0.00193818
IWN,1,0.05381788,0.94618212
IWN,1,0.34248143,0.65751857
IWN,1,0.10470556,0.89529444
IWN,1,0.07004363,0.92995637
IWN,1,0.08403336,0.91596664
IWN,1,0.08326560,0.91673440
IWN,1,0.04602066,0.95397934
IWN,1,0.29363497,0.70636503
IWN,1,0.07763611,0.92236389
IWN,1,0.55688085,0.44311915
IWN,1,0.11285521,0.88714479
IWN,1,0.97344035,0.02655965
IWN,1,0.04460503,0.95539497
IWN,1,0.99998293,0.00001707
IWN,1,0.05210000,0.94790000
IWN,1,0.04611554,0.95388446
IWN,1,0.11315369,0.88684631
IWN,1,0.04643637,0.95356363
IWN,1,0.04463110,0.95536890
IWN,1,0.80254460,0.19745540
IWN,1,0.46838371,0.53161629
IWN,1,0.07557270,0.92442730
IWN,1,0.16578999,0.83421001
IWN,1,0.06331349,0.93668651
IWN,1,0.06648088,0.93351912
IWN,1,0.06009548,0.93990452
IWN,1,0.15577462,0.84422538
IWN,1,0.93766286,0.06233714
IWN,1,0.06252052,0.93747948
IWN,1,0.05857400,0.94142600
IWN,1,0.04562496,0.95437504
IWN,1,0.04639915,0.95360085
IWN,1,0.08874741,0.91125259
IWN,1,0.05121236,0.94878764
IWN,1,0.05276216,0.94723784
IWN,1,0.15161142,0.84838858
IWN,1,0.04709045,0.95290955
IWN,1,0.04756091,0.95243909
IWN,1,0.04529242,0.95470758
IWN,1,0.04506492,0.95493508
IWN,1,0.08859911,0.91140089
IWN,1,0.04903948,0.95096052
IWN,1,0.04678226,0.95321774
IWN,1,0.05111289,0.94888711
IWN,1,0.04590496,0.95409504
IWN,1,0.14767366,0.85232634
IWN,1,0.04757826,0.95242174
IWN,1,0.04785760,0.95214240
IWN,1,0.04462417,0.95537583
IWN,1,0.04982669,0.95017331
IWN,1,0.05609483,0.94390517
IWN,1,0.04496399,0.95503601
IWN,1,0.04830408,0.95169592
IWN,1,0.05186821,0.94813179
IWN,1,0.04459073,0.95540927
IWN,1,0.17427722,0.82572278
IWN,1,0.05182709,0.94817291
IWN,1,0.21673649,0.78326351
IWN,1,0.04629446,0.95370554
IWN,1,0.04514412,0.95485588
IWN,1,0.04579187,0.95420813
IWN,1,0.04915866,0.95084134
IWN,1,0.09419198,0.90580802
IWN,1,0.06942140,0.93057860
IWN,1,0.04805674,0.95194326
IWN,1,0.06154679,0.93845321
IWN,1,0.16856344,0.83143656
IWN,1,0.04578649,0.95421351
IWN,1,0.05230303,0.94769697
IWN,1,0.07145695,0.92854305
IWN,1,0.08191860,0.91808140
IWN,1,0.04625142,0.95374858
IWN,1,0.04491230,0.95508770
IWN,1,0.04622537,0.95377463
IWN,1,0.11472019,0.88527981
IWN,1,0.04636031,0.95363969
IWN,1,0.09290688,0.90709312
IWN,1,0.04575564,0.95424436
IWN,1,0.14975927,0.85024073
IWN,1,0.05802081,0.94197919
IWN,1,0.06976412,0.93023588
IWN,1,0.09723550,0.90276450
IWN,1,0.04461641,0.95538359
IWN,1,0.21815045,0.78184955
IWN,1,0.05365455,0.94634545
IWN,1,0.05925954,0.94074046
IWN,1,0.04457622,0.95542378
IWN,1,0.06083682,0.93916318
IWN,1,0.05545972,0.94454028
IWN,1,0.04593854,0.95406146
IWN,1,0.06119824,0.93880176
IWN,1,0.06035909,0.93964091
IWN,1,0.16475715,0.83524285
IWN,1,0.05329230,0.94670770
IWN,1,0.04533677,0.95466323
IWN,1,0.04592464,0.95407536
IWN,1,0.04748617,0.95251383
IWN,1,0.08379560,0.91620440
IWN,1,0.05327672,0.94672328
IWN,1,0.10556660,0.89443340
IWN,1,0.05158190,0.94841810
IWN,1,0.10655043,0.89344957
IWN,1,0.30680193,0.69319807
IWN,1,0.07844658,0.92155342
IWN,1,0.10420936,0.89579064
IWN,1,0.10143144,0.89856856
IWN,1,0.04847959,0.95152041
IWN,1,0.10421217,0.89578783
IWN,1,0.06707139,0.93292861
IWN,1,0.04879643,0.95120357
IWN,1,0.05290848,0.94709152
IWN,1,0.08740652,0.91259348
IWN,1,0.06128016,0.93871984
IWN,1,0.08671099,0.91328901
IWN,1,0.05805379,0.94194621
IWN,1,0.05954770,0.94045230
IWN,1,0.07152229,0.92847771
IWN,1,0.04458611,0.95541389
IWN,1,0.04463088,0.95536912
IWN,1,0.07447541,0.92552459
IWN,1,0.17219847,0.82780153
IWN,1,0.04585404,0.95414596
IWN,1,0.04547891,0.95452109
IWN,1,0.04963981,0.95036019
IWN,1,0.04907956,0.95092044
IWN,1,0.04666289,0.95333711
IWN,1,0.07706862,0.92293138
IWN,1,0.04545799,0.95454201
IWN,1,0.05653162,0.94346838
IWN,1,0.20834574,0.79165426
IWN,1,0.06518199,0.93481801
IWN,1,0.14082537,0.85917463
IWN,1,0.04747063,0.95252937
IWN,1,0.04792799,0.95207201
IWN,1,0.04786769,0.95213231
IWN,1,0.04474345,0.95525655
IWN,1,0.08125669,0.91874331
IWN,1,0.14086522,0.85913478
IWN,1,0.04459850,0.95540150
IWN,1,0.45554803,0.54445197
IWN,1,0.04993646,0.95006354
IWN,1,0.06874365,0.93125635
IWN,1,0.30631075,0.69368925
IWN,1,0.04734590,0.95265410
IWN,1,0.07546561,0.92453439
IWN,1,0.22313956,0.77686044
IWN,1,0.06894894,0.93105106
IWN,1,0.06300842,0.93699158
IWN,1,0.08076981,0.91923019
IWN,1,0.07466458,0.92533542
IWN,1,0.04465205,0.95534795
IWN,1,0.14297432,0.85702568
IWN,1,0.04476798,0.95523202
IWN,1,0.25288708,0.74711292
IWN,1,0.06341340,0.93658660
IWN,1,0.11555532,0.88444468
IWN,1,0.04539273,0.95460727
IWN,1,0.11107571,0.88892429
IWN,1,0.04631995,0.95368005
IWN,1,0.45859502,0.54140498
IWN,1,0.06279315,0.93720685
IWN,1,0.09295454,0.90704546
IWN,1,0.04467823,0.95532177
IWN,1,0.05991174,0.94008826
IWN,1,0.05018819,0.94981181
IWN,1,0.05995622,0.94004378
IWN,1,0.04579369,0.95420631
IWN,1,0.04842183,0.95157817
IWN,1,0.07756520,0.92243480
IWN,1,0.04582974,0.95417026
IWN,1,0.04609387,0.95390613
IWN,1,0.04839111,0.95160889
IWN,1,0.04805872,0.95194128
IWN,1,0.06641423,0.93358577
IWN,1,0.12427546,0.87572454
IWN,1,0.09124025,0.90875975
IWN,1,0.04457991,0.95542009
IWN,1,0.06028872,0.93971128
IWN,1,0.31053652,0.68946348
IWN,1,0.04468507,0.95531493
IWN,1,0.05477491,0.94522509
IWN,1,0.12814510,0.87185490
IWN,1,0.05183385,0.94816615
IWN,1,0.34566150,0.65433850
IWN,1,0.05765271,0.94234729
IWN,1,0.05107235,0.94892765
IWN,1,0.04606118,0.95393882
IWN,1,0.04706149,0.95293851
IWN,1,0.04565559,0.95434441
IWN,1,0.04473447,0.95526553
IWN,1,0.04696891,0.95303109
IWN,1,0.05587151,0.94412849
IWN,1,0.07082729,0.92917271
IWN,1,0.05708716,0.94291284
IWN,1,0.04467275,0.95532725
IWN,1,0.04460784,0.95539216
IWN,1,0.05190024,0.94809976
IWN,1,0.05961121,0.94038879
IWN,1,0.04475179,0.95524821
IWN,1,0.04583895,0.95416105
IWN,1,0.04779656,0.95220344
IWN,1,0.04654167,0.95345833
IWN,1,0.06427175,0.93572825
IWN,1,0.04923770,0.95076230
IWN,1,0.05924457,0.94075543
IWN,1,0.04472241,0.95527759
IWN,1,0.14052782,0.85947218
IWN,1,0.06403832,0.93596168
IWN,1,0.04740594,0.95259406
IWN,1,0.04750982,0.95249018
IWN,1,0.05035308,0.94964692
IWN,1,0.10313945,0.89686055
IWN,1,0.07238973,0.92761027
IWN,1,0.05212576,0.94787424
IWN,1,0.04664061,0.95335939
IWN,1,0.04589298,0.95410702
IWN,1,0.04728097,0.95271903
IWN,1,0.04743264,0.95256736
IWN,1,0.04464364,0.95535636
IWN,1,0.10204274,0.89795726
IWN,1,0.05153037,0.94846963
IWN,1,0.05900950,0.94099050
IWN,1,0.06000402,0.93999598
IWN,1,0.04722065,0.95277935
IWN,1,0.04540935,0.95459065
IWN,1,0.04585737,0.95414263
IWN,1,0.05518260,0.94481740
IWN,1,0.04461456,0.95538544
IWN,1,0.05052925,0.94947075
IWN,1,0.06684137,0.93315863
IWN,1,0.04588672,0.95411328
IWN,1,0.04815064,0.95184936
IWN,1,0.06627531,0.93372469
IWN,1,0.04849831,0.95150169
IWN,1,0.05223562,0.94776438
IWN,1,0.07448735,0.92551265
IWN,1,0.04804882,0.95195118
IWN,1,0.13738674,0.86261326
IWN,1,0.04461093,0.95538907
IWN,1,0.05167057,0.94832943
IWN,1,0.04496904,0.95503096
IWN,1,0.04689107,0.95310893
IWN,1,0.04730127,0.95269873
IWN,1,0.04672861,0.95327139
IWN,1,0.08682921,0.91317079
IWN,1,0.08622782,0.91377218
IWN,1,0.04721883,0.95278117
IWN,1,0.06180377,0.93819623
IWN,1,0.52176703,0.47823297
IWN,1,0.10429825,0.89570175
IWN,1,0.04472316,0.95527684
IWN,1,0.04601900,0.95398100
IWN,1,0.05349857,0.94650143
IWN,1,0.16991287,0.83008713
IWN,1,0.05237350,0.94762650
IWN,1,0.05896179,0.94103821
IWN,1,0.22929004,0.77070996
IWN,1,0.04504351,0.95495649
IWN,1,0.04922239,0.95077761
IWN,1,0.07189487,0.92810513
IWN,1,0.04643103,0.95356897
IWN,1,0.04484819,0.95515181
IWN,1,0.05531706,0.94468294
IWN,1,0.07552435,0.92447565
IWN,1,0.04464840,0.95535160
IWN,1,0.04465650,0.95534350
IWN,1,0.04541026,0.95458974
IWN,1,0.04459255,0.95540745
IWN,1,0.04537064,0.95462936
IWN,1,0.04471718,0.95528282
IWN,1,0.04884135,0.95115865
IWN,1,0.06031454,0.93968546
IWN,1,0.04782160,0.95217840
IWN,1,0.05175417,0.94824583
IWN,1,0.04462560,0.95537440
IWN,1,0.09107578,0.90892422
IWN,1,0.08872273,0.91127727
IWN,1,0.04602810,0.95397190
IWN,1,0.05091206,0.94908794
IWN,1,0.04678716,0.95321284
IWN,1,0.05023019,0.94976981
IWN,1,0.05016321,0.94983679
IWN,1,0.04481106,0.95518894
IWN,1,0.05578998,0.94421002
IWN,1,0.18869797,0.81130203
IWN,1,0.71470599,0.28529401
IWN,1,0.04476811,0.95523189
IWN,1,0.05089126,0.94910874
IWN,1,0.04851670,0.95148330
IWN,1,0.04474396,0.95525604
IWN,1,0.04591235,0.95408765
IWN,1,0.04606531,0.95393469
IWN,1,0.04497798,0.95502202
IWN,1,0.04457670,0.95542330
IWN,1,0.04581797,0.95418203
IWN,1,0.04512592,0.95487408
IWN,1,0.06082290,0.93917710
IWN,1,0.04648191,0.95351809
IWN,1,0.05784902,0.94215098
IWN,1,0.04536084,0.95463916
IWN,1,0.04496892,0.95503108
IWN,1,0.04712673,0.95287327
IWN,1,0.04706720,0.95293280
IWN,1,0.04546244,0.95453756
IWN,1,0.07180813,0.92819187
IWN,1,0.05199885,0.94800115
IWN,1,0.06374775,0.93625225
IWN,1,0.08004757,0.91995243
IWN,1,0.05561697,0.94438303
IWN,1,0.04892294,0.95107706
IWN,1,0.04614128,0.95385872
IWN,1,0.05146942,0.94853058
IWN,1,0.04458050,0.95541950
IWN,1,0.05171086,0.94828914
IWN,1,0.04765099,0.95234901
IWN,1,0.04563917,0.95436083
IWN,1,0.04466224,0.95533776
IWN,1,0.05949737,0.94050263
IWN,1,0.17394420,0.82605580
IWN,1,0.06697465,0.93302535
IWN,1,0.06716811,0.93283189
IWN,1,0.21230364,0.78769636
IWN,1,0.04781065,0.95218935
IWN,1,0.06459389,0.93540611
IWN,1,0.04486314,0.95513686
IWN,1,0.04790020,0.95209980
IWN,1,0.04481153,0.95518847
IWN,1,0.06528699,0.93471301
IWN,1,0.04600227,0.95399773
IWN,1,0.04870234,0.95129766
IWN,1,0.05568738,0.94431262
IWN,1,0.04460142,0.95539858
IWN,1,0.04539919,0.95460081
IWN,1,0.04769687,0.95230313
IWN,1,0.07247474,0.92752526
IWN,1,0.04528594,0.95471406
IWN,1,0.05024797,0.94975203
IWN,1,0.04746325,0.95253675
IWN,1,0.05531633,0.94468367
IWN,1,0.05406465,0.94593535
IWN,1,0.04473793,0.95526207
IWN,1,0.04513784,0.95486216
IWN,1,0.04631928,0.95368072
IWN,1,0.04493225,0.95506775
IWN,1,0.04540512,0.95459488
IWN,1,0.06886118,0.93113882
IWN,1,0.05204154,0.94795846
IWN,1,0.10418965,0.89581035
IWN,1,0.05525373,0.94474627
IWN,1,0.04458617,0.95541383
IWN,1,0.06291662,0.93708338
IWN,1,0.04584421,0.95415579
IWN,1,0.12552394,0.87447606
IWN,1,0.04539471,0.95460529
IWN,1,0.04848630,0.95151370
IWN,1,0.95838707,0.04161293
IWN,1,0.09505123,0.90494877
IWN,1,0.15764710,0.84235290
IWN,1,0.04625253,0.95374747
IWN,1,0.07146728,0.92853272
IWN,1,0.04552984,0.95447016
IWN,1,0.12267948,0.87732052
IWN,1,0.05635666,0.94364334
IWN,1,0.04780078,0.95219922
IWN,1,0.05217642,0.94782358
IWN,1,0.05599727,0.94400273
IWN,1,0.05415136,0.94584864
IWN,1,0.34375958,0.65624042
IWN,1,0.09611576,0.90388424
IWN,1,0.12885405,0.87114595
IWN,1,0.05498520,0.94501480
IWN,1,0.06228206,0.93771794
IWN,1,0.04609096,0.95390904
IWN,1,0.04747495,0.95252505
IWN,1,0.05050694,0.94949306
IWN,1,0.04649816,0.95350184
IWN,1,0.07054268,0.92945732
IWN,1,0.04713227,0.95286773
IWN,1,0.04619649,0.95380351
IWN,1,0.06404991,0.93595009
IWN,1,0.04987526,0.95012474
IWN,1,0.04457850,0.95542150
IWN,1,0.12911840,0.87088160
IWN,1,0.04467488,0.95532512
IWN,1,0.04465730,0.95534270
IWN,1,0.07527161,0.92472839
IWN,1,0.06386022,0.93613978
IWN,1,0.05073864,0.94926136
IWN,1,0.07285009,0.92714991
IWN,1,0.06157532,0.93842468
IWN,1,0.06002730,0.93997270
IWN,1,0.09053665,0.90946335
IWN,1,0.06497329,0.93502671
IWN,1,0.05227091,0.94772909
IWN,1,0.05253468,0.94746532
IWN,1,0.08733983,0.91266017
IWN,1,0.06954403,0.93045597
IWN,1,0.17508234,0.82491766
IWN,1,0.05419191,0.94580809
IWN,1,0.04914172,0.95085828
IWN,1,0.07830980,0.92169020
IWN,1,0.08650155,0.91349845
IWN,1,0.43142554,0.56857446
IWN,1,0.04555529,0.95444471
IWN,1,0.09011704,0.90988296
IWN,1,0.07184955,0.92815045
IWN,1,0.04821606,0.95178394
IWN,1,0.11547278,0.88452722
IWN,1,0.04484681,0.95515319
IWN,1,0.07024718,0.92975282
IWN,1,0.04525030,0.95474970
IWN,1,0.04505785,0.95494215
IWN,1,0.07410151,0.92589849
IWN,1,0.04892110,0.95107890
IWN,1,0.06557985,0.93442015
IWN,1,0.04581700,0.95418300
IWN,1,0.06908155,0.93091845
IWN,1,0.04506729,0.95493271
IWN,1,0.05497135,0.94502865
IWN,1,0.04497938,0.95502062
IWN,1,0.04689291,0.95310709
IWN,1,0.06337493,0.93662507
IWN,1,0.04496475,0.95503525
IWN,1,0.04886497,0.95113503
IWN,1,0.04457622,0.95542378
IWN,1,0.05765703,0.94234297
IWN,1,0.05463620,0.94536380
IWN,1,0.04956990,0.95043010
IWN,1,0.05832609,0.94167391
IWN,1,0.04461467,0.95538533
IWN,1,0.04478234,0.95521766
IWN,1,0.06824986,0.93175014
IWN,1,0.04466313,0.95533687
IWN,1,0.04505923,0.95494077
IWN,1,0.06221869,0.93778131
IWN,1,0.05065207,0.94934793
IWN,1,0.04697544,0.95302456
IWN,1,0.04512814,0.95487186
IWN,1,0.04834793,0.95165207
IWN,1,0.04597985,0.95402015
IWN,1,0.04734639,0.95265361
IWN,1,0.12269313,0.87730687
IWN,1,0.05165656,0.94834344
IWN,1,0.07980291,0.92019709
IWN,1,0.09836903,0.90163097
IWN,1,0.05494955,0.94505045
IWN,1,0.08756278,0.91243722
IWN,1,0.04586386,0.95413614
IWN,1,0.04488813,0.95511187
IWN,1,0.22322689,0.77677311
IWN,1,0.04460128,0.95539872
IWN,1,0.05554308,0.94445692
IWN,1,0.10818479,0.89181521
IWN,1,0.04596774,0.95403226
IWN,1,0.05646875,0.94353125
IWN,1,0.04619940,0.95380060
IWN,1,0.04554948,0.95445052
IWN,1,0.10147219,0.89852781
IWN,1,0.05996651,0.94003349
IWN,1,0.04463486,0.95536514
IWN,1,0.05127697,0.94872303
IWN,1,0.04683378,0.95316622
IWN,1,0.04726538,0.95273462
IWN,1,0.06028655,0.93971345
IWN,1,0.07370646,0.92629354
IWN,1,0.04567237,0.95432763
IWN,1,0.04524498,0.95475502
IWN,1,0.04458624,0.95541376
IWN,1,0.04522571,0.95477429
IWN,1,0.04474624,0.95525376
IWN,1,0.04600782,0.95399218
IWN,1,0.04803125,0.95196875
IWN,1,0.04457876,0.95542124
IWN,1,0.06488342,0.93511658
IWN,1,0.04893758,0.95106242
IWN,1,0.06798675,0.93201325
IWN,1,0.04901020,0.95098980
IWN,1,0.05943587,0.94056413
IWN,1,0.07293303,0.92706697
IWN,1,0.04476391,0.95523609
IWN,1,0.22829935,0.77170065
IWN,1,0.13261569,0.86738431
IWN,1,0.04698730,0.95301270
IWN,1,0.05835154,0.94164846
IWN,1,0.06205497,0.93794503
IWN,1,0.06987116,0.93012884
IWN,1,0.06944519,0.93055481
IWN,1,0.04471162,0.95528838
IWN,1,0.04668495,0.95331505
IWN,1,0.04620862,0.95379138
IWN,1,0.04804741,0.95195259
IWN,1,0.04573275,0.95426725
IWN,1,0.04459301,0.95540699
IWN,1,0.04460674,0.95539326
IWN,1,0.06811490,0.93188510
IWN,1,0.05336293,0.94663707
IWN,1,0.04605367,0.95394633
IWN,1,0.06699492,0.93300508
IWN,1,0.04758348,0.95241652
IWN,1,0.04505741,0.95494259
IWN,1,0.11035318,0.88964682
IWN,1,0.11396564,0.88603436
IWN,1,0.04484422,0.95515578
IWN,1,0.04469258,0.95530742
IWN,1,0.05592675,0.94407325
IWN,1,0.04568686,0.95431314
IWN,1,0.04593518,0.95406482
IWN,1,0.04940437,0.95059563
IWN,1,0.04875277,0.95124723
IWN,1,0.04472745,0.95527255
IWN,1,0.10994751,0.89005249
IWN,1,0.05152170,0.94847830
IWN,1,0.04500390,0.95499610
IWN,1,0.05043550,0.94956450
IWN,1,0.05513270,0.94486730
IWN,1,0.04458195,0.95541805
IWN,1,0.06229767,0.93770233
IWN,1,0.04991977,0.95008023
IWN,1,0.04555886,0.95444114
IWN,1,0.04460608,0.95539392
IWN,1,0.05804235,0.94195765
IWN,1,0.04459632,0.95540368
IWN,1,0.06049039,0.93950961
IWN,1,0.09287396,0.90712604
IWN,1,0.04526492,0.95473508
IWN,1,0.04575949,0.95424051
IWN,1,0.06970273,0.93029727
IWN,1,0.04480885,0.95519115
IWN,1,0.09628863,0.90371137
IWN,1,0.05768211,0.94231789
IWN,1,0.10266624,0.89733376
IWN,1,0.06854913,0.93145087
IWN,1,0.04995635,0.95004365
IWN,1,0.04458483,0.95541517
IWN,1,0.04457793,0.95542207
IWN,1,0.04501909,0.95498091
IWN,1,0.04568257,0.95431743
IWN,1,0.07010209,0.92989791
IWN,1,0.04535693,0.95464307
IWN,1,0.05306706,0.94693294
IWN,1,0.05229544,0.94770456
IWN,1,0.04527667,0.95472333
IWN,1,0.04543184,0.95456816
IWN,1,0.04677043,0.95322957
IWN,1,0.07616892,0.92383108
IWN,1,0.06427541,0.93572459
IWN,1,0.05348339,0.94651661
IWN,1,0.04459305,0.95540695
IWN,1,0.04618781,0.95381219
IWN,1,0.05685824,0.94314176
IWN,1,0.05056977,0.94943023
IWN,1,0.05601696,0.94398304
IWN,1,0.29033154,0.70966846
IWN,1,0.07860485,0.92139515
IWN,1,0.05069557,0.94930443
IWN,1,0.08413488,0.91586512
IWN,1,0.07938842,0.92061158
IWN,1,0.05656713,0.94343287
IWN,1,0.61677734,0.38322266
IWN,1,0.05053140,0.94946860
IWN,1,0.05269082,0.94730918
IWN,1,0.05653736,0.94346264
IWN,1,0.05324362,0.94675638
IWN,1,0.04511140,0.95488860
IWN,1,0.07208522,0.92791478
IWN,1,0.04729537,0.95270463
IWN,1,0.07163073,0.92836927
IWN,1,0.04832113,0.95167887
IWN,1,0.06039315,0.93960685
IWN,1,0.07119655,0.92880345
IWN,1,0.05572027,0.94427973
IWN,1,0.04583996,0.95416004
IWN,1,0.06145640,0.93854360
IWN,1,0.04482396,0.95517604
IWN,1,0.04952878,0.95047122
IWN,1,0.05098482,0.94901518
IWN,1,0.04504255,0.95495745
IWN,1,0.04854413,0.95145587
IWN,1,0.28734025,0.71265975
IWN,1,0.04490972,0.95509028
IWN,1,0.04543798,0.95456202
IWN,1,0.04477111,0.95522889
IWN,1,0.04527050,0.95472950
IWN,1,0.06039931,0.93960069
IWN,1,0.04599290,0.95400710
IWN,1,0.05641042,0.94358958
IWN,1,0.04672257,0.95327743
IWN,1,0.04924503,0.95075497
IWN,1,0.07093628,0.92906372
IWN,1,0.05038804,0.94961196
IWN,1,0.04640834,0.95359166
IWN,1,0.04467056,0.95532944
IWN,1,0.05078318,0.94921682
IWN,1,0.04465118,0.95534882
IWN,1,0.15991716,0.84008284
IWN,1,0.04619015,0.95380985
IWN,1,0.04604546,0.95395454
IWN,1,0.10942393,0.89057607
IWN,1,0.07395028,0.92604972
IWN,1,0.05034385,0.94965615
IWN,1,0.05114295,0.94885705
IWN,1,0.16999697,0.83000303
IWN,1,0.07999654,0.92000346
IWN,1,0.04983693,0.95016307
IWN,1,0.05808450,0.94191550
IWN,1,0.24958646,0.75041354
IWN,1,0.07842116,0.92157884
IWN,1,0.04634438,0.95365562
IWN,1,0.05063774,0.94936226
IWN,1,0.05507564,0.94492436
IWN,1,0.05308411,0.94691589
IWN,1,0.04574009,0.95425991
IWN,1,0.05647928,0.94352072
IWN,1,0.04639783,0.95360217
IWN,1,0.04545408,0.95454592
IWN,1,0.08388848,0.91611152
IWN,1,0.04971925,0.95028075
IWN,1,0.04479458,0.95520542
IWN,1,0.05150097,0.94849903
IWN,1,0.04561986,0.95438014
IWN,1,0.04534063,0.95465937
IWN,1,0.04543424,0.95456576
IWN,1,0.09096625,0.90903375
IWN,1,0.04929496,0.95070504
IWN,1,0.05442744,0.94557256
IWN,1,0.05480922,0.94519078
IWN,1,0.17394614,0.82605386
IWN,1,0.05526087,0.94473913
IWN,1,0.13600288,0.86399712
IWN,1,0.05758075,0.94241925
IWN,1,0.04856563,0.95143437
IWN,1,0.05885914,0.94114086
IWN,1,0.08263783,0.91736217
IWN,1,0.04628503,0.95371497
IWN,1,0.05754156,0.94245844
IWN,1,0.06688944,0.93311056
IWN,1,0.09237244,0.90762756
IWN,1,0.04907356,0.95092644
IWN,1,0.04620666,0.95379334
IWN,1,0.04589947,0.95410053
IWN,1,0.04619390,0.95380610
IWN,1,0.04545003,0.95454997
IWN,1,0.04568231,0.95431769
IWN,1,0.19785243,0.80214757
IWN,1,0.06897299,0.93102701
IWN,1,0.05450839,0.94549161
IWN,1,0.04566978,0.95433022
IWN,1,0.05089406,0.94910594
IWN,1,0.05104819,0.94895181
IWN,1,0.04467186,0.95532814
IWN,1,0.04489192,0.95510808
IWN,1,0.05468354,0.94531646
IWN,1,0.05387106,0.94612894
IWN,1,0.04463615,0.95536385
IWN,1,0.04648277,0.95351723
IWN,1,0.04608953,0.95391047
IWN,1,0.06235637,0.93764363
IWN,1,0.05581517,0.94418483
IWN,1,0.04466158,0.95533842
IWN,1,0.05151973,0.94848027
IWN,1,0.04730996,0.95269004
IWN,1,0.06438189,0.93561811
IWN,1,0.04980036,0.95019964
IWN,1,0.05005926,0.94994074
IWN,1,0.08710650,0.91289350
IWN,1,0.05731036,0.94268964
IWN,1,0.04462693,0.95537307
IWN,1,0.06510862,0.93489138
IWN,1,0.04713127,0.95286873
IWN,1,0.04740040,0.95259960
IWN,1,0.05128006,0.94871994
IWN,1,0.04511542,0.95488458
IWN,1,0.09485941,0.90514059
IWN,1,0.08036326,0.91963674
IWN,1,0.04801350,0.95198650
IWN,1,0.05039786,0.94960214
IWN,1,0.04472473,0.95527527
IWN,1,0.04561192,0.95438808
IWN,1,0.06123969,0.93876031
IWN,1,0.04716253,0.95283747
IWN,1,0.04511702,0.95488298
IWN,1,0.04504305,0.95495695
IWN,1,0.17515686,0.82484314
IWN,1,0.04798374,0.95201626
IWN,1,0.05277948,0.94722052
IWN,1,0.04659823,0.95340177
IWN,1,0.04882426,0.95117574
IWN,1,0.04969975,0.95030025
IWN,1,0.06066102,0.93933898
IWN,1,0.05744055,0.94255945
IWN,1,0.04994907,0.95005093
IWN,1,0.04971091,0.95028909
IWN,1,0.04612740,0.95387260
IWN,1,0.04491110,0.95508890
IWN,1,0.08281420,0.91718580
IWN,1,0.04735554,0.95264446
IWN,1,0.04544540,0.95455460
IWN,1,0.04813810,0.95186190
IWN,1,0.04459083,0.95540917
IWN,1,0.04531188,0.95468812
IWN,1,0.05325897,0.94674103
IWN,1,0.04517928,0.95482072
IWN,1,0.04763084,0.95236916
IWN,1,0.04796648,0.95203352
IWN,1,0.04969571,0.95030429
IWN,1,0.04923150,0.95076850
IWN,1,0.04739697,0.95260303
IWN,1,0.04659230,0.95340770
IWN,1,0.04460838,0.95539162
IWN,1,0.06600931,0.93399069
IWN,1,0.04560574,0.95439426
IWN,1,0.05261183,0.94738817
IWN,1,0.06699489,0.93300511
IWN,1,0.06203995,0.93796005
IWN,1,0.04514791,0.95485209
IWN,1,0.04507905,0.95492095
IWN,1,0.04831819,0.95168181
IWN,1,0.07094115,0.92905885
IWN,1,0.08979540,0.91020460
IWN,1,0.06994734,0.93005266
IWN,1,0.04654628,0.95345372
IWN,1,0.09320277,0.90679723
IWN,1,0.05156991,0.94843009
IWN,1,0.04618572,0.95381428
IWN,1,0.09168805,0.90831195
IWN,1,0.07356408,0.92643592
IWN,1,0.05125197,0.94874803
IWN,1,0.05175213,0.94824787
IWN,1,0.04819884,0.95180116
IWN,1,0.10005325,0.89994675
IWN,1,0.14803683,0.85196317
IWN,1,0.30606997,0.69393003
IWN,1,0.06543741,0.93456259
IWN,1,0.04462086,0.95537914
IWN,1,0.07676046,0.92323954
IWN,1,0.05206755,0.94793245
IWN,1,0.07229646,0.92770354
IWN,1,0.04628952,0.95371048
IWN,1,0.06294273,0.93705727
IWN,1,0.10626373,0.89373627
IWN,1,0.06984251,0.93015749
IWN,1,0.08964399,0.91035601
IWN,1,0.04548829,0.95451171
IWN,1,0.04459615,0.95540385
IWN,1,0.44194530,0.55805470
IWN,1,0.04459482,0.95540518
IWN,1,0.05527283,0.94472717
IWN,1,0.08871360,0.91128640
IWN,1,0.04461933,0.95538067
IWN,1,0.04874451,0.95125549
IWN,1,0.04812011,0.95187989
IWN,1,0.04548607,0.95451393
IWN,1,0.04621085,0.95378915
IWN,1,0.04709308,0.95290692
IWN,1,0.04458796,0.95541204
IWN,1,0.04821542,0.95178458
IWN,1,0.05784753,0.94215247
IWN,1,0.04553843,0.95446157
IWN,1,0.05478905,0.94521095
IWN,1,0.04692531,0.95307469
IWN,1,0.06677554,0.93322446
IWN,1,0.06387635,0.93612365
IWN,1,0.04470130,0.95529870
IWN,1,0.06474594,0.93525406
IWN,1,0.04475929,0.95524071
IWN,1,0.04547947,0.95452053
IWN,1,0.10254767,0.89745233
IWN,1,0.10137494,0.89862506
IWN,1,0.06077559,0.93922441
IWN,1,0.06328561,0.93671439
IWN,1,0.04720127,0.95279873
IWN,1,0.05107742,0.94892258
IWN,1,0.07154113,0.92845887
IWN,1,0.10208669,0.89791331
IWN,1,0.18963639,0.81036361
IWN,1,0.04477754,0.95522246
IWN,1,0.08555942,0.91444058
IWN,1,0.06373724,0.93626276
IWN,1,0.04457814,0.95542186
IWN,1,0.52537893,0.47462107
IWN,1,0.09447233,0.90552767
IWN,1,0.04803179,0.95196821
IWN,1,0.04996372,0.95003628
IWN,1,0.04889459,0.95110541
IWN,1,0.04543695,0.95456305
IWN,1,0.05034737,0.94965263
IWN,1,0.05224400,0.94775600
IWN,1,0.04810915,0.95189085
IWN,1,0.05689797,0.94310203
IWN,1,0.04953000,0.95047000
IWN,1,0.09172192,0.90827808
IWN,1,0.13565807,0.86434193
IWN,1,0.05562723,0.94437277
IWN,1,0.10816516,0.89183484
IWN,1,0.06917388,0.93082612
IWN,1,0.04804294,0.95195706
IWN,1,0.04487996,0.95512004
IWN,1,0.04732564,0.95267436
IWN,1,0.08807892,0.91192108
IWN,1,0.10554304,0.89445696
IWN,1,0.05481871,0.94518129
IWN,1,0.04485429,0.95514571
IWN,1,0.22742369,0.77257631
IWN,1,0.04673513,0.95326487
IWN,1,0.05507022,0.94492978
IWN,1,0.04787302,0.95212698
IWN,1,0.15883658,0.84116342
IWN,1,0.08220470,0.91779530
IWN,1,0.22995509,0.77004491
IWN,1,0.07158710,0.92841290
IWN,1,0.20436932,0.79563068
IWN,1,0.04747482,0.95252518
IWN,1,0.08342718,0.91657282
IWN,1,0.04553615,0.95446385
IWN,1,0.05699171,0.94300829
IWN,1,0.04558617,0.95441383
IWN,1,0.04588330,0.95411670
IWN,1,0.06942114,0.93057886
IWN,1,0.04999543,0.95000457
IWN,1,0.04486420,0.95513580
IWN,1,0.04462552,0.95537448
IWN,1,0.04518456,0.95481544
IWN,1,0.04485866,0.95514134
IWN,1,0.04520604,0.95479396
IWN,1,0.04470320,0.95529680
IWN,1,0.04472699,0.95527301
IWN,1,0.04496937,0.95503063
IWN,1,0.04663958,0.95336042
IWN,1,0.05226980,0.94773020
IWN,1,0.04764894,0.95235106
IWN,1,0.05129104,0.94870896
IWN,1,0.04462912,0.95537088
IWN,1,0.08950141,0.91049859
IWN,1,0.04911740,0.95088260
IWN,1,0.07457959,0.92542041
IWN,1,0.05172607,0.94827393
IWN,1,0.15188230,0.84811770
IWN,1,0.04575702,0.95424298
IWN,1,0.04731657,0.95268343
IWN,1,0.04550905,0.95449095
IWN,1,0.06066148,0.93933852
IWN,1,0.04492883,0.95507117
IWN,1,0.07681922,0.92318078
IWN,1,0.04506405,0.95493595
IWN,1,0.04464111,0.95535889
IWN,1,0.13745874,0.86254126
IWN,1,0.04596487,0.95403513
IWN,1,0.04638390,0.95361610
IWN,1,0.07978602,0.92021398
IWN,1,0.04516827,0.95483173
IWN,1,0.04502956,0.95497044
IWN,1,0.04769525,0.95230475
IWN,1,0.04814241,0.95185759
IWN,1,0.05573897,0.94426103
IWN,1,0.04823009,0.95176991
IWN,1,0.04991441,0.95008559
IWN,1,0.04707963,0.95292037
IWN,1,0.04472958,0.95527042
IWN,1,0.04458044,0.95541956
IWN,1,0.05257607,0.94742393
IWN,1,0.04502075,0.95497925
IWN,1,0.11194550,0.88805450
IWN,1,0.06037723,0.93962277
IWN,1,0.04561210,0.95438790
IWN,1,0.04518925,0.95481075
IWN,1,0.04641831,0.95358169
IWN,1,0.04495494,0.95504506
IWN,1,0.05516608,0.94483392
IWN,1,0.06021083,0.93978917
IWN,1,0.06406945,0.93593055
IWN,1,0.17386609,0.82613391
IWN,1,0.04565214,0.95434786
IWN,1,0.04583667,0.95416333
IWN,1,0.06382500,0.93617500
IWN,1,0.04457976,0.95542024
IWN,1,0.04621725,0.95378275
IWN,1,0.05268990,0.94731010
IWN,1,0.04459061,0.95540939
IWN,1,0.04485414,0.95514586
IWN,1,0.04497700,0.95502300
IWN,1,0.06707293,0.93292707
IWN,1,0.04490240,0.95509760
IWN,1,0.06155884,0.93844116
IWN,1,0.04459779,0.95540221
IWN,1,0.04464059,0.95535941
IWN,1,0.04474455,0.95525545
IWN,1,0.04997655,0.95002345
IWN,1,0.06665545,0.93334455
IWN,1,0.06609206,0.93390794
IWN,1,0.04465315,0.95534685
IWN,1,0.05217206,0.94782794
IWN,1,0.04606777,0.95393223
IWN,1,0.04631249,0.95368751
IWN,1,0.05814449,0.94185551
IWN,1,0.06281959,0.93718041
IWN,1,0.04676438,0.95323562
IWN,1,0.04738599,0.95261401
IWN,1,0.04536124,0.95463876
IWN,1,0.08891164,0.91108836
IWN,1,0.04605184,0.95394816
IWN,1,0.04582176,0.95417824
IWN,1,0.04794936,0.95205064
IWN,1,0.05354947,0.94645053
IWN,1,0.04699839,0.95300161
IWN,1,0.06794815,0.93205185
IWN,1,0.04459056,0.95540944
IWN,1,0.04965655,0.95034345
IWN,1,0.04728778,0.95271222
IWN,1,0.05135228,0.94864772
IWN,1,0.04532650,0.95467350
IWN,1,0.04458151,0.95541849
IWN,1,0.29233038,0.70766962
IWN,1,0.04497861,0.95502139
IWN,1,0.04634857,0.95365143
IWN,1,0.05262270,0.94737730
IWN,1,0.04477934,0.95522066
IWN,1,0.04457928,0.95542072
IWN,1,0.07345210,0.92654790
IWN,1,0.04458191,0.95541809
IWN,1,0.06947079,0.93052921
IWN,1,0.05953897,0.94046103
IWN,1,0.04970573,0.95029427
IWN,1,0.05009942,0.94990058
IWN,1,0.04642238,0.95357762
IWN,1,0.05367912,0.94632088
IWN,1,0.05526150,0.94473850
IWN,1,0.04709118,0.95290882
IWN,1,0.04488001,0.95511999
IWN,1,0.08742635,0.91257365
IWN,1,0.10501281,0.89498719
IWN,1,0.05285094,0.94714906
IWN,1,0.05178845,0.94821155
IWN,1,0.05133223,0.94866777
IWN,1,0.04505796,0.95494204
IWN,1,0.04602438,0.95397562
IWN,1,0.05077367,0.94922633
IWN,1,0.04728161,0.95271839
IWN,1,0.04458827,0.95541173
IWN,1,0.05028962,0.94971038
IWN,1,0.05352878,0.94647122
IWN,1,0.08029233,0.91970767
IWN,1,0.04874094,0.95125906
IWN,1,0.04714806,0.95285194
IWN,1,0.04629310,0.95370690
IWN,1,0.06102236,0.93897764
IWN,1,0.05241426,0.94758574
IWN,1,0.04966567,0.95033433
IWN,1,0.06936533,0.93063467
IWN,1,0.17680628,0.82319372
IWN,1,0.06745974,0.93254026
IWN,1,0.95458082,0.04541918
IWN,1,0.10889963,0.89110037
IWN,1,0.26525915,0.73474085
IWN,1,0.16570988,0.83429012
IWN,1,0.06166551,0.93833449
IWN,1,0.04565842,0.95434158
IWN,1,0.50745035,0.49254965
IWN,1,0.07377321,0.92622679
IWN,1,0.04532140,0.95467860
IWN,1,0.06616214,0.93383786
IWN,1,0.15321421,0.84678579
IWN,1,0.05860194,0.94139806
IWN,1,0.04583798,0.95416202
IWN,1,0.04595386,0.95404614
IWN,1,0.04764415,0.95235585
IWN,1,0.07003177,0.92996823
IWN,1,0.07342595,0.92657405
IWN,1,0.04477811,0.95522189
IWN,1,0.10845758,0.89154242
IWN,1,0.04840842,0.95159158
IWN,1,0.08809571,0.91190429
IWN,1,0.04661953,0.95338047
IWN,1,0.04485662,0.95514338
IWN,1,0.04874992,0.95125008
IWN,1,0.17838038,0.82161962
IWN,1,0.04944669,0.95055331
IWN,1,0.06805627,0.93194373
IWN,1,0.04508893,0.95491107
IWN,1,0.06526340,0.93473660
IWN,1,0.47212285,0.52787715
IWN,1,0.04496967,0.95503033
IWN,1,0.11630928,0.88369072
IWN,1,0.10528644,0.89471356
IWN,1,0.04478729,0.95521271
IWN,1,0.04471701,0.95528299
IWN,1,0.06530085,0.93469915
IWN,1,0.06574249,0.93425751
IWN,1,0.15370367,0.84629633
IWN,1,0.04516828,0.95483172
IWN,1,0.04460340,0.95539660
IWN,1,0.05029142,0.94970858
IWN,1,0.09815100,0.90184900
IWN,1,0.05957590,0.94042410
IWN,1,0.05047887,0.94952113
IWN,1,0.05185802,0.94814198
IWN,1,0.10886539,0.89113461
IWN,1,0.38200327,0.61799673
IWN,1,0.05402162,0.94597838
IWN,1,0.05827571,0.94172429
IWN,1,0.13695467,0.86304533
IWN,1,0.05144463,0.94855537
IWN,1,0.04486363,0.95513637
IWN,1,0.04624546,0.95375454
IWN,1,0.04969120,0.95030880
IWN,1,0.08133285,0.91866715
IWN,1,0.04675086,0.95324914
IWN,1,0.05406107,0.94593893
IWN,1,0.17869180,0.82130820
IWN,1,0.05776401,0.94223599
IWN,1,0.06836790,0.93163210
IWN,1,0.05026205,0.94973795
IWN,1,0.09979908,0.90020092
IWN,1,0.04491666,0.95508334
IWN,1,0.04984616,0.95015384
IWN,1,0.04866332,0.95133668
IWN,1,0.05619597,0.94380403
IWN,1,0.04910711,0.95089289
IWN,1,0.04642511,0.95357489
IWN,1,0.04481596,0.95518404
IWN,1,0.05049861,0.94950139
IWN,1,0.09369333,0.90630667
IWN,1,0.09643674,0.90356326
IWN,1,0.05416099,0.94583901
IWN,1,0.11348889,0.88651111
IWN,1,0.06667348,0.93332652
IWN,1,0.05992581,0.94007419
IWN,1,0.04483247,0.95516753
IWN,1,0.19500393,0.80499607
IWN,1,0.05410245,0.94589755
IWN,1,0.09995358,0.90004642
IWN,1,0.09756396,0.90243604
IWN,1,0.06391401,0.93608599
IWN,1,0.10770274,0.89229726
IWN,1,0.04881740,0.95118260
IWN,1,0.07973179,0.92026821
IWN,1,0.09865375,0.90134625
IWN,1,0.04528619,0.95471381
IWN,1,0.04818776,0.95181224
IWN,1,0.06259206,0.93740794
IWN,1,0.06349324,0.93650676
IWN,1,0.09176411,0.90823589
IWN,1,0.19776667,0.80223333
IWN,1,0.04687919,0.95312081
IWN,1,0.07352554,0.92647446
IWN,1,0.48277504,0.51722496
IWN,1,0.13627401,0.86372599
IWN,1,0.04477406,0.95522594
IWN,1,0.04582792,0.95417208
IWN,1,0.55226374,0.44773626
IWN,1,0.06363786,0.93636214
IWN,1,0.12170721,0.87829279
IWN,1,0.07078268,0.92921732
IWN,1,0.04506030,0.95493970
IWN,1,0.04459144,0.95540856
IWN,1,0.24717324,0.75282676
IWN,1,0.30514098,0.69485902
IWN,1,0.33012010,0.66987990
IWN,1,0.05307137,0.94692863
IWN,1,0.05199525,0.94800475
IWN,1,0.66702543,0.33297457
IWN,1,0.04888417,0.95111583
IWN,1,0.19536693,0.80463307
IWN,1,0.04670567,0.95329433
IWN,1,0.04687068,0.95312932
IWN,1,0.15376085,0.84623915
IWN,1,0.05933124,0.94066876
IWN,1,0.05733241,0.94266759
IWN,1,0.04477608,0.95522392
IWN,1,0.09831137,0.90168863
IWN,1,0.16267524,0.83732476
IWN,1,0.20706042,0.79293958
IWN,1,0.07454498,0.92545502
IWN,1,0.04468961,0.95531039
IWN,1,0.04590470,0.95409530
IWN,1,0.06853768,0.93146232
IWN,1,0.05792813,0.94207187
IWN,1,0.05240653,0.94759347
IWN,1,0.07687008,0.92312992
IWN,1,0.04752347,0.95247653
IWN,1,0.04499616,0.95500384
IWN,1,0.17434304,0.82565696
IWN,1,0.08140112,0.91859888
IWN,1,0.08191973,0.91808027
IWN,1,0.05072771,0.94927229
IWN,1,0.07978026,0.92021974
IWN,1,0.27592762,0.72407238
IWN,1,0.04812417,0.95187583
IWN,1,0.04835422,0.95164578
IWN,1,0.17685103,0.82314897
IWN,1,0.04740868,0.95259132
IWN,1,0.07646565,0.92353435
IWN,1,0.05423017,0.94576983
IWN,1,0.15073559,0.84926441
IWN,1,0.05681900,0.94318100
IWN,1,0.04689164,0.95310836
IWN,1,0.04622084,0.95377916
IWN,1,0.14669060,0.85330940
IWN,1,0.04555537,0.95444463
IWN,1,0.04526711,0.95473289
IWN,1,0.31410208,0.68589792
IWN,1,0.04514046,0.95485954
IWN,1,0.04457958,0.95542042
IWN,1,0.04490800,0.95509200
IWN,1,0.06792502,0.93207498
IWN,1,0.07873794,0.92126206
IWN,1,0.05062862,0.94937138
IWN,1,0.08521342,0.91478658
IWN,1,0.05240115,0.94759885
IWN,1,0.04516011,0.95483989
IWN,1,0.07955361,0.92044639
IWN,1,0.15652766,0.84347234
IWN,1,0.04466015,0.95533985
IWN,1,0.04512562,0.95487438
IWN,1,0.05058797,0.94941203
IWN,1,0.05139346,0.94860654
IWN,1,0.04458794,0.95541206
IWN,1,0.06152553,0.93847447
IWN,1,0.06435793,0.93564207
IWN,1,0.04980139,0.95019861
IWN,1,0.07901279,0.92098721
IWN,1,0.05006393,0.94993607
IWN,1,0.06140638,0.93859362
IWN,1,0.05310579,0.94689421
IWN,1,0.05850680,0.94149320
IWN,1,0.10262836,0.89737164
IWN,1,0.04813409,0.95186591
IWN,1,0.04735881,0.95264119
IWN,1,0.05709513,0.94290487
IWN,1,0.04482672,0.95517328
IWN,1,0.06827959,0.93172041
IWN,1,0.05956441,0.94043559
IWN,1,0.04667348,0.95332652
IWN,1,0.05909342,0.94090658
IWN,1,0.06890789,0.93109211
IWN,1,0.11585613,0.88414387
IWN,1,0.04636748,0.95363252
IWN,1,0.05823596,0.94176404
IWN,1,0.09938113,0.90061887
IWN,1,0.04511043,0.95488957
IWN,1,0.15132626,0.84867374
IWN,1,0.05330112,0.94669888
IWN,1,0.04485879,0.95514121
IWN,1,0.05946075,0.94053925
IWN,1,0.04492185,0.95507815
IWN,1,0.05209463,0.94790537
IWN,1,0.04809563,0.95190437
IWN,1,0.04751983,0.95248017
IWN,1,0.06349900,0.93650100
IWN,1,0.04706590,0.95293410
IWN,1,0.06051951,0.93948049
IWN,1,0.04887559,0.95112441
IWN,1,0.07567303,0.92432697
IWN,1,0.06776954,0.93223046
IWN,1,0.04937980,0.95062020
IWN,1,0.04459315,0.95540685
IWN,1,0.04457787,0.95542213
IWN,1,0.04483953,0.95516047
IWN,1,0.06050639,0.93949361
IWN,1,0.04466117,0.95533883
IWN,1,0.04903427,0.95096573
IWN,1,0.16457826,0.83542174
IWN,1,0.89938796,0.10061204
IWN,1,0.90365074,0.09634926
IWN,1,0.07948058,0.92051942
IWN,1,0.25261630,0.74738370
IWN,1,0.19502449,0.80497551
IWN,1,0.04805943,0.95194057
IWN,1,0.12779020,0.87220980
IWN,1,0.05015309,0.94984691
IWN,1,0.04457635,0.95542365
IWN,1,0.29686959,0.70313041
IWN,1,0.08679960,0.91320040
IWN,1,0.13105763,0.86894237
IWN,1,0.04520789,0.95479211
IWN,1,0.04499123,0.95500877
IWN,1,0.04638003,0.95361997
IWN,1,0.04533614,0.95466386
IWN,1,0.04907732,0.95092268
IWN,1,0.04625963,0.95374037
IWN,1,0.04708321,0.95291679
IWN,1,0.05093807,0.94906193
IWN,1,0.04500929,0.95499071
IWN,1,0.05022298,0.94977702
IWN,1,0.04464707,0.95535293
IWN,1,0.04751350,0.95248650
IWN,1,0.04553509,0.95446491
IWN,1,0.04595316,0.95404684
IWN,1,0.08289108,0.91710892
IWN,1,0.06190233,0.93809767
IWN,1,0.04462604,0.95537396
IWN,1,0.13150726,0.86849274
IWN,1,0.04488658,0.95511342
IWN,1,0.04462031,0.95537969
IWN,1,0.05251735,0.94748265
IWN,1,0.04734066,0.95265934
IWN,1,0.04463419,0.95536581
IWN,1,0.06792220,0.93207780
IWN,1,0.05173359,0.94826641
IWN,1,0.04510018,0.95489982
IWN,1,0.05561980,0.94438020
IWN,1,0.04457647,0.95542353
IWN,1,0.04492092,0.95507908
IWN,1,0.05274172,0.94725828
IWN,1,0.05205985,0.94794015
IWN,1,0.04639580,0.95360420
IWN,1,0.04644776,0.95355224
IWN,1,0.05017778,0.94982222
IWN,1,0.04537657,0.95462343
IWN,1,0.04782586,0.95217414
IWN,1,0.04590743,0.95409257
IWN,1,0.06886207,0.93113793
IWN,1,0.04459909,0.95540091
IWN,1,0.05465567,0.94534433
IWN,1,0.04481233,0.95518767
IWN,1,0.68303954,0.31696046
IWN,1,0.06513246,0.93486754
IWN,1,0.17091198,0.82908802
IWN,1,0.04834821,0.95165179
IWN,1,0.06969552,0.93030448
IWN,1,0.04476881,0.95523119
IWN,1,0.05320746,0.94679254
IWN,1,0.04822024,0.95177976
IWN,1,0.09240333,0.90759667
IWN,1,0.13022511,0.86977489
IWN,1,0.05085721,0.94914279
IWN,1,0.06920751,0.93079249
IWN,1,0.04489050,0.95510950
IWN,1,0.06859798,0.93140202
IWN,1,0.07202169,0.92797831
IWN,1,0.06845940,0.93154060
IWN,1,0.04748849,0.95251151
IWN,1,0.04976501,0.95023499
IWN,1,0.05554673,0.94445327
IWN,1,0.04481158,0.95518842
IWN,1,0.05899206,0.94100794
IWN,1,0.07695631,0.92304369
IWN,1,0.10352270,0.89647730
IWN,1,0.04479546,0.95520454
IWN,1,0.06274467,0.93725533
IWN,1,0.04539402,0.95460598
IWN,1,0.04463074,0.95536926
IWN,1,0.05159723,0.94840277
IWN,1,0.05409368,0.94590632
IWN,1,0.04581598,0.95418402
IWN,1,0.04524136,0.95475864
IWN,1,0.05384286,0.94615714
IWN,1,0.05144172,0.94855828
IWN,1,0.05258506,0.94741494
IWN,1,0.06485224,0.93514776
IWN,1,0.04860338,0.95139662
IWN,1,0.04853653,0.95146347
IWN,1,0.07678317,0.92321683
IWN,1,0.07828836,0.92171164
IWN,1,0.04568435,0.95431565
IWN,1,0.04909614,0.95090386
IWN,1,0.29820402,0.70179598
IWN,1,0.04593339,0.95406661
IWN,1,0.68831592,0.31168408
IWN,1,0.18914605,0.81085395
IWN,1,0.34942594,0.65057406
IWN,1,0.13053614,0.86946386
IWN,1,0.04794852,0.95205148
IWN,1,0.04483495,0.95516505
IWN,1,0.04827323,0.95172677
IWN,1,0.05039180,0.94960820
IWN,1,0.05041910,0.94958090
IWN,1,0.07896918,0.92103082
IWN,1,0.05147079,0.94852921
IWN,1,0.04651696,0.95348304
IWN,1,0.07025495,0.92974505
IWN,1,0.04469792,0.95530208
IWN,1,0.04457799,0.95542201
IWN,1,0.04467894,0.95532106
IWN,1,0.04472016,0.95527984
IWN,1,0.15201703,0.84798297
IWN,1,0.07332978,0.92667022
IWN,1,0.07574265,0.92425735
IWN,1,0.12579521,0.87420479
IWN,1,0.04762402,0.95237598
IWN,1,0.06813860,0.93186140
IWN,1,0.04461572,0.95538428
IWN,1,0.09985155,0.90014845
IWN,1,0.05448597,0.94551403
IWN,1,0.04518940,0.95481060
IWN,1,0.05478896,0.94521104
IWN,1,0.06866003,0.93133997
IWN,1,0.04909379,0.95090621
IWN,1,0.05350194,0.94649806
IWN,1,0.04583051,0.95416949
IWN,1,0.04819981,0.95180019
IWN,1,0.06070157,0.93929843
IWN,1,0.04461962,0.95538038
IWN,1,0.04722034,0.95277966
IWN,1,0.05112746,0.94887254
IWN,1,0.11339713,0.88660287
IWN,1,0.09664544,0.90335456
IWN,1,0.04739466,0.95260534
IWN,1,0.08200941,0.91799059
IWN,1,0.06912034,0.93087966
IWN,1,0.04727884,0.95272116
IWN,1,0.07174991,0.92825009
IWN,1,0.05082791,0.94917209
IWN,1,0.08286215,0.91713785
IWN,1,0.04601252,0.95398748
IWN,1,0.05622926,0.94377074
IWN,1,0.04856416,0.95143584
IWN,1,0.04641284,0.95358716
IWN,1,0.10914380,0.89085620
IWN,1,0.07200273,0.92799727
IWN,1,0.04597549,0.95402451
IWN,1,0.04931275,0.95068725
IWN,1,0.10919726,0.89080274
IWN,1,0.04698635,0.95301365
IWN,1,0.04458283,0.95541717
IWN,1,0.04618191,0.95381809
IWN,1,0.10763508,0.89236492
IWN,1,0.05302156,0.94697844
IWN,1,0.05088201,0.94911799
IWN,1,0.04722363,0.95277637
IWN,1,0.08187056,0.91812944
IWN,1,0.06091926,0.93908074
IWN,1,0.04792250,0.95207750
IWN,1,0.04810142,0.95189858
IWN,1,0.04745909,0.95254091
IWN,1,0.04547769,0.95452231
IWN,1,0.04551173,0.95448827
IWN,1,0.05748748,0.94251252
IWN,1,0.04620494,0.95379506
IWN,1,0.04873611,0.95126389
IWN,1,0.04632968,0.95367032
IWN,1,0.05402426,0.94597574
IWN,1,0.10161461,0.89838539
IWN,1,0.17257706,0.82742294
IWN,1,0.09255990,0.90744010
IWN,1,0.04587203,0.95412797
IWN,1,0.05215257,0.94784743
IWN,1,0.05466411,0.94533589
IWN,1,0.06443423,0.93556577
IWN,1,0.05207603,0.94792397
IWN,1,0.04535009,0.95464991
IWN,1,0.04672403,0.95327597
IWN,1,0.04864715,0.95135285
IWN,1,0.08979877,0.91020123
IWN,1,0.04773495,0.95226505
IWN,1,0.04831964,0.95168036
IWN,1,0.05303434,0.94696566
IWN,1,0.59743935,0.40256065
IWN,1,0.04724619,0.95275381
IWN,1,0.05688073,0.94311927
IWN,1,0.04459752,0.95540248
IWN,1,0.04461658,0.95538342
IWN,1,0.06345533,0.93654467
IWN,1,0.04661571,0.95338429
IWN,1,0.07086076,0.92913924
IWN,1,0.04526863,0.95473137
IWN,1,0.07008952,0.92991048
IWN,1,0.04457627,0.95542373
IWN,1,0.07531543,0.92468457
IWN,1,0.06314851,0.93685149
IWN,1,0.04464973,0.95535027
IWN,1,0.04509639,0.95490361
IWN,1,0.06236811,0.93763189
IWN,1,0.09316072,0.90683928
IWN,1,0.09210823,0.90789177
IWN,1,0.07124157,0.92875843
IWN,1,0.04486419,0.95513581
IWN,1,0.04504981,0.95495019
IWN,1,0.08079087,0.91920913
IWN,1,0.04466197,0.95533803
IWN,1,0.08256113,0.91743887
IWN,1,0.06378460,0.93621540
IWN,1,0.05601675,0.94398325
IWN,1,0.04835072,0.95164928
IWN,1,0.11667228,0.88332772
IWN,1,0.04747279,0.95252721
IWN,1,0.05090709,0.94909291
IWN,1,0.04813347,0.95186653
IWN,1,0.04669387,0.95330613
IWN,1,0.05004710,0.94995290
IWN,1,0.04522091,0.95477909
IWN,1,0.04610577,0.95389423
IWN,1,0.04876580,0.95123420
IWN,1,0.05538079,0.94461921
IWN,1,0.05495349,0.94504651
IWN,1,0.05373637,0.94626363
IWN,1,0.04459455,0.95540545
IWN,1,0.44957193,0.55042807
IWN,1,0.04500784,0.95499216
IWN,1,0.04916252,0.95083748
IWN,1,0.05404957,0.94595043
IWN,1,0.05164972,0.94835028
IWN,1,0.04507208,0.95492792
IWN,1,0.04465677,0.95534323
IWN,1,0.04464309,0.95535691
IWN,1,0.05816305,0.94183695
IWN,1,0.04592695,0.95407305
IWN,1,0.15354971,0.84645029
IWN,1,0.04758848,0.95241152
IWN,1,0.04942392,0.95057608
IWN,1,0.04569028,0.95430972
IWN,1,0.04506429,0.95493571
IWN,1,0.11465008,0.88534992
IWN,1,0.09634125,0.90365875
IWN,1,0.04457640,0.95542360
IWN,1,0.04706775,0.95293225
IWN,1,0.05310048,0.94689952
IWN,1,0.04868080,0.95131920
IWN,1,0.04687231,0.95312769
IWN,1,0.04598629,0.95401371
IWN,1,0.07412266,0.92587734
IWN,1,0.06098079,0.93901921
IWN,1,0.04532162,0.95467838
IWN,1,0.04908381,0.95091619
IWN,1,0.04792023,0.95207977
IWN,1,0.04653664,0.95346336
IWN,1,0.08764270,0.91235730
IWN,1,0.04464654,0.95535346
IWN,1,0.04701388,0.95298612
IWN,1,0.08729366,0.91270634
IWN,1,0.05263473,0.94736527
IWN,1,0.08537087,0.91462913
IWN,1,0.05156319,0.94843681
IWN,1,0.04875367,0.95124633
IWN,1,0.04459851,0.95540149
IWN,1,0.05284344,0.94715656
IWN,1,0.04586505,0.95413495
IWN,1,0.04460983,0.95539017
IWN,1,0.04707242,0.95292758
IWN,1,0.04651979,0.95348021
IWN,1,0.06678474,0.93321526
IWN,1,0.04458457,0.95541543
IWN,1,0.04951074,0.95048926
IWN,1,0.04469037,0.95530963
IWN,1,0.07948091,0.92051909
IWN,1,0.05880434,0.94119566
IWN,1,0.04509378,0.95490622
IWN,1,0.04638457,0.95361543
IWN,1,0.04495013,0.95504987
IWN,1,0.04553618,0.95446382
IWN,1,0.06069842,0.93930158
IWN,1,0.05418734,0.94581266
IWN,1,0.05140320,0.94859680
IWN,1,0.04491027,0.95508973
IWN,1,0.04567453,0.95432547
IWN,1,0.06574523,0.93425477
IWN,1,0.11092502,0.88907498
IWN,1,0.04925111,0.95074889
IWN,1,0.09940406,0.90059594
IWN,1,0.05727920,0.94272080
IWN,1,0.04457927,0.95542073
IWN,1,0.16774620,0.83225380
IWN,1,0.04475858,0.95524142
IWN,1,0.04458201,0.95541799
IWN,1,0.05971354,0.94028646
IWN,1,0.04463133,0.95536867
IWN,1,0.04671114,0.95328886
IWN,1,0.05011986,0.94988014
IWN,1,0.04467505,0.95532495
IWN,1,0.04498072,0.95501928
IWN,1,0.04790757,0.95209243
IWN,1,0.05785222,0.94214778
IWN,1,0.05306793,0.94693207
IWN,1,0.07941958,0.92058042
IWN,1,0.04539913,0.95460087
IWN,1,0.04779200,0.95220800
IWN,1,0.04507230,0.95492770
IWN,1,0.07720931,0.92279069
IWN,1,0.06103255,0.93896745
IWN,1,0.04938985,0.95061015
IWN,1,0.04466220,0.95533780
IWN,1,0.04690629,0.95309371
IWN,1,0.05218049,0.94781951
IWN,1,0.04497637,0.95502363
IWN,1,0.04894578,0.95105422
IWN,1,0.04470169,0.95529831
IWN,1,0.04829254,0.95170746
IWN,1,0.05085806,0.94914194
IWN,1,0.04937755,0.95062245
IWN,1,0.13322189,0.86677811
IWN,1,0.04680561,0.95319439
IWN,1,0.04459911,0.95540089
IWN,1,0.07591391,0.92408609
IWN,1,0.04546592,0.95453408
IWN,1,0.04964930,0.95035070
IWN,1,0.04722223,0.95277777
IWN,1,0.04612370,0.95387630
IWN,1,0.04614302,0.95385698
IWN,1,0.04910878,0.95089122
IWN,1,0.04482093,0.95517907
IWN,1,0.04519023,0.95480977
IWN,1,0.04466424,0.95533576
IWN,1,0.04467092,0.95532908
IWN,1,0.04718963,0.95281037
IWN,1,0.04876746,0.95123254
IWN,1,0.04466718,0.95533282
IWN,1,0.04646514,0.95353486
IWN,1,0.05677628,0.94322372
IWN,1,0.04503373,0.95496627
IWN,1,0.04748885,0.95251115
IWN,1,0.04524681,0.95475319
IWN,1,0.05007399,0.94992601
IWN,1,0.07782088,0.92217912
IWN,1,0.04830457,0.95169543
IWN,1,0.04766370,0.95233630
IWN,1,0.04864023,0.95135977
IWN,1,0.04918541,0.95081459
IWN,1,0.04527355,0.95472645
IWN,1,0.08745139,0.91254861
IWN,1,0.04531396,0.95468604
IWN,1,0.04581638,0.95418362
IWN,1,0.04462342,0.95537658
IWN,1,0.04457982,0.95542018
IWN,1,0.04535018,0.95464982
IWN,1,0.04619050,0.95380950
IWN,1,0.07325111,0.92674889
IWN,1,0.05029664,0.94970336
IWN,1,0.05644653,0.94355347
IWN,1,0.05953931,0.94046069
IWN,1,0.04457799,0.95542201
IWN,1,0.04532919,0.95467081
IWN,1,0.04506533,0.95493467
IWN,1,0.14543935,0.85456065
IWN,1,0.06520699,0.93479301
IWN,1,0.04502055,0.95497945
IWN,1,0.04619462,0.95380538
IWN,1,0.04535636,0.95464364
IWN,1,0.07650374,0.92349626
IWN,1,0.05292499,0.94707501
IWN,1,0.04684656,0.95315344
IWN,1,0.04458137,0.95541863
IWN,1,0.04492341,0.95507659
IWN,1,0.04457970,0.95542030
IWN,1,0.04519275,0.95480725
IWN,1,0.07159453,0.92840547
IWN,1,0.08795434,0.91204566
IWN,1,0.09910997,0.90089003
IWN,1,0.06185263,0.93814737
IWN,1,0.04479240,0.95520760
IWN,1,0.04961933,0.95038067
IWN,1,0.04588596,0.95411404
IWN,1,0.04468834,0.95531166
IWN,1,0.04538018,0.95461982
IWN,1,0.04673769,0.95326231
IWN,1,0.05566692,0.94433308
IWN,1,0.05741868,0.94258132
IWN,1,0.04466424,0.95533576
IWN,1,0.04536966,0.95463034
IWN,1,0.04505117,0.95494883
IWN,1,0.04702539,0.95297461
IWN,1,0.04593523,0.95406477
IWN,1,0.04458757,0.95541243
IWN,1,0.16184184,0.83815816
IWN,1,0.04714535,0.95285465
IWN,1,0.07329978,0.92670022
IWN,1,0.06042149,0.93957851
IWN,1,0.05782244,0.94217756
IWN,1,0.07307831,0.92692169
IWN,1,0.04733135,0.95266865
IWN,1,0.04486311,0.95513689
IWN,1,0.04944167,0.95055833
IWN,1,0.04561560,0.95438440
IWN,1,0.04460876,0.95539124
IWN,1,0.05757118,0.94242882
IWN,1,0.05928509,0.94071491
IWN,1,0.04804331,0.95195669
IWN,1,0.04521380,0.95478620
IWN,1,0.15811565,0.84188435
IWN,1,0.96310642,0.03689358
IWN,1,0.06040363,0.93959637
IWN,1,0.04468707,0.95531293
IWN,1,0.45474824,0.54525176
IWN,1,0.06545763,0.93454237
IWN,1,0.05586733,0.94413267
IWN,1,0.04524270,0.95475730
IWN,1,0.10606924,0.89393076
IWN,1,0.06195637,0.93804363
IWN,1,0.04989847,0.95010153
IWN,1,0.06921338,0.93078662
IWN,1,0.04473393,0.95526607
IWN,1,0.04589792,0.95410208
IWN,1,0.07684409,0.92315591
IWN,1,0.05202010,0.94797990
IWN,1,0.11848102,0.88151898
IWN,1,0.15243473,0.84756527
IWN,1,0.04475950,0.95524050
IWN,1,0.07515179,0.92484821
IWN,1,0.07020902,0.92979098
IWN,1,0.06837992,0.93162008
IWN,1,0.05214035,0.94785965
IWN,1,0.04944724,0.95055276
IWN,1,0.10853544,0.89146456
IWN,1,0.04664303,0.95335697
IWN,1,0.04709581,0.95290419
IWN,1,0.05521789,0.94478211
IWN,1,0.04712196,0.95287804
IWN,1,0.05428660,0.94571340
IWN,1,0.05424394,0.94575606
IWN,1,0.04715092,0.95284908
IWN,1,0.04966490,0.95033510
IWN,1,0.21887964,0.78112036
IWN,1,0.30678410,0.69321590
IWN,1,0.18067354,0.81932646
IWN,1,0.10100497,0.89899503
IWN,1,0.04749845,0.95250155
IWN,1,0.05498402,0.94501598
IWN,1,0.19985652,0.80014348
IWN,1,0.08523461,0.91476539
IWN,1,0.07947772,0.92052228
IWN,1,0.06242247,0.93757753
IWN,1,0.13544771,0.86455229
IWN,1,0.04750417,0.95249583
IWN,1,0.14777001,0.85222999
IWN,1,0.04546312,0.95453688
IWN,1,0.04992981,0.95007019
IWN,1,0.04610655,0.95389345
IWN,1,0.06155976,0.93844024
IWN,1,0.05309287,0.94690713
IWN,1,0.04602707,0.95397293
IWN,1,0.04610317,0.95389683
IWN,1,0.04719977,0.95280023
IWN,1,0.04461374,0.95538626
IWN,1,0.04457820,0.95542180
IWN,1,0.04475750,0.95524250
IWN,1,0.04551729,0.95448271
IWN,1,0.04467657,0.95532343
IWN,1,0.06186559,0.93813441
IWN,1,0.04592010,0.95407990
IWN,1,0.04660723,0.95339277
IWN,1,0.04943090,0.95056910
IWN,1,0.07958620,0.92041380
IWN,1,0.05623024,0.94376976
IWN,1,0.04969135,0.95030865
IWN,1,0.04991178,0.95008822
IWN,1,0.04721343,0.95278657
IWN,1,0.04487599,0.95512401
IWN,1,0.04653681,0.95346319
IWN,1,0.04484039,0.95515961
IWN,1,0.06097634,0.93902366
IWN,1,0.05325053,0.94674947
IWN,1,0.04457934,0.95542066
IWN,1,0.06443663,0.93556337
IWN,1,0.04689869,0.95310131
IWN,1,0.04478517,0.95521483
IWN,1,0.04465990,0.95534010
IWN,1,0.04582747,0.95417253
IWN,1,0.04614896,0.95385104
IWN,1,0.11005768,0.88994232
IWN,1,0.05949795,0.94050205
IWN,1,0.04996506,0.95003494
IWN,1,0.05335137,0.94664863
IWN,1,0.04711241,0.95288759
IWN,1,0.05210575,0.94789425
IWN,1,0.04457763,0.95542237
IWN,1,0.04466576,0.95533424
IWN,1,0.04459560,0.95540440
IWN,1,0.04479387,0.95520613
IWN,1,0.05062657,0.94937343
IWN,1,0.04524875,0.95475125
IWN,1,0.04463165,0.95536835
IWN,1,0.04936251,0.95063749
IWN,1,0.04602888,0.95397112
IWN,1,0.05404850,0.94595150
IWN,1,0.05429771,0.94570229
IWN,1,0.04486028,0.95513972
IWN,1,0.07032402,0.92967598
IWN,1,0.04745412,0.95254588
IWN,1,0.08255759,0.91744241
IWN,1,0.04460806,0.95539194
IWN,1,0.04557261,0.95442739
IWN,1,0.05075458,0.94924542
IWN,1,0.04745764,0.95254236
IWN,1,0.07258079,0.92741921
IWN,1,0.05507187,0.94492813
IWN,1,0.05642996,0.94357004
IWN,1,0.04686417,0.95313583
IWN,1,0.05954820,0.94045180
IWN,1,0.04467314,0.95532686
IWN,1,0.04562399,0.95437601
IWN,1,0.04694585,0.95305415
IWN,1,0.04462464,0.95537536
IWN,1,0.04659946,0.95340054
IWN,1,0.05471118,0.94528882
IWN,1,0.04638571,0.95361429
IWN,1,0.04484224,0.95515776
IWN,1,0.05018305,0.94981695
IWN,1,0.04523887,0.95476113
IWN,1,0.05496377,0.94503623
IWN,1,0.08901707,0.91098293
IWN,1,0.04460333,0.95539667
IWN,1,0.05318433,0.94681567
IWN,1,0.04475985,0.95524015
IWN,1,0.04754158,0.95245842
IWN,1,0.04501308,0.95498692
IWN,1,0.04617782,0.95382218
IWN,1,0.04473199,0.95526801
IWN,1,0.04528762,0.95471238
IWN,1,0.04473901,0.95526099
IWN,1,0.04812091,0.95187909
IWN,1,0.04856655,0.95143345
IWN,1,0.06122150,0.93877850
IWN,1,0.06883093,0.93116907
IWN,1,0.05782209,0.94217791
IWN,1,0.05000208,0.94999792
IWN,1,0.04623971,0.95376029
IWN,1,0.07131213,0.92868787
IWN,1,0.04472379,0.95527621
IWN,1,0.04890776,0.95109224
IWN,1,0.04596981,0.95403019
IWN,1,0.04458498,0.95541502
IWN,1,0.04465313,0.95534687
IWN,1,0.04488937,0.95511063
IWN,1,0.04510573,0.95489427
IWN,1,0.04501060,0.95498940
IWN,1,0.05042621,0.94957379
IWN,1,0.04458179,0.95541821
IWN,1,0.04983155,0.95016845
IWN,1,0.04659980,0.95340020
IWN,1,0.04457964,0.95542036
IWN,1,0.04457993,0.95542007
IWN,1,0.04502403,0.95497597
IWN,1,0.04468864,0.95531136
IWN,1,0.04847326,0.95152674
IWN,1,0.04922531,0.95077469
IWN,1,0.04459755,0.95540245
IWN,1,0.04472547,0.95527453
IWN,1,0.06423449,0.93576551
IWN,1,0.04599173,0.95400827
IWN,1,0.05528887,0.94471113
IWN,1,0.04465996,0.95534004
IWN,1,0.06635839,0.93364161
IWN,1,0.04471739,0.95528261
IWN,1,0.04742763,0.95257237
IWN,1,0.07782829,0.92217171
IWN,1,0.04954209,0.95045791
IWN,1,0.05954020,0.94045980
IWN,1,0.06030180,0.93969820
IWN,1,0.05390496,0.94609504
IWN,1,0.04725674,0.95274326
IWN,1,0.04468670,0.95531330
IWN,1,0.27671753,0.72328247
IWN,1,0.32071058,0.67928942
IWN,1,0.05457535,0.94542465
IWN,1,0.05185843,0.94814157
IWN,1,0.21982747,0.78017253
IWN,1,0.04524062,0.95475938
IWN,1,0.14810189,0.85189811
IWN,1,0.05367591,0.94632409
IWN,1,0.05024774,0.94975226
IWN,1,0.05938184,0.94061816
IWN,1,0.81658875,0.18341125
IWN,1,0.13968655,0.86031345
IWN,1,0.06114789,0.93885211
IWN,1,0.04499193,0.95500807
IWN,1,0.14072980,0.85927020
IWN,1,0.04478254,0.95521746
IWN,1,0.09865767,0.90134233
IWN,1,0.04863344,0.95136656
IWN,1,0.04951989,0.95048011
IWN,1,0.04879556,0.95120444
IWN,1,0.07743633,0.92256367
IWN,1,0.04501426,0.95498574
IWN,1,0.08394638,0.91605362
IWN,1,0.09394221,0.90605779
IWN,1,0.04593308,0.95406692
IWN,1,0.05583075,0.94416925
IWN,1,0.06809329,0.93190671
IWN,1,0.04581345,0.95418655
IWN,1,0.06708310,0.93291690
IWN,1,0.18485663,0.81514337
IWN,1,0.06167084,0.93832916
IWN,1,0.04511818,0.95488182
IWN,1,0.06011213,0.93988787
IWN,1,0.05024060,0.94975940
IWN,1,0.15245476,0.84754524
IWN,1,0.04557606,0.95442394
IWN,1,0.04725229,0.95274771
IWN,1,0.05249217,0.94750783
IWN,1,0.96464014,0.03535986
IWN,1,0.04982833,0.95017167
IWN,1,0.09722929,0.90277071
IWN,1,0.06143355,0.93856645
IWN,1,0.04496180,0.95503820
IWN,1,0.05440376,0.94559624
IWN,1,0.07759206,0.92240794
IWN,1,0.09669544,0.90330456
IWN,1,0.19181870,0.80818130
IWN,1,0.04729381,0.95270619
IWN,1,0.21181315,0.78818685
IWN,1,0.08852318,0.91147682
IWN,1,0.24650137,0.75349863
IWN,1,0.32713729,0.67286271
IWN,1,0.95988691,0.04011309
IWN,1,0.04648404,0.95351596
IWN,1,0.04905837,0.95094163
IWN,1,0.05005028,0.94994972
IWN,1,0.05742750,0.94257250
IWN,1,0.06988655,0.93011345
IWN,1,0.76883121,0.23116879
IWN,1,0.07871779,0.92128221
IWN,1,0.11280825,0.88719175
IWN,1,0.05780318,0.94219682
IWN,1,0.04723302,0.95276698
IWN,1,0.04472630,0.95527370
IWN,1,0.05420062,0.94579938
IWN,1,0.04915454,0.95084546
IWN,1,0.06112114,0.93887886
IWN,1,0.05630471,0.94369529
IWN,1,0.06348927,0.93651073
IWN,1,0.08994256,0.91005744
IWN,1,0.04520686,0.95479314
IWN,1,0.05020540,0.94979460
IWN,1,0.07149976,0.92850024
IWN,1,0.04541781,0.95458219
IWN,1,0.04462664,0.95537336
IWN,1,0.05737800,0.94262200
IWN,1,0.04996406,0.95003594
IWN,1,0.04490969,0.95509031
IWN,1,0.06432216,0.93567784
IWN,1,0.04510613,0.95489387
IWN,1,0.04520969,0.95479031
IWN,1,0.04723600,0.95276400
IWN,1,0.04544372,0.95455628
IWN,1,0.05427387,0.94572613
IWN,1,0.05942828,0.94057172
IWN,1,0.04835822,0.95164178
IWN,1,0.04458237,0.95541763
IWN,1,0.10074389,0.89925611
IWN,1,0.04979011,0.95020989
IWN,1,0.05387647,0.94612353
IWN,1,0.04662326,0.95337674
IWN,1,0.05100239,0.94899761
IWN,1,0.04551969,0.95448031
IWN,1,0.05741594,0.94258406
IWN,1,0.04460927,0.95539073
IWN,1,0.04776144,0.95223856
IWN,1,0.04937484,0.95062516
IWN,1,0.04774882,0.95225118
IWN,1,0.05022233,0.94977767
IWN,1,0.16129270,0.83870730
IWN,1,0.07549539,0.92450461
IWN,1,0.04483935,0.95516065
IWN,1,0.10760285,0.89239715
IWN,1,0.04465772,0.95534228
IWN,1,0.04683477,0.95316523
IWN,1,0.04694526,0.95305474
IWN,1,0.04512705,0.95487295
IWN,1,0.05375514,0.94624486
IWN,1,0.06023550,0.93976450
IWN,1,0.06216027,0.93783973
IWN,1,0.05938347,0.94061653
IWN,1,0.78011666,0.21988334
IWN,1,0.04580689,0.95419311
IWN,1,0.08260248,0.91739752
IWN,1,0.04487345,0.95512655
IWN,1,0.05404647,0.94595353
IWN,1,0.04458556,0.95541444
IWN,1,0.08493734,0.91506266
IWN,1,0.04683858,0.95316142
IWN,1,0.04540527,0.95459473
IWN,1,0.06239964,0.93760036
IWN,1,0.06652939,0.93347061
IWN,1,0.04467644,0.95532356
IWN,1,0.08116069,0.91883931
IWN,1,0.07899160,0.92100840
IWN,1,0.04461834,0.95538166
IWN,1,0.04961991,0.95038009
IWN,1,0.04886452,0.95113548
IWN,1,0.04831350,0.95168650
IWN,1,0.04668641,0.95331359
IWN,1,0.04780346,0.95219654
IWN,1,0.05732496,0.94267504
IWN,1,0.09627279,0.90372721
IWN,1,0.04638245,0.95361755
IWN,1,0.06811840,0.93188160
IWN,1,0.05734865,0.94265135
IWN,1,0.04971437,0.95028563
IWN,1,0.04572114,0.95427886
IWN,1,0.05578228,0.94421772
IWN,1,0.04537785,0.95462215
IWN,1,0.15721565,0.84278435
IWN,1,0.04479989,0.95520011
IWN,1,0.13086801,0.86913199
IWN,1,0.05410086,0.94589914
IWN,1,0.04626397,0.95373603
IWN,1,0.04854250,0.95145750
IWN,1,0.53310368,0.46689632
IWN,1,0.06607457,0.93392543
IWN,1,0.04491932,0.95508068
IWN,1,0.04850313,0.95149687
IWN,1,0.08289270,0.91710730
IWN,1,0.05411843,0.94588157
IWN,1,0.06418023,0.93581977
IWN,1,0.06583439,0.93416561
IWN,1,0.16994644,0.83005356
IWN,1,0.05284623,0.94715377
IWN,1,0.06305377,0.93694623
IWN,1,0.05236393,0.94763607
IWN,1,0.05201975,0.94798025
IWN,1,0.08277639,0.91722361
IWN,1,0.05472248,0.94527752
IWN,1,0.27703358,0.72296642
IWN,1,0.04541471,0.95458529
IWN,1,0.04458271,0.95541729
IWN,1,0.04594234,0.95405766
IWN,1,0.04939478,0.95060522
IWN,1,0.04457968,0.95542032
IWN,1,0.04506474,0.95493526
IWN,1,0.06233555,0.93766445
IWN,1,0.05061782,0.94938218
IWN,1,0.04460374,0.95539626
IWN,1,0.07251772,0.92748228
IWN,1,0.04651672,0.95348328
IWN,1,0.04806580,0.95193420
IWN,1,0.05064973,0.94935027
IWN,1,0.09067690,0.90932310
IWN,1,0.04638523,0.95361477
IWN,1,0.04572163,0.95427837
IWN,1,0.11152721,0.88847279
IWN,1,0.07786573,0.92213427
IWN,1,0.04797665,0.95202335
IWN,1,0.05374810,0.94625190
IWN,1,0.05161859,0.94838141
IWN,1,0.05122370,0.94877630
IWN,1,0.06216672,0.93783328
IWN,1,0.04492285,0.95507715
IWN,1,0.04462495,0.95537505
IWN,1,0.05026656,0.94973344
IWN,1,0.05812509,0.94187491
IWN,1,0.05886997,0.94113003
IWN,1,0.04545354,0.95454646
IWN,1,0.06494901,0.93505099
IWN,1,0.04479803,0.95520197
IWN,1,0.04567683,0.95432317
IWN,1,0.04679020,0.95320980
IWN,1,0.06419935,0.93580065
IWN,1,0.12761616,0.87238384
IWN,1,0.07072505,0.92927495
IWN,1,0.06734226,0.93265774
IWN,1,0.05078099,0.94921901
IWN,1,0.07312070,0.92687930
IWN,1,0.05601610,0.94398390
IWN,1,0.22119579,0.77880421
IWN,1,0.06795505,0.93204495
IWN,1,0.60982903,0.39017097
IWN,1,0.04964061,0.95035939
IWN,1,0.04469457,0.95530543
IWN,1,0.22197720,0.77802280
IWN,1,0.07826088,0.92173912
IWN,1,0.07934149,0.92065851
IWN,1,0.05564437,0.94435563
IWN,1,0.55698188,0.44301812
IWN,1,0.04965157,0.95034843
IWN,1,0.24512870,0.75487130
IWN,1,0.08609018,0.91390982
IWN,1,0.05554137,0.94445863
IWN,1,0.05450483,0.94549517
IWN,1,0.04459708,0.95540292
IWN,1,0.73868129,0.26131871
IWN,1,0.06272238,0.93727762
IWN,1,0.11373290,0.88626710
IWN,1,0.07623897,0.92376103
IWN,1,0.17696479,0.82303521
IWN,1,0.04477042,0.95522958
IWN,1,0.07985514,0.92014486
IWN,1,0.05998268,0.94001732
IWN,1,0.21948284,0.78051716
IWN,1,0.04499100,0.95500900
IWN,1,0.24873907,0.75126093
IWN,1,0.13409086,0.86590914
IWN,1,0.18465237,0.81534763
IWN,1,0.04525643,0.95474357
IWN,1,0.04626578,0.95373422
IWN,1,0.04826471,0.95173529
IWN,1,0.05410879,0.94589121
IWN,1,0.05367059,0.94632941
IWN,1,0.05024986,0.94975014
IWN,1,0.04554251,0.95445749
IWN,1,0.04652251,0.95347749
IWN,1,0.07707562,0.92292438
IWN,1,0.08148834,0.91851166
IWN,1,0.06189740,0.93810260
IWN,1,0.04777950,0.95222050
IWN,1,0.04526528,0.95473472
IWN,1,0.13981050,0.86018950
IWN,1,0.06858747,0.93141253
IWN,1,0.04459455,0.95540545
IWN,1,0.06469193,0.93530807
IWN,1,0.04458571,0.95541429
IWN,1,0.11310827,0.88689173
IWN,1,0.04578653,0.95421347
IWN,1,0.04977221,0.95022779
IWN,1,0.11844097,0.88155903
IWN,1,0.04630804,0.95369196
IWN,1,0.06089878,0.93910122
IWN,1,0.04613935,0.95386065
IWN,1,0.06387935,0.93612065
IWN,1,0.04462986,0.95537014
IWN,1,0.06240367,0.93759633
IWN,1,0.04903906,0.95096094
IWN,1,0.04742834,0.95257166
IWN,1,0.04975408,0.95024592
IWN,1,0.04976295,0.95023705
IWN,1,0.05363282,0.94636718
IWN,1,0.04705449,0.95294551
IWN,1,0.04983565,0.95016435
IWN,1,0.05153159,0.94846841
IWN,1,0.11335122,0.88664878
IWN,1,0.06730131,0.93269869
IWN,1,0.04486805,0.95513195
IWN,1,0.05058134,0.94941866
IWN,1,0.04567468,0.95432532
IWN,1,0.04469642,0.95530358
IWN,1,0.04657243,0.95342757
IWN,1,0.04470539,0.95529461
IWN,1,0.05197177,0.94802823
IWN,1,0.04458943,0.95541057
IWN,1,0.04539864,0.95460136
IWN,1,0.04714440,0.95285560
IWN,1,0.04470466,0.95529534
IWN,1,0.04770252,0.95229748
IWN,1,0.04990310,0.95009690
IWN,1,0.04517494,0.95482506
IWN,1,0.15527925,0.84472075
IWN,1,0.04491106,0.95508894
IWN,1,0.05209975,0.94790025
IWN,1,0.05327651,0.94672349
IWN,1,0.05822785,0.94177215
IWN,1,0.05004265,0.94995735
IWN,1,0.05417608,0.94582392
IWN,1,0.04526997,0.95473003
IWN,1,0.08352278,0.91647722
IWN,1,0.04459970,0.95540030
IWN,1,0.04493916,0.95506084
IWN,1,0.04457624,0.95542376
IWN,1,0.07067900,0.92932100
IWN,1,0.05041665,0.94958335
IWN,1,0.05344845,0.94655155
IWN,1,0.05522628,0.94477372
IWN,1,0.04831148,0.95168852
IWN,1,0.04566487,0.95433513
IWN,1,0.04469209,0.95530791
IWN,1,0.04458844,0.95541156
IWN,1,0.04484359,0.95515641
IWN,1,0.04476777,0.95523223
IWN,1,0.04818832,0.95181168
IWN,1,0.04457896,0.95542104
IWN,1,0.04484027,0.95515973
IWN,1,0.04475699,0.95524301
IWN,1,0.04597400,0.95402600
IWN,1,0.04457637,0.95542363
IWN,1,0.04914429,0.95085571
IWN,1,0.04459367,0.95540633
IWN,1,0.04550284,0.95449716
IWN,1,0.05006510,0.94993490
IWN,1,0.05407664,0.94592336
IWN,1,0.04518947,0.95481053
IWN,1,0.04522165,0.95477835
IWN,1,0.07933511,0.92066489
IWN,1,0.04589298,0.95410702
IWN,1,0.06217132,0.93782868
IWN,1,0.04553591,0.95446409
IWN,1,0.04464062,0.95535938
IWN,1,0.08791991,0.91208009
IWN,1,0.08672846,0.91327154
IWN,1,0.04759141,0.95240859
IWN,1,0.05257151,0.94742849
IWN,1,0.04507053,0.95492947
IWN,1,0.20128840,0.79871160
IWN,1,0.05778693,0.94221307
IWN,1,0.07302440,0.92697560
IWN,1,0.17311366,0.82688634
IWN,1,0.04872077,0.95127923
IWN,1,0.08136278,0.91863722
IWN,1,0.04482353,0.95517647
IWN,1,0.05779862,0.94220138
IWN,1,0.05370791,0.94629209
IWN,1,0.04545634,0.95454366
IWN,1,0.04879999,0.95120001
IWN,1,0.04854903,0.95145097
IWN,1,0.04714791,0.95285209
IWN,1,0.05250136,0.94749864
IWN,1,0.06099591,0.93900409
IWN,1,0.64900941,0.35099059
IWN,1,0.87717191,0.12282809
IWN,1,0.12306585,0.87693415
IWN,1,0.94345726,0.05654274
IWN,1,0.12687387,0.87312613
IWN,1,0.45632913,0.54367087
IWN,1,0.18586307,0.81413693
IWN,1,0.30705991,0.69294009
IWN,1,0.90350309,0.09649691
IWN,1,0.25359163,0.74640837
IWN,1,1.00000000,0.00000000
IWN,1,0.39288786,0.60711214
IWN,1,0.99999939,0.00000061
IWN,1,1.00000000,0.00000000
IWN,1,1.00000000,0.00000000
IWN,1,1.00000000,0.00000000
IWN,1,0.99951147,0.00048853
IWN,1,1.00000000,0.00000000
IWN,1,0.99160020,0.00839980
IWN,1,0.99518400,0.00481600
IWN,1,0.37092837,0.62907163
IWN,1,1.00000000,0.00000000
IWN,1,0.26312144,0.73687856
IWN,1,0.99999840,0.00000160
IWN,1,0.78610310,0.21389690
IWN,1,0.09121564,0.90878436
IWN,1,0.04925728,0.95074272
IWN,1,0.99999989,0.00000011
IWN,1,0.04784077,0.95215923
IWN,1,0.85857083,0.14142917
IWN,1,1.00000000,0.00000000
IWN,1,0.07025112,0.92974888
IWN,1,0.99502283,0.00497717
IWN,1,0.99994763,0.00005237
IWN,1,0.71482331,0.28517669
IWN,1,0.06408239,0.93591761
IWN,1,0.99936113,0.00063887
IWN,1,0.11401376,0.88598624
IWN,1,0.99249323,0.00750677
IWN,1,0.14790448,0.85209552
IWN,1,0.17950355,0.82049645
IWN,1,0.05008651,0.94991349
IWN,1,0.07182533,0.92817467
IWN,1,0.08767608,0.91232392
IWN,1,0.99596917,0.00403083
IWN,1,0.48538911,0.51461089
IWN,1,0.99885913,0.00114087
IWN,1,0.91201920,0.08798080
IWN,1,0.98718056,0.01281944
IWN,1,0.04769987,0.95230013
IWN,1,0.04855934,0.95144066
IWN,1,0.21162537,0.78837463
IWN,1,0.10970820,0.89029180
IWN,1,0.99214623,0.00785377
IWN,1,0.18618198,0.81381802
IWN,1,0.98707973,0.01292027
IWN,1,0.98640024,0.01359976
IWN,1,0.04576847,0.95423153
IWN,1,0.06460257,0.93539743
IWN,1,1.00000000,0.00000000
IWN,1,0.25016062,0.74983938
IWN,1,0.81598020,0.18401980
IWN,1,0.04600638,0.95399362
IWN,1,0.04476186,0.95523814
IWN,1,0.97437023,0.02562977
IWN,1,0.99236462,0.00763538
IWN,1,0.41625959,0.58374041
IWN,1,0.08660985,0.91339015
IWN,1,0.05303000,0.94697000
IWN,1,0.06901815,0.93098185
IWN,1,0.87212567,0.12787433
IWN,1,0.06258997,0.93741003
IWN,1,0.99789015,0.00210985
IWN,1,0.62990693,0.37009307
IWN,1,0.32950213,0.67049787
IWN,1,0.98426591,0.01573409
IWN,1,1.00000000,0.00000000
IWN,1,0.36076944,0.63923056
IWN,1,0.14292250,0.85707750
IWN,1,0.46668753,0.53331247
IWN,1,0.38898769,0.61101231
IWN,1,0.04558911,0.95441089
IWN,1,0.06790288,0.93209712
IWN,1,0.04719379,0.95280621
IWN,1,0.04487713,0.95512287
IWN,1,0.93624135,0.06375865
IWN,1,0.10712538,0.89287462
IWN,1,0.35746514,0.64253486
IWN,1,0.97297951,0.02702049
IWN,1,0.09085393,0.90914607
IWN,1,0.15392169,0.84607831
IWN,1,0.04472030,0.95527970
IWN,1,0.06364757,0.93635243
IWN,1,0.49853838,0.50146162
IWN,1,0.04551531,0.95448469
IWN,1,0.61498909,0.38501091
IWN,1,0.51275319,0.48724681
IWN,1,0.04692138,0.95307862
IWN,1,0.09893191,0.90106809
IWN,1,0.97810118,0.02189882
IWN,1,0.04593235,0.95406765
IWN,1,0.04559091,0.95440909
IWN,1,0.11751697,0.88248303
IWN,1,0.52459967,0.47540033
IWN,1,0.04512529,0.95487471
IWN,1,0.05574278,0.94425722
IWN,1,0.10307203,0.89692797
IWN,1,0.04637991,0.95362009
IWN,1,0.04586452,0.95413548
IWN,1,0.41679806,0.58320194
IWN,1,0.06993205,0.93006795
IWN,1,0.07456404,0.92543596
IWN,1,0.06786406,0.93213594
IWN,1,0.06390274,0.93609726
IWN,1,0.25212571,0.74787429
IWN,1,0.04457727,0.95542273
IWN,1,0.29403020,0.70596980
IWN,1,0.20673879,0.79326121
IWN,1,0.04470881,0.95529119
IWN,1,0.04458920,0.95541080
IWN,1,0.06206181,0.93793819
IWN,1,0.04965844,0.95034156
IWN,1,0.04506153,0.95493847
IWN,1,0.13010055,0.86989945
IWN,1,0.04605826,0.95394174
IWN,1,0.05484373,0.94515627
IWN,1,0.05803477,0.94196523
IWN,1,0.26281634,0.73718366
IWN,1,0.04512248,0.95487752
IWN,1,0.07366099,0.92633901
IWN,1,0.05588163,0.94411837
IWN,1,0.05672111,0.94327889
IWN,1,0.11562270,0.88437730
IWN,1,0.06219584,0.93780416
IWN,1,0.06048371,0.93951629
IWN,1,0.13844953,0.86155047
IWN,1,0.04464135,0.95535865
IWN,1,0.27006567,0.72993433
IWN,1,0.05425192,0.94574808
IWN,1,0.09818417,0.90181583
IWN,1,0.04880492,0.95119508
IWN,1,0.21016447,0.78983553
IWN,1,0.04459910,0.95540090
IWN,1,0.07180583,0.92819417
IWN,1,0.05063318,0.94936682
IWN,1,0.05315564,0.94684436
IWN,1,0.99028745,0.00971255
IWN,1,0.04460981,0.95539019
IWN,1,0.75488292,0.24511708
IWN,1,0.04494241,0.95505759
IWN,1,0.07889619,0.92110381
IWN,1,0.70076481,0.29923519
IWN,1,0.05560308,0.94439692
IWN,1,0.04526653,0.95473347
IWN,1,0.11144289,0.88855711
IWN,1,0.12258512,0.87741488
IWN,1,0.35300913,0.64699087
IWN,1,0.04594682,0.95405318
IWN,1,0.18968783,0.81031217
IWN,1,0.12502611,0.87497389
IWN,1,0.04464102,0.95535898
IWN,1,0.05636534,0.94363466
IWN,1,0.10266218,0.89733782
IWN,1,0.05537260,0.94462740
IWN,1,0.09293525,0.90706475
IWN,1,0.04548618,0.95451382
IWN,1,0.07530278,0.92469722
IWN,1,0.05478370,0.94521630
IWN,1,0.04809745,0.95190255
IWN,1,0.20179911,0.79820089
IWN,1,0.05913495,0.94086505
IWN,1,0.34031832,0.65968168
IWN,1,0.16589383,0.83410617
IWN,1,0.85636262,0.14363738
IWN,1,0.09791799,0.90208201
IWN,1,0.05394432,0.94605568
IWN,1,0.29945550,0.70054450
IWN,1,0.51669255,0.48330745
IWN,1,0.18460325,0.81539675
IWN,1,0.63606864,0.36393136
IWN,1,0.07776403,0.92223597
IWN,1,0.99999960,0.00000040
IWN,1,0.59554442,0.40445558
IWN,1,0.07225942,0.92774058
IWN,1,0.22912533,0.77087467
IWN,1,0.45180302,0.54819698
IWN,1,0.84602923,0.15397077
IWN,1,0.04740896,0.95259104
IWN,1,0.08208850,0.91791150
IWN,1,0.04833521,0.95166479
IWN,1,0.04578269,0.95421731
IWN,1,0.31921041,0.68078959
IWN,1,0.75250744,0.24749256
IWN,1,0.05429421,0.94570579
IWN,1,0.04954485,0.95045515
IWN,1,0.56253449,0.43746551
IWN,1,0.08657063,0.91342937
IWN,1,0.05680200,0.94319800
IWN,1,0.05083631,0.94916369
IWN,1,0.49955460,0.50044540
IWN,1,0.04751243,0.95248757
IWN,1,0.06285655,0.93714345
IWN,1,0.04481028,0.95518972
IWN,1,0.04818085,0.95181915
IWN,1,0.05734139,0.94265861
IWN,1,0.04989480,0.95010520
IWN,1,0.46997377,0.53002623
IWN,1,0.04916431,0.95083569
IWN,1,0.05893689,0.94106311
IWN,1,0.07747653,0.92252347
IWN,1,0.05579759,0.94420241
IWN,1,0.04603674,0.95396326
IWN,1,0.11745526,0.88254474
IWN,1,0.04466422,0.95533578
IWN,1,0.04539672,0.95460328
IWN,1,0.12538303,0.87461697
IWN,1,0.07333709,0.92666291
IWN,1,0.04474762,0.95525238
IWN,1,0.08643157,0.91356843
IWN,1,0.19196927,0.80803073
IWN,1,0.99959968,0.00040032
IWN,1,0.07391010,0.92608990
IWN,1,0.06585007,0.93414993
IWN,1,0.04549010,0.95450990
IWN,1,0.19082904,0.80917096
IWN,1,0.06392764,0.93607236
IWN,1,0.18021731,0.81978269
IWN,1,0.09599010,0.90400990
IWN,1,0.05152213,0.94847787
IWN,1,0.04991392,0.95008608
IWN,1,0.07281185,0.92718815
IWN,1,0.07491776,0.92508224
IWN,1,0.04481549,0.95518451
IWN,1,0.04919399,0.95080601
IWN,1,0.07764990,0.92235010
IWN,1,0.05266831,0.94733169
IWN,1,0.08875760,0.91124240
IWN,1,0.23836476,0.76163524
IWN,1,0.05211148,0.94788852
IWN,1,0.05222357,0.94777643
IWN,1,0.20250308,0.79749692
IWN,1,0.07722929,0.92277071
IWN,1,0.44310838,0.55689162
IWN,1,0.04650757,0.95349243
IWN,1,0.04783394,0.95216606
IWN,1,0.04468238,0.95531762
IWN,1,0.04774380,0.95225620
IWN,1,0.04563732,0.95436268
IWN,1,0.05037878,0.94962122
IWN,1,0.11196564,0.88803436
IWN,1,0.18283634,0.81716366
IWN,1,0.08110893,0.91889107
IWN,1,0.04584810,0.95415190
IWN,1,0.44536817,0.55463183
IWN,1,0.70352139,0.29647861
IWN,1,0.05708036,0.94291964
IWN,1,0.81544378,0.18455622
IWN,1,0.07550792,0.92449208
IWN,1,0.04854168,0.95145832
IWN,1,0.12607767,0.87392233
IWN,1,0.35670603,0.64329397
IWN,1,0.29015615,0.70984385
IWN,1,0.05044098,0.94955902
IWN,1,0.33409386,0.66590614
IWN,1,0.08357479,0.91642521
IWN,1,0.09631196,0.90368804
IWN,1,0.04457976,0.95542024
IWN,1,0.15702863,0.84297137
IWN,1,0.05488853,0.94511147
IWN,1,0.23578079,0.76421921
IWN,1,0.04533538,0.95466462
IWN,1,0.14913364,0.85086636
IWN,1,0.97125451,0.02874549
IWN,1,0.11163977,0.88836023
IWN,1,0.40937727,0.59062273
IWN,1,0.27206444,0.72793556
IWN,1,0.35553992,0.64446008
IWN,1,0.11315025,0.88684975
IWN,1,0.04930403,0.95069597
IWN,1,0.07452497,0.92547503
IWN,1,0.04952580,0.95047420
IWN,1,0.04625380,0.95374620
IWN,1,0.07532665,0.92467335
IWN,1,0.04741185,0.95258815
IWN,1,0.04510330,0.95489670
IWN,1,0.04457623,0.95542377
IWN,1,0.05694918,0.94305082
IWN,1,0.07620771,0.92379229
IWN,1,0.04621812,0.95378188
IWN,1,0.04640831,0.95359169
IWN,1,0.05640080,0.94359920
IWN,1,0.39438384,0.60561616
IWN,1,0.19933077,0.80066923
IWN,1,0.05222567,0.94777433
IWN,1,0.15753586,0.84246414
IWN,1,0.05685860,0.94314140
IWN,1,0.04692340,0.95307660
IWN,1,0.04556324,0.95443676
IWN,1,0.04469299,0.95530701
IWN,1,0.07987724,0.92012276
IWN,1,0.07826543,0.92173457
IWN,1,0.04662452,0.95337548
IWN,1,0.04461698,0.95538302
IWN,1,0.05511872,0.94488128
IWN,1,0.07146196,0.92853804
IWN,1,0.11642348,0.88357652
IWN,1,0.05721401,0.94278599
IWN,1,0.74861277,0.25138723
IWN,1,0.23873713,0.76126287
IWN,1,0.26961628,0.73038372
IWN,1,0.05400415,0.94599585
IWN,1,0.07439723,0.92560277
IWN,1,0.07013886,0.92986114
IWN,1,0.04457789,0.95542211
IWN,1,0.04980146,0.95019854
IWN,1,0.05219046,0.94780954
IWN,1,0.08874315,0.91125685
IWN,1,0.15805474,0.84194526
IWN,1,0.10266714,0.89733286
IWN,1,0.04460056,0.95539944
IWN,1,0.13531632,0.86468368
IWN,1,0.05723241,0.94276759
IWN,1,0.05683132,0.94316868
IWN,1,0.04457644,0.95542356
IWN,1,0.06972734,0.93027266
IWN,1,0.06668517,0.93331483
IWN,1,0.05151474,0.94848526
IWN,1,0.10562782,0.89437218
IWN,1,0.06188215,0.93811785
IWN,1,0.05340807,0.94659193
IWN,1,0.04535101,0.95464899
IWN,1,0.04463561,0.95536439
IWN,1,0.23804668,0.76195332
IWN,1,0.65605092,0.34394908
IWN,1,0.28204790,0.71795210
IWN,1,0.04981647,0.95018353
IWN,1,0.04533462,0.95466538
IWN,1,0.09262111,0.90737889
IWN,1,0.04528003,0.95471997
IWN,1,0.08634805,0.91365195
IWN,1,0.05650045,0.94349955
IWN,1,0.04470673,0.95529327
IWN,1,0.06495251,0.93504749
IWN,1,0.07025878,0.92974122
IWN,1,0.14224096,0.85775904
IWN,1,0.06476735,0.93523265
IWN,1,0.06948293,0.93051707
IWN,1,0.25451020,0.74548980
IWN,1,0.04982267,0.95017733
IWN,1,0.18603730,0.81396270
IWN,1,0.07704211,0.92295789
IWN,1,0.04468898,0.95531102
IWN,1,0.10004546,0.89995454
IWN,1,0.27875429,0.72124571
IWN,1,0.51729269,0.48270731
IWN,1,0.14191282,0.85808718
IWN,1,0.15445602,0.84554398
IWN,1,0.04564770,0.95435230
IWN,1,0.06310830,0.93689170
IWN,1,0.05479517,0.94520483
IWN,1,0.06633506,0.93366494
IWN,1,0.06556732,0.93443268
IWN,1,0.05288514,0.94711486
IWN,1,0.05601893,0.94398107
IWN,1,0.05653986,0.94346014
IWN,1,0.16321742,0.83678258
IWN,1,0.12156184,0.87843816
IWN,1,0.07873309,0.92126691
IWN,1,0.05259694,0.94740306
IWN,1,0.05453992,0.94546008
IWN,1,0.05794514,0.94205486
IWN,1,0.04541699,0.95458301
IWN,1,0.05460553,0.94539447
IWN,1,0.05540758,0.94459242
IWN,1,0.06969137,0.93030863
IWN,1,0.06937854,0.93062146
IWN,1,0.07630039,0.92369961
IWN,1,0.11299120,0.88700880
IWN,1,0.10117792,0.89882208
IWN,1,0.06190056,0.93809944
IWN,1,0.05041058,0.94958942
IWN,1,0.07145210,0.92854790
IWN,1,0.40859678,0.59140322
IWN,1,0.04915106,0.95084894
IWN,1,0.04516127,0.95483873
IWN,1,0.04789150,0.95210850
IWN,1,0.04821107,0.95178893
IWN,1,0.04788187,0.95211813
IWN,1,0.04997554,0.95002446
IWN,1,0.06634573,0.93365427
IWN,1,0.04517051,0.95482949
IWN,1,0.06701248,0.93298752
IWN,1,0.05912947,0.94087053
IWN,1,0.09430924,0.90569076
IWN,1,0.07123287,0.92876713
IWN,1,0.04844478,0.95155522
IWN,1,0.04478357,0.95521643
IWN,1,0.18141726,0.81858274
IWN,1,0.04645993,0.95354007
IWN,1,0.08999589,0.91000411
IWN,1,0.16102060,0.83897940
IWN,1,0.04468464,0.95531536
IWN,1,0.17415836,0.82584164
IWN,1,0.09259490,0.90740510
IWN,1,0.04489506,0.95510494
IWN,1,0.06750273,0.93249727
IWN,1,0.13720732,0.86279268
IWN,1,0.04461504,0.95538496
IWN,1,0.04565835,0.95434165
IWN,1,0.05126930,0.94873070
IWN,1,0.08357491,0.91642509
IWN,1,0.04519035,0.95480965
IWN,1,0.04982418,0.95017582
IWN,1,0.04632304,0.95367696
IWN,1,0.04512690,0.95487310
IWN,1,0.07971799,0.92028201
IWN,1,0.04505183,0.95494817
IWN,1,0.04470852,0.95529148
IWN,1,0.04488626,0.95511374
IWN,1,0.06222660,0.93777340
IWN,1,0.04461497,0.95538503
IWN,1,0.04492378,0.95507622
IWN,1,0.06212788,0.93787212
IWN,1,0.05743382,0.94256618
IWN,1,0.20097250,0.79902750
IWN,1,0.10635900,0.89364100
IWN,1,0.04472982,0.95527018
IWN,1,0.33285858,0.66714142
IWN,1,0.05082928,0.94917072
IWN,1,0.11587530,0.88412470
IWN,1,0.04807621,0.95192379
IWN,1,0.15405224,0.84594776
IWN,1,0.04635785,0.95364215
IWN,1,0.05581765,0.94418235
IWN,1,0.06260060,0.93739940
IWN,1,0.05309718,0.94690282
IWN,1,0.04474228,0.95525772
IWN,1,0.04468508,0.95531492
IWN,1,0.04469398,0.95530602
IWN,1,0.07232867,0.92767133
IWN,1,0.04751007,0.95248993
IWN,1,0.06473337,0.93526663
IWN,1,0.04900175,0.95099825
IWN,1,0.04604398,0.95395602
IWN,1,0.04528170,0.95471830
IWN,1,0.95760258,0.04239742
IWN,1,0.04942850,0.95057150
IWN,1,0.28491243,0.71508757
IWN,1,0.20934822,0.79065178
IWN,1,0.56608759,0.43391241
IWN,1,0.07091681,0.92908319
IWN,1,0.21006234,0.78993766
IWN,1,0.09827608,0.90172392
IWN,1,0.05071683,0.94928317
IWN,1,0.11695275,0.88304725
IWN,1,0.04464011,0.95535989
IWN,1,0.09880573,0.90119427
IWN,1,0.05083655,0.94916345
IWN,1,0.06328989,0.93671011
IWN,1,0.06747282,0.93252718
IWN,1,0.04490190,0.95509810
IWN,1,0.09787525,0.90212475
IWN,1,0.48287229,0.51712771
IWN,1,0.07091195,0.92908805
IWN,1,0.05299890,0.94700110
IWN,1,0.06730267,0.93269733
IWN,1,0.04579718,0.95420282
IWN,1,0.04519418,0.95480582
IWN,1,0.04549132,0.95450868
IWN,1,0.04466771,0.95533229
IWN,1,0.07716506,0.92283494
IWN,1,0.05449884,0.94550116
IWN,1,0.24284604,0.75715396
IWN,1,0.05468781,0.94531219
IWN,1,0.04754788,0.95245212
IWN,1,0.04790619,0.95209381
IWN,1,0.05374256,0.94625744
IWN,1,0.04711519,0.95288481
IWN,1,0.04538332,0.95461668
IWN,1,0.05104787,0.94895213
IWN,1,0.33086010,0.66913990
IWN,1,0.13347211,0.86652789
IWN,1,0.20805198,0.79194802
IWN,1,0.10780798,0.89219202
IWN,1,0.12981644,0.87018356
IWN,1,0.04889251,0.95110749
IWN,1,0.08308657,0.91691343
IWN,1,0.21109148,0.78890852
IWN,1,0.08259455,0.91740545
IWN,1,0.18390701,0.81609299
IWN,1,0.06472070,0.93527930
IWN,1,0.05052676,0.94947324
IWN,1,0.09867198,0.90132802
IWN,1,0.04526010,0.95473990
IWN,1,0.04582051,0.95417949
IWN,1,0.09143074,0.90856926
IWN,1,0.08150862,0.91849138
IWN,1,0.07391488,0.92608512
IWN,1,0.04831780,0.95168220
IWN,1,0.04849121,0.95150879
IWN,1,0.25022864,0.74977136
IWN,1,0.04855663,0.95144337
IWN,1,0.13816138,0.86183862
IWN,1,0.05219238,0.94780762
IWN,1,0.08933938,0.91066062
IWN,1,0.10160891,0.89839109
IWN,1,0.09235734,0.90764266
IWN,1,0.36074795,0.63925205
IWN,1,0.04652669,0.95347331
IWN,1,0.15279263,0.84720737
IWN,1,0.37857569,0.62142431
IWN,1,0.04550200,0.95449800
IWN,1,0.06671039,0.93328961
IWN,1,0.21540751,0.78459249
IWN,1,0.04672668,0.95327332
IWN,1,0.17613399,0.82386601
IWN,1,0.04607031,0.95392969
IWN,1,0.06357953,0.93642047
IWN,1,0.06730035,0.93269965
IWN,1,0.05469065,0.94530935
IWN,1,0.26647701,0.73352299
IWN,1,0.06432164,0.93567836
IWN,1,0.04724008,0.95275992
IWN,1,0.04534529,0.95465471
IWN,1,0.05193530,0.94806470
IWN,1,0.09203956,0.90796044
IWN,1,0.05735563,0.94264437
IWN,1,0.06345418,0.93654582
IWN,1,0.04516116,0.95483884
IWN,1,0.19404555,0.80595445
IWN,1,0.12190543,0.87809457
IWN,1,0.07387477,0.92612523
IWN,1,0.05540918,0.94459082
IWN,1,0.04474238,0.95525762
IWN,1,0.26313474,0.73686526
IWN,1,0.06638760,0.93361240
IWN,1,0.04973749,0.95026251
IWN,1,0.04644298,0.95355702
IWN,1,0.05278198,0.94721802
IWN,1,0.04738202,0.95261798
IWN,1,0.14554808,0.85445192
IWN,1,0.04645972,0.95354028
IWN,1,0.04590296,0.95409704
IWN,1,0.13790564,0.86209436
IWN,1,0.05512467,0.94487533
IWN,1,0.15030557,0.84969443
IWN,1,0.38997185,0.61002815
IWN,1,0.04473993,0.95526007
IWN,1,0.41239534,0.58760466
IWN,1,0.04660774,0.95339226
IWN,1,0.15088380,0.84911620
IWN,1,0.46734560,0.53265440
IWN,1,0.04523305,0.95476695
IWN,1,0.09910001,0.90089999
IWN,1,0.44492485,0.55507515
IWN,1,0.77985840,0.22014160
IWN,1,0.07697846,0.92302154
IWN,1,0.88649155,0.11350845
IWN,1,0.05136537,0.94863463
IWN,1,0.11887410,0.88112590
IWN,1,0.05194242,0.94805758
IWN,1,0.19519621,0.80480379
IWN,1,0.04588668,0.95411332
IWN,1,0.57642313,0.42357687
IWN,1,0.64226706,0.35773294
IWN,1,0.04774580,0.95225420
IWN,1,0.04640472,0.95359528
IWN,1,0.09796241,0.90203759
IWN,1,0.05730989,0.94269011
IWN,1,0.15306524,0.84693476
IWN,1,0.17268055,0.82731945
IWN,1,0.29544053,0.70455947
IWN,1,0.06216864,0.93783136
IWN,1,0.04554321,0.95445679
IWN,1,0.12808906,0.87191094
IWN,1,0.05050376,0.94949624
IWN,1,0.05012647,0.94987353
IWN,1,0.10050580,0.89949420
IWN,1,0.12204509,0.87795491
IWN,1,0.18554155,0.81445845
IWN,1,0.34285906,0.65714094
IWN,1,0.99759714,0.00240286
IWN,1,0.05167028,0.94832972
IWN,1,0.07151127,0.92848873
IWN,1,0.99418084,0.00581916
IWN,1,0.04465623,0.95534377
IWN,1,0.11714013,0.88285987
IWN,1,0.04967632,0.95032368
IWN,1,0.04457630,0.95542370
IWN,1,0.46167918,0.53832082
IWN,1,0.05025130,0.94974870
IWN,1,0.10540645,0.89459355
IWN,1,0.07695607,0.92304393
IWN,1,0.05058323,0.94941677
IWN,1,0.09336697,0.90663303
IWN,1,0.04647367,0.95352633
IWN,1,0.05965065,0.94034935
IWN,1,0.12700987,0.87299013
IWN,1,0.04459126,0.95540874
IWN,1,0.13077225,0.86922775
IWN,1,0.04479117,0.95520883
IWN,1,0.04602206,0.95397794
IWN,1,0.07599509,0.92400491
IWN,1,0.20241157,0.79758843
IWN,1,0.04466681,0.95533319
IWN,1,0.79048449,0.20951551
IWN,1,0.09284870,0.90715130
IWN,1,0.04517405,0.95482595
IWN,1,0.08087689,0.91912311
IWN,1,0.05387604,0.94612396
IWN,1,0.04761463,0.95238537
IWN,1,0.21033045,0.78966955
IWN,1,0.08009604,0.91990396
IWN,1,0.05281004,0.94718996
IWN,1,0.04467026,0.95532974
IWN,1,0.05008452,0.94991548
IWN,1,0.07369122,0.92630878
IWN,1,0.04567464,0.95432536
IWN,1,0.05029730,0.94970270
IWN,1,0.06633122,0.93366878
IWN,1,0.05884991,0.94115009
IWN,1,0.27985023,0.72014977
IWN,1,0.05324936,0.94675064
IWN,1,0.19557931,0.80442069
IWN,1,0.04842712,0.95157288
IWN,1,0.04533869,0.95466131
IWN,1,0.11971319,0.88028681
IWN,1,0.04627594,0.95372406
IWN,1,0.18056164,0.81943836
IWN,1,0.30511668,0.69488332
IWN,1,0.04465742,0.95534258
IWN,1,0.04836595,0.95163405
IWN,1,0.10676699,0.89323301
IWN,1,0.61652723,0.38347277
IWN,1,0.06895516,0.93104484
IWN,1,0.10007524,0.89992476
IWN,1,0.05585551,0.94414449
IWN,1,0.05986362,0.94013638
IWN,1,0.05494229,0.94505771
IWN,1,0.07801331,0.92198669
IWN,1,0.15022106,0.84977894
IWN,1,0.05313343,0.94686657
IWN,1,0.18802166,0.81197834
IWN,1,0.08780436,0.91219564
IWN,1,0.92822413,0.07177587
IWN,1,0.04466788,0.95533212
IWN,1,0.04922486,0.95077514
IWN,1,0.06739495,0.93260505
IWN,1,0.06780803,0.93219197
IWN,1,0.08266815,0.91733185
IWN,1,0.10907936,0.89092064
IWN,1,0.20417527,0.79582473
IWN,1,0.35281970,0.64718030
IWN,1,0.13964173,0.86035827
IWN,1,0.04587062,0.95412938
IWN,1,0.42158578,0.57841422
IWN,1,0.31735543,0.68264457
IWN,1,0.05574083,0.94425917
IWN,1,0.33634502,0.66365498
IWN,1,0.95850797,0.04149203
IWN,1,0.05602077,0.94397923
IWN,1,0.05467166,0.94532834
IWN,1,0.37687734,0.62312266
IWN,1,0.04807426,0.95192574
IWN,1,0.04698135,0.95301865
IWN,1,0.04512703,0.95487297
IWN,1,0.47138612,0.52861388
IWN,1,0.21959118,0.78040882
IWN,1,0.50238383,0.49761617
IWN,1,0.08119207,0.91880793
IWN,1,0.10317680,0.89682320
IWN,1,0.10437417,0.89562583
IWN,1,0.22560677,0.77439323
IWN,1,0.05276967,0.94723033
IWN,1,0.31130202,0.68869798
IWN,1,0.05003659,0.94996341
IWN,1,0.04861843,0.95138157
IWN,1,0.26040857,0.73959143
IWN,1,0.04559931,0.95440069
IWN,1,0.04515932,0.95484068
IWN,1,0.64163176,0.35836824
IWN,1,0.05523045,0.94476955
IWN,1,0.14081008,0.85918992
IWN,1,0.04925468,0.95074532
IWN,1,0.04464600,0.95535400
IWN,1,0.25651400,0.74348600
IWN,1,0.99980827,0.00019173
IWN,1,0.06041770,0.93958230
IWN,1,0.06842085,0.93157915
IWN,1,0.06666484,0.93333516
IWN,1,0.12646145,0.87353855
IWN,1,0.05708800,0.94291200
IWN,1,0.05055085,0.94944915
IWN,1,0.04496018,0.95503982
IWN,1,0.06942023,0.93057977
IWN,1,0.04459019,0.95540981
IWN,1,0.04588350,0.95411650
IWN,1,0.18386095,0.81613905
IWN,1,0.04876138,0.95123862
IWN,1,0.29340374,0.70659626
IWN,1,0.04617453,0.95382547
IWN,1,0.04945956,0.95054044
IWN,1,0.45970020,0.54029980
IWN,1,0.07354976,0.92645024
IWN,1,0.04963418,0.95036582
IWN,1,0.05099568,0.94900432
IWN,1,0.06786401,0.93213599
IWN,1,0.05828213,0.94171787
IWN,1,0.04711642,0.95288358
IWN,1,0.05121852,0.94878148
IWN,1,0.28197144,0.71802856
IWN,1,0.06171713,0.93828287
IWN,1,0.06685236,0.93314764
IWN,1,0.04602349,0.95397651
IWN,1,0.10028117,0.89971883
IWN,1,0.06494286,0.93505714
IWN,1,0.05047913,0.94952087
IWN,1,0.04684272,0.95315728
IWN,1,0.11689714,0.88310286
IWN,1,0.25398462,0.74601538
IWN,1,0.04611672,0.95388328
IWN,1,0.04635366,0.95364634
IWN,1,0.08967704,0.91032296
IWN,1,0.06037843,0.93962157
IWN,1,0.22620977,0.77379023
IWN,1,0.04464535,0.95535465
IWN,1,0.07864787,0.92135213
IWN,1,0.08216256,0.91783744
IWN,1,0.13121131,0.86878869
IWN,1,0.04992260,0.95007740
IWN,1,0.04546662,0.95453338
IWN,1,0.13681129,0.86318871
IWN,1,0.05729524,0.94270476
IWN,1,0.11007590,0.88992410
IWN,1,0.06334216,0.93665784
IWN,1,0.04462644,0.95537356
IWN,1,0.04649077,0.95350923
IWN,1,0.04910398,0.95089602
IWN,1,0.05179175,0.94820825
IWN,1,0.06854582,0.93145418
IWN,1,0.31715069,0.68284931
IWN,1,0.08304188,0.91695812
IWN,1,0.19419072,0.80580928
IWN,1,0.04606165,0.95393835
IWN,1,0.09415162,0.90584838
IWN,1,0.04830859,0.95169141
IWN,1,0.09151077,0.90848923
IWN,1,0.11155791,0.88844209
IWN,1,0.04523969,0.95476031
IWN,1,0.07317711,0.92682289
IWN,1,0.04538527,0.95461473
IWN,1,0.06084734,0.93915266
IWN,1,0.05448582,0.94551418
IWN,1,0.04540810,0.95459190
IWN,1,0.51201104,0.48798896
IWN,1,0.04485991,0.95514009
IWN,1,0.04924935,0.95075065
IWN,1,0.06412016,0.93587984
IWN,1,0.04559747,0.95440253
IWN,1,0.04459590,0.95540410
IWN,1,0.04533385,0.95466615
IWN,1,0.04512231,0.95487769
IWN,1,0.07997401,0.92002599
IWN,1,0.10585615,0.89414385
IWN,1,0.08878572,0.91121428
IWN,1,0.04460049,0.95539951
IWN,1,0.69268138,0.30731862
IWN,1,0.52250732,0.47749268
IWN,1,0.32289074,0.67710926
IWN,1,0.10719036,0.89280964
IWN,1,0.10212477,0.89787523
IWN,1,0.07748168,0.92251832
IWN,1,0.62005132,0.37994868
IWN,1,0.05891637,0.94108363
IWN,1,0.20705949,0.79294051
IWN,1,0.63098952,0.36901048
IWN,1,0.06286888,0.93713112
IWN,1,0.06989136,0.93010864
IWN,1,0.07117686,0.92882314
IWN,1,0.04461485,0.95538515
IWN,1,0.06403655,0.93596345
IWN,1,0.04566746,0.95433254
IWN,1,0.13766840,0.86233160
IWN,1,0.04460996,0.95539004
IWN,1,0.17486930,0.82513070
IWN,1,0.05383980,0.94616020
IWN,1,0.04523552,0.95476448
IWN,1,0.05970318,0.94029682
IWN,1,0.05460468,0.94539532
IWN,1,0.05322993,0.94677007
IWN,1,0.07073644,0.92926356
IWN,1,0.06500865,0.93499135
IWN,1,0.07420719,0.92579281
IWN,1,0.05139621,0.94860379
IWN,1,0.04785735,0.95214265
IWN,1,0.05344029,0.94655971
IWN,1,0.04499798,0.95500202
IWN,1,0.04501665,0.95498335
IWN,1,0.33619177,0.66380823
IWN,1,0.06890148,0.93109852
IWN,1,0.09911922,0.90088078
IWN,1,0.06147853,0.93852147
IWN,1,0.04499158,0.95500842
IWN,1,0.29286553,0.70713447
IWN,1,0.04461644,0.95538356
IWN,1,0.07258795,0.92741205
IWN,1,0.30811512,0.69188488
IWN,1,0.04562068,0.95437932
IWN,1,0.04699434,0.95300566
IWN,1,0.04552028,0.95447972
IWN,1,0.05177109,0.94822891
IWN,1,0.04529058,0.95470942
IWN,1,0.07311497,0.92688503
IWN,1,0.10729826,0.89270174
IWN,1,0.46086636,0.53913364
IWN,1,0.05062206,0.94937794
IWN,1,0.05657457,0.94342543
IWN,1,0.07857483,0.92142517
IWN,1,0.04470290,0.95529710
IWN,1,0.08710774,0.91289226
IWN,1,0.06099974,0.93900026
IWN,1,0.06160124,0.93839876
IWN,1,0.04514109,0.95485891
IWN,1,0.08343339,0.91656661
IWN,1,0.06038583,0.93961417
IWN,1,0.96873061,0.03126939
IWN,1,0.09646644,0.90353356
IWN,1,0.56678813,0.43321187
IWN,1,0.34043250,0.65956750
IWN,1,0.05000046,0.94999954
IWN,1,0.06056501,0.93943499
IWN,1,0.04518283,0.95481717
IWN,1,0.07135076,0.92864924
IWN,1,0.06994256,0.93005744
IWN,1,0.05623437,0.94376563
IWN,1,0.05401966,0.94598034
IWN,1,0.05315777,0.94684223
IWN,1,0.04728630,0.95271370
IWN,1,0.06970964,0.93029036
IWN,1,0.09296149,0.90703851
IWN,1,0.04660977,0.95339023
IWN,1,0.10419704,0.89580296
IWN,1,0.04694866,0.95305134
IWN,1,0.09162149,0.90837851
IWN,1,0.04473654,0.95526346
IWN,1,0.05799350,0.94200650
IWN,1,0.07281188,0.92718812
IWN,1,0.15224538,0.84775462
IWN,1,0.08798230,0.91201770
IWN,1,0.09551488,0.90448512
IWN,1,0.07215612,0.92784388
IWN,1,0.08440405,0.91559595
IWN,1,0.05532321,0.94467679
IWN,1,0.07731759,0.92268241
IWN,1,0.05671885,0.94328115
IWN,1,0.11489170,0.88510830
IWN,1,0.06752880,0.93247120
IWN,1,0.05241108,0.94758892
IWN,1,0.04824207,0.95175793
IWN,1,0.05096319,0.94903681
IWN,1,0.04601244,0.95398756
IWN,1,0.07911990,0.92088010
IWN,1,0.08253205,0.91746795
IWN,1,0.07691898,0.92308102
IWN,1,0.06455457,0.93544543
IWN,1,0.04594441,0.95405559
IWN,1,0.07136704,0.92863296
IWN,1,0.04528420,0.95471580
IWN,1,0.04460339,0.95539661
IWN,1,0.04722802,0.95277198
IWN,1,0.04783245,0.95216755
IWN,1,0.05016335,0.94983665
IWN,1,0.05406845,0.94593155
IWN,1,0.04521125,0.95478875
IWN,1,0.04952015,0.95047985
IWN,1,0.11394311,0.88605689
IWN,1,0.07722293,0.92277707
IWN,1,0.05481596,0.94518404
IWN,1,0.04619995,0.95380005
IWN,1,0.04812916,0.95187084
IWN,1,0.05387636,0.94612364
IWN,1,0.06467031,0.93532969
IWN,1,0.06173087,0.93826913
IWN,1,0.04474010,0.95525990
IWN,1,0.06604978,0.93395022
IWN,1,0.08329367,0.91670633
IWN,1,0.04531742,0.95468258
IWN,1,0.04487110,0.95512890
IWN,1,0.08730702,0.91269298
IWN,1,0.27405646,0.72594354
IWN,1,0.05392420,0.94607580
IWN,1,0.05899759,0.94100241
IWN,1,0.04466637,0.95533363
IWN,1,0.04514724,0.95485276
IWN,1,0.04495920,0.95504080
IWN,1,0.05318673,0.94681327
IWN,1,0.12345098,0.87654902
IWN,1,0.06035447,0.93964553
IWN,1,0.05765806,0.94234194
IWN,1,0.04619614,0.95380386
IWN,1,0.06093946,0.93906054
IWN,1,0.09441908,0.90558092
IWN,1,0.04864792,0.95135208
IWN,1,0.05302751,0.94697249
IWN,1,0.09783840,0.90216160
IWN,1,0.05737239,0.94262761
IWN,1,0.05995887,0.94004113
IWN,1,0.04730566,0.95269434
IWN,1,0.15222479,0.84777521
IWN,1,0.12063400,0.87936600
IWN,1,0.04474790,0.95525210
IWN,1,0.04564593,0.95435407
IWN,1,0.05114840,0.94885160
IWN,1,0.05657935,0.94342065
IWN,1,0.06984866,0.93015134
IWN,1,0.04556407,0.95443593
IWN,1,0.16677574,0.83322426
IWN,1,0.06038929,0.93961071
IWN,1,0.09519106,0.90480894
IWN,1,0.08224831,0.91775169
IWN,1,0.19695802,0.80304198
IWN,1,0.10550789,0.89449211
IWN,1,0.08563537,0.91436463
IWN,1,0.06282616,0.93717384
IWN,1,0.04745306,0.95254694
IWN,1,0.07370844,0.92629156
IWN,1,0.05186542,0.94813458
IWN,1,0.08474565,0.91525435
IWN,1,0.05301755,0.94698245
IWN,1,0.05637027,0.94362973
IWN,1,0.05472937,0.94527063
IWN,1,0.74140472,0.25859528
IWN,1,0.51644552,0.48355448
IWN,1,0.07765235,0.92234765
IWN,1,0.05917304,0.94082696
IWN,1,0.07014838,0.92985162
IWN,1,0.10935950,0.89064050
IWN,1,0.05473878,0.94526122
IWN,1,0.04459822,0.95540178
IWN,1,0.99986532,0.00013468
IWN,1,0.05058031,0.94941969
IWN,1,0.12937208,0.87062792
IWN,1,0.09502453,0.90497547
IWN,1,0.04659137,0.95340863
IWN,1,0.08364619,0.91635381
IWN,1,0.05033879,0.94966121
IWN,1,0.05010783,0.94989217
IWN,1,0.04621672,0.95378328
IWN,1,0.04574518,0.95425482
IWN,1,0.04975453,0.95024547
IWN,1,0.04705093,0.95294907
IWN,1,0.74530880,0.25469120
IWN,1,0.07997835,0.92002165
IWN,1,0.09699461,0.90300539
IWN,1,0.04569825,0.95430175
IWN,1,0.06672079,0.93327921
IWN,1,0.05277953,0.94722047
IWN,1,0.04460554,0.95539446
IWN,1,0.04787618,0.95212382
IWN,1,0.93892864,0.06107136
IWN,1,0.61034094,0.38965906
IWN,1,0.05559548,0.94440452
IWN,1,0.04496320,0.95503680
IWN,1,0.19911995,0.80088005
IWN,1,0.12373522,0.87626478
IWN,1,0.10615696,0.89384304
IWN,1,0.05647772,0.94352228
IWN,1,0.08825023,0.91174977
IWN,1,0.04480486,0.95519514
IWN,1,0.04613520,0.95386480
IWN,1,0.10680904,0.89319096
IWN,1,0.04741137,0.95258863
IWN,1,0.39193128,0.60806872
IWN,1,0.04673403,0.95326597
IWN,1,0.04553294,0.95446706
IWN,1,0.09196683,0.90803317
IWN,1,0.07710309,0.92289691
IWN,1,0.04473120,0.95526880
IWN,1,0.05604536,0.94395464
IWN,1,0.04491964,0.95508036
IWN,1,0.11925676,0.88074324
IWN,1,0.06189537,0.93810463
IWN,1,0.05547009,0.94452991
IWN,1,0.07047710,0.92952290
IWN,1,0.20500602,0.79499398
IWN,1,0.04827151,0.95172849
IWN,1,0.05534766,0.94465234
IWN,1,0.06326308,0.93673692
IWN,1,0.04547828,0.95452172
IWN,1,0.08324785,0.91675215
IWN,1,0.05027546,0.94972454
IWN,1,0.49505904,0.50494096
IWN,1,0.05664733,0.94335267
IWN,1,0.05666894,0.94333106
IWN,1,0.10829278,0.89170722
IWN,1,0.05295820,0.94704180
IWN,1,0.04612457,0.95387543
IWN,1,0.08300307,0.91699693
IWN,1,0.07927289,0.92072711
IWN,1,0.20110380,0.79889620
IWN,1,0.97749468,0.02250532
IWN,1,0.13916265,0.86083735
IWN,1,0.50321102,0.49678898
IWN,1,0.06403606,0.93596394
IWN,1,0.07940089,0.92059911
IWN,1,0.04479368,0.95520632
IWN,1,0.04459199,0.95540801
IWN,1,0.04540499,0.95459501
IWN,1,0.04557274,0.95442726
IWN,1,0.06571789,0.93428211
IWN,1,0.05232177,0.94767823
IWN,1,0.05919072,0.94080928
IWN,1,0.05531010,0.94468990
IWN,1,0.05151379,0.94848621
IWN,1,0.04577351,0.95422649
IWN,1,0.04776159,0.95223841
IWN,1,0.05501019,0.94498981
IWN,1,0.04513468,0.95486532
IWN,1,0.04828415,0.95171585
IWN,1,0.04856964,0.95143036
IWN,1,0.04530981,0.95469019
IWN,1,0.15829557,0.84170443
IWN,1,0.04814421,0.95185579
IWN,1,0.04896464,0.95103536
IWN,1,0.05724229,0.94275771
IWN,1,0.24438660,0.75561340
IWN,1,0.08472765,0.91527235
IWN,1,0.09823232,0.90176768
IWN,1,0.04462741,0.95537259
IWN,1,0.04695080,0.95304920
IWN,1,0.32794179,0.67205821
IWN,1,0.05408337,0.94591663
IWN,1,0.06868653,0.93131347
IWN,1,0.13702596,0.86297404
IWN,1,0.05037700,0.94962300
IWN,1,0.05580432,0.94419568
IWN,1,0.04697202,0.95302798
IWN,1,0.05044664,0.94955336
IWN,1,0.04971740,0.95028260
IWN,1,0.70254889,0.29745111
IWN,1,0.04941601,0.95058399
IWN,1,0.09492579,0.90507421
IWN,1,0.08022617,0.91977383
IWN,1,0.06177612,0.93822388
IWN,1,0.06065636,0.93934364
IWN,1,0.04504646,0.95495354
IWN,1,0.06463657,0.93536343
IWN,1,0.07682954,0.92317046
IWN,1,0.10589301,0.89410699
IWN,1,0.04553714,0.95446286
IWN,1,0.05489886,0.94510114
IWN,1,0.05117252,0.94882748
IWN,1,0.05175237,0.94824763
IWN,1,0.17919278,0.82080722
IWN,1,0.04784374,0.95215626
IWN,1,0.19686000,0.80314000
IWN,1,0.06285816,0.93714184
IWN,1,0.06337811,0.93662189
IWN,1,0.04459020,0.95540980
IWN,1,0.04505411,0.95494589
IWN,1,0.07195237,0.92804763
IWN,1,0.05022013,0.94977987
IWN,1,0.04460740,0.95539260
IWN,1,0.06321261,0.93678739
IWN,1,0.05511066,0.94488934
IWN,1,0.04635275,0.95364725
IWN,1,0.04524751,0.95475249
IWN,1,0.04632225,0.95367775
IWN,1,0.04463495,0.95536505
IWN,1,0.05861495,0.94138505
IWN,1,0.16444502,0.83555498
IWN,1,0.05514062,0.94485938
IWN,1,0.04631245,0.95368755
IWN,1,0.11578059,0.88421941
IWN,1,0.07469957,0.92530043
IWN,1,0.07746586,0.92253414
IWN,1,0.04938433,0.95061567
IWN,1,0.10527798,0.89472202
IWN,1,0.06555390,0.93444610
IWN,1,0.04906590,0.95093410
IWN,1,0.07118434,0.92881566
IWN,1,0.04462841,0.95537159
IWN,1,0.04802953,0.95197047
IWN,1,0.09778059,0.90221941
IWN,1,0.06456472,0.93543528
IWN,1,0.11341392,0.88658608
IWN,1,0.05402555,0.94597445
IWN,1,0.04458985,0.95541015
IWN,1,0.04540565,0.95459435
IWN,1,0.04492655,0.95507345
IWN,1,0.05853386,0.94146614
IWN,1,0.05201686,0.94798314
IWN,1,0.04495953,0.95504047
IWN,1,0.05169232,0.94830768
IWN,1,0.06383989,0.93616011
IWN,1,0.05891684,0.94108316
IWN,1,0.04668775,0.95331225
IWN,1,0.04458449,0.95541551
IWN,1,0.06199440,0.93800560
IWN,1,0.05330514,0.94669486
IWN,1,0.04655182,0.95344818
IWN,1,0.07702988,0.92297012
IWN,1,0.95740835,0.04259165
IWN,1,0.06960625,0.93039375
IWN,1,0.15115839,0.84884161
IWN,1,0.92158667,0.07841333
IWN,1,0.04482893,0.95517107
IWN,1,0.15673926,0.84326074
IWN,1,0.05281759,0.94718241
IWN,1,0.09696617,0.90303383
IWN,1,0.07929713,0.92070287
IWN,1,0.13853649,0.86146351
IWN,1,0.08895711,0.91104289
IWN,1,0.12807670,0.87192330
IWN,1,0.06634836,0.93365164
IWN,1,0.04928627,0.95071373
IWN,1,0.04877206,0.95122794
IWN,1,0.68784659,0.31215341
IWN,1,0.89501559,0.10498441
IWN,1,0.94000428,0.05999572
IWN,1,0.05679098,0.94320902
IWN,1,0.05587477,0.94412523
IWN,1,0.16143998,0.83856002
IWN,1,0.04740366,0.95259634
IWN,1,0.07149623,0.92850377
IWN,1,0.10925980,0.89074020
IWN,1,0.04911547,0.95088453
IWN,1,0.33764038,0.66235962
IWN,1,0.05109847,0.94890153
IWN,1,0.07334608,0.92665392
IWN,1,0.07794998,0.92205002
IWN,1,0.06386983,0.93613017
IWN,1,0.05050980,0.94949020
IWN,1,0.80362687,0.19637313
IWN,1,0.04594723,0.95405277
IWN,1,0.06012491,0.93987509
IWN,1,0.04644372,0.95355628
IWN,1,0.05107537,0.94892463
IWN,1,0.05029990,0.94970010
IWN,1,0.47058559,0.52941441
IWN,1,0.04780603,0.95219397
IWN,1,0.04911986,0.95088014
IWN,1,0.11869321,0.88130679
IWN,1,0.04542377,0.95457623
IWN,1,0.04457622,0.95542378
IWN,1,0.04487065,0.95512935
IWN,1,0.07436588,0.92563412
IWN,1,0.39411758,0.60588242
IWN,1,0.05467359,0.94532641
IWN,1,0.05562825,0.94437175
IWN,1,0.04503633,0.95496367
IWN,1,0.14862492,0.85137508
IWN,1,0.08968332,0.91031668
IWN,1,0.04628842,0.95371158
IWN,1,0.04457623,0.95542377
IWN,1,0.09623147,0.90376853
IWN,1,0.04969255,0.95030745
IWN,1,0.05335315,0.94664685
IWN,1,0.04611933,0.95388067
IWN,1,0.09814330,0.90185670
IWN,1,0.04711796,0.95288204
IWN,1,0.04977740,0.95022260
IWN,1,0.07808834,0.92191166
IWN,1,0.05340228,0.94659772
IWN,1,0.04595931,0.95404069
IWN,1,0.04675728,0.95324272
IWN,1,0.04916870,0.95083130
IWN,1,0.16354714,0.83645286
IWN,1,0.05406774,0.94593226
IWN,1,0.04530744,0.95469256
IWN,1,0.14007573,0.85992427
IWN,1,0.04465314,0.95534686
IWN,1,0.04466176,0.95533824
IWN,1,0.21753659,0.78246341
IWN,1,0.04720551,0.95279449
IWN,1,0.05048831,0.94951169
IWN,1,0.04577582,0.95422418
IWN,1,0.05266749,0.94733251
IWN,1,0.12324739,0.87675261
IWN,1,0.04690420,0.95309580
IWN,1,0.04464566,0.95535434
IWN,1,0.10488502,0.89511498
IWN,1,0.04462966,0.95537034
IWN,1,0.04782971,0.95217029
IWN,1,0.15806890,0.84193110
IWN,1,0.99999290,0.00000710
IWN,1,0.05609769,0.94390231
IWN,1,0.04931310,0.95068690
IWN,1,0.12449803,0.87550197
IWN,1,0.12813667,0.87186333
IWN,1,0.06360466,0.93639534
IWN,1,0.06482459,0.93517541
IWN,1,0.06903485,0.93096515
IWN,1,0.04470350,0.95529650
IWN,1,0.04480358,0.95519642
IWN,1,0.04459119,0.95540881
IWN,1,0.08905430,0.91094570
IWN,1,0.16778202,0.83221798
IWN,1,0.11928364,0.88071636
IWN,1,0.05729382,0.94270618
IWN,1,0.04510868,0.95489132
IWN,1,0.04480057,0.95519943
IWN,1,0.04463739,0.95536261
IWN,1,0.06134275,0.93865725
IWN,1,0.04470478,0.95529522
IWN,1,0.06537804,0.93462196
IWN,1,0.04457669,0.95542331
IWN,1,0.04462578,0.95537422
IWN,1,0.04555809,0.95444191
IWN,1,0.04746140,0.95253860
IWN,1,0.07552728,0.92447272
IWN,1,0.05413249,0.94586751
IWN,1,0.04507266,0.95492734
IWN,1,0.08753539,0.91246461
IWN,1,0.99454464,0.00545536
IWN,1,0.05995378,0.94004622
IWN,1,0.05807187,0.94192813
IWN,1,0.04479446,0.95520554
IWN,1,0.05989215,0.94010785
IWN,1,0.05930449,0.94069551
IWN,1,0.08838837,0.91161163
IWN,1,0.04879719,0.95120281
IWN,1,0.04580140,0.95419860
IWN,1,0.04490635,0.95509365
IWN,1,0.06894413,0.93105587
IWN,1,0.04525048,0.95474952
IWN,1,0.05287503,0.94712497
IWN,1,0.04747251,0.95252749
IWN,1,0.26374987,0.73625013
IWN,1,0.04733161,0.95266839
IWN,1,0.10687027,0.89312973
IWN,1,0.18364996,0.81635004
IWN,1,0.04459354,0.95540646
IWN,1,0.04726862,0.95273138
IWN,1,0.09951338,0.90048662
IWN,1,0.06075228,0.93924772
IWN,1,0.04538860,0.95461140
IWN,1,0.04463562,0.95536438
IWN,1,0.04532630,0.95467370
IWN,1,0.04720047,0.95279953
IWN,1,0.04770558,0.95229442
IWN,1,0.06597117,0.93402883
IWN,1,0.05966869,0.94033131
IWN,1,0.09330426,0.90669574
IWN,1,0.08337544,0.91662456
IWN,1,0.06785623,0.93214377
IWN,1,0.04457640,0.95542360
IWN,1,0.07457847,0.92542153
IWN,1,0.04577015,0.95422985
IWN,1,0.04520963,0.95479037
IWN,1,0.07894805,0.92105195
IWN,1,0.06212864,0.93787136
IWN,1,0.04459423,0.95540577
IWN,1,0.04751213,0.95248787
IWN,1,0.04878141,0.95121859
IWN,1,0.05898725,0.94101275
IWN,1,0.27066456,0.72933544
IWN,1,0.05168432,0.94831568
IWN,1,0.04468925,0.95531075
IWN,1,0.04502468,0.95497532
IWN,1,0.06247783,0.93752217
IWN,1,0.05628486,0.94371514
IWN,1,0.20689065,0.79310935
IWN,1,0.11116435,0.88883565
IWN,1,0.05483172,0.94516828
IWN,1,0.06763347,0.93236653
IWN,1,0.04617877,0.95382123
IWN,1,0.39050022,0.60949978
IWN,1,0.04612892,0.95387108
IWN,1,0.04459284,0.95540716
IWN,1,0.08874593,0.91125407
IWN,1,0.25562090,0.74437910
IWN,1,0.07317375,0.92682625
IWN,1,0.04811616,0.95188384
IWN,1,0.07838601,0.92161399
IWN,1,0.04799182,0.95200818
IWN,1,0.05575283,0.94424717
IWN,1,0.20251247,0.79748753
IWN,1,0.05134644,0.94865356
IWN,1,0.04846926,0.95153074
IWN,1,0.04505850,0.95494150
IWN,1,0.19947440,0.80052560
IWN,1,0.04564878,0.95435122
IWN,1,0.04458322,0.95541678
IWN,1,0.08377217,0.91622783
IWN,1,0.99999962,0.00000038
IWN,1,0.99223543,0.00776457
IWN,1,0.11655665,0.88344335
IWN,1,0.37782474,0.62217526
IWN,1,0.99999997,0.00000003
IWN,1,0.94577287,0.05422713
IWN,1,0.05723387,0.94276613
IWN,1,0.07368343,0.92631657
IWN,1,0.04689730,0.95310270
IWN,1,0.04740099,0.95259901
IWN,1,0.06161250,0.93838750
IWN,1,0.11485635,0.88514365
IWN,1,0.32271841,0.67728159
IWN,1,0.07119715,0.92880285
IWN,1,0.11443503,0.88556497
IWN,1,0.04483511,0.95516489
IWN,1,0.04795799,0.95204201
IWN,1,0.04773316,0.95226684
IWN,1,0.05454818,0.94545182
IWN,1,0.04919119,0.95080881
IWN,1,0.21269836,0.78730164
IWN,1,0.05452333,0.94547667
IWN,1,0.05694111,0.94305889
IWN,1,0.04528787,0.95471213
IWN,1,0.12419455,0.87580545
IWN,1,0.04501958,0.95498042
IWN,1,0.69118866,0.30881134
IWN,1,0.04698950,0.95301050
IWN,1,0.06240985,0.93759015
IWN,1,0.05437931,0.94562069
IWN,1,0.05177930,0.94822070
IWN,1,0.04764643,0.95235357
IWN,1,0.04476027,0.95523973
IWN,1,0.60852840,0.39147160
IWN,1,0.04619422,0.95380578
IWN,1,0.04629595,0.95370405
IWN,1,0.36024131,0.63975869
IWN,1,0.06859508,0.93140492
IWN,1,0.04903117,0.95096883
IWN,1,0.05068796,0.94931204
IWN,1,0.04476936,0.95523064
IWN,1,0.10344827,0.89655173
IWN,1,0.04704730,0.95295270
IWN,1,0.04471996,0.95528004
IWN,1,0.10619474,0.89380526
IWN,1,0.06096601,0.93903399
IWN,1,0.06259972,0.93740028
IWN,1,0.04733913,0.95266087
IWN,1,0.04606522,0.95393478
IWN,1,0.14006502,0.85993498
IWN,1,0.05837769,0.94162231
IWN,1,0.06252286,0.93747714
IWN,1,0.04895404,0.95104596
IWN,1,0.04515404,0.95484596
IWN,1,0.09686020,0.90313980
IWN,1,0.06142158,0.93857842
IWN,1,0.06582277,0.93417723
IWN,1,0.10883274,0.89116726
IWN,1,0.04475778,0.95524222
IWN,1,0.04461167,0.95538833
IWN,1,0.20225786,0.79774214
IWN,1,0.13765198,0.86234802
IWN,1,0.05668315,0.94331685
IWN,1,0.10438733,0.89561267
IWN,1,0.05827080,0.94172920
IWN,1,0.05695416,0.94304584
IWN,1,0.06257703,0.93742297
IWN,1,0.06468570,0.93531430
IWN,1,0.04554325,0.95445675
IWN,1,0.33409287,0.66590713
IWN,1,0.05051003,0.94948997
IWN,1,0.07234928,0.92765072
IWN,1,0.05007107,0.94992893
IWN,1,0.04461108,0.95538892
IWN,1,0.09968197,0.90031803
IWN,1,0.08274984,0.91725016
IWN,1,0.09141478,0.90858522
IWN,1,0.04470208,0.95529792
IWN,1,0.04487233,0.95512767
IWN,1,0.05289807,0.94710193
IWN,1,0.08488313,0.91511687
IWN,1,0.07455633,0.92544367
IWN,1,0.21784701,0.78215299
IWN,1,0.11887207,0.88112793
IWN,1,0.05653285,0.94346715
IWN,1,0.04474680,0.95525320
IWN,1,0.04531417,0.95468583
IWN,1,0.04514641,0.95485359
IWN,1,0.04488169,0.95511831
IWN,1,0.68326617,0.31673383
IWN,1,0.29000940,0.70999060
IWN,1,0.06506568,0.93493432
IWN,1,0.05471185,0.94528815
IWN,1,0.04598629,0.95401371
IWN,1,0.04458914,0.95541086
IWN,1,0.04795930,0.95204070
IWN,1,0.04458731,0.95541269
IWN,1,0.98197629,0.01802371
IWN,1,0.05156765,0.94843235
IWN,1,0.04948524,0.95051476
IWN,1,0.05907397,0.94092603
IWN,1,0.04540503,0.95459497
IWN,1,0.04458128,0.95541872
IWN,1,0.04957236,0.95042764
IWN,1,0.04476144,0.95523856
IWN,1,0.08051450,0.91948550
IWN,1,0.04911484,0.95088516
IWN,1,0.04457737,0.95542263
IWN,1,0.05386677,0.94613323
IWN,1,0.04464987,0.95535013
IWN,1,0.11483592,0.88516408
IWN,1,0.06591540,0.93408460
IWN,1,0.04654191,0.95345809
IWN,1,0.04542866,0.95457134
IWN,1,0.04459681,0.95540319
IWN,1,0.23766924,0.76233076
IWN,1,0.06730692,0.93269308
IWN,1,0.04577490,0.95422510
IWN,1,0.04461490,0.95538510
IWN,1,0.04591395,0.95408605
IWN,1,0.06547371,0.93452629
IWN,1,0.05821294,0.94178706
IWN,1,0.04458105,0.95541895
IWN,1,0.04490350,0.95509650
IWN,1,0.04771305,0.95228695
IWN,1,0.04606222,0.95393778
IWN,1,0.05657650,0.94342350
IWN,1,0.04552230,0.95447770
IWN,1,0.07164373,0.92835627
IWN,1,0.05394619,0.94605381
IWN,1,0.05583099,0.94416901
IWN,1,0.67471931,0.32528069
IWN,1,0.18944276,0.81055724
IWN,1,0.18912203,0.81087797
IWN,1,0.05775818,0.94224182
IWN,1,0.24422852,0.75577148
IWN,1,0.04582576,0.95417424
IWN,1,0.18565385,0.81434615
IWN,1,0.04655239,0.95344761
IWN,1,0.06178576,0.93821424
IWN,1,0.05870374,0.94129626
IWN,1,0.08048720,0.91951280
IWN,1,0.04469335,0.95530665
IWN,1,0.04982496,0.95017504
IWN,1,0.08375958,0.91624042
IWN,1,0.05565773,0.94434227
IWN,1,0.04518092,0.95481908
IWN,1,0.04460855,0.95539145
IWN,1,0.08582899,0.91417101
IWN,1,0.07211412,0.92788588
IWN,1,0.08408448,0.91591552
IWN,1,0.05206115,0.94793885
IWN,1,0.05679685,0.94320315
IWN,1,0.04761672,0.95238328
IWN,1,0.04464037,0.95535963
IWN,1,0.15668965,0.84331035
IWN,1,0.04464882,0.95535118
IWN,1,0.23355604,0.76644396
IWN,1,0.04693745,0.95306255
IWN,1,0.04583060,0.95416940
IWN,1,0.09170909,0.90829091
IWN,1,0.54253890,0.45746110
IWN,1,0.08564676,0.91435324
IWN,1,0.32171765,0.67828235
IWN,1,0.05921860,0.94078140
IWN,1,0.04763782,0.95236218
IWN,1,0.05211607,0.94788393
IWN,1,0.04795008,0.95204992
IWN,1,0.14738716,0.85261284
IWN,1,0.04579760,0.95420240
IWN,1,0.04474710,0.95525290
IWN,1,0.04491324,0.95508676
IWN,1,0.04628120,0.95371880
IWN,1,0.17075811,0.82924189
IWN,1,0.06607750,0.93392250
IWN,1,0.06634283,0.93365717
IWN,1,0.04819524,0.95180476
IWN,1,0.05263365,0.94736635
IWN,1,0.04799288,0.95200712
IWN,1,0.04735667,0.95264333
IWN,1,0.04459691,0.95540309
IWN,1,0.05340897,0.94659103
IWN,1,0.05048163,0.94951837
IWN,1,0.04572842,0.95427158
IWN,1,0.04636751,0.95363249
IWN,1,0.04848197,0.95151803
IWN,1,0.05067751,0.94932249
IWN,1,0.05730041,0.94269959
IWN,1,0.05950684,0.94049316
IWN,1,0.08369480,0.91630520
IWN,1,0.10625986,0.89374014
IWN,1,0.04581938,0.95418062
IWN,1,0.09120573,0.90879427
IWN,1,0.05270901,0.94729099
IWN,1,0.04594944,0.95405056
IWN,1,0.04491736,0.95508264
IWN,1,0.06325153,0.93674847
IWN,1,0.06244623,0.93755377
IWN,1,0.04457814,0.95542186
IWN,1,0.08528582,0.91471418
IWN,1,0.31415728,0.68584272
IWN,1,0.05710436,0.94289564
IWN,1,0.12527701,0.87472299
IWN,1,0.04796786,0.95203214
IWN,1,0.04691732,0.95308268
IWN,1,0.04990348,0.95009652
IWN,1,0.05204702,0.94795298
IWN,1,0.06421177,0.93578823
IWN,1,0.06419478,0.93580522
IWN,1,0.06004136,0.93995864
IWN,1,0.04509252,0.95490748
IWN,1,0.10468196,0.89531804
IWN,1,0.46227389,0.53772611
IWN,1,0.04801786,0.95198214
IWN,1,0.04461918,0.95538082
IWN,1,0.04489636,0.95510364
IWN,1,0.12886031,0.87113969
IWN,1,0.08633503,0.91366497
IWN,1,0.04471939,0.95528061
IWN,1,0.04460077,0.95539923
IWN,1,0.04570526,0.95429474
