dataset,p,component_1,component_2
IWN,3,0.05476426,0.94523574
IWN,3,0.04669854,0.95330146
IWN,3,0.04466879,0.95533121
IWN,3,0.06554565,0.93445435
IWN,3,0.10390400,0.89609600
IWN,3,0.07124142,0.92875858
IWN,3,0.09195491,0.90804509
IWN,3,0.11876459,0.88123541
IWN,3,0.11657122,0.88342878
IWN,3,0.04812734,0.95187266
IWN,3,0.06027239,0.93972761
IWN,3,0.05467441,0.94532559
IWN,3,0.04487429,0.95512571
IWN,3,0.05765220,0.94234780
IWN,3,0.07637397,0.92362603
IWN,3,0.07125892,0.92874108
IWN,3,0.04472946,0.95527054
IWN,3,0.04689960,0.95310040
IWN,3,0.13683656,0.86316344
IWN,3,0.04471936,0.95528064
IWN,3,0.06442237,0.93557763
IWN,3,0.05508747,0.94491253
IWN,3,0.13653900,0.86346100
IWN,3,0.05912299,0.94087701
IWN,3,0.04494400,0.95505600
IWN,3,0.05031101,0.94968899
IWN,3,0.04601436,0.95398564
IWN,3,0.04480042,0.95519958
IWN,3,0.09238632,0.90761368
IWN,3,0.12956404,0.87043596
IWN,3,0.15981787,0.84018213
IWN,3,0.13033725,0.86966275
IWN,3,0.05238480,0.94761520
IWN,3,0.04779719,0.95220281
IWN,3,0.05000024,0.94999976
IWN,3,0.05629903,0.94370097
IWN,3,0.17996513,0.82003487
IWN,3,0.09366780,0.90633220
IWN,3,0.04466037,0.95533963
IWN,3,0.12253892,0.87746108
IWN,3,0.04678852,0.95321148
IWN,3,0.04681526,0.95318474
IWN,3,0.04479206,0.95520794
IWN,3,0.04466919,0.95533081
IWN,3,0.05002735,0.94997265
IWN,3,0.04988431,0.95011569
IWN,3,0.04572200,0.95427800
IWN,3,0.04911532,0.95088468
IWN,3,0.05439870,0.94560130
IWN,3,0.06239328,0.93760672
IWN,3,0.06481608,0.93518392
IWN,3,0.05357612,0.94642388
IWN,3,0.07035913,0.92964087
IWN,3,0.06692140,0.93307860
IWN,3,0.09567487,0.90432513
IWN,3,0.06000687,0.93999313
IWN,3,0.04557996,0.95442004
IWN,3,0.04623614,0.95376386
IWN,3,0.04808951,0.95191049
IWN,3,0.04465935,0.95534065
IWN,3,0.04954615,0.95045385
IWN,3,0.07757161,0.92242839
IWN,3,0.04815542,0.95184458
IWN,3,0.13308775,0.86691225
IWN,3,0.08304154,0.91695846
IWN,3,0.22164863,0.77835137
IWN,3,0.04969457,0.95030543
IWN,3,0.11537598,0.88462402
IWN,3,0.04991392,0.95008608
IWN,3,0.04798054,0.95201946
IWN,3,0.04490920,0.95509080
IWN,3,0.06433509,0.93566491
IWN,3,0.04513375,0.95486625
IWN,3,0.05443563,0.94556437
IWN,3,0.05617546,0.94382454
IWN,3,0.10453403,0.89546597
IWN,3,0.04518480,0.95481520
IWN,3,0.14359906,0.85640094
IWN,3,0.05209560,0.94790440
IWN,3,0.07253743,0.92746257
IWN,3,0.04708699,0.95291301
IWN,3,0.10150032,0.89849968
IWN,3,0.05278960,0.94721040
IWN,3,0.11199507,0.88800493
IWN,3,0.11728441,0.88271559
IWN,3,0.15478542,0.84521458
IWN,3,0.07626623,0.92373377
IWN,3,0.33321585,0.66678415
IWN,3,0.04581993,0.95418007
IWN,3,0.08574218,0.91425782
IWN,3,0.04596892,0.95403108
IWN,3,0.07996431,0.92003569
IWN,3,0.07542272,0.92457728
IWN,3,0.04831831,0.95168169
IWN,3,0.10907878,0.89092122
IWN,3,0.06859748,0.93140252
IWN,3,0.04623046,0.95376954
IWN,3,0.06210705,0.93789295
IWN,3,0.04481773,0.95518227
IWN,3,0.04484680,0.95515320
IWN,3,0.36372133,0.63627867
IWN,3,0.04520408,0.95479592
IWN,3,0.04636931,0.95363069
IWN,3,0.16021738,0.83978262
IWN,3,0.09529734,0.90470266
IWN,3,0.04993211,0.95006789
IWN,3,0.05435402,0.94564598
IWN,3,0.04578733,0.95421267
IWN,3,0.10593562,0.89406438
IWN,3,0.05119293,0.94880707
IWN,3,0.41264493,0.58735507
IWN,3,0.04550435,0.95449565
IWN,3,0.14356168,0.85643832
IWN,3,0.04544898,0.95455102
IWN,3,0.04910384,0.95089616
IWN,3,0.04765725,0.95234275
IWN,3,0.08004178,0.91995822
IWN,3,0.04738806,0.95261194
IWN,3,0.05739887,0.94260113
IWN,3,0.04621301,0.95378699
IWN,3,0.14143238,0.85856762
IWN,3,0.74767331,0.25232669
IWN,3,0.08600962,0.91399038
IWN,3,0.04465892,0.95534108
IWN,3,0.10799060,0.89200940
IWN,3,0.05875982,0.94124018
IWN,3,0.27667715,0.72332285
IWN,3,0.07034140,0.92965860
IWN,3,0.07447704,0.92552296
IWN,3,0.05623328,0.94376672
IWN,3,0.08150622,0.91849378
IWN,3,0.05190066,0.94809934
IWN,3,0.64249778,0.35750222
IWN,3,0.39972804,0.60027196
IWN,3,0.23539652,0.76460348
IWN,3,0.99875804,0.00124196
IWN,3,0.98918913,0.01081087
IWN,3,0.04576319,0.95423681
IWN,3,0.21885797,0.78114203
IWN,3,0.99189934,0.00810066
IWN,3,0.04467999,0.95532001
IWN,3,0.17881273,0.82118727
IWN,3,0.05611340,0.94388660
IWN,3,0.69641991,0.30358009
IWN,3,0.20853740,0.79146260
IWN,3,0.73365764,0.26634236
IWN,3,0.08113063,0.91886937
IWN,3,0.09875995,0.90124005
IWN,3,0.04482645,0.95517355
IWN,3,0.04700626,0.95299374
IWN,3,0.49701776,0.50298224
IWN,3,0.43689883,0.56310117
IWN,3,0.04738392,0.95261608
IWN,3,0.06830912,0.93169088
IWN,3,0.05271771,0.94728229
IWN,3,0.05172826,0.94827174
IWN,3,0.06606766,0.93393234
IWN,3,0.21188657,0.78811343
IWN,3,0.10997156,0.89002844
IWN,3,0.04559307,0.95440693
IWN,3,0.05983761,0.94016239
IWN,3,0.68823145,0.31176855
IWN,3,0.04605591,0.95394409
IWN,3,0.04572687,0.95427313
IWN,3,0.19252735,0.80747265
IWN,3,0.04472325,0.95527675
IWN,3,0.18120347,0.81879653
IWN,3,0.05487490,0.94512510
IWN,3,0.04627379,0.95372621
IWN,3,0.04466016,0.95533984
IWN,3,0.12508772,0.87491228
IWN,3,0.06561986,0.93438014
IWN,3,0.06607967,0.93392033
IWN,3,0.04908145,0.95091855
IWN,3,0.13373069,0.86626931
IWN,3,0.27953065,0.72046935
IWN,3,0.04984006,0.95015994
IWN,3,0.25198310,0.74801690
IWN,3,0.06167861,0.93832139
IWN,3,0.17116133,0.82883867
IWN,3,0.33519115,0.66480885
IWN,3,0.48844170,0.51155830
IWN,3,0.05094247,0.94905753
IWN,3,0.16907897,0.83092103
IWN,3,0.08654344,0.91345656
IWN,3,0.06862071,0.93137929
IWN,3,0.13037663,0.86962337
IWN,3,0.84638826,0.15361174
IWN,3,0.05988219,0.94011781
IWN,3,0.99955069,0.00044931
IWN,3,0.05119461,0.94880539
IWN,3,0.99980900,0.00019100
IWN,3,0.05113781,0.94886219
IWN,3,0.61386054,0.38613946
IWN,3,0.18752884,0.81247116
IWN,3,0.36106400,0.63893600
IWN,3,0.04851436,0.95148564
IWN,3,0.07279071,0.92720929
IWN,3,0.09023293,0.90976707
IWN,3,0.05761403,0.94238597
IWN,3,0.04549144,0.95450856
IWN,3,0.06404723,0.93595277
IWN,3,0.04475623,0.95524377
IWN,3,0.05128107,0.94871893
IWN,3,0.13954470,0.86045530
IWN,3,0.04488733,0.95511267
IWN,3,0.08499107,0.91500893
IWN,3,0.11176956,0.88823044
IWN,3,0.04547046,0.95452954
IWN,3,0.06238623,0.93761377
IWN,3,0.05469192,0.94530808
IWN,3,0.18934078,0.81065922
IWN,3,0.19430979,0.80569021
IWN,3,0.08798395,0.91201605
IWN,3,0.06501494,0.93498506
IWN,3,0.05319700,0.94680300
IWN,3,0.07381963,0.92618037
IWN,3,0.04955484,0.95044516
IWN,3,0.08256323,0.91743677
IWN,3,0.41695455,0.58304545
IWN,3,0.10876218,0.89123782
IWN,3,0.06008253,0.93991747
IWN,3,0.05102057,0.94897943
IWN,3,0.16076180,0.83923820
IWN,3,0.43769226,0.56230774
IWN,3,0.04509776,0.95490224
IWN,3,0.04478625,0.95521375
IWN,3,0.04730245,0.95269755
IWN,3,0.10977888,0.89022112
IWN,3,0.05417291,0.94582709
IWN,3,0.05046687,0.94953313
IWN,3,0.12629681,0.87370319
IWN,3,0.12472521,0.87527479
IWN,3,0.04510350,0.95489650
IWN,3,0.06555255,0.93444745
IWN,3,0.13380884,0.86619116
IWN,3,0.04886824,0.95113176
IWN,3,0.04528976,0.95471024
IWN,3,0.11786031,0.88213969
IWN,3,0.04466009,0.95533991
IWN,3,0.06191734,0.93808266
IWN,3,0.04582224,0.95417776
IWN,3,0.04465913,0.95534087
IWN,3,0.04518851,0.95481149
IWN,3,0.08331897,0.91668103
IWN,3,0.04499410,0.95500590
IWN,3,0.04534508,0.95465492
IWN,3,0.18623444,0.81376556
IWN,3,0.04629380,0.95370620
IWN,3,0.11722099,0.88277901
IWN,3,0.06619243,0.93380757
IWN,3,0.08858613,0.91141387
IWN,3,0.08091180,0.91908820
IWN,3,0.04670298,0.95329702
IWN,3,0.04581680,0.95418320
IWN,3,0.04610481,0.95389519
IWN,3,0.04502146,0.95497854
IWN,3,0.04579481,0.95420519
IWN,3,0.12805943,0.87194057
IWN,3,0.06271874,0.93728126
IWN,3,0.05065421,0.94934579
IWN,3,0.04649036,0.95350964
IWN,3,0.10518873,0.89481127
IWN,3,0.09897538,0.90102462
IWN,3,0.06557357,0.93442643
IWN,3,0.04990903,0.95009097
IWN,3,0.27042286,0.72957714
IWN,3,0.04811982,0.95188018
IWN,3,0.04959414,0.95040586
IWN,3,0.04477415,0.95522585
IWN,3,0.04977120,0.95022880
IWN,3,0.05084188,0.94915812
IWN,3,0.22391424,0.77608576
IWN,3,0.05784613,0.94215387
IWN,3,0.06548801,0.93451199
IWN,3,0.04821730,0.95178270
IWN,3,0.05744072,0.94255928
IWN,3,0.07379696,0.92620304
IWN,3,0.08537435,0.91462565
IWN,3,0.04759829,0.95240171
IWN,3,0.04767303,0.95232697
IWN,3,0.12546120,0.87453880
IWN,3,0.26695500,0.73304500
IWN,3,0.08383673,0.91616327
IWN,3,0.05874589,0.94125411
IWN,3,0.04718101,0.95281899
IWN,3,0.04610935,0.95389065
IWN,3,0.04493885,0.95506115
IWN,3,0.04795069,0.95204931
IWN,3,0.04691513,0.95308487
IWN,3,0.05224809,0.94775191
IWN,3,0.05117193,0.94882807
IWN,3,0.13016538,0.86983462
IWN,3,0.06495964,0.93504036
IWN,3,0.04498630,0.95501370
IWN,3,0.10187346,0.89812654
IWN,3,0.05692809,0.94307191
IWN,3,0.11071753,0.88928247
IWN,3,0.07214406,0.92785594
IWN,3,0.07676888,0.92323112
IWN,3,0.04772982,0.95227018
IWN,3,0.05267228,0.94732772
IWN,3,0.08326239,0.91673761
IWN,3,0.05977015,0.94022985
IWN,3,0.04626846,0.95373154
IWN,3,0.05520041,0.94479959
IWN,3,0.04476601,0.95523399
IWN,3,0.05337166,0.94662834
IWN,3,0.05163873,0.94836127
IWN,3,0.25272833,0.74727167
IWN,3,0.04482957,0.95517043
IWN,3,0.04466303,0.95533697
IWN,3,0.11457192,0.88542808
IWN,3,0.11017022,0.88982978
IWN,3,0.06021943,0.93978057
IWN,3,0.05956233,0.94043767
IWN,3,0.05244616,0.94755384
IWN,3,0.15828354,0.84171646
IWN,3,0.04608466,0.95391534
IWN,3,0.04466239,0.95533761
IWN,3,0.06553671,0.93446329
IWN,3,0.04814990,0.95185010
IWN,3,0.13656407,0.86343593
IWN,3,0.04682917,0.95317083
IWN,3,0.04501755,0.95498245
IWN,3,0.05813212,0.94186788
IWN,3,0.10380128,0.89619872
IWN,3,0.04609356,0.95390644
IWN,3,0.04503184,0.95496816
IWN,3,0.04797165,0.95202835
IWN,3,0.15547034,0.84452966
IWN,3,0.04504397,0.95495603
IWN,3,0.05393186,0.94606814
IWN,3,0.04549317,0.95450683
IWN,3,0.05392872,0.94607128
IWN,3,0.07432264,0.92567736
IWN,3,0.07845727,0.92154273
IWN,3,0.04722306,0.95277694
IWN,3,0.04466334,0.95533666
IWN,3,0.04657242,0.95342758
IWN,3,0.05767288,0.94232712
IWN,3,0.16129335,0.83870665
IWN,3,0.04465910,0.95534090
IWN,3,0.04509317,0.95490683
IWN,3,0.05282580,0.94717420
IWN,3,0.09144863,0.90855137
IWN,3,0.16990074,0.83009926
IWN,3,0.04708364,0.95291636
IWN,3,0.04727782,0.95272218
IWN,3,0.19124234,0.80875766
IWN,3,0.06158292,0.93841708
IWN,3,0.04502330,0.95497670
IWN,3,0.17780051,0.82219949
IWN,3,0.05712170,0.94287830
IWN,3,0.04719971,0.95280029
IWN,3,0.19553148,0.80446852
IWN,3,0.06379074,0.93620926
IWN,3,0.07774214,0.92225786
IWN,3,0.05321003,0.94678997
IWN,3,0.08241115,0.91758885
IWN,3,0.05381869,0.94618131
IWN,3,0.04596392,0.95403608
IWN,3,0.04548696,0.95451304
IWN,3,0.04472684,0.95527316
IWN,3,0.08800772,0.91199228
IWN,3,0.18368279,0.81631721
IWN,3,0.04563402,0.95436598
IWN,3,0.04474705,0.95525295
IWN,3,0.05690947,0.94309053
IWN,3,0.04992375,0.95007625
IWN,3,0.04661259,0.95338741
IWN,3,0.07164213,0.92835787
IWN,3,0.78829585,0.21170415
IWN,3,0.04465985,0.95534015
IWN,3,0.08997210,0.91002790
IWN,3,0.04816551,0.95183449
IWN,3,0.09184442,0.90815558
IWN,3,0.09378159,0.90621841
IWN,3,0.05349731,0.94650269
IWN,3,0.05672445,0.94327555
IWN,3,0.04526628,0.95473372
IWN,3,0.04714345,0.95285655
IWN,3,0.09872317,0.90127683
IWN,3,0.04650904,0.95349096
IWN,3,0.08398038,0.91601962
IWN,3,0.06278380,0.93721620
IWN,3,0.04588364,0.95411636
IWN,3,0.04465905,0.95534095
IWN,3,0.04491050,0.95508950
IWN,3,0.09275651,0.90724349
IWN,3,0.04629599,0.95370401
IWN,3,0.04909501,0.95090499
IWN,3,0.16959233,0.83040767
IWN,3,0.04498941,0.95501059
IWN,3,0.07805634,0.92194366
IWN,3,0.04638635,0.95361365
IWN,3,0.04825675,0.95174325
IWN,3,0.04483101,0.95516899
IWN,3,0.05780806,0.94219194
IWN,3,0.20399183,0.79600817
IWN,3,0.04471031,0.95528969
IWN,3,0.04788179,0.95211821
IWN,3,0.05138113,0.94861887
IWN,3,0.04880108,0.95119892
IWN,3,0.22475238,0.77524762
IWN,3,0.04787494,0.95212506
IWN,3,0.05741268,0.94258732
IWN,3,0.09204824,0.90795176
IWN,3,0.05326319,0.94673681
IWN,3,0.05320463,0.94679537
IWN,3,0.04949582,0.95050418
IWN,3,0.04637368,0.95362632
IWN,3,0.08055673,0.91944327
IWN,3,0.09995369,0.90004631
IWN,3,0.05726236,0.94273764
IWN,3,0.04467127,0.95532873
IWN,3,0.05115443,0.94884557
IWN,3,0.06728455,0.93271545
IWN,3,0.04911784,0.95088216
IWN,3,0.25295931,0.74704069
IWN,3,0.04899206,0.95100794
IWN,3,0.08675131,0.91324869
IWN,3,0.04512621,0.95487379
IWN,3,0.04742805,0.95257195
IWN,3,0.04497317,0.95502683
IWN,3,0.06304914,0.93695086
IWN,3,0.04477777,0.95522223
IWN,3,0.06050611,0.93949389
IWN,3,0.05832017,0.94167983
IWN,3,0.05967470,0.94032530
IWN,3,0.14953605,0.85046395
IWN,3,0.45911291,0.54088709
IWN,3,0.05912343,0.94087657
IWN,3,0.04495820,0.95504180
IWN,3,0.19179930,0.80820070
IWN,3,0.05815072,0.94184928
IWN,3,0.08993904,0.91006096
IWN,3,0.05146035,0.94853965
IWN,3,0.05418276,0.94581724
IWN,3,0.05369749,0.94630251
IWN,3,0.04695142,0.95304858
IWN,3,0.04857791,0.95142209
IWN,3,0.08782082,0.91217918
IWN,3,0.06840253,0.93159747
IWN,3,0.06108531,0.93891469
IWN,3,0.05059649,0.94940351
IWN,3,0.09496510,0.90503490
IWN,3,0.04517369,0.95482631
IWN,3,0.04503164,0.95496836
IWN,3,0.07949838,0.92050162
IWN,3,0.05884792,0.94115208
IWN,3,0.04893651,0.95106349
IWN,3,0.05680603,0.94319397
IWN,3,0.12392679,0.87607321
IWN,3,0.05702555,0.94297445
IWN,3,0.04696036,0.95303964
IWN,3,0.04471049,0.95528951
IWN,3,0.09971053,0.90028947
IWN,3,0.04796531,0.95203469
IWN,3,0.04487320,0.95512680
IWN,3,0.05148114,0.94851886
IWN,3,0.04475003,0.95524997
IWN,3,0.10687008,0.89312992
IWN,3,0.05981103,0.94018897
IWN,3,0.22571177,0.77428823
IWN,3,0.04481829,0.95518171
IWN,3,0.07777608,0.92222392
IWN,3,0.07472680,0.92527320
IWN,3,0.05587923,0.94412077
IWN,3,0.05399014,0.94600986
IWN,3,0.04479214,0.95520786
IWN,3,0.04465914,0.95534086
IWN,3,0.16506348,0.83493652
IWN,3,0.07846840,0.92153160
IWN,3,0.04918313,0.95081687
IWN,3,0.04566773,0.95433227
IWN,3,0.08307585,0.91692415
IWN,3,0.04630303,0.95369697
IWN,3,0.06028372,0.93971628
IWN,3,0.04947477,0.95052523
IWN,3,0.04579400,0.95420600
IWN,3,0.04842186,0.95157814
IWN,3,0.04930909,0.95069091
IWN,3,0.08008226,0.91991774
IWN,3,0.11645487,0.88354513
IWN,3,0.08941148,0.91058852
IWN,3,0.05503082,0.94496918
IWN,3,0.04730234,0.95269766
IWN,3,0.04479154,0.95520846
IWN,3,0.12121028,0.87878972
IWN,3,0.05138931,0.94861069
IWN,3,0.06047698,0.93952302
IWN,3,0.05940895,0.94059105
IWN,3,0.04559277,0.95440723
IWN,3,0.04674274,0.95325726
IWN,3,0.08421470,0.91578530
IWN,3,0.04650630,0.95349370
IWN,3,0.05345329,0.94654671
IWN,3,0.04515952,0.95484048
IWN,3,0.07889617,0.92110383
IWN,3,0.04544242,0.95455758
IWN,3,0.04506521,0.95493479
IWN,3,0.07331166,0.92668834
IWN,3,0.04835271,0.95164729
IWN,3,0.05105415,0.94894585
IWN,3,0.04496650,0.95503350
IWN,3,0.05804459,0.94195541
IWN,3,0.04736781,0.95263219
IWN,3,0.04741611,0.95258389
IWN,3,0.04482780,0.95517220
IWN,3,0.06582746,0.93417254
IWN,3,0.04469126,0.95530874
IWN,3,0.04570778,0.95429222
IWN,3,0.07525787,0.92474213
IWN,3,0.05023173,0.94976827
IWN,3,0.22951952,0.77048048
IWN,3,0.04649936,0.95350064
IWN,3,0.04508016,0.95491984
IWN,3,0.04482285,0.95517715
IWN,3,0.04526328,0.95473672
IWN,3,0.31440977,0.68559023
IWN,3,0.05134313,0.94865687
IWN,3,0.37838305,0.62161695
IWN,3,0.04549563,0.95450437
IWN,3,0.07463729,0.92536271
IWN,3,0.05337446,0.94662554
IWN,3,0.04494155,0.95505845
IWN,3,0.08921503,0.91078497
IWN,3,0.08097011,0.91902989
IWN,3,0.04913741,0.95086259
IWN,3,0.06076360,0.93923640
IWN,3,0.04982562,0.95017438
IWN,3,0.07858806,0.92141194
IWN,3,0.04542181,0.95457819
IWN,3,0.06109932,0.93890068
IWN,3,0.05487368,0.94512632
IWN,3,0.05251946,0.94748054
IWN,3,0.04858136,0.95141864
IWN,3,0.04973409,0.95026591
IWN,3,0.04471414,0.95528586
IWN,3,0.04928988,0.95071012
IWN,3,0.05228713,0.94771287
IWN,3,0.05349179,0.94650821
IWN,3,0.04873388,0.95126612
IWN,3,0.26905347,0.73094653
IWN,3,0.05594008,0.94405992
IWN,3,0.06916259,0.93083741
IWN,3,0.13879583,0.86120417
IWN,3,0.04492664,0.95507336
IWN,3,0.08737622,0.91262378
IWN,3,0.04465935,0.95534065
IWN,3,0.04744440,0.95255560
IWN,3,0.14820449,0.85179551
IWN,3,0.04577541,0.95422459
IWN,3,0.05507908,0.94492092
IWN,3,0.10921659,0.89078341
IWN,3,0.06071325,0.93928675
IWN,3,0.08024083,0.91975917
IWN,3,0.09017037,0.90982963
IWN,3,0.04479530,0.95520470
IWN,3,0.05401197,0.94598803
IWN,3,0.11376763,0.88623237
IWN,3,0.04660855,0.95339145
IWN,3,0.06018877,0.93981123
IWN,3,0.04472528,0.95527472
IWN,3,0.04632639,0.95367361
IWN,3,0.04761715,0.95238285
IWN,3,0.17525137,0.82474863
IWN,3,0.06913722,0.93086278
IWN,3,0.04629687,0.95370313
IWN,3,0.06269074,0.93730926
IWN,3,0.05136921,0.94863079
IWN,3,0.17089662,0.82910338
IWN,3,0.05863466,0.94136534
IWN,3,0.13000439,0.86999561
IWN,3,0.04568599,0.95431401
IWN,3,0.04819219,0.95180781
IWN,3,0.04565477,0.95434523
IWN,3,0.20244424,0.79755576
IWN,3,0.10962516,0.89037484
IWN,3,0.07039155,0.92960845
IWN,3,0.05282345,0.94717655
IWN,3,0.05693385,0.94306615
IWN,3,0.04488530,0.95511470
IWN,3,0.07369974,0.92630026
IWN,3,0.65040202,0.34959798
IWN,3,0.10823677,0.89176323
IWN,3,0.10002203,0.89997797
IWN,3,0.04948853,0.95051147
IWN,3,0.04955531,0.95044469
IWN,3,0.04936693,0.95063307
IWN,3,0.08724909,0.91275091
IWN,3,0.07784320,0.92215680
IWN,3,0.05241184,0.94758816
IWN,3,0.04717698,0.95282302
IWN,3,0.05831761,0.94168239
IWN,3,0.09182643,0.90817357
IWN,3,0.21377408,0.78622592
IWN,3,0.05031957,0.94968043
IWN,3,0.04471573,0.95528427
IWN,3,0.04749236,0.95250764
IWN,3,0.05190590,0.94809410
IWN,3,0.04512519,0.95487481
IWN,3,0.15284687,0.84715313
IWN,3,0.05536897,0.94463103
IWN,3,0.20270030,0.79729970
IWN,3,0.04471023,0.95528977
IWN,3,0.09150162,0.90849838
IWN,3,0.04631600,0.95368400
IWN,3,0.17105797,0.82894203
IWN,3,0.09928146,0.90071854
IWN,3,0.04999985,0.95000015
IWN,3,0.04477435,0.95522565
IWN,3,0.04549940,0.95450060
IWN,3,0.04483381,0.95516619
IWN,3,0.04752533,0.95247467
IWN,3,0.10823834,0.89176166
IWN,3,0.04671478,0.95328522
IWN,3,0.05423439,0.94576561
IWN,3,0.04674958,0.95325042
IWN,3,0.05123916,0.94876084
IWN,3,0.04954459,0.95045541
IWN,3,0.05658599,0.94341401
IWN,3,0.04477158,0.95522842
IWN,3,0.07497634,0.92502366
IWN,3,0.04466115,0.95533885
IWN,3,0.13436510,0.86563490
IWN,3,0.04768663,0.95231337
IWN,3,0.04467207,0.95532793
IWN,3,0.04547663,0.95452337
IWN,3,0.04904140,0.95095860
IWN,3,0.04528271,0.95471729
IWN,3,0.05874909,0.94125091
IWN,3,0.05149170,0.94850830
IWN,3,0.07690398,0.92309602
IWN,3,0.31139626,0.68860374
IWN,3,0.05006418,0.94993582
IWN,3,0.06625175,0.93374825
IWN,3,0.05913393,0.94086607
IWN,3,0.12365871,0.87634129
IWN,3,0.04468090,0.95531910
IWN,3,0.05751805,0.94248195
IWN,3,0.04477786,0.95522214
IWN,3,0.04603477,0.95396523
IWN,3,0.07080942,0.92919058
IWN,3,0.04503390,0.95496610
IWN,3,0.11058798,0.88941202
IWN,3,0.21295338,0.78704662
IWN,3,0.04763129,0.95236871
IWN,3,0.22957197,0.77042803
IWN,3,0.04552991,0.95447009
IWN,3,0.11864098,0.88135902
IWN,3,0.04482093,0.95517907
IWN,3,0.20207794,0.79792206
IWN,3,0.04647292,0.95352708
IWN,3,0.11327031,0.88672969
IWN,3,0.05011227,0.94988773
IWN,3,0.11643108,0.88356892
IWN,3,0.04928590,0.95071410
IWN,3,0.04489863,0.95510137
IWN,3,0.05828148,0.94171852
IWN,3,0.04668631,0.95331369
IWN,3,0.05306931,0.94693069
IWN,3,0.05816403,0.94183597
IWN,3,0.04905324,0.95094676
IWN,3,0.04980522,0.95019478
IWN,3,0.09715775,0.90284225
IWN,3,0.04758560,0.95241440
IWN,3,0.07391888,0.92608112
IWN,3,0.05042968,0.94957032
IWN,3,0.07147919,0.92852081
IWN,3,0.04723612,0.95276388
IWN,3,0.04530087,0.95469913
IWN,3,0.05110468,0.94889532
IWN,3,0.04653309,0.95346691
IWN,3,0.06715790,0.93284210
IWN,3,0.04473616,0.95526384
IWN,3,0.04801014,0.95198986
IWN,3,0.05852430,0.94147570
IWN,3,0.09792189,0.90207811
IWN,3,0.04494158,0.95505842
IWN,3,0.04479591,0.95520409
IWN,3,0.06815304,0.93184696
IWN,3,0.08007981,0.91992019
IWN,3,0.05663857,0.94336143
IWN,3,0.04556545,0.95443455
IWN,3,0.16313388,0.83686612
IWN,3,0.06114685,0.93885315
IWN,3,0.04618214,0.95381786
IWN,3,0.05404951,0.94595049
IWN,3,0.09745773,0.90254227
IWN,3,0.06291264,0.93708736
IWN,3,0.04471469,0.95528531
IWN,3,0.04636182,0.95363818
IWN,3,0.09165907,0.90834093
IWN,3,0.06503166,0.93496834
IWN,3,0.07705394,0.92294606
IWN,3,0.04502206,0.95497794
IWN,3,0.07118237,0.92881763
IWN,3,0.04721623,0.95278377
IWN,3,0.07461964,0.92538036
IWN,3,0.08359995,0.91640005
IWN,3,0.05218657,0.94781343
IWN,3,0.09920395,0.90079605
IWN,3,0.06614343,0.93385657
IWN,3,0.04667456,0.95332544
IWN,3,0.04553905,0.95446095
IWN,3,0.04918290,0.95081710
IWN,3,0.05055246,0.94944754
IWN,3,0.15236252,0.84763748
IWN,3,0.09857054,0.90142946
IWN,3,0.04537368,0.95462632
IWN,3,0.05256574,0.94743426
IWN,3,0.05504485,0.94495515
IWN,3,0.05385570,0.94614430
IWN,3,0.05898647,0.94101353
IWN,3,0.06658094,0.93341906
IWN,3,0.04508486,0.95491514
IWN,3,0.06083746,0.93916254
IWN,3,0.05419949,0.94580051
IWN,3,0.04468021,0.95531979
IWN,3,0.07422783,0.92577217
IWN,3,0.10320699,0.89679301
IWN,3,0.04917155,0.95082845
IWN,3,0.06714717,0.93285283
IWN,3,0.04517168,0.95482832
IWN,3,0.04682841,0.95317159
IWN,3,0.04522126,0.95477874
IWN,3,0.09823002,0.90176998
IWN,3,0.05220955,0.94779045
IWN,3,0.04468816,0.95531184
IWN,3,0.05519906,0.94480094
IWN,3,0.16257059,0.83742941
IWN,3,0.06136714,0.93863286
IWN,3,0.04612694,0.95387306
IWN,3,0.05085858,0.94914142
IWN,3,0.06237400,0.93762600
IWN,3,0.05353520,0.94646480
IWN,3,0.05457757,0.94542243
IWN,3,0.05826648,0.94173352
IWN,3,0.04577831,0.95422169
IWN,3,0.04508550,0.95491450
IWN,3,0.07085436,0.92914564
IWN,3,0.05140788,0.94859212
IWN,3,0.04466008,0.95533992
IWN,3,0.06415350,0.93584650
IWN,3,0.08572324,0.91427676
IWN,3,0.04504935,0.95495065
IWN,3,0.04659839,0.95340161
IWN,3,0.04541206,0.95458794
IWN,3,0.11454455,0.88545545
IWN,3,0.09709921,0.90290079
IWN,3,0.19251903,0.80748097
IWN,3,0.04841934,0.95158066
IWN,3,0.08232389,0.91767611
IWN,3,0.05911021,0.94088979
IWN,3,0.05783507,0.94216493
IWN,3,0.04547916,0.95452084
IWN,3,0.04924212,0.95075788
IWN,3,0.06992573,0.93007427
IWN,3,0.08806901,0.91193099
IWN,3,0.07248224,0.92751776
IWN,3,0.06319209,0.93680791
IWN,3,0.04510592,0.95489408
IWN,3,0.05616272,0.94383728
IWN,3,0.04549221,0.95450779
IWN,3,0.08974597,0.91025403
IWN,3,0.04551734,0.95448266
IWN,3,0.04540463,0.95459537
IWN,3,0.07035814,0.92964186
IWN,3,0.05191489,0.94808511
IWN,3,0.05562965,0.94437035
IWN,3,0.04740419,0.95259581
IWN,3,0.07391866,0.92608134
IWN,3,0.04484359,0.95515641
IWN,3,0.04468902,0.95531098
IWN,3,0.10817066,0.89182934
IWN,3,0.04526480,0.95473520
IWN,3,0.08565034,0.91434966
IWN,3,0.04486569,0.95513431
IWN,3,0.04467760,0.95532240
IWN,3,0.04746832,0.95253168
IWN,3,0.05932439,0.94067561
IWN,3,0.04738122,0.95261878
IWN,3,0.16521409,0.83478591
IWN,3,0.04717704,0.95282296
IWN,3,0.06498555,0.93501445
IWN,3,0.16845955,0.83154045
IWN,3,0.04882526,0.95117474
IWN,3,0.06139644,0.93860356
IWN,3,0.04745251,0.95254749
IWN,3,0.04655890,0.95344110
IWN,3,0.09260455,0.90739545
IWN,3,0.04481452,0.95518548
IWN,3,0.06785091,0.93214909
IWN,3,0.06883587,0.93116413
IWN,3,0.04861783,0.95138217
IWN,3,0.04500183,0.95499817
IWN,3,0.06295623,0.93704377
IWN,3,0.05015041,0.94984959
IWN,3,0.05221180,0.94778820
IWN,3,0.04513413,0.95486587
IWN,3,0.04890856,0.95109144
IWN,3,0.04466679,0.95533321
IWN,3,0.05018749,0.94981251
IWN,3,0.06620152,0.93379848
IWN,3,0.04720378,0.95279622
IWN,3,0.04496201,0.95503799
IWN,3,0.09750327,0.90249673
IWN,3,0.08844367,0.91155633
IWN,3,0.04477525,0.95522475
IWN,3,0.04971884,0.95028116
IWN,3,0.04951644,0.95048356
IWN,3,0.04566865,0.95433135
IWN,3,0.04571037,0.95428963
IWN,3,0.04780735,0.95219265
IWN,3,0.11362884,0.88637116
IWN,3,0.04949787,0.95050213
IWN,3,0.06416358,0.93583642
IWN,3,0.09399957,0.90600043
IWN,3,0.15595963,0.84404037
IWN,3,0.12983949,0.87016051
IWN,3,0.04921986,0.95078014
IWN,3,0.11154361,0.88845639
IWN,3,0.10260008,0.89739992
IWN,3,0.22489936,0.77510064
IWN,3,0.09214784,0.90785216
IWN,3,0.06601210,0.93398790
IWN,3,0.08427318,0.91572682
IWN,3,0.04473926,0.95526074
IWN,3,0.29955865,0.70044135
IWN,3,0.06061116,0.93938884
IWN,3,0.07332895,0.92667105
IWN,3,0.04828892,0.95171108
IWN,3,0.07159270,0.92840730
IWN,3,0.04484380,0.95515620
IWN,3,0.04478110,0.95521890
IWN,3,0.06627398,0.93372602
IWN,3,0.06676616,0.93323384
IWN,3,0.04465915,0.95534085
IWN,3,0.11919233,0.88080767
IWN,3,0.05412676,0.94587324
IWN,3,0.11047543,0.88952457
IWN,3,0.05496149,0.94503851
IWN,3,0.13590271,0.86409729
IWN,3,0.04909214,0.95090786
IWN,3,0.04549628,0.95450372
IWN,3,0.05938118,0.94061882
IWN,3,0.04818238,0.95181762
IWN,3,0.06196092,0.93803908
IWN,3,0.08788065,0.91211935
IWN,3,0.05591413,0.94408587
IWN,3,0.04797892,0.95202108
IWN,3,0.08220216,0.91779784
IWN,3,0.04574577,0.95425423
IWN,3,0.05077537,0.94922463
IWN,3,0.04837507,0.95162493
IWN,3,0.04574642,0.95425358
IWN,3,0.05117149,0.94882851
IWN,3,0.00000000,0.00000000
IWN,3,0.99937463,0.00062537
IWN,3,0.06732584,0.93267416
IWN,3,0.04605589,0.95394411
IWN,3,0.04778053,0.95221947
IWN,3,0.05455851,0.94544149
IWN,3,0.04466968,0.95533032
IWN,3,0.04465969,0.95534031
IWN,3,0.04537495,0.95462505
IWN,3,0.04674662,0.95325338
IWN,3,0.09668573,0.90331427
IWN,3,0.06490737,0.93509263
IWN,3,0.04613774,0.95386226
IWN,3,0.19483766,0.80516234
IWN,3,0.04479537,0.95520463
IWN,3,0.04844712,0.95155288
IWN,3,0.05277931,0.94722069
IWN,3,0.08698771,0.91301229
IWN,3,0.05412036,0.94587964
IWN,3,0.04466594,0.95533406
IWN,3,0.18841166,0.81158834
IWN,3,0.09576202,0.90423798
IWN,3,0.04561369,0.95438631
IWN,3,0.04648867,0.95351133
IWN,3,0.05997698,0.94002302
IWN,3,0.04466426,0.95533574
IWN,3,0.04755389,0.95244611
IWN,3,0.08670640,0.91329360
IWN,3,0.08690275,0.91309725
IWN,3,0.12116545,0.87883455
IWN,3,0.10943659,0.89056341
IWN,3,0.05396242,0.94603758
IWN,3,0.04992971,0.95007029
IWN,3,0.04494748,0.95505252
IWN,3,0.06097810,0.93902190
IWN,3,0.04671767,0.95328233
IWN,3,0.04469027,0.95530973
IWN,3,0.05856308,0.94143692
IWN,3,0.05471048,0.94528952
IWN,3,0.11950941,0.88049059
IWN,3,0.11730929,0.88269071
IWN,3,0.04797832,0.95202168
IWN,3,0.04531223,0.95468777
IWN,3,0.04517327,0.95482673
IWN,3,0.05757988,0.94242012
IWN,3,0.06376974,0.93623026
IWN,3,0.05510049,0.94489951
IWN,3,0.10814975,0.89185025
IWN,3,0.04522814,0.95477186
IWN,3,0.04648184,0.95351816
IWN,3,0.04608369,0.95391631
IWN,3,0.05726299,0.94273701
IWN,3,0.04471632,0.95528368
IWN,3,0.04837099,0.95162901
IWN,3,0.05311544,0.94688456
IWN,3,0.11639413,0.88360587
IWN,3,0.06863104,0.93136896
IWN,3,0.04688535,0.95311465
IWN,3,0.21563958,0.78436042
IWN,3,0.04480745,0.95519255
IWN,3,0.05114344,0.94885656
IWN,3,0.09095967,0.90904033
IWN,3,0.04720728,0.95279272
IWN,3,0.05557914,0.94442086
IWN,3,0.05005442,0.94994558
IWN,3,0.04983943,0.95016057
IWN,3,0.05832982,0.94167018
IWN,3,0.06686055,0.93313945
IWN,3,0.04506902,0.95493098
IWN,3,0.06176934,0.93823066
IWN,3,0.04892146,0.95107854
IWN,3,0.09492139,0.90507861
IWN,3,0.12183858,0.87816142
IWN,3,0.04866850,0.95133150
IWN,3,0.05589796,0.94410204
IWN,3,0.05082571,0.94917429
IWN,3,0.04704943,0.95295057
IWN,3,0.04862539,0.95137461
IWN,3,0.08472627,0.91527373
IWN,3,0.04615489,0.95384511
IWN,3,0.05045469,0.94954531
IWN,3,0.10456621,0.89543379
IWN,3,0.35480813,0.64519187
IWN,3,0.05097422,0.94902578
IWN,3,0.05235379,0.94764621
IWN,3,0.05576713,0.94423287
IWN,3,0.10118556,0.89881444
IWN,3,0.09032819,0.90967181
IWN,3,0.04940494,0.95059506
IWN,3,0.10897054,0.89102946
IWN,3,0.04470308,0.95529692
IWN,3,0.08163714,0.91836286
IWN,3,0.17304384,0.82695616
IWN,3,0.10420344,0.89579656
IWN,3,0.06243971,0.93756029
IWN,3,0.21144237,0.78855763
IWN,3,0.05193008,0.94806992
IWN,3,0.06327495,0.93672505
IWN,3,0.12572180,0.87427820
IWN,3,0.09971308,0.90028692
IWN,3,0.06702608,0.93297392
IWN,3,0.05378115,0.94621885
IWN,3,0.13875100,0.86124900
IWN,3,0.04498763,0.95501237
IWN,3,0.04519960,0.95480040
IWN,3,0.04623196,0.95376804
IWN,3,0.04679075,0.95320925
IWN,3,0.04540874,0.95459126
IWN,3,0.05368305,0.94631695
IWN,3,0.05058007,0.94941993
IWN,3,0.04641755,0.95358245
IWN,3,0.09979128,0.90020872
IWN,3,0.04545891,0.95454109
IWN,3,0.11666230,0.88333770
IWN,3,0.05417773,0.94582227
IWN,3,0.06619288,0.93380712
IWN,3,0.04682223,0.95317777
IWN,3,0.04645180,0.95354820
IWN,3,0.04469794,0.95530206
IWN,3,0.10183590,0.89816410
IWN,3,0.04507447,0.95492553
IWN,3,0.04750796,0.95249204
IWN,3,0.14408077,0.85591923
IWN,3,0.04501728,0.95498272
IWN,3,0.05458114,0.94541886
IWN,3,0.04475389,0.95524611
IWN,3,0.04810294,0.95189706
IWN,3,0.04517766,0.95482234
IWN,3,0.04857013,0.95142987
IWN,3,0.04513473,0.95486527
IWN,3,0.04478725,0.95521275
IWN,3,0.04501934,0.95498066
IWN,3,0.06782299,0.93217701
IWN,3,0.04622356,0.95377644
IWN,3,0.08119326,0.91880674
IWN,3,0.04592743,0.95407257
IWN,3,0.06220336,0.93779664
IWN,3,0.05286479,0.94713521
IWN,3,0.04770310,0.95229690
IWN,3,0.08594119,0.91405881
IWN,3,0.04858712,0.95141288
IWN,3,0.04829959,0.95170041
IWN,3,0.05332375,0.94667625
IWN,3,0.12616978,0.87383022
IWN,3,0.05634008,0.94365992
IWN,3,0.04558259,0.95441741
IWN,3,0.06807470,0.93192530
IWN,3,0.05670023,0.94329977
IWN,3,0.05401043,0.94598957
IWN,3,0.04500598,0.95499402
IWN,3,0.05114768,0.94885232
IWN,3,0.04487256,0.95512744
IWN,3,0.05038451,0.94961549
IWN,3,0.04467848,0.95532152
IWN,3,0.08314985,0.91685015
IWN,3,0.06983136,0.93016864
IWN,3,0.04755706,0.95244294
IWN,3,0.09270307,0.90729693
IWN,3,0.04479506,0.95520494
IWN,3,0.07334581,0.92665419
IWN,3,0.05001963,0.94998037
IWN,3,0.04688386,0.95311614
IWN,3,0.04543227,0.95456773
IWN,3,0.06186462,0.93813538
IWN,3,0.08370424,0.91629576
IWN,3,0.04850845,0.95149155
IWN,3,0.05590233,0.94409767
IWN,3,0.08236580,0.91763420
IWN,3,0.05184082,0.94815918
IWN,3,0.05614519,0.94385481
IWN,3,0.04476992,0.95523008
IWN,3,0.05012565,0.94987435
IWN,3,0.08903565,0.91096435
IWN,3,0.05425292,0.94574708
IWN,3,0.05872768,0.94127232
IWN,3,0.04496296,0.95503704
IWN,3,0.05016598,0.94983402
IWN,3,0.05930112,0.94069888
IWN,3,0.04536050,0.95463950
IWN,3,0.05985335,0.94014665
IWN,3,0.04635981,0.95364019
IWN,3,0.09116610,0.90883390
IWN,3,0.10672941,0.89327059
IWN,3,0.04501720,0.95498280
IWN,3,0.04721745,0.95278255
IWN,3,0.05341658,0.94658342
IWN,3,0.09908184,0.90091816
IWN,3,0.04495095,0.95504905
IWN,3,0.04753300,0.95246700
IWN,3,0.07359848,0.92640152
IWN,3,0.04615103,0.95384897
IWN,3,0.07236404,0.92763596
IWN,3,0.06257561,0.93742439
IWN,3,0.04534475,0.95465525
IWN,3,0.04492341,0.95507659
IWN,3,0.04474247,0.95525753
IWN,3,0.09582999,0.90417001
IWN,3,0.06912462,0.93087538
IWN,3,0.04639349,0.95360651
IWN,3,0.06219967,0.93780033
IWN,3,0.04492851,0.95507149
IWN,3,0.04751395,0.95248605
IWN,3,0.14903374,0.85096626
IWN,3,0.04595598,0.95404402
IWN,3,0.04710988,0.95289012
IWN,3,0.05065945,0.94934055
IWN,3,0.04574831,0.95425169
IWN,3,0.04547851,0.95452149
IWN,3,0.04507051,0.95492949
IWN,3,0.09464779,0.90535221
IWN,3,0.04910579,0.95089421
IWN,3,0.09615541,0.90384459
IWN,3,0.05944986,0.94055014
IWN,3,0.04751857,0.95248143
IWN,3,0.04654417,0.95345583
IWN,3,0.56810553,0.43189447
IWN,3,0.06656051,0.93343949
IWN,3,0.04910020,0.95089980
IWN,3,0.04625316,0.95374684
IWN,3,0.05378091,0.94621909
IWN,3,0.04655994,0.95344006
IWN,3,0.05176843,0.94823157
IWN,3,0.05067118,0.94932882
IWN,3,0.05531265,0.94468735
IWN,3,0.05599124,0.94400876
IWN,3,0.07357248,0.92642752
IWN,3,0.04466561,0.95533439
IWN,3,0.06443267,0.93556733
IWN,3,0.06453949,0.93546051
IWN,3,0.04479201,0.95520799
IWN,3,0.04467161,0.95532839
IWN,3,0.05150966,0.94849034
IWN,3,0.20520307,0.79479693
IWN,3,0.22121321,0.77878679
IWN,3,0.04979196,0.95020804
IWN,3,0.04469872,0.95530128
IWN,3,0.09688817,0.90311183
IWN,3,0.07243862,0.92756138
IWN,3,0.06470859,0.93529141
IWN,3,0.04731995,0.95268005
IWN,3,0.12484891,0.87515109
IWN,3,0.06438963,0.93561037
IWN,3,0.19138681,0.80861319
IWN,3,0.04547964,0.95452036
IWN,3,0.38214674,0.61785326
IWN,3,0.07244233,0.92755767
IWN,3,0.35252332,0.64747668
IWN,3,0.04575843,0.95424157
IWN,3,0.68589213,0.31410787
IWN,3,0.04817728,0.95182272
IWN,3,0.05233165,0.94766835
IWN,3,0.04610129,0.95389871
IWN,3,0.05367014,0.94632986
IWN,3,0.25683648,0.74316352
IWN,3,0.13540181,0.86459819
IWN,3,0.05496759,0.94503241
IWN,3,0.91092053,0.08907947
IWN,3,0.08106368,0.91893632
IWN,3,0.16643146,0.83356854
IWN,3,0.04592360,0.95407640
IWN,3,0.12953874,0.87046126
IWN,3,0.04565855,0.95434145
IWN,3,0.04497601,0.95502399
IWN,3,0.08444699,0.91555301
IWN,3,0.16114443,0.83885557
IWN,3,0.04889060,0.95110940
IWN,3,0.89563293,0.10436707
IWN,3,0.05425553,0.94574447
IWN,3,0.06959151,0.93040849
IWN,3,0.07702771,0.92297229
IWN,3,0.04652256,0.95347744
IWN,3,0.08332991,0.91667009
IWN,3,0.04562144,0.95437856
IWN,3,0.05574801,0.94425199
IWN,3,0.11994697,0.88005303
IWN,3,0.26996478,0.73003522
IWN,3,0.04718900,0.95281100
IWN,3,0.04642793,0.95357207
IWN,3,0.07188738,0.92811262
IWN,3,0.30242724,0.69757276
IWN,3,0.26937262,0.73062738
IWN,3,0.12088157,0.87911843
IWN,3,0.42737462,0.57262538
IWN,3,0.05653671,0.94346329
IWN,3,0.04514896,0.95485104
IWN,3,0.07264884,0.92735116
IWN,3,0.24030381,0.75969619
IWN,3,0.04466053,0.95533947
IWN,3,0.08696401,0.91303599
IWN,3,0.06068619,0.93931381
IWN,3,0.06768988,0.93231012
IWN,3,0.04588953,0.95411047
IWN,3,0.05307695,0.94692305
IWN,3,0.08850950,0.91149050
IWN,3,0.05125137,0.94874863
IWN,3,0.05076053,0.94923947
IWN,3,0.05733501,0.94266499
IWN,3,0.04725439,0.95274561
IWN,3,0.25601563,0.74398437
IWN,3,0.07512083,0.92487917
IWN,3,0.04655501,0.95344499
IWN,3,0.04468896,0.95531104
IWN,3,0.05197098,0.94802902
IWN,3,0.04512036,0.95487964
IWN,3,0.06418538,0.93581462
IWN,3,0.04514476,0.95485524
IWN,3,0.04466614,0.95533386
IWN,3,0.07218569,0.92781431
IWN,3,0.08280206,0.91719794
IWN,3,0.05314934,0.94685066
IWN,3,0.04524836,0.95475164
IWN,3,0.04581961,0.95418039
IWN,3,0.05492879,0.94507121
IWN,3,0.15827928,0.84172072
IWN,3,0.05874855,0.94125145
IWN,3,0.04728847,0.95271153
IWN,3,0.04511465,0.95488535
IWN,3,0.24871460,0.75128540
IWN,3,0.05482263,0.94517737
IWN,3,0.04984789,0.95015211
IWN,3,0.04778646,0.95221354
IWN,3,0.04497431,0.95502569
IWN,3,0.04922145,0.95077855
IWN,3,0.08178022,0.91821978
IWN,3,0.06150564,0.93849436
IWN,3,0.07593649,0.92406351
IWN,3,0.08735681,0.91264319
IWN,3,0.04605284,0.95394716
IWN,3,0.04781899,0.95218101
IWN,3,0.04548381,0.95451619
IWN,3,0.06995375,0.93004625
IWN,3,0.05259884,0.94740116
IWN,3,0.04465905,0.95534095
IWN,3,0.18893276,0.81106724
IWN,3,0.07349890,0.92650110
IWN,3,0.04751482,0.95248518
IWN,3,0.05091686,0.94908314
IWN,3,0.04470391,0.95529609
IWN,3,0.05192793,0.94807207
IWN,3,0.16702654,0.83297346
IWN,3,0.05853044,0.94146956
IWN,3,0.05501927,0.94498073
IWN,3,0.04847764,0.95152236
IWN,3,0.04566387,0.95433613
IWN,3,0.04900519,0.95099481
IWN,3,0.05187042,0.94812958
IWN,3,0.04551224,0.95448776
IWN,3,0.04492183,0.95507817
IWN,3,0.04754494,0.95245506
IWN,3,0.06918739,0.93081261
IWN,3,0.08405497,0.91594503
IWN,3,0.05157768,0.94842232
IWN,3,0.05086599,0.94913401
IWN,3,0.11985849,0.88014151
IWN,3,0.05040782,0.94959218
IWN,3,0.04823356,0.95176644
IWN,3,0.10328462,0.89671538
IWN,3,0.04465902,0.95534098
IWN,3,0.06452513,0.93547487
IWN,3,0.06787939,0.93212061
IWN,3,0.06407025,0.93592975
IWN,3,0.04889887,0.95110113
IWN,3,0.14124360,0.85875640
IWN,3,0.05691281,0.94308719
IWN,3,0.04538581,0.95461419
IWN,3,0.04476815,0.95523185
IWN,3,0.04469495,0.95530505
IWN,3,0.04575574,0.95424426
IWN,3,0.04468021,0.95531979
IWN,3,0.04544185,0.95455815
IWN,3,0.35599838,0.64400162
IWN,3,0.04892497,0.95107503
IWN,3,0.08075131,0.91924869
IWN,3,0.04486388,0.95513612
IWN,3,0.04998599,0.95001401
IWN,3,0.14751630,0.85248370
IWN,3,0.04552211,0.95447789
IWN,3,0.04821305,0.95178695
IWN,3,0.05098444,0.94901556
IWN,3,0.04588132,0.95411868
IWN,3,0.04592439,0.95407561
IWN,3,0.04781563,0.95218437
IWN,3,0.04497957,0.95502043
IWN,3,0.05162702,0.94837298
IWN,3,0.04471854,0.95528146
IWN,3,0.08153288,0.91846712
IWN,3,0.04466379,0.95533621
IWN,3,0.04897242,0.95102758
IWN,3,0.04709330,0.95290670
IWN,3,0.04585584,0.95414416
IWN,3,0.07701399,0.92298601
IWN,3,0.08077499,0.91922501
IWN,3,0.04702869,0.95297131
IWN,3,0.06493819,0.93506181
IWN,3,0.04577432,0.95422568
IWN,3,0.04477550,0.95522450
IWN,3,0.13828396,0.86171604
IWN,3,0.04488788,0.95511212
IWN,3,0.04871296,0.95128704
IWN,3,0.04515584,0.95484416
IWN,3,0.07677347,0.92322653
IWN,3,0.05687822,0.94312178
IWN,3,0.04790244,0.95209756
IWN,3,0.04932013,0.95067987
IWN,3,0.06964546,0.93035454
IWN,3,0.05540378,0.94459622
IWN,3,0.05181587,0.94818413
IWN,3,0.05470493,0.94529507
IWN,3,0.07092710,0.92907290
IWN,3,0.07698883,0.92301117
IWN,3,0.04712018,0.95287982
IWN,3,0.06017777,0.93982223
IWN,3,0.07395284,0.92604716
IWN,3,0.04581664,0.95418336
IWN,3,0.06247862,0.93752138
IWN,3,0.04473042,0.95526958
IWN,3,0.04471897,0.95528103
IWN,3,0.04734509,0.95265491
IWN,3,0.07191563,0.92808437
IWN,3,0.04638989,0.95361011
IWN,3,0.07311150,0.92688850
IWN,3,0.04524232,0.95475768
IWN,3,0.05816599,0.94183401
IWN,3,0.04469349,0.95530651
IWN,3,0.04513976,0.95486024
IWN,3,0.04779050,0.95220950
IWN,3,0.05691948,0.94308052
IWN,3,0.04479396,0.95520604
IWN,3,0.04585204,0.95414796
IWN,3,0.04946022,0.95053978
IWN,3,0.04637667,0.95362333
IWN,3,0.97200605,0.02799395
IWN,3,0.05061804,0.94938196
IWN,3,0.04812035,0.95187965
IWN,3,0.13398594,0.86601406
IWN,3,0.20232360,0.79767640
IWN,3,0.28489634,0.71510366
IWN,3,0.04664174,0.95335826
IWN,3,0.06139726,0.93860274
IWN,3,0.05447685,0.94552315
IWN,3,0.04615671,0.95384329
IWN,3,0.41051802,0.58948198
IWN,3,0.05893977,0.94106023
IWN,3,0.07826172,0.92173828
IWN,3,0.05653796,0.94346204
IWN,3,0.07889252,0.92110748
IWN,3,0.05549383,0.94450617
IWN,3,0.15129897,0.84870103
IWN,3,0.04507587,0.95492413
IWN,3,0.04530984,0.95469016
IWN,3,0.04537907,0.95462093
IWN,3,0.05805097,0.94194903
IWN,3,0.05531237,0.94468763
IWN,3,0.04714088,0.95285912
IWN,3,0.04749551,0.95250449
IWN,3,0.04466281,0.95533719
IWN,3,0.09474425,0.90525575
IWN,3,0.04625286,0.95374714
IWN,3,0.04468110,0.95531890
IWN,3,0.04474097,0.95525903
IWN,3,0.04605959,0.95394041
IWN,3,0.05837662,0.94162338
IWN,3,0.05101797,0.94898203
IWN,3,0.05197426,0.94802574
IWN,3,0.10397167,0.89602833
IWN,3,0.04589972,0.95410028
IWN,3,0.05241659,0.94758341
IWN,3,0.05202600,0.94797400
IWN,3,0.07338163,0.92661837
IWN,3,0.04466321,0.95533679
IWN,3,0.04486685,0.95513315
IWN,3,0.04739546,0.95260454
IWN,3,0.04559886,0.95440114
IWN,3,0.04820989,0.95179011
IWN,3,0.21394560,0.78605440
IWN,3,0.04746013,0.95253987
IWN,3,0.07664174,0.92335826
IWN,3,0.04526719,0.95473281
IWN,3,0.04935174,0.95064826
IWN,3,0.04482218,0.95517782
IWN,3,0.04624395,0.95375605
IWN,3,0.04470871,0.95529129
IWN,3,0.09497677,0.90502323
IWN,3,0.07141494,0.92858506
IWN,3,0.05150022,0.94849978
IWN,3,0.06315839,0.93684161
IWN,3,0.05640846,0.94359154
IWN,3,0.05440231,0.94559769
IWN,3,0.05274731,0.94725269
IWN,3,0.06124519,0.93875481
IWN,3,0.06079216,0.93920784
IWN,3,0.04721074,0.95278926
IWN,3,0.09290312,0.90709688
IWN,3,0.05211216,0.94788784
IWN,3,0.06546281,0.93453719
IWN,3,0.05354766,0.94645234
IWN,3,0.04527437,0.95472563
IWN,3,0.07896224,0.92103776
IWN,3,0.04473341,0.95526659
IWN,3,0.05178922,0.94821078
IWN,3,0.06958161,0.93041839
IWN,3,0.15875922,0.84124078
IWN,3,0.07904764,0.92095236
IWN,3,0.04524729,0.95475271
IWN,3,0.08663150,0.91336850
IWN,3,0.07370608,0.92629392
IWN,3,0.04875195,0.95124805
IWN,3,0.15982851,0.84017149
IWN,3,0.05235175,0.94764825
IWN,3,0.04484552,0.95515448
IWN,3,0.11280983,0.88719017
IWN,3,0.04663789,0.95336211
IWN,3,0.06899125,0.93100875
IWN,3,0.04739372,0.95260628
IWN,3,0.05360429,0.94639571
IWN,3,0.14586477,0.85413523
IWN,3,0.04506864,0.95493136
IWN,3,0.05615837,0.94384163
IWN,3,0.07093268,0.92906732
IWN,3,0.04648015,0.95351985
IWN,3,0.04481418,0.95518582
IWN,3,0.04523836,0.95476164
IWN,3,0.04468903,0.95531097
IWN,3,0.15562218,0.84437782
IWN,3,0.04653632,0.95346368
IWN,3,0.11659434,0.88340566
IWN,3,0.04468511,0.95531489
IWN,3,0.05959857,0.94040143
IWN,3,0.04466081,0.95533919
IWN,3,0.04939564,0.95060436
IWN,3,0.04749129,0.95250871
IWN,3,0.15496380,0.84503620
IWN,3,0.04516100,0.95483900
IWN,3,0.55670477,0.44329523
IWN,3,0.04546100,0.95453900
IWN,3,0.62718199,0.37281801
IWN,3,0.32422262,0.67577738
IWN,3,0.09459312,0.90540688
IWN,3,0.08065379,0.91934621
IWN,3,0.04993215,0.95006785
IWN,3,0.05479802,0.94520198
IWN,3,0.99348067,0.00651933
IWN,3,0.08717798,0.91282202
IWN,3,0.05741565,0.94258435
IWN,3,0.41907782,0.58092218
IWN,3,0.25922461,0.74077539
IWN,3,0.24299959,0.75700041
IWN,3,0.07294717,0.92705283
IWN,3,0.27237943,0.72762057
IWN,3,0.08346531,0.91653469
IWN,3,0.60381334,0.39618666
IWN,3,0.24024644,0.75975356
IWN,3,0.04467360,0.95532640
IWN,3,0.04612056,0.95387944
IWN,3,0.08559995,0.91440005
IWN,3,0.09705759,0.90294241
IWN,3,0.07536930,0.92463070
IWN,3,0.07399681,0.92600319
IWN,3,0.54986984,0.45013016
IWN,3,0.37983915,0.62016085
IWN,3,0.05020704,0.94979296
IWN,3,0.05727025,0.94272975
IWN,3,0.07229497,0.92770503
IWN,3,0.10917924,0.89082076
IWN,3,0.04489547,0.95510453
IWN,3,0.15386904,0.84613096
IWN,3,0.06633697,0.93366303
IWN,3,0.12305102,0.87694898
IWN,3,0.06104409,0.93895591
IWN,3,0.04679275,0.95320725
IWN,3,0.04755673,0.95244327
IWN,3,0.05666126,0.94333874
IWN,3,0.98144174,0.01855826
IWN,3,0.11721146,0.88278854
IWN,3,0.07722635,0.92277365
IWN,3,0.04492569,0.95507431
IWN,3,0.05689540,0.94310460
IWN,3,0.05076483,0.94923517
IWN,3,0.05609815,0.94390185
IWN,3,0.04576481,0.95423519
IWN,3,0.06673471,0.93326529
IWN,3,0.35472168,0.64527832
IWN,3,0.05225697,0.94774303
IWN,3,0.04675362,0.95324638
IWN,3,0.04493158,0.95506842
IWN,3,0.14719390,0.85280610
IWN,3,0.05355167,0.94644833
IWN,3,0.05208644,0.94791356
IWN,3,0.04918693,0.95081307
IWN,3,0.06362392,0.93637608
IWN,3,0.05183603,0.94816397
IWN,3,0.11397057,0.88602943
IWN,3,0.06429283,0.93570717
IWN,3,0.04466396,0.95533604
IWN,3,0.04825451,0.95174549
IWN,3,0.67131997,0.32868003
IWN,3,0.06359045,0.93640955
IWN,3,0.06759609,0.93240391
IWN,3,0.08028669,0.91971331
IWN,3,0.04865679,0.95134321
IWN,3,0.12912237,0.87087763
IWN,3,0.04572670,0.95427330
IWN,3,0.06401541,0.93598459
IWN,3,0.10094309,0.89905691
IWN,3,0.96909235,0.03090765
IWN,3,0.05061549,0.94938451
IWN,3,0.06242625,0.93757375
IWN,3,0.09431399,0.90568601
IWN,3,0.68622904,0.31377096
IWN,3,0.05719311,0.94280689
IWN,3,0.05046577,0.94953423
IWN,3,0.05379070,0.94620930
IWN,3,0.69148170,0.30851830
IWN,3,0.04600037,0.95399963
IWN,3,0.09062117,0.90937883
IWN,3,0.07482154,0.92517846
IWN,3,0.29786798,0.70213202
IWN,3,0.04812477,0.95187523
IWN,3,0.13346308,0.86653692
IWN,3,0.04466205,0.95533795
IWN,3,0.97194069,0.02805931
IWN,3,0.05183896,0.94816104
IWN,3,0.04465915,0.95534085
IWN,3,0.07442668,0.92557332
IWN,3,0.12294737,0.87705263
IWN,3,0.20243639,0.79756361
IWN,3,0.53549216,0.46450784
IWN,3,0.04588890,0.95411110
IWN,3,0.09735987,0.90264013
IWN,3,0.90819024,0.09180976
IWN,3,0.04832352,0.95167648
IWN,3,0.04747296,0.95252704
IWN,3,0.27336702,0.72663298
IWN,3,0.09285752,0.90714248
IWN,3,0.14651488,0.85348512
IWN,3,0.04875598,0.95124402
IWN,3,0.11959734,0.88040266
IWN,3,0.31231656,0.68768344
IWN,3,0.05580734,0.94419266
IWN,3,0.04591812,0.95408188
IWN,3,0.65487033,0.34512967
IWN,3,0.05341317,0.94658683
IWN,3,0.06297096,0.93702904
IWN,3,0.07106530,0.92893470
IWN,3,0.16023320,0.83976680
IWN,3,0.46191960,0.53808040
IWN,3,0.04779941,0.95220059
IWN,3,0.48857684,0.51142316
IWN,3,0.06020908,0.93979092
IWN,3,0.10229717,0.89770283
IWN,3,0.20326572,0.79673428
IWN,3,0.05422839,0.94577161
IWN,3,0.30799196,0.69200804
IWN,3,0.07382984,0.92617016
IWN,3,0.36351828,0.63648172
IWN,3,0.10764048,0.89235952
IWN,3,0.04675691,0.95324309
IWN,3,0.98083293,0.01916707
IWN,3,0.04658245,0.95341755
IWN,3,0.04935350,0.95064650
IWN,3,0.38883208,0.61116792
IWN,3,0.04853763,0.95146237
IWN,3,0.11870534,0.88129466
IWN,3,0.62075028,0.37924972
IWN,3,0.31021972,0.68978028
IWN,3,0.06020493,0.93979507
IWN,3,0.62614150,0.37385850
IWN,3,0.06368410,0.93631590
IWN,3,0.12017811,0.87982189
IWN,3,0.05263330,0.94736670
IWN,3,0.04740104,0.95259896
IWN,3,0.06112220,0.93887780
IWN,3,0.27257071,0.72742929
IWN,3,0.28743159,0.71256841
IWN,3,0.04721126,0.95278874
IWN,3,0.04481241,0.95518759
IWN,3,0.09632008,0.90367992
IWN,3,0.19548496,0.80451504
IWN,3,0.04466002,0.95533998
IWN,3,0.32415850,0.67584150
IWN,3,0.05189417,0.94810583
IWN,3,0.04472310,0.95527690
IWN,3,0.14522553,0.85477447
IWN,3,0.28565985,0.71434015
IWN,3,0.06690532,0.93309468
IWN,3,0.04869093,0.95130907
IWN,3,0.04550036,0.95449964
IWN,3,0.67518889,0.32481111
IWN,3,0.04477959,0.95522041
IWN,3,0.12471302,0.87528698
IWN,3,0.99763148,0.00236852
IWN,3,0.07262346,0.92737654
IWN,3,0.12893317,0.87106683
IWN,3,0.24354717,0.75645283
IWN,3,0.12304003,0.87695997
IWN,3,0.99792269,0.00207731
IWN,3,0.44107529,0.55892471
IWN,3,0.46648159,0.53351841
IWN,3,0.49013713,0.50986287
IWN,3,0.04591224,0.95408776
IWN,3,0.04790882,0.95209118
IWN,3,0.12502460,0.87497540
IWN,3,0.13184319,0.86815681
IWN,3,0.04806559,0.95193441
IWN,3,0.95848489,0.04151511
IWN,3,0.04737957,0.95262043
IWN,3,0.04473974,0.95526026
IWN,3,0.04522677,0.95477323
IWN,3,0.04792755,0.95207245
IWN,3,0.04543603,0.95456397
IWN,3,0.21413307,0.78586693
IWN,3,0.07042687,0.92957313
IWN,3,0.24406182,0.75593818
IWN,3,0.05365667,0.94634333
IWN,3,0.08745159,0.91254841
IWN,3,0.56634609,0.43365391
IWN,3,0.04606312,0.95393688
IWN,3,0.08525716,0.91474284
IWN,3,0.04604094,0.95395906
IWN,3,0.23816007,0.76183993
IWN,3,0.04494082,0.95505918
IWN,3,0.09245280,0.90754720
IWN,3,0.05418528,0.94581472
IWN,3,0.05230934,0.94769066
IWN,3,0.05180250,0.94819750
IWN,3,0.05785824,0.94214176
IWN,3,0.14206764,0.85793236
IWN,3,0.04573513,0.95426487
IWN,3,0.04741297,0.95258703
IWN,3,0.04632091,0.95367909
IWN,3,0.08270993,0.91729007
IWN,3,0.04484327,0.95515673
IWN,3,0.04598088,0.95401912
IWN,3,0.09084042,0.90915958
IWN,3,0.05191748,0.94808252
IWN,3,0.04531356,0.95468644
IWN,3,0.06128395,0.93871605
IWN,3,0.05054035,0.94945965
IWN,3,0.04701659,0.95298341
IWN,3,0.04482138,0.95517862
IWN,3,0.06528965,0.93471035
IWN,3,0.06225981,0.93774019
IWN,3,0.08388751,0.91611249
IWN,3,0.07223341,0.92776659
IWN,3,0.04986428,0.95013572
IWN,3,0.06159475,0.93840525
IWN,3,0.04488561,0.95511439
IWN,3,0.05005197,0.94994803
IWN,3,0.04934871,0.95065129
IWN,3,0.05549245,0.94450755
IWN,3,0.30184878,0.69815122
IWN,3,0.51997150,0.48002850
IWN,3,0.05779074,0.94220926
IWN,3,0.04559336,0.95440664
IWN,3,0.22979832,0.77020168
IWN,3,0.04586227,0.95413773
IWN,3,0.09587924,0.90412076
IWN,3,0.06475280,0.93524720
IWN,3,0.06140220,0.93859780
IWN,3,0.05227241,0.94772759
IWN,3,0.05442364,0.94557636
IWN,3,0.09955561,0.90044439
IWN,3,0.09036013,0.90963987
IWN,3,0.08512044,0.91487956
IWN,3,0.06195781,0.93804219
IWN,3,0.31531147,0.68468853
IWN,3,0.04711515,0.95288485
IWN,3,0.09766895,0.90233105
IWN,3,0.04507159,0.95492841
IWN,3,0.51103986,0.48896014
IWN,3,0.06962170,0.93037830
IWN,3,0.07548783,0.92451217
IWN,3,0.98809695,0.01190305
IWN,3,0.80418334,0.19581666
IWN,3,0.05573521,0.94426479
IWN,3,0.05278579,0.94721421
IWN,3,0.17898520,0.82101480
IWN,3,0.06251104,0.93748896
IWN,3,0.99508483,0.00491517
IWN,3,0.35138718,0.64861282
IWN,3,0.04605876,0.95394124
IWN,3,0.05289389,0.94710611
IWN,3,0.74501615,0.25498385
IWN,3,0.07198846,0.92801154
IWN,3,0.57831547,0.42168453
IWN,3,0.06518998,0.93481002
IWN,3,0.32082767,0.67917233
IWN,3,0.70122438,0.29877562
IWN,3,0.04643741,0.95356259
IWN,3,0.06565681,0.93434319
IWN,3,0.05599951,0.94400049
IWN,3,0.10095708,0.89904292
IWN,3,0.44730849,0.55269151
IWN,3,0.04921301,0.95078699
IWN,3,0.17989362,0.82010638
IWN,3,0.74372631,0.25627369
IWN,3,0.53190081,0.46809919
IWN,3,0.05078192,0.94921808
IWN,3,0.04567415,0.95432585
IWN,3,0.06088334,0.93911666
IWN,3,0.04743664,0.95256336
IWN,3,0.13473651,0.86526349
IWN,3,0.14054623,0.85945377
IWN,3,0.04602215,0.95397785
IWN,3,0.07999124,0.92000876
IWN,3,0.18246116,0.81753884
IWN,3,0.22238817,0.77761183
IWN,3,0.04471346,0.95528654
IWN,3,0.07716767,0.92283233
IWN,3,0.34698452,0.65301548
IWN,3,0.06091643,0.93908357
IWN,3,0.04909709,0.95090291
IWN,3,0.06654383,0.93345617
IWN,3,0.59545900,0.40454100
IWN,3,0.04511919,0.95488081
IWN,3,0.63903395,0.36096605
IWN,3,0.64885242,0.35114758
IWN,3,0.05897752,0.94102248
IWN,3,0.06018002,0.93981998
IWN,3,0.04488832,0.95511168
IWN,3,0.98202738,0.01797262
IWN,3,0.36117355,0.63882645
IWN,3,0.99690293,0.00309707
IWN,3,0.99999990,0.00000010
IWN,3,0.99996990,0.00003010
IWN,3,0.99953447,0.00046553
IWN,3,0.20905697,0.79094303
IWN,3,0.08257633,0.91742367
IWN,3,0.04561165,0.95438835
IWN,3,0.05134559,0.94865441
IWN,3,1.00000000,0.00000000
IWN,3,0.99989231,0.00010769
IWN,3,0.18035794,0.81964206
IWN,3,0.99855827,0.00144173
IWN,3,0.39194577,0.60805423
IWN,3,0.39163656,0.60836344
IWN,3,1.00000000,0.00000000
IWN,3,0.40467705,0.59532295
IWN,3,1.00000000,0.00000000
IWN,3,0.99974023,0.00025977
IWN,3,1.00000000,0.00000000
IWN,3,0.10553903,0.89446097
IWN,3,1.00000000,0.00000000
IWN,3,0.99989314,0.00010686
IWN,3,0.18268513,0.81731487
IWN,3,0.92442378,0.07557622
IWN,3,0.46745777,0.53254223
IWN,3,0.99868708,0.00131292
IWN,3,0.77629065,0.22370935
IWN,3,0.97667743,0.02332257
IWN,3,0.98994671,0.01005329
IWN,3,1.00000000,0.00000000
IWN,3,0.08782180,0.91217820
IWN,3,0.99988639,0.00011361
IWN,3,0.93743211,0.06256789
IWN,3,0.06085268,0.93914732
IWN,3,0.07306074,0.92693926
IWN,3,0.99999900,0.00000100
IWN,3,0.86912905,0.13087095
IWN,3,0.19301227,0.80698773
IWN,3,0.47457408,0.52542592
IWN,3,0.18935709,0.81064291
IWN,3,0.99999182,0.00000818
IWN,3,1.00000000,0.00000000
IWN,3,1.00000000,0.00000000
IWN,3,0.06760904,0.93239096
IWN,3,0.04574098,0.95425902
IWN,3,1.00000000,0.00000000
IWN,3,0.99999999,0.00000001
IWN,3,0.99989453,0.00010547
IWN,3,0.99999999,0.00000001
IWN,3,0.22579744,0.77420256
IWN,3,0.99714250,0.00285750
IWN,3,0.28640546,0.71359454
IWN,3,1.00000000,0.00000000
IWN,3,0.99802593,0.00197407
IWN,3,0.98357764,0.01642236
IWN,3,0.41866074,0.58133926
IWN,3,0.97868423,0.02131577
IWN,3,0.95986607,0.04013393
IWN,3,0.94724896,0.05275104
IWN,3,0.31928991,0.68071009
IWN,3,0.99985684,0.00014316
IWN,3,0.78330416,0.21669584
IWN,3,0.52001721,0.47998279
IWN,3,0.99999910,0.00000090
IWN,3,0.06619888,0.93380112
IWN,3,0.08180089,0.91819911
IWN,3,0.05963772,0.94036228
IWN,3,0.10653192,0.89346808
IWN,3,0.14342902,0.85657098
IWN,3,0.05248026,0.94751974
IWN,3,0.09359130,0.90640870
IWN,3,0.24081398,0.75918602
IWN,3,0.86668607,0.13331393
IWN,3,0.77891777,0.22108223
IWN,3,0.04695961,0.95304039
IWN,3,0.04526562,0.95473438
IWN,3,0.13310819,0.86689181
IWN,3,0.62069944,0.37930056
IWN,3,0.05198062,0.94801938
IWN,3,0.99325610,0.00674390
IWN,3,0.47729623,0.52270377
IWN,3,0.07257791,0.92742209
IWN,3,0.99449379,0.00550621
IWN,3,0.06631222,0.93368778
IWN,3,0.08641564,0.91358436
IWN,3,1.00000000,0.00000000
IWN,3,0.99690050,0.00309950
IWN,3,0.77709181,0.22290819
IWN,3,0.06024962,0.93975038
IWN,3,0.06580596,0.93419404
IWN,3,0.06342395,0.93657605
IWN,3,0.96891021,0.03108979
IWN,3,0.99216119,0.00783881
IWN,3,0.52611236,0.47388764
IWN,3,0.10173270,0.89826730
IWN,3,0.04470567,0.95529433
IWN,3,0.07383435,0.92616565
IWN,3,0.07087416,0.92912584
IWN,3,0.95101414,0.04898586
IWN,3,0.04518575,0.95481425
IWN,3,0.99959005,0.00040995
IWN,3,0.04468121,0.95531879
IWN,3,0.04702127,0.95297873
IWN,3,0.15068006,0.84931994
IWN,3,0.93855312,0.06144688
IWN,3,0.13109084,0.86890916
IWN,3,0.15200623,0.84799377
IWN,3,0.10386863,0.89613137
IWN,3,0.97811012,0.02188988
IWN,3,0.97631257,0.02368743
IWN,3,0.17003795,0.82996205
IWN,3,0.18925894,0.81074106
IWN,3,0.06153715,0.93846285
IWN,3,0.99939052,0.00060948
IWN,3,0.27619437,0.72380563
IWN,3,0.08606622,0.91393378
IWN,3,0.99999411,0.00000589
IWN,3,0.04488980,0.95511020
IWN,3,0.25461824,0.74538176
IWN,3,0.99999992,0.00000008
IWN,3,0.04508325,0.95491675
IWN,3,0.99999923,0.00000077
IWN,3,0.15346734,0.84653266
IWN,3,0.19183858,0.80816142
IWN,3,0.99874618,0.00125382
IWN,3,0.95001867,0.04998133
IWN,3,0.06244729,0.93755271
IWN,3,0.93273261,0.06726739
IWN,3,1.00000000,0.00000000
IWN,3,0.94512486,0.05487514
IWN,3,0.24105415,0.75894585
IWN,3,0.99801304,0.00198696
IWN,3,0.97303855,0.02696145
IWN,3,0.92969081,0.07030919
IWN,3,0.15283835,0.84716165
IWN,3,0.10465677,0.89534323
IWN,3,0.99994830,0.00005170
IWN,3,0.11763389,0.88236611
IWN,3,0.11386705,0.88613295
IWN,3,0.94059069,0.05940931
IWN,3,0.13141610,0.86858390
IWN,3,0.99999880,0.00000120
IWN,3,0.04525242,0.95474758
IWN,3,0.97690303,0.02309697
IWN,3,0.31896507,0.68103493
IWN,3,0.47464551,0.52535449
IWN,3,0.06676741,0.93323259
IWN,3,0.99999878,0.00000122
IWN,3,0.99208754,0.00791246
IWN,3,0.04635675,0.95364325
IWN,3,0.04601834,0.95398166
IWN,3,0.13952474,0.86047526
IWN,3,0.10357925,0.89642075
IWN,3,0.04687858,0.95312142
IWN,3,0.92585229,0.07414771
IWN,3,0.05518834,0.94481166
IWN,3,0.04466232,0.95533768
IWN,3,0.98747773,0.01252227
IWN,3,0.05598569,0.94401431
IWN,3,0.05766887,0.94233113
IWN,3,0.19330713,0.80669287
IWN,3,0.93705719,0.06294281
IWN,3,0.06335130,0.93664870
IWN,3,0.45322814,0.54677186
IWN,3,0.99908769,0.00091231
IWN,3,0.09758269,0.90241731
IWN,3,0.04585858,0.95414142
IWN,3,0.87249680,0.12750320
IWN,3,0.04468564,0.95531436
IWN,3,0.09404469,0.90595531
IWN,3,0.11627580,0.88372420
IWN,3,0.05121242,0.94878758
IWN,3,0.99661496,0.00338504
IWN,3,0.66552462,0.33447538
IWN,3,0.04482247,0.95517753
IWN,3,0.18620854,0.81379146
IWN,3,0.97126017,0.02873983
IWN,3,0.06637793,0.93362207
IWN,3,0.05272832,0.94727168
IWN,3,0.09083259,0.90916741
IWN,3,0.04531358,0.95468642
IWN,3,0.06535493,0.93464507
IWN,3,0.04507462,0.95492538
IWN,3,0.05007200,0.94992800
IWN,3,0.04735411,0.95264589
IWN,3,0.04580399,0.95419601
IWN,3,0.31404571,0.68595429
IWN,3,0.16316685,0.83683315
IWN,3,0.05058427,0.94941573
IWN,3,0.05021927,0.94978073
IWN,3,0.04561189,0.95438811
IWN,3,0.73679644,0.26320356
IWN,3,0.08150340,0.91849660
IWN,3,0.05197926,0.94802074
IWN,3,0.60704483,0.39295517
IWN,3,0.04851412,0.95148588
IWN,3,0.04507980,0.95492020
IWN,3,0.05348745,0.94651255
IWN,3,0.17383452,0.82616548
IWN,3,0.58485902,0.41514098
IWN,3,0.08539761,0.91460239
IWN,3,0.30103919,0.69896081
IWN,3,0.04907481,0.95092519
IWN,3,0.04617962,0.95382038
IWN,3,0.04500478,0.95499522
IWN,3,0.50801693,0.49198307
IWN,3,0.05425193,0.94574807
IWN,3,0.96545379,0.03454621
IWN,3,0.11972582,0.88027418
IWN,3,0.05215284,0.94784716
IWN,3,0.07894849,0.92105151
IWN,3,0.04614344,0.95385656
IWN,3,0.04922926,0.95077074
IWN,3,0.83881831,0.16118169
IWN,3,0.06140140,0.93859860
IWN,3,0.05246154,0.94753846
IWN,3,0.04466683,0.95533317
IWN,3,0.04677206,0.95322794
IWN,3,0.12002770,0.87997230
IWN,3,0.04466577,0.95533423
IWN,3,0.24835997,0.75164003
IWN,3,0.07791645,0.92208355
IWN,3,0.04764001,0.95235999
IWN,3,0.07302600,0.92697400
IWN,3,0.52424018,0.47575982
IWN,3,0.05009568,0.94990432
IWN,3,0.19709330,0.80290670
IWN,3,0.10998632,0.89001368
IWN,3,0.05397109,0.94602891
IWN,3,0.21772806,0.78227194
IWN,3,0.71253940,0.28746060
IWN,3,0.08801543,0.91198457
IWN,3,0.07178104,0.92821896
IWN,3,0.07818918,0.92181082
IWN,3,0.47679006,0.52320994
IWN,3,0.04466895,0.95533105
IWN,3,0.04837155,0.95162845
IWN,3,0.04514867,0.95485133
IWN,3,0.04501128,0.95498872
IWN,3,0.04759762,0.95240238
IWN,3,0.13125698,0.86874302
IWN,3,0.54496932,0.45503068
IWN,3,0.06562563,0.93437437
IWN,3,0.07836691,0.92163309
IWN,3,0.08000154,0.91999846
IWN,3,0.10329333,0.89670667
IWN,3,0.09201717,0.90798283
IWN,3,0.09456155,0.90543845
IWN,3,0.04708715,0.95291285
IWN,3,0.06773939,0.93226061
IWN,3,0.07273758,0.92726242
IWN,3,0.25143479,0.74856521
IWN,3,0.04533354,0.95466646
IWN,3,0.04580627,0.95419373
IWN,3,0.05233354,0.94766646
IWN,3,0.06548472,0.93451528
IWN,3,0.08427755,0.91572245
IWN,3,0.19821441,0.80178559
IWN,3,0.05631699,0.94368301
IWN,3,0.40010508,0.59989492
IWN,3,0.04529978,0.95470022
IWN,3,0.13041980,0.86958020
IWN,3,0.81217937,0.18782063
IWN,3,0.05620591,0.94379409
IWN,3,0.19404101,0.80595899
IWN,3,0.13859362,0.86140638
IWN,3,0.04599868,0.95400132
IWN,3,0.06938845,0.93061155
IWN,3,0.07903591,0.92096409
IWN,3,0.04466497,0.95533503
IWN,3,0.05070898,0.94929102
IWN,3,0.15342950,0.84657050
IWN,3,0.04475163,0.95524837
IWN,3,0.08770552,0.91229448
IWN,3,0.05657082,0.94342918
IWN,3,0.07334921,0.92665079
IWN,3,0.09443292,0.90556708
IWN,3,0.09593389,0.90406611
IWN,3,0.21720625,0.78279375
IWN,3,0.07515924,0.92484076
IWN,3,0.06672667,0.93327333
IWN,3,0.79258664,0.20741336
IWN,3,0.18715977,0.81284023
IWN,3,0.54995611,0.45004389
IWN,3,0.05299758,0.94700242
IWN,3,0.07612777,0.92387223
IWN,3,0.08537933,0.91462067
IWN,3,0.55063450,0.44936550
IWN,3,0.04520788,0.95479212
IWN,3,0.20408792,0.79591208
IWN,3,0.05390587,0.94609413
IWN,3,0.05771065,0.94228935
IWN,3,0.20175341,0.79824659
IWN,3,0.06249418,0.93750582
IWN,3,0.44880583,0.55119417
IWN,3,0.04578159,0.95421841
IWN,3,0.04484732,0.95515268
IWN,3,0.43327854,0.56672146
IWN,3,0.04507396,0.95492604
IWN,3,0.16248472,0.83751528
IWN,3,0.04749287,0.95250713
IWN,3,0.04483522,0.95516478
IWN,3,0.46978868,0.53021132
IWN,3,0.04591799,0.95408201
IWN,3,0.17092051,0.82907949
IWN,3,0.06468031,0.93531969
IWN,3,0.09716388,0.90283612
IWN,3,0.37175907,0.62824093
IWN,3,0.04691239,0.95308761
IWN,3,0.05865062,0.94134938
IWN,3,0.04545831,0.95454169
IWN,3,0.04783003,0.95216997
IWN,3,0.06606668,0.93393332
IWN,3,0.10011815,0.89988185
IWN,3,0.04679781,0.95320219
IWN,3,0.05083778,0.94916222
IWN,3,0.06143762,0.93856238
IWN,3,0.05492429,0.94507571
IWN,3,0.08897825,0.91102175
IWN,3,0.06565730,0.93434270
IWN,3,0.07483546,0.92516454
IWN,3,0.04982139,0.95017861
IWN,3,0.04505023,0.95494977
IWN,3,0.04498910,0.95501090
IWN,3,0.04466085,0.95533915
IWN,3,0.11236369,0.88763631
IWN,3,0.37173302,0.62826698
IWN,3,0.04558260,0.95441740
IWN,3,0.04568798,0.95431202
IWN,3,0.07346860,0.92653140
IWN,3,0.05129293,0.94870707
IWN,3,0.05019622,0.94980378
IWN,3,0.07975350,0.92024650
IWN,3,0.09635755,0.90364245
IWN,3,0.04910536,0.95089464
IWN,3,0.08333791,0.91666209
IWN,3,0.14847457,0.85152543
IWN,3,0.08723837,0.91276163
IWN,3,0.12799559,0.87200441
IWN,3,0.18576078,0.81423922
IWN,3,0.04525847,0.95474153
IWN,3,0.06081098,0.93918902
IWN,3,0.06138450,0.93861550
IWN,3,0.11198479,0.88801521
IWN,3,0.06398332,0.93601668
IWN,3,0.06947470,0.93052530
IWN,3,0.07222724,0.92777276
IWN,3,0.05736674,0.94263326
IWN,3,0.84124232,0.15875768
IWN,3,0.04608515,0.95391485
IWN,3,0.06751958,0.93248042
IWN,3,0.08540241,0.91459759
IWN,3,0.04559922,0.95440078
IWN,3,0.09411027,0.90588973
IWN,3,0.05715960,0.94284040
IWN,3,0.15800307,0.84199693
IWN,3,0.05518524,0.94481476
IWN,3,0.06598756,0.93401244
IWN,3,0.04763265,0.95236735
IWN,3,0.04826086,0.95173914
IWN,3,0.08311979,0.91688021
IWN,3,0.05915736,0.94084264
IWN,3,0.04491972,0.95508028
IWN,3,0.05139538,0.94860462
IWN,3,0.22455853,0.77544147
IWN,3,0.06476063,0.93523937
IWN,3,0.04666346,0.95333654
IWN,3,0.04815105,0.95184895
IWN,3,0.19651828,0.80348172
IWN,3,0.04609294,0.95390706
IWN,3,0.04778827,0.95221173
IWN,3,0.05830281,0.94169719
IWN,3,0.04525274,0.95474726
IWN,3,0.04478422,0.95521578
IWN,3,0.04751121,0.95248879
IWN,3,0.06590821,0.93409179
IWN,3,0.05843191,0.94156809
IWN,3,0.04607719,0.95392281
IWN,3,0.08745143,0.91254857
IWN,3,0.07921009,0.92078991
IWN,3,0.08123177,0.91876823
IWN,3,0.06017350,0.93982650
IWN,3,0.05846582,0.94153418
IWN,3,0.04481697,0.95518303
IWN,3,0.04949516,0.95050484
IWN,3,0.04580199,0.95419801
IWN,3,0.05507490,0.94492510
IWN,3,0.06231038,0.93768962
IWN,3,0.21399361,0.78600639
IWN,3,0.05816679,0.94183321
IWN,3,0.04475832,0.95524168
IWN,3,0.04471309,0.95528691
IWN,3,0.04979393,0.95020607
IWN,3,0.04702370,0.95297630
IWN,3,0.04717942,0.95282058
IWN,3,0.20035646,0.79964354
IWN,3,0.04771683,0.95228317
IWN,3,0.11048311,0.88951689
IWN,3,0.04662417,0.95337583
IWN,3,0.08636596,0.91363404
IWN,3,0.05889255,0.94110745
IWN,3,0.08723724,0.91276276
IWN,3,0.09136112,0.90863888
IWN,3,0.04768514,0.95231486
IWN,3,0.44456948,0.55543052
IWN,3,0.04516530,0.95483470
IWN,3,0.28322204,0.71677796
IWN,3,0.67266923,0.32733077
IWN,3,0.23249378,0.76750622
IWN,3,0.72948772,0.27051228
IWN,3,0.12548703,0.87451297
IWN,3,0.96754730,0.03245270
IWN,3,0.60070151,0.39929849
IWN,3,0.99993077,0.00006923
IWN,3,0.06345894,0.93654106
IWN,3,0.62337057,0.37662943
IWN,3,0.06793957,0.93206043
IWN,3,0.21664635,0.78335365
IWN,3,0.04480158,0.95519842
IWN,3,0.17769358,0.82230642
IWN,3,0.09048530,0.90951470
IWN,3,0.99991013,0.00008987
IWN,3,0.09768384,0.90231616
IWN,3,0.13755563,0.86244437
IWN,3,0.04471561,0.95528439
IWN,3,0.04525917,0.95474083
IWN,3,0.99391884,0.00608116
IWN,3,0.06467730,0.93532270
IWN,3,0.91642793,0.08357207
IWN,3,0.48408042,0.51591958
IWN,3,0.07202676,0.92797324
IWN,3,0.99983110,0.00016890
IWN,3,0.43397069,0.56602931
IWN,3,0.04466409,0.95533591
IWN,3,0.04466305,0.95533695
IWN,3,0.89324199,0.10675801
IWN,3,0.09865656,0.90134344
IWN,3,0.05146196,0.94853804
IWN,3,0.40264024,0.59735976
IWN,3,0.04636747,0.95363253
IWN,3,0.04468946,0.95531054
IWN,3,0.04483591,0.95516409
IWN,3,0.06429280,0.93570720
IWN,3,0.24994625,0.75005375
IWN,3,0.04899831,0.95100169
IWN,3,0.12532074,0.87467926
IWN,3,0.16500881,0.83499119
IWN,3,0.06041876,0.93958124
IWN,3,0.95037653,0.04962347
IWN,3,0.09948014,0.90051986
IWN,3,0.05426184,0.94573816
IWN,3,0.07363670,0.92636330
IWN,3,0.09294758,0.90705242
IWN,3,0.78067346,0.21932654
IWN,3,0.14714560,0.85285440
IWN,3,0.11607243,0.88392757
IWN,3,0.06502157,0.93497843
IWN,3,0.67353436,0.32646564
IWN,3,0.04685935,0.95314065
IWN,3,0.06861017,0.93138983
IWN,3,0.91691854,0.08308146
IWN,3,0.04505934,0.95494066
IWN,3,0.16920195,0.83079805
IWN,3,0.15925704,0.84074296
IWN,3,0.87385253,0.12614747
IWN,3,0.34318352,0.65681648
IWN,3,0.20879531,0.79120469
IWN,3,0.04468009,0.95531991
IWN,3,0.10530255,0.89469745
IWN,3,0.04529352,0.95470648
IWN,3,0.04466304,0.95533696
IWN,3,0.12436682,0.87563318
IWN,3,0.05532543,0.94467457
IWN,3,0.06549932,0.93450068
IWN,3,0.06687363,0.93312637
IWN,3,0.05188896,0.94811104
IWN,3,0.06890949,0.93109051
IWN,3,0.13409027,0.86590973
IWN,3,0.97644951,0.02355049
IWN,3,0.05739214,0.94260786
IWN,3,0.06613211,0.93386789
IWN,3,0.05427282,0.94572718
IWN,3,0.14901753,0.85098247
IWN,3,0.04599728,0.95400272
IWN,3,0.56109168,0.43890832
IWN,3,0.04554856,0.95445144
IWN,3,0.09894655,0.90105345
IWN,3,0.06233499,0.93766501
IWN,3,0.08837675,0.91162325
IWN,3,0.05324103,0.94675897
IWN,3,0.33871107,0.66128893
IWN,3,0.20374163,0.79625837
IWN,3,0.04466285,0.95533715
IWN,3,0.89372030,0.10627970
IWN,3,0.06884840,0.93115160
IWN,3,0.14295784,0.85704216
IWN,3,0.20185578,0.79814422
IWN,3,0.04800338,0.95199662
IWN,3,0.04635920,0.95364080
IWN,3,0.04607448,0.95392552
IWN,3,0.25441008,0.74558992
IWN,3,0.04824770,0.95175230
IWN,3,0.04707328,0.95292672
IWN,3,0.06050822,0.93949178
IWN,3,0.04609911,0.95390089
IWN,3,0.48931613,0.51068387
IWN,3,0.04813301,0.95186699
IWN,3,0.09610331,0.90389669
IWN,3,0.09949843,0.90050157
IWN,3,0.65901112,0.34098888
IWN,3,0.04481200,0.95518800
IWN,3,0.06097538,0.93902462
IWN,3,0.04639210,0.95360790
IWN,3,0.04509416,0.95490584
IWN,3,0.04769884,0.95230116
IWN,3,0.07583523,0.92416477
IWN,3,0.37587775,0.62412225
IWN,3,0.04592343,0.95407657
IWN,3,0.04848332,0.95151668
IWN,3,0.07702467,0.92297533
IWN,3,0.04480179,0.95519821
IWN,3,0.04549589,0.95450411
IWN,3,0.11428153,0.88571847
IWN,3,0.04470442,0.95529558
IWN,3,0.05141879,0.94858121
IWN,3,0.09612993,0.90387007
IWN,3,0.18028094,0.81971906
IWN,3,0.06386121,0.93613879
IWN,3,0.04833534,0.95166466
IWN,3,0.04518092,0.95481908
IWN,3,0.04783143,0.95216857
IWN,3,0.04479301,0.95520699
IWN,3,0.04919600,0.95080400
IWN,3,0.05007931,0.94992069
IWN,3,0.04585247,0.95414753
IWN,3,0.05190539,0.94809461
IWN,3,0.20027501,0.79972499
IWN,3,0.04752235,0.95247765
IWN,3,0.44744428,0.55255572
IWN,3,0.05530750,0.94469250
IWN,3,0.04535905,0.95464095
IWN,3,0.10163021,0.89836979
IWN,3,0.07005944,0.92994056
IWN,3,0.04540366,0.95459634
IWN,3,0.14533185,0.85466815
IWN,3,0.04473479,0.95526521
IWN,3,0.19882930,0.80117070
IWN,3,0.04566451,0.95433549
IWN,3,0.13171222,0.86828778
IWN,3,0.04702928,0.95297072
IWN,3,0.04469725,0.95530275
IWN,3,0.06558484,0.93441516
IWN,3,0.21432127,0.78567873
IWN,3,0.04888999,0.95111001
IWN,3,0.04468518,0.95531482
IWN,3,0.06011529,0.93988471
IWN,3,0.20056787,0.79943213
IWN,3,0.07510325,0.92489675
IWN,3,0.05169595,0.94830405
IWN,3,0.05243015,0.94756985
IWN,3,0.04793606,0.95206394
IWN,3,0.04485155,0.95514845
IWN,3,0.04632191,0.95367809
IWN,3,0.08209263,0.91790737
IWN,3,0.04640067,0.95359933
IWN,3,0.04476377,0.95523623
IWN,3,0.05060186,0.94939814
IWN,3,0.05601783,0.94398217
IWN,3,0.04466279,0.95533721
IWN,3,0.05115523,0.94884477
IWN,3,0.07840642,0.92159358
IWN,3,0.04694408,0.95305592
IWN,3,0.04489692,0.95510308
IWN,3,0.04625824,0.95374176
IWN,3,0.04467219,0.95532781
IWN,3,0.04510398,0.95489602
IWN,3,0.04480114,0.95519886
IWN,3,0.05351840,0.94648160
IWN,3,0.14115850,0.85884150
IWN,3,0.10043099,0.89956901
IWN,3,0.05944489,0.94055511
IWN,3,0.04732922,0.95267078
IWN,3,0.05109551,0.94890449
IWN,3,0.04577342,0.95422658
IWN,3,0.05043077,0.94956923
IWN,3,0.06040496,0.93959504
IWN,3,0.04570173,0.95429827
IWN,3,0.06204925,0.93795075
IWN,3,0.04528522,0.95471478
IWN,3,0.37648097,0.62351903
IWN,3,0.05668704,0.94331296
IWN,3,0.05001904,0.94998096
IWN,3,0.05565777,0.94434223
IWN,3,0.05101996,0.94898004
IWN,3,0.09185478,0.90814522
IWN,3,0.04680694,0.95319306
IWN,3,0.36125839,0.63874161
IWN,3,0.04620560,0.95379440
IWN,3,0.26324329,0.73675671
IWN,3,0.04627622,0.95372378
IWN,3,0.04514478,0.95485522
IWN,3,0.04547562,0.95452438
IWN,3,0.06402806,0.93597194
IWN,3,0.05127990,0.94872010
IWN,3,0.04685127,0.95314873
IWN,3,0.04526181,0.95473819
IWN,3,0.06707323,0.93292677
IWN,3,0.04819111,0.95180889
IWN,3,0.04766860,0.95233140
IWN,3,0.05436450,0.94563550
IWN,3,0.05584984,0.94415016
IWN,3,0.04561834,0.95438166
IWN,3,0.34120487,0.65879513
IWN,3,0.10855711,0.89144289
IWN,3,0.04683875,0.95316125
IWN,3,0.28336930,0.71663070
IWN,3,0.04742707,0.95257293
IWN,3,0.17229325,0.82770675
IWN,3,0.04523125,0.95476875
IWN,3,0.19379359,0.80620641
IWN,3,0.05086088,0.94913912
IWN,3,0.10792782,0.89207218
IWN,3,0.10704890,0.89295110
IWN,3,0.04484673,0.95515327
IWN,3,0.41750724,0.58249276
IWN,3,0.04474405,0.95525595
IWN,3,0.05224577,0.94775423
IWN,3,0.05924918,0.94075082
IWN,3,0.07813933,0.92186067
IWN,3,0.04833464,0.95166536
IWN,3,0.09922111,0.90077889
IWN,3,0.28136067,0.71863933
IWN,3,0.04655427,0.95344573
IWN,3,0.04493003,0.95506997
IWN,3,0.04817725,0.95182275
IWN,3,0.05719878,0.94280122
IWN,3,0.04646049,0.95353951
IWN,3,0.05373539,0.94626461
IWN,3,0.07994920,0.92005080
IWN,3,0.04750792,0.95249208
IWN,3,0.04833304,0.95166696
IWN,3,0.04618442,0.95381558
IWN,3,0.04554339,0.95445661
IWN,3,0.04909531,0.95090469
IWN,3,0.05240913,0.94759087
IWN,3,0.07478481,0.92521519
IWN,3,0.06874124,0.93125876
IWN,3,0.07936264,0.92063736
IWN,3,0.04725931,0.95274069
IWN,3,0.04983060,0.95016940
IWN,3,0.06606695,0.93393305
IWN,3,0.09460957,0.90539043
IWN,3,0.04547184,0.95452816
IWN,3,0.12447039,0.87552961
IWN,3,0.05300507,0.94699493
IWN,3,0.04466050,0.95533950
IWN,3,0.07004916,0.92995084
IWN,3,0.04999707,0.95000293
IWN,3,0.04847323,0.95152677
IWN,3,0.04614379,0.95385621
IWN,3,0.06465417,0.93534583
IWN,3,0.06100499,0.93899501
IWN,3,0.07939080,0.92060920
IWN,3,0.04975499,0.95024501
IWN,3,0.04510669,0.95489331
IWN,3,0.06261070,0.93738930
IWN,3,0.11874999,0.88125001
IWN,3,0.12180771,0.87819229
IWN,3,0.05093661,0.94906339
IWN,3,0.08879991,0.91120009
IWN,3,0.07647395,0.92352605
IWN,3,0.04676793,0.95323207
IWN,3,0.08388873,0.91611127
IWN,3,0.04579342,0.95420658
IWN,3,0.05658569,0.94341431
IWN,3,0.10663056,0.89336944
IWN,3,0.04931785,0.95068215
IWN,3,0.06489250,0.93510750
IWN,3,0.07497471,0.92502529
IWN,3,0.05578009,0.94421991
IWN,3,0.10038223,0.89961777
IWN,3,0.63746873,0.36253127
IWN,3,0.04604575,0.95395425
IWN,3,0.08560261,0.91439739
IWN,3,0.09191737,0.90808263
IWN,3,0.04500355,0.95499645
IWN,3,0.05984446,0.94015554
IWN,3,0.04511306,0.95488694
IWN,3,0.09992424,0.90007576
IWN,3,0.04529241,0.95470759
IWN,3,0.18448231,0.81551769
IWN,3,0.10823258,0.89176742
IWN,3,0.04706182,0.95293818
IWN,3,0.04569203,0.95430797
IWN,3,0.06387694,0.93612306
IWN,3,0.14922057,0.85077943
IWN,3,0.05296886,0.94703114
IWN,3,0.04557159,0.95442841
IWN,3,0.04905674,0.95094326
IWN,3,0.05185927,0.94814073
IWN,3,0.08045373,0.91954627
IWN,3,0.04794610,0.95205390
IWN,3,0.06104998,0.93895002
IWN,3,0.09957767,0.90042233
IWN,3,0.04465972,0.95534028
IWN,3,0.04660644,0.95339356
IWN,3,0.10407237,0.89592763
IWN,3,0.05032315,0.94967685
IWN,3,0.19983590,0.80016410
IWN,3,0.04747764,0.95252236
IWN,3,0.05483284,0.94516716
IWN,3,0.10466912,0.89533088
IWN,3,0.04810797,0.95189203
IWN,3,0.10429522,0.89570478
IWN,3,0.13837609,0.86162391
IWN,3,0.04499430,0.95500570
IWN,3,0.08698448,0.91301552
IWN,3,0.04559969,0.95440031
IWN,3,0.07119634,0.92880366
IWN,3,0.05179438,0.94820562
IWN,3,0.43768134,0.56231866
IWN,3,0.04651986,0.95348014
IWN,3,0.04468591,0.95531409
IWN,3,0.04871425,0.95128575
IWN,3,0.60059128,0.39940872
IWN,3,0.04566174,0.95433826
IWN,3,0.99992712,0.00007288
IWN,3,0.16106570,0.83893430
IWN,3,1.00000000,0.00000000
IWN,3,0.99999359,0.00000641
IWN,3,0.99929602,0.00070398
IWN,3,0.98588055,0.01411945
IWN,3,0.04703439,0.95296561
IWN,3,0.59585381,0.40414619
IWN,3,0.10443696,0.89556304
IWN,3,0.04537999,0.95462001
IWN,3,0.99970078,0.00029922
IWN,3,0.22154151,0.77845849
IWN,3,0.04488194,0.95511806
IWN,3,0.97816359,0.02183641
IWN,3,0.13853722,0.86146278
IWN,3,0.32235464,0.67764536
IWN,3,0.14257435,0.85742565
IWN,3,0.99750796,0.00249204
IWN,3,0.04697156,0.95302844
IWN,3,0.04478155,0.95521845
IWN,3,0.33052481,0.66947519
IWN,3,0.95400252,0.04599748
IWN,3,0.04971359,0.95028641
IWN,3,0.95260546,0.04739454
IWN,3,0.12631507,0.87368493
IWN,3,0.60066482,0.39933518
IWN,3,0.05505099,0.94494901
IWN,3,0.12155916,0.87844084
IWN,3,0.12515723,0.87484277
IWN,3,0.08684252,0.91315748
IWN,3,0.04545229,0.95454771
IWN,3,0.18688894,0.81311106
IWN,3,0.10589647,0.89410353
IWN,3,0.97077208,0.02922792
IWN,3,0.44165550,0.55834450
IWN,3,0.06250975,0.93749025
IWN,3,0.23856535,0.76143465
IWN,3,0.17893691,0.82106309
IWN,3,0.90743538,0.09256462
IWN,3,0.22118327,0.77881673
IWN,3,0.61145839,0.38854161
IWN,3,0.99972123,0.00027877
IWN,3,0.99998979,0.00001021
IWN,3,0.08371281,0.91628719
IWN,3,0.21423804,0.78576196
IWN,3,0.53330476,0.46669524
IWN,3,0.97386540,0.02613460
IWN,3,0.06622819,0.93377181
IWN,3,0.11126566,0.88873434
IWN,3,0.04706926,0.95293074
IWN,3,0.14571298,0.85428702
IWN,3,0.69560233,0.30439767
IWN,3,0.54992673,0.45007327
IWN,3,0.09810799,0.90189201
IWN,3,0.04532013,0.95467987
IWN,3,0.26140955,0.73859045
IWN,3,0.61119598,0.38880402
IWN,3,0.45666719,0.54333281
IWN,3,0.08617744,0.91382256
IWN,3,0.99954393,0.00045607
IWN,3,0.04650284,0.95349716
IWN,3,0.54091201,0.45908799
IWN,3,0.94182853,0.05817147
IWN,3,0.32884412,0.67115588
IWN,3,0.36826344,0.63173656
IWN,3,0.05286639,0.94713361
IWN,3,0.04473408,0.95526592
IWN,3,0.10016218,0.89983782
IWN,3,0.99800659,0.00199341
IWN,3,0.05338715,0.94661285
IWN,3,0.36876570,0.63123430
IWN,3,0.10299346,0.89700654
IWN,3,0.06798925,0.93201075
IWN,3,0.08350256,0.91649744
IWN,3,0.08377900,0.91622100
IWN,3,0.04623279,0.95376721
IWN,3,0.28362383,0.71637617
IWN,3,0.07743089,0.92256911
IWN,3,0.53820555,0.46179445
IWN,3,0.10900763,0.89099237
IWN,3,0.97692743,0.02307257
IWN,3,0.04465946,0.95534054
IWN,3,0.99997800,0.00002200
IWN,3,0.05283458,0.94716542
IWN,3,0.04546798,0.95453202
IWN,3,0.11022895,0.88977105
IWN,3,0.04651837,0.95348163
IWN,3,0.04467697,0.95532303
IWN,3,0.80716035,0.19283965
IWN,3,0.46736017,0.53263983
IWN,3,0.07277260,0.92722740
IWN,3,0.16975786,0.83024214
IWN,3,0.06330217,0.93669783
IWN,3,0.06835412,0.93164588
IWN,3,0.06111352,0.93888648
IWN,3,0.15768205,0.84231795
IWN,3,0.93404275,0.06595725
IWN,3,0.06346733,0.93653267
IWN,3,0.05709676,0.94290324
IWN,3,0.04543013,0.95456987
IWN,3,0.04630117,0.95369883
IWN,3,0.08951159,0.91048841
IWN,3,0.05117863,0.94882137
IWN,3,0.05240138,0.94759862
IWN,3,0.15144725,0.84855275
IWN,3,0.04710951,0.95289049
IWN,3,0.04733041,0.95266959
IWN,3,0.04541152,0.95458848
IWN,3,0.04512960,0.95487040
IWN,3,0.08868780,0.91131220
IWN,3,0.04908739,0.95091261
IWN,3,0.04661696,0.95338304
IWN,3,0.05153771,0.94846229
IWN,3,0.04605708,0.95394292
IWN,3,0.14885338,0.85114662
IWN,3,0.04775559,0.95224441
IWN,3,0.04757234,0.95242766
IWN,3,0.04474004,0.95525996
IWN,3,0.04975054,0.95024946
IWN,3,0.05611556,0.94388444
IWN,3,0.04508681,0.95491319
IWN,3,0.04815856,0.95184144
IWN,3,0.05200598,0.94799402
IWN,3,0.04467888,0.95532112
IWN,3,0.17558584,0.82441416
IWN,3,0.05198187,0.94801813
IWN,3,0.20884448,0.79115552
IWN,3,0.04661294,0.95338706
IWN,3,0.04544772,0.95455228
IWN,3,0.04581152,0.95418848
IWN,3,0.04915383,0.95084617
IWN,3,0.09448478,0.90551522
IWN,3,0.06985009,0.93014991
IWN,3,0.04779147,0.95220853
IWN,3,0.06193758,0.93806242
IWN,3,0.16857057,0.83142943
IWN,3,0.04600803,0.95399197
IWN,3,0.05296225,0.94703775
IWN,3,0.07237023,0.92762977
IWN,3,0.08264801,0.91735199
IWN,3,0.04613729,0.95386271
IWN,3,0.04505352,0.95494648
IWN,3,0.04633861,0.95366139
IWN,3,0.11420194,0.88579806
IWN,3,0.04650964,0.95349036
IWN,3,0.09075093,0.90924907
IWN,3,0.04588357,0.95411643
IWN,3,0.14654886,0.85345114
IWN,3,0.05828532,0.94171468
IWN,3,0.07117541,0.92882459
IWN,3,0.09705646,0.90294354
IWN,3,0.04474133,0.95525867
IWN,3,0.21063484,0.78936516
IWN,3,0.05396642,0.94603358
IWN,3,0.05826324,0.94173676
IWN,3,0.04465902,0.95534098
IWN,3,0.06059564,0.93940436
IWN,3,0.05571251,0.94428749
IWN,3,0.04614230,0.95385770
IWN,3,0.06103456,0.93896544
IWN,3,0.06079555,0.93920445
IWN,3,0.16755321,0.83244679
IWN,3,0.05361227,0.94638773
IWN,3,0.04566471,0.95433529
IWN,3,0.04601173,0.95398827
IWN,3,0.04746263,0.95253737
IWN,3,0.08426031,0.91573969
IWN,3,0.05318026,0.94681974
IWN,3,0.10741255,0.89258745
IWN,3,0.05158682,0.94841318
IWN,3,0.10365249,0.89634751
IWN,3,0.29937745,0.70062255
IWN,3,0.08036733,0.91963267
IWN,3,0.10898301,0.89101699
IWN,3,0.10204929,0.89795071
IWN,3,0.04810081,0.95189919
IWN,3,0.10567813,0.89432187
IWN,3,0.06708774,0.93291226
IWN,3,0.04931586,0.95068414
IWN,3,0.05317036,0.94682964
IWN,3,0.08640521,0.91359479
IWN,3,0.06109498,0.93890502
IWN,3,0.08800214,0.91199786
IWN,3,0.05791521,0.94208479
IWN,3,0.05869272,0.94130728
IWN,3,0.07274917,0.92725083
IWN,3,0.04468608,0.95531392
IWN,3,0.04473704,0.95526296
IWN,3,0.07412033,0.92587967
IWN,3,0.17217647,0.82782353
IWN,3,0.04610411,0.95389589
IWN,3,0.04584605,0.95415395
IWN,3,0.04959588,0.95040412
IWN,3,0.04907125,0.95092875
IWN,3,0.04667241,0.95332759
IWN,3,0.07740177,0.92259823
IWN,3,0.04552038,0.95447962
IWN,3,0.05598255,0.94401745
IWN,3,0.20543257,0.79456743
IWN,3,0.06462583,0.93537417
IWN,3,0.14674832,0.85325168
IWN,3,0.04720931,0.95279069
IWN,3,0.04770705,0.95229295
IWN,3,0.04788051,0.95211949
IWN,3,0.04483874,0.95516126
IWN,3,0.08068315,0.91931685
IWN,3,0.14109767,0.85890233
IWN,3,0.04466576,0.95533424
IWN,3,0.44535950,0.55464050
IWN,3,0.04979585,0.95020415
IWN,3,0.07091792,0.92908208
IWN,3,0.31474255,0.68525745
IWN,3,0.04763148,0.95236852
IWN,3,0.07305203,0.92694797
IWN,3,0.22522265,0.77477735
IWN,3,0.06833121,0.93166879
IWN,3,0.06208392,0.93791608
IWN,3,0.08063984,0.91936016
IWN,3,0.07514143,0.92485857
IWN,3,0.04476635,0.95523365
IWN,3,0.13892597,0.86107403
IWN,3,0.04487333,0.95512667
IWN,3,0.26086676,0.73913324
IWN,3,0.06316620,0.93683380
IWN,3,0.11153624,0.88846376
IWN,3,0.04547140,0.95452860
IWN,3,0.11316595,0.88683405
IWN,3,0.04646073,0.95353927
IWN,3,0.44527459,0.55472541
IWN,3,0.06223653,0.93776347
IWN,3,0.08939258,0.91060742
IWN,3,0.04485067,0.95514933
IWN,3,0.06096852,0.93903148
IWN,3,0.05039679,0.94960321
IWN,3,0.05950804,0.94049196
IWN,3,0.04575841,0.95424159
IWN,3,0.04824634,0.95175366
IWN,3,0.07823537,0.92176463
IWN,3,0.04584637,0.95415363
IWN,3,0.04603122,0.95396878
IWN,3,0.04842039,0.95157961
IWN,3,0.04818376,0.95181624
IWN,3,0.06689598,0.93310402
IWN,3,0.12365685,0.87634315
IWN,3,0.08968592,0.91031408
IWN,3,0.04466262,0.95533738
IWN,3,0.06153532,0.93846468
IWN,3,0.31292211,0.68707789
IWN,3,0.04480917,0.95519083
IWN,3,0.05605836,0.94394164
IWN,3,0.12985721,0.87014279
IWN,3,0.05161806,0.94838194
IWN,3,0.35775065,0.64224935
IWN,3,0.05833347,0.94166653
IWN,3,0.05044194,0.94955806
IWN,3,0.04589443,0.95410557
IWN,3,0.04697963,0.95302037
IWN,3,0.04580361,0.95419639
IWN,3,0.04483961,0.95516039
IWN,3,0.04703098,0.95296902
IWN,3,0.05604971,0.94395029
IWN,3,0.07120450,0.92879550
IWN,3,0.05684509,0.94315491
IWN,3,0.04471054,0.95528946
IWN,3,0.04467033,0.95532967
IWN,3,0.05211249,0.94788751
IWN,3,0.05970949,0.94029051
IWN,3,0.04486733,0.95513267
IWN,3,0.04607405,0.95392595
IWN,3,0.04792697,0.95207303
IWN,3,0.04656792,0.95343208
IWN,3,0.06470915,0.93529085
IWN,3,0.04919771,0.95080229
IWN,3,0.05978107,0.94021893
IWN,3,0.04479838,0.95520162
IWN,3,0.13793868,0.86206132
IWN,3,0.06379710,0.93620290
IWN,3,0.04787233,0.95212767
IWN,3,0.04726143,0.95273857
IWN,3,0.05044580,0.94955420
IWN,3,0.10277601,0.89722399
IWN,3,0.07179488,0.92820512
IWN,3,0.05284504,0.94715496
IWN,3,0.04702262,0.95297738
IWN,3,0.04594386,0.95405614
IWN,3,0.04724173,0.95275827
IWN,3,0.04760008,0.95239992
IWN,3,0.04471270,0.95528730
IWN,3,0.10246426,0.89753574
IWN,3,0.05162750,0.94837250
IWN,3,0.05992941,0.94007059
IWN,3,0.05944176,0.94055824
IWN,3,0.04718528,0.95281472
IWN,3,0.04554899,0.95445101
IWN,3,0.04594478,0.95405522
IWN,3,0.05509933,0.94490067
IWN,3,0.04470107,0.95529893
IWN,3,0.05081039,0.94918961
IWN,3,0.06714998,0.93285002
IWN,3,0.04588888,0.95411112
IWN,3,0.04853219,0.95146781
IWN,3,0.06589174,0.93410826
IWN,3,0.04850337,0.95149663
IWN,3,0.05261586,0.94738414
IWN,3,0.07447820,0.92552180
IWN,3,0.04833658,0.95166342
IWN,3,0.14064126,0.85935874
IWN,3,0.04469500,0.95530500
IWN,3,0.05110825,0.94889175
IWN,3,0.04500562,0.95499438
IWN,3,0.04708056,0.95291944
IWN,3,0.04730836,0.95269164
IWN,3,0.04675892,0.95324108
IWN,3,0.08716492,0.91283508
IWN,3,0.08656640,0.91343360
IWN,3,0.04703041,0.95296959
IWN,3,0.06236569,0.93763431
IWN,3,0.51996123,0.48003877
IWN,3,0.10592286,0.89407714
IWN,3,0.04493817,0.95506183
IWN,3,0.04575514,0.95424486
IWN,3,0.05340127,0.94659873
IWN,3,0.16905660,0.83094340
IWN,3,0.05214143,0.94785857
IWN,3,0.06025072,0.93974928
IWN,3,0.23489486,0.76510514
IWN,3,0.04507091,0.95492909
IWN,3,0.04866415,0.95133585
IWN,3,0.07112851,0.92887149
IWN,3,0.04642118,0.95357882
IWN,3,0.04501760,0.95498240
IWN,3,0.05506985,0.94493015
IWN,3,0.07558200,0.92441800
IWN,3,0.04470985,0.95529015
IWN,3,0.04469802,0.95530198
IWN,3,0.04543875,0.95456125
IWN,3,0.04467646,0.95532354
IWN,3,0.04542796,0.95457204
IWN,3,0.04479718,0.95520282
IWN,3,0.04887248,0.95112752
IWN,3,0.06028364,0.93971636
IWN,3,0.04802653,0.95197347
IWN,3,0.05220777,0.94779223
IWN,3,0.04471120,0.95528880
IWN,3,0.09216639,0.90783361
IWN,3,0.08893605,0.91106395
IWN,3,0.04591032,0.95408968
IWN,3,0.05040352,0.94959648
IWN,3,0.04701741,0.95298259
IWN,3,0.05051363,0.94948637
IWN,3,0.05020093,0.94979907
IWN,3,0.04485460,0.95514540
IWN,3,0.05552453,0.94447547
IWN,3,0.18978312,0.81021688
IWN,3,0.71891300,0.28108700
IWN,3,0.04495443,0.95504557
IWN,3,0.04978905,0.95021095
IWN,3,0.04887496,0.95112504
IWN,3,0.04484999,0.95515001
IWN,3,0.04602794,0.95397206
IWN,3,0.04618907,0.95381093
IWN,3,0.04507995,0.95492005
IWN,3,0.04465889,0.95534111
IWN,3,0.04590633,0.95409367
IWN,3,0.04520436,0.95479564
IWN,3,0.06074777,0.93925223
IWN,3,0.04657119,0.95342881
IWN,3,0.05750793,0.94249207
IWN,3,0.04551972,0.95448028
IWN,3,0.04498667,0.95501333
IWN,3,0.04718820,0.95281180
IWN,3,0.04713695,0.95286305
IWN,3,0.04549528,0.95450472
IWN,3,0.07232693,0.92767307
IWN,3,0.05196716,0.94803284
IWN,3,0.06449188,0.93550812
IWN,3,0.08034690,0.91965310
IWN,3,0.05517162,0.94482838
IWN,3,0.04922714,0.95077286
IWN,3,0.04626525,0.95373475
IWN,3,0.05128527,0.94871473
IWN,3,0.04466396,0.95533604
IWN,3,0.05162644,0.94837356
IWN,3,0.04767345,0.95232655
IWN,3,0.04564648,0.95435352
IWN,3,0.04472368,0.95527632
IWN,3,0.05935744,0.94064256
IWN,3,0.17445119,0.82554881
IWN,3,0.06765075,0.93234925
IWN,3,0.06846081,0.93153919
IWN,3,0.20532371,0.79467629
IWN,3,0.04776564,0.95223436
IWN,3,0.06579678,0.93420322
IWN,3,0.04496932,0.95503068
IWN,3,0.04772312,0.95227688
IWN,3,0.04486574,0.95513426
IWN,3,0.06504115,0.93495885
IWN,3,0.04603980,0.95396020
IWN,3,0.04852673,0.95147327
IWN,3,0.05545800,0.94454200
IWN,3,0.04469640,0.95530360
IWN,3,0.04558545,0.95441455
IWN,3,0.04772752,0.95227248
IWN,3,0.07274221,0.92725779
IWN,3,0.04533183,0.95466817
IWN,3,0.05072998,0.94927002
IWN,3,0.04767398,0.95232602
IWN,3,0.05562557,0.94437443
IWN,3,0.05390414,0.94609586
IWN,3,0.04479485,0.95520515
IWN,3,0.04525662,0.95474338
IWN,3,0.04643142,0.95356858
IWN,3,0.04499825,0.95500175
IWN,3,0.04552990,0.95447010
IWN,3,0.06913206,0.93086794
IWN,3,0.05205006,0.94794994
IWN,3,0.10238217,0.89761783
IWN,3,0.05582800,0.94417200
IWN,3,0.04465889,0.95534111
IWN,3,0.06288675,0.93711325
IWN,3,0.04597117,0.95402883
IWN,3,0.12365379,0.87634621
IWN,3,0.04545996,0.95454004
IWN,3,0.04895694,0.95104306
IWN,3,0.95952911,0.04047089
IWN,3,0.09587023,0.90412977
IWN,3,0.14683866,0.85316134
IWN,3,0.04630834,0.95369166
IWN,3,0.07258953,0.92741047
IWN,3,0.04573336,0.95426664
IWN,3,0.12063867,0.87936133
IWN,3,0.05609550,0.94390450
IWN,3,0.04751314,0.95248686
IWN,3,0.05278226,0.94721774
IWN,3,0.05576866,0.94423134
IWN,3,0.05442156,0.94557844
IWN,3,0.34662217,0.65337783
IWN,3,0.09487026,0.90512974
IWN,3,0.13350527,0.86649473
IWN,3,0.05484057,0.94515943
IWN,3,0.06097075,0.93902925
IWN,3,0.04597530,0.95402470
IWN,3,0.04781227,0.95218773
IWN,3,0.05039591,0.94960409
IWN,3,0.04653416,0.95346584
IWN,3,0.07029551,0.92970449
IWN,3,0.04722639,0.95277361
IWN,3,0.04642974,0.95357026
IWN,3,0.06360218,0.93639782
IWN,3,0.04999759,0.95000241
IWN,3,0.04466853,0.95533147
IWN,3,0.13111471,0.86888529
IWN,3,0.04476192,0.95523808
IWN,3,0.04480624,0.95519376
IWN,3,0.07602055,0.92397945
IWN,3,0.06401060,0.93598940
IWN,3,0.05046018,0.94953982
IWN,3,0.07249805,0.92750195
IWN,3,0.06157071,0.93842929
IWN,3,0.05963044,0.94036956
IWN,3,0.09113809,0.90886191
IWN,3,0.06542831,0.93457169
IWN,3,0.05297641,0.94702359
IWN,3,0.05243468,0.94756532
IWN,3,0.08870412,0.91129588
IWN,3,0.07028214,0.92971786
IWN,3,0.17858128,0.82141872
IWN,3,0.05365148,0.94634852
IWN,3,0.04883303,0.95116697
IWN,3,0.07829514,0.92170486
IWN,3,0.08683634,0.91316366
IWN,3,0.44078162,0.55921838
IWN,3,0.04575258,0.95424742
IWN,3,0.08632723,0.91367277
IWN,3,0.07261409,0.92738591
IWN,3,0.04858142,0.95141858
IWN,3,0.11439902,0.88560098
IWN,3,0.04499163,0.95500837
IWN,3,0.06894226,0.93105774
IWN,3,0.04528278,0.95471722
IWN,3,0.04506123,0.95493877
IWN,3,0.07360784,0.92639216
IWN,3,0.04893462,0.95106538
IWN,3,0.06480849,0.93519151
IWN,3,0.04577442,0.95422558
IWN,3,0.06824444,0.93175556
IWN,3,0.04509499,0.95490501
IWN,3,0.05455546,0.94544454
IWN,3,0.04510860,0.95489140
IWN,3,0.04683521,0.95316479
IWN,3,0.06335720,0.93664280
IWN,3,0.04502409,0.95497591
IWN,3,0.04866844,0.95133156
IWN,3,0.04465980,0.95534020
IWN,3,0.05800494,0.94199506
IWN,3,0.05465023,0.94534977
IWN,3,0.04943170,0.95056830
IWN,3,0.05860813,0.94139187
IWN,3,0.04469171,0.95530829
IWN,3,0.04481299,0.95518701
IWN,3,0.06860398,0.93139602
IWN,3,0.04474330,0.95525670
IWN,3,0.04506337,0.95493663
IWN,3,0.06251208,0.93748792
IWN,3,0.05076097,0.94923903
IWN,3,0.04722653,0.95277347
IWN,3,0.04513306,0.95486694
IWN,3,0.04839396,0.95160604
IWN,3,0.04606142,0.95393858
IWN,3,0.04750438,0.95249562
IWN,3,0.12246565,0.87753435
IWN,3,0.05154279,0.94845721
IWN,3,0.07803750,0.92196250
IWN,3,0.10032692,0.89967308
IWN,3,0.05443722,0.94556278
IWN,3,0.08648944,0.91351056
IWN,3,0.04596000,0.95404000
IWN,3,0.04504155,0.95495845
IWN,3,0.22636538,0.77363462
IWN,3,0.04468159,0.95531841
IWN,3,0.05662782,0.94337218
IWN,3,0.10682732,0.89317268
IWN,3,0.04595157,0.95404843
IWN,3,0.05713986,0.94286014
IWN,3,0.04632815,0.95367185
IWN,3,0.04552682,0.95447318
IWN,3,0.10058223,0.89941777
IWN,3,0.05982371,0.94017629
IWN,3,0.04468122,0.95531878
IWN,3,0.05185148,0.94814852
IWN,3,0.04685311,0.95314689
IWN,3,0.04746446,0.95253554
IWN,3,0.06028776,0.93971224
IWN,3,0.07327123,0.92672877
IWN,3,0.04589212,0.95410788
IWN,3,0.04547713,0.95452287
IWN,3,0.04466698,0.95533302
IWN,3,0.04533827,0.95466173
IWN,3,0.04482701,0.95517299
IWN,3,0.04606193,0.95393807
IWN,3,0.04811072,0.95188928
IWN,3,0.04466028,0.95533972
IWN,3,0.06518118,0.93481882
IWN,3,0.04898709,0.95101291
IWN,3,0.06880948,0.93119052
IWN,3,0.04913061,0.95086939
IWN,3,0.05884620,0.94115380
IWN,3,0.07305658,0.92694342
IWN,3,0.04481312,0.95518688
IWN,3,0.23448287,0.76551713
IWN,3,0.13361122,0.86638878
IWN,3,0.04668085,0.95331915
IWN,3,0.05980644,0.94019356
IWN,3,0.06154726,0.93845274
IWN,3,0.07049441,0.92950559
IWN,3,0.06902016,0.93097984
IWN,3,0.04486626,0.95513374
IWN,3,0.04651822,0.95348178
IWN,3,0.04634141,0.95365859
IWN,3,0.04806605,0.95193395
IWN,3,0.04583468,0.95416532
IWN,3,0.04467115,0.95532885
IWN,3,0.04468121,0.95531879
IWN,3,0.06828334,0.93171666
IWN,3,0.05344841,0.94655159
IWN,3,0.04598715,0.95401285
IWN,3,0.06788657,0.93211343
IWN,3,0.04756168,0.95243832
IWN,3,0.04521710,0.95478290
IWN,3,0.11036000,0.88964000
IWN,3,0.11471587,0.88528413
IWN,3,0.04484156,0.95515844
IWN,3,0.04481705,0.95518295
IWN,3,0.05577153,0.94422847
IWN,3,0.04578585,0.95421415
IWN,3,0.04591645,0.95408355
IWN,3,0.04964277,0.95035723
IWN,3,0.04892269,0.95107731
IWN,3,0.04479134,0.95520866
IWN,3,0.11116604,0.88883396
IWN,3,0.05167633,0.94832367
IWN,3,0.04497679,0.95502321
IWN,3,0.05014896,0.94985104
IWN,3,0.05504338,0.94495662
IWN,3,0.04467170,0.95532830
IWN,3,0.06297505,0.93702495
IWN,3,0.05006823,0.94993177
IWN,3,0.04553114,0.95446886
IWN,3,0.04470992,0.95529008
IWN,3,0.05834410,0.94165590
IWN,3,0.04467882,0.95532118
IWN,3,0.06105951,0.93894049
IWN,3,0.09326148,0.90673852
IWN,3,0.04544554,0.95455446
IWN,3,0.04607585,0.95392415
IWN,3,0.07002955,0.92997045
IWN,3,0.04491468,0.95508532
IWN,3,0.09470600,0.90529400
IWN,3,0.05794189,0.94205811
IWN,3,0.10066771,0.89933229
IWN,3,0.06877743,0.93122257
IWN,3,0.04969980,0.95030020
IWN,3,0.04465891,0.95534109
IWN,3,0.04466801,0.95533199
IWN,3,0.04511880,0.95488120
IWN,3,0.04576724,0.95423276
IWN,3,0.07005066,0.92994934
IWN,3,0.04542429,0.95457571
IWN,3,0.05277919,0.94722081
IWN,3,0.05246523,0.94753477
IWN,3,0.04530675,0.95469325
IWN,3,0.04555511,0.95444489
IWN,3,0.04684342,0.95315658
IWN,3,0.07595510,0.92404490
IWN,3,0.06420233,0.93579767
IWN,3,0.05396685,0.94603315
IWN,3,0.04468471,0.95531529
IWN,3,0.04643943,0.95356057
IWN,3,0.05683834,0.94316166
IWN,3,0.05074439,0.94925561
IWN,3,0.05642280,0.94357720
IWN,3,0.29461041,0.70538959
IWN,3,0.07802610,0.92197390
IWN,3,0.05165164,0.94834836
IWN,3,0.08189587,0.91810413
IWN,3,0.07935894,0.92064106
IWN,3,0.05617771,0.94382229
IWN,3,0.62119012,0.37880988
IWN,3,0.05073622,0.94926378
IWN,3,0.05161237,0.94838763
IWN,3,0.05690200,0.94309800
IWN,3,0.05346331,0.94653669
IWN,3,0.04514870,0.95485130
IWN,3,0.07131311,0.92868689
IWN,3,0.04728526,0.95271474
IWN,3,0.07071503,0.92928497
IWN,3,0.04820014,0.95179986
IWN,3,0.05976084,0.94023916
IWN,3,0.07203734,0.92796266
IWN,3,0.05535055,0.94464945
IWN,3,0.04602282,0.95397718
IWN,3,0.06134187,0.93865813
IWN,3,0.04494396,0.95505604
IWN,3,0.04933704,0.95066296
IWN,3,0.05098535,0.94901465
IWN,3,0.04508756,0.95491244
IWN,3,0.04882653,0.95117347
IWN,3,0.28501565,0.71498435
IWN,3,0.04497063,0.95502937
IWN,3,0.04530545,0.95469455
IWN,3,0.04489590,0.95510410
IWN,3,0.04536531,0.95463469
IWN,3,0.06046493,0.93953507
IWN,3,0.04611525,0.95388475
IWN,3,0.05604658,0.94395342
IWN,3,0.04682091,0.95317909
IWN,3,0.04950211,0.95049789
IWN,3,0.07096120,0.92903880
IWN,3,0.05068593,0.94931407
IWN,3,0.04629133,0.95370867
IWN,3,0.04475790,0.95524210
IWN,3,0.05089271,0.94910729
IWN,3,0.04472798,0.95527202
IWN,3,0.15828723,0.84171277
IWN,3,0.04623787,0.95376213
IWN,3,0.04640524,0.95359476
IWN,3,0.11120843,0.88879157
IWN,3,0.07378618,0.92621382
IWN,3,0.04992117,0.95007883
IWN,3,0.05182077,0.94817923
IWN,3,0.17286742,0.82713258
IWN,3,0.07957908,0.92042092
IWN,3,0.05057487,0.94942513
IWN,3,0.05919295,0.94080705
IWN,3,0.24985761,0.75014239
IWN,3,0.07946902,0.92053098
IWN,3,0.04674788,0.95325212
IWN,3,0.05139080,0.94860920
IWN,3,0.05519924,0.94480076
IWN,3,0.05288286,0.94711714
IWN,3,0.04570073,0.95429927
IWN,3,0.05611003,0.94388997
IWN,3,0.04656829,0.95343171
IWN,3,0.04563441,0.95436559
IWN,3,0.08391619,0.91608381
IWN,3,0.04968505,0.95031495
IWN,3,0.04480815,0.95519185
IWN,3,0.05193865,0.94806135
IWN,3,0.04566971,0.95433029
IWN,3,0.04536623,0.95463377
IWN,3,0.04551735,0.95448265
IWN,3,0.09113880,0.90886120
IWN,3,0.04942811,0.95057189
IWN,3,0.05391487,0.94608513
IWN,3,0.05491112,0.94508888
IWN,3,0.17532368,0.82467632
IWN,3,0.05556995,0.94443005
IWN,3,0.14116649,0.85883351
IWN,3,0.05762444,0.94237556
IWN,3,0.04918105,0.95081895
IWN,3,0.05973086,0.94026914
IWN,3,0.08293243,0.91706757
IWN,3,0.04621572,0.95378428
IWN,3,0.05809642,0.94190358
IWN,3,0.06708752,0.93291248
IWN,3,0.09112360,0.90887640
IWN,3,0.04953159,0.95046841
IWN,3,0.04603371,0.95396629
IWN,3,0.04598723,0.95401277
IWN,3,0.04628809,0.95371191
IWN,3,0.04551547,0.95448453
IWN,3,0.04581845,0.95418155
IWN,3,0.19889642,0.80110358
IWN,3,0.06885588,0.93114412
IWN,3,0.05370133,0.94629867
IWN,3,0.04599774,0.95400226
IWN,3,0.05133273,0.94866727
IWN,3,0.05112789,0.94887211
IWN,3,0.04473047,0.95526953
IWN,3,0.04503061,0.95496939
IWN,3,0.05488892,0.94511108
IWN,3,0.05389447,0.94610553
IWN,3,0.04469804,0.95530196
IWN,3,0.04640641,0.95359359
IWN,3,0.04622122,0.95377878
IWN,3,0.06263829,0.93736171
IWN,3,0.05598757,0.94401243
IWN,3,0.04471296,0.95528704
IWN,3,0.05146640,0.94853360
IWN,3,0.04733930,0.95266070
IWN,3,0.06406992,0.93593008
IWN,3,0.05007702,0.94992298
IWN,3,0.04982208,0.95017792
IWN,3,0.08699617,0.91300383
IWN,3,0.05752512,0.94247488
IWN,3,0.04474363,0.95525637
IWN,3,0.06428463,0.93571537
IWN,3,0.04716104,0.95283896
IWN,3,0.04768526,0.95231474
IWN,3,0.05111445,0.94888555
IWN,3,0.04521937,0.95478063
IWN,3,0.09429428,0.90570572
IWN,3,0.08091966,0.91908034
IWN,3,0.04778134,0.95221866
IWN,3,0.05027498,0.94972502
IWN,3,0.04481164,0.95518836
IWN,3,0.04573905,0.95426095
IWN,3,0.06139304,0.93860696
IWN,3,0.04718254,0.95281746
IWN,3,0.04511576,0.95488424
IWN,3,0.04518672,0.95481328
IWN,3,0.17410079,0.82589921
IWN,3,0.04807264,0.95192736
IWN,3,0.05358494,0.94641506
IWN,3,0.04648680,0.95351320
IWN,3,0.04877705,0.95122295
IWN,3,0.04976626,0.95023374
IWN,3,0.06055463,0.93944537
IWN,3,0.05767069,0.94232931
IWN,3,0.05024065,0.94975935
IWN,3,0.04947217,0.95052783
IWN,3,0.04624309,0.95375691
IWN,3,0.04501553,0.95498447
IWN,3,0.08231873,0.91768127
IWN,3,0.04743501,0.95256499
IWN,3,0.04566865,0.95433135
IWN,3,0.04801839,0.95198161
IWN,3,0.04467248,0.95532752
IWN,3,0.04535959,0.95464041
IWN,3,0.05327965,0.94672035
IWN,3,0.04528140,0.95471860
IWN,3,0.04787592,0.95212408
IWN,3,0.04803555,0.95196445
IWN,3,0.04991579,0.95008421
IWN,3,0.04939418,0.95060582
IWN,3,0.04762165,0.95237835
IWN,3,0.04673023,0.95326977
IWN,3,0.04467990,0.95532010
IWN,3,0.06621896,0.93378104
IWN,3,0.04568156,0.95431844
IWN,3,0.05307841,0.94692159
IWN,3,0.06697693,0.93302307
IWN,3,0.06256704,0.93743296
IWN,3,0.04530511,0.95469489
IWN,3,0.04527871,0.95472129
IWN,3,0.04843790,0.95156210
IWN,3,0.07123825,0.92876175
IWN,3,0.09045092,0.90954908
IWN,3,0.06924720,0.93075280
IWN,3,0.04695070,0.95304930
IWN,3,0.09117527,0.90882473
IWN,3,0.05169250,0.94830750
IWN,3,0.04608909,0.95391091
IWN,3,0.09180428,0.90819572
IWN,3,0.07355390,0.92644610
IWN,3,0.05185979,0.94814021
IWN,3,0.05241984,0.94758016
IWN,3,0.04832849,0.95167151
IWN,3,0.10138429,0.89861571
IWN,3,0.14869625,0.85130375
IWN,3,0.29683567,0.70316433
IWN,3,0.06631936,0.93368064
IWN,3,0.04467206,0.95532794
IWN,3,0.07874061,0.92125939
IWN,3,0.05227552,0.94772448
IWN,3,0.07134543,0.92865457
IWN,3,0.04655553,0.95344447
IWN,3,0.06218525,0.93781475
IWN,3,0.10604449,0.89395551
IWN,3,0.07061000,0.92939000
IWN,3,0.08742100,0.91257900
IWN,3,0.04562295,0.95437705
IWN,3,0.04469669,0.95530331
IWN,3,0.43549976,0.56450024
IWN,3,0.04467962,0.95532038
IWN,3,0.05423335,0.94576665
IWN,3,0.08751503,0.91248497
IWN,3,0.04472167,0.95527833
IWN,3,0.04925251,0.95074749
IWN,3,0.04810080,0.95189920
IWN,3,0.04562657,0.95437343
IWN,3,0.04625306,0.95374694
IWN,3,0.04709558,0.95290442
IWN,3,0.04466614,0.95533386
IWN,3,0.04818345,0.95181655
IWN,3,0.05802146,0.94197854
IWN,3,0.04567069,0.95432931
IWN,3,0.05459106,0.94540894
IWN,3,0.04711849,0.95288151
IWN,3,0.06627975,0.93372025
IWN,3,0.06392452,0.93607548
IWN,3,0.04482072,0.95517928
IWN,3,0.06444356,0.93555644
IWN,3,0.04481704,0.95518296
IWN,3,0.04545319,0.95454681
IWN,3,0.10335470,0.89664530
IWN,3,0.10170817,0.89829183
IWN,3,0.06171284,0.93828716
IWN,3,0.06469377,0.93530623
IWN,3,0.04735964,0.95264036
IWN,3,0.05073868,0.94926132
IWN,3,0.07160727,0.92839273
IWN,3,0.10153254,0.89846746
IWN,3,0.18669831,0.81330169
IWN,3,0.04481313,0.95518687
IWN,3,0.08402891,0.91597109
IWN,3,0.06333082,0.93666918
IWN,3,0.04467269,0.95532731
IWN,3,0.53618047,0.46381953
IWN,3,0.09484406,0.90515594
IWN,3,0.04749542,0.95250458
IWN,3,0.04933950,0.95066050
IWN,3,0.04873336,0.95126664
IWN,3,0.04544380,0.95455620
IWN,3,0.05021812,0.94978188
IWN,3,0.05217374,0.94782626
IWN,3,0.04834649,0.95165351
IWN,3,0.05738898,0.94261102
IWN,3,0.04954763,0.95045237
IWN,3,0.09048578,0.90951422
IWN,3,0.13364688,0.86635312
IWN,3,0.05646132,0.94353868
IWN,3,0.11202501,0.88797499
IWN,3,0.06937502,0.93062498
IWN,3,0.04855407,0.95144593
IWN,3,0.04499584,0.95500416
IWN,3,0.04723459,0.95276541
IWN,3,0.08809119,0.91190881
IWN,3,0.10619879,0.89380121
IWN,3,0.05429298,0.94570702
IWN,3,0.04499975,0.95500025
IWN,3,0.22772377,0.77227623
IWN,3,0.04675475,0.95324525
IWN,3,0.05426681,0.94573319
IWN,3,0.04807029,0.95192971
IWN,3,0.16032391,0.83967609
IWN,3,0.08248505,0.91751495
IWN,3,0.22137271,0.77862729
IWN,3,0.07126644,0.92873356
IWN,3,0.21021507,0.78978493
IWN,3,0.04762622,0.95237378
IWN,3,0.08077878,0.91922122
IWN,3,0.04566854,0.95433146
IWN,3,0.05760521,0.94239479
IWN,3,0.04563997,0.95436003
IWN,3,0.04584645,0.95415355
IWN,3,0.06955416,0.93044584
IWN,3,0.05011436,0.94988564
IWN,3,0.04488858,0.95511142
IWN,3,0.04473657,0.95526343
IWN,3,0.04529693,0.95470307
IWN,3,0.04494250,0.95505750
IWN,3,0.04530795,0.95469205
IWN,3,0.04478329,0.95521671
IWN,3,0.04482102,0.95517898
IWN,3,0.04504085,0.95495915
IWN,3,0.04671234,0.95328766
IWN,3,0.05231560,0.94768440
IWN,3,0.04767690,0.95232310
IWN,3,0.05153707,0.94846293
IWN,3,0.04470708,0.95529292
IWN,3,0.08858943,0.91141057
IWN,3,0.04928883,0.95071117
IWN,3,0.07344437,0.92655563
IWN,3,0.05183275,0.94816725
IWN,3,0.15429037,0.84570963
IWN,3,0.04586893,0.95413107
IWN,3,0.04700018,0.95299982
IWN,3,0.04554073,0.95445927
IWN,3,0.06058523,0.93941477
IWN,3,0.04504155,0.95495845
IWN,3,0.07596298,0.92403702
IWN,3,0.04512665,0.95487335
IWN,3,0.04476155,0.95523845
IWN,3,0.13892777,0.86107223
IWN,3,0.04603604,0.95396396
IWN,3,0.04676379,0.95323621
IWN,3,0.08083383,0.91916617
IWN,3,0.04527716,0.95472284
IWN,3,0.04501172,0.95498828
IWN,3,0.04771392,0.95228608
IWN,3,0.04820553,0.95179447
IWN,3,0.05604904,0.94395096
IWN,3,0.04817842,0.95182158
IWN,3,0.04983036,0.95016964
IWN,3,0.04713826,0.95286174
IWN,3,0.04482800,0.95517200
IWN,3,0.04466440,0.95533560
IWN,3,0.05256573,0.94743427
IWN,3,0.04510646,0.95489354
IWN,3,0.11310215,0.88689785
IWN,3,0.06043475,0.93956525
IWN,3,0.04551113,0.95448887
IWN,3,0.04524732,0.95475268
IWN,3,0.04647868,0.95352132
IWN,3,0.04504397,0.95495603
IWN,3,0.05542172,0.94457828
IWN,3,0.06031944,0.93968056
IWN,3,0.06363995,0.93636005
IWN,3,0.17553109,0.82446891
IWN,3,0.04582061,0.95417939
IWN,3,0.04624658,0.95375342
IWN,3,0.06359129,0.93640871
IWN,3,0.04466537,0.95533463
IWN,3,0.04643526,0.95356474
IWN,3,0.05291556,0.94708444
IWN,3,0.04466892,0.95533108
IWN,3,0.04498674,0.95501326
IWN,3,0.04508035,0.95491965
IWN,3,0.06724426,0.93275574
IWN,3,0.04497434,0.95502566
IWN,3,0.06106188,0.93893812
IWN,3,0.04468594,0.95531406
IWN,3,0.04475054,0.95524946
IWN,3,0.04484304,0.95515696
IWN,3,0.05003112,0.94996888
IWN,3,0.06662806,0.93337194
IWN,3,0.06660952,0.93339048
IWN,3,0.04477928,0.95522072
IWN,3,0.05247935,0.94752065
IWN,3,0.04608501,0.95391499
IWN,3,0.04649403,0.95350597
IWN,3,0.05819648,0.94180352
IWN,3,0.06319488,0.93680512
IWN,3,0.04668809,0.95331191
IWN,3,0.04734558,0.95265442
IWN,3,0.04543906,0.95456094
IWN,3,0.08927581,0.91072419
IWN,3,0.04618161,0.95381839
IWN,3,0.04608013,0.95391987
IWN,3,0.04821656,0.95178344
IWN,3,0.05370764,0.94629236
IWN,3,0.04698516,0.95301484
IWN,3,0.06764002,0.93235998
IWN,3,0.04467399,0.95532601
IWN,3,0.04949011,0.95050989
IWN,3,0.04727841,0.95272159
IWN,3,0.05161458,0.94838542
IWN,3,0.04546882,0.95453118
IWN,3,0.04466096,0.95533904
IWN,3,0.28951085,0.71048915
IWN,3,0.04504842,0.95495158
IWN,3,0.04682169,0.95317831
IWN,3,0.05232265,0.94767735
IWN,3,0.04487664,0.95512336
IWN,3,0.04465948,0.95534052
IWN,3,0.07319641,0.92680359
IWN,3,0.04466537,0.95533463
IWN,3,0.07045876,0.92954124
IWN,3,0.05983218,0.94016782
IWN,3,0.04947104,0.95052896
IWN,3,0.05057685,0.94942315
IWN,3,0.04637283,0.95362717
IWN,3,0.05362350,0.94637650
IWN,3,0.05537505,0.94462495
IWN,3,0.04706301,0.95293699
IWN,3,0.04503315,0.95496685
IWN,3,0.08670446,0.91329554
IWN,3,0.10496037,0.89503963
IWN,3,0.05244045,0.94755955
IWN,3,0.05260421,0.94739579
IWN,3,0.05182359,0.94817641
IWN,3,0.04510779,0.95489221
IWN,3,0.04598621,0.95401379
IWN,3,0.05098397,0.94901603
IWN,3,0.04742842,0.95257158
IWN,3,0.04466555,0.95533445
IWN,3,0.05018533,0.94981467
IWN,3,0.05353542,0.94646458
IWN,3,0.08097068,0.91902932
IWN,3,0.04860946,0.95139054
IWN,3,0.04742140,0.95257860
IWN,3,0.04637611,0.95362389
IWN,3,0.06145647,0.93854353
IWN,3,0.05264905,0.94735095
IWN,3,0.04998068,0.95001932
IWN,3,0.07022153,0.92977847
IWN,3,0.17564499,0.82435501
IWN,3,0.06653901,0.93346099
IWN,3,0.94941608,0.05058392
IWN,3,0.10573838,0.89426162
IWN,3,0.28711916,0.71288084
IWN,3,0.17464492,0.82535508
IWN,3,0.06069305,0.93930695
IWN,3,0.04542252,0.95457748
IWN,3,0.51933447,0.48066553
IWN,3,0.07342483,0.92657517
IWN,3,0.04569612,0.95430388
IWN,3,0.06628916,0.93371084
IWN,3,0.15138797,0.84861203
IWN,3,0.05821905,0.94178095
IWN,3,0.04574190,0.95425810
IWN,3,0.04605063,0.95394937
IWN,3,0.04770901,0.95229099
IWN,3,0.06979625,0.93020375
IWN,3,0.07373336,0.92626664
IWN,3,0.04491434,0.95508566
IWN,3,0.11117236,0.88882764
IWN,3,0.04842824,0.95157176
IWN,3,0.08625902,0.91374098
IWN,3,0.04667036,0.95332964
IWN,3,0.04501453,0.95498547
IWN,3,0.04861619,0.95138381
IWN,3,0.17827275,0.82172725
IWN,3,0.04939228,0.95060772
IWN,3,0.06979955,0.93020045
IWN,3,0.04507375,0.95492625
IWN,3,0.06474219,0.93525781
IWN,3,0.46916939,0.53083061
IWN,3,0.04498167,0.95501833
IWN,3,0.11076267,0.88923733
IWN,3,0.10333810,0.89666190
IWN,3,0.04496879,0.95503121
IWN,3,0.04490816,0.95509184
IWN,3,0.06568712,0.93431288
IWN,3,0.06568080,0.93431920
IWN,3,0.15655717,0.84344283
IWN,3,0.04513754,0.95486246
IWN,3,0.04466542,0.95533458
IWN,3,0.05020906,0.94979094
IWN,3,0.09812844,0.90187156
IWN,3,0.05936773,0.94063227
IWN,3,0.05093579,0.94906421
IWN,3,0.05205033,0.94794967
IWN,3,0.11044334,0.88955666
IWN,3,0.38463449,0.61536551
IWN,3,0.05342435,0.94657565
IWN,3,0.05936802,0.94063198
IWN,3,0.13629536,0.86370464
IWN,3,0.05189945,0.94810055
IWN,3,0.04504410,0.95495590
IWN,3,0.04613468,0.95386532
IWN,3,0.04974806,0.95025194
IWN,3,0.08168080,0.91831920
IWN,3,0.04672761,0.95327239
IWN,3,0.05372143,0.94627857
IWN,3,0.17801607,0.82198393
IWN,3,0.05753204,0.94246796
IWN,3,0.07021204,0.92978796
IWN,3,0.04989411,0.95010589
IWN,3,0.09873601,0.90126399
IWN,3,0.04499415,0.95500585
IWN,3,0.04958358,0.95041642
IWN,3,0.04863142,0.95136858
IWN,3,0.05605658,0.94394342
IWN,3,0.04900139,0.95099861
IWN,3,0.04635357,0.95364643
IWN,3,0.04494696,0.95505304
IWN,3,0.05042705,0.94957295
IWN,3,0.09377040,0.90622960
IWN,3,0.09713743,0.90286257
IWN,3,0.05475775,0.94524225
IWN,3,0.11006795,0.88993205
IWN,3,0.06683350,0.93316650
IWN,3,0.05928075,0.94071925
IWN,3,0.04502452,0.95497548
IWN,3,0.19046528,0.80953472
IWN,3,0.05406891,0.94593109
IWN,3,0.10300613,0.89699387
IWN,3,0.09971039,0.90028961
IWN,3,0.06484019,0.93515981
IWN,3,0.11110915,0.88889085
IWN,3,0.04902590,0.95097410
IWN,3,0.08180372,0.91819628
IWN,3,0.09876540,0.90123460
IWN,3,0.04522791,0.95477209
IWN,3,0.04873603,0.95126397
IWN,3,0.06221720,0.93778280
IWN,3,0.06333906,0.93666094
IWN,3,0.09276679,0.90723321
IWN,3,0.19531735,0.80468265
IWN,3,0.04731265,0.95268735
IWN,3,0.07142347,0.92857653
IWN,3,0.47850606,0.52149394
IWN,3,0.13381047,0.86618953
IWN,3,0.04472467,0.95527533
IWN,3,0.04557042,0.95442958
IWN,3,0.54539716,0.45460284
IWN,3,0.06396780,0.93603220
IWN,3,0.11613571,0.88386429
IWN,3,0.07068746,0.92931254
IWN,3,0.04504636,0.95495364
IWN,3,0.04465933,0.95534067
IWN,3,0.24953710,0.75046290
IWN,3,0.30475766,0.69524234
IWN,3,0.31721948,0.68278052
IWN,3,0.05262630,0.94737370
IWN,3,0.05158360,0.94841640
IWN,3,0.66342579,0.33657421
IWN,3,0.04908048,0.95091952
IWN,3,0.20740693,0.79259307
IWN,3,0.04668234,0.95331766
IWN,3,0.04738252,0.95261748
IWN,3,0.15258981,0.84741019
IWN,3,0.05966318,0.94033682
IWN,3,0.05657483,0.94342517
IWN,3,0.04478361,0.95521639
IWN,3,0.09675226,0.90324774
IWN,3,0.16394887,0.83605113
IWN,3,0.21233486,0.78766514
IWN,3,0.07337475,0.92662525
IWN,3,0.04491226,0.95508774
IWN,3,0.04573743,0.95426257
IWN,3,0.06834535,0.93165465
IWN,3,0.05814336,0.94185664
IWN,3,0.05208016,0.94791984
IWN,3,0.07731371,0.92268629
IWN,3,0.04753314,0.95246686
IWN,3,0.04519842,0.95480158
IWN,3,0.17158209,0.82841791
IWN,3,0.08140349,0.91859651
IWN,3,0.07997012,0.92002988
IWN,3,0.05017912,0.94982088
IWN,3,0.07808848,0.92191152
IWN,3,0.28128442,0.71871558
IWN,3,0.04790140,0.95209860
IWN,3,0.04802326,0.95197674
IWN,3,0.17829558,0.82170442
IWN,3,0.04745650,0.95254350
IWN,3,0.07821636,0.92178364
IWN,3,0.05417825,0.94582175
IWN,3,0.15429281,0.84570719
IWN,3,0.05674310,0.94325690
IWN,3,0.04738482,0.95261518
IWN,3,0.04653712,0.95346288
IWN,3,0.14641049,0.85358951
IWN,3,0.04570057,0.95429943
IWN,3,0.04554756,0.95445244
IWN,3,0.31628018,0.68371982
IWN,3,0.04518745,0.95481255
IWN,3,0.04466601,0.95533399
IWN,3,0.04492062,0.95507938
IWN,3,0.06803499,0.93196501
IWN,3,0.07890568,0.92109432
IWN,3,0.05104113,0.94895887
IWN,3,0.08344815,0.91655185
IWN,3,0.05245883,0.94754117
IWN,3,0.04533935,0.95466065
IWN,3,0.07948129,0.92051871
IWN,3,0.15508099,0.84491901
IWN,3,0.04470324,0.95529676
IWN,3,0.04502515,0.95497485
IWN,3,0.05043141,0.94956859
IWN,3,0.05141013,0.94858987
IWN,3,0.04466375,0.95533625
IWN,3,0.06210446,0.93789554
IWN,3,0.06428854,0.93571146
IWN,3,0.04963486,0.95036514
IWN,3,0.07847515,0.92152485
IWN,3,0.05017309,0.94982691
IWN,3,0.06209908,0.93790092
IWN,3,0.05357729,0.94642271
IWN,3,0.05898113,0.94101887
IWN,3,0.10112091,0.89887909
IWN,3,0.04834216,0.95165784
IWN,3,0.04721142,0.95278858
IWN,3,0.05769858,0.94230142
IWN,3,0.04488039,0.95511961
IWN,3,0.06786346,0.93213654
IWN,3,0.05977551,0.94022449
IWN,3,0.04692661,0.95307339
IWN,3,0.05892278,0.94107722
IWN,3,0.06955490,0.93044510
IWN,3,0.11416147,0.88583853
IWN,3,0.04634363,0.95365637
IWN,3,0.05772773,0.94227227
IWN,3,0.09994674,0.90005326
IWN,3,0.04514099,0.95485901
IWN,3,0.14836117,0.85163883
IWN,3,0.05319812,0.94680188
IWN,3,0.04506042,0.95493958
IWN,3,0.05879066,0.94120934
IWN,3,0.04499506,0.95500494
IWN,3,0.05189169,0.94810831
IWN,3,0.04806290,0.95193710
IWN,3,0.04774857,0.95225143
IWN,3,0.06314334,0.93685666
IWN,3,0.04718833,0.95281167
IWN,3,0.06013856,0.93986144
IWN,3,0.04916394,0.95083606
IWN,3,0.07668594,0.92331406
IWN,3,0.06770180,0.93229820
IWN,3,0.04908178,0.95091822
IWN,3,0.04466067,0.95533933
IWN,3,0.04466758,0.95533242
IWN,3,0.04493520,0.95506480
IWN,3,0.06057883,0.93942117
IWN,3,0.04473848,0.95526152
IWN,3,0.04936763,0.95063237
IWN,3,0.16334114,0.83665886
IWN,3,0.89719314,0.10280686
IWN,3,0.90845639,0.09154361
IWN,3,0.08270264,0.91729736
IWN,3,0.27706733,0.72293267
IWN,3,0.19499753,0.80500247
IWN,3,0.04752845,0.95247155
IWN,3,0.13406269,0.86593731
IWN,3,0.04990510,0.95009490
IWN,3,0.04466478,0.95533522
IWN,3,0.29708139,0.70291861
IWN,3,0.08646406,0.91353594
IWN,3,0.12599422,0.87400578
IWN,3,0.04552353,0.95447647
IWN,3,0.04492676,0.95507324
IWN,3,0.04638996,0.95361004
IWN,3,0.04541234,0.95458766
IWN,3,0.04926402,0.95073598
IWN,3,0.04629436,0.95370564
IWN,3,0.04708794,0.95291206
IWN,3,0.05098896,0.94901104
IWN,3,0.04507491,0.95492509
IWN,3,0.05017723,0.94982277
IWN,3,0.04472670,0.95527330
IWN,3,0.04769814,0.95230186
IWN,3,0.04558698,0.95441302
IWN,3,0.04598317,0.95401683
IWN,3,0.08302203,0.91697797
IWN,3,0.06212001,0.93787999
IWN,3,0.04475010,0.95524990
IWN,3,0.13054727,0.86945273
IWN,3,0.04493755,0.95506245
IWN,3,0.04467111,0.95532889
IWN,3,0.05289660,0.94710340
IWN,3,0.04741351,0.95258649
IWN,3,0.04470087,0.95529913
IWN,3,0.06789340,0.93210660
IWN,3,0.05186632,0.94813368
IWN,3,0.04527063,0.95472937
IWN,3,0.05579837,0.94420163
IWN,3,0.04465895,0.95534105
IWN,3,0.04495722,0.95504278
IWN,3,0.05271168,0.94728832
IWN,3,0.05219526,0.94780474
IWN,3,0.04636875,0.95363125
IWN,3,0.04647098,0.95352902
IWN,3,0.05024505,0.94975495
IWN,3,0.04547701,0.95452299
IWN,3,0.04800333,0.95199667
IWN,3,0.04604826,0.95395174
IWN,3,0.06921717,0.93078283
IWN,3,0.04467520,0.95532480
IWN,3,0.05433161,0.94566839
IWN,3,0.04491891,0.95508109
IWN,3,0.68720062,0.31279938
IWN,3,0.06517189,0.93482811
IWN,3,0.16164273,0.83835727
IWN,3,0.04836504,0.95163496
IWN,3,0.07096975,0.92903025
IWN,3,0.04479571,0.95520429
IWN,3,0.05293338,0.94706662
IWN,3,0.04838496,0.95161504
IWN,3,0.09166799,0.90833201
IWN,3,0.13050028,0.86949972
IWN,3,0.05135028,0.94864972
IWN,3,0.07106462,0.92893538
IWN,3,0.04497232,0.95502768
IWN,3,0.06970285,0.93029715
IWN,3,0.07189560,0.92810440
IWN,3,0.06771081,0.93228919
IWN,3,0.04743424,0.95256576
IWN,3,0.05001670,0.94998330
IWN,3,0.05562320,0.94437680
IWN,3,0.04485725,0.95514275
IWN,3,0.05936867,0.94063133
IWN,3,0.07687316,0.92312684
IWN,3,0.10220842,0.89779158
IWN,3,0.04483623,0.95516377
IWN,3,0.06219604,0.93780396
IWN,3,0.04542147,0.95457853
IWN,3,0.04469215,0.95530785
IWN,3,0.05188231,0.94811769
IWN,3,0.05421637,0.94578363
IWN,3,0.04598223,0.95401777
IWN,3,0.04541706,0.95458294
IWN,3,0.05392719,0.94607281
IWN,3,0.05142810,0.94857190
IWN,3,0.05289219,0.94710781
IWN,3,0.06468672,0.93531328
IWN,3,0.04845627,0.95154373
IWN,3,0.04893263,0.95106737
IWN,3,0.07606152,0.92393848
IWN,3,0.07860818,0.92139182
IWN,3,0.04564055,0.95435945
IWN,3,0.04964051,0.95035949
IWN,3,0.30161680,0.69838320
IWN,3,0.04594658,0.95405342
IWN,3,0.66803497,0.33196503
IWN,3,0.18459473,0.81540527
IWN,3,0.32901801,0.67098199
IWN,3,0.12362367,0.87637633
IWN,3,0.04734563,0.95265437
IWN,3,0.04478487,0.95521513
IWN,3,0.04810991,0.95189009
IWN,3,0.05038849,0.94961151
IWN,3,0.05034435,0.94965565
IWN,3,0.07827357,0.92172643
IWN,3,0.05127828,0.94872172
IWN,3,0.04636443,0.95363557
IWN,3,0.07121848,0.92878152
IWN,3,0.04480209,0.95519791
IWN,3,0.04465910,0.95534090
IWN,3,0.04478173,0.95521827
IWN,3,0.04480193,0.95519807
IWN,3,0.15177886,0.84822114
IWN,3,0.07339239,0.92660761
IWN,3,0.07413879,0.92586121
IWN,3,0.12194023,0.87805977
IWN,3,0.04736596,0.95263404
IWN,3,0.06985977,0.93014023
IWN,3,0.04472502,0.95527498
IWN,3,0.09853620,0.90146380
IWN,3,0.05478748,0.94521252
IWN,3,0.04514762,0.95485238
IWN,3,0.05480844,0.94519156
IWN,3,0.06862021,0.93137979
IWN,3,0.04935906,0.95064094
IWN,3,0.05411875,0.94588125
IWN,3,0.04592964,0.95407036
IWN,3,0.04849377,0.95150623
IWN,3,0.06079463,0.93920537
IWN,3,0.04469038,0.95530962
IWN,3,0.04716263,0.95283737
IWN,3,0.05131546,0.94868454
IWN,3,0.11400580,0.88599420
IWN,3,0.09740346,0.90259654
IWN,3,0.04784852,0.95215148
IWN,3,0.08117328,0.91882672
IWN,3,0.07000732,0.92999268
IWN,3,0.04763829,0.95236171
IWN,3,0.07232579,0.92767421
IWN,3,0.05066194,0.94933806
IWN,3,0.08187880,0.91812120
IWN,3,0.04608199,0.95391801
IWN,3,0.05584079,0.94415921
IWN,3,0.04870920,0.95129080
IWN,3,0.04639592,0.95360408
IWN,3,0.10891644,0.89108356
IWN,3,0.07213007,0.92786993
IWN,3,0.04626946,0.95373054
IWN,3,0.04987451,0.95012549
IWN,3,0.10940690,0.89059310
IWN,3,0.04720147,0.95279853
IWN,3,0.04469179,0.95530821
IWN,3,0.04623087,0.95376913
IWN,3,0.10736590,0.89263410
IWN,3,0.05301011,0.94698989
IWN,3,0.05141731,0.94858269
IWN,3,0.04728865,0.95271135
IWN,3,0.08289701,0.91710299
IWN,3,0.06132327,0.93867673
IWN,3,0.04775194,0.95224806
IWN,3,0.04786602,0.95213398
IWN,3,0.04738353,0.95261647
IWN,3,0.04563025,0.95436975
IWN,3,0.04565938,0.95434062
IWN,3,0.05761046,0.94238954
IWN,3,0.04624288,0.95375712
IWN,3,0.04900114,0.95099886
IWN,3,0.04641215,0.95358785
IWN,3,0.05436326,0.94563674
IWN,3,0.10093656,0.89906344
IWN,3,0.17083198,0.82916802
IWN,3,0.09114386,0.90885614
IWN,3,0.04613324,0.95386676
IWN,3,0.05201427,0.94798573
IWN,3,0.05437758,0.94562242
IWN,3,0.06401620,0.93598380
IWN,3,0.05180456,0.94819544
IWN,3,0.04557058,0.95442942
IWN,3,0.04698596,0.95301404
IWN,3,0.04872775,0.95127225
IWN,3,0.08932129,0.91067871
IWN,3,0.04788113,0.95211887
IWN,3,0.04812660,0.95187340
IWN,3,0.05349392,0.94650608
IWN,3,0.60099971,0.39900029
IWN,3,0.04720985,0.95279015
IWN,3,0.05857457,0.94142543
IWN,3,0.04466245,0.95533755
IWN,3,0.04468470,0.95531530
IWN,3,0.06335068,0.93664932
IWN,3,0.04668867,0.95331133
IWN,3,0.07012778,0.92987222
IWN,3,0.04527956,0.95472044
IWN,3,0.07115809,0.92884191
IWN,3,0.04465959,0.95534041
IWN,3,0.07444410,0.92555590
IWN,3,0.06352692,0.93647308
IWN,3,0.04470144,0.95529856
IWN,3,0.04513845,0.95486155
IWN,3,0.06223958,0.93776042
IWN,3,0.09342938,0.90657062
IWN,3,0.09341773,0.90658227
IWN,3,0.07222390,0.92777610
IWN,3,0.04507845,0.95492155
IWN,3,0.04508572,0.95491428
IWN,3,0.08023690,0.91976310
IWN,3,0.04475309,0.95524691
IWN,3,0.08121369,0.91878631
IWN,3,0.06356043,0.93643957
IWN,3,0.05552573,0.94447427
IWN,3,0.04879976,0.95120024
IWN,3,0.11878022,0.88121978
IWN,3,0.04760392,0.95239608
IWN,3,0.05043346,0.94956654
IWN,3,0.04816167,0.95183833
IWN,3,0.04670421,0.95329579
IWN,3,0.05033668,0.94966332
IWN,3,0.04525837,0.95474163
IWN,3,0.04624967,0.95375033
IWN,3,0.04884421,0.95115579
IWN,3,0.05530133,0.94469867
IWN,3,0.05518334,0.94481666
IWN,3,0.05405399,0.94594601
IWN,3,0.04469661,0.95530339
IWN,3,0.45196917,0.54803083
IWN,3,0.04507404,0.95492596
IWN,3,0.04998245,0.95001755
IWN,3,0.05448738,0.94551262
IWN,3,0.05151499,0.94848501
IWN,3,0.04523368,0.95476632
IWN,3,0.04477106,0.95522894
IWN,3,0.04472751,0.95527249
IWN,3,0.05816702,0.94183298
IWN,3,0.04599357,0.95400643
IWN,3,0.15584323,0.84415677
IWN,3,0.04778458,0.95221542
IWN,3,0.05000160,0.94999840
IWN,3,0.04591594,0.95408406
IWN,3,0.04518005,0.95481995
IWN,3,0.11549755,0.88450245
IWN,3,0.09619110,0.90380890
IWN,3,0.04466626,0.95533374
IWN,3,0.04677724,0.95322276
IWN,3,0.05339349,0.94660651
IWN,3,0.04884557,0.95115443
IWN,3,0.04685691,0.95314309
IWN,3,0.04617829,0.95382171
IWN,3,0.07372464,0.92627536
IWN,3,0.06112179,0.93887821
IWN,3,0.04551699,0.95448301
IWN,3,0.04953077,0.95046923
IWN,3,0.04802664,0.95197336
IWN,3,0.04672314,0.95327686
IWN,3,0.08696532,0.91303468
IWN,3,0.04472548,0.95527452
IWN,3,0.04732695,0.95267305
IWN,3,0.08681215,0.91318785
IWN,3,0.05258021,0.94741979
IWN,3,0.08678974,0.91321026
IWN,3,0.05170626,0.94829374
IWN,3,0.04845100,0.95154900
IWN,3,0.04467952,0.95532048
IWN,3,0.05300721,0.94699279
IWN,3,0.04596647,0.95403353
IWN,3,0.04467930,0.95532070
IWN,3,0.04705483,0.95294517
IWN,3,0.04662800,0.95337200
IWN,3,0.06658826,0.93341174
IWN,3,0.04466888,0.95533112
IWN,3,0.04984431,0.95015569
IWN,3,0.04478971,0.95521029
IWN,3,0.08009247,0.91990753
IWN,3,0.05875745,0.94124255
IWN,3,0.04528043,0.95471957
IWN,3,0.04640789,0.95359211
IWN,3,0.04499540,0.95500460
IWN,3,0.04566298,0.95433702
IWN,3,0.06062630,0.93937370
IWN,3,0.05433011,0.94566989
IWN,3,0.05176664,0.94823336
IWN,3,0.04492633,0.95507367
IWN,3,0.04579973,0.95420027
IWN,3,0.06589114,0.93410886
IWN,3,0.11033505,0.88966495
IWN,3,0.04902677,0.95097323
IWN,3,0.10240994,0.89759006
IWN,3,0.05685082,0.94314918
IWN,3,0.04467531,0.95532469
IWN,3,0.16697245,0.83302755
IWN,3,0.04482069,0.95517931
IWN,3,0.04466003,0.95533997
IWN,3,0.06026618,0.93973382
IWN,3,0.04471380,0.95528620
IWN,3,0.04664459,0.95335541
IWN,3,0.05008093,0.94991907
IWN,3,0.04474449,0.95525551
IWN,3,0.04511626,0.95488374
IWN,3,0.04792822,0.95207178
IWN,3,0.05799108,0.94200892
IWN,3,0.05299644,0.94700356
IWN,3,0.08053418,0.91946582
IWN,3,0.04538468,0.95461532
IWN,3,0.04766528,0.95233472
IWN,3,0.04517924,0.95482076
IWN,3,0.07757720,0.92242280
IWN,3,0.06108508,0.93891492
IWN,3,0.04912152,0.95087848
IWN,3,0.04479877,0.95520123
IWN,3,0.04683645,0.95316355
IWN,3,0.05221599,0.94778401
IWN,3,0.04503354,0.95496646
IWN,3,0.04882657,0.95117343
IWN,3,0.04480199,0.95519801
IWN,3,0.04824902,0.95175098
IWN,3,0.05090124,0.94909876
IWN,3,0.04934168,0.95065832
IWN,3,0.13146826,0.86853174
IWN,3,0.04674727,0.95325273
IWN,3,0.04466048,0.95533952
IWN,3,0.07503780,0.92496220
IWN,3,0.04552762,0.95447238
IWN,3,0.05007645,0.94992355
IWN,3,0.04717536,0.95282464
IWN,3,0.04614112,0.95385888
IWN,3,0.04625043,0.95374957
IWN,3,0.04923043,0.95076957
IWN,3,0.04488093,0.95511907
IWN,3,0.04530878,0.95469122
IWN,3,0.04474951,0.95525049
IWN,3,0.04474500,0.95525500
IWN,3,0.04724396,0.95275604
IWN,3,0.04887862,0.95112138
IWN,3,0.04473659,0.95526341
IWN,3,0.04649386,0.95350614
IWN,3,0.05692138,0.94307862
IWN,3,0.04509604,0.95490396
IWN,3,0.04743703,0.95256297
IWN,3,0.04534576,0.95465424
IWN,3,0.05025112,0.94974888
IWN,3,0.07794068,0.92205932
IWN,3,0.04824921,0.95175079
IWN,3,0.04754027,0.95245973
IWN,3,0.04873305,0.95126695
IWN,3,0.04921490,0.95078510
IWN,3,0.04532863,0.95467137
IWN,3,0.08714222,0.91285778
IWN,3,0.04539103,0.95460897
IWN,3,0.04573963,0.95426037
IWN,3,0.04468926,0.95531074
IWN,3,0.04466512,0.95533488
IWN,3,0.04541711,0.95458289
IWN,3,0.04627174,0.95372826
IWN,3,0.07351016,0.92648984
IWN,3,0.05048303,0.94951697
IWN,3,0.05603936,0.94396064
IWN,3,0.05905404,0.94094596
IWN,3,0.04466908,0.95533092
IWN,3,0.04553535,0.95446465
IWN,3,0.04517351,0.95482649
IWN,3,0.14598659,0.85401341
IWN,3,0.06540720,0.93459280
IWN,3,0.04525133,0.95474867
IWN,3,0.04654403,0.95345597
IWN,3,0.04541983,0.95458017
IWN,3,0.07621594,0.92378406
IWN,3,0.05302613,0.94697387
IWN,3,0.04713836,0.95286164
IWN,3,0.04467764,0.95532236
IWN,3,0.04501435,0.95498565
IWN,3,0.04466358,0.95533642
IWN,3,0.04528858,0.95471142
IWN,3,0.07161317,0.92838683
IWN,3,0.08783493,0.91216507
IWN,3,0.10061917,0.89938083
IWN,3,0.06251620,0.93748380
IWN,3,0.04478194,0.95521806
IWN,3,0.04980782,0.95019218
IWN,3,0.04593449,0.95406551
IWN,3,0.04474967,0.95525033
IWN,3,0.04545577,0.95454423
IWN,3,0.04682801,0.95317199
IWN,3,0.05567313,0.94432687
IWN,3,0.05738188,0.94261812
IWN,3,0.04472780,0.95527220
IWN,3,0.04540034,0.95459966
IWN,3,0.04511257,0.95488743
IWN,3,0.04707473,0.95292527
IWN,3,0.04605475,0.95394525
IWN,3,0.04466562,0.95533438
IWN,3,0.16215786,0.83784214
IWN,3,0.04723164,0.95276836
IWN,3,0.07507388,0.92492612
IWN,3,0.05989734,0.94010266
IWN,3,0.05740564,0.94259436
IWN,3,0.07279421,0.92720579
IWN,3,0.04749737,0.95250263
IWN,3,0.04489719,0.95510281
IWN,3,0.04976373,0.95023627
IWN,3,0.04572765,0.95427235
IWN,3,0.04470233,0.95529767
IWN,3,0.05742865,0.94257135
IWN,3,0.05932422,0.94067578
IWN,3,0.04794016,0.95205984
IWN,3,0.04541360,0.95458640
IWN,3,0.15596364,0.84403636
IWN,3,0.96272555,0.03727445
IWN,3,0.06160521,0.93839479
IWN,3,0.04502306,0.95497694
IWN,3,0.44937484,0.55062516
IWN,3,0.06526092,0.93473908
IWN,3,0.05718520,0.94281480
IWN,3,0.04532658,0.95467342
IWN,3,0.10415634,0.89584366
IWN,3,0.06171178,0.93828822
IWN,3,0.04952374,0.95047626
IWN,3,0.07050879,0.92949121
IWN,3,0.04478039,0.95521961
IWN,3,0.04586449,0.95413551
IWN,3,0.07724011,0.92275989
IWN,3,0.05216323,0.94783677
IWN,3,0.12063342,0.87936658
IWN,3,0.15519379,0.84480621
IWN,3,0.04477674,0.95522326
IWN,3,0.07755740,0.92244260
IWN,3,0.07088418,0.92911582
IWN,3,0.06755065,0.93244935
IWN,3,0.05166879,0.94833121
IWN,3,0.04994929,0.95005071
IWN,3,0.10687710,0.89312290
IWN,3,0.04676530,0.95323470
IWN,3,0.04744186,0.95255814
IWN,3,0.05571693,0.94428307
IWN,3,0.04714737,0.95285263
IWN,3,0.05475127,0.94524873
IWN,3,0.05406358,0.94593642
IWN,3,0.04734188,0.95265812
IWN,3,0.04987318,0.95012682
IWN,3,0.21604486,0.78395514
IWN,3,0.30814550,0.69185450
IWN,3,0.18717701,0.81282299
IWN,3,0.09649921,0.90350079
IWN,3,0.04737373,0.95262627
IWN,3,0.05535072,0.94464928
IWN,3,0.19904634,0.80095366
IWN,3,0.08432582,0.91567418
IWN,3,0.08131465,0.91868535
IWN,3,0.06216378,0.93783622
IWN,3,0.13966316,0.86033684
IWN,3,0.04786986,0.95213014
IWN,3,0.15136396,0.84863604
IWN,3,0.04566359,0.95433641
IWN,3,0.04953578,0.95046422
IWN,3,0.04633301,0.95366699
IWN,3,0.06128820,0.93871180
IWN,3,0.05319414,0.94680586
IWN,3,0.04599529,0.95400471
IWN,3,0.04634385,0.95365615
IWN,3,0.04738592,0.95261408
IWN,3,0.04470124,0.95529876
IWN,3,0.04466433,0.95533567
IWN,3,0.04483536,0.95516464
IWN,3,0.04559637,0.95440363
IWN,3,0.04475595,0.95524405
IWN,3,0.06205841,0.93794159
IWN,3,0.04600532,0.95399468
IWN,3,0.04685504,0.95314496
IWN,3,0.04949410,0.95050590
IWN,3,0.07919798,0.92080202
IWN,3,0.05647172,0.94352828
IWN,3,0.04947949,0.95052051
IWN,3,0.04962746,0.95037254
IWN,3,0.04713538,0.95286462
IWN,3,0.04491270,0.95508730
IWN,3,0.04672018,0.95327982
IWN,3,0.04490769,0.95509231
IWN,3,0.06122118,0.93877882
IWN,3,0.05332220,0.94667780
IWN,3,0.04465889,0.95534111
IWN,3,0.06383250,0.93616750
IWN,3,0.04703667,0.95296333
IWN,3,0.04481986,0.95518014
IWN,3,0.04474342,0.95525658
IWN,3,0.04590334,0.95409666
IWN,3,0.04622721,0.95377279
IWN,3,0.11061258,0.88938742
IWN,3,0.05938888,0.94061112
IWN,3,0.04964564,0.95035436
IWN,3,0.05352492,0.94647508
IWN,3,0.04715608,0.95284392
IWN,3,0.05186265,0.94813735
IWN,3,0.04466464,0.95533536
IWN,3,0.04472361,0.95527639
IWN,3,0.04468228,0.95531772
IWN,3,0.04487962,0.95512038
IWN,3,0.05070588,0.94929412
IWN,3,0.04534577,0.95465423
IWN,3,0.04469891,0.95530109
IWN,3,0.04945246,0.95054754
IWN,3,0.04610447,0.95389553
IWN,3,0.05392705,0.94607295
IWN,3,0.05459506,0.94540494
IWN,3,0.04489638,0.95510362
IWN,3,0.07004317,0.92995683
IWN,3,0.04757902,0.95242098
IWN,3,0.08152549,0.91847451
IWN,3,0.04468920,0.95531080
IWN,3,0.04553035,0.95446965
IWN,3,0.05101433,0.94898567
IWN,3,0.04758391,0.95241609
IWN,3,0.07222205,0.92777795
IWN,3,0.05486046,0.94513954
IWN,3,0.05590531,0.94409469
IWN,3,0.04717165,0.95282835
IWN,3,0.06020606,0.93979394
IWN,3,0.04475227,0.95524773
IWN,3,0.04558670,0.95441330
IWN,3,0.04695197,0.95304803
IWN,3,0.04470058,0.95529942
IWN,3,0.04676180,0.95323820
IWN,3,0.05486870,0.94513130
IWN,3,0.04652532,0.95347468
IWN,3,0.04487629,0.95512371
IWN,3,0.05025418,0.94974582
IWN,3,0.04531824,0.95468176
IWN,3,0.05526577,0.94473423
IWN,3,0.08859385,0.91140615
IWN,3,0.04469915,0.95530085
IWN,3,0.05368097,0.94631903
IWN,3,0.04481590,0.95518410
IWN,3,0.04748343,0.95251657
IWN,3,0.04510950,0.95489050
IWN,3,0.04620822,0.95379178
IWN,3,0.04481400,0.95518600
IWN,3,0.04534710,0.95465290
IWN,3,0.04481136,0.95518864
IWN,3,0.04825846,0.95174154
IWN,3,0.04868800,0.95131200
IWN,3,0.06155400,0.93844600
IWN,3,0.06843448,0.93156552
IWN,3,0.05755373,0.94244627
IWN,3,0.05028329,0.94971671
IWN,3,0.04625994,0.95374006
IWN,3,0.07064540,0.92935460
IWN,3,0.04478303,0.95521697
IWN,3,0.04931230,0.95068770
IWN,3,0.04598310,0.95401690
IWN,3,0.04466335,0.95533665
IWN,3,0.04473870,0.95526130
IWN,3,0.04496596,0.95503404
IWN,3,0.04518198,0.95481802
IWN,3,0.04508543,0.95491457
IWN,3,0.05047319,0.94952681
IWN,3,0.04466390,0.95533610
IWN,3,0.04977115,0.95022885
IWN,3,0.04664413,0.95335587
IWN,3,0.04465965,0.95534035
IWN,3,0.04466751,0.95533249
IWN,3,0.04509610,0.95490390
IWN,3,0.04477165,0.95522835
IWN,3,0.04859425,0.95140575
IWN,3,0.04927389,0.95072611
IWN,3,0.04467372,0.95532628
IWN,3,0.04479402,0.95520598
IWN,3,0.06442684,0.93557316
IWN,3,0.04606972,0.95393028
IWN,3,0.05578485,0.94421515
IWN,3,0.04474502,0.95525498
IWN,3,0.06581216,0.93418784
IWN,3,0.04478335,0.95521665
IWN,3,0.04772686,0.95227314
IWN,3,0.07743198,0.92256802
IWN,3,0.04971894,0.95028106
IWN,3,0.06021631,0.93978369
IWN,3,0.05983549,0.94016451
IWN,3,0.05425259,0.94574741
IWN,3,0.04745272,0.95254728
IWN,3,0.04473255,0.95526745
IWN,3,0.27703061,0.72296939
IWN,3,0.32024190,0.67975810
IWN,3,0.05366979,0.94633021
IWN,3,0.05314777,0.94685223
IWN,3,0.22623534,0.77376466
IWN,3,0.04536827,0.95463173
IWN,3,0.15426418,0.84573582
IWN,3,0.05397758,0.94602242
IWN,3,0.04976344,0.95023656
IWN,3,0.05870231,0.94129769
IWN,3,0.81092570,0.18907430
IWN,3,0.14254844,0.85745156
IWN,3,0.05918704,0.94081296
IWN,3,0.04504327,0.95495673
IWN,3,0.14108112,0.85891888
IWN,3,0.04485650,0.95514350
IWN,3,0.09607924,0.90392076
IWN,3,0.04856101,0.95143899
IWN,3,0.04922300,0.95077700
IWN,3,0.04861229,0.95138771
IWN,3,0.07682661,0.92317339
IWN,3,0.04515492,0.95484508
IWN,3,0.08557637,0.91442363
IWN,3,0.09433404,0.90566596
IWN,3,0.04582621,0.95417379
IWN,3,0.05505943,0.94494057
IWN,3,0.06880231,0.93119769
IWN,3,0.04600516,0.95399484
IWN,3,0.06772365,0.93227635
IWN,3,0.18693906,0.81306094
IWN,3,0.06237197,0.93762803
IWN,3,0.04501767,0.95498233
IWN,3,0.06010105,0.93989895
IWN,3,0.05039809,0.94960191
IWN,3,0.15035645,0.84964355
IWN,3,0.04564239,0.95435761
IWN,3,0.04703158,0.95296842
IWN,3,0.05239241,0.94760759
IWN,3,0.96476685,0.03523315
IWN,3,0.05010220,0.94989780
IWN,3,0.09216400,0.90783600
IWN,3,0.06026191,0.93973809
IWN,3,0.04493660,0.95506340
IWN,3,0.05511441,0.94488559
IWN,3,0.07721643,0.92278357
IWN,3,0.09763597,0.90236403
IWN,3,0.18828843,0.81171157
IWN,3,0.04699478,0.95300522
IWN,3,0.20186944,0.79813056
IWN,3,0.08709077,0.91290923
IWN,3,0.23611497,0.76388503
IWN,3,0.31353958,0.68646042
IWN,3,0.96407472,0.03592528
IWN,3,0.04711371,0.95288629
IWN,3,0.04838247,0.95161753
IWN,3,0.04958299,0.95041701
IWN,3,0.05722284,0.94277716
IWN,3,0.07057845,0.92942155
IWN,3,0.76142968,0.23857032
IWN,3,0.07944268,0.92055732
IWN,3,0.10791224,0.89208776
IWN,3,0.05662351,0.94337649
IWN,3,0.04693284,0.95306716
IWN,3,0.04475140,0.95524860
IWN,3,0.05456736,0.94543264
IWN,3,0.04918272,0.95081728
IWN,3,0.06159272,0.93840728
IWN,3,0.05626483,0.94373517
IWN,3,0.06283651,0.93716349
IWN,3,0.09147503,0.90852497
IWN,3,0.04540608,0.95459392
IWN,3,0.05059357,0.94940643
IWN,3,0.07217480,0.92782520
IWN,3,0.04556057,0.95443943
IWN,3,0.04474972,0.95525028
IWN,3,0.05735769,0.94264231
IWN,3,0.05008387,0.94991613
IWN,3,0.04493980,0.95506020
IWN,3,0.06382766,0.93617234
IWN,3,0.04515745,0.95484255
IWN,3,0.04539218,0.95460782
IWN,3,0.04742777,0.95257223
IWN,3,0.04550958,0.95449042
IWN,3,0.05455238,0.94544762
IWN,3,0.05969626,0.94030374
IWN,3,0.04828314,0.95171686
IWN,3,0.04465901,0.95534099
IWN,3,0.09961017,0.90038983
IWN,3,0.04980412,0.95019588
IWN,3,0.05336692,0.94663308
IWN,3,0.04690558,0.95309442
IWN,3,0.05080597,0.94919403
IWN,3,0.04559635,0.95440365
IWN,3,0.05771410,0.94228590
IWN,3,0.04469140,0.95530860
IWN,3,0.04764850,0.95235150
IWN,3,0.04955948,0.95044052
IWN,3,0.04774387,0.95225613
IWN,3,0.05040514,0.94959486
IWN,3,0.16055430,0.83944570
IWN,3,0.07482722,0.92517278
IWN,3,0.04481051,0.95518949
IWN,3,0.11085744,0.88914256
IWN,3,0.04475756,0.95524244
IWN,3,0.04665438,0.95334562
IWN,3,0.04715598,0.95284402
IWN,3,0.04518028,0.95481972
IWN,3,0.05392478,0.94607522
IWN,3,0.06034538,0.93965462
IWN,3,0.06269608,0.93730392
IWN,3,0.05982100,0.94017900
IWN,3,0.77109000,0.22891000
IWN,3,0.04583854,0.95416146
IWN,3,0.08594272,0.91405728
IWN,3,0.04502171,0.95497829
IWN,3,0.05354987,0.94645013
IWN,3,0.04466238,0.95533762
IWN,3,0.08415822,0.91584178
IWN,3,0.04698447,0.95301553
IWN,3,0.04535611,0.95464389
IWN,3,0.06237833,0.93762167
IWN,3,0.06653888,0.93346112
IWN,3,0.04480225,0.95519775
IWN,3,0.08270773,0.91729227
IWN,3,0.07879450,0.92120550
IWN,3,0.04473627,0.95526373
IWN,3,0.04949677,0.95050323
IWN,3,0.04909453,0.95090547
IWN,3,0.04827703,0.95172297
IWN,3,0.04672326,0.95327674
IWN,3,0.04793964,0.95206036
IWN,3,0.05731880,0.94268120
IWN,3,0.09716357,0.90283643
IWN,3,0.04661497,0.95338503
IWN,3,0.06905795,0.93094205
IWN,3,0.05701129,0.94298871
IWN,3,0.05006265,0.94993735
IWN,3,0.04585673,0.95414327
IWN,3,0.05625686,0.94374314
IWN,3,0.04547025,0.95452975
IWN,3,0.15956672,0.84043328
IWN,3,0.04488306,0.95511694
IWN,3,0.13521344,0.86478656
IWN,3,0.05450047,0.94549953
IWN,3,0.04609211,0.95390789
IWN,3,0.04897330,0.95102670
IWN,3,0.52794305,0.47205695
IWN,3,0.06597061,0.93402939
IWN,3,0.04520153,0.95479847
IWN,3,0.04860687,0.95139313
IWN,3,0.08362042,0.91637958
IWN,3,0.05438747,0.94561253
IWN,3,0.06501056,0.93498944
IWN,3,0.06509302,0.93490698
IWN,3,0.17194984,0.82805016
IWN,3,0.05318938,0.94681062
IWN,3,0.06171099,0.93828901
IWN,3,0.05240963,0.94759037
IWN,3,0.05186273,0.94813727
IWN,3,0.08169535,0.91830465
IWN,3,0.05519946,0.94480054
IWN,3,0.28444456,0.71555544
IWN,3,0.04553306,0.95446694
IWN,3,0.04466365,0.95533635
IWN,3,0.04593540,0.95406460
IWN,3,0.04950320,0.95049680
IWN,3,0.04466055,0.95533945
IWN,3,0.04519984,0.95480016
IWN,3,0.06228695,0.93771305
IWN,3,0.05065764,0.94934236
IWN,3,0.04467251,0.95532749
IWN,3,0.07276357,0.92723643
IWN,3,0.04662582,0.95337418
IWN,3,0.04788691,0.95211309
IWN,3,0.05098157,0.94901843
IWN,3,0.09140827,0.90859173
IWN,3,0.04639494,0.95360506
IWN,3,0.04560965,0.95439035
IWN,3,0.11305938,0.88694062
IWN,3,0.07822564,0.92177436
IWN,3,0.04772745,0.95227255
IWN,3,0.05458631,0.94541369
IWN,3,0.05141201,0.94858799
IWN,3,0.05147968,0.94852032
IWN,3,0.06246640,0.93753360
IWN,3,0.04506407,0.95493593
IWN,3,0.04472763,0.95527237
IWN,3,0.05019530,0.94980470
IWN,3,0.05820800,0.94179200
IWN,3,0.05868216,0.94131784
IWN,3,0.04547353,0.95452647
IWN,3,0.06468122,0.93531878
IWN,3,0.04488958,0.95511042
IWN,3,0.04565287,0.95434713
IWN,3,0.04682168,0.95317832
IWN,3,0.06441027,0.93558973
IWN,3,0.12849820,0.87150180
IWN,3,0.07154362,0.92845638
IWN,3,0.06595831,0.93404169
IWN,3,0.05073046,0.94926954
IWN,3,0.07270627,0.92729373
IWN,3,0.05604500,0.94395500
IWN,3,0.22456491,0.77543509
IWN,3,0.06773378,0.93226622
IWN,3,0.58920535,0.41079465
IWN,3,0.05029598,0.94970402
IWN,3,0.04468215,0.95531785
IWN,3,0.22429223,0.77570777
IWN,3,0.07857819,0.92142181
IWN,3,0.08151132,0.91848868
IWN,3,0.05592201,0.94407799
IWN,3,0.54243618,0.45756382
IWN,3,0.04978869,0.95021131
IWN,3,0.25682400,0.74317600
IWN,3,0.08802389,0.91197611
IWN,3,0.05658154,0.94341846
IWN,3,0.05370564,0.94629436
IWN,3,0.04467574,0.95532426
IWN,3,0.74048484,0.25951516
IWN,3,0.06271082,0.93728918
IWN,3,0.10823926,0.89176074
IWN,3,0.07664561,0.92335439
IWN,3,0.18045190,0.81954810
IWN,3,0.04488640,0.95511360
IWN,3,0.08248783,0.91751217
IWN,3,0.05973630,0.94026370
IWN,3,0.22455497,0.77544503
IWN,3,0.04511045,0.95488955
IWN,3,0.23729406,0.76270594
IWN,3,0.13242971,0.86757029
IWN,3,0.17741944,0.82258056
IWN,3,0.04510663,0.95489337
IWN,3,0.04596870,0.95403130
IWN,3,0.04812638,0.95187362
IWN,3,0.05434320,0.94565680
IWN,3,0.05397133,0.94602867
IWN,3,0.05016397,0.94983603
IWN,3,0.04551295,0.95448705
IWN,3,0.04674531,0.95325469
IWN,3,0.07673005,0.92326995
IWN,3,0.08133247,0.91866753
IWN,3,0.06136451,0.93863549
IWN,3,0.04802803,0.95197197
IWN,3,0.04530697,0.95469303
IWN,3,0.13785579,0.86214421
IWN,3,0.06834513,0.93165487
IWN,3,0.04471830,0.95528170
IWN,3,0.06596811,0.93403189
IWN,3,0.04466516,0.95533484
IWN,3,0.11496044,0.88503956
IWN,3,0.04583038,0.95416962
IWN,3,0.05032124,0.94967876
IWN,3,0.11908468,0.88091532
IWN,3,0.04650651,0.95349349
IWN,3,0.05994641,0.94005359
IWN,3,0.04617158,0.95382842
IWN,3,0.06346102,0.93653898
IWN,3,0.04473283,0.95526717
IWN,3,0.06182824,0.93817176
IWN,3,0.04902928,0.95097072
IWN,3,0.04732656,0.95267344
IWN,3,0.05009093,0.94990907
IWN,3,0.04968717,0.95031283
IWN,3,0.05386003,0.94613997
IWN,3,0.04707208,0.95292792
IWN,3,0.05018823,0.94981177
IWN,3,0.05182379,0.94817621
IWN,3,0.11413690,0.88586310
IWN,3,0.06794747,0.93205253
IWN,3,0.04486999,0.95513001
IWN,3,0.05119556,0.94880444
IWN,3,0.04569813,0.95430187
IWN,3,0.04480137,0.95519863
IWN,3,0.04665996,0.95334004
IWN,3,0.04479565,0.95520435
IWN,3,0.05194430,0.94805570
IWN,3,0.04467554,0.95532446
IWN,3,0.04555297,0.95444703
IWN,3,0.04718667,0.95281333
IWN,3,0.04477814,0.95522186
IWN,3,0.04772225,0.95227775
IWN,3,0.04996158,0.95003842
IWN,3,0.04529432,0.95470568
IWN,3,0.15714092,0.84285908
IWN,3,0.04499720,0.95500280
IWN,3,0.05151902,0.94848098
IWN,3,0.05359274,0.94640726
IWN,3,0.05858013,0.94141987
IWN,3,0.04999061,0.95000939
IWN,3,0.05473099,0.94526901
IWN,3,0.04543658,0.95456342
IWN,3,0.08300797,0.91699203
IWN,3,0.04469286,0.95530714
IWN,3,0.04493323,0.95506677
IWN,3,0.04465992,0.95534008
IWN,3,0.07066268,0.92933732
IWN,3,0.05052896,0.94947104
IWN,3,0.05311415,0.94688585
IWN,3,0.05535547,0.94464453
IWN,3,0.04828224,0.95171776
IWN,3,0.04562311,0.95437689
IWN,3,0.04480612,0.95519388
IWN,3,0.04466640,0.95533360
IWN,3,0.04492571,0.95507429
IWN,3,0.04485069,0.95514931
IWN,3,0.04830361,0.95169639
IWN,3,0.04466253,0.95533747
IWN,3,0.04494811,0.95505189
IWN,3,0.04483063,0.95516937
IWN,3,0.04607393,0.95392607
IWN,3,0.04465916,0.95534084
IWN,3,0.04914089,0.95085911
IWN,3,0.04467830,0.95532170
IWN,3,0.04553025,0.95446975
IWN,3,0.05009625,0.94990375
IWN,3,0.05425240,0.94574760
IWN,3,0.04532970,0.95467030
IWN,3,0.04525766,0.95474234
IWN,3,0.07891254,0.92108746
IWN,3,0.04601672,0.95398328
IWN,3,0.06305520,0.93694480
IWN,3,0.04563809,0.95436191
IWN,3,0.04475866,0.95524134
IWN,3,0.08726295,0.91273705
IWN,3,0.08670717,0.91329283
IWN,3,0.04796873,0.95203127
IWN,3,0.05199462,0.94800538
IWN,3,0.04516206,0.95483794
IWN,3,0.19941513,0.80058487
IWN,3,0.05795384,0.94204616
IWN,3,0.07481338,0.92518662
IWN,3,0.17281911,0.82718089
IWN,3,0.04920788,0.95079212
IWN,3,0.08397390,0.91602610
IWN,3,0.04489444,0.95510556
IWN,3,0.05863841,0.94136159
IWN,3,0.05392217,0.94607783
IWN,3,0.04544085,0.95455915
IWN,3,0.04914679,0.95085321
IWN,3,0.04874642,0.95125358
IWN,3,0.04731363,0.95268637
IWN,3,0.05282290,0.94717710
IWN,3,0.06120937,0.93879063
IWN,3,0.65399100,0.34600900
IWN,3,0.87308413,0.12691587
IWN,3,0.11628399,0.88371601
IWN,3,0.93110323,0.06889677
IWN,3,0.12056194,0.87943806
IWN,3,0.48945943,0.51054057
IWN,3,0.17579383,0.82420617
IWN,3,0.29546051,0.70453949
IWN,3,0.89988874,0.10011126
IWN,3,0.26001123,0.73998877
IWN,3,1.00000000,0.00000000
IWN,3,0.42091543,0.57908457
IWN,3,0.99999854,0.00000146
IWN,3,1.00000000,0.00000000
IWN,3,1.00000000,0.00000000
IWN,3,1.00000000,0.00000000
IWN,3,0.99942794,0.00057206
IWN,3,1.00000000,0.00000000
IWN,3,0.99179341,0.00820659
IWN,3,0.99255809,0.00744191
IWN,3,0.36975601,0.63024399
IWN,3,1.00000000,0.00000000
IWN,3,0.28346154,0.71653846
IWN,3,0.99999722,0.00000278
IWN,3,0.81911711,0.18088289
IWN,3,0.08296467,0.91703533
IWN,3,0.04913281,0.95086719
IWN,3,0.99999989,0.00000011
IWN,3,0.04796042,0.95203958
IWN,3,0.82109840,0.17890160
IWN,3,1.00000000,0.00000000
IWN,3,0.07273736,0.92726264
IWN,3,0.99311016,0.00688984
IWN,3,0.99992995,0.00007005
IWN,3,0.74927974,0.25072026
IWN,3,0.05974658,0.94025342
IWN,3,0.99931363,0.00068637
IWN,3,0.11306478,0.88693522
IWN,3,0.99399440,0.00600560
IWN,3,0.13942702,0.86057298
IWN,3,0.19236116,0.80763884
IWN,3,0.05020434,0.94979566
IWN,3,0.07425624,0.92574376
IWN,3,0.08789559,0.91210441
IWN,3,0.99560719,0.00439281
IWN,3,0.46979101,0.53020899
IWN,3,0.99845621,0.00154379
IWN,3,0.92595037,0.07404963
IWN,3,0.99019071,0.00980929
IWN,3,0.04738173,0.95261827
IWN,3,0.04735329,0.95264671
IWN,3,0.20362186,0.79637814
IWN,3,0.11083561,0.88916439
IWN,3,0.99287647,0.00712353
IWN,3,0.18917391,0.81082609
IWN,3,0.98972357,0.01027643
IWN,3,0.98596081,0.01403919
IWN,3,0.04663604,0.95336396
IWN,3,0.06892217,0.93107783
IWN,3,1.00000000,0.00000000
IWN,3,0.25669094,0.74330906
IWN,3,0.76733701,0.23266299
IWN,3,0.04597347,0.95402653
IWN,3,0.04474471,0.95525529
IWN,3,0.97215866,0.02784134
IWN,3,0.99215542,0.00784458
IWN,3,0.44663003,0.55336997
IWN,3,0.09415830,0.90584170
IWN,3,0.05349288,0.94650712
IWN,3,0.07099687,0.92900313
IWN,3,0.87028918,0.12971082
IWN,3,0.06175711,0.93824289
IWN,3,0.99735739,0.00264261
IWN,3,0.60939161,0.39060839
IWN,3,0.36144233,0.63855767
IWN,3,0.98729476,0.01270524
IWN,3,1.00000000,0.00000000
IWN,3,0.39728856,0.60271144
IWN,3,0.17140239,0.82859761
IWN,3,0.47223530,0.52776470
IWN,3,0.40913659,0.59086341
IWN,3,0.04609371,0.95390629
IWN,3,0.06685108,0.93314892
IWN,3,0.04754103,0.95245897
IWN,3,0.04503302,0.95496698
IWN,3,0.93571122,0.06428878
IWN,3,0.10689327,0.89310673
IWN,3,0.33400322,0.66599678
IWN,3,0.97277437,0.02722563
IWN,3,0.09306800,0.90693200
IWN,3,0.16253108,0.83746892
IWN,3,0.04470274,0.95529726
IWN,3,0.06462648,0.93537352
IWN,3,0.49297437,0.50702563
IWN,3,0.04549506,0.95450494
IWN,3,0.59523532,0.40476468
IWN,3,0.51948765,0.48051235
IWN,3,0.04653297,0.95346703
IWN,3,0.09667236,0.90332764
IWN,3,0.97704120,0.02295880
IWN,3,0.04621776,0.95378224
IWN,3,0.04630920,0.95369080
IWN,3,0.12000588,0.87999412
IWN,3,0.52750525,0.47249475
IWN,3,0.04535468,0.95464532
IWN,3,0.05486343,0.94513657
IWN,3,0.10520448,0.89479552
IWN,3,0.04634830,0.95365170
IWN,3,0.04579334,0.95420666
IWN,3,0.41815638,0.58184362
IWN,3,0.06998690,0.93001310
IWN,3,0.07690813,0.92309187
IWN,3,0.06802046,0.93197954
IWN,3,0.06504277,0.93495723
IWN,3,0.24879610,0.75120390
IWN,3,0.04467291,0.95532709
IWN,3,0.27995538,0.72004462
IWN,3,0.20306348,0.79693652
IWN,3,0.04471041,0.95528959
IWN,3,0.04474103,0.95525897
IWN,3,0.06266497,0.93733503
IWN,3,0.04975839,0.95024161
IWN,3,0.04507225,0.95492775
IWN,3,0.13043865,0.86956135
IWN,3,0.04613972,0.95386028
IWN,3,0.05417588,0.94582412
IWN,3,0.05761980,0.94238020
IWN,3,0.26669928,0.73330072
IWN,3,0.04512001,0.95487999
IWN,3,0.07547031,0.92452969
IWN,3,0.05565905,0.94434095
IWN,3,0.05739851,0.94260149
IWN,3,0.11629053,0.88370947
IWN,3,0.06163582,0.93836418
IWN,3,0.06129813,0.93870187
IWN,3,0.13920175,0.86079825
IWN,3,0.04469293,0.95530707
IWN,3,0.26271434,0.73728566
IWN,3,0.05463489,0.94536511
IWN,3,0.09514976,0.90485024
IWN,3,0.04883004,0.95116996
IWN,3,0.21448725,0.78551275
IWN,3,0.04470235,0.95529765
IWN,3,0.07030291,0.92969709
IWN,3,0.05099900,0.94900100
IWN,3,0.05365620,0.94634380
IWN,3,0.99009874,0.00990126
IWN,3,0.04467338,0.95532662
IWN,3,0.72184638,0.27815362
IWN,3,0.04516807,0.95483193
IWN,3,0.08224912,0.91775088
IWN,3,0.70757804,0.29242196
IWN,3,0.05635115,0.94364885
IWN,3,0.04504695,0.95495305
IWN,3,0.11069395,0.88930605
IWN,3,0.12277131,0.87722869
IWN,3,0.34169461,0.65830539
IWN,3,0.04637515,0.95362485
IWN,3,0.17926549,0.82073451
IWN,3,0.12353742,0.87646258
IWN,3,0.04467960,0.95532040
IWN,3,0.05532999,0.94467001
IWN,3,0.10379773,0.89620227
IWN,3,0.05577669,0.94422331
IWN,3,0.09461349,0.90538651
IWN,3,0.04542962,0.95457038
IWN,3,0.07641608,0.92358392
IWN,3,0.05474355,0.94525645
IWN,3,0.04789715,0.95210285
IWN,3,0.20066761,0.79933239
IWN,3,0.05924672,0.94075328
IWN,3,0.35162546,0.64837454
IWN,3,0.17054015,0.82945985
IWN,3,0.84461765,0.15538235
IWN,3,0.10241398,0.89758602
IWN,3,0.05244926,0.94755074
IWN,3,0.29852052,0.70147948
IWN,3,0.51575694,0.48424306
IWN,3,0.19182820,0.80817180
IWN,3,0.60642076,0.39357924
IWN,3,0.07703620,0.92296380
IWN,3,0.99999951,0.00000049
IWN,3,0.59260855,0.40739145
IWN,3,0.07802370,0.92197630
IWN,3,0.25358029,0.74641971
IWN,3,0.45240185,0.54759815
IWN,3,0.85762602,0.14237398
IWN,3,0.04710344,0.95289656
IWN,3,0.08729336,0.91270664
IWN,3,0.04803733,0.95196267
IWN,3,0.04572055,0.95427945
IWN,3,0.31906234,0.68093766
IWN,3,0.75132184,0.24867816
IWN,3,0.05540349,0.94459651
IWN,3,0.05085326,0.94914674
IWN,3,0.56539027,0.43460973
IWN,3,0.08777988,0.91222012
IWN,3,0.05838193,0.94161807
IWN,3,0.05084117,0.94915883
IWN,3,0.48801484,0.51198516
IWN,3,0.04780101,0.95219899
IWN,3,0.06113856,0.93886144
IWN,3,0.04493371,0.95506629
IWN,3,0.04809433,0.95190567
IWN,3,0.05756018,0.94243982
IWN,3,0.05008072,0.94991928
IWN,3,0.47413393,0.52586607
IWN,3,0.04904600,0.95095400
IWN,3,0.05772995,0.94227005
IWN,3,0.07812082,0.92187918
IWN,3,0.05613619,0.94386381
IWN,3,0.04624993,0.95375007
IWN,3,0.11983398,0.88016602
IWN,3,0.04474441,0.95525559
IWN,3,0.04530517,0.95469483
IWN,3,0.12684144,0.87315856
IWN,3,0.07327125,0.92672875
IWN,3,0.04491236,0.95508764
IWN,3,0.08707063,0.91292937
IWN,3,0.18999738,0.81000262
IWN,3,0.99962110,0.00037890
IWN,3,0.07250872,0.92749128
IWN,3,0.07047789,0.92952211
IWN,3,0.04525774,0.95474226
IWN,3,0.19293983,0.80706017
IWN,3,0.06393459,0.93606541
IWN,3,0.17349489,0.82650511
IWN,3,0.09586751,0.90413249
IWN,3,0.05111054,0.94888946
IWN,3,0.05017766,0.94982234
IWN,3,0.07291759,0.92708241
IWN,3,0.07429308,0.92570692
IWN,3,0.04485016,0.95514984
IWN,3,0.04946853,0.95053147
IWN,3,0.07804830,0.92195170
IWN,3,0.05252243,0.94747757
IWN,3,0.08708203,0.91291797
IWN,3,0.24337867,0.75662133
IWN,3,0.05273909,0.94726091
IWN,3,0.05171822,0.94828178
IWN,3,0.19672343,0.80327657
IWN,3,0.07640713,0.92359287
IWN,3,0.42536206,0.57463794
IWN,3,0.04625950,0.95374050
IWN,3,0.04863684,0.95136316
IWN,3,0.04482139,0.95517861
IWN,3,0.04790191,0.95209809
IWN,3,0.04574853,0.95425147
IWN,3,0.05058600,0.94941400
IWN,3,0.11267781,0.88732219
IWN,3,0.18449829,0.81550171
IWN,3,0.08302109,0.91697891
IWN,3,0.04612662,0.95387338
IWN,3,0.42968141,0.57031859
IWN,3,0.70459006,0.29540994
IWN,3,0.05837188,0.94162812
IWN,3,0.82632266,0.17367734
IWN,3,0.07381642,0.92618358
IWN,3,0.04791431,0.95208569
IWN,3,0.12641422,0.87358578
IWN,3,0.35687907,0.64312093
IWN,3,0.29723271,0.70276729
IWN,3,0.04995781,0.95004219
IWN,3,0.31385531,0.68614469
IWN,3,0.08197409,0.91802591
IWN,3,0.09274093,0.90725907
IWN,3,0.04469564,0.95530436
IWN,3,0.16229250,0.83770750
IWN,3,0.05477508,0.94522492
IWN,3,0.22755551,0.77244449
IWN,3,0.04542495,0.95457505
IWN,3,0.14443733,0.85556267
IWN,3,0.97005457,0.02994543
IWN,3,0.10850419,0.89149581
IWN,3,0.44337475,0.55662525
IWN,3,0.28739185,0.71260815
IWN,3,0.36876456,0.63123544
IWN,3,0.10764530,0.89235470
IWN,3,0.04982294,0.95017706
IWN,3,0.07406048,0.92593952
IWN,3,0.04927668,0.95072332
IWN,3,0.04655163,0.95344837
IWN,3,0.07628747,0.92371253
IWN,3,0.04752910,0.95247090
IWN,3,0.04530107,0.95469893
IWN,3,0.04465892,0.95534108
IWN,3,0.05720004,0.94279996
IWN,3,0.07624539,0.92375461
IWN,3,0.04641820,0.95358180
IWN,3,0.04635073,0.95364927
IWN,3,0.05685938,0.94314062
IWN,3,0.39645035,0.60354965
IWN,3,0.20196830,0.79803170
IWN,3,0.05134664,0.94865336
IWN,3,0.15465751,0.84534249
IWN,3,0.05681031,0.94318969
IWN,3,0.04672208,0.95327792
IWN,3,0.04547352,0.95452648
IWN,3,0.04475125,0.95524875
IWN,3,0.08032361,0.91967639
IWN,3,0.07820878,0.92179122
IWN,3,0.04651275,0.95348725
IWN,3,0.04468457,0.95531543
IWN,3,0.05513073,0.94486927
IWN,3,0.07159872,0.92840128
IWN,3,0.11795882,0.88204118
IWN,3,0.05796398,0.94203602
IWN,3,0.73928960,0.26071040
IWN,3,0.24558133,0.75441867
IWN,3,0.28692819,0.71307181
IWN,3,0.05367691,0.94632309
IWN,3,0.07745121,0.92254879
IWN,3,0.07144043,0.92855957
IWN,3,0.04465911,0.95534089
IWN,3,0.05034014,0.94965986
IWN,3,0.05241413,0.94758587
IWN,3,0.08950853,0.91049147
IWN,3,0.15578853,0.84421147
IWN,3,0.10432804,0.89567196
IWN,3,0.04471444,0.95528556
IWN,3,0.13031768,0.86968232
IWN,3,0.05703138,0.94296862
IWN,3,0.05775828,0.94224172
IWN,3,0.04466369,0.95533631
IWN,3,0.07020663,0.92979337
IWN,3,0.06696169,0.93303831
IWN,3,0.05198771,0.94801229
IWN,3,0.10799833,0.89200167
IWN,3,0.06213507,0.93786493
IWN,3,0.05282558,0.94717442
IWN,3,0.04540110,0.95459890
IWN,3,0.04471036,0.95528964
IWN,3,0.23746146,0.76253854
IWN,3,0.65468316,0.34531684
IWN,3,0.29403040,0.70596960
IWN,3,0.05105246,0.94894754
IWN,3,0.04530257,0.95469743
IWN,3,0.09073336,0.90926664
IWN,3,0.04540553,0.95459447
IWN,3,0.08814768,0.91185232
IWN,3,0.05671795,0.94328205
IWN,3,0.04485758,0.95514242
IWN,3,0.06592201,0.93407799
IWN,3,0.07020244,0.92979756
IWN,3,0.14466552,0.85533448
IWN,3,0.06432555,0.93567445
IWN,3,0.06782928,0.93217072
IWN,3,0.26241629,0.73758371
IWN,3,0.05030130,0.94969870
IWN,3,0.19223549,0.80776451
IWN,3,0.07842531,0.92157469
IWN,3,0.04471089,0.95528911
IWN,3,0.09719677,0.90280323
IWN,3,0.27546925,0.72453075
IWN,3,0.52870924,0.47129076
IWN,3,0.14877587,0.85122413
IWN,3,0.15988023,0.84011977
IWN,3,0.04541397,0.95458603
IWN,3,0.06395118,0.93604882
IWN,3,0.05467912,0.94532088
IWN,3,0.06566666,0.93433334
IWN,3,0.06587138,0.93412862
IWN,3,0.05325429,0.94674571
IWN,3,0.05675176,0.94324824
IWN,3,0.05677317,0.94322683
IWN,3,0.16022544,0.83977456
IWN,3,0.12072803,0.87927197
IWN,3,0.08032427,0.91967573
IWN,3,0.05302873,0.94697127
IWN,3,0.05385046,0.94614954
IWN,3,0.05811708,0.94188292
IWN,3,0.04555212,0.95444788
IWN,3,0.05516528,0.94483472
IWN,3,0.05551608,0.94448392
IWN,3,0.06909368,0.93090632
IWN,3,0.06862023,0.93137977
IWN,3,0.07506115,0.92493885
IWN,3,0.11578634,0.88421366
IWN,3,0.10357395,0.89642605
IWN,3,0.06126912,0.93873088
IWN,3,0.04985828,0.95014172
IWN,3,0.07279040,0.92720960
IWN,3,0.40191282,0.59808718
IWN,3,0.04902123,0.95097877
IWN,3,0.04506992,0.95493008
IWN,3,0.04785705,0.95214295
IWN,3,0.04830357,0.95169643
IWN,3,0.04808329,0.95191671
IWN,3,0.05023449,0.94976551
IWN,3,0.06621984,0.93378016
IWN,3,0.04518673,0.95481327
IWN,3,0.06620184,0.93379816
IWN,3,0.05954180,0.94045820
IWN,3,0.09293987,0.90706013
IWN,3,0.07097112,0.92902888
IWN,3,0.04828632,0.95171368
IWN,3,0.04489498,0.95510502
IWN,3,0.18126934,0.81873066
IWN,3,0.04647996,0.95352004
IWN,3,0.09263667,0.90736333
IWN,3,0.16394990,0.83605010
IWN,3,0.04482463,0.95517537
IWN,3,0.16672517,0.83327483
IWN,3,0.09357407,0.90642593
IWN,3,0.04486953,0.95513047
IWN,3,0.06711471,0.93288529
IWN,3,0.13830804,0.86169196
IWN,3,0.04467991,0.95532009
IWN,3,0.04558435,0.95441565
IWN,3,0.05157212,0.94842788
IWN,3,0.08343805,0.91656195
IWN,3,0.04523206,0.95476794
IWN,3,0.05021029,0.94978971
IWN,3,0.04635799,0.95364201
IWN,3,0.04526492,0.95473508
IWN,3,0.07966209,0.92033791
IWN,3,0.04516375,0.95483625
IWN,3,0.04485158,0.95514842
IWN,3,0.04494908,0.95505092
IWN,3,0.06240807,0.93759193
IWN,3,0.04469455,0.95530545
IWN,3,0.04507777,0.95492223
IWN,3,0.06195903,0.93804097
IWN,3,0.05746196,0.94253804
IWN,3,0.20396148,0.79603852
IWN,3,0.10724721,0.89275279
IWN,3,0.04472513,0.95527487
IWN,3,0.32794271,0.67205729
IWN,3,0.05071394,0.94928606
IWN,3,0.11161586,0.88838414
IWN,3,0.04853371,0.95146629
IWN,3,0.14932407,0.85067593
IWN,3,0.04640214,0.95359786
IWN,3,0.05666401,0.94333599
IWN,3,0.06331928,0.93668072
IWN,3,0.05345262,0.94654738
IWN,3,0.04477225,0.95522775
IWN,3,0.04478021,0.95521979
IWN,3,0.04478387,0.95521613
IWN,3,0.07228526,0.92771474
IWN,3,0.04756078,0.95243922
IWN,3,0.06402851,0.93597149
IWN,3,0.04931771,0.95068229
IWN,3,0.04629041,0.95370959
IWN,3,0.04537693,0.95462307
IWN,3,0.95812435,0.04187565
IWN,3,0.04944371,0.95055629
IWN,3,0.26406450,0.73593550
IWN,3,0.20112023,0.79887977
IWN,3,0.58514766,0.41485234
IWN,3,0.06872042,0.93127958
IWN,3,0.20206072,0.79793928
IWN,3,0.09812840,0.90187160
IWN,3,0.05029346,0.94970654
IWN,3,0.12138635,0.87861365
IWN,3,0.04475720,0.95524280
IWN,3,0.09682593,0.90317407
IWN,3,0.05068184,0.94931816
IWN,3,0.06432546,0.93567454
IWN,3,0.06673196,0.93326804
IWN,3,0.04493880,0.95506120
IWN,3,0.09698361,0.90301639
IWN,3,0.48467360,0.51532640
IWN,3,0.07204021,0.92795979
IWN,3,0.05227063,0.94772937
IWN,3,0.06578739,0.93421261
IWN,3,0.04602679,0.95397321
IWN,3,0.04516533,0.95483467
IWN,3,0.04558952,0.95441048
IWN,3,0.04474832,0.95525168
IWN,3,0.07737353,0.92262647
IWN,3,0.05456940,0.94543060
IWN,3,0.24835946,0.75164054
IWN,3,0.05430376,0.94569624
IWN,3,0.04724843,0.95275157
IWN,3,0.04795523,0.95204477
IWN,3,0.05386463,0.94613537
IWN,3,0.04708765,0.95291235
IWN,3,0.04552203,0.95447797
IWN,3,0.05116480,0.94883520
IWN,3,0.32825451,0.67174549
IWN,3,0.13441364,0.86558636
IWN,3,0.19945211,0.80054789
IWN,3,0.10339745,0.89660255
IWN,3,0.13594047,0.86405953
IWN,3,0.04841803,0.95158197
IWN,3,0.08438739,0.91561261
IWN,3,0.21149341,0.78850659
IWN,3,0.08441062,0.91558938
IWN,3,0.19242863,0.80757137
IWN,3,0.06442178,0.93557822
IWN,3,0.05142568,0.94857432
IWN,3,0.10125729,0.89874271
IWN,3,0.04536948,0.95463052
IWN,3,0.04613549,0.95386451
IWN,3,0.09193234,0.90806766
IWN,3,0.08112336,0.91887664
IWN,3,0.07536631,0.92463369
IWN,3,0.04882909,0.95117091
IWN,3,0.04840512,0.95159488
IWN,3,0.25440066,0.74559934
IWN,3,0.04877344,0.95122656
IWN,3,0.14305095,0.85694905
IWN,3,0.05273827,0.94726173
IWN,3,0.08740577,0.91259423
IWN,3,0.09957500,0.90042500
IWN,3,0.09458797,0.90541203
IWN,3,0.37292159,0.62707841
IWN,3,0.04645780,0.95354220
IWN,3,0.16119131,0.83880869
IWN,3,0.36996506,0.63003494
IWN,3,0.04540803,0.95459197
IWN,3,0.06810739,0.93189261
IWN,3,0.21821713,0.78178287
IWN,3,0.04703350,0.95296650
IWN,3,0.18409688,0.81590312
IWN,3,0.04620828,0.95379172
IWN,3,0.06506633,0.93493367
IWN,3,0.06812363,0.93187637
IWN,3,0.05516892,0.94483108
IWN,3,0.27314601,0.72685399
IWN,3,0.06411619,0.93588381
IWN,3,0.04683784,0.95316216
IWN,3,0.04563164,0.95436836
IWN,3,0.05176623,0.94823377
IWN,3,0.09202289,0.90797711
IWN,3,0.05719494,0.94280506
IWN,3,0.06425215,0.93574785
IWN,3,0.04527047,0.95472953
IWN,3,0.18936697,0.81063303
IWN,3,0.12241133,0.87758867
IWN,3,0.07563801,0.92436199
IWN,3,0.05589236,0.94410764
IWN,3,0.04475075,0.95524925
IWN,3,0.26444252,0.73555748
IWN,3,0.06655544,0.93344456
IWN,3,0.04917967,0.95082033
IWN,3,0.04622707,0.95377293
IWN,3,0.05252914,0.94747086
IWN,3,0.04757593,0.95242407
IWN,3,0.14744850,0.85255150
IWN,3,0.04657721,0.95342279
IWN,3,0.04626452,0.95373548
IWN,3,0.13705690,0.86294310
IWN,3,0.05536749,0.94463251
IWN,3,0.15471119,0.84528881
IWN,3,0.39871035,0.60128965
IWN,3,0.04475419,0.95524581
IWN,3,0.38902040,0.61097960
IWN,3,0.04649818,0.95350182
IWN,3,0.15785270,0.84214730
IWN,3,0.45690585,0.54309415
IWN,3,0.04517031,0.95482969
IWN,3,0.10209787,0.89790213
IWN,3,0.45036732,0.54963268
IWN,3,0.78942962,0.21057038
IWN,3,0.08012398,0.91987602
IWN,3,0.87613251,0.12386749
IWN,3,0.05059431,0.94940569
IWN,3,0.11158093,0.88841907
IWN,3,0.05276024,0.94723976
IWN,3,0.20150290,0.79849710
IWN,3,0.04595837,0.95404163
IWN,3,0.55714528,0.44285472
IWN,3,0.65026124,0.34973876
IWN,3,0.04847852,0.95152148
IWN,3,0.04619510,0.95380490
IWN,3,0.10043879,0.89956121
IWN,3,0.05720407,0.94279593
IWN,3,0.14960041,0.85039959
IWN,3,0.17311300,0.82688700
IWN,3,0.28663066,0.71336934
IWN,3,0.06398545,0.93601455
IWN,3,0.04600746,0.95399254
IWN,3,0.12821589,0.87178411
IWN,3,0.05040996,0.94959004
IWN,3,0.04974872,0.95025128
IWN,3,0.10037506,0.89962494
IWN,3,0.12275757,0.87724243
IWN,3,0.19102609,0.80897391
IWN,3,0.33525307,0.66474693
IWN,3,0.99718206,0.00281794
IWN,3,0.05065353,0.94934647
IWN,3,0.07665409,0.92334591
IWN,3,0.99335716,0.00664284
IWN,3,0.04471528,0.95528472
IWN,3,0.12512341,0.87487659
IWN,3,0.04930407,0.95069593
IWN,3,0.04466687,0.95533313
IWN,3,0.46020263,0.53979737
IWN,3,0.05037318,0.94962682
IWN,3,0.10994604,0.89005396
IWN,3,0.07853615,0.92146385
IWN,3,0.05024314,0.94975686
IWN,3,0.09589576,0.90410424
IWN,3,0.04671795,0.95328205
IWN,3,0.06040605,0.93959395
IWN,3,0.12523720,0.87476280
IWN,3,0.04466558,0.95533442
IWN,3,0.13370683,0.86629317
IWN,3,0.04484387,0.95515613
IWN,3,0.04586783,0.95413217
IWN,3,0.07553807,0.92446193
IWN,3,0.20321569,0.79678431
IWN,3,0.04479725,0.95520275
IWN,3,0.77957492,0.22042508
IWN,3,0.09156597,0.90843403
IWN,3,0.04499321,0.95500679
IWN,3,0.08385304,0.91614696
IWN,3,0.05370675,0.94629325
IWN,3,0.04745385,0.95254615
IWN,3,0.20939447,0.79060553
IWN,3,0.08019925,0.91980075
IWN,3,0.05218098,0.94781902
IWN,3,0.04469336,0.95530664
IWN,3,0.05050195,0.94949805
IWN,3,0.07350246,0.92649754
IWN,3,0.04569779,0.95430221
IWN,3,0.05010447,0.94989553
IWN,3,0.06624366,0.93375634
IWN,3,0.05918595,0.94081405
IWN,3,0.27326581,0.72673419
IWN,3,0.05347720,0.94652280
IWN,3,0.18853529,0.81146471
IWN,3,0.04811922,0.95188078
IWN,3,0.04520751,0.95479249
IWN,3,0.12217330,0.87782670
IWN,3,0.04631322,0.95368678
IWN,3,0.17550118,0.82449882
IWN,3,0.30245153,0.69754847
IWN,3,0.04468947,0.95531053
IWN,3,0.04923831,0.95076169
IWN,3,0.10834887,0.89165113
IWN,3,0.61971326,0.38028674
IWN,3,0.07028522,0.92971478
IWN,3,0.09662116,0.90337884
IWN,3,0.05491474,0.94508526
IWN,3,0.05892992,0.94107008
IWN,3,0.05444740,0.94555260
IWN,3,0.07693278,0.92306722
IWN,3,0.15311732,0.84688268
IWN,3,0.05376998,0.94623002
IWN,3,0.18323923,0.81676077
IWN,3,0.08609862,0.91390138
IWN,3,0.93387747,0.06612253
IWN,3,0.04483268,0.95516732
IWN,3,0.04848289,0.95151711
IWN,3,0.06633104,0.93366896
IWN,3,0.06826453,0.93173547
IWN,3,0.08143566,0.91856434
IWN,3,0.11013159,0.88986841
IWN,3,0.20063105,0.79936895
IWN,3,0.33891694,0.66108306
IWN,3,0.13332360,0.86667640
IWN,3,0.04554755,0.95445245
IWN,3,0.44045289,0.55954711
IWN,3,0.31217728,0.68782272
IWN,3,0.05696285,0.94303715
IWN,3,0.34443609,0.65556391
IWN,3,0.96098634,0.03901366
IWN,3,0.05720321,0.94279679
IWN,3,0.05695077,0.94304923
IWN,3,0.38089303,0.61910697
IWN,3,0.04789004,0.95210996
IWN,3,0.04761767,0.95238233
IWN,3,0.04509501,0.95490499
IWN,3,0.46882531,0.53117469
IWN,3,0.21968744,0.78031256
IWN,3,0.48188457,0.51811543
IWN,3,0.08226486,0.91773514
IWN,3,0.10629317,0.89370683
IWN,3,0.10817988,0.89182012
IWN,3,0.23008935,0.76991065
IWN,3,0.05363078,0.94636922
IWN,3,0.30187208,0.69812792
IWN,3,0.04965778,0.95034222
IWN,3,0.04808240,0.95191760
IWN,3,0.25301558,0.74698442
IWN,3,0.04559671,0.95440329
IWN,3,0.04504595,0.95495405
IWN,3,0.64928506,0.35071494
IWN,3,0.05536685,0.94463315
IWN,3,0.14814064,0.85185936
IWN,3,0.04985198,0.95014802
IWN,3,0.04478401,0.95521599
IWN,3,0.26204817,0.73795183
IWN,3,0.99980450,0.00019550
IWN,3,0.06169885,0.93830115
IWN,3,0.07213385,0.92786615
IWN,3,0.06466303,0.93533697
IWN,3,0.12487087,0.87512913
IWN,3,0.05743232,0.94256768
IWN,3,0.05103832,0.94896168
IWN,3,0.04494506,0.95505494
IWN,3,0.06927180,0.93072820
IWN,3,0.04467117,0.95532883
IWN,3,0.04583329,0.95416671
IWN,3,0.18529289,0.81470711
IWN,3,0.04879561,0.95120439
IWN,3,0.30320934,0.69679066
IWN,3,0.04622646,0.95377354
IWN,3,0.04887056,0.95112944
IWN,3,0.46355903,0.53644097
IWN,3,0.07384897,0.92615103
IWN,3,0.04903749,0.95096251
IWN,3,0.05181959,0.94818041
IWN,3,0.06726607,0.93273393
IWN,3,0.05817443,0.94182557
IWN,3,0.04735095,0.95264905
IWN,3,0.05144300,0.94855700
IWN,3,0.28531065,0.71468935
IWN,3,0.06146305,0.93853695
IWN,3,0.06511849,0.93488151
IWN,3,0.04638215,0.95361785
IWN,3,0.10235054,0.89764946
IWN,3,0.06498809,0.93501191
IWN,3,0.05009280,0.94990720
IWN,3,0.04685313,0.95314687
IWN,3,0.11717557,0.88282443
IWN,3,0.25454377,0.74545623
IWN,3,0.04596307,0.95403693
IWN,3,0.04669766,0.95330234
IWN,3,0.08900142,0.91099858
IWN,3,0.06021717,0.93978283
IWN,3,0.22097317,0.77902683
IWN,3,0.04471995,0.95528005
IWN,3,0.07699223,0.92300777
IWN,3,0.08133364,0.91866636
IWN,3,0.12859030,0.87140970
IWN,3,0.04949284,0.95050716
IWN,3,0.04581053,0.95418947
IWN,3,0.13955334,0.86044666
IWN,3,0.05732159,0.94267841
IWN,3,0.11336944,0.88663056
IWN,3,0.06434923,0.93565077
IWN,3,0.04474873,0.95525127
IWN,3,0.04632238,0.95367762
IWN,3,0.04910620,0.95089380
IWN,3,0.05176594,0.94823406
IWN,3,0.06912410,0.93087590
IWN,3,0.31222975,0.68777025
IWN,3,0.08391876,0.91608124
IWN,3,0.18706398,0.81293602
IWN,3,0.04649767,0.95350233
IWN,3,0.09762687,0.90237313
IWN,3,0.04829170,0.95170830
IWN,3,0.08960493,0.91039507
IWN,3,0.11133752,0.88866248
IWN,3,0.04544566,0.95455434
IWN,3,0.07513021,0.92486979
IWN,3,0.04543161,0.95456839
IWN,3,0.06021835,0.93978165
IWN,3,0.05467619,0.94532381
IWN,3,0.04541041,0.95458959
IWN,3,0.50834915,0.49165085
IWN,3,0.04495412,0.95504588
IWN,3,0.05008171,0.94991829
IWN,3,0.06358207,0.93641793
IWN,3,0.04561338,0.95438662
IWN,3,0.04466803,0.95533197
IWN,3,0.04540144,0.95459856
IWN,3,0.04519893,0.95480107
IWN,3,0.08026470,0.91973530
IWN,3,0.10611932,0.89388068
IWN,3,0.09040874,0.90959126
IWN,3,0.04470678,0.95529322
IWN,3,0.67692257,0.32307743
IWN,3,0.51707763,0.48292237
IWN,3,0.30419764,0.69580236
IWN,3,0.11429920,0.88570080
IWN,3,0.09717017,0.90282983
IWN,3,0.07698443,0.92301557
IWN,3,0.61272196,0.38727804
IWN,3,0.05873804,0.94126196
IWN,3,0.21641447,0.78358553
IWN,3,0.62801938,0.37198062
IWN,3,0.06446117,0.93553883
IWN,3,0.07178770,0.92821230
IWN,3,0.07303377,0.92696623
IWN,3,0.04468125,0.95531875
IWN,3,0.06311271,0.93688729
IWN,3,0.04581228,0.95418772
IWN,3,0.13541941,0.86458059
IWN,3,0.04469693,0.95530307
IWN,3,0.17998014,0.82001986
IWN,3,0.05415232,0.94584768
IWN,3,0.04552348,0.95447652
IWN,3,0.06059699,0.93940301
IWN,3,0.05469083,0.94530917
IWN,3,0.05369812,0.94630188
IWN,3,0.06997087,0.93002913
IWN,3,0.06483412,0.93516588
IWN,3,0.07357776,0.92642224
IWN,3,0.05130955,0.94869045
IWN,3,0.04778170,0.95221830
IWN,3,0.05347403,0.94652597
IWN,3,0.04509169,0.95490831
IWN,3,0.04506047,0.95493953
IWN,3,0.33303073,0.66696927
IWN,3,0.06874352,0.93125648
IWN,3,0.10297769,0.89702231
IWN,3,0.06275358,0.93724642
IWN,3,0.04516251,0.95483749
IWN,3,0.30069465,0.69930535
IWN,3,0.04469707,0.95530293
IWN,3,0.07065444,0.92934556
IWN,3,0.31282815,0.68717185
IWN,3,0.04558847,0.95441153
IWN,3,0.04744833,0.95255167
IWN,3,0.04552645,0.95447355
IWN,3,0.05168168,0.94831832
IWN,3,0.04538032,0.95461968
IWN,3,0.07365277,0.92634723
IWN,3,0.10665551,0.89334449
IWN,3,0.45250734,0.54749266
IWN,3,0.05101446,0.94898554
IWN,3,0.05767180,0.94232820
IWN,3,0.07705263,0.92294737
IWN,3,0.04481004,0.95518996
IWN,3,0.08825883,0.91174117
IWN,3,0.06138808,0.93861192
IWN,3,0.06250370,0.93749630
IWN,3,0.04510827,0.95489173
IWN,3,0.08414267,0.91585733
IWN,3,0.06038196,0.93961804
IWN,3,0.97024826,0.02975174
IWN,3,0.09727811,0.90272189
IWN,3,0.53154906,0.46845094
IWN,3,0.33853168,0.66146832
IWN,3,0.05079155,0.94920845
IWN,3,0.06278405,0.93721595
IWN,3,0.04523658,0.95476342
IWN,3,0.07238204,0.92761796
IWN,3,0.06992785,0.93007215
IWN,3,0.05578314,0.94421686
IWN,3,0.05384718,0.94615282
IWN,3,0.05335793,0.94664207
IWN,3,0.04728822,0.95271178
IWN,3,0.06901295,0.93098705
IWN,3,0.09211011,0.90788989
IWN,3,0.04691645,0.95308355
IWN,3,0.10713478,0.89286522
IWN,3,0.04705538,0.95294462
IWN,3,0.08954316,0.91045684
IWN,3,0.04477612,0.95522388
IWN,3,0.05732059,0.94267941
IWN,3,0.07345828,0.92654172
IWN,3,0.15433418,0.84566582
IWN,3,0.08911590,0.91088410
IWN,3,0.09873242,0.90126758
IWN,3,0.07163591,0.92836409
IWN,3,0.08223082,0.91776918
IWN,3,0.05466699,0.94533301
IWN,3,0.07910454,0.92089546
IWN,3,0.05623702,0.94376298
IWN,3,0.11657111,0.88342889
IWN,3,0.06733000,0.93267000
IWN,3,0.05322600,0.94677400
IWN,3,0.04871708,0.95128292
IWN,3,0.05113758,0.94886242
IWN,3,0.04599731,0.95400269
IWN,3,0.07876751,0.92123249
IWN,3,0.08258974,0.91741026
IWN,3,0.07598209,0.92401791
IWN,3,0.06513367,0.93486633
IWN,3,0.04612803,0.95387197
IWN,3,0.07267592,0.92732408
IWN,3,0.04537090,0.95462910
IWN,3,0.04471506,0.95528494
IWN,3,0.04743587,0.95256413
IWN,3,0.04791380,0.95208620
IWN,3,0.05036216,0.94963784
IWN,3,0.05402818,0.94597182
IWN,3,0.04536629,0.95463371
IWN,3,0.04935347,0.95064653
IWN,3,0.11378838,0.88621162
IWN,3,0.07681270,0.92318730
IWN,3,0.05412769,0.94587231
IWN,3,0.04657387,0.95342613
IWN,3,0.04794862,0.95205138
IWN,3,0.05396605,0.94603395
IWN,3,0.06497720,0.93502280
IWN,3,0.06130454,0.93869546
IWN,3,0.04479213,0.95520787
IWN,3,0.06649504,0.93350496
IWN,3,0.08362199,0.91637801
IWN,3,0.04529163,0.95470837
IWN,3,0.04507011,0.95492989
IWN,3,0.08654716,0.91345284
IWN,3,0.27361025,0.72638975
IWN,3,0.05449684,0.94550316
IWN,3,0.05814528,0.94185472
IWN,3,0.04470078,0.95529922
IWN,3,0.04533058,0.95466942
IWN,3,0.04507048,0.95492952
IWN,3,0.05333516,0.94666484
IWN,3,0.12306091,0.87693909
IWN,3,0.06011619,0.93988381
IWN,3,0.05842873,0.94157127
IWN,3,0.04623937,0.95376063
IWN,3,0.06032356,0.93967644
IWN,3,0.09359966,0.90640034
IWN,3,0.04847092,0.95152908
IWN,3,0.05380236,0.94619764
IWN,3,0.09647795,0.90352205
IWN,3,0.05722823,0.94277177
IWN,3,0.06068675,0.93931325
IWN,3,0.04744201,0.95255799
IWN,3,0.15542119,0.84457881
IWN,3,0.12038118,0.87961882
IWN,3,0.04474591,0.95525409
IWN,3,0.04603407,0.95396593
IWN,3,0.05146098,0.94853902
IWN,3,0.05653726,0.94346274
IWN,3,0.06934931,0.93065069
IWN,3,0.04552693,0.95447307
IWN,3,0.17089175,0.82910825
IWN,3,0.06079919,0.93920081
IWN,3,0.09784893,0.90215107
IWN,3,0.08405152,0.91594848
IWN,3,0.20101619,0.79898381
IWN,3,0.10843692,0.89156308
IWN,3,0.08385716,0.91614284
IWN,3,0.06145002,0.93854998
IWN,3,0.04794149,0.95205851
IWN,3,0.07254125,0.92745875
IWN,3,0.05194332,0.94805668
IWN,3,0.08373026,0.91626974
IWN,3,0.05305289,0.94694711
IWN,3,0.05693155,0.94306845
IWN,3,0.05473355,0.94526645
IWN,3,0.73277651,0.26722349
IWN,3,0.50663094,0.49336906
IWN,3,0.08134936,0.91865064
IWN,3,0.06150565,0.93849435
IWN,3,0.07005327,0.92994673
IWN,3,0.10701222,0.89298778
IWN,3,0.05545581,0.94454419
IWN,3,0.04472667,0.95527333
IWN,3,0.99986151,0.00013849
IWN,3,0.05049219,0.94950781
IWN,3,0.14185426,0.85814574
IWN,3,0.09155621,0.90844379
IWN,3,0.04693923,0.95306077
IWN,3,0.08456191,0.91543809
IWN,3,0.05015969,0.94984031
IWN,3,0.05054012,0.94945988
IWN,3,0.04631075,0.95368925
IWN,3,0.04592986,0.95407014
IWN,3,0.04986861,0.95013139
IWN,3,0.04720371,0.95279629
IWN,3,0.74119197,0.25880803
IWN,3,0.07931844,0.92068156
IWN,3,0.10202593,0.89797407
IWN,3,0.04610606,0.95389394
IWN,3,0.06753828,0.93246172
IWN,3,0.05316188,0.94683812
IWN,3,0.04467200,0.95532800
IWN,3,0.04820018,0.95179982
IWN,3,0.93780175,0.06219825
IWN,3,0.61158062,0.38841938
IWN,3,0.05743562,0.94256438
IWN,3,0.04543288,0.95456712
IWN,3,0.19779525,0.80220475
IWN,3,0.12289552,0.87710448
IWN,3,0.10311711,0.89688289
IWN,3,0.05694021,0.94305979
IWN,3,0.08725684,0.91274316
IWN,3,0.04481357,0.95518643
IWN,3,0.04646892,0.95353108
IWN,3,0.10785646,0.89214354
IWN,3,0.04742631,0.95257369
IWN,3,0.38006892,0.61993108
IWN,3,0.04662981,0.95337019
IWN,3,0.04533152,0.95466848
IWN,3,0.09380240,0.90619760
IWN,3,0.07690510,0.92309490
IWN,3,0.04476192,0.95523808
IWN,3,0.05582773,0.94417227
IWN,3,0.04497374,0.95502626
IWN,3,0.11789616,0.88210384
IWN,3,0.06166764,0.93833236
IWN,3,0.05632618,0.94367382
IWN,3,0.07181047,0.92818953
IWN,3,0.20310009,0.79689991
IWN,3,0.04871290,0.95128710
IWN,3,0.05655069,0.94344931
IWN,3,0.06314743,0.93685257
IWN,3,0.04566756,0.95433244
IWN,3,0.08256058,0.91743942
IWN,3,0.05055931,0.94944069
IWN,3,0.50457285,0.49542715
IWN,3,0.05680598,0.94319402
IWN,3,0.05539143,0.94460857
IWN,3,0.10781669,0.89218331
IWN,3,0.05322764,0.94677236
IWN,3,0.04594806,0.95405194
IWN,3,0.08298427,0.91701573
IWN,3,0.07929762,0.92070238
IWN,3,0.19657259,0.80342741
IWN,3,0.97907447,0.02092553
IWN,3,0.13372712,0.86627288
IWN,3,0.52795611,0.47204389
IWN,3,0.06425492,0.93574508
IWN,3,0.08314859,0.91685141
IWN,3,0.04487769,0.95512231
IWN,3,0.04470821,0.95529179
IWN,3,0.04555016,0.95444984
IWN,3,0.04565361,0.95434639
IWN,3,0.06562587,0.93437413
IWN,3,0.05253493,0.94746507
IWN,3,0.05869747,0.94130253
IWN,3,0.05548982,0.94451018
IWN,3,0.05180679,0.94819321
IWN,3,0.04599922,0.95400078
IWN,3,0.04791974,0.95208026
IWN,3,0.05530869,0.94469131
IWN,3,0.04518637,0.95481363
IWN,3,0.04858652,0.95141348
IWN,3,0.04876220,0.95123780
IWN,3,0.04543483,0.95456517
IWN,3,0.15644679,0.84355321
IWN,3,0.04823613,0.95176387
IWN,3,0.04860557,0.95139443
IWN,3,0.05747091,0.94252909
IWN,3,0.24529087,0.75470913
IWN,3,0.08400881,0.91599119
IWN,3,0.10208989,0.89791011
IWN,3,0.04466997,0.95533003
IWN,3,0.04685638,0.95314362
IWN,3,0.33075069,0.66924931
IWN,3,0.05425838,0.94574162
IWN,3,0.07056766,0.92943234
IWN,3,0.14082271,0.85917729
IWN,3,0.05073542,0.94926458
IWN,3,0.05493573,0.94506427
IWN,3,0.04707819,0.95292181
IWN,3,0.05068357,0.94931643
IWN,3,0.04977706,0.95022294
IWN,3,0.70698315,0.29301685
IWN,3,0.04932750,0.95067250
IWN,3,0.09112570,0.90887430
IWN,3,0.07950658,0.92049342
IWN,3,0.06113656,0.93886344
IWN,3,0.05969558,0.94030442
IWN,3,0.04524963,0.95475037
IWN,3,0.06555226,0.93444774
IWN,3,0.07702333,0.92297667
IWN,3,0.10414665,0.89585335
IWN,3,0.04581803,0.95418197
IWN,3,0.05584680,0.94415320
IWN,3,0.05115321,0.94884679
IWN,3,0.05212445,0.94787555
IWN,3,0.18018761,0.81981239
IWN,3,0.04775356,0.95224644
IWN,3,0.20297332,0.79702668
IWN,3,0.06310527,0.93689473
IWN,3,0.06203975,0.93796025
IWN,3,0.04465914,0.95534086
IWN,3,0.04524718,0.95475282
IWN,3,0.07170189,0.92829811
IWN,3,0.05026379,0.94973621
IWN,3,0.04467248,0.95532752
IWN,3,0.06336237,0.93663763
IWN,3,0.05526089,0.94473911
IWN,3,0.04659977,0.95340023
IWN,3,0.04522858,0.95477142
IWN,3,0.04639907,0.95360093
IWN,3,0.04471900,0.95528100
IWN,3,0.05857117,0.94142883
IWN,3,0.16373443,0.83626557
IWN,3,0.05563479,0.94436521
IWN,3,0.04606948,0.95393052
IWN,3,0.11581336,0.88418664
IWN,3,0.07481488,0.92518512
IWN,3,0.07920775,0.92079225
IWN,3,0.04963001,0.95036999
IWN,3,0.10804170,0.89195830
IWN,3,0.06571497,0.93428503
IWN,3,0.04871477,0.95128523
IWN,3,0.07159153,0.92840847
IWN,3,0.04470789,0.95529211
IWN,3,0.04781860,0.95218140
IWN,3,0.09853734,0.90146266
IWN,3,0.06438169,0.93561831
IWN,3,0.11567509,0.88432491
IWN,3,0.05430054,0.94569946
IWN,3,0.04471206,0.95528794
IWN,3,0.04550009,0.95449991
IWN,3,0.04498731,0.95501269
IWN,3,0.05872666,0.94127334
IWN,3,0.05213003,0.94786997
IWN,3,0.04510828,0.95489172
IWN,3,0.05188193,0.94811807
IWN,3,0.06417086,0.93582914
IWN,3,0.05932436,0.94067564
IWN,3,0.04657010,0.95342990
IWN,3,0.04466293,0.95533707
IWN,3,0.06206949,0.93793051
IWN,3,0.05335008,0.94664992
IWN,3,0.04648346,0.95351654
IWN,3,0.07680124,0.92319876
IWN,3,0.95706131,0.04293869
IWN,3,0.06874186,0.93125814
IWN,3,0.14001327,0.85998673
IWN,3,0.91263898,0.08736102
IWN,3,0.04479445,0.95520555
IWN,3,0.16938871,0.83061129
IWN,3,0.05345987,0.94654013
IWN,3,0.09974756,0.90025244
IWN,3,0.08073236,0.91926764
IWN,3,0.14150653,0.85849347
IWN,3,0.08690686,0.91309314
IWN,3,0.13074311,0.86925689
IWN,3,0.06693464,0.93306536
IWN,3,0.04879410,0.95120590
IWN,3,0.04894819,0.95105181
IWN,3,0.68758500,0.31241500
IWN,3,0.89656421,0.10343579
IWN,3,0.93175708,0.06824292
IWN,3,0.05940133,0.94059867
IWN,3,0.05377098,0.94622902
IWN,3,0.16325661,0.83674339
IWN,3,0.04742102,0.95257898
IWN,3,0.07287540,0.92712460
IWN,3,0.10877023,0.89122977
IWN,3,0.04887542,0.95112458
IWN,3,0.33045412,0.66954588
IWN,3,0.05111118,0.94888882
IWN,3,0.07150956,0.92849044
IWN,3,0.07961634,0.92038366
IWN,3,0.06311697,0.93688303
IWN,3,0.05036690,0.94963310
IWN,3,0.79999149,0.20000851
IWN,3,0.04603593,0.95396407
IWN,3,0.06201641,0.93798359
IWN,3,0.04678951,0.95321049
IWN,3,0.05143578,0.94856422
IWN,3,0.05058073,0.94941927
IWN,3,0.47361839,0.52638161
IWN,3,0.04804282,0.95195718
IWN,3,0.04856562,0.95143438
IWN,3,0.11587022,0.88412978
IWN,3,0.04543438,0.95456562
IWN,3,0.04466960,0.95533040
IWN,3,0.04490238,0.95509762
IWN,3,0.07449179,0.92550821
IWN,3,0.39406680,0.60593320
IWN,3,0.05425043,0.94574957
IWN,3,0.05439490,0.94560510
IWN,3,0.04499201,0.95500799
IWN,3,0.14601543,0.85398457
IWN,3,0.09038675,0.90961325
IWN,3,0.04666471,0.95333529
IWN,3,0.04466063,0.95533937
IWN,3,0.09506118,0.90493882
IWN,3,0.04981743,0.95018257
IWN,3,0.05399241,0.94600759
IWN,3,0.04620222,0.95379778
IWN,3,0.09953853,0.90046147
IWN,3,0.04729748,0.95270252
IWN,3,0.04948001,0.95051999
IWN,3,0.07912033,0.92087967
IWN,3,0.05324628,0.94675372
IWN,3,0.04618277,0.95381723
IWN,3,0.04687770,0.95312230
IWN,3,0.04910398,0.95089602
IWN,3,0.16278878,0.83721122
IWN,3,0.05426873,0.94573127
IWN,3,0.04522927,0.95477073
IWN,3,0.13661543,0.86338457
IWN,3,0.04475329,0.95524671
IWN,3,0.04481766,0.95518234
IWN,3,0.21982944,0.78017056
IWN,3,0.04724788,0.95275212
IWN,3,0.04993273,0.95006727
IWN,3,0.04602265,0.95397735
IWN,3,0.05250194,0.94749806
IWN,3,0.12320872,0.87679128
IWN,3,0.04689898,0.95310102
IWN,3,0.04469265,0.95530735
IWN,3,0.10539155,0.89460845
IWN,3,0.04470801,0.95529199
IWN,3,0.04824625,0.95175375
IWN,3,0.15977212,0.84022788
IWN,3,0.99999247,0.00000753
IWN,3,0.05725004,0.94274996
IWN,3,0.04775813,0.95224187
IWN,3,0.12131817,0.87868183
IWN,3,0.12848627,0.87151373
IWN,3,0.06488310,0.93511690
IWN,3,0.06417726,0.93582274
IWN,3,0.06782293,0.93217707
IWN,3,0.04484960,0.95515040
IWN,3,0.04497310,0.95502690
IWN,3,0.04466978,0.95533022
IWN,3,0.08890321,0.91109679
IWN,3,0.16750591,0.83249409
IWN,3,0.11662232,0.88337768
IWN,3,0.05864225,0.94135775
IWN,3,0.04501260,0.95498740
IWN,3,0.04489440,0.95510560
IWN,3,0.04472484,0.95527516
IWN,3,0.06153975,0.93846025
IWN,3,0.04478473,0.95521527
IWN,3,0.06484696,0.93515304
IWN,3,0.04466046,0.95533954
IWN,3,0.04468694,0.95531306
IWN,3,0.04559582,0.95440418
IWN,3,0.04755283,0.95244717
IWN,3,0.07536890,0.92463110
IWN,3,0.05432378,0.94567622
IWN,3,0.04524491,0.95475509
IWN,3,0.08619954,0.91380046
IWN,3,0.99443800,0.00556200
IWN,3,0.05924759,0.94075241
IWN,3,0.06092784,0.93907216
IWN,3,0.04475914,0.95524086
IWN,3,0.05966034,0.94033966
IWN,3,0.05924440,0.94075560
IWN,3,0.08949304,0.91050696
IWN,3,0.04917936,0.95082064
IWN,3,0.04602426,0.95397574
IWN,3,0.04492464,0.95507536
IWN,3,0.06894385,0.93105615
IWN,3,0.04533441,0.95466559
IWN,3,0.05333946,0.94666054
IWN,3,0.04759608,0.95240392
IWN,3,0.25964739,0.74035261
IWN,3,0.04756591,0.95243409
IWN,3,0.11091059,0.88908941
IWN,3,0.18493236,0.81506764
IWN,3,0.04465966,0.95534034
IWN,3,0.04686899,0.95313101
IWN,3,0.09839625,0.90160375
IWN,3,0.06107733,0.93892267
IWN,3,0.04531290,0.95468710
IWN,3,0.04472791,0.95527209
IWN,3,0.04542512,0.95457488
IWN,3,0.04731602,0.95268398
IWN,3,0.04783389,0.95216611
IWN,3,0.06627285,0.93372715
IWN,3,0.05945383,0.94054617
IWN,3,0.09446054,0.90553946
IWN,3,0.08401691,0.91598309
IWN,3,0.06923563,0.93076437
IWN,3,0.04465994,0.95534006
IWN,3,0.07609889,0.92390111
IWN,3,0.04580864,0.95419136
IWN,3,0.04540600,0.95459400
IWN,3,0.07882679,0.92117321
IWN,3,0.06204293,0.93795707
IWN,3,0.04469861,0.95530139
IWN,3,0.04750199,0.95249801
IWN,3,0.04897438,0.95102562
IWN,3,0.05927295,0.94072705
IWN,3,0.26854479,0.73145521
IWN,3,0.05138275,0.94861725
IWN,3,0.04489710,0.95510290
IWN,3,0.04499873,0.95500127
IWN,3,0.06247561,0.93752439
IWN,3,0.05643814,0.94356186
IWN,3,0.20303799,0.79696201
IWN,3,0.11177611,0.88822389
IWN,3,0.05570487,0.94429513
IWN,3,0.06600468,0.93399532
IWN,3,0.04624324,0.95375676
IWN,3,0.38497775,0.61502225
IWN,3,0.04617985,0.95382015
IWN,3,0.04473139,0.95526861
IWN,3,0.08722625,0.91277375
IWN,3,0.25576495,0.74423505
IWN,3,0.07435031,0.92564969
IWN,3,0.04861120,0.95138880
IWN,3,0.07649458,0.92350542
IWN,3,0.04807581,0.95192419
IWN,3,0.05629759,0.94370241
IWN,3,0.20228144,0.79771856
IWN,3,0.05113927,0.94886073
IWN,3,0.04898551,0.95101449
IWN,3,0.04515665,0.95484335
IWN,3,0.19660959,0.80339041
IWN,3,0.04568158,0.95431842
IWN,3,0.04466035,0.95533965
IWN,3,0.08500865,0.91499135
IWN,3,0.99999961,0.00000039
IWN,3,0.99253650,0.00746350
IWN,3,0.10562550,0.89437450
IWN,3,0.33200960,0.66799040
IWN,3,0.99999998,0.00000002
IWN,3,0.93877401,0.06122599
IWN,3,0.05458149,0.94541851
IWN,3,0.07462880,0.92537120
IWN,3,0.04712344,0.95287656
IWN,3,0.04780866,0.95219134
IWN,3,0.06122738,0.93877262
IWN,3,0.11443255,0.88556745
IWN,3,0.31816209,0.68183791
IWN,3,0.07221838,0.92778162
IWN,3,0.11125073,0.88874927
IWN,3,0.04505969,0.95494031
IWN,3,0.04761351,0.95238649
IWN,3,0.04770933,0.95229067
IWN,3,0.05478889,0.94521111
IWN,3,0.04912347,0.95087653
IWN,3,0.21468204,0.78531796
IWN,3,0.05472872,0.94527128
IWN,3,0.05815095,0.94184905
IWN,3,0.04536554,0.95463446
IWN,3,0.12648013,0.87351987
IWN,3,0.04510481,0.95489519
IWN,3,0.67696529,0.32303471
IWN,3,0.04690335,0.95309665
IWN,3,0.06450782,0.93549218
IWN,3,0.05382991,0.94617009
IWN,3,0.05214809,0.94785191
IWN,3,0.04780884,0.95219116
IWN,3,0.04489091,0.95510909
IWN,3,0.60604065,0.39395935
IWN,3,0.04621892,0.95378108
IWN,3,0.04594495,0.95405505
IWN,3,0.36922203,0.63077797
IWN,3,0.06844926,0.93155074
IWN,3,0.04852881,0.95147119
IWN,3,0.05074849,0.94925151
IWN,3,0.04485289,0.95514711
IWN,3,0.10405869,0.89594131
IWN,3,0.04707634,0.95292366
IWN,3,0.04487373,0.95512627
IWN,3,0.10588582,0.89411418
IWN,3,0.06116502,0.93883498
IWN,3,0.06174212,0.93825788
IWN,3,0.04773971,0.95226029
IWN,3,0.04633517,0.95366483
IWN,3,0.13991144,0.86008856
IWN,3,0.05873378,0.94126622
IWN,3,0.06148503,0.93851497
IWN,3,0.04900519,0.95099481
IWN,3,0.04518773,0.95481227
IWN,3,0.09675787,0.90324213
IWN,3,0.06145120,0.93854880
IWN,3,0.06688714,0.93311286
IWN,3,0.10646687,0.89353313
IWN,3,0.04487245,0.95512755
IWN,3,0.04467387,0.95532613
IWN,3,0.19941799,0.80058201
IWN,3,0.13731424,0.86268576
IWN,3,0.05577408,0.94422592
IWN,3,0.10862262,0.89137738
IWN,3,0.05764824,0.94235176
IWN,3,0.05762110,0.94237890
IWN,3,0.06248949,0.93751051
IWN,3,0.06557332,0.93442668
IWN,3,0.04549213,0.95450787
IWN,3,0.32983678,0.67016322
IWN,3,0.05067173,0.94932827
IWN,3,0.07442939,0.92557061
IWN,3,0.05005360,0.94994640
IWN,3,0.04472981,0.95527019
IWN,3,0.09990266,0.90009734
IWN,3,0.08305525,0.91694475
IWN,3,0.09343977,0.90656023
IWN,3,0.04472164,0.95527836
IWN,3,0.04490062,0.95509938
IWN,3,0.05279997,0.94720003
IWN,3,0.08482957,0.91517043
IWN,3,0.07393408,0.92606592
IWN,3,0.21127201,0.78872799
IWN,3,0.12227642,0.87772358
IWN,3,0.05782210,0.94217790
IWN,3,0.04479120,0.95520880
IWN,3,0.04555139,0.95444861
IWN,3,0.04519698,0.95480302
IWN,3,0.04495334,0.95504666
IWN,3,0.68152949,0.31847051
IWN,3,0.28932242,0.71067758
IWN,3,0.06734601,0.93265399
IWN,3,0.05634819,0.94365181
IWN,3,0.04609313,0.95390687
IWN,3,0.04466113,0.95533887
IWN,3,0.04804562,0.95195438
IWN,3,0.04467097,0.95532903
IWN,3,0.98217001,0.01782999
IWN,3,0.05163691,0.94836309
IWN,3,0.04849395,0.95150605
IWN,3,0.05860253,0.94139747
IWN,3,0.04551352,0.95448648
IWN,3,0.04467656,0.95532344
IWN,3,0.04968432,0.95031568
IWN,3,0.04483734,0.95516266
IWN,3,0.08113408,0.91886592
IWN,3,0.04926672,0.95073328
IWN,3,0.04467004,0.95532996
IWN,3,0.05435318,0.94564682
IWN,3,0.04473700,0.95526300
IWN,3,0.11616643,0.88383357
IWN,3,0.06579504,0.93420496
IWN,3,0.04637558,0.95362442
IWN,3,0.04547094,0.95452906
IWN,3,0.04468113,0.95531887
IWN,3,0.23773478,0.76226522
IWN,3,0.06739807,0.93260193
IWN,3,0.04559663,0.95440337
IWN,3,0.04469352,0.95530648
IWN,3,0.04597165,0.95402835
IWN,3,0.06559384,0.93440616
IWN,3,0.05846800,0.94153200
IWN,3,0.04465894,0.95534106
IWN,3,0.04495711,0.95504289
IWN,3,0.04772461,0.95227539
IWN,3,0.04612592,0.95387408
IWN,3,0.05642763,0.94357237
IWN,3,0.04555056,0.95444944
IWN,3,0.07247896,0.92752104
IWN,3,0.05382815,0.94617185
IWN,3,0.05545672,0.94454328
IWN,3,0.67548790,0.32451210
IWN,3,0.19134747,0.80865253
IWN,3,0.20076913,0.79923087
IWN,3,0.05739439,0.94260561
IWN,3,0.25732777,0.74267223
IWN,3,0.04611217,0.95388783
IWN,3,0.19210686,0.80789314
IWN,3,0.04646106,0.95353894
IWN,3,0.06303959,0.93696041
IWN,3,0.05856923,0.94143077
IWN,3,0.08166430,0.91833570
IWN,3,0.04479852,0.95520148
IWN,3,0.05037596,0.94962404
IWN,3,0.08423264,0.91576736
IWN,3,0.05545229,0.94454771
IWN,3,0.04541063,0.95458937
IWN,3,0.04472249,0.95527751
IWN,3,0.08578525,0.91421475
IWN,3,0.07211757,0.92788243
IWN,3,0.08274752,0.91725248
IWN,3,0.05194624,0.94805376
IWN,3,0.05726920,0.94273080
IWN,3,0.04766996,0.95233004
IWN,3,0.04475879,0.95524121
IWN,3,0.15859697,0.84140303
IWN,3,0.04473095,0.95526905
IWN,3,0.22531303,0.77468697
IWN,3,0.04715840,0.95284160
IWN,3,0.04565314,0.95434686
IWN,3,0.09112800,0.90887200
IWN,3,0.54272835,0.45727165
IWN,3,0.08733944,0.91266056
IWN,3,0.30771478,0.69228522
IWN,3,0.05796944,0.94203056
IWN,3,0.04713926,0.95286074
IWN,3,0.05285081,0.94714919
IWN,3,0.04818842,0.95181158
IWN,3,0.14863853,0.85136147
IWN,3,0.04596300,0.95403700
IWN,3,0.04491839,0.95508161
IWN,3,0.04506485,0.95493515
IWN,3,0.04636902,0.95363098
IWN,3,0.17118786,0.82881214
IWN,3,0.06591923,0.93408077
IWN,3,0.06793687,0.93206313
IWN,3,0.04869085,0.95130915
IWN,3,0.05246832,0.94753168
IWN,3,0.04787781,0.95212219
IWN,3,0.04760966,0.95239034
IWN,3,0.04469233,0.95530767
IWN,3,0.05339770,0.94660230
IWN,3,0.05063241,0.94936759
IWN,3,0.04572777,0.95427223
IWN,3,0.04640404,0.95359596
IWN,3,0.04856712,0.95143288
IWN,3,0.05068894,0.94931106
IWN,3,0.05707781,0.94292219
IWN,3,0.06001999,0.93998001
IWN,3,0.08487481,0.91512519
IWN,3,0.10530221,0.89469779
IWN,3,0.04613651,0.95386349
IWN,3,0.08874195,0.91125805
IWN,3,0.05265831,0.94734169
IWN,3,0.04586155,0.95413845
IWN,3,0.04492245,0.95507755
IWN,3,0.06299850,0.93700150
IWN,3,0.06235325,0.93764675
IWN,3,0.04466975,0.95533025
IWN,3,0.08687370,0.91312630
IWN,3,0.31204986,0.68795014
IWN,3,0.05779881,0.94220119
IWN,3,0.12926279,0.87073721
IWN,3,0.04844268,0.95155732
IWN,3,0.04726715,0.95273285
IWN,3,0.04967656,0.95032344
IWN,3,0.05205721,0.94794279
IWN,3,0.06404482,0.93595518
IWN,3,0.06402092,0.93597908
IWN,3,0.06050637,0.93949363
IWN,3,0.04512476,0.95487524
IWN,3,0.10679469,0.89320531
IWN,3,0.45817504,0.54182496
IWN,3,0.04841475,0.95158525
IWN,3,0.04476759,0.95523241
IWN,3,0.04508660,0.95491340
IWN,3,0.12899902,0.87100098
IWN,3,0.08665622,0.91334378
IWN,3,0.04473739,0.95526261
IWN,3,0.04467292,0.95532708
IWN,3,0.04573152,0.95426848
