dataset,p,component_1,component_2
IWN,4,0.04697875,0.95302125
IWN,4,0.04519062,0.95480938
IWN,4,0.06722929,0.93277071
IWN,4,0.10351810,0.89648190
IWN,4,0.07167581,0.92832419
IWN,4,0.09298037,0.90701963
IWN,4,0.11751765,0.88248235
IWN,4,0.12124624,0.87875376
IWN,4,0.04836859,0.95163141
IWN,4,0.06000189,0.93999811
IWN,4,0.05618692,0.94381308
IWN,4,0.04528155,0.95471845
IWN,4,0.05810648,0.94189352
IWN,4,0.07616167,0.92383833
IWN,4,0.07278581,0.92721419
IWN,4,0.04524271,0.95475729
IWN,4,0.04760868,0.95239132
IWN,4,0.14183776,0.85816224
IWN,4,0.04519165,0.95480835
IWN,4,0.06512297,0.93487703
IWN,4,0.05555390,0.94444610
IWN,4,0.13309517,0.86690483
IWN,4,0.05977705,0.94022295
IWN,4,0.04537638,0.95462362
IWN,4,0.05064398,0.94935602
IWN,4,0.04624273,0.95375727
IWN,4,0.04526979,0.95473021
IWN,4,0.09318786,0.90681214
IWN,4,0.13257309,0.86742691
IWN,4,0.16261882,0.83738118
IWN,4,0.13139674,0.86860326
IWN,4,0.05240057,0.94759943
IWN,4,0.04880580,0.95119420
IWN,4,0.04989733,0.95010267
IWN,4,0.05589511,0.94410489
IWN,4,0.18424098,0.81575902
IWN,4,0.09546073,0.90453927
IWN,4,0.04516589,0.95483411
IWN,4,0.12210608,0.87789392
IWN,4,0.04780181,0.95219819
IWN,4,0.04764374,0.95235626
IWN,4,0.04530206,0.95469794
IWN,4,0.04516633,0.95483367
IWN,4,0.05048712,0.94951288
IWN,4,0.05058705,0.94941295
IWN,4,0.04625481,0.95374519
IWN,4,0.04965538,0.95034462
IWN,4,0.05474546,0.94525454
IWN,4,0.06266912,0.93733088
IWN,4,0.06575705,0.93424295
IWN,4,0.05392358,0.94607642
IWN,4,0.07050001,0.92949999
IWN,4,0.06687134,0.93312866
IWN,4,0.09856750,0.90143250
IWN,4,0.06127738,0.93872262
IWN,4,0.04595826,0.95404174
IWN,4,0.04655196,0.95344804
IWN,4,0.04826992,0.95173008
IWN,4,0.04516791,0.95483209
IWN,4,0.05021084,0.94978916
IWN,4,0.07803185,0.92196815
IWN,4,0.04857592,0.95142408
IWN,4,0.13463516,0.86536484
IWN,4,0.08322548,0.91677452
IWN,4,0.23021330,0.76978670
IWN,4,0.05009120,0.94990880
IWN,4,0.12056103,0.87943897
IWN,4,0.05094850,0.94905150
IWN,4,0.04794633,0.95205367
IWN,4,0.04546113,0.95453887
IWN,4,0.06373162,0.93626838
IWN,4,0.04558538,0.95441462
IWN,4,0.05525761,0.94474239
IWN,4,0.05673044,0.94326956
IWN,4,0.10769378,0.89230622
IWN,4,0.04571667,0.95428333
IWN,4,0.14304413,0.85695587
IWN,4,0.05301279,0.94698721
IWN,4,0.07169676,0.92830324
IWN,4,0.04754756,0.95245244
IWN,4,0.09931802,0.90068198
IWN,4,0.05310091,0.94689909
IWN,4,0.11582484,0.88417516
IWN,4,0.11973103,0.88026897
IWN,4,0.16165377,0.83834623
IWN,4,0.07655274,0.92344726
IWN,4,0.34793987,0.65206013
IWN,4,0.04606639,0.95393361
IWN,4,0.08931236,0.91068764
IWN,4,0.04673713,0.95326287
IWN,4,0.07789903,0.92210097
IWN,4,0.07615308,0.92384692
IWN,4,0.04924738,0.95075262
IWN,4,0.11096166,0.88903834
IWN,4,0.07069628,0.92930372
IWN,4,0.04698139,0.95301861
IWN,4,0.06307219,0.93692781
IWN,4,0.04542687,0.95457313
IWN,4,0.04528985,0.95471015
IWN,4,0.36914842,0.63085158
IWN,4,0.04582077,0.95417923
IWN,4,0.04692838,0.95307162
IWN,4,0.16206998,0.83793002
IWN,4,0.09216244,0.90783756
IWN,4,0.05051451,0.94948549
IWN,4,0.05487839,0.94512161
IWN,4,0.04603732,0.95396268
IWN,4,0.10413493,0.89586507
IWN,4,0.05150748,0.94849252
IWN,4,0.41021016,0.58978984
IWN,4,0.04604674,0.95395326
IWN,4,0.15008051,0.84991949
IWN,4,0.04607395,0.95392605
IWN,4,0.05056141,0.94943859
IWN,4,0.04819349,0.95180651
IWN,4,0.08327490,0.91672510
IWN,4,0.04801455,0.95198545
IWN,4,0.05833727,0.94166273
IWN,4,0.04664436,0.95335564
IWN,4,0.14674592,0.85325408
IWN,4,0.74628611,0.25371389
IWN,4,0.08576964,0.91423036
IWN,4,0.04516635,0.95483365
IWN,4,0.10529747,0.89470253
IWN,4,0.06167686,0.93832314
IWN,4,0.28736856,0.71263144
IWN,4,0.07104121,0.92895879
IWN,4,0.07364977,0.92635023
IWN,4,0.05747350,0.94252650
IWN,4,0.08556718,0.91443282
IWN,4,0.05204433,0.94795567
IWN,4,0.65724921,0.34275079
IWN,4,0.41002277,0.58997723
IWN,4,0.24432009,0.75567991
IWN,4,0.99873216,0.00126784
IWN,4,0.98718241,0.01281759
IWN,4,0.04671291,0.95328709
IWN,4,0.20927647,0.79072353
IWN,4,0.98938762,0.01061238
IWN,4,0.04519746,0.95480254
IWN,4,0.18272332,0.81727668
IWN,4,0.05541033,0.94458967
IWN,4,0.65821268,0.34178732
IWN,4,0.21194832,0.78805168
IWN,4,0.72016718,0.27983282
IWN,4,0.08097881,0.91902119
IWN,4,0.09413730,0.90586270
IWN,4,0.04546421,0.95453579
IWN,4,0.04684386,0.95315614
IWN,4,0.48948755,0.51051245
IWN,4,0.45386664,0.54613336
IWN,4,0.04788941,0.95211059
IWN,4,0.06861329,0.93138671
IWN,4,0.05214401,0.94785599
IWN,4,0.05118115,0.94881885
IWN,4,0.06706829,0.93293171
IWN,4,0.21960487,0.78039513
IWN,4,0.10997050,0.89002950
IWN,4,0.04619872,0.95380128
IWN,4,0.06135988,0.93864012
IWN,4,0.67294563,0.32705437
IWN,4,0.04630539,0.95369461
IWN,4,0.04625371,0.95374629
IWN,4,0.19136793,0.80863207
IWN,4,0.04539901,0.95460099
IWN,4,0.18499375,0.81500625
IWN,4,0.05527567,0.94472433
IWN,4,0.04721541,0.95278459
IWN,4,0.04516664,0.95483336
IWN,4,0.12149452,0.87850548
IWN,4,0.06693154,0.93306846
IWN,4,0.06709353,0.93290647
IWN,4,0.04965818,0.95034182
IWN,4,0.13987280,0.86012720
IWN,4,0.27543394,0.72456606
IWN,4,0.05080148,0.94919852
IWN,4,0.25742364,0.74257636
IWN,4,0.06378218,0.93621782
IWN,4,0.16463680,0.83536320
IWN,4,0.33385220,0.66614780
IWN,4,0.51453809,0.48546191
IWN,4,0.05183392,0.94816608
IWN,4,0.17905255,0.82094745
IWN,4,0.08436140,0.91563860
IWN,4,0.07228857,0.92771143
IWN,4,0.13265972,0.86734028
IWN,4,0.83638340,0.16361660
IWN,4,0.05957744,0.94042256
IWN,4,0.99959111,0.00040889
IWN,4,0.05254580,0.94745420
IWN,4,0.99976027,0.00023973
IWN,4,0.05201910,0.94798090
IWN,4,0.56393129,0.43606871
IWN,4,0.19017471,0.80982529
IWN,4,0.40938067,0.59061933
IWN,4,0.04921039,0.95078961
IWN,4,0.07691337,0.92308663
IWN,4,0.09452015,0.90547985
IWN,4,0.06001212,0.93998788
IWN,4,0.04606349,0.95393651
IWN,4,0.06567998,0.93432002
IWN,4,0.04533717,0.95466283
IWN,4,0.05149755,0.94850245
IWN,4,0.14173793,0.85826207
IWN,4,0.04546956,0.95453044
IWN,4,0.08572272,0.91427728
IWN,4,0.11189666,0.88810334
IWN,4,0.04576773,0.95423227
IWN,4,0.06315246,0.93684754
IWN,4,0.05458270,0.94541730
IWN,4,0.18489953,0.81510047
IWN,4,0.19723730,0.80276270
IWN,4,0.09051156,0.90948844
IWN,4,0.06503727,0.93496273
IWN,4,0.05283167,0.94716833
IWN,4,0.07259126,0.92740874
IWN,4,0.04963471,0.95036529
IWN,4,0.08225664,0.91774336
IWN,4,0.42674688,0.57325312
IWN,4,0.11239836,0.88760164
IWN,4,0.06030287,0.93969713
IWN,4,0.05114849,0.94885151
IWN,4,0.15310455,0.84689545
IWN,4,0.45459924,0.54540076
IWN,4,0.04552779,0.95447221
IWN,4,0.04532056,0.95467944
IWN,4,0.04829505,0.95170495
IWN,4,0.10532411,0.89467589
IWN,4,0.05493620,0.94506380
IWN,4,0.05109246,0.94890754
IWN,4,0.12888652,0.87111348
IWN,4,0.12215480,0.87784520
IWN,4,0.04567823,0.95432177
IWN,4,0.06671499,0.93328501
IWN,4,0.14007874,0.85992126
IWN,4,0.05000233,0.94999767
IWN,4,0.04582703,0.95417297
IWN,4,0.11694457,0.88305543
IWN,4,0.04517414,0.95482586
IWN,4,0.06307508,0.93692492
IWN,4,0.04629197,0.95370803
IWN,4,0.04518380,0.95481620
IWN,4,0.04571449,0.95428551
IWN,4,0.08300861,0.91699139
IWN,4,0.04548653,0.95451347
IWN,4,0.04586312,0.95413688
IWN,4,0.18874046,0.81125954
IWN,4,0.04708350,0.95291650
IWN,4,0.11830877,0.88169123
IWN,4,0.06670537,0.93329463
IWN,4,0.08665533,0.91334467
IWN,4,0.08144403,0.91855597
IWN,4,0.04759966,0.95240034
IWN,4,0.04653223,0.95346777
IWN,4,0.04641618,0.95358382
IWN,4,0.04565968,0.95434032
IWN,4,0.04627657,0.95372343
IWN,4,0.13013842,0.86986158
IWN,4,0.06316977,0.93683023
IWN,4,0.05117329,0.94882671
IWN,4,0.04708478,0.95291522
IWN,4,0.10991885,0.89008115
IWN,4,0.10174994,0.89825006
IWN,4,0.06584481,0.93415519
IWN,4,0.05033840,0.94966160
IWN,4,0.28338996,0.71661004
IWN,4,0.04829219,0.95170781
IWN,4,0.05055010,0.94944990
IWN,4,0.04530050,0.95469950
IWN,4,0.05118756,0.94881244
IWN,4,0.05119003,0.94880997
IWN,4,0.22368319,0.77631681
IWN,4,0.05853942,0.94146058
IWN,4,0.06670220,0.93329780
IWN,4,0.04896026,0.95103974
IWN,4,0.05942504,0.94057496
IWN,4,0.07562286,0.92437714
IWN,4,0.08476782,0.91523218
IWN,4,0.04826229,0.95173771
IWN,4,0.04842233,0.95157767
IWN,4,0.13015486,0.86984514
IWN,4,0.26202921,0.73797079
IWN,4,0.08412406,0.91587594
IWN,4,0.05959736,0.94040264
IWN,4,0.04811361,0.95188639
IWN,4,0.04707449,0.95292551
IWN,4,0.04535206,0.95464794
IWN,4,0.04875610,0.95124390
IWN,4,0.04735410,0.95264590
IWN,4,0.05298319,0.94701681
IWN,4,0.05170284,0.94829716
IWN,4,0.13282295,0.86717705
IWN,4,0.06601610,0.93398390
IWN,4,0.04554747,0.95445253
IWN,4,0.10409222,0.89590778
IWN,4,0.05651215,0.94348785
IWN,4,0.10992349,0.89007651
IWN,4,0.07288750,0.92711250
IWN,4,0.07946209,0.92053791
IWN,4,0.04848531,0.95151469
IWN,4,0.05403179,0.94596821
IWN,4,0.08266381,0.91733619
IWN,4,0.06130464,0.93869536
IWN,4,0.04671310,0.95328690
IWN,4,0.05550280,0.94449720
IWN,4,0.04522241,0.95477759
IWN,4,0.05352574,0.94647426
IWN,4,0.05205976,0.94794024
IWN,4,0.25102044,0.74897956
IWN,4,0.04533523,0.95466477
IWN,4,0.04517923,0.95482077
IWN,4,0.11759105,0.88240895
IWN,4,0.10684640,0.89315360
IWN,4,0.06076406,0.93923594
IWN,4,0.06016124,0.93983876
IWN,4,0.05236217,0.94763783
IWN,4,0.15458497,0.84541503
IWN,4,0.04678029,0.95321971
IWN,4,0.04518304,0.95481696
IWN,4,0.06583045,0.93416955
IWN,4,0.04926602,0.95073398
IWN,4,0.13857731,0.86142269
IWN,4,0.04736759,0.95263241
IWN,4,0.04544454,0.95455546
IWN,4,0.05848637,0.94151363
IWN,4,0.10856415,0.89143585
IWN,4,0.04666779,0.95333221
IWN,4,0.04552628,0.95447372
IWN,4,0.04831093,0.95168907
IWN,4,0.16260343,0.83739657
IWN,4,0.04557344,0.95442656
IWN,4,0.05462316,0.94537684
IWN,4,0.04608144,0.95391856
IWN,4,0.05363796,0.94636204
IWN,4,0.07529533,0.92470467
IWN,4,0.08028562,0.91971438
IWN,4,0.04779483,0.95220517
IWN,4,0.04516622,0.95483378
IWN,4,0.04737234,0.95262766
IWN,4,0.05759846,0.94240154
IWN,4,0.16179486,0.83820514
IWN,4,0.04516623,0.95483377
IWN,4,0.04563752,0.95436248
IWN,4,0.05299924,0.94700076
IWN,4,0.08955226,0.91044774
IWN,4,0.17196724,0.82803276
IWN,4,0.04764796,0.95235204
IWN,4,0.04798743,0.95201257
IWN,4,0.19972261,0.80027739
IWN,4,0.06373399,0.93626601
IWN,4,0.04556164,0.95443836
IWN,4,0.18169238,0.81830762
IWN,4,0.05906479,0.94093521
IWN,4,0.04754177,0.95245823
IWN,4,0.19657664,0.80342336
IWN,4,0.06623836,0.93376164
IWN,4,0.07952905,0.92047095
IWN,4,0.05357549,0.94642451
IWN,4,0.08611350,0.91388650
IWN,4,0.05500525,0.94499475
IWN,4,0.04669522,0.95330478
IWN,4,0.04592948,0.95407052
IWN,4,0.04529075,0.95470925
IWN,4,0.08781104,0.91218896
IWN,4,0.18468277,0.81531723
IWN,4,0.04612358,0.95387642
IWN,4,0.04525135,0.95474865
IWN,4,0.05670091,0.94329909
IWN,4,0.04981904,0.95018096
IWN,4,0.04708110,0.95291890
IWN,4,0.07239760,0.92760240
IWN,4,0.79709410,0.20290590
IWN,4,0.04517024,0.95482976
IWN,4,0.09029820,0.90970180
IWN,4,0.04844443,0.95155557
IWN,4,0.09862133,0.90137867
IWN,4,0.09502621,0.90497379
IWN,4,0.05483114,0.94516886
IWN,4,0.05766011,0.94233989
IWN,4,0.04563878,0.95436122
IWN,4,0.04803517,0.95196483
IWN,4,0.09835071,0.90164929
IWN,4,0.04688611,0.95311389
IWN,4,0.08523828,0.91476172
IWN,4,0.06317964,0.93682036
IWN,4,0.04617740,0.95382260
IWN,4,0.04516603,0.95483397
IWN,4,0.04552249,0.95447751
IWN,4,0.09550645,0.90449355
IWN,4,0.04685921,0.95314079
IWN,4,0.04964498,0.95035502
IWN,4,0.17162570,0.82837430
IWN,4,0.04539040,0.95460960
IWN,4,0.07858150,0.92141850
IWN,4,0.04682963,0.95317037
IWN,4,0.04939259,0.95060741
IWN,4,0.04534584,0.95465416
IWN,4,0.05768644,0.94231356
IWN,4,0.20470846,0.79529154
IWN,4,0.04523535,0.95476465
IWN,4,0.04840441,0.95159559
IWN,4,0.05235512,0.94764488
IWN,4,0.05002108,0.94997892
IWN,4,0.22640594,0.77359406
IWN,4,0.04855087,0.95144913
IWN,4,0.05843761,0.94156239
IWN,4,0.09218952,0.90781048
IWN,4,0.05286254,0.94713746
IWN,4,0.05400735,0.94599265
IWN,4,0.05032927,0.94967073
IWN,4,0.04662659,0.95337341
IWN,4,0.08071183,0.91928817
IWN,4,0.10240491,0.89759509
IWN,4,0.05820093,0.94179907
IWN,4,0.04518442,0.95481558
IWN,4,0.05121122,0.94878878
IWN,4,0.06943698,0.93056302
IWN,4,0.04942657,0.95057343
IWN,4,0.25556609,0.74443391
IWN,4,0.04938601,0.95061399
IWN,4,0.08935986,0.91064014
IWN,4,0.04557302,0.95442698
IWN,4,0.04744136,0.95255864
IWN,4,0.04543290,0.95456710
IWN,4,0.06480510,0.93519490
IWN,4,0.04529213,0.95470787
IWN,4,0.06091147,0.93908853
IWN,4,0.05892298,0.94107702
IWN,4,0.05968607,0.94031393
IWN,4,0.15118173,0.84881827
IWN,4,0.47029848,0.52970152
IWN,4,0.06040558,0.93959442
IWN,4,0.04539468,0.95460532
IWN,4,0.18559906,0.81440094
IWN,4,0.05719706,0.94280294
IWN,4,0.09243243,0.90756757
IWN,4,0.05209477,0.94790523
IWN,4,0.05588585,0.94411415
IWN,4,0.05391127,0.94608873
IWN,4,0.04781579,0.95218421
IWN,4,0.04932105,0.95067895
IWN,4,0.08984871,0.91015129
IWN,4,0.06850674,0.93149326
IWN,4,0.06148407,0.93851593
IWN,4,0.05136977,0.94863023
IWN,4,0.09369143,0.90630857
IWN,4,0.04579506,0.95420494
IWN,4,0.04546729,0.95453271
IWN,4,0.07967988,0.92032012
IWN,4,0.06050391,0.93949609
IWN,4,0.04940643,0.95059357
IWN,4,0.05749891,0.94250109
IWN,4,0.12206633,0.87793367
IWN,4,0.05716757,0.94283243
IWN,4,0.04738895,0.95261105
IWN,4,0.04525073,0.95474927
IWN,4,0.10398713,0.89601287
IWN,4,0.04872266,0.95127734
IWN,4,0.04540637,0.95459363
IWN,4,0.05211851,0.94788149
IWN,4,0.04520395,0.95479605
IWN,4,0.10730806,0.89269194
IWN,4,0.06038130,0.93961870
IWN,4,0.23143828,0.76856172
IWN,4,0.04531709,0.95468291
IWN,4,0.08066348,0.91933652
IWN,4,0.07638674,0.92361326
IWN,4,0.05530656,0.94469344
IWN,4,0.05457663,0.94542337
IWN,4,0.04524252,0.95475748
IWN,4,0.04517575,0.95482425
IWN,4,0.16426138,0.83573862
IWN,4,0.08025246,0.91974754
IWN,4,0.04974456,0.95025544
IWN,4,0.04619684,0.95380316
IWN,4,0.08680522,0.91319478
IWN,4,0.04661488,0.95338512
IWN,4,0.06063091,0.93936909
IWN,4,0.04992760,0.95007240
IWN,4,0.04611873,0.95388127
IWN,4,0.04885574,0.95114426
IWN,4,0.05017262,0.94982738
IWN,4,0.08163580,0.91836420
IWN,4,0.11725886,0.88274114
IWN,4,0.09111595,0.90888405
IWN,4,0.05600201,0.94399799
IWN,4,0.04813425,0.95186575
IWN,4,0.04522344,0.95477656
IWN,4,0.12568885,0.87431115
IWN,4,0.05231876,0.94768124
IWN,4,0.06091809,0.93908191
IWN,4,0.06008527,0.93991473
IWN,4,0.04635345,0.95364655
IWN,4,0.04713391,0.95286609
IWN,4,0.08658435,0.91341565
IWN,4,0.04720711,0.95279289
IWN,4,0.05396146,0.94603854
IWN,4,0.04562976,0.95437024
IWN,4,0.08149355,0.91850645
IWN,4,0.04592780,0.95407220
IWN,4,0.04551379,0.95448621
IWN,4,0.07406741,0.92593259
IWN,4,0.04855247,0.95144753
IWN,4,0.05152297,0.94847703
IWN,4,0.04545798,0.95454202
IWN,4,0.05943592,0.94056408
IWN,4,0.04778627,0.95221373
IWN,4,0.04811269,0.95188731
IWN,4,0.04534472,0.95465528
IWN,4,0.06734395,0.93265605
IWN,4,0.04518960,0.95481040
IWN,4,0.04617052,0.95382948
IWN,4,0.07604759,0.92395241
IWN,4,0.05042838,0.94957162
IWN,4,0.23244455,0.76755545
IWN,4,0.04705839,0.95294161
IWN,4,0.04548544,0.95451456
IWN,4,0.04529240,0.95470760
IWN,4,0.04555796,0.95444204
IWN,4,0.31910446,0.68089554
IWN,4,0.05186073,0.94813927
IWN,4,0.38264180,0.61735820
IWN,4,0.04601782,0.95398218
IWN,4,0.07283476,0.92716524
IWN,4,0.05438913,0.94561087
IWN,4,0.04529203,0.95470797
IWN,4,0.08998182,0.91001818
IWN,4,0.08357329,0.91642671
IWN,4,0.04948363,0.95051637
IWN,4,0.06161190,0.93838810
IWN,4,0.05085861,0.94914139
IWN,4,0.07786222,0.92213778
IWN,4,0.04586144,0.95413856
IWN,4,0.06115518,0.93884482
IWN,4,0.05519518,0.94480482
IWN,4,0.05256414,0.94743586
IWN,4,0.04922024,0.95077976
IWN,4,0.05062594,0.94937406
IWN,4,0.04519986,0.95480014
IWN,4,0.05007362,0.94992638
IWN,4,0.05310027,0.94689973
IWN,4,0.05385020,0.94614980
IWN,4,0.04930302,0.95069698
IWN,4,0.26814941,0.73185059
IWN,4,0.05622624,0.94377376
IWN,4,0.06927165,0.93072835
IWN,4,0.14194437,0.85805563
IWN,4,0.04529046,0.95470954
IWN,4,0.08744975,0.91255025
IWN,4,0.04516833,0.95483167
IWN,4,0.04847413,0.95152587
IWN,4,0.14891628,0.85108372
IWN,4,0.04651447,0.95348553
IWN,4,0.05574369,0.94425631
IWN,4,0.10946986,0.89053014
IWN,4,0.06014413,0.93985587
IWN,4,0.08149997,0.91850003
IWN,4,0.09003473,0.90996527
IWN,4,0.04540400,0.95459600
IWN,4,0.05507475,0.94492525
IWN,4,0.11801609,0.88198391
IWN,4,0.04686999,0.95313001
IWN,4,0.06082451,0.93917549
IWN,4,0.04526740,0.95473260
IWN,4,0.04656399,0.95343601
IWN,4,0.04827329,0.95172671
IWN,4,0.18047795,0.81952205
IWN,4,0.06981718,0.93018282
IWN,4,0.04676266,0.95323734
IWN,4,0.06302937,0.93697063
IWN,4,0.05114876,0.94885124
IWN,4,0.17664850,0.82335150
IWN,4,0.05955046,0.94044954
IWN,4,0.13407524,0.86592476
IWN,4,0.04613790,0.95386210
IWN,4,0.04932033,0.95067967
IWN,4,0.04633230,0.95366770
IWN,4,0.19706512,0.80293488
IWN,4,0.11154869,0.88845131
IWN,4,0.07155583,0.92844417
IWN,4,0.05351661,0.94648339
IWN,4,0.05632336,0.94367664
IWN,4,0.04551442,0.95448558
IWN,4,0.07571513,0.92428487
IWN,4,0.64669558,0.35330442
IWN,4,0.10782574,0.89217426
IWN,4,0.10086976,0.89913024
IWN,4,0.04962416,0.95037584
IWN,4,0.05125927,0.94874073
IWN,4,0.05040666,0.94959334
IWN,4,0.08599459,0.91400541
IWN,4,0.07923446,0.92076554
IWN,4,0.05325934,0.94674066
IWN,4,0.04758275,0.95241725
IWN,4,0.05817545,0.94182455
IWN,4,0.09490373,0.90509627
IWN,4,0.21238775,0.78761225
IWN,4,0.05105483,0.94894517
IWN,4,0.04525700,0.95474300
IWN,4,0.04841730,0.95158270
IWN,4,0.05344029,0.94655971
IWN,4,0.04568790,0.95431210
IWN,4,0.15423210,0.84576790
IWN,4,0.05625726,0.94374274
IWN,4,0.20784433,0.79215567
IWN,4,0.04521670,0.95478330
IWN,4,0.09558641,0.90441359
IWN,4,0.04703022,0.95296978
IWN,4,0.16534511,0.83465489
IWN,4,0.10004020,0.89995980
IWN,4,0.05009739,0.94990261
IWN,4,0.04529627,0.95470373
IWN,4,0.04577750,0.95422250
IWN,4,0.04525960,0.95474040
IWN,4,0.04818405,0.95181595
IWN,4,0.10962387,0.89037613
IWN,4,0.04719985,0.95280015
IWN,4,0.05479715,0.94520285
IWN,4,0.04738773,0.95261227
IWN,4,0.05245957,0.94754043
IWN,4,0.04997646,0.95002354
IWN,4,0.05678086,0.94321914
IWN,4,0.04526353,0.95473647
IWN,4,0.07510891,0.92489109
IWN,4,0.04516604,0.95483396
IWN,4,0.13812721,0.86187279
IWN,4,0.04820817,0.95179183
IWN,4,0.04516682,0.95483318
IWN,4,0.04598615,0.95401385
IWN,4,0.05018730,0.94981270
IWN,4,0.04585505,0.95414495
IWN,4,0.05942018,0.94057982
IWN,4,0.05216074,0.94783926
IWN,4,0.07719222,0.92280778
IWN,4,0.31315278,0.68684722
IWN,4,0.05094589,0.94905411
IWN,4,0.06635144,0.93364856
IWN,4,0.05909602,0.94090398
IWN,4,0.11903349,0.88096651
IWN,4,0.04519954,0.95480046
IWN,4,0.05750032,0.94249968
IWN,4,0.04525067,0.95474933
IWN,4,0.04686658,0.95313342
IWN,4,0.07171038,0.92828962
IWN,4,0.04562578,0.95437422
IWN,4,0.11165143,0.88834857
IWN,4,0.21392433,0.78607567
IWN,4,0.04846245,0.95153755
IWN,4,0.23275507,0.76724493
IWN,4,0.04629808,0.95370192
IWN,4,0.12510329,0.87489671
IWN,4,0.04534351,0.95465649
IWN,4,0.21448230,0.78551770
IWN,4,0.04691553,0.95308447
IWN,4,0.11097772,0.88902228
IWN,4,0.05066004,0.94933996
IWN,4,0.12263197,0.87736803
IWN,4,0.04974805,0.95025195
IWN,4,0.04553399,0.95446601
IWN,4,0.05860651,0.94139349
IWN,4,0.04688216,0.95311784
IWN,4,0.05339682,0.94660318
IWN,4,0.05869588,0.94130412
IWN,4,0.04988263,0.95011737
IWN,4,0.05025010,0.94974990
IWN,4,0.09943673,0.90056327
IWN,4,0.04835636,0.95164364
IWN,4,0.07538344,0.92461656
IWN,4,0.05078836,0.94921164
IWN,4,0.07378758,0.92621242
IWN,4,0.04767425,0.95232575
IWN,4,0.04595974,0.95404026
IWN,4,0.05192112,0.94807888
IWN,4,0.04682681,0.95317319
IWN,4,0.06824687,0.93175313
IWN,4,0.04523766,0.95476234
IWN,4,0.04873292,0.95126708
IWN,4,0.05902982,0.94097018
IWN,4,0.09716483,0.90283517
IWN,4,0.04546288,0.95453712
IWN,4,0.04532465,0.95467535
IWN,4,0.06817456,0.93182544
IWN,4,0.07908787,0.92091213
IWN,4,0.05725080,0.94274920
IWN,4,0.04605844,0.95394156
IWN,4,0.16124035,0.83875965
IWN,4,0.06283345,0.93716655
IWN,4,0.04658018,0.95341982
IWN,4,0.05481386,0.94518614
IWN,4,0.09515681,0.90484319
IWN,4,0.06298222,0.93701778
IWN,4,0.04523115,0.95476885
IWN,4,0.04702656,0.95297344
IWN,4,0.09524393,0.90475607
IWN,4,0.06653185,0.93346815
IWN,4,0.07793404,0.92206596
IWN,4,0.04555403,0.95444597
IWN,4,0.07355384,0.92644616
IWN,4,0.04754592,0.95245408
IWN,4,0.07691428,0.92308572
IWN,4,0.08454158,0.91545842
IWN,4,0.05230119,0.94769881
IWN,4,0.10126206,0.89873794
IWN,4,0.06785056,0.93214944
IWN,4,0.04750271,0.95249729
IWN,4,0.04595153,0.95404847
IWN,4,0.05024842,0.94975158
IWN,4,0.05076829,0.94923171
IWN,4,0.15279104,0.84720896
IWN,4,0.09936697,0.90063303
IWN,4,0.04594655,0.95405345
IWN,4,0.05341153,0.94658847
IWN,4,0.05676502,0.94323498
IWN,4,0.05518545,0.94481455
IWN,4,0.05974028,0.94025972
IWN,4,0.06679024,0.93320976
IWN,4,0.04567658,0.95432342
IWN,4,0.06103387,0.93896613
IWN,4,0.05528349,0.94471651
IWN,4,0.04517116,0.95482884
IWN,4,0.07498232,0.92501768
IWN,4,0.10272256,0.89727744
IWN,4,0.04998801,0.95001199
IWN,4,0.06776682,0.93223318
IWN,4,0.04557527,0.95442473
IWN,4,0.04772408,0.95227592
IWN,4,0.04578699,0.95421301
IWN,4,0.10125943,0.89874057
IWN,4,0.05273811,0.94726189
IWN,4,0.04520516,0.95479484
IWN,4,0.05569051,0.94430949
IWN,4,0.15924025,0.84075975
IWN,4,0.06156745,0.93843255
IWN,4,0.04663732,0.95336268
IWN,4,0.05110308,0.94889692
IWN,4,0.06170957,0.93829043
IWN,4,0.05462735,0.94537265
IWN,4,0.05501133,0.94498867
IWN,4,0.05852200,0.94147800
IWN,4,0.04615453,0.95384547
IWN,4,0.04553243,0.95446757
IWN,4,0.07236838,0.92763162
IWN,4,0.05163208,0.94836792
IWN,4,0.04516620,0.95483380
IWN,4,0.06497762,0.93502238
IWN,4,0.08839255,0.91160745
IWN,4,0.04561392,0.95438608
IWN,4,0.04714127,0.95285873
IWN,4,0.04604811,0.95395189
IWN,4,0.11273068,0.88726932
IWN,4,0.09805652,0.90194348
IWN,4,0.19589611,0.80410389
IWN,4,0.04890187,0.95109813
IWN,4,0.08554800,0.91445200
IWN,4,0.05881075,0.94118925
IWN,4,0.05977578,0.94022422
IWN,4,0.04605771,0.95394229
IWN,4,0.05024584,0.94975416
IWN,4,0.07161238,0.92838762
IWN,4,0.08774463,0.91225537
IWN,4,0.07307592,0.92692408
IWN,4,0.06430092,0.93569908
IWN,4,0.04550799,0.95449201
IWN,4,0.05608585,0.94391415
IWN,4,0.04585266,0.95414734
IWN,4,0.08938687,0.91061313
IWN,4,0.04600945,0.95399055
IWN,4,0.04602596,0.95397404
IWN,4,0.07147518,0.92852482
IWN,4,0.05311085,0.94688915
IWN,4,0.05633954,0.94366046
IWN,4,0.04798275,0.95201725
IWN,4,0.07605852,0.92394148
IWN,4,0.04531623,0.95468377
IWN,4,0.04521733,0.95478267
IWN,4,0.11014315,0.88985685
IWN,4,0.04592419,0.95407581
IWN,4,0.08641967,0.91358033
IWN,4,0.04537363,0.95462637
IWN,4,0.04522858,0.95477142
IWN,4,0.04808921,0.95191079
IWN,4,0.05913599,0.94086401
IWN,4,0.04790745,0.95209255
IWN,4,0.16693422,0.83306578
IWN,4,0.04780780,0.95219220
IWN,4,0.06497967,0.93502033
IWN,4,0.16857443,0.83142557
IWN,4,0.05001099,0.94998901
IWN,4,0.06245597,0.93754403
IWN,4,0.04773400,0.95226600
IWN,4,0.04748997,0.95251003
IWN,4,0.09281927,0.90718073
IWN,4,0.04527363,0.95472637
IWN,4,0.06903930,0.93096070
IWN,4,0.06919914,0.93080086
IWN,4,0.04875096,0.95124904
IWN,4,0.04552896,0.95447104
IWN,4,0.06283731,0.93716269
IWN,4,0.05111869,0.94888131
IWN,4,0.05301278,0.94698722
IWN,4,0.04563783,0.95436217
IWN,4,0.04917204,0.95082796
IWN,4,0.04518408,0.95481592
IWN,4,0.05098056,0.94901944
IWN,4,0.06680187,0.93319813
IWN,4,0.04762139,0.95237861
IWN,4,0.04547115,0.95452885
IWN,4,0.09971785,0.90028215
IWN,4,0.08796629,0.91203371
IWN,4,0.04530608,0.95469392
IWN,4,0.05027978,0.94972022
IWN,4,0.04961183,0.95038817
IWN,4,0.04641172,0.95358828
IWN,4,0.04622452,0.95377548
IWN,4,0.04821600,0.95178400
IWN,4,0.11364885,0.88635115
IWN,4,0.04998164,0.95001836
IWN,4,0.06513280,0.93486720
IWN,4,0.09448014,0.90551986
IWN,4,0.16339655,0.83660345
IWN,4,0.13227571,0.86772429
IWN,4,0.05010306,0.94989694
IWN,4,0.10946908,0.89053092
IWN,4,0.10751099,0.89248901
IWN,4,0.21882442,0.78117558
IWN,4,0.09217979,0.90782021
IWN,4,0.06805917,0.93194083
IWN,4,0.08734137,0.91265863
IWN,4,0.04536195,0.95463805
IWN,4,0.31255235,0.68744765
IWN,4,0.06208237,0.93791763
IWN,4,0.07271914,0.92728086
IWN,4,0.04883916,0.95116084
IWN,4,0.07001739,0.92998261
IWN,4,0.04542393,0.95457607
IWN,4,0.04535092,0.95464908
IWN,4,0.06743957,0.93256043
IWN,4,0.06652441,0.93347559
IWN,4,0.04516632,0.95483368
IWN,4,0.12013331,0.87986669
IWN,4,0.05424054,0.94575946
IWN,4,0.10946620,0.89053380
IWN,4,0.05557965,0.94442035
IWN,4,0.13259538,0.86740462
IWN,4,0.04945668,0.95054332
IWN,4,0.04581266,0.95418734
IWN,4,0.06056241,0.93943759
IWN,4,0.04824204,0.95175796
IWN,4,0.06234370,0.93765630
IWN,4,0.08863506,0.91136494
IWN,4,0.05705985,0.94294015
IWN,4,0.04868095,0.95131905
IWN,4,0.08200332,0.91799668
IWN,4,0.04649612,0.95350388
IWN,4,0.05109628,0.94890372
IWN,4,0.04880989,0.95119011
IWN,4,0.04648225,0.95351775
IWN,4,0.05168927,0.94831073
IWN,4,0.00000000,0.00000000
IWN,4,0.99937115,0.00062885
IWN,4,0.06922170,0.93077830
IWN,4,0.04749206,0.95250794
IWN,4,0.30413975,0.69586025
IWN,4,0.05530140,0.94469860
IWN,4,0.04517030,0.95482970
IWN,4,0.04516752,0.95483248
IWN,4,0.04583826,0.95416174
IWN,4,0.04743941,0.95256059
IWN,4,0.09785851,0.90214149
IWN,4,0.06564159,0.93435841
IWN,4,0.04663297,0.95336703
IWN,4,0.19822992,0.80177008
IWN,4,0.04523374,0.95476626
IWN,4,0.04928697,0.95071303
IWN,4,0.05357419,0.94642581
IWN,4,0.09105596,0.90894404
IWN,4,0.05475632,0.94524368
IWN,4,0.04516884,0.95483116
IWN,4,0.19374695,0.80625305
IWN,4,0.09907146,0.90092854
IWN,4,0.04625069,0.95374931
IWN,4,0.04698551,0.95301449
IWN,4,0.05924860,0.94075140
IWN,4,0.04516643,0.95483357
IWN,4,0.04816480,0.95183520
IWN,4,0.08721397,0.91278603
IWN,4,0.08659714,0.91340286
IWN,4,0.12259237,0.87740763
IWN,4,0.10989145,0.89010855
IWN,4,0.05387168,0.94612832
IWN,4,0.05093599,0.94906401
IWN,4,0.04534480,0.95465520
IWN,4,0.06288875,0.93711125
IWN,4,0.04742065,0.95257935
IWN,4,0.04521466,0.95478534
IWN,4,0.05932843,0.94067157
IWN,4,0.05486742,0.94513258
IWN,4,0.12177240,0.87822760
IWN,4,0.11830139,0.88169861
IWN,4,0.04829225,0.95170775
IWN,4,0.04573223,0.95426777
IWN,4,0.04587678,0.95412322
IWN,4,0.05726933,0.94273067
IWN,4,0.06481613,0.93518387
IWN,4,0.05582099,0.94417901
IWN,4,0.10968366,0.89031634
IWN,4,0.04565764,0.95434236
IWN,4,0.04720901,0.95279099
IWN,4,0.04674079,0.95325921
IWN,4,0.05695233,0.94304767
IWN,4,0.04522870,0.95477130
IWN,4,0.04902091,0.95097909
IWN,4,0.05388066,0.94611934
IWN,4,0.11586643,0.88413357
IWN,4,0.06930823,0.93069177
IWN,4,0.04750889,0.95249111
IWN,4,0.22096930,0.77903070
IWN,4,0.04523897,0.95476103
IWN,4,0.05128184,0.94871816
IWN,4,0.09146643,0.90853357
IWN,4,0.04828985,0.95171015
IWN,4,0.05623808,0.94376192
IWN,4,0.05043993,0.94956007
IWN,4,0.05093961,0.94906039
IWN,4,0.05882157,0.94117843
IWN,4,0.06829544,0.93170456
IWN,4,0.04552288,0.95447712
IWN,4,0.06283722,0.93716278
IWN,4,0.04977682,0.95022318
IWN,4,0.09774682,0.90225318
IWN,4,0.12334616,0.87665384
IWN,4,0.04951364,0.95048636
IWN,4,0.05620033,0.94379967
IWN,4,0.05083240,0.94916760
IWN,4,0.04797114,0.95202886
IWN,4,0.04900894,0.95099106
IWN,4,0.08677504,0.91322496
IWN,4,0.04677747,0.95322253
IWN,4,0.05086817,0.94913183
IWN,4,0.10652910,0.89347090
IWN,4,0.34731464,0.65268536
IWN,4,0.05143680,0.94856320
IWN,4,0.05319554,0.94680446
IWN,4,0.05736296,0.94263704
IWN,4,0.10713876,0.89286124
IWN,4,0.09207547,0.90792453
IWN,4,0.05018093,0.94981907
IWN,4,0.10836025,0.89163975
IWN,4,0.04517597,0.95482403
IWN,4,0.08436406,0.91563594
IWN,4,0.17738214,0.82261786
IWN,4,0.10244066,0.89755934
IWN,4,0.06308356,0.93691644
IWN,4,0.20810037,0.79189963
IWN,4,0.05171415,0.94828585
IWN,4,0.06530859,0.93469141
IWN,4,0.12417946,0.87582054
IWN,4,0.10473565,0.89526435
IWN,4,0.06710843,0.93289157
IWN,4,0.05389885,0.94610115
IWN,4,0.13566845,0.86433155
IWN,4,0.04564208,0.95435792
IWN,4,0.04561451,0.95438549
IWN,4,0.04690184,0.95309816
IWN,4,0.04695232,0.95304768
IWN,4,0.04593313,0.95406687
IWN,4,0.05422647,0.94577353
IWN,4,0.05127080,0.94872920
IWN,4,0.04701915,0.95298085
IWN,4,0.10043800,0.89956200
IWN,4,0.04588199,0.95411801
IWN,4,0.11926252,0.88073748
IWN,4,0.05458390,0.94541610
IWN,4,0.06565386,0.93434614
IWN,4,0.04733299,0.95266701
IWN,4,0.04732019,0.95267981
IWN,4,0.04522725,0.95477275
IWN,4,0.10103148,0.89896852
IWN,4,0.04562041,0.95437959
IWN,4,0.04813750,0.95186250
IWN,4,0.14556712,0.85443288
IWN,4,0.04540870,0.95459130
IWN,4,0.05508648,0.94491352
IWN,4,0.04528384,0.95471616
IWN,4,0.04815955,0.95184045
IWN,4,0.04569518,0.95430482
IWN,4,0.04891200,0.95108800
IWN,4,0.04565648,0.95434352
IWN,4,0.04527290,0.95472710
IWN,4,0.04554931,0.95445069
IWN,4,0.06816372,0.93183628
IWN,4,0.04671927,0.95328073
IWN,4,0.08196812,0.91803188
IWN,4,0.04643055,0.95356945
IWN,4,0.06211076,0.93788924
IWN,4,0.05331850,0.94668150
IWN,4,0.04790936,0.95209064
IWN,4,0.08719990,0.91280010
IWN,4,0.04944189,0.95055811
IWN,4,0.04866043,0.95133957
IWN,4,0.05376695,0.94623305
IWN,4,0.12424574,0.87575426
IWN,4,0.05728529,0.94271471
IWN,4,0.04602316,0.95397684
IWN,4,0.06828969,0.93171031
IWN,4,0.05841409,0.94158591
IWN,4,0.05498077,0.94501923
IWN,4,0.04553948,0.95446052
IWN,4,0.05128925,0.94871075
IWN,4,0.04543895,0.95456105
IWN,4,0.05069257,0.94930743
IWN,4,0.04518789,0.95481211
IWN,4,0.08329838,0.91670162
IWN,4,0.07051902,0.92948098
IWN,4,0.04794789,0.95205211
IWN,4,0.09396390,0.90603610
IWN,4,0.04537698,0.95462302
IWN,4,0.07293468,0.92706532
IWN,4,0.05078507,0.94921493
IWN,4,0.04712139,0.95287861
IWN,4,0.04593792,0.95406208
IWN,4,0.06350106,0.93649894
IWN,4,0.08398042,0.91601958
IWN,4,0.04917443,0.95082557
IWN,4,0.05647030,0.94352970
IWN,4,0.08212177,0.91787823
IWN,4,0.05185158,0.94814842
IWN,4,0.05698836,0.94301164
IWN,4,0.04524613,0.95475387
IWN,4,0.05118507,0.94881493
IWN,4,0.09108470,0.90891530
IWN,4,0.05444541,0.94555459
IWN,4,0.05933585,0.94066415
IWN,4,0.04551605,0.95448395
IWN,4,0.05022800,0.94977200
IWN,4,0.06045476,0.93954524
IWN,4,0.04577633,0.95422367
IWN,4,0.06040407,0.93959593
IWN,4,0.04679103,0.95320897
IWN,4,0.09080681,0.90919319
IWN,4,0.10751237,0.89248763
IWN,4,0.04545193,0.95454807
IWN,4,0.04770710,0.95229290
IWN,4,0.05468087,0.94531913
IWN,4,0.09729808,0.90270192
IWN,4,0.04544326,0.95455674
IWN,4,0.04817068,0.95182932
IWN,4,0.07363084,0.92636916
IWN,4,0.04642397,0.95357603
IWN,4,0.07334491,0.92665509
IWN,4,0.06297955,0.93702045
IWN,4,0.04600884,0.95399116
IWN,4,0.04545481,0.95454519
IWN,4,0.04520794,0.95479206
IWN,4,0.09532931,0.90467069
IWN,4,0.07010357,0.92989643
IWN,4,0.04694879,0.95305121
IWN,4,0.06279181,0.93720819
IWN,4,0.04534316,0.95465684
IWN,4,0.04776732,0.95223268
IWN,4,0.15161437,0.84838563
IWN,4,0.04632487,0.95367513
IWN,4,0.04765858,0.95234142
IWN,4,0.05135668,0.94864332
IWN,4,0.04657111,0.95342889
IWN,4,0.04595038,0.95404962
IWN,4,0.04561916,0.95438084
IWN,4,0.09672214,0.90327786
IWN,4,0.04956564,0.95043436
IWN,4,0.09683825,0.90316175
IWN,4,0.06019400,0.93980600
IWN,4,0.04770067,0.95229933
IWN,4,0.04718097,0.95281903
IWN,4,0.55776303,0.44223697
IWN,4,0.06815832,0.93184168
IWN,4,0.04956611,0.95043389
IWN,4,0.04681924,0.95318076
IWN,4,0.05296917,0.94703083
IWN,4,0.04690985,0.95309015
IWN,4,0.05214206,0.94785794
IWN,4,0.05135965,0.94864035
IWN,4,0.05555319,0.94444681
IWN,4,0.05678914,0.94321086
IWN,4,0.07507576,0.92492424
IWN,4,0.04516751,0.95483249
IWN,4,0.06578974,0.93421026
IWN,4,0.06463599,0.93536401
IWN,4,0.04524500,0.95475500
IWN,4,0.04517866,0.95482134
IWN,4,0.05166097,0.94833903
IWN,4,0.20287277,0.79712723
IWN,4,0.22395492,0.77604508
IWN,4,0.05033475,0.94966525
IWN,4,0.04522837,0.95477163
IWN,4,0.10190709,0.89809291
IWN,4,0.07554699,0.92445301
IWN,4,0.06506255,0.93493745
IWN,4,0.04789015,0.95210985
IWN,4,0.13024506,0.86975494
IWN,4,0.06428838,0.93571162
IWN,4,0.19791621,0.80208379
IWN,4,0.04592213,0.95407787
IWN,4,0.39924652,0.60075348
IWN,4,0.07454489,0.92545511
IWN,4,0.37161230,0.62838770
IWN,4,0.04627603,0.95372397
IWN,4,0.71191579,0.28808421
IWN,4,0.04833370,0.95166630
IWN,4,0.05186674,0.94813326
IWN,4,0.04662788,0.95337212
IWN,4,0.05590409,0.94409591
IWN,4,0.26133675,0.73866325
IWN,4,0.13874387,0.86125613
IWN,4,0.05575925,0.94424075
IWN,4,0.90880841,0.09119159
IWN,4,0.08517842,0.91482158
IWN,4,0.17453758,0.82546242
IWN,4,0.04628655,0.95371345
IWN,4,0.14115293,0.85884707
IWN,4,0.04641534,0.95358466
IWN,4,0.04535379,0.95464621
IWN,4,0.08524832,0.91475168
IWN,4,0.15708227,0.84291773
IWN,4,0.04934356,0.95065644
IWN,4,0.89826403,0.10173597
IWN,4,0.05549875,0.94450125
IWN,4,0.06848597,0.93151403
IWN,4,0.07701157,0.92298843
IWN,4,0.04786820,0.95213180
IWN,4,0.08341830,0.91658170
IWN,4,0.04630108,0.95369892
IWN,4,0.05571541,0.94428459
IWN,4,0.12047887,0.87952113
IWN,4,0.28095875,0.71904125
IWN,4,0.04763747,0.95236253
IWN,4,0.04682018,0.95317982
IWN,4,0.07087190,0.92912810
IWN,4,0.29010483,0.70989517
IWN,4,0.27422723,0.72577277
IWN,4,0.12298684,0.87701316
IWN,4,0.44236073,0.55763927
IWN,4,0.05853583,0.94146417
IWN,4,0.04595071,0.95404929
IWN,4,0.07500730,0.92499270
IWN,4,0.25858419,0.74141581
IWN,4,0.04516589,0.95483411
IWN,4,0.08832130,0.91167870
IWN,4,0.06066810,0.93933190
IWN,4,0.07063691,0.92936309
IWN,4,0.04644503,0.95355497
IWN,4,0.05430471,0.94569529
IWN,4,0.08794967,0.91205033
IWN,4,0.05143000,0.94857000
IWN,4,0.05121417,0.94878583
IWN,4,0.05842789,0.94157211
IWN,4,0.04747086,0.95252914
IWN,4,0.25544654,0.74455346
IWN,4,0.07658194,0.92341806
IWN,4,0.04690751,0.95309249
IWN,4,0.04518463,0.95481537
IWN,4,0.05160673,0.94839327
IWN,4,0.04574953,0.95425047
IWN,4,0.06464939,0.93535061
IWN,4,0.04566259,0.95433741
IWN,4,0.04518255,0.95481745
IWN,4,0.07316651,0.92683349
IWN,4,0.08236344,0.91763656
IWN,4,0.05368163,0.94631837
IWN,4,0.04576174,0.95423826
IWN,4,0.04653659,0.95346341
IWN,4,0.05625473,0.94374527
IWN,4,0.15783330,0.84216670
IWN,4,0.05953160,0.94046840
IWN,4,0.04791260,0.95208740
IWN,4,0.04569356,0.95430644
IWN,4,0.24013510,0.75986490
IWN,4,0.05504368,0.94495632
IWN,4,0.05028149,0.94971851
IWN,4,0.04839012,0.95160988
IWN,4,0.04532655,0.95467345
IWN,4,0.04957827,0.95042173
IWN,4,0.08202760,0.91797240
IWN,4,0.06186466,0.93813534
IWN,4,0.07702638,0.92297362
IWN,4,0.08772256,0.91227744
IWN,4,0.04680632,0.95319368
IWN,4,0.04808063,0.95191937
IWN,4,0.04615134,0.95384866
IWN,4,0.06937895,0.93062105
IWN,4,0.05309019,0.94690981
IWN,4,0.04516783,0.95483217
IWN,4,0.18976789,0.81023211
IWN,4,0.07311240,0.92688760
IWN,4,0.04822357,0.95177643
IWN,4,0.05153446,0.94846554
IWN,4,0.04517006,0.95482994
IWN,4,0.05207300,0.94792700
IWN,4,0.16737853,0.83262147
IWN,4,0.05961135,0.94038865
IWN,4,0.05557033,0.94442967
IWN,4,0.04919636,0.95080364
IWN,4,0.04591029,0.95408971
IWN,4,0.04982493,0.95017507
IWN,4,0.05215437,0.94784563
IWN,4,0.04596382,0.95403618
IWN,4,0.04544533,0.95455467
IWN,4,0.04820859,0.95179141
IWN,4,0.06934582,0.93065418
IWN,4,0.08467200,0.91532800
IWN,4,0.05211096,0.94788904
IWN,4,0.05125726,0.94874274
IWN,4,0.11879922,0.88120078
IWN,4,0.05148711,0.94851289
IWN,4,0.04898611,0.95101389
IWN,4,0.10308054,0.89691946
IWN,4,0.04518315,0.95481685
IWN,4,0.06484451,0.93515549
IWN,4,0.06817707,0.93182293
IWN,4,0.06603878,0.93396122
IWN,4,0.04945088,0.95054912
IWN,4,0.14571836,0.85428164
IWN,4,0.05692538,0.94307462
IWN,4,0.04577667,0.95422333
IWN,4,0.04525316,0.95474684
IWN,4,0.04526977,0.95473023
IWN,4,0.04639155,0.95360845
IWN,4,0.04518306,0.95481694
IWN,4,0.04596455,0.95403545
IWN,4,0.35862723,0.64137277
IWN,4,0.04956927,0.95043073
IWN,4,0.08172259,0.91827741
IWN,4,0.04535109,0.95464891
IWN,4,0.05150156,0.94849844
IWN,4,0.15126044,0.84873956
IWN,4,0.04621119,0.95378881
IWN,4,0.04876061,0.95123939
IWN,4,0.05174373,0.94825627
IWN,4,0.04672924,0.95327076
IWN,4,0.04646631,0.95353369
IWN,4,0.04848706,0.95151294
IWN,4,0.04544642,0.95455358
IWN,4,0.05234417,0.94765583
IWN,4,0.04521856,0.95478144
IWN,4,0.08304439,0.91695561
IWN,4,0.04517308,0.95482692
IWN,4,0.04973235,0.95026765
IWN,4,0.04766388,0.95233612
IWN,4,0.04659050,0.95340950
IWN,4,0.07801468,0.92198532
IWN,4,0.08228528,0.91771472
IWN,4,0.04766633,0.95233367
IWN,4,0.06584457,0.93415543
IWN,4,0.04650526,0.95349474
IWN,4,0.04523176,0.95476824
IWN,4,0.14115802,0.85884198
IWN,4,0.04546722,0.95453278
IWN,4,0.04936639,0.95063361
IWN,4,0.04568916,0.95431084
IWN,4,0.07557479,0.92442521
IWN,4,0.05751117,0.94248883
IWN,4,0.04833040,0.95166960
IWN,4,0.04993243,0.95006757
IWN,4,0.06920405,0.93079595
IWN,4,0.05645248,0.94354752
IWN,4,0.05260776,0.94739224
IWN,4,0.05504737,0.94495263
IWN,4,0.07068573,0.92931427
IWN,4,0.07697243,0.92302757
IWN,4,0.04750366,0.95249634
IWN,4,0.06145927,0.93854073
IWN,4,0.07593404,0.92406596
IWN,4,0.04654561,0.95345439
IWN,4,0.06356648,0.93643352
IWN,4,0.04527809,0.95472191
IWN,4,0.04519370,0.95480630
IWN,4,0.04782116,0.95217884
IWN,4,0.07378593,0.92621407
IWN,4,0.04691520,0.95308480
IWN,4,0.07398806,0.92601194
IWN,4,0.04570476,0.95429524
IWN,4,0.05955759,0.94044241
IWN,4,0.04519045,0.95480955
IWN,4,0.04577474,0.95422526
IWN,4,0.04830799,0.95169201
IWN,4,0.05807439,0.94192561
IWN,4,0.04530149,0.95469851
IWN,4,0.04634893,0.95365107
IWN,4,0.04986286,0.95013714
IWN,4,0.04675277,0.95324723
IWN,4,0.97233154,0.02766846
IWN,4,0.05130575,0.94869425
IWN,4,0.04881052,0.95118948
IWN,4,0.13684064,0.86315936
IWN,4,0.22424267,0.77575733
IWN,4,0.29272592,0.70727408
IWN,4,0.04730316,0.95269684
IWN,4,0.06075543,0.93924457
IWN,4,0.05413579,0.94586421
IWN,4,0.04714235,0.95285765
IWN,4,0.41783359,0.58216641
IWN,4,0.06030024,0.93969976
IWN,4,0.08006816,0.91993184
IWN,4,0.05710235,0.94289765
IWN,4,0.07665772,0.92334228
IWN,4,0.05671579,0.94328421
IWN,4,0.15661135,0.84338865
IWN,4,0.04566787,0.95433213
IWN,4,0.04598927,0.95401073
IWN,4,0.04579967,0.95420033
IWN,4,0.05758211,0.94241789
IWN,4,0.05605296,0.94394704
IWN,4,0.04773457,0.95226543
IWN,4,0.04797389,0.95202611
IWN,4,0.04516587,0.95483413
IWN,4,0.09461308,0.90538692
IWN,4,0.04670298,0.95329702
IWN,4,0.04518126,0.95481874
IWN,4,0.04525189,0.95474811
IWN,4,0.04684454,0.95315546
IWN,4,0.05928333,0.94071667
IWN,4,0.05160089,0.94839911
IWN,4,0.05260604,0.94739396
IWN,4,0.10559458,0.89440542
IWN,4,0.04656530,0.95343470
IWN,4,0.05272134,0.94727866
IWN,4,0.05232398,0.94767602
IWN,4,0.07589508,0.92410492
IWN,4,0.04516751,0.95483249
IWN,4,0.04542230,0.95457770
IWN,4,0.04779749,0.95220251
IWN,4,0.04629177,0.95370823
IWN,4,0.04877507,0.95122493
IWN,4,0.21653846,0.78346154
IWN,4,0.04811275,0.95188725
IWN,4,0.07777247,0.92222753
IWN,4,0.04571790,0.95428210
IWN,4,0.04923725,0.95076275
IWN,4,0.04536426,0.95463574
IWN,4,0.04656031,0.95343969
IWN,4,0.04522155,0.95477845
IWN,4,0.09513272,0.90486728
IWN,4,0.07231106,0.92768894
IWN,4,0.05220795,0.94779205
IWN,4,0.06388052,0.93611948
IWN,4,0.05626261,0.94373739
IWN,4,0.05442677,0.94557323
IWN,4,0.05300904,0.94699096
IWN,4,0.06129774,0.93870226
IWN,4,0.06205489,0.93794511
IWN,4,0.04793587,0.95206413
IWN,4,0.09273570,0.90726430
IWN,4,0.05312826,0.94687174
IWN,4,0.06697020,0.93302980
IWN,4,0.05391891,0.94608109
IWN,4,0.04595545,0.95404455
IWN,4,0.08080222,0.91919778
IWN,4,0.04528548,0.95471452
IWN,4,0.05210952,0.94789048
IWN,4,0.07051090,0.92948910
IWN,4,0.15606224,0.84393776
IWN,4,0.07995915,0.92004085
IWN,4,0.04583645,0.95416355
IWN,4,0.08935602,0.91064398
IWN,4,0.07262963,0.92737037
IWN,4,0.04972478,0.95027522
IWN,4,0.16030712,0.83969288
IWN,4,0.05354080,0.94645920
IWN,4,0.04543993,0.95456007
IWN,4,0.11295789,0.88704211
IWN,4,0.04758021,0.95241979
IWN,4,0.07045973,0.92954027
IWN,4,0.04790829,0.95209171
IWN,4,0.05500983,0.94499017
IWN,4,0.14862474,0.85137526
IWN,4,0.04548017,0.95451983
IWN,4,0.05703573,0.94296427
IWN,4,0.07112170,0.92887830
IWN,4,0.04739922,0.95260078
IWN,4,0.04532358,0.95467642
IWN,4,0.04567490,0.95432510
IWN,4,0.04517394,0.95482606
IWN,4,0.15640474,0.84359526
IWN,4,0.04708969,0.95291031
IWN,4,0.11838736,0.88161264
IWN,4,0.04518894,0.95481106
IWN,4,0.06159672,0.93840328
IWN,4,0.04516594,0.95483406
IWN,4,0.04943408,0.95056592
IWN,4,0.04801267,0.95198733
IWN,4,0.15957060,0.84042940
IWN,4,0.04567160,0.95432840
IWN,4,0.56502376,0.43497624
IWN,4,0.04593042,0.95406958
IWN,4,0.64849888,0.35150112
IWN,4,0.32864321,0.67135679
IWN,4,0.09096351,0.90903649
IWN,4,0.08186478,0.91813522
IWN,4,0.04942310,0.95057690
IWN,4,0.05426834,0.94573166
IWN,4,0.99300774,0.00699226
IWN,4,0.08621548,0.91378452
IWN,4,0.05850257,0.94149743
IWN,4,0.42660678,0.57339322
IWN,4,0.29052439,0.70947561
IWN,4,0.25456379,0.74543621
IWN,4,0.07289290,0.92710710
IWN,4,0.25978642,0.74021358
IWN,4,0.08759227,0.91240773
IWN,4,0.63007219,0.36992781
IWN,4,0.23504995,0.76495005
IWN,4,0.04516806,0.95483194
IWN,4,0.04645429,0.95354571
IWN,4,0.09124754,0.90875246
IWN,4,0.09464771,0.90535229
IWN,4,0.07620794,0.92379206
IWN,4,0.07438150,0.92561850
IWN,4,0.54110824,0.45889176
IWN,4,0.37140145,0.62859855
IWN,4,0.05032937,0.94967063
IWN,4,0.05708223,0.94291777
IWN,4,0.07035312,0.92964688
IWN,4,0.10503753,0.89496247
IWN,4,0.04535898,0.95464102
IWN,4,0.15241996,0.84758004
IWN,4,0.06617328,0.93382672
IWN,4,0.12056398,0.87943602
IWN,4,0.06164955,0.93835045
IWN,4,0.04692020,0.95307980
IWN,4,0.04787711,0.95212289
IWN,4,0.05635751,0.94364249
IWN,4,0.98067959,0.01932041
IWN,4,0.11949011,0.88050989
IWN,4,0.07776050,0.92223950
IWN,4,0.04548515,0.95451485
IWN,4,0.05509084,0.94490916
IWN,4,0.05081237,0.94918763
IWN,4,0.05604988,0.94395012
IWN,4,0.04627487,0.95372513
IWN,4,0.06827223,0.93172777
IWN,4,0.35377384,0.64622616
IWN,4,0.05321377,0.94678623
IWN,4,0.04725811,0.95274189
IWN,4,0.04537556,0.95462444
IWN,4,0.15734457,0.84265543
IWN,4,0.05392166,0.94607834
IWN,4,0.05252426,0.94747574
IWN,4,0.04966258,0.95033742
IWN,4,0.06294722,0.93705278
IWN,4,0.05211353,0.94788647
IWN,4,0.11371452,0.88628548
IWN,4,0.06550908,0.93449092
IWN,4,0.04516592,0.95483408
IWN,4,0.04862913,0.95137087
IWN,4,0.69028048,0.30971952
IWN,4,0.06360972,0.93639028
IWN,4,0.06840882,0.93159118
IWN,4,0.08204045,0.91795955
IWN,4,0.04833176,0.95166824
IWN,4,0.13372305,0.86627695
IWN,4,0.04611566,0.95388434
IWN,4,0.06583392,0.93416608
IWN,4,0.10331003,0.89668997
IWN,4,0.96671880,0.03328120
IWN,4,0.05133007,0.94866993
IWN,4,0.06377731,0.93622269
IWN,4,0.09773905,0.90226095
IWN,4,0.72698167,0.27301833
IWN,4,0.05759024,0.94240976
IWN,4,0.05138216,0.94861784
IWN,4,0.05377249,0.94622751
IWN,4,0.66517572,0.33482428
IWN,4,0.04636868,0.95363132
IWN,4,0.09280382,0.90719618
IWN,4,0.07627027,0.92372973
IWN,4,0.27958532,0.72041468
IWN,4,0.04854077,0.95145923
IWN,4,0.13881190,0.86118810
IWN,4,0.04516683,0.95483317
IWN,4,0.96870027,0.03129973
IWN,4,0.05225225,0.94774775
IWN,4,0.04517958,0.95482042
IWN,4,0.07495276,0.92504724
IWN,4,0.11470499,0.88529501
IWN,4,0.20090924,0.79909076
IWN,4,0.53948234,0.46051766
IWN,4,0.04663144,0.95336856
IWN,4,0.09573520,0.90426480
IWN,4,0.89965708,0.10034292
IWN,4,0.04972379,0.95027621
IWN,4,0.04807843,0.95192157
IWN,4,0.26757989,0.73242011
IWN,4,0.10036612,0.89963388
IWN,4,0.15023282,0.84976718
IWN,4,0.04913097,0.95086903
IWN,4,0.11535525,0.88464475
IWN,4,0.30639830,0.69360170
IWN,4,0.05750752,0.94249248
IWN,4,0.04650908,0.95349092
IWN,4,0.64138761,0.35861239
IWN,4,0.05289546,0.94710454
IWN,4,0.06310107,0.93689893
IWN,4,0.07171133,0.92828867
IWN,4,0.17328757,0.82671243
IWN,4,0.47068659,0.52931341
IWN,4,0.04808240,0.95191760
IWN,4,0.50320768,0.49679232
IWN,4,0.05954457,0.94045543
IWN,4,0.09859785,0.90140215
IWN,4,0.20373109,0.79626891
IWN,4,0.05346841,0.94653159
IWN,4,0.30317461,0.69682539
IWN,4,0.07618077,0.92381923
IWN,4,0.38383083,0.61616917
IWN,4,0.10733949,0.89266051
IWN,4,0.04680906,0.95319094
IWN,4,0.98236927,0.01763073
IWN,4,0.04771918,0.95228082
IWN,4,0.05042508,0.94957492
IWN,4,0.39710030,0.60289970
IWN,4,0.05045779,0.94954221
IWN,4,0.12142514,0.87857486
IWN,4,0.62117812,0.37882188
IWN,4,0.33231629,0.66768371
IWN,4,0.06073875,0.93926125
IWN,4,0.64403126,0.35596874
IWN,4,0.06189992,0.93810008
IWN,4,0.12714805,0.87285195
IWN,4,0.05374849,0.94625151
IWN,4,0.04874344,0.95125656
IWN,4,0.06126643,0.93873357
IWN,4,0.28557215,0.71442785
IWN,4,0.29562721,0.70437279
IWN,4,0.04782402,0.95217598
IWN,4,0.04526613,0.95473387
IWN,4,0.10128880,0.89871120
IWN,4,0.20888061,0.79111939
IWN,4,0.04516612,0.95483388
IWN,4,0.32702934,0.67297066
IWN,4,0.05307087,0.94692913
IWN,4,0.04517584,0.95482416
IWN,4,0.14611318,0.85388682
IWN,4,0.27262844,0.72737156
IWN,4,0.06716249,0.93283751
IWN,4,0.04923620,0.95076380
IWN,4,0.04578210,0.95421790
IWN,4,0.69960180,0.30039820
IWN,4,0.04524386,0.95475614
IWN,4,0.12721311,0.87278689
IWN,4,0.99768756,0.00231244
IWN,4,0.07698183,0.92301817
IWN,4,0.13061090,0.86938910
IWN,4,0.25470369,0.74529631
IWN,4,0.11309737,0.88690263
IWN,4,0.99778238,0.00221762
IWN,4,0.42904004,0.57095996
IWN,4,0.44770024,0.55229976
IWN,4,0.48112779,0.51887221
IWN,4,0.04734171,0.95265829
IWN,4,0.04928582,0.95071418
IWN,4,0.11891677,0.88108323
IWN,4,0.12622070,0.87377930
IWN,4,0.04866698,0.95133302
IWN,4,0.95816366,0.04183634
IWN,4,0.04749561,0.95250439
IWN,4,0.04519264,0.95480736
IWN,4,0.04581662,0.95418338
IWN,4,0.04748303,0.95251697
IWN,4,0.04592283,0.95407717
IWN,4,0.21568451,0.78431549
IWN,4,0.07143487,0.92856513
IWN,4,0.24897981,0.75102019
IWN,4,0.05441000,0.94559000
IWN,4,0.08548040,0.91451960
IWN,4,0.58055697,0.41944303
IWN,4,0.04703566,0.95296434
IWN,4,0.08541517,0.91458483
IWN,4,0.04631807,0.95368193
IWN,4,0.22556786,0.77443214
IWN,4,0.04547576,0.95452424
IWN,4,0.09585466,0.90414534
IWN,4,0.05457448,0.94542552
IWN,4,0.05195621,0.94804379
IWN,4,0.05238288,0.94761712
IWN,4,0.05764655,0.94235345
IWN,4,0.14574630,0.85425370
IWN,4,0.04616347,0.95383653
IWN,4,0.04813042,0.95186958
IWN,4,0.04671511,0.95328489
IWN,4,0.08123416,0.91876584
IWN,4,0.04537550,0.95462450
IWN,4,0.04644722,0.95355278
IWN,4,0.09230523,0.90769477
IWN,4,0.05194157,0.94805843
IWN,4,0.04583449,0.95416551
IWN,4,0.06222111,0.93777889
IWN,4,0.05059322,0.94940678
IWN,4,0.04742276,0.95257724
IWN,4,0.04533902,0.95466098
IWN,4,0.06524846,0.93475154
IWN,4,0.06249392,0.93750608
IWN,4,0.08530345,0.91469655
IWN,4,0.07291104,0.92708896
IWN,4,0.05009255,0.94990745
IWN,4,0.06298331,0.93701669
IWN,4,0.04549651,0.95450349
IWN,4,0.05018523,0.94981477
IWN,4,0.04973439,0.95026561
IWN,4,0.05664538,0.94335462
IWN,4,0.30352952,0.69647048
IWN,4,0.52915449,0.47084551
IWN,4,0.05874133,0.94125867
IWN,4,0.04598379,0.95401621
IWN,4,0.22063880,0.77936120
IWN,4,0.04595417,0.95404583
IWN,4,0.09583605,0.90416395
IWN,4,0.06519685,0.93480315
IWN,4,0.06379016,0.93620984
IWN,4,0.05268191,0.94731809
IWN,4,0.05582189,0.94417811
IWN,4,0.09905542,0.90094458
IWN,4,0.09294143,0.90705857
IWN,4,0.08684048,0.91315952
IWN,4,0.06320264,0.93679736
IWN,4,0.32981756,0.67018244
IWN,4,0.04798439,0.95201561
IWN,4,0.10097090,0.89902910
IWN,4,0.04550582,0.95449418
IWN,4,0.53868575,0.46131425
IWN,4,0.07071885,0.92928115
IWN,4,0.07805167,0.92194833
IWN,4,0.98814524,0.01185476
IWN,4,0.82686844,0.17313156
IWN,4,0.05577922,0.94422078
IWN,4,0.05295114,0.94704886
IWN,4,0.16479243,0.83520757
IWN,4,0.06612283,0.93387717
IWN,4,0.99548158,0.00451842
IWN,4,0.35832316,0.64167684
IWN,4,0.04698240,0.95301760
IWN,4,0.05318910,0.94681090
IWN,4,0.78612083,0.21387917
IWN,4,0.07523092,0.92476908
IWN,4,0.58515943,0.41484057
IWN,4,0.06671974,0.93328026
IWN,4,0.30038263,0.69961737
IWN,4,0.71215473,0.28784527
IWN,4,0.04644067,0.95355933
IWN,4,0.06553352,0.93446648
IWN,4,0.05533394,0.94466606
IWN,4,0.09617324,0.90382676
IWN,4,0.45172176,0.54827824
IWN,4,0.04946024,0.95053976
IWN,4,0.17884456,0.82115544
IWN,4,0.73450997,0.26549003
IWN,4,0.56276199,0.43723801
IWN,4,0.05127460,0.94872540
IWN,4,0.04648647,0.95351353
IWN,4,0.06424953,0.93575047
IWN,4,0.04868705,0.95131295
IWN,4,0.13820760,0.86179240
IWN,4,0.14240863,0.85759137
IWN,4,0.04671993,0.95328007
IWN,4,0.08052443,0.91947557
IWN,4,0.17701935,0.82298065
IWN,4,0.23352890,0.76647110
IWN,4,0.04523053,0.95476947
IWN,4,0.07663683,0.92336317
IWN,4,0.36540925,0.63459075
IWN,4,0.06332952,0.93667048
IWN,4,0.04972429,0.95027571
IWN,4,0.06849999,0.93150001
IWN,4,0.57566390,0.42433610
IWN,4,0.04573238,0.95426762
IWN,4,0.64884511,0.35115489
IWN,4,0.64399543,0.35600457
IWN,4,0.05772134,0.94227866
IWN,4,0.06097588,0.93902412
IWN,4,0.04524211,0.95475789
IWN,4,0.98529279,0.01470721
IWN,4,0.37343449,0.62656551
IWN,4,0.99678644,0.00321356
IWN,4,0.99999990,0.00000010
IWN,4,0.99995911,0.00004089
IWN,4,0.99945970,0.00054030
IWN,4,0.23484447,0.76515553
IWN,4,0.07424384,0.92575616
IWN,4,0.04704485,0.95295515
IWN,4,0.04987878,0.95012122
IWN,4,1.00000000,0.00000000
IWN,4,0.99988443,0.00011557
IWN,4,0.18099497,0.81900503
IWN,4,0.99857086,0.00142914
IWN,4,0.46354656,0.53645344
IWN,4,0.34681936,0.65318064
IWN,4,1.00000000,0.00000000
IWN,4,0.45123696,0.54876304
IWN,4,1.00000000,0.00000000
IWN,4,0.99968671,0.00031329
IWN,4,1.00000000,0.00000000
IWN,4,0.11280870,0.88719130
IWN,4,1.00000000,0.00000000
IWN,4,0.99993509,0.00006491
IWN,4,0.15725950,0.84274050
IWN,4,0.91667529,0.08332471
IWN,4,0.56621614,0.43378386
IWN,4,0.99807819,0.00192181
IWN,4,0.79551997,0.20448003
IWN,4,0.97160046,0.02839954
IWN,4,0.99179056,0.00820944
IWN,4,1.00000000,0.00000000
IWN,4,0.08402686,0.91597314
IWN,4,0.99984425,0.00015575
IWN,4,0.92508025,0.07491975
IWN,4,0.06793709,0.93206291
IWN,4,0.07514161,0.92485839
IWN,4,0.99999836,0.00000164
IWN,4,0.84916173,0.15083827
IWN,4,0.19951188,0.80048812
IWN,4,0.46937748,0.53062252
IWN,4,0.22307468,0.77692532
IWN,4,0.99999385,0.00000615
IWN,4,1.00000000,0.00000000
IWN,4,1.00000000,0.00000000
IWN,4,0.07050211,0.92949789
IWN,4,0.04728841,0.95271159
IWN,4,1.00000000,0.00000000
IWN,4,1.00000000,0.00000000
IWN,4,0.99989320,0.00010680
IWN,4,0.99999999,0.00000001
IWN,4,0.18542040,0.81457960
IWN,4,0.99559686,0.00440314
IWN,4,0.33171583,0.66828417
IWN,4,1.00000000,0.00000000
IWN,4,0.99832767,0.00167233
IWN,4,0.98798721,0.01201279
IWN,4,0.40910817,0.59089183
IWN,4,0.95660740,0.04339260
IWN,4,0.97092915,0.02907085
IWN,4,0.93765213,0.06234787
IWN,4,0.30353154,0.69646846
IWN,4,0.99980151,0.00019849
IWN,4,0.81257928,0.18742072
IWN,4,0.56125114,0.43874886
IWN,4,0.99999930,0.00000070
IWN,4,0.06244092,0.93755908
IWN,4,0.07842993,0.92157007
IWN,4,0.05850609,0.94149391
IWN,4,0.09510677,0.90489323
IWN,4,0.14300423,0.85699577
IWN,4,0.05256008,0.94743992
IWN,4,0.09622958,0.90377042
IWN,4,0.25296568,0.74703432
IWN,4,0.85875814,0.14124186
IWN,4,0.78753236,0.21246764
IWN,4,0.04777111,0.95222889
IWN,4,0.04555963,0.95444037
IWN,4,0.14580672,0.85419328
IWN,4,0.59346209,0.40653791
IWN,4,0.05269447,0.94730553
IWN,4,0.99322517,0.00677483
IWN,4,0.46539493,0.53460507
IWN,4,0.07034685,0.92965315
IWN,4,0.99437930,0.00562070
IWN,4,0.06316237,0.93683763
IWN,4,0.08390490,0.91609510
IWN,4,1.00000000,0.00000000
IWN,4,0.99590252,0.00409748
IWN,4,0.76886489,0.23113511
IWN,4,0.06152569,0.93847431
IWN,4,0.06054228,0.93945772
IWN,4,0.06841697,0.93158303
IWN,4,0.96283824,0.03716176
IWN,4,0.99176878,0.00823122
IWN,4,0.52006878,0.47993122
IWN,4,0.10518621,0.89481379
IWN,4,0.04516959,0.95483041
IWN,4,0.08037242,0.91962758
IWN,4,0.06921924,0.93078076
IWN,4,0.95553083,0.04446917
IWN,4,0.04572954,0.95427046
IWN,4,0.99963011,0.00036989
IWN,4,0.04522900,0.95477100
IWN,4,0.04855167,0.95144833
IWN,4,0.15425389,0.84574611
IWN,4,0.95341361,0.04658639
IWN,4,0.13158566,0.86841434
IWN,4,0.15281608,0.84718392
IWN,4,0.10913940,0.89086060
IWN,4,0.98265089,0.01734911
IWN,4,0.97449522,0.02550478
IWN,4,0.17926405,0.82073595
IWN,4,0.19882387,0.80117613
IWN,4,0.06533732,0.93466268
IWN,4,0.99919368,0.00080632
IWN,4,0.29355247,0.70644753
IWN,4,0.08440345,0.91559655
IWN,4,0.99999475,0.00000525
IWN,4,0.04517685,0.95482315
IWN,4,0.26908477,0.73091523
IWN,4,0.99999993,0.00000007
IWN,4,0.04641666,0.95358334
IWN,4,0.99999926,0.00000074
IWN,4,0.14838664,0.85161336
IWN,4,0.16590531,0.83409469
IWN,4,0.99875291,0.00124709
IWN,4,0.96551285,0.03448715
IWN,4,0.06208754,0.93791246
IWN,4,0.93941201,0.06058799
IWN,4,1.00000000,0.00000000
IWN,4,0.93532196,0.06467804
IWN,4,0.23631807,0.76368193
IWN,4,0.99757890,0.00242110
IWN,4,0.95857197,0.04142803
IWN,4,0.94380518,0.05619482
IWN,4,0.16421773,0.83578227
IWN,4,0.11556380,0.88443620
IWN,4,0.99992782,0.00007218
IWN,4,0.11109487,0.88890513
IWN,4,0.11084042,0.88915958
IWN,4,0.93656994,0.06343006
IWN,4,0.15015552,0.84984448
IWN,4,0.99999897,0.00000103
IWN,4,0.04557794,0.95442206
IWN,4,0.98160023,0.01839977
IWN,4,0.33835444,0.66164556
IWN,4,0.53991505,0.46008495
IWN,4,0.06722884,0.93277116
IWN,4,0.99999917,0.00000083
IWN,4,0.99345807,0.00654193
IWN,4,0.04640656,0.95359344
IWN,4,0.04644193,0.95355807
IWN,4,0.12391875,0.87608125
IWN,4,0.09599356,0.90400644
IWN,4,0.04727144,0.95272856
IWN,4,0.92648541,0.07351459
IWN,4,0.05491018,0.94508982
IWN,4,0.04516929,0.95483071
IWN,4,0.98814710,0.01185290
IWN,4,0.05464183,0.94535817
IWN,4,0.05772929,0.94227071
IWN,4,0.19395124,0.80604876
IWN,4,0.95011416,0.04988584
IWN,4,0.06483474,0.93516526
IWN,4,0.44932610,0.55067390
IWN,4,0.99921384,0.00078616
IWN,4,0.10616992,0.89383008
IWN,4,0.04658900,0.95341100
IWN,4,0.85805244,0.14194756
IWN,4,0.04543446,0.95456554
IWN,4,0.09250249,0.90749751
IWN,4,0.11814579,0.88185421
IWN,4,0.05041528,0.94958472
IWN,4,0.99662514,0.00337486
IWN,4,0.68255463,0.31744537
IWN,4,0.04525039,0.95474961
IWN,4,0.18691649,0.81308351
IWN,4,0.97803357,0.02196643
IWN,4,0.06427856,0.93572144
IWN,4,0.05317018,0.94682982
IWN,4,0.09542113,0.90457887
IWN,4,0.04543688,0.95456312
IWN,4,0.06538278,0.93461722
IWN,4,0.04553526,0.95446474
IWN,4,0.05012285,0.94987715
IWN,4,0.04796954,0.95203046
IWN,4,0.04617659,0.95382341
IWN,4,0.31565235,0.68434765
IWN,4,0.16704617,0.83295383
IWN,4,0.05103814,0.94896186
IWN,4,0.05085577,0.94914423
IWN,4,0.04580111,0.95419889
IWN,4,0.75467918,0.24532082
IWN,4,0.08154391,0.91845609
IWN,4,0.05281457,0.94718543
IWN,4,0.61118899,0.38881101
IWN,4,0.04813398,0.95186602
IWN,4,0.04570670,0.95429330
IWN,4,0.05372082,0.94627918
IWN,4,0.18766678,0.81233322
IWN,4,0.58508088,0.41491912
IWN,4,0.08659784,0.91340216
IWN,4,0.30755695,0.69244305
IWN,4,0.04904234,0.95095766
IWN,4,0.04732113,0.95267887
IWN,4,0.04541518,0.95458482
IWN,4,0.48872558,0.51127442
IWN,4,0.05462805,0.94537195
IWN,4,0.96534855,0.03465145
IWN,4,0.12161188,0.87838812
IWN,4,0.05157915,0.94842085
IWN,4,0.08082730,0.91917270
IWN,4,0.04601708,0.95398292
IWN,4,0.05028678,0.94971322
IWN,4,0.83707419,0.16292581
IWN,4,0.06306035,0.93693965
IWN,4,0.05288750,0.94711250
IWN,4,0.04516748,0.95483252
IWN,4,0.04661598,0.95338402
IWN,4,0.12336071,0.87663929
IWN,4,0.04518313,0.95481687
IWN,4,0.25051919,0.74948081
IWN,4,0.07846332,0.92153668
IWN,4,0.04776945,0.95223055
IWN,4,0.07381844,0.92618156
IWN,4,0.55050314,0.44949686
IWN,4,0.05108181,0.94891819
IWN,4,0.20155388,0.79844612
IWN,4,0.10918672,0.89081328
IWN,4,0.05613844,0.94386156
IWN,4,0.21852307,0.78147693
IWN,4,0.73274541,0.26725459
IWN,4,0.09176446,0.90823554
IWN,4,0.07316909,0.92683091
IWN,4,0.07630454,0.92369546
IWN,4,0.45204686,0.54795314
IWN,4,0.04520903,0.95479097
IWN,4,0.04923442,0.95076558
IWN,4,0.04580506,0.95419494
IWN,4,0.04532624,0.95467376
IWN,4,0.04815170,0.95184830
IWN,4,0.13128475,0.86871525
IWN,4,0.54676735,0.45323265
IWN,4,0.06647755,0.93352245
IWN,4,0.07871678,0.92128322
IWN,4,0.07859840,0.92140160
IWN,4,0.09905941,0.90094059
IWN,4,0.09162051,0.90837949
IWN,4,0.09780194,0.90219806
IWN,4,0.04791646,0.95208354
IWN,4,0.06995821,0.93004179
IWN,4,0.07512278,0.92487722
IWN,4,0.26222328,0.73777672
IWN,4,0.04580553,0.95419447
IWN,4,0.04650743,0.95349257
IWN,4,0.05239222,0.94760778
IWN,4,0.06819622,0.93180378
IWN,4,0.08560324,0.91439676
IWN,4,0.19903763,0.80096237
IWN,4,0.05729689,0.94270311
IWN,4,0.41223678,0.58776322
IWN,4,0.04599878,0.95400122
IWN,4,0.13760712,0.86239288
IWN,4,0.81852711,0.18147289
IWN,4,0.05538177,0.94461823
IWN,4,0.19448192,0.80551808
IWN,4,0.13483835,0.86516165
IWN,4,0.04600456,0.95399544
IWN,4,0.06960001,0.93039999
IWN,4,0.08263855,0.91736145
IWN,4,0.04520473,0.95479527
IWN,4,0.05118131,0.94881869
IWN,4,0.15911378,0.84088622
IWN,4,0.04532041,0.95467959
IWN,4,0.08879954,0.91120046
IWN,4,0.05694383,0.94305617
IWN,4,0.07215561,0.92784439
IWN,4,0.09563577,0.90436423
IWN,4,0.09484595,0.90515405
IWN,4,0.21538084,0.78461916
IWN,4,0.07751251,0.92248749
IWN,4,0.06865115,0.93134885
IWN,4,0.78425041,0.21574959
IWN,4,0.17989398,0.82010602
IWN,4,0.56426672,0.43573328
IWN,4,0.05416701,0.94583299
IWN,4,0.07340051,0.92659949
IWN,4,0.08353950,0.91646050
IWN,4,0.52419618,0.47580382
IWN,4,0.04566995,0.95433005
IWN,4,0.21143020,0.78856980
IWN,4,0.05518275,0.94481725
IWN,4,0.06030430,0.93969570
IWN,4,0.20322640,0.79677360
IWN,4,0.06487375,0.93512625
IWN,4,0.44558775,0.55441225
IWN,4,0.04642438,0.95357562
IWN,4,0.04524697,0.95475303
IWN,4,0.42616323,0.57383677
IWN,4,0.04537323,0.95462677
IWN,4,0.16490479,0.83509521
IWN,4,0.04803103,0.95196897
IWN,4,0.04554611,0.95445389
IWN,4,0.47273961,0.52726039
IWN,4,0.04677008,0.95322992
IWN,4,0.17094478,0.82905522
IWN,4,0.06524862,0.93475138
IWN,4,0.10334024,0.89665976
IWN,4,0.37889181,0.62110819
IWN,4,0.04790351,0.95209649
IWN,4,0.05879725,0.94120275
IWN,4,0.04616127,0.95383873
IWN,4,0.04769605,0.95230395
IWN,4,0.06699377,0.93300623
IWN,4,0.09968295,0.90031705
IWN,4,0.04737487,0.95262513
IWN,4,0.05125948,0.94874052
IWN,4,0.06132787,0.93867213
IWN,4,0.05632910,0.94367090
IWN,4,0.08941582,0.91058418
IWN,4,0.06690434,0.93309566
IWN,4,0.07462991,0.92537009
IWN,4,0.05069014,0.94930986
IWN,4,0.04544783,0.95455217
IWN,4,0.04542022,0.95457978
IWN,4,0.04518288,0.95481712
IWN,4,0.11251133,0.88748867
IWN,4,0.37373209,0.62626791
IWN,4,0.04611715,0.95388285
IWN,4,0.04621987,0.95378013
IWN,4,0.07272024,0.92727976
IWN,4,0.05299671,0.94700329
IWN,4,0.05091685,0.94908315
IWN,4,0.08085318,0.91914682
IWN,4,0.09963046,0.90036954
IWN,4,0.04983888,0.95016112
IWN,4,0.08518672,0.91481328
IWN,4,0.14648219,0.85351781
IWN,4,0.08599934,0.91400066
IWN,4,0.12850686,0.87149314
IWN,4,0.19283002,0.80716998
IWN,4,0.04600423,0.95399577
IWN,4,0.06261776,0.93738224
IWN,4,0.06084564,0.93915436
IWN,4,0.11760635,0.88239365
IWN,4,0.06454815,0.93545185
IWN,4,0.06940357,0.93059643
IWN,4,0.07400334,0.92599666
IWN,4,0.05910412,0.94089588
IWN,4,0.84864192,0.15135808
IWN,4,0.04683017,0.95316983
IWN,4,0.06731391,0.93268609
IWN,4,0.08492989,0.91507011
IWN,4,0.04569538,0.95430462
IWN,4,0.09579392,0.90420608
IWN,4,0.05716222,0.94283778
IWN,4,0.16449385,0.83550615
IWN,4,0.05592554,0.94407446
IWN,4,0.06803227,0.93196773
IWN,4,0.04839623,0.95160377
IWN,4,0.04938193,0.95061807
IWN,4,0.08306741,0.91693259
IWN,4,0.06054914,0.93945086
IWN,4,0.04546201,0.95453799
IWN,4,0.05182118,0.94817882
IWN,4,0.22038680,0.77961320
IWN,4,0.06629351,0.93370649
IWN,4,0.04719464,0.95280536
IWN,4,0.04855002,0.95144998
IWN,4,0.20888975,0.79111025
IWN,4,0.04677924,0.95322076
IWN,4,0.04841932,0.95158068
IWN,4,0.05932435,0.94067565
IWN,4,0.04601993,0.95398007
IWN,4,0.04528169,0.95471831
IWN,4,0.04792817,0.95207183
IWN,4,0.06741731,0.93258269
IWN,4,0.05919585,0.94080415
IWN,4,0.04662125,0.95337875
IWN,4,0.08897852,0.91102148
IWN,4,0.08151512,0.91848488
IWN,4,0.08321136,0.91678864
IWN,4,0.06114160,0.93885840
IWN,4,0.05997558,0.94002442
IWN,4,0.04541567,0.95458433
IWN,4,0.05046663,0.94953337
IWN,4,0.04617256,0.95382744
IWN,4,0.05613503,0.94386497
IWN,4,0.06313719,0.93686281
IWN,4,0.21877136,0.78122864
IWN,4,0.05893937,0.94106063
IWN,4,0.04530322,0.95469678
IWN,4,0.04519039,0.95480961
IWN,4,0.05113931,0.94886069
IWN,4,0.04773594,0.95226406
IWN,4,0.04769474,0.95230526
IWN,4,0.20239781,0.79760219
IWN,4,0.04840468,0.95159532
IWN,4,0.11100103,0.88899897
IWN,4,0.04705475,0.95294525
IWN,4,0.09052529,0.90947471
IWN,4,0.05973513,0.94026487
IWN,4,0.08588822,0.91411178
IWN,4,0.09205328,0.90794672
IWN,4,0.04788325,0.95211675
IWN,4,0.44034955,0.55965045
IWN,4,0.04583719,0.95416281
IWN,4,0.29505326,0.70494674
IWN,4,0.68147171,0.31852829
IWN,4,0.22106351,0.77893649
IWN,4,0.72873950,0.27126050
IWN,4,0.12154693,0.87845307
IWN,4,0.97297290,0.02702710
IWN,4,0.58198605,0.41801395
IWN,4,0.99991203,0.00008797
IWN,4,0.06282818,0.93717182
IWN,4,0.58532143,0.41467857
IWN,4,0.07125308,0.92874692
IWN,4,0.19208026,0.80791974
IWN,4,0.04526836,0.95473164
IWN,4,0.16794289,0.83205711
IWN,4,0.09350379,0.90649621
IWN,4,0.99992462,0.00007538
IWN,4,0.09872643,0.90127357
IWN,4,0.14511638,0.85488362
IWN,4,0.04518167,0.95481833
IWN,4,0.04531083,0.95468917
IWN,4,0.99459150,0.00540850
IWN,4,0.06711247,0.93288753
IWN,4,0.91726943,0.08273057
IWN,4,0.49157857,0.50842143
IWN,4,0.07794258,0.92205742
IWN,4,0.99985122,0.00014878
IWN,4,0.46915374,0.53084626
IWN,4,0.04518809,0.95481191
IWN,4,0.04517961,0.95482039
IWN,4,0.86561739,0.13438261
IWN,4,0.09549919,0.90450081
IWN,4,0.05203021,0.94796979
IWN,4,0.40677438,0.59322562
IWN,4,0.04625733,0.95374267
IWN,4,0.04517246,0.95482754
IWN,4,0.04539282,0.95460718
IWN,4,0.06294620,0.93705380
IWN,4,0.25483179,0.74516821
IWN,4,0.04953891,0.95046109
IWN,4,0.12646352,0.87353648
IWN,4,0.16287883,0.83712117
IWN,4,0.06273203,0.93726797
IWN,4,0.95240116,0.04759884
IWN,4,0.10357277,0.89642723
IWN,4,0.05388706,0.94611294
IWN,4,0.07579008,0.92420992
IWN,4,0.10083487,0.89916513
IWN,4,0.77282408,0.22717592
IWN,4,0.14627461,0.85372539
IWN,4,0.11442919,0.88557081
IWN,4,0.06685404,0.93314596
IWN,4,0.70827476,0.29172524
IWN,4,0.04702751,0.95297249
IWN,4,0.06798025,0.93201975
IWN,4,0.92143062,0.07856938
IWN,4,0.04592259,0.95407741
IWN,4,0.16911581,0.83088419
IWN,4,0.16528712,0.83471288
IWN,4,0.85471426,0.14528574
IWN,4,0.34921984,0.65078016
IWN,4,0.21938377,0.78061623
IWN,4,0.04516601,0.95483399
IWN,4,0.09929592,0.90070408
IWN,4,0.04555772,0.95444228
IWN,4,0.04521144,0.95478856
IWN,4,0.12557726,0.87442274
IWN,4,0.05680913,0.94319087
IWN,4,0.06613225,0.93386775
IWN,4,0.06756282,0.93243718
IWN,4,0.05179180,0.94820820
IWN,4,0.06896206,0.93103794
IWN,4,0.13272020,0.86727980
IWN,4,0.97824405,0.02175595
IWN,4,0.05833853,0.94166147
IWN,4,0.06595108,0.93404892
IWN,4,0.05389905,0.94610095
IWN,4,0.13812416,0.86187584
IWN,4,0.04639711,0.95360289
IWN,4,0.57500638,0.42499362
IWN,4,0.04595313,0.95404687
IWN,4,0.09679587,0.90320413
IWN,4,0.06297884,0.93702116
IWN,4,0.08517241,0.91482759
IWN,4,0.05392288,0.94607712
IWN,4,0.32995010,0.67004990
IWN,4,0.20987783,0.79012217
IWN,4,0.04519131,0.95480869
IWN,4,0.89221558,0.10778442
IWN,4,0.07201729,0.92798271
IWN,4,0.13785653,0.86214347
IWN,4,0.20265123,0.79734877
IWN,4,0.04965684,0.95034316
IWN,4,0.04708941,0.95291059
IWN,4,0.04691578,0.95308422
IWN,4,0.24479730,0.75520270
IWN,4,0.04863649,0.95136351
IWN,4,0.04766969,0.95233031
IWN,4,0.06092749,0.93907251
IWN,4,0.04704751,0.95295249
IWN,4,0.48786492,0.51213508
IWN,4,0.04857684,0.95142316
IWN,4,0.09883989,0.90116011
IWN,4,0.09974005,0.90025995
IWN,4,0.68808263,0.31191737
IWN,4,0.04535941,0.95464059
IWN,4,0.06061034,0.93938966
IWN,4,0.04667861,0.95332139
IWN,4,0.04535862,0.95464138
IWN,4,0.04818287,0.95181713
IWN,4,0.07557409,0.92442591
IWN,4,0.38148636,0.61851364
IWN,4,0.04642066,0.95357934
IWN,4,0.04893085,0.95106915
IWN,4,0.07660220,0.92339780
IWN,4,0.04549041,0.95450959
IWN,4,0.04602695,0.95397305
IWN,4,0.11467970,0.88532030
IWN,4,0.04525840,0.95474160
IWN,4,0.05199435,0.94800565
IWN,4,0.09776869,0.90223131
IWN,4,0.17580433,0.82419567
IWN,4,0.06455120,0.93544880
IWN,4,0.04903486,0.95096514
IWN,4,0.04585011,0.95414989
IWN,4,0.04785516,0.95214484
IWN,4,0.04525093,0.95474907
IWN,4,0.04993054,0.95006946
IWN,4,0.05056595,0.94943405
IWN,4,0.04644282,0.95355718
IWN,4,0.05255116,0.94744884
IWN,4,0.19999708,0.80000292
IWN,4,0.04792898,0.95207102
IWN,4,0.45293100,0.54706900
IWN,4,0.05561722,0.94438278
IWN,4,0.04564257,0.95435743
IWN,4,0.10196720,0.89803280
IWN,4,0.07372329,0.92627671
IWN,4,0.04583847,0.95416153
IWN,4,0.14778407,0.85221593
IWN,4,0.04530878,0.95469122
IWN,4,0.19561580,0.80438420
IWN,4,0.04613193,0.95386807
IWN,4,0.12840915,0.87159085
IWN,4,0.04754081,0.95245919
IWN,4,0.04516793,0.95483207
IWN,4,0.06598625,0.93401375
IWN,4,0.22519257,0.77480743
IWN,4,0.04935474,0.95064526
IWN,4,0.04519227,0.95480773
IWN,4,0.06144112,0.93855888
IWN,4,0.21283187,0.78716813
IWN,4,0.07527104,0.92472896
IWN,4,0.05229013,0.94770987
IWN,4,0.05266245,0.94733755
IWN,4,0.04910330,0.95089670
IWN,4,0.04543733,0.95456267
IWN,4,0.04697083,0.95302917
IWN,4,0.08394005,0.91605995
IWN,4,0.04684761,0.95315239
IWN,4,0.04526716,0.95473284
IWN,4,0.05103065,0.94896935
IWN,4,0.05739626,0.94260374
IWN,4,0.04516716,0.95483284
IWN,4,0.05170481,0.94829519
IWN,4,0.07862914,0.92137086
IWN,4,0.04765953,0.95234047
IWN,4,0.04540793,0.95459207
IWN,4,0.04691150,0.95308850
IWN,4,0.04516662,0.95483338
IWN,4,0.04564697,0.95435303
IWN,4,0.04531522,0.95468478
IWN,4,0.05397094,0.94602906
IWN,4,0.14262637,0.85737363
IWN,4,0.10126602,0.89873398
IWN,4,0.06002582,0.93997418
IWN,4,0.04801607,0.95198393
IWN,4,0.05099381,0.94900619
IWN,4,0.04606807,0.95393193
IWN,4,0.05137323,0.94862677
IWN,4,0.06075156,0.93924844
IWN,4,0.04630969,0.95369031
IWN,4,0.06298399,0.93701601
IWN,4,0.04586905,0.95413095
IWN,4,0.37268981,0.62731019
IWN,4,0.05746089,0.94253911
IWN,4,0.05022571,0.94977429
IWN,4,0.05631749,0.94368251
IWN,4,0.05061015,0.94938985
IWN,4,0.09173370,0.90826630
IWN,4,0.04722205,0.95277795
IWN,4,0.35822513,0.64177487
IWN,4,0.04684953,0.95315047
IWN,4,0.27471899,0.72528101
IWN,4,0.04677046,0.95322954
IWN,4,0.04543442,0.95456558
IWN,4,0.04592287,0.95407713
IWN,4,0.06663016,0.93336984
IWN,4,0.05169510,0.94830490
IWN,4,0.04734041,0.95265959
IWN,4,0.04575540,0.95424460
IWN,4,0.06878599,0.93121401
IWN,4,0.04889480,0.95110520
IWN,4,0.04831053,0.95168947
IWN,4,0.05512187,0.94487813
IWN,4,0.05709560,0.94290440
IWN,4,0.04619083,0.95380917
IWN,4,0.34732254,0.65267746
IWN,4,0.10809489,0.89190511
IWN,4,0.04754993,0.95245007
IWN,4,0.28684872,0.71315128
IWN,4,0.04735998,0.95264002
IWN,4,0.17989387,0.82010613
IWN,4,0.04580214,0.95419786
IWN,4,0.20641779,0.79358221
IWN,4,0.05136495,0.94863505
IWN,4,0.11329090,0.88670910
IWN,4,0.10908116,0.89091884
IWN,4,0.04525149,0.95474851
IWN,4,0.42776617,0.57223383
IWN,4,0.04520287,0.95479713
IWN,4,0.05212751,0.94787249
IWN,4,0.06014158,0.93985842
IWN,4,0.08234924,0.91765076
IWN,4,0.04893791,0.95106209
IWN,4,0.09902311,0.90097689
IWN,4,0.27808423,0.72191577
IWN,4,0.04734219,0.95265781
IWN,4,0.04540081,0.95459919
IWN,4,0.04918445,0.95081555
IWN,4,0.05927214,0.94072786
IWN,4,0.04707467,0.95292533
IWN,4,0.05431973,0.94568027
IWN,4,0.08150061,0.91849939
IWN,4,0.04824512,0.95175488
IWN,4,0.04878349,0.95121651
IWN,4,0.04685629,0.95314371
IWN,4,0.04623986,0.95376014
IWN,4,0.04977767,0.95022233
IWN,4,0.05279330,0.94720670
IWN,4,0.07529387,0.92470613
IWN,4,0.06926928,0.93073072
IWN,4,0.07964313,0.92035687
IWN,4,0.04797061,0.95202939
IWN,4,0.04998785,0.95001215
IWN,4,0.06587059,0.93412941
IWN,4,0.09785781,0.90214219
IWN,4,0.04603294,0.95396706
IWN,4,0.12739622,0.87260378
IWN,4,0.05404723,0.94595277
IWN,4,0.04518803,0.95481197
IWN,4,0.07077880,0.92922120
IWN,4,0.05120218,0.94879782
IWN,4,0.04919899,0.95080101
IWN,4,0.04667308,0.95332692
IWN,4,0.06444967,0.93555033
IWN,4,0.06131601,0.93868399
IWN,4,0.07966813,0.92033187
IWN,4,0.05022804,0.94977196
IWN,4,0.04552433,0.95447567
IWN,4,0.06261876,0.93738124
IWN,4,0.11712202,0.88287798
IWN,4,0.12445772,0.87554228
IWN,4,0.05159591,0.94840409
IWN,4,0.08825151,0.91174849
IWN,4,0.07557265,0.92442735
IWN,4,0.04767837,0.95232163
IWN,4,0.08575767,0.91424233
IWN,4,0.04609356,0.95390644
IWN,4,0.05794114,0.94205886
IWN,4,0.10834643,0.89165357
IWN,4,0.04944331,0.95055669
IWN,4,0.06578076,0.93421924
IWN,4,0.07485433,0.92514567
IWN,4,0.05556208,0.94443792
IWN,4,0.10070803,0.89929197
IWN,4,0.63084933,0.36915067
IWN,4,0.04637284,0.95362716
IWN,4,0.08536604,0.91463396
IWN,4,0.09079931,0.90920069
IWN,4,0.04530137,0.95469863
IWN,4,0.06064493,0.93935507
IWN,4,0.04549626,0.95450374
IWN,4,0.10359847,0.89640153
IWN,4,0.04578926,0.95421074
IWN,4,0.18274104,0.81725896
IWN,4,0.10920405,0.89079595
IWN,4,0.04725426,0.95274574
IWN,4,0.04620779,0.95379221
IWN,4,0.06620802,0.93379198
IWN,4,0.14563124,0.85436876
IWN,4,0.05335665,0.94664335
IWN,4,0.04605523,0.95394477
IWN,4,0.04927588,0.95072412
IWN,4,0.05324105,0.94675895
IWN,4,0.08040352,0.91959648
IWN,4,0.04843337,0.95156663
IWN,4,0.06139483,0.93860517
IWN,4,0.10199225,0.89800775
IWN,4,0.04517962,0.95482038
IWN,4,0.04722302,0.95277698
IWN,4,0.10721858,0.89278142
IWN,4,0.05036988,0.94963012
IWN,4,0.20211080,0.79788920
IWN,4,0.04790149,0.95209851
IWN,4,0.05628827,0.94371173
IWN,4,0.10730025,0.89269975
IWN,4,0.04810410,0.95189590
IWN,4,0.10599629,0.89400371
IWN,4,0.14184906,0.85815094
IWN,4,0.04538696,0.95461304
IWN,4,0.08861125,0.91138875
IWN,4,0.04634335,0.95365665
IWN,4,0.07016517,0.92983483
IWN,4,0.05233364,0.94766636
IWN,4,0.42876093,0.57123907
IWN,4,0.04711146,0.95288854
IWN,4,0.04522518,0.95477482
IWN,4,0.04948826,0.95051174
IWN,4,0.63013766,0.36986234
IWN,4,0.04615085,0.95384915
IWN,4,0.99992897,0.00007103
IWN,4,0.16494743,0.83505257
IWN,4,1.00000000,0.00000000
IWN,4,0.99999384,0.00000616
IWN,4,0.99954146,0.00045854
IWN,4,0.98428828,0.01571172
IWN,4,0.04596547,0.95403453
IWN,4,0.65961871,0.34038129
IWN,4,0.11712825,0.88287175
IWN,4,0.04658263,0.95341737
IWN,4,0.99970046,0.00029954
IWN,4,0.20918391,0.79081609
IWN,4,0.04550943,0.95449057
IWN,4,0.97864021,0.02135979
IWN,4,0.12509096,0.87490904
IWN,4,0.34017674,0.65982326
IWN,4,0.14440411,0.85559589
IWN,4,0.99815235,0.00184765
IWN,4,0.04783890,0.95216110
IWN,4,0.04544380,0.95455620
IWN,4,0.31756952,0.68243048
IWN,4,0.94238413,0.05761587
IWN,4,0.05019759,0.94980241
IWN,4,0.95315055,0.04684945
IWN,4,0.13480137,0.86519863
IWN,4,0.64193084,0.35806916
IWN,4,0.05558300,0.94441700
IWN,4,0.13287816,0.86712184
IWN,4,0.12141802,0.87858198
IWN,4,0.08378463,0.91621537
IWN,4,0.04609281,0.95390719
IWN,4,0.18208043,0.81791957
IWN,4,0.10374292,0.89625708
IWN,4,0.96904829,0.03095171
IWN,4,0.44372311,0.55627689
IWN,4,0.06172029,0.93827971
IWN,4,0.23223926,0.76776074
IWN,4,0.16476890,0.83523110
IWN,4,0.91894527,0.08105473
IWN,4,0.22917673,0.77082327
IWN,4,0.59317062,0.40682938
IWN,4,0.99969015,0.00030985
IWN,4,0.99998657,0.00001343
IWN,4,0.08786139,0.91213861
IWN,4,0.20000345,0.79999655
IWN,4,0.58540881,0.41459119
IWN,4,0.98200776,0.01799224
IWN,4,0.06791793,0.93208207
IWN,4,0.11686193,0.88313807
IWN,4,0.04828673,0.95171327
IWN,4,0.16169411,0.83830589
IWN,4,0.69064157,0.30935843
IWN,4,0.56892174,0.43107826
IWN,4,0.09976748,0.90023252
IWN,4,0.04605171,0.95394829
IWN,4,0.24596114,0.75403886
IWN,4,0.64328641,0.35671359
IWN,4,0.47579361,0.52420639
IWN,4,0.08771873,0.91228127
IWN,4,0.99962448,0.00037552
IWN,4,0.04652515,0.95347485
IWN,4,0.57194170,0.42805830
IWN,4,0.93738479,0.06261521
IWN,4,0.37245071,0.62754929
IWN,4,0.36614498,0.63385502
IWN,4,0.05494100,0.94505900
IWN,4,0.04545527,0.95454473
IWN,4,0.10649982,0.89350018
IWN,4,0.99771831,0.00228169
IWN,4,0.05363749,0.94636251
IWN,4,0.37308918,0.62691082
IWN,4,0.10179598,0.89820402
IWN,4,0.06446526,0.93553474
IWN,4,0.08300490,0.91699510
IWN,4,0.08154301,0.91845699
IWN,4,0.04648090,0.95351910
IWN,4,0.27903072,0.72096928
IWN,4,0.08005550,0.91994450
IWN,4,0.55336575,0.44663425
IWN,4,0.10965276,0.89034724
IWN,4,0.97408432,0.02591568
IWN,4,0.04517916,0.95482084
IWN,4,0.99997261,0.00002739
IWN,4,0.05406788,0.94593212
IWN,4,0.04662141,0.95337859
IWN,4,0.11158583,0.88841417
IWN,4,0.04846679,0.95153321
IWN,4,0.04517060,0.95482940
IWN,4,0.80652797,0.19347203
IWN,4,0.48617197,0.51382803
IWN,4,0.07329754,0.92670246
IWN,4,0.17210183,0.82789817
IWN,4,0.06671795,0.93328205
IWN,4,0.07196155,0.92803845
IWN,4,0.06079790,0.93920210
IWN,4,0.16624575,0.83375425
IWN,4,0.93231074,0.06768926
IWN,4,0.06509857,0.93490143
IWN,4,0.05818016,0.94181984
IWN,4,0.04573738,0.95426262
IWN,4,0.04767153,0.95232847
IWN,4,0.08927234,0.91072766
IWN,4,0.05210826,0.94789174
IWN,4,0.05288981,0.94711019
IWN,4,0.15392985,0.84607015
IWN,4,0.04797672,0.95202328
IWN,4,0.04802366,0.95197634
IWN,4,0.04600734,0.95399266
IWN,4,0.04584685,0.95415315
IWN,4,0.08901103,0.91098897
IWN,4,0.04978179,0.95021821
IWN,4,0.04709702,0.95290298
IWN,4,0.05202524,0.94797476
IWN,4,0.04634868,0.95365132
IWN,4,0.15200663,0.84799337
IWN,4,0.04837911,0.95162089
IWN,4,0.04794512,0.95205488
IWN,4,0.04525535,0.95474465
IWN,4,0.05099483,0.94900517
IWN,4,0.05695799,0.94304201
IWN,4,0.04556093,0.95443907
IWN,4,0.04869014,0.95130986
IWN,4,0.05234480,0.94765520
IWN,4,0.04517361,0.95482639
IWN,4,0.17684990,0.82315010
IWN,4,0.05276097,0.94723903
IWN,4,0.20773466,0.79226534
IWN,4,0.04712844,0.95287156
IWN,4,0.04572847,0.95427153
IWN,4,0.04643754,0.95356246
IWN,4,0.04905421,0.95094579
IWN,4,0.09626945,0.90373055
IWN,4,0.07051070,0.92948930
IWN,4,0.04826496,0.95173504
IWN,4,0.06310158,0.93689842
IWN,4,0.16543347,0.83456653
IWN,4,0.04673240,0.95326760
IWN,4,0.05383567,0.94616433
IWN,4,0.07407344,0.92592656
IWN,4,0.08639402,0.91360598
IWN,4,0.04663406,0.95336594
IWN,4,0.04563460,0.95436540
IWN,4,0.04707059,0.95292941
IWN,4,0.11254412,0.88745588
IWN,4,0.04696495,0.95303505
IWN,4,0.09197215,0.90802785
IWN,4,0.04634430,0.95365570
IWN,4,0.15321797,0.84678203
IWN,4,0.05916938,0.94083062
IWN,4,0.07056601,0.92943399
IWN,4,0.09854784,0.90145216
IWN,4,0.04534359,0.95465641
IWN,4,0.21752604,0.78247396
IWN,4,0.05402968,0.94597032
IWN,4,0.05984129,0.94015871
IWN,4,0.04516601,0.95483399
IWN,4,0.06283547,0.93716453
IWN,4,0.05678363,0.94321637
IWN,4,0.04650755,0.95349245
IWN,4,0.06171978,0.93828022
IWN,4,0.06214022,0.93785978
IWN,4,0.16634971,0.83365029
IWN,4,0.05437934,0.94562066
IWN,4,0.04631875,0.95368125
IWN,4,0.04636084,0.95363916
IWN,4,0.04755481,0.95244519
IWN,4,0.08413096,0.91586904
IWN,4,0.05387954,0.94612046
IWN,4,0.10924864,0.89075136
IWN,4,0.05230825,0.94769175
IWN,4,0.10228076,0.89771924
IWN,4,0.30777525,0.69222475
IWN,4,0.07938124,0.92061876
IWN,4,0.10892769,0.89107231
IWN,4,0.10645152,0.89354848
IWN,4,0.04803527,0.95196473
IWN,4,0.10980394,0.89019606
IWN,4,0.06662119,0.93337881
IWN,4,0.05041454,0.94958546
IWN,4,0.05408078,0.94591922
IWN,4,0.08529257,0.91470743
IWN,4,0.06097236,0.93902764
IWN,4,0.08839499,0.91160501
IWN,4,0.05896580,0.94103420
IWN,4,0.05848206,0.94151794
IWN,4,0.07248084,0.92751916
IWN,4,0.04517068,0.95482932
IWN,4,0.04528263,0.95471737
IWN,4,0.07408674,0.92591326
IWN,4,0.17856778,0.82143222
IWN,4,0.04663856,0.95336144
IWN,4,0.04637036,0.95362964
IWN,4,0.05061416,0.94938584
IWN,4,0.04903937,0.95096063
IWN,4,0.04712429,0.95287571
IWN,4,0.07805558,0.92194442
IWN,4,0.04610804,0.95389196
IWN,4,0.05631818,0.94368182
IWN,4,0.20957373,0.79042627
IWN,4,0.06637247,0.93362753
IWN,4,0.14779113,0.85220887
IWN,4,0.04796491,0.95203509
IWN,4,0.04771234,0.95228766
IWN,4,0.04820111,0.95179889
IWN,4,0.04525374,0.95474626
IWN,4,0.08098184,0.91901816
IWN,4,0.14123228,0.85876772
IWN,4,0.04517860,0.95482140
IWN,4,0.44913584,0.55086416
IWN,4,0.04993989,0.95006011
IWN,4,0.06992248,0.93007752
IWN,4,0.31759162,0.68240838
IWN,4,0.04894688,0.95105312
IWN,4,0.07344571,0.92655429
IWN,4,0.22131963,0.77868037
IWN,4,0.07138963,0.92861037
IWN,4,0.06312217,0.93687783
IWN,4,0.08302535,0.91697465
IWN,4,0.07360243,0.92639757
IWN,4,0.04522805,0.95477195
IWN,4,0.13762542,0.86237458
IWN,4,0.04530106,0.95469894
IWN,4,0.25687262,0.74312738
IWN,4,0.06387387,0.93612613
IWN,4,0.10890820,0.89109180
IWN,4,0.04594955,0.95405045
IWN,4,0.10972949,0.89027051
IWN,4,0.04719087,0.95280913
IWN,4,0.43347461,0.56652539
IWN,4,0.06320982,0.93679018
IWN,4,0.09285913,0.90714087
IWN,4,0.04533798,0.95466202
IWN,4,0.05975256,0.94024744
IWN,4,0.05063050,0.94936950
IWN,4,0.05925611,0.94074389
IWN,4,0.04630416,0.95369584
IWN,4,0.04906041,0.95093959
IWN,4,0.07843972,0.92156028
IWN,4,0.04651390,0.95348610
IWN,4,0.04650863,0.95349137
IWN,4,0.04885227,0.95114773
IWN,4,0.04838902,0.95161098
IWN,4,0.06794471,0.93205529
IWN,4,0.12415508,0.87584492
IWN,4,0.08998751,0.91001249
IWN,4,0.04516657,0.95483343
IWN,4,0.06144608,0.93855392
IWN,4,0.30379592,0.69620408
IWN,4,0.04540378,0.95459622
IWN,4,0.05666329,0.94333671
IWN,4,0.12858785,0.87141215
IWN,4,0.05123876,0.94876124
IWN,4,0.35933517,0.64066483
IWN,4,0.05847002,0.94152998
IWN,4,0.05037477,0.94962523
IWN,4,0.04634151,0.95365849
IWN,4,0.04813383,0.95186617
IWN,4,0.04621003,0.95378997
IWN,4,0.04531448,0.95468552
IWN,4,0.04749829,0.95250171
IWN,4,0.05689596,0.94310404
IWN,4,0.07173156,0.92826844
IWN,4,0.05741981,0.94258019
IWN,4,0.04520711,0.95479289
IWN,4,0.04519405,0.95480595
IWN,4,0.05222093,0.94777907
IWN,4,0.05986187,0.94013813
IWN,4,0.04538061,0.95461939
IWN,4,0.04660121,0.95339879
IWN,4,0.04828600,0.95171400
IWN,4,0.04692445,0.95307555
IWN,4,0.06532368,0.93467632
IWN,4,0.04985368,0.95014632
IWN,4,0.06077052,0.93922948
IWN,4,0.04532148,0.95467852
IWN,4,0.13659270,0.86340730
IWN,4,0.06500446,0.93499554
IWN,4,0.04819581,0.95180419
IWN,4,0.04783024,0.95216976
IWN,4,0.05174042,0.94825958
IWN,4,0.10565444,0.89434556
IWN,4,0.07214703,0.92785297
IWN,4,0.05324617,0.94675383
IWN,4,0.04741734,0.95258266
IWN,4,0.04621848,0.95378152
IWN,4,0.04752972,0.95247028
IWN,4,0.04796069,0.95203931
IWN,4,0.04523188,0.95476812
IWN,4,0.10417323,0.89582677
IWN,4,0.05236542,0.94763458
IWN,4,0.06092339,0.93907661
IWN,4,0.06022233,0.93977767
IWN,4,0.04736788,0.95263212
IWN,4,0.04599735,0.95400265
IWN,4,0.04632901,0.95367099
IWN,4,0.05523649,0.94476351
IWN,4,0.04522271,0.95477729
IWN,4,0.05131751,0.94868249
IWN,4,0.06813829,0.93186171
IWN,4,0.04628463,0.95371537
IWN,4,0.04908425,0.95091575
IWN,4,0.06719728,0.93280272
IWN,4,0.04875134,0.95124866
IWN,4,0.05312200,0.94687800
IWN,4,0.07578364,0.92421636
IWN,4,0.04920169,0.95079831
IWN,4,0.14057720,0.85942280
IWN,4,0.04522432,0.95477568
IWN,4,0.05123333,0.94876667
IWN,4,0.04556793,0.95443207
IWN,4,0.04722717,0.95277283
IWN,4,0.04782305,0.95217695
IWN,4,0.04715311,0.95284689
IWN,4,0.08799528,0.91200472
IWN,4,0.08704862,0.91295138
IWN,4,0.04747217,0.95252783
IWN,4,0.06342443,0.93657557
IWN,4,0.51133835,0.48866165
IWN,4,0.10993954,0.89006046
IWN,4,0.04549189,0.95450811
IWN,4,0.04615449,0.95384551
IWN,4,0.05551342,0.94448658
IWN,4,0.17619263,0.82380737
IWN,4,0.05266126,0.94733874
IWN,4,0.06072419,0.93927581
IWN,4,0.23308913,0.76691087
IWN,4,0.04541891,0.95458109
IWN,4,0.04904715,0.95095285
IWN,4,0.07296901,0.92703099
IWN,4,0.04739506,0.95260494
IWN,4,0.04552186,0.95447814
IWN,4,0.05600390,0.94399610
IWN,4,0.07776488,0.92223512
IWN,4,0.04522611,0.95477389
IWN,4,0.04520210,0.95479790
IWN,4,0.04606487,0.95393513
IWN,4,0.04516834,0.95483166
IWN,4,0.04594569,0.95405431
IWN,4,0.04530999,0.95469001
IWN,4,0.04949639,0.95050361
IWN,4,0.06094458,0.93905542
IWN,4,0.04851382,0.95148618
IWN,4,0.05275846,0.94724154
IWN,4,0.04523832,0.95476168
IWN,4,0.09464102,0.90535898
IWN,4,0.08915620,0.91084380
IWN,4,0.04632884,0.95367116
IWN,4,0.05102528,0.94897472
IWN,4,0.04722990,0.95277010
IWN,4,0.05059699,0.94940301
IWN,4,0.05067200,0.94932800
IWN,4,0.04532829,0.95467171
IWN,4,0.05638317,0.94361683
IWN,4,0.18936079,0.81063921
IWN,4,0.71702411,0.28297589
IWN,4,0.04547926,0.95452074
IWN,4,0.05010525,0.94989475
IWN,4,0.04876336,0.95123664
IWN,4,0.04521298,0.95478702
IWN,4,0.04651442,0.95348558
IWN,4,0.04682272,0.95317728
IWN,4,0.04564179,0.95435821
IWN,4,0.04516590,0.95483410
IWN,4,0.04647772,0.95352228
IWN,4,0.04568847,0.95431153
IWN,4,0.06131778,0.93868222
IWN,4,0.04710451,0.95289549
IWN,4,0.05831701,0.94168299
IWN,4,0.04605869,0.95394131
IWN,4,0.04557956,0.95442044
IWN,4,0.04780500,0.95219500
IWN,4,0.04786809,0.95213191
IWN,4,0.04597828,0.95402172
IWN,4,0.07296268,0.92703732
IWN,4,0.05273490,0.94726510
IWN,4,0.06554782,0.93445218
IWN,4,0.08107233,0.91892767
IWN,4,0.05520149,0.94479851
IWN,4,0.05003909,0.94996091
IWN,4,0.04662983,0.95337017
IWN,4,0.05135794,0.94864206
IWN,4,0.04518353,0.95481647
IWN,4,0.05240151,0.94759849
IWN,4,0.04813666,0.95186334
IWN,4,0.04625837,0.95374163
IWN,4,0.04523178,0.95476822
IWN,4,0.06047646,0.93952354
IWN,4,0.17477111,0.82522889
IWN,4,0.06819782,0.93180218
IWN,4,0.06936816,0.93063184
IWN,4,0.20377025,0.79622975
IWN,4,0.04778662,0.95221338
IWN,4,0.06578197,0.93421803
IWN,4,0.04556469,0.95443531
IWN,4,0.04772083,0.95227917
IWN,4,0.04541459,0.95458541
IWN,4,0.06662305,0.93337695
IWN,4,0.04657988,0.95342012
IWN,4,0.04920807,0.95079193
IWN,4,0.05616659,0.94383341
IWN,4,0.04518073,0.95481927
IWN,4,0.04606694,0.95393306
IWN,4,0.04840830,0.95159170
IWN,4,0.07438390,0.92561610
IWN,4,0.04583499,0.95416501
IWN,4,0.05139068,0.94860932
IWN,4,0.04808798,0.95191202
IWN,4,0.05691288,0.94308712
IWN,4,0.05445358,0.94554642
IWN,4,0.04527336,0.95472664
IWN,4,0.04573267,0.95426733
IWN,4,0.04710915,0.95289085
IWN,4,0.04544816,0.95455184
IWN,4,0.04602846,0.95397154
IWN,4,0.06973289,0.93026711
IWN,4,0.05249813,0.94750187
IWN,4,0.10326602,0.89673398
IWN,4,0.05631753,0.94368247
IWN,4,0.04517219,0.95482781
IWN,4,0.06307646,0.93692354
IWN,4,0.04675472,0.95324528
IWN,4,0.12710889,0.87289111
IWN,4,0.04597276,0.95402724
IWN,4,0.04922086,0.95077914
IWN,4,0.96065342,0.03934658
IWN,4,0.10007761,0.89992239
IWN,4,0.14794307,0.85205693
IWN,4,0.04696480,0.95303520
IWN,4,0.06949884,0.93050116
IWN,4,0.04649814,0.95350186
IWN,4,0.11727506,0.88272494
IWN,4,0.05662529,0.94337471
IWN,4,0.04834841,0.95165159
IWN,4,0.05326626,0.94673374
IWN,4,0.05739067,0.94260933
IWN,4,0.05543119,0.94456881
IWN,4,0.34696220,0.65303780
IWN,4,0.09489019,0.90510981
IWN,4,0.13742990,0.86257010
IWN,4,0.05575497,0.94424503
IWN,4,0.05993135,0.94006865
IWN,4,0.04678823,0.95321177
IWN,4,0.04792292,0.95207708
IWN,4,0.05124515,0.94875485
IWN,4,0.04687725,0.95312275
IWN,4,0.07133093,0.92866907
IWN,4,0.04766751,0.95233249
IWN,4,0.04684710,0.95315290
IWN,4,0.06407499,0.93592501
IWN,4,0.05099023,0.94900977
IWN,4,0.04517177,0.95482823
IWN,4,0.13334478,0.86665522
IWN,4,0.04522722,0.95477278
IWN,4,0.04534559,0.95465441
IWN,4,0.07675077,0.92324923
IWN,4,0.06619267,0.93380733
IWN,4,0.05103266,0.94896734
IWN,4,0.07318065,0.92681935
IWN,4,0.06313955,0.93686045
IWN,4,0.06100846,0.93899154
IWN,4,0.09125110,0.90874890
IWN,4,0.06522734,0.93477266
IWN,4,0.05403555,0.94596445
IWN,4,0.05257727,0.94742273
IWN,4,0.09176184,0.90823816
IWN,4,0.06999313,0.93000687
IWN,4,0.18317252,0.81682748
IWN,4,0.05398233,0.94601767
IWN,4,0.04894422,0.95105578
IWN,4,0.07804079,0.92195921
IWN,4,0.08499356,0.91500644
IWN,4,0.45147085,0.54852915
IWN,4,0.04637348,0.95362652
IWN,4,0.08560384,0.91439616
IWN,4,0.07185070,0.92814930
IWN,4,0.04838941,0.95161059
IWN,4,0.11630278,0.88369722
IWN,4,0.04562713,0.95437287
IWN,4,0.07090662,0.92909338
IWN,4,0.04585284,0.95414716
IWN,4,0.04573233,0.95426767
IWN,4,0.07427909,0.92572091
IWN,4,0.04985581,0.95014419
IWN,4,0.06566428,0.93433572
IWN,4,0.04632619,0.95367381
IWN,4,0.07014943,0.92985057
IWN,4,0.04565472,0.95434528
IWN,4,0.05570891,0.94429109
IWN,4,0.04559485,0.95440515
IWN,4,0.04761243,0.95238757
IWN,4,0.06420421,0.93579579
IWN,4,0.04560191,0.95439809
IWN,4,0.04916510,0.95083490
IWN,4,0.04516587,0.95483413
IWN,4,0.05806519,0.94193481
IWN,4,0.05534577,0.94465423
IWN,4,0.04982698,0.95017302
IWN,4,0.05931832,0.94068168
IWN,4,0.04522279,0.95477721
IWN,4,0.04528136,0.95471864
IWN,4,0.06881069,0.93118931
IWN,4,0.04529001,0.95470999
IWN,4,0.04557236,0.95442764
IWN,4,0.06327076,0.93672924
IWN,4,0.05092382,0.94907618
IWN,4,0.04773997,0.95226003
IWN,4,0.04563206,0.95436794
IWN,4,0.04865808,0.95134192
IWN,4,0.04667840,0.95332160
IWN,4,0.04794642,0.95205358
IWN,4,0.12425403,0.87574597
IWN,4,0.05192915,0.94807085
IWN,4,0.07929689,0.92070311
IWN,4,0.10062591,0.89937409
IWN,4,0.05595695,0.94404305
IWN,4,0.08655739,0.91344261
IWN,4,0.04629316,0.95370684
IWN,4,0.04543165,0.95456835
IWN,4,0.23267865,0.76732135
IWN,4,0.04516827,0.95483173
IWN,4,0.05741134,0.94258866
IWN,4,0.10854537,0.89145463
IWN,4,0.04613858,0.95386142
IWN,4,0.05785751,0.94214249
IWN,4,0.04698827,0.95301173
IWN,4,0.04583961,0.95416039
IWN,4,0.10244817,0.89755183
IWN,4,0.06105175,0.93894825
IWN,4,0.04519443,0.95480557
IWN,4,0.05231814,0.94768186
IWN,4,0.04774073,0.95225927
IWN,4,0.04821934,0.95178066
IWN,4,0.06096423,0.93903577
IWN,4,0.07344629,0.92655371
IWN,4,0.04635037,0.95364963
IWN,4,0.04594031,0.95405969
IWN,4,0.04519096,0.95480904
IWN,4,0.04599472,0.95400528
IWN,4,0.04535529,0.95464471
IWN,4,0.04655265,0.95344735
IWN,4,0.04864592,0.95135408
IWN,4,0.04516849,0.95483151
IWN,4,0.06584584,0.93415416
IWN,4,0.04945870,0.95054130
IWN,4,0.07004507,0.92995493
IWN,4,0.04972021,0.95027979
IWN,4,0.05887031,0.94112969
IWN,4,0.07453706,0.92546294
IWN,4,0.04538413,0.95461587
IWN,4,0.23972715,0.76027285
IWN,4,0.13239661,0.86760339
IWN,4,0.04697268,0.95302732
IWN,4,0.06047254,0.93952746
IWN,4,0.06398704,0.93601296
IWN,4,0.07301744,0.92698256
IWN,4,0.07003996,0.92996004
IWN,4,0.04543508,0.95456492
IWN,4,0.04726041,0.95273959
IWN,4,0.04666119,0.95333881
IWN,4,0.04891248,0.95108752
IWN,4,0.04633611,0.95366389
IWN,4,0.04518424,0.95481576
IWN,4,0.04518226,0.95481774
IWN,4,0.06861521,0.93138479
IWN,4,0.05393515,0.94606485
IWN,4,0.04650241,0.95349759
IWN,4,0.06866140,0.93133860
IWN,4,0.04839597,0.95160403
IWN,4,0.04580608,0.95419392
IWN,4,0.11205045,0.88794955
IWN,4,0.11843069,0.88156931
IWN,4,0.04538075,0.95461925
IWN,4,0.04534009,0.95465991
IWN,4,0.05558221,0.94441779
IWN,4,0.04658237,0.95341763
IWN,4,0.04640225,0.95359775
IWN,4,0.05022230,0.94977770
IWN,4,0.04922896,0.95077104
IWN,4,0.04528723,0.95471277
IWN,4,0.11296781,0.88703219
IWN,4,0.05202376,0.94797624
IWN,4,0.04544819,0.95455181
IWN,4,0.05071581,0.94928419
IWN,4,0.05655905,0.94344095
IWN,4,0.04517142,0.95482858
IWN,4,0.06357182,0.93642818
IWN,4,0.05041665,0.94958335
IWN,4,0.04594908,0.95405092
IWN,4,0.04521468,0.95478532
IWN,4,0.05839038,0.94160962
IWN,4,0.04519823,0.95480177
IWN,4,0.06192070,0.93807930
IWN,4,0.09415056,0.90584944
IWN,4,0.04607756,0.95392244
IWN,4,0.04658180,0.95341820
IWN,4,0.06986896,0.93013104
IWN,4,0.04553596,0.95446404
IWN,4,0.09622663,0.90377337
IWN,4,0.05841581,0.94158419
IWN,4,0.10383895,0.89616105
IWN,4,0.06946383,0.93053617
IWN,4,0.05076699,0.94923301
IWN,4,0.04517014,0.95482986
IWN,4,0.04516623,0.95483377
IWN,4,0.04553446,0.95446554
IWN,4,0.04636752,0.95363248
IWN,4,0.07084800,0.92915200
IWN,4,0.04593854,0.95406146
IWN,4,0.05344402,0.94655598
IWN,4,0.05315956,0.94684044
IWN,4,0.04595792,0.95404208
IWN,4,0.04604116,0.95395884
IWN,4,0.04723188,0.95276812
IWN,4,0.07603596,0.92396404
IWN,4,0.06473566,0.93526434
IWN,4,0.05448480,0.94551520
IWN,4,0.04518560,0.95481440
IWN,4,0.04721023,0.95278977
IWN,4,0.05814543,0.94185457
IWN,4,0.05157802,0.94842198
IWN,4,0.05711772,0.94288228
IWN,4,0.29923329,0.70076671
IWN,4,0.07784787,0.92215213
IWN,4,0.05247336,0.94752664
IWN,4,0.08405563,0.91594437
IWN,4,0.07735457,0.92264543
IWN,4,0.05746575,0.94253425
IWN,4,0.61906944,0.38093056
IWN,4,0.05083556,0.94916444
IWN,4,0.05165945,0.94834055
IWN,4,0.05695746,0.94304254
IWN,4,0.05270771,0.94729229
IWN,4,0.04573172,0.95426828
IWN,4,0.07143399,0.92856601
IWN,4,0.04803515,0.95196485
IWN,4,0.07218055,0.92781945
IWN,4,0.04880257,0.95119743
IWN,4,0.06123832,0.93876168
IWN,4,0.07245003,0.92754997
IWN,4,0.05661831,0.94338169
IWN,4,0.04662704,0.95337296
IWN,4,0.06265433,0.93734567
IWN,4,0.04554959,0.95445041
IWN,4,0.05018119,0.94981881
IWN,4,0.05167671,0.94832329
IWN,4,0.04568997,0.95431003
IWN,4,0.04942791,0.95057209
IWN,4,0.29151284,0.70848716
IWN,4,0.04543653,0.95456347
IWN,4,0.04583064,0.95416936
IWN,4,0.04543283,0.95456717
IWN,4,0.04562012,0.95437988
IWN,4,0.06132019,0.93867981
IWN,4,0.04668259,0.95331741
IWN,4,0.05675304,0.94324696
IWN,4,0.04730088,0.95269912
IWN,4,0.04977022,0.95022978
IWN,4,0.07205983,0.92794017
IWN,4,0.05158155,0.94841845
IWN,4,0.04689511,0.95310489
IWN,4,0.04529300,0.95470700
IWN,4,0.05105654,0.94894346
IWN,4,0.04521467,0.95478533
IWN,4,0.15873797,0.84126203
IWN,4,0.04675461,0.95324539
IWN,4,0.04682314,0.95317686
IWN,4,0.11246775,0.88753225
IWN,4,0.07255037,0.92744963
IWN,4,0.05040369,0.94959631
IWN,4,0.05225662,0.94774338
IWN,4,0.16861985,0.83138015
IWN,4,0.07904183,0.92095817
IWN,4,0.05135470,0.94864530
IWN,4,0.05939436,0.94060564
IWN,4,0.26413551,0.73586449
IWN,4,0.08184445,0.91815555
IWN,4,0.04742777,0.95257223
IWN,4,0.05228000,0.94772000
IWN,4,0.05459694,0.94540306
IWN,4,0.05296397,0.94703603
IWN,4,0.04627858,0.95372142
IWN,4,0.05709293,0.94290707
IWN,4,0.04694583,0.95305417
IWN,4,0.04605962,0.95394038
IWN,4,0.08448292,0.91551708
IWN,4,0.04997947,0.95002053
IWN,4,0.04533728,0.95466272
IWN,4,0.05241443,0.94758557
IWN,4,0.04639505,0.95360495
IWN,4,0.04582193,0.95417807
IWN,4,0.04604271,0.95395729
IWN,4,0.09119390,0.90880610
IWN,4,0.04990453,0.95009547
IWN,4,0.05441411,0.94558589
IWN,4,0.05537500,0.94462500
IWN,4,0.17195418,0.82804582
IWN,4,0.05591347,0.94408653
IWN,4,0.14497107,0.85502893
IWN,4,0.05773073,0.94226927
IWN,4,0.05039780,0.94960220
IWN,4,0.05978424,0.94021576
IWN,4,0.08636463,0.91363537
IWN,4,0.04660850,0.95339150
IWN,4,0.05912273,0.94087727
IWN,4,0.06856040,0.93143960
IWN,4,0.09005141,0.90994859
IWN,4,0.04996106,0.95003894
IWN,4,0.04670761,0.95329239
IWN,4,0.04633200,0.95366800
IWN,4,0.04657005,0.95342995
IWN,4,0.04610843,0.95389157
IWN,4,0.04639146,0.95360854
IWN,4,0.19958524,0.80041476
IWN,4,0.06932767,0.93067233
IWN,4,0.05419570,0.94580430
IWN,4,0.04646216,0.95353784
IWN,4,0.05108474,0.94891526
IWN,4,0.05129717,0.94870283
IWN,4,0.04521398,0.95478602
IWN,4,0.04551527,0.95448473
IWN,4,0.05518931,0.94481069
IWN,4,0.05421538,0.94578462
IWN,4,0.04520383,0.95479617
IWN,4,0.04696618,0.95303382
IWN,4,0.04660779,0.95339221
IWN,4,0.06282697,0.93717303
IWN,4,0.05665699,0.94334301
IWN,4,0.04521017,0.95478983
IWN,4,0.05189949,0.94810051
IWN,4,0.04765867,0.95234133
IWN,4,0.06546784,0.93453216
IWN,4,0.05068004,0.94931996
IWN,4,0.05061846,0.94938154
IWN,4,0.08736166,0.91263834
IWN,4,0.05759467,0.94240533
IWN,4,0.04523034,0.95476966
IWN,4,0.06458130,0.93541870
IWN,4,0.04804429,0.95195571
IWN,4,0.04803470,0.95196530
IWN,4,0.05167830,0.94832170
IWN,4,0.04585157,0.95414843
IWN,4,0.09589080,0.90410920
IWN,4,0.08237234,0.91762766
IWN,4,0.04849658,0.95150342
IWN,4,0.05076116,0.94923884
IWN,4,0.04540793,0.95459207
IWN,4,0.04606853,0.95393147
IWN,4,0.06244635,0.93755365
IWN,4,0.04757686,0.95242314
IWN,4,0.04563974,0.95436026
IWN,4,0.04567057,0.95432943
IWN,4,0.17964572,0.82035428
IWN,4,0.04871631,0.95128369
IWN,4,0.05413157,0.94586843
IWN,4,0.04699835,0.95300165
IWN,4,0.04873174,0.95126826
IWN,4,0.05044723,0.94955277
IWN,4,0.06172845,0.93827155
IWN,4,0.05810795,0.94189205
IWN,4,0.05063968,0.94936032
IWN,4,0.04985694,0.95014306
IWN,4,0.04695639,0.95304361
IWN,4,0.04546448,0.95453552
IWN,4,0.08249581,0.91750419
IWN,4,0.04812017,0.95187983
IWN,4,0.04615048,0.95384952
IWN,4,0.04853732,0.95146268
IWN,4,0.04516635,0.95483365
IWN,4,0.04591541,0.95408459
IWN,4,0.05377911,0.94622089
IWN,4,0.04574418,0.95425582
IWN,4,0.04843302,0.95156698
IWN,4,0.04865176,0.95134824
IWN,4,0.05072881,0.94927119
IWN,4,0.05004059,0.94995941
IWN,4,0.04826632,0.95173368
IWN,4,0.04736932,0.95263068
IWN,4,0.04517797,0.95482203
IWN,4,0.06747363,0.93252637
IWN,4,0.04614804,0.95385196
IWN,4,0.05385889,0.94614111
IWN,4,0.06784498,0.93215502
IWN,4,0.06407871,0.93592129
IWN,4,0.04586069,0.95413931
IWN,4,0.04586563,0.95413437
IWN,4,0.04866087,0.95133913
IWN,4,0.07298121,0.92701879
IWN,4,0.09110181,0.90889819
IWN,4,0.06983182,0.93016818
IWN,4,0.04758296,0.95241704
IWN,4,0.09415644,0.90584356
IWN,4,0.05170877,0.94829123
IWN,4,0.04679832,0.95320168
IWN,4,0.09233330,0.90766670
IWN,4,0.07595171,0.92404829
IWN,4,0.05275638,0.94724362
IWN,4,0.05283899,0.94716101
IWN,4,0.04931840,0.95068160
IWN,4,0.10459885,0.89540115
IWN,4,0.15261984,0.84738016
IWN,4,0.29567369,0.70432631
IWN,4,0.06757315,0.93242685
IWN,4,0.04521089,0.95478911
IWN,4,0.08193795,0.91806205
IWN,4,0.05178689,0.94821311
IWN,4,0.07120812,0.92879188
IWN,4,0.04707847,0.95292153
IWN,4,0.06385320,0.93614680
IWN,4,0.10854549,0.89145451
IWN,4,0.07033661,0.92966339
IWN,4,0.08791510,0.91208490
IWN,4,0.04629962,0.95370038
IWN,4,0.04517443,0.95482557
IWN,4,0.42896497,0.57103503
IWN,4,0.04516766,0.95483234
IWN,4,0.05491964,0.94508036
IWN,4,0.08862338,0.91137662
IWN,4,0.04516945,0.95483055
IWN,4,0.04985739,0.95014261
IWN,4,0.04888852,0.95111148
IWN,4,0.04634775,0.95365225
IWN,4,0.04675215,0.95324785
IWN,4,0.04752209,0.95247791
IWN,4,0.04518028,0.95481972
IWN,4,0.04879475,0.95120525
IWN,4,0.05848264,0.94151736
IWN,4,0.04613507,0.95386493
IWN,4,0.05518946,0.94481054
IWN,4,0.04775578,0.95224422
IWN,4,0.06780832,0.93219168
IWN,4,0.06446367,0.93553633
IWN,4,0.04529060,0.95470940
IWN,4,0.06546292,0.93453708
IWN,4,0.04527215,0.95472785
IWN,4,0.04610879,0.95389121
IWN,4,0.10435305,0.89564695
IWN,4,0.10094741,0.89905259
IWN,4,0.06249116,0.93750884
IWN,4,0.06557261,0.93442739
IWN,4,0.04831344,0.95168656
IWN,4,0.05078311,0.94921689
IWN,4,0.07137043,0.92862957
IWN,4,0.10442747,0.89557253
IWN,4,0.19039082,0.80960918
IWN,4,0.04535594,0.95464406
IWN,4,0.08649494,0.91350506
IWN,4,0.06290032,0.93709968
IWN,4,0.04516682,0.95483318
IWN,4,0.54119741,0.45880259
IWN,4,0.09355321,0.90644679
IWN,4,0.04779441,0.95220559
IWN,4,0.04995581,0.95004419
IWN,4,0.05024433,0.94975567
IWN,4,0.04614023,0.95385977
IWN,4,0.05094119,0.94905881
IWN,4,0.05301401,0.94698599
IWN,4,0.04875860,0.95124140
IWN,4,0.05790279,0.94209721
IWN,4,0.04990522,0.95009478
IWN,4,0.09053518,0.90946482
IWN,4,0.13653399,0.86346601
IWN,4,0.05665066,0.94334934
IWN,4,0.11208969,0.88791031
IWN,4,0.07164773,0.92835227
IWN,4,0.04963137,0.95036863
IWN,4,0.04559056,0.95440944
IWN,4,0.04742727,0.95257273
IWN,4,0.09090371,0.90909629
IWN,4,0.10663615,0.89336385
IWN,4,0.05483965,0.94516035
IWN,4,0.04555302,0.95444698
IWN,4,0.22349518,0.77650482
IWN,4,0.04696457,0.95303543
IWN,4,0.05445447,0.94554553
IWN,4,0.04861447,0.95138553
IWN,4,0.15468282,0.84531718
IWN,4,0.08288465,0.91711535
IWN,4,0.21976247,0.78023753
IWN,4,0.07150462,0.92849538
IWN,4,0.20393111,0.79606889
IWN,4,0.04785275,0.95214725
IWN,4,0.07889898,0.92110102
IWN,4,0.04600097,0.95399903
IWN,4,0.05705438,0.94294562
IWN,4,0.04609652,0.95390348
IWN,4,0.04616386,0.95383614
IWN,4,0.07001594,0.92998406
IWN,4,0.05039764,0.94960236
IWN,4,0.04541593,0.95458407
IWN,4,0.04525474,0.95474526
IWN,4,0.04568591,0.95431409
IWN,4,0.04549388,0.95450612
IWN,4,0.04583513,0.95416487
IWN,4,0.04528809,0.95471191
IWN,4,0.04534084,0.95465916
IWN,4,0.04556559,0.95443441
IWN,4,0.04720223,0.95279777
IWN,4,0.05294451,0.94705549
IWN,4,0.04824305,0.95175695
IWN,4,0.05206606,0.94793394
IWN,4,0.04522512,0.95477488
IWN,4,0.08859524,0.91140476
IWN,4,0.04969382,0.95030618
IWN,4,0.07492315,0.92507685
IWN,4,0.05238310,0.94761690
IWN,4,0.15152318,0.84847682
IWN,4,0.04631109,0.95368891
IWN,4,0.04726755,0.95273245
IWN,4,0.04616766,0.95383234
IWN,4,0.06260062,0.93739938
IWN,4,0.04558394,0.95441606
IWN,4,0.07731501,0.92268499
IWN,4,0.04566447,0.95433553
IWN,4,0.04523293,0.95476707
IWN,4,0.14084130,0.85915870
IWN,4,0.04635132,0.95364868
IWN,4,0.04732487,0.95267513
IWN,4,0.08155591,0.91844409
IWN,4,0.04601503,0.95398497
IWN,4,0.04550519,0.95449481
IWN,4,0.04836196,0.95163804
IWN,4,0.04911676,0.95088324
IWN,4,0.05682774,0.94317226
IWN,4,0.04878236,0.95121764
IWN,4,0.05024011,0.94975989
IWN,4,0.04776899,0.95223101
IWN,4,0.04529412,0.95470588
IWN,4,0.04516758,0.95483242
IWN,4,0.05291233,0.94708767
IWN,4,0.04557975,0.95442025
IWN,4,0.11421221,0.88578779
IWN,4,0.06114142,0.93885858
IWN,4,0.04593950,0.95406050
IWN,4,0.04573053,0.95426947
IWN,4,0.04671085,0.95328915
IWN,4,0.04547365,0.95452635
IWN,4,0.05621106,0.94378894
IWN,4,0.06116746,0.93883254
IWN,4,0.06411103,0.93588897
IWN,4,0.17821358,0.82178642
IWN,4,0.04623556,0.95376444
IWN,4,0.04694662,0.95305338
IWN,4,0.06524008,0.93475992
IWN,4,0.04521325,0.95478675
IWN,4,0.04703557,0.95296443
IWN,4,0.05361626,0.94638374
IWN,4,0.04516667,0.95483333
IWN,4,0.04549450,0.95450550
IWN,4,0.04556050,0.95443950
IWN,4,0.06861909,0.93138091
IWN,4,0.04548597,0.95451403
IWN,4,0.06164933,0.93835067
IWN,4,0.04519580,0.95480420
IWN,4,0.04521858,0.95478142
IWN,4,0.04536112,0.95463888
IWN,4,0.05026405,0.94973595
IWN,4,0.06745404,0.93254596
IWN,4,0.06732427,0.93267573
IWN,4,0.04528174,0.95471826
IWN,4,0.05335668,0.94664332
IWN,4,0.04644305,0.95355695
IWN,4,0.04724816,0.95275184
IWN,4,0.05884815,0.94115185
IWN,4,0.06443333,0.93556667
IWN,4,0.04729109,0.95270891
IWN,4,0.04779686,0.95220314
IWN,4,0.04585671,0.95414329
IWN,4,0.08879481,0.91120519
IWN,4,0.04677572,0.95322428
IWN,4,0.04668439,0.95331561
IWN,4,0.04880343,0.95119657
IWN,4,0.05503074,0.94496926
IWN,4,0.04746882,0.95253118
IWN,4,0.06812549,0.93187451
IWN,4,0.04517485,0.95482515
IWN,4,0.05029220,0.94970780
IWN,4,0.04772784,0.95227216
IWN,4,0.05175472,0.94824528
IWN,4,0.04598438,0.95401562
IWN,4,0.04516589,0.95483411
IWN,4,0.28996694,0.71003306
IWN,4,0.04561868,0.95438132
IWN,4,0.04731996,0.95268004
IWN,4,0.05297215,0.94702785
IWN,4,0.04557592,0.95442408
IWN,4,0.04516656,0.95483344
IWN,4,0.07370851,0.92629149
IWN,4,0.04516690,0.95483310
IWN,4,0.07119347,0.92880653
IWN,4,0.06046270,0.93953730
IWN,4,0.04963925,0.95036075
IWN,4,0.05111106,0.94888894
IWN,4,0.04712724,0.95287276
IWN,4,0.05381401,0.94618599
IWN,4,0.05574367,0.94425633
IWN,4,0.04772817,0.95227183
IWN,4,0.04557486,0.95442514
IWN,4,0.08881164,0.91118836
IWN,4,0.10762404,0.89237596
IWN,4,0.05318069,0.94681931
IWN,4,0.05325368,0.94674632
IWN,4,0.05181275,0.94818725
IWN,4,0.04548395,0.95451605
IWN,4,0.04641014,0.95358986
IWN,4,0.05129300,0.94870700
IWN,4,0.04782005,0.95217995
IWN,4,0.04517078,0.95482922
IWN,4,0.05065916,0.94934084
IWN,4,0.05445039,0.94554961
IWN,4,0.08142093,0.91857907
IWN,4,0.04917371,0.95082629
IWN,4,0.04811636,0.95188364
IWN,4,0.04702336,0.95297664
IWN,4,0.06312367,0.93687633
IWN,4,0.05298929,0.94701071
IWN,4,0.05069271,0.94930729
IWN,4,0.07128425,0.92871575
IWN,4,0.17371346,0.82628654
IWN,4,0.06674618,0.93325382
IWN,4,0.95165520,0.04834480
IWN,4,0.10921409,0.89078591
IWN,4,0.27743843,0.72256157
IWN,4,0.17205939,0.82794061
IWN,4,0.05866321,0.94133679
IWN,4,0.04577911,0.95422089
IWN,4,0.49950152,0.50049848
IWN,4,0.07637503,0.92362497
IWN,4,0.04635298,0.95364702
IWN,4,0.06698389,0.93301611
IWN,4,0.14429423,0.85570577
IWN,4,0.05806184,0.94193816
IWN,4,0.04627493,0.95372507
IWN,4,0.04641392,0.95358608
IWN,4,0.04777941,0.95222059
IWN,4,0.06968159,0.93031841
IWN,4,0.07493231,0.92506769
IWN,4,0.04540774,0.95459226
IWN,4,0.11328126,0.88671874
IWN,4,0.04934311,0.95065689
IWN,4,0.08561858,0.91438142
IWN,4,0.04724918,0.95275082
IWN,4,0.04540618,0.95459382
IWN,4,0.04902380,0.95097620
IWN,4,0.18590299,0.81409701
IWN,4,0.05004109,0.94995891
IWN,4,0.07073999,0.92926001
IWN,4,0.04564280,0.95435720
IWN,4,0.06385020,0.93614980
IWN,4,0.46895577,0.53104423
IWN,4,0.04558474,0.95441526
IWN,4,0.11154953,0.88845047
IWN,4,0.10675464,0.89324536
IWN,4,0.04530035,0.95469965
IWN,4,0.04541149,0.95458851
IWN,4,0.06499451,0.93500549
IWN,4,0.06518071,0.93481929
IWN,4,0.15770508,0.84229492
IWN,4,0.04566360,0.95433640
IWN,4,0.04516588,0.95483412
IWN,4,0.05045588,0.94954412
IWN,4,0.09591432,0.90408568
IWN,4,0.05986349,0.94013651
IWN,4,0.05155114,0.94844886
IWN,4,0.05243284,0.94756716
IWN,4,0.11487633,0.88512367
IWN,4,0.39631061,0.60368939
IWN,4,0.05378916,0.94621084
IWN,4,0.06056533,0.93943467
IWN,4,0.13384631,0.86615369
IWN,4,0.05366901,0.94633099
IWN,4,0.04564145,0.95435855
IWN,4,0.04652940,0.95347060
IWN,4,0.05098315,0.94901685
IWN,4,0.08191313,0.91808687
IWN,4,0.04722910,0.95277090
IWN,4,0.05415574,0.94584426
IWN,4,0.17806069,0.82193931
IWN,4,0.05898534,0.94101466
IWN,4,0.07142620,0.92857380
IWN,4,0.05076342,0.94923658
IWN,4,0.09631658,0.90368342
IWN,4,0.04556675,0.95443325
IWN,4,0.05052370,0.94947630
IWN,4,0.04901768,0.95098232
IWN,4,0.05757395,0.94242605
IWN,4,0.04949529,0.95050471
IWN,4,0.04699141,0.95300859
IWN,4,0.04542044,0.95457956
IWN,4,0.05130406,0.94869594
IWN,4,0.09401791,0.90598209
IWN,4,0.09769120,0.90230880
IWN,4,0.05533975,0.94466025
IWN,4,0.11017694,0.88982306
IWN,4,0.06899265,0.93100735
IWN,4,0.06086993,0.93913007
IWN,4,0.04560281,0.95439719
IWN,4,0.19991154,0.80008846
IWN,4,0.05519919,0.94480081
IWN,4,0.10260639,0.89739361
IWN,4,0.10095002,0.89904998
IWN,4,0.06742437,0.93257563
IWN,4,0.11359849,0.88640151
IWN,4,0.05012068,0.94987932
IWN,4,0.08459239,0.91540761
IWN,4,0.09784206,0.90215794
IWN,4,0.04558685,0.95441315
IWN,4,0.04910575,0.95089425
IWN,4,0.06394106,0.93605894
IWN,4,0.06294344,0.93705656
IWN,4,0.09362331,0.90637669
IWN,4,0.19914354,0.80085646
IWN,4,0.04809303,0.95190697
IWN,4,0.07335591,0.92664409
IWN,4,0.49577477,0.50422523
IWN,4,0.14089844,0.85910156
IWN,4,0.04521674,0.95478326
IWN,4,0.04627826,0.95372174
IWN,4,0.57626862,0.42373138
IWN,4,0.06340184,0.93659816
IWN,4,0.11747959,0.88252041
IWN,4,0.07190503,0.92809497
IWN,4,0.04585402,0.95414598
IWN,4,0.04516881,0.95483119
IWN,4,0.24200719,0.75799281
IWN,4,0.31514891,0.68485109
IWN,4,0.31918805,0.68081195
IWN,4,0.05318383,0.94681617
IWN,4,0.05308832,0.94691168
IWN,4,0.64408803,0.35591197
IWN,4,0.04886571,0.95113429
IWN,4,0.21343137,0.78656863
IWN,4,0.04739657,0.95260343
IWN,4,0.04874325,0.95125675
IWN,4,0.15672793,0.84327207
IWN,4,0.06175694,0.93824306
IWN,4,0.05693140,0.94306860
IWN,4,0.04527826,0.95472174
IWN,4,0.10129882,0.89870118
IWN,4,0.16278055,0.83721945
IWN,4,0.21071307,0.78928693
IWN,4,0.07400956,0.92599044
IWN,4,0.04553618,0.95446382
IWN,4,0.04659524,0.95340476
IWN,4,0.07113562,0.92886438
IWN,4,0.05812873,0.94187127
IWN,4,0.05261790,0.94738210
IWN,4,0.07860640,0.92139360
IWN,4,0.04833836,0.95166164
IWN,4,0.04580951,0.95419049
IWN,4,0.17633602,0.82366398
IWN,4,0.08393131,0.91606869
IWN,4,0.08128961,0.91871039
IWN,4,0.05070984,0.94929016
IWN,4,0.08151923,0.91848077
IWN,4,0.27607829,0.72392171
IWN,4,0.04880205,0.95119795
IWN,4,0.04839892,0.95160108
IWN,4,0.18477490,0.81522510
IWN,4,0.04862667,0.95137333
IWN,4,0.07847282,0.92152718
IWN,4,0.05459906,0.94540094
IWN,4,0.16284552,0.83715448
IWN,4,0.05704940,0.94295060
IWN,4,0.04822671,0.95177329
IWN,4,0.04689473,0.95310527
IWN,4,0.14230645,0.85769355
IWN,4,0.04633176,0.95366824
IWN,4,0.04601103,0.95398897
IWN,4,0.31645154,0.68354846
IWN,4,0.04552492,0.95447508
IWN,4,0.04516986,0.95483014
IWN,4,0.04545333,0.95454667
IWN,4,0.06662324,0.93337676
IWN,4,0.07969780,0.92030220
IWN,4,0.05163785,0.94836215
IWN,4,0.08425481,0.91574519
IWN,4,0.05255445,0.94744555
IWN,4,0.04572179,0.95427821
IWN,4,0.08110780,0.91889220
IWN,4,0.15231310,0.84768690
IWN,4,0.04523456,0.95476544
IWN,4,0.04555325,0.95444675
IWN,4,0.05152320,0.94847680
IWN,4,0.05277548,0.94722452
IWN,4,0.04517064,0.95482936
IWN,4,0.06265893,0.93734107
IWN,4,0.06552948,0.93447052
IWN,4,0.04999392,0.95000608
IWN,4,0.07930229,0.92069771
IWN,4,0.05042124,0.94957876
IWN,4,0.06206181,0.93793819
IWN,4,0.05445113,0.94554887
IWN,4,0.06054714,0.93945286
IWN,4,0.10139925,0.89860075
IWN,4,0.04918655,0.95081345
IWN,4,0.04788963,0.95211037
IWN,4,0.05887655,0.94112345
IWN,4,0.04551068,0.95448932
IWN,4,0.06825387,0.93174613
IWN,4,0.06070182,0.93929818
IWN,4,0.04727835,0.95272165
IWN,4,0.05965732,0.94034268
IWN,4,0.07139400,0.92860600
IWN,4,0.11759897,0.88240103
IWN,4,0.04680318,0.95319682
IWN,4,0.05888560,0.94111440
IWN,4,0.10304743,0.89695257
IWN,4,0.04583642,0.95416358
IWN,4,0.15108848,0.84891152
IWN,4,0.05342156,0.94657844
IWN,4,0.04544665,0.95455335
IWN,4,0.05934975,0.94065025
IWN,4,0.04568418,0.95431582
IWN,4,0.05274071,0.94725929
IWN,4,0.04857470,0.95142530
IWN,4,0.04806042,0.95193958
IWN,4,0.06396693,0.93603307
IWN,4,0.04788528,0.95211472
IWN,4,0.06109704,0.93890296
IWN,4,0.04985508,0.95014492
IWN,4,0.07637682,0.92362318
IWN,4,0.06810801,0.93189199
IWN,4,0.04935463,0.95064537
IWN,4,0.04517289,0.95482711
IWN,4,0.04516591,0.95483409
IWN,4,0.04537187,0.95462813
IWN,4,0.06092707,0.93907293
IWN,4,0.04524562,0.95475438
IWN,4,0.04992736,0.95007264
IWN,4,0.16572464,0.83427536
IWN,4,0.89447013,0.10552987
IWN,4,0.90970540,0.09029460
IWN,4,0.08317543,0.91682457
IWN,4,0.29153599,0.70846401
IWN,4,0.18032159,0.81967841
IWN,4,0.04724626,0.95275374
IWN,4,0.13144653,0.86855347
IWN,4,0.05133077,0.94866923
IWN,4,0.04521446,0.95478554
IWN,4,0.30177347,0.69822653
IWN,4,0.08498000,0.91502000
IWN,4,0.12895674,0.87104326
IWN,4,0.04603374,0.95396626
IWN,4,0.04564950,0.95435050
IWN,4,0.04718610,0.95281390
IWN,4,0.04615435,0.95384565
IWN,4,0.04991360,0.95008640
IWN,4,0.04685576,0.95314424
IWN,4,0.04754588,0.95245412
IWN,4,0.05163861,0.94836139
IWN,4,0.04563518,0.95436482
IWN,4,0.05086451,0.94913549
IWN,4,0.04522114,0.95477886
IWN,4,0.04808353,0.95191647
IWN,4,0.04608226,0.95391774
IWN,4,0.04640868,0.95359132
IWN,4,0.08393688,0.91606312
IWN,4,0.06253160,0.93746840
IWN,4,0.04526951,0.95473049
IWN,4,0.13099500,0.86900500
IWN,4,0.04535963,0.95464037
IWN,4,0.04519885,0.95480115
IWN,4,0.05345682,0.94654318
IWN,4,0.04840825,0.95159175
IWN,4,0.04520639,0.95479361
IWN,4,0.06867834,0.93132166
IWN,4,0.05274228,0.94725772
IWN,4,0.04573759,0.95426241
IWN,4,0.05642265,0.94357735
IWN,4,0.04517263,0.95482737
IWN,4,0.04541479,0.95458521
IWN,4,0.05326013,0.94673987
IWN,4,0.05245172,0.94754828
IWN,4,0.04688863,0.95311137
IWN,4,0.04696259,0.95303741
IWN,4,0.05105499,0.94894501
IWN,4,0.04590827,0.95409173
IWN,4,0.04845675,0.95154325
IWN,4,0.04662777,0.95337223
IWN,4,0.07058977,0.92941023
IWN,4,0.04517942,0.95482058
IWN,4,0.05470945,0.94529055
IWN,4,0.04544509,0.95455491
IWN,4,0.68029264,0.31970736
IWN,4,0.06589190,0.93410810
IWN,4,0.16067866,0.83932134
IWN,4,0.04900258,0.95099742
IWN,4,0.06879176,0.93120824
IWN,4,0.04525336,0.95474664
IWN,4,0.05261349,0.94738651
IWN,4,0.04903307,0.95096693
IWN,4,0.09452241,0.90547759
IWN,4,0.13159188,0.86840812
IWN,4,0.05167124,0.94832876
IWN,4,0.07232759,0.92767241
IWN,4,0.04561992,0.95438008
IWN,4,0.07215861,0.92784139
IWN,4,0.07348820,0.92651180
IWN,4,0.06751346,0.93248654
IWN,4,0.04791304,0.95208696
IWN,4,0.05022654,0.94977346
IWN,4,0.05563645,0.94436355
IWN,4,0.04530111,0.95469889
IWN,4,0.06038343,0.93961657
IWN,4,0.07717906,0.92282094
IWN,4,0.10186481,0.89813519
IWN,4,0.04533337,0.95466663
IWN,4,0.06351252,0.93648748
IWN,4,0.04579259,0.95420741
IWN,4,0.04525328,0.95474672
IWN,4,0.05253467,0.94746533
IWN,4,0.05433710,0.94566290
IWN,4,0.04653752,0.95346248
IWN,4,0.04593620,0.95406380
IWN,4,0.05488049,0.94511951
IWN,4,0.05173479,0.94826521
IWN,4,0.05364228,0.94635772
IWN,4,0.06554014,0.93445986
IWN,4,0.04879883,0.95120117
IWN,4,0.04927882,0.95072118
IWN,4,0.07773169,0.92226831
IWN,4,0.08075825,0.91924175
IWN,4,0.04621660,0.95378340
IWN,4,0.05036563,0.94963437
IWN,4,0.29560347,0.70439653
IWN,4,0.04627254,0.95372746
IWN,4,0.66927895,0.33072105
IWN,4,0.18908623,0.81091377
IWN,4,0.34960229,0.65039771
IWN,4,0.12570786,0.87429214
IWN,4,0.04873284,0.95126716
IWN,4,0.04541569,0.95458431
IWN,4,0.04940175,0.95059825
IWN,4,0.05159785,0.94840215
IWN,4,0.05105499,0.94894501
IWN,4,0.07930828,0.92069172
IWN,4,0.05205503,0.94794497
IWN,4,0.04700155,0.95299845
IWN,4,0.07141737,0.92858263
IWN,4,0.04525002,0.95474998
IWN,4,0.04516916,0.95483084
IWN,4,0.04530378,0.95469622
IWN,4,0.04537911,0.95462089
IWN,4,0.15331643,0.84668357
IWN,4,0.07420659,0.92579341
IWN,4,0.07502915,0.92497085
IWN,4,0.12321561,0.87678439
IWN,4,0.04839402,0.95160598
IWN,4,0.06957138,0.93042862
IWN,4,0.04519470,0.95480530
IWN,4,0.09667665,0.90332335
IWN,4,0.05557637,0.94442363
IWN,4,0.04577622,0.95422378
IWN,4,0.05539116,0.94460884
IWN,4,0.06803937,0.93196063
IWN,4,0.04966341,0.95033659
IWN,4,0.05483764,0.94516236
IWN,4,0.04659102,0.95340898
IWN,4,0.04936134,0.95063866
IWN,4,0.06192010,0.93807990
IWN,4,0.04518300,0.95481700
IWN,4,0.04761947,0.95238053
IWN,4,0.05206670,0.94793330
IWN,4,0.11321640,0.88678360
IWN,4,0.09840516,0.90159484
IWN,4,0.04849548,0.95150452
IWN,4,0.08115465,0.91884535
IWN,4,0.07235419,0.92764581
IWN,4,0.04779186,0.95220814
IWN,4,0.07359033,0.92640967
IWN,4,0.05077649,0.94922351
IWN,4,0.08126237,0.91873763
IWN,4,0.04665804,0.95334196
IWN,4,0.05711617,0.94288383
IWN,4,0.04944688,0.95055312
IWN,4,0.04718931,0.95281069
IWN,4,0.11079444,0.88920556
IWN,4,0.07212273,0.92787727
IWN,4,0.04670747,0.95329253
IWN,4,0.05054587,0.94945413
IWN,4,0.10722109,0.89277891
IWN,4,0.04800258,0.95199742
IWN,4,0.04519074,0.95480926
IWN,4,0.04686647,0.95313353
IWN,4,0.10548533,0.89451467
IWN,4,0.05340836,0.94659164
IWN,4,0.05201388,0.94798612
IWN,4,0.04788049,0.95211951
IWN,4,0.08600279,0.91399721
IWN,4,0.06144838,0.93855162
IWN,4,0.04813583,0.95186417
IWN,4,0.04832292,0.95167708
IWN,4,0.04826599,0.95173401
IWN,4,0.04602645,0.95397355
IWN,4,0.04611716,0.95388284
IWN,4,0.05855323,0.94144677
IWN,4,0.04669879,0.95330121
IWN,4,0.04964490,0.95035510
IWN,4,0.04697466,0.95302534
IWN,4,0.05541846,0.94458154
IWN,4,0.10277603,0.89722397
IWN,4,0.17082845,0.82917155
IWN,4,0.09259791,0.90740209
IWN,4,0.04654297,0.95345703
IWN,4,0.05324510,0.94675490
IWN,4,0.05400935,0.94599065
IWN,4,0.06600340,0.93399660
IWN,4,0.05249010,0.94750990
IWN,4,0.04599834,0.95400166
IWN,4,0.04735099,0.95264901
IWN,4,0.04959920,0.95040080
IWN,4,0.08941974,0.91058026
IWN,4,0.04849483,0.95150517
IWN,4,0.04875975,0.95124025
IWN,4,0.05432092,0.94567908
IWN,4,0.59049986,0.40950014
IWN,4,0.04764668,0.95235332
IWN,4,0.05954128,0.94045872
IWN,4,0.04518044,0.95481956
IWN,4,0.04516858,0.95483142
IWN,4,0.06389274,0.93610726
IWN,4,0.04739568,0.95260432
IWN,4,0.07084082,0.92915918
IWN,4,0.04580355,0.95419645
IWN,4,0.07097847,0.92902153
IWN,4,0.04516587,0.95483413
IWN,4,0.07404044,0.92595956
IWN,4,0.06433944,0.93566056
IWN,4,0.04524833,0.95475167
IWN,4,0.04564940,0.95435060
IWN,4,0.06208253,0.93791747
IWN,4,0.09282413,0.90717587
IWN,4,0.09464747,0.90535253
IWN,4,0.07331549,0.92668451
IWN,4,0.04567802,0.95432198
IWN,4,0.04546338,0.95453662
IWN,4,0.07950841,0.92049159
IWN,4,0.04521587,0.95478413
IWN,4,0.08222876,0.91777124
IWN,4,0.06445756,0.93554244
IWN,4,0.05685991,0.94314009
IWN,4,0.04938148,0.95061852
IWN,4,0.11696687,0.88303313
IWN,4,0.04840561,0.95159439
IWN,4,0.05073141,0.94926859
IWN,4,0.04887596,0.95112404
IWN,4,0.04758663,0.95241337
IWN,4,0.05108442,0.94891558
IWN,4,0.04584684,0.95415316
IWN,4,0.04685992,0.95314008
IWN,4,0.04930462,0.95069538
IWN,4,0.05562468,0.94437532
IWN,4,0.05594035,0.94405965
IWN,4,0.05454157,0.94545843
IWN,4,0.04521843,0.95478157
IWN,4,0.46309773,0.53690227
IWN,4,0.04552611,0.95447389
IWN,4,0.05083493,0.94916507
IWN,4,0.05503840,0.94496160
IWN,4,0.05101969,0.94898031
IWN,4,0.04571544,0.95428456
IWN,4,0.04525519,0.95474481
IWN,4,0.04521037,0.95478963
IWN,4,0.05845432,0.94154568
IWN,4,0.04654940,0.95345060
IWN,4,0.15736424,0.84263576
IWN,4,0.04829783,0.95170217
IWN,4,0.05089563,0.94910437
IWN,4,0.04646382,0.95353618
IWN,4,0.04591276,0.95408724
IWN,4,0.11750543,0.88249457
IWN,4,0.09629318,0.90370682
IWN,4,0.04517684,0.95482316
IWN,4,0.04736101,0.95263899
IWN,4,0.05321249,0.94678751
IWN,4,0.04897730,0.95102270
IWN,4,0.04739559,0.95260441
IWN,4,0.04676949,0.95323051
IWN,4,0.07536890,0.92463110
IWN,4,0.06216081,0.93783919
IWN,4,0.04599211,0.95400789
IWN,4,0.05018336,0.94981664
IWN,4,0.04823599,0.95176401
IWN,4,0.04744423,0.95255577
IWN,4,0.08835281,0.91164719
IWN,4,0.04521548,0.95478452
IWN,4,0.04777057,0.95222943
IWN,4,0.08736710,0.91263290
IWN,4,0.05256888,0.94743112
IWN,4,0.08800303,0.91199697
IWN,4,0.05217155,0.94782845
IWN,4,0.04861004,0.95138996
IWN,4,0.04517348,0.95482652
IWN,4,0.05302683,0.94697317
IWN,4,0.04660151,0.95339849
IWN,4,0.04517702,0.95482298
IWN,4,0.04760992,0.95239008
IWN,4,0.04701749,0.95298251
IWN,4,0.06756710,0.93243290
IWN,4,0.04517667,0.95482333
IWN,4,0.05028669,0.94971331
IWN,4,0.04531453,0.95468547
IWN,4,0.08239857,0.91760143
IWN,4,0.05946512,0.94053488
IWN,4,0.04585860,0.95414140
IWN,4,0.04693276,0.95306724
IWN,4,0.04541110,0.95458890
IWN,4,0.04605026,0.95394974
IWN,4,0.06142408,0.93857592
IWN,4,0.05511622,0.94488378
IWN,4,0.05230974,0.94769026
IWN,4,0.04542113,0.95457887
IWN,4,0.04647668,0.95352332
IWN,4,0.06721511,0.93278489
IWN,4,0.11018190,0.88981810
IWN,4,0.04963516,0.95036484
IWN,4,0.10304120,0.89695880
IWN,4,0.05816389,0.94183611
IWN,4,0.04522456,0.95477544
IWN,4,0.17014590,0.82985410
IWN,4,0.04525461,0.95474539
IWN,4,0.04516667,0.95483333
IWN,4,0.06090799,0.93909201
IWN,4,0.04517501,0.95482499
IWN,4,0.04716818,0.95283182
IWN,4,0.05065783,0.94934217
IWN,4,0.04529392,0.95470608
IWN,4,0.04562588,0.95437412
IWN,4,0.04857827,0.95142173
IWN,4,0.05900141,0.94099859
IWN,4,0.05361518,0.94638482
IWN,4,0.08164709,0.91835291
IWN,4,0.04596207,0.95403793
IWN,4,0.04798466,0.95201534
IWN,4,0.04575615,0.95424385
IWN,4,0.07694616,0.92305384
IWN,4,0.06196138,0.93803862
IWN,4,0.04953141,0.95046859
IWN,4,0.04529497,0.95470503
IWN,4,0.04765400,0.95234600
IWN,4,0.05321103,0.94678897
IWN,4,0.04558813,0.95441187
IWN,4,0.04935480,0.95064520
IWN,4,0.04528960,0.95471040
IWN,4,0.04898404,0.95101596
IWN,4,0.05153869,0.94846131
IWN,4,0.05006577,0.94993423
IWN,4,0.13265338,0.86734662
IWN,4,0.04738249,0.95261751
IWN,4,0.04517250,0.95482750
IWN,4,0.07655210,0.92344790
IWN,4,0.04629761,0.95370239
IWN,4,0.05054796,0.94945204
IWN,4,0.04773101,0.95226899
IWN,4,0.04645440,0.95354560
IWN,4,0.04674812,0.95325188
IWN,4,0.04961923,0.95038077
IWN,4,0.04536375,0.95463625
IWN,4,0.04586401,0.95413599
IWN,4,0.04526936,0.95473064
IWN,4,0.04523228,0.95476772
IWN,4,0.04781770,0.95218230
IWN,4,0.04937611,0.95062389
IWN,4,0.04524719,0.95475281
IWN,4,0.04700268,0.95299732
IWN,4,0.05779062,0.94220938
IWN,4,0.04565826,0.95434174
IWN,4,0.04799433,0.95200567
IWN,4,0.04589766,0.95410234
IWN,4,0.05052559,0.94947441
IWN,4,0.07861083,0.92138917
IWN,4,0.04868032,0.95131968
IWN,4,0.04801510,0.95198490
IWN,4,0.04944047,0.95055953
IWN,4,0.05019235,0.94980765
IWN,4,0.04590433,0.95409567
IWN,4,0.08875694,0.91124306
IWN,4,0.04584667,0.95415333
IWN,4,0.04633830,0.95366170
IWN,4,0.04519247,0.95480753
IWN,4,0.04516624,0.95483376
IWN,4,0.04595345,0.95404655
IWN,4,0.04684775,0.95315225
IWN,4,0.07430677,0.92569323
IWN,4,0.05105762,0.94894238
IWN,4,0.05653548,0.94346452
IWN,4,0.05955483,0.94044517
IWN,4,0.04516614,0.95483386
IWN,4,0.04597947,0.95402053
IWN,4,0.04560450,0.95439550
IWN,4,0.15029119,0.84970881
IWN,4,0.06609125,0.93390875
IWN,4,0.04579333,0.95420667
IWN,4,0.04709072,0.95290928
IWN,4,0.04619467,0.95380533
IWN,4,0.07600748,0.92399252
IWN,4,0.05373014,0.94626986
IWN,4,0.04761057,0.95238943
IWN,4,0.04518852,0.95481148
IWN,4,0.04564295,0.95435705
IWN,4,0.04517853,0.95482147
IWN,4,0.04584952,0.95415048
IWN,4,0.07243599,0.92756401
IWN,4,0.08862131,0.91137869
IWN,4,0.10176005,0.89823995
IWN,4,0.06314237,0.93685763
IWN,4,0.04524115,0.95475885
IWN,4,0.05091945,0.94908055
IWN,4,0.04623861,0.95376139
IWN,4,0.04521916,0.95478084
IWN,4,0.04594774,0.95405226
IWN,4,0.04747549,0.95252451
IWN,4,0.05647494,0.94352506
IWN,4,0.05808868,0.94191132
IWN,4,0.04524351,0.95475649
IWN,4,0.04595682,0.95404318
IWN,4,0.04555402,0.95444598
IWN,4,0.04781325,0.95218675
IWN,4,0.04659644,0.95340356
IWN,4,0.04517565,0.95482435
IWN,4,0.16455639,0.83544361
IWN,4,0.04785183,0.95214817
IWN,4,0.07630027,0.92369973
IWN,4,0.06067178,0.93932822
IWN,4,0.05690569,0.94309431
IWN,4,0.07388452,0.92611548
IWN,4,0.04775678,0.95224322
IWN,4,0.04547511,0.95452489
IWN,4,0.05062793,0.94937207
IWN,4,0.04606980,0.95393020
IWN,4,0.04522141,0.95477859
IWN,4,0.05802480,0.94197520
IWN,4,0.06036636,0.93963364
IWN,4,0.04854190,0.95145810
IWN,4,0.04593307,0.95406693
IWN,4,0.16066054,0.83933946
IWN,4,0.96492895,0.03507105
IWN,4,0.06204919,0.93795081
IWN,4,0.04554908,0.95445092
IWN,4,0.47225745,0.52774255
IWN,4,0.06287193,0.93712807
IWN,4,0.05852469,0.94147531
IWN,4,0.04582789,0.95417211
IWN,4,0.10023932,0.89976068
IWN,4,0.06330072,0.93669928
IWN,4,0.05033457,0.94966543
IWN,4,0.07108622,0.92891378
IWN,4,0.04538183,0.95461817
IWN,4,0.04624236,0.95375764
IWN,4,0.07867607,0.92132393
IWN,4,0.05227261,0.94772739
IWN,4,0.12169993,0.87830007
IWN,4,0.15764512,0.84235488
IWN,4,0.04522941,0.95477059
IWN,4,0.07909304,0.92090696
IWN,4,0.06993338,0.93006662
IWN,4,0.06669144,0.93330856
IWN,4,0.05226028,0.94773972
IWN,4,0.05008611,0.94991389
IWN,4,0.11036965,0.88963035
IWN,4,0.04753172,0.95246828
IWN,4,0.04784273,0.95215727
IWN,4,0.05662439,0.94337561
IWN,4,0.04731502,0.95268498
IWN,4,0.05551911,0.94448089
IWN,4,0.05490010,0.94509990
IWN,4,0.04807169,0.95192831
IWN,4,0.05033143,0.94966857
IWN,4,0.21476921,0.78523079
IWN,4,0.31647771,0.68352229
IWN,4,0.18796160,0.81203840
IWN,4,0.09677262,0.90322738
IWN,4,0.04737427,0.95262573
IWN,4,0.05481610,0.94518390
IWN,4,0.19219891,0.80780109
IWN,4,0.08312531,0.91687469
IWN,4,0.08294806,0.91705194
IWN,4,0.06333836,0.93666164
IWN,4,0.14749441,0.85250559
IWN,4,0.04802323,0.95197677
IWN,4,0.15722683,0.84277317
IWN,4,0.04630487,0.95369513
IWN,4,0.04948805,0.95051195
IWN,4,0.04690842,0.95309158
IWN,4,0.06338894,0.93661106
IWN,4,0.05388055,0.94611945
IWN,4,0.04660700,0.95339300
IWN,4,0.04692708,0.95307292
IWN,4,0.04768631,0.95231369
IWN,4,0.04523076,0.95476924
IWN,4,0.04517442,0.95482558
IWN,4,0.04536513,0.95463487
IWN,4,0.04606170,0.95393830
IWN,4,0.04526116,0.95473884
IWN,4,0.06276423,0.93723577
IWN,4,0.04651328,0.95348672
IWN,4,0.04744250,0.95255750
IWN,4,0.05010440,0.94989560
IWN,4,0.07894819,0.92105181
IWN,4,0.05731310,0.94268690
IWN,4,0.05013988,0.94986012
IWN,4,0.05002089,0.94997911
IWN,4,0.04799025,0.95200975
IWN,4,0.04548035,0.95451965
IWN,4,0.04713957,0.95286043
IWN,4,0.04545878,0.95454122
IWN,4,0.06219746,0.93780254
IWN,4,0.05397379,0.94602621
IWN,4,0.04516659,0.95483341
IWN,4,0.06470229,0.93529771
IWN,4,0.04735937,0.95264063
IWN,4,0.04536819,0.95463181
IWN,4,0.04524991,0.95475009
IWN,4,0.04626871,0.95373129
IWN,4,0.04682849,0.95317151
IWN,4,0.11213824,0.88786176
IWN,4,0.06013157,0.93986843
IWN,4,0.05010781,0.94989219
IWN,4,0.05403044,0.94596956
IWN,4,0.04807170,0.95192830
IWN,4,0.05205399,0.94794601
IWN,4,0.04516688,0.95483312
IWN,4,0.04525871,0.95474129
IWN,4,0.04518177,0.95481823
IWN,4,0.04534823,0.95465177
IWN,4,0.05129532,0.94870468
IWN,4,0.04587033,0.95412967
IWN,4,0.04520743,0.95479257
IWN,4,0.04996657,0.95003343
IWN,4,0.04652798,0.95347202
IWN,4,0.05464915,0.94535085
IWN,4,0.05524401,0.94475599
IWN,4,0.04544559,0.95455441
IWN,4,0.07053150,0.92946850
IWN,4,0.04829858,0.95170142
IWN,4,0.08344764,0.91655236
IWN,4,0.04519364,0.95480636
IWN,4,0.04620216,0.95379784
IWN,4,0.05175657,0.94824343
IWN,4,0.04779364,0.95220636
IWN,4,0.07303631,0.92696369
IWN,4,0.05536226,0.94463774
IWN,4,0.05688613,0.94311387
IWN,4,0.04760830,0.95239170
IWN,4,0.06008907,0.93991093
IWN,4,0.04522997,0.95477003
IWN,4,0.04600017,0.95399983
IWN,4,0.04758621,0.95241379
IWN,4,0.04523742,0.95476258
IWN,4,0.04728350,0.95271650
IWN,4,0.05535097,0.94464903
IWN,4,0.04713075,0.95286925
IWN,4,0.04538388,0.95461612
IWN,4,0.05068374,0.94931626
IWN,4,0.04575080,0.95424920
IWN,4,0.05570715,0.94429285
IWN,4,0.08942492,0.91057508
IWN,4,0.04522511,0.95477489
IWN,4,0.05423212,0.94576788
IWN,4,0.04528758,0.95471242
IWN,4,0.04767509,0.95232491
IWN,4,0.04561651,0.95438349
IWN,4,0.04686099,0.95313901
IWN,4,0.04531618,0.95468382
IWN,4,0.04591261,0.95408739
IWN,4,0.04531069,0.95468931
IWN,4,0.04871576,0.95128424
IWN,4,0.04921236,0.95078764
IWN,4,0.06241613,0.93758387
IWN,4,0.06914948,0.93085052
IWN,4,0.05791174,0.94208826
IWN,4,0.05070371,0.94929629
IWN,4,0.04695509,0.95304491
IWN,4,0.07035453,0.92964547
IWN,4,0.04534168,0.95465832
IWN,4,0.04970215,0.95029785
IWN,4,0.04656480,0.95343520
IWN,4,0.04516606,0.95483394
IWN,4,0.04524589,0.95475411
IWN,4,0.04543855,0.95456145
IWN,4,0.04566299,0.95433701
IWN,4,0.04559351,0.95440649
IWN,4,0.05106966,0.94893034
IWN,4,0.04517240,0.95482760
IWN,4,0.05039719,0.94960281
IWN,4,0.04714337,0.95285663
IWN,4,0.04517062,0.95482938
IWN,4,0.04517490,0.95482510
IWN,4,0.04566423,0.95433577
IWN,4,0.04529603,0.95470397
IWN,4,0.04914766,0.95085234
IWN,4,0.04983258,0.95016742
IWN,4,0.04517803,0.95482197
IWN,4,0.04530505,0.95469495
IWN,4,0.06553944,0.93446056
IWN,4,0.04668989,0.95331011
IWN,4,0.05639415,0.94360585
IWN,4,0.04525476,0.95474524
IWN,4,0.06570700,0.93429300
IWN,4,0.04531089,0.95468911
IWN,4,0.04807706,0.95192294
IWN,4,0.07841815,0.92158185
IWN,4,0.05065526,0.94934474
IWN,4,0.06089672,0.93910328
IWN,4,0.06027469,0.93972531
IWN,4,0.05554091,0.94445909
IWN,4,0.04788740,0.95211260
IWN,4,0.04521017,0.95478983
IWN,4,0.28606069,0.71393931
IWN,4,0.32784240,0.67215760
IWN,4,0.05405030,0.94594970
IWN,4,0.05367006,0.94632994
IWN,4,0.21623384,0.78376616
IWN,4,0.04620868,0.95379132
IWN,4,0.15807585,0.84192415
IWN,4,0.05420167,0.94579833
IWN,4,0.04960757,0.95039243
IWN,4,0.05961267,0.94038733
IWN,4,0.82595982,0.17404018
IWN,4,0.14225974,0.85774026
IWN,4,0.06023504,0.93976496
IWN,4,0.04546739,0.95453261
IWN,4,0.13320583,0.86679417
IWN,4,0.04526307,0.95473693
IWN,4,0.09540529,0.90459471
IWN,4,0.04919739,0.95080261
IWN,4,0.05038486,0.94961514
IWN,4,0.04912470,0.95087530
IWN,4,0.07952315,0.92047685
IWN,4,0.04562484,0.95437516
IWN,4,0.08579852,0.91420148
IWN,4,0.09449377,0.90550623
IWN,4,0.04616013,0.95383987
IWN,4,0.05582590,0.94417410
IWN,4,0.06830405,0.93169595
IWN,4,0.04630138,0.95369862
IWN,4,0.06874929,0.93125071
IWN,4,0.19197130,0.80802870
IWN,4,0.06397904,0.93602096
IWN,4,0.04551249,0.95448751
IWN,4,0.05998350,0.94001650
IWN,4,0.05172434,0.94827566
IWN,4,0.15533042,0.84466958
IWN,4,0.04618879,0.95381121
IWN,4,0.04776935,0.95223065
IWN,4,0.05275622,0.94724378
IWN,4,0.96171856,0.03828144
IWN,4,0.05077730,0.94922270
IWN,4,0.09240461,0.90759539
IWN,4,0.06061655,0.93938345
IWN,4,0.04584564,0.95415436
IWN,4,0.05551507,0.94448493
IWN,4,0.07992968,0.92007032
IWN,4,0.10031361,0.89968639
IWN,4,0.19050599,0.80949401
IWN,4,0.04736821,0.95263179
IWN,4,0.21009278,0.78990722
IWN,4,0.09031488,0.90968512
IWN,4,0.24946596,0.75053404
IWN,4,0.31913960,0.68086040
IWN,4,0.96044491,0.03955509
IWN,4,0.04733533,0.95266467
IWN,4,0.04827565,0.95172435
IWN,4,0.04942788,0.95057212
IWN,4,0.06054600,0.93945400
IWN,4,0.07121782,0.92878218
IWN,4,0.76836549,0.23163451
IWN,4,0.08106187,0.91893813
IWN,4,0.11059130,0.88940870
IWN,4,0.05667866,0.94332134
IWN,4,0.04830022,0.95169978
IWN,4,0.04531729,0.95468271
IWN,4,0.05437810,0.94562190
IWN,4,0.05000641,0.94999359
IWN,4,0.06257041,0.93742959
IWN,4,0.05692344,0.94307656
IWN,4,0.06299245,0.93700755
IWN,4,0.09159733,0.90840267
IWN,4,0.04580818,0.95419182
IWN,4,0.05148830,0.94851170
IWN,4,0.07393482,0.92606518
IWN,4,0.04629190,0.95370810
IWN,4,0.04526286,0.95473714
IWN,4,0.05839978,0.94160022
IWN,4,0.05106016,0.94893984
IWN,4,0.04542811,0.95457189
IWN,4,0.06454445,0.93545555
IWN,4,0.04576076,0.95423924
IWN,4,0.04584520,0.95415480
IWN,4,0.04792566,0.95207434
IWN,4,0.04589611,0.95410389
IWN,4,0.05524202,0.94475798
IWN,4,0.06022396,0.93977604
IWN,4,0.04871323,0.95128677
IWN,4,0.04516588,0.95483412
IWN,4,0.10217038,0.89782962
IWN,4,0.05067951,0.94932049
IWN,4,0.05417287,0.94582713
IWN,4,0.04742553,0.95257447
IWN,4,0.05199639,0.94800361
IWN,4,0.04604298,0.95395702
IWN,4,0.05795570,0.94204430
IWN,4,0.04520824,0.95479176
IWN,4,0.04803059,0.95196941
IWN,4,0.05002043,0.94997957
IWN,4,0.04850765,0.95149235
IWN,4,0.05099021,0.94900979
IWN,4,0.16369964,0.83630036
IWN,4,0.07506443,0.92493557
IWN,4,0.04534555,0.95465445
IWN,4,0.11077411,0.88922589
IWN,4,0.04519681,0.95480319
IWN,4,0.04695210,0.95304790
IWN,4,0.04769331,0.95230669
IWN,4,0.04587101,0.95412899
IWN,4,0.05454858,0.94545142
IWN,4,0.06079399,0.93920601
IWN,4,0.06370895,0.93629105
IWN,4,0.06067582,0.93932418
IWN,4,0.76842409,0.23157591
IWN,4,0.04621037,0.95378963
IWN,4,0.08572996,0.91427004
IWN,4,0.04560164,0.95439836
IWN,4,0.05259677,0.94740323
IWN,4,0.04517462,0.95482538
IWN,4,0.08693273,0.91306727
IWN,4,0.04749566,0.95250434
IWN,4,0.04595980,0.95404020
IWN,4,0.06313190,0.93686810
IWN,4,0.06847887,0.93152113
IWN,4,0.04533563,0.95466437
IWN,4,0.08327484,0.91672516
IWN,4,0.08095819,0.91904181
IWN,4,0.04528967,0.95471033
IWN,4,0.04999213,0.95000787
IWN,4,0.05005963,0.94994037
IWN,4,0.04921598,0.95078402
IWN,4,0.04724990,0.95275010
IWN,4,0.04834546,0.95165454
IWN,4,0.05827475,0.94172525
IWN,4,0.09912166,0.90087834
IWN,4,0.04706297,0.95293703
IWN,4,0.07030618,0.92969382
IWN,4,0.05722340,0.94277660
IWN,4,0.05119898,0.94880102
IWN,4,0.04634629,0.95365371
IWN,4,0.05751545,0.94248455
IWN,4,0.04611077,0.95388923
IWN,4,0.16305435,0.83694565
IWN,4,0.04537008,0.95462992
IWN,4,0.13893950,0.86106050
IWN,4,0.05493747,0.94506253
IWN,4,0.04629889,0.95370111
IWN,4,0.04951794,0.95048206
IWN,4,0.54867956,0.45132044
IWN,4,0.06616378,0.93383622
IWN,4,0.04568957,0.95431043
IWN,4,0.04926494,0.95073506
IWN,4,0.08866757,0.91133243
IWN,4,0.05441047,0.94558953
IWN,4,0.06586534,0.93413466
IWN,4,0.06548575,0.93451425
IWN,4,0.17911220,0.82088780
IWN,4,0.05351593,0.94648407
IWN,4,0.06168098,0.93831902
IWN,4,0.05354172,0.94645828
IWN,4,0.05327661,0.94672339
IWN,4,0.08166111,0.91833889
IWN,4,0.05528346,0.94471654
IWN,4,0.28305215,0.71694785
IWN,4,0.04614947,0.95385053
IWN,4,0.04519154,0.95480846
IWN,4,0.04661365,0.95338635
IWN,4,0.05087970,0.94912030
IWN,4,0.04516616,0.95483384
IWN,4,0.04570866,0.95429134
IWN,4,0.06323359,0.93676641
IWN,4,0.05103906,0.94896094
IWN,4,0.04517925,0.95482075
IWN,4,0.07346315,0.92653685
IWN,4,0.04735341,0.95264659
IWN,4,0.04825842,0.95174158
IWN,4,0.05151564,0.94848436
IWN,4,0.09060416,0.90939584
IWN,4,0.04685880,0.95314120
IWN,4,0.04606722,0.95393278
IWN,4,0.11286197,0.88713803
IWN,4,0.07743303,0.92256697
IWN,4,0.04818900,0.95181100
IWN,4,0.05530912,0.94469088
IWN,4,0.05270691,0.94729309
IWN,4,0.05257069,0.94742931
IWN,4,0.06291159,0.93708841
IWN,4,0.04564295,0.95435705
IWN,4,0.04526459,0.95473541
IWN,4,0.05056910,0.94943090
IWN,4,0.05825364,0.94174636
IWN,4,0.05941430,0.94058570
IWN,4,0.04599367,0.95400633
IWN,4,0.06585839,0.93414161
IWN,4,0.04546117,0.95453883
IWN,4,0.04630493,0.95369507
IWN,4,0.04730502,0.95269498
IWN,4,0.06431792,0.93568208
IWN,4,0.13031003,0.86968997
IWN,4,0.07267588,0.92732412
IWN,4,0.06643494,0.93356506
IWN,4,0.05088927,0.94911073
IWN,4,0.07529401,0.92470599
IWN,4,0.05735105,0.94264895
IWN,4,0.22136144,0.77863856
IWN,4,0.06902914,0.93097086
IWN,4,0.58105874,0.41894126
IWN,4,0.05053688,0.94946312
IWN,4,0.04525987,0.95474013
IWN,4,0.22086302,0.77913698
IWN,4,0.08328489,0.91671511
IWN,4,0.08158302,0.91841698
IWN,4,0.05656506,0.94343494
IWN,4,0.52543576,0.47456424
IWN,4,0.05085619,0.94914381
IWN,4,0.25280359,0.74719641
IWN,4,0.09005775,0.90994225
IWN,4,0.05908272,0.94091728
IWN,4,0.05416276,0.94583724
IWN,4,0.04516714,0.95483286
IWN,4,0.73310007,0.26689993
IWN,4,0.06283563,0.93716437
IWN,4,0.10779742,0.89220258
IWN,4,0.07725497,0.92274503
IWN,4,0.16996557,0.83003443
IWN,4,0.04533202,0.95466798
IWN,4,0.08567562,0.91432438
IWN,4,0.06139110,0.93860890
IWN,4,0.23706400,0.76293600
IWN,4,0.04565052,0.95434948
IWN,4,0.23300775,0.76699225
IWN,4,0.13679695,0.86320305
IWN,4,0.18771918,0.81228082
IWN,4,0.04560104,0.95439896
IWN,4,0.04691043,0.95308957
IWN,4,0.04918694,0.95081306
IWN,4,0.05399130,0.94600870
IWN,4,0.05452035,0.94547965
IWN,4,0.05060757,0.94939243
IWN,4,0.04597293,0.95402707
IWN,4,0.04711444,0.95288556
IWN,4,0.07844213,0.92155787
IWN,4,0.08154346,0.91845654
IWN,4,0.06220741,0.93779259
IWN,4,0.04849540,0.95150460
IWN,4,0.04596526,0.95403474
IWN,4,0.13565307,0.86434693
IWN,4,0.07008769,0.92991231
IWN,4,0.04521376,0.95478624
IWN,4,0.06649541,0.93350459
IWN,4,0.04521071,0.95478929
IWN,4,0.11857842,0.88142158
IWN,4,0.04637297,0.95362703
IWN,4,0.05128157,0.94871843
IWN,4,0.12005158,0.87994842
IWN,4,0.04737515,0.95262485
IWN,4,0.06087163,0.93912837
IWN,4,0.04680784,0.95319216
IWN,4,0.06549044,0.93450956
IWN,4,0.04525553,0.95474447
IWN,4,0.06324777,0.93675223
IWN,4,0.04968466,0.95031534
IWN,4,0.04810526,0.95189474
IWN,4,0.05068439,0.94931561
IWN,4,0.05060182,0.94939818
IWN,4,0.05471755,0.94528245
IWN,4,0.04768915,0.95231085
IWN,4,0.05096300,0.94903700
IWN,4,0.05215746,0.94784254
IWN,4,0.11702593,0.88297407
IWN,4,0.06902090,0.93097910
IWN,4,0.04534009,0.95465991
IWN,4,0.05199905,0.94800095
IWN,4,0.04648535,0.95351465
IWN,4,0.04536956,0.95463044
IWN,4,0.04717802,0.95282198
IWN,4,0.04533663,0.95466337
IWN,4,0.05240967,0.94759033
IWN,4,0.04518390,0.95481610
IWN,4,0.04602344,0.95397656
IWN,4,0.04774793,0.95225207
IWN,4,0.04525672,0.95474328
IWN,4,0.04824573,0.95175427
IWN,4,0.05045685,0.94954315
IWN,4,0.04576475,0.95423525
IWN,4,0.15916112,0.84083888
IWN,4,0.04554934,0.95445066
IWN,4,0.05187920,0.94812080
IWN,4,0.05405719,0.94594281
IWN,4,0.05807058,0.94192942
IWN,4,0.05062425,0.94937575
IWN,4,0.05569639,0.94430361
IWN,4,0.04585750,0.95414250
IWN,4,0.08279546,0.91720454
IWN,4,0.04521485,0.95478515
IWN,4,0.04550268,0.95449732
IWN,4,0.04516611,0.95483389
IWN,4,0.07280654,0.92719346
IWN,4,0.05114102,0.94885898
IWN,4,0.05378634,0.94621366
IWN,4,0.05601081,0.94398919
IWN,4,0.04915183,0.95084817
IWN,4,0.04605596,0.95394404
IWN,4,0.04527580,0.95472420
IWN,4,0.04518569,0.95481431
IWN,4,0.04547018,0.95452982
IWN,4,0.04537475,0.95462525
IWN,4,0.04888043,0.95111957
IWN,4,0.04516921,0.95483079
IWN,4,0.04546914,0.95453086
IWN,4,0.04533486,0.95466514
IWN,4,0.04667991,0.95332009
IWN,4,0.04516618,0.95483382
IWN,4,0.04965903,0.95034097
IWN,4,0.04518318,0.95481682
IWN,4,0.04608556,0.95391444
IWN,4,0.05066841,0.94933159
IWN,4,0.05461315,0.94538685
IWN,4,0.04584989,0.95415011
IWN,4,0.04574104,0.95425896
IWN,4,0.07916489,0.92083511
IWN,4,0.04641470,0.95358530
IWN,4,0.06365177,0.93634823
IWN,4,0.04611916,0.95388084
IWN,4,0.04533180,0.95466820
IWN,4,0.08881595,0.91118405
IWN,4,0.08908531,0.91091469
IWN,4,0.04846787,0.95153213
IWN,4,0.05257721,0.94742279
IWN,4,0.04553798,0.95446202
IWN,4,0.20734512,0.79265488
IWN,4,0.05890667,0.94109333
IWN,4,0.07492186,0.92507814
IWN,4,0.17500612,0.82499388
IWN,4,0.05048274,0.94951726
IWN,4,0.08359773,0.91640227
IWN,4,0.04549822,0.95450178
IWN,4,0.06058781,0.93941219
IWN,4,0.05421647,0.94578353
IWN,4,0.04580176,0.95419824
IWN,4,0.04963807,0.95036193
IWN,4,0.04903691,0.95096309
IWN,4,0.04802390,0.95197610
IWN,4,0.05350724,0.94649276
IWN,4,0.06230122,0.93769878
IWN,4,0.66142912,0.33857088
IWN,4,0.87222650,0.12777350
IWN,4,0.11605377,0.88394623
IWN,4,0.93546580,0.06453420
IWN,4,0.12988946,0.87011054
IWN,4,0.46039045,0.53960955
IWN,4,0.18455278,0.81544722
IWN,4,0.27279050,0.72720950
IWN,4,0.90739666,0.09260334
IWN,4,0.24684700,0.75315300
IWN,4,1.00000000,0.00000000
IWN,4,0.44619991,0.55380009
IWN,4,0.99999898,0.00000102
IWN,4,1.00000000,0.00000000
IWN,4,1.00000000,0.00000000
IWN,4,1.00000000,0.00000000
IWN,4,0.99905907,0.00094093
IWN,4,1.00000000,0.00000000
IWN,4,0.99497883,0.00502117
IWN,4,0.99694383,0.00305617
IWN,4,0.33139910,0.66860090
IWN,4,1.00000000,0.00000000
IWN,4,0.31866823,0.68133177
IWN,4,0.99999578,0.00000422
IWN,4,0.83487774,0.16512226
IWN,4,0.09700029,0.90299971
IWN,4,0.04899189,0.95100811
IWN,4,0.99999980,0.00000020
IWN,4,0.04761320,0.95238680
IWN,4,0.81203621,0.18796379
IWN,4,1.00000000,0.00000000
IWN,4,0.06679157,0.93320843
IWN,4,0.99342768,0.00657232
IWN,4,0.99991176,0.00008824
IWN,4,0.68360389,0.31639611
IWN,4,0.06107805,0.93892195
IWN,4,0.99905280,0.00094720
IWN,4,0.10315179,0.89684821
IWN,4,0.99275666,0.00724334
IWN,4,0.13836924,0.86163076
IWN,4,0.21936816,0.78063184
IWN,4,0.05036667,0.94963333
IWN,4,0.08047397,0.91952603
IWN,4,0.08574796,0.91425204
IWN,4,0.99513555,0.00486445
IWN,4,0.47932336,0.52067664
IWN,4,0.99859296,0.00140704
IWN,4,0.92178562,0.07821438
IWN,4,0.98723384,0.01276616
IWN,4,0.04725302,0.95274698
IWN,4,0.04684343,0.95315657
IWN,4,0.22605427,0.77394573
IWN,4,0.10357147,0.89642853
IWN,4,0.99289289,0.00710711
IWN,4,0.19386777,0.80613223
IWN,4,0.99107673,0.00892327
IWN,4,0.98454912,0.01545088
IWN,4,0.04820729,0.95179271
IWN,4,0.06750320,0.93249680
IWN,4,1.00000000,0.00000000
IWN,4,0.28544571,0.71455429
IWN,4,0.77336074,0.22663926
IWN,4,0.04673243,0.95326757
IWN,4,0.04585775,0.95414225
IWN,4,0.96873912,0.03126088
IWN,4,0.99378886,0.00621114
IWN,4,0.44959473,0.55040527
IWN,4,0.09478649,0.90521351
IWN,4,0.05640846,0.94359154
IWN,4,0.07637997,0.92362003
IWN,4,0.85541764,0.14458236
IWN,4,0.06155470,0.93844530
IWN,4,0.99752806,0.00247194
IWN,4,0.62420112,0.37579888
IWN,4,0.33747776,0.66252224
IWN,4,0.98674624,0.01325376
IWN,4,1.00000000,0.00000000
IWN,4,0.42521513,0.57478487
IWN,4,0.16330838,0.83669162
IWN,4,0.43307479,0.56692521
IWN,4,0.49241511,0.50758489
IWN,4,0.04613735,0.95386265
IWN,4,0.06599904,0.93400096
IWN,4,0.04877724,0.95122276
IWN,4,0.04534210,0.95465790
IWN,4,0.93722681,0.06277319
IWN,4,0.10604351,0.89395649
IWN,4,0.33342433,0.66657567
IWN,4,0.97311779,0.02688221
IWN,4,0.08819745,0.91180255
IWN,4,0.15885240,0.84114760
IWN,4,0.04516729,0.95483271
IWN,4,0.06922041,0.93077959
IWN,4,0.48593860,0.51406140
IWN,4,0.04577605,0.95422395
IWN,4,0.59617169,0.40382831
IWN,4,0.53138036,0.46861964
IWN,4,0.04768188,0.95231812
IWN,4,0.09809971,0.90190029
IWN,4,0.97348039,0.02651961
IWN,4,0.04625502,0.95374498
IWN,4,0.04692866,0.95307134
IWN,4,0.11732249,0.88267751
IWN,4,0.57132769,0.42867231
IWN,4,0.04581220,0.95418780
IWN,4,0.05530852,0.94469148
IWN,4,0.10945587,0.89054413
IWN,4,0.04748966,0.95251034
IWN,4,0.04629735,0.95370265
IWN,4,0.42773438,0.57226562
IWN,4,0.07236396,0.92763604
IWN,4,0.07735530,0.92264470
IWN,4,0.06865661,0.93134339
IWN,4,0.06808463,0.93191537
IWN,4,0.24389808,0.75610192
IWN,4,0.04520535,0.95479465
IWN,4,0.29009082,0.70990918
IWN,4,0.21000810,0.78999190
IWN,4,0.04531324,0.95468676
IWN,4,0.04524988,0.95475012
IWN,4,0.06152774,0.93847226
IWN,4,0.05105861,0.94894139
IWN,4,0.04558343,0.95441657
IWN,4,0.13209275,0.86790725
IWN,4,0.04683114,0.95316886
IWN,4,0.05449060,0.94550940
IWN,4,0.05844311,0.94155689
IWN,4,0.25892232,0.74107768
IWN,4,0.04565856,0.95434144
IWN,4,0.07726450,0.92273550
IWN,4,0.05590913,0.94409087
IWN,4,0.05953117,0.94046883
IWN,4,0.11841386,0.88158614
IWN,4,0.06151825,0.93848175
IWN,4,0.06265417,0.93734583
IWN,4,0.13876443,0.86123557
IWN,4,0.04517073,0.95482927
IWN,4,0.25876930,0.74123070
IWN,4,0.05568114,0.94431886
IWN,4,0.09937522,0.90062478
IWN,4,0.04937296,0.95062704
IWN,4,0.20588802,0.79411198
IWN,4,0.04523540,0.95476460
IWN,4,0.06957354,0.93042646
IWN,4,0.05171433,0.94828567
IWN,4,0.05325568,0.94674432
IWN,4,0.99026381,0.00973619
IWN,4,0.04516731,0.95483269
IWN,4,0.73014831,0.26985169
IWN,4,0.04559720,0.95440280
IWN,4,0.07764510,0.92235490
IWN,4,0.71050036,0.28949964
IWN,4,0.05902671,0.94097329
IWN,4,0.04558801,0.95441199
IWN,4,0.11498643,0.88501357
IWN,4,0.13209615,0.86790385
IWN,4,0.33764750,0.66235250
IWN,4,0.04684829,0.95315171
IWN,4,0.18789392,0.81210608
IWN,4,0.12931342,0.87068658
IWN,4,0.04526592,0.95473408
IWN,4,0.05578481,0.94421519
IWN,4,0.10092855,0.89907145
IWN,4,0.05552920,0.94447080
IWN,4,0.09577100,0.90422900
IWN,4,0.04585544,0.95414456
IWN,4,0.07921819,0.92078181
IWN,4,0.05504322,0.94495678
IWN,4,0.04805860,0.95194140
IWN,4,0.20112830,0.79887170
IWN,4,0.05915611,0.94084389
IWN,4,0.34893031,0.65106969
IWN,4,0.17383039,0.82616961
IWN,4,0.83263238,0.16736762
IWN,4,0.10495145,0.89504855
IWN,4,0.05426230,0.94573770
IWN,4,0.28797579,0.71202421
IWN,4,0.48689209,0.51310791
IWN,4,0.18727031,0.81272969
IWN,4,0.60305408,0.39694592
IWN,4,0.07496575,0.92503425
IWN,4,0.99999963,0.00000037
IWN,4,0.57621963,0.42378037
IWN,4,0.07540988,0.92459012
IWN,4,0.26254110,0.73745890
IWN,4,0.52192039,0.47807961
IWN,4,0.87416831,0.12583169
IWN,4,0.04731570,0.95268430
IWN,4,0.09141179,0.90858821
IWN,4,0.04947243,0.95052757
IWN,4,0.04578805,0.95421195
IWN,4,0.32339776,0.67660224
IWN,4,0.74322879,0.25677121
IWN,4,0.05578403,0.94421597
IWN,4,0.05151545,0.94848455
IWN,4,0.54337480,0.45662520
IWN,4,0.09373978,0.90626022
IWN,4,0.05849163,0.94150837
IWN,4,0.05116517,0.94883483
IWN,4,0.46479915,0.53520085
IWN,4,0.04795848,0.95204152
IWN,4,0.06238101,0.93761899
IWN,4,0.04539387,0.95460613
IWN,4,0.04946448,0.95053552
IWN,4,0.05852503,0.94147497
IWN,4,0.05029794,0.94970206
IWN,4,0.47643032,0.52356968
IWN,4,0.04947175,0.95052825
IWN,4,0.05783140,0.94216860
IWN,4,0.07948286,0.92051714
IWN,4,0.05526422,0.94473578
IWN,4,0.04666964,0.95333036
IWN,4,0.12323401,0.87676599
IWN,4,0.04520555,0.95479445
IWN,4,0.04573699,0.95426301
IWN,4,0.12721118,0.87278882
IWN,4,0.07592973,0.92407027
IWN,4,0.04542388,0.95457612
IWN,4,0.08786889,0.91213111
IWN,4,0.18507383,0.81492617
IWN,4,0.99966061,0.00033939
IWN,4,0.07324435,0.92675565
IWN,4,0.07264141,0.92735859
IWN,4,0.04606577,0.95393423
IWN,4,0.21962702,0.78037298
IWN,4,0.06395949,0.93604051
IWN,4,0.17123812,0.82876188
IWN,4,0.09630560,0.90369440
IWN,4,0.05251444,0.94748556
IWN,4,0.05039635,0.94960365
IWN,4,0.07169022,0.92830978
IWN,4,0.07348367,0.92651633
IWN,4,0.04531619,0.95468381
IWN,4,0.04987810,0.95012190
IWN,4,0.08032631,0.91967369
IWN,4,0.05256335,0.94743665
IWN,4,0.08833485,0.91166515
IWN,4,0.24276909,0.75723091
IWN,4,0.05277886,0.94722114
IWN,4,0.05200685,0.94799315
IWN,4,0.19324941,0.80675059
IWN,4,0.08004536,0.91995464
IWN,4,0.43359527,0.56640473
IWN,4,0.04691700,0.95308300
IWN,4,0.04858148,0.95141852
IWN,4,0.04526507,0.95473493
IWN,4,0.04922077,0.95077923
IWN,4,0.04629842,0.95370158
IWN,4,0.05133806,0.94866194
IWN,4,0.11402369,0.88597631
IWN,4,0.18840150,0.81159850
IWN,4,0.08424927,0.91575073
IWN,4,0.04677748,0.95322252
IWN,4,0.41985285,0.58014715
IWN,4,0.68839709,0.31160291
IWN,4,0.05829795,0.94170205
IWN,4,0.82744786,0.17255214
IWN,4,0.07194042,0.92805958
IWN,4,0.04760622,0.95239378
IWN,4,0.12911918,0.87088082
IWN,4,0.38769036,0.61230964
IWN,4,0.29110724,0.70889276
IWN,4,0.05067479,0.94932521
IWN,4,0.30522111,0.69477889
IWN,4,0.08663004,0.91336996
IWN,4,0.09757219,0.90242781
IWN,4,0.04518905,0.95481095
IWN,4,0.15543144,0.84456856
IWN,4,0.05609437,0.94390563
IWN,4,0.22255325,0.77744675
IWN,4,0.04592075,0.95407925
IWN,4,0.15178932,0.84821068
IWN,4,0.96932419,0.03067581
IWN,4,0.11440481,0.88559519
IWN,4,0.44944819,0.55055181
IWN,4,0.27687693,0.72312307
IWN,4,0.40673274,0.59326726
IWN,4,0.10621714,0.89378286
IWN,4,0.05144569,0.94855431
IWN,4,0.07724467,0.92275533
IWN,4,0.04902968,0.95097032
IWN,4,0.04674379,0.95325621
IWN,4,0.07657668,0.92342332
IWN,4,0.04838535,0.95161465
IWN,4,0.04587245,0.95412755
IWN,4,0.04516639,0.95483361
IWN,4,0.05857252,0.94142748
IWN,4,0.07767257,0.92232743
IWN,4,0.04697667,0.95302333
IWN,4,0.04686538,0.95313462
IWN,4,0.05796830,0.94203170
IWN,4,0.38907201,0.61092799
IWN,4,0.20547806,0.79452194
IWN,4,0.05180937,0.94819063
IWN,4,0.15316885,0.84683115
IWN,4,0.05603820,0.94396180
IWN,4,0.04773522,0.95226478
IWN,4,0.04590316,0.95409684
IWN,4,0.04536489,0.95463511
IWN,4,0.08029189,0.91970811
IWN,4,0.07954089,0.92045911
IWN,4,0.04699348,0.95300652
IWN,4,0.04519189,0.95480811
IWN,4,0.05511833,0.94488167
IWN,4,0.07376086,0.92623914
IWN,4,0.12027320,0.87972680
IWN,4,0.05855939,0.94144061
IWN,4,0.73502237,0.26497763
IWN,4,0.25413202,0.74586798
IWN,4,0.27867122,0.72132878
IWN,4,0.05382888,0.94617112
IWN,4,0.08232791,0.91767209
IWN,4,0.06979148,0.93020852
IWN,4,0.04519714,0.95480286
IWN,4,0.05113211,0.94886789
IWN,4,0.05245303,0.94754697
IWN,4,0.09220472,0.90779528
IWN,4,0.15770581,0.84229419
IWN,4,0.10664822,0.89335178
IWN,4,0.04520551,0.95479449
IWN,4,0.12822930,0.87177070
IWN,4,0.05893226,0.94106774
IWN,4,0.05755806,0.94244194
IWN,4,0.04517096,0.95482904
IWN,4,0.07286642,0.92713358
IWN,4,0.06835946,0.93164054
IWN,4,0.05296136,0.94703864
IWN,4,0.10903342,0.89096658
IWN,4,0.06374769,0.93625231
IWN,4,0.05297941,0.94702059
IWN,4,0.04582559,0.95417441
IWN,4,0.04527696,0.95472304
IWN,4,0.23456625,0.76543375
IWN,4,0.66471734,0.33528266
IWN,4,0.29883370,0.70116630
IWN,4,0.05157116,0.94842884
IWN,4,0.04556840,0.95443160
IWN,4,0.08736056,0.91263944
IWN,4,0.04564068,0.95435932
IWN,4,0.08849770,0.91150230
IWN,4,0.05720245,0.94279755
IWN,4,0.04546921,0.95453079
IWN,4,0.06639227,0.93360773
IWN,4,0.07240724,0.92759276
IWN,4,0.14856648,0.85143352
IWN,4,0.06489565,0.93510435
IWN,4,0.06770036,0.93229964
IWN,4,0.25769174,0.74230826
IWN,4,0.05022309,0.94977691
IWN,4,0.19873904,0.80126096
IWN,4,0.08049589,0.91950411
IWN,4,0.04516940,0.95483060
IWN,4,0.09764987,0.90235013
IWN,4,0.29168600,0.70831400
IWN,4,0.52160087,0.47839913
IWN,4,0.15009688,0.84990312
IWN,4,0.16753211,0.83246789
IWN,4,0.04568286,0.95431714
IWN,4,0.06727259,0.93272741
IWN,4,0.05449358,0.94550642
IWN,4,0.06478084,0.93521916
IWN,4,0.06695978,0.93304022
IWN,4,0.05343540,0.94656460
IWN,4,0.05784751,0.94215249
IWN,4,0.05810790,0.94189210
IWN,4,0.15867112,0.84132888
IWN,4,0.12025699,0.87974301
IWN,4,0.08033476,0.91966524
IWN,4,0.05329881,0.94670119
IWN,4,0.05355060,0.94644940
IWN,4,0.05997086,0.94002914
IWN,4,0.04592114,0.95407886
IWN,4,0.05617452,0.94382548
IWN,4,0.05570011,0.94429989
IWN,4,0.06910396,0.93089604
IWN,4,0.06966580,0.93033420
IWN,4,0.07676889,0.92323111
IWN,4,0.11534883,0.88465117
IWN,4,0.10259065,0.89740935
IWN,4,0.06114588,0.93885412
IWN,4,0.05003704,0.94996296
IWN,4,0.07182419,0.92817581
IWN,4,0.41804419,0.58195581
IWN,4,0.04929407,0.95070593
IWN,4,0.04562514,0.95437486
IWN,4,0.04812836,0.95187164
IWN,4,0.04967096,0.95032904
IWN,4,0.04881060,0.95118940
IWN,4,0.05071947,0.94928053
IWN,4,0.06656965,0.93343035
IWN,4,0.04565486,0.95434514
IWN,4,0.06737266,0.93262734
IWN,4,0.05983283,0.94016717
IWN,4,0.09569329,0.90430671
IWN,4,0.07158288,0.92841712
IWN,4,0.04913106,0.95086894
IWN,4,0.04534899,0.95465101
IWN,4,0.18909048,0.81090952
IWN,4,0.04677747,0.95322253
IWN,4,0.09286077,0.90713923
IWN,4,0.16504093,0.83495907
IWN,4,0.04547572,0.95452428
IWN,4,0.16777880,0.83222120
IWN,4,0.09222285,0.90777715
IWN,4,0.04551776,0.95448224
IWN,4,0.06792836,0.93207164
IWN,4,0.14557432,0.85442568
IWN,4,0.04523016,0.95476984
IWN,4,0.04612110,0.95387890
IWN,4,0.05258199,0.94741801
IWN,4,0.08696185,0.91303815
IWN,4,0.04575905,0.95424095
IWN,4,0.05070162,0.94929838
IWN,4,0.04677859,0.95322141
IWN,4,0.04593992,0.95406008
IWN,4,0.08020834,0.91979166
IWN,4,0.04573322,0.95426678
IWN,4,0.04533978,0.95466022
IWN,4,0.04547749,0.95452251
IWN,4,0.06409330,0.93590670
IWN,4,0.04519573,0.95480427
IWN,4,0.04559760,0.95440240
IWN,4,0.06280453,0.93719547
IWN,4,0.05754406,0.94245594
IWN,4,0.20611841,0.79388159
IWN,4,0.10829924,0.89170076
IWN,4,0.04520277,0.95479723
IWN,4,0.32368786,0.67631214
IWN,4,0.05054676,0.94945324
IWN,4,0.11643259,0.88356741
IWN,4,0.04910779,0.95089221
IWN,4,0.15924146,0.84075854
IWN,4,0.04703896,0.95296104
IWN,4,0.05640874,0.94359126
IWN,4,0.06438719,0.93561281
IWN,4,0.05502736,0.94497264
IWN,4,0.04527055,0.95472945
IWN,4,0.04533474,0.95466526
IWN,4,0.04534191,0.95465809
IWN,4,0.07234698,0.92765302
IWN,4,0.04813385,0.95186615
IWN,4,0.06480778,0.93519222
IWN,4,0.04983785,0.95016215
IWN,4,0.04660523,0.95339477
IWN,4,0.04594493,0.95405507
IWN,4,0.96081263,0.03918737
IWN,4,0.04980575,0.95019425
IWN,4,0.26475052,0.73524948
IWN,4,0.20497625,0.79502375
IWN,4,0.54997772,0.45002228
IWN,4,0.06994126,0.93005874
IWN,4,0.19317647,0.80682353
IWN,4,0.09595777,0.90404223
IWN,4,0.05201684,0.94798316
IWN,4,0.12568437,0.87431563
IWN,4,0.04518962,0.95481038
IWN,4,0.09545739,0.90454261
IWN,4,0.05108009,0.94891991
IWN,4,0.06373518,0.93626482
IWN,4,0.06754291,0.93245709
IWN,4,0.04534491,0.95465509
IWN,4,0.09891426,0.90108574
IWN,4,0.49727965,0.50272035
IWN,4,0.07171725,0.92828275
IWN,4,0.05289994,0.94710006
IWN,4,0.06536926,0.93463074
IWN,4,0.04609942,0.95390058
IWN,4,0.04578911,0.95421089
IWN,4,0.04601232,0.95398768
IWN,4,0.04530562,0.95469438
IWN,4,0.07788702,0.92211298
IWN,4,0.05528761,0.94471239
IWN,4,0.25234109,0.74765891
IWN,4,0.05499954,0.94500046
IWN,4,0.04748651,0.95251349
IWN,4,0.04834458,0.95165542
IWN,4,0.05341179,0.94658821
IWN,4,0.04743412,0.95256588
IWN,4,0.04610561,0.95389439
IWN,4,0.05159365,0.94840635
IWN,4,0.32601913,0.67398087
IWN,4,0.13707810,0.86292190
IWN,4,0.20212987,0.79787013
IWN,4,0.10352506,0.89647494
IWN,4,0.13045278,0.86954722
IWN,4,0.04950138,0.95049862
IWN,4,0.08842071,0.91157929
IWN,4,0.22047579,0.77952421
IWN,4,0.08796859,0.91203141
IWN,4,0.19175092,0.80824908
IWN,4,0.06401028,0.93598972
IWN,4,0.05288497,0.94711503
IWN,4,0.09966897,0.90033103
IWN,4,0.04615449,0.95384551
IWN,4,0.04682720,0.95317280
IWN,4,0.09185419,0.90814581
IWN,4,0.08017018,0.91982982
IWN,4,0.07593362,0.92406638
IWN,4,0.04928456,0.95071544
IWN,4,0.04853380,0.95146620
IWN,4,0.26394480,0.73605520
IWN,4,0.04894473,0.95105527
IWN,4,0.14604712,0.85395288
IWN,4,0.05349820,0.94650180
IWN,4,0.08504828,0.91495172
IWN,4,0.10012292,0.89987708
IWN,4,0.09268085,0.90731915
IWN,4,0.37100483,0.62899517
IWN,4,0.04670639,0.95329361
IWN,4,0.16804698,0.83195302
IWN,4,0.38640638,0.61359362
IWN,4,0.04564291,0.95435709
IWN,4,0.06877735,0.93122265
IWN,4,0.22940282,0.77059718
IWN,4,0.04822715,0.95177285
IWN,4,0.18448467,0.81551533
IWN,4,0.04652884,0.95347116
IWN,4,0.06764027,0.93235973
IWN,4,0.06839071,0.93160929
IWN,4,0.05691358,0.94308642
IWN,4,0.27688567,0.72311433
IWN,4,0.06398477,0.93601523
IWN,4,0.04715232,0.95284768
IWN,4,0.04602676,0.95397324
IWN,4,0.05338013,0.94661987
IWN,4,0.09160080,0.90839920
IWN,4,0.05805895,0.94194105
IWN,4,0.06482793,0.93517207
IWN,4,0.04572145,0.95427855
IWN,4,0.18541801,0.81458199
IWN,4,0.12151609,0.87848391
IWN,4,0.07545038,0.92454962
IWN,4,0.05647001,0.94352999
IWN,4,0.04519202,0.95480798
IWN,4,0.27844697,0.72155303
IWN,4,0.06825394,0.93174606
IWN,4,0.04946515,0.95053485
IWN,4,0.04679443,0.95320557
IWN,4,0.05422304,0.94577696
IWN,4,0.04787607,0.95212393
IWN,4,0.14744999,0.85255001
IWN,4,0.04718137,0.95281863
IWN,4,0.04691672,0.95308328
IWN,4,0.14009834,0.85990166
IWN,4,0.05700318,0.94299682
IWN,4,0.15793857,0.84206143
IWN,4,0.40350341,0.59649659
IWN,4,0.04519693,0.95480307
IWN,4,0.38706347,0.61293653
IWN,4,0.04744800,0.95255200
IWN,4,0.15128506,0.84871494
IWN,4,0.46148119,0.53851881
IWN,4,0.04544410,0.95455590
IWN,4,0.10303858,0.89696142
IWN,4,0.46972149,0.53027851
IWN,4,0.81280331,0.18719669
IWN,4,0.08053858,0.91946142
IWN,4,0.86892538,0.13107462
IWN,4,0.05024515,0.94975485
IWN,4,0.12073153,0.87926847
IWN,4,0.05281010,0.94718990
IWN,4,0.18781170,0.81218830
IWN,4,0.04638816,0.95361184
IWN,4,0.54476831,0.45523169
IWN,4,0.64607569,0.35392431
IWN,4,0.04844980,0.95155020
IWN,4,0.04665330,0.95334670
IWN,4,0.10698892,0.89301108
IWN,4,0.05991606,0.94008394
IWN,4,0.15022465,0.84977535
IWN,4,0.17400124,0.82599876
IWN,4,0.29881304,0.70118696
IWN,4,0.06541274,0.93458726
IWN,4,0.04621360,0.95378640
IWN,4,0.13506896,0.86493104
IWN,4,0.05017502,0.94982498
IWN,4,0.04994269,0.95005731
IWN,4,0.10130117,0.89869883
IWN,4,0.12004050,0.87995950
IWN,4,0.19582410,0.80417590
IWN,4,0.33304576,0.66695424
IWN,4,0.99696246,0.00303754
IWN,4,0.05193481,0.94806519
IWN,4,0.07523007,0.92476993
IWN,4,0.99445589,0.00554411
IWN,4,0.04517603,0.95482397
IWN,4,0.12572294,0.87427706
IWN,4,0.04956175,0.95043825
IWN,4,0.04534582,0.95465418
IWN,4,0.46701437,0.53298563
IWN,4,0.05155727,0.94844273
IWN,4,0.11257696,0.88742304
IWN,4,0.07922675,0.92077325
IWN,4,0.04983456,0.95016544
IWN,4,0.09766313,0.90233687
IWN,4,0.04691677,0.95308323
IWN,4,0.06195748,0.93804252
IWN,4,0.12545260,0.87454740
IWN,4,0.04516638,0.95483362
IWN,4,0.13460559,0.86539441
IWN,4,0.04530616,0.95469384
IWN,4,0.04612004,0.95387996
IWN,4,0.07661455,0.92338545
IWN,4,0.19755984,0.80244016
IWN,4,0.04531545,0.95468455
IWN,4,0.77915131,0.22084869
IWN,4,0.09082198,0.90917802
IWN,4,0.04570246,0.95429754
IWN,4,0.08464192,0.91535808
IWN,4,0.05611588,0.94388412
IWN,4,0.04767842,0.95232158
IWN,4,0.21189234,0.78810766
IWN,4,0.07951700,0.92048300
IWN,4,0.05309558,0.94690442
IWN,4,0.04519135,0.95480865
IWN,4,0.05027783,0.94972217
IWN,4,0.07567949,0.92432051
IWN,4,0.04612542,0.95387458
IWN,4,0.05067743,0.94932257
IWN,4,0.06655169,0.93344831
IWN,4,0.05909014,0.94090986
IWN,4,0.27410971,0.72589029
IWN,4,0.05439339,0.94560661
IWN,4,0.19458579,0.80541421
IWN,4,0.04843606,0.95156394
IWN,4,0.04600750,0.95399250
IWN,4,0.12187873,0.87812127
IWN,4,0.04725722,0.95274278
IWN,4,0.17578155,0.82421845
IWN,4,0.30439439,0.69560561
IWN,4,0.04525077,0.95474923
IWN,4,0.04990752,0.95009248
IWN,4,0.10525506,0.89474494
IWN,4,0.64551813,0.35448187
IWN,4,0.07102478,0.92897522
IWN,4,0.09669297,0.90330703
IWN,4,0.05479911,0.94520089
IWN,4,0.06176170,0.93823830
IWN,4,0.05559746,0.94440254
IWN,4,0.07959779,0.92040221
IWN,4,0.15235258,0.84764742
IWN,4,0.05394336,0.94605664
IWN,4,0.18192156,0.81807844
IWN,4,0.08543898,0.91456102
IWN,4,0.92857517,0.07142483
IWN,4,0.04530139,0.95469861
IWN,4,0.04843037,0.95156963
IWN,4,0.06612688,0.93387312
IWN,4,0.06561362,0.93438638
IWN,4,0.08225547,0.91774453
IWN,4,0.11260070,0.88739930
IWN,4,0.20717549,0.79282451
IWN,4,0.33375477,0.66624523
IWN,4,0.13870586,0.86129414
IWN,4,0.04629439,0.95370561
IWN,4,0.42489780,0.57510220
IWN,4,0.33346236,0.66653764
IWN,4,0.05866494,0.94133506
IWN,4,0.34718804,0.65281196
IWN,4,0.96644201,0.03355799
IWN,4,0.05953297,0.94046703
IWN,4,0.05795660,0.94204340
IWN,4,0.36212016,0.63787984
IWN,4,0.04747034,0.95252966
IWN,4,0.04791508,0.95208492
IWN,4,0.04568899,0.95431101
IWN,4,0.44869239,0.55130761
IWN,4,0.22367026,0.77632974
IWN,4,0.48884103,0.51115897
IWN,4,0.08310927,0.91689073
IWN,4,0.10237357,0.89762643
IWN,4,0.11398784,0.88601216
IWN,4,0.24895972,0.75104028
IWN,4,0.05478252,0.94521748
IWN,4,0.29332110,0.70667890
IWN,4,0.04975244,0.95024756
IWN,4,0.04928878,0.95071122
IWN,4,0.25952573,0.74047427
IWN,4,0.04648521,0.95351479
IWN,4,0.04559854,0.95440146
IWN,4,0.64719656,0.35280344
IWN,4,0.05478382,0.94521618
IWN,4,0.15039464,0.84960536
IWN,4,0.05043037,0.94956963
IWN,4,0.04550360,0.95449640
IWN,4,0.26795245,0.73204755
IWN,4,0.99983336,0.00016664
IWN,4,0.06271617,0.93728383
IWN,4,0.07323413,0.92676587
IWN,4,0.06376808,0.93623192
IWN,4,0.11301630,0.88698370
IWN,4,0.05771505,0.94228495
IWN,4,0.05121277,0.94878723
IWN,4,0.04538161,0.95461839
IWN,4,0.06835768,0.93164232
IWN,4,0.04516945,0.95483055
IWN,4,0.04645054,0.95354946
IWN,4,0.18780713,0.81219287
IWN,4,0.04970854,0.95029146
IWN,4,0.30615164,0.69384836
IWN,4,0.04672186,0.95327814
IWN,4,0.04881274,0.95118726
IWN,4,0.46061267,0.53938733
IWN,4,0.07218589,0.92781411
IWN,4,0.04970725,0.95029275
IWN,4,0.05259866,0.94740134
IWN,4,0.07070092,0.92929908
IWN,4,0.05816470,0.94183530
IWN,4,0.04777750,0.95222250
IWN,4,0.05179746,0.94820254
IWN,4,0.29506511,0.70493489
IWN,4,0.06147351,0.93852649
IWN,4,0.06556128,0.93443872
IWN,4,0.04677233,0.95322767
IWN,4,0.09915629,0.90084371
IWN,4,0.06649888,0.93350112
IWN,4,0.05030133,0.94969867
IWN,4,0.04729435,0.95270565
IWN,4,0.11521657,0.88478343
IWN,4,0.25106260,0.74893740
IWN,4,0.04638415,0.95361585
IWN,4,0.04733499,0.95266501
IWN,4,0.08774077,0.91225923
IWN,4,0.05933619,0.94066381
IWN,4,0.22105717,0.77894283
IWN,4,0.04523677,0.95476323
IWN,4,0.07948635,0.92051365
IWN,4,0.08111463,0.91888537
IWN,4,0.13598790,0.86401210
IWN,4,0.05000969,0.94999031
IWN,4,0.04613683,0.95386317
IWN,4,0.13727600,0.86272400
IWN,4,0.05694676,0.94305324
IWN,4,0.11574599,0.88425401
IWN,4,0.06480437,0.93519563
IWN,4,0.04535316,0.95464684
IWN,4,0.04672079,0.95327921
IWN,4,0.05022326,0.94977674
IWN,4,0.05274248,0.94725752
IWN,4,0.06999860,0.93000140
IWN,4,0.31773960,0.68226040
IWN,4,0.08559858,0.91440142
IWN,4,0.19127622,0.80872378
IWN,4,0.04723895,0.95276105
IWN,4,0.09439714,0.90560286
IWN,4,0.04923105,0.95076895
IWN,4,0.08759587,0.91240413
IWN,4,0.11356275,0.88643725
IWN,4,0.04579479,0.95420521
IWN,4,0.07653645,0.92346355
IWN,4,0.04615464,0.95384536
IWN,4,0.05985183,0.94014817
IWN,4,0.05513187,0.94486813
IWN,4,0.04607668,0.95392332
IWN,4,0.51399602,0.48600398
IWN,4,0.04554102,0.95445898
IWN,4,0.05038738,0.94961262
IWN,4,0.06420978,0.93579022
IWN,4,0.04576955,0.95423045
IWN,4,0.04517152,0.95482848
IWN,4,0.04586055,0.95413945
IWN,4,0.04561026,0.95438974
IWN,4,0.08155320,0.91844680
IWN,4,0.10745188,0.89254812
IWN,4,0.09175659,0.90824341
IWN,4,0.04522354,0.95477646
IWN,4,0.66891932,0.33108068
IWN,4,0.53651387,0.46348613
IWN,4,0.31578789,0.68421211
IWN,4,0.11558350,0.88441650
IWN,4,0.10433347,0.89566653
IWN,4,0.07461558,0.92538442
IWN,4,0.63776139,0.36223861
IWN,4,0.06048298,0.93951702
IWN,4,0.21132128,0.78867872
IWN,4,0.62045922,0.37954078
IWN,4,0.06783376,0.93216624
IWN,4,0.07382521,0.92617479
IWN,4,0.07599487,0.92400513
IWN,4,0.04517215,0.95482785
IWN,4,0.06321633,0.93678367
IWN,4,0.04615287,0.95384713
IWN,4,0.13999712,0.86000288
IWN,4,0.04520335,0.95479665
IWN,4,0.17807165,0.82192835
IWN,4,0.05487094,0.94512906
IWN,4,0.04630589,0.95369411
IWN,4,0.06113718,0.93886282
IWN,4,0.05428812,0.94571188
IWN,4,0.05462558,0.94537442
IWN,4,0.07103032,0.92896968
IWN,4,0.06481396,0.93518604
IWN,4,0.07514760,0.92485240
IWN,4,0.05217073,0.94782927
IWN,4,0.04862567,0.95137433
IWN,4,0.05457966,0.94542034
IWN,4,0.04549675,0.95450325
IWN,4,0.04563358,0.95436642
IWN,4,0.33277386,0.66722614
IWN,4,0.07020818,0.92979182
IWN,4,0.10395135,0.89604865
IWN,4,0.06325772,0.93674228
IWN,4,0.04597255,0.95402745
IWN,4,0.30991064,0.69008936
IWN,4,0.04526251,0.95473749
IWN,4,0.07057294,0.92942706
IWN,4,0.31360945,0.68639055
IWN,4,0.04647029,0.95352971
IWN,4,0.04796908,0.95203092
IWN,4,0.04590747,0.95409253
IWN,4,0.05127499,0.94872501
IWN,4,0.04594293,0.95405707
IWN,4,0.07411798,0.92588202
IWN,4,0.10741177,0.89258823
IWN,4,0.44992747,0.55007253
IWN,4,0.05154457,0.94845543
IWN,4,0.05767959,0.94232041
IWN,4,0.07618952,0.92381048
IWN,4,0.04551993,0.95448007
IWN,4,0.08864514,0.91135486
IWN,4,0.06265070,0.93734930
IWN,4,0.06424492,0.93575508
IWN,4,0.04562332,0.95437668
IWN,4,0.08710869,0.91289131
IWN,4,0.06050715,0.93949285
IWN,4,0.97223835,0.02776165
IWN,4,0.09896627,0.90103373
IWN,4,0.52251546,0.47748454
IWN,4,0.35042282,0.64957718
IWN,4,0.04994340,0.95005660
IWN,4,0.06471761,0.93528239
IWN,4,0.04614938,0.95385062
IWN,4,0.07576693,0.92423307
IWN,4,0.07143918,0.92856082
IWN,4,0.05593061,0.94406939
IWN,4,0.05431560,0.94568440
IWN,4,0.05345985,0.94654015
IWN,4,0.04810258,0.95189742
IWN,4,0.06901511,0.93098489
IWN,4,0.09442797,0.90557203
IWN,4,0.04730610,0.95269390
IWN,4,0.10750927,0.89249073
IWN,4,0.04732696,0.95267304
IWN,4,0.08845714,0.91154286
IWN,4,0.04530855,0.95469145
IWN,4,0.05892131,0.94107869
IWN,4,0.07389784,0.92610216
IWN,4,0.15141001,0.84858999
IWN,4,0.09028485,0.90971515
IWN,4,0.10131228,0.89868772
IWN,4,0.07111432,0.92888568
IWN,4,0.08084291,0.91915709
IWN,4,0.05609320,0.94390680
IWN,4,0.07826193,0.92173807
IWN,4,0.05755109,0.94244891
IWN,4,0.12098177,0.87901823
IWN,4,0.06867478,0.93132522
IWN,4,0.05444133,0.94555867
IWN,4,0.04898840,0.95101160
IWN,4,0.05240400,0.94759600
IWN,4,0.04636091,0.95363909
IWN,4,0.07875952,0.92124048
IWN,4,0.08408202,0.91591798
IWN,4,0.07755214,0.92244786
IWN,4,0.06565932,0.93434068
IWN,4,0.04644807,0.95355193
IWN,4,0.07492843,0.92507157
IWN,4,0.04573066,0.95426934
IWN,4,0.04525976,0.95474024
IWN,4,0.04788080,0.95211920
IWN,4,0.04877587,0.95122413
IWN,4,0.05099337,0.94900663
IWN,4,0.05460483,0.94539517
IWN,4,0.04592942,0.95407058
IWN,4,0.05007468,0.94992532
IWN,4,0.11635985,0.88364015
IWN,4,0.07848902,0.92151098
IWN,4,0.05462677,0.94537323
IWN,4,0.04698212,0.95301788
IWN,4,0.04896206,0.95103794
IWN,4,0.05519047,0.94480953
IWN,4,0.06515603,0.93484397
IWN,4,0.06176760,0.93823240
IWN,4,0.04527516,0.95472484
IWN,4,0.06669058,0.93330942
IWN,4,0.08594941,0.91405059
IWN,4,0.04569487,0.95430513
IWN,4,0.04556578,0.95443422
IWN,4,0.08914682,0.91085318
IWN,4,0.26840483,0.73159517
IWN,4,0.05503946,0.94496054
IWN,4,0.05883431,0.94116569
IWN,4,0.04517900,0.95482100
IWN,4,0.04558910,0.95441090
IWN,4,0.04552370,0.95447630
IWN,4,0.05435795,0.94564205
IWN,4,0.12437058,0.87562942
IWN,4,0.06066887,0.93933113
IWN,4,0.05903097,0.94096903
IWN,4,0.04687832,0.95312168
IWN,4,0.05985121,0.94014879
IWN,4,0.09636702,0.90363298
IWN,4,0.04925952,0.95074048
IWN,4,0.05426789,0.94573211
IWN,4,0.09929520,0.90070480
IWN,4,0.05703593,0.94296407
IWN,4,0.06110764,0.93889236
IWN,4,0.04782822,0.95217178
IWN,4,0.16220107,0.83779893
IWN,4,0.11943977,0.88056023
IWN,4,0.04522061,0.95477939
IWN,4,0.04647115,0.95352885
IWN,4,0.05127470,0.94872530
IWN,4,0.05626773,0.94373227
IWN,4,0.07010642,0.92989358
IWN,4,0.04608029,0.95391971
IWN,4,0.17038913,0.82961087
IWN,4,0.06089424,0.93910576
IWN,4,0.10097340,0.89902660
IWN,4,0.08514989,0.91485011
IWN,4,0.21259757,0.78740243
IWN,4,0.11123908,0.88876092
IWN,4,0.08265908,0.91734092
IWN,4,0.06130573,0.93869427
IWN,4,0.04791924,0.95208076
IWN,4,0.07500277,0.92499723
IWN,4,0.05197770,0.94802230
IWN,4,0.08591436,0.91408564
IWN,4,0.05384610,0.94615390
IWN,4,0.05690200,0.94309800
IWN,4,0.05568540,0.94431460
IWN,4,0.72404395,0.27595605
IWN,4,0.51734411,0.48265589
IWN,4,0.08131118,0.91868882
IWN,4,0.06159276,0.93840724
IWN,4,0.06765371,0.93234629
IWN,4,0.10297954,0.89702046
IWN,4,0.05534833,0.94465167
IWN,4,0.04520608,0.95479392
IWN,4,0.99985195,0.00014805
IWN,4,0.05049853,0.94950147
IWN,4,0.14119440,0.85880560
IWN,4,0.09302110,0.90697890
IWN,4,0.04892214,0.95107786
IWN,4,0.08519101,0.91480899
IWN,4,0.05013692,0.94986308
IWN,4,0.05172406,0.94827594
IWN,4,0.04679822,0.95320178
IWN,4,0.04667729,0.95332271
IWN,4,0.05067528,0.94932472
IWN,4,0.04786564,0.95213436
IWN,4,0.74099759,0.25900241
IWN,4,0.07990035,0.92009965
IWN,4,0.10218362,0.89781638
IWN,4,0.04654147,0.95345853
IWN,4,0.07151776,0.92848224
IWN,4,0.05427327,0.94572673
IWN,4,0.04516589,0.95483411
IWN,4,0.04879128,0.95120872
IWN,4,0.94195087,0.05804913
IWN,4,0.62086160,0.37913840
IWN,4,0.05813713,0.94186287
IWN,4,0.04598643,0.95401357
IWN,4,0.21898814,0.78101186
IWN,4,0.11759473,0.88240527
IWN,4,0.10251993,0.89748007
IWN,4,0.05758444,0.94241556
IWN,4,0.09126387,0.90873613
IWN,4,0.04523953,0.95476047
IWN,4,0.04668306,0.95331694
IWN,4,0.10744464,0.89255536
IWN,4,0.04763611,0.95236389
IWN,4,0.38276098,0.61723902
IWN,4,0.04723428,0.95276572
IWN,4,0.04604130,0.95395870
IWN,4,0.09410734,0.90589266
IWN,4,0.08100290,0.91899710
IWN,4,0.04525837,0.95474163
IWN,4,0.05654685,0.94345315
IWN,4,0.04538277,0.95461723
IWN,4,0.12225603,0.87774397
IWN,4,0.06227135,0.93772865
IWN,4,0.05652417,0.94347583
IWN,4,0.07243947,0.92756053
IWN,4,0.19744448,0.80255552
IWN,4,0.04953846,0.95046154
IWN,4,0.05670843,0.94329157
IWN,4,0.06482406,0.93517594
IWN,4,0.04650738,0.95349262
IWN,4,0.08268575,0.91731425
IWN,4,0.05140872,0.94859128
IWN,4,0.49846229,0.50153771
IWN,4,0.05761841,0.94238159
IWN,4,0.05532090,0.94467910
IWN,4,0.11062056,0.88937944
IWN,4,0.05259607,0.94740393
IWN,4,0.04632312,0.95367688
IWN,4,0.08267604,0.91732396
IWN,4,0.07834189,0.92165811
IWN,4,0.20184818,0.79815182
IWN,4,0.97977053,0.02022947
IWN,4,0.13914967,0.86085033
IWN,4,0.54440788,0.45559212
IWN,4,0.06355266,0.93644734
IWN,4,0.09023878,0.90976122
IWN,4,0.04526644,0.95473356
IWN,4,0.04533966,0.95466034
IWN,4,0.04591305,0.95408695
IWN,4,0.04600264,0.95399736
IWN,4,0.06631793,0.93368207
IWN,4,0.05311767,0.94688233
IWN,4,0.05951366,0.94048634
IWN,4,0.05627889,0.94372111
IWN,4,0.05198793,0.94801207
IWN,4,0.04663790,0.95336210
IWN,4,0.04873124,0.95126876
IWN,4,0.05632232,0.94367768
IWN,4,0.04562995,0.95437005
IWN,4,0.04920841,0.95079159
IWN,4,0.04916913,0.95083087
IWN,4,0.04605063,0.95394937
IWN,4,0.15769495,0.84230505
IWN,4,0.04864719,0.95135281
IWN,4,0.04929029,0.95070971
IWN,4,0.05821159,0.94178841
IWN,4,0.23730884,0.76269116
IWN,4,0.08564874,0.91435126
IWN,4,0.10425023,0.89574977
IWN,4,0.04519605,0.95480395
IWN,4,0.04691586,0.95308414
IWN,4,0.34251715,0.65748285
IWN,4,0.05410427,0.94589573
IWN,4,0.07129891,0.92870109
IWN,4,0.14316506,0.85683494
IWN,4,0.05234601,0.94765399
IWN,4,0.05525417,0.94474583
IWN,4,0.04734285,0.95265715
IWN,4,0.05062538,0.94937462
IWN,4,0.05055926,0.94944074
IWN,4,0.71715299,0.28284701
IWN,4,0.05004259,0.94995741
IWN,4,0.09117534,0.90882466
IWN,4,0.07993858,0.92006142
IWN,4,0.06424005,0.93575995
IWN,4,0.05995009,0.94004991
IWN,4,0.04560621,0.95439379
IWN,4,0.06525201,0.93474799
IWN,4,0.07679021,0.92320979
IWN,4,0.10359344,0.89640656
IWN,4,0.04630274,0.95369726
IWN,4,0.05590710,0.94409290
IWN,4,0.05225524,0.94774476
IWN,4,0.05338895,0.94661105
IWN,4,0.18354931,0.81645069
IWN,4,0.04811284,0.95188716
IWN,4,0.20834148,0.79165852
IWN,4,0.06421411,0.93578589
IWN,4,0.06125423,0.93874577
IWN,4,0.04516939,0.95483061
IWN,4,0.04555214,0.95444786
IWN,4,0.07348946,0.92651054
IWN,4,0.05049499,0.94950501
IWN,4,0.04517911,0.95482089
IWN,4,0.06399721,0.93600279
IWN,4,0.05650973,0.94349027
IWN,4,0.04726293,0.95273707
IWN,4,0.04575428,0.95424572
IWN,4,0.04673470,0.95326530
IWN,4,0.04520445,0.95479555
IWN,4,0.05946215,0.94053785
IWN,4,0.16475159,0.83524841
IWN,4,0.05609670,0.94390330
IWN,4,0.04660458,0.95339542
IWN,4,0.11932889,0.88067111
IWN,4,0.07364496,0.92635504
IWN,4,0.08117387,0.91882613
IWN,4,0.05035485,0.94964515
IWN,4,0.11257894,0.88742106
IWN,4,0.06764287,0.93235713
IWN,4,0.04891907,0.95108093
IWN,4,0.07309623,0.92690377
IWN,4,0.04527278,0.95472722
IWN,4,0.04807792,0.95192208
IWN,4,0.09856188,0.90143812
IWN,4,0.06605033,0.93394967
IWN,4,0.11705408,0.88294592
IWN,4,0.05473734,0.94526266
IWN,4,0.04527922,0.95472078
IWN,4,0.04617884,0.95382116
IWN,4,0.04538339,0.95461661
IWN,4,0.05992220,0.94007780
IWN,4,0.05273438,0.94726562
IWN,4,0.04564225,0.95435775
IWN,4,0.05256059,0.94743941
IWN,4,0.06558152,0.93441848
IWN,4,0.06048121,0.93951879
IWN,4,0.04707930,0.95292070
IWN,4,0.04516607,0.95483393
IWN,4,0.06209254,0.93790746
IWN,4,0.05353521,0.94646479
IWN,4,0.04693242,0.95306758
IWN,4,0.07756671,0.92243329
IWN,4,0.95567069,0.04432931
IWN,4,0.07017546,0.92982454
IWN,4,0.14044714,0.85955286
IWN,4,0.91933498,0.08066502
IWN,4,0.04559259,0.95440741
IWN,4,0.16762418,0.83237582
IWN,4,0.05312671,0.94687329
IWN,4,0.10809321,0.89190679
IWN,4,0.08147546,0.91852454
IWN,4,0.14905938,0.85094062
IWN,4,0.08712055,0.91287945
IWN,4,0.13650937,0.86349063
IWN,4,0.06674153,0.93325847
IWN,4,0.04881173,0.95118827
IWN,4,0.05001457,0.94998543
IWN,4,0.67601122,0.32398878
IWN,4,0.90281270,0.09718730
IWN,4,0.93058038,0.06941962
IWN,4,0.06034619,0.93965381
IWN,4,0.05611298,0.94388702
IWN,4,0.15233907,0.84766093
IWN,4,0.04896325,0.95103675
IWN,4,0.07272868,0.92727132
IWN,4,0.10849180,0.89150820
IWN,4,0.04884618,0.95115382
IWN,4,0.32928484,0.67071516
IWN,4,0.05127641,0.94872359
IWN,4,0.07398288,0.92601712
IWN,4,0.08113935,0.91886065
IWN,4,0.06590803,0.93409197
IWN,4,0.05073283,0.94926717
IWN,4,0.81017339,0.18982661
IWN,4,0.04634964,0.95365036
IWN,4,0.06199564,0.93800436
IWN,4,0.04742362,0.95257638
IWN,4,0.05354177,0.94645823
IWN,4,0.05119041,0.94880959
IWN,4,0.48589427,0.51410573
IWN,4,0.04865882,0.95134118
IWN,4,0.04891396,0.95108604
IWN,4,0.11619821,0.88380179
IWN,4,0.04634954,0.95365046
IWN,4,0.04517254,0.95482746
IWN,4,0.04545478,0.95454522
IWN,4,0.07354305,0.92645695
IWN,4,0.39599838,0.60400162
IWN,4,0.05485003,0.94514997
IWN,4,0.05495418,0.94504582
IWN,4,0.04562003,0.95437997
IWN,4,0.15595783,0.84404217
IWN,4,0.09039604,0.90960396
IWN,4,0.04704162,0.95295838
IWN,4,0.04516935,0.95483065
IWN,4,0.09317673,0.90682327
IWN,4,0.04987754,0.95012246
IWN,4,0.05448678,0.94551322
IWN,4,0.04671452,0.95328548
IWN,4,0.10336080,0.89663920
IWN,4,0.04767948,0.95232052
IWN,4,0.04980577,0.95019423
IWN,4,0.08028618,0.91971382
IWN,4,0.05459298,0.94540702
IWN,4,0.04677283,0.95322717
IWN,4,0.04730867,0.95269133
IWN,4,0.04927207,0.95072793
IWN,4,0.16181980,0.83818020
IWN,4,0.05476115,0.94523885
IWN,4,0.04577820,0.95422180
IWN,4,0.13683324,0.86316676
IWN,4,0.04519420,0.95480580
IWN,4,0.04529255,0.95470745
IWN,4,0.22074820,0.77925180
IWN,4,0.04736936,0.95263064
IWN,4,0.05054440,0.94945560
IWN,4,0.04651864,0.95348136
IWN,4,0.05411106,0.94588894
IWN,4,0.12377690,0.87622310
IWN,4,0.04755860,0.95244140
IWN,4,0.04520678,0.95479322
IWN,4,0.10778874,0.89221126
IWN,4,0.04517594,0.95482406
IWN,4,0.04867316,0.95132684
IWN,4,0.16153923,0.83846077
IWN,4,0.99999160,0.00000840
IWN,4,0.05792547,0.94207453
IWN,4,0.04842310,0.95157690
IWN,4,0.12813590,0.87186410
IWN,4,0.11515812,0.88484188
IWN,4,0.06651513,0.93348487
IWN,4,0.06435717,0.93564283
IWN,4,0.06713733,0.93286267
IWN,4,0.04526111,0.95473889
IWN,4,0.04541217,0.95458783
IWN,4,0.04519762,0.95480238
IWN,4,0.08832984,0.91167016
IWN,4,0.16979271,0.83020729
IWN,4,0.11810422,0.88189578
IWN,4,0.05931453,0.94068547
IWN,4,0.04566062,0.95433938
IWN,4,0.04556230,0.95443770
IWN,4,0.04530139,0.95469861
IWN,4,0.06290815,0.93709185
IWN,4,0.04530527,0.95469473
IWN,4,0.06548437,0.93451563
IWN,4,0.04516756,0.95483244
IWN,4,0.04522073,0.95477927
IWN,4,0.04610198,0.95389802
IWN,4,0.04783698,0.95216302
IWN,4,0.07616981,0.92383019
IWN,4,0.05497498,0.94502502
IWN,4,0.04573657,0.95426343
IWN,4,0.08663524,0.91336476
IWN,4,0.99494519,0.00505481
IWN,4,0.06033530,0.93966470
IWN,4,0.06176833,0.93823167
IWN,4,0.04535261,0.95464739
IWN,4,0.05740193,0.94259807
IWN,4,0.05948079,0.94051921
IWN,4,0.08919697,0.91080303
IWN,4,0.04977538,0.95022462
IWN,4,0.04671817,0.95328183
IWN,4,0.04537968,0.95462032
IWN,4,0.06837792,0.93162208
IWN,4,0.04590109,0.95409891
IWN,4,0.05381636,0.94618364
IWN,4,0.04816161,0.95183839
IWN,4,0.25569988,0.74430012
IWN,4,0.04804023,0.95195977
IWN,4,0.11073840,0.88926160
IWN,4,0.18479757,0.81520243
IWN,4,0.04518444,0.95481556
IWN,4,0.04752574,0.95247426
IWN,4,0.10250043,0.89749957
IWN,4,0.06040978,0.93959022
IWN,4,0.04582189,0.95417811
IWN,4,0.04525505,0.95474495
IWN,4,0.04613406,0.95386594
IWN,4,0.04809815,0.95190185
IWN,4,0.04830569,0.95169431
IWN,4,0.06708551,0.93291449
IWN,4,0.06000315,0.93999685
IWN,4,0.09625483,0.90374517
IWN,4,0.08449852,0.91550148
IWN,4,0.07102345,0.92897655
IWN,4,0.04517717,0.95482283
IWN,4,0.07855390,0.92144610
IWN,4,0.04656571,0.95343429
IWN,4,0.04605600,0.95394400
IWN,4,0.07984920,0.92015080
IWN,4,0.06188348,0.93811652
IWN,4,0.04521631,0.95478369
IWN,4,0.04806985,0.95193015
IWN,4,0.04993060,0.95006940
IWN,4,0.05928134,0.94071866
IWN,4,0.27104569,0.72895431
IWN,4,0.05179471,0.94820529
IWN,4,0.04537154,0.95462846
IWN,4,0.04559465,0.95440535
IWN,4,0.06501978,0.93498022
IWN,4,0.05678116,0.94321884
IWN,4,0.20467715,0.79532285
IWN,4,0.11348013,0.88651987
IWN,4,0.05585586,0.94414414
IWN,4,0.06610491,0.93389509
IWN,4,0.04638360,0.95361640
IWN,4,0.40048231,0.59951769
IWN,4,0.04656536,0.95343464
IWN,4,0.04520398,0.95479602
IWN,4,0.08785901,0.91214099
IWN,4,0.24329563,0.75670437
IWN,4,0.07498793,0.92501207
IWN,4,0.04918245,0.95081755
IWN,4,0.07587890,0.92412110
IWN,4,0.04798934,0.95201066
IWN,4,0.05635379,0.94364621
IWN,4,0.20241374,0.79758626
IWN,4,0.05123199,0.94876801
IWN,4,0.04972388,0.95027612
IWN,4,0.04573792,0.95426208
IWN,4,0.18953000,0.81047000
IWN,4,0.04630946,0.95369054
IWN,4,0.04516593,0.95483407
IWN,4,0.08562566,0.91437434
IWN,4,0.99999969,0.00000031
IWN,4,0.99272171,0.00727829
IWN,4,0.10647872,0.89352128
IWN,4,0.32711837,0.67288163
IWN,4,0.99999995,0.00000005
IWN,4,0.95141937,0.04858063
IWN,4,0.05437434,0.94562566
IWN,4,0.07315758,0.92684242
IWN,4,0.04965702,0.95034298
IWN,4,0.04959562,0.95040438
IWN,4,0.06271749,0.93728251
IWN,4,0.11318072,0.88681928
IWN,4,0.32328315,0.67671685
IWN,4,0.07264399,0.92735601
IWN,4,0.11433952,0.88566048
IWN,4,0.04572933,0.95427067
IWN,4,0.04885748,0.95114252
IWN,4,0.04854694,0.95145306
IWN,4,0.05460681,0.94539319
IWN,4,0.04962542,0.95037458
IWN,4,0.21927136,0.78072864
IWN,4,0.05516684,0.94483316
IWN,4,0.05929909,0.94070091
IWN,4,0.04596451,0.95403549
IWN,4,0.13341370,0.86658630
IWN,4,0.04553513,0.95446487
IWN,4,0.67280834,0.32719166
IWN,4,0.04750249,0.95249751
IWN,4,0.06390753,0.93609247
IWN,4,0.05456185,0.94543815
IWN,4,0.05421888,0.94578112
IWN,4,0.04830477,0.95169523
IWN,4,0.04547046,0.95452954
IWN,4,0.60156424,0.39843576
IWN,4,0.04663407,0.95336593
IWN,4,0.04653724,0.95346276
IWN,4,0.37063327,0.62936673
IWN,4,0.07222426,0.92777574
IWN,4,0.04901659,0.95098341
IWN,4,0.05139748,0.94860252
IWN,4,0.04523553,0.95476447
IWN,4,0.10297826,0.89702174
IWN,4,0.04749123,0.95250877
IWN,4,0.04542787,0.95457213
IWN,4,0.10706796,0.89293204
IWN,4,0.06298240,0.93701760
IWN,4,0.06208834,0.93791166
IWN,4,0.04828734,0.95171266
IWN,4,0.04657133,0.95342867
IWN,4,0.13880417,0.86119583
IWN,4,0.06001506,0.93998494
IWN,4,0.06251470,0.93748530
IWN,4,0.04944609,0.95055391
IWN,4,0.04590011,0.95409989
IWN,4,0.09942301,0.90057699
IWN,4,0.06143273,0.93856727
IWN,4,0.06718914,0.93281086
IWN,4,0.10736732,0.89263268
IWN,4,0.04549532,0.95450468
IWN,4,0.04519840,0.95480160
IWN,4,0.19703545,0.80296455
IWN,4,0.14358206,0.85641794
IWN,4,0.05640594,0.94359406
IWN,4,0.10960202,0.89039798
IWN,4,0.05970039,0.94029961
IWN,4,0.05938428,0.94061572
IWN,4,0.06370059,0.93629941
IWN,4,0.06768184,0.93231816
IWN,4,0.04614130,0.95385870
IWN,4,0.32671628,0.67328372
IWN,4,0.05159975,0.94840025
IWN,4,0.07415983,0.92584017
IWN,4,0.05056648,0.94943352
IWN,4,0.04536395,0.95463605
IWN,4,0.10243212,0.89756788
IWN,4,0.08549769,0.91450231
IWN,4,0.09556995,0.90443005
IWN,4,0.04523103,0.95476897
IWN,4,0.04531153,0.95468847
IWN,4,0.05286967,0.94713033
IWN,4,0.08788891,0.91211109
IWN,4,0.07459249,0.92540751
IWN,4,0.21417463,0.78582537
IWN,4,0.12191071,0.87808929
IWN,4,0.05765599,0.94234401
IWN,4,0.04524193,0.95475807
IWN,4,0.04637114,0.95362886
IWN,4,0.04591754,0.95408246
IWN,4,0.04540912,0.95459088
IWN,4,0.68522811,0.31477189
IWN,4,0.29057767,0.70942233
IWN,4,0.06799261,0.93200739
IWN,4,0.05700020,0.94299980
IWN,4,0.04725622,0.95274378
IWN,4,0.04517771,0.95482229
IWN,4,0.04892205,0.95107795
IWN,4,0.04519118,0.95480882
IWN,4,0.98278782,0.01721218
IWN,4,0.05226494,0.94773506
IWN,4,0.04889976,0.95110024
IWN,4,0.05939849,0.94060151
IWN,4,0.04555568,0.95444432
IWN,4,0.04520244,0.95479756
IWN,4,0.05003859,0.94996141
IWN,4,0.04529860,0.95470140
IWN,4,0.08172238,0.91827762
IWN,4,0.04981374,0.95018626
IWN,4,0.04518728,0.95481272
IWN,4,0.05498635,0.94501365
IWN,4,0.04520098,0.95479902
IWN,4,0.11853725,0.88146275
IWN,4,0.06660829,0.93339171
IWN,4,0.04676387,0.95323613
IWN,4,0.04598057,0.95401943
IWN,4,0.04523495,0.95476505
IWN,4,0.23425080,0.76574920
IWN,4,0.06783512,0.93216488
IWN,4,0.04607789,0.95392211
IWN,4,0.04519672,0.95480328
IWN,4,0.04615589,0.95384411
IWN,4,0.06734276,0.93265724
IWN,4,0.05934736,0.94065264
IWN,4,0.04516601,0.95483399
IWN,4,0.04544141,0.95455859
IWN,4,0.04801568,0.95198432
IWN,4,0.04681338,0.95318662
IWN,4,0.05703602,0.94296398
IWN,4,0.04608910,0.95391090
IWN,4,0.07285484,0.92714516
IWN,4,0.05460197,0.94539803
IWN,4,0.05564625,0.94435375
IWN,4,0.67731987,0.32268013
IWN,4,0.18875054,0.81124946
IWN,4,0.20636504,0.79363496
IWN,4,0.05744186,0.94255814
IWN,4,0.27847139,0.72152861
IWN,4,0.04625994,0.95374006
IWN,4,0.20310295,0.79689705
IWN,4,0.04686485,0.95313515
IWN,4,0.06562915,0.93437085
IWN,4,0.05919351,0.94080649
IWN,4,0.08534442,0.91465558
IWN,4,0.04533525,0.95466475
IWN,4,0.05129132,0.94870868
IWN,4,0.08384732,0.91615268
IWN,4,0.05541010,0.94458990
IWN,4,0.04590835,0.95409165
IWN,4,0.04521035,0.95478965
IWN,4,0.08871482,0.91128518
IWN,4,0.07220927,0.92779073
IWN,4,0.08337169,0.91662831
IWN,4,0.05252319,0.94747681
IWN,4,0.05715693,0.94284307
IWN,4,0.04851571,0.95148429
IWN,4,0.04533837,0.95466163
IWN,4,0.15776583,0.84223417
IWN,4,0.04527371,0.95472629
IWN,4,0.22551728,0.77448272
IWN,4,0.04765847,0.95234153
IWN,4,0.04646142,0.95353858
IWN,4,0.09208638,0.90791362
IWN,4,0.52517045,0.47482955
IWN,4,0.08900799,0.91099201
IWN,4,0.30775080,0.69224920
IWN,4,0.05782627,0.94217373
IWN,4,0.04843010,0.95156990
IWN,4,0.05285777,0.94714223
IWN,4,0.04807825,0.95192175
IWN,4,0.15285894,0.84714106
IWN,4,0.04654445,0.95345555
IWN,4,0.04548359,0.95451641
IWN,4,0.04560764,0.95439236
IWN,4,0.04727785,0.95272215
IWN,4,0.17371939,0.82628061
IWN,4,0.06655136,0.93344864
IWN,4,0.06885427,0.93114573
IWN,4,0.04911885,0.95088115
IWN,4,0.05219084,0.94780916
IWN,4,0.04817962,0.95182038
IWN,4,0.04787474,0.95212526
IWN,4,0.04518909,0.95481091
IWN,4,0.05368111,0.94631889
IWN,4,0.05136511,0.94863489
IWN,4,0.04631178,0.95368822
IWN,4,0.04692057,0.95307943
IWN,4,0.04891914,0.95108086
IWN,4,0.05149686,0.94850314
IWN,4,0.05755634,0.94244366
IWN,4,0.06046294,0.93953706
IWN,4,0.08515305,0.91484695
IWN,4,0.10524270,0.89475730
IWN,4,0.04680509,0.95319491
IWN,4,0.09124258,0.90875742
IWN,4,0.05388497,0.94611503
IWN,4,0.04662940,0.95337060
IWN,4,0.04541178,0.95458822
IWN,4,0.06487586,0.93512414
IWN,4,0.06353749,0.93646251
IWN,4,0.04517347,0.95482653
IWN,4,0.08761361,0.91238639
IWN,4,0.32230243,0.67769757
IWN,4,0.05903542,0.94096458
IWN,4,0.13109667,0.86890333
IWN,4,0.04936408,0.95063592
IWN,4,0.04846111,0.95153889
IWN,4,0.05002429,0.94997571
IWN,4,0.05190699,0.94809301
IWN,4,0.06505964,0.93494036
IWN,4,0.06504657,0.93495343
IWN,4,0.06081847,0.93918153
IWN,4,0.04569923,0.95430077
IWN,4,0.11004436,0.88995564
IWN,4,0.47178864,0.52821136
IWN,4,0.04922374,0.95077626
IWN,4,0.04527445,0.95472555
IWN,4,0.04574406,0.95425594
IWN,4,0.12318770,0.87681230
IWN,4,0.08813217,0.91186783
IWN,4,0.04524777,0.95475223
IWN,4,0.04517636,0.95482364
IWN,4,0.04601477,0.95398523
