dataset,p,component_1,component_2
QQQ,5,0.81010829,0.18989171
QQQ,5,0.24766266,0.75233734
QQQ,5,0.99647727,0.00352273
QQQ,5,0.95475038,0.04524962
QQQ,5,0.99369375,0.00630625
QQQ,5,0.16572692,0.83427308
QQQ,5,0.99549240,0.00450760
QQQ,5,0.13772641,0.86227359
QQQ,5,0.25996275,0.74003725
QQQ,5,0.56881205,0.43118795
QQQ,5,0.99390752,0.00609248
QQQ,5,0.13766122,0.86233878
QQQ,5,0.17077809,0.82922191
QQQ,5,0.16368420,0.83631580
QQQ,5,0.15000553,0.84999447
QQQ,5,0.14260551,0.85739449
QQQ,5,0.27646659,0.72353341
QQQ,5,0.99369116,0.00630884
QQQ,5,0.20939996,0.79060004
QQQ,5,0.95892011,0.04107989
QQQ,5,0.99999022,0.00000978
QQQ,5,0.45390355,0.54609645
QQQ,5,0.99994265,0.00005735
QQQ,5,0.94387509,0.05612491
QQQ,5,0.38215322,0.61784678
QQQ,5,0.81242104,0.18757896
QQQ,5,0.24566193,0.75433807
QQQ,5,0.98531572,0.01468428
QQQ,5,0.19534873,0.80465127
QQQ,5,0.13338729,0.86661271
QQQ,5,0.14178089,0.85821911
QQQ,5,0.37742426,0.62257574
QQQ,5,0.91706399,0.08293601
QQQ,5,0.99424217,0.00575783
QQQ,5,0.26741194,0.73258806
QQQ,5,0.18266807,0.81733193
QQQ,5,0.37226699,0.62773301
QQQ,5,0.66733951,0.33266049
QQQ,5,0.40108597,0.59891403
QQQ,5,0.48553730,0.51446270
QQQ,5,0.37482950,0.62517050
QQQ,5,0.13311882,0.86688118
QQQ,5,0.29179024,0.70820976
QQQ,5,0.89052232,0.10947768
QQQ,5,0.19937347,0.80062653
QQQ,5,0.88637782,0.11362218
QQQ,5,0.99277483,0.00722517
QQQ,5,0.77130662,0.22869338
QQQ,5,0.12346952,0.87653048
QQQ,5,0.39128025,0.60871975
QQQ,5,0.64069225,0.35930775
QQQ,5,0.36000301,0.63999699
QQQ,5,0.28223673,0.71776327
QQQ,5,0.94739535,0.05260465
QQQ,5,0.65555191,0.34444809
QQQ,5,0.71780316,0.28219684
QQQ,5,0.38620383,0.61379617
QQQ,5,0.21950645,0.78049355
QQQ,5,0.32345734,0.67654266
QQQ,5,0.55813672,0.44186328
QQQ,5,0.24910599,0.75089401
QQQ,5,0.99999062,0.00000938
QQQ,5,0.28969674,0.71030326
QQQ,5,0.15823928,0.84176072
QQQ,5,0.96230155,0.03769845
QQQ,5,0.90926488,0.09073512
QQQ,5,0.35761577,0.64238423
QQQ,5,0.54977900,0.45022100
QQQ,5,0.12398123,0.87601877
QQQ,5,0.70010896,0.29989104
QQQ,5,0.29776023,0.70223977
QQQ,5,0.40956608,0.59043392
QQQ,5,0.16931272,0.83068728
QQQ,5,0.28891665,0.71108335
QQQ,5,0.13571893,0.86428107
QQQ,5,0.12463994,0.87536006
QQQ,5,0.27173553,0.72826447
QQQ,5,0.20869933,0.79130067
QQQ,5,0.13106311,0.86893689
QQQ,5,0.13362710,0.86637290
QQQ,5,0.38385548,0.61614452
QQQ,5,0.19371583,0.80628417
QQQ,5,0.20225724,0.79774276
QQQ,5,0.17884390,0.82115610
QQQ,5,0.99838930,0.00161070
QQQ,5,0.12541726,0.87458274
QQQ,5,0.89009433,0.10990567
QQQ,5,0.12188804,0.87811196
QQQ,5,0.85656979,0.14343021
QQQ,5,0.43660314,0.56339686
QQQ,5,0.51188753,0.48811247
QQQ,5,0.56218367,0.43781633
QQQ,5,0.13798414,0.86201586
QQQ,5,0.13092232,0.86907768
QQQ,5,0.15246395,0.84753605
QQQ,5,0.48695679,0.51304321
QQQ,5,0.29044872,0.70955128
QQQ,5,0.21033770,0.78966230
QQQ,5,0.26299562,0.73700438
QQQ,5,0.19727935,0.80272065
QQQ,5,0.96274128,0.03725872
QQQ,5,0.20143913,0.79856087
QQQ,5,0.99971077,0.00028923
QQQ,5,0.19556615,0.80443385
QQQ,5,0.15706278,0.84293722
QQQ,5,0.18785836,0.81214164
QQQ,5,0.23533081,0.76466919
QQQ,5,0.32573903,0.67426097
QQQ,5,0.96953125,0.03046875
QQQ,5,0.17861298,0.82138702
QQQ,5,0.70973746,0.29026254
QQQ,5,0.31333357,0.68666643
QQQ,5,0.18432882,0.81567118
QQQ,5,0.31491253,0.68508747
QQQ,5,0.18855123,0.81144877
QQQ,5,0.15429212,0.84570788
QQQ,5,0.12739350,0.87260650
QQQ,5,0.99988154,0.00011846
QQQ,5,0.12431235,0.87568765
QQQ,5,0.22510618,0.77489382
QQQ,5,0.28392312,0.71607688
QQQ,5,0.22898568,0.77101432
QQQ,5,0.20199094,0.79800906
QQQ,5,0.13997720,0.86002280
QQQ,5,0.52994556,0.47005444
QQQ,5,0.12284782,0.87715218
QQQ,5,0.92563139,0.07436861
QQQ,5,0.12957974,0.87042026
QQQ,5,0.70415542,0.29584458
QQQ,5,0.18484428,0.81515572
QQQ,5,0.99963445,0.00036555
QQQ,5,0.12208223,0.87791777
QQQ,5,0.13783532,0.86216468
QQQ,5,0.13266330,0.86733670
QQQ,5,0.54039355,0.45960645
QQQ,5,0.17952597,0.82047403
QQQ,5,0.12183850,0.87816150
QQQ,5,0.68638561,0.31361439
QQQ,5,0.16980413,0.83019587
QQQ,5,0.61242819,0.38757181
QQQ,5,0.12192366,0.87807634
QQQ,5,0.22259817,0.77740183
QQQ,5,0.32391464,0.67608536
QQQ,5,0.63218405,0.36781595
QQQ,5,0.95520541,0.04479459
QQQ,5,0.12993509,0.87006491
QQQ,5,0.96471539,0.03528461
QQQ,5,0.30823307,0.69176693
QQQ,5,0.12681822,0.87318178
QQQ,5,0.93082697,0.06917303
QQQ,5,0.43910324,0.56089676
QQQ,5,0.12558789,0.87441211
QQQ,5,0.12293655,0.87706345
QQQ,5,0.16143582,0.83856418
QQQ,5,0.12331515,0.87668485
QQQ,5,0.98537059,0.01462941
QQQ,5,0.99389889,0.00610111
QQQ,5,0.12362680,0.87637320
QQQ,5,0.12506551,0.87493449
QQQ,5,0.56612206,0.43387794
QQQ,5,0.25454425,0.74545575
QQQ,5,0.23429030,0.76570970
QQQ,5,0.62265169,0.37734831
QQQ,5,0.13605036,0.86394964
QQQ,5,0.28866094,0.71133906
QQQ,5,0.47881031,0.52118969
QQQ,5,0.31519982,0.68480018
QQQ,5,0.12182315,0.87817685
QQQ,5,0.84095298,0.15904702
QQQ,5,0.22873418,0.77126582
QQQ,5,0.96104795,0.03895205
QQQ,5,0.20214903,0.79785097
QQQ,5,0.77542013,0.22457987
QQQ,5,0.96105740,0.03894260
QQQ,5,0.97111193,0.02888807
QQQ,5,0.13280921,0.86719079
QQQ,5,0.32763983,0.67236017
QQQ,5,0.97572974,0.02427026
QQQ,5,0.23217733,0.76782267
QQQ,5,0.95904073,0.04095927
QQQ,5,0.70930983,0.29069017
QQQ,5,0.22263970,0.77736030
QQQ,5,0.12361391,0.87638609
QQQ,5,0.21277410,0.78722590
QQQ,5,0.12317185,0.87682815
QQQ,5,0.14537702,0.85462298
QQQ,5,0.49424464,0.50575536
QQQ,5,0.39651135,0.60348865
QQQ,5,0.45272475,0.54727525
QQQ,5,0.86184830,0.13815170
QQQ,5,0.19496531,0.80503469
QQQ,5,0.32103609,0.67896391
QQQ,5,0.99990276,0.00009724
QQQ,5,0.17594316,0.82405684
QQQ,5,0.17059994,0.82940006
QQQ,5,0.12369504,0.87630496
QQQ,5,0.13574356,0.86425644
QQQ,5,0.99544364,0.00455636
QQQ,5,0.17654882,0.82345118
QQQ,5,0.12187447,0.87812553
QQQ,5,0.99432494,0.00567506
QQQ,5,1.00000000,0.00000000
QQQ,5,0.71752410,0.28247590
QQQ,5,1.00000000,0.00000000
QQQ,5,1.00000000,0.00000000
QQQ,5,0.99972606,0.00027394
QQQ,5,0.99860358,0.00139642
QQQ,5,0.50447245,0.49552755
QQQ,5,0.99999168,0.00000832
QQQ,5,0.46421231,0.53578769
QQQ,5,0.41364211,0.58635789
QQQ,5,0.33093328,0.66906672
QQQ,5,0.13211760,0.86788240
QQQ,5,0.18487421,0.81512579
QQQ,5,0.99999755,0.00000245
QQQ,5,0.46067016,0.53932984
QQQ,5,0.99926125,0.00073875
QQQ,5,0.17784246,0.82215754
QQQ,5,0.99999953,0.00000047
QQQ,5,0.99986629,0.00013371
QQQ,5,0.90190702,0.09809298
QQQ,5,0.15027151,0.84972849
QQQ,5,0.99476640,0.00523360
QQQ,5,0.20038809,0.79961191
QQQ,5,0.45857793,0.54142207
QQQ,5,0.99902516,0.00097484
QQQ,5,0.93052999,0.06947001
QQQ,5,0.97614893,0.02385107
QQQ,5,0.95776338,0.04223662
QQQ,5,0.12801155,0.87198845
QQQ,5,0.16845662,0.83154338
QQQ,5,0.12536257,0.87463743
QQQ,5,0.49957549,0.50042451
QQQ,5,0.94513847,0.05486153
QQQ,5,0.12520436,0.87479564
QQQ,5,0.99999815,0.00000185
QQQ,5,0.81437040,0.18562960
QQQ,5,0.45488485,0.54511515
QQQ,5,0.13097781,0.86902219
QQQ,5,0.95333747,0.04666253
QQQ,5,0.16189915,0.83810085
QQQ,5,0.63841811,0.36158189
QQQ,5,0.99884314,0.00115686
QQQ,5,0.51779785,0.48220215
QQQ,5,0.25439748,0.74560252
QQQ,5,0.39469538,0.60530462
QQQ,5,0.96101832,0.03898168
QQQ,5,0.12183072,0.87816928
QQQ,5,0.93834116,0.06165884
QQQ,5,0.99874673,0.00125327
QQQ,5,0.99944555,0.00055445
QQQ,5,0.99997622,0.00002378
QQQ,5,0.62820123,0.37179877
QQQ,5,0.95241093,0.04758907
QQQ,5,0.99735875,0.00264125
QQQ,5,0.71862790,0.28137210
QQQ,5,0.75797424,0.24202576
QQQ,5,0.34470995,0.65529005
QQQ,5,0.12529236,0.87470764
QQQ,5,0.49992269,0.50007731
QQQ,5,0.99912538,0.00087462
QQQ,5,0.98011908,0.01988092
QQQ,5,0.39935150,0.60064850
QQQ,5,0.99999988,0.00000012
QQQ,5,0.95134003,0.04865997
QQQ,5,0.66117892,0.33882108
QQQ,5,0.94177707,0.05822293
QQQ,5,0.99353797,0.00646203
QQQ,5,0.99999968,0.00000032
QQQ,5,0.78417408,0.21582592
QQQ,5,1.00000000,0.00000000
QQQ,5,0.99722720,0.00277280
QQQ,5,1.00000000,0.00000000
QQQ,5,1.00000000,0.00000000
QQQ,5,0.95438167,0.04561833
QQQ,5,0.82508230,0.17491770
QQQ,5,0.78617578,0.21382422
QQQ,5,0.78958550,0.21041450
QQQ,5,0.99999998,0.00000002
QQQ,5,0.97499704,0.02500296
QQQ,5,0.99987445,0.00012555
QQQ,5,0.99132486,0.00867514
QQQ,5,0.39293322,0.60706678
QQQ,5,0.99999994,0.00000006
QQQ,5,0.18383697,0.81616303
QQQ,5,0.13833387,0.86166613
QQQ,5,0.81895808,0.18104192
QQQ,5,0.99154761,0.00845239
QQQ,5,0.98286142,0.01713858
QQQ,5,1.00000000,0.00000000
QQQ,5,0.99999703,0.00000297
QQQ,5,0.12244173,0.87755827
QQQ,5,0.99994317,0.00005683
QQQ,5,0.94560184,0.05439816
QQQ,5,0.42166426,0.57833574
QQQ,5,0.99784350,0.00215650
QQQ,5,0.99999266,0.00000734
QQQ,5,0.12193233,0.87806767
QQQ,5,1.00000000,0.00000000
QQQ,5,0.99999887,0.00000113
QQQ,5,0.94956323,0.05043677
QQQ,5,0.12352774,0.87647226
QQQ,5,1.00000000,0.00000000
QQQ,5,0.80977964,0.19022036
QQQ,5,0.99999974,0.00000026
QQQ,5,1.00000000,0.00000000
QQQ,5,0.19937689,0.80062311
QQQ,5,0.51940986,0.48059014
QQQ,5,0.66730901,0.33269099
QQQ,5,0.12899973,0.87100027
QQQ,5,0.15490905,0.84509095
QQQ,5,0.89246331,0.10753669
QQQ,5,0.98069654,0.01930346
QQQ,5,0.59535272,0.40464728
QQQ,5,0.42662682,0.57337318
QQQ,5,0.13349238,0.86650762
QQQ,5,0.99782613,0.00217387
QQQ,5,0.17396023,0.82603977
QQQ,5,0.13767602,0.86232398
QQQ,5,0.99838415,0.00161585
QQQ,5,0.99194071,0.00805929
QQQ,5,0.76583641,0.23416359
QQQ,5,0.36994290,0.63005710
QQQ,5,0.23718303,0.76281697
QQQ,5,0.75372194,0.24627806
QQQ,5,0.31609208,0.68390792
QQQ,5,0.59301203,0.40698797
QQQ,5,0.99886939,0.00113061
QQQ,5,0.98893006,0.01106994
QQQ,5,0.17945359,0.82054641
QQQ,5,0.19885261,0.80114739
QQQ,5,0.21043445,0.78956555
QQQ,5,0.99756950,0.00243050
QQQ,5,0.66492156,0.33507844
QQQ,5,0.53802667,0.46197333
QQQ,5,0.19928464,0.80071536
QQQ,5,0.55429169,0.44570831
QQQ,5,0.87477832,0.12522168
QQQ,5,0.98735177,0.01264823
QQQ,5,0.91813414,0.08186586
QQQ,5,0.97115045,0.02884955
QQQ,5,0.34028336,0.65971664
QQQ,5,0.14159293,0.85840707
QQQ,5,0.99970913,0.00029087
QQQ,5,0.99999976,0.00000024
QQQ,5,0.81111503,0.18888497
QQQ,5,0.27434273,0.72565727
QQQ,5,0.45288069,0.54711931
QQQ,5,0.99962161,0.00037839
QQQ,5,0.16231112,0.83768888
QQQ,5,0.86075297,0.13924703
QQQ,5,0.12302763,0.87697237
QQQ,5,0.12823266,0.87176734
QQQ,5,0.44635450,0.55364550
QQQ,5,0.17952149,0.82047851
QQQ,5,0.67796909,0.32203091
QQQ,5,0.12634891,0.87365109
QQQ,5,0.13696299,0.86303701
QQQ,5,0.65136552,0.34863448
QQQ,5,0.12300578,0.87699422
QQQ,5,0.15893225,0.84106775
QQQ,5,0.12606184,0.87393816
QQQ,5,0.37914138,0.62085862
QQQ,5,0.40374037,0.59625963
QQQ,5,0.12186303,0.87813697
QQQ,5,0.12327754,0.87672246
QQQ,5,0.13268010,0.86731990
QQQ,5,0.12258763,0.87741237
QQQ,5,0.95111394,0.04888606
QQQ,5,0.16300204,0.83699796
QQQ,5,0.90203989,0.09796011
QQQ,5,0.99429031,0.00570969
QQQ,5,0.51939100,0.48060900
QQQ,5,0.99227223,0.00772777
QQQ,5,0.75914530,0.24085470
QQQ,5,0.50266648,0.49733352
QQQ,5,0.56438649,0.43561351
QQQ,5,0.12193749,0.87806251
QQQ,5,0.62658280,0.37341720
QQQ,5,0.47299098,0.52700902
QQQ,5,0.99745927,0.00254073
QQQ,5,0.28785295,0.71214705
QQQ,5,0.67901121,0.32098879
QQQ,5,0.13960214,0.86039786
QQQ,5,0.95735267,0.04264733
QQQ,5,0.32987314,0.67012686
QQQ,5,0.13226342,0.86773658
QQQ,5,0.96814413,0.03185587
QQQ,5,0.99870244,0.00129756
QQQ,5,0.72538970,0.27461030
QQQ,5,0.99961398,0.00038602
QQQ,5,0.70981507,0.29018493
QQQ,5,0.12492316,0.87507684
QQQ,5,0.98620170,0.01379830
QQQ,5,0.14812092,0.85187908
QQQ,5,0.99999966,0.00000034
QQQ,5,0.52864092,0.47135908
QQQ,5,0.93456068,0.06543932
QQQ,5,1.00000000,0.00000000
QQQ,5,0.15555767,0.84444233
QQQ,5,0.99844782,0.00155218
QQQ,5,0.13424759,0.86575241
QQQ,5,1.00000000,0.00000000
QQQ,5,0.53070052,0.46929948
QQQ,5,0.12780372,0.87219628
QQQ,5,0.99969476,0.00030524
QQQ,5,0.99999995,0.00000005
QQQ,5,0.60704884,0.39295116
QQQ,5,0.13022209,0.86977791
QQQ,5,0.99709567,0.00290433
QQQ,5,0.99999997,0.00000003
QQQ,5,0.15675407,0.84324593
QQQ,5,0.29959426,0.70040574
QQQ,5,0.28301998,0.71698002
QQQ,5,0.14739436,0.85260564
QQQ,5,0.12645567,0.87354433
QQQ,5,1.00000000,0.00000000
QQQ,5,0.13679355,0.86320645
QQQ,5,0.99999987,0.00000013
QQQ,5,0.91481026,0.08518974
QQQ,5,1.00000000,0.00000000
QQQ,5,0.64168002,0.35831998
QQQ,5,0.99999968,0.00000032
QQQ,5,0.12594918,0.87405082
QQQ,5,0.99979755,0.00020245
QQQ,5,0.13097254,0.86902746
QQQ,5,0.99997546,0.00002454
QQQ,5,0.99999639,0.00000361
QQQ,5,0.22826676,0.77173324
QQQ,5,0.99999998,0.00000002
QQQ,5,0.99965300,0.00034700
QQQ,5,0.13515526,0.86484474
QQQ,5,0.28031141,0.71968859
QQQ,5,0.13798987,0.86201013
QQQ,5,1.00000000,0.00000000
QQQ,5,0.98240168,0.01759832
QQQ,5,0.52762910,0.47237090
QQQ,5,0.60409177,0.39590823
QQQ,5,1.00000000,0.00000000
QQQ,5,0.95688439,0.04311561
QQQ,5,0.99869398,0.00130602
QQQ,5,0.99999828,0.00000172
QQQ,5,0.90191091,0.09808909
QQQ,5,0.12342823,0.87657177
QQQ,5,1.00000000,0.00000000
QQQ,5,1.00000000,0.00000000
QQQ,5,0.12399778,0.87600222
QQQ,5,1.00000000,0.00000000
QQQ,5,0.18265932,0.81734068
QQQ,5,0.28637206,0.71362794
QQQ,5,0.12197652,0.87802348
QQQ,5,0.99999125,0.00000875
QQQ,5,1.00000000,0.00000000
QQQ,5,1.00000000,0.00000000
QQQ,5,0.29131289,0.70868711
QQQ,5,1.00000000,0.00000000
QQQ,5,0.15177446,0.84822554
QQQ,5,0.12828503,0.87171497
QQQ,5,0.99999456,0.00000544
QQQ,5,0.96222625,0.03777375
QQQ,5,0.35772445,0.64227555
QQQ,5,0.17792394,0.82207606
QQQ,5,0.95994830,0.04005170
QQQ,5,0.99973549,0.00026451
QQQ,5,0.12185289,0.87814711
QQQ,5,0.12792637,0.87207363
QQQ,5,0.62262660,0.37737340
QQQ,5,0.16076418,0.83923582
QQQ,5,0.99818819,0.00181181
QQQ,5,0.27662466,0.72337534
QQQ,5,0.60422019,0.39577981
QQQ,5,0.12464308,0.87535692
QQQ,5,0.99531746,0.00468254
QQQ,5,0.20809277,0.79190723
QQQ,5,0.99999990,0.00000010
QQQ,5,0.13058030,0.86941970
QQQ,5,0.12265217,0.87734783
QQQ,5,0.42485695,0.57514305
QQQ,5,0.96795597,0.03204403
QQQ,5,0.99985827,0.00014173
QQQ,5,0.16339431,0.83660569
QQQ,5,0.98435180,0.01564820
QQQ,5,0.99344542,0.00655458
QQQ,5,0.38591585,0.61408415
QQQ,5,0.99999968,0.00000032
QQQ,5,0.99941795,0.00058205
QQQ,5,0.98322519,0.01677481
QQQ,5,0.27587651,0.72412349
QQQ,5,0.12217882,0.87782118
QQQ,5,0.40793821,0.59206179
QQQ,5,0.99999999,0.00000001
QQQ,5,0.99144226,0.00855774
QQQ,5,0.73683458,0.26316542
QQQ,5,0.99986413,0.00013587
QQQ,5,0.36295812,0.63704188
QQQ,5,0.99523479,0.00476521
QQQ,5,0.12577522,0.87422478
QQQ,5,0.38702590,0.61297410
QQQ,5,1.00000000,0.00000000
QQQ,5,1.00000000,0.00000000
QQQ,5,0.99963393,0.00036607
QQQ,5,0.41528823,0.58471177
QQQ,5,0.99667080,0.00332920
QQQ,5,0.92199061,0.07800939
QQQ,5,0.99996505,0.00003495
QQQ,5,1.00000000,0.00000000
QQQ,5,0.12523597,0.87476403
QQQ,5,0.99999970,0.00000030
QQQ,5,0.12509571,0.87490429
QQQ,5,0.58006989,0.41993011
QQQ,5,0.97893359,0.02106641
QQQ,5,1.00000000,0.00000000
QQQ,5,0.66446976,0.33553024
QQQ,5,0.12190258,0.87809742
QQQ,5,0.99996996,0.00003004
QQQ,5,1.00000000,0.00000000
QQQ,5,0.81735719,0.18264281
QQQ,5,1.00000000,0.00000000
QQQ,5,0.78468570,0.21531430
QQQ,5,0.65215312,0.34784688
QQQ,5,1.00000000,0.00000000
QQQ,5,0.99012308,0.00987692
QQQ,5,0.99998618,0.00001382
QQQ,5,0.99999981,0.00000019
QQQ,5,0.77252953,0.22747047
QQQ,5,1.00000000,0.00000000
QQQ,5,1.00000000,0.00000000
QQQ,5,0.20223039,0.79776961
QQQ,5,1.00000000,0.00000000
QQQ,5,0.60512182,0.39487818
QQQ,5,0.32334627,0.67665373
QQQ,5,0.85093210,0.14906790
QQQ,5,0.82870654,0.17129346
QQQ,5,0.63835385,0.36164615
QQQ,5,0.99959055,0.00040945
QQQ,5,0.70940792,0.29059208
QQQ,5,0.99957347,0.00042653
QQQ,5,0.92808169,0.07191831
QQQ,5,0.58279234,0.41720766
QQQ,5,0.60562102,0.39437898
QQQ,5,0.98804442,0.01195558
QQQ,5,0.47365381,0.52634619
QQQ,5,0.15252479,0.84747521
QQQ,5,0.44061215,0.55938785
QQQ,5,0.14365573,0.85634427
QQQ,5,0.99959997,0.00040003
QQQ,5,0.45385336,0.54614664
QQQ,5,0.14289849,0.85710151
QQQ,5,0.99999999,0.00000001
QQQ,5,0.12281619,0.87718381
QQQ,5,0.99948752,0.00051248
QQQ,5,0.75146931,0.24853069
QQQ,5,0.48069360,0.51930640
QQQ,5,0.99999998,0.00000002
QQQ,5,0.99941681,0.00058319
QQQ,5,0.12258154,0.87741846
QQQ,5,0.87744272,0.12255728
QQQ,5,0.13153645,0.86846355
QQQ,5,0.99974702,0.00025298
QQQ,5,0.14004311,0.85995689
QQQ,5,0.88489584,0.11510416
QQQ,5,0.84834950,0.15165050
QQQ,5,0.91152409,0.08847591
QQQ,5,0.15897836,0.84102164
QQQ,5,0.94315996,0.05684004
QQQ,5,0.99999955,0.00000045
QQQ,5,0.12840675,0.87159325
QQQ,5,0.36965996,0.63034004
QQQ,5,0.14844238,0.85155762
QQQ,5,0.60466951,0.39533049
QQQ,5,0.28059995,0.71940005
QQQ,5,0.12200765,0.87799235
QQQ,5,0.12795813,0.87204187
QQQ,5,0.13049862,0.86950138
QQQ,5,0.15372396,0.84627604
QQQ,5,0.26965497,0.73034503
QQQ,5,0.96363391,0.03636609
QQQ,5,0.12722899,0.87277101
QQQ,5,0.14093844,0.85906156
QQQ,5,0.99998085,0.00001915
QQQ,5,0.99986164,0.00013836
QQQ,5,0.13262802,0.86737198
QQQ,5,0.99810423,0.00189577
QQQ,5,0.18670540,0.81329460
QQQ,5,0.99999997,0.00000003
QQQ,5,0.15599938,0.84400062
QQQ,5,0.37414565,0.62585435
QQQ,5,0.61968427,0.38031573
QQQ,5,0.99729977,0.00270023
QQQ,5,0.69235925,0.30764075
QQQ,5,0.75524478,0.24475522
QQQ,5,0.85304081,0.14695919
QQQ,5,0.27522481,0.72477519
QQQ,5,0.14606078,0.85393922
QQQ,5,0.29905193,0.70094807
QQQ,5,0.61062171,0.38937829
QQQ,5,0.13319996,0.86680004
QQQ,5,0.12473508,0.87526492
QQQ,5,0.97251463,0.02748537
QQQ,5,0.58869881,0.41130119
QQQ,5,0.28752983,0.71247017
QQQ,5,0.33970530,0.66029470
QQQ,5,0.14740414,0.85259586
QQQ,5,0.99979424,0.00020576
QQQ,5,0.12284467,0.87715533
QQQ,5,0.22834801,0.77165199
QQQ,5,0.49291970,0.50708030
QQQ,5,0.22910371,0.77089629
QQQ,5,0.99722340,0.00277660
QQQ,5,0.18118424,0.81881576
QQQ,5,0.99997186,0.00002814
QQQ,5,0.21356020,0.78643980
QQQ,5,0.99981327,0.00018673
QQQ,5,0.76328821,0.23671179
QQQ,5,0.19821214,0.80178786
QQQ,5,0.99999570,0.00000430
QQQ,5,0.13167913,0.86832087
QQQ,5,0.94390112,0.05609888
QQQ,5,0.33971268,0.66028732
QQQ,5,0.99869458,0.00130542
QQQ,5,0.19066224,0.80933776
QQQ,5,0.98517681,0.01482319
QQQ,5,0.14644726,0.85355274
QQQ,5,0.99973205,0.00026795
QQQ,5,0.18180545,0.81819455
QQQ,5,0.18283087,0.81716913
QQQ,5,1.00000000,0.00000000
QQQ,5,0.89898298,0.10101702
QQQ,5,0.72829807,0.27170193
QQQ,5,0.99644035,0.00355965
QQQ,5,0.96173898,0.03826102
QQQ,5,0.99985516,0.00014484
QQQ,5,0.12983318,0.87016682
QQQ,5,0.98516064,0.01483936
QQQ,5,0.16818114,0.83181886
QQQ,5,0.33720714,0.66279286
QQQ,5,0.16392646,0.83607354
QQQ,5,0.12766224,0.87233776
QQQ,5,1.00000000,0.00000000
QQQ,5,0.28312808,0.71687192
QQQ,5,0.48482570,0.51517430
QQQ,5,0.14059680,0.85940320
QQQ,5,0.70705301,0.29294699
QQQ,5,0.99982690,0.00017310
QQQ,5,1.00000000,0.00000000
QQQ,5,0.12281490,0.87718510
QQQ,5,0.12235503,0.87764497
QQQ,5,0.39041143,0.60958857
QQQ,5,1.00000000,0.00000000
QQQ,5,0.75554901,0.24445099
QQQ,5,0.13577040,0.86422960
QQQ,5,0.88012824,0.11987176
QQQ,5,0.15453148,0.84546852
QQQ,5,0.68252175,0.31747825
QQQ,5,0.99941117,0.00058883
QQQ,5,0.45229625,0.54770375
QQQ,5,0.99999949,0.00000051
QQQ,5,0.71168863,0.28831137
QQQ,5,0.22975237,0.77024763
QQQ,5,0.99922324,0.00077676
QQQ,5,0.18484099,0.81515901
QQQ,5,0.98649717,0.01350283
QQQ,5,0.99919714,0.00080286
QQQ,5,0.12701217,0.87298783
QQQ,5,0.15902156,0.84097844
QQQ,5,0.12186763,0.87813237
QQQ,5,0.15552903,0.84447097
QQQ,5,0.99331410,0.00668590
QQQ,5,0.18241309,0.81758691
QQQ,5,0.12414613,0.87585387
QQQ,5,0.12439414,0.87560586
QQQ,5,0.91166568,0.08833432
QQQ,5,0.99990520,0.00009480
QQQ,5,0.12225715,0.87774285
QQQ,5,0.30716010,0.69283990
QQQ,5,0.79699049,0.20300951
QQQ,5,0.12231232,0.87768768
QQQ,5,0.99362267,0.00637733
QQQ,5,0.92775364,0.07224636
QQQ,5,0.15526524,0.84473476
QQQ,5,0.38391111,0.61608889
QQQ,5,0.99990770,0.00009230
QQQ,5,0.99999030,0.00000970
QQQ,5,0.14749395,0.85250605
QQQ,5,0.80657702,0.19342298
QQQ,5,0.46136951,0.53863049
QQQ,5,0.13218238,0.86781762
QQQ,5,0.15927566,0.84072434
QQQ,5,0.99981040,0.00018960
QQQ,5,0.14656886,0.85343114
QQQ,5,0.33697131,0.66302869
QQQ,5,0.23351735,0.76648265
QQQ,5,0.40004345,0.59995655
QQQ,5,0.99981540,0.00018460
QQQ,5,0.30945749,0.69054251
QQQ,5,0.13790313,0.86209687
QQQ,5,0.18142871,0.81857129
QQQ,5,0.16605950,0.83394050
QQQ,5,0.16982022,0.83017978
QQQ,5,0.98983457,0.01016543
QQQ,5,0.92783932,0.07216068
QQQ,5,0.98866441,0.01133559
QQQ,5,0.15383265,0.84616735
QQQ,5,0.17660834,0.82339166
QQQ,5,0.15028030,0.84971970
QQQ,5,0.17317888,0.82682112
QQQ,5,0.14925992,0.85074008
QQQ,5,0.25485178,0.74514822
QQQ,5,0.69518311,0.30481689
QQQ,5,0.16089281,0.83910719
QQQ,5,0.99890846,0.00109154
QQQ,5,0.55097749,0.44902251
QQQ,5,0.90388938,0.09611062
QQQ,5,0.97854043,0.02145957
QQQ,5,0.77447082,0.22552918
QQQ,5,0.24660480,0.75339520
QQQ,5,0.12270912,0.87729088
QQQ,5,0.14454007,0.85545993
QQQ,5,0.89608941,0.10391059
QQQ,5,0.14981652,0.85018348
QQQ,5,0.14125546,0.85874454
QQQ,5,0.18278435,0.81721565
QQQ,5,0.97965404,0.02034596
QQQ,5,0.50429814,0.49570186
QQQ,5,0.18354332,0.81645668
QQQ,5,0.85021450,0.14978550
QQQ,5,0.81280655,0.18719345
QQQ,5,0.24457944,0.75542056
QQQ,5,0.15163904,0.84836096
QQQ,5,0.41124743,0.58875257
QQQ,5,0.12265690,0.87734310
QQQ,5,0.93750611,0.06249389
QQQ,5,0.97908051,0.02091949
QQQ,5,0.19722081,0.80277919
QQQ,5,0.99998945,0.00001055
QQQ,5,0.12464377,0.87535623
QQQ,5,0.99628222,0.00371778
QQQ,5,0.12474959,0.87525041
QQQ,5,0.24056445,0.75943555
QQQ,5,0.49932260,0.50067740
QQQ,5,0.99999949,0.00000051
QQQ,5,0.99931968,0.00068032
QQQ,5,0.22588991,0.77411009
QQQ,5,0.16011066,0.83988934
QQQ,5,0.12931255,0.87068745
QQQ,5,0.88877574,0.11122426
QQQ,5,0.12312129,0.87687871
QQQ,5,0.25004057,0.74995943
QQQ,5,0.80631828,0.19368172
QQQ,5,0.16259446,0.83740554
QQQ,5,0.17100979,0.82899021
QQQ,5,0.13981487,0.86018513
QQQ,5,0.12270494,0.87729506
QQQ,5,0.99365732,0.00634268
QQQ,5,0.77234183,0.22765817
QQQ,5,0.18162145,0.81837855
QQQ,5,0.96062687,0.03937313
QQQ,5,0.15510239,0.84489761
QQQ,5,0.17912716,0.82087284
QQQ,5,0.23976046,0.76023954
QQQ,5,0.50435822,0.49564178
QQQ,5,0.99987941,0.00012059
QQQ,5,0.12799287,0.87200713
QQQ,5,0.18819256,0.81180744
QQQ,5,0.23928207,0.76071793
QQQ,5,0.21720317,0.78279683
QQQ,5,0.99345316,0.00654684
QQQ,5,0.14223145,0.85776855
QQQ,5,0.85854050,0.14145950
QQQ,5,0.28581310,0.71418690
QQQ,5,0.16125527,0.83874473
QQQ,5,0.99934440,0.00065560
QQQ,5,0.12481894,0.87518106
QQQ,5,0.43437920,0.56562080
QQQ,5,0.12620176,0.87379824
QQQ,5,0.84634593,0.15365407
QQQ,5,0.47801156,0.52198844
QQQ,5,0.44305600,0.55694400
QQQ,5,0.13569782,0.86430218
QQQ,5,0.99986969,0.00013031
QQQ,5,0.12209263,0.87790737
QQQ,5,0.40859714,0.59140286
QQQ,5,0.13722953,0.86277047
QQQ,5,0.98434414,0.01565586
QQQ,5,0.90592674,0.09407326
QQQ,5,0.93518719,0.06481281
QQQ,5,0.24322097,0.75677903
QQQ,5,1.00000000,0.00000000
QQQ,5,0.64493010,0.35506990
QQQ,5,0.99973105,0.00026895
QQQ,5,0.99612064,0.00387936
QQQ,5,0.99999989,0.00000011
QQQ,5,0.25038998,0.74961002
QQQ,5,0.13499449,0.86500551
QQQ,5,0.12802556,0.87197444
QQQ,5,0.60271413,0.39728587
QQQ,5,0.91227525,0.08772475
QQQ,5,0.12186532,0.87813468
QQQ,5,0.46567911,0.53432089
QQQ,5,0.77531078,0.22468922
QQQ,5,0.13976298,0.86023702
QQQ,5,0.91155208,0.08844792
QQQ,5,0.14935885,0.85064115
QQQ,5,0.41437802,0.58562198
QQQ,5,0.99614915,0.00385085
QQQ,5,0.19455609,0.80544391
QQQ,5,0.17354201,0.82645799
QQQ,5,0.84763745,0.15236255
QQQ,5,0.63544227,0.36455773
QQQ,5,0.13317060,0.86682940
QQQ,5,0.94278761,0.05721239
QQQ,5,0.24173312,0.75826688
QQQ,5,0.15802603,0.84197397
QQQ,5,0.12563848,0.87436152
QQQ,5,0.98148792,0.01851208
QQQ,5,0.42252733,0.57747267
QQQ,5,0.99999986,0.00000014
QQQ,5,0.99071761,0.00928239
QQQ,5,0.92484978,0.07515022
QQQ,5,0.36508891,0.63491109
QQQ,5,0.98858492,0.01141508
QQQ,5,0.12602406,0.87397594
QQQ,5,0.89762125,0.10237875
QQQ,5,0.12792314,0.87207686
QQQ,5,0.99997368,0.00002632
QQQ,5,0.99870960,0.00129040
QQQ,5,0.92189306,0.07810694
QQQ,5,0.99999999,0.00000001
QQQ,5,0.98106352,0.01893648
QQQ,5,0.91459730,0.08540270
QQQ,5,0.98635336,0.01364664
QQQ,5,0.98699473,0.01300527
QQQ,5,0.12204705,0.87795295
QQQ,5,0.96540370,0.03459630
QQQ,5,0.26306797,0.73693203
QQQ,5,0.47651742,0.52348258
QQQ,5,0.99192536,0.00807464
QQQ,5,0.96997878,0.03002122
QQQ,5,0.90417042,0.09582958
QQQ,5,0.99995990,0.00004010
QQQ,5,0.99998338,0.00001662
QQQ,5,0.99999997,0.00000003
QQQ,5,0.38258863,0.61741137
QQQ,5,0.99997932,0.00002068
QQQ,5,0.69247393,0.30752607
QQQ,5,0.32610590,0.67389410
QQQ,5,0.99997425,0.00002575
QQQ,5,0.76751150,0.23248850
QQQ,5,0.99890239,0.00109761
QQQ,5,0.99984722,0.00015278
QQQ,5,0.26886346,0.73113654
QQQ,5,0.99086433,0.00913567
QQQ,5,0.15795206,0.84204794
QQQ,5,0.13199392,0.86800608
QQQ,5,0.98660329,0.01339671
QQQ,5,0.99999998,0.00000002
QQQ,5,0.68156129,0.31843871
QQQ,5,0.19869808,0.80130192
QQQ,5,0.85012482,0.14987518
QQQ,5,0.12492722,0.87507278
QQQ,5,0.75174086,0.24825914
QQQ,5,0.42351415,0.57648585
QQQ,5,0.99625177,0.00374823
QQQ,5,0.12730182,0.87269818
QQQ,5,0.99539296,0.00460704
QQQ,5,0.99840442,0.00159558
QQQ,5,0.18147489,0.81852511
QQQ,5,0.30873007,0.69126993
QQQ,5,0.99693311,0.00306689
QQQ,5,0.12221207,0.87778793
QQQ,5,0.87922694,0.12077306
QQQ,5,0.91910159,0.08089841
QQQ,5,0.19705982,0.80294018
QQQ,5,0.83175672,0.16824328
QQQ,5,0.14671349,0.85328651
QQQ,5,0.87752297,0.12247703
QQQ,5,0.15013133,0.84986867
QQQ,5,0.32662450,0.67337550
QQQ,5,0.66414944,0.33585056
QQQ,5,0.26949041,0.73050959
QQQ,5,0.45823726,0.54176274
QQQ,5,0.12509665,0.87490335
QQQ,5,0.96810006,0.03189994
QQQ,5,0.12339779,0.87660221
QQQ,5,0.99671948,0.00328052
QQQ,5,0.20718422,0.79281578
QQQ,5,0.24623564,0.75376436
QQQ,5,0.93409683,0.06590317
QQQ,5,0.99999984,0.00000016
QQQ,5,0.96939642,0.03060358
QQQ,5,0.76709783,0.23290217
QQQ,5,0.62553031,0.37446969
QQQ,5,0.23397825,0.76602175
QQQ,5,0.12202398,0.87797602
QQQ,5,0.16574514,0.83425486
QQQ,5,0.99998261,0.00001739
QQQ,5,0.99999947,0.00000053
QQQ,5,0.39128700,0.60871300
QQQ,5,0.99999436,0.00000564
QQQ,5,0.93764570,0.06235430
QQQ,5,0.98953908,0.01046092
QQQ,5,0.25021305,0.74978695
QQQ,5,0.66331617,0.33668383
QQQ,5,0.13015523,0.86984477
QQQ,5,0.52329807,0.47670193
QQQ,5,0.76048027,0.23951973
QQQ,5,0.84352000,0.15648000
QQQ,5,0.13419569,0.86580431
QQQ,5,0.70942155,0.29057845
QQQ,5,0.81700054,0.18299946
QQQ,5,0.12184330,0.87815670
QQQ,5,0.93535218,0.06464782
QQQ,5,0.88618681,0.11381319
QQQ,5,0.19974433,0.80025567
QQQ,5,0.37677341,0.62322659
QQQ,5,0.98688683,0.01311317
QQQ,5,0.51581343,0.48418657
QQQ,5,0.98100262,0.01899738
QQQ,5,0.66821098,0.33178902
QQQ,5,0.22329715,0.77670285
QQQ,5,0.99008579,0.00991421
QQQ,5,0.33619370,0.66380630
QQQ,5,0.24517023,0.75482977
QQQ,5,0.31446657,0.68553343
QQQ,5,0.99908862,0.00091138
QQQ,5,0.99748996,0.00251004
QQQ,5,0.12903308,0.87096692
QQQ,5,0.22764855,0.77235145
QQQ,5,0.98071655,0.01928345
QQQ,5,0.95650581,0.04349419
QQQ,5,0.14517060,0.85482940
QQQ,5,0.20475816,0.79524184
QQQ,5,0.94016703,0.05983297
QQQ,5,0.75410723,0.24589277
QQQ,5,0.36919430,0.63080570
QQQ,5,0.16331652,0.83668348
QQQ,5,0.99998396,0.00001604
QQQ,5,0.23210452,0.76789548
QQQ,5,0.12743234,0.87256766
QQQ,5,0.14097332,0.85902668
QQQ,5,0.97035469,0.02964531
QQQ,5,0.94727914,0.05272086
QQQ,5,0.12992770,0.87007230
QQQ,5,0.56019794,0.43980206
QQQ,5,0.27035565,0.72964435
QQQ,5,0.17052611,0.82947389
QQQ,5,0.27992604,0.72007396
QQQ,5,0.22367479,0.77632521
QQQ,5,0.12716171,0.87283829
QQQ,5,0.49568717,0.50431283
QQQ,5,0.17529823,0.82470177
QQQ,5,0.23059654,0.76940346
QQQ,5,0.99880301,0.00119699
QQQ,5,0.24652877,0.75347123
QQQ,5,0.87278904,0.12721096
QQQ,5,0.31640117,0.68359883
QQQ,5,0.85807139,0.14192861
QQQ,5,0.95348984,0.04651016
QQQ,5,0.34891786,0.65108214
QQQ,5,0.13015757,0.86984243
QQQ,5,0.14408061,0.85591939
QQQ,5,0.24481772,0.75518228
QQQ,5,0.21997542,0.78002458
QQQ,5,0.99986489,0.00013511
QQQ,5,0.29964441,0.70035559
QQQ,5,0.15240765,0.84759235
QQQ,5,0.62345672,0.37654328
QQQ,5,0.87682675,0.12317325
QQQ,5,0.25453033,0.74546967
QQQ,5,0.16906534,0.83093466
QQQ,5,0.30460234,0.69539766
QQQ,5,0.72962393,0.27037607
QQQ,5,0.13725344,0.86274656
QQQ,5,0.12222323,0.87777677
QQQ,5,0.24696564,0.75303436
QQQ,5,0.13872732,0.86127268
QQQ,5,0.13287892,0.86712108
QQQ,5,0.39164177,0.60835823
QQQ,5,0.16361997,0.83638003
QQQ,5,0.13736276,0.86263724
QQQ,5,0.26685438,0.73314562
QQQ,5,0.13453792,0.86546208
QQQ,5,0.67610134,0.32389866
QQQ,5,0.97353099,0.02646901
QQQ,5,0.13093457,0.86906543
QQQ,5,0.12614491,0.87385509
QQQ,5,0.16104698,0.83895302
QQQ,5,0.38463604,0.61536396
QQQ,5,0.12220550,0.87779450
QQQ,5,0.72104279,0.27895721
QQQ,5,0.60282847,0.39717153
QQQ,5,0.35196319,0.64803681
QQQ,5,0.50072994,0.49927006
QQQ,5,0.14715280,0.85284720
QQQ,5,0.12227423,0.87772577
QQQ,5,0.12576266,0.87423734
QQQ,5,0.12400849,0.87599151
QQQ,5,0.66287156,0.33712844
QQQ,5,0.19347703,0.80652297
QQQ,5,0.37549583,0.62450417
QQQ,5,0.99999973,0.00000027
QQQ,5,0.16036456,0.83963544
QQQ,5,0.99485932,0.00514068
QQQ,5,0.33320399,0.66679601
QQQ,5,0.14160986,0.85839014
QQQ,5,0.13714312,0.86285688
QQQ,5,0.28711937,0.71288063
QQQ,5,0.99930021,0.00069979
QQQ,5,0.24408988,0.75591012
QQQ,5,0.13480463,0.86519537
QQQ,5,0.15068212,0.84931788
QQQ,5,0.21390598,0.78609402
QQQ,5,0.98476811,0.01523189
QQQ,5,0.14129836,0.85870164
QQQ,5,0.98636165,0.01363835
QQQ,5,0.14654585,0.85345415
QQQ,5,0.30962885,0.69037115
QQQ,5,0.12248024,0.87751976
QQQ,5,0.12302011,0.87697989
QQQ,5,0.71826596,0.28173404
QQQ,5,0.20507858,0.79492142
QQQ,5,0.20615434,0.79384566
QQQ,5,0.54025270,0.45974730
QQQ,5,0.19732639,0.80267361
QQQ,5,0.12255746,0.87744254
QQQ,5,0.72838961,0.27161039
QQQ,5,0.13771923,0.86228077
QQQ,5,0.56656554,0.43343446
QQQ,5,0.17678644,0.82321356
QQQ,5,0.13122650,0.86877350
QQQ,5,0.49102007,0.50897993
QQQ,5,0.46650147,0.53349853
QQQ,5,0.18369600,0.81630400
QQQ,5,0.17704315,0.82295685
QQQ,5,0.17265958,0.82734042
QQQ,5,0.61392116,0.38607884
QQQ,5,0.12208755,0.87791245
QQQ,5,0.28000256,0.71999744
QQQ,5,0.19805545,0.80194455
QQQ,5,0.46571868,0.53428132
QQQ,5,0.63851045,0.36148955
QQQ,5,0.33356773,0.66643227
QQQ,5,0.13445395,0.86554605
QQQ,5,0.12340227,0.87659773
QQQ,5,0.20944493,0.79055507
QQQ,5,0.15180184,0.84819816
QQQ,5,0.99292122,0.00707878
QQQ,5,0.12200993,0.87799007
QQQ,5,0.13395591,0.86604409
QQQ,5,0.28179246,0.71820754
QQQ,5,0.12215403,0.87784597
QQQ,5,0.99172788,0.00827212
QQQ,5,0.13945457,0.86054543
QQQ,5,0.14437631,0.85562369
QQQ,5,0.41594884,0.58405116
QQQ,5,0.14171456,0.85828544
QQQ,5,0.19733807,0.80266193
QQQ,5,0.50293370,0.49706630
QQQ,5,0.17400149,0.82599851
QQQ,5,0.32866958,0.67133042
QQQ,5,0.27839073,0.72160927
QQQ,5,0.28163187,0.71836813
QQQ,5,0.22017210,0.77982790
QQQ,5,0.13950956,0.86049044
QQQ,5,0.66137647,0.33862353
QQQ,5,0.93645757,0.06354243
QQQ,5,0.12688847,0.87311153
QQQ,5,0.14590274,0.85409726
QQQ,5,0.35161776,0.64838224
QQQ,5,0.12443309,0.87556691
QQQ,5,0.36039796,0.63960204
QQQ,5,0.17646797,0.82353203
QQQ,5,0.15007974,0.84992026
QQQ,5,0.67678247,0.32321753
QQQ,5,0.23647551,0.76352449
QQQ,5,0.13177063,0.86822937
QQQ,5,0.26181451,0.73818549
QQQ,5,0.60861601,0.39138399
QQQ,5,0.20477314,0.79522686
QQQ,5,0.99956932,0.00043068
QQQ,5,0.30066029,0.69933971
QQQ,5,0.12186753,0.87813247
QQQ,5,0.42754893,0.57245107
QQQ,5,0.15061652,0.84938348
QQQ,5,0.23117170,0.76882830
QQQ,5,0.12440783,0.87559217
QQQ,5,0.12555355,0.87444645
QQQ,5,0.96331524,0.03668476
QQQ,5,0.12308724,0.87691276
QQQ,5,0.28899794,0.71100206
QQQ,5,0.27836666,0.72163334
QQQ,5,0.16799450,0.83200550
QQQ,5,0.25112373,0.74887627
QQQ,5,0.52318621,0.47681379
QQQ,5,0.12877631,0.87122369
QQQ,5,0.14824997,0.85175003
QQQ,5,0.15625731,0.84374269
QQQ,5,0.21715441,0.78284559
QQQ,5,0.19793232,0.80206768
QQQ,5,0.12197083,0.87802917
QQQ,5,0.99912502,0.00087498
QQQ,5,0.12770491,0.87229509
QQQ,5,0.12438790,0.87561210
QQQ,5,0.17061040,0.82938960
QQQ,5,0.19912319,0.80087681
QQQ,5,0.31659212,0.68340788
QQQ,5,0.12330800,0.87669200
QQQ,5,0.12384529,0.87615471
QQQ,5,0.17729016,0.82270984
QQQ,5,0.85038284,0.14961716
QQQ,5,0.30274735,0.69725265
QQQ,5,0.12192745,0.87807255
QQQ,5,0.22603695,0.77396305
QQQ,5,0.13832047,0.86167953
QQQ,5,0.12593528,0.87406472
QQQ,5,0.12246185,0.87753815
QQQ,5,0.16502558,0.83497442
QQQ,5,0.18346499,0.81653501
QQQ,5,0.19070374,0.80929626
QQQ,5,0.33381267,0.66618733
QQQ,5,0.12224943,0.87775057
QQQ,5,0.19372898,0.80627102
QQQ,5,0.14117088,0.85882912
QQQ,5,0.38398751,0.61601249
QQQ,5,0.21190749,0.78809251
QQQ,5,0.77576834,0.22423166
QQQ,5,0.18353693,0.81646307
QQQ,5,0.13515473,0.86484527
QQQ,5,0.18123549,0.81876451
QQQ,5,0.85948035,0.14051965
QQQ,5,0.12758037,0.87241963
QQQ,5,0.36247586,0.63752414
QQQ,5,0.13519163,0.86480837
QQQ,5,0.49120939,0.50879061
QQQ,5,0.38614371,0.61385629
QQQ,5,0.99757419,0.00242581
QQQ,5,0.30609641,0.69390359
QQQ,5,0.17593281,0.82406719
QQQ,5,0.33410587,0.66589413
QQQ,5,0.63591246,0.36408754
QQQ,5,0.61554495,0.38445505
QQQ,5,0.12972201,0.87027799
QQQ,5,0.92070687,0.07929313
QQQ,5,0.18336888,0.81663112
QQQ,5,0.16143189,0.83856811
QQQ,5,0.13699651,0.86300349
QQQ,5,0.16176663,0.83823337
QQQ,5,0.18903396,0.81096604
QQQ,5,0.15801058,0.84198942
QQQ,5,0.12913382,0.87086618
QQQ,5,0.12990692,0.87009308
QQQ,5,0.16490702,0.83509298
QQQ,5,0.75290075,0.24709925
QQQ,5,0.21868286,0.78131714
QQQ,5,0.14177066,0.85822934
QQQ,5,0.49385754,0.50614246
QQQ,5,0.24163395,0.75836605
QQQ,5,0.12219021,0.87780979
QQQ,5,0.12188792,0.87811208
QQQ,5,0.98028020,0.01971980
QQQ,5,0.12196442,0.87803558
QQQ,5,0.12852495,0.87147505
QQQ,5,0.13956934,0.86043066
QQQ,5,0.37160285,0.62839715
QQQ,5,0.14196898,0.85803102
QQQ,5,0.18117186,0.81882814
QQQ,5,0.12788471,0.87211529
QQQ,5,0.16562663,0.83437337
QQQ,5,0.24554694,0.75445306
QQQ,5,0.13581326,0.86418674
QQQ,5,0.56946408,0.43053592
QQQ,5,0.12187736,0.87812264
QQQ,5,0.54647777,0.45352223
QQQ,5,0.21942805,0.78057195
QQQ,5,0.79834418,0.20165582
QQQ,5,0.16160221,0.83839779
QQQ,5,0.20171599,0.79828401
QQQ,5,0.18507134,0.81492866
QQQ,5,0.88996504,0.11003496
QQQ,5,0.12352748,0.87647252
QQQ,5,0.14459102,0.85540898
QQQ,5,0.12369188,0.87630812
QQQ,5,0.32692746,0.67307254
QQQ,5,0.13314544,0.86685456
QQQ,5,0.23943093,0.76056907
QQQ,5,0.19331367,0.80668633
QQQ,5,0.38575120,0.61424880
QQQ,5,0.13728587,0.86271413
QQQ,5,0.74015507,0.25984493
QQQ,5,0.12515764,0.87484236
QQQ,5,0.57226914,0.42773086
QQQ,5,0.12221544,0.87778456
QQQ,5,0.23969208,0.76030792
QQQ,5,0.12278442,0.87721558
QQQ,5,0.12293502,0.87706498
QQQ,5,0.47991397,0.52008603
QQQ,5,0.12363382,0.87636618
QQQ,5,0.13002452,0.86997548
QQQ,5,0.16343939,0.83656061
QQQ,5,0.12627255,0.87372745
QQQ,5,0.12209796,0.87790204
QQQ,5,0.37700915,0.62299085
QQQ,5,0.13287721,0.86712279
QQQ,5,0.12352780,0.87647220
QQQ,5,0.12544830,0.87455170
QQQ,5,0.53649464,0.46350536
QQQ,5,0.16291543,0.83708457
QQQ,5,0.19922997,0.80077003
QQQ,5,0.17738656,0.82261344
QQQ,5,0.14046180,0.85953820
QQQ,5,0.36591551,0.63408449
QQQ,5,0.17931344,0.82068656
QQQ,5,0.12987964,0.87012036
QQQ,5,0.12593963,0.87406037
QQQ,5,0.19916495,0.80083505
QQQ,5,0.12182748,0.87817252
QQQ,5,0.13035776,0.86964224
QQQ,5,0.14494700,0.85505300
QQQ,5,0.13210515,0.86789485
QQQ,5,0.30996670,0.69003330
QQQ,5,0.64357235,0.35642765
QQQ,5,0.43820259,0.56179741
QQQ,5,0.12390871,0.87609129
QQQ,5,0.14021366,0.85978634
QQQ,5,0.12731856,0.87268144
QQQ,5,0.12363373,0.87636627
QQQ,5,0.39216830,0.60783170
QQQ,5,0.12654750,0.87345250
QQQ,5,0.41551144,0.58448856
QQQ,5,0.12204587,0.87795413
QQQ,5,0.12515361,0.87484639
QQQ,5,0.20956035,0.79043965
QQQ,5,0.16715156,0.83284844
QQQ,5,0.16289292,0.83710708
QQQ,5,0.25104871,0.74895129
QQQ,5,0.12819771,0.87180229
QQQ,5,0.30575005,0.69424995
QQQ,5,0.13112281,0.86887719
QQQ,5,0.23400700,0.76599300
QQQ,5,0.12845524,0.87154476
QQQ,5,0.13872961,0.86127039
QQQ,5,0.12499126,0.87500874
QQQ,5,0.12538879,0.87461121
QQQ,5,0.25697510,0.74302490
QQQ,5,0.21143464,0.78856536
QQQ,5,0.14050005,0.85949995
QQQ,5,0.17241539,0.82758461
QQQ,5,0.12868261,0.87131739
QQQ,5,0.73947476,0.26052524
QQQ,5,0.13485531,0.86514469
QQQ,5,0.30728820,0.69271180
QQQ,5,0.19881433,0.80118567
QQQ,5,0.39149749,0.60850251
QQQ,5,0.42337273,0.57662727
QQQ,5,0.12280599,0.87719401
QQQ,5,0.31929322,0.68070678
QQQ,5,0.13045621,0.86954379
QQQ,5,0.36891637,0.63108363
QQQ,5,0.28288844,0.71711156
QQQ,5,0.18734700,0.81265300
QQQ,5,0.19646065,0.80353935
QQQ,5,0.85911944,0.14088056
QQQ,5,0.12380548,0.87619452
QQQ,5,0.40445636,0.59554364
QQQ,5,0.13415644,0.86584356
QQQ,5,0.12214987,0.87785013
QQQ,5,0.18412168,0.81587832
QQQ,5,0.85367034,0.14632966
QQQ,5,0.22061747,0.77938253
QQQ,5,0.20593175,0.79406825
QQQ,5,0.12231761,0.87768239
QQQ,5,0.12185457,0.87814543
QQQ,5,0.14694420,0.85305580
QQQ,5,0.29626228,0.70373772
QQQ,5,0.13252250,0.86747750
QQQ,5,0.46774935,0.53225065
QQQ,5,0.12598012,0.87401988
QQQ,5,0.21575651,0.78424349
QQQ,5,0.72918198,0.27081802
QQQ,5,0.16164206,0.83835794
QQQ,5,0.80126296,0.19873704
QQQ,5,0.18308629,0.81691371
QQQ,5,0.14076813,0.85923187
QQQ,5,0.12360459,0.87639541
QQQ,5,0.46672232,0.53327768
QQQ,5,0.37952562,0.62047438
QQQ,5,0.86261986,0.13738014
QQQ,5,0.15253705,0.84746295
QQQ,5,0.12810390,0.87189610
QQQ,5,0.16308795,0.83691205
QQQ,5,0.15506438,0.84493562
QQQ,5,0.17003324,0.82996676
QQQ,5,0.17968120,0.82031880
QQQ,5,0.28612013,0.71387987
QQQ,5,0.12504111,0.87495889
QQQ,5,0.14935943,0.85064057
QQQ,5,0.16060364,0.83939636
QQQ,5,0.19751650,0.80248350
QQQ,5,0.16588906,0.83411094
QQQ,5,0.12271050,0.87728950
QQQ,5,0.13514713,0.86485287
QQQ,5,0.13739912,0.86260088
QQQ,5,0.15631654,0.84368346
QQQ,5,0.57436764,0.42563236
QQQ,5,0.16328570,0.83671430
QQQ,5,0.16211708,0.83788292
QQQ,5,0.13490314,0.86509686
QQQ,5,0.12200189,0.87799811
QQQ,5,0.12360668,0.87639332
QQQ,5,0.23713333,0.76286667
QQQ,5,0.13775370,0.86224630
QQQ,5,0.72424179,0.27575821
QQQ,5,0.12646377,0.87353623
QQQ,5,0.25902042,0.74097958
QQQ,5,0.14990408,0.85009592
QQQ,5,0.29456181,0.70543819
QQQ,5,0.24326184,0.75673816
QQQ,5,0.12320375,0.87679625
QQQ,5,0.17908846,0.82091154
QQQ,5,0.12234445,0.87765555
QQQ,5,0.16976535,0.83023465
QQQ,5,0.29196483,0.70803517
QQQ,5,0.24070332,0.75929668
QQQ,5,0.12214188,0.87785812
QQQ,5,0.16632783,0.83367217
QQQ,5,0.16155589,0.83844411
QQQ,5,0.18445152,0.81554848
QQQ,5,0.19700684,0.80299316
QQQ,5,0.43845158,0.56154842
QQQ,5,0.14769543,0.85230457
QQQ,5,0.70066034,0.29933966
QQQ,5,0.12184344,0.87815656
QQQ,5,0.23447449,0.76552551
QQQ,5,0.12186398,0.87813602
QQQ,5,0.13608217,0.86391783
QQQ,5,0.12412785,0.87587215
QQQ,5,0.20161378,0.79838622
QQQ,5,0.13270196,0.86729804
QQQ,5,0.23731471,0.76268529
QQQ,5,0.12736499,0.87263501
QQQ,5,0.70728310,0.29271690
QQQ,5,0.92159755,0.07840245
QQQ,5,0.25411625,0.74588375
QQQ,5,0.52306102,0.47693898
QQQ,5,0.13827080,0.86172920
QQQ,5,0.25352379,0.74647621
QQQ,5,0.13305544,0.86694456
QQQ,5,0.23095401,0.76904599
QQQ,5,0.12952682,0.87047318
QQQ,5,0.12615998,0.87384002
QQQ,5,0.57948703,0.42051297
QQQ,5,0.12214214,0.87785786
QQQ,5,0.53237901,0.46762099
QQQ,5,0.90542684,0.09457316
QQQ,5,0.12182729,0.87817271
QQQ,5,0.20718461,0.79281539
QQQ,5,0.17037945,0.82962055
QQQ,5,0.28844274,0.71155726
QQQ,5,0.12186157,0.87813843
QQQ,5,0.20437342,0.79562658
QQQ,5,0.22961931,0.77038069
QQQ,5,0.47644359,0.52355641
QQQ,5,0.13002114,0.86997886
QQQ,5,0.20717033,0.79282967
QQQ,5,0.12772968,0.87227032
QQQ,5,0.12195460,0.87804540
QQQ,5,0.29067582,0.70932418
QQQ,5,0.12927884,0.87072116
QQQ,5,0.13818244,0.86181756
QQQ,5,0.38449064,0.61550936
QQQ,5,0.12194140,0.87805860
QQQ,5,0.15128778,0.84871222
QQQ,5,0.31944010,0.68055990
QQQ,5,0.41901885,0.58098115
QQQ,5,0.16426572,0.83573428
QQQ,5,0.13099189,0.86900811
QQQ,5,0.17076198,0.82923802
QQQ,5,0.34584784,0.65415216
QQQ,5,0.28972249,0.71027751
QQQ,5,0.12739584,0.87260416
QQQ,5,0.18782452,0.81217548
QQQ,5,0.12363880,0.87636120
QQQ,5,0.12715620,0.87284380
QQQ,5,0.12188978,0.87811022
QQQ,5,0.13136122,0.86863878
QQQ,5,0.41964022,0.58035978
QQQ,5,0.12345300,0.87654700
QQQ,5,0.13260852,0.86739148
QQQ,5,0.17906405,0.82093595
QQQ,5,0.12277769,0.87722231
QQQ,5,0.29051530,0.70948470
QQQ,5,0.12542887,0.87457113
QQQ,5,0.89971893,0.10028107
QQQ,5,0.16025589,0.83974411
QQQ,5,0.12734700,0.87265300
QQQ,5,0.17583188,0.82416812
QQQ,5,0.20061881,0.79938119
QQQ,5,0.46159100,0.53840900
QQQ,5,0.12864911,0.87135089
QQQ,5,0.12515661,0.87484339
QQQ,5,0.12520569,0.87479431
QQQ,5,0.13643244,0.86356756
QQQ,5,0.13414333,0.86585667
QQQ,5,0.29678310,0.70321690
QQQ,5,0.14666073,0.85333927
QQQ,5,0.13682815,0.86317185
QQQ,5,0.33288222,0.66711778
QQQ,5,0.60319126,0.39680874
QQQ,5,0.13894152,0.86105848
QQQ,5,0.13317385,0.86682615
QQQ,5,0.80557199,0.19442801
QQQ,5,0.16274137,0.83725863
QQQ,5,0.12186830,0.87813170
QQQ,5,0.13307141,0.86692859
QQQ,5,0.13041765,0.86958235
QQQ,5,0.15681750,0.84318250
QQQ,5,0.14648634,0.85351366
QQQ,5,0.18785775,0.81214225
QQQ,5,0.12417606,0.87582394
QQQ,5,0.12305860,0.87694140
QQQ,5,0.12811449,0.87188551
QQQ,5,0.25793386,0.74206614
QQQ,5,0.19784164,0.80215836
QQQ,5,0.14056080,0.85943920
QQQ,5,0.13887107,0.86112893
QQQ,5,0.26846055,0.73153945
QQQ,5,0.13947857,0.86052143
QQQ,5,0.31088663,0.68911337
QQQ,5,0.17816554,0.82183446
QQQ,5,0.12338420,0.87661580
QQQ,5,0.17701524,0.82298476
QQQ,5,0.12562956,0.87437044
QQQ,5,0.12182646,0.87817354
QQQ,5,0.12415291,0.87584709
QQQ,5,0.55368025,0.44631975
QQQ,5,0.13639771,0.86360229
QQQ,5,0.12579399,0.87420601
QQQ,5,0.13168144,0.86831856
QQQ,5,0.39361633,0.60638367
QQQ,5,0.13874992,0.86125008
QQQ,5,0.14155296,0.85844704
QQQ,5,0.12585866,0.87414134
QQQ,5,0.17520170,0.82479830
QQQ,5,0.13834480,0.86165520
QQQ,5,0.12677039,0.87322961
QQQ,5,0.18120988,0.81879012
QQQ,5,0.12733714,0.87266286
QQQ,5,0.15858462,0.84141538
QQQ,5,0.22255855,0.77744145
QQQ,5,0.12310943,0.87689057
QQQ,5,0.12255205,0.87744795
QQQ,5,0.13154533,0.86845467
QQQ,5,0.18282165,0.81717835
QQQ,5,0.12362191,0.87637809
QQQ,5,0.12186772,0.87813228
QQQ,5,0.12358039,0.87641961
QQQ,5,0.20329055,0.79670945
QQQ,5,0.49529518,0.50470482
QQQ,5,0.16159625,0.83840375
QQQ,5,0.14799495,0.85200505
QQQ,5,0.13310968,0.86689032
QQQ,5,0.12219062,0.87780938
QQQ,5,0.15500851,0.84499149
QQQ,5,0.16315084,0.83684916
QQQ,5,0.26340633,0.73659367
QQQ,5,0.17718242,0.82281758
QQQ,5,0.15861521,0.84138479
QQQ,5,0.35945309,0.64054691
QQQ,5,0.54010425,0.45989575
QQQ,5,0.19162169,0.80837831
QQQ,5,0.34340540,0.65659460
QQQ,5,0.12867558,0.87132442
QQQ,5,0.21312121,0.78687879
QQQ,5,0.12232275,0.87767725
QQQ,5,0.13406073,0.86593927
QQQ,5,0.24874783,0.75125217
QQQ,5,0.13062119,0.86937881
QQQ,5,0.12531824,0.87468176
QQQ,5,0.21144866,0.78855134
QQQ,5,0.33615618,0.66384382
QQQ,5,0.12305414,0.87694586
QQQ,5,0.12480485,0.87519515
QQQ,5,0.38509061,0.61490939
QQQ,5,0.12183610,0.87816390
QQQ,5,0.29222197,0.70777803
QQQ,5,0.13773707,0.86226293
QQQ,5,0.15825844,0.84174156
QQQ,5,0.12730212,0.87269788
QQQ,5,0.26470151,0.73529849
QQQ,5,0.13075315,0.86924685
QQQ,5,0.26302944,0.73697056
QQQ,5,0.12188623,0.87811377
QQQ,5,0.23192399,0.76807601
QQQ,5,0.14453446,0.85546554
QQQ,5,0.19083950,0.80916050
QQQ,5,0.20511387,0.79488613
QQQ,5,0.12185053,0.87814947
QQQ,5,0.16168416,0.83831584
QQQ,5,0.14086162,0.85913838
QQQ,5,0.29327386,0.70672614
QQQ,5,0.17669358,0.82330642
QQQ,5,0.12645188,0.87354812
QQQ,5,0.12371690,0.87628310
QQQ,5,0.18606253,0.81393747
QQQ,5,0.13148419,0.86851581
QQQ,5,0.16920695,0.83079305
QQQ,5,0.23247559,0.76752441
QQQ,5,0.12321658,0.87678342
QQQ,5,0.14484914,0.85515086
QQQ,5,0.12320691,0.87679309
QQQ,5,0.24904976,0.75095024
QQQ,5,0.12638570,0.87361430
QQQ,5,0.12182691,0.87817309
QQQ,5,0.12387752,0.87612248
QQQ,5,0.16303104,0.83696896
QQQ,5,0.45765156,0.54234844
QQQ,5,0.12958052,0.87041948
QQQ,5,0.18719078,0.81280922
QQQ,5,0.14981287,0.85018713
QQQ,5,0.12595026,0.87404974
QQQ,5,0.12257260,0.87742740
QQQ,5,0.23329205,0.76670795
QQQ,5,0.15926935,0.84073065
QQQ,5,0.13251346,0.86748654
QQQ,5,0.13408963,0.86591037
QQQ,5,0.37866669,0.62133331
QQQ,5,0.31898890,0.68101110
QQQ,5,0.79272252,0.20727748
QQQ,5,0.12411386,0.87588614
QQQ,5,0.14077827,0.85922173
QQQ,5,0.16978126,0.83021874
QQQ,5,0.83074051,0.16925949
QQQ,5,0.28832050,0.71167950
QQQ,5,0.16895665,0.83104335
QQQ,5,0.17799556,0.82200444
QQQ,5,0.12257229,0.87742771
QQQ,5,0.19403006,0.80596994
QQQ,5,0.14308078,0.85691922
QQQ,5,0.13119629,0.86880371
QQQ,5,0.13986427,0.86013573
QQQ,5,0.24722059,0.75277941
QQQ,5,0.12377526,0.87622474
QQQ,5,0.12917263,0.87082737
QQQ,5,0.13901409,0.86098591
QQQ,5,0.15139106,0.84860894
QQQ,5,0.13792740,0.86207260
QQQ,5,0.12624260,0.87375740
QQQ,5,0.20840785,0.79159215
QQQ,5,0.15622146,0.84377854
QQQ,5,0.15053663,0.84946337
QQQ,5,0.29997363,0.70002637
QQQ,5,0.18567882,0.81432118
QQQ,5,0.13922555,0.86077445
QQQ,5,0.14421982,0.85578018
QQQ,5,0.13110480,0.86889520
QQQ,5,0.12929293,0.87070707
QQQ,5,0.19478095,0.80521905
QQQ,5,0.12243693,0.87756307
QQQ,5,0.12679419,0.87320581
QQQ,5,0.17212471,0.82787529
QQQ,5,0.15191690,0.84808310
QQQ,5,0.27980110,0.72019890
QQQ,5,0.12183620,0.87816380
QQQ,5,0.17707555,0.82292445
QQQ,5,0.12606419,0.87393581
QQQ,5,0.14281550,0.85718450
QQQ,5,0.20562028,0.79437972
QQQ,5,0.13389015,0.86610985
QQQ,5,0.13255910,0.86744090
QQQ,5,0.12731551,0.87268449
QQQ,5,0.13955873,0.86044127
QQQ,5,0.12193499,0.87806501
QQQ,5,0.12188760,0.87811240
QQQ,5,0.12194656,0.87805344
QQQ,5,0.12242314,0.87757686
QQQ,5,0.21538815,0.78461185
QQQ,5,0.23282913,0.76717087
QQQ,5,0.14282136,0.85717864
QQQ,5,0.17027675,0.82972325
QQQ,5,0.12454561,0.87545439
QQQ,5,0.16138613,0.83861387
QQQ,5,0.12430374,0.87569626
QQQ,5,0.19220230,0.80779770
QQQ,5,0.13338390,0.86661610
QQQ,5,0.12968658,0.87031342
QQQ,5,0.49831747,0.50168253
QQQ,5,0.20099330,0.79900670
QQQ,5,0.14661666,0.85338334
QQQ,5,0.12838608,0.87161392
QQQ,5,0.20219907,0.79780093
QQQ,5,0.13201875,0.86798125
QQQ,5,0.12804316,0.87195684
QQQ,5,0.22420106,0.77579894
QQQ,5,0.16111582,0.83888418
QQQ,5,0.12276354,0.87723646
QQQ,5,0.12213528,0.87786472
QQQ,5,0.13014455,0.86985545
QQQ,5,0.13009237,0.86990763
QQQ,5,0.16054887,0.83945113
QQQ,5,0.13929178,0.86070822
QQQ,5,0.16168146,0.83831854
QQQ,5,0.12359454,0.87640546
QQQ,5,0.20494345,0.79505655
QQQ,5,0.12184438,0.87815562
QQQ,5,0.18033511,0.81966489
QQQ,5,0.13961163,0.86038837
QQQ,5,0.16450400,0.83549600
QQQ,5,0.14377503,0.85622497
QQQ,5,0.17419272,0.82580728
QQQ,5,0.16143078,0.83856922
QQQ,5,0.14118302,0.85881698
QQQ,5,0.14352462,0.85647538
QQQ,5,0.35994247,0.64005753
QQQ,5,0.13802114,0.86197886
QQQ,5,0.13942939,0.86057061
QQQ,5,0.12227482,0.87772518
QQQ,5,0.12187173,0.87812827
QQQ,5,0.12735479,0.87264521
QQQ,5,0.14498789,0.85501211
QQQ,5,0.12363172,0.87636828
QQQ,5,0.12933639,0.87066361
QQQ,5,0.15970224,0.84029776
QQQ,5,0.12858227,0.87141773
QQQ,5,0.18231499,0.81768501
QQQ,5,0.12247288,0.87752712
QQQ,5,0.12936895,0.87063105
QQQ,5,0.30376947,0.69623053
QQQ,5,0.12523600,0.87476400
QQQ,5,0.12202580,0.87797420
QQQ,5,0.14279717,0.85720283
QQQ,5,0.12787659,0.87212341
QQQ,5,0.12400867,0.87599133
QQQ,5,0.21810775,0.78189225
QQQ,5,0.12266778,0.87733222
QQQ,5,0.14117963,0.85882037
QQQ,5,0.16121205,0.83878795
QQQ,5,0.13345290,0.86654710
QQQ,5,0.22723190,0.77276810
QQQ,5,0.12617932,0.87382068
QQQ,5,0.12543894,0.87456106
QQQ,5,0.12187595,0.87812405
QQQ,5,0.12478114,0.87521886
QQQ,5,0.12182744,0.87817256
QQQ,5,0.26718360,0.73281640
QQQ,5,0.15729136,0.84270864
QQQ,5,0.12926345,0.87073655
QQQ,5,0.14399833,0.85600167
QQQ,5,0.28409918,0.71590082
QQQ,5,0.29094935,0.70905065
QQQ,5,0.12232454,0.87767546
QQQ,5,0.14617011,0.85382989
QQQ,5,0.14112826,0.85887174
QQQ,5,0.25190474,0.74809526
QQQ,5,0.14996943,0.85003057
QQQ,5,0.15510298,0.84489702
QQQ,5,0.12981519,0.87018481
QQQ,5,0.14941816,0.85058184
QQQ,5,0.53047262,0.46952738
QQQ,5,0.17010527,0.82989473
QQQ,5,0.15078963,0.84921037
QQQ,5,0.35519762,0.64480238
QQQ,5,0.12623026,0.87376974
QQQ,5,0.13337345,0.86662655
QQQ,5,0.58246580,0.41753420
QQQ,5,0.14744472,0.85255528
QQQ,5,0.27957544,0.72042456
QQQ,5,0.12182314,0.87817686
QQQ,5,0.27274474,0.72725526
QQQ,5,0.34738457,0.65261543
QQQ,5,0.13804717,0.86195283
QQQ,5,0.12552549,0.87447451
QQQ,5,0.12219905,0.87780095
QQQ,5,0.12224266,0.87775734
QQQ,5,0.21481675,0.78518325
QQQ,5,0.12873573,0.87126427
QQQ,5,0.12218723,0.87781277
QQQ,5,0.13392747,0.86607253
QQQ,5,0.14404114,0.85595886
QQQ,5,0.26939836,0.73060164
QQQ,5,0.13383537,0.86616463
QQQ,5,0.12817250,0.87182750
QQQ,5,0.13207567,0.86792433
QQQ,5,0.12690198,0.87309802
QQQ,5,0.12602207,0.87397793
QQQ,5,0.16477006,0.83522994
QQQ,5,0.13743105,0.86256895
QQQ,5,0.12742547,0.87257453
QQQ,5,0.44590790,0.55409210
QQQ,5,0.12793758,0.87206242
QQQ,5,0.14846038,0.85153962
QQQ,5,0.12776561,0.87223439
QQQ,5,0.12379786,0.87620214
QQQ,5,0.15349806,0.84650194
QQQ,5,0.12803042,0.87196958
QQQ,5,0.12882052,0.87117948
QQQ,5,0.13432070,0.86567930
QQQ,5,0.12744347,0.87255653
QQQ,5,0.12351001,0.87648999
QQQ,5,0.15198099,0.84801901
QQQ,5,0.37086979,0.62913021
QQQ,5,0.12194623,0.87805377
QQQ,5,0.12930970,0.87069030
QQQ,5,0.14842150,0.85157850
QQQ,5,0.12199693,0.87800307
QQQ,5,0.17244819,0.82755181
QQQ,5,0.12319375,0.87680625
QQQ,5,0.15332423,0.84667577
QQQ,5,0.16537705,0.83462295
QQQ,5,0.61324758,0.38675242
QQQ,5,0.21230403,0.78769597
QQQ,5,0.14244060,0.85755940
QQQ,5,0.49342934,0.50657066
QQQ,5,0.13995287,0.86004713
QQQ,5,0.12460993,0.87539007
QQQ,5,0.16820584,0.83179416
QQQ,5,0.13229004,0.86770996
QQQ,5,0.12183552,0.87816448
QQQ,5,0.14976094,0.85023906
QQQ,5,0.23190968,0.76809032
QQQ,5,0.14768709,0.85231291
QQQ,5,0.95789087,0.04210913
QQQ,5,0.12293947,0.87706053
QQQ,5,0.12681597,0.87318403
QQQ,5,0.13496193,0.86503807
QQQ,5,0.15174289,0.84825711
QQQ,5,0.26706518,0.73293482
QQQ,5,0.12701161,0.87298839
QQQ,5,0.12978094,0.87021906
QQQ,5,0.12960613,0.87039387
QQQ,5,0.40251212,0.59748788
QQQ,5,0.26135618,0.73864382
QQQ,5,0.13230156,0.86769844
QQQ,5,0.14022997,0.85977003
QQQ,5,0.20838258,0.79161742
QQQ,5,0.18332370,0.81667630
QQQ,5,0.14352872,0.85647128
QQQ,5,0.22218123,0.77781877
QQQ,5,0.18613829,0.81386171
QQQ,5,0.14889813,0.85110187
QQQ,5,0.18933603,0.81066397
QQQ,5,0.15341342,0.84658658
QQQ,5,0.21560175,0.78439825
QQQ,5,0.22660691,0.77339309
QQQ,5,0.12544208,0.87455792
QQQ,5,0.12705904,0.87294096
QQQ,5,0.21430378,0.78569622
QQQ,5,0.29663072,0.70336928
QQQ,5,0.26819013,0.73180987
QQQ,5,0.12235341,0.87764659
QQQ,5,0.13863211,0.86136789
QQQ,5,0.17439589,0.82560411
QQQ,5,0.15036940,0.84963060
QQQ,5,0.12184486,0.87815514
QQQ,5,0.17760886,0.82239114
QQQ,5,0.12187606,0.87812394
QQQ,5,0.12544103,0.87455897
QQQ,5,0.39371584,0.60628416
QQQ,5,0.18463089,0.81536911
QQQ,5,0.15529324,0.84470676
QQQ,5,0.12661150,0.87338850
QQQ,5,0.12534999,0.87465001
QQQ,5,0.19767552,0.80232448
QQQ,5,0.12419417,0.87580583
QQQ,5,0.12837039,0.87162961
QQQ,5,0.13666070,0.86333930
QQQ,5,0.12191072,0.87808928
QQQ,5,0.13153615,0.86846385
QQQ,5,0.47927492,0.52072508
QQQ,5,0.13137826,0.86862174
QQQ,5,0.12373110,0.87626890
QQQ,5,0.12304121,0.87695879
QQQ,5,0.14079576,0.85920424
QQQ,5,0.19269323,0.80730677
QQQ,5,0.12976469,0.87023531
QQQ,5,0.17698960,0.82301040
QQQ,5,0.12339654,0.87660346
QQQ,5,0.16978250,0.83021750
QQQ,5,0.12188218,0.87811782
QQQ,5,0.12967118,0.87032882
QQQ,5,0.20193273,0.79806727
QQQ,5,0.47413665,0.52586335
QQQ,5,0.13737396,0.86262604
QQQ,5,0.12553061,0.87446939
QQQ,5,0.22297213,0.77702787
QQQ,5,0.12353758,0.87646242
QQQ,5,0.12573095,0.87426905
QQQ,5,0.12201121,0.87798879
QQQ,5,0.18116919,0.81883081
QQQ,5,0.18308349,0.81691651
QQQ,5,0.19272194,0.80727806
QQQ,5,0.12362385,0.87637615
QQQ,5,0.12382323,0.87617677
QQQ,5,0.16530241,0.83469759
QQQ,5,0.16575178,0.83424822
QQQ,5,0.12345474,0.87654526
QQQ,5,0.12801983,0.87198017
QQQ,5,0.17522869,0.82477131
QQQ,5,0.71680295,0.28319705
QQQ,5,0.33040341,0.66959659
QQQ,5,0.12626791,0.87373209
QQQ,5,0.17235250,0.82764750
QQQ,5,0.30594009,0.69405991
QQQ,5,0.16895945,0.83104055
QQQ,5,0.14726414,0.85273586
QQQ,5,0.19067929,0.80932071
QQQ,5,0.19782809,0.80217191
QQQ,5,0.14143979,0.85856021
QQQ,5,0.25259828,0.74740172
QQQ,5,0.13259964,0.86740036
QQQ,5,0.60627114,0.39372886
QQQ,5,0.13002355,0.86997645
QQQ,5,0.70580556,0.29419444
QQQ,5,0.12251091,0.87748909
QQQ,5,0.60836349,0.39163651
QQQ,5,0.12414298,0.87585702
QQQ,5,0.16943207,0.83056793
QQQ,5,0.12449547,0.87550453
QQQ,5,0.15502975,0.84497025
QQQ,5,0.58664726,0.41335274
QQQ,5,0.14092239,0.85907761
QQQ,5,0.17440348,0.82559652
QQQ,5,0.87258251,0.12741749
QQQ,5,0.14163333,0.85836667
QQQ,5,0.15715888,0.84284112
QQQ,5,0.12234832,0.87765168
QQQ,5,0.33942007,0.66057993
QQQ,5,0.22565514,0.77434486
QQQ,5,0.12260665,0.87739335
QQQ,5,0.12447147,0.87552853
QQQ,5,0.49644474,0.50355526
QQQ,5,0.14896248,0.85103752
QQQ,5,0.93854185,0.06145815
QQQ,5,0.12759208,0.87240792
QQQ,5,0.15394306,0.84605694
QQQ,5,0.63829322,0.36170678
QQQ,5,0.12376325,0.87623675
QQQ,5,0.22818269,0.77181731
QQQ,5,0.19023366,0.80976634
QQQ,5,0.14720826,0.85279174
QQQ,5,0.52125226,0.47874774
QQQ,5,0.44230557,0.55769443
QQQ,5,0.23712663,0.76287337
QQQ,5,0.12217142,0.87782858
QQQ,5,0.12603538,0.87396462
QQQ,5,0.25123708,0.74876292
QQQ,5,0.29299910,0.70700090
QQQ,5,0.20890086,0.79109914
QQQ,5,0.47912998,0.52087002
QQQ,5,0.14665979,0.85334021
QQQ,5,0.12187879,0.87812121
QQQ,5,0.14676506,0.85323494
QQQ,5,0.57138760,0.42861240
QQQ,5,0.12224418,0.87775582
QQQ,5,0.35613669,0.64386331
QQQ,5,0.20122182,0.79877818
QQQ,5,0.14544804,0.85455196
QQQ,5,0.13023858,0.86976142
QQQ,5,0.14803556,0.85196444
QQQ,5,0.15221796,0.84778204
QQQ,5,0.12219330,0.87780670
QQQ,5,0.15150712,0.84849288
QQQ,5,0.15157765,0.84842235
QQQ,5,0.14760560,0.85239440
QQQ,5,0.80945238,0.19054762
QQQ,5,0.79631203,0.20368797
QQQ,5,0.14871998,0.85128002
QQQ,5,0.12797674,0.87202326
QQQ,5,0.17324723,0.82675277
QQQ,5,0.12186932,0.87813068
QQQ,5,0.16082049,0.83917951
QQQ,5,0.12510730,0.87489270
QQQ,5,0.12330672,0.87669328
QQQ,5,0.15916325,0.84083675
QQQ,5,0.12964502,0.87035498
QQQ,5,0.13802758,0.86197242
QQQ,5,0.12194278,0.87805722
QQQ,5,0.14180225,0.85819775
QQQ,5,0.19492034,0.80507966
QQQ,5,0.51654108,0.48345892
QQQ,5,0.14075373,0.85924627
QQQ,5,0.13837848,0.86162152
QQQ,5,0.14531136,0.85468864
QQQ,5,0.48965748,0.51034252
QQQ,5,0.16684303,0.83315697
QQQ,5,0.12441688,0.87558312
QQQ,5,0.13324813,0.86675187
QQQ,5,0.12199667,0.87800333
QQQ,5,0.14497339,0.85502661
QQQ,5,0.29418820,0.70581180
QQQ,5,0.14165360,0.85834640
QQQ,5,0.15836708,0.84163292
QQQ,5,0.39426377,0.60573623
QQQ,5,0.14042315,0.85957685
QQQ,5,0.12183323,0.87816677
QQQ,5,0.12720119,0.87279881
QQQ,5,0.13252127,0.86747873
QQQ,5,0.24629679,0.75370321
QQQ,5,0.12865502,0.87134498
QQQ,5,0.75406451,0.24593549
QQQ,5,0.14619940,0.85380060
QQQ,5,0.12221848,0.87778152
QQQ,5,0.13025168,0.86974832
QQQ,5,0.12433132,0.87566868
QQQ,5,0.12297278,0.87702722
QQQ,5,0.38059408,0.61940592
QQQ,5,0.14132730,0.85867270
QQQ,5,0.12320306,0.87679694
QQQ,5,0.19543289,0.80456711
QQQ,5,0.13842340,0.86157660
QQQ,5,0.12380025,0.87619975
QQQ,5,0.12462925,0.87537075
QQQ,5,0.19802465,0.80197535
QQQ,5,0.14876774,0.85123226
QQQ,5,0.15506898,0.84493102
QQQ,5,0.18366007,0.81633993
QQQ,5,0.27242580,0.72757420
QQQ,5,0.14570785,0.85429215
QQQ,5,0.12455715,0.87544285
QQQ,5,0.26836454,0.73163546
QQQ,5,0.12190671,0.87809329
QQQ,5,0.12825795,0.87174205
QQQ,5,0.29395136,0.70604864
QQQ,5,0.15793573,0.84206427
QQQ,5,0.14086433,0.85913567
QQQ,5,0.13442206,0.86557794
QQQ,5,0.14020363,0.85979637
QQQ,5,0.19778956,0.80221044
QQQ,5,0.22398341,0.77601659
QQQ,5,0.13895158,0.86104842
QQQ,5,0.13828342,0.86171658
QQQ,5,0.12213877,0.87786123
QQQ,5,0.12545388,0.87454612
QQQ,5,0.12347894,0.87652106
QQQ,5,0.14889230,0.85110770
QQQ,5,0.12279143,0.87720857
QQQ,5,0.66960451,0.33039549
QQQ,5,0.12277973,0.87722027
QQQ,5,0.14398931,0.85601069
QQQ,5,0.12195016,0.87804984
QQQ,5,0.17078388,0.82921612
QQQ,5,0.25817842,0.74182158
QQQ,5,0.13168545,0.86831455
QQQ,5,0.12654864,0.87345136
QQQ,5,0.24826472,0.75173528
QQQ,5,0.13012964,0.86987036
QQQ,5,0.12879764,0.87120236
QQQ,5,0.14190385,0.85809615
QQQ,5,0.12332435,0.87667565
QQQ,5,0.20900268,0.79099732
QQQ,5,0.12819912,0.87180088
QQQ,5,0.18108445,0.81891555
QQQ,5,0.12920016,0.87079984
QQQ,5,0.13231126,0.86768874
QQQ,5,0.15851144,0.84148856
QQQ,5,0.21336842,0.78663158
QQQ,5,0.12739417,0.87260583
QQQ,5,0.13507967,0.86492033
QQQ,5,0.13482937,0.86517063
QQQ,5,0.12219928,0.87780072
QQQ,5,0.12345849,0.87654151
QQQ,5,0.49443970,0.50556030
QQQ,5,0.12947591,0.87052409
QQQ,5,0.12277368,0.87722632
QQQ,5,0.13802595,0.86197405
QQQ,5,0.23576502,0.76423498
QQQ,5,0.21854838,0.78145162
QQQ,5,0.14653314,0.85346686
QQQ,5,0.12188974,0.87811026
QQQ,5,0.16083983,0.83916017
QQQ,5,0.49099324,0.50900676
QQQ,5,0.12212796,0.87787204
QQQ,5,0.22760905,0.77239095
QQQ,5,0.12875319,0.87124681
QQQ,5,0.34058221,0.65941779
QQQ,5,0.24499161,0.75500839
QQQ,5,0.13015528,0.86984472
QQQ,5,0.12185072,0.87814928
QQQ,5,0.12185169,0.87814831
QQQ,5,0.19529938,0.80470062
QQQ,5,0.12210283,0.87789717
QQQ,5,0.12937848,0.87062152
QQQ,5,0.12203758,0.87796242
QQQ,5,0.12302446,0.87697554
QQQ,5,0.18151105,0.81848895
QQQ,5,0.12185295,0.87814705
QQQ,5,0.26914050,0.73085950
QQQ,5,0.13084279,0.86915721
QQQ,5,0.12668385,0.87331615
QQQ,5,0.38654882,0.61345118
QQQ,5,0.15135343,0.84864657
QQQ,5,0.12506776,0.87493224
QQQ,5,0.16320704,0.83679296
QQQ,5,0.12969222,0.87030778
QQQ,5,0.14267990,0.85732010
QQQ,5,0.12692050,0.87307950
QQQ,5,0.13571665,0.86428335
QQQ,5,0.99955649,0.00044351
QQQ,5,0.12204706,0.87795294
QQQ,5,0.14828582,0.85171418
QQQ,5,0.35975981,0.64024019
QQQ,5,0.17997232,0.82002768
QQQ,5,0.31361134,0.68638866
QQQ,5,0.12973176,0.87026824
QQQ,5,0.15375445,0.84624555
QQQ,5,0.12210345,0.87789655
QQQ,5,0.15077839,0.84922161
QQQ,5,0.49969395,0.50030605
QQQ,5,0.27810628,0.72189372
QQQ,5,0.12480388,0.87519612
QQQ,5,0.12196553,0.87803447
QQQ,5,0.19694534,0.80305466
QQQ,5,0.15893987,0.84106013
QQQ,5,0.55652708,0.44347292
QQQ,5,0.12429219,0.87570781
QQQ,5,0.12494472,0.87505528
QQQ,5,0.13238595,0.86761405
QQQ,5,0.15125381,0.84874619
QQQ,5,0.20778503,0.79221497
QQQ,5,0.12184758,0.87815242
QQQ,5,0.12309506,0.87690494
QQQ,5,0.12267206,0.87732794
QQQ,5,0.25534671,0.74465329
QQQ,5,0.13559397,0.86440603
QQQ,5,0.14298040,0.85701960
QQQ,5,0.12370883,0.87629117
QQQ,5,0.14000496,0.85999504
QQQ,5,0.19548261,0.80451739
QQQ,5,0.15925503,0.84074497
QQQ,5,0.12439044,0.87560956
QQQ,5,0.18435821,0.81564179
QQQ,5,0.12695470,0.87304530
QQQ,5,0.12646593,0.87353407
QQQ,5,0.12816540,0.87183460
QQQ,5,0.14177196,0.85822804
QQQ,5,0.12433295,0.87566705
QQQ,5,0.14016860,0.85983140
QQQ,5,0.27793892,0.72206108
QQQ,5,0.14657207,0.85342793
QQQ,5,0.12314055,0.87685945
QQQ,5,0.24915122,0.75084878
QQQ,5,0.12630436,0.87369564
QQQ,5,0.14825284,0.85174716
QQQ,5,0.13167662,0.86832338
QQQ,5,0.12288438,0.87711562
QQQ,5,0.12184727,0.87815273
QQQ,5,0.12500182,0.87499818
QQQ,5,0.12514036,0.87485964
QQQ,5,0.27201827,0.72798173
QQQ,5,0.23415941,0.76584059
QQQ,5,0.15081494,0.84918506
QQQ,5,0.16136695,0.83863305
QQQ,5,0.17842210,0.82157790
QQQ,5,0.13540042,0.86459958
QQQ,5,0.16826488,0.83173512
QQQ,5,0.15018902,0.84981098
QQQ,5,0.12315521,0.87684479
QQQ,5,0.13213457,0.86786543
QQQ,5,0.30461250,0.69538750
QQQ,5,0.13960200,0.86039800
QQQ,5,0.15751273,0.84248727
QQQ,5,0.17147431,0.82852569
QQQ,5,0.14001545,0.85998455
QQQ,5,0.12278928,0.87721072
QQQ,5,0.12893346,0.87106654
QQQ,5,0.12192250,0.87807750
QQQ,5,0.20193275,0.79806725
QQQ,5,0.36529179,0.63470821
QQQ,5,0.20884288,0.79115712
QQQ,5,0.12439466,0.87560534
QQQ,5,0.14322666,0.85677334
QQQ,5,0.20052796,0.79947204
QQQ,5,0.15132216,0.84867784
QQQ,5,0.18452925,0.81547075
QQQ,5,0.12360774,0.87639226
QQQ,5,0.12189652,0.87810348
QQQ,5,0.17937357,0.82062643
QQQ,5,0.17238409,0.82761591
QQQ,5,0.18178811,0.81821189
QQQ,5,0.13408638,0.86591362
QQQ,5,0.14745416,0.85254584
QQQ,5,0.30490399,0.69509601
QQQ,5,0.12183621,0.87816379
QQQ,5,0.12454621,0.87545379
QQQ,5,0.17463244,0.82536756
QQQ,5,0.15175221,0.84824779
QQQ,5,0.16633758,0.83366242
QQQ,5,0.13682833,0.86317167
QQQ,5,0.12291180,0.87708820
QQQ,5,0.16357647,0.83642353
QQQ,5,0.14877373,0.85122627
QQQ,5,0.33379684,0.66620316
QQQ,5,0.16361732,0.83638268
QQQ,5,0.12183830,0.87816170
QQQ,5,0.16489102,0.83510898
QQQ,5,0.12198060,0.87801940
QQQ,5,0.12903024,0.87096976
QQQ,5,0.13765243,0.86234757
QQQ,5,0.12186094,0.87813906
QQQ,5,0.32064252,0.67935748
QQQ,5,0.12197311,0.87802689
QQQ,5,0.17962359,0.82037641
QQQ,5,0.61201520,0.38798480
QQQ,5,0.19219746,0.80780254
QQQ,5,0.64939082,0.35060918
QQQ,5,0.15066208,0.84933792
QQQ,5,0.17097303,0.82902697
QQQ,5,0.48750226,0.51249774
QQQ,5,0.21068962,0.78931038
QQQ,5,0.15123947,0.84876053
QQQ,5,0.22629401,0.77370599
QQQ,5,0.67537013,0.32462987
QQQ,5,0.19130361,0.80869639
QQQ,5,0.14037374,0.85962626
QQQ,5,0.41974282,0.58025718
QQQ,5,0.55330526,0.44669474
QQQ,5,0.23242720,0.76757280
QQQ,5,0.39880840,0.60119160
QQQ,5,0.13716073,0.86283927
QQQ,5,0.21444660,0.78555340
QQQ,5,0.29877745,0.70122255
QQQ,5,0.12291855,0.87708145
QQQ,5,0.31658122,0.68341878
QQQ,5,0.14167486,0.85832514
QQQ,5,0.74470162,0.25529838
QQQ,5,0.87770876,0.12229124
QQQ,5,0.14154002,0.85845998
QQQ,5,0.24433099,0.75566901
QQQ,5,0.42460435,0.57539565
QQQ,5,0.17237313,0.82762687
QQQ,5,0.12182851,0.87817149
QQQ,5,0.48831643,0.51168357
QQQ,5,0.12342310,0.87657690
QQQ,5,0.29414312,0.70585688
QQQ,5,0.12205064,0.87794936
QQQ,5,0.14029289,0.85970711
QQQ,5,0.12256729,0.87743271
QQQ,5,0.16411517,0.83588483
QQQ,5,0.79311682,0.20688318
QQQ,5,0.12990474,0.87009526
QQQ,5,0.12322249,0.87677751
QQQ,5,0.15745606,0.84254394
QQQ,5,0.13684425,0.86315575
QQQ,5,0.19794691,0.80205309
QQQ,5,0.14249803,0.85750197
QQQ,5,0.14333368,0.85666632
QQQ,5,0.12558196,0.87441804
QQQ,5,0.22510762,0.77489238
QQQ,5,0.12230410,0.87769590
QQQ,5,0.14741245,0.85258755
QQQ,5,0.12452555,0.87547445
QQQ,5,0.54464936,0.45535064
QQQ,5,0.15899444,0.84100556
QQQ,5,0.14137171,0.85862829
QQQ,5,0.12802629,0.87197371
QQQ,5,0.33555118,0.66444882
QQQ,5,0.35523054,0.64476946
QQQ,5,0.15712000,0.84288000
QQQ,5,0.13454204,0.86545796
QQQ,5,0.24070594,0.75929406
QQQ,5,0.13476039,0.86523961
QQQ,5,0.77691246,0.22308754
QQQ,5,0.20712422,0.79287578
QQQ,5,0.56665154,0.43334846
QQQ,5,0.14499488,0.85500512
QQQ,5,0.25505076,0.74494924
QQQ,5,0.33731185,0.66268815
QQQ,5,0.13539944,0.86460056
QQQ,5,0.12655235,0.87344765
QQQ,5,0.30276943,0.69723057
QQQ,5,0.44580593,0.55419407
QQQ,5,0.15930659,0.84069341
QQQ,5,0.14969669,0.85030331
QQQ,5,0.21209567,0.78790433
QQQ,5,0.76801152,0.23198848
QQQ,5,0.97315075,0.02684925
QQQ,5,0.99534721,0.00465279
QQQ,5,0.94072057,0.05927943
QQQ,5,0.99551644,0.00448356
QQQ,5,0.25317110,0.74682890
QQQ,5,0.13861682,0.86138318
QQQ,5,0.16865322,0.83134678
QQQ,5,0.22255858,0.77744142
QQQ,5,0.13173365,0.86826635
QQQ,5,0.23887468,0.76112532
QQQ,5,0.19332968,0.80667032
QQQ,5,0.41300187,0.58699813
QQQ,5,0.49907332,0.50092668
QQQ,5,0.95525346,0.04474654
QQQ,5,0.14937771,0.85062229
QQQ,5,0.14136263,0.85863737
QQQ,5,0.16709052,0.83290948
QQQ,5,0.13400490,0.86599510
QQQ,5,0.41047217,0.58952783
QQQ,5,0.32483038,0.67516962
QQQ,5,0.12339518,0.87660482
QQQ,5,0.13620362,0.86379638
QQQ,5,0.70940696,0.29059304
QQQ,5,0.16503567,0.83496433
QQQ,5,0.14276089,0.85723911
QQQ,5,0.20317507,0.79682493
QQQ,5,0.82521915,0.17478085
QQQ,5,0.12244579,0.87755421
QQQ,5,0.12277706,0.87722294
QQQ,5,0.54308852,0.45691148
QQQ,5,0.57465936,0.42534064
QQQ,5,0.18194469,0.81805531
QQQ,5,0.15014158,0.84985842
QQQ,5,0.19018789,0.80981211
QQQ,5,0.12275498,0.87724502
QQQ,5,0.24931226,0.75068774
QQQ,5,0.35758273,0.64241727
QQQ,5,0.12387624,0.87612376
QQQ,5,0.99991653,0.00008347
QQQ,5,0.15867480,0.84132520
QQQ,5,0.92827174,0.07172826
QQQ,5,0.47258953,0.52741047
QQQ,5,0.12250399,0.87749601
QQQ,5,0.53150140,0.46849860
QQQ,5,0.37122510,0.62877490
QQQ,5,0.90890928,0.09109072
QQQ,5,0.22517358,0.77482642
QQQ,5,0.34979832,0.65020168
QQQ,5,0.12779728,0.87220272
QQQ,5,0.88150641,0.11849359
QQQ,5,0.14272905,0.85727095
QQQ,5,0.46407433,0.53592567
QQQ,5,0.56649560,0.43350440
QQQ,5,0.15540579,0.84459421
QQQ,5,0.12276605,0.87723395
QQQ,5,0.12207800,0.87792200
QQQ,5,0.41047304,0.58952696
QQQ,5,0.20946397,0.79053603
QQQ,5,0.24906469,0.75093531
QQQ,5,0.93032916,0.06967084
QQQ,5,0.65478416,0.34521584
QQQ,5,0.13424268,0.86575732
QQQ,5,0.19862854,0.80137146
QQQ,5,0.21196664,0.78803336
QQQ,5,0.13645487,0.86354513
QQQ,5,0.65147414,0.34852586
QQQ,5,0.39893154,0.60106846
QQQ,5,0.12844164,0.87155836
QQQ,5,0.12539796,0.87460204
QQQ,5,0.13194250,0.86805750
QQQ,5,0.18282903,0.81717097
QQQ,5,0.12746101,0.87253899
QQQ,5,0.13591076,0.86408924
QQQ,5,0.13239780,0.86760220
QQQ,5,0.14041030,0.85958970
QQQ,5,0.12863390,0.87136610
QQQ,5,0.87138633,0.12861367
QQQ,5,0.16546487,0.83453513
QQQ,5,0.13138575,0.86861425
QQQ,5,0.13399263,0.86600737
QQQ,5,0.66153580,0.33846420
QQQ,5,0.12990697,0.87009303
QQQ,5,0.58193936,0.41806064
QQQ,5,0.99349116,0.00650884
QQQ,5,0.12355908,0.87644092
QQQ,5,0.17353385,0.82646615
QQQ,5,0.43729208,0.56270792
QQQ,5,0.50222169,0.49777831
QQQ,5,0.99956097,0.00043903
QQQ,5,0.74408647,0.25591353
QQQ,5,0.57864065,0.42135935
QQQ,5,0.98825187,0.01174813
QQQ,5,0.16692117,0.83307883
QQQ,5,0.12189784,0.87810216
QQQ,5,0.65376426,0.34623574
QQQ,5,0.14372907,0.85627093
QQQ,5,0.13301109,0.86698891
QQQ,5,0.99942619,0.00057381
QQQ,5,0.12184255,0.87815745
QQQ,5,0.13068462,0.86931538
QQQ,5,0.14924466,0.85075534
QQQ,5,0.12301440,0.87698560
QQQ,5,0.15379218,0.84620782
QQQ,5,0.22736345,0.77263655
QQQ,5,0.26306918,0.73693082
QQQ,5,0.90439690,0.09560310
QQQ,5,0.14221618,0.85778382
QQQ,5,0.12183794,0.87816206
QQQ,5,0.87639902,0.12360098
QQQ,5,0.12209221,0.87790779
QQQ,5,0.97480751,0.02519249
QQQ,5,0.17909184,0.82090816
QQQ,5,0.25672759,0.74327241
QQQ,5,0.21542974,0.78457026
QQQ,5,0.17952960,0.82047040
QQQ,5,0.12289987,0.87710013
QQQ,5,0.12501328,0.87498672
QQQ,5,0.16001195,0.83998805
QQQ,5,0.15920687,0.84079313
QQQ,5,0.96374192,0.03625808
QQQ,5,0.12691865,0.87308135
QQQ,5,0.12294604,0.87705396
QQQ,5,0.14925756,0.85074244
QQQ,5,0.44693697,0.55306303
QQQ,5,0.15347019,0.84652981
QQQ,5,0.13288373,0.86711627
QQQ,5,0.44433970,0.55566030
QQQ,5,0.12936766,0.87063234
QQQ,5,0.12304869,0.87695131
QQQ,5,0.43276157,0.56723843
QQQ,5,0.12370686,0.87629314
QQQ,5,0.14570268,0.85429732
QQQ,5,0.16159444,0.83840556
QQQ,5,0.71404082,0.28595918
QQQ,5,0.12408673,0.87591327
QQQ,5,0.13206188,0.86793812
QQQ,5,0.40013649,0.59986351
QQQ,5,0.13552057,0.86447943
QQQ,5,0.18765182,0.81234818
QQQ,5,0.15759521,0.84240479
QQQ,5,0.21826098,0.78173902
QQQ,5,0.14071049,0.85928951
QQQ,5,0.23438596,0.76561404
QQQ,5,0.36551597,0.63448403
QQQ,5,0.93364852,0.06635148
QQQ,5,0.14686136,0.85313864
QQQ,5,0.14597941,0.85402059
QQQ,5,0.80382158,0.19617842
QQQ,5,0.12228026,0.87771974
QQQ,5,0.46191159,0.53808841
QQQ,5,0.18567107,0.81432893
QQQ,5,0.13200370,0.86799630
QQQ,5,0.20381388,0.79618612
QQQ,5,0.31774898,0.68225102
QQQ,5,0.87369128,0.12630872
QQQ,5,0.17427127,0.82572873
QQQ,5,0.15085236,0.84914764
QQQ,5,0.32081361,0.67918639
QQQ,5,0.99911097,0.00088903
QQQ,5,0.12426125,0.87573875
QQQ,5,0.24211978,0.75788022
QQQ,5,0.25478501,0.74521499
QQQ,5,0.76641858,0.23358142
QQQ,5,0.12768799,0.87231201
QQQ,5,0.13672096,0.86327904
QQQ,5,0.73271250,0.26728750
QQQ,5,0.81924682,0.18075318
QQQ,5,0.21457158,0.78542842
QQQ,5,0.36783935,0.63216065
QQQ,5,0.16413125,0.83586875
QQQ,5,0.12210537,0.87789463
QQQ,5,0.74972713,0.25027287
QQQ,5,0.16322389,0.83677611
QQQ,5,0.65733467,0.34266533
QQQ,5,0.12929256,0.87070744
QQQ,5,0.12201588,0.87798412
QQQ,5,0.26483424,0.73516576
QQQ,5,0.29931056,0.70068944
QQQ,5,0.24310517,0.75689483
QQQ,5,0.48080073,0.51919927
QQQ,5,0.54369739,0.45630261
QQQ,5,0.14117725,0.85882275
QQQ,5,0.12320782,0.87679218
QQQ,5,0.24283062,0.75716938
QQQ,5,0.20967896,0.79032104
QQQ,5,0.97553061,0.02446939
QQQ,5,0.37448637,0.62551363
QQQ,5,0.14127159,0.85872841
QQQ,5,0.71280480,0.28719520
QQQ,5,0.19858107,0.80141893
QQQ,5,0.12705450,0.87294550
QQQ,5,0.12258562,0.87741438
QQQ,5,0.22410097,0.77589903
QQQ,5,0.12238634,0.87761366
QQQ,5,0.21522429,0.78477571
QQQ,5,0.25965529,0.74034471
QQQ,5,0.12194829,0.87805171
QQQ,5,0.13875963,0.86124037
QQQ,5,0.24909632,0.75090368
QQQ,5,0.60143744,0.39856256
QQQ,5,0.12439365,0.87560635
QQQ,5,0.14099162,0.85900838
QQQ,5,0.16560948,0.83439052
QQQ,5,0.57721100,0.42278900
QQQ,5,0.26978462,0.73021538
QQQ,5,0.21215697,0.78784303
QQQ,5,0.98790457,0.01209543
QQQ,5,0.15751095,0.84248905
QQQ,5,0.14071853,0.85928147
QQQ,5,0.61512214,0.38487786
QQQ,5,0.14866920,0.85133080
QQQ,5,0.42814590,0.57185410
QQQ,5,0.12663861,0.87336139
QQQ,5,0.96260753,0.03739247
QQQ,5,0.14396326,0.85603674
QQQ,5,0.99999916,0.00000084
QQQ,5,0.95303326,0.04696674
QQQ,5,0.96769593,0.03230407
QQQ,5,0.99992682,0.00007318
QQQ,5,0.17211175,0.82788825
QQQ,5,0.13312373,0.86687627
QQQ,5,0.34498802,0.65501198
QQQ,5,0.17800320,0.82199680
QQQ,5,1.00000000,0.00000000
QQQ,5,0.73286959,0.26713041
QQQ,5,0.25373133,0.74626867
QQQ,5,0.99995652,0.00004348
QQQ,5,0.49920668,0.50079332
QQQ,5,0.99927940,0.00072060
QQQ,5,1.00000000,0.00000000
QQQ,5,0.29300199,0.70699801
QQQ,5,0.97314965,0.02685035
QQQ,5,0.18897807,0.81102193
QQQ,5,1.00000000,0.00000000
QQQ,5,0.99830109,0.00169891
QQQ,5,1.00000000,0.00000000
QQQ,5,0.99995307,0.00004693
QQQ,5,0.12183162,0.87816838
QQQ,5,0.94105207,0.05894793
QQQ,5,0.99999687,0.00000313
QQQ,5,0.95541582,0.04458418
QQQ,5,0.15346923,0.84653077
QQQ,5,0.99038539,0.00961461
QQQ,5,0.95967933,0.04032067
QQQ,5,1.00000000,0.00000000
QQQ,5,0.12282591,0.87717409
QQQ,5,0.99563990,0.00436010
QQQ,5,0.13340335,0.86659665
QQQ,5,0.12183192,0.87816808
QQQ,5,0.94144873,0.05855127
QQQ,5,0.99999680,0.00000320
QQQ,5,0.99995986,0.00004014
QQQ,5,0.34706634,0.65293366
QQQ,5,0.32841041,0.67158959
QQQ,5,0.69182832,0.30817168
QQQ,5,0.99998994,0.00001006
QQQ,5,0.99999944,0.00000056
QQQ,5,0.99998365,0.00001635
QQQ,5,0.67985054,0.32014946
QQQ,5,0.13279847,0.86720153
QQQ,5,0.99999964,0.00000036
QQQ,5,0.99999811,0.00000189
QQQ,5,0.99478289,0.00521711
QQQ,5,0.99999994,0.00000006
QQQ,5,0.12190412,0.87809588
QQQ,5,0.99973332,0.00026668
QQQ,5,0.13750302,0.86249698
QQQ,5,1.00000000,0.00000000
QQQ,5,0.93685593,0.06314407
QQQ,5,0.85711342,0.14288658
QQQ,5,0.86016956,0.13983044
QQQ,5,0.99845516,0.00154484
QQQ,5,0.99844280,0.00155720
QQQ,5,0.12385516,0.87614484
QQQ,5,0.12231326,0.87768674
QQQ,5,0.89579025,0.10420975
QQQ,5,0.49753472,0.50246528
QQQ,5,0.42246848,0.57753152
QQQ,5,0.99993970,0.00006030
QQQ,5,0.19719236,0.80280764
QQQ,5,0.38536922,0.61463078
QQQ,5,0.15768721,0.84231279
QQQ,5,0.68247443,0.31752557
QQQ,5,0.14333919,0.85666081
QQQ,5,0.12279468,0.87720532
QQQ,5,0.12230986,0.87769014
QQQ,5,0.16802323,0.83197677
QQQ,5,0.54129404,0.45870596
QQQ,5,0.18005890,0.81994110
QQQ,5,0.99979111,0.00020889
QQQ,5,0.12635218,0.87364782
QQQ,5,0.23555083,0.76444917
QQQ,5,0.88949245,0.11050755
QQQ,5,0.18734702,0.81265298
QQQ,5,0.70270533,0.29729467
QQQ,5,0.53179388,0.46820612
QQQ,5,0.12354181,0.87645819
QQQ,5,0.97680418,0.02319582
QQQ,5,0.29241881,0.70758119
QQQ,5,0.19416720,0.80583280
QQQ,5,0.99999204,0.00000796
QQQ,5,0.99841375,0.00158625
QQQ,5,0.27332999,0.72667001
QQQ,5,0.14057850,0.85942150
QQQ,5,0.15649062,0.84350938
QQQ,5,0.15691428,0.84308572
QQQ,5,0.99311462,0.00688538
QQQ,5,0.73146689,0.26853311
QQQ,5,0.41729153,0.58270847
QQQ,5,0.20031665,0.79968335
QQQ,5,0.33109475,0.66890525
QQQ,5,0.12617984,0.87382016
QQQ,5,0.68132429,0.31867571
QQQ,5,0.88845930,0.11154070
QQQ,5,0.15239126,0.84760874
QQQ,5,0.99262642,0.00737358
QQQ,5,0.14443475,0.85556525
QQQ,5,0.20426020,0.79573980
QQQ,5,0.13348063,0.86651937
QQQ,5,0.99906851,0.00093149
QQQ,5,0.12443934,0.87556066
QQQ,5,0.41978618,0.58021382
QQQ,5,0.12294261,0.87705739
QQQ,5,0.99492586,0.00507414
QQQ,5,0.94731387,0.05268613
QQQ,5,0.14860718,0.85139282
QQQ,5,0.90681455,0.09318545
QQQ,5,0.21224115,0.78775885
QQQ,5,0.99095593,0.00904407
QQQ,5,0.12794281,0.87205719
QQQ,5,0.77611227,0.22388773
QQQ,5,0.94720897,0.05279103
QQQ,5,0.17458917,0.82541083
QQQ,5,0.73040897,0.26959103
QQQ,5,0.99999992,0.00000008
QQQ,5,0.42930879,0.57069121
QQQ,5,0.99272664,0.00727336
QQQ,5,0.14226420,0.85773580
QQQ,5,0.31195038,0.68804962
QQQ,5,0.99672618,0.00327382
QQQ,5,0.29704323,0.70295677
QQQ,5,0.12395362,0.87604638
QQQ,5,0.29665722,0.70334278
QQQ,5,0.99999981,0.00000019
QQQ,5,0.34064974,0.65935026
QQQ,5,0.14517048,0.85482952
QQQ,5,0.95722107,0.04277893
QQQ,5,0.40408315,0.59591685
QQQ,5,0.76373339,0.23626661
QQQ,5,0.14950633,0.85049367
QQQ,5,0.28782258,0.71217742
QQQ,5,0.97926786,0.02073214
QQQ,5,0.58655284,0.41344716
QQQ,5,0.12182720,0.87817280
QQQ,5,0.81788656,0.18211344
QQQ,5,0.34885467,0.65114533
QQQ,5,0.95854299,0.04145701
QQQ,5,0.12217896,0.87782104
QQQ,5,0.20816532,0.79183468
QQQ,5,0.12808891,0.87191109
QQQ,5,0.81624242,0.18375758
QQQ,5,0.12945293,0.87054707
QQQ,5,0.96821274,0.03178726
QQQ,5,0.24113310,0.75886690
QQQ,5,0.12548567,0.87451433
QQQ,5,0.19859331,0.80140669
QQQ,5,0.45118439,0.54881561
QQQ,5,0.12527993,0.87472007
QQQ,5,0.14626170,0.85373830
QQQ,5,0.27667491,0.72332509
QQQ,5,0.20451946,0.79548054
QQQ,5,0.13104909,0.86895091
QQQ,5,0.57131942,0.42868058
QQQ,5,0.12200451,0.87799549
QQQ,5,0.12300159,0.87699841
QQQ,5,0.72586127,0.27413873
QQQ,5,0.12203743,0.87796257
QQQ,5,0.12591987,0.87408013
QQQ,5,0.24402051,0.75597949
QQQ,5,0.90513778,0.09486222
QQQ,5,0.17463733,0.82536267
QQQ,5,0.12297466,0.87702534
QQQ,5,0.83689329,0.16310671
QQQ,5,0.14403973,0.85596027
QQQ,5,0.12479548,0.87520452
QQQ,5,0.44769066,0.55230934
QQQ,5,0.13276800,0.86723200
QQQ,5,0.99330187,0.00669813
QQQ,5,0.13878555,0.86121445
QQQ,5,0.24815470,0.75184530
QQQ,5,0.25575004,0.74424996
QQQ,5,0.94057728,0.05942272
QQQ,5,0.13193915,0.86806085
QQQ,5,0.12300985,0.87699015
QQQ,5,0.22771565,0.77228435
QQQ,5,0.12403312,0.87596688
QQQ,5,0.12449599,0.87550401
QQQ,5,0.16029062,0.83970938
QQQ,5,0.12779199,0.87220801
QQQ,5,0.12185685,0.87814315
QQQ,5,0.13518348,0.86481652
QQQ,5,0.60351424,0.39648576
QQQ,5,0.21420786,0.78579214
QQQ,5,0.16243408,0.83756592
QQQ,5,0.12466715,0.87533285
QQQ,5,0.20488029,0.79511971
QQQ,5,0.94821964,0.05178036
QQQ,5,0.12952574,0.87047426
QQQ,5,0.33599916,0.66400084
QQQ,5,0.54520836,0.45479164
QQQ,5,0.13132897,0.86867103
QQQ,5,0.12772925,0.87227075
QQQ,5,0.12280506,0.87719494
QQQ,5,0.12229226,0.87770774
QQQ,5,0.66008469,0.33991531
QQQ,5,0.14943496,0.85056504
QQQ,5,0.86384078,0.13615922
QQQ,5,0.12768741,0.87231259
QQQ,5,0.12203819,0.87796181
QQQ,5,0.13130818,0.86869182
QQQ,5,0.50686642,0.49313358
QQQ,5,0.13541534,0.86458466
QQQ,5,0.98814513,0.01185487
QQQ,5,0.29556434,0.70443566
QQQ,5,0.16200402,0.83799598
QQQ,5,0.21456631,0.78543369
QQQ,5,0.16529781,0.83470219
QQQ,5,0.18828734,0.81171266
QQQ,5,0.70960100,0.29039900
QQQ,5,0.14264534,0.85735466
QQQ,5,0.17088109,0.82911891
QQQ,5,0.14715823,0.85284177
QQQ,5,0.15066177,0.84933823
QQQ,5,0.14598617,0.85401383
QQQ,5,0.12560394,0.87439606
QQQ,5,0.32381396,0.67618604
QQQ,5,0.12216751,0.87783249
QQQ,5,0.15342761,0.84657239
QQQ,5,0.17761313,0.82238687
QQQ,5,0.22873980,0.77126020
QQQ,5,0.15044887,0.84955113
QQQ,5,0.17219471,0.82780529
QQQ,5,0.30835971,0.69164029
QQQ,5,0.14326433,0.85673567
QQQ,5,0.20263438,0.79736562
QQQ,5,0.94485068,0.05514932
QQQ,5,0.23445863,0.76554137
QQQ,5,0.14729529,0.85270471
QQQ,5,0.23816693,0.76183307
QQQ,5,0.29125312,0.70874688
QQQ,5,0.12184510,0.87815490
QQQ,5,0.13111209,0.86888791
QQQ,5,0.12273183,0.87726817
QQQ,5,0.12621308,0.87378692
QQQ,5,0.12271559,0.87728441
QQQ,5,0.19355020,0.80644980
QQQ,5,0.51789732,0.48210268
QQQ,5,0.12497331,0.87502669
QQQ,5,0.14087338,0.85912662
QQQ,5,0.61959411,0.38040589
QQQ,5,0.20448799,0.79551201
QQQ,5,0.19265055,0.80734945
QQQ,5,0.20649789,0.79350211
QQQ,5,0.12487041,0.87512959
QQQ,5,0.13577183,0.86422817
QQQ,5,0.12998215,0.87001785
QQQ,5,0.32142115,0.67857885
QQQ,5,0.12230674,0.87769326
QQQ,5,0.12530515,0.87469485
QQQ,5,0.12886041,0.87113959
QQQ,5,0.12483791,0.87516209
QQQ,5,0.13281809,0.86718191
QQQ,5,0.17903758,0.82096242
QQQ,5,0.18483202,0.81516798
QQQ,5,0.35564282,0.64435718
QQQ,5,0.13191774,0.86808226
QQQ,5,0.12240000,0.87760000
QQQ,5,0.95056632,0.04943368
QQQ,5,0.13508930,0.86491070
QQQ,5,0.14977577,0.85022423
QQQ,5,0.41737600,0.58262400
QQQ,5,0.13142015,0.86857985
QQQ,5,0.13737454,0.86262546
QQQ,5,0.14726544,0.85273456
QQQ,5,0.12679728,0.87320272
QQQ,5,0.12229996,0.87770004
QQQ,5,0.28096186,0.71903814
QQQ,5,0.12299231,0.87700769
QQQ,5,0.14390699,0.85609301
QQQ,5,0.18891415,0.81108585
QQQ,5,0.12200435,0.87799565
QQQ,5,0.12287068,0.87712932
QQQ,5,0.13108195,0.86891805
QQQ,5,0.13158145,0.86841855
QQQ,5,0.12799777,0.87200223
QQQ,5,0.34160481,0.65839519
QQQ,5,0.75071418,0.24928582
QQQ,5,0.31089944,0.68910056
QQQ,5,0.89852057,0.10147943
QQQ,5,0.12672102,0.87327898
QQQ,5,0.12429270,0.87570730
QQQ,5,0.12315531,0.87684469
QQQ,5,0.79289200,0.20710800
QQQ,5,0.15475089,0.84524911
QQQ,5,0.69712617,0.30287383
QQQ,5,0.13378225,0.86621775
QQQ,5,0.16213232,0.83786768
QQQ,5,0.13459851,0.86540149
QQQ,5,0.16973162,0.83026838
QQQ,5,0.20602062,0.79397938
QQQ,5,0.13193769,0.86806231
QQQ,5,0.13549758,0.86450242
QQQ,5,0.34923046,0.65076954
QQQ,5,0.14441410,0.85558590
QQQ,5,0.32079019,0.67920981
QQQ,5,0.12708149,0.87291851
QQQ,5,0.13479140,0.86520860
QQQ,5,0.32619797,0.67380203
QQQ,5,0.12195637,0.87804363
QQQ,5,0.19036698,0.80963302
QQQ,5,0.12363089,0.87636911
QQQ,5,0.12945068,0.87054932
QQQ,5,0.13751965,0.86248035
QQQ,5,0.13445408,0.86554592
QQQ,5,0.14513096,0.85486904
QQQ,5,0.18453119,0.81546881
QQQ,5,0.13831624,0.86168376
QQQ,5,0.12776369,0.87223631
QQQ,5,0.18557795,0.81442205
QQQ,5,0.13837475,0.86162525
QQQ,5,0.12325105,0.87674895
QQQ,5,0.23917017,0.76082983
QQQ,5,0.33777245,0.66222755
QQQ,5,0.22437687,0.77562313
QQQ,5,0.15478986,0.84521014
QQQ,5,0.16823497,0.83176503
QQQ,5,0.19342536,0.80657464
QQQ,5,0.14796892,0.85203108
QQQ,5,0.12757021,0.87242979
QQQ,5,0.12833708,0.87166292
QQQ,5,0.17640726,0.82359274
QQQ,5,0.29470368,0.70529632
QQQ,5,0.12195671,0.87804329
QQQ,5,0.14081330,0.85918670
QQQ,5,0.12196991,0.87803009
QQQ,5,0.16366103,0.83633897
QQQ,5,0.12924682,0.87075318
QQQ,5,0.24438156,0.75561844
QQQ,5,0.22236224,0.77763776
QQQ,5,0.12238147,0.87761853
QQQ,5,0.21570965,0.78429035
QQQ,5,0.33694155,0.66305845
QQQ,5,0.29239573,0.70760427
QQQ,5,0.18521654,0.81478346
QQQ,5,0.95930325,0.04069675
QQQ,5,0.12241055,0.87758945
QQQ,5,0.12190324,0.87809676
QQQ,5,0.15725688,0.84274312
QQQ,5,0.83974387,0.16025613
QQQ,5,0.49841262,0.50158738
QQQ,5,0.17534653,0.82465347
QQQ,5,0.16957120,0.83042880
QQQ,5,0.14553910,0.85446090
QQQ,5,0.92829276,0.07170724
QQQ,5,0.15346373,0.84653627
QQQ,5,0.16272088,0.83727912
QQQ,5,0.19155717,0.80844283
QQQ,5,0.12384269,0.87615731
QQQ,5,0.32002748,0.67997252
QQQ,5,0.12724487,0.87275513
QQQ,5,0.27221960,0.72778040
QQQ,5,0.15126859,0.84873141
QQQ,5,0.15637611,0.84362389
QQQ,5,0.12200357,0.87799643
QQQ,5,0.12321279,0.87678721
QQQ,5,0.25569489,0.74430511
QQQ,5,0.18321641,0.81678359
QQQ,5,0.12185228,0.87814772
QQQ,5,0.13058885,0.86941115
QQQ,5,0.30884759,0.69115241
QQQ,5,0.13142803,0.86857197
QQQ,5,0.12445859,0.87554141
QQQ,5,0.13021156,0.86978844
QQQ,5,0.33521625,0.66478375
QQQ,5,0.12770296,0.87229704
QQQ,5,0.14847837,0.85152163
QQQ,5,0.17411443,0.82588557
QQQ,5,0.13531158,0.86468842
QQQ,5,0.12249941,0.87750059
QQQ,5,0.12456163,0.87543837
QQQ,5,0.14751583,0.85248417
QQQ,5,0.12750417,0.87249583
QQQ,5,0.13052893,0.86947107
QQQ,5,0.14176724,0.85823276
QQQ,5,0.17570689,0.82429311
QQQ,5,0.15616104,0.84383896
QQQ,5,0.13166298,0.86833702
QQQ,5,0.12277044,0.87722956
QQQ,5,0.12223084,0.87776916
QQQ,5,0.13615522,0.86384478
QQQ,5,0.12981714,0.87018286
QQQ,5,0.13353734,0.86646266
QQQ,5,0.12182463,0.87817537
QQQ,5,0.17987318,0.82012682
QQQ,5,0.12875559,0.87124441
QQQ,5,0.12384982,0.87615018
QQQ,5,0.12506856,0.87493144
QQQ,5,0.14484009,0.85515991
QQQ,5,0.12288110,0.87711890
QQQ,5,0.14026876,0.85973124
QQQ,5,0.24025017,0.75974983
QQQ,5,0.13982963,0.86017037
QQQ,5,0.21296981,0.78703019
QQQ,5,0.12225144,0.87774856
QQQ,5,0.13495329,0.86504671
QQQ,5,0.14315746,0.85684254
QQQ,5,0.14516201,0.85483799
QQQ,5,0.13523080,0.86476920
QQQ,5,0.12325149,0.87674851
QQQ,5,0.61576386,0.38423614
QQQ,5,0.12200369,0.87799631
QQQ,5,0.37288885,0.62711115
QQQ,5,0.51084310,0.48915690
QQQ,5,0.27177557,0.72822443
QQQ,5,0.95785347,0.04214653
QQQ,5,0.14820721,0.85179279
QQQ,5,0.99234764,0.00765236
QQQ,5,0.90867636,0.09132364
QQQ,5,0.99996633,0.00003367
QQQ,5,0.12185697,0.87814303
QQQ,5,0.56764733,0.43235267
QQQ,5,0.31017568,0.68982432
QQQ,5,0.51793217,0.48206783
QQQ,5,0.12460342,0.87539658
QQQ,5,0.31253031,0.68746969
QQQ,5,0.17533343,0.82466657
QQQ,5,0.99832903,0.00167097
QQQ,5,0.16468057,0.83531943
QQQ,5,0.13957469,0.86042531
QQQ,5,0.12190653,0.87809347
QQQ,5,0.22319494,0.77680506
QQQ,5,0.99401122,0.00598878
QQQ,5,0.13248882,0.86751118
QQQ,5,0.16499108,0.83500892
QQQ,5,0.71771972,0.28228028
QQQ,5,0.20021894,0.79978106
QQQ,5,0.98089165,0.01910835
QQQ,5,0.53472163,0.46527837
QQQ,5,0.13296148,0.86703852
QQQ,5,0.18641249,0.81358751
QQQ,5,0.88421238,0.11578762
QQQ,5,0.19586924,0.80413076
QQQ,5,0.12281012,0.87718988
QQQ,5,0.88807225,0.11192775
QQQ,5,0.14293237,0.85706763
QQQ,5,0.13743289,0.86256711
QQQ,5,0.12356335,0.87643665
QQQ,5,0.16552002,0.83447998
QQQ,5,0.16231527,0.83768473
QQQ,5,0.13641229,0.86358771
QQQ,5,0.35900343,0.64099657
QQQ,5,0.12719221,0.87280779
QQQ,5,0.13455473,0.86544527
QQQ,5,0.99880068,0.00119932
QQQ,5,0.44409285,0.55590715
QQQ,5,0.14265430,0.85734570
QQQ,5,0.13336676,0.86663324
QQQ,5,0.12469351,0.87530649
QQQ,5,0.96146334,0.03853666
QQQ,5,0.15491032,0.84508968
QQQ,5,0.21637504,0.78362496
QQQ,5,0.13242706,0.86757294
QQQ,5,0.28202084,0.71797916
QQQ,5,0.14836305,0.85163695
QQQ,5,0.12404425,0.87595575
QQQ,5,0.89220982,0.10779018
QQQ,5,0.15508832,0.84491168
QQQ,5,0.21886465,0.78113535
QQQ,5,0.26047771,0.73952229
QQQ,5,0.79447491,0.20552509
QQQ,5,0.15372466,0.84627534
QQQ,5,0.18824355,0.81175645
QQQ,5,0.12216545,0.87783455
QQQ,5,0.15877350,0.84122650
QQQ,5,0.15789731,0.84210269
QQQ,5,0.12314783,0.87685217
QQQ,5,0.46390433,0.53609567
QQQ,5,0.12832563,0.87167437
QQQ,5,0.20262086,0.79737914
QQQ,5,0.12352897,0.87647103
QQQ,5,0.12249230,0.87750770
QQQ,5,0.15295647,0.84704353
QQQ,5,0.16919680,0.83080320
QQQ,5,0.90144559,0.09855441
QQQ,5,0.19096157,0.80903843
QQQ,5,0.17725704,0.82274296
QQQ,5,0.12202249,0.87797751
QQQ,5,0.23397784,0.76602216
QQQ,5,0.13275931,0.86724069
QQQ,5,0.30524608,0.69475392
QQQ,5,0.12217782,0.87782218
QQQ,5,0.19845477,0.80154523
QQQ,5,0.51892525,0.48107475
QQQ,5,0.16416724,0.83583276
QQQ,5,0.25157803,0.74842197
QQQ,5,0.22192632,0.77807368
QQQ,5,0.20103931,0.79896069
QQQ,5,0.13052088,0.86947912
QQQ,5,0.93095380,0.06904620
QQQ,5,0.24311241,0.75688759
QQQ,5,0.47025612,0.52974388
QQQ,5,0.13698327,0.86301673
QQQ,5,0.25003670,0.74996330
QQQ,5,0.13658599,0.86341401
QQQ,5,0.13452419,0.86547581
QQQ,5,0.30571549,0.69428451
QQQ,5,0.13886541,0.86113459
QQQ,5,0.15760893,0.84239107
QQQ,5,0.13599056,0.86400944
QQQ,5,0.13254196,0.86745804
QQQ,5,0.44230939,0.55769061
QQQ,5,0.12255412,0.87744588
QQQ,5,0.12354627,0.87645373
QQQ,5,0.12185492,0.87814508
QQQ,5,0.55815137,0.44184863
QQQ,5,0.13232811,0.86767189
QQQ,5,0.12184743,0.87815257
QQQ,5,0.12335454,0.87664546
QQQ,5,0.13432440,0.86567560
QQQ,5,0.12293276,0.87706724
QQQ,5,0.21631025,0.78368975
QQQ,5,0.72624586,0.27375414
QQQ,5,0.16307833,0.83692167
QQQ,5,0.13172797,0.86827203
QQQ,5,0.15282846,0.84717154
QQQ,5,0.12227162,0.87772838
QQQ,5,0.15764821,0.84235179
QQQ,5,0.17175526,0.82824474
QQQ,5,0.12252911,0.87747089
QQQ,5,0.62961618,0.37038382
QQQ,5,0.12523970,0.87476030
QQQ,5,0.17082773,0.82917227
QQQ,5,0.15284380,0.84715620
QQQ,5,0.12414978,0.87585022
QQQ,5,0.15654357,0.84345643
QQQ,5,0.13927429,0.86072571
QQQ,5,0.12818442,0.87181558
QQQ,5,0.12980848,0.87019152
QQQ,5,0.12566779,0.87433221
QQQ,5,0.12389810,0.87610190
QQQ,5,0.12224823,0.87775177
QQQ,5,0.20529022,0.79470978
QQQ,5,0.13844019,0.86155981
QQQ,5,0.25729960,0.74270040
QQQ,5,0.12247734,0.87752266
QQQ,5,0.12411274,0.87588726
QQQ,5,0.13678142,0.86321858
QQQ,5,0.13609019,0.86390981
QQQ,5,0.14420798,0.85579202
QQQ,5,0.38860819,0.61139181
QQQ,5,0.13652483,0.86347517
QQQ,5,0.43701330,0.56298670
QQQ,5,0.12319965,0.87680035
QQQ,5,0.32425574,0.67574426
QQQ,5,0.12287632,0.87712368
QQQ,5,0.17785952,0.82214048
QQQ,5,0.33543449,0.66456551
QQQ,5,0.52879813,0.47120187
QQQ,5,0.12457351,0.87542649
QQQ,5,0.13102723,0.86897277
QQQ,5,0.24277002,0.75722998
QQQ,5,0.55004333,0.44995667
QQQ,5,0.20850846,0.79149154
QQQ,5,0.13101936,0.86898064
QQQ,5,0.12189658,0.87810342
QQQ,5,0.12231095,0.87768905
QQQ,5,0.13176768,0.86823232
QQQ,5,0.12293919,0.87706081
QQQ,5,0.15234321,0.84765679
QQQ,5,0.12753085,0.87246915
QQQ,5,0.12394883,0.87605117
QQQ,5,0.13272130,0.86727870
QQQ,5,0.15921196,0.84078804
QQQ,5,0.12265850,0.87734150
QQQ,5,0.12246890,0.87753110
QQQ,5,0.14624057,0.85375943
QQQ,5,0.12187871,0.87812129
QQQ,5,0.12474172,0.87525828
QQQ,5,0.12195023,0.87804977
QQQ,5,0.12388012,0.87611988
QQQ,5,0.12450907,0.87549093
QQQ,5,0.12506873,0.87493127
QQQ,5,0.13026568,0.86973432
QQQ,5,0.32770945,0.67229055
QQQ,5,0.12183494,0.87816506
QQQ,5,0.18013146,0.81986854
QQQ,5,0.13080509,0.86919491
QQQ,5,0.12186029,0.87813971
QQQ,5,0.13222499,0.86777501
QQQ,5,0.12351450,0.87648550
QQQ,5,0.15715087,0.84284913
QQQ,5,0.12230594,0.87769406
QQQ,5,0.16275943,0.83724057
QQQ,5,0.12875546,0.87124454
QQQ,5,0.20850314,0.79149686
QQQ,5,0.15778525,0.84221475
QQQ,5,0.17101360,0.82898640
QQQ,5,0.25504467,0.74495533
QQQ,5,0.12354805,0.87645195
QQQ,5,0.14197221,0.85802779
QQQ,5,0.14948650,0.85051350
QQQ,5,0.80870785,0.19129215
QQQ,5,0.13094065,0.86905935
QQQ,5,0.43740375,0.56259625
QQQ,5,0.12209169,0.87790831
QQQ,5,0.12560982,0.87439018
QQQ,5,0.14147694,0.85852306
QQQ,5,0.13943362,0.86056638
QQQ,5,0.15579067,0.84420933
QQQ,5,0.12236183,0.87763817
QQQ,5,0.12397338,0.87602662
QQQ,5,0.15751974,0.84248026
QQQ,5,0.12698496,0.87301504
QQQ,5,0.12220194,0.87779806
QQQ,5,0.14983845,0.85016155
QQQ,5,0.12182495,0.87817505
QQQ,5,0.12383418,0.87616582
QQQ,5,0.93873539,0.06126461
QQQ,5,0.19358836,0.80641164
QQQ,5,0.12863757,0.87136243
QQQ,5,0.26692880,0.73307120
QQQ,5,0.12621464,0.87378536
QQQ,5,0.34767252,0.65232748
QQQ,5,0.13467410,0.86532590
QQQ,5,0.50908244,0.49091756
QQQ,5,0.13073071,0.86926929
QQQ,5,0.25493900,0.74506100
QQQ,5,0.12777656,0.87222344
QQQ,5,0.15442947,0.84557053
QQQ,5,0.35708255,0.64291745
QQQ,5,0.13655418,0.86344582
QQQ,5,0.13225988,0.86774012
QQQ,5,0.30266604,0.69733396
QQQ,5,0.82775318,0.17224682
QQQ,5,0.15269455,0.84730545
QQQ,5,0.12739118,0.87260882
QQQ,5,0.49131427,0.50868573
QQQ,5,0.12251611,0.87748389
QQQ,5,0.14619644,0.85380356
QQQ,5,0.45890421,0.54109579
QQQ,5,0.13057628,0.86942372
QQQ,5,0.13253866,0.86746134
QQQ,5,0.18931299,0.81068701
QQQ,5,0.13873350,0.86126650
QQQ,5,0.12479074,0.87520926
QQQ,5,0.12236737,0.87763263
QQQ,5,0.12766604,0.87233396
QQQ,5,0.12589768,0.87410232
QQQ,5,0.12470134,0.87529866
QQQ,5,0.12212111,0.87787889
QQQ,5,0.13536475,0.86463525
QQQ,5,0.12985045,0.87014955
QQQ,5,0.15673914,0.84326086
QQQ,5,0.16277557,0.83722443
QQQ,5,0.12350057,0.87649943
QQQ,5,0.12341650,0.87658350
QQQ,5,0.15559121,0.84440879
QQQ,5,0.14181386,0.85818614
QQQ,5,0.67797506,0.32202494
QQQ,5,0.18369783,0.81630217
QQQ,5,0.13196962,0.86803038
QQQ,5,0.14832929,0.85167071
QQQ,5,0.15931752,0.84068248
QQQ,5,0.12198497,0.87801503
QQQ,5,0.12192570,0.87807430
QQQ,5,0.12374276,0.87625724
QQQ,5,0.13601691,0.86398309
QQQ,5,0.12381667,0.87618333
QQQ,5,0.14311984,0.85688016
QQQ,5,0.12636983,0.87363017
QQQ,5,0.12960413,0.87039587
QQQ,5,0.17321423,0.82678577
QQQ,5,0.15064193,0.84935807
QQQ,5,0.14456812,0.85543188
QQQ,5,0.22660862,0.77339138
QQQ,5,0.44130455,0.55869545
QQQ,5,0.12293340,0.87706660
QQQ,5,0.15764846,0.84235154
QQQ,5,0.12807555,0.87192445
QQQ,5,0.15666919,0.84333081
QQQ,5,0.32363980,0.67636020
QQQ,5,0.15576418,0.84423582
QQQ,5,0.12655313,0.87344687
QQQ,5,0.14312793,0.85687207
QQQ,5,0.13912527,0.86087473
QQQ,5,0.37907788,0.62092212
QQQ,5,0.59330074,0.40669926
QQQ,5,0.12364135,0.87635865
QQQ,5,0.34698513,0.65301487
QQQ,5,0.17943323,0.82056677
QQQ,5,0.12686088,0.87313912
QQQ,5,0.16607926,0.83392074
QQQ,5,0.12241450,0.87758550
QQQ,5,0.35216488,0.64783512
QQQ,5,0.12242301,0.87757699
QQQ,5,0.23218769,0.76781231
QQQ,5,0.48395820,0.51604180
QQQ,5,0.13389440,0.86610560
QQQ,5,0.13263150,0.86736850
QQQ,5,0.13479340,0.86520660
QQQ,5,0.62247789,0.37752211
QQQ,5,0.14503214,0.85496786
QQQ,5,0.19029760,0.80970240
QQQ,5,0.39979614,0.60020386
QQQ,5,0.33181586,0.66818414
QQQ,5,0.32909678,0.67090322
QQQ,5,0.13980683,0.86019317
QQQ,5,0.30000264,0.69999736
QQQ,5,0.36101117,0.63898883
QQQ,5,0.15157252,0.84842748
QQQ,5,0.13497936,0.86502064
QQQ,5,0.30026011,0.69973989
QQQ,5,0.12304651,0.87695349
QQQ,5,0.42617949,0.57382051
QQQ,5,0.17056137,0.82943863
QQQ,5,0.12699976,0.87300024
QQQ,5,0.23171504,0.76828496
QQQ,5,0.24453292,0.75546708
QQQ,5,0.13952889,0.86047111
QQQ,5,0.69042076,0.30957924
QQQ,5,0.12734030,0.87265970
QQQ,5,0.15670394,0.84329606
QQQ,5,0.20999693,0.79000307
QQQ,5,0.12250995,0.87749005
QQQ,5,0.12763373,0.87236627
QQQ,5,0.84156282,0.15843718
QQQ,5,0.12194382,0.87805618
QQQ,5,0.13280237,0.86719763
QQQ,5,0.13838331,0.86161669
QQQ,5,0.85213745,0.14786255
QQQ,5,0.15895817,0.84104183
QQQ,5,0.99997824,0.00002176
QQQ,5,0.17796998,0.82203002
QQQ,5,1.00000000,0.00000000
QQQ,5,0.99957414,0.00042586
QQQ,5,0.99958200,0.00041800
QQQ,5,0.99935570,0.00064430
QQQ,5,0.18565708,0.81434292
QQQ,5,0.36493553,0.63506447
QQQ,5,0.14721966,0.85278034
QQQ,5,0.14262448,0.85737552
QQQ,5,0.99999250,0.00000750
QQQ,5,0.62215387,0.37784613
QQQ,5,0.12184374,0.87815626
QQQ,5,0.99803380,0.00196620
QQQ,5,0.18625580,0.81374420
QQQ,5,0.31140412,0.68859588
QQQ,5,0.79155447,0.20844553
QQQ,5,0.92172091,0.07827909
QQQ,5,0.18561357,0.81438643
QQQ,5,0.12987292,0.87012708
QQQ,5,0.16791137,0.83208863
QQQ,5,0.74295588,0.25704412
QQQ,5,0.12270114,0.87729886
QQQ,5,0.75432170,0.24567830
QQQ,5,0.12941399,0.87058601
QQQ,5,0.65088744,0.34911256
QQQ,5,0.21825268,0.78174732
QQQ,5,0.25964758,0.74035242
QQQ,5,0.33675586,0.66324414
QQQ,5,0.36396024,0.63603976
QQQ,5,0.20520552,0.79479448
QQQ,5,0.12422534,0.87577466
QQQ,5,0.12913725,0.87086275
QQQ,5,0.41783049,0.58216951
QQQ,5,0.98696430,0.01303570
QQQ,5,0.16306715,0.83693285
QQQ,5,0.19845089,0.80154911
QQQ,5,0.20786972,0.79213028
QQQ,5,0.28877874,0.71122126
QQQ,5,0.24435328,0.75564672
QQQ,5,0.88516406,0.11483594
QQQ,5,0.91205484,0.08794516
QQQ,5,0.42008592,0.57991408
QQQ,5,0.79038429,0.20961571
QQQ,5,0.46489256,0.53510744
QQQ,5,0.13492256,0.86507744
QQQ,5,0.98968432,0.01031568
QQQ,5,0.17831538,0.82168462
QQQ,5,0.15576708,0.84423292
QQQ,5,0.20033436,0.79966564
QQQ,5,0.51912894,0.48087106
QQQ,5,0.27542059,0.72457941
QQQ,5,0.24629221,0.75370779
QQQ,5,0.50391505,0.49608495
QQQ,5,0.14048373,0.85951627
QQQ,5,0.22299572,0.77700428
QQQ,5,0.58532454,0.41467546
QQQ,5,0.45566467,0.54433533
QQQ,5,0.12304355,0.87695645
QQQ,5,0.86608442,0.13391558
QQQ,5,0.12715137,0.87284863
QQQ,5,0.33915779,0.66084221
QQQ,5,0.88317731,0.11682269
QQQ,5,0.14740955,0.85259045
QQQ,5,0.53999165,0.46000835
QQQ,5,0.13205823,0.86794177
QQQ,5,0.15854851,0.84145149
QQQ,5,0.22606886,0.77393114
QQQ,5,0.98964273,0.01035727
QQQ,5,0.12359007,0.87640993
QQQ,5,0.40650796,0.59349204
QQQ,5,0.14132787,0.85867213
QQQ,5,0.22095994,0.77904006
QQQ,5,0.37568348,0.62431652
QQQ,5,0.76729942,0.23270058
QQQ,5,0.18540489,0.81459511
QQQ,5,0.61195914,0.38804086
QQQ,5,0.12308945,0.87691055
QQQ,5,0.76183765,0.23816235
QQQ,5,0.18473010,0.81526990
QQQ,5,0.97773373,0.02226627
QQQ,5,0.13837927,0.86162073
QQQ,5,0.99631820,0.00368180
QQQ,5,0.17607091,0.82392909
QQQ,5,0.12208098,0.87791902
QQQ,5,0.23205340,0.76794660
QQQ,5,0.12421235,0.87578765
QQQ,5,0.12215678,0.87784322
QQQ,5,0.39492994,0.60507006
QQQ,5,0.31859906,0.68140094
QQQ,5,0.21287559,0.78712441
QQQ,5,0.21654475,0.78345525
QQQ,5,0.39016774,0.60983226
QQQ,5,0.13361963,0.86638037
QQQ,5,0.13227164,0.86772836
QQQ,5,0.19597486,0.80402514
QQQ,5,0.92276932,0.07723068
QQQ,5,0.26689133,0.73310867
QQQ,5,0.17578939,0.82421061
QQQ,5,0.17525948,0.82474052
QQQ,5,0.12961033,0.87038967
QQQ,5,0.20557544,0.79442456
QQQ,5,0.15022795,0.84977205
QQQ,5,0.12646482,0.87353518
QQQ,5,0.50214963,0.49785037
QQQ,5,0.13863321,0.86136679
QQQ,5,0.18030960,0.81969040
QQQ,5,0.13406208,0.86593792
QQQ,5,0.12563641,0.87436359
QQQ,5,0.15970566,0.84029434
QQQ,5,0.12546395,0.87453605
QQQ,5,0.13394447,0.86605553
QQQ,5,0.12772253,0.87227747
QQQ,5,0.17872094,0.82127906
QQQ,5,0.27832138,0.72167862
QQQ,5,0.15721056,0.84278944
QQQ,5,0.12190172,0.87809828
QQQ,5,0.12216961,0.87783039
QQQ,5,0.12333005,0.87666995
QQQ,5,0.24678490,0.75321510
QQQ,5,0.12642891,0.87357109
QQQ,5,0.12843007,0.87156993
QQQ,5,0.12243221,0.87756779
QQQ,5,0.12317833,0.87682167
QQQ,5,0.16842463,0.83157537
QQQ,5,0.12969932,0.87030068
QQQ,5,0.29519616,0.70480384
QQQ,5,0.12186423,0.87813577
QQQ,5,0.12649338,0.87350662
QQQ,5,0.14208024,0.85791976
QQQ,5,0.16073584,0.83926416
QQQ,5,0.14521494,0.85478506
QQQ,5,0.18014103,0.81985897
QQQ,5,0.12682519,0.87317481
QQQ,5,0.14784440,0.85215560
QQQ,5,0.27234447,0.72765553
QQQ,5,0.12603988,0.87396012
QQQ,5,0.12832113,0.87167887
QQQ,5,0.13334472,0.86665528
QQQ,5,0.14820746,0.85179254
QQQ,5,0.13039790,0.86960210
QQQ,5,0.12378273,0.87621727
QQQ,5,0.20076160,0.79923840
QQQ,5,0.13047809,0.86952191
QQQ,5,0.16699056,0.83300944
QQQ,5,0.12188420,0.87811580
QQQ,5,0.19364140,0.80635860
QQQ,5,0.19796355,0.80203645
QQQ,5,0.14971793,0.85028207
QQQ,5,0.20379659,0.79620341
QQQ,5,0.13651197,0.86348803
QQQ,5,0.12258356,0.87741644
QQQ,5,0.48546226,0.51453774
QQQ,5,0.13568550,0.86431450
QQQ,5,0.13182298,0.86817702
QQQ,5,0.12182412,0.87817588
QQQ,5,0.15664689,0.84335311
QQQ,5,0.12530802,0.87469198
QQQ,5,0.12205459,0.87794541
QQQ,5,0.12384864,0.87615136
QQQ,5,0.12207337,0.87792663
QQQ,5,0.41441057,0.58558943
QQQ,5,0.12527231,0.87472769
QQQ,5,0.12759808,0.87240192
QQQ,5,0.13011284,0.86988716
QQQ,5,0.12464815,0.87535185
QQQ,5,0.19569520,0.80430480
QQQ,5,0.12183376,0.87816624
QQQ,5,0.26813450,0.73186550
QQQ,5,0.14077490,0.85922510
QQQ,5,0.16195707,0.83804293
QQQ,5,0.37676287,0.62323713
QQQ,5,0.12932769,0.87067231
QQQ,5,0.20337689,0.79662311
QQQ,5,0.30627949,0.69372051
QQQ,5,0.22623395,0.77376605
QQQ,5,0.48668365,0.51331635
QQQ,5,0.12425341,0.87574659
QQQ,5,0.20517277,0.79482723
QQQ,5,0.12886234,0.87113766
QQQ,5,0.19113237,0.80886763
QQQ,5,0.14455414,0.85544586
QQQ,5,0.82038625,0.17961375
QQQ,5,0.15152286,0.84847714
QQQ,5,0.15701322,0.84298678
QQQ,5,0.14667031,0.85332969
QQQ,5,0.12358125,0.87641875
QQQ,5,0.12722782,0.87277218
QQQ,5,0.20016269,0.79983731
QQQ,5,0.83160705,0.16839295
QQQ,5,0.12245299,0.87754701
QQQ,5,0.13698066,0.86301934
QQQ,5,0.13000730,0.86999270
QQQ,5,0.12603007,0.87396993
QQQ,5,0.12214954,0.87785046
QQQ,5,0.18579682,0.81420318
QQQ,5,0.13119409,0.86880591
QQQ,5,0.15844816,0.84155184
QQQ,5,0.66316125,0.33683875
QQQ,5,0.31135726,0.68864274
QQQ,5,0.83039647,0.16960353
QQQ,5,0.12201711,0.87798289
QQQ,5,0.12621293,0.87378707
QQQ,5,0.14786124,0.85213876
QQQ,5,0.12321888,0.87678112
QQQ,5,0.24746033,0.75253967
QQQ,5,0.16315611,0.83684389
QQQ,5,0.13287291,0.86712709
QQQ,5,0.89470521,0.10529479
QQQ,5,0.14277122,0.85722878
QQQ,5,0.12821923,0.87178077
QQQ,5,0.69594186,0.30405814
QQQ,5,0.12591954,0.87408046
QQQ,5,0.19720777,0.80279223
QQQ,5,0.36896606,0.63103394
QQQ,5,0.22740349,0.77259651
QQQ,5,0.14985981,0.85014019
QQQ,5,0.12969057,0.87030943
QQQ,5,0.24289232,0.75710768
QQQ,5,0.19280752,0.80719248
QQQ,5,0.22332467,0.77667533
QQQ,5,0.12409196,0.87590804
QQQ,5,0.77996156,0.22003844
QQQ,5,0.18375716,0.81624284
QQQ,5,0.54207863,0.45792137
QQQ,5,0.13957054,0.86042946
QQQ,5,0.14057654,0.85942346
QQQ,5,0.21261963,0.78738037
QQQ,5,0.95975401,0.04024599
QQQ,5,0.13211363,0.86788637
QQQ,5,0.19163786,0.80836214
QQQ,5,0.12353681,0.87646319
QQQ,5,0.23269690,0.76730310
QQQ,5,0.12433782,0.87566218
QQQ,5,0.20161222,0.79838778
QQQ,5,0.14683626,0.85316374
QQQ,5,0.19815319,0.80184681
QQQ,5,0.28724927,0.71275073
QQQ,5,0.12581152,0.87418848
QQQ,5,0.14027981,0.85972019
QQQ,5,0.27882676,0.72117324
QQQ,5,0.23155386,0.76844614
QQQ,5,0.23039265,0.76960735
QQQ,5,0.23709082,0.76290918
QQQ,5,0.17610287,0.82389713
QQQ,5,0.16080386,0.83919614
QQQ,5,0.23935996,0.76064004
QQQ,5,0.73605126,0.26394874
QQQ,5,0.12229005,0.87770995
QQQ,5,0.12221668,0.87778332
QQQ,5,0.12583125,0.87416875
QQQ,5,0.12893813,0.87106187
QQQ,5,0.48100105,0.51899895
QQQ,5,0.16977667,0.83022333
QQQ,5,0.18521875,0.81478125
QQQ,5,0.12204653,0.87795347
QQQ,5,0.12945354,0.87054646
QQQ,5,0.12258033,0.87741967
QQQ,5,0.12613221,0.87386779
QQQ,5,0.12214955,0.87785045
QQQ,5,0.12611877,0.87388123
QQQ,5,0.23469697,0.76530303
QQQ,5,0.13865634,0.86134366
QQQ,5,0.12504836,0.87495164
QQQ,5,0.12894452,0.87105548
QQQ,5,0.13206752,0.86793248
QQQ,5,0.16407221,0.83592779
QQQ,5,0.14350038,0.85649962
QQQ,5,0.12337763,0.87662237
QQQ,5,0.12185617,0.87814383
QQQ,5,0.12183822,0.87816178
QQQ,5,0.19573987,0.80426013
QQQ,5,0.14539750,0.85460250
QQQ,5,0.12254032,0.87745968
QQQ,5,0.12233318,0.87766682
QQQ,5,0.65286571,0.34713429
QQQ,5,0.12188022,0.87811978
QQQ,5,0.23071585,0.76928415
QQQ,5,0.12438020,0.87561980
QQQ,5,0.12512502,0.87487498
QQQ,5,0.27384071,0.72615929
QQQ,5,0.18719850,0.81280150
QQQ,5,0.12307065,0.87692935
QQQ,5,0.12315720,0.87684280
QQQ,5,0.12462596,0.87537404
QQQ,5,0.12205601,0.87794399
QQQ,5,0.12193031,0.87806969
QQQ,5,0.14378472,0.85621528
QQQ,5,0.30018551,0.69981449
QQQ,5,0.18093089,0.81906911
QQQ,5,0.24404226,0.75595774
QQQ,5,0.16594931,0.83405069
QQQ,5,0.12328538,0.87671462
QQQ,5,0.12535131,0.87464869
QQQ,5,0.14740835,0.85259165
QQQ,5,0.13165557,0.86834443
QQQ,5,0.13655220,0.86344780
QQQ,5,0.18047220,0.81952780
QQQ,5,0.38927107,0.61072893
QQQ,5,0.14772150,0.85227850
QQQ,5,0.13318468,0.86681532
QQQ,5,0.12272575,0.87727425
QQQ,5,0.15194277,0.84805723
QQQ,5,0.29305392,0.70694608
QQQ,5,0.12195535,0.87804465
QQQ,5,0.21074293,0.78925707
QQQ,5,0.79110277,0.20889723
QQQ,5,0.12870405,0.87129595
QQQ,5,0.20115521,0.79884479
QQQ,5,0.13266784,0.86733216
QQQ,5,0.12232403,0.87767597
QQQ,5,0.12511271,0.87488729
QQQ,5,0.14471324,0.85528676
QQQ,5,0.27969494,0.72030506
QQQ,5,0.19621228,0.80378772
QQQ,5,0.14908690,0.85091310
QQQ,5,0.12396628,0.87603372
QQQ,5,0.74165974,0.25834026
QQQ,5,0.39909793,0.60090207
QQQ,5,0.12464587,0.87535413
QQQ,5,0.12234928,0.87765072
QQQ,5,0.15501757,0.84498243
QQQ,5,0.24596398,0.75403602
QQQ,5,0.13439146,0.86560854
QQQ,5,0.12933538,0.87066462
QQQ,5,0.72876629,0.27123371
QQQ,5,0.12341823,0.87658177
QQQ,5,0.12742945,0.87257055
QQQ,5,0.34107610,0.65892390
QQQ,5,0.14052261,0.85947739
QQQ,5,0.12453428,0.87546572
QQQ,5,0.17520548,0.82479452
QQQ,5,0.14830114,0.85169886
QQQ,5,0.12218123,0.87781877
QQQ,5,0.12338959,0.87661041
QQQ,5,0.12209671,0.87790329
QQQ,5,0.21457411,0.78542589
QQQ,5,0.14251002,0.85748998
QQQ,5,0.14593881,0.85406119
QQQ,5,0.12606623,0.87393377
QQQ,5,0.25474335,0.74525665
QQQ,5,0.12299808,0.87700192
QQQ,5,0.15695634,0.84304366
QQQ,5,0.19208919,0.80791081
QQQ,5,0.24205628,0.75794372
QQQ,5,0.33551817,0.66448183
QQQ,5,0.12739973,0.87260027
QQQ,5,0.12197878,0.87802122
QQQ,5,0.20280682,0.79719318
QQQ,5,0.12526984,0.87473016
QQQ,5,0.18137983,0.81862017
QQQ,5,0.12511193,0.87488807
QQQ,5,0.19784629,0.80215371
QQQ,5,0.55306777,0.44693223
QQQ,5,0.97269559,0.02730441
QQQ,5,0.12605264,0.87394736
QQQ,5,0.12395584,0.87604416
QQQ,5,0.12191437,0.87808563
QQQ,5,0.12356577,0.87643423
QQQ,5,0.13101297,0.86898703
QQQ,5,0.14455178,0.85544822
QQQ,5,0.12370618,0.87629382
QQQ,5,0.13177485,0.86822515
QQQ,5,0.13737269,0.86262731
QQQ,5,0.12982056,0.87017944
QQQ,5,0.13573934,0.86426066
QQQ,5,0.12386109,0.87613891
QQQ,5,0.12354696,0.87645304
QQQ,5,0.14538147,0.85461853
QQQ,5,0.26899698,0.73100302
QQQ,5,0.13494936,0.86505064
QQQ,5,0.12407381,0.87592619
QQQ,5,0.12189829,0.87810171
QQQ,5,0.12399266,0.87600734
QQQ,5,0.12531876,0.87468124
QQQ,5,0.22378502,0.77621498
QQQ,5,0.40237121,0.59762879
QQQ,5,0.29149277,0.70850723
QQQ,5,0.12757155,0.87242845
QQQ,5,0.12262810,0.87737190
QQQ,5,0.19880717,0.80119283
QQQ,5,0.12217418,0.87782582
QQQ,5,0.12903565,0.87096435
QQQ,5,0.12890560,0.87109440
QQQ,5,0.12184654,0.87815346
QQQ,5,0.12629094,0.87370906
QQQ,5,0.15389392,0.84610608
QQQ,5,0.33009353,0.66990647
QQQ,5,0.21817675,0.78182325
QQQ,5,0.17396485,0.82603515
QQQ,5,0.24728913,0.75271087
QQQ,5,0.12841167,0.87158833
QQQ,5,0.18787823,0.81212177
QQQ,5,0.12324025,0.87675975
QQQ,5,0.13473195,0.86526805
QQQ,5,0.13487873,0.86512127
QQQ,5,0.32783461,0.67216539
QQQ,5,0.12276050,0.87723950
QQQ,5,0.12810337,0.87189663
QQQ,5,0.12314811,0.87685189
QQQ,5,0.12793754,0.87206246
QQQ,5,0.12800842,0.87199158
QQQ,5,0.12292475,0.87707525
QQQ,5,0.12784611,0.87215389
QQQ,5,0.12606311,0.87393689
QQQ,5,0.12468980,0.87531020
QQQ,5,0.12455817,0.87544183
QQQ,5,0.15092619,0.84907381
QQQ,5,0.21356538,0.78643462
QQQ,5,0.18130714,0.81869286
QQQ,5,0.12940950,0.87059050
QQQ,5,0.14052527,0.85947473
QQQ,5,0.12334172,0.87665828
QQQ,5,0.12602677,0.87397323
QQQ,5,0.14836392,0.85163608
QQQ,5,0.15958312,0.84041688
QQQ,5,0.17639780,0.82360220
QQQ,5,0.12182536,0.87817464
QQQ,5,0.17266548,0.82733452
QQQ,5,0.13497045,0.86502955
QQQ,5,0.15007002,0.84992998
QQQ,5,0.53187121,0.46812879
QQQ,5,0.12251613,0.87748387
QQQ,5,0.12185153,0.87814847
QQQ,5,0.52787380,0.47212620
QQQ,5,0.23809314,0.76190686
QQQ,5,0.53334248,0.46665752
QQQ,5,0.31421205,0.68578795
QQQ,5,0.23189920,0.76810080
QQQ,5,0.19147296,0.80852704
QQQ,5,0.20297954,0.79702046
QQQ,5,0.12196626,0.87803374
QQQ,5,0.14313031,0.85686969
QQQ,5,0.12551569,0.87448431
QQQ,5,0.18327241,0.81672759
QQQ,5,0.16190226,0.83809774
QQQ,5,0.13072125,0.86927875
QQQ,5,0.25336096,0.74663904
QQQ,5,0.24157884,0.75842116
QQQ,5,0.13856714,0.86143286
QQQ,5,0.12194952,0.87805048
QQQ,5,0.13844009,0.86155991
QQQ,5,0.12229635,0.87770365
QQQ,5,0.14766375,0.85233625
QQQ,5,0.12337543,0.87662457
QQQ,5,0.14088703,0.85911297
QQQ,5,0.12560604,0.87439396
QQQ,5,0.12209271,0.87790729
QQQ,5,0.18950935,0.81049065
QQQ,5,0.12229752,0.87770248
QQQ,5,0.12313891,0.87686109
QQQ,5,0.17246246,0.82753754
QQQ,5,0.12619788,0.87380212
QQQ,5,0.12238084,0.87761916
QQQ,5,0.14629489,0.85370511
QQQ,5,0.13403778,0.86596222
QQQ,5,0.13848652,0.86151348
QQQ,5,0.17863251,0.82136749
QQQ,5,0.12306643,0.87693357
QQQ,5,0.13987191,0.86012809
QQQ,5,0.27152425,0.72847575
QQQ,5,0.13083712,0.86916288
QQQ,5,0.26015689,0.73984311
QQQ,5,0.12265326,0.87734674
QQQ,5,0.18332543,0.81667457
QQQ,5,0.23473011,0.76526989
QQQ,5,0.22404684,0.77595316
QQQ,5,0.14819285,0.85180715
QQQ,5,0.18645292,0.81354708
QQQ,5,0.16967565,0.83032435
QQQ,5,0.20051656,0.79948344
QQQ,5,0.76829429,0.23170571
QQQ,5,0.15373141,0.84626859
QQQ,5,0.22044822,0.77955178
QQQ,5,0.14521664,0.85478336
QQQ,5,0.17054956,0.82945044
QQQ,5,0.13480292,0.86519708
QQQ,5,0.12429977,0.87570023
QQQ,5,0.14877748,0.85122252
QQQ,5,0.12246086,0.87753914
QQQ,5,0.13418404,0.86581596
QQQ,5,0.16422581,0.83577419
QQQ,5,0.12342569,0.87657431
QQQ,5,0.14941542,0.85058458
QQQ,5,0.14665765,0.85334235
QQQ,5,0.57157407,0.42842593
QQQ,5,0.14417298,0.85582702
QQQ,5,0.12946354,0.87053646
QQQ,5,0.12201547,0.87798453
QQQ,5,0.12651951,0.87348049
QQQ,5,0.12454795,0.87545205
QQQ,5,0.19970208,0.80029792
QQQ,5,0.12489931,0.87510069
QQQ,5,0.16118382,0.83881618
QQQ,5,0.12642762,0.87357238
QQQ,5,0.14497979,0.85502021
QQQ,5,0.14146855,0.85853145
QQQ,5,0.12270286,0.87729714
QQQ,5,0.14047246,0.85952754
QQQ,5,0.12474436,0.87525564
QQQ,5,0.20261174,0.79738826
QQQ,5,0.14773450,0.85226550
QQQ,5,0.12312424,0.87687576
QQQ,5,0.14027534,0.85972466
QQQ,5,0.12408691,0.87591309
QQQ,5,0.13549106,0.86450894
QQQ,5,0.13083988,0.86916012
QQQ,5,0.12490719,0.87509281
QQQ,5,0.14082857,0.85917143
QQQ,5,0.12866245,0.87133755
QQQ,5,0.39901642,0.60098358
QQQ,5,0.12301234,0.87698766
QQQ,5,0.12583631,0.87416369
QQQ,5,0.13154911,0.86845089
QQQ,5,0.12888824,0.87111176
QQQ,5,0.18566998,0.81433002
QQQ,5,0.15459136,0.84540864
QQQ,5,0.12284163,0.87715837
QQQ,5,0.55891650,0.44108350
QQQ,5,0.12655795,0.87344205
QQQ,5,0.14785941,0.85214059
QQQ,5,0.14551611,0.85448389
QQQ,5,0.14102639,0.85897361
QQQ,5,0.20262753,0.79737247
QQQ,5,0.12568372,0.87431628
QQQ,5,0.12391687,0.87608313
QQQ,5,0.23099063,0.76900937
QQQ,5,0.14245632,0.85754368
QQQ,5,0.12234553,0.87765447
QQQ,5,0.12187976,0.87812024
QQQ,5,0.12209586,0.87790414
QQQ,5,0.12567731,0.87432269
QQQ,5,0.14921692,0.85078308
QQQ,5,0.23685191,0.76314809
QQQ,5,0.12848459,0.87151541
QQQ,5,0.12616373,0.87383627
QQQ,5,0.12382719,0.87617281
QQQ,5,0.12182718,0.87817282
QQQ,5,0.12884318,0.87115682
QQQ,5,0.15865164,0.84134836
QQQ,5,0.12244793,0.87755207
QQQ,5,0.12464427,0.87535573
QQQ,5,0.19281594,0.80718406
QQQ,5,0.12182725,0.87817275
QQQ,5,0.21654063,0.78345937
QQQ,5,0.16473169,0.83526831
QQQ,5,0.16883644,0.83116356
QQQ,5,0.53118699,0.46881301
QQQ,5,0.13453087,0.86546913
QQQ,5,0.53198880,0.46801120
QQQ,5,0.17236910,0.82763090
QQQ,5,0.16672388,0.83327612
QQQ,5,0.12726239,0.87273761
QQQ,5,0.22403690,0.77596310
QQQ,5,0.14922698,0.85077302
QQQ,5,0.40110127,0.59889873
QQQ,5,0.12959703,0.87040297
QQQ,5,0.12540044,0.87459956
QQQ,5,0.14041769,0.85958231
QQQ,5,0.13307634,0.86692366
QQQ,5,0.15665275,0.84334725
QQQ,5,0.12219178,0.87780822
QQQ,5,0.12436397,0.87563603
QQQ,5,0.12217824,0.87782176
QQQ,5,0.12458207,0.87541793
QQQ,5,0.12184039,0.87815961
QQQ,5,0.12289336,0.87710664
QQQ,5,0.12260191,0.87739809
QQQ,5,0.12183353,0.87816647
QQQ,5,0.49427038,0.50572962
QQQ,5,0.24137511,0.75862489
QQQ,5,0.12347836,0.87652164
QQQ,5,0.12378476,0.87621524
QQQ,5,0.23621523,0.76378477
QQQ,5,0.13015889,0.86984111
QQQ,5,0.12651019,0.87348981
QQQ,5,0.18292295,0.81707705
QQQ,5,0.12796270,0.87203730
QQQ,5,0.12666177,0.87333823
QQQ,5,0.18840471,0.81159529
QQQ,5,0.14238201,0.85761799
QQQ,5,0.12714486,0.87285514
QQQ,5,0.14213536,0.85786464
QQQ,5,0.15839027,0.84160973
QQQ,5,0.15137556,0.84862444
QQQ,5,0.12440012,0.87559988
QQQ,5,0.12198923,0.87801077
QQQ,5,0.12235104,0.87764896
QQQ,5,0.12266394,0.87733606
QQQ,5,0.15576548,0.84423452
QQQ,5,0.13351092,0.86648908
QQQ,5,0.12183530,0.87816470
QQQ,5,0.24977110,0.75022890
QQQ,5,0.12814751,0.87185249
QQQ,5,0.12406836,0.87593164
QQQ,5,0.13822888,0.86177112
QQQ,5,0.12389154,0.87610846
QQQ,5,0.22230537,0.77769463
QQQ,5,0.12460017,0.87539983
QQQ,5,0.20195691,0.79804309
QQQ,5,0.21427715,0.78572285
QQQ,5,0.12322570,0.87677430
QQQ,5,0.13193895,0.86806105
QQQ,5,0.12440384,0.87559616
QQQ,5,0.12278406,0.87721594
QQQ,5,0.14836481,0.85163519
QQQ,5,0.15948019,0.84051981
QQQ,5,0.15740940,0.84259060
QQQ,5,0.13367419,0.86632581
QQQ,5,0.17153706,0.82846294
QQQ,5,0.12532137,0.87467863
QQQ,5,0.12703216,0.87296784
QQQ,5,0.12777514,0.87222486
QQQ,5,0.31378885,0.68621115
QQQ,5,0.45964640,0.54035360
QQQ,5,0.17201127,0.82798873
QQQ,5,0.12269596,0.87730404
QQQ,5,0.13749428,0.86250572
QQQ,5,0.15716584,0.84283416
QQQ,5,0.12726811,0.87273189
QQQ,5,0.12672694,0.87327306
QQQ,5,0.54245633,0.45754367
QQQ,5,0.21131457,0.78868543
QQQ,5,0.12423267,0.87576733
QQQ,5,0.22335997,0.77664003
QQQ,5,0.41640021,0.58359979
QQQ,5,0.12526678,0.87473322
QQQ,5,0.70101726,0.29898274
QQQ,5,0.14504913,0.85495087
QQQ,5,0.12831340,0.87168660
QQQ,5,0.24992140,0.75007860
QQQ,5,0.45754782,0.54245218
QQQ,5,0.15408341,0.84591659
QQQ,5,0.25146396,0.74853604
QQQ,5,0.12778556,0.87221444
QQQ,5,0.16904217,0.83095783
QQQ,5,0.12691918,0.87308082
QQQ,5,0.14072442,0.85927558
QQQ,5,0.14658890,0.85341110
QQQ,5,0.13477616,0.86522384
QQQ,5,0.12268931,0.87731069
QQQ,5,0.13995403,0.86004597
QQQ,5,0.12218299,0.87781701
QQQ,5,0.12216319,0.87783681
QQQ,5,0.14857409,0.85142591
QQQ,5,0.12217184,0.87782816
QQQ,5,0.15502240,0.84497760
QQQ,5,0.23868367,0.76131633
QQQ,5,0.12768335,0.87231665
QQQ,5,0.12184207,0.87815793
QQQ,5,0.13555411,0.86444589
QQQ,5,0.12203778,0.87796222
QQQ,5,0.13328898,0.86671102
QQQ,5,0.12915072,0.87084928
QQQ,5,0.29538652,0.70461348
QQQ,5,0.15976743,0.84023257
QQQ,5,0.16116882,0.83883118
QQQ,5,0.23150710,0.76849290
QQQ,5,0.13407910,0.86592090
QQQ,5,0.12701683,0.87298317
QQQ,5,0.23368357,0.76631643
QQQ,5,0.18132305,0.81867695
QQQ,5,0.12506717,0.87493283
QQQ,5,0.26999602,0.73000398
QQQ,5,0.14788869,0.85211131
QQQ,5,0.12228561,0.87771439
QQQ,5,0.15016159,0.84983841
QQQ,5,0.43626796,0.56373204
QQQ,5,0.13027356,0.86972644
QQQ,5,0.15276524,0.84723476
QQQ,5,0.87847215,0.12152785
QQQ,5,0.21581716,0.78418284
QQQ,5,0.15813824,0.84186176
QQQ,5,0.38436729,0.61563271
QQQ,5,0.95618102,0.04381898
QQQ,5,0.25612463,0.74387537
QQQ,5,0.14352689,0.85647311
QQQ,5,0.12687401,0.87312599
QQQ,5,0.27346291,0.72653709
QQQ,5,0.12223177,0.87776823
QQQ,5,0.16435856,0.83564144
QQQ,5,0.17272025,0.82727975
QQQ,5,0.16311595,0.83688405
QQQ,5,0.18722564,0.81277436
QQQ,5,0.35084925,0.64915075
QQQ,5,0.12635375,0.87364625
QQQ,5,0.15910805,0.84089195
QQQ,5,0.12701305,0.87298695
QQQ,5,0.12931037,0.87068963
QQQ,5,0.12325377,0.87674623
QQQ,5,0.13993122,0.86006878
QQQ,5,0.24973444,0.75026556
QQQ,5,0.12856560,0.87143440
QQQ,5,0.12332408,0.87667592
QQQ,5,0.12837281,0.87162719
QQQ,5,0.37621232,0.62378768
QQQ,5,0.12334152,0.87665848
QQQ,5,0.13353220,0.86646780
QQQ,5,0.16353781,0.83646219
QQQ,5,0.14472898,0.85527102
QQQ,5,0.15371523,0.84628477
QQQ,5,0.12744580,0.87255420
QQQ,5,0.18653937,0.81346063
QQQ,5,0.13601545,0.86398455
QQQ,5,0.16449458,0.83550542
QQQ,5,0.26420738,0.73579262
QQQ,5,0.12404797,0.87595203
QQQ,5,0.15364125,0.84635875
QQQ,5,0.12204875,0.87795125
QQQ,5,0.12200725,0.87799275
QQQ,5,0.12186698,0.87813302
QQQ,5,0.12985209,0.87014791
QQQ,5,0.17218935,0.82781065
QQQ,5,0.14748280,0.85251720
QQQ,5,0.12182323,0.87817677
QQQ,5,0.12442123,0.87557877
QQQ,5,0.12182395,0.87817605
QQQ,5,0.17587530,0.82412470
QQQ,5,0.12546250,0.87453750
QQQ,5,0.12203759,0.87796241
QQQ,5,0.12203496,0.87796504
QQQ,5,0.14175494,0.85824506
QQQ,5,0.12190090,0.87809910
QQQ,5,0.12305093,0.87694907
QQQ,5,0.12189608,0.87810392
QQQ,5,0.12226220,0.87773780
QQQ,5,0.14753806,0.85246194
QQQ,5,0.12225207,0.87774793
QQQ,5,0.13535364,0.86464636
QQQ,5,0.12435669,0.87564331
QQQ,5,0.21656303,0.78343697
QQQ,5,0.12560476,0.87439524
QQQ,5,0.15298121,0.84701879
QQQ,5,0.12511466,0.87488534
QQQ,5,0.23032274,0.76967726
QQQ,5,0.15135017,0.84864983
QQQ,5,0.12829677,0.87170323
QQQ,5,0.14818167,0.85181833
QQQ,5,0.14589167,0.85410833
QQQ,5,0.12693759,0.87306241
QQQ,5,0.13255195,0.86744805
QQQ,5,0.26302407,0.73697593
QQQ,5,0.32868532,0.67131468
QQQ,5,0.12226657,0.87773343
QQQ,5,0.15125116,0.84874884
QQQ,5,0.15207217,0.84792783
QQQ,5,0.12196658,0.87803342
QQQ,5,0.12879872,0.87120128
QQQ,5,0.12183889,0.87816111
QQQ,5,0.12378363,0.87621637
QQQ,5,0.13068111,0.86931889
QQQ,5,0.56718533,0.43281467
QQQ,5,0.13554276,0.86445724
QQQ,5,0.14222362,0.85777638
QQQ,5,0.16171905,0.83828095
QQQ,5,0.12242394,0.87757606
QQQ,5,0.13014600,0.86985400
QQQ,5,0.15199237,0.84800763
QQQ,5,0.14567143,0.85432857
QQQ,5,0.12183101,0.87816899
QQQ,5,0.20872208,0.79127792
QQQ,5,0.14329149,0.85670851
QQQ,5,0.14236645,0.85763355
QQQ,5,0.16946217,0.83053783
QQQ,5,0.14779866,0.85220134
QQQ,5,0.12230522,0.87769478
QQQ,5,0.12550617,0.87449383
QQQ,5,0.12377794,0.87622206
QQQ,5,0.13064086,0.86935914
QQQ,5,0.12292420,0.87707580
QQQ,5,0.12194769,0.87805231
QQQ,5,0.12235955,0.87764045
QQQ,5,0.13010637,0.86989363
QQQ,5,0.12757710,0.87242290
QQQ,5,0.14112887,0.85887113
QQQ,5,0.12247185,0.87752815
QQQ,5,0.13556762,0.86443238
QQQ,5,0.12444816,0.87555184
QQQ,5,0.16433379,0.83566621
QQQ,5,0.16246744,0.83753256
QQQ,5,0.12208176,0.87791824
QQQ,5,0.13610159,0.86389841
QQQ,5,0.19186774,0.80813226
QQQ,5,0.16247321,0.83752679
QQQ,5,0.12323685,0.87676315
QQQ,5,0.16198015,0.83801985
QQQ,5,0.12182980,0.87817020
QQQ,5,0.17808899,0.82191101
QQQ,5,0.12741668,0.87258332
QQQ,5,0.19530811,0.80469189
QQQ,5,0.59627718,0.40372282
QQQ,5,0.18889428,0.81110572
QQQ,5,0.12344860,0.87655140
QQQ,5,0.12323110,0.87676890
QQQ,5,0.35725669,0.64274331
QQQ,5,0.12245202,0.87754798
QQQ,5,0.18024911,0.81975089
QQQ,5,0.12380162,0.87619838
QQQ,5,0.28884856,0.71115144
QQQ,5,0.46393124,0.53606876
QQQ,5,0.35128282,0.64871718
QQQ,5,0.82533743,0.17466257
QQQ,5,0.43914012,0.56085988
QQQ,5,0.12484752,0.87515248
QQQ,5,0.15865562,0.84134438
QQQ,5,0.15608011,0.84391989
QQQ,5,0.23403963,0.76596037
QQQ,5,0.32120386,0.67879614
QQQ,5,0.88790085,0.11209915
QQQ,5,0.12681207,0.87318793
QQQ,5,0.36310698,0.63689302
QQQ,5,0.18346155,0.81653845
QQQ,5,0.12451934,0.87548066
QQQ,5,0.35431973,0.64568027
QQQ,5,0.12592272,0.87407728
QQQ,5,0.12655781,0.87344219
QQQ,5,0.28671426,0.71328574
QQQ,5,0.13092020,0.86907980
QQQ,5,0.12510956,0.87489044
QQQ,5,0.12185527,0.87814473
QQQ,5,0.12777856,0.87222144
QQQ,5,0.12202021,0.87797979
QQQ,5,0.12977823,0.87022177
QQQ,5,0.12833926,0.87166074
QQQ,5,0.12444813,0.87555187
QQQ,5,0.13479440,0.86520560
QQQ,5,0.12912821,0.87087179
QQQ,5,0.12563111,0.87436889
QQQ,5,0.15901333,0.84098667
QQQ,5,0.13226749,0.86773251
QQQ,5,0.13445788,0.86554212
QQQ,5,0.12441154,0.87558846
QQQ,5,0.16467787,0.83532213
QQQ,5,0.12462590,0.87537410
QQQ,5,0.15265890,0.84734110
QQQ,5,0.13887360,0.86112640
QQQ,5,0.20583740,0.79416260
QQQ,5,0.13031562,0.86968438
QQQ,5,0.12338198,0.87661802
QQQ,5,0.12186202,0.87813798
QQQ,5,0.12184366,0.87815634
QQQ,5,0.15567126,0.84432874
QQQ,5,0.12644290,0.87355710
QQQ,5,0.35788410,0.64211590
QQQ,5,0.13075283,0.86924717
QQQ,5,0.22005973,0.77994027
QQQ,5,0.21316019,0.78683981
QQQ,5,0.41355182,0.58644818
QQQ,5,0.37127350,0.62872650
QQQ,5,0.75503964,0.24496036
QQQ,5,0.14562859,0.85437141
QQQ,5,0.13103959,0.86896041
QQQ,5,0.12671814,0.87328186
QQQ,5,0.12267981,0.87732019
QQQ,5,0.15624991,0.84375009
QQQ,5,0.12186399,0.87813601
QQQ,5,0.14731493,0.85268507
QQQ,5,0.20410150,0.79589850
QQQ,5,0.13075255,0.86924745
QQQ,5,0.33769743,0.66230257
QQQ,5,0.31014859,0.68985141
QQQ,5,0.21437953,0.78562047
QQQ,5,0.48158663,0.51841337
QQQ,5,0.13890813,0.86109187
QQQ,5,0.19335392,0.80664608
QQQ,5,0.12237010,0.87762990
QQQ,5,0.14337383,0.85662617
QQQ,5,0.26915156,0.73084844
QQQ,5,0.20206782,0.79793218
QQQ,5,0.16136355,0.83863645
QQQ,5,0.14326997,0.85673003
QQQ,5,0.49907809,0.50092191
QQQ,5,0.12939526,0.87060474
QQQ,5,0.12182914,0.87817086
QQQ,5,0.83942179,0.16057821
QQQ,5,0.14845384,0.85154616
QQQ,5,0.16712737,0.83287263
QQQ,5,0.16277537,0.83722463
QQQ,5,0.16916005,0.83083995
QQQ,5,0.18511567,0.81488433
QQQ,5,0.12182374,0.87817626
QQQ,5,0.18030929,0.81969071
QQQ,5,0.14066534,0.85933466
QQQ,5,0.12716128,0.87283872
QQQ,5,0.32827001,0.67172999
QQQ,5,0.13312256,0.86687744
QQQ,5,0.24548515,0.75451485
QQQ,5,0.18537784,0.81462216
QQQ,5,0.12440994,0.87559006
QQQ,5,0.12476019,0.87523981
QQQ,5,0.13924050,0.86075950
QQQ,5,0.15551358,0.84448642
QQQ,5,0.12361975,0.87638025
QQQ,5,0.12267281,0.87732719
QQQ,5,0.12478874,0.87521126
QQQ,5,0.13762222,0.86237778
QQQ,5,0.13223049,0.86776951
QQQ,5,0.17682887,0.82317113
QQQ,5,0.13298606,0.86701394
QQQ,5,0.13035034,0.86964966
QQQ,5,0.12309769,0.87690231
QQQ,5,0.22238917,0.77761083
QQQ,5,0.12498954,0.87501046
QQQ,5,0.50596527,0.49403473
QQQ,5,0.15269971,0.84730029
QQQ,5,0.13925763,0.86074237
QQQ,5,0.13501652,0.86498348
QQQ,5,0.25017838,0.74982162
QQQ,5,0.12411792,0.87588208
QQQ,5,0.19970137,0.80029863
QQQ,5,0.12510381,0.87489619
QQQ,5,0.15398776,0.84601224
QQQ,5,0.12265220,0.87734780
QQQ,5,0.12832988,0.87167012
QQQ,5,0.72357664,0.27642336
QQQ,5,0.13641001,0.86358999
QQQ,5,0.12614748,0.87385252
QQQ,5,0.21257100,0.78742900
QQQ,5,0.19395067,0.80604933
QQQ,5,0.14064756,0.85935244
QQQ,5,0.12182387,0.87817613
QQQ,5,0.16302939,0.83697061
QQQ,5,0.12271014,0.87728986
QQQ,5,0.16487081,0.83512919
QQQ,5,0.15057477,0.84942523
QQQ,5,0.13626013,0.86373987
QQQ,5,0.12367488,0.87632512
QQQ,5,0.12614845,0.87385155
QQQ,5,0.14557073,0.85442927
QQQ,5,0.12254660,0.87745340
QQQ,5,0.34012711,0.65987289
QQQ,5,0.28648544,0.71351456
QQQ,5,0.13337778,0.86662222
QQQ,5,0.14605194,0.85394806
QQQ,5,0.13349228,0.86650772
QQQ,5,0.28573114,0.71426886
QQQ,5,0.12282258,0.87717742
QQQ,5,0.12291089,0.87708911
QQQ,5,0.14625694,0.85374306
QQQ,5,0.36720576,0.63279424
QQQ,5,0.23310374,0.76689626
QQQ,5,0.12316188,0.87683812
QQQ,5,0.35992126,0.64007874
QQQ,5,0.16130514,0.83869486
QQQ,5,0.13560263,0.86439737
QQQ,5,0.24068230,0.75931770
QQQ,5,0.12747436,0.87252564
QQQ,5,0.13305902,0.86694098
QQQ,5,0.12363360,0.87636640
QQQ,5,0.30411396,0.69588604
QQQ,5,0.12236771,0.87763229
QQQ,5,0.13722451,0.86277549
QQQ,5,0.12206788,0.87793212
QQQ,5,0.12229885,0.87770115
QQQ,5,0.13972464,0.86027536
QQQ,5,0.12207419,0.87792581
QQQ,5,0.21807733,0.78192267
QQQ,5,0.33359761,0.66640239
QQQ,5,0.12384573,0.87615427
QQQ,5,0.14047686,0.85952314
QQQ,5,0.12741150,0.87258850
QQQ,5,0.12837393,0.87162607
QQQ,5,0.12729638,0.87270362
QQQ,5,0.15997674,0.84002326
QQQ,5,0.12634632,0.87365368
QQQ,5,0.20442404,0.79557596
QQQ,5,0.12549646,0.87450354
QQQ,5,0.25758421,0.74241579
QQQ,5,0.12394004,0.87605996
QQQ,5,0.16010881,0.83989119
QQQ,5,0.13909070,0.86090930
QQQ,5,0.13628671,0.86371329
QQQ,5,0.12667215,0.87332785
QQQ,5,0.31242525,0.68757475
QQQ,5,0.13164113,0.86835887
QQQ,5,0.16153548,0.83846452
QQQ,5,0.12282087,0.87717913
QQQ,5,0.13536152,0.86463848
QQQ,5,0.12420593,0.87579407
QQQ,5,0.15341947,0.84658053
QQQ,5,0.77838435,0.22161565
QQQ,5,0.12375645,0.87624355
QQQ,5,0.15151950,0.84848050
QQQ,5,0.12194317,0.87805683
QQQ,5,0.12445010,0.87554990
QQQ,5,0.12485456,0.87514544
QQQ,5,0.42046811,0.57953189
QQQ,5,0.12297063,0.87702937
QQQ,5,0.29791160,0.70208840
QQQ,5,0.44548601,0.55451399
QQQ,5,0.16617386,0.83382614
QQQ,5,0.12499922,0.87500078
QQQ,5,0.31292155,0.68707845
QQQ,5,0.35371721,0.64628279
QQQ,5,0.13833482,0.86166518
QQQ,5,0.12201306,0.87798694
QQQ,5,0.20987758,0.79012242
QQQ,5,0.13199099,0.86800901
QQQ,5,0.20045247,0.79954753
QQQ,5,0.18028192,0.81971808
QQQ,5,0.15856157,0.84143843
QQQ,5,0.12942398,0.87057602
QQQ,5,0.13793010,0.86206990
QQQ,5,0.12214516,0.87785484
QQQ,5,0.12697506,0.87302494
QQQ,5,0.12399014,0.87600986
QQQ,5,0.15846312,0.84153688
QQQ,5,0.35137935,0.64862065
QQQ,5,0.12393241,0.87606759
QQQ,5,0.20361225,0.79638775
QQQ,5,0.24593178,0.75406822
QQQ,5,0.12788698,0.87211302
QQQ,5,0.12428817,0.87571183
QQQ,5,0.12308803,0.87691197
QQQ,5,0.16911356,0.83088644
QQQ,5,0.13543685,0.86456315
QQQ,5,0.14828076,0.85171924
QQQ,5,0.92215136,0.07784864
QQQ,5,0.99994746,0.00005254
QQQ,5,0.99971638,0.00028362
QQQ,5,0.17261391,0.82738609
QQQ,5,0.99993197,0.00006803
QQQ,5,0.86095394,0.13904606
QQQ,5,0.12623124,0.87376876
QQQ,5,0.21141308,0.78858692
QQQ,5,0.97135394,0.02864606
QQQ,5,0.85061014,0.14938986
QQQ,5,0.13555016,0.86444984
QQQ,5,0.22240874,0.77759126
QQQ,5,0.87896405,0.12103595
QQQ,5,0.20187482,0.79812518
QQQ,5,0.22325489,0.77674511
QQQ,5,0.14356437,0.85643563
QQQ,5,0.12501520,0.87498480
QQQ,5,0.23767817,0.76232183
QQQ,5,0.14589873,0.85410127
QQQ,5,0.12289872,0.87710128
QQQ,5,0.28163592,0.71836408
QQQ,5,0.12539562,0.87460438
QQQ,5,0.33475135,0.66524865
QQQ,5,0.12182989,0.87817011
QQQ,5,0.13336450,0.86663550
QQQ,5,0.17822849,0.82177151
QQQ,5,0.94236283,0.05763717
QQQ,5,0.15840169,0.84159831
QQQ,5,0.60222010,0.39777990
QQQ,5,0.13723966,0.86276034
QQQ,5,0.46265555,0.53734445
QQQ,5,0.33655700,0.66344300
QQQ,5,0.12697576,0.87302424
QQQ,5,0.15271417,0.84728583
QQQ,5,0.13400822,0.86599178
QQQ,5,0.13874406,0.86125594
QQQ,5,0.12753441,0.87246559
QQQ,5,0.14503064,0.85496936
QQQ,5,0.12350693,0.87649307
QQQ,5,0.35338896,0.64661104
QQQ,5,0.13796052,0.86203948
QQQ,5,0.15029902,0.84970098
QQQ,5,0.13390161,0.86609839
QQQ,5,0.14425936,0.85574064
QQQ,5,0.54332410,0.45667590
QQQ,5,0.91965170,0.08034830
QQQ,5,0.12745662,0.87254338
QQQ,5,0.12952113,0.87047887
QQQ,5,0.17637661,0.82362339
QQQ,5,0.12202341,0.87797659
QQQ,5,0.13072225,0.86927775
QQQ,5,0.21240685,0.78759315
QQQ,5,0.13130853,0.86869147
QQQ,5,0.12221984,0.87778016
QQQ,5,0.12522322,0.87477678
QQQ,5,0.12205434,0.87794566
QQQ,5,0.20407981,0.79592019
QQQ,5,0.12767844,0.87232156
QQQ,5,0.12392461,0.87607539
QQQ,5,0.19560923,0.80439077
QQQ,5,0.58051543,0.41948457
QQQ,5,0.24595764,0.75404236
QQQ,5,0.12188344,0.87811656
QQQ,5,0.51458117,0.48541883
QQQ,5,0.12372343,0.87627657
QQQ,5,0.15936351,0.84063649
QQQ,5,0.12418727,0.87581273
QQQ,5,0.12201531,0.87798469
QQQ,5,0.12242024,0.87757976
QQQ,5,0.12300048,0.87699952
QQQ,5,0.12515501,0.87484499
QQQ,5,0.19036312,0.80963688
QQQ,5,0.14216749,0.85783251
QQQ,5,0.40094437,0.59905563
QQQ,5,0.65870240,0.34129760
QQQ,5,0.13177620,0.86822380
QQQ,5,0.12212006,0.87787994
QQQ,5,0.33262977,0.66737023
QQQ,5,0.12929765,0.87070235
QQQ,5,0.73821268,0.26178732
QQQ,5,0.14555967,0.85444033
QQQ,5,0.13967571,0.86032429
QQQ,5,0.31931308,0.68068692
QQQ,5,0.27326307,0.72673693
QQQ,5,0.53019981,0.46980019
QQQ,5,0.18648931,0.81351069
QQQ,5,0.14613775,0.85386225
QQQ,5,0.16485406,0.83514594
QQQ,5,0.12193157,0.87806843
QQQ,5,0.12185376,0.87814624
QQQ,5,0.35265953,0.64734047
QQQ,5,0.16501891,0.83498109
QQQ,5,0.23867497,0.76132503
QQQ,5,0.67132943,0.32867057
QQQ,5,0.12951572,0.87048428
QQQ,5,0.20828517,0.79171483
QQQ,5,0.98097164,0.01902836
QQQ,5,0.20791938,0.79208062
QQQ,5,0.12211247,0.87788753
QQQ,5,0.20617595,0.79382405
QQQ,5,0.99003751,0.00996249
QQQ,5,0.51027321,0.48972679
QQQ,5,0.97212095,0.02787905
QQQ,5,0.12232637,0.87767363
QQQ,5,0.13256229,0.86743771
QQQ,5,0.12184245,0.87815755
QQQ,5,0.92037759,0.07962241
QQQ,5,0.27677212,0.72322788
QQQ,5,0.18428641,0.81571359
QQQ,5,0.80646084,0.19353916
QQQ,5,0.25742381,0.74257619
QQQ,5,0.58485700,0.41514300
QQQ,5,0.13159576,0.86840424
QQQ,5,0.58365550,0.41634450
QQQ,5,0.14274009,0.85725991
QQQ,5,0.12248281,0.87751719
QQQ,5,0.99298539,0.00701461
QQQ,5,0.42971159,0.57028841
QQQ,5,0.14384255,0.85615745
QQQ,5,0.12499802,0.87500198
QQQ,5,0.12386310,0.87613690
QQQ,5,0.30896555,0.69103445
QQQ,5,0.70990198,0.29009802
QQQ,5,0.77784663,0.22215337
QQQ,5,0.17565937,0.82434063
QQQ,5,0.13045205,0.86954795
QQQ,5,0.37526740,0.62473260
QQQ,5,0.33216307,0.66783693
QQQ,5,0.18522753,0.81477247
QQQ,5,0.18817366,0.81182634
QQQ,5,0.12190044,0.87809956
QQQ,5,0.16962383,0.83037617
QQQ,5,0.96354658,0.03645342
QQQ,5,0.12397395,0.87602605
QQQ,5,0.12192872,0.87807128
QQQ,5,0.12211567,0.87788433
QQQ,5,0.14530451,0.85469549
QQQ,5,0.16835687,0.83164313
QQQ,5,0.14161642,0.85838358
QQQ,5,0.12345151,0.87654849
QQQ,5,0.41798876,0.58201124
QQQ,5,0.12576599,0.87423401
QQQ,5,0.12194956,0.87805044
QQQ,5,0.18117254,0.81882746
QQQ,5,0.12182542,0.87817458
QQQ,5,0.12454124,0.87545876
QQQ,5,0.13207502,0.86792498
QQQ,5,0.12872968,0.87127032
QQQ,5,0.16178051,0.83821949
QQQ,5,0.12182330,0.87817670
QQQ,5,0.12347642,0.87652358
QQQ,5,0.35055950,0.64944050
QQQ,5,0.14193178,0.85806822
QQQ,5,0.12199788,0.87800212
QQQ,5,0.21050582,0.78949418
QQQ,5,0.12755207,0.87244793
QQQ,5,0.18061202,0.81938798
QQQ,5,0.34992962,0.65007038
QQQ,5,0.28724759,0.71275241
QQQ,5,0.12225131,0.87774869
QQQ,5,0.13275466,0.86724534
QQQ,5,0.16282231,0.83717769
QQQ,5,0.26028585,0.73971415
QQQ,5,0.12239193,0.87760807
QQQ,5,0.12378039,0.87621961
QQQ,5,0.13981716,0.86018284
QQQ,5,0.14254056,0.85745944
QQQ,5,0.12220958,0.87779042
QQQ,5,0.12182732,0.87817268
QQQ,5,0.32983128,0.67016872
QQQ,5,0.12223210,0.87776790
QQQ,5,0.14168018,0.85831982
QQQ,5,0.17134349,0.82865651
QQQ,5,0.25695091,0.74304909
QQQ,5,0.14956932,0.85043068
QQQ,5,0.16895725,0.83104275
QQQ,5,0.18222599,0.81777401
QQQ,5,0.15140665,0.84859335
QQQ,5,0.12255108,0.87744892
QQQ,5,0.13625460,0.86374540
QQQ,5,0.12740550,0.87259450
QQQ,5,0.28309667,0.71690333
QQQ,5,0.16615170,0.83384830
QQQ,5,0.13263491,0.86736509
QQQ,5,0.13184629,0.86815371
QQQ,5,0.23296749,0.76703251
QQQ,5,0.23462764,0.76537236
QQQ,5,0.12818771,0.87181229
QQQ,5,0.14039402,0.85960598
QQQ,5,0.20503025,0.79496975
QQQ,5,0.12222249,0.87777751
QQQ,5,0.55460916,0.44539084
QQQ,5,0.16941194,0.83058806
QQQ,5,0.13282941,0.86717059
QQQ,5,0.14534913,0.85465087
QQQ,5,0.12573912,0.87426088
QQQ,5,0.12215855,0.87784145
QQQ,5,0.12509952,0.87490048
QQQ,5,0.13407127,0.86592873
QQQ,5,0.12925865,0.87074135
QQQ,5,0.12550342,0.87449658
QQQ,5,0.12349591,0.87650409
QQQ,5,0.12333304,0.87666696
QQQ,5,0.22152287,0.77847713
QQQ,5,0.17835138,0.82164862
QQQ,5,0.12247749,0.87752251
QQQ,5,0.12888484,0.87111516
QQQ,5,0.12573137,0.87426863
QQQ,5,0.23162319,0.76837681
QQQ,5,0.14128961,0.85871039
QQQ,5,0.12715796,0.87284204
QQQ,5,0.12451928,0.87548072
QQQ,5,0.29452393,0.70547607
QQQ,5,0.99936133,0.00063867
QQQ,5,0.64490760,0.35509240
QQQ,5,0.48673638,0.51326362
QQQ,5,0.41269391,0.58730609
QQQ,5,0.26032618,0.73967382
QQQ,5,0.14629782,0.85370218
QQQ,5,0.13774767,0.86225233
QQQ,5,0.17165383,0.82834617
QQQ,5,0.12906050,0.87093950
QQQ,5,0.35723111,0.64276889
QQQ,5,0.15192735,0.84807265
QQQ,5,0.14536629,0.85463371
QQQ,5,0.12316913,0.87683087
QQQ,5,0.15472650,0.84527350
QQQ,5,0.12246029,0.87753971
QQQ,5,0.15223316,0.84776684
QQQ,5,0.12792219,0.87207781
QQQ,5,0.22644470,0.77355530
QQQ,5,0.12338697,0.87661303
QQQ,5,0.13428859,0.86571141
QQQ,5,0.12193972,0.87806028
QQQ,5,0.12288457,0.87711543
QQQ,5,0.15502039,0.84497961
QQQ,5,0.13115498,0.86884502
QQQ,5,0.12633506,0.87366494
QQQ,5,0.14193584,0.85806416
QQQ,5,0.15441014,0.84558986
QQQ,5,0.12809642,0.87190358
QQQ,5,0.12654327,0.87345673
QQQ,5,0.18979073,0.81020927
QQQ,5,0.12190529,0.87809471
QQQ,5,0.12607262,0.87392738
QQQ,5,0.12489045,0.87510955
QQQ,5,0.13311755,0.86688245
QQQ,5,0.12233970,0.87766030
QQQ,5,0.13389693,0.86610307
QQQ,5,0.13838281,0.86161719
QQQ,5,0.12349236,0.87650764
QQQ,5,0.12185053,0.87814947
QQQ,5,0.12184808,0.87815192
QQQ,5,0.12219773,0.87780227
QQQ,5,0.12367045,0.87632955
QQQ,5,0.14714784,0.85285216
QQQ,5,0.12394579,0.87605421
QQQ,5,0.12251529,0.87748471
QQQ,5,0.12280327,0.87719673
QQQ,5,0.12775440,0.87224560
QQQ,5,0.12268158,0.87731842
QQQ,5,0.12514620,0.87485380
QQQ,5,0.12840163,0.87159837
QQQ,5,0.14861780,0.85138220
QQQ,5,0.12252933,0.87747067
QQQ,5,0.14045320,0.85954680
QQQ,5,0.83274742,0.16725258
QQQ,5,0.36391469,0.63608531
QQQ,5,0.17999650,0.82000350
QQQ,5,0.13496784,0.86503216
QQQ,5,0.33185886,0.66814114
QQQ,5,0.12188666,0.87811334
QQQ,5,0.12893067,0.87106933
QQQ,5,0.12369431,0.87630569
QQQ,5,0.19022071,0.80977929
QQQ,5,0.17279757,0.82720243
QQQ,5,0.14052526,0.85947474
QQQ,5,0.16765162,0.83234838
QQQ,5,0.18129194,0.81870806
QQQ,5,0.12397839,0.87602161
QQQ,5,0.15142677,0.84857323
QQQ,5,0.15464729,0.84535271
QQQ,5,0.12288417,0.87711583
QQQ,5,0.12272922,0.87727078
QQQ,5,0.12902083,0.87097917
QQQ,5,0.12192835,0.87807165
QQQ,5,0.12418631,0.87581369
QQQ,5,0.14596104,0.85403896
QQQ,5,0.29063214,0.70936786
QQQ,5,0.12292900,0.87707100
QQQ,5,0.13263134,0.86736866
QQQ,5,0.12214652,0.87785348
QQQ,5,0.12673422,0.87326578
QQQ,5,0.17107314,0.82892686
QQQ,5,0.12186830,0.87813170
QQQ,5,0.12224535,0.87775465
QQQ,5,0.13045157,0.86954843
QQQ,5,0.23619287,0.76380713
QQQ,5,0.12478909,0.87521091
QQQ,5,0.14766839,0.85233161
QQQ,5,0.13658526,0.86341474
QQQ,5,0.15149111,0.84850889
QQQ,5,0.12316235,0.87683765
QQQ,5,0.16492457,0.83507543
QQQ,5,0.17351336,0.82648664
QQQ,5,0.20715274,0.79284726
QQQ,5,0.13499233,0.86500767
QQQ,5,0.69242173,0.30757827
QQQ,5,0.15742178,0.84257822
QQQ,5,0.14332133,0.85667867
QQQ,5,0.33818176,0.66181824
QQQ,5,0.12182503,0.87817497
QQQ,5,0.20216358,0.79783642
QQQ,5,0.25991575,0.74008425
QQQ,5,0.14582609,0.85417391
QQQ,5,0.16301564,0.83698436
QQQ,5,0.12680499,0.87319501
QQQ,5,0.20269542,0.79730458
QQQ,5,0.13027907,0.86972093
QQQ,5,0.12842136,0.87157864
QQQ,5,0.12843588,0.87156412
QQQ,5,0.12468097,0.87531903
QQQ,5,0.12933559,0.87066441
QQQ,5,0.23382576,0.76617424
QQQ,5,0.44833432,0.55166568
QQQ,5,0.12196466,0.87803534
QQQ,5,0.15189003,0.84810997
QQQ,5,0.12586372,0.87413628
QQQ,5,0.25447492,0.74552508
QQQ,5,0.12565899,0.87434101
QQQ,5,0.17210427,0.82789573
QQQ,5,0.13001700,0.86998300
QQQ,5,0.25237025,0.74762975
QQQ,5,0.12280986,0.87719014
QQQ,5,0.12429798,0.87570202
QQQ,5,0.12901150,0.87098850
QQQ,5,0.13122938,0.86877062
QQQ,5,0.13160687,0.86839313
QQQ,5,0.12191907,0.87808093
QQQ,5,0.12592024,0.87407976
QQQ,5,0.12197840,0.87802160
QQQ,5,0.13786661,0.86213339
QQQ,5,0.15846759,0.84153241
QQQ,5,0.12340118,0.87659882
QQQ,5,0.20597176,0.79402824
QQQ,5,0.16631975,0.83368025
QQQ,5,0.14003905,0.85996095
QQQ,5,0.14531261,0.85468739
QQQ,5,0.18270756,0.81729244
QQQ,5,0.13182390,0.86817610
QQQ,5,0.12726309,0.87273691
QQQ,5,0.12793220,0.87206780
QQQ,5,0.12254870,0.87745130
QQQ,5,0.12960848,0.87039152
QQQ,5,0.12643729,0.87356271
QQQ,5,0.12427099,0.87572901
QQQ,5,0.12193621,0.87806379
QQQ,5,0.12472375,0.87527625
QQQ,5,0.12236335,0.87763665
QQQ,5,0.15169357,0.84830643
QQQ,5,0.20163856,0.79836144
QQQ,5,0.12404933,0.87595067
QQQ,5,0.12574007,0.87425993
QQQ,5,0.15800517,0.84199483
QQQ,5,0.12467805,0.87532195
QQQ,5,0.14904977,0.85095023
QQQ,5,0.12208946,0.87791054
QQQ,5,0.12744676,0.87255324
QQQ,5,0.12284724,0.87715276
QQQ,5,0.13078932,0.86921068
QQQ,5,0.12427178,0.87572822
QQQ,5,0.13108554,0.86891446
QQQ,5,0.12996059,0.87003941
QQQ,5,0.14488499,0.85511501
QQQ,5,0.13114669,0.86885331
QQQ,5,0.14818459,0.85181541
QQQ,5,0.12188933,0.87811067
QQQ,5,0.13535409,0.86464591
QQQ,5,0.13935258,0.86064742
QQQ,5,0.12234035,0.87765965
QQQ,5,0.12862513,0.87137487
QQQ,5,0.12378178,0.87621822
QQQ,5,0.12273379,0.87726621
QQQ,5,0.12685266,0.87314734
QQQ,5,0.20654438,0.79345562
QQQ,5,0.13449392,0.86550608
QQQ,5,0.12426319,0.87573681
QQQ,5,0.12463099,0.87536901
QQQ,5,0.12364354,0.87635646
QQQ,5,0.12346409,0.87653591
QQQ,5,0.12211588,0.87788412
QQQ,5,0.13300679,0.86699321
QQQ,5,0.12403334,0.87596666
QQQ,5,0.12450448,0.87549552
QQQ,5,0.14587743,0.85412257
QQQ,5,0.12190740,0.87809260
QQQ,5,0.12182683,0.87817317
QQQ,5,0.12235778,0.87764222
QQQ,5,0.32137748,0.67862252
QQQ,5,0.14253061,0.85746939
QQQ,5,0.12666424,0.87333576
QQQ,5,0.12416526,0.87583474
QQQ,5,0.12334809,0.87665191
QQQ,5,0.14540890,0.85459110
QQQ,5,0.13802850,0.86197150
QQQ,5,0.12473733,0.87526267
QQQ,5,0.12185592,0.87814408
QQQ,5,0.12193207,0.87806793
QQQ,5,0.12340799,0.87659201
QQQ,5,0.13130049,0.86869951
QQQ,5,0.12190525,0.87809475
QQQ,5,0.12209189,0.87790811
QQQ,5,0.12188034,0.87811966
QQQ,5,0.13318433,0.86681567
QQQ,5,0.13311559,0.86688441
QQQ,5,0.13359167,0.86640833
QQQ,5,0.16144063,0.83855937
QQQ,5,0.12285199,0.87714801
QQQ,5,0.12364084,0.87635916
QQQ,5,0.16932594,0.83067406
QQQ,5,0.12188110,0.87811890
QQQ,5,0.24470553,0.75529447
QQQ,5,0.16432516,0.83567484
QQQ,5,0.12189787,0.87810213
QQQ,5,0.14884353,0.85115647
QQQ,5,0.12476782,0.87523218
QQQ,5,0.18330825,0.81669175
QQQ,5,0.12530041,0.87469959
QQQ,5,0.12594074,0.87405926
QQQ,5,0.12195603,0.87804397
QQQ,5,0.12966029,0.87033971
QQQ,5,0.12540233,0.87459767
QQQ,5,0.13036611,0.86963389
QQQ,5,0.12229996,0.87770004
QQQ,5,0.12198991,0.87801009
QQQ,5,0.12502268,0.87497732
QQQ,5,0.12838026,0.87161974
QQQ,5,0.13400029,0.86599971
QQQ,5,0.82024381,0.17975619
QQQ,5,0.15839575,0.84160425
QQQ,5,0.12964228,0.87035772
QQQ,5,0.17305521,0.82694479
QQQ,5,0.12349361,0.87650639
QQQ,5,0.13641054,0.86358946
QQQ,5,0.17499095,0.82500905
QQQ,5,0.12644368,0.87355632
QQQ,5,0.12318188,0.87681812
QQQ,5,0.12182403,0.87817597
QQQ,5,0.13167271,0.86832729
QQQ,5,0.22574810,0.77425190
QQQ,5,0.12206629,0.87793371
QQQ,5,0.12868304,0.87131696
QQQ,5,0.13084866,0.86915134
QQQ,5,0.12266450,0.87733550
QQQ,5,0.80721929,0.19278071
QQQ,5,0.15085798,0.84914202
QQQ,5,0.14940255,0.85059745
QQQ,5,0.13407860,0.86592140
QQQ,5,0.13448449,0.86551551
QQQ,5,0.13711035,0.86288965
QQQ,5,0.36069324,0.63930676
QQQ,5,0.15464245,0.84535755
QQQ,5,0.19358407,0.80641593
QQQ,5,0.12182800,0.87817200
QQQ,5,0.13259014,0.86740986
QQQ,5,0.13244844,0.86755156
QQQ,5,0.46781725,0.53218275
QQQ,5,0.26408138,0.73591862
QQQ,5,0.42822910,0.57177090
QQQ,5,0.12185756,0.87814244
QQQ,5,0.21852384,0.78147616
QQQ,5,0.17488795,0.82511205
QQQ,5,0.17669438,0.82330562
QQQ,5,0.19841482,0.80158518
QQQ,5,0.15126226,0.84873774
QQQ,5,0.12911825,0.87088175
QQQ,5,0.24458082,0.75541918
QQQ,5,0.12747627,0.87252373
QQQ,5,0.17359065,0.82640935
QQQ,5,0.12284416,0.87715584
QQQ,5,0.15541161,0.84458839
QQQ,5,0.14886144,0.85113856
QQQ,5,0.12430103,0.87569897
QQQ,5,0.12183285,0.87816715
QQQ,5,0.13559286,0.86440714
QQQ,5,0.12462415,0.87537585
QQQ,5,0.12865678,0.87134322
QQQ,5,0.14563765,0.85436235
QQQ,5,0.12247275,0.87752725
QQQ,5,0.13417480,0.86582520
QQQ,5,0.12397301,0.87602699
QQQ,5,0.12588950,0.87411050
QQQ,5,0.13037562,0.86962438
QQQ,5,0.12354351,0.87645649
QQQ,5,0.14643412,0.85356588
QQQ,5,0.12315545,0.87684455
QQQ,5,0.12228733,0.87771267
QQQ,5,0.64618812,0.35381188
QQQ,5,0.14687938,0.85312062
QQQ,5,0.23891601,0.76108399
QQQ,5,0.12299045,0.87700955
QQQ,5,0.12502633,0.87497367
QQQ,5,0.57815212,0.42184788
QQQ,5,0.12337077,0.87662923
QQQ,5,0.12445140,0.87554860
QQQ,5,0.31082680,0.68917320
QQQ,5,0.12679701,0.87320299
QQQ,5,0.12611041,0.87388959
QQQ,5,0.12473980,0.87526020
QQQ,5,0.12670116,0.87329884
QQQ,5,0.13194797,0.86805203
QQQ,5,0.23207953,0.76792047
QQQ,5,0.22206680,0.77793320
QQQ,5,0.12183608,0.87816392
QQQ,5,0.16851796,0.83148204
QQQ,5,0.12629062,0.87370938
QQQ,5,0.12485904,0.87514096
QQQ,5,0.16994620,0.83005380
QQQ,5,0.21194009,0.78805991
QQQ,5,0.12581702,0.87418298
QQQ,5,0.12406856,0.87593144
QQQ,5,0.14096302,0.85903698
QQQ,5,0.12782598,0.87217402
QQQ,5,0.12269950,0.87730050
QQQ,5,0.12360950,0.87639050
QQQ,5,0.12725832,0.87274168
QQQ,5,0.14688967,0.85311033
QQQ,5,0.12298745,0.87701255
QQQ,5,0.21106237,0.78893763
QQQ,5,0.12380151,0.87619849
QQQ,5,0.17088607,0.82911393
QQQ,5,0.12182449,0.87817551
QQQ,5,0.15892873,0.84107127
QQQ,5,0.12285704,0.87714296
QQQ,5,0.12581964,0.87418036
QQQ,5,0.12286053,0.87713947
QQQ,5,0.19228454,0.80771546
QQQ,5,0.12435893,0.87564107
QQQ,5,0.12201666,0.87798334
QQQ,5,0.12232425,0.87767575
QQQ,5,0.12739970,0.87260030
QQQ,5,0.12317742,0.87682258
QQQ,5,0.13098409,0.86901591
QQQ,5,0.12960028,0.87039972
QQQ,5,0.12342462,0.87657538
QQQ,5,0.12228857,0.87771143
QQQ,5,0.12979853,0.87020147
QQQ,5,0.12554286,0.87445714
QQQ,5,0.14897017,0.85102983
QQQ,5,0.12295334,0.87704666
QQQ,5,0.13144767,0.86855233
QQQ,5,0.12895019,0.87104981
QQQ,5,0.91700651,0.08299349
QQQ,5,0.12965672,0.87034328
QQQ,5,0.13829903,0.86170097
QQQ,5,0.12190686,0.87809314
QQQ,5,0.12323151,0.87676849
QQQ,5,0.19025398,0.80974602
QQQ,5,0.13091778,0.86908222
QQQ,5,0.12271905,0.87728095
QQQ,5,0.13326733,0.86673267
QQQ,5,0.13651309,0.86348691
QQQ,5,0.12182400,0.87817600
QQQ,5,0.12251581,0.87748419
QQQ,5,0.12969374,0.87030626
QQQ,5,0.13620600,0.86379400
QQQ,5,0.23820131,0.76179869
QQQ,5,0.12858993,0.87141007
QQQ,5,0.12196135,0.87803865
QQQ,5,0.20553853,0.79446147
QQQ,5,0.12367780,0.87632220
QQQ,5,0.13319136,0.86680864
QQQ,5,0.12182518,0.87817482
QQQ,5,0.12642799,0.87357201
QQQ,5,0.41333247,0.58666753
QQQ,5,0.15849480,0.84150520
QQQ,5,0.13431946,0.86568054
QQQ,5,0.22625161,0.77374839
QQQ,5,0.12184033,0.87815967
QQQ,5,0.13045856,0.86954144
QQQ,5,0.12935967,0.87064033
QQQ,5,0.13524655,0.86475345
QQQ,5,0.16529477,0.83470523
QQQ,5,0.12203764,0.87796236
QQQ,5,0.12508703,0.87491297
QQQ,5,0.12195149,0.87804851
QQQ,5,0.22011182,0.77988818
QQQ,5,0.17837826,0.82162174
QQQ,5,0.13680453,0.86319547
QQQ,5,0.12222670,0.87777330
QQQ,5,0.12182323,0.87817677
QQQ,5,0.12252609,0.87747391
QQQ,5,0.14014482,0.85985518
QQQ,5,0.12187810,0.87812190
QQQ,5,0.12233464,0.87766536
QQQ,5,0.14624522,0.85375478
QQQ,5,0.40211558,0.59788442
QQQ,5,0.19875668,0.80124332
QQQ,5,0.12727737,0.87272263
QQQ,5,0.20729920,0.79270080
QQQ,5,0.13553512,0.86446488
QQQ,5,0.12245506,0.87754494
QQQ,5,0.12389234,0.87610766
QQQ,5,0.15179238,0.84820762
QQQ,5,0.16123134,0.83876866
QQQ,5,0.12445203,0.87554797
QQQ,5,0.21151193,0.78848807
QQQ,5,0.12219382,0.87780618
QQQ,5,0.13015102,0.86984898
QQQ,5,0.21262161,0.78737839
QQQ,5,0.17788602,0.82211398
QQQ,5,0.13963373,0.86036627
QQQ,5,0.12183635,0.87816365
QQQ,5,0.32504877,0.67495123
QQQ,5,0.13116414,0.86883586
QQQ,5,0.16176807,0.83823193
QQQ,5,0.12958992,0.87041008
QQQ,5,0.17269243,0.82730757
QQQ,5,0.57404977,0.42595023
QQQ,5,0.99947331,0.00052669
QQQ,5,0.69668969,0.30331031
QQQ,5,0.27965047,0.72034953
QQQ,5,0.99975699,0.00024301
QQQ,5,0.28582436,0.71417564
QQQ,5,0.36152722,0.63847278
QQQ,5,0.14847820,0.85152180
QQQ,5,0.52362539,0.47637461
QQQ,5,0.52991680,0.47008320
QQQ,5,0.12456125,0.87543875
QQQ,5,0.12764286,0.87235714
QQQ,5,0.12541814,0.87458186
QQQ,5,0.12182615,0.87817385
QQQ,5,0.56691173,0.43308827
QQQ,5,0.29515817,0.70484183
QQQ,5,0.20655230,0.79344770
QQQ,5,0.14642447,0.85357553
QQQ,5,0.40396516,0.59603484
QQQ,5,0.16441047,0.83558953
QQQ,5,0.20611658,0.79388342
QQQ,5,0.13614740,0.86385260
QQQ,5,0.12727160,0.87272840
QQQ,5,0.14340440,0.85659560
QQQ,5,0.54546339,0.45453661
QQQ,5,0.15185540,0.84814460
QQQ,5,0.24141958,0.75858042
QQQ,5,0.12189202,0.87810798
QQQ,5,0.12273834,0.87726166
QQQ,5,0.12717038,0.87282962
QQQ,5,0.64957354,0.35042646
QQQ,5,0.12360724,0.87639276
QQQ,5,0.13877680,0.86122320
QQQ,5,0.82530096,0.17469904
QQQ,5,0.91966468,0.08033532
QQQ,5,0.98421476,0.01578524
QQQ,5,0.97718702,0.02281298
QQQ,5,0.24210479,0.75789521
QQQ,5,0.36061081,0.63938919
QQQ,5,0.93767567,0.06232433
QQQ,5,0.19927021,0.80072979
QQQ,5,0.31203310,0.68796690
QQQ,5,0.14992706,0.85007294
QQQ,5,0.76648281,0.23351719
QQQ,5,0.14293127,0.85706873
QQQ,5,0.62406202,0.37593798
QQQ,5,0.13351863,0.86648137
QQQ,5,0.24928282,0.75071718
QQQ,5,0.13508928,0.86491072
QQQ,5,0.16422885,0.83577115
QQQ,5,0.65248339,0.34751661
QQQ,5,0.12939413,0.87060587
QQQ,5,0.16307915,0.83692085
QQQ,5,0.36078898,0.63921102
QQQ,5,0.12963425,0.87036575
QQQ,5,0.67023566,0.32976434
QQQ,5,0.12193529,0.87806471
QQQ,5,0.53124398,0.46875602
QQQ,5,0.12286601,0.87713399
QQQ,5,0.14656571,0.85343429
QQQ,5,0.21317835,0.78682165
QQQ,5,0.14007569,0.85992431
QQQ,5,0.12184531,0.87815469
QQQ,5,0.47941883,0.52058117
QQQ,5,0.18105679,0.81894321
QQQ,5,0.12192477,0.87807523
QQQ,5,0.21963798,0.78036202
QQQ,5,0.21427839,0.78572161
QQQ,5,0.12191895,0.87808105
QQQ,5,0.12520552,0.87479448
QQQ,5,0.20857621,0.79142379
QQQ,5,0.14612372,0.85387628
QQQ,5,0.13080245,0.86919755
QQQ,5,0.13891679,0.86108321
QQQ,5,0.13823074,0.86176926
QQQ,5,0.12291805,0.87708195
QQQ,5,0.17132090,0.82867910
QQQ,5,0.12183366,0.87816634
QQQ,5,0.12287622,0.87712378
QQQ,5,0.13247873,0.86752127
QQQ,5,0.15304474,0.84695526
QQQ,5,0.12189051,0.87810949
QQQ,5,0.35103929,0.64896071
QQQ,5,0.19201945,0.80798055
QQQ,5,0.13317890,0.86682110
QQQ,5,0.15081057,0.84918943
QQQ,5,0.15793891,0.84206109
QQQ,5,0.12183566,0.87816434
QQQ,5,0.12557617,0.87442383
QQQ,5,0.13949186,0.86050814
QQQ,5,0.12190662,0.87809338
QQQ,5,0.19762913,0.80237087
QQQ,5,0.12653605,0.87346395
QQQ,5,0.12185574,0.87814426
QQQ,5,0.12652583,0.87347417
QQQ,5,0.15239351,0.84760649
QQQ,5,0.16892208,0.83107792
QQQ,5,0.12543790,0.87456210
QQQ,5,0.72416045,0.27583955
QQQ,5,0.12565558,0.87434442
QQQ,5,0.30513833,0.69486167
QQQ,5,0.15858719,0.84141281
QQQ,5,0.12524787,0.87475213
QQQ,5,0.15137331,0.84862669
QQQ,5,0.21236313,0.78763687
QQQ,5,0.23148592,0.76851408
QQQ,5,0.35114189,0.64885811
QQQ,5,0.19843084,0.80156916
QQQ,5,0.12456471,0.87543529
QQQ,5,0.13369473,0.86630527
QQQ,5,0.41036131,0.58963869
QQQ,5,0.12376154,0.87623846
QQQ,5,0.12317730,0.87682270
QQQ,5,0.14610845,0.85389155
QQQ,5,0.12328027,0.87671973
QQQ,5,0.13516857,0.86483143
QQQ,5,0.12197545,0.87802455
QQQ,5,0.12686538,0.87313462
QQQ,5,0.13278842,0.86721158
QQQ,5,0.29387315,0.70612685
QQQ,5,0.29647216,0.70352784
QQQ,5,0.27891931,0.72108069
QQQ,5,0.33707365,0.66292635
QQQ,5,0.13784781,0.86215219
QQQ,5,0.13300077,0.86699923
QQQ,5,0.27561684,0.72438316
QQQ,5,0.13102064,0.86897936
QQQ,5,0.14995278,0.85004722
QQQ,5,0.13375465,0.86624535
QQQ,5,0.12391521,0.87608479
QQQ,5,0.12182916,0.87817084
QQQ,5,0.15872779,0.84127221
QQQ,5,0.12308225,0.87691775
QQQ,5,0.14329105,0.85670895
QQQ,5,0.23575787,0.76424213
QQQ,5,0.12645825,0.87354175
QQQ,5,0.12183863,0.87816137
QQQ,5,0.12227976,0.87772024
QQQ,5,0.12984533,0.87015467
QQQ,5,0.13111819,0.86888181
QQQ,5,0.12242908,0.87757092
QQQ,5,0.18332903,0.81667097
QQQ,5,0.20515988,0.79484012
QQQ,5,0.12558277,0.87441723
QQQ,5,0.23802186,0.76197814
QQQ,5,0.12223004,0.87776996
QQQ,5,0.12398818,0.87601182
QQQ,5,0.13146482,0.86853518
QQQ,5,0.26136677,0.73863323
QQQ,5,0.18948783,0.81051217
QQQ,5,0.13754703,0.86245297
QQQ,5,0.12550797,0.87449203
QQQ,5,0.15754353,0.84245647
QQQ,5,0.12588470,0.87411530
QQQ,5,0.20635489,0.79364511
QQQ,5,0.12510455,0.87489545
QQQ,5,0.29149303,0.70850697
QQQ,5,0.15855649,0.84144351
QQQ,5,0.12238591,0.87761409
QQQ,5,0.21562063,0.78437937
QQQ,5,0.13646872,0.86353128
QQQ,5,0.12668401,0.87331599
QQQ,5,0.12317132,0.87682868
QQQ,5,0.12229153,0.87770847
QQQ,5,0.17266130,0.82733870
QQQ,5,0.12186903,0.87813097
QQQ,5,0.12544678,0.87455322
QQQ,5,0.12416989,0.87583011
QQQ,5,0.12253715,0.87746285
QQQ,5,0.51346602,0.48653398
QQQ,5,0.26896042,0.73103958
QQQ,5,0.16096675,0.83903325
QQQ,5,0.12413040,0.87586960
QQQ,5,0.99990324,0.00009676
QQQ,5,0.33157059,0.66842941
QQQ,5,0.78419021,0.21580979
QQQ,5,0.23176710,0.76823290
QQQ,5,0.92688793,0.07311207
QQQ,5,0.12282860,0.87717140
QQQ,5,0.67105488,0.32894512
QQQ,5,0.12328288,0.87671712
QQQ,5,0.13167770,0.86832230
QQQ,5,0.12907962,0.87092038
QQQ,5,0.99995661,0.00004339
QQQ,5,0.96254770,0.03745230
QQQ,5,0.85866730,0.14133270
QQQ,5,0.62621570,0.37378430
QQQ,5,0.29041271,0.70958729
QQQ,5,0.68584265,0.31415735
QQQ,5,0.32326556,0.67673444
QQQ,5,0.28830542,0.71169458
QQQ,5,0.12555665,0.87444335
QQQ,5,0.15552095,0.84447905
QQQ,5,0.96638641,0.03361359
QQQ,5,0.13289979,0.86710021
QQQ,5,0.35777096,0.64222904
QQQ,5,0.96841354,0.03158646
QQQ,5,0.12317487,0.87682513
QQQ,5,0.17774509,0.82225491
QQQ,5,0.36962409,0.63037591
QQQ,5,0.12819534,0.87180466
QQQ,5,0.98018679,0.01981321
QQQ,5,0.54414266,0.45585734
QQQ,5,0.13693860,0.86306140
QQQ,5,0.16459463,0.83540537
QQQ,5,0.67202987,0.32797013
QQQ,5,0.13128609,0.86871391
QQQ,5,0.97896060,0.02103940
QQQ,5,0.12229735,0.87770265
QQQ,5,0.17270682,0.82729318
QQQ,5,0.46497672,0.53502328
QQQ,5,0.99669972,0.00330028
QQQ,5,0.14481607,0.85518393
QQQ,5,0.98993926,0.01006074
QQQ,5,0.16938164,0.83061836
QQQ,5,0.12508342,0.87491658
QQQ,5,0.17093796,0.82906204
QQQ,5,0.12237000,0.87763000
QQQ,5,0.78306011,0.21693989
QQQ,5,0.76337008,0.23662992
QQQ,5,0.13095786,0.86904214
QQQ,5,0.84132295,0.15867705
QQQ,5,0.36904007,0.63095993
QQQ,5,0.98597061,0.01402939
QQQ,5,0.91334752,0.08665248
QQQ,5,0.99999988,0.00000012
QQQ,5,0.13899191,0.86100809
QQQ,5,0.12366732,0.87633268
QQQ,5,0.17707182,0.82292818
QQQ,5,0.13511365,0.86488635
QQQ,5,0.97250678,0.02749322
QQQ,5,0.99898265,0.00101735
QQQ,5,0.25249968,0.74750032
QQQ,5,0.21653276,0.78346724
QQQ,5,0.18736821,0.81263179
QQQ,5,0.13074680,0.86925320
QQQ,5,0.12531337,0.87468663
QQQ,5,0.17225302,0.82774698
QQQ,5,0.49020639,0.50979361
QQQ,5,0.12200366,0.87799634
QQQ,5,0.17209458,0.82790542
QQQ,5,0.20169710,0.79830290
QQQ,5,0.51137236,0.48862764
QQQ,5,0.12233523,0.87766477
QQQ,5,0.14268605,0.85731395
QQQ,5,0.23645278,0.76354722
QQQ,5,0.22085897,0.77914103
QQQ,5,0.18883744,0.81116256
QQQ,5,0.77255667,0.22744333
QQQ,5,0.35093295,0.64906705
QQQ,5,0.12494558,0.87505442
QQQ,5,0.25805286,0.74194714
QQQ,5,0.18671771,0.81328229
QQQ,5,0.12329814,0.87670186
QQQ,5,0.25681890,0.74318110
QQQ,5,0.12269652,0.87730348
QQQ,5,0.12284632,0.87715368
QQQ,5,0.30617048,0.69382952
QQQ,5,0.12297163,0.87702837
QQQ,5,0.12373920,0.87626080
QQQ,5,0.13437617,0.86562383
QQQ,5,0.12514922,0.87485078
QQQ,5,0.12188375,0.87811625
QQQ,5,0.12913447,0.87086553
QQQ,5,0.15566676,0.84433324
QQQ,5,0.13117825,0.86882175
QQQ,5,0.12323811,0.87676189
QQQ,5,0.12188067,0.87811933
QQQ,5,0.12473978,0.87526022
QQQ,5,0.15204661,0.84795339
QQQ,5,0.12196656,0.87803344
QQQ,5,0.12246724,0.87753276
QQQ,5,0.14094050,0.85905950
QQQ,5,0.24803690,0.75196310
QQQ,5,0.12522662,0.87477338
QQQ,5,0.54150193,0.45849807
QQQ,5,0.14741499,0.85258501
QQQ,5,0.17177157,0.82822843
QQQ,5,0.12222802,0.87777198
QQQ,5,0.18808882,0.81191118
QQQ,5,0.12796362,0.87203638
QQQ,5,0.13151962,0.86848038
QQQ,5,0.13399011,0.86600989
QQQ,5,0.35769754,0.64230246
QQQ,5,0.60281060,0.39718940
QQQ,5,0.12503558,0.87496442
QQQ,5,0.13048844,0.86951156
QQQ,5,0.14833252,0.85166748
QQQ,5,0.12451259,0.87548741
QQQ,5,0.15522665,0.84477335
QQQ,5,0.27551091,0.72448909
QQQ,5,0.13672813,0.86327187
QQQ,5,0.14981635,0.85018365
QQQ,5,0.12192091,0.87807909
QQQ,5,0.14159401,0.85840599
QQQ,5,0.12746012,0.87253988
QQQ,5,0.12735808,0.87264192
QQQ,5,0.13993543,0.86006457
QQQ,5,0.12457365,0.87542635
QQQ,5,0.13383164,0.86616836
QQQ,5,0.12190919,0.87809081
QQQ,5,0.12962293,0.87037707
QQQ,5,0.13045767,0.86954233
QQQ,5,0.12341515,0.87658485
QQQ,5,0.12777593,0.87222407
QQQ,5,0.25660461,0.74339539
QQQ,5,0.12472036,0.87527964
QQQ,5,0.13443982,0.86556018
QQQ,5,0.12267540,0.87732460
QQQ,5,0.12480191,0.87519809
QQQ,5,0.15794118,0.84205882
QQQ,5,0.12944396,0.87055604
QQQ,5,0.13600690,0.86399310
QQQ,5,0.33244998,0.66755002
QQQ,5,0.14073415,0.85926585
QQQ,5,0.52133075,0.47866925
QQQ,5,0.13029439,0.86970561
QQQ,5,0.14866806,0.85133194
QQQ,5,0.12206110,0.87793890
QQQ,5,0.99317895,0.00682105
QQQ,5,0.17227810,0.82772190
QQQ,5,0.25666612,0.74333388
QQQ,5,0.20573214,0.79426786
QQQ,5,0.17880961,0.82119039
QQQ,5,0.41147284,0.58852716
QQQ,5,0.18191818,0.81808182
QQQ,5,0.13474039,0.86525961
QQQ,5,0.33590789,0.66409211
QQQ,5,0.12344939,0.87655061
QQQ,5,0.13533397,0.86466603
QQQ,5,0.17261484,0.82738516
QQQ,5,0.12863754,0.87136246
QQQ,5,0.37760002,0.62239998
QQQ,5,0.71948073,0.28051927
QQQ,5,0.83498436,0.16501564
QQQ,5,0.16000392,0.83999608
QQQ,5,0.18070028,0.81929972
QQQ,5,0.55222061,0.44777939
QQQ,5,0.26145058,0.73854942
QQQ,5,0.12875869,0.87124131
QQQ,5,0.13549941,0.86450059
QQQ,5,0.14471731,0.85528269
QQQ,5,0.13088158,0.86911842
QQQ,5,0.14508094,0.85491906
QQQ,5,0.30814041,0.69185959
QQQ,5,0.13568623,0.86431377
QQQ,5,0.19781610,0.80218390
QQQ,5,0.12200338,0.87799662
QQQ,5,0.12203623,0.87796377
QQQ,5,0.40318293,0.59681707
QQQ,5,0.13017074,0.86982926
QQQ,5,0.12854158,0.87145842
QQQ,5,0.12302632,0.87697368
QQQ,5,0.27552170,0.72447830
QQQ,5,0.13518726,0.86481274
QQQ,5,0.16990522,0.83009478
QQQ,5,0.12261218,0.87738782
QQQ,5,0.14985044,0.85014956
QQQ,5,0.13582650,0.86417350
QQQ,5,0.19185434,0.80814566
QQQ,5,0.12182379,0.87817621
QQQ,5,0.14590512,0.85409488
QQQ,5,0.12960320,0.87039680
QQQ,5,0.13467850,0.86532150
QQQ,5,0.13639283,0.86360717
QQQ,5,0.12210968,0.87789032
QQQ,5,0.15873244,0.84126756
QQQ,5,0.15834397,0.84165603
QQQ,5,0.14916084,0.85083916
QQQ,5,0.15940387,0.84059613
QQQ,5,0.17361573,0.82638427
QQQ,5,0.19471316,0.80528684
QQQ,5,0.12736710,0.87263290
QQQ,5,0.13180145,0.86819855
QQQ,5,0.29252637,0.70747363
QQQ,5,0.14497815,0.85502185
QQQ,5,0.34885082,0.65114918
QQQ,5,0.99637802,0.00362198
QQQ,5,0.20983849,0.79016151
QQQ,5,0.13179810,0.86820190
QQQ,5,0.64673126,0.35326874
QQQ,5,0.16614747,0.83385253
QQQ,5,0.21721136,0.78278864
QQQ,5,0.61040132,0.38959868
QQQ,5,0.94206838,0.05793162
QQQ,5,0.12388672,0.87611328
QQQ,5,0.30637760,0.69362240
QQQ,5,0.36596778,0.63403222
QQQ,5,0.14533248,0.85466752
QQQ,5,0.17799323,0.82200677
QQQ,5,0.12630709,0.87369291
QQQ,5,0.97117503,0.02882497
QQQ,5,0.26532122,0.73467878
QQQ,5,0.12660942,0.87339058
QQQ,5,0.13014465,0.86985535
QQQ,5,0.32998247,0.67001753
QQQ,5,0.12340767,0.87659233
QQQ,5,0.17696054,0.82303946
QQQ,5,0.28429232,0.71570768
QQQ,5,0.47813994,0.52186006
QQQ,5,0.12212522,0.87787478
QQQ,5,0.12261077,0.87738923
QQQ,5,0.12636282,0.87363718
QQQ,5,0.18253986,0.81746014
QQQ,5,0.13533714,0.86466286
QQQ,5,0.12705701,0.87294299
QQQ,5,0.13345848,0.86654152
QQQ,5,0.13390199,0.86609801
QQQ,5,0.12186760,0.87813240
QQQ,5,0.12375010,0.87624990
QQQ,5,0.20281596,0.79718404
QQQ,5,0.12183059,0.87816941
QQQ,5,0.28025844,0.71974156
QQQ,5,0.19743023,0.80256977
QQQ,5,0.13015404,0.86984596
QQQ,5,0.24506633,0.75493367
QQQ,5,0.17279504,0.82720496
QQQ,5,0.16875052,0.83124948
QQQ,5,0.42199696,0.57800304
QQQ,5,0.18575165,0.81424835
QQQ,5,0.29452289,0.70547711
QQQ,5,0.12393705,0.87606295
QQQ,5,0.30749274,0.69250726
QQQ,5,0.17486185,0.82513815
QQQ,5,0.16116473,0.83883527
QQQ,5,0.27516681,0.72483319
QQQ,5,0.12241292,0.87758708
QQQ,5,0.26525484,0.73474516
QQQ,5,0.12297452,0.87702548
QQQ,5,0.12816309,0.87183691
QQQ,5,0.18151140,0.81848860
QQQ,5,0.16984566,0.83015434
QQQ,5,0.16168668,0.83831332
QQQ,5,0.12356431,0.87643569
QQQ,5,0.18508690,0.81491310
QQQ,5,0.16958450,0.83041550
QQQ,5,0.20745668,0.79254332
QQQ,5,0.15104081,0.84895919
QQQ,5,0.13756791,0.86243209
QQQ,5,0.12209593,0.87790407
QQQ,5,0.18220564,0.81779436
QQQ,5,0.15175081,0.84824919
QQQ,5,0.12278508,0.87721492
QQQ,5,0.12357658,0.87642342
QQQ,5,0.12876019,0.87123981
QQQ,5,0.13258311,0.86741689
QQQ,5,0.12231748,0.87768252
QQQ,5,0.12729281,0.87270719
QQQ,5,0.12192153,0.87807847
QQQ,5,0.12203349,0.87796651
QQQ,5,0.15711718,0.84288282
QQQ,5,0.12263486,0.87736514
QQQ,5,0.12391230,0.87608770
QQQ,5,0.14267983,0.85732017
QQQ,5,0.12535992,0.87464008
QQQ,5,0.12189176,0.87810824
QQQ,5,0.22458518,0.77541482
QQQ,5,0.12566559,0.87433441
QQQ,5,0.15916550,0.84083450
QQQ,5,0.13105672,0.86894328
QQQ,5,0.19478770,0.80521230
QQQ,5,0.16941550,0.83058450
QQQ,5,0.13203211,0.86796789
QQQ,5,0.12367327,0.87632673
QQQ,5,0.20644149,0.79355851
QQQ,5,0.13112612,0.86887388
QQQ,5,0.12204258,0.87795742
QQQ,5,0.13886089,0.86113911
QQQ,5,0.16104187,0.83895813
QQQ,5,0.13162453,0.86837547
QQQ,5,0.20280478,0.79719522
QQQ,5,0.12304294,0.87695706
QQQ,5,0.12301620,0.87698380
QQQ,5,0.14922950,0.85077050
QQQ,5,0.13429023,0.86570977
QQQ,5,0.12824879,0.87175121
QQQ,5,0.12237095,0.87762905
QQQ,5,0.17813853,0.82186147
QQQ,5,0.12184135,0.87815865
QQQ,5,0.14553271,0.85446729
QQQ,5,0.12339446,0.87660554
QQQ,5,0.37540720,0.62459280
QQQ,5,0.16642044,0.83357956
QQQ,5,0.15000480,0.84999520
QQQ,5,0.12182315,0.87817685
QQQ,5,0.16160898,0.83839102
QQQ,5,0.17850943,0.82149057
QQQ,5,0.12368952,0.87631048
QQQ,5,0.23090837,0.76909163
QQQ,5,0.12801584,0.87198416
QQQ,5,0.12221908,0.87778092
QQQ,5,0.18689755,0.81310245
QQQ,5,0.14050172,0.85949828
QQQ,5,0.12191145,0.87808855
QQQ,5,0.12699999,0.87300001
QQQ,5,0.12909368,0.87090632
QQQ,5,0.16438512,0.83561488
QQQ,5,0.61089682,0.38910318
QQQ,5,0.27861876,0.72138124
QQQ,5,0.12302460,0.87697540
QQQ,5,0.13152359,0.86847641
QQQ,5,0.34688922,0.65311078
QQQ,5,0.29207657,0.70792343
QQQ,5,0.71046120,0.28953880
QQQ,5,0.13769661,0.86230339
QQQ,5,0.19317058,0.80682942
QQQ,5,0.12863381,0.87136619
QQQ,5,0.24629507,0.75370493
QQQ,5,0.12248520,0.87751480
QQQ,5,0.19812891,0.80187109
QQQ,5,0.12194892,0.87805108
QQQ,5,0.12823269,0.87176731
QQQ,5,0.12217153,0.87782847
QQQ,5,0.18873860,0.81126140
QQQ,5,0.17210276,0.82789724
QQQ,5,0.52207776,0.47792224
QQQ,5,0.99912364,0.00087636
QQQ,5,0.96052905,0.03947095
QQQ,5,0.12304897,0.87695103
QQQ,5,0.99999856,0.00000144
QQQ,5,0.12660461,0.87339539
QQQ,5,0.99996483,0.00003517
QQQ,5,0.95980499,0.04019501
QQQ,5,0.99926589,0.00073411
QQQ,5,0.94609221,0.05390779
QQQ,5,0.40140966,0.59859034
QQQ,5,1.00000000,0.00000000
QQQ,5,0.99996726,0.00003274
QQQ,5,0.99987753,0.00012247
QQQ,5,1.00000000,0.00000000
QQQ,5,1.00000000,0.00000000
QQQ,5,1.00000000,0.00000000
QQQ,5,1.00000000,0.00000000
QQQ,5,0.97826087,0.02173913
QQQ,5,0.13815993,0.86184007
QQQ,5,0.99876813,0.00123187
QQQ,5,0.12604632,0.87395368
QQQ,5,1.00000000,0.00000000
QQQ,5,0.13173722,0.86826278
QQQ,5,0.99999918,0.00000082
QQQ,5,0.97029780,0.02970220
QQQ,5,0.99501732,0.00498268
QQQ,5,0.14955082,0.85044918
QQQ,5,0.99961416,0.00038584
QQQ,5,0.45161368,0.54838632
QQQ,5,0.33759884,0.66240116
QQQ,5,1.00000000,0.00000000
QQQ,5,0.12643813,0.87356187
QQQ,5,0.74559962,0.25440038
QQQ,5,0.13065687,0.86934313
QQQ,5,0.23614618,0.76385382
QQQ,5,0.99983836,0.00016164
QQQ,5,0.16960114,0.83039886
QQQ,5,0.54124420,0.45875580
QQQ,5,0.20693029,0.79306971
QQQ,5,0.19793825,0.80206175
QQQ,5,0.99609357,0.00390643
QQQ,5,0.86980648,0.13019352
QQQ,5,0.12454718,0.87545282
QQQ,5,0.37213652,0.62786348
QQQ,5,0.17557149,0.82442851
QQQ,5,0.45048171,0.54951829
QQQ,5,0.98980581,0.01019419
QQQ,5,0.12229556,0.87770444
QQQ,5,0.88146202,0.11853798
QQQ,5,0.20066588,0.79933412
QQQ,5,0.20398209,0.79601791
QQQ,5,0.15600073,0.84399927
QQQ,5,0.27684543,0.72315457
QQQ,5,0.30602055,0.69397945
QQQ,5,0.20333970,0.79666030
QQQ,5,0.53117637,0.46882363
QQQ,5,0.25866648,0.74133352
QQQ,5,0.19207204,0.80792796
QQQ,5,0.14778788,0.85221212
QQQ,5,0.50348581,0.49651419
QQQ,5,0.12279835,0.87720165
QQQ,5,0.57956617,0.42043383
QQQ,5,0.18447324,0.81552676
QQQ,5,0.13100875,0.86899125
QQQ,5,0.12558311,0.87441689
QQQ,5,0.13976324,0.86023676
QQQ,5,0.12231993,0.87768007
QQQ,5,0.30647232,0.69352768
QQQ,5,0.13082393,0.86917607
QQQ,5,0.15886538,0.84113462
QQQ,5,0.13909455,0.86090545
QQQ,5,0.14717235,0.85282765
QQQ,5,0.53580603,0.46419397
QQQ,5,0.17281648,0.82718352
QQQ,5,0.17156671,0.82843329
QQQ,5,0.25866566,0.74133434
QQQ,5,0.99998910,0.00001090
QQQ,5,0.14401311,0.85598689
QQQ,5,0.20140447,0.79859553
QQQ,5,0.42152607,0.57847393
QQQ,5,0.13476672,0.86523328
QQQ,5,0.12860208,0.87139792
QQQ,5,0.12201852,0.87798148
QQQ,5,0.24120673,0.75879327
QQQ,5,0.18331833,0.81668167
QQQ,5,0.53611411,0.46388589
QQQ,5,0.17590239,0.82409761
QQQ,5,0.76716906,0.23283094
QQQ,5,0.18943811,0.81056189
QQQ,5,0.49780040,0.50219960
QQQ,5,0.24990787,0.75009213
QQQ,5,0.16987489,0.83012511
QQQ,5,0.82047928,0.17952072
QQQ,5,0.13568884,0.86431116
QQQ,5,0.29477877,0.70522123
QQQ,5,0.18280853,0.81719147
QQQ,5,0.16467712,0.83532288
QQQ,5,0.52766112,0.47233888
QQQ,5,0.14715058,0.85284942
QQQ,5,0.12365704,0.87634296
QQQ,5,0.14940786,0.85059214
QQQ,5,0.12229821,0.87770179
QQQ,5,0.89689544,0.10310456
QQQ,5,0.17503663,0.82496337
QQQ,5,0.13261455,0.86738545
QQQ,5,0.85998069,0.14001931
QQQ,5,0.20839729,0.79160271
QQQ,5,0.36607184,0.63392816
QQQ,5,0.25157465,0.74842535
QQQ,5,0.21678213,0.78321787
QQQ,5,0.13843109,0.86156891
QQQ,5,0.46415026,0.53584974
QQQ,5,0.31935714,0.68064286
QQQ,5,0.13933201,0.86066799
QQQ,5,0.13029569,0.86970431
QQQ,5,0.28318982,0.71681018
QQQ,5,0.19985107,0.80014893
QQQ,5,0.13203266,0.86796734
QQQ,5,0.53161798,0.46838202
QQQ,5,0.73618474,0.26381526
QQQ,5,0.12645451,0.87354549
QQQ,5,0.12188821,0.87811179
QQQ,5,0.22828797,0.77171203
QQQ,5,0.19609215,0.80390785
QQQ,5,0.13975818,0.86024182
QQQ,5,0.28858477,0.71141523
QQQ,5,0.15959539,0.84040461
QQQ,5,0.15700457,0.84299543
QQQ,5,0.17439125,0.82560875
QQQ,5,0.65839358,0.34160642
QQQ,5,0.12273114,0.87726886
QQQ,5,0.14545076,0.85454924
QQQ,5,0.17183660,0.82816340
QQQ,5,0.43906010,0.56093990
QQQ,5,0.21264264,0.78735736
QQQ,5,0.99999351,0.00000649
QQQ,5,0.34183329,0.65816671
QQQ,5,0.99999727,0.00000273
QQQ,5,0.80375537,0.19624463
QQQ,5,0.61939091,0.38060909
QQQ,5,0.16664837,0.83335163
QQQ,5,0.35394076,0.64605924
QQQ,5,0.28972952,0.71027048
QQQ,5,0.29974511,0.70025489
QQQ,5,0.35866171,0.64133829
QQQ,5,0.29491445,0.70508555
QQQ,5,0.12524874,0.87475126
QQQ,5,0.43870078,0.56129922
QQQ,5,0.95306451,0.04693549
QQQ,5,0.12928639,0.87071361
QQQ,5,0.65721299,0.34278701
QQQ,5,0.64692874,0.35307126
QQQ,5,0.12467162,0.87532838
QQQ,5,0.15949061,0.84050939
QQQ,5,0.37745188,0.62254812
QQQ,5,0.87967306,0.12032694
QQQ,5,0.57819628,0.42180372
QQQ,5,0.44241222,0.55758778
QQQ,5,0.39419445,0.60580555
QQQ,5,0.14242951,0.85757049
QQQ,5,0.35158256,0.64841744
QQQ,5,0.97245957,0.02754043
QQQ,5,0.12528635,0.87471365
QQQ,5,0.14859405,0.85140595
QQQ,5,0.14930715,0.85069285
QQQ,5,0.14357576,0.85642424
QQQ,5,0.39588753,0.60411247
QQQ,5,0.12217967,0.87782033
QQQ,5,0.12342035,0.87657965
QQQ,5,0.12189437,0.87810563
QQQ,5,0.12369938,0.87630062
QQQ,5,0.32712737,0.67287263
QQQ,5,0.15358805,0.84641195
QQQ,5,0.99881846,0.00118154
QQQ,5,0.32797235,0.67202765
QQQ,5,0.86487441,0.13512559
QQQ,5,0.12222712,0.87777288
QQQ,5,0.36462652,0.63537348
QQQ,5,0.99981240,0.00018760
QQQ,5,0.93289595,0.06710405
QQQ,5,0.13288304,0.86711696
QQQ,5,0.47509720,0.52490280
QQQ,5,0.46335050,0.53664950
QQQ,5,0.59329586,0.40670414
QQQ,5,0.13313900,0.86686100
QQQ,5,0.17861225,0.82138775
QQQ,5,0.16480275,0.83519725
QQQ,5,0.12533575,0.87466425
QQQ,5,0.15223144,0.84776856
QQQ,5,0.15694990,0.84305010
QQQ,5,0.15016110,0.84983890
QQQ,5,0.12182430,0.87817570
QQQ,5,0.27720423,0.72279577
QQQ,5,0.15134254,0.84865746
QQQ,5,0.19673036,0.80326964
QQQ,5,0.12714504,0.87285496
QQQ,5,0.27159748,0.72840252
QQQ,5,0.12536235,0.87463765
QQQ,5,0.12480332,0.87519668
QQQ,5,0.13425373,0.86574627
QQQ,5,0.14501689,0.85498311
QQQ,5,0.13178106,0.86821894
QQQ,5,0.67811534,0.32188466
QQQ,5,0.12712093,0.87287907
QQQ,5,0.12690559,0.87309441
QQQ,5,0.15351917,0.84648083
QQQ,5,0.20908407,0.79091593
QQQ,5,0.14581799,0.85418201
QQQ,5,0.15825761,0.84174239
QQQ,5,0.12467838,0.87532162
QQQ,5,0.12314330,0.87685670
QQQ,5,0.12620964,0.87379036
QQQ,5,0.13666017,0.86333983
QQQ,5,0.13281024,0.86718976
QQQ,5,0.19362697,0.80637303
QQQ,5,0.12331279,0.87668721
QQQ,5,0.12204658,0.87795342
QQQ,5,0.12592107,0.87407893
QQQ,5,0.28567759,0.71432241
QQQ,5,0.15997764,0.84002236
QQQ,5,0.29049200,0.70950800
QQQ,5,0.72643170,0.27356830
QQQ,5,0.27359699,0.72640301
QQQ,5,0.25872059,0.74127941
QQQ,5,0.12305970,0.87694030
QQQ,5,0.14576631,0.85423369
QQQ,5,0.13668610,0.86331390
QQQ,5,0.16340431,0.83659569
QQQ,5,0.27851109,0.72148891
QQQ,5,0.73187776,0.26812224
QQQ,5,0.19090709,0.80909291
QQQ,5,0.12271139,0.87728861
QQQ,5,0.17477876,0.82522124
QQQ,5,0.12478186,0.87521814
QQQ,5,0.89595040,0.10404960
QQQ,5,0.13438655,0.86561345
QQQ,5,0.67028493,0.32971507
QQQ,5,0.73203247,0.26796753
QQQ,5,0.37944782,0.62055218
QQQ,5,0.12548852,0.87451148
QQQ,5,0.24759990,0.75240010
QQQ,5,0.13176767,0.86823233
QQQ,5,0.16130121,0.83869879
QQQ,5,0.12208289,0.87791711
QQQ,5,0.12391468,0.87608532
QQQ,5,0.14131462,0.85868538
QQQ,5,0.14328146,0.85671854
QQQ,5,0.12440205,0.87559795
QQQ,5,0.13489549,0.86510451
QQQ,5,0.13518885,0.86481115
QQQ,5,0.13583765,0.86416235
QQQ,5,0.87219580,0.12780420
QQQ,5,0.13603154,0.86396846
QQQ,5,0.15001486,0.84998514
QQQ,5,0.99291248,0.00708752
QQQ,5,0.12481958,0.87518042
QQQ,5,0.90894668,0.09105332
QQQ,5,0.31403272,0.68596728
QQQ,5,0.93247839,0.06752161
QQQ,5,0.48955420,0.51044580
QQQ,5,0.24809253,0.75190747
QQQ,5,0.92883534,0.07116466
QQQ,5,0.99600171,0.00399829
QQQ,5,0.12467226,0.87532774
QQQ,5,0.75650712,0.24349288
QQQ,5,0.14778444,0.85221556
QQQ,5,0.21418365,0.78581635
QQQ,5,0.14832119,0.85167881
QQQ,5,0.13664508,0.86335492
QQQ,5,0.95293167,0.04706833
QQQ,5,0.12417563,0.87582437
QQQ,5,0.42515312,0.57484688
QQQ,5,0.12932656,0.87067344
QQQ,5,0.37917785,0.62082215
QQQ,5,0.12694516,0.87305484
QQQ,5,0.29013094,0.70986906
QQQ,5,0.12191318,0.87808682
QQQ,5,0.13443279,0.86556721
QQQ,5,0.31786785,0.68213215
QQQ,5,0.42893613,0.57106387
QQQ,5,0.63391495,0.36608505
QQQ,5,0.12302317,0.87697683
QQQ,5,0.12966949,0.87033051
QQQ,5,0.21301685,0.78698315
QQQ,5,0.15395978,0.84604022
QQQ,5,0.12185146,0.87814854
QQQ,5,0.23272193,0.76727807
QQQ,5,0.21719944,0.78280056
QQQ,5,0.32189470,0.67810530
QQQ,5,0.12352184,0.87647816
QQQ,5,0.17108077,0.82891923
QQQ,5,0.15861621,0.84138379
QQQ,5,0.16035088,0.83964912
QQQ,5,0.23195917,0.76804083
QQQ,5,0.23423594,0.76576406
QQQ,5,0.14970637,0.85029363
QQQ,5,0.12954622,0.87045378
QQQ,5,0.12761928,0.87238072
QQQ,5,0.12810680,0.87189320
QQQ,5,0.14788919,0.85211081
QQQ,5,0.14099536,0.85900464
QQQ,5,0.48668973,0.51331027
QQQ,5,0.13573438,0.86426562
QQQ,5,0.14751058,0.85248942
QQQ,5,0.16375961,0.83624039
QQQ,5,0.80650092,0.19349908
QQQ,5,0.12572865,0.87427135
QQQ,5,0.89102942,0.10897058
QQQ,5,0.14337498,0.85662502
QQQ,5,0.60115502,0.39884498
QQQ,5,0.13831088,0.86168912
QQQ,5,0.14579265,0.85420735
QQQ,5,0.12201977,0.87798023
QQQ,5,0.49991699,0.50008301
QQQ,5,0.13304670,0.86695330
QQQ,5,0.40831359,0.59168641
QQQ,5,0.12496634,0.87503366
QQQ,5,0.13355650,0.86644350
QQQ,5,0.12734115,0.87265885
QQQ,5,0.12781606,0.87218394
QQQ,5,0.12744695,0.87255305
QQQ,5,0.12391713,0.87608287
QQQ,5,0.20076268,0.79923732
QQQ,5,0.36865631,0.63134369
QQQ,5,0.12909086,0.87090914
QQQ,5,0.12273575,0.87726425
QQQ,5,0.12204583,0.87795417
QQQ,5,0.20089452,0.79910548
QQQ,5,0.12884258,0.87115742
QQQ,5,0.19666001,0.80333999
QQQ,5,0.14215005,0.85784995
QQQ,5,0.12900898,0.87099102
QQQ,5,0.24221079,0.75778921
QQQ,5,0.15679298,0.84320702
QQQ,5,0.14723962,0.85276038
QQQ,5,0.18271907,0.81728093
QQQ,5,0.12271447,0.87728553
QQQ,5,0.15151190,0.84848810
QQQ,5,0.12215274,0.87784726
QQQ,5,0.24385462,0.75614538
QQQ,5,0.13382905,0.86617095
QQQ,5,0.12217278,0.87782722
QQQ,5,0.12212886,0.87787114
QQQ,5,0.22153800,0.77846200
QQQ,5,0.13792111,0.86207889
QQQ,5,0.12690103,0.87309897
QQQ,5,0.14107370,0.85892630
QQQ,5,0.14543764,0.85456236
QQQ,5,0.13225794,0.86774206
QQQ,5,0.12195910,0.87804090
QQQ,5,0.12430241,0.87569759
QQQ,5,0.15245256,0.84754744
QQQ,5,0.16865602,0.83134398
QQQ,5,0.17669677,0.82330323
QQQ,5,0.20361032,0.79638968
QQQ,5,0.16200093,0.83799907
QQQ,5,0.15650226,0.84349774
QQQ,5,0.24223742,0.75776258
QQQ,5,0.12387946,0.87612054
QQQ,5,0.19646621,0.80353379
QQQ,5,0.12935661,0.87064339
QQQ,5,0.12339663,0.87660337
QQQ,5,0.13704529,0.86295471
QQQ,5,0.12183477,0.87816523
QQQ,5,0.14230536,0.85769464
QQQ,5,0.12365151,0.87634849
QQQ,5,0.15023531,0.84976469
QQQ,5,0.13107942,0.86892058
QQQ,5,0.12407259,0.87592741
QQQ,5,0.13756240,0.86243760
QQQ,5,0.12402128,0.87597872
QQQ,5,0.12841445,0.87158555
QQQ,5,0.12919284,0.87080716
QQQ,5,0.12216102,0.87783898
QQQ,5,0.17277169,0.82722831
QQQ,5,0.19460493,0.80539507
QQQ,5,0.13106334,0.86893666
QQQ,5,0.19344389,0.80655611
QQQ,5,0.33734734,0.66265266
QQQ,5,0.13298375,0.86701625
QQQ,5,0.12443956,0.87556044
QQQ,5,0.14283356,0.85716644
QQQ,5,0.18683854,0.81316146
QQQ,5,0.22432746,0.77567254
QQQ,5,0.12185134,0.87814866
QQQ,5,0.12481755,0.87518245
QQQ,5,0.12185790,0.87814210
QQQ,5,0.12828217,0.87171783
QQQ,5,0.12353899,0.87646101
QQQ,5,0.12817364,0.87182636
QQQ,5,0.12920825,0.87079175
QQQ,5,0.16356545,0.83643455
QQQ,5,0.12281074,0.87718926
QQQ,5,0.12834163,0.87165837
QQQ,5,0.15364986,0.84635014
QQQ,5,0.12227040,0.87772960
QQQ,5,0.22525146,0.77474854
QQQ,5,0.62884762,0.37115238
QQQ,5,0.12196599,0.87803401
QQQ,5,0.16774742,0.83225258
QQQ,5,0.18284735,0.81715265
QQQ,5,0.12340580,0.87659420
QQQ,5,0.15969544,0.84030456
QQQ,5,0.92896259,0.07103741
QQQ,5,0.12905353,0.87094647
QQQ,5,0.13809003,0.86190997
QQQ,5,0.13983755,0.86016245
QQQ,5,0.62369202,0.37630798
QQQ,5,0.23535377,0.76464623
QQQ,5,0.14612372,0.85387628
QQQ,5,0.18960691,0.81039309
QQQ,5,0.13167336,0.86832664
QQQ,5,0.15960894,0.84039106
QQQ,5,0.13064654,0.86935346
QQQ,5,0.15821586,0.84178414
QQQ,5,0.47132725,0.52867275
QQQ,5,0.15895730,0.84104270
QQQ,5,0.21627518,0.78372482
QQQ,5,0.17333442,0.82666558
QQQ,5,0.12182786,0.87817214
QQQ,5,0.15113716,0.84886284
QQQ,5,0.16299928,0.83700072
QQQ,5,0.19521845,0.80478155
QQQ,5,0.12913781,0.87086219
QQQ,5,0.12671255,0.87328745
QQQ,5,0.22163975,0.77836025
QQQ,5,0.14185910,0.85814090
QQQ,5,0.13346756,0.86653244
QQQ,5,0.13603454,0.86396546
QQQ,5,0.21419035,0.78580965
QQQ,5,0.27960889,0.72039111
QQQ,5,0.12500194,0.87499806
QQQ,5,0.12195133,0.87804867
QQQ,5,0.14973534,0.85026466
QQQ,5,0.32234959,0.67765041
QQQ,5,0.12356122,0.87643878
QQQ,5,0.18998597,0.81001403
QQQ,5,0.12184778,0.87815222
QQQ,5,0.15789704,0.84210296
QQQ,5,0.12234317,0.87765683
QQQ,5,0.20692034,0.79307966
QQQ,5,0.14776284,0.85223716
QQQ,5,0.20782408,0.79217592
QQQ,5,0.13547139,0.86452861
QQQ,5,0.12571913,0.87428087
QQQ,5,0.50804528,0.49195472
QQQ,5,0.57393747,0.42606253
QQQ,5,0.30608988,0.69391012
QQQ,5,0.41549437,0.58450563
QQQ,5,0.14237039,0.85762961
QQQ,5,0.45871303,0.54128697
QQQ,5,0.15516138,0.84483862
QQQ,5,0.93367769,0.06632231
QQQ,5,0.14539514,0.85460486
QQQ,5,0.26064785,0.73935215
QQQ,5,0.20182668,0.79817332
QQQ,5,0.29582817,0.70417183
QQQ,5,0.20371084,0.79628916
QQQ,5,0.62541373,0.37458627
QQQ,5,0.82969559,0.17030441
QQQ,5,0.14113008,0.85886992
QQQ,5,0.21418807,0.78581193
QQQ,5,0.60330074,0.39669926
QQQ,5,0.25559311,0.74440689
QQQ,5,0.17413489,0.82586511
QQQ,5,0.42904748,0.57095252
QQQ,5,0.12759684,0.87240316
QQQ,5,0.12219869,0.87780131
QQQ,5,0.12638476,0.87361524
QQQ,5,0.14705105,0.85294895
QQQ,5,0.18068319,0.81931681
QQQ,5,0.25555849,0.74444151
QQQ,5,0.96975800,0.03024200
QQQ,5,0.12726910,0.87273090
QQQ,5,0.24789830,0.75210170
QQQ,5,0.12195402,0.87804598
QQQ,5,0.28934151,0.71065849
QQQ,5,0.13312589,0.86687411
QQQ,5,0.78362649,0.21637351
QQQ,5,0.13752490,0.86247510
QQQ,5,0.84144838,0.15855162
QQQ,5,0.24269211,0.75730789
QQQ,5,0.31814257,0.68185743
QQQ,5,0.94936936,0.05063064
QQQ,5,0.12432204,0.87567796
QQQ,5,0.80970434,0.19029566
QQQ,5,0.12850486,0.87149514
QQQ,5,0.22358247,0.77641753
QQQ,5,0.94214643,0.05785357
QQQ,5,0.97858087,0.02141913
QQQ,5,0.18651085,0.81348915
QQQ,5,0.19924831,0.80075169
QQQ,5,0.99881742,0.00118258
QQQ,5,0.21573675,0.78426325
QQQ,5,0.17435001,0.82564999
QQQ,5,0.20708843,0.79291157
QQQ,5,0.61723903,0.38276097
QQQ,5,0.64096179,0.35903821
QQQ,5,0.97598725,0.02401275
QQQ,5,0.12291450,0.87708550
QQQ,5,0.71307710,0.28692290
QQQ,5,0.12217528,0.87782472
QQQ,5,0.94080559,0.05919441
QQQ,5,0.26295269,0.73704731
QQQ,5,0.23282357,0.76717643
QQQ,5,0.88832101,0.11167899
QQQ,5,0.95911593,0.04088407
QQQ,5,0.33860276,0.66139724
QQQ,5,0.13592767,0.86407233
QQQ,5,0.29716031,0.70283969
QQQ,5,0.36185995,0.63814005
QQQ,5,0.27648075,0.72351925
QQQ,5,0.30993646,0.69006354
QQQ,5,0.99810044,0.00189956
QQQ,5,0.16165741,0.83834259
QQQ,5,0.98235813,0.01764187
QQQ,5,0.19663235,0.80336765
QQQ,5,0.57353168,0.42646832
QQQ,5,0.60522461,0.39477539
QQQ,5,0.92707151,0.07292849
QQQ,5,0.99624262,0.00375738
QQQ,5,0.32065656,0.67934344
QQQ,5,0.70068746,0.29931254
QQQ,5,0.12196098,0.87803902
QQQ,5,0.60694128,0.39305872
QQQ,5,0.24996648,0.75003352
QQQ,5,0.67524845,0.32475155
QQQ,5,0.12186038,0.87813962
QQQ,5,0.36738303,0.63261697
QQQ,5,0.46514805,0.53485195
QQQ,5,0.18371444,0.81628556
QQQ,5,0.22902747,0.77097253
QQQ,5,0.12638288,0.87361712
QQQ,5,0.53949868,0.46050132
QQQ,5,0.63003724,0.36996276
QQQ,5,0.68668761,0.31331239
QQQ,5,0.12185431,0.87814569
QQQ,5,0.32820565,0.67179435
QQQ,5,0.80269854,0.19730146
QQQ,5,0.14981627,0.85018373
QQQ,5,0.46238692,0.53761308
QQQ,5,0.69256545,0.30743455
QQQ,5,0.12182314,0.87817686
QQQ,5,0.60931729,0.39068271
QQQ,5,0.27701412,0.72298588
QQQ,5,0.58488827,0.41511173
QQQ,5,0.91626315,0.08373685
QQQ,5,0.19627467,0.80372533
QQQ,5,0.99831084,0.00168916
QQQ,5,0.12924813,0.87075187
QQQ,5,0.97984062,0.02015938
QQQ,5,0.99987720,0.00012280
QQQ,5,0.33605950,0.66394050
QQQ,5,0.12182391,0.87817609
QQQ,5,0.98478835,0.01521165
QQQ,5,0.99998773,0.00001227
QQQ,5,0.28189172,0.71810828
QQQ,5,0.99958034,0.00041966
QQQ,5,0.17256579,0.82743421
QQQ,5,0.96826330,0.03173670
QQQ,5,0.13591362,0.86408638
QQQ,5,0.98952670,0.01047330
QQQ,5,0.20212626,0.79787374
QQQ,5,0.86398155,0.13601845
QQQ,5,0.99998635,0.00001365
QQQ,5,0.15342599,0.84657401
QQQ,5,0.13757978,0.86242022
QQQ,5,0.33225267,0.66774733
QQQ,5,0.59636874,0.40363126
QQQ,5,0.25293277,0.74706723
QQQ,5,0.88893391,0.11106609
QQQ,5,0.98722294,0.01277706
QQQ,5,0.12212489,0.87787511
QQQ,5,0.14261791,0.85738209
QQQ,5,0.88960212,0.11039788
QQQ,5,0.79276359,0.20723641
QQQ,5,0.12833826,0.87166174
QQQ,5,0.16286814,0.83713186
QQQ,5,0.15221215,0.84778785
QQQ,5,0.87984243,0.12015757
QQQ,5,0.99715329,0.00284671
QQQ,5,0.99999478,0.00000522
QQQ,5,0.12710260,0.87289740
QQQ,5,0.64273285,0.35726715
QQQ,5,0.99923024,0.00076976
QQQ,5,0.19625395,0.80374605
QQQ,5,0.73938097,0.26061903
QQQ,5,0.12182681,0.87817319
QQQ,5,0.36049664,0.63950336
QQQ,5,0.98901293,0.01098707
QQQ,5,0.13384061,0.86615939
QQQ,5,0.93652976,0.06347024
QQQ,5,0.12202243,0.87797757
QQQ,5,0.27528360,0.72471640
QQQ,5,0.14236411,0.85763589
QQQ,5,0.37840772,0.62159228
QQQ,5,0.15477478,0.84522522
QQQ,5,0.67867079,0.32132921
QQQ,5,0.12695117,0.87304883
QQQ,5,0.56320978,0.43679022
QQQ,5,0.19901950,0.80098050
QQQ,5,0.12871496,0.87128504
QQQ,5,0.12677566,0.87322434
QQQ,5,0.43746224,0.56253776
QQQ,5,0.16010013,0.83989987
QQQ,5,0.95757848,0.04242152
QQQ,5,0.41668364,0.58331636
QQQ,5,0.38380595,0.61619405
QQQ,5,0.33981133,0.66018867
QQQ,5,0.14196944,0.85803056
QQQ,5,0.56860240,0.43139760
QQQ,5,0.99880307,0.00119693
QQQ,5,0.21362026,0.78637974
QQQ,5,0.55205262,0.44794738
QQQ,5,0.12287213,0.87712787
QQQ,5,0.12405185,0.87594815
QQQ,5,0.89426353,0.10573647
QQQ,5,0.14677419,0.85322581
QQQ,5,0.14884906,0.85115094
QQQ,5,0.12750384,0.87249616
QQQ,5,0.22678368,0.77321632
QQQ,5,0.87774605,0.12225395
QQQ,5,0.13533603,0.86466397
QQQ,5,0.54830692,0.45169308
QQQ,5,0.18031306,0.81968694
QQQ,5,0.12240714,0.87759286
QQQ,5,0.20477926,0.79522074
QQQ,5,0.12379304,0.87620696
QQQ,5,0.54287968,0.45712032
QQQ,5,0.90313810,0.09686190
QQQ,5,0.12850766,0.87149234
QQQ,5,0.12262370,0.87737630
QQQ,5,0.40640095,0.59359905
QQQ,5,0.99927840,0.00072160
QQQ,5,0.22684539,0.77315461
QQQ,5,0.27078381,0.72921619
QQQ,5,0.15792070,0.84207930
QQQ,5,0.12209222,0.87790778
QQQ,5,0.32740524,0.67259476
QQQ,5,0.16770961,0.83229039
QQQ,5,0.48519308,0.51480692
QQQ,5,0.14198335,0.85801665
QQQ,5,0.69406204,0.30593796
QQQ,5,0.26950171,0.73049829
QQQ,5,0.99999934,0.00000066
QQQ,5,0.14301366,0.85698634
QQQ,5,0.47717024,0.52282976
QQQ,5,0.15629301,0.84370699
QQQ,5,0.14843724,0.85156276
QQQ,5,0.17290402,0.82709598
QQQ,5,0.46140967,0.53859033
QQQ,5,0.28428783,0.71571217
QQQ,5,0.45290631,0.54709369
QQQ,5,0.14377289,0.85622711
QQQ,5,0.12242740,0.87757260
QQQ,5,0.49652581,0.50347419
QQQ,5,0.91849183,0.08150817
QQQ,5,0.44992619,0.55007381
QQQ,5,0.61029369,0.38970631
QQQ,5,0.96479686,0.03520314
QQQ,5,0.12435744,0.87564256
QQQ,5,0.14913848,0.85086152
QQQ,5,0.99807109,0.00192891
QQQ,5,0.23727350,0.76272650
QQQ,5,0.35947620,0.64052380
QQQ,5,0.12487986,0.87512014
QQQ,5,0.65895980,0.34104020
QQQ,5,0.94781538,0.05218462
QQQ,5,0.96975177,0.03024823
QQQ,5,0.17064529,0.82935471
QQQ,5,0.12416286,0.87583714
QQQ,5,0.13354916,0.86645084
QQQ,5,0.69764550,0.30235450
QQQ,5,0.24223372,0.75776628
QQQ,5,0.66845886,0.33154114
QQQ,5,0.57037006,0.42962994
QQQ,5,0.46764494,0.53235506
QQQ,5,0.92459348,0.07540652
QQQ,5,0.20987514,0.79012486
QQQ,5,0.18863702,0.81136298
QQQ,5,0.99361690,0.00638310
QQQ,5,0.67976033,0.32023967
QQQ,5,0.26587034,0.73412966
QQQ,5,0.19589824,0.80410176
QQQ,5,0.16392443,0.83607557
QQQ,5,0.69570300,0.30429700
QQQ,5,1.00000000,0.00000000
QQQ,5,0.63760160,0.36239840
QQQ,5,0.13463716,0.86536284
QQQ,5,0.32563981,0.67436019
QQQ,5,0.25410536,0.74589464
QQQ,5,0.12327523,0.87672477
QQQ,5,0.12190796,0.87809204
QQQ,5,0.20478471,0.79521529
QQQ,5,0.27912044,0.72087956
QQQ,5,0.19557365,0.80442635
QQQ,5,0.14087384,0.85912616
QQQ,5,0.30471617,0.69528383
QQQ,5,0.17201274,0.82798726
QQQ,5,0.99976586,0.00023414
QQQ,5,0.12811995,0.87188005
QQQ,5,0.12446078,0.87553922
QQQ,5,0.38391019,0.61608981
QQQ,5,0.65106076,0.34893924
QQQ,5,0.14165567,0.85834433
QQQ,5,0.19756394,0.80243606
QQQ,5,0.14781925,0.85218075
QQQ,5,0.23931278,0.76068722
QQQ,5,0.21201442,0.78798558
QQQ,5,0.14694473,0.85305527
QQQ,5,0.98582643,0.01417357
QQQ,5,0.22619762,0.77380238
QQQ,5,0.36720085,0.63279915
QQQ,5,0.12554064,0.87445936
QQQ,5,0.26431740,0.73568260
QQQ,5,0.79116511,0.20883489
QQQ,5,0.12279603,0.87720397
QQQ,5,0.32835914,0.67164086
QQQ,5,0.29684865,0.70315135
QQQ,5,0.69499840,0.30500160
QQQ,5,0.12188626,0.87811374
QQQ,5,0.14412445,0.85587555
QQQ,5,0.13392034,0.86607966
QQQ,5,0.35119152,0.64880848
QQQ,5,0.87063185,0.12936815
QQQ,5,0.15629918,0.84370082
QQQ,5,0.18945795,0.81054205
QQQ,5,0.46248794,0.53751206
QQQ,5,0.15222855,0.84777145
QQQ,5,0.16987424,0.83012576
QQQ,5,0.12742747,0.87257253
QQQ,5,0.24140328,0.75859672
QQQ,5,0.19626877,0.80373123
QQQ,5,0.84458407,0.15541593
QQQ,5,0.70868176,0.29131824
QQQ,5,0.12186271,0.87813729
QQQ,5,0.12252118,0.87747882
QQQ,5,0.52423010,0.47576990
QQQ,5,0.21803974,0.78196026
QQQ,5,0.48501220,0.51498780
QQQ,5,0.30142050,0.69857950
QQQ,5,0.62192583,0.37807417
QQQ,5,0.99605414,0.00394586
QQQ,5,0.31084118,0.68915882
QQQ,5,0.16022772,0.83977228
QQQ,5,0.55269172,0.44730828
QQQ,5,0.39952504,0.60047496
QQQ,5,0.17466320,0.82533680
QQQ,5,0.16274767,0.83725233
QQQ,5,0.31584199,0.68415801
QQQ,5,0.16335645,0.83664355
QQQ,5,0.16970742,0.83029258
QQQ,5,0.44991456,0.55008544
QQQ,5,0.16023581,0.83976419
QQQ,5,0.80262234,0.19737766
QQQ,5,0.12255588,0.87744412
QQQ,5,0.15803793,0.84196207
QQQ,5,0.40029935,0.59970065
QQQ,5,0.14728218,0.85271782
QQQ,5,0.12372773,0.87627227
QQQ,5,0.16434182,0.83565818
QQQ,5,0.16202756,0.83797244
QQQ,5,0.57194208,0.42805792
QQQ,5,0.12592808,0.87407192
QQQ,5,0.21657983,0.78342017
QQQ,5,0.13480199,0.86519801
QQQ,5,0.42463021,0.57536979
QQQ,5,0.31612943,0.68387057
QQQ,5,0.14251859,0.85748141
QQQ,5,0.66458679,0.33541321
QQQ,5,0.14947416,0.85052584
QQQ,5,0.88657021,0.11342979
QQQ,5,0.12629435,0.87370565
QQQ,5,0.13600453,0.86399547
QQQ,5,0.31571039,0.68428961
QQQ,5,0.24637779,0.75362221
QQQ,5,0.23259664,0.76740336
QQQ,5,0.13095963,0.86904037
QQQ,5,0.14593328,0.85406672
QQQ,5,0.13914874,0.86085126
QQQ,5,0.42032968,0.57967032
QQQ,5,0.19732861,0.80267139
QQQ,5,0.43736909,0.56263091
QQQ,5,0.12226952,0.87773048
QQQ,5,0.12559264,0.87440736
QQQ,5,0.18808488,0.81191512
QQQ,5,0.14581215,0.85418785
QQQ,5,0.12199082,0.87800918
QQQ,5,0.14741596,0.85258404
QQQ,5,0.18129962,0.81870038
QQQ,5,0.47252682,0.52747318
QQQ,5,0.12269283,0.87730717
QQQ,5,0.12307282,0.87692718
QQQ,5,0.12184526,0.87815474
QQQ,5,0.12192589,0.87807411
QQQ,5,0.15815274,0.84184726
QQQ,5,0.12201164,0.87798836
QQQ,5,0.12517434,0.87482566
QQQ,5,0.50984704,0.49015296
QQQ,5,0.13599039,0.86400961
QQQ,5,0.85225735,0.14774265
QQQ,5,0.16913181,0.83086819
QQQ,5,0.12194002,0.87805998
QQQ,5,0.16730058,0.83269942
QQQ,5,0.15103197,0.84896803
QQQ,5,0.13144477,0.86855523
QQQ,5,0.57481403,0.42518597
QQQ,5,0.12845213,0.87154787
QQQ,5,0.13999152,0.86000848
QQQ,5,0.20764075,0.79235925
QQQ,5,0.13012139,0.86987861
QQQ,5,0.12629053,0.87370947
QQQ,5,0.14057382,0.85942618
QQQ,5,0.12285368,0.87714632
QQQ,5,0.24354329,0.75645671
QQQ,5,0.51002644,0.48997356
QQQ,5,0.12204763,0.87795237
QQQ,5,0.13325715,0.86674285
QQQ,5,0.23985028,0.76014972
QQQ,5,0.14049367,0.85950633
QQQ,5,0.73151312,0.26848688
QQQ,5,0.85204082,0.14795918
QQQ,5,0.15303734,0.84696266
QQQ,5,0.13172652,0.86827348
QQQ,5,0.23022322,0.76977678
QQQ,5,0.16887159,0.83112841
QQQ,5,0.12392604,0.87607396
QQQ,5,0.12192286,0.87807714
QQQ,5,0.39876252,0.60123748
QQQ,5,0.22263337,0.77736663
QQQ,5,0.13049153,0.86950847
QQQ,5,0.41401991,0.58598009
QQQ,5,0.17547541,0.82452459
QQQ,5,0.16954006,0.83045994
QQQ,5,0.25947634,0.74052366
QQQ,5,0.13724628,0.86275372
QQQ,5,0.12227898,0.87772102
QQQ,5,0.28057317,0.71942683
QQQ,5,0.21019835,0.78980165
QQQ,5,0.19082847,0.80917153
QQQ,5,0.28149254,0.71850746
QQQ,5,0.35378146,0.64621854
QQQ,5,0.12432534,0.87567466
QQQ,5,0.12272518,0.87727482
QQQ,5,0.33322981,0.66677019
QQQ,5,0.12766030,0.87233970
QQQ,5,0.12240436,0.87759564
QQQ,5,0.15628431,0.84371569
QQQ,5,0.12976776,0.87023224
QQQ,5,0.12182396,0.87817604
QQQ,5,0.13526127,0.86473873
QQQ,5,0.25137712,0.74862288
QQQ,5,0.43222125,0.56777875
QQQ,5,0.12294688,0.87705312
QQQ,5,0.19836726,0.80163274
QQQ,5,0.17845342,0.82154658
QQQ,5,0.12231984,0.87768016
QQQ,5,0.69222630,0.30777370
QQQ,5,0.13226318,0.86773682
QQQ,5,0.12195861,0.87804139
QQQ,5,0.14799269,0.85200731
QQQ,5,0.12746476,0.87253524
QQQ,5,0.12554878,0.87445122
QQQ,5,0.43970338,0.56029662
QQQ,5,0.12306065,0.87693935
QQQ,5,0.12301782,0.87698218
QQQ,5,0.66274856,0.33725144
QQQ,5,0.12672279,0.87327721
QQQ,5,0.14176199,0.85823801
QQQ,5,0.16108655,0.83891345
QQQ,5,0.17028227,0.82971773
QQQ,5,0.22129319,0.77870681
QQQ,5,0.12228949,0.87771051
QQQ,5,0.15274619,0.84725381
QQQ,5,0.20631511,0.79368489
QQQ,5,0.20129571,0.79870429
QQQ,5,0.21021230,0.78978770
QQQ,5,0.23169231,0.76830769
QQQ,5,0.12564955,0.87435045
QQQ,5,0.33072917,0.66927083
QQQ,5,0.12233706,0.87766294
QQQ,5,0.36268445,0.63731555
QQQ,5,0.58612160,0.41387840
QQQ,5,0.15636799,0.84363201
QQQ,5,0.15679626,0.84320374
QQQ,5,0.66725589,0.33274411
QQQ,5,0.15635850,0.84364150
QQQ,5,0.13280394,0.86719606
QQQ,5,0.12183603,0.87816397
QQQ,5,0.12345880,0.87654120
QQQ,5,0.17051740,0.82948260
QQQ,5,0.15919099,0.84080901
QQQ,5,0.12204375,0.87795625
QQQ,5,0.21782136,0.78217864
QQQ,5,0.20317705,0.79682295
QQQ,5,0.12952713,0.87047287
QQQ,5,0.16368389,0.83631611
QQQ,5,0.38789947,0.61210053
QQQ,5,0.12200354,0.87799646
QQQ,5,0.12664996,0.87335004
QQQ,5,0.31236135,0.68763865
QQQ,5,0.52046782,0.47953218
QQQ,5,0.12376321,0.87623679
QQQ,5,0.12977440,0.87022560
QQQ,5,0.33041135,0.66958865
QQQ,5,0.12298731,0.87701269
QQQ,5,0.15991367,0.84008633
QQQ,5,0.12254209,0.87745791
QQQ,5,0.17357317,0.82642683
QQQ,5,0.41051586,0.58948414
QQQ,5,0.25793893,0.74206107
QQQ,5,0.12640504,0.87359496
QQQ,5,0.39514930,0.60485070
QQQ,5,0.14504599,0.85495401
QQQ,5,0.14818136,0.85181864
QQQ,5,0.16492502,0.83507498
QQQ,5,0.12597694,0.87402306
QQQ,5,0.23796838,0.76203162
QQQ,5,0.20293387,0.79706613
QQQ,5,0.12782419,0.87217581
QQQ,5,0.25843406,0.74156594
QQQ,5,0.19747964,0.80252036
QQQ,5,0.37090289,0.62909711
QQQ,5,0.12332947,0.87667053
QQQ,5,0.17553374,0.82446626
QQQ,5,0.78599133,0.21400867
QQQ,5,0.57071281,0.42928719
QQQ,5,0.12559728,0.87440272
QQQ,5,0.19784795,0.80215205
QQQ,5,0.13894252,0.86105748
QQQ,5,0.43184598,0.56815402
QQQ,5,0.50773535,0.49226465
QQQ,5,0.27894732,0.72105268
QQQ,5,0.14449997,0.85550003
QQQ,5,0.20451834,0.79548166
QQQ,5,0.12387976,0.87612024
QQQ,5,0.15239600,0.84760400
QQQ,5,0.66596376,0.33403624
QQQ,5,0.12439960,0.87560040
QQQ,5,0.66734881,0.33265119
QQQ,5,0.12448380,0.87551620
QQQ,5,0.12398816,0.87601184
QQQ,5,0.12227085,0.87772915
QQQ,5,0.23970454,0.76029546
QQQ,5,0.13631748,0.86368252
QQQ,5,0.13321726,0.86678274
QQQ,5,0.12273629,0.87726371
QQQ,5,0.12216599,0.87783401
QQQ,5,0.12599935,0.87400065
QQQ,5,0.12232099,0.87767901
QQQ,5,0.12529909,0.87470091
QQQ,5,0.12606917,0.87393083
QQQ,5,0.18159846,0.81840154
QQQ,5,0.12439151,0.87560849
QQQ,5,0.14503665,0.85496335
QQQ,5,0.27247551,0.72752449
QQQ,5,0.13698207,0.86301793
QQQ,5,0.18081902,0.81918098
QQQ,5,0.17502679,0.82497321
QQQ,5,0.27502183,0.72497817
QQQ,5,0.12199760,0.87800240
QQQ,5,0.14129954,0.85870046
QQQ,5,0.15201129,0.84798871
QQQ,5,0.14315723,0.85684277
QQQ,5,0.29287402,0.70712598
QQQ,5,0.21287136,0.78712864
QQQ,5,0.12337797,0.87662203
QQQ,5,0.14957219,0.85042781
QQQ,5,0.12577532,0.87422468
QQQ,5,0.12183520,0.87816480
QQQ,5,0.13162896,0.86837104
QQQ,5,0.41196504,0.58803496
QQQ,5,0.22717891,0.77282109
QQQ,5,0.14974166,0.85025834
QQQ,5,0.12182741,0.87817259
QQQ,5,0.54763958,0.45236042
QQQ,5,0.12665733,0.87334267
QQQ,5,0.16072219,0.83927781
QQQ,5,0.12656854,0.87343146
QQQ,5,0.12257661,0.87742339
QQQ,5,0.12190518,0.87809482
QQQ,5,0.14083352,0.85916648
QQQ,5,0.28312088,0.71687912
QQQ,5,0.56134464,0.43865536
QQQ,5,0.12719296,0.87280704
QQQ,5,0.13929678,0.86070322
QQQ,5,0.14584172,0.85415828
QQQ,5,0.12427859,0.87572141
QQQ,5,0.13952841,0.86047159
QQQ,5,0.19353887,0.80646113
QQQ,5,0.14666231,0.85333769
QQQ,5,0.53472549,0.46527451
QQQ,5,0.19983160,0.80016840
QQQ,5,0.37487661,0.62512339
QQQ,5,0.12182411,0.87817589
QQQ,5,0.12284536,0.87715464
QQQ,5,0.19619277,0.80380723
QQQ,5,0.12571251,0.87428749
QQQ,5,0.20229752,0.79770248
QQQ,5,0.12768296,0.87231704
QQQ,5,0.33552687,0.66447313
QQQ,5,0.19353516,0.80646484
QQQ,5,0.12673992,0.87326008
QQQ,5,0.17177472,0.82822528
QQQ,5,0.16355147,0.83644853
QQQ,5,0.13666057,0.86333943
QQQ,5,0.91485324,0.08514676
QQQ,5,0.12338980,0.87661020
QQQ,5,0.12193907,0.87806093
QQQ,5,0.12573965,0.87426035
QQQ,5,0.13790766,0.86209234
QQQ,5,0.17224202,0.82775798
QQQ,5,0.32734219,0.67265781
QQQ,5,0.12519102,0.87480898
QQQ,5,0.42314137,0.57685863
QQQ,5,0.13911171,0.86088829
QQQ,5,0.31067808,0.68932192
QQQ,5,0.27307910,0.72692090
QQQ,5,0.13101075,0.86898925
QQQ,5,0.26985693,0.73014307
QQQ,5,0.15466665,0.84533335
QQQ,5,0.12490915,0.87509085
QQQ,5,0.24335261,0.75664739
QQQ,5,0.17219684,0.82780316
QQQ,5,0.12560934,0.87439066
QQQ,5,0.23502782,0.76497218
QQQ,5,0.14093766,0.85906234
QQQ,5,0.12403490,0.87596510
QQQ,5,0.12731211,0.87268789
QQQ,5,0.12796694,0.87203306
QQQ,5,0.12800932,0.87199068
QQQ,5,0.12372326,0.87627674
QQQ,5,0.12442908,0.87557092
QQQ,5,0.17241086,0.82758914
QQQ,5,0.12373143,0.87626857
QQQ,5,0.34405622,0.65594378
QQQ,5,0.20739441,0.79260559
QQQ,5,0.12185641,0.87814359
QQQ,5,0.13114967,0.86885033
QQQ,5,0.16973440,0.83026560
QQQ,5,0.33645223,0.66354777
QQQ,5,0.33482838,0.66517162
QQQ,5,0.39514464,0.60485536
QQQ,5,0.12294321,0.87705679
QQQ,5,0.26627623,0.73372377
QQQ,5,0.14971935,0.85028065
QQQ,5,0.66468956,0.33531044
QQQ,5,0.16626417,0.83373583
QQQ,5,0.29456623,0.70543377
QQQ,5,0.13245849,0.86754151
QQQ,5,0.13146294,0.86853706
QQQ,5,0.33041409,0.66958591
QQQ,5,0.13693934,0.86306066
QQQ,5,0.44601699,0.55398301
QQQ,5,0.16320971,0.83679029
QQQ,5,0.22152464,0.77847536
QQQ,5,0.56021110,0.43978890
QQQ,5,0.24334653,0.75665347
QQQ,5,0.12343296,0.87656704
QQQ,5,0.12186009,0.87813991
QQQ,5,0.12582250,0.87417750
QQQ,5,0.12629705,0.87370295
QQQ,5,0.12598581,0.87401419
QQQ,5,0.15034526,0.84965474
QQQ,5,0.35978294,0.64021706
QQQ,5,0.12216642,0.87783358
QQQ,5,0.12186541,0.87813459
QQQ,5,0.15474643,0.84525357
QQQ,5,0.12543877,0.87456123
QQQ,5,0.12191210,0.87808790
QQQ,5,0.13325010,0.86674990
QQQ,5,0.18054333,0.81945667
QQQ,5,0.13239329,0.86760671
QQQ,5,0.14833448,0.85166552
QQQ,5,0.20909978,0.79090022
QQQ,5,0.12625228,0.87374772
QQQ,5,0.13564874,0.86435126
QQQ,5,0.12637910,0.87362090
QQQ,5,0.56042832,0.43957168
QQQ,5,0.12227302,0.87772698
QQQ,5,0.12182827,0.87817173
QQQ,5,0.13331289,0.86668711
QQQ,5,0.15528945,0.84471055
QQQ,5,0.28113296,0.71886704
QQQ,5,0.14887564,0.85112436
QQQ,5,0.14616867,0.85383133
QQQ,5,0.25881971,0.74118029
QQQ,5,0.12313999,0.87686001
QQQ,5,0.15222835,0.84777165
QQQ,5,0.12654566,0.87345434
QQQ,5,0.22891099,0.77108901
QQQ,5,0.20373043,0.79626957
QQQ,5,0.12437165,0.87562835
QQQ,5,0.12697313,0.87302687
QQQ,5,0.13645071,0.86354929
QQQ,5,0.14171705,0.85828295
QQQ,5,0.20583283,0.79416717
QQQ,5,0.17930759,0.82069241
QQQ,5,0.22014613,0.77985387
QQQ,5,0.12917061,0.87082939
QQQ,5,0.12363033,0.87636967
QQQ,5,0.20881923,0.79118077
QQQ,5,0.62330403,0.37669597
QQQ,5,0.13861033,0.86138967
QQQ,5,0.12459592,0.87540408
QQQ,5,0.12199634,0.87800366
QQQ,5,0.94226544,0.05773456
QQQ,5,0.14948710,0.85051290
QQQ,5,0.20156766,0.79843234
QQQ,5,0.27576700,0.72423300
QQQ,5,0.12863763,0.87136237
QQQ,5,0.99499515,0.00500485
QQQ,5,0.26450027,0.73549973
QQQ,5,0.16190079,0.83809921
QQQ,5,0.12338578,0.87661422
QQQ,5,0.27813966,0.72186034
QQQ,5,0.91196249,0.08803751
QQQ,5,0.73817168,0.26182832
QQQ,5,0.76815600,0.23184400
QQQ,5,0.97689935,0.02310065
QQQ,5,0.14698623,0.85301377
QQQ,5,0.23289986,0.76710014
QQQ,5,0.93193249,0.06806751
QQQ,5,0.14516628,0.85483372
QQQ,5,0.12883546,0.87116454
QQQ,5,0.82226087,0.17773913
QQQ,5,0.12417063,0.87582937
QQQ,5,0.86467033,0.13532967
QQQ,5,0.12785968,0.87214032
QQQ,5,0.30340945,0.69659055
QQQ,5,0.12205332,0.87794668
QQQ,5,0.13945891,0.86054109
QQQ,5,0.33253677,0.66746323
QQQ,5,0.19576572,0.80423428
QQQ,5,0.18780331,0.81219669
QQQ,5,0.12610058,0.87389942
QQQ,5,0.22375680,0.77624320
QQQ,5,0.12475634,0.87524366
QQQ,5,0.21807699,0.78192301
QQQ,5,0.95627451,0.04372549
QQQ,5,0.13085880,0.86914120
QQQ,5,0.12204473,0.87795527
QQQ,5,0.89878410,0.10121590
QQQ,5,0.21428199,0.78571801
QQQ,5,0.16806366,0.83193634
QQQ,5,0.66785690,0.33214310
QQQ,5,0.22077690,0.77922310
QQQ,5,0.14417889,0.85582111
QQQ,5,0.12779614,0.87220386
QQQ,5,0.12228456,0.87771544
QQQ,5,0.13217194,0.86782806
QQQ,5,0.79853959,0.20146041
QQQ,5,0.12207180,0.87792820
QQQ,5,0.12957473,0.87042527
QQQ,5,0.13875376,0.86124624
QQQ,5,0.12300633,0.87699367
QQQ,5,0.16508431,0.83491569
QQQ,5,0.13732572,0.86267428
QQQ,5,0.12652644,0.87347356
QQQ,5,0.28612348,0.71387652
QQQ,5,0.12211775,0.87788225
QQQ,5,0.12272177,0.87727823
QQQ,5,0.22370339,0.77629661
QQQ,5,0.19593546,0.80406454
QQQ,5,0.30711479,0.69288521
QQQ,5,0.16890992,0.83109008
QQQ,5,0.12182738,0.87817262
QQQ,5,0.12455265,0.87544735
QQQ,5,0.17051437,0.82948563
QQQ,5,0.25038756,0.74961244
QQQ,5,0.12183654,0.87816346
QQQ,5,0.12184545,0.87815455
QQQ,5,0.14813256,0.85186744
QQQ,5,0.12501129,0.87498871
QQQ,5,0.12292034,0.87707966
QQQ,5,0.32724737,0.67275263
QQQ,5,0.15669129,0.84330871
QQQ,5,0.14369710,0.85630290
QQQ,5,0.12208898,0.87791102
QQQ,5,0.19110294,0.80889706
QQQ,5,0.15385455,0.84614545
QQQ,5,0.82371362,0.17628638
QQQ,5,0.14257736,0.85742264
QQQ,5,0.13025169,0.86974831
QQQ,5,0.24532881,0.75467119
QQQ,5,0.88748646,0.11251354
QQQ,5,0.42244524,0.57755476
QQQ,5,0.12950160,0.87049840
QQQ,5,0.12210506,0.87789494
QQQ,5,0.12269021,0.87730979
QQQ,5,0.12240217,0.87759783
QQQ,5,0.15297639,0.84702361
QQQ,5,0.78876824,0.21123176
QQQ,5,0.13830520,0.86169480
QQQ,5,0.14422264,0.85577736
QQQ,5,0.12187544,0.87812456
QQQ,5,0.13022890,0.86977110
QQQ,5,0.12345846,0.87654154
QQQ,5,0.12406934,0.87593066
QQQ,5,0.14166073,0.85833927
QQQ,5,0.15833150,0.84166850
QQQ,5,0.17215511,0.82784489
QQQ,5,0.21281135,0.78718865
QQQ,5,0.13157027,0.86842973
QQQ,5,0.26132400,0.73867600
QQQ,5,0.12368853,0.87631147
QQQ,5,0.18559874,0.81440126
QQQ,5,0.15440187,0.84559813
QQQ,5,0.12857717,0.87142283
QQQ,5,0.42067046,0.57932954
QQQ,5,0.14213053,0.85786947
QQQ,5,0.16522347,0.83477653
QQQ,5,0.30681386,0.69318614
QQQ,5,0.12811939,0.87188061
QQQ,5,0.99394521,0.00605479
QQQ,5,0.14925736,0.85074264
QQQ,5,0.15164448,0.84835552
QQQ,5,0.18533444,0.81466556
QQQ,5,0.28919324,0.71080676
QQQ,5,0.12185890,0.87814110
QQQ,5,0.24829443,0.75170557
QQQ,5,0.28156694,0.71843306
QQQ,5,0.18860319,0.81139681
QQQ,5,0.12769368,0.87230632
QQQ,5,0.33563666,0.66436334
QQQ,5,0.23046186,0.76953814
QQQ,5,0.39313372,0.60686628
QQQ,5,0.12184014,0.87815986
QQQ,5,0.37376589,0.62623411
QQQ,5,0.13216249,0.86783751
QQQ,5,0.12388344,0.87611656
QQQ,5,0.66420632,0.33579368
QQQ,5,0.14384382,0.85615618
QQQ,5,0.40953189,0.59046811
QQQ,5,0.15132456,0.84867544
QQQ,5,0.28315294,0.71684706
QQQ,5,0.12953756,0.87046244
QQQ,5,0.13599618,0.86400382
QQQ,5,0.93779423,0.06220577
QQQ,5,0.25552816,0.74447184
QQQ,5,0.12511699,0.87488301
QQQ,5,0.13331175,0.86668825
QQQ,5,0.12286689,0.87713311
QQQ,5,0.16635353,0.83364647
QQQ,5,0.23042643,0.76957357
QQQ,5,0.13609896,0.86390104
QQQ,5,0.14398905,0.85601095
QQQ,5,0.23448725,0.76551275
QQQ,5,0.22435698,0.77564302
QQQ,5,0.12427775,0.87572225
QQQ,5,0.12229920,0.87770080
QQQ,5,0.29897426,0.70102574
QQQ,5,0.13677092,0.86322908
QQQ,5,0.12831661,0.87168339
QQQ,5,0.12220306,0.87779694
QQQ,5,0.13125255,0.86874745
QQQ,5,0.60376396,0.39623604
QQQ,5,0.26396814,0.73603186
QQQ,5,0.29972336,0.70027664
QQQ,5,0.12217068,0.87782932
QQQ,5,0.93110276,0.06889724
QQQ,5,0.27687360,0.72312640
QQQ,5,0.69817988,0.30182012
QQQ,5,0.13204647,0.86795353
QQQ,5,0.22875714,0.77124286
QQQ,5,0.90429238,0.09570762
QQQ,5,0.14698563,0.85301437
QQQ,5,0.99903882,0.00096118
QQQ,5,0.13524198,0.86475802
QQQ,5,0.18153836,0.81846164
QQQ,5,0.47216468,0.52783532
QQQ,5,0.71906697,0.28093303
QQQ,5,0.15046351,0.84953649
QQQ,5,0.35594477,0.64405523
QQQ,5,0.25782932,0.74217068
QQQ,5,0.12862000,0.87138000
QQQ,5,0.13030295,0.86969705
QQQ,5,0.65349482,0.34650518
QQQ,5,0.15273469,0.84726531
QQQ,5,0.40306874,0.59693126
QQQ,5,0.14589699,0.85410301
QQQ,5,0.89782008,0.10217992
QQQ,5,0.12383395,0.87616605
QQQ,5,0.14968432,0.85031568
QQQ,5,0.15400750,0.84599250
QQQ,5,0.99999931,0.00000069
QQQ,5,1.00000000,0.00000000
QQQ,5,0.12993082,0.87006918
QQQ,5,0.64717306,0.35282694
QQQ,5,1.00000000,0.00000000
QQQ,5,0.99805227,0.00194773
QQQ,5,0.55716002,0.44283998
QQQ,5,0.15787046,0.84212954
QQQ,5,0.12483898,0.87516102
QQQ,5,0.93105088,0.06894912
QQQ,5,0.12448272,0.87551728
QQQ,5,0.85495464,0.14504536
QQQ,5,0.76479528,0.23520472
QQQ,5,0.68719532,0.31280468
QQQ,5,0.94093822,0.05906178
QQQ,5,0.28614554,0.71385446
QQQ,5,0.12389408,0.87610592
QQQ,5,0.16383372,0.83616628
QQQ,5,0.12224486,0.87775514
QQQ,5,0.27689918,0.72310082
QQQ,5,0.34655710,0.65344290
QQQ,5,0.13386744,0.86613256
QQQ,5,0.17341194,0.82658806
QQQ,5,0.12881653,0.87118347
QQQ,5,0.19655878,0.80344122
QQQ,5,0.12182798,0.87817202
QQQ,5,0.99896279,0.00103721
QQQ,5,0.42201832,0.57798168
QQQ,5,0.17489119,0.82510881
QQQ,5,0.12676731,0.87323269
QQQ,5,0.13843387,0.86156613
QQQ,5,0.12393766,0.87606234
QQQ,5,0.12664688,0.87335312
QQQ,5,0.28730145,0.71269855
QQQ,5,0.12237073,0.87762927
QQQ,5,0.19050396,0.80949604
QQQ,5,0.68982085,0.31017915
QQQ,5,0.12981191,0.87018809
QQQ,5,0.12555796,0.87444204
QQQ,5,0.12289403,0.87710597
QQQ,5,0.16258668,0.83741332
QQQ,5,0.16947221,0.83052779
QQQ,5,0.12931049,0.87068951
QQQ,5,0.15232936,0.84767064
QQQ,5,0.18618114,0.81381886
QQQ,5,0.12384544,0.87615456
QQQ,5,0.15456352,0.84543648
QQQ,5,0.12645478,0.87354522
QQQ,5,0.12541936,0.87458064
QQQ,5,0.24358676,0.75641324
QQQ,5,0.26400799,0.73599201
QQQ,5,0.18509199,0.81490801
QQQ,5,0.12187573,0.87812427
QQQ,5,0.13359571,0.86640429
QQQ,5,0.18947099,0.81052901
QQQ,5,0.34485162,0.65514838
QQQ,5,0.13016013,0.86983987
QQQ,5,0.19813521,0.80186479
QQQ,5,0.13319825,0.86680175
QQQ,5,0.15692046,0.84307954
QQQ,5,0.15968558,0.84031442
QQQ,5,0.15244409,0.84755591
QQQ,5,0.19328523,0.80671477
QQQ,5,0.15070531,0.84929469
QQQ,5,0.12211786,0.87788214
QQQ,5,0.15178693,0.84821307
QQQ,5,0.12238728,0.87761272
QQQ,5,0.12402983,0.87597017
QQQ,5,0.12894751,0.87105249
QQQ,5,0.12246706,0.87753294
QQQ,5,0.12277846,0.87722154
QQQ,5,0.16653837,0.83346163
QQQ,5,0.12193464,0.87806536
QQQ,5,0.14098868,0.85901132
QQQ,5,0.13585718,0.86414282
QQQ,5,0.13439980,0.86560020
QQQ,5,0.12495426,0.87504574
QQQ,5,0.12608053,0.87391947
QQQ,5,0.12892904,0.87107096
QQQ,5,0.12273703,0.87726297
QQQ,5,0.12313924,0.87686076
QQQ,5,0.13860516,0.86139484
QQQ,5,0.55648739,0.44351261
QQQ,5,0.39815275,0.60184725
QQQ,5,0.15135519,0.84864481
QQQ,5,0.24871870,0.75128130
QQQ,5,0.13079097,0.86920903
QQQ,5,0.19073348,0.80926652
QQQ,5,0.12399036,0.87600964
QQQ,5,0.25346838,0.74653162
QQQ,5,0.12294123,0.87705877
QQQ,5,0.12182945,0.87817055
QQQ,5,0.13221313,0.86778687
QQQ,5,0.12205104,0.87794896
QQQ,5,0.28003366,0.71996634
QQQ,5,0.15165167,0.84834833
QQQ,5,0.14181710,0.85818290
QQQ,5,0.30342556,0.69657444
QQQ,5,0.12528657,0.87471343
QQQ,5,0.13299327,0.86700673
QQQ,5,0.12366329,0.87633671
QQQ,5,0.14888334,0.85111666
QQQ,5,0.21142453,0.78857547
QQQ,5,0.17411338,0.82588662
QQQ,5,0.15296151,0.84703849
QQQ,5,0.17651896,0.82348104
QQQ,5,0.12462369,0.87537631
QQQ,5,0.13921282,0.86078718
QQQ,5,0.12822383,0.87177617
QQQ,5,0.12228510,0.87771490
QQQ,5,0.14555027,0.85444973
QQQ,5,0.13619468,0.86380532
QQQ,5,0.17916172,0.82083828
QQQ,5,0.12182352,0.87817648
QQQ,5,0.12319708,0.87680292
QQQ,5,0.17809537,0.82190463
QQQ,5,0.15600469,0.84399531
QQQ,5,0.15110150,0.84889850
QQQ,5,0.14352293,0.85647707
QQQ,5,0.12902879,0.87097121
QQQ,5,0.13467515,0.86532485
QQQ,5,0.13002585,0.86997415
QQQ,5,0.13478405,0.86521595
QQQ,5,0.12726098,0.87273902
QQQ,5,0.13816737,0.86183263
QQQ,5,0.13445349,0.86554651
QQQ,5,0.12974474,0.87025526
QQQ,5,0.15941657,0.84058343
QQQ,5,0.13665014,0.86334986
QQQ,5,0.22099640,0.77900360
QQQ,5,0.12208750,0.87791250
QQQ,5,0.99072726,0.00927274
QQQ,5,0.50502825,0.49497175
QQQ,5,0.15478023,0.84521977
QQQ,5,0.15537135,0.84462865
QQQ,5,0.12935794,0.87064206
QQQ,5,0.14701630,0.85298370
QQQ,5,0.25870881,0.74129119
QQQ,5,0.12209264,0.87790736
QQQ,5,0.17667501,0.82332499
QQQ,5,0.16433450,0.83566550
QQQ,5,0.20747166,0.79252834
QQQ,5,0.47899778,0.52100222
QQQ,5,0.18075225,0.81924775
QQQ,5,0.14343617,0.85656383
QQQ,5,0.29839017,0.70160983
QQQ,5,0.13412913,0.86587087
QQQ,5,0.13494335,0.86505665
QQQ,5,0.55761818,0.44238182
QQQ,5,0.14097176,0.85902824
QQQ,5,0.52147019,0.47852981
QQQ,5,0.13230491,0.86769509
QQQ,5,0.59548162,0.40451838
QQQ,5,0.12426776,0.87573224
QQQ,5,0.12182338,0.87817662
QQQ,5,0.58751484,0.41248516
QQQ,5,0.12191029,0.87808971
QQQ,5,0.18167634,0.81832366
QQQ,5,0.25998987,0.74001013
QQQ,5,0.13532825,0.86467175
QQQ,5,0.78678922,0.21321078
QQQ,5,0.14561754,0.85438246
QQQ,5,0.78305418,0.21694582
QQQ,5,0.15824566,0.84175434
QQQ,5,0.19914246,0.80085754
QQQ,5,0.17810522,0.82189478
QQQ,5,0.12449989,0.87550011
QQQ,5,0.16977264,0.83022736
QQQ,5,0.12710677,0.87289323
QQQ,5,0.12188420,0.87811580
QQQ,5,0.13311105,0.86688895
QQQ,5,0.12346823,0.87653177
QQQ,5,0.12297356,0.87702644
QQQ,5,0.13222431,0.86777569
QQQ,5,0.12701843,0.87298157
QQQ,5,0.51027944,0.48972056
QQQ,5,0.14635826,0.85364174
QQQ,5,0.12217293,0.87782707
QQQ,5,0.50347307,0.49652693
QQQ,5,0.26258596,0.73741404
QQQ,5,0.24967329,0.75032671
QQQ,5,0.14330910,0.85669090
QQQ,5,0.14184652,0.85815348
QQQ,5,0.12918555,0.87081445
QQQ,5,0.12206708,0.87793292
QQQ,5,0.13394102,0.86605898
QQQ,5,0.12542601,0.87457399
QQQ,5,0.17171228,0.82828772
QQQ,5,0.12571597,0.87428403
QQQ,5,0.15682420,0.84317580
QQQ,5,0.17608085,0.82391915
QQQ,5,0.12355927,0.87644073
QQQ,5,0.13859766,0.86140234
QQQ,5,0.18963792,0.81036208
QQQ,5,0.12279788,0.87720212
QQQ,5,0.12235695,0.87764305
QQQ,5,0.20477406,0.79522594
QQQ,5,0.12690217,0.87309783
QQQ,5,0.12246007,0.87753993
QQQ,5,0.63344547,0.36655453
QQQ,5,0.23595570,0.76404430
QQQ,5,0.15232112,0.84767888
QQQ,5,0.13093939,0.86906061
QQQ,5,0.13691975,0.86308025
QQQ,5,0.18319603,0.81680397
QQQ,5,0.13288610,0.86711390
QQQ,5,0.13859311,0.86140689
QQQ,5,0.23453115,0.76546885
QQQ,5,0.14464822,0.85535178
QQQ,5,0.34411701,0.65588299
QQQ,5,0.46614758,0.53385242
QQQ,5,0.36995640,0.63004360
QQQ,5,0.49384154,0.50615846
QQQ,5,0.16233881,0.83766119
QQQ,5,0.13025409,0.86974591
QQQ,5,0.12648018,0.87351982
QQQ,5,0.57799349,0.42200651
QQQ,5,0.12279480,0.87720520
QQQ,5,0.12368408,0.87631592
QQQ,5,0.15460684,0.84539316
QQQ,5,0.12930967,0.87069033
