dataset,p,component_1,component_2
QQQ,1,0.89500724,0.10499276
QQQ,1,0.20034025,0.79965975
QQQ,1,0.15622495,0.84377505
QQQ,1,0.51099880,0.48900120
QQQ,1,0.82168661,0.17831339
QQQ,1,0.29039461,0.70960539
QQQ,1,0.99609851,0.00390149
QQQ,1,0.97346465,0.02653535
QQQ,1,0.99762357,0.00237643
QQQ,1,0.18185135,0.81814865
QQQ,1,0.99290069,0.00709931
QQQ,1,0.14184573,0.85815427
QQQ,1,0.34230835,0.65769165
QQQ,1,0.56595651,0.43404349
QQQ,1,0.99633154,0.00366846
QQQ,1,0.13464196,0.86535804
QQQ,1,0.20678219,0.79321781
QQQ,1,0.16222804,0.83777196
QQQ,1,0.15448805,0.84551195
QQQ,1,0.15253361,0.84746639
QQQ,1,0.30024600,0.69975400
QQQ,1,0.99444324,0.00555676
QQQ,1,0.23388060,0.76611940
QQQ,1,0.93963675,0.06036325
QQQ,1,0.99999325,0.00000675
QQQ,1,0.56702912,0.43297088
QQQ,1,0.99999222,0.00000778
QQQ,1,0.94673397,0.05326603
QQQ,1,0.31888748,0.68111252
QQQ,1,0.75920961,0.24079039
QQQ,1,0.30762340,0.69237660
QQQ,1,0.99448259,0.00551741
QQQ,1,0.20135873,0.79864127
QQQ,1,0.14867142,0.85132858
QQQ,1,0.14054719,0.85945281
QQQ,1,0.38466141,0.61533859
QQQ,1,0.94152791,0.05847209
QQQ,1,0.99390883,0.00609117
QQQ,1,0.24942214,0.75057786
QQQ,1,0.21498020,0.78501980
QQQ,1,0.38380627,0.61619373
QQQ,1,0.64871017,0.35128983
QQQ,1,0.45149901,0.54850099
QQQ,1,0.58314450,0.41685550
QQQ,1,0.41097183,0.58902817
QQQ,1,0.13274541,0.86725459
QQQ,1,0.28530542,0.71469458
QQQ,1,0.89912654,0.10087346
QQQ,1,0.21529441,0.78470559
QQQ,1,0.87288200,0.12711800
QQQ,1,0.99198163,0.00801837
QQQ,1,0.85435551,0.14564449
QQQ,1,0.12525341,0.87474659
QQQ,1,0.38858132,0.61141868
QQQ,1,0.66196347,0.33803653
QQQ,1,0.35641821,0.64358179
QQQ,1,0.28106720,0.71893280
QQQ,1,0.94847823,0.05152177
QQQ,1,0.69652864,0.30347136
QQQ,1,0.79526674,0.20473326
QQQ,1,0.34414521,0.65585479
QQQ,1,0.21232831,0.78767169
QQQ,1,0.37171595,0.62828405
QQQ,1,0.56771314,0.43228686
QQQ,1,0.29343176,0.70656824
QQQ,1,0.99999664,0.00000336
QQQ,1,0.29284675,0.70715325
QQQ,1,0.14227871,0.85772129
QQQ,1,0.95365155,0.04634845
QQQ,1,0.94211128,0.05788872
QQQ,1,0.30002726,0.69997274
QQQ,1,0.53211724,0.46788276
QQQ,1,0.12852891,0.87147109
QQQ,1,0.75427356,0.24572644
QQQ,1,0.33081336,0.66918664
QQQ,1,0.37753009,0.62246991
QQQ,1,0.16488392,0.83511608
QQQ,1,0.26825993,0.73174007
QQQ,1,0.14659514,0.85340486
QQQ,1,0.12601245,0.87398755
QQQ,1,0.28054309,0.71945691
QQQ,1,0.21354955,0.78645045
QQQ,1,0.13923914,0.86076086
QQQ,1,0.14134603,0.85865397
QQQ,1,0.40226548,0.59773452
QQQ,1,0.20194076,0.79805924
QQQ,1,0.19524749,0.80475251
QQQ,1,0.19579555,0.80420445
QQQ,1,0.99909154,0.00090846
QQQ,1,0.12950837,0.87049163
QQQ,1,0.84666124,0.15333876
QQQ,1,0.12505046,0.87494954
QQQ,1,0.81797279,0.18202721
QQQ,1,0.49898330,0.50101670
QQQ,1,0.60190771,0.39809229
QQQ,1,0.60533860,0.39466140
QQQ,1,0.15006096,0.84993904
QQQ,1,0.13079602,0.86920398
QQQ,1,0.15517881,0.84482119
QQQ,1,0.50133040,0.49866960
QQQ,1,0.32776344,0.67223656
QQQ,1,0.19968604,0.80031396
QQQ,1,0.28531922,0.71468078
QQQ,1,0.19603826,0.80396174
QQQ,1,0.97741985,0.02258015
QQQ,1,0.20130823,0.79869177
QQQ,1,0.99965140,0.00034860
QQQ,1,0.20551599,0.79448401
QQQ,1,0.14404295,0.85595705
QQQ,1,0.22058556,0.77941444
QQQ,1,0.25828256,0.74171744
QQQ,1,0.33993333,0.66006667
QQQ,1,0.97957091,0.02042909
QQQ,1,0.17609788,0.82390212
QQQ,1,0.65339787,0.34660213
QQQ,1,0.36106115,0.63893885
QQQ,1,0.21804255,0.78195745
QQQ,1,0.32634064,0.67365936
QQQ,1,0.20579702,0.79420298
QQQ,1,0.16711010,0.83288990
QQQ,1,0.13118144,0.86881856
QQQ,1,0.99990669,0.00009331
QQQ,1,0.12767927,0.87232073
QQQ,1,0.29633139,0.70366861
QQQ,1,0.28106485,0.71893515
QQQ,1,0.24858754,0.75141246
QQQ,1,0.23013957,0.76986043
QQQ,1,0.14015576,0.85984424
QQQ,1,0.53117494,0.46882506
QQQ,1,0.12656554,0.87343446
QQQ,1,0.95050588,0.04949412
QQQ,1,0.13489230,0.86510770
QQQ,1,0.79186999,0.20813001
QQQ,1,0.18725570,0.81274430
QQQ,1,0.99960967,0.00039033
QQQ,1,0.12565409,0.87434591
QQQ,1,0.15914571,0.84085429
QQQ,1,0.14133318,0.85866682
QQQ,1,0.57502186,0.42497814
QQQ,1,0.18919973,0.81080027
QQQ,1,0.12559730,0.87440270
QQQ,1,0.69653927,0.30346073
QQQ,1,0.17368855,0.82631145
QQQ,1,0.58703987,0.41296013
QQQ,1,0.12604717,0.87395283
QQQ,1,0.20677438,0.79322562
QQQ,1,0.31998110,0.68001890
QQQ,1,0.69594365,0.30405635
QQQ,1,0.97299348,0.02700652
QQQ,1,0.13855670,0.86144330
QQQ,1,0.95168767,0.04831233
QQQ,1,0.31303347,0.68696653
QQQ,1,0.13937095,0.86062905
QQQ,1,0.96175643,0.03824357
QQQ,1,0.46002860,0.53997140
QQQ,1,0.13348750,0.86651250
QQQ,1,0.12508594,0.87491406
QQQ,1,0.17085883,0.82914117
QQQ,1,0.12744611,0.87255389
QQQ,1,0.98930401,0.01069599
QQQ,1,0.99554528,0.00445472
QQQ,1,0.13225648,0.86774352
QQQ,1,0.12510333,0.87489667
QQQ,1,0.56278229,0.43721771
QQQ,1,0.24917314,0.75082686
QQQ,1,0.21461359,0.78538641
QQQ,1,0.60334201,0.39665799
QQQ,1,0.14628415,0.85371585
QQQ,1,0.26043928,0.73956072
QQQ,1,0.48961394,0.51038606
QQQ,1,0.30174227,0.69825773
QQQ,1,0.12600182,0.87399818
QQQ,1,0.82559505,0.17440495
QQQ,1,0.24984240,0.75015760
QQQ,1,0.94933251,0.05066749
QQQ,1,0.21070739,0.78929261
QQQ,1,0.73204178,0.26795822
QQQ,1,0.97826603,0.02173397
QQQ,1,0.96502369,0.03497631
QQQ,1,0.14110704,0.85889296
QQQ,1,0.39574495,0.60425505
QQQ,1,0.98427593,0.01572407
QQQ,1,0.26788389,0.73211611
QQQ,1,0.97858805,0.02141195
QQQ,1,0.72364899,0.27635101
QQQ,1,0.20375697,0.79624303
QQQ,1,0.12519139,0.87480861
QQQ,1,0.24815275,0.75184725
QQQ,1,0.12556695,0.87443305
QQQ,1,0.15242833,0.84757167
QQQ,1,0.51736450,0.48263550
QQQ,1,0.42950982,0.57049018
QQQ,1,0.43521728,0.56478272
QQQ,1,0.89260669,0.10739331
QQQ,1,0.18799196,0.81200804
QQQ,1,0.28161168,0.71838832
QQQ,1,0.99990435,0.00009565
QQQ,1,0.16568542,0.83431458
QQQ,1,0.14787942,0.85212058
QQQ,1,0.12530723,0.87469277
QQQ,1,0.14540985,0.85459015
QQQ,1,0.99552398,0.00447602
QQQ,1,0.18225570,0.81774430
QQQ,1,0.12741609,0.87258391
QQQ,1,0.99558014,0.00441986
QQQ,1,1.00000000,0.00000000
QQQ,1,0.82328071,0.17671929
QQQ,1,1.00000000,0.00000000
QQQ,1,1.00000000,0.00000000
QQQ,1,0.99996245,0.00003755
QQQ,1,0.99966628,0.00033372
QQQ,1,0.66894195,0.33105805
QQQ,1,0.99999789,0.00000211
QQQ,1,0.49395751,0.50604249
QQQ,1,0.33261169,0.66738831
QQQ,1,0.31074843,0.68925157
QQQ,1,0.13079767,0.86920233
QQQ,1,0.16930317,0.83069683
QQQ,1,0.99999898,0.00000102
QQQ,1,0.45786407,0.54213593
QQQ,1,0.99859376,0.00140624
QQQ,1,0.18297406,0.81702594
QQQ,1,0.99999919,0.00000081
QQQ,1,0.99993644,0.00006356
QQQ,1,0.95769943,0.04230057
QQQ,1,0.14510046,0.85489954
QQQ,1,0.99173870,0.00826130
QQQ,1,0.19967131,0.80032869
QQQ,1,0.36755129,0.63244871
QQQ,1,0.99873188,0.00126812
QQQ,1,0.96037457,0.03962543
QQQ,1,0.95653898,0.04346102
QQQ,1,0.95700066,0.04299934
QQQ,1,0.12728344,0.87271656
QQQ,1,0.18577532,0.81422468
QQQ,1,0.12755592,0.87244408
QQQ,1,0.49140651,0.50859349
QQQ,1,0.95027162,0.04972838
QQQ,1,0.13164251,0.86835749
QQQ,1,0.99999942,0.00000058
QQQ,1,0.84587272,0.15412728
QQQ,1,0.61526392,0.38473608
QQQ,1,0.14408875,0.85591125
QQQ,1,0.96518734,0.03481266
QQQ,1,0.16387414,0.83612586
QQQ,1,0.74218539,0.25781461
QQQ,1,0.99897928,0.00102072
QQQ,1,0.58099655,0.41900345
QQQ,1,0.33041659,0.66958341
QQQ,1,0.35629268,0.64370732
QQQ,1,0.97173459,0.02826541
QQQ,1,0.12575661,0.87424339
QQQ,1,0.97080826,0.02919174
QQQ,1,0.99915688,0.00084312
QQQ,1,0.99930202,0.00069798
QQQ,1,0.99999518,0.00000482
QQQ,1,0.78104728,0.21895272
QQQ,1,0.97448437,0.02551563
QQQ,1,0.99693784,0.00306216
QQQ,1,0.79702025,0.20297975
QQQ,1,0.67492695,0.32507305
QQQ,1,0.29822004,0.70177996
QQQ,1,0.13367136,0.86632864
QQQ,1,0.60497105,0.39502895
QQQ,1,0.99945247,0.00054753
QQQ,1,0.97844670,0.02155330
QQQ,1,0.52845740,0.47154260
QQQ,1,0.99999975,0.00000025
QQQ,1,0.95719251,0.04280749
QQQ,1,0.51986958,0.48013042
QQQ,1,0.97798409,0.02201591
QQQ,1,0.99707036,0.00292964
QQQ,1,0.99999988,0.00000012
QQQ,1,0.86726242,0.13273758
QQQ,1,1.00000000,0.00000000
QQQ,1,0.99598243,0.00401757
QQQ,1,1.00000000,0.00000000
QQQ,1,1.00000000,0.00000000
QQQ,1,0.99590135,0.00409865
QQQ,1,0.92323311,0.07676689
QQQ,1,0.88011261,0.11988739
QQQ,1,0.74473902,0.25526098
QQQ,1,0.99999999,0.00000001
QQQ,1,0.97022474,0.02977526
QQQ,1,0.99977403,0.00022597
QQQ,1,0.99532151,0.00467849
QQQ,1,0.33468342,0.66531658
QQQ,1,1.00000000,0.00000000
QQQ,1,0.20649222,0.79350778
QQQ,1,0.13139072,0.86860928
QQQ,1,0.86950933,0.13049067
QQQ,1,0.99212827,0.00787173
QQQ,1,0.98794281,0.01205719
QQQ,1,1.00000000,0.00000000
QQQ,1,0.99999949,0.00000051
QQQ,1,0.12857989,0.87142011
QQQ,1,0.99993517,0.00006483
QQQ,1,0.95145088,0.04854912
QQQ,1,0.53874355,0.46125645
QQQ,1,0.99948783,0.00051217
QQQ,1,0.99999439,0.00000561
QQQ,1,0.12598006,0.87401994
QQQ,1,1.00000000,0.00000000
QQQ,1,0.99999971,0.00000029
QQQ,1,0.84214414,0.15785586
QQQ,1,0.12549712,0.87450288
QQQ,1,1.00000000,0.00000000
QQQ,1,0.80567927,0.19432073
QQQ,1,0.99999718,0.00000282
QQQ,1,1.00000000,0.00000000
QQQ,1,0.16350370,0.83649630
QQQ,1,0.78929446,0.21070554
QQQ,1,0.62994913,0.37005087
QQQ,1,0.13267219,0.86732781
QQQ,1,0.14699452,0.85300548
QQQ,1,0.90765848,0.09234152
QQQ,1,0.98438499,0.01561501
QQQ,1,0.57134704,0.42865296
QQQ,1,0.39570125,0.60429875
QQQ,1,0.14087947,0.85912053
QQQ,1,0.99804280,0.00195720
QQQ,1,0.16932399,0.83067601
QQQ,1,0.13203759,0.86796241
QQQ,1,0.99927036,0.00072964
QQQ,1,0.99467193,0.00532807
QQQ,1,0.85022469,0.14977531
QQQ,1,0.30851916,0.69148084
QQQ,1,0.23594426,0.76405574
QQQ,1,0.73074530,0.26925470
QQQ,1,0.32768458,0.67231542
QQQ,1,0.65501503,0.34498497
QQQ,1,0.99929737,0.00070263
QQQ,1,0.98691145,0.01308855
QQQ,1,0.21624068,0.78375932
QQQ,1,0.23594280,0.76405720
QQQ,1,0.23889147,0.76110853
QQQ,1,0.99864177,0.00135823
QQQ,1,0.69773649,0.30226351
QQQ,1,0.46924412,0.53075588
QQQ,1,0.18318787,0.81681213
QQQ,1,0.64989452,0.35010548
QQQ,1,0.92100689,0.07899311
QQQ,1,0.99215341,0.00784659
QQQ,1,0.90006596,0.09993404
QQQ,1,0.98424508,0.01575492
QQQ,1,0.41358510,0.58641490
QQQ,1,0.13380375,0.86619625
QQQ,1,0.99984531,0.00015469
QQQ,1,0.99999980,0.00000020
QQQ,1,0.91189989,0.08810011
QQQ,1,0.21271131,0.78728869
QQQ,1,0.48519219,0.51480781
QQQ,1,0.99983545,0.00016455
QQQ,1,0.15406851,0.84593149
QQQ,1,0.80084493,0.19915507
QQQ,1,0.12648728,0.87351272
QQQ,1,0.13752886,0.86247114
QQQ,1,0.50235137,0.49764863
QQQ,1,0.18978590,0.81021410
QQQ,1,0.73638151,0.26361849
QQQ,1,0.12913131,0.87086869
QQQ,1,0.13481750,0.86518250
QQQ,1,0.66072283,0.33927717
QQQ,1,0.12742276,0.87257724
QQQ,1,0.15085116,0.84914884
QQQ,1,0.13040976,0.86959024
QQQ,1,0.37877596,0.62122404
QQQ,1,0.41366199,0.58633801
QQQ,1,0.12570101,0.87429899
QQQ,1,0.12521450,0.87478550
QQQ,1,0.13520885,0.86479115
QQQ,1,0.12548027,0.87451973
QQQ,1,0.95416956,0.04583044
QQQ,1,0.16661363,0.83338637
QQQ,1,0.94550694,0.05449306
QQQ,1,0.99671006,0.00328994
QQQ,1,0.60845768,0.39154232
QQQ,1,0.98845261,0.01154739
QQQ,1,0.79403454,0.20596546
QQQ,1,0.42830527,0.57169473
QQQ,1,0.69193104,0.30806896
QQQ,1,0.12525319,0.87474681
QQQ,1,0.66770222,0.33229778
QQQ,1,0.49070004,0.50929996
QQQ,1,0.99881576,0.00118424
QQQ,1,0.32849912,0.67150088
QQQ,1,0.77861011,0.22138989
QQQ,1,0.13846879,0.86153121
QQQ,1,0.95334399,0.04665601
QQQ,1,0.35884653,0.64115347
QQQ,1,0.14527091,0.85472909
QQQ,1,0.98372912,0.01627088
QQQ,1,0.99905987,0.00094013
QQQ,1,0.79951952,0.20048048
QQQ,1,0.99941650,0.00058350
QQQ,1,0.80557083,0.19442917
QQQ,1,0.13720363,0.86279637
QQQ,1,0.98912741,0.01087259
QQQ,1,0.15224022,0.84775978
QQQ,1,0.99999942,0.00000058
QQQ,1,0.52066850,0.47933150
QQQ,1,0.87548517,0.12451483
QQQ,1,1.00000000,0.00000000
QQQ,1,0.18169741,0.81830259
QQQ,1,0.99964993,0.00035007
QQQ,1,0.14477928,0.85522072
QQQ,1,1.00000000,0.00000000
QQQ,1,0.53623250,0.46376750
QQQ,1,0.12531025,0.87468975
QQQ,1,0.99990047,0.00009953
QQQ,1,0.99999998,0.00000002
QQQ,1,0.69886774,0.30113226
QQQ,1,0.12525961,0.87474039
QQQ,1,0.99777765,0.00222235
QQQ,1,0.99999999,0.00000001
QQQ,1,0.14307819,0.85692181
QQQ,1,0.23815768,0.76184232
QQQ,1,0.28572757,0.71427243
QQQ,1,0.15690818,0.84309182
QQQ,1,0.13630670,0.86369330
QQQ,1,1.00000000,0.00000000
QQQ,1,0.13880845,0.86119155
QQQ,1,0.99999925,0.00000075
QQQ,1,0.88714970,0.11285030
QQQ,1,1.00000000,0.00000000
QQQ,1,0.79774026,0.20225974
QQQ,1,0.99999998,0.00000002
QQQ,1,0.13466902,0.86533098
QQQ,1,0.99959304,0.00040696
QQQ,1,0.13428690,0.86571310
QQQ,1,0.99995012,0.00004988
QQQ,1,0.99999911,0.00000089
QQQ,1,0.19152957,0.80847043
QQQ,1,1.00000000,0.00000000
QQQ,1,0.99972681,0.00027319
QQQ,1,0.12621744,0.87378256
QQQ,1,0.37774656,0.62225344
QQQ,1,0.13540186,0.86459814
QQQ,1,1.00000000,0.00000000
QQQ,1,0.98539141,0.01460859
QQQ,1,0.80254243,0.19745757
QQQ,1,0.63543441,0.36456559
QQQ,1,1.00000000,0.00000000
QQQ,1,0.98107355,0.01892645
QQQ,1,0.99984364,0.00015636
QQQ,1,0.99999858,0.00000142
QQQ,1,0.86208026,0.13791974
QQQ,1,0.12534209,0.87465791
QQQ,1,1.00000000,0.00000000
QQQ,1,1.00000000,0.00000000
QQQ,1,0.12947690,0.87052310
QQQ,1,1.00000000,0.00000000
QQQ,1,0.20617805,0.79382195
QQQ,1,0.23238927,0.76761073
QQQ,1,0.12629576,0.87370424
QQQ,1,0.99999726,0.00000274
QQQ,1,1.00000000,0.00000000
QQQ,1,1.00000000,0.00000000
QQQ,1,0.19590031,0.80409969
QQQ,1,1.00000000,0.00000000
QQQ,1,0.15500526,0.84499474
QQQ,1,0.12526158,0.87473842
QQQ,1,0.99999455,0.00000545
QQQ,1,0.97304511,0.02695489
QQQ,1,0.31219325,0.68780675
QQQ,1,0.22730465,0.77269535
QQQ,1,0.94843180,0.05156820
QQQ,1,0.99976743,0.00023257
QQQ,1,0.12648744,0.87351256
QQQ,1,0.12538577,0.87461423
QQQ,1,0.61785134,0.38214866
QQQ,1,0.17476454,0.82523546
QQQ,1,0.99927571,0.00072429
QQQ,1,0.29818278,0.70181722
QQQ,1,0.72694102,0.27305898
QQQ,1,0.12909236,0.87090764
QQQ,1,0.99752356,0.00247644
QQQ,1,0.22227303,0.77772697
QQQ,1,0.99999986,0.00000014
QQQ,1,0.13467289,0.86532711
QQQ,1,0.12658784,0.87341216
QQQ,1,0.38787625,0.61212375
QQQ,1,0.97149516,0.02850484
QQQ,1,0.99979993,0.00020007
QQQ,1,0.19576045,0.80423955
QQQ,1,0.96970341,0.03029659
QQQ,1,0.99597200,0.00402800
QQQ,1,0.49286259,0.50713741
QQQ,1,0.99999990,0.00000010
QQQ,1,0.99975362,0.00024638
QQQ,1,0.96578021,0.03421979
QQQ,1,0.22660645,0.77339355
QQQ,1,0.13066075,0.86933925
QQQ,1,0.51900898,0.48099102
QQQ,1,1.00000000,0.00000000
QQQ,1,0.99420927,0.00579073
QQQ,1,0.87488592,0.12511408
QQQ,1,0.99972227,0.00027773
QQQ,1,0.36154985,0.63845015
QQQ,1,0.99872898,0.00127102
QQQ,1,0.12885697,0.87114303
QQQ,1,0.50857629,0.49142371
QQQ,1,1.00000000,0.00000000
QQQ,1,1.00000000,0.00000000
QQQ,1,0.99995456,0.00004544
QQQ,1,0.27517389,0.72482611
QQQ,1,0.99801437,0.00198563
QQQ,1,0.90260981,0.09739019
QQQ,1,0.99999398,0.00000602
QQQ,1,1.00000000,0.00000000
QQQ,1,0.13407663,0.86592337
QQQ,1,0.99999998,0.00000002
QQQ,1,0.13146150,0.86853850
QQQ,1,0.75627232,0.24372768
QQQ,1,0.98243873,0.01756127
QQQ,1,1.00000000,0.00000000
QQQ,1,0.77126470,0.22873530
QQQ,1,0.13568296,0.86431704
QQQ,1,0.99993650,0.00006350
QQQ,1,1.00000000,0.00000000
QQQ,1,0.67816146,0.32183854
QQQ,1,1.00000000,0.00000000
QQQ,1,0.71011930,0.28988070
QQQ,1,0.51880308,0.48119692
QQQ,1,1.00000000,0.00000000
QQQ,1,0.98780323,0.01219677
QQQ,1,0.99990113,0.00009887
QQQ,1,0.99999998,0.00000002
QQQ,1,0.64169008,0.35830992
QQQ,1,1.00000000,0.00000000
QQQ,1,1.00000000,0.00000000
QQQ,1,0.14297476,0.85702524
QQQ,1,1.00000000,0.00000000
QQQ,1,0.72500053,0.27499947
QQQ,1,0.41418457,0.58581543
QQQ,1,0.82162726,0.17837274
QQQ,1,0.84805325,0.15194675
QQQ,1,0.75456178,0.24543822
QQQ,1,0.99956886,0.00043114
QQQ,1,0.64975128,0.35024872
QQQ,1,0.99989671,0.00010329
QQQ,1,0.89599432,0.10400568
QQQ,1,0.54049646,0.45950354
QQQ,1,0.56561720,0.43438280
QQQ,1,0.98828441,0.01171559
QQQ,1,0.50949448,0.49050552
QQQ,1,0.14670191,0.85329809
QQQ,1,0.39393708,0.60606292
QQQ,1,0.15303350,0.84696650
QQQ,1,0.99985034,0.00014966
QQQ,1,0.47553480,0.52446520
QQQ,1,0.13406805,0.86593195
QQQ,1,0.99999999,0.00000001
QQQ,1,0.12512006,0.87487994
QQQ,1,0.99993381,0.00006619
QQQ,1,0.73226285,0.26773715
QQQ,1,0.42169991,0.57830009
QQQ,1,1.00000000,0.00000000
QQQ,1,0.99933851,0.00066149
QQQ,1,0.13930281,0.86069719
QQQ,1,0.94921291,0.05078709
QQQ,1,0.13152554,0.86847446
QQQ,1,0.99977157,0.00022843
QQQ,1,0.14427945,0.85572055
QQQ,1,0.82530538,0.17469462
QQQ,1,0.88812938,0.11187062
QQQ,1,0.94784392,0.05215608
QQQ,1,0.15791685,0.84208315
QQQ,1,0.92056757,0.07943243
QQQ,1,0.99999961,0.00000039
QQQ,1,0.14391914,0.85608086
QQQ,1,0.27044631,0.72955369
QQQ,1,0.14674123,0.85325877
QQQ,1,0.69462299,0.30537701
QQQ,1,0.32450474,0.67549526
QQQ,1,0.12658482,0.87341518
QQQ,1,0.12867352,0.87132648
QQQ,1,0.13319088,0.86680912
QQQ,1,0.15439107,0.84560893
QQQ,1,0.27136648,0.72863352
QQQ,1,0.96585372,0.03414628
QQQ,1,0.13449363,0.86550637
QQQ,1,0.13456806,0.86543194
QQQ,1,0.99999006,0.00000994
QQQ,1,0.99991912,0.00008088
QQQ,1,0.15166522,0.84833478
QQQ,1,0.99547745,0.00452255
QQQ,1,0.20570424,0.79429576
QQQ,1,1.00000000,0.00000000
QQQ,1,0.15883511,0.84116489
QQQ,1,0.53562245,0.46437755
QQQ,1,0.63945342,0.36054658
QQQ,1,0.99757626,0.00242374
QQQ,1,0.65123618,0.34876382
QQQ,1,0.69605047,0.30394953
QQQ,1,0.88279218,0.11720782
QQQ,1,0.26307087,0.73692913
QQQ,1,0.17075831,0.82924169
QQQ,1,0.34274802,0.65725198
QQQ,1,0.64483797,0.35516203
QQQ,1,0.14035159,0.85964841
QQQ,1,0.12580821,0.87419179
QQQ,1,0.97559513,0.02440487
QQQ,1,0.59329293,0.40670707
QQQ,1,0.36573739,0.63426261
QQQ,1,0.41030673,0.58969327
QQQ,1,0.14934217,0.85065783
QQQ,1,0.99981369,0.00018631
QQQ,1,0.12717812,0.87282188
QQQ,1,0.19030288,0.80969712
QQQ,1,0.55481371,0.44518629
QQQ,1,0.22318842,0.77681158
QQQ,1,0.99817099,0.00182901
QQQ,1,0.19440102,0.80559898
QQQ,1,0.99995042,0.00004958
QQQ,1,0.22329385,0.77670615
QQQ,1,0.99959780,0.00040220
QQQ,1,0.81041025,0.18958975
QQQ,1,0.17533417,0.82466583
QQQ,1,0.99999714,0.00000286
QQQ,1,0.13561341,0.86438659
QQQ,1,0.97581401,0.02418599
QQQ,1,0.39854160,0.60145840
QQQ,1,0.99832405,0.00167595
QQQ,1,0.21166341,0.78833659
QQQ,1,0.97414373,0.02585627
QQQ,1,0.14642243,0.85357757
QQQ,1,0.99956863,0.00043137
QQQ,1,0.17199739,0.82800261
QQQ,1,0.23057961,0.76942039
QQQ,1,1.00000000,0.00000000
QQQ,1,0.90952115,0.09047885
QQQ,1,0.50808895,0.49191105
QQQ,1,0.99256600,0.00743400
QQQ,1,0.94398110,0.05601890
QQQ,1,0.99998005,0.00001995
QQQ,1,0.14642220,0.85357780
QQQ,1,0.99324355,0.00675645
QQQ,1,0.17749188,0.82250812
QQQ,1,0.42235876,0.57764124
QQQ,1,0.16651262,0.83348738
QQQ,1,0.12945229,0.87054771
QQQ,1,1.00000000,0.00000000
QQQ,1,0.28732710,0.71267290
QQQ,1,0.34025910,0.65974090
QQQ,1,0.13487757,0.86512243
QQQ,1,0.79761707,0.20238293
QQQ,1,0.99978800,0.00021200
QQQ,1,1.00000000,0.00000000
QQQ,1,0.12541865,0.87458135
QQQ,1,0.13855729,0.86144271
QQQ,1,0.37224247,0.62775753
QQQ,1,1.00000000,0.00000000
QQQ,1,0.72208200,0.27791800
QQQ,1,0.17034928,0.82965072
QQQ,1,0.89086127,0.10913873
QQQ,1,0.15482734,0.84517266
QQQ,1,0.66884790,0.33115210
QQQ,1,0.99931012,0.00068988
QQQ,1,0.55137445,0.44862555
QQQ,1,0.99999994,0.00000006
QQQ,1,0.71758178,0.28241822
QQQ,1,0.31415553,0.68584447
QQQ,1,0.99971875,0.00028125
QQQ,1,0.19323736,0.80676264
QQQ,1,0.98159574,0.01840426
QQQ,1,0.99909097,0.00090903
QQQ,1,0.12539846,0.87460154
QQQ,1,0.20691869,0.79308131
QQQ,1,0.12577224,0.87422776
QQQ,1,0.15948491,0.84051509
QQQ,1,0.99427434,0.00572566
QQQ,1,0.18380516,0.81619484
QQQ,1,0.13351561,0.86648439
QQQ,1,0.13071913,0.86928087
QQQ,1,0.91900460,0.08099540
QQQ,1,0.99994588,0.00005412
QQQ,1,0.12764076,0.87235924
QQQ,1,0.39562017,0.60437983
QQQ,1,0.83855197,0.16144803
QQQ,1,0.12504750,0.87495250
QQQ,1,0.99655225,0.00344775
QQQ,1,0.93220688,0.06779312
QQQ,1,0.14792819,0.85207181
QQQ,1,0.45428412,0.54571588
QQQ,1,0.99994370,0.00005630
QQQ,1,0.99999651,0.00000349
QQQ,1,0.13531026,0.86468974
QQQ,1,0.91686081,0.08313919
QQQ,1,0.52936741,0.47063259
QQQ,1,0.13887461,0.86112539
QQQ,1,0.17355219,0.82644781
QQQ,1,0.99985774,0.00014226
QQQ,1,0.15213606,0.84786394
QQQ,1,0.44566192,0.55433808
QQQ,1,0.24642483,0.75357517
QQQ,1,0.45572535,0.54427465
QQQ,1,0.99989097,0.00010903
QQQ,1,0.34670675,0.65329325
QQQ,1,0.13109227,0.86890773
QQQ,1,0.18611707,0.81388293
QQQ,1,0.17714083,0.82285917
QQQ,1,0.17525601,0.82474399
QQQ,1,0.99395190,0.00604810
QQQ,1,0.93067113,0.06932887
QQQ,1,0.99463679,0.00536321
QQQ,1,0.14835793,0.85164207
QQQ,1,0.21748021,0.78251979
QQQ,1,0.15038300,0.84961700
QQQ,1,0.18139017,0.81860983
QQQ,1,0.14931399,0.85068601
QQQ,1,0.25685774,0.74314226
QQQ,1,0.72255711,0.27744289
QQQ,1,0.17348288,0.82651712
QQQ,1,0.99859973,0.00140027
QQQ,1,0.57765917,0.42234083
QQQ,1,0.86090099,0.13909901
QQQ,1,0.98365729,0.01634271
QQQ,1,0.84553206,0.15446794
QQQ,1,0.32338375,0.67661625
QQQ,1,0.12781733,0.87218267
QQQ,1,0.14483019,0.85516981
QQQ,1,0.90865459,0.09134541
QQQ,1,0.14977184,0.85022816
QQQ,1,0.15499708,0.84500292
QQQ,1,0.18879695,0.81120305
QQQ,1,0.98503514,0.01496486
QQQ,1,0.49047678,0.50952322
QQQ,1,0.16762987,0.83237013
QQQ,1,0.81906673,0.18093327
QQQ,1,0.86939685,0.13060315
QQQ,1,0.30492357,0.69507643
QQQ,1,0.16435919,0.83564081
QQQ,1,0.39652035,0.60347965
QQQ,1,0.12563371,0.87436629
QQQ,1,0.96239700,0.03760300
QQQ,1,0.98410219,0.01589781
QQQ,1,0.23736003,0.76263997
QQQ,1,0.99998285,0.00001715
QQQ,1,0.12870558,0.87129442
QQQ,1,0.99908822,0.00091178
QQQ,1,0.12657048,0.87342952
QQQ,1,0.30263905,0.69736095
QQQ,1,0.51755379,0.48244621
QQQ,1,0.99999978,0.00000022
QQQ,1,0.99961076,0.00038924
QQQ,1,0.18918695,0.81081305
QQQ,1,0.14257636,0.85742364
QQQ,1,0.12858494,0.87141506
QQQ,1,0.86623644,0.13376356
QQQ,1,0.12810732,0.87189268
QQQ,1,0.30226953,0.69773047
QQQ,1,0.83755709,0.16244291
QQQ,1,0.16142098,0.83857902
QQQ,1,0.19457959,0.80542041
QQQ,1,0.15035433,0.84964567
QQQ,1,0.12608456,0.87391544
QQQ,1,0.99529017,0.00470983
QQQ,1,0.79893924,0.20106076
QQQ,1,0.16750312,0.83249688
QQQ,1,0.97428143,0.02571857
QQQ,1,0.16456122,0.83543878
QQQ,1,0.16199545,0.83800455
QQQ,1,0.24634247,0.75365753
QQQ,1,0.55505109,0.44494891
QQQ,1,0.99992759,0.00007241
QQQ,1,0.13639716,0.86360284
QQQ,1,0.16785064,0.83214936
QQQ,1,0.23579908,0.76420092
QQQ,1,0.23863890,0.76136110
QQQ,1,0.99205341,0.00794659
QQQ,1,0.14482924,0.85517076
QQQ,1,0.81645356,0.18354644
QQQ,1,0.30984377,0.69015623
QQQ,1,0.18193053,0.81806947
QQQ,1,0.99952308,0.00047692
QQQ,1,0.13034393,0.86965607
QQQ,1,0.55289214,0.44710786
QQQ,1,0.12791289,0.87208711
QQQ,1,0.84283140,0.15716860
QQQ,1,0.51042020,0.48957980
QQQ,1,0.39825325,0.60174675
QQQ,1,0.13193206,0.86806794
QQQ,1,0.99984211,0.00015789
QQQ,1,0.12507211,0.87492789
QQQ,1,0.55050779,0.44949221
QQQ,1,0.13697382,0.86302618
QQQ,1,0.99004560,0.00995440
QQQ,1,0.90657154,0.09342846
QQQ,1,0.91222260,0.08777740
QQQ,1,0.21556458,0.78443542
QQQ,1,1.00000000,0.00000000
QQQ,1,0.61024631,0.38975369
QQQ,1,0.99997664,0.00002336
QQQ,1,0.99719597,0.00280403
QQQ,1,0.99999998,0.00000002
QQQ,1,0.20870509,0.79129491
QQQ,1,0.12732990,0.87267010
QQQ,1,0.12807916,0.87192084
QQQ,1,0.68404871,0.31595129
QQQ,1,0.93980502,0.06019498
QQQ,1,0.12537139,0.87462861
QQQ,1,0.57426893,0.42573107
QQQ,1,0.77965246,0.22034754
QQQ,1,0.14760976,0.85239024
QQQ,1,0.89476832,0.10523168
QQQ,1,0.15947537,0.84052463
QQQ,1,0.37779039,0.62220961
QQQ,1,0.99657399,0.00342601
QQQ,1,0.22172061,0.77827939
QQQ,1,0.21734882,0.78265118
QQQ,1,0.86788752,0.13211248
QQQ,1,0.67012588,0.32987412
QQQ,1,0.13019076,0.86980924
QQQ,1,0.93124964,0.06875036
QQQ,1,0.26758917,0.73241083
QQQ,1,0.14640599,0.85359401
QQQ,1,0.12900529,0.87099471
QQQ,1,0.98667537,0.01332463
QQQ,1,0.45850399,0.54149601
QQQ,1,0.99999997,0.00000003
QQQ,1,0.99511973,0.00488027
QQQ,1,0.87319276,0.12680724
QQQ,1,0.48064393,0.51935607
QQQ,1,0.98210134,0.01789866
QQQ,1,0.12809089,0.87190911
QQQ,1,0.94850241,0.05149759
QQQ,1,0.12929303,0.87070697
QQQ,1,0.99999184,0.00000816
QQQ,1,0.99893667,0.00106333
QQQ,1,0.96787252,0.03212748
QQQ,1,1.00000000,0.00000000
QQQ,1,0.98852718,0.01147282
QQQ,1,0.96716746,0.03283254
QQQ,1,0.98408313,0.01591687
QQQ,1,0.99359667,0.00640333
QQQ,1,0.12753477,0.87246523
QQQ,1,0.96471788,0.03528212
QQQ,1,0.27904279,0.72095721
QQQ,1,0.43375506,0.56624494
QQQ,1,0.99426222,0.00573778
QQQ,1,0.98091552,0.01908448
QQQ,1,0.88240718,0.11759282
QQQ,1,0.99992111,0.00007889
QQQ,1,0.99999620,0.00000380
QQQ,1,0.99999991,0.00000009
QQQ,1,0.35383567,0.64616433
QQQ,1,0.99999671,0.00000329
QQQ,1,0.71852881,0.28147119
QQQ,1,0.46998822,0.53001178
QQQ,1,0.99999103,0.00000897
QQQ,1,0.78219251,0.21780749
QQQ,1,0.99811655,0.00188345
QQQ,1,0.99995783,0.00004217
QQQ,1,0.37015128,0.62984872
QQQ,1,0.98928340,0.01071660
QQQ,1,0.17569452,0.82430548
QQQ,1,0.12875334,0.87124666
QQQ,1,0.99176848,0.00823152
QQQ,1,0.99999999,0.00000001
QQQ,1,0.76227508,0.23772492
QQQ,1,0.16997579,0.83002421
QQQ,1,0.80117072,0.19882928
QQQ,1,0.13089921,0.86910079
QQQ,1,0.67113543,0.32886457
QQQ,1,0.41983325,0.58016675
QQQ,1,0.99832766,0.00167234
QQQ,1,0.12712474,0.87287526
QQQ,1,0.99357225,0.00642775
QQQ,1,0.99871813,0.00128187
QQQ,1,0.22214368,0.77785632
QQQ,1,0.24249570,0.75750430
QQQ,1,0.99746797,0.00253203
QQQ,1,0.12744663,0.87255337
QQQ,1,0.81631145,0.18368855
QQQ,1,0.93904537,0.06095463
QQQ,1,0.23463521,0.76536479
QQQ,1,0.82490851,0.17509149
QQQ,1,0.16021582,0.83978418
QQQ,1,0.92428569,0.07571431
QQQ,1,0.15210289,0.84789711
QQQ,1,0.30174415,0.69825585
QQQ,1,0.69481425,0.30518575
QQQ,1,0.25579766,0.74420234
QQQ,1,0.40670827,0.59329173
QQQ,1,0.13184978,0.86815022
QQQ,1,0.96044723,0.03955277
QQQ,1,0.12589599,0.87410401
QQQ,1,0.99875384,0.00124616
QQQ,1,0.20596156,0.79403844
QQQ,1,0.30707005,0.69292995
QQQ,1,0.93813951,0.06186049
QQQ,1,0.99999994,0.00000006
QQQ,1,0.96470519,0.03529481
QQQ,1,0.86873880,0.13126120
QQQ,1,0.59157495,0.40842505
QQQ,1,0.20808214,0.79191786
QQQ,1,0.12638471,0.87361529
QQQ,1,0.15682815,0.84317185
QQQ,1,0.99999145,0.00000855
QQQ,1,0.99999977,0.00000023
QQQ,1,0.31740513,0.68259487
QQQ,1,0.99997885,0.00002115
QQQ,1,0.97063304,0.02936696
QQQ,1,0.97344217,0.02655783
QQQ,1,0.26360925,0.73639075
QQQ,1,0.60558231,0.39441769
QQQ,1,0.14201724,0.85798276
QQQ,1,0.49656727,0.50343273
QQQ,1,0.80667459,0.19332541
QQQ,1,0.82551955,0.17448045
QQQ,1,0.13452651,0.86547349
QQQ,1,0.77689952,0.22310048
QQQ,1,0.83239729,0.16760271
QQQ,1,0.12569034,0.87430966
QQQ,1,0.92340229,0.07659771
QQQ,1,0.89411998,0.10588002
QQQ,1,0.18495311,0.81504689
QQQ,1,0.31757180,0.68242820
QQQ,1,0.99289553,0.00710447
QQQ,1,0.60331197,0.39668803
QQQ,1,0.97666877,0.02333123
QQQ,1,0.76169010,0.23830990
QQQ,1,0.27942487,0.72057513
QQQ,1,0.99153191,0.00846809
QQQ,1,0.32789716,0.67210284
QQQ,1,0.30598596,0.69401404
QQQ,1,0.38792358,0.61207642
QQQ,1,0.99938872,0.00061128
QQQ,1,0.99839420,0.00160580
QQQ,1,0.12664721,0.87335279
QQQ,1,0.19472114,0.80527886
QQQ,1,0.98801632,0.01198368
QQQ,1,0.94917318,0.05082682
QQQ,1,0.14216822,0.85783178
QQQ,1,0.19482981,0.80517019
QQQ,1,0.95075470,0.04924530
QQQ,1,0.78267866,0.21732134
QQQ,1,0.34496182,0.65503818
QQQ,1,0.19167636,0.80832364
QQQ,1,0.99998163,0.00001837
QQQ,1,0.25145594,0.74854406
QQQ,1,0.14476230,0.85523770
QQQ,1,0.14628112,0.85371888
QQQ,1,0.97776254,0.02223746
QQQ,1,0.95860508,0.04139492
QQQ,1,0.14001658,0.85998342
QQQ,1,0.64504913,0.35495087
QQQ,1,0.29580699,0.70419301
QQQ,1,0.19404253,0.80595747
QQQ,1,0.31040412,0.68959588
QQQ,1,0.23811790,0.76188210
QQQ,1,0.13252657,0.86747343
QQQ,1,0.49518194,0.50481806
QQQ,1,0.17915689,0.82084311
QQQ,1,0.22064361,0.77935639
QQQ,1,0.99940063,0.00059937
QQQ,1,0.27585157,0.72414843
QQQ,1,0.83568175,0.16431825
QQQ,1,0.29399226,0.70600774
QQQ,1,0.91832357,0.08167643
QQQ,1,0.93930980,0.06069020
QQQ,1,0.39846502,0.60153498
QQQ,1,0.14203803,0.85796197
QQQ,1,0.14031766,0.85968234
QQQ,1,0.25202674,0.74797326
QQQ,1,0.24220783,0.75779217
QQQ,1,0.99988592,0.00011408
QQQ,1,0.28447286,0.71552714
QQQ,1,0.13868390,0.86131610
QQQ,1,0.72535346,0.27464654
QQQ,1,0.87039021,0.12960979
QQQ,1,0.27679714,0.72320286
QQQ,1,0.19185046,0.80814954
QQQ,1,0.35029192,0.64970808
QQQ,1,0.77283129,0.22716871
QQQ,1,0.14421109,0.85578891
QQQ,1,0.12709976,0.87290024
QQQ,1,0.24842374,0.75157626
QQQ,1,0.14282450,0.85717550
QQQ,1,0.14219096,0.85780904
QQQ,1,0.39177255,0.60822745
QQQ,1,0.16843659,0.83156341
QQQ,1,0.14784231,0.85215769
QQQ,1,0.28364947,0.71635053
QQQ,1,0.13674296,0.86325704
QQQ,1,0.73573617,0.26426383
QQQ,1,0.97668227,0.02331773
QQQ,1,0.14191956,0.85808044
QQQ,1,0.13721614,0.86278386
QQQ,1,0.16232458,0.83767542
QQQ,1,0.41205270,0.58794730
QQQ,1,0.12509096,0.87490904
QQQ,1,0.70505123,0.29494877
QQQ,1,0.64315205,0.35684795
QQQ,1,0.41293171,0.58706829
QQQ,1,0.55486096,0.44513904
QQQ,1,0.16069987,0.83930013
QQQ,1,0.12684784,0.87315216
QQQ,1,0.12843881,0.87156119
QQQ,1,0.12729650,0.87270350
QQQ,1,0.66963286,0.33036714
QQQ,1,0.19988122,0.80011878
QQQ,1,0.44071546,0.55928454
QQQ,1,0.99999990,0.00000010
QQQ,1,0.15757585,0.84242415
QQQ,1,0.98896029,0.01103971
QQQ,1,0.30583206,0.69416794
QQQ,1,0.16882210,0.83117790
QQQ,1,0.13178121,0.86821879
QQQ,1,0.29786609,0.70213391
QQQ,1,0.99960793,0.00039207
QQQ,1,0.23825401,0.76174599
QQQ,1,0.15274141,0.84725859
QQQ,1,0.15708200,0.84291800
QQQ,1,0.22986844,0.77013156
QQQ,1,0.98452682,0.01547318
QQQ,1,0.15008530,0.84991470
QQQ,1,0.99429525,0.00570475
QQQ,1,0.15291347,0.84708653
QQQ,1,0.38127325,0.61872675
QQQ,1,0.12530087,0.87469913
QQQ,1,0.12574571,0.87425429
QQQ,1,0.75397926,0.24602074
QQQ,1,0.21666236,0.78333764
QQQ,1,0.19154497,0.80845503
QQQ,1,0.55474608,0.44525392
QQQ,1,0.21285872,0.78714128
QQQ,1,0.12697693,0.87302307
QQQ,1,0.71092728,0.28907272
QQQ,1,0.14089237,0.85910763
QQQ,1,0.51917976,0.48082024
QQQ,1,0.17364750,0.82635250
QQQ,1,0.14158268,0.85841732
QQQ,1,0.56244431,0.43755569
QQQ,1,0.49027602,0.50972398
QQQ,1,0.20248661,0.79751339
QQQ,1,0.19444960,0.80555040
QQQ,1,0.17196241,0.82803759
QQQ,1,0.66053658,0.33946342
QQQ,1,0.12504771,0.87495229
QQQ,1,0.25873410,0.74126590
QQQ,1,0.21103947,0.78896053
QQQ,1,0.52946171,0.47053829
QQQ,1,0.67262757,0.32737243
QQQ,1,0.38695244,0.61304756
QQQ,1,0.14444975,0.85555025
QQQ,1,0.12873555,0.87126445
QQQ,1,0.22030330,0.77969670
QQQ,1,0.15875215,0.84124785
QQQ,1,0.99565835,0.00434165
QQQ,1,0.12559064,0.87440936
QQQ,1,0.12969336,0.87030664
QQQ,1,0.30691435,0.69308565
QQQ,1,0.12583588,0.87416412
QQQ,1,0.99285384,0.00714616
QQQ,1,0.14113357,0.85886643
QQQ,1,0.13669151,0.86330849
QQQ,1,0.39610336,0.60389664
QQQ,1,0.15059548,0.84940452
QQQ,1,0.18445059,0.81554941
QQQ,1,0.52567715,0.47432285
QQQ,1,0.17273243,0.82726757
QQQ,1,0.39291784,0.60708216
QQQ,1,0.30995018,0.69004982
QQQ,1,0.31075024,0.68924976
QQQ,1,0.24343900,0.75656100
QQQ,1,0.14028945,0.85971055
QQQ,1,0.71287764,0.28712236
QQQ,1,0.94182257,0.05817743
QQQ,1,0.12819970,0.87180030
QQQ,1,0.14108491,0.85891509
QQQ,1,0.37684844,0.62315156
QQQ,1,0.12804937,0.87195063
QQQ,1,0.36197356,0.63802644
QQQ,1,0.17751766,0.82248234
QQQ,1,0.14743105,0.85256895
QQQ,1,0.74353398,0.25646602
QQQ,1,0.23617437,0.76382563
QQQ,1,0.13193863,0.86806137
QQQ,1,0.28422667,0.71577333
QQQ,1,0.62694374,0.37305626
QQQ,1,0.23282988,0.76717012
QQQ,1,0.99951028,0.00048972
QQQ,1,0.31532253,0.68467747
QQQ,1,0.12709967,0.87290033
QQQ,1,0.51781172,0.48218828
QQQ,1,0.15385539,0.84614461
QQQ,1,0.24995724,0.75004276
QQQ,1,0.12724236,0.87275764
QQQ,1,0.13082705,0.86917295
QQQ,1,0.97055241,0.02944759
QQQ,1,0.12647868,0.87352132
QQQ,1,0.26123082,0.73876918
QQQ,1,0.30363792,0.69636208
QQQ,1,0.18484753,0.81515247
QQQ,1,0.26783541,0.73216459
QQQ,1,0.51887657,0.48112343
QQQ,1,0.13466752,0.86533248
QQQ,1,0.16278101,0.83721899
QQQ,1,0.16630546,0.83369454
QQQ,1,0.23399450,0.76600550
QQQ,1,0.20221408,0.79778592
QQQ,1,0.12554334,0.87445666
QQQ,1,0.99922035,0.00077965
QQQ,1,0.13010005,0.86989995
QQQ,1,0.13485836,0.86514164
QQQ,1,0.16668416,0.83331584
QQQ,1,0.20951256,0.79048744
QQQ,1,0.35982898,0.64017102
QQQ,1,0.12584250,0.87415750
QQQ,1,0.12564613,0.87435387
QQQ,1,0.18020039,0.81979961
QQQ,1,0.85805311,0.14194689
QQQ,1,0.29442343,0.70557657
QQQ,1,0.12704994,0.87295006
QQQ,1,0.21274062,0.78725938
QQQ,1,0.14533412,0.85466588
QQQ,1,0.12709955,0.87290045
QQQ,1,0.12570916,0.87429084
QQQ,1,0.17007653,0.82992347
QQQ,1,0.18750362,0.81249638
QQQ,1,0.19184891,0.80815109
QQQ,1,0.32722564,0.67277436
QQQ,1,0.12506425,0.87493575
QQQ,1,0.18516558,0.81483442
QQQ,1,0.14862433,0.85137567
QQQ,1,0.37655673,0.62344327
QQQ,1,0.22147410,0.77852590
QQQ,1,0.82718729,0.17281271
QQQ,1,0.19585168,0.80414832
QQQ,1,0.14836566,0.85163434
QQQ,1,0.19207194,0.80792806
QQQ,1,0.87381936,0.12618064
QQQ,1,0.12934005,0.87065995
QQQ,1,0.33017330,0.66982670
QQQ,1,0.14090416,0.85909584
QQQ,1,0.55224321,0.44775679
QQQ,1,0.39710792,0.60289208
QQQ,1,0.99734965,0.00265035
QQQ,1,0.34019112,0.65980888
QQQ,1,0.15980199,0.84019801
QQQ,1,0.40629058,0.59370942
QQQ,1,0.63241937,0.36758063
QQQ,1,0.63432976,0.36567024
QQQ,1,0.13815630,0.86184370
QQQ,1,0.91562974,0.08437026
QQQ,1,0.18061207,0.81938793
QQQ,1,0.15316846,0.84683154
QQQ,1,0.14924896,0.85075104
QQQ,1,0.16030330,0.83969670
QQQ,1,0.19330988,0.80669012
QQQ,1,0.15888971,0.84111029
QQQ,1,0.13032793,0.86967207
QQQ,1,0.13583950,0.86416050
QQQ,1,0.16623009,0.83376991
QQQ,1,0.77670299,0.22329701
QQQ,1,0.22070706,0.77929294
QQQ,1,0.15480800,0.84519200
QQQ,1,0.52910177,0.47089823
QQQ,1,0.26117182,0.73882818
QQQ,1,0.12508096,0.87491904
QQQ,1,0.12511466,0.87488534
QQQ,1,0.98528181,0.01471819
QQQ,1,0.12531243,0.87468757
QQQ,1,0.12732436,0.87267564
QQQ,1,0.14759765,0.85240235
QQQ,1,0.37718163,0.62281837
QQQ,1,0.14762378,0.85237622
QQQ,1,0.17806266,0.82193734
QQQ,1,0.13166203,0.86833797
QQQ,1,0.17640980,0.82359020
QQQ,1,0.26675475,0.73324525
QQQ,1,0.13729369,0.86270631
QQQ,1,0.62825104,0.37174896
QQQ,1,0.12504415,0.87495585
QQQ,1,0.61250367,0.38749633
QQQ,1,0.22981405,0.77018595
QQQ,1,0.77973403,0.22026597
QQQ,1,0.17561225,0.82438775
QQQ,1,0.18553860,0.81446140
QQQ,1,0.19611187,0.80388813
QQQ,1,0.91840714,0.08159286
QQQ,1,0.12639882,0.87360118
QQQ,1,0.13826281,0.86173719
QQQ,1,0.12621456,0.87378544
QQQ,1,0.32321163,0.67678837
QQQ,1,0.13988131,0.86011869
QQQ,1,0.26943281,0.73056719
QQQ,1,0.20106811,0.79893189
QQQ,1,0.38087266,0.61912734
QQQ,1,0.13891891,0.86108109
QQQ,1,0.72683845,0.27316155
QQQ,1,0.12898629,0.87101371
QQQ,1,0.65154235,0.34845765
QQQ,1,0.12523132,0.87476868
QQQ,1,0.27655199,0.72344801
QQQ,1,0.12608345,0.87391655
QQQ,1,0.12711543,0.87288457
QQQ,1,0.49662068,0.50337932
QQQ,1,0.12708494,0.87291506
QQQ,1,0.13047284,0.86952716
QQQ,1,0.16662810,0.83337190
QQQ,1,0.12884711,0.87115289
QQQ,1,0.12605670,0.87394330
QQQ,1,0.38650006,0.61349994
QQQ,1,0.13614835,0.86385165
QQQ,1,0.12912787,0.87087213
QQQ,1,0.13028930,0.86971070
QQQ,1,0.56014410,0.43985590
QQQ,1,0.16742550,0.83257450
QQQ,1,0.19063797,0.80936203
QQQ,1,0.17516616,0.82483384
QQQ,1,0.15020434,0.84979566
QQQ,1,0.35227405,0.64772595
QQQ,1,0.18593780,0.81406220
QQQ,1,0.13032288,0.86967712
QQQ,1,0.12997897,0.87002103
QQQ,1,0.20608127,0.79391873
QQQ,1,0.12507521,0.87492479
QQQ,1,0.13631724,0.86368276
QQQ,1,0.15096962,0.84903038
QQQ,1,0.13522907,0.86477093
QQQ,1,0.33392273,0.66607727
QQQ,1,0.65490558,0.34509442
QQQ,1,0.48464633,0.51535367
QQQ,1,0.13008405,0.86991595
QQQ,1,0.13727778,0.86272222
QQQ,1,0.13049202,0.86950798
QQQ,1,0.12597466,0.87402534
QQQ,1,0.39485134,0.60514866
QQQ,1,0.13052289,0.86947711
QQQ,1,0.47750937,0.52249063
QQQ,1,0.12532632,0.87467368
QQQ,1,0.12662291,0.87337709
QQQ,1,0.21561218,0.78438782
QQQ,1,0.17671440,0.82328560
QQQ,1,0.17776056,0.82223944
QQQ,1,0.26995394,0.73004606
QQQ,1,0.13352904,0.86647096
QQQ,1,0.34120309,0.65879691
QQQ,1,0.13564132,0.86435868
QQQ,1,0.22795186,0.77204814
QQQ,1,0.13098521,0.86901479
QQQ,1,0.14803989,0.85196011
QQQ,1,0.12989025,0.87010975
QQQ,1,0.12925226,0.87074774
QQQ,1,0.26670226,0.73329774
QQQ,1,0.21931198,0.78068802
QQQ,1,0.14985879,0.85014121
QQQ,1,0.18381089,0.81618911
QQQ,1,0.13083275,0.86916725
QQQ,1,0.78213987,0.21786013
QQQ,1,0.13725619,0.86274381
QQQ,1,0.28265563,0.71734437
QQQ,1,0.19786561,0.80213439
QQQ,1,0.45352457,0.54647543
QQQ,1,0.40331891,0.59668109
QQQ,1,0.12540279,0.87459721
QQQ,1,0.36376981,0.63623019
QQQ,1,0.13356387,0.86643613
QQQ,1,0.42414219,0.57585781
QQQ,1,0.28953580,0.71046420
QQQ,1,0.18214794,0.81785206
QQQ,1,0.21898931,0.78101069
QQQ,1,0.89804681,0.10195319
QQQ,1,0.12765415,0.87234585
QQQ,1,0.37027136,0.62972864
QQQ,1,0.13639828,0.86360172
QQQ,1,0.12698031,0.87301969
QQQ,1,0.18063649,0.81936351
QQQ,1,0.86947986,0.13052014
QQQ,1,0.21544770,0.78455230
QQQ,1,0.24600051,0.75399949
QQQ,1,0.12697809,0.87302191
QQQ,1,0.12504571,0.87495429
QQQ,1,0.15071848,0.84928152
QQQ,1,0.31073028,0.68926972
QQQ,1,0.13579338,0.86420662
QQQ,1,0.46018647,0.53981353
QQQ,1,0.12939724,0.87060276
QQQ,1,0.24368946,0.75631054
QQQ,1,0.73071275,0.26928725
QQQ,1,0.16248597,0.83751403
QQQ,1,0.86388779,0.13611221
QQQ,1,0.18707768,0.81292232
QQQ,1,0.15693880,0.84306120
QQQ,1,0.12830633,0.87169367
QQQ,1,0.49143806,0.50856194
QQQ,1,0.40141769,0.59858231
QQQ,1,0.84887784,0.15112216
QQQ,1,0.17133683,0.82866317
QQQ,1,0.13975804,0.86024196
QQQ,1,0.17180568,0.82819432
QQQ,1,0.16053496,0.83946504
QQQ,1,0.17903603,0.82096397
QQQ,1,0.18439757,0.81560243
QQQ,1,0.31402541,0.68597459
QQQ,1,0.12991620,0.87008380
QQQ,1,0.15848745,0.84151255
QQQ,1,0.16796913,0.83203087
QQQ,1,0.19945925,0.80054075
QQQ,1,0.17589375,0.82410625
QQQ,1,0.12531642,0.87468358
QQQ,1,0.13826970,0.86173030
QQQ,1,0.14183861,0.85816139
QQQ,1,0.15968844,0.84031156
QQQ,1,0.57672045,0.42327955
QQQ,1,0.16322957,0.83677043
QQQ,1,0.15516488,0.84483512
QQQ,1,0.13473299,0.86526701
QQQ,1,0.12589522,0.87410478
QQQ,1,0.12824329,0.87175671
QQQ,1,0.24993095,0.75006905
QQQ,1,0.14235105,0.85764895
QQQ,1,0.77524539,0.22475461
QQQ,1,0.12951614,0.87048386
QQQ,1,0.30474855,0.69525145
QQQ,1,0.15192030,0.84807970
QQQ,1,0.29512916,0.70487084
QQQ,1,0.24518544,0.75481456
QQQ,1,0.12558137,0.87441863
QQQ,1,0.18998207,0.81001793
QQQ,1,0.12550782,0.87449218
QQQ,1,0.16890409,0.83109591
QQQ,1,0.30473372,0.69526628
QQQ,1,0.26171826,0.73828174
QQQ,1,0.12599444,0.87400556
QQQ,1,0.16306778,0.83693222
QQQ,1,0.16875251,0.83124749
QQQ,1,0.18285912,0.81714088
QQQ,1,0.20712431,0.79287569
QQQ,1,0.47836786,0.52163214
QQQ,1,0.15812065,0.84187935
QQQ,1,0.68513580,0.31486420
QQQ,1,0.12530742,0.87469258
QQQ,1,0.21859084,0.78140916
QQQ,1,0.12543850,0.87456150
QQQ,1,0.13590544,0.86409456
QQQ,1,0.12669512,0.87330488
QQQ,1,0.20510382,0.79489618
QQQ,1,0.13504895,0.86495105
QQQ,1,0.23470326,0.76529674
QQQ,1,0.12940468,0.87059532
QQQ,1,0.76558449,0.23441551
QQQ,1,0.92614672,0.07385328
QQQ,1,0.24225640,0.75774360
QQQ,1,0.48788576,0.51211424
QQQ,1,0.14432802,0.85567198
QQQ,1,0.28367805,0.71632195
QQQ,1,0.13328623,0.86671377
QQQ,1,0.22724294,0.77275706
QQQ,1,0.13412210,0.86587790
QQQ,1,0.12798456,0.87201544
QQQ,1,0.62980447,0.37019553
QQQ,1,0.12549088,0.87450912
QQQ,1,0.51297404,0.48702596
QQQ,1,0.91084114,0.08915886
QQQ,1,0.12566407,0.87433593
QQQ,1,0.25736389,0.74263611
QQQ,1,0.17120720,0.82879280
QQQ,1,0.30870813,0.69129187
QQQ,1,0.12542960,0.87457040
QQQ,1,0.22667493,0.77332507
QQQ,1,0.24022108,0.75977892
QQQ,1,0.47871521,0.52128479
QQQ,1,0.13696739,0.86303261
QQQ,1,0.19519305,0.80480695
QQQ,1,0.13027571,0.86972429
QQQ,1,0.12506050,0.87493950
QQQ,1,0.29037106,0.70962894
QQQ,1,0.13326961,0.86673039
QQQ,1,0.13746475,0.86253525
QQQ,1,0.40538260,0.59461740
QQQ,1,0.12508507,0.87491493
QQQ,1,0.16260652,0.83739348
QQQ,1,0.34240264,0.65759736
QQQ,1,0.45601754,0.54398246
QQQ,1,0.16305127,0.83694873
QQQ,1,0.13212978,0.86787022
QQQ,1,0.17309984,0.82690016
QQQ,1,0.36201761,0.63798239
QQQ,1,0.29538620,0.70461380
QQQ,1,0.12780514,0.87219486
QQQ,1,0.21104008,0.78895992
QQQ,1,0.12612314,0.87387686
QQQ,1,0.13152914,0.86847086
QQQ,1,0.12508303,0.87491697
QQQ,1,0.13451352,0.86548648
QQQ,1,0.43809007,0.56190993
QQQ,1,0.12714131,0.87285869
QQQ,1,0.13272961,0.86727039
QQQ,1,0.18114146,0.81885854
QQQ,1,0.12654686,0.87345314
QQQ,1,0.32694465,0.67305535
QQQ,1,0.12894472,0.87105528
QQQ,1,0.89709521,0.10290479
QQQ,1,0.16213227,0.83786773
QQQ,1,0.12665265,0.87334735
QQQ,1,0.17014727,0.82985273
QQQ,1,0.21624002,0.78375998
QQQ,1,0.52024502,0.47975498
QQQ,1,0.13404497,0.86595503
QQQ,1,0.12628979,0.87371021
QQQ,1,0.12843640,0.87156360
QQQ,1,0.13879667,0.86120333
QQQ,1,0.14004097,0.85995903
QQQ,1,0.31732983,0.68267017
QQQ,1,0.15293766,0.84706234
QQQ,1,0.13674484,0.86325516
QQQ,1,0.35346226,0.64653774
QQQ,1,0.64536426,0.35463574
QQQ,1,0.14975502,0.85024498
QQQ,1,0.14259320,0.85740680
QQQ,1,0.84229799,0.15770201
QQQ,1,0.16509861,0.83490139
QQQ,1,0.12606340,0.87393660
QQQ,1,0.13344238,0.86655762
QQQ,1,0.13285315,0.86714685
QQQ,1,0.15693759,0.84306241
QQQ,1,0.14857001,0.85142999
QQQ,1,0.18854861,0.81145139
QQQ,1,0.12651272,0.87348728
QQQ,1,0.12765258,0.87234742
QQQ,1,0.13299309,0.86700691
QQQ,1,0.26857537,0.73142463
QQQ,1,0.20654584,0.79345416
QQQ,1,0.14062610,0.85937390
QQQ,1,0.14793253,0.85206747
QQQ,1,0.26906499,0.73093501
QQQ,1,0.14346484,0.85653516
QQQ,1,0.35138718,0.64861282
QQQ,1,0.17903608,0.82096392
QQQ,1,0.12568737,0.87431263
QQQ,1,0.17800459,0.82199541
QQQ,1,0.12921049,0.87078951
QQQ,1,0.12511644,0.87488356
QQQ,1,0.12772401,0.87227599
QQQ,1,0.57943353,0.42056647
QQQ,1,0.14021382,0.85978618
QQQ,1,0.12682945,0.87317055
QQQ,1,0.13306285,0.86693715
QQQ,1,0.42471176,0.57528824
QQQ,1,0.14028578,0.85971422
QQQ,1,0.15177029,0.84822971
QQQ,1,0.12950569,0.87049431
QQQ,1,0.17749956,0.82250044
QQQ,1,0.14374805,0.85625195
QQQ,1,0.13221053,0.86778947
QQQ,1,0.19456251,0.80543749
QQQ,1,0.13050129,0.86949871
QQQ,1,0.15971477,0.84028523
QQQ,1,0.23792709,0.76207291
QQQ,1,0.12732614,0.87267386
QQQ,1,0.12541057,0.87458943
QQQ,1,0.13627524,0.86372476
QQQ,1,0.18890607,0.81109393
QQQ,1,0.12697850,0.87302150
QQQ,1,0.12532998,0.87467002
QQQ,1,0.12732000,0.87268000
QQQ,1,0.21138427,0.78861573
QQQ,1,0.51759343,0.48240657
QQQ,1,0.16057888,0.83942112
QQQ,1,0.14378545,0.85621455
QQQ,1,0.14129793,0.85870207
QQQ,1,0.12507687,0.87492313
QQQ,1,0.15932033,0.84067967
QQQ,1,0.16962179,0.83037821
QQQ,1,0.26564249,0.73435751
QQQ,1,0.17930453,0.82069547
QQQ,1,0.17031585,0.82968415
QQQ,1,0.38700600,0.61299400
QQQ,1,0.58931068,0.41068932
QQQ,1,0.18562995,0.81437005
QQQ,1,0.32035936,0.67964064
QQQ,1,0.13601780,0.86398220
QQQ,1,0.24757605,0.75242395
QQQ,1,0.12534585,0.87465415
QQQ,1,0.14081388,0.85918612
QQQ,1,0.26006401,0.73993599
QQQ,1,0.13471272,0.86528728
QQQ,1,0.12698607,0.87301393
QQQ,1,0.22683064,0.77316936
QQQ,1,0.34732119,0.65267881
QQQ,1,0.12586218,0.87413782
QQQ,1,0.12670849,0.87329151
QQQ,1,0.40830786,0.59169214
QQQ,1,0.12506025,0.87493975
QQQ,1,0.32691142,0.67308858
QQQ,1,0.14314243,0.85685757
QQQ,1,0.15684290,0.84315710
QQQ,1,0.13198519,0.86801481
QQQ,1,0.29156857,0.70843143
QQQ,1,0.13490246,0.86509754
QQQ,1,0.25768955,0.74231045
QQQ,1,0.12533030,0.87466970
QQQ,1,0.26179471,0.73820529
QQQ,1,0.15139314,0.84860686
QQQ,1,0.20760856,0.79239144
QQQ,1,0.20741068,0.79258932
QQQ,1,0.12504598,0.87495402
QQQ,1,0.17394178,0.82605822
QQQ,1,0.14433368,0.85566632
QQQ,1,0.32167298,0.67832702
QQQ,1,0.18791243,0.81208757
QQQ,1,0.13262697,0.86737303
QQQ,1,0.12641562,0.87358438
QQQ,1,0.19087279,0.80912721
QQQ,1,0.13550979,0.86449021
QQQ,1,0.16771885,0.83228115
QQQ,1,0.24247040,0.75752960
QQQ,1,0.12743833,0.87256167
QQQ,1,0.14352752,0.85647248
QQQ,1,0.12666472,0.87333528
QQQ,1,0.24993307,0.75006693
QQQ,1,0.13037832,0.86962168
QQQ,1,0.12517973,0.87482027
QQQ,1,0.12738367,0.87261633
QQQ,1,0.16879476,0.83120524
QQQ,1,0.48166913,0.51833087
QQQ,1,0.13211955,0.86788045
QQQ,1,0.20801342,0.79198658
QQQ,1,0.15442562,0.84557438
QQQ,1,0.13118123,0.86881877
QQQ,1,0.12642248,0.87357752
QQQ,1,0.24040226,0.75959774
QQQ,1,0.16397062,0.83602938
QQQ,1,0.14003265,0.85996735
QQQ,1,0.13917452,0.86082548
QQQ,1,0.38594835,0.61405165
QQQ,1,0.34131364,0.65868636
QQQ,1,0.77612133,0.22387867
QQQ,1,0.12561361,0.87438639
QQQ,1,0.15733796,0.84266204
QQQ,1,0.16789882,0.83210118
QQQ,1,0.85066237,0.14933763
QQQ,1,0.28714742,0.71285258
QQQ,1,0.16138626,0.83861374
QQQ,1,0.18076748,0.81923252
QQQ,1,0.12557072,0.87442928
QQQ,1,0.19942500,0.80057500
QQQ,1,0.14935742,0.85064258
QQQ,1,0.13716157,0.86283843
QQQ,1,0.14357376,0.85642624
QQQ,1,0.25136735,0.74863265
QQQ,1,0.12652747,0.87347253
QQQ,1,0.12979245,0.87020755
QQQ,1,0.14097504,0.85902496
QQQ,1,0.15939777,0.84060223
QQQ,1,0.13947966,0.86052034
QQQ,1,0.12896055,0.87103945
QQQ,1,0.21316519,0.78683481
QQQ,1,0.16161830,0.83838170
QQQ,1,0.15125314,0.84874686
QQQ,1,0.29585860,0.70414140
QQQ,1,0.18518642,0.81481358
QQQ,1,0.13738135,0.86261865
QQQ,1,0.14296934,0.85703066
QQQ,1,0.13249567,0.86750433
QQQ,1,0.13548890,0.86451110
QQQ,1,0.19640453,0.80359547
QQQ,1,0.12574375,0.87425625
QQQ,1,0.13223774,0.86776226
QQQ,1,0.17583909,0.82416091
QQQ,1,0.15794359,0.84205641
QQQ,1,0.30875545,0.69124455
QQQ,1,0.12521561,0.87478439
QQQ,1,0.17548413,0.82451587
QQQ,1,0.12918271,0.87081729
QQQ,1,0.15091747,0.84908253
QQQ,1,0.20658457,0.79341543
QQQ,1,0.13676283,0.86323717
QQQ,1,0.13380362,0.86619638
QQQ,1,0.13057710,0.86942290
QQQ,1,0.14458441,0.85541559
QQQ,1,0.12515149,0.87484851
QQQ,1,0.12504362,0.87495638
QQQ,1,0.12521497,0.87478503
QQQ,1,0.12577102,0.87422898
QQQ,1,0.22496031,0.77503969
QQQ,1,0.24058432,0.75941568
QQQ,1,0.14279098,0.85720902
QQQ,1,0.18721210,0.81278790
QQQ,1,0.12682424,0.87317576
QQQ,1,0.16894552,0.83105448
QQQ,1,0.12732640,0.87267360
QQQ,1,0.20686642,0.79313358
QQQ,1,0.13684228,0.86315772
QQQ,1,0.13168908,0.86831092
QQQ,1,0.52970863,0.47029137
QQQ,1,0.20511359,0.79488641
QQQ,1,0.14271468,0.85728532
QQQ,1,0.12926529,0.87073471
QQQ,1,0.20003346,0.79996654
QQQ,1,0.13334611,0.86665389
QQQ,1,0.13458384,0.86541616
QQQ,1,0.22554037,0.77445963
QQQ,1,0.16678871,0.83321129
QQQ,1,0.12529609,0.87470391
QQQ,1,0.12601355,0.87398645
QQQ,1,0.13460517,0.86539483
QQQ,1,0.13326054,0.86673946
QQQ,1,0.16733020,0.83266980
QQQ,1,0.14252297,0.85747703
QQQ,1,0.17216696,0.82783304
QQQ,1,0.12631673,0.87368327
QQQ,1,0.21770304,0.78229696
QQQ,1,0.12504803,0.87495197
QQQ,1,0.19575990,0.80424010
QQQ,1,0.14412296,0.85587704
QQQ,1,0.16551398,0.83448602
QQQ,1,0.15075929,0.84924071
QQQ,1,0.17384504,0.82615496
QQQ,1,0.16662802,0.83337198
QQQ,1,0.14264352,0.85735648
QQQ,1,0.14637808,0.85362192
QQQ,1,0.37293542,0.62706458
QQQ,1,0.14142843,0.85857157
QQQ,1,0.13951515,0.86048485
QQQ,1,0.12550608,0.87449392
QQQ,1,0.12518680,0.87481320
QQQ,1,0.12997374,0.87002626
QQQ,1,0.14985754,0.85014246
QQQ,1,0.12742460,0.87257540
QQQ,1,0.13157853,0.86842147
QQQ,1,0.16525639,0.83474361
QQQ,1,0.13146189,0.86853811
QQQ,1,0.18514330,0.81485670
QQQ,1,0.12570654,0.87429346
QQQ,1,0.13493272,0.86506728
QQQ,1,0.31377174,0.68622826
QQQ,1,0.12907662,0.87092338
QQQ,1,0.12505454,0.87494546
QQQ,1,0.14509606,0.85490394
QQQ,1,0.13106548,0.86893452
QQQ,1,0.12853445,0.87146555
QQQ,1,0.23237391,0.76762609
QQQ,1,0.12582993,0.87417007
QQQ,1,0.14961393,0.85038607
QQQ,1,0.16469396,0.83530604
QQQ,1,0.13821575,0.86178425
QQQ,1,0.22720943,0.77279057
QQQ,1,0.13079130,0.86920870
QQQ,1,0.13083594,0.86916406
QQQ,1,0.12514797,0.87485203
QQQ,1,0.12836505,0.87163495
QQQ,1,0.12505456,0.87494544
QQQ,1,0.28064492,0.71935508
QQQ,1,0.16202558,0.83797442
QQQ,1,0.13026876,0.86973124
QQQ,1,0.15299729,0.84700271
QQQ,1,0.30717903,0.69282097
QQQ,1,0.30053252,0.69946748
QQQ,1,0.12668879,0.87331121
QQQ,1,0.14383262,0.85616738
QQQ,1,0.14331679,0.85668321
QQQ,1,0.25015048,0.74984952
QQQ,1,0.15982187,0.84017813
QQQ,1,0.16755345,0.83244655
QQQ,1,0.13299770,0.86700230
QQQ,1,0.15763861,0.84236139
QQQ,1,0.54573487,0.45426513
QQQ,1,0.17497416,0.82502584
QQQ,1,0.14753450,0.85246550
QQQ,1,0.37780120,0.62219880
QQQ,1,0.13063294,0.86936706
QQQ,1,0.14371014,0.85628986
QQQ,1,0.60706760,0.39293240
QQQ,1,0.15387546,0.84612454
QQQ,1,0.32180707,0.67819293
QQQ,1,0.12504360,0.87495640
QQQ,1,0.26771010,0.73228990
QQQ,1,0.36191815,0.63808185
QQQ,1,0.13692399,0.86307601
QQQ,1,0.12631591,0.87368409
QQQ,1,0.12510567,0.87489433
QQQ,1,0.12518926,0.87481074
QQQ,1,0.21890726,0.78109274
QQQ,1,0.13188561,0.86811439
QQQ,1,0.12508054,0.87491946
QQQ,1,0.13972894,0.86027106
QQQ,1,0.14758532,0.85241468
QQQ,1,0.28364687,0.71635313
QQQ,1,0.13612141,0.86387859
QQQ,1,0.12917273,0.87082727
QQQ,1,0.13398432,0.86601568
QQQ,1,0.12922995,0.87077005
QQQ,1,0.12827811,0.87172189
QQQ,1,0.17352566,0.82647434
QQQ,1,0.14270025,0.85729975
QQQ,1,0.12977810,0.87022190
QQQ,1,0.48373182,0.51626818
QQQ,1,0.13222635,0.86777365
QQQ,1,0.16042331,0.83957669
QQQ,1,0.13013086,0.86986914
QQQ,1,0.12670321,0.87329679
QQQ,1,0.16127702,0.83872298
QQQ,1,0.13193859,0.86806141
QQQ,1,0.13438306,0.86561694
QQQ,1,0.13767646,0.86232354
QQQ,1,0.13167828,0.86832172
QQQ,1,0.12644092,0.87355908
QQQ,1,0.15668625,0.84331375
QQQ,1,0.39210954,0.60789046
QQQ,1,0.12505475,0.87494525
QQQ,1,0.13759188,0.86240812
QQQ,1,0.15543176,0.84456824
QQQ,1,0.12519509,0.87480491
QQQ,1,0.18159580,0.81840420
QQQ,1,0.12672871,0.87327129
QQQ,1,0.15507696,0.84492304
QQQ,1,0.16934818,0.83065182
QQQ,1,0.66114846,0.33885154
QQQ,1,0.23213430,0.76786570
QQQ,1,0.14033355,0.85966645
QQQ,1,0.47906880,0.52093120
QQQ,1,0.14074215,0.85925785
QQQ,1,0.12558462,0.87441538
QQQ,1,0.16633547,0.83366453
QQQ,1,0.13777219,0.86222781
QQQ,1,0.12537072,0.87462928
QQQ,1,0.15400151,0.84599849
QQQ,1,0.24043391,0.75956609
QQQ,1,0.15525995,0.84474005
QQQ,1,0.95636933,0.04363067
QQQ,1,0.12625821,0.87374179
QQQ,1,0.13724331,0.86275669
QQQ,1,0.13584297,0.86415703
QQQ,1,0.15603476,0.84396524
QQQ,1,0.29310290,0.70689710
QQQ,1,0.12933721,0.87066279
QQQ,1,0.13749895,0.86250105
QQQ,1,0.13198117,0.86801883
QQQ,1,0.42202284,0.57797716
QQQ,1,0.27921745,0.72078255
QQQ,1,0.13217005,0.86782995
QQQ,1,0.13843796,0.86156204
QQQ,1,0.22571482,0.77428518
QQQ,1,0.18253028,0.81746972
QQQ,1,0.14566733,0.85433267
QQQ,1,0.22452745,0.77547255
QQQ,1,0.19096253,0.80903747
QQQ,1,0.15720189,0.84279811
QQQ,1,0.19235564,0.80764436
QQQ,1,0.16365467,0.83634533
QQQ,1,0.23474155,0.76525845
QQQ,1,0.23882032,0.76117968
QQQ,1,0.12751073,0.87248927
QQQ,1,0.12901485,0.87098515
QQQ,1,0.22504671,0.77495329
QQQ,1,0.31326714,0.68673286
QQQ,1,0.26190721,0.73809279
QQQ,1,0.12634864,0.87365136
QQQ,1,0.14670088,0.85329912
QQQ,1,0.18442638,0.81557362
QQQ,1,0.15183726,0.84816274
QQQ,1,0.12506166,0.87493834
QQQ,1,0.17764164,0.82235836
QQQ,1,0.12521042,0.87478958
QQQ,1,0.13071268,0.86928732
QQQ,1,0.41938960,0.58061040
QQQ,1,0.18913270,0.81086730
QQQ,1,0.16955803,0.83044197
QQQ,1,0.12798625,0.87201375
QQQ,1,0.12910428,0.87089572
QQQ,1,0.21012309,0.78987691
QQQ,1,0.12716823,0.87283177
QQQ,1,0.12989020,0.87010980
QQQ,1,0.14083274,0.85916726
QQQ,1,0.12520914,0.87479086
QQQ,1,0.13580942,0.86419058
QQQ,1,0.49750981,0.50249019
QQQ,1,0.13583366,0.86416634
QQQ,1,0.12956181,0.87043819
QQQ,1,0.12570593,0.87429407
QQQ,1,0.14508040,0.85491960
QQQ,1,0.19564792,0.80435208
QQQ,1,0.13199682,0.86800318
QQQ,1,0.19161923,0.80838077
QQQ,1,0.12738025,0.87261975
QQQ,1,0.17197049,0.82802951
QQQ,1,0.12506802,0.87493198
QQQ,1,0.13553236,0.86446764
QQQ,1,0.20574511,0.79425489
QQQ,1,0.49195797,0.50804203
QQQ,1,0.14482598,0.85517402
QQQ,1,0.13181383,0.86818617
QQQ,1,0.24362873,0.75637127
QQQ,1,0.12661700,0.87338300
QQQ,1,0.12804605,0.87195395
QQQ,1,0.12512132,0.87487868
QQQ,1,0.19177348,0.80822652
QQQ,1,0.18749023,0.81250977
QQQ,1,0.20740928,0.79259072
QQQ,1,0.12782569,0.87217431
QQQ,1,0.12608883,0.87391117
QQQ,1,0.17103789,0.82896211
QQQ,1,0.17389575,0.82610425
QQQ,1,0.12620924,0.87379076
QQQ,1,0.13393617,0.86606383
QQQ,1,0.18457935,0.81542065
QQQ,1,0.73891520,0.26108480
QQQ,1,0.32920801,0.67079199
QQQ,1,0.12640258,0.87359742
QQQ,1,0.16435696,0.83564304
QQQ,1,0.30224626,0.69775374
QQQ,1,0.16543643,0.83456357
QQQ,1,0.16141443,0.83858557
QQQ,1,0.18835863,0.81164137
QQQ,1,0.20646590,0.79353410
QQQ,1,0.15050656,0.84949344
QQQ,1,0.28180071,0.71819929
QQQ,1,0.13524458,0.86475542
QQQ,1,0.66191595,0.33808405
QQQ,1,0.13262311,0.86737689
QQQ,1,0.76932851,0.23067149
QQQ,1,0.12593102,0.87406898
QQQ,1,0.69078759,0.30921241
QQQ,1,0.12743808,0.87256192
QQQ,1,0.16454753,0.83545247
QQQ,1,0.12744648,0.87255352
QQQ,1,0.15452827,0.84547173
QQQ,1,0.58649418,0.41350582
QQQ,1,0.14190674,0.85809326
QQQ,1,0.19922535,0.80077465
QQQ,1,0.90393281,0.09606719
QQQ,1,0.14831592,0.85168408
QQQ,1,0.17688244,0.82311756
QQQ,1,0.12551400,0.87448600
QQQ,1,0.36368952,0.63631048
QQQ,1,0.24059769,0.75940231
QQQ,1,0.12691329,0.87308671
QQQ,1,0.12913049,0.87086951
QQQ,1,0.51341100,0.48658900
QQQ,1,0.15249298,0.84750702
QQQ,1,0.96217527,0.03782473
QQQ,1,0.13174292,0.86825708
QQQ,1,0.14602745,0.85397255
QQQ,1,0.66915994,0.33084006
QQQ,1,0.12817315,0.87182685
QQQ,1,0.22301260,0.77698740
QQQ,1,0.19008042,0.80991958
QQQ,1,0.15829279,0.84170721
QQQ,1,0.50167350,0.49832650
QQQ,1,0.46699560,0.53300440
QQQ,1,0.22347233,0.77652767
QQQ,1,0.12738813,0.87261187
QQQ,1,0.13259251,0.86740749
QQQ,1,0.27263478,0.72736522
QQQ,1,0.30587945,0.69412055
QQQ,1,0.22864567,0.77135433
QQQ,1,0.52712965,0.47287035
QQQ,1,0.15654130,0.84345870
QQQ,1,0.12520230,0.87479770
QQQ,1,0.15462129,0.84537871
QQQ,1,0.59351048,0.40648952
QQQ,1,0.12549106,0.87450894
QQQ,1,0.41416530,0.58583470
QQQ,1,0.20525839,0.79474161
QQQ,1,0.15656791,0.84343209
QQQ,1,0.13659610,0.86340390
QQQ,1,0.15600464,0.84399536
QQQ,1,0.15473580,0.84526420
QQQ,1,0.12569475,0.87430525
QQQ,1,0.16018615,0.83981385
QQQ,1,0.15543159,0.84456841
QQQ,1,0.15033605,0.84966395
QQQ,1,0.84038195,0.15961805
QQQ,1,0.80345089,0.19654911
QQQ,1,0.14215137,0.85784863
QQQ,1,0.12695800,0.87304200
QQQ,1,0.19181170,0.80818830
QQQ,1,0.12508496,0.87491504
QQQ,1,0.16461192,0.83538808
QQQ,1,0.12883930,0.87116070
QQQ,1,0.12748647,0.87251353
QQQ,1,0.16552820,0.83447180
QQQ,1,0.13282427,0.86717573
QQQ,1,0.13994339,0.86005661
QQQ,1,0.12541444,0.87458556
QQQ,1,0.14359069,0.85640931
QQQ,1,0.19988355,0.80011645
QQQ,1,0.55848190,0.44151810
QQQ,1,0.14932776,0.85067224
QQQ,1,0.14869503,0.85130497
QQQ,1,0.15358635,0.84641365
QQQ,1,0.50212965,0.49787035
QQQ,1,0.17029062,0.82970938
QQQ,1,0.12583359,0.87416641
QQQ,1,0.13328496,0.86671504
QQQ,1,0.12506664,0.87493336
QQQ,1,0.15343754,0.84656246
QQQ,1,0.30389592,0.69610408
QQQ,1,0.14424039,0.85575961
QQQ,1,0.17101227,0.82898773
QQQ,1,0.41960866,0.58039134
QQQ,1,0.14773732,0.85226268
QQQ,1,0.12561150,0.87438850
QQQ,1,0.12936412,0.87063588
QQQ,1,0.13670177,0.86329823
QQQ,1,0.26595756,0.73404244
QQQ,1,0.13296685,0.86703315
QQQ,1,0.80621004,0.19378996
QQQ,1,0.15017676,0.84982324
QQQ,1,0.12730302,0.87269698
QQQ,1,0.13171530,0.86828470
QQQ,1,0.12720253,0.87279747
QQQ,1,0.12712475,0.87287525
QQQ,1,0.39182499,0.60817501
QQQ,1,0.14578122,0.85421878
QQQ,1,0.12536924,0.87463076
QQQ,1,0.21244466,0.78755534
QQQ,1,0.14373540,0.85626460
QQQ,1,0.12785975,0.87214025
QQQ,1,0.12898085,0.87101915
QQQ,1,0.20628175,0.79371825
QQQ,1,0.15382726,0.84617274
QQQ,1,0.15545915,0.84454085
QQQ,1,0.19236776,0.80763224
QQQ,1,0.29584768,0.70415232
QQQ,1,0.14562147,0.85437853
QQQ,1,0.12958652,0.87041348
QQQ,1,0.28742850,0.71257150
QQQ,1,0.12507018,0.87492982
QQQ,1,0.12915361,0.87084639
QQQ,1,0.31082492,0.68917508
QQQ,1,0.16481290,0.83518710
QQQ,1,0.14142539,0.85857461
QQQ,1,0.14197580,0.85802420
QQQ,1,0.14171144,0.85828856
QQQ,1,0.20474837,0.79525163
QQQ,1,0.22645193,0.77354807
QQQ,1,0.13909405,0.86090595
QQQ,1,0.13815338,0.86184662
QQQ,1,0.12507699,0.87492301
QQQ,1,0.12759949,0.87240051
QQQ,1,0.12636084,0.87363916
QQQ,1,0.15203934,0.84796066
QQQ,1,0.12634035,0.87365965
QQQ,1,0.71188698,0.28811302
QQQ,1,0.12608770,0.87391230
QQQ,1,0.15806296,0.84193704
QQQ,1,0.12510283,0.87489717
QQQ,1,0.17949153,0.82050847
QQQ,1,0.27500511,0.72499489
QQQ,1,0.13714133,0.86285867
QQQ,1,0.13238250,0.86761750
QQQ,1,0.26772393,0.73227607
QQQ,1,0.13457450,0.86542550
QQQ,1,0.13462569,0.86537431
QQQ,1,0.14659863,0.85340137
QQQ,1,0.12644185,0.87355815
QQQ,1,0.22442275,0.77557725
QQQ,1,0.13135603,0.86864397
QQQ,1,0.19712006,0.80287994
QQQ,1,0.13383648,0.86616352
QQQ,1,0.13433677,0.86566323
QQQ,1,0.16186222,0.83813778
QQQ,1,0.21613476,0.78386524
QQQ,1,0.13332190,0.86667810
QQQ,1,0.14347991,0.85652009
QQQ,1,0.13853201,0.86146799
QQQ,1,0.12531455,0.87468545
QQQ,1,0.12728658,0.87271342
QQQ,1,0.51475752,0.48524248
QQQ,1,0.13399044,0.86600956
QQQ,1,0.12515409,0.87484591
QQQ,1,0.14150443,0.85849557
QQQ,1,0.24284678,0.75715322
QQQ,1,0.21777442,0.78222558
QQQ,1,0.14598780,0.85401220
QQQ,1,0.12513545,0.87486455
QQQ,1,0.17310146,0.82689854
QQQ,1,0.52605891,0.47394109
QQQ,1,0.12569395,0.87430605
QQQ,1,0.21616014,0.78383986
QQQ,1,0.13112867,0.86887133
QQQ,1,0.38659313,0.61340687
QQQ,1,0.24453080,0.75546920
QQQ,1,0.13725235,0.86274765
QQQ,1,0.12536145,0.87463855
QQQ,1,0.12520277,0.87479723
QQQ,1,0.20150131,0.79849869
QQQ,1,0.12525817,0.87474183
QQQ,1,0.13112637,0.86887363
QQQ,1,0.12537503,0.87462497
QQQ,1,0.12670013,0.87329987
QQQ,1,0.18661554,0.81338446
QQQ,1,0.12509102,0.87490898
QQQ,1,0.29514675,0.70485325
QQQ,1,0.13494316,0.86505684
QQQ,1,0.13268741,0.86731259
QQQ,1,0.41706138,0.58293862
QQQ,1,0.15554692,0.84445308
QQQ,1,0.13081617,0.86918383
QQQ,1,0.16270841,0.83729159
QQQ,1,0.13283228,0.86716772
QQQ,1,0.14295979,0.85704021
QQQ,1,0.13169918,0.86830082
QQQ,1,0.14168266,0.85831734
QQQ,1,0.99968584,0.00031416
QQQ,1,0.12561329,0.87438671
QQQ,1,0.13774015,0.86225985
QQQ,1,0.35286911,0.64713089
QQQ,1,0.17832226,0.82167774
QQQ,1,0.37798579,0.62201421
QQQ,1,0.13100542,0.86899458
QQQ,1,0.15395002,0.84604998
QQQ,1,0.12523920,0.87476080
QQQ,1,0.15295068,0.84704932
QQQ,1,0.53574596,0.46425404
QQQ,1,0.28353006,0.71646994
QQQ,1,0.12651105,0.87348895
QQQ,1,0.12553938,0.87446062
QQQ,1,0.20370969,0.79629031
QQQ,1,0.16618938,0.83381062
QQQ,1,0.54656401,0.45343599
QQQ,1,0.12917206,0.87082794
QQQ,1,0.13217244,0.86782756
QQQ,1,0.13469796,0.86530204
QQQ,1,0.15635806,0.84364194
QQQ,1,0.22266107,0.77733893
QQQ,1,0.12524038,0.87475962
QQQ,1,0.12549417,0.87450583
QQQ,1,0.12613024,0.87386976
QQQ,1,0.27169465,0.72830535
QQQ,1,0.13973221,0.86026779
QQQ,1,0.14242687,0.85757313
QQQ,1,0.12805947,0.87194053
QQQ,1,0.14142557,0.85857443
QQQ,1,0.20590087,0.79409913
QQQ,1,0.16178977,0.83821023
QQQ,1,0.12876697,0.87123303
QQQ,1,0.18775635,0.81224365
QQQ,1,0.12963643,0.87036357
QQQ,1,0.13150693,0.86849307
QQQ,1,0.13039966,0.86960034
QQQ,1,0.14634683,0.85365317
QQQ,1,0.12714015,0.87285985
QQQ,1,0.14214213,0.85785787
QQQ,1,0.28570051,0.71429949
QQQ,1,0.14796599,0.85203401
QQQ,1,0.12535387,0.87464613
QQQ,1,0.27449710,0.72550290
QQQ,1,0.12907369,0.87092631
QQQ,1,0.15713771,0.84286229
QQQ,1,0.13531444,0.86468556
QQQ,1,0.12573168,0.87426832
QQQ,1,0.12504492,0.87495508
QQQ,1,0.12789444,0.87210556
QQQ,1,0.12819943,0.87180057
QQQ,1,0.28921300,0.71078700
QQQ,1,0.24168565,0.75831435
QQQ,1,0.15043807,0.84956193
QQQ,1,0.17191492,0.82808508
QQQ,1,0.18843229,0.81156771
QQQ,1,0.13635968,0.86364032
QQQ,1,0.16886317,0.83113683
QQQ,1,0.15680316,0.84319684
QQQ,1,0.12592858,0.87407142
QQQ,1,0.13889936,0.86110064
QQQ,1,0.32365427,0.67634573
QQQ,1,0.14471109,0.85528891
QQQ,1,0.17073756,0.82926244
QQQ,1,0.17666905,0.82333095
QQQ,1,0.14185435,0.85814565
QQQ,1,0.12552645,0.87447355
QQQ,1,0.13061031,0.86938969
QQQ,1,0.12505929,0.87494071
QQQ,1,0.21538590,0.78461410
QQQ,1,0.38601790,0.61398210
QQQ,1,0.22874311,0.77125689
QQQ,1,0.12601579,0.87398421
QQQ,1,0.14979871,0.85020129
QQQ,1,0.21129348,0.78870652
QQQ,1,0.16008363,0.83991637
QQQ,1,0.18267574,0.81732426
QQQ,1,0.12608911,0.87391089
QQQ,1,0.12506000,0.87494000
QQQ,1,0.19144588,0.80855412
QQQ,1,0.17708368,0.82291632
QQQ,1,0.18357802,0.81642198
QQQ,1,0.13959313,0.86040687
QQQ,1,0.14874419,0.85125581
QQQ,1,0.33412175,0.66587825
QQQ,1,0.12514544,0.87485456
QQQ,1,0.12674674,0.87325326
QQQ,1,0.17897050,0.82102950
QQQ,1,0.15529506,0.84470494
QQQ,1,0.16457109,0.83542891
QQQ,1,0.13799395,0.86200605
QQQ,1,0.12547439,0.87452561
QQQ,1,0.17508118,0.82491882
QQQ,1,0.15180565,0.84819435
QQQ,1,0.36010776,0.63989224
QQQ,1,0.16583168,0.83416832
QQQ,1,0.12528924,0.87471076
QQQ,1,0.16437599,0.83562401
QQQ,1,0.12542185,0.87457815
QQQ,1,0.13038314,0.86961686
QQQ,1,0.14276762,0.85723238
QQQ,1,0.12505071,0.87494929
QQQ,1,0.33109430,0.66890570
QQQ,1,0.12527292,0.87472708
QQQ,1,0.17607704,0.82392296
QQQ,1,0.62366382,0.37633618
QQQ,1,0.20973482,0.79026518
QQQ,1,0.60832417,0.39167583
QQQ,1,0.15440127,0.84559873
QQQ,1,0.19287170,0.80712830
QQQ,1,0.50595166,0.49404834
QQQ,1,0.20963849,0.79036151
QQQ,1,0.16612129,0.83387871
QQQ,1,0.22642183,0.77357817
QQQ,1,0.72713522,0.27286478
QQQ,1,0.20642556,0.79357444
QQQ,1,0.15114080,0.84885920
QQQ,1,0.41098140,0.58901860
QQQ,1,0.58245138,0.41754862
QQQ,1,0.21779155,0.78220845
QQQ,1,0.47954954,0.52045046
QQQ,1,0.14687264,0.85312736
QQQ,1,0.21447103,0.78552897
QQQ,1,0.30362614,0.69637386
QQQ,1,0.12752009,0.87247991
QQQ,1,0.29576867,0.70423133
QQQ,1,0.14807857,0.85192143
QQQ,1,0.80477745,0.19522255
QQQ,1,0.89463748,0.10536252
QQQ,1,0.15553820,0.84446180
QQQ,1,0.22861355,0.77138645
QQQ,1,0.42224508,0.57775492
QQQ,1,0.18734696,0.81265304
QQQ,1,0.12618827,0.87381173
QQQ,1,0.50681022,0.49318978
QQQ,1,0.12669847,0.87330153
QQQ,1,0.33592780,0.66407220
QQQ,1,0.12568443,0.87431557
QQQ,1,0.14058646,0.85941354
QQQ,1,0.12576100,0.87423900
QQQ,1,0.17416718,0.82583282
QQQ,1,0.80372941,0.19627059
QQQ,1,0.13492183,0.86507817
QQQ,1,0.12943716,0.87056284
QQQ,1,0.15780979,0.84219021
QQQ,1,0.14084389,0.85915611
QQQ,1,0.19501280,0.80498720
QQQ,1,0.14406945,0.85593055
QQQ,1,0.14349305,0.85650695
QQQ,1,0.13078827,0.86921173
QQQ,1,0.22503167,0.77496833
QQQ,1,0.12544885,0.87455115
QQQ,1,0.15772899,0.84227101
QQQ,1,0.12738483,0.87261517
QQQ,1,0.58421805,0.41578195
QQQ,1,0.16223652,0.83776348
QQQ,1,0.13900292,0.86099708
QQQ,1,0.12948094,0.87051906
QQQ,1,0.37089858,0.62910142
QQQ,1,0.35611793,0.64388207
QQQ,1,0.15635279,0.84364721
QQQ,1,0.14217507,0.85782493
QQQ,1,0.25654151,0.74345849
QQQ,1,0.14109661,0.85890339
QQQ,1,0.82731699,0.17268301
QQQ,1,0.21128562,0.78871438
QQQ,1,0.64920621,0.35079379
QQQ,1,0.15315804,0.84684196
QQQ,1,0.29717417,0.70282583
QQQ,1,0.36434904,0.63565096
QQQ,1,0.14226609,0.85773391
QQQ,1,0.12771608,0.87228392
QQQ,1,0.30709250,0.69290750
QQQ,1,0.47544876,0.52455124
QQQ,1,0.15557555,0.84442445
QQQ,1,0.14917829,0.85082171
QQQ,1,0.21727162,0.78272838
QQQ,1,0.78514141,0.21485859
QQQ,1,0.97958849,0.02041151
QQQ,1,0.99457577,0.00542423
QQQ,1,0.91107663,0.08892337
QQQ,1,0.99865892,0.00134108
QQQ,1,0.21384862,0.78615138
QQQ,1,0.14980629,0.85019371
QQQ,1,0.18233360,0.81766640
QQQ,1,0.22223782,0.77776218
QQQ,1,0.13226890,0.86773110
QQQ,1,0.23518685,0.76481315
QQQ,1,0.20128836,0.79871164
QQQ,1,0.41233122,0.58766878
QQQ,1,0.51372891,0.48627109
QQQ,1,0.96984730,0.03015270
QQQ,1,0.14797047,0.85202953
QQQ,1,0.16209844,0.83790156
QQQ,1,0.18127595,0.81872405
QQQ,1,0.13859772,0.86140228
QQQ,1,0.43840126,0.56159874
QQQ,1,0.35118537,0.64881463
QQQ,1,0.12562731,0.87437269
QQQ,1,0.13529916,0.86470084
QQQ,1,0.75012024,0.24987976
QQQ,1,0.16566157,0.83433843
QQQ,1,0.14082635,0.85917365
QQQ,1,0.21257265,0.78742735
QQQ,1,0.83484558,0.16515442
QQQ,1,0.12722479,0.87277521
QQQ,1,0.12504403,0.87495597
QQQ,1,0.58781214,0.41218786
QQQ,1,0.60979741,0.39020259
QQQ,1,0.17735094,0.82264906
QQQ,1,0.14387941,0.85612059
QQQ,1,0.21274965,0.78725035
QQQ,1,0.12737708,0.87262292
QQQ,1,0.25566125,0.74433875
QQQ,1,0.36842543,0.63157457
QQQ,1,0.12907463,0.87092537
QQQ,1,0.99990543,0.00009457
QQQ,1,0.16049204,0.83950796
QQQ,1,0.88246814,0.11753186
QQQ,1,0.55662635,0.44337365
QQQ,1,0.12926886,0.87073114
QQQ,1,0.55874658,0.44125342
QQQ,1,0.38469993,0.61530007
QQQ,1,0.89651093,0.10348907
QQQ,1,0.25103262,0.74896738
QQQ,1,0.32064681,0.67935319
QQQ,1,0.12773212,0.87226788
QQQ,1,0.87158098,0.12841902
QQQ,1,0.14154792,0.85845208
QQQ,1,0.56512097,0.43487903
QQQ,1,0.55383683,0.44616317
QQQ,1,0.15414895,0.84585105
QQQ,1,0.12810584,0.87189416
QQQ,1,0.12544023,0.87455977
QQQ,1,0.41728686,0.58271314
QQQ,1,0.22088765,0.77911235
QQQ,1,0.28676734,0.71323266
QQQ,1,0.95277353,0.04722647
QQQ,1,0.65393301,0.34606699
QQQ,1,0.14811750,0.85188250
QQQ,1,0.23525856,0.76474144
QQQ,1,0.22732579,0.77267421
QQQ,1,0.14198523,0.85801477
QQQ,1,0.65004822,0.34995178
QQQ,1,0.42402123,0.57597877
QQQ,1,0.13748378,0.86251622
QQQ,1,0.12755460,0.87244540
QQQ,1,0.13781103,0.86218897
QQQ,1,0.18946128,0.81053872
QQQ,1,0.13127057,0.86872943
QQQ,1,0.14280162,0.85719838
QQQ,1,0.13595028,0.86404972
QQQ,1,0.14255960,0.85744040
QQQ,1,0.13311620,0.86688380
QQQ,1,0.89818107,0.10181893
QQQ,1,0.16994839,0.83005161
QQQ,1,0.14302754,0.85697246
QQQ,1,0.14237576,0.85762424
QQQ,1,0.68398750,0.31601250
QQQ,1,0.13314752,0.86685248
QQQ,1,0.55151933,0.44848067
QQQ,1,0.99574852,0.00425148
QQQ,1,0.12541884,0.87458116
QQQ,1,0.16442906,0.83557094
QQQ,1,0.47432489,0.52567511
QQQ,1,0.54218891,0.45781109
QQQ,1,0.99974424,0.00025576
QQQ,1,0.71801001,0.28198999
QQQ,1,0.51419561,0.48580439
QQQ,1,0.99307780,0.00692220
QQQ,1,0.16341219,0.83658781
QQQ,1,0.12925843,0.87074157
QQQ,1,0.71363629,0.28636371
QQQ,1,0.15119800,0.84880200
QQQ,1,0.14125066,0.85874934
QQQ,1,0.99968027,0.00031973
QQQ,1,0.12504704,0.87495296
QQQ,1,0.12772039,0.87227961
QQQ,1,0.14911246,0.85088754
QQQ,1,0.12719331,0.87280669
QQQ,1,0.16743989,0.83256011
QQQ,1,0.23599761,0.76400239
QQQ,1,0.28596673,0.71403327
QQQ,1,0.90377144,0.09622856
QQQ,1,0.14932723,0.85067277
QQQ,1,0.12581048,0.87418952
QQQ,1,0.91072558,0.08927442
QQQ,1,0.12535958,0.87464042
QQQ,1,0.97133726,0.02866274
QQQ,1,0.17998174,0.82001826
QQQ,1,0.32173581,0.67826419
QQQ,1,0.20286096,0.79713904
QQQ,1,0.19210736,0.80789264
QQQ,1,0.12767109,0.87232891
QQQ,1,0.12698149,0.87301851
QQQ,1,0.16621416,0.83378584
QQQ,1,0.16766807,0.83233193
QQQ,1,0.96530984,0.03469016
QQQ,1,0.13115544,0.86884456
QQQ,1,0.12993300,0.87006700
QQQ,1,0.14885573,0.85114427
QQQ,1,0.47000877,0.52999123
QQQ,1,0.15312801,0.84687199
QQQ,1,0.13290001,0.86709999
QQQ,1,0.46265152,0.53734848
QQQ,1,0.13335215,0.86664785
QQQ,1,0.12776499,0.87223501
QQQ,1,0.43155600,0.56844400
QQQ,1,0.12687732,0.87312268
QQQ,1,0.16013217,0.83986783
QQQ,1,0.17091254,0.82908746
QQQ,1,0.72567592,0.27432408
QQQ,1,0.12835840,0.87164160
QQQ,1,0.13036648,0.86963352
QQQ,1,0.43508143,0.56491857
QQQ,1,0.14136155,0.85863845
QQQ,1,0.18563520,0.81436480
QQQ,1,0.15737897,0.84262103
QQQ,1,0.24113305,0.75886695
QQQ,1,0.15017463,0.84982537
QQQ,1,0.25442283,0.74557717
QQQ,1,0.39500204,0.60499796
QQQ,1,0.95274344,0.04725656
QQQ,1,0.15811795,0.84188205
QQQ,1,0.14134928,0.85865072
QQQ,1,0.80412923,0.19587077
QQQ,1,0.12517829,0.87482171
QQQ,1,0.56852462,0.43147538
QQQ,1,0.19911605,0.80088395
QQQ,1,0.14031831,0.85968169
QQQ,1,0.22129276,0.77870724
QQQ,1,0.33277984,0.66722016
QQQ,1,0.88195202,0.11804798
QQQ,1,0.18883146,0.81116854
QQQ,1,0.14515465,0.85484535
QQQ,1,0.36873258,0.63126742
QQQ,1,0.99924861,0.00075139
QQQ,1,0.12814430,0.87185570
QQQ,1,0.21123353,0.78876647
QQQ,1,0.28457611,0.71542389
QQQ,1,0.76301413,0.23698587
QQQ,1,0.13110923,0.86889077
QQQ,1,0.14835179,0.85164821
QQQ,1,0.77880324,0.22119676
QQQ,1,0.85110324,0.14889676
QQQ,1,0.20628930,0.79371070
QQQ,1,0.35107822,0.64892178
QQQ,1,0.17391267,0.82608733
QQQ,1,0.12506291,0.87493709
QQQ,1,0.80966616,0.19033384
QQQ,1,0.16903845,0.83096155
QQQ,1,0.73220452,0.26779548
QQQ,1,0.13064424,0.86935576
QQQ,1,0.12507628,0.87492372
QQQ,1,0.27234328,0.72765672
QQQ,1,0.31396031,0.68603969
QQQ,1,0.24488935,0.75511065
QQQ,1,0.48183127,0.51816873
QQQ,1,0.54619873,0.45380127
QQQ,1,0.15040050,0.84959950
QQQ,1,0.12789492,0.87210508
QQQ,1,0.26894349,0.73105651
QQQ,1,0.21531401,0.78468599
QQQ,1,0.98284510,0.01715490
QQQ,1,0.41689948,0.58310052
QQQ,1,0.15768009,0.84231991
QQQ,1,0.68551691,0.31448309
QQQ,1,0.20527531,0.79472469
QQQ,1,0.12650330,0.87349670
QQQ,1,0.12761806,0.87238194
QQQ,1,0.22768521,0.77231479
QQQ,1,0.12600041,0.87399959
QQQ,1,0.23805256,0.76194744
QQQ,1,0.27287452,0.72712548
QQQ,1,0.12569010,0.87430990
QQQ,1,0.13858804,0.86141196
QQQ,1,0.26654864,0.73345136
QQQ,1,0.60636879,0.39363121
QQQ,1,0.12876917,0.87123083
QQQ,1,0.15220588,0.84779412
QQQ,1,0.17589125,0.82410875
QQQ,1,0.61907240,0.38092760
QQQ,1,0.28744097,0.71255903
QQQ,1,0.20334606,0.79665394
QQQ,1,0.98696160,0.01303840
QQQ,1,0.15441580,0.84558420
QQQ,1,0.13272072,0.86727928
QQQ,1,0.58780201,0.41219799
QQQ,1,0.15972318,0.84027682
QQQ,1,0.51887887,0.48112113
QQQ,1,0.13031757,0.86968243
QQQ,1,0.97665420,0.02334580
QQQ,1,0.14976404,0.85023596
QQQ,1,0.99999893,0.00000107
QQQ,1,0.96228552,0.03771448
QQQ,1,0.98942595,0.01057405
QQQ,1,0.99996281,0.00003719
QQQ,1,0.20461765,0.79538235
QQQ,1,0.15308569,0.84691431
QQQ,1,0.38272559,0.61727441
QQQ,1,0.18881070,0.81118930
QQQ,1,1.00000000,0.00000000
QQQ,1,0.78121680,0.21878320
QQQ,1,0.18468387,0.81531613
QQQ,1,0.99997297,0.00002703
QQQ,1,0.47666852,0.52333148
QQQ,1,0.99792374,0.00207626
QQQ,1,1.00000000,0.00000000
QQQ,1,0.23213470,0.76786530
QQQ,1,0.91329107,0.08670893
QQQ,1,0.16799022,0.83200978
QQQ,1,1.00000000,0.00000000
QQQ,1,0.99791868,0.00208132
QQQ,1,1.00000000,0.00000000
QQQ,1,0.99998085,0.00001915
QQQ,1,0.13576717,0.86423283
QQQ,1,0.91051727,0.08948273
QQQ,1,0.99999791,0.00000209
QQQ,1,0.96844740,0.03155260
QQQ,1,0.14445682,0.85554318
QQQ,1,0.98419036,0.01580964
QQQ,1,0.95673495,0.04326505
QQQ,1,1.00000000,0.00000000
QQQ,1,0.13135368,0.86864632
QQQ,1,0.98294043,0.01705957
QQQ,1,0.13189762,0.86810238
QQQ,1,0.12764750,0.87235250
QQQ,1,0.91729398,0.08270602
QQQ,1,0.99999828,0.00000172
QQQ,1,0.99998820,0.00001180
QQQ,1,0.46512167,0.53487833
QQQ,1,0.25459266,0.74540734
QQQ,1,0.72377510,0.27622490
QQQ,1,0.99998711,0.00001289
QQQ,1,0.99999989,0.00000011
QQQ,1,0.99996493,0.00003507
QQQ,1,0.78326775,0.21673225
QQQ,1,0.12808174,0.87191826
QQQ,1,0.99999936,0.00000064
QQQ,1,0.99999870,0.00000130
QQQ,1,0.99905706,0.00094294
QQQ,1,1.00000000,0.00000000
QQQ,1,0.12623332,0.87376668
QQQ,1,0.99939090,0.00060910
QQQ,1,0.14596321,0.85403679
QQQ,1,1.00000000,0.00000000
QQQ,1,0.93476987,0.06523013
QQQ,1,0.95419002,0.04580998
QQQ,1,0.90115299,0.09884701
QQQ,1,0.99814173,0.00185827
QQQ,1,0.99939393,0.00060607
QQQ,1,0.12507774,0.87492226
QQQ,1,0.13260664,0.86739336
QQQ,1,0.92084800,0.07915200
QQQ,1,0.49812346,0.50187654
QQQ,1,0.40143563,0.59856437
QQQ,1,0.99995049,0.00004951
QQQ,1,0.19414867,0.80585133
QQQ,1,0.48777701,0.51222299
QQQ,1,0.16066441,0.83933559
QQQ,1,0.66114969,0.33885031
QQQ,1,0.15192610,0.84807390
QQQ,1,0.12884229,0.87115771
QQQ,1,0.12506692,0.87493308
QQQ,1,0.17375696,0.82624304
QQQ,1,0.58092294,0.41907706
QQQ,1,0.19273474,0.80726526
QQQ,1,0.99977667,0.00022333
QQQ,1,0.12747292,0.87252708
QQQ,1,0.19912145,0.80087855
QQQ,1,0.92749702,0.07250298
QQQ,1,0.18230045,0.81769955
QQQ,1,0.69089588,0.30910412
QQQ,1,0.55799630,0.44200370
QQQ,1,0.12531434,0.87468566
QQQ,1,0.96867776,0.03132224
QQQ,1,0.32028439,0.67971561
QQQ,1,0.23936523,0.76063477
QQQ,1,0.99999534,0.00000466
QQQ,1,0.99859691,0.00140309
QQQ,1,0.22456554,0.77543446
QQQ,1,0.13588876,0.86411124
QQQ,1,0.16395979,0.83604021
QQQ,1,0.16485964,0.83514036
QQQ,1,0.99265191,0.00734809
QQQ,1,0.77645388,0.22354612
QQQ,1,0.52763754,0.47236246
QQQ,1,0.22022168,0.77977832
QQQ,1,0.38313549,0.61686451
QQQ,1,0.12799620,0.87200380
QQQ,1,0.67908338,0.32091662
QQQ,1,0.89625610,0.10374390
QQQ,1,0.14513163,0.85486837
QQQ,1,0.99718923,0.00281077
QQQ,1,0.15495036,0.84504964
QQQ,1,0.24119070,0.75880930
QQQ,1,0.13485156,0.86514844
QQQ,1,0.99940176,0.00059824
QQQ,1,0.12646438,0.87353562
QQQ,1,0.35429346,0.64570654
QQQ,1,0.12736055,0.87263945
QQQ,1,0.99406350,0.00593650
QQQ,1,0.96448664,0.03551336
QQQ,1,0.14031324,0.85968676
QQQ,1,0.93681060,0.06318940
QQQ,1,0.21873813,0.78126187
QQQ,1,0.98678874,0.01321126
QQQ,1,0.12904028,0.87095972
QQQ,1,0.87392354,0.12607646
QQQ,1,0.94225374,0.05774626
QQQ,1,0.19356719,0.80643281
QQQ,1,0.68198960,0.31801040
QQQ,1,0.99999997,0.00000003
QQQ,1,0.49448623,0.50551377
QQQ,1,0.98712834,0.01287166
QQQ,1,0.13634269,0.86365731
QQQ,1,0.40700792,0.59299208
QQQ,1,0.99567492,0.00432508
QQQ,1,0.31960371,0.68039629
QQQ,1,0.12504362,0.87495638
QQQ,1,0.35041920,0.64958080
QQQ,1,0.99999988,0.00000012
QQQ,1,0.35457121,0.64542879
QQQ,1,0.13306492,0.86693508
QQQ,1,0.96536259,0.03463741
QQQ,1,0.43525530,0.56474470
QQQ,1,0.86441589,0.13558411
QQQ,1,0.16118960,0.83881040
QQQ,1,0.34365828,0.65634172
QQQ,1,0.98161436,0.01838564
QQQ,1,0.58187518,0.41812482
QQQ,1,0.12639299,0.87360701
QQQ,1,0.89082285,0.10917715
QQQ,1,0.34672022,0.65327978
QQQ,1,0.97349149,0.02650851
QQQ,1,0.12505488,0.87494512
QQQ,1,0.25108794,0.74891206
QQQ,1,0.13249176,0.86750824
QQQ,1,0.84462334,0.15537666
QQQ,1,0.13273428,0.86726572
QQQ,1,0.98207659,0.01792341
QQQ,1,0.24526066,0.75473934
QQQ,1,0.13422583,0.86577417
QQQ,1,0.19826603,0.80173397
QQQ,1,0.46343834,0.53656166
QQQ,1,0.12785523,0.87214477
QQQ,1,0.16247486,0.83752514
QQQ,1,0.27686282,0.72313718
QQQ,1,0.21397940,0.78602060
QQQ,1,0.13132431,0.86867569
QQQ,1,0.56042255,0.43957745
QQQ,1,0.12506968,0.87493032
QQQ,1,0.12507874,0.87492126
QQQ,1,0.76913384,0.23086616
QQQ,1,0.12534509,0.87465491
QQQ,1,0.13291512,0.86708488
QQQ,1,0.24584464,0.75415536
QQQ,1,0.91791702,0.08208298
QQQ,1,0.19465163,0.80534837
QQQ,1,0.12504361,0.87495639
QQQ,1,0.85416974,0.14583026
QQQ,1,0.14939218,0.85060782
QQQ,1,0.13164425,0.86835575
QQQ,1,0.50699633,0.49300367
QQQ,1,0.13675002,0.86324998
QQQ,1,0.99595557,0.00404443
QQQ,1,0.14082667,0.85917333
QQQ,1,0.22294714,0.77705286
QQQ,1,0.26555221,0.73444779
QQQ,1,0.93815024,0.06184976
QQQ,1,0.13030454,0.86969546
QQQ,1,0.13048918,0.86951082
QQQ,1,0.22128209,0.77871791
QQQ,1,0.12682447,0.87317553
QQQ,1,0.13044213,0.86955787
QQQ,1,0.16327703,0.83672297
QQQ,1,0.13112139,0.86887861
QQQ,1,0.12506605,0.87493395
QQQ,1,0.13881775,0.86118225
QQQ,1,0.62611738,0.37388262
QQQ,1,0.21831442,0.78168558
QQQ,1,0.18325955,0.81674045
QQQ,1,0.12626982,0.87373018
QQQ,1,0.21126992,0.78873008
QQQ,1,0.95374192,0.04625808
QQQ,1,0.13483953,0.86516047
QQQ,1,0.40171881,0.59828119
QQQ,1,0.59618399,0.40381601
QQQ,1,0.13171844,0.86828156
QQQ,1,0.12838106,0.87161894
QQQ,1,0.12705734,0.87294266
QQQ,1,0.12516524,0.87483476
QQQ,1,0.69474832,0.30525168
QQQ,1,0.15394394,0.84605606
QQQ,1,0.84507135,0.15492865
QQQ,1,0.13437317,0.86562683
QQQ,1,0.12754502,0.87245498
QQQ,1,0.13743441,0.86256559
QQQ,1,0.53355749,0.46644251
QQQ,1,0.13912044,0.86087956
QQQ,1,0.98612892,0.01387108
QQQ,1,0.28904292,0.71095708
QQQ,1,0.14873998,0.85126002
QQQ,1,0.19740421,0.80259579
QQQ,1,0.16220537,0.83779463
QQQ,1,0.17968909,0.82031091
QQQ,1,0.69991714,0.30008286
QQQ,1,0.15312895,0.84687105
QQQ,1,0.16097201,0.83902799
QQQ,1,0.15313674,0.84686326
QQQ,1,0.15116725,0.84883275
QQQ,1,0.15056023,0.84943977
QQQ,1,0.12966807,0.87033193
QQQ,1,0.32422191,0.67577809
QQQ,1,0.12544250,0.87455750
QQQ,1,0.16713510,0.83286490
QQQ,1,0.18808202,0.81191798
QQQ,1,0.24644243,0.75355757
QQQ,1,0.15211137,0.84788863
QQQ,1,0.18396572,0.81603428
QQQ,1,0.33417850,0.66582150
QQQ,1,0.15190579,0.84809421
QQQ,1,0.22526264,0.77473736
QQQ,1,0.95838744,0.04161256
QQQ,1,0.25845217,0.74154783
QQQ,1,0.16582336,0.83417664
QQQ,1,0.24326983,0.75673017
QQQ,1,0.29652682,0.70347318
QQQ,1,0.12509020,0.87490980
QQQ,1,0.13039285,0.86960715
QQQ,1,0.12657566,0.87342434
QQQ,1,0.12858284,0.87141716
QQQ,1,0.12582255,0.87417745
QQQ,1,0.20293344,0.79706656
QQQ,1,0.54587360,0.45412640
QQQ,1,0.12702685,0.87297315
QQQ,1,0.15399209,0.84600791
QQQ,1,0.66533610,0.33466390
QQQ,1,0.21032858,0.78967142
QQQ,1,0.18482182,0.81517818
QQQ,1,0.19885373,0.80114627
QQQ,1,0.12638955,0.87361045
QQQ,1,0.13469187,0.86530813
QQQ,1,0.13199053,0.86800947
QQQ,1,0.32327096,0.67672904
QQQ,1,0.12522887,0.87477113
QQQ,1,0.12675415,0.87324585
QQQ,1,0.13126711,0.86873289
QQQ,1,0.12763469,0.87236531
QQQ,1,0.13863660,0.86136340
QQQ,1,0.18771084,0.81228916
QQQ,1,0.18888819,0.81111181
QQQ,1,0.39333825,0.60666175
QQQ,1,0.13311240,0.86688760
QQQ,1,0.12517746,0.87482254
QQQ,1,0.95731339,0.04268661
QQQ,1,0.13839394,0.86160606
QQQ,1,0.16846992,0.83153008
QQQ,1,0.46866893,0.53133107
QQQ,1,0.13424018,0.86575982
QQQ,1,0.13759047,0.86240953
QQQ,1,0.14803372,0.85196628
QQQ,1,0.12870016,0.87129984
QQQ,1,0.12511905,0.87488095
QQQ,1,0.28598466,0.71401534
QQQ,1,0.12659764,0.87340236
QQQ,1,0.15486206,0.84513794
QQQ,1,0.19427876,0.80572124
QQQ,1,0.12541272,0.87458728
QQQ,1,0.12714167,0.87285833
QQQ,1,0.13436013,0.86563987
QQQ,1,0.13496440,0.86503560
QQQ,1,0.13266786,0.86733214
QQQ,1,0.35191469,0.64808531
QQQ,1,0.76190436,0.23809564
QQQ,1,0.35703355,0.64296645
QQQ,1,0.87470246,0.12529754
QQQ,1,0.12948208,0.87051792
QQQ,1,0.13224158,0.86775842
QQQ,1,0.12720061,0.87279939
QQQ,1,0.80534469,0.19465531
QQQ,1,0.16062992,0.83937008
QQQ,1,0.65510292,0.34489708
QQQ,1,0.13356327,0.86643673
QQQ,1,0.15375827,0.84624173
QQQ,1,0.14383301,0.85616699
QQQ,1,0.16876382,0.83123618
QQQ,1,0.21215611,0.78784389
QQQ,1,0.13368941,0.86631059
QQQ,1,0.14397908,0.85602092
QQQ,1,0.37801616,0.62198384
QQQ,1,0.14810205,0.85189795
QQQ,1,0.36393039,0.63606961
QQQ,1,0.12905386,0.87094614
QQQ,1,0.13588577,0.86411423
QQQ,1,0.33780733,0.66219267
QQQ,1,0.12510645,0.87489355
QQQ,1,0.20674535,0.79325465
QQQ,1,0.12732542,0.87267458
QQQ,1,0.13531770,0.86468230
QQQ,1,0.14127317,0.85872683
QQQ,1,0.13795924,0.86204076
QQQ,1,0.15229844,0.84770156
QQQ,1,0.19440534,0.80559466
QQQ,1,0.14500628,0.85499372
QQQ,1,0.13311300,0.86688700
QQQ,1,0.18796683,0.81203317
QQQ,1,0.14202854,0.85797146
QQQ,1,0.12572141,0.87427859
QQQ,1,0.24740064,0.75259936
QQQ,1,0.35554817,0.64445183
QQQ,1,0.24449902,0.75550098
QQQ,1,0.15431056,0.84568944
QQQ,1,0.16501325,0.83498675
QQQ,1,0.19298261,0.80701739
QQQ,1,0.14645574,0.85354426
QQQ,1,0.13438050,0.86561950
QQQ,1,0.12999255,0.87000745
QQQ,1,0.18348054,0.81651946
QQQ,1,0.30213645,0.69786355
QQQ,1,0.12542624,0.87457376
QQQ,1,0.14933880,0.85066120
QQQ,1,0.12510718,0.87489282
QQQ,1,0.17297956,0.82702044
QQQ,1,0.13344686,0.86655314
QQQ,1,0.26441064,0.73558936
QQQ,1,0.23551311,0.76448689
QQQ,1,0.12649651,0.87350349
QQQ,1,0.23482813,0.76517187
QQQ,1,0.35049197,0.64950803
QQQ,1,0.28835685,0.71164315
QQQ,1,0.20397586,0.79602414
QQQ,1,0.95985390,0.04014610
QQQ,1,0.12700738,0.87299262
QQQ,1,0.12577203,0.87422797
QQQ,1,0.16882901,0.83117099
QQQ,1,0.85173948,0.14826052
QQQ,1,0.52181827,0.47818173
QQQ,1,0.19989619,0.80010381
QQQ,1,0.19293295,0.80706705
QQQ,1,0.14865272,0.85134728
QQQ,1,0.94280326,0.05719674
QQQ,1,0.15653921,0.84346079
QQQ,1,0.15617167,0.84382833
QQQ,1,0.19807393,0.80192607
QQQ,1,0.12649883,0.87350117
QQQ,1,0.33165717,0.66834283
QQQ,1,0.13020352,0.86979648
QQQ,1,0.26487737,0.73512263
QQQ,1,0.15169055,0.84830945
QQQ,1,0.15406068,0.84593932
QQQ,1,0.12505062,0.87494938
QQQ,1,0.12760898,0.87239102
QQQ,1,0.27434833,0.72565167
QQQ,1,0.19066796,0.80933204
QQQ,1,0.12510868,0.87489132
QQQ,1,0.13308963,0.86691037
QQQ,1,0.32176870,0.67823130
QQQ,1,0.13449635,0.86550365
QQQ,1,0.12602774,0.87397226
QQQ,1,0.13208170,0.86791830
QQQ,1,0.34162267,0.65837733
QQQ,1,0.12976014,0.87023986
QQQ,1,0.14624797,0.85375203
QQQ,1,0.17509778,0.82490222
QQQ,1,0.13656260,0.86343740
QQQ,1,0.12515102,0.87484898
QQQ,1,0.12901703,0.87098297
QQQ,1,0.15058595,0.84941405
QQQ,1,0.13096969,0.86903031
QQQ,1,0.13276896,0.86723104
QQQ,1,0.14794363,0.85205637
QQQ,1,0.17921960,0.82078040
QQQ,1,0.16268713,0.83731287
QQQ,1,0.13770645,0.86229355
QQQ,1,0.12687415,0.87312585
QQQ,1,0.12561502,0.87438498
QQQ,1,0.14015003,0.85984997
QQQ,1,0.13309766,0.86690234
QQQ,1,0.13855024,0.86144976
QQQ,1,0.12508463,0.87491537
QQQ,1,0.18855682,0.81144318
QQQ,1,0.13223948,0.86776052
QQQ,1,0.12835751,0.87164249
QQQ,1,0.12784858,0.87215142
QQQ,1,0.14937789,0.85062211
QQQ,1,0.12584084,0.87415916
QQQ,1,0.14212033,0.85787967
QQQ,1,0.24720905,0.75279095
QQQ,1,0.14153616,0.85846384
QQQ,1,0.23818034,0.76181966
QQQ,1,0.12602109,0.87397891
QQQ,1,0.14127485,0.85872515
QQQ,1,0.14794018,0.85205982
QQQ,1,0.14793878,0.85206122
QQQ,1,0.13784291,0.86215709
QQQ,1,0.12740973,0.87259027
QQQ,1,0.66145276,0.33854724
QQQ,1,0.12523344,0.87476656
QQQ,1,0.43459798,0.56540202
QQQ,1,0.52243331,0.47756669
QQQ,1,0.26674766,0.73325234
QQQ,1,0.95377136,0.04622864
QQQ,1,0.15664579,0.84335421
QQQ,1,0.99056360,0.00943640
QQQ,1,0.89767361,0.10232639
QQQ,1,0.99999180,0.00000820
QQQ,1,0.12683138,0.87316862
QQQ,1,0.50111247,0.49888753
QQQ,1,0.33417223,0.66582777
QQQ,1,0.59040908,0.40959092
QQQ,1,0.12788245,0.87211755
QQQ,1,0.29189199,0.70810801
QQQ,1,0.18023045,0.81976955
QQQ,1,0.99813719,0.00186281
QQQ,1,0.18291482,0.81708518
QQQ,1,0.13244294,0.86755706
QQQ,1,0.12532579,0.87467421
QQQ,1,0.22433931,0.77566069
QQQ,1,0.99605817,0.00394183
QQQ,1,0.13466094,0.86533906
QQQ,1,0.19302452,0.80697548
QQQ,1,0.73161882,0.26838118
QQQ,1,0.21457507,0.78542493
QQQ,1,0.99072035,0.00927965
QQQ,1,0.59080690,0.40919310
QQQ,1,0.12996673,0.87003327
QQQ,1,0.17669666,0.82330334
QQQ,1,0.91353701,0.08646299
QQQ,1,0.22046269,0.77953731
QQQ,1,0.12509714,0.87490286
QQQ,1,0.87944425,0.12055575
QQQ,1,0.14481535,0.85518465
QQQ,1,0.13238444,0.86761556
QQQ,1,0.12566388,0.87433612
QQQ,1,0.17664352,0.82335648
QQQ,1,0.17279953,0.82720047
QQQ,1,0.13826774,0.86173226
QQQ,1,0.35702302,0.64297698
QQQ,1,0.12924642,0.87075358
QQQ,1,0.13340646,0.86659354
QQQ,1,0.99892580,0.00107420
QQQ,1,0.44256637,0.55743363
QQQ,1,0.13344590,0.86655410
QQQ,1,0.13058125,0.86941875
QQQ,1,0.13031876,0.86968124
QQQ,1,0.97498803,0.02501197
QQQ,1,0.15999441,0.84000559
QQQ,1,0.19606934,0.80393066
QQQ,1,0.13242266,0.86757734
QQQ,1,0.27080305,0.72919695
QQQ,1,0.14690267,0.85309733
QQQ,1,0.12586251,0.87413749
QQQ,1,0.92071341,0.07928659
QQQ,1,0.15855578,0.84144422
QQQ,1,0.25496969,0.74503031
QQQ,1,0.27390863,0.72609137
QQQ,1,0.79565552,0.20434448
QQQ,1,0.16593481,0.83406519
QQQ,1,0.17743292,0.82256708
QQQ,1,0.12504372,0.87495628
QQQ,1,0.17030655,0.82969345
QQQ,1,0.16802205,0.83197795
QQQ,1,0.12701268,0.87298732
QQQ,1,0.50586094,0.49413906
QQQ,1,0.13183611,0.86816389
QQQ,1,0.19668370,0.80331630
QQQ,1,0.12696100,0.87303900
QQQ,1,0.12666827,0.87333173
QQQ,1,0.15574204,0.84425796
QQQ,1,0.17434173,0.82565827
QQQ,1,0.92366750,0.07633250
QQQ,1,0.19113359,0.80886641
QQQ,1,0.16463695,0.83536305
QQQ,1,0.12625457,0.87374543
QQQ,1,0.26366288,0.73633712
QQQ,1,0.13866666,0.86133334
QQQ,1,0.33797609,0.66202391
QQQ,1,0.12520269,0.87479731
QQQ,1,0.19639117,0.80360883
QQQ,1,0.54069628,0.45930372
QQQ,1,0.17736562,0.82263438
QQQ,1,0.23289617,0.76710383
QQQ,1,0.22974919,0.77025081
QQQ,1,0.19754144,0.80245856
QQQ,1,0.13528832,0.86471168
QQQ,1,0.94658609,0.05341391
QQQ,1,0.26149769,0.73850231
QQQ,1,0.42211191,0.57788809
QQQ,1,0.14781265,0.85218735
QQQ,1,0.23331199,0.76668801
QQQ,1,0.13823394,0.86176606
QQQ,1,0.13452467,0.86547533
QQQ,1,0.30233947,0.69766053
QQQ,1,0.14107235,0.85892765
QQQ,1,0.15371645,0.84628355
QQQ,1,0.13693326,0.86306674
QQQ,1,0.13371172,0.86628828
QQQ,1,0.44011229,0.55988771
QQQ,1,0.12538987,0.87461013
QQQ,1,0.12951672,0.87048328
QQQ,1,0.12523359,0.87476641
QQQ,1,0.58135284,0.41864716
QQQ,1,0.13720872,0.86279128
QQQ,1,0.12534511,0.87465489
QQQ,1,0.12671413,0.87328587
QQQ,1,0.13841090,0.86158910
QQQ,1,0.12637071,0.87362929
QQQ,1,0.21873664,0.78126336
QQQ,1,0.75897893,0.24102107
QQQ,1,0.16268877,0.83731123
QQQ,1,0.13138788,0.86861212
QQQ,1,0.15899343,0.84100657
QQQ,1,0.12541243,0.87458757
QQQ,1,0.15665410,0.84334590
QQQ,1,0.17684754,0.82315246
QQQ,1,0.12650687,0.87349313
QQQ,1,0.62417571,0.37582429
QQQ,1,0.12912134,0.87087866
QQQ,1,0.19349402,0.80650598
QQQ,1,0.15578813,0.84421187
QQQ,1,0.12846450,0.87153550
QQQ,1,0.15743804,0.84256196
QQQ,1,0.14261972,0.85738028
QQQ,1,0.13051916,0.86948084
QQQ,1,0.13154488,0.86845512
QQQ,1,0.12825031,0.87174969
QQQ,1,0.12800179,0.87199821
QQQ,1,0.12529667,0.87470333
QQQ,1,0.21397890,0.78602110
QQQ,1,0.14203797,0.85796203
QQQ,1,0.25405990,0.74594010
QQQ,1,0.12531225,0.87468775
QQQ,1,0.12600365,0.87399635
QQQ,1,0.14326739,0.85673261
QQQ,1,0.13898689,0.86101311
QQQ,1,0.14801489,0.85198511
QQQ,1,0.41385005,0.58614995
QQQ,1,0.13874628,0.86125372
QQQ,1,0.41453416,0.58546584
QQQ,1,0.12754138,0.87245862
QQQ,1,0.38083376,0.61916624
QQQ,1,0.12668117,0.87331883
QQQ,1,0.17513214,0.82486786
QQQ,1,0.35744751,0.64255249
QQQ,1,0.52596772,0.47403228
QQQ,1,0.12701035,0.87298965
QQQ,1,0.13901179,0.86098821
QQQ,1,0.25727261,0.74272739
QQQ,1,0.59294336,0.40705664
QQQ,1,0.22521776,0.77478224
QQQ,1,0.13127206,0.86872794
QQQ,1,0.12510772,0.87489228
QQQ,1,0.12528365,0.87471635
QQQ,1,0.13389963,0.86610037
QQQ,1,0.12595789,0.87404211
QQQ,1,0.15518839,0.84481161
QQQ,1,0.13158080,0.86841920
QQQ,1,0.12653473,0.87346527
QQQ,1,0.13649534,0.86350466
QQQ,1,0.16380092,0.83619908
QQQ,1,0.12608734,0.87391266
QQQ,1,0.12541919,0.87458081
QQQ,1,0.14950591,0.85049409
QQQ,1,0.12507796,0.87492204
QQQ,1,0.12930434,0.87069566
QQQ,1,0.12512759,0.87487241
QQQ,1,0.12704912,0.87295088
QQQ,1,0.12776457,0.87223543
QQQ,1,0.12820900,0.87179100
QQQ,1,0.13416951,0.86583049
QQQ,1,0.34709071,0.65290929
QQQ,1,0.12504400,0.87495600
QQQ,1,0.17680559,0.82319441
QQQ,1,0.13364882,0.86635118
QQQ,1,0.12536210,0.87463790
QQQ,1,0.13372188,0.86627812
QQQ,1,0.12668371,0.87331629
QQQ,1,0.15931836,0.84068164
QQQ,1,0.12537445,0.87462555
QQQ,1,0.16395352,0.83604648
QQQ,1,0.13151135,0.86848865
QQQ,1,0.22619634,0.77380366
QQQ,1,0.16655814,0.83344186
QQQ,1,0.17096580,0.82903420
QQQ,1,0.27911367,0.72088633
QQQ,1,0.12804027,0.87195973
QQQ,1,0.14362628,0.85637372
QQQ,1,0.15270642,0.84729358
QQQ,1,0.84111453,0.15888547
QQQ,1,0.13250151,0.86749849
QQQ,1,0.51221606,0.48778394
QQQ,1,0.12531096,0.87468904
QQQ,1,0.12682852,0.87317148
QQQ,1,0.14606726,0.85393274
QQQ,1,0.14181635,0.85818365
QQQ,1,0.15577533,0.84422467
QQQ,1,0.12606529,0.87393471
QQQ,1,0.12639757,0.87360243
QQQ,1,0.16142879,0.83857121
QQQ,1,0.12988356,0.87011644
QQQ,1,0.12598685,0.87401315
QQQ,1,0.15263386,0.84736614
QQQ,1,0.12504360,0.87495640
QQQ,1,0.12813513,0.87186487
QQQ,1,0.94991613,0.05008387
QQQ,1,0.19810120,0.80189880
QQQ,1,0.13961030,0.86038970
QQQ,1,0.30633539,0.69366461
QQQ,1,0.12993321,0.87006679
QQQ,1,0.37948322,0.62051678
QQQ,1,0.13736056,0.86263944
QQQ,1,0.56312934,0.43687066
QQQ,1,0.13559541,0.86440459
QQQ,1,0.29328356,0.70671644
QQQ,1,0.13181918,0.86818082
QQQ,1,0.15434746,0.84565254
QQQ,1,0.38012797,0.61987203
QQQ,1,0.14381889,0.85618111
QQQ,1,0.13151418,0.86848582
QQQ,1,0.31801801,0.68198199
QQQ,1,0.83608911,0.16391089
QQQ,1,0.16829470,0.83170530
QQQ,1,0.12695773,0.87304227
QQQ,1,0.51958018,0.48041982
QQQ,1,0.12549644,0.87450356
QQQ,1,0.14537547,0.85462453
QQQ,1,0.46497833,0.53502167
QQQ,1,0.13241928,0.86758072
QQQ,1,0.14361931,0.85638069
QQQ,1,0.18993541,0.81006459
QQQ,1,0.14295065,0.85704935
QQQ,1,0.12672743,0.87327257
QQQ,1,0.12526368,0.87473632
QQQ,1,0.13182579,0.86817421
QQQ,1,0.12995300,0.87004700
QQQ,1,0.12834901,0.87165099
QQQ,1,0.12524057,0.87475943
QQQ,1,0.13970384,0.86029616
QQQ,1,0.13322425,0.86677575
QQQ,1,0.15920298,0.84079702
QQQ,1,0.17130967,0.82869033
QQQ,1,0.12608666,0.87391334
QQQ,1,0.12718461,0.87281539
QQQ,1,0.16034299,0.83965701
QQQ,1,0.14738596,0.85261404
QQQ,1,0.71668512,0.28331488
QQQ,1,0.18713599,0.81286401
QQQ,1,0.13068769,0.86931231
QQQ,1,0.14695091,0.85304909
QQQ,1,0.15928477,0.84071523
QQQ,1,0.12586474,0.87413526
QQQ,1,0.12557468,0.87442532
QQQ,1,0.12730201,0.87269799
QQQ,1,0.14030558,0.85969442
QQQ,1,0.12703268,0.87296732
QQQ,1,0.14531548,0.85468452
QQQ,1,0.13052292,0.86947708
QQQ,1,0.13486467,0.86513533
QQQ,1,0.17925229,0.82074771
QQQ,1,0.15753813,0.84246187
QQQ,1,0.14581983,0.85418017
QQQ,1,0.23305549,0.76694451
QQQ,1,0.47427000,0.52573000
QQQ,1,0.12717284,0.87282716
QQQ,1,0.17601056,0.82398944
QQQ,1,0.13221765,0.86778235
QQQ,1,0.16409006,0.83590994
QQQ,1,0.34183163,0.65816837
QQQ,1,0.15805870,0.84194130
QQQ,1,0.13298753,0.86701247
QQQ,1,0.15221599,0.84778401
QQQ,1,0.14394424,0.85605576
QQQ,1,0.39043550,0.60956450
QQQ,1,0.63734943,0.36265057
QQQ,1,0.12555000,0.87445000
QQQ,1,0.33726348,0.66273652
QQQ,1,0.18414251,0.81585749
QQQ,1,0.12814863,0.87185137
QQQ,1,0.16156337,0.83843663
QQQ,1,0.12612455,0.87387545
QQQ,1,0.34569921,0.65430079
QQQ,1,0.12546995,0.87453005
QQQ,1,0.26213500,0.73786500
QQQ,1,0.49269843,0.50730157
QQQ,1,0.14066268,0.85933732
QQQ,1,0.13209604,0.86790396
QQQ,1,0.14138932,0.85861068
QQQ,1,0.65801100,0.34198900
QQQ,1,0.14976716,0.85023284
QQQ,1,0.18157977,0.81842023
QQQ,1,0.42026006,0.57973994
QQQ,1,0.32979702,0.67020298
QQQ,1,0.36259531,0.63740469
QQQ,1,0.14055039,0.85944961
QQQ,1,0.28334080,0.71665920
QQQ,1,0.36262348,0.63737652
QQQ,1,0.14729252,0.85270748
QQQ,1,0.13290616,0.86709384
QQQ,1,0.29367724,0.70632276
QQQ,1,0.12744730,0.87255270
QQQ,1,0.49129621,0.50870379
QQQ,1,0.17818707,0.82181293
QQQ,1,0.13395177,0.86604823
QQQ,1,0.22973723,0.77026277
QQQ,1,0.25836047,0.74163953
QQQ,1,0.13899079,0.86100921
QQQ,1,0.69614975,0.30385025
QQQ,1,0.13082350,0.86917650
QQQ,1,0.15249901,0.84750099
QQQ,1,0.21275679,0.78724321
QQQ,1,0.12635647,0.87364353
QQQ,1,0.12840766,0.87159234
QQQ,1,0.86280236,0.13719764
QQQ,1,0.12510126,0.87489874
QQQ,1,0.13138405,0.86861595
QQQ,1,0.14019295,0.85980705
QQQ,1,0.85999810,0.14000190
QQQ,1,0.17204934,0.82795066
QQQ,1,0.99997257,0.00002743
QQQ,1,0.18202807,0.81797193
QQQ,1,1.00000000,0.00000000
QQQ,1,0.99985009,0.00014991
QQQ,1,0.99877325,0.00122675
QQQ,1,0.99940444,0.00059556
QQQ,1,0.22323138,0.77676862
QQQ,1,0.34048447,0.65951553
QQQ,1,0.16631895,0.83368105
QQQ,1,0.15262285,0.84737715
QQQ,1,0.99999617,0.00000383
QQQ,1,0.62744473,0.37255527
QQQ,1,0.12926800,0.87073200
QQQ,1,0.99933548,0.00066452
QQQ,1,0.20047353,0.79952647
QQQ,1,0.37729944,0.62270056
QQQ,1,0.77887462,0.22112538
QQQ,1,0.93830770,0.06169230
QQQ,1,0.17073333,0.82926667
QQQ,1,0.12750557,0.87249443
QQQ,1,0.18438688,0.81561312
QQQ,1,0.79497704,0.20502296
QQQ,1,0.12578899,0.87421101
QQQ,1,0.82844885,0.17155115
QQQ,1,0.13159753,0.86840247
QQQ,1,0.72359739,0.27640261
QQQ,1,0.23074138,0.76925862
QQQ,1,0.29966734,0.70033266
QQQ,1,0.33264136,0.66735864
QQQ,1,0.35434191,0.64565809
QQQ,1,0.19903644,0.80096356
QQQ,1,0.12548575,0.87451425
QQQ,1,0.13747705,0.86252295
QQQ,1,0.45791865,0.54208135
QQQ,1,0.98953126,0.01046874
QQQ,1,0.18075826,0.81924174
QQQ,1,0.24654279,0.75345721
QQQ,1,0.21956594,0.78043406
QQQ,1,0.31303285,0.68696715
QQQ,1,0.26412970,0.73587030
QQQ,1,0.88963273,0.11036727
QQQ,1,0.90855444,0.09144556
QQQ,1,0.51606430,0.48393570
QQQ,1,0.87945074,0.12054926
QQQ,1,0.47129833,0.52870167
QQQ,1,0.14668441,0.85331559
QQQ,1,0.98804390,0.01195610
QQQ,1,0.17820213,0.82179787
QQQ,1,0.14355412,0.85644588
QQQ,1,0.19039124,0.80960876
QQQ,1,0.51461004,0.48538996
QQQ,1,0.32110851,0.67889149
QQQ,1,0.23047428,0.76952572
QQQ,1,0.51201085,0.48798915
QQQ,1,0.14884850,0.85115150
QQQ,1,0.24805342,0.75194658
QQQ,1,0.64283206,0.35716794
QQQ,1,0.50715157,0.49284843
QQQ,1,0.12832749,0.87167251
QQQ,1,0.89994364,0.10005636
QQQ,1,0.13069811,0.86930189
QQQ,1,0.41371938,0.58628062
QQQ,1,0.90459421,0.09540579
QQQ,1,0.15879834,0.84120166
QQQ,1,0.62895056,0.37104944
QQQ,1,0.13555878,0.86444122
QQQ,1,0.15621929,0.84378071
QQQ,1,0.23878963,0.76121037
QQQ,1,0.99334189,0.00665811
QQQ,1,0.12883879,0.87116121
QQQ,1,0.50180851,0.49819149
QQQ,1,0.14285701,0.85714299
QQQ,1,0.21447607,0.78552393
QQQ,1,0.37813719,0.62186281
QQQ,1,0.81172308,0.18827692
QQQ,1,0.18415398,0.81584602
QQQ,1,0.56066333,0.43933667
QQQ,1,0.12821715,0.87178285
QQQ,1,0.71808007,0.28191993
QQQ,1,0.18328827,0.81671173
QQQ,1,0.98867294,0.01132706
QQQ,1,0.13730989,0.86269011
QQQ,1,0.99513315,0.00486685
QQQ,1,0.18178466,0.81821534
QQQ,1,0.12877572,0.87122428
QQQ,1,0.21458161,0.78541839
QQQ,1,0.12807407,0.87192593
QQQ,1,0.12505776,0.87494224
QQQ,1,0.41857989,0.58142011
QQQ,1,0.33566375,0.66433625
QQQ,1,0.20836502,0.79163498
QQQ,1,0.23502546,0.76497454
QQQ,1,0.38987743,0.61012257
QQQ,1,0.13318373,0.86681627
QQQ,1,0.14114544,0.85885456
QQQ,1,0.19369797,0.80630203
QQQ,1,0.93550051,0.06449949
QQQ,1,0.26475893,0.73524107
QQQ,1,0.16636242,0.83363758
QQQ,1,0.18473367,0.81526633
QQQ,1,0.13195976,0.86804024
QQQ,1,0.23039250,0.76960750
QQQ,1,0.15379109,0.84620891
QQQ,1,0.12885323,0.87114677
QQQ,1,0.51172057,0.48827943
QQQ,1,0.14291344,0.85708656
QQQ,1,0.17550635,0.82449365
QQQ,1,0.13474963,0.86525037
QQQ,1,0.13108982,0.86891018
QQQ,1,0.15929697,0.84070303
QQQ,1,0.12881089,0.87118911
QQQ,1,0.13552909,0.86447091
QQQ,1,0.13227808,0.86772192
QQQ,1,0.18196557,0.81803443
QQQ,1,0.29065160,0.70934840
QQQ,1,0.15752573,0.84247427
QQQ,1,0.12588501,0.87411499
QQQ,1,0.12508293,0.87491707
QQQ,1,0.12710298,0.87289702
QQQ,1,0.25295975,0.74704025
QQQ,1,0.12995840,0.87004160
QQQ,1,0.12992989,0.87007011
QQQ,1,0.12564640,0.87435360
QQQ,1,0.12619728,0.87380272
QQQ,1,0.17169217,0.82830783
QQQ,1,0.13298271,0.86701729
QQQ,1,0.29411721,0.70588279
QQQ,1,0.12504634,0.87495366
QQQ,1,0.12765158,0.87234842
QQQ,1,0.14418609,0.85581391
QQQ,1,0.16352201,0.83647799
QQQ,1,0.15388890,0.84611110
QQQ,1,0.18067705,0.81932295
QQQ,1,0.13080413,0.86919587
QQQ,1,0.15683341,0.84316659
QQQ,1,0.27648167,0.72351833
QQQ,1,0.12865965,0.87134035
QQQ,1,0.12947008,0.87052992
QQQ,1,0.13753212,0.86246788
QQQ,1,0.15213563,0.84786437
QQQ,1,0.13421201,0.86578799
QQQ,1,0.12661298,0.87338702
QQQ,1,0.20361415,0.79638585
QQQ,1,0.13492828,0.86507172
QQQ,1,0.16558839,0.83441161
QQQ,1,0.12511581,0.87488419
QQQ,1,0.20835292,0.79164708
QQQ,1,0.20836858,0.79163142
QQQ,1,0.15993316,0.84006684
QQQ,1,0.22281021,0.77718979
QQQ,1,0.13953689,0.86046311
QQQ,1,0.12533392,0.87466608
QQQ,1,0.49216594,0.50783406
QQQ,1,0.13782212,0.86217788
QQQ,1,0.13084316,0.86915684
QQQ,1,0.12523068,0.87476932
QQQ,1,0.15843242,0.84156758
QQQ,1,0.12797023,0.87202977
QQQ,1,0.12508094,0.87491906
QQQ,1,0.12772850,0.87227150
QQQ,1,0.12536728,0.87463272
QQQ,1,0.43490252,0.56509748
QQQ,1,0.12865097,0.87134903
QQQ,1,0.13477915,0.86522085
QQQ,1,0.13533229,0.86466771
QQQ,1,0.12785680,0.87214320
QQQ,1,0.20420218,0.79579782
QQQ,1,0.12508703,0.87491297
QQQ,1,0.29223110,0.70776890
QQQ,1,0.14468492,0.85531508
QQQ,1,0.16079190,0.83920810
QQQ,1,0.40247488,0.59752512
QQQ,1,0.13495146,0.86504854
QQQ,1,0.23244944,0.76755056
QQQ,1,0.32154702,0.67845298
QQQ,1,0.24471431,0.75528569
QQQ,1,0.54811310,0.45188690
QQQ,1,0.12635694,0.87364306
QQQ,1,0.23019095,0.76980905
QQQ,1,0.13211140,0.86788860
QQQ,1,0.18896132,0.81103868
QQQ,1,0.14797928,0.85202072
QQQ,1,0.86222387,0.13777613
QQQ,1,0.16136037,0.83863963
QQQ,1,0.15140853,0.84859147
QQQ,1,0.15676638,0.84323362
QQQ,1,0.12602031,0.87397969
QQQ,1,0.13040396,0.86959604
QQQ,1,0.20963652,0.79036348
QQQ,1,0.85614200,0.14385800
QQQ,1,0.12516206,0.87483794
QQQ,1,0.13352549,0.86647451
QQQ,1,0.13185347,0.86814653
QQQ,1,0.12806692,0.87193308
QQQ,1,0.12508736,0.87491264
QQQ,1,0.19018333,0.80981667
QQQ,1,0.13428210,0.86571790
QQQ,1,0.15827886,0.84172114
QQQ,1,0.66981361,0.33018639
QQQ,1,0.30834935,0.69165065
QQQ,1,0.89187802,0.10812198
QQQ,1,0.12512983,0.87487017
QQQ,1,0.12718488,0.87281512
QQQ,1,0.15314534,0.84685466
QQQ,1,0.12671578,0.87328422
QQQ,1,0.25798729,0.74201271
QQQ,1,0.16725940,0.83274060
QQQ,1,0.13990915,0.86009085
QQQ,1,0.90131864,0.09868136
QQQ,1,0.15012201,0.84987799
QQQ,1,0.13810050,0.86189950
QQQ,1,0.72983351,0.27016649
QQQ,1,0.12986881,0.87013119
QQQ,1,0.18971125,0.81028875
QQQ,1,0.40047961,0.59952039
QQQ,1,0.22468252,0.77531748
QQQ,1,0.15100596,0.84899404
QQQ,1,0.13198681,0.86801319
QQQ,1,0.25710948,0.74289052
QQQ,1,0.20030603,0.79969397
QQQ,1,0.21621515,0.78378485
QQQ,1,0.12617261,0.87382739
QQQ,1,0.83365695,0.16634305
QQQ,1,0.18550508,0.81449492
QQQ,1,0.51430248,0.48569752
QQQ,1,0.14265842,0.85734158
QQQ,1,0.15246860,0.84753140
QQQ,1,0.21714817,0.78285183
QQQ,1,0.96282243,0.03717757
QQQ,1,0.13888897,0.86111103
QQQ,1,0.17685149,0.82314851
QQQ,1,0.12574791,0.87425209
QQQ,1,0.25642623,0.74357377
QQQ,1,0.12911045,0.87088955
QQQ,1,0.20033063,0.79966937
QQQ,1,0.14955299,0.85044701
QQQ,1,0.19528548,0.80471452
QQQ,1,0.32108441,0.67891559
QQQ,1,0.12758736,0.87241264
QQQ,1,0.14160981,0.85839019
QQQ,1,0.29187386,0.70812614
QQQ,1,0.23561392,0.76438608
QQQ,1,0.26357732,0.73642268
QQQ,1,0.26589740,0.73410260
QQQ,1,0.17756668,0.82243332
QQQ,1,0.15970257,0.84029743
QQQ,1,0.26469585,0.73530415
QQQ,1,0.78936951,0.21063049
QQQ,1,0.12519601,0.87480399
QQQ,1,0.12511917,0.87488083
QQQ,1,0.13050580,0.86949420
QQQ,1,0.13382850,0.86617150
QQQ,1,0.49858485,0.50141515
QQQ,1,0.17816775,0.82183225
QQQ,1,0.17941739,0.82058261
QQQ,1,0.12504359,0.87495641
QQQ,1,0.13058182,0.86941818
QQQ,1,0.12539975,0.87460025
QQQ,1,0.12869692,0.87130308
QQQ,1,0.12524871,0.87475129
QQQ,1,0.12911778,0.87088222
QQQ,1,0.24221540,0.75778460
QQQ,1,0.14153400,0.85846600
QQQ,1,0.12683288,0.87316712
QQQ,1,0.13456779,0.86543221
QQQ,1,0.13462435,0.86537565
QQQ,1,0.16990247,0.83009753
QQQ,1,0.14661481,0.85338519
QQQ,1,0.12738630,0.87261370
QQQ,1,0.12504828,0.87495172
QQQ,1,0.12504359,0.87495641
QQQ,1,0.20297825,0.79702175
QQQ,1,0.14954896,0.85045104
QQQ,1,0.12531897,0.87468103
QQQ,1,0.12576816,0.87423184
QQQ,1,0.67918198,0.32081802
QQQ,1,0.12508167,0.87491833
QQQ,1,0.26918200,0.73081800
QQQ,1,0.12834985,0.87165015
QQQ,1,0.13016289,0.86983711
QQQ,1,0.28751400,0.71248600
QQQ,1,0.19350087,0.80649913
QQQ,1,0.12555225,0.87444775
QQQ,1,0.12551749,0.87448251
QQQ,1,0.12726826,0.87273174
QQQ,1,0.12553634,0.87446366
QQQ,1,0.12507628,0.87492372
QQQ,1,0.14821355,0.85178645
QQQ,1,0.31435415,0.68564585
QQQ,1,0.18297791,0.81702209
QQQ,1,0.27696733,0.72303267
QQQ,1,0.16433672,0.83566328
QQQ,1,0.12729866,0.87270134
QQQ,1,0.13007759,0.86992241
QQQ,1,0.15384364,0.84615636
QQQ,1,0.13426204,0.86573796
QQQ,1,0.14236559,0.85763441
QQQ,1,0.19122788,0.80877212
QQQ,1,0.40151882,0.59848118
QQQ,1,0.14827967,0.85172033
QQQ,1,0.13240087,0.86759913
QQQ,1,0.12528007,0.87471993
QQQ,1,0.16161230,0.83838770
QQQ,1,0.31573109,0.68426891
QQQ,1,0.12506223,0.87493777
QQQ,1,0.23582427,0.76417573
QQQ,1,0.82125292,0.17874708
QQQ,1,0.13444508,0.86555492
QQQ,1,0.18868400,0.81131600
QQQ,1,0.13512411,0.86487589
QQQ,1,0.12508171,0.87491829
QQQ,1,0.13033737,0.86966263
QQQ,1,0.14875119,0.85124881
QQQ,1,0.29296060,0.70703940
QQQ,1,0.19953641,0.80046359
QQQ,1,0.14886525,0.85113475
QQQ,1,0.12800692,0.87199308
QQQ,1,0.77369352,0.22630648
QQQ,1,0.42780637,0.57219363
QQQ,1,0.13235045,0.86764955
QQQ,1,0.12504696,0.87495304
QQQ,1,0.15809730,0.84190270
QQQ,1,0.24797704,0.75202296
QQQ,1,0.13541129,0.86458871
QQQ,1,0.13616191,0.86383809
QQQ,1,0.77118466,0.22881534
QQQ,1,0.12659966,0.87340034
QQQ,1,0.12765658,0.87234342
QQQ,1,0.34247494,0.65752506
QQQ,1,0.14218824,0.85781176
QQQ,1,0.13132318,0.86867682
QQQ,1,0.17523011,0.82476989
QQQ,1,0.15247841,0.84752159
QQQ,1,0.12616568,0.87383432
QQQ,1,0.12769883,0.87230117
QQQ,1,0.12535905,0.87464095
QQQ,1,0.22373080,0.77626920
QQQ,1,0.14723776,0.85276224
QQQ,1,0.14595892,0.85404108
QQQ,1,0.12925019,0.87074981
QQQ,1,0.27346563,0.72653437
QQQ,1,0.12629120,0.87370880
QQQ,1,0.17035762,0.82964238
QQQ,1,0.20012813,0.79987187
QQQ,1,0.26100726,0.73899274
QQQ,1,0.36803525,0.63196475
QQQ,1,0.13278579,0.86721421
QQQ,1,0.12507736,0.87492264
QQQ,1,0.21130303,0.78869697
QQQ,1,0.12915794,0.87084206
QQQ,1,0.18247937,0.81752063
QQQ,1,0.12759519,0.87240481
QQQ,1,0.19616803,0.80383197
QQQ,1,0.59818929,0.40181071
QQQ,1,0.98134237,0.01865763
QQQ,1,0.13275006,0.86724994
QQQ,1,0.13326977,0.86673023
QQQ,1,0.12505238,0.87494762
QQQ,1,0.12736590,0.87263410
QQQ,1,0.13344469,0.86655531
QQQ,1,0.15044185,0.84955815
QQQ,1,0.12675385,0.87324615
QQQ,1,0.13742897,0.86257103
QQQ,1,0.14251357,0.85748643
QQQ,1,0.13407916,0.86592084
QQQ,1,0.14117739,0.85882261
QQQ,1,0.12746099,0.87253901
QQQ,1,0.12646640,0.87353360
QQQ,1,0.15041186,0.84958814
QQQ,1,0.28545841,0.71454159
QQQ,1,0.13706981,0.86293019
QQQ,1,0.12897632,0.87102368
QQQ,1,0.12508856,0.87491144
QQQ,1,0.12772618,0.87227382
QQQ,1,0.12848856,0.87151144
QQQ,1,0.23391962,0.76608038
QQQ,1,0.41835683,0.58164317
QQQ,1,0.29031996,0.70968004
QQQ,1,0.12885195,0.87114805
QQQ,1,0.12535816,0.87464184
QQQ,1,0.20501940,0.79498060
QQQ,1,0.12548537,0.87451463
QQQ,1,0.13580171,0.86419829
QQQ,1,0.13195014,0.86804986
QQQ,1,0.12505003,0.87494997
QQQ,1,0.13054455,0.86945545
QQQ,1,0.15889746,0.84110254
QQQ,1,0.34042821,0.65957179
QQQ,1,0.23370846,0.76629154
QQQ,1,0.19065219,0.80934781
QQQ,1,0.24009456,0.75990544
QQQ,1,0.13103014,0.86896986
QQQ,1,0.20701736,0.79298264
QQQ,1,0.12646928,0.87353072
QQQ,1,0.13549185,0.86450815
QQQ,1,0.13906715,0.86093285
QQQ,1,0.33259086,0.66740914
QQQ,1,0.12679550,0.87320450
QQQ,1,0.12890494,0.87109506
QQQ,1,0.12609628,0.87390372
QQQ,1,0.13055781,0.86944219
QQQ,1,0.13265334,0.86734666
QQQ,1,0.12644761,0.87355239
QQQ,1,0.13178723,0.86821277
QQQ,1,0.12926842,0.87073158
QQQ,1,0.12845741,0.87154259
QQQ,1,0.12758034,0.87241966
QQQ,1,0.15728734,0.84271266
QQQ,1,0.22050675,0.77949325
QQQ,1,0.18464656,0.81535344
QQQ,1,0.13118287,0.86881713
QQQ,1,0.14265242,0.85734758
QQQ,1,0.12665813,0.87334187
QQQ,1,0.12901654,0.87098346
QQQ,1,0.15539448,0.84460552
QQQ,1,0.16369566,0.83630434
QQQ,1,0.18003787,0.81996213
QQQ,1,0.12506925,0.87493075
QQQ,1,0.17434013,0.82565987
QQQ,1,0.14006465,0.85993535
QQQ,1,0.15846893,0.84153107
QQQ,1,0.55402083,0.44597917
QQQ,1,0.12533407,0.87466593
QQQ,1,0.12537540,0.87462460
QQQ,1,0.57325645,0.42674355
QQQ,1,0.24564119,0.75435881
QQQ,1,0.51986952,0.48013048
QQQ,1,0.33804008,0.66195992
QQQ,1,0.26578919,0.73421081
QQQ,1,0.21931911,0.78068089
QQQ,1,0.20231611,0.79768389
QQQ,1,0.12504814,0.87495186
QQQ,1,0.14330380,0.85669620
QQQ,1,0.13019294,0.86980706
QQQ,1,0.18366538,0.81633462
QQQ,1,0.16667822,0.83332178
QQQ,1,0.13677663,0.86322337
QQQ,1,0.25091686,0.74908314
QQQ,1,0.25314500,0.74685500
QQQ,1,0.13809600,0.86190400
QQQ,1,0.12511559,0.87488441
QQQ,1,0.13988080,0.86011920
QQQ,1,0.12588798,0.87411202
QQQ,1,0.14906917,0.85093083
QQQ,1,0.12655210,0.87344790
QQQ,1,0.14298746,0.85701254
QQQ,1,0.12838803,0.87161197
QQQ,1,0.12563037,0.87436963
QQQ,1,0.19251816,0.80748184
QQQ,1,0.12561280,0.87438720
QQQ,1,0.12565719,0.87434281
QQQ,1,0.18010352,0.81989648
QQQ,1,0.12985755,0.87014245
QQQ,1,0.12531903,0.87468097
QQQ,1,0.15329373,0.84670627
QQQ,1,0.13740967,0.86259033
QQQ,1,0.14146122,0.85853878
QQQ,1,0.18317916,0.81682084
QQQ,1,0.12604215,0.87395785
QQQ,1,0.14190077,0.85809923
QQQ,1,0.28104858,0.71895142
QQQ,1,0.13594469,0.86405531
QQQ,1,0.29558683,0.70441317
QQQ,1,0.12585261,0.87414739
QQQ,1,0.19991909,0.80008091
QQQ,1,0.24714243,0.75285757
QQQ,1,0.24189582,0.75810418
QQQ,1,0.14836386,0.85163614
QQQ,1,0.18820864,0.81179136
QQQ,1,0.17959496,0.82040504
QQQ,1,0.21509670,0.78490330
QQQ,1,0.81678627,0.18321373
QQQ,1,0.15398887,0.84601113
QQQ,1,0.20548404,0.79451596
QQQ,1,0.15580123,0.84419877
QQQ,1,0.18894024,0.81105976
QQQ,1,0.13932514,0.86067486
QQQ,1,0.12669263,0.87330737
QQQ,1,0.15093101,0.84906899
QQQ,1,0.12539145,0.87460855
QQQ,1,0.13559378,0.86440622
QQQ,1,0.16762670,0.83237330
QQQ,1,0.12621220,0.87378780
QQQ,1,0.14968926,0.85031074
QQQ,1,0.14939944,0.85060056
QQQ,1,0.57376597,0.42623403
QQQ,1,0.14454265,0.85545735
QQQ,1,0.12891642,0.87108358
QQQ,1,0.12593694,0.87406306
QQQ,1,0.12876748,0.87123252
QQQ,1,0.12857099,0.87142901
QQQ,1,0.21060274,0.78939726
QQQ,1,0.12856964,0.87143036
QQQ,1,0.16075280,0.83924720
QQQ,1,0.13003813,0.86996187
QQQ,1,0.15307099,0.84692901
QQQ,1,0.14612640,0.85387360
QQQ,1,0.12656911,0.87343089
QQQ,1,0.14265522,0.85734478
QQQ,1,0.12787791,0.87212209
QQQ,1,0.20432257,0.79567743
QQQ,1,0.15021497,0.84978503
QQQ,1,0.12560323,0.87439677
QQQ,1,0.14852923,0.85147077
QQQ,1,0.12792682,0.87207318
QQQ,1,0.14031017,0.85968983
QQQ,1,0.13407464,0.86592536
QQQ,1,0.12786202,0.87213798
QQQ,1,0.14658720,0.85341280
QQQ,1,0.13261360,0.86738640
QQQ,1,0.43326502,0.56673498
QQQ,1,0.12601788,0.87398212
QQQ,1,0.12706737,0.87293263
QQQ,1,0.13670880,0.86329120
QQQ,1,0.13149479,0.86850521
QQQ,1,0.19309220,0.80690780
QQQ,1,0.16058063,0.83941937
QQQ,1,0.12552478,0.87447522
QQQ,1,0.61091273,0.38908727
QQQ,1,0.12970194,0.87029806
QQQ,1,0.16066134,0.83933866
QQQ,1,0.14970237,0.85029763
QQQ,1,0.14358554,0.85641446
QQQ,1,0.21841521,0.78158479
QQQ,1,0.12824222,0.87175778
QQQ,1,0.12602737,0.87397263
QQQ,1,0.23560303,0.76439697
QQQ,1,0.14486365,0.85513635
QQQ,1,0.12673862,0.87326138
QQQ,1,0.12538506,0.87461494
QQQ,1,0.12526953,0.87473047
QQQ,1,0.12945623,0.87054377
QQQ,1,0.15351912,0.84648088
QQQ,1,0.25021908,0.74978092
QQQ,1,0.13083373,0.86916627
QQQ,1,0.13219849,0.86780151
QQQ,1,0.12792551,0.87207449
QQQ,1,0.12505057,0.87494943
QQQ,1,0.13246221,0.86753779
QQQ,1,0.16447520,0.83552480
QQQ,1,0.12548245,0.87451755
QQQ,1,0.12885756,0.87114244
QQQ,1,0.19973164,0.80026836
QQQ,1,0.12506153,0.87493847
QQQ,1,0.23728674,0.76271326
QQQ,1,0.16952028,0.83047972
QQQ,1,0.16847432,0.83152568
QQQ,1,0.57201750,0.42798250
QQQ,1,0.13613212,0.86386788
QQQ,1,0.61825483,0.38174517
QQQ,1,0.18375841,0.81624159
QQQ,1,0.16355600,0.83644400
QQQ,1,0.13282134,0.86717866
QQQ,1,0.22107288,0.77892712
QQQ,1,0.15171151,0.84828849
QQQ,1,0.39248225,0.60751775
QQQ,1,0.13091644,0.86908356
QQQ,1,0.12657666,0.87342334
QQQ,1,0.14893682,0.85106318
QQQ,1,0.13550000,0.86450000
QQQ,1,0.16254636,0.83745364
QQQ,1,0.12528673,0.87471327
QQQ,1,0.12683106,0.87316894
QQQ,1,0.12551228,0.87448772
QQQ,1,0.12846190,0.87153810
QQQ,1,0.12505206,0.87494794
QQQ,1,0.12636177,0.87363823
QQQ,1,0.12587779,0.87412221
QQQ,1,0.12506400,0.87493600
QQQ,1,0.52010203,0.47989797
QQQ,1,0.25290517,0.74709483
QQQ,1,0.12548669,0.87451331
QQQ,1,0.12641558,0.87358442
QQQ,1,0.24622742,0.75377258
QQQ,1,0.13399845,0.86600155
QQQ,1,0.12771721,0.87228279
QQQ,1,0.19536387,0.80463613
QQQ,1,0.13242558,0.86757442
QQQ,1,0.12916854,0.87083146
QQQ,1,0.19999418,0.80000582
QQQ,1,0.14822930,0.85177070
QQQ,1,0.12949198,0.87050802
QQQ,1,0.14366762,0.85633238
QQQ,1,0.16086912,0.83913088
QQQ,1,0.15195108,0.84804892
QQQ,1,0.12924872,0.87075128
QQQ,1,0.12563227,0.87436773
QQQ,1,0.12553304,0.87446696
QQQ,1,0.12598632,0.87401368
QQQ,1,0.16016549,0.83983451
QQQ,1,0.13775905,0.86224095
QQQ,1,0.12518207,0.87481793
QQQ,1,0.26935095,0.73064905
QQQ,1,0.13184210,0.86815790
QQQ,1,0.12631662,0.87368338
QQQ,1,0.14450429,0.85549571
QQQ,1,0.12682111,0.87317889
QQQ,1,0.22995858,0.77004142
QQQ,1,0.12794962,0.87205038
QQQ,1,0.20008707,0.79991293
QQQ,1,0.22034041,0.77965959
QQQ,1,0.12569130,0.87430870
QQQ,1,0.13204442,0.86795558
QQQ,1,0.12842329,0.87157671
QQQ,1,0.12667070,0.87332930
QQQ,1,0.15266578,0.84733422
QQQ,1,0.16417870,0.83582130
QQQ,1,0.16593429,0.83406571
QQQ,1,0.13571310,0.86428690
QQQ,1,0.18424621,0.81575379
QQQ,1,0.12952366,0.87047634
QQQ,1,0.13151382,0.86848618
QQQ,1,0.13080739,0.86919261
QQQ,1,0.32541544,0.67458456
QQQ,1,0.47294664,0.52705336
QQQ,1,0.18704334,0.81295666
QQQ,1,0.12523461,0.87476539
QQQ,1,0.14616591,0.85383409
QQQ,1,0.16150896,0.83849104
QQQ,1,0.13070562,0.86929438
QQQ,1,0.13165990,0.86834010
QQQ,1,0.57751946,0.42248054
QQQ,1,0.21601112,0.78398888
QQQ,1,0.12580322,0.87419678
QQQ,1,0.21597053,0.78402947
QQQ,1,0.45552506,0.54447494
QQQ,1,0.12676703,0.87323297
QQQ,1,0.75433932,0.24566068
QQQ,1,0.14950697,0.85049303
QQQ,1,0.12804180,0.87195820
QQQ,1,0.25672966,0.74327034
QQQ,1,0.48765495,0.51234505
QQQ,1,0.15505044,0.84494956
QQQ,1,0.23419812,0.76580188
QQQ,1,0.12902163,0.87097837
QQQ,1,0.16385307,0.83614693
QQQ,1,0.12864906,0.87135094
QQQ,1,0.14121576,0.85878424
QQQ,1,0.15464905,0.84535095
QQQ,1,0.13686763,0.86313237
QQQ,1,0.12576214,0.87423786
QQQ,1,0.14300382,0.85699618
QQQ,1,0.12545600,0.87454400
QQQ,1,0.12559515,0.87440485
QQQ,1,0.15266878,0.84733122
QQQ,1,0.12539540,0.87460460
QQQ,1,0.16395888,0.83604112
QQQ,1,0.24880228,0.75119772
QQQ,1,0.13247837,0.86752163
QQQ,1,0.12537140,0.87462860
QQQ,1,0.14128360,0.85871640
QQQ,1,0.12527584,0.87472416
QQQ,1,0.13666716,0.86333284
QQQ,1,0.13289836,0.86710164
QQQ,1,0.30171452,0.69828548
QQQ,1,0.16541245,0.83458755
QQQ,1,0.17505319,0.82494681
QQQ,1,0.25526525,0.74473475
QQQ,1,0.13975911,0.86024089
QQQ,1,0.12886873,0.87113127
QQQ,1,0.24190069,0.75809931
QQQ,1,0.19113223,0.80886777
QQQ,1,0.12996072,0.87003928
QQQ,1,0.26371211,0.73628789
QQQ,1,0.15190456,0.84809544
QQQ,1,0.12674905,0.87325095
QQQ,1,0.16058757,0.83941243
QQQ,1,0.45875924,0.54124076
QQQ,1,0.13285924,0.86714076
QQQ,1,0.16784937,0.83215063
QQQ,1,0.90639856,0.09360144
QQQ,1,0.22005221,0.77994779
QQQ,1,0.17907457,0.82092543
QQQ,1,0.44385437,0.55614563
QQQ,1,0.96429634,0.03570366
QQQ,1,0.28186342,0.71813658
QQQ,1,0.16034793,0.83965207
QQQ,1,0.13380945,0.86619055
QQQ,1,0.28095005,0.71904995
QQQ,1,0.12559689,0.87440311
QQQ,1,0.16287546,0.83712454
QQQ,1,0.17409336,0.82590664
QQQ,1,0.17533154,0.82466846
QQQ,1,0.18452149,0.81547851
QQQ,1,0.35928989,0.64071011
QQQ,1,0.12853840,0.87146160
QQQ,1,0.17155761,0.82844239
QQQ,1,0.13094061,0.86905939
QQQ,1,0.13112673,0.86887327
QQQ,1,0.12676005,0.87323995
QQQ,1,0.14224486,0.85775514
QQQ,1,0.26304861,0.73695139
QQQ,1,0.13319275,0.86680725
QQQ,1,0.12576384,0.87423616
QQQ,1,0.13343501,0.86656499
QQQ,1,0.39940335,0.60059665
QQQ,1,0.12655888,0.87344112
QQQ,1,0.14254238,0.85745762
QQQ,1,0.17292002,0.82707998
QQQ,1,0.15017984,0.84982016
QQQ,1,0.16150455,0.83849545
QQQ,1,0.13169969,0.86830031
QQQ,1,0.18859800,0.81140200
QQQ,1,0.14053800,0.85946200
QQQ,1,0.16386208,0.83613792
QQQ,1,0.26378789,0.73621211
QQQ,1,0.12869100,0.87130900
QQQ,1,0.15070215,0.84929785
QQQ,1,0.12517085,0.87482915
QQQ,1,0.12563519,0.87436481
QQQ,1,0.12519252,0.87480748
QQQ,1,0.13369692,0.86630308
QQQ,1,0.17772959,0.82227041
QQQ,1,0.15048093,0.84951907
QQQ,1,0.12516466,0.87483534
QQQ,1,0.12679476,0.87320524
QQQ,1,0.12505272,0.87494728
QQQ,1,0.18534305,0.81465695
QQQ,1,0.12873938,0.87126062
QQQ,1,0.12569095,0.87430905
QQQ,1,0.12525609,0.87474391
QQQ,1,0.14593517,0.85406483
QQQ,1,0.12511527,0.87488473
QQQ,1,0.12584478,0.87415522
QQQ,1,0.12509152,0.87490848
QQQ,1,0.12560935,0.87439065
QQQ,1,0.15147921,0.84852079
QQQ,1,0.12552009,0.87447991
QQQ,1,0.13751194,0.86248806
QQQ,1,0.12738254,0.87261746
QQQ,1,0.22003933,0.77996067
QQQ,1,0.12826246,0.87173754
QQQ,1,0.15229346,0.84770654
QQQ,1,0.12957327,0.87042673
QQQ,1,0.25040058,0.74959942
QQQ,1,0.15576379,0.84423621
QQQ,1,0.12981410,0.87018590
QQQ,1,0.15111646,0.84888354
QQQ,1,0.15167689,0.84832311
QQQ,1,0.13117370,0.86882630
QQQ,1,0.13411413,0.86588587
QQQ,1,0.27349851,0.72650149
QQQ,1,0.33661438,0.66338562
QQQ,1,0.12513992,0.87486008
QQQ,1,0.15124712,0.84875288
QQQ,1,0.15544735,0.84455265
QQQ,1,0.12539528,0.87460472
QQQ,1,0.13511441,0.86488559
QQQ,1,0.12504948,0.87495052
QQQ,1,0.12692069,0.87307931
QQQ,1,0.13434991,0.86565009
QQQ,1,0.58629757,0.41370243
QQQ,1,0.13989327,0.86010673
QQQ,1,0.15478567,0.84521433
QQQ,1,0.16183662,0.83816338
QQQ,1,0.12586882,0.87413118
QQQ,1,0.13155611,0.86844389
QQQ,1,0.15860331,0.84139669
QQQ,1,0.15131428,0.84868572
QQQ,1,0.12504973,0.87495027
QQQ,1,0.20996029,0.79003971
QQQ,1,0.14676587,0.85323413
QQQ,1,0.14205366,0.85794634
QQQ,1,0.16912676,0.83087324
QQQ,1,0.14894154,0.85105846
QQQ,1,0.12510005,0.87489995
QQQ,1,0.12758520,0.87241480
QQQ,1,0.12667654,0.87332346
QQQ,1,0.13327633,0.86672367
QQQ,1,0.12592699,0.87407301
QQQ,1,0.12508371,0.87491629
QQQ,1,0.12578272,0.87421728
QQQ,1,0.13349101,0.86650899
QQQ,1,0.13108808,0.86891192
QQQ,1,0.14687438,0.85312562
QQQ,1,0.12597045,0.87402955
QQQ,1,0.14102959,0.85897041
QQQ,1,0.12797456,0.87202544
QQQ,1,0.17287991,0.82712009
QQQ,1,0.16719010,0.83280990
QQQ,1,0.12512055,0.87487945
QQQ,1,0.14232983,0.85767017
QQQ,1,0.19998487,0.80001513
QQQ,1,0.17210337,0.82789663
QQQ,1,0.12747242,0.87252758
QQQ,1,0.16495105,0.83504895
QQQ,1,0.12507158,0.87492842
QQQ,1,0.18982311,0.81017689
QQQ,1,0.13162641,0.86837359
QQQ,1,0.21033974,0.78966026
QQQ,1,0.61247840,0.38752160
QQQ,1,0.19068150,0.80931850
QQQ,1,0.12538348,0.87461652
QQQ,1,0.12616346,0.87383654
QQQ,1,0.37789087,0.62210913
QQQ,1,0.12551429,0.87448571
QQQ,1,0.19737374,0.80262626
QQQ,1,0.12664260,0.87335740
QQQ,1,0.31453433,0.68546567
QQQ,1,0.49475899,0.50524101
QQQ,1,0.34506196,0.65493804
QQQ,1,0.87076065,0.12923935
QQQ,1,0.42818385,0.57181615
QQQ,1,0.12538867,0.87461133
QQQ,1,0.15311743,0.84688257
QQQ,1,0.15485870,0.84514130
QQQ,1,0.26283626,0.73716374
QQQ,1,0.35722374,0.64277626
QQQ,1,0.88821471,0.11178529
QQQ,1,0.13404026,0.86595974
QQQ,1,0.32326076,0.67673924
QQQ,1,0.18319065,0.81680935
QQQ,1,0.12586121,0.87413879
QQQ,1,0.33689496,0.66310504
QQQ,1,0.13026084,0.86973916
QQQ,1,0.12728326,0.87271674
QQQ,1,0.29470027,0.70529973
QQQ,1,0.13369300,0.86630700
QQQ,1,0.13142898,0.86857102
QQQ,1,0.12504785,0.87495215
QQQ,1,0.13130316,0.86869684
QQQ,1,0.12535806,0.87464194
QQQ,1,0.13272292,0.86727708
QQQ,1,0.13200202,0.86799798
QQQ,1,0.12734779,0.87265221
QQQ,1,0.13732528,0.86267472
QQQ,1,0.13205529,0.86794471
QQQ,1,0.13008606,0.86991394
QQQ,1,0.16154743,0.83845257
QQQ,1,0.13596332,0.86403668
QQQ,1,0.13630313,0.86369687
QQQ,1,0.12796351,0.87203649
QQQ,1,0.16837154,0.83162846
QQQ,1,0.12739604,0.87260396
QQQ,1,0.15387072,0.84612928
QQQ,1,0.14113055,0.85886945
QQQ,1,0.22287554,0.77712446
QQQ,1,0.13224657,0.86775343
QQQ,1,0.12757556,0.87242444
QQQ,1,0.12513082,0.87486918
QQQ,1,0.12504655,0.87495345
QQQ,1,0.15986508,0.84013492
QQQ,1,0.12980914,0.87019086
QQQ,1,0.36244786,0.63755214
QQQ,1,0.13456068,0.86543932
QQQ,1,0.21359731,0.78640269
QQQ,1,0.21942452,0.78057548
QQQ,1,0.40814242,0.59185758
QQQ,1,0.42798959,0.57201041
QQQ,1,0.81754253,0.18245747
QQQ,1,0.14624425,0.85375575
QQQ,1,0.12968762,0.87031238
QQQ,1,0.13236659,0.86763341
QQQ,1,0.12532088,0.87467912
QQQ,1,0.15964205,0.84035795
QQQ,1,0.12506646,0.87493354
QQQ,1,0.15532828,0.84467172
QQQ,1,0.21325873,0.78674127
QQQ,1,0.13307457,0.86692543
QQQ,1,0.33379755,0.66620245
QQQ,1,0.31081242,0.68918758
QQQ,1,0.24492323,0.75507677
QQQ,1,0.55604595,0.44395405
QQQ,1,0.14544985,0.85455015
QQQ,1,0.21666991,0.78333009
QQQ,1,0.12550299,0.87449701
QQQ,1,0.14522368,0.85477632
QQQ,1,0.28040925,0.71959075
QQQ,1,0.21927695,0.78072305
QQQ,1,0.17711567,0.82288433
QQQ,1,0.14511121,0.85488879
QQQ,1,0.50028187,0.49971813
QQQ,1,0.13148677,0.86851323
QQQ,1,0.12569981,0.87430019
QQQ,1,0.87553294,0.12446706
QQQ,1,0.15402107,0.84597893
QQQ,1,0.18833827,0.81166173
QQQ,1,0.16125656,0.83874344
QQQ,1,0.17314216,0.82685784
QQQ,1,0.20105196,0.79894804
QQQ,1,0.12512157,0.87487843
QQQ,1,0.17755173,0.82244827
QQQ,1,0.14581466,0.85418534
QQQ,1,0.13293130,0.86706870
QQQ,1,0.34636275,0.65363725
QQQ,1,0.13785999,0.86214001
QQQ,1,0.23747812,0.76252188
QQQ,1,0.18658669,0.81341331
QQQ,1,0.12625091,0.87374909
QQQ,1,0.12634456,0.87365544
QQQ,1,0.14130819,0.85869181
QQQ,1,0.15768592,0.84231408
QQQ,1,0.12621184,0.87378816
QQQ,1,0.12542959,0.87457041
QQQ,1,0.12877902,0.87122098
QQQ,1,0.14076197,0.85923803
QQQ,1,0.13598663,0.86401337
QQQ,1,0.18031352,0.81968648
QQQ,1,0.13621881,0.86378119
QQQ,1,0.13585142,0.86414858
QQQ,1,0.12651087,0.87348913
QQQ,1,0.22636235,0.77363765
QQQ,1,0.12823128,0.87176872
QQQ,1,0.49889427,0.50110573
QQQ,1,0.15637781,0.84362219
QQQ,1,0.15091469,0.84908531
QQQ,1,0.13522873,0.86477127
QQQ,1,0.25835688,0.74164312
QQQ,1,0.12829671,0.87170329
QQQ,1,0.19801008,0.80198992
QQQ,1,0.12755345,0.87244655
QQQ,1,0.15372692,0.84627308
QQQ,1,0.12660018,0.87339982
QQQ,1,0.13376328,0.86623672
QQQ,1,0.75356455,0.24643545
QQQ,1,0.13911121,0.86088879
QQQ,1,0.13421118,0.86578882
QQQ,1,0.23380358,0.76619642
QQQ,1,0.20090779,0.79909221
QQQ,1,0.14722667,0.85277333
QQQ,1,0.12513373,0.87486627
QQQ,1,0.17234171,0.82765829
QQQ,1,0.12601976,0.87398024
QQQ,1,0.16767247,0.83232753
QQQ,1,0.15527142,0.84472858
QQQ,1,0.13762603,0.86237397
QQQ,1,0.12829461,0.87170539
QQQ,1,0.13077677,0.86922323
QQQ,1,0.14955939,0.85044061
QQQ,1,0.12572841,0.87427159
QQQ,1,0.36754094,0.63245906
QQQ,1,0.30184171,0.69815829
QQQ,1,0.14174556,0.85825444
QQQ,1,0.14623381,0.85376619
QQQ,1,0.13554627,0.86445373
QQQ,1,0.29042816,0.70957184
QQQ,1,0.12706095,0.87293905
QQQ,1,0.12787267,0.87212733
QQQ,1,0.15246135,0.84753865
QQQ,1,0.38427582,0.61572418
QQQ,1,0.24927210,0.75072790
QQQ,1,0.12850795,0.87149205
QQQ,1,0.39057250,0.60942750
QQQ,1,0.16749737,0.83250263
QQQ,1,0.14567056,0.85432944
QQQ,1,0.26214154,0.73785846
QQQ,1,0.13147236,0.86852764
QQQ,1,0.13956327,0.86043673
QQQ,1,0.12703399,0.87296601
QQQ,1,0.32257810,0.67742190
QQQ,1,0.12542542,0.87457458
QQQ,1,0.13726847,0.86273153
QQQ,1,0.12549222,0.87450778
QQQ,1,0.12524860,0.87475140
QQQ,1,0.14265599,0.85734401
QQQ,1,0.12535828,0.87464172
QQQ,1,0.23378197,0.76621803
QQQ,1,0.34993200,0.65006800
QQQ,1,0.12623353,0.87376647
QQQ,1,0.14978533,0.85021467
QQQ,1,0.13080619,0.86919381
QQQ,1,0.13065559,0.86934441
QQQ,1,0.13002083,0.86997917
QQQ,1,0.16362833,0.83637167
QQQ,1,0.12990952,0.87009048
QQQ,1,0.20667368,0.79332632
QQQ,1,0.12810112,0.87189888
QQQ,1,0.28529000,0.71471000
QQQ,1,0.12804438,0.87195562
QQQ,1,0.17206461,0.82793539
QQQ,1,0.14428676,0.85571324
QQQ,1,0.14240839,0.85759161
QQQ,1,0.13086958,0.86913042
QQQ,1,0.32199388,0.67800612
QQQ,1,0.13613725,0.86386275
QQQ,1,0.15919961,0.84080039
QQQ,1,0.12594809,0.87405191
QQQ,1,0.14202861,0.85797139
QQQ,1,0.12826833,0.87173167
QQQ,1,0.15601521,0.84398479
QQQ,1,0.79588773,0.20411227
QQQ,1,0.12821651,0.87178349
QQQ,1,0.17125225,0.82874775
QQQ,1,0.12535091,0.87464909
QQQ,1,0.12834239,0.87165761
QQQ,1,0.12856235,0.87143765
QQQ,1,0.44072196,0.55927804
QQQ,1,0.12646808,0.87353192
QQQ,1,0.34105650,0.65894350
QQQ,1,0.48038626,0.51961374
QQQ,1,0.16385448,0.83614552
QQQ,1,0.12632950,0.87367050
QQQ,1,0.30378357,0.69621643
QQQ,1,0.35118426,0.64881574
QQQ,1,0.13641540,0.86358460
QQQ,1,0.12515655,0.87484345
QQQ,1,0.22930241,0.77069759
QQQ,1,0.13717135,0.86282865
QQQ,1,0.20143444,0.79856556
QQQ,1,0.18162261,0.81837739
QQQ,1,0.17169558,0.82830442
QQQ,1,0.13650903,0.86349097
QQQ,1,0.14086649,0.85913351
QQQ,1,0.12554625,0.87445375
QQQ,1,0.13145401,0.86854599
QQQ,1,0.12765827,0.87234173
QQQ,1,0.16494656,0.83505344
QQQ,1,0.36547116,0.63452884
QQQ,1,0.12790008,0.87209992
QQQ,1,0.22629998,0.77370002
QQQ,1,0.25021275,0.74978725
QQQ,1,0.12975017,0.87024983
QQQ,1,0.12632960,0.87367040
QQQ,1,0.12634410,0.87365590
QQQ,1,0.17487631,0.82512369
QQQ,1,0.13913536,0.86086464
QQQ,1,0.15721006,0.84278994
QQQ,1,0.93092982,0.06907018
QQQ,1,0.99995708,0.00004292
QQQ,1,0.99959362,0.00040638
QQQ,1,0.14799798,0.85200202
QQQ,1,0.99998997,0.00001003
QQQ,1,0.91377428,0.08622572
QQQ,1,0.12588410,0.87411590
QQQ,1,0.25564989,0.74435011
QQQ,1,0.98137316,0.01862684
QQQ,1,0.86764940,0.13235060
QQQ,1,0.13238121,0.86761879
QQQ,1,0.24894550,0.75105450
QQQ,1,0.90004278,0.09995722
QQQ,1,0.19672812,0.80327188
QQQ,1,0.20427240,0.79572760
QQQ,1,0.14973596,0.85026404
QQQ,1,0.12972414,0.87027586
QQQ,1,0.23217455,0.76782545
QQQ,1,0.15113549,0.84886451
QQQ,1,0.12532672,0.87467328
QQQ,1,0.31094439,0.68905561
QQQ,1,0.12848111,0.87151889
QQQ,1,0.33207007,0.66792993
QQQ,1,0.12504506,0.87495494
QQQ,1,0.13329125,0.86670875
QQQ,1,0.17961506,0.82038494
QQQ,1,0.94751677,0.05248323
QQQ,1,0.15614893,0.84385107
QQQ,1,0.70972570,0.29027430
QQQ,1,0.14678084,0.85321916
QQQ,1,0.44921330,0.55078670
QQQ,1,0.34231324,0.65768676
QQQ,1,0.13510868,0.86489132
QQQ,1,0.14661977,0.85338023
QQQ,1,0.13681850,0.86318150
QQQ,1,0.13946947,0.86053053
QQQ,1,0.12953485,0.87046515
QQQ,1,0.15201266,0.84798734
QQQ,1,0.12741262,0.87258738
QQQ,1,0.37874651,0.62125349
QQQ,1,0.14253803,0.85746197
QQQ,1,0.14849494,0.85150506
QQQ,1,0.14025885,0.85974115
QQQ,1,0.15246995,0.84753005
QQQ,1,0.56579915,0.43420085
QQQ,1,0.93589191,0.06410809
QQQ,1,0.12782461,0.87217539
QQQ,1,0.12770150,0.87229850
QQQ,1,0.17508285,0.82491715
QQQ,1,0.12583227,0.87416773
QQQ,1,0.13849455,0.86150545
QQQ,1,0.21975965,0.78024035
QQQ,1,0.13571337,0.86428663
QQQ,1,0.12509040,0.87490960
QQQ,1,0.12957469,0.87042531
QQQ,1,0.12523012,0.87476988
QQQ,1,0.21274923,0.78725077
QQQ,1,0.13121670,0.86878330
QQQ,1,0.12621101,0.87378899
QQQ,1,0.19755021,0.80244979
QQQ,1,0.59489934,0.40510066
QQQ,1,0.27581752,0.72418248
QQQ,1,0.12625757,0.87374243
QQQ,1,0.52329671,0.47670329
QQQ,1,0.12690515,0.87309485
QQQ,1,0.15621882,0.84378118
QQQ,1,0.12900313,0.87099687
QQQ,1,0.12570140,0.87429860
QQQ,1,0.12546688,0.87453312
QQQ,1,0.12633879,0.87366121
QQQ,1,0.12882486,0.87117514
QQQ,1,0.19708615,0.80291385
QQQ,1,0.14598693,0.85401307
QQQ,1,0.44079920,0.55920080
QQQ,1,0.69404573,0.30595427
QQQ,1,0.13178251,0.86821749
QQQ,1,0.12505898,0.87494102
QQQ,1,0.34716421,0.65283579
QQQ,1,0.13360134,0.86639866
QQQ,1,0.73843371,0.26156629
QQQ,1,0.15146946,0.84853054
QQQ,1,0.15324886,0.84675114
QQQ,1,0.33941659,0.66058341
QQQ,1,0.29645321,0.70354679
QQQ,1,0.58405495,0.41594505
QQQ,1,0.20038482,0.79961518
QQQ,1,0.16001137,0.83998863
QQQ,1,0.16690974,0.83309026
QQQ,1,0.12507434,0.87492566
QQQ,1,0.12522487,0.87477513
QQQ,1,0.35852461,0.64147539
QQQ,1,0.17263274,0.82736726
QQQ,1,0.27026631,0.72973369
QQQ,1,0.68463111,0.31536889
QQQ,1,0.13028118,0.86971882
QQQ,1,0.19596779,0.80403221
QQQ,1,0.98075791,0.01924209
QQQ,1,0.19971930,0.80028070
QQQ,1,0.12934413,0.87065587
QQQ,1,0.23567841,0.76432159
QQQ,1,0.99127706,0.00872294
QQQ,1,0.52982852,0.47017148
QQQ,1,0.96243616,0.03756384
QQQ,1,0.12517944,0.87482056
QQQ,1,0.13050840,0.86949160
QQQ,1,0.12546311,0.87453689
QQQ,1,0.93402370,0.06597630
QQQ,1,0.28175968,0.71824032
QQQ,1,0.17188122,0.82811878
QQQ,1,0.81691393,0.18308607
QQQ,1,0.25997815,0.74002185
QQQ,1,0.65358569,0.34641431
QQQ,1,0.13422510,0.86577490
QQQ,1,0.67039049,0.32960951
QQQ,1,0.14886452,0.85113548
QQQ,1,0.12512298,0.87487702
QQQ,1,0.99380041,0.00619959
QQQ,1,0.43552460,0.56447540
QQQ,1,0.13493260,0.86506740
QQQ,1,0.13354143,0.86645857
QQQ,1,0.12599402,0.87400598
QQQ,1,0.33723347,0.66276653
QQQ,1,0.74216656,0.25783344
QQQ,1,0.76596274,0.23403726
QQQ,1,0.20534482,0.79465518
QQQ,1,0.12843176,0.87156824
QQQ,1,0.38728919,0.61271081
QQQ,1,0.36445719,0.63554281
QQQ,1,0.17806562,0.82193438
QQQ,1,0.20628950,0.79371050
QQQ,1,0.12536686,0.87463314
QQQ,1,0.18541389,0.81458611
QQQ,1,0.97043697,0.02956303
QQQ,1,0.12775659,0.87224341
QQQ,1,0.12721195,0.87278805
QQQ,1,0.12509053,0.87490947
QQQ,1,0.15020807,0.84979193
QQQ,1,0.17876794,0.82123206
QQQ,1,0.14857850,0.85142150
QQQ,1,0.12590220,0.87409780
QQQ,1,0.43216833,0.56783167
QQQ,1,0.12935478,0.87064522
QQQ,1,0.12509309,0.87490691
QQQ,1,0.18162082,0.81837918
QQQ,1,0.12504720,0.87495280
QQQ,1,0.12650371,0.87349629
QQQ,1,0.13515989,0.86484011
QQQ,1,0.13176198,0.86823802
QQQ,1,0.17125179,0.82874821
QQQ,1,0.12506103,0.87493897
QQQ,1,0.12622659,0.87377341
QQQ,1,0.36985290,0.63014710
QQQ,1,0.14660112,0.85339888
QQQ,1,0.12593258,0.87406742
QQQ,1,0.20958969,0.79041031
QQQ,1,0.13164208,0.86835792
QQQ,1,0.19857151,0.80142849
QQQ,1,0.36680686,0.63319314
QQQ,1,0.28740179,0.71259821
QQQ,1,0.12646790,0.87353210
QQQ,1,0.13378600,0.86621400
QQQ,1,0.17183535,0.82816465
QQQ,1,0.27430871,0.72569129
QQQ,1,0.12541706,0.87458294
QQQ,1,0.12900864,0.87099136
QQQ,1,0.14250656,0.85749344
QQQ,1,0.14759497,0.85240503
QQQ,1,0.12518598,0.87481402
QQQ,1,0.12505470,0.87494530
QQQ,1,0.34375039,0.65624961
QQQ,1,0.12546228,0.87453772
QQQ,1,0.14040335,0.85959665
QQQ,1,0.17412955,0.82587045
QQQ,1,0.25844636,0.74155364
QQQ,1,0.14841425,0.85158575
QQQ,1,0.18583941,0.81416059
QQQ,1,0.18103049,0.81896951
QQQ,1,0.15796314,0.84203686
QQQ,1,0.12529218,0.87470782
QQQ,1,0.14338129,0.85661871
QQQ,1,0.13117595,0.86882405
QQQ,1,0.29273339,0.70726661
QQQ,1,0.17443165,0.82556835
QQQ,1,0.14071004,0.85928996
QQQ,1,0.13485256,0.86514744
QQQ,1,0.24892539,0.75107461
QQQ,1,0.24176995,0.75823005
QQQ,1,0.13034967,0.86965033
QQQ,1,0.14133640,0.85866360
QQQ,1,0.21325158,0.78674842
QQQ,1,0.12536401,0.87463599
QQQ,1,0.56202260,0.43797740
QQQ,1,0.17309677,0.82690323
QQQ,1,0.13195329,0.86804671
QQQ,1,0.14371233,0.85628767
QQQ,1,0.12801192,0.87198808
QQQ,1,0.12506669,0.87493331
QQQ,1,0.12774736,0.87225264
QQQ,1,0.13864908,0.86135092
QQQ,1,0.13220375,0.86779625
QQQ,1,0.12845290,0.87154710
QQQ,1,0.12659713,0.87340287
QQQ,1,0.12650696,0.87349304
QQQ,1,0.23100921,0.76899079
QQQ,1,0.18398158,0.81601842
QQQ,1,0.12517085,0.87482915
QQQ,1,0.13020987,0.86979013
QQQ,1,0.12998230,0.87001770
QQQ,1,0.23407227,0.76592773
QQQ,1,0.14588946,0.85411054
QQQ,1,0.13280796,0.86719204
QQQ,1,0.12818884,0.87181116
QQQ,1,0.30184615,0.69815385
QQQ,1,0.99951771,0.00048229
QQQ,1,0.70190749,0.29809251
QQQ,1,0.60752429,0.39247571
QQQ,1,0.50654342,0.49345658
QQQ,1,0.25470095,0.74529905
QQQ,1,0.14588901,0.85411099
QQQ,1,0.14767606,0.85232394
QQQ,1,0.16780636,0.83219364
QQQ,1,0.13229421,0.86770579
QQQ,1,0.35574571,0.64425429
QQQ,1,0.15367509,0.84632491
QQQ,1,0.14368829,0.85631171
QQQ,1,0.12791798,0.87208202
QQQ,1,0.15513705,0.84486295
QQQ,1,0.12599106,0.87400894
QQQ,1,0.15350843,0.84649157
QQQ,1,0.13186107,0.86813893
QQQ,1,0.22918591,0.77081409
QQQ,1,0.12675834,0.87324166
QQQ,1,0.13532104,0.86467896
QQQ,1,0.12510375,0.87489625
QQQ,1,0.12585597,0.87414403
QQQ,1,0.15820190,0.84179810
QQQ,1,0.13449631,0.86550369
QQQ,1,0.12851200,0.87148800
QQQ,1,0.14408050,0.85591950
QQQ,1,0.16208255,0.83791745
QQQ,1,0.13025689,0.86974311
QQQ,1,0.13082156,0.86917844
QQQ,1,0.19526363,0.80473637
QQQ,1,0.12526213,0.87473787
QQQ,1,0.12819406,0.87180594
QQQ,1,0.12876142,0.87123858
QQQ,1,0.13596133,0.86403867
QQQ,1,0.12555913,0.87444087
QQQ,1,0.13682988,0.86317012
QQQ,1,0.14341419,0.85658581
QQQ,1,0.12641921,0.87358079
QQQ,1,0.12512031,0.87487969
QQQ,1,0.12507964,0.87492036
QQQ,1,0.12539309,0.87460691
QQQ,1,0.12711630,0.87288370
QQQ,1,0.15237217,0.84762783
QQQ,1,0.12747322,0.87252678
QQQ,1,0.12619936,0.87380064
QQQ,1,0.12633900,0.87366100
QQQ,1,0.13139672,0.86860328
QQQ,1,0.12594185,0.87405815
QQQ,1,0.12899256,0.87100744
QQQ,1,0.13227895,0.86772105
QQQ,1,0.15237954,0.84762046
QQQ,1,0.12557720,0.87442280
QQQ,1,0.14753135,0.85246865
QQQ,1,0.85773338,0.14226662
QQQ,1,0.39305463,0.60694537
QQQ,1,0.17017388,0.82982612
QQQ,1,0.13670285,0.86329715
QQQ,1,0.36255465,0.63744535
QQQ,1,0.12512272,0.87487728
QQQ,1,0.13734548,0.86265452
QQQ,1,0.12671868,0.87328132
QQQ,1,0.19836237,0.80163763
QQQ,1,0.17598726,0.82401274
QQQ,1,0.14867387,0.85132613
QQQ,1,0.18014581,0.81985419
QQQ,1,0.18986819,0.81013181
QQQ,1,0.12810468,0.87189532
QQQ,1,0.16032949,0.83967051
QQQ,1,0.15888924,0.84111076
QQQ,1,0.12569683,0.87430317
QQQ,1,0.12662037,0.87337963
QQQ,1,0.13258824,0.86741176
QQQ,1,0.12510385,0.87489615
QQQ,1,0.12810389,0.87189611
QQQ,1,0.15058044,0.84941956
QQQ,1,0.30134979,0.69865021
QQQ,1,0.12668643,0.87331357
QQQ,1,0.13337056,0.86662944
QQQ,1,0.12566184,0.87433816
QQQ,1,0.12949542,0.87050458
QQQ,1,0.17965452,0.82034548
QQQ,1,0.12513999,0.87486001
QQQ,1,0.12592188,0.87407812
QQQ,1,0.13354681,0.86645319
QQQ,1,0.24675227,0.75324773
QQQ,1,0.12904919,0.87095081
QQQ,1,0.15831948,0.84168052
QQQ,1,0.14084807,0.85915193
QQQ,1,0.15386643,0.84613357
QQQ,1,0.12605639,0.87394361
QQQ,1,0.16509816,0.83490184
QQQ,1,0.17593497,0.82406503
QQQ,1,0.20589705,0.79410295
QQQ,1,0.13547122,0.86452878
QQQ,1,0.75073361,0.24926639
QQQ,1,0.16728417,0.83271583
QQQ,1,0.14092694,0.85907306
QQQ,1,0.37729301,0.62270699
QQQ,1,0.12516869,0.87483131
QQQ,1,0.20283836,0.79716164
QQQ,1,0.27634954,0.72365046
QQQ,1,0.15502042,0.84497958
QQQ,1,0.16467005,0.83532995
QQQ,1,0.13211156,0.86788844
QQQ,1,0.20303419,0.79696581
QQQ,1,0.13320165,0.86679835
QQQ,1,0.13460028,0.86539972
QQQ,1,0.13062312,0.86937688
QQQ,1,0.12778471,0.87221529
QQQ,1,0.13202189,0.86797811
QQQ,1,0.24284864,0.75715136
QQQ,1,0.47332147,0.52667853
QQQ,1,0.12571630,0.87428370
QQQ,1,0.16817220,0.83182780
QQQ,1,0.13001177,0.86998823
QQQ,1,0.26168072,0.73831928
QQQ,1,0.12879713,0.87120287
QQQ,1,0.16882252,0.83117748
QQQ,1,0.13578046,0.86421954
QQQ,1,0.25023631,0.74976369
QQQ,1,0.12625031,0.87374969
QQQ,1,0.12637177,0.87362823
QQQ,1,0.13336699,0.86663301
QQQ,1,0.13463420,0.86536580
QQQ,1,0.13545334,0.86454666
QQQ,1,0.12522258,0.87477742
QQQ,1,0.13018565,0.86981435
QQQ,1,0.12520508,0.87479492
QQQ,1,0.14250279,0.85749721
QQQ,1,0.16428189,0.83571811
QQQ,1,0.12714616,0.87285384
QQQ,1,0.20798753,0.79201247
QQQ,1,0.17451694,0.82548306
QQQ,1,0.14810749,0.85189251
QQQ,1,0.14836242,0.85163758
QQQ,1,0.18444539,0.81555461
QQQ,1,0.13394387,0.86605613
QQQ,1,0.12857447,0.87142553
QQQ,1,0.12997141,0.87002859
QQQ,1,0.12625542,0.87374458
QQQ,1,0.13203102,0.86796898
QQQ,1,0.13002810,0.86997190
QQQ,1,0.12721187,0.87278813
QQQ,1,0.12513133,0.87486867
QQQ,1,0.12795894,0.87204106
QQQ,1,0.12557605,0.87442395
QQQ,1,0.15585034,0.84414966
QQQ,1,0.20749501,0.79250499
QQQ,1,0.12658478,0.87341522
QQQ,1,0.12743953,0.87256047
QQQ,1,0.16647466,0.83352534
QQQ,1,0.12871707,0.87128293
QQQ,1,0.15606033,0.84393967
QQQ,1,0.12519991,0.87480009
QQQ,1,0.13001900,0.86998100
QQQ,1,0.12616577,0.87383423
QQQ,1,0.13377174,0.86622826
QQQ,1,0.12718534,0.87281466
QQQ,1,0.13380144,0.86619856
QQQ,1,0.13277052,0.86722948
QQQ,1,0.14736127,0.85263873
QQQ,1,0.13349880,0.86650120
QQQ,1,0.14957523,0.85042477
QQQ,1,0.12504365,0.87495635
QQQ,1,0.13690093,0.86309907
QQQ,1,0.14229930,0.85770070
QQQ,1,0.12530370,0.87469630
QQQ,1,0.13390586,0.86609414
QQQ,1,0.12686740,0.87313260
QQQ,1,0.12613814,0.87386186
QQQ,1,0.13070240,0.86929760
QQQ,1,0.21372262,0.78627738
QQQ,1,0.13770625,0.86229375
QQQ,1,0.12654896,0.87345104
QQQ,1,0.12782407,0.87217593
QQQ,1,0.12705910,0.87294090
QQQ,1,0.12676706,0.87323294
QQQ,1,0.12549926,0.87450074
QQQ,1,0.13650091,0.86349909
QQQ,1,0.12728101,0.87271899
QQQ,1,0.12846029,0.87153971
QQQ,1,0.14906736,0.85093264
QQQ,1,0.12511815,0.87488185
QQQ,1,0.12513556,0.87486444
QQQ,1,0.12553375,0.87446625
QQQ,1,0.33638043,0.66361957
QQQ,1,0.14649343,0.85350657
QQQ,1,0.12797967,0.87202033
QQQ,1,0.12735659,0.87264341
QQQ,1,0.12687078,0.87312922
QQQ,1,0.15050185,0.84949815
QQQ,1,0.14092605,0.85907395
QQQ,1,0.12731109,0.87268891
QQQ,1,0.12525749,0.87474251
QQQ,1,0.12529669,0.87470331
QQQ,1,0.12653463,0.87346537
QQQ,1,0.13520409,0.86479591
QQQ,1,0.12510231,0.87489769
QQQ,1,0.12519840,0.87480160
QQQ,1,0.12511886,0.87488114
QQQ,1,0.13689712,0.86310288
QQQ,1,0.13671905,0.86328095
QQQ,1,0.13629247,0.86370753
QQQ,1,0.17038014,0.82961986
QQQ,1,0.12575577,0.87424423
QQQ,1,0.12646326,0.87353674
QQQ,1,0.17547300,0.82452700
QQQ,1,0.12507490,0.87492510
QQQ,1,0.24264757,0.75735243
QQQ,1,0.16814954,0.83185046
QQQ,1,0.12568023,0.87431977
QQQ,1,0.14813198,0.85186802
QQQ,1,0.12775697,0.87224303
QQQ,1,0.18318334,0.81681666
QQQ,1,0.12792705,0.87207295
QQQ,1,0.13113534,0.86886466
QQQ,1,0.12506599,0.87493401
QQQ,1,0.13352320,0.86647680
QQQ,1,0.12855742,0.87144258
QQQ,1,0.13320603,0.86679397
QQQ,1,0.12540542,0.87459458
QQQ,1,0.12540279,0.87459721
QQQ,1,0.12803893,0.87196107
QQQ,1,0.13185638,0.86814362
QQQ,1,0.13706057,0.86293943
QQQ,1,0.84775954,0.15224046
QQQ,1,0.16176875,0.83823125
QQQ,1,0.13919856,0.86080144
QQQ,1,0.17813874,0.82186126
QQQ,1,0.12636193,0.87363807
QQQ,1,0.13891723,0.86108277
QQQ,1,0.17679569,0.82320431
QQQ,1,0.12872773,0.87127227
QQQ,1,0.12560806,0.87439194
QQQ,1,0.12510189,0.87489811
QQQ,1,0.13452507,0.86547493
QQQ,1,0.23262683,0.76737317
QQQ,1,0.12514524,0.87485476
QQQ,1,0.13518299,0.86481701
QQQ,1,0.13369028,0.86630972
QQQ,1,0.12601870,0.87398130
QQQ,1,0.83782305,0.16217695
QQQ,1,0.15580147,0.84419853
QQQ,1,0.16738236,0.83261764
QQQ,1,0.13478732,0.86521268
QQQ,1,0.13915884,0.86084116
QQQ,1,0.13855744,0.86144256
QQQ,1,0.39084804,0.60915196
QQQ,1,0.15801986,0.84198014
QQQ,1,0.19060847,0.80939153
QQQ,1,0.12508209,0.87491791
QQQ,1,0.13427139,0.86572861
QQQ,1,0.13789276,0.86210724
QQQ,1,0.49757074,0.50242926
QQQ,1,0.27924843,0.72075157
QQQ,1,0.40796529,0.59203471
QQQ,1,0.12525477,0.87474523
QQQ,1,0.21122745,0.78877255
QQQ,1,0.18723107,0.81276893
QQQ,1,0.17697731,0.82302269
QQQ,1,0.20479925,0.79520075
QQQ,1,0.15939472,0.84060528
QQQ,1,0.13132083,0.86867917
QQQ,1,0.24174114,0.75825886
QQQ,1,0.13008947,0.86991053
QQQ,1,0.16946769,0.83053231
QQQ,1,0.12556223,0.87443777
QQQ,1,0.15520924,0.84479076
QQQ,1,0.15076151,0.84923849
QQQ,1,0.12669897,0.87330103
QQQ,1,0.12511672,0.87488328
QQQ,1,0.13831739,0.86168261
QQQ,1,0.12836560,0.87163440
QQQ,1,0.13111595,0.86888405
QQQ,1,0.14998942,0.85001058
QQQ,1,0.12589601,0.87410399
QQQ,1,0.13683264,0.86316736
QQQ,1,0.12770426,0.87229574
QQQ,1,0.13007951,0.86992049
QQQ,1,0.13395261,0.86604739
QQQ,1,0.12662643,0.87337357
QQQ,1,0.15259487,0.84740513
QQQ,1,0.12661861,0.87338139
QQQ,1,0.12595360,0.87404640
QQQ,1,0.67019305,0.32980695
QQQ,1,0.15231690,0.84768310
QQQ,1,0.27579799,0.72420201
QQQ,1,0.12623350,0.87376650
QQQ,1,0.12698670,0.87301330
QQQ,1,0.60611827,0.39388173
QQQ,1,0.12711315,0.87288685
QQQ,1,0.12610847,0.87389153
QQQ,1,0.33823957,0.66176043
QQQ,1,0.12975888,0.87024112
QQQ,1,0.13123737,0.86876263
QQQ,1,0.12824868,0.87175132
QQQ,1,0.13060596,0.86939404
QQQ,1,0.13570927,0.86429073
QQQ,1,0.24043020,0.75956980
QQQ,1,0.22636393,0.77363607
QQQ,1,0.12542864,0.87457136
QQQ,1,0.18521362,0.81478638
QQQ,1,0.12908959,0.87091041
QQQ,1,0.12895166,0.87104834
QQQ,1,0.17762418,0.82237582
QQQ,1,0.21946618,0.78053382
QQQ,1,0.13074831,0.86925169
QQQ,1,0.12642791,0.87357209
QQQ,1,0.14737150,0.85262850
QQQ,1,0.13111112,0.86888888
QQQ,1,0.12582021,0.87417979
QQQ,1,0.12671709,0.87328291
QQQ,1,0.13067508,0.86932492
QQQ,1,0.15164241,0.84835759
QQQ,1,0.12609084,0.87390916
QQQ,1,0.21261348,0.78738652
QQQ,1,0.12755727,0.87244273
QQQ,1,0.18556812,0.81443188
QQQ,1,0.12505568,0.87494432
QQQ,1,0.16007929,0.83992071
QQQ,1,0.12605838,0.87394162
QQQ,1,0.12798289,0.87201711
QQQ,1,0.12575496,0.87424504
QQQ,1,0.19684547,0.80315453
QQQ,1,0.12724234,0.87275766
QQQ,1,0.12576067,0.87423933
QQQ,1,0.12533081,0.87466919
QQQ,1,0.13074833,0.86925167
QQQ,1,0.12675645,0.87324355
QQQ,1,0.13395514,0.86604486
QQQ,1,0.13342395,0.86657605
QQQ,1,0.12636342,0.87363658
QQQ,1,0.12584380,0.87415620
QQQ,1,0.13403333,0.86596667
QQQ,1,0.12891373,0.87108627
QQQ,1,0.15245481,0.84754519
QQQ,1,0.12614481,0.87385519
QQQ,1,0.13370369,0.86629631
QQQ,1,0.13232012,0.86767988
QQQ,1,0.93277876,0.06722124
QQQ,1,0.13420641,0.86579359
QQQ,1,0.13457220,0.86542780
QQQ,1,0.12505322,0.87494678
QQQ,1,0.12734304,0.87265696
QQQ,1,0.19127526,0.80872474
QQQ,1,0.13472953,0.86527047
QQQ,1,0.12540721,0.87459279
QQQ,1,0.13549799,0.86450201
QQQ,1,0.14150526,0.85849474
QQQ,1,0.12511902,0.87488098
QQQ,1,0.12598001,0.87401999
QQQ,1,0.13313533,0.86686467
QQQ,1,0.14060171,0.85939829
QQQ,1,0.25438014,0.74561986
QQQ,1,0.13121851,0.86878149
QQQ,1,0.12564423,0.87435577
QQQ,1,0.21493737,0.78506263
QQQ,1,0.12706441,0.87293559
QQQ,1,0.13380624,0.86619376
QQQ,1,0.12508197,0.87491803
QQQ,1,0.12904294,0.87095706
QQQ,1,0.44165994,0.55834006
QQQ,1,0.16272111,0.83727889
QQQ,1,0.13424717,0.86575283
QQQ,1,0.23860247,0.76139753
QQQ,1,0.12504402,0.87495598
QQQ,1,0.13828041,0.86171959
QQQ,1,0.13335490,0.86664510
QQQ,1,0.13857469,0.86142531
QQQ,1,0.16953880,0.83046120
QQQ,1,0.12557515,0.87442485
QQQ,1,0.12716737,0.87283263
QQQ,1,0.12526593,0.87473407
QQQ,1,0.22549705,0.77450295
QQQ,1,0.18332366,0.81667634
QQQ,1,0.14478323,0.85521677
QQQ,1,0.12625492,0.87374508
QQQ,1,0.12504647,0.87495353
QQQ,1,0.12583939,0.87416061
QQQ,1,0.14468918,0.85531082
QQQ,1,0.12506052,0.87493948
QQQ,1,0.12596126,0.87403874
QQQ,1,0.15014311,0.84985689
QQQ,1,0.42213758,0.57786242
QQQ,1,0.21204542,0.78795458
QQQ,1,0.12825321,0.87174679
QQQ,1,0.20203757,0.79796243
QQQ,1,0.13758799,0.86241201
QQQ,1,0.12508911,0.87491089
QQQ,1,0.12844034,0.87155966
QQQ,1,0.15529087,0.84470913
QQQ,1,0.16617028,0.83382972
QQQ,1,0.12882580,0.87117420
QQQ,1,0.21137920,0.78862080
QQQ,1,0.12540187,0.87459813
QQQ,1,0.13123685,0.86876315
QQQ,1,0.21613156,0.78386844
QQQ,1,0.18105629,0.81894371
QQQ,1,0.14945719,0.85054281
QQQ,1,0.12535342,0.87464658
QQQ,1,0.34324742,0.65675258
QQQ,1,0.13544452,0.86455548
QQQ,1,0.17700839,0.82299161
QQQ,1,0.13367142,0.86632858
QQQ,1,0.17404805,0.82595195
QQQ,1,0.60863295,0.39136705
QQQ,1,0.99952330,0.00047670
QQQ,1,0.78315618,0.21684382
QQQ,1,0.23349028,0.76650972
QQQ,1,0.99985578,0.00014422
QQQ,1,0.32802360,0.67197640
QQQ,1,0.49539470,0.50460530
QQQ,1,0.14978832,0.85021168
QQQ,1,0.51176359,0.48823641
QQQ,1,0.54227203,0.45772797
QQQ,1,0.13267483,0.86732517
QQQ,1,0.12695155,0.87304845
QQQ,1,0.12973033,0.87026967
QQQ,1,0.12509034,0.87490966
QQQ,1,0.58802674,0.41197326
QQQ,1,0.30980807,0.69019193
QQQ,1,0.23681497,0.76318503
QQQ,1,0.15961231,0.84038769
QQQ,1,0.41159999,0.58840001
QQQ,1,0.17316259,0.82683741
QQQ,1,0.23151546,0.76848454
QQQ,1,0.14003656,0.85996344
QQQ,1,0.12906510,0.87093490
QQQ,1,0.14575445,0.85424555
QQQ,1,0.54983026,0.45016974
QQQ,1,0.15194180,0.84805820
QQQ,1,0.28225593,0.71774407
QQQ,1,0.12556262,0.87443738
QQQ,1,0.12552432,0.87447568
QQQ,1,0.13077919,0.86922081
QQQ,1,0.67012303,0.32987697
QQQ,1,0.12782327,0.87217673
QQQ,1,0.13621827,0.86378173
QQQ,1,0.83637258,0.16362742
QQQ,1,0.92267635,0.07732365
QQQ,1,0.99298849,0.00701151
QQQ,1,0.96851357,0.03148643
QQQ,1,0.28023124,0.71976876
QQQ,1,0.44518597,0.55481403
QQQ,1,0.92775745,0.07224255
QQQ,1,0.19352496,0.80647504
QQQ,1,0.38678010,0.61321990
QQQ,1,0.15369090,0.84630910
QQQ,1,0.82868453,0.17131547
QQQ,1,0.14582300,0.85417700
QQQ,1,0.69525433,0.30474567
QQQ,1,0.13865906,0.86134094
QQQ,1,0.23469548,0.76530452
QQQ,1,0.13829506,0.86170494
QQQ,1,0.16177780,0.83822220
QQQ,1,0.66882721,0.33117279
QQQ,1,0.13147510,0.86852490
QQQ,1,0.18577974,0.81422026
QQQ,1,0.39555311,0.60444689
QQQ,1,0.13230252,0.86769748
QQQ,1,0.66034822,0.33965178
QQQ,1,0.12504445,0.87495555
QQQ,1,0.62458725,0.37541275
QQQ,1,0.12693157,0.87306843
QQQ,1,0.15932126,0.84067874
QQQ,1,0.21964230,0.78035770
QQQ,1,0.14335094,0.85664906
QQQ,1,0.12516505,0.87483495
QQQ,1,0.50963867,0.49036133
QQQ,1,0.18846165,0.81153835
QQQ,1,0.12524651,0.87475349
QQQ,1,0.21552974,0.78447026
QQQ,1,0.21790219,0.78209781
QQQ,1,0.12513456,0.87486544
QQQ,1,0.12674506,0.87325494
QQQ,1,0.22096779,0.77903221
QQQ,1,0.14879400,0.85120600
QQQ,1,0.13275685,0.86724315
QQQ,1,0.14403262,0.85596738
QQQ,1,0.14348282,0.85651718
QQQ,1,0.12566444,0.87433556
QQQ,1,0.17437809,0.82562191
QQQ,1,0.12505955,0.87494045
QQQ,1,0.12564291,0.87435709
QQQ,1,0.13729241,0.86270759
QQQ,1,0.15731924,0.84268076
QQQ,1,0.12508506,0.87491494
QQQ,1,0.35710351,0.64289649
QQQ,1,0.19751388,0.80248612
QQQ,1,0.13314257,0.86685743
QQQ,1,0.14877540,0.85122460
QQQ,1,0.16808176,0.83191824
QQQ,1,0.12513499,0.87486501
QQQ,1,0.12957403,0.87042597
QQQ,1,0.14404086,0.85595914
QQQ,1,0.12507547,0.87492453
QQQ,1,0.20170938,0.79829062
QQQ,1,0.13049692,0.86950308
QQQ,1,0.12540413,0.87459587
QQQ,1,0.13018931,0.86981069
QQQ,1,0.15760528,0.84239472
QQQ,1,0.17445125,0.82554875
QQQ,1,0.12957857,0.87042143
QQQ,1,0.73180466,0.26819534
QQQ,1,0.13009045,0.86990955
QQQ,1,0.28381190,0.71618810
QQQ,1,0.16775854,0.83224146
QQQ,1,0.13126398,0.86873602
QQQ,1,0.15658040,0.84341960
QQQ,1,0.22608859,0.77391141
QQQ,1,0.23583797,0.76416203
QQQ,1,0.38040556,0.61959444
QQQ,1,0.19679775,0.80320225
QQQ,1,0.12596022,0.87403978
QQQ,1,0.14157491,0.85842509
QQQ,1,0.41151007,0.58848993
QQQ,1,0.12696480,0.87303520
QQQ,1,0.12848377,0.87151623
QQQ,1,0.14835431,0.85164569
QQQ,1,0.12654537,0.87345463
QQQ,1,0.14205032,0.85794968
QQQ,1,0.12519444,0.87480556
QQQ,1,0.13134360,0.86865640
QQQ,1,0.13677642,0.86322358
QQQ,1,0.30412008,0.69587992
QQQ,1,0.31831779,0.68168221
QQQ,1,0.31483686,0.68516314
QQQ,1,0.33486152,0.66513848
QQQ,1,0.14795898,0.85204102
QQQ,1,0.14203428,0.85796572
QQQ,1,0.29328288,0.70671712
QQQ,1,0.13415440,0.86584560
QQQ,1,0.14920585,0.85079415
QQQ,1,0.13498314,0.86501686
QQQ,1,0.12626542,0.87373458
QQQ,1,0.12522241,0.87477759
QQQ,1,0.16630461,0.83369539
QQQ,1,0.12647967,0.87352033
QQQ,1,0.15053790,0.84946210
QQQ,1,0.24230381,0.75769619
QQQ,1,0.12932235,0.87067765
QQQ,1,0.12514222,0.87485778
QQQ,1,0.12551804,0.87448196
QQQ,1,0.13331533,0.86668467
QQQ,1,0.13560204,0.86439796
QQQ,1,0.12597214,0.87402786
QQQ,1,0.18651126,0.81348874
QQQ,1,0.21266418,0.78733582
QQQ,1,0.12755771,0.87244229
QQQ,1,0.23224491,0.76775509
QQQ,1,0.12585411,0.87414589
QQQ,1,0.12591791,0.87408209
QQQ,1,0.13644097,0.86355903
QQQ,1,0.27652954,0.72347046
QQQ,1,0.19491193,0.80508807
QQQ,1,0.13711795,0.86288205
QQQ,1,0.13128682,0.86871318
QQQ,1,0.16817954,0.83182046
QQQ,1,0.12905523,0.87094477
QQQ,1,0.20911807,0.79088193
QQQ,1,0.12849240,0.87150760
QQQ,1,0.32373429,0.67626571
QQQ,1,0.16335041,0.83664959
QQQ,1,0.12510630,0.87489370
QQQ,1,0.21905613,0.78094387
QQQ,1,0.14047912,0.85952088
QQQ,1,0.12887058,0.87112942
QQQ,1,0.12645047,0.87354953
QQQ,1,0.12541773,0.87458227
QQQ,1,0.17617196,0.82382804
QQQ,1,0.12507958,0.87492042
QQQ,1,0.12760302,0.87239698
QQQ,1,0.12790693,0.87209307
QQQ,1,0.12560370,0.87439630
QQQ,1,0.53834263,0.46165737
QQQ,1,0.28022001,0.71977999
QQQ,1,0.15626519,0.84373481
QQQ,1,0.13031392,0.86968608
QQQ,1,0.99991163,0.00008837
QQQ,1,0.33301713,0.66698287
QQQ,1,0.88922496,0.11077504
QQQ,1,0.21360215,0.78639785
QQQ,1,0.92170531,0.07829469
QQQ,1,0.12739990,0.87260010
QQQ,1,0.75778657,0.24221343
QQQ,1,0.12803910,0.87196090
QQQ,1,0.14179551,0.85820449
QQQ,1,0.13236390,0.86763610
QQQ,1,0.99997229,0.00002771
QQQ,1,0.97392228,0.02607772
QQQ,1,0.79406584,0.20593416
QQQ,1,0.69557552,0.30442448
QQQ,1,0.34432989,0.65567011
QQQ,1,0.78983087,0.21016913
QQQ,1,0.31302507,0.68697493
QQQ,1,0.33557694,0.66442306
QQQ,1,0.13203945,0.86796055
QQQ,1,0.16291322,0.83708678
QQQ,1,0.97230316,0.02769684
QQQ,1,0.13942707,0.86057293
QQQ,1,0.43652427,0.56347573
QQQ,1,0.97547328,0.02452672
QQQ,1,0.12546230,0.87453770
QQQ,1,0.16522784,0.83477216
QQQ,1,0.41696168,0.58303832
QQQ,1,0.12917995,0.87082005
QQQ,1,0.98595854,0.01404146
QQQ,1,0.56664947,0.43335053
QQQ,1,0.15432196,0.84567804
QQQ,1,0.15684534,0.84315466
QQQ,1,0.70863452,0.29136548
QQQ,1,0.13870500,0.86129500
QQQ,1,0.97721450,0.02278550
QQQ,1,0.12652473,0.87347527
QQQ,1,0.15895687,0.84104313
QQQ,1,0.45477769,0.54522231
QQQ,1,0.99806016,0.00193984
QQQ,1,0.14066531,0.85933469
QQQ,1,0.98587781,0.01412219
QQQ,1,0.17797412,0.82202588
QQQ,1,0.13455103,0.86544897
QQQ,1,0.18300354,0.81699646
QQQ,1,0.12541611,0.87458389
QQQ,1,0.81225275,0.18774725
QQQ,1,0.79594839,0.20405161
QQQ,1,0.14141973,0.85858027
QQQ,1,0.80748224,0.19251776
QQQ,1,0.37381718,0.62618282
QQQ,1,0.98033083,0.01966917
QQQ,1,0.89064881,0.10935119
QQQ,1,0.99999998,0.00000002
QQQ,1,0.15996649,0.84003351
QQQ,1,0.12510402,0.87489598
QQQ,1,0.17481725,0.82518275
QQQ,1,0.13783306,0.86216694
QQQ,1,0.98484105,0.01515895
QQQ,1,0.99916590,0.00083410
QQQ,1,0.30424565,0.69575435
QQQ,1,0.19426416,0.80573584
QQQ,1,0.17807623,0.82192377
QQQ,1,0.13187905,0.86812095
QQQ,1,0.13281695,0.86718305
QQQ,1,0.18502224,0.81497776
QQQ,1,0.51320255,0.48679745
QQQ,1,0.12550338,0.87449662
QQQ,1,0.16800721,0.83199279
QQQ,1,0.20555923,0.79444077
QQQ,1,0.55855549,0.44144451
QQQ,1,0.12506787,0.87493213
QQQ,1,0.15364925,0.84635075
QQQ,1,0.24876222,0.75123778
QQQ,1,0.23776748,0.76223252
QQQ,1,0.20336824,0.79663176
QQQ,1,0.81104249,0.18895751
QQQ,1,0.38531729,0.61468271
QQQ,1,0.13243805,0.86756195
QQQ,1,0.24590480,0.75409520
QQQ,1,0.19144834,0.80855166
QQQ,1,0.12896512,0.87103488
QQQ,1,0.29039981,0.70960019
QQQ,1,0.12597146,0.87402854
QQQ,1,0.12548145,0.87451855
QQQ,1,0.32228825,0.67771175
QQQ,1,0.12642970,0.87357030
QQQ,1,0.12603151,0.87396849
QQQ,1,0.13665068,0.86334932
QQQ,1,0.12805817,0.87194183
QQQ,1,0.12504636,0.87495364
QQQ,1,0.13357945,0.86642055
QQQ,1,0.16026114,0.83973886
QQQ,1,0.13541410,0.86458590
QQQ,1,0.12598272,0.87401728
QQQ,1,0.12524849,0.87475151
QQQ,1,0.12845306,0.87154694
QQQ,1,0.15614554,0.84385446
QQQ,1,0.12522730,0.87477270
QQQ,1,0.12539376,0.87460624
QQQ,1,0.14600536,0.85399464
QQQ,1,0.26013947,0.73986053
QQQ,1,0.12801496,0.87198504
QQQ,1,0.60270861,0.39729139
QQQ,1,0.15432793,0.84567207
QQQ,1,0.16726002,0.83273998
QQQ,1,0.12607089,0.87392911
QQQ,1,0.18612032,0.81387968
QQQ,1,0.13023975,0.86976025
QQQ,1,0.13270730,0.86729270
QQQ,1,0.13596485,0.86403515
QQQ,1,0.36453237,0.63546763
QQQ,1,0.65031430,0.34968570
QQQ,1,0.13111327,0.86888673
QQQ,1,0.13829475,0.86170525
QQQ,1,0.15057931,0.84942069
QQQ,1,0.12740683,0.87259317
QQQ,1,0.16587712,0.83412288
QQQ,1,0.28684271,0.71315729
QQQ,1,0.13801588,0.86198412
QQQ,1,0.14835523,0.85164477
QQQ,1,0.12504663,0.87495337
QQQ,1,0.14219272,0.85780728
QQQ,1,0.13002144,0.86997856
QQQ,1,0.13223583,0.86776417
QQQ,1,0.14236247,0.85763753
QQQ,1,0.12774096,0.87225904
QQQ,1,0.13621844,0.86378156
QQQ,1,0.12513971,0.87486029
QQQ,1,0.13253097,0.86746903
QQQ,1,0.13354150,0.86645850
QQQ,1,0.12637857,0.87362143
QQQ,1,0.13028442,0.86971558
QQQ,1,0.26385035,0.73614965
QQQ,1,0.12885074,0.87114926
QQQ,1,0.13459433,0.86540567
QQQ,1,0.12580562,0.87419438
QQQ,1,0.12749177,0.87250823
QQQ,1,0.16594305,0.83405695
QQQ,1,0.13344546,0.86655454
QQQ,1,0.13818278,0.86181722
QQQ,1,0.35887402,0.64112598
QQQ,1,0.14323645,0.85676355
QQQ,1,0.57530845,0.42469155
QQQ,1,0.13320153,0.86679847
QQQ,1,0.14512437,0.85487563
QQQ,1,0.12560115,0.87439885
QQQ,1,0.99355572,0.00644428
QQQ,1,0.18388114,0.81611886
QQQ,1,0.32197106,0.67802894
QQQ,1,0.21503112,0.78496888
QQQ,1,0.19569520,0.80430480
QQQ,1,0.44814582,0.55185418
QQQ,1,0.19130638,0.80869362
QQQ,1,0.13470437,0.86529563
QQQ,1,0.36195458,0.63804542
QQQ,1,0.12615398,0.87384602
QQQ,1,0.13417152,0.86582848
QQQ,1,0.17611259,0.82388741
QQQ,1,0.13393571,0.86606429
QQQ,1,0.36983614,0.63016386
QQQ,1,0.74318355,0.25681645
QQQ,1,0.88278056,0.11721944
QQQ,1,0.18252764,0.81747236
QQQ,1,0.17408499,0.82591501
QQQ,1,0.55081031,0.44918969
QQQ,1,0.25925705,0.74074295
QQQ,1,0.12750496,0.87249504
QQQ,1,0.14660525,0.85339475
QQQ,1,0.14556437,0.85443563
QQQ,1,0.13491153,0.86508847
QQQ,1,0.14701787,0.85298213
QQQ,1,0.32686023,0.67313977
QQQ,1,0.13821827,0.86178173
QQQ,1,0.19113764,0.80886236
QQQ,1,0.12563758,0.87436242
QQQ,1,0.12504525,0.87495475
QQQ,1,0.43514214,0.56485786
QQQ,1,0.13370981,0.86629019
QQQ,1,0.13556662,0.86443338
QQQ,1,0.12642019,0.87357981
QQQ,1,0.28390098,0.71609902
QQQ,1,0.13915395,0.86084605
QQQ,1,0.16641474,0.83358526
QQQ,1,0.12669206,0.87330794
QQQ,1,0.15999105,0.84000895
QQQ,1,0.13872742,0.86127258
QQQ,1,0.20386058,0.79613942
QQQ,1,0.12506568,0.87493432
QQQ,1,0.14652500,0.85347500
QQQ,1,0.13281921,0.86718079
QQQ,1,0.14117605,0.85882395
QQQ,1,0.14271488,0.85728512
QQQ,1,0.12551697,0.87448303
QQQ,1,0.16156445,0.83843555
QQQ,1,0.16423104,0.83576896
QQQ,1,0.15791202,0.84208798
QQQ,1,0.16217308,0.83782692
QQQ,1,0.18611882,0.81388118
QQQ,1,0.19561314,0.80438686
QQQ,1,0.13023772,0.86976228
QQQ,1,0.13810642,0.86189358
QQQ,1,0.30607372,0.69392628
QQQ,1,0.14673579,0.85326421
QQQ,1,0.34000545,0.65999455
QQQ,1,0.99651667,0.00348333
QQQ,1,0.24180221,0.75819779
QQQ,1,0.15013265,0.84986735
QQQ,1,0.67498365,0.32501635
QQQ,1,0.17359983,0.82640017
QQQ,1,0.24434769,0.75565231
QQQ,1,0.63303065,0.36696935
QQQ,1,0.94452504,0.05547496
QQQ,1,0.12992548,0.87007452
QQQ,1,0.37010047,0.62989953
QQQ,1,0.40397729,0.59602271
QQQ,1,0.15760069,0.84239931
QQQ,1,0.17547235,0.82452765
QQQ,1,0.12980215,0.87019785
QQQ,1,0.98072570,0.01927430
QQQ,1,0.27702794,0.72297206
QQQ,1,0.12608578,0.87391422
QQQ,1,0.13258196,0.86741804
QQQ,1,0.35017470,0.64982530
QQQ,1,0.12657628,0.87342372
QQQ,1,0.19840101,0.80159899
QQQ,1,0.29426884,0.70573116
QQQ,1,0.51709058,0.48290942
QQQ,1,0.12504362,0.87495638
QQQ,1,0.12789635,0.87210365
QQQ,1,0.13066096,0.86933904
QQQ,1,0.18680004,0.81319996
QQQ,1,0.13898941,0.86101059
QQQ,1,0.13211827,0.86788173
QQQ,1,0.13908504,0.86091496
QQQ,1,0.13831030,0.86168970
QQQ,1,0.12505852,0.87494148
QQQ,1,0.12670297,0.87329703
QQQ,1,0.21071872,0.78928128
QQQ,1,0.12505505,0.87494495
QQQ,1,0.27998375,0.72001625
QQQ,1,0.20862301,0.79137699
QQQ,1,0.13101116,0.86898884
QQQ,1,0.26095151,0.73904849
QQQ,1,0.18082033,0.81917967
QQQ,1,0.16598273,0.83401727
QQQ,1,0.45827022,0.54172978
QQQ,1,0.19999610,0.80000390
QQQ,1,0.34403050,0.65596950
QQQ,1,0.12813593,0.87186407
QQQ,1,0.34589063,0.65410937
QQQ,1,0.18231130,0.81768870
QQQ,1,0.17309795,0.82690205
QQQ,1,0.27606404,0.72393596
QQQ,1,0.12525717,0.87474283
QQQ,1,0.25942722,0.74057278
QQQ,1,0.12704568,0.87295432
QQQ,1,0.12894959,0.87105041
QQQ,1,0.19202598,0.80797402
QQQ,1,0.17395791,0.82604209
QQQ,1,0.16410173,0.83589827
QQQ,1,0.12642109,0.87357891
QQQ,1,0.19665714,0.80334286
QQQ,1,0.17632196,0.82367804
QQQ,1,0.20500237,0.79499763
QQQ,1,0.16100250,0.83899750
QQQ,1,0.13751436,0.86248564
QQQ,1,0.12536168,0.87463832
QQQ,1,0.18489064,0.81510936
QQQ,1,0.15491861,0.84508139
QQQ,1,0.12552481,0.87447519
QQQ,1,0.12810616,0.87189384
QQQ,1,0.13158560,0.86841440
QQQ,1,0.13610471,0.86389529
QQQ,1,0.12582606,0.87417394
QQQ,1,0.12997699,0.87002301
QQQ,1,0.12514418,0.87485582
QQQ,1,0.12541878,0.87458122
QQQ,1,0.16139709,0.83860291
QQQ,1,0.12590962,0.87409038
QQQ,1,0.12646940,0.87353060
QQQ,1,0.14837181,0.85162819
QQQ,1,0.12911264,0.87088736
QQQ,1,0.12521224,0.87478776
QQQ,1,0.23828920,0.76171080
QQQ,1,0.12908424,0.87091576
QQQ,1,0.15912576,0.84087424
QQQ,1,0.13627177,0.86372823
QQQ,1,0.21061109,0.78938891
QQQ,1,0.17552746,0.82447254
QQQ,1,0.13879982,0.86120018
QQQ,1,0.12818399,0.87181601
QQQ,1,0.21480468,0.78519532
QQQ,1,0.13505964,0.86494036
QQQ,1,0.12576249,0.87423751
QQQ,1,0.14290712,0.85709288
QQQ,1,0.16654370,0.83345630
QQQ,1,0.13366113,0.86633887
QQQ,1,0.20350032,0.79649968
QQQ,1,0.12580982,0.87419018
QQQ,1,0.12543252,0.87456748
QQQ,1,0.15131508,0.84868492
QQQ,1,0.13721251,0.86278749
QQQ,1,0.13013575,0.86986425
QQQ,1,0.12531333,0.87468667
QQQ,1,0.18108981,0.81891019
QQQ,1,0.12512594,0.87487406
QQQ,1,0.15457827,0.84542173
QQQ,1,0.12648378,0.87351622
QQQ,1,0.40481215,0.59518785
QQQ,1,0.17393642,0.82606358
QQQ,1,0.14825838,0.85174162
QQQ,1,0.12507050,0.87492950
QQQ,1,0.16368942,0.83631058
QQQ,1,0.18153634,0.81846366
QQQ,1,0.12778823,0.87221177
QQQ,1,0.22726123,0.77273877
QQQ,1,0.13199404,0.86800596
QQQ,1,0.12506698,0.87493302
QQQ,1,0.19280272,0.80719728
QQQ,1,0.14450535,0.85549465
QQQ,1,0.12506352,0.87493648
QQQ,1,0.12930768,0.87069232
QQQ,1,0.13212594,0.86787406
QQQ,1,0.17357186,0.82642814
QQQ,1,0.64824464,0.35175536
QQQ,1,0.30440045,0.69559955
QQQ,1,0.12878376,0.87121624
QQQ,1,0.13343594,0.86656406
QQQ,1,0.36727012,0.63272988
QQQ,1,0.30501244,0.69498756
QQQ,1,0.75826586,0.24173414
QQQ,1,0.13814853,0.86185147
QQQ,1,0.18050525,0.81949475
QQQ,1,0.13441555,0.86558445
QQQ,1,0.23762689,0.76237311
QQQ,1,0.12546140,0.87453860
QQQ,1,0.19522698,0.80477302
QQQ,1,0.12539519,0.87460481
QQQ,1,0.12990881,0.87009119
QQQ,1,0.12522196,0.87477804
QQQ,1,0.19281641,0.80718359
QQQ,1,0.18103260,0.81896740
QQQ,1,0.56966871,0.43033129
QQQ,1,0.99926660,0.00073340
QQQ,1,0.95311234,0.04688766
QQQ,1,0.13344788,0.86655212
QQQ,1,0.99999702,0.00000298
QQQ,1,0.12754344,0.87245656
QQQ,1,0.99999548,0.00000452
QQQ,1,0.95549696,0.04450304
QQQ,1,0.99870730,0.00129270
QQQ,1,0.93481837,0.06518163
QQQ,1,0.50434669,0.49565331
QQQ,1,1.00000000,0.00000000
QQQ,1,0.99999094,0.00000906
QQQ,1,0.99959315,0.00040685
QQQ,1,1.00000000,0.00000000
QQQ,1,1.00000000,0.00000000
QQQ,1,1.00000000,0.00000000
QQQ,1,1.00000000,0.00000000
QQQ,1,0.89363434,0.10636566
QQQ,1,0.13691658,0.86308342
QQQ,1,0.99897787,0.00102213
QQQ,1,0.12633858,0.87366142
QQQ,1,1.00000000,0.00000000
QQQ,1,0.13227395,0.86772605
QQQ,1,0.99999671,0.00000329
QQQ,1,0.97990432,0.02009568
QQQ,1,0.98886181,0.01113819
QQQ,1,0.15475491,0.84524509
QQQ,1,0.99986046,0.00013954
QQQ,1,0.45576990,0.54423010
QQQ,1,0.27576571,0.72423429
QQQ,1,1.00000000,0.00000000
QQQ,1,0.13205361,0.86794639
QQQ,1,0.62947441,0.37052559
QQQ,1,0.12920707,0.87079293
QQQ,1,0.21634436,0.78365564
QQQ,1,0.99980066,0.00019934
QQQ,1,0.18740224,0.81259776
QQQ,1,0.44170882,0.55829118
QQQ,1,0.20985340,0.79014660
QQQ,1,0.22876578,0.77123422
QQQ,1,0.99811880,0.00188120
QQQ,1,0.90145793,0.09854207
QQQ,1,0.12522953,0.87477047
QQQ,1,0.35667568,0.64332432
QQQ,1,0.18177098,0.81822902
QQQ,1,0.49862606,0.50137394
QQQ,1,0.98880217,0.01119783
QQQ,1,0.12639374,0.87360626
QQQ,1,0.93433019,0.06566981
QQQ,1,0.20115879,0.79884121
QQQ,1,0.24059528,0.75940472
QQQ,1,0.15583509,0.84416491
QQQ,1,0.27347034,0.72652966
QQQ,1,0.31100625,0.68899375
QQQ,1,0.19410211,0.80589789
QQQ,1,0.61232991,0.38767009
QQQ,1,0.29229805,0.70770195
QQQ,1,0.21191349,0.78808651
QQQ,1,0.15927801,0.84072199
QQQ,1,0.51079149,0.48920851
QQQ,1,0.12644918,0.87355082
QQQ,1,0.55508422,0.44491578
QQQ,1,0.19827390,0.80172610
QQQ,1,0.13013088,0.86986912
QQQ,1,0.12898945,0.87101055
QQQ,1,0.14333254,0.85666746
QQQ,1,0.12567005,0.87432995
QQQ,1,0.31693578,0.68306422
QQQ,1,0.13411547,0.86588453
QQQ,1,0.15683275,0.84316725
QQQ,1,0.14024390,0.85975610
QQQ,1,0.15629482,0.84370518
QQQ,1,0.53427321,0.46572679
QQQ,1,0.18081469,0.81918531
QQQ,1,0.16552680,0.83447320
QQQ,1,0.25118685,0.74881315
QQQ,1,0.99999497,0.00000503
QQQ,1,0.14236099,0.85763901
QQQ,1,0.25651173,0.74348827
QQQ,1,0.45306447,0.54693553
QQQ,1,0.13569105,0.86430895
QQQ,1,0.13022253,0.86977747
QQQ,1,0.12504377,0.87495623
QQQ,1,0.24087047,0.75912953
QQQ,1,0.18573913,0.81426087
QQQ,1,0.59548765,0.40451235
QQQ,1,0.17448504,0.82551496
QQQ,1,0.75539613,0.24460387
QQQ,1,0.19266528,0.80733472
QQQ,1,0.57503022,0.42496978
QQQ,1,0.26014696,0.73985304
QQQ,1,0.16268923,0.83731077
QQQ,1,0.81310601,0.18689399
QQQ,1,0.14559788,0.85440212
QQQ,1,0.26162285,0.73837715
QQQ,1,0.18537283,0.81462717
QQQ,1,0.16119094,0.83880906
QQQ,1,0.59794770,0.40205230
QQQ,1,0.14828247,0.85171753
QQQ,1,0.12867670,0.87132330
QQQ,1,0.15570427,0.84429573
QQQ,1,0.12542374,0.87457626
QQQ,1,0.92220080,0.07779920
QQQ,1,0.18324309,0.81675691
QQQ,1,0.13048718,0.86951282
QQQ,1,0.87377390,0.12622610
QQQ,1,0.21952374,0.78047626
QQQ,1,0.42824463,0.57175537
QQQ,1,0.23927049,0.76072951
QQQ,1,0.21514841,0.78485159
QQQ,1,0.14758803,0.85241197
QQQ,1,0.46742450,0.53257550
QQQ,1,0.31343103,0.68656897
QQQ,1,0.13763417,0.86236583
QQQ,1,0.12951278,0.87048722
QQQ,1,0.27836039,0.72163961
QQQ,1,0.21783976,0.78216024
QQQ,1,0.14064564,0.85935436
QQQ,1,0.53986222,0.46013778
QQQ,1,0.77535123,0.22464877
QQQ,1,0.13334937,0.86665063
QQQ,1,0.12572507,0.87427493
QQQ,1,0.23061413,0.76938587
QQQ,1,0.20419981,0.79580019
QQQ,1,0.15092718,0.84907282
QQQ,1,0.28194235,0.71805765
QQQ,1,0.16571053,0.83428947
QQQ,1,0.15436423,0.84563577
QQQ,1,0.17214833,0.82785167
QQQ,1,0.65965159,0.34034841
QQQ,1,0.12746605,0.87253395
QQQ,1,0.14058693,0.85941307
QQQ,1,0.17356513,0.82643487
QQQ,1,0.43837863,0.56162137
QQQ,1,0.20681205,0.79318795
QQQ,1,0.99999767,0.00000233
QQQ,1,0.38605014,0.61394986
QQQ,1,0.99999442,0.00000558
QQQ,1,0.87394136,0.12605864
QQQ,1,0.49801781,0.50198219
QQQ,1,0.17068408,0.82931592
QQQ,1,0.41514264,0.58485736
QQQ,1,0.33641738,0.66358262
QQQ,1,0.34797810,0.65202190
QQQ,1,0.40282033,0.59717967
QQQ,1,0.29091480,0.70908520
QQQ,1,0.13129258,0.86870742
QQQ,1,0.50057689,0.49942311
QQQ,1,0.95756403,0.04243597
QQQ,1,0.13054569,0.86945431
QQQ,1,0.74806556,0.25193444
QQQ,1,0.67388795,0.32611205
QQQ,1,0.13234754,0.86765246
QQQ,1,0.15418563,0.84581437
QQQ,1,0.38093579,0.61906421
QQQ,1,0.91376005,0.08623995
QQQ,1,0.55069387,0.44930613
QQQ,1,0.41404157,0.58595843
QQQ,1,0.38336771,0.61663229
QQQ,1,0.15100133,0.84899867
QQQ,1,0.35351602,0.64648398
QQQ,1,0.97164338,0.02835662
QQQ,1,0.12665538,0.87334462
QQQ,1,0.17509137,0.82490863
QQQ,1,0.16041796,0.83958204
QQQ,1,0.14773698,0.85226302
QQQ,1,0.40919892,0.59080108
QQQ,1,0.12601475,0.87398525
QQQ,1,0.12530967,0.87469033
QQQ,1,0.12504725,0.87495275
QQQ,1,0.12744136,0.87255864
QQQ,1,0.33613770,0.66386230
QQQ,1,0.15797344,0.84202656
QQQ,1,0.99883549,0.00116451
QQQ,1,0.34283367,0.65716633
QQQ,1,0.81711798,0.18288202
QQQ,1,0.12546968,0.87453032
QQQ,1,0.43307220,0.56692780
QQQ,1,0.99990231,0.00009769
QQQ,1,0.92368457,0.07631543
QQQ,1,0.12789349,0.87210651
QQQ,1,0.60836768,0.39163232
QQQ,1,0.53132055,0.46867945
QQQ,1,0.63799646,0.36200354
QQQ,1,0.13279459,0.86720541
QQQ,1,0.17632210,0.82367790
QQQ,1,0.17316065,0.82683935
QQQ,1,0.12978728,0.87021272
QQQ,1,0.16496298,0.83503702
QQQ,1,0.16267788,0.83732212
QQQ,1,0.15286082,0.84713918
QQQ,1,0.12511375,0.87488625
QQQ,1,0.29917934,0.70082066
QQQ,1,0.15720582,0.84279418
QQQ,1,0.19187665,0.80812335
QQQ,1,0.12904954,0.87095046
QQQ,1,0.26537275,0.73462725
QQQ,1,0.12746137,0.87253863
QQQ,1,0.12640355,0.87359645
QQQ,1,0.13598811,0.86401189
QQQ,1,0.14778688,0.85221312
QQQ,1,0.13363574,0.86636426
QQQ,1,0.72210464,0.27789536
QQQ,1,0.12982377,0.87017623
QQQ,1,0.12752331,0.87247669
QQQ,1,0.15955888,0.84044112
QQQ,1,0.22055061,0.77944939
QQQ,1,0.14943366,0.85056634
QQQ,1,0.15648687,0.84351313
QQQ,1,0.12950581,0.87049419
QQQ,1,0.12762350,0.87237650
QQQ,1,0.12930489,0.87069511
QQQ,1,0.14057924,0.85942076
QQQ,1,0.13590897,0.86409103
QQQ,1,0.20536442,0.79463558
QQQ,1,0.12632208,0.87367792
QQQ,1,0.12504757,0.87495243
QQQ,1,0.12880908,0.87119092
QQQ,1,0.30359245,0.69640755
QQQ,1,0.16321566,0.83678434
QQQ,1,0.28481980,0.71518020
QQQ,1,0.74377028,0.25622972
QQQ,1,0.30308715,0.69691285
QQQ,1,0.29618676,0.70381324
QQQ,1,0.12857023,0.87142977
QQQ,1,0.15480356,0.84519644
QQQ,1,0.14122004,0.85877996
QQQ,1,0.17312675,0.82687325
QQQ,1,0.30245499,0.69754501
QQQ,1,0.77424019,0.22575981
QQQ,1,0.18719446,0.81280554
QQQ,1,0.12878857,0.87121143
QQQ,1,0.17093787,0.82906213
QQQ,1,0.12729991,0.87270009
QQQ,1,0.92563406,0.07436594
QQQ,1,0.13724392,0.86275608
QQQ,1,0.62700067,0.37299933
QQQ,1,0.76228702,0.23771298
QQQ,1,0.44512976,0.55487024
QQQ,1,0.13106353,0.86893647
QQQ,1,0.23203057,0.76796943
QQQ,1,0.13533989,0.86466011
QQQ,1,0.15696567,0.84303433
QQQ,1,0.12505784,0.87494216
QQQ,1,0.12831154,0.87168846
QQQ,1,0.14380899,0.85619101
QQQ,1,0.14781897,0.85218103
QQQ,1,0.12864682,0.87135318
QQQ,1,0.14094746,0.85905254
QQQ,1,0.13890842,0.86109158
QQQ,1,0.13869667,0.86130333
QQQ,1,0.88086288,0.11913712
QQQ,1,0.13747450,0.86252550
QQQ,1,0.17057749,0.82942251
QQQ,1,0.99299686,0.00700314
QQQ,1,0.12820297,0.87179703
QQQ,1,0.95550949,0.04449051
QQQ,1,0.31998000,0.68002000
QQQ,1,0.96168842,0.03831158
QQQ,1,0.47388323,0.52611677
QQQ,1,0.30246908,0.69753092
QQQ,1,0.91929412,0.08070588
QQQ,1,0.99698282,0.00301718
QQQ,1,0.12540024,0.87459976
QQQ,1,0.71681709,0.28318291
QQQ,1,0.15747688,0.84252312
QQQ,1,0.20381981,0.79618019
QQQ,1,0.14933612,0.85066388
QQQ,1,0.13747554,0.86252446
QQQ,1,0.96819341,0.03180659
QQQ,1,0.12712199,0.87287801
QQQ,1,0.50844828,0.49155172
QQQ,1,0.13217332,0.86782668
QQQ,1,0.43192398,0.56807602
QQQ,1,0.12944351,0.87055649
QQQ,1,0.32840577,0.67159423
QQQ,1,0.12521151,0.87478849
QQQ,1,0.14166194,0.85833806
QQQ,1,0.33278359,0.66721641
QQQ,1,0.45520453,0.54479547
QQQ,1,0.61277411,0.38722589
QQQ,1,0.12513092,0.87486908
QQQ,1,0.12856124,0.87143876
QQQ,1,0.21003966,0.78996034
QQQ,1,0.15439890,0.84560110
QQQ,1,0.12563351,0.87436649
QQQ,1,0.23186827,0.76813173
QQQ,1,0.22996113,0.77003887
QQQ,1,0.31381901,0.68618099
QQQ,1,0.12748850,0.87251150
QQQ,1,0.18587814,0.81412186
QQQ,1,0.16765004,0.83234996
QQQ,1,0.17161173,0.82838827
QQQ,1,0.23492090,0.76507910
QQQ,1,0.23940968,0.76059032
QQQ,1,0.16020119,0.83979881
QQQ,1,0.13516330,0.86483670
QQQ,1,0.13333533,0.86666467
QQQ,1,0.13236437,0.86763563
QQQ,1,0.15230110,0.84769890
QQQ,1,0.14639588,0.85360412
QQQ,1,0.49183267,0.50816733
QQQ,1,0.13716433,0.86283567
QQQ,1,0.16194014,0.83805986
QQQ,1,0.17645707,0.82354293
QQQ,1,0.83292229,0.16707771
QQQ,1,0.12983564,0.87016436
QQQ,1,0.87449656,0.12550344
QQQ,1,0.15137001,0.84862999
QQQ,1,0.69798614,0.30201386
QQQ,1,0.14057364,0.85942636
QQQ,1,0.15950208,0.84049792
QQQ,1,0.12541848,0.87458152
QQQ,1,0.53262766,0.46737234
QQQ,1,0.13810237,0.86189763
QQQ,1,0.39221208,0.60778792
QQQ,1,0.12829479,0.87170521
QQQ,1,0.13301232,0.86698768
QQQ,1,0.13304377,0.86695623
QQQ,1,0.13047836,0.86952164
QQQ,1,0.13130885,0.86869115
QQQ,1,0.12698382,0.87301618
QQQ,1,0.20701960,0.79298040
QQQ,1,0.38706271,0.61293729
QQQ,1,0.13463687,0.86536313
QQQ,1,0.12529294,0.87470706
QQQ,1,0.12508622,0.87491378
QQQ,1,0.20749590,0.79250410
QQQ,1,0.13136884,0.86863116
QQQ,1,0.19480834,0.80519166
QQQ,1,0.14921010,0.85078990
QQQ,1,0.13529177,0.86470823
QQQ,1,0.25374741,0.74625259
QQQ,1,0.16048113,0.83951887
QQQ,1,0.14697563,0.85302437
QQQ,1,0.19371749,0.80628251
QQQ,1,0.12565012,0.87434988
QQQ,1,0.15056590,0.84943410
QQQ,1,0.12553736,0.87446264
QQQ,1,0.24354395,0.75645605
QQQ,1,0.13667867,0.86332133
QQQ,1,0.12622433,0.87377567
QQQ,1,0.12510246,0.87489754
QQQ,1,0.22957437,0.77042563
QQQ,1,0.14077853,0.85922147
QQQ,1,0.12845420,0.87154580
QQQ,1,0.14842862,0.85157138
QQQ,1,0.14802547,0.85197453
QQQ,1,0.13649746,0.86350254
QQQ,1,0.12507106,0.87492894
QQQ,1,0.12703109,0.87296891
QQQ,1,0.15789392,0.84210608
QQQ,1,0.17681466,0.82318534
QQQ,1,0.17898309,0.82101691
QQQ,1,0.22223791,0.77776209
QQQ,1,0.17410987,0.82589013
QQQ,1,0.15846305,0.84153695
QQQ,1,0.24219132,0.75780868
QQQ,1,0.12628315,0.87371685
QQQ,1,0.22080112,0.77919888
QQQ,1,0.13161509,0.86838491
QQQ,1,0.12748192,0.87251808
QQQ,1,0.14213605,0.85786395
QQQ,1,0.12506845,0.87493155
QQQ,1,0.14931629,0.85068371
QQQ,1,0.12698594,0.87301406
QQQ,1,0.15248514,0.84751486
QQQ,1,0.13547681,0.86452319
QQQ,1,0.12664142,0.87335858
QQQ,1,0.14150715,0.85849285
QQQ,1,0.12751743,0.87248257
QQQ,1,0.13279384,0.86720616
QQQ,1,0.13370121,0.86629879
QQQ,1,0.12528294,0.87471706
QQQ,1,0.18123849,0.81876151
QQQ,1,0.20319663,0.79680337
QQQ,1,0.13683598,0.86316402
QQQ,1,0.21113891,0.78886109
QQQ,1,0.35162385,0.64837615
QQQ,1,0.13446973,0.86553027
QQQ,1,0.12610795,0.87389205
QQQ,1,0.15162873,0.84837127
QQQ,1,0.18899761,0.81100239
QQQ,1,0.23535986,0.76464014
QQQ,1,0.12507081,0.87492919
QQQ,1,0.12665104,0.87334896
QQQ,1,0.12513391,0.87486609
QQQ,1,0.13085786,0.86914214
QQQ,1,0.12658798,0.87341202
QQQ,1,0.13236989,0.86763011
QQQ,1,0.13339798,0.86660202
QQQ,1,0.16754527,0.83245473
QQQ,1,0.12579448,0.87420552
QQQ,1,0.13025045,0.86974955
QQQ,1,0.16112522,0.83887478
QQQ,1,0.12577470,0.87422530
QQQ,1,0.23995017,0.76004983
QQQ,1,0.65892543,0.34107457
QQQ,1,0.12504945,0.87495055
QQQ,1,0.18957519,0.81042481
QQQ,1,0.19498149,0.80501851
QQQ,1,0.12631681,0.87368319
QQQ,1,0.16950599,0.83049401
QQQ,1,0.94409476,0.05590524
QQQ,1,0.13146565,0.86853435
QQQ,1,0.13404633,0.86595367
QQQ,1,0.14876230,0.85123770
QQQ,1,0.62340717,0.37659283
QQQ,1,0.24954819,0.75045181
QQQ,1,0.15961811,0.84038189
QQQ,1,0.19146918,0.80853082
QQQ,1,0.13805791,0.86194209
QQQ,1,0.16959514,0.83040486
QQQ,1,0.13475767,0.86524233
QQQ,1,0.16731643,0.83268357
QQQ,1,0.50395933,0.49604067
QQQ,1,0.16131794,0.83868206
QQQ,1,0.20686036,0.79313964
QQQ,1,0.17101224,0.82898776
QQQ,1,0.12553930,0.87446070
QQQ,1,0.14905758,0.85094242
QQQ,1,0.17135010,0.82864990
QQQ,1,0.19565894,0.80434106
QQQ,1,0.13368779,0.86631221
QQQ,1,0.12890235,0.87109765
QQQ,1,0.22367816,0.77632184
QQQ,1,0.14490272,0.85509728
QQQ,1,0.13360522,0.86639478
QQQ,1,0.13719434,0.86280566
QQQ,1,0.21556263,0.78443737
QQQ,1,0.27888850,0.72111150
QQQ,1,0.12671586,0.87328414
QQQ,1,0.12609276,0.87390724
QQQ,1,0.15820354,0.84179646
QQQ,1,0.34289412,0.65710588
QQQ,1,0.12743964,0.87256036
QQQ,1,0.21216007,0.78783993
QQQ,1,0.12511447,0.87488553
QQQ,1,0.15928719,0.84071281
QQQ,1,0.12555707,0.87444293
QQQ,1,0.20668152,0.79331848
QQQ,1,0.14993778,0.85006222
QQQ,1,0.22823982,0.77176018
QQQ,1,0.14264877,0.85735123
QQQ,1,0.13055869,0.86944131
QQQ,1,0.51901164,0.48098836
QQQ,1,0.59885015,0.40114985
QQQ,1,0.28878328,0.71121672
QQQ,1,0.46692778,0.53307222
QQQ,1,0.15110847,0.84889153
QQQ,1,0.42747420,0.57252580
QQQ,1,0.15871948,0.84128052
QQQ,1,0.95878413,0.04121587
QQQ,1,0.14953635,0.85046365
QQQ,1,0.32068635,0.67931365
QQQ,1,0.20058516,0.79941484
QQQ,1,0.29956452,0.70043548
QQQ,1,0.22419048,0.77580952
QQQ,1,0.68328248,0.31671752
QQQ,1,0.82038241,0.17961759
QQQ,1,0.15260634,0.84739366
QQQ,1,0.20078420,0.79921580
QQQ,1,0.66322495,0.33677505
QQQ,1,0.27875417,0.72124583
QQQ,1,0.17212175,0.82787825
QQQ,1,0.41108770,0.58891230
QQQ,1,0.13398168,0.86601832
QQQ,1,0.12514268,0.87485732
QQQ,1,0.13068663,0.86931337
QQQ,1,0.15272081,0.84727919
QQQ,1,0.18761341,0.81238659
QQQ,1,0.25685910,0.74314090
QQQ,1,0.97762411,0.02237589
QQQ,1,0.12861240,0.87138760
QQQ,1,0.21855015,0.78144985
QQQ,1,0.12504639,0.87495361
QQQ,1,0.33399556,0.66600444
QQQ,1,0.13969288,0.86030712
QQQ,1,0.83210244,0.16789756
QQQ,1,0.14010313,0.85989687
QQQ,1,0.82218627,0.17781373
QQQ,1,0.25354162,0.74645838
QQQ,1,0.29008161,0.70991839
QQQ,1,0.93850151,0.06149849
QQQ,1,0.13084773,0.86915227
QQQ,1,0.74668837,0.25331163
QQQ,1,0.13007944,0.86992056
QQQ,1,0.20422683,0.79577317
QQQ,1,0.96183984,0.03816016
QQQ,1,0.98567294,0.01432706
QQQ,1,0.17643417,0.82356583
QQQ,1,0.17605959,0.82394041
QQQ,1,0.99943511,0.00056489
QQQ,1,0.20582915,0.79417085
QQQ,1,0.16273700,0.83726300
QQQ,1,0.21451397,0.78548603
QQQ,1,0.66160364,0.33839636
QQQ,1,0.67136341,0.32863659
QQQ,1,0.98729133,0.01270867
QQQ,1,0.12520347,0.87479653
QQQ,1,0.81197564,0.18802436
QQQ,1,0.12576118,0.87423882
QQQ,1,0.96019037,0.03980963
QQQ,1,0.27291594,0.72708406
QQQ,1,0.21414466,0.78585534
QQQ,1,0.88078822,0.11921178
QQQ,1,0.97545222,0.02454778
QQQ,1,0.42879562,0.57120438
QQQ,1,0.13423946,0.86576054
QQQ,1,0.34629378,0.65370622
QQQ,1,0.36773304,0.63226696
QQQ,1,0.28424867,0.71575133
QQQ,1,0.35057660,0.64942340
QQQ,1,0.99821810,0.00178190
QQQ,1,0.15531689,0.84468311
QQQ,1,0.99319428,0.00680572
QQQ,1,0.18774292,0.81225708
QQQ,1,0.66089081,0.33910919
QQQ,1,0.60410878,0.39589122
QQQ,1,0.95505638,0.04494362
QQQ,1,0.99799089,0.00200911
QQQ,1,0.30095577,0.69904423
QQQ,1,0.62540498,0.37459502
QQQ,1,0.12680334,0.87319666
QQQ,1,0.53748248,0.46251752
QQQ,1,0.28224526,0.71775474
QQQ,1,0.64103443,0.35896557
QQQ,1,0.12512218,0.87487782
QQQ,1,0.34785680,0.65214320
QQQ,1,0.46363792,0.53636208
QQQ,1,0.20376786,0.79623214
QQQ,1,0.27193043,0.72806957
QQQ,1,0.12919837,0.87080163
QQQ,1,0.59023490,0.40976510
QQQ,1,0.64929823,0.35070177
QQQ,1,0.74478861,0.25521139
QQQ,1,0.12590926,0.87409074
QQQ,1,0.29900591,0.70099409
QQQ,1,0.81524904,0.18475096
QQQ,1,0.14509918,0.85490082
QQQ,1,0.56919276,0.43080724
QQQ,1,0.68670103,0.31329897
QQQ,1,0.12518905,0.87481095
QQQ,1,0.69227333,0.30772667
QQQ,1,0.28448375,0.71551625
QQQ,1,0.66862400,0.33137600
QQQ,1,0.91346827,0.08653173
QQQ,1,0.22710729,0.77289271
QQQ,1,0.99771104,0.00228896
QQQ,1,0.13183204,0.86816796
QQQ,1,0.99241461,0.00758539
QQQ,1,0.99987769,0.00012231
QQQ,1,0.30272856,0.69727144
QQQ,1,0.12743662,0.87256338
QQQ,1,0.98648561,0.01351439
QQQ,1,0.99999406,0.00000594
QQQ,1,0.33063093,0.66936907
QQQ,1,0.99932677,0.00067323
QQQ,1,0.19885747,0.80114253
QQQ,1,0.94927435,0.05072565
QQQ,1,0.13521528,0.86478472
QQQ,1,0.99569605,0.00430395
QQQ,1,0.19493623,0.80506377
QQQ,1,0.82489211,0.17510789
QQQ,1,0.99999007,0.00000993
QQQ,1,0.17127555,0.82872445
QQQ,1,0.13234415,0.86765585
QQQ,1,0.38974479,0.61025521
QQQ,1,0.60793494,0.39206506
QQQ,1,0.26223457,0.73776543
QQQ,1,0.92321517,0.07678483
QQQ,1,0.98786079,0.01213921
QQQ,1,0.12555905,0.87444095
QQQ,1,0.16469650,0.83530350
QQQ,1,0.88445203,0.11554797
QQQ,1,0.82325461,0.17674539
QQQ,1,0.12727075,0.87272925
QQQ,1,0.18044104,0.81955896
QQQ,1,0.15591599,0.84408401
QQQ,1,0.91029920,0.08970080
QQQ,1,0.99728645,0.00271355
QQQ,1,0.99999291,0.00000709
QQQ,1,0.12540653,0.87459347
QQQ,1,0.81769011,0.18230989
QQQ,1,0.99906775,0.00093225
QQQ,1,0.19783243,0.80216757
QQQ,1,0.84934338,0.15065662
QQQ,1,0.12505085,0.87494915
QQQ,1,0.32509129,0.67490871
QQQ,1,0.99133792,0.00866208
QQQ,1,0.14510422,0.85489578
QQQ,1,0.97272270,0.02727730
QQQ,1,0.12540034,0.87459966
QQQ,1,0.25405623,0.74594377
QQQ,1,0.14807880,0.85192120
QQQ,1,0.43600458,0.56399542
QQQ,1,0.16177963,0.83822037
QQQ,1,0.65859025,0.34140975
QQQ,1,0.12863319,0.87136681
QQQ,1,0.65904322,0.34095678
QQQ,1,0.21803639,0.78196361
QQQ,1,0.12923023,0.87076977
QQQ,1,0.13255835,0.86744165
QQQ,1,0.47748632,0.52251368
QQQ,1,0.16419006,0.83580994
QQQ,1,0.95499045,0.04500955
QQQ,1,0.43806481,0.56193519
QQQ,1,0.34003872,0.65996128
QQQ,1,0.41653361,0.58346639
QQQ,1,0.15506639,0.84493361
QQQ,1,0.58351443,0.41648557
QQQ,1,0.99924529,0.00075471
QQQ,1,0.24238755,0.75761245
QQQ,1,0.49969551,0.50030449
QQQ,1,0.12513121,0.87486879
QQQ,1,0.13075479,0.86924521
QQQ,1,0.88723012,0.11276988
QQQ,1,0.14996779,0.85003221
QQQ,1,0.16933292,0.83066708
QQQ,1,0.13362157,0.86637843
QQQ,1,0.23242090,0.76757910
QQQ,1,0.89325836,0.10674164
QQQ,1,0.13629664,0.86370336
QQQ,1,0.51945294,0.48054706
QQQ,1,0.18532221,0.81467779
QQQ,1,0.12729960,0.87270040
QQQ,1,0.23335450,0.76664550
QQQ,1,0.12700488,0.87299512
QQQ,1,0.55093768,0.44906232
QQQ,1,0.91539617,0.08460383
QQQ,1,0.12825821,0.87174179
QQQ,1,0.13011732,0.86988268
QQQ,1,0.45313505,0.54686495
QQQ,1,0.99942240,0.00057760
QQQ,1,0.24737946,0.75262054
QQQ,1,0.23658303,0.76341697
QQQ,1,0.15282770,0.84717230
QQQ,1,0.12505218,0.87494782
QQQ,1,0.30757647,0.69242353
QQQ,1,0.16971425,0.83028575
QQQ,1,0.55364368,0.44635632
QQQ,1,0.15115228,0.84884772
QQQ,1,0.67951272,0.32048728
QQQ,1,0.26943945,0.73056055
QQQ,1,0.99999982,0.00000018
QQQ,1,0.14019653,0.85980347
QQQ,1,0.39165131,0.60834869
QQQ,1,0.15886988,0.84113012
QQQ,1,0.16302701,0.83697299
QQQ,1,0.16487290,0.83512710
QQQ,1,0.49458688,0.50541312
QQQ,1,0.28052553,0.71947447
QQQ,1,0.42441285,0.57558715
QQQ,1,0.14149187,0.85850813
QQQ,1,0.12506264,0.87493736
QQQ,1,0.55961648,0.44038352
QQQ,1,0.92541153,0.07458847
QQQ,1,0.50430259,0.49569741
QQQ,1,0.69839154,0.30160846
QQQ,1,0.97989458,0.02010542
QQQ,1,0.12585435,0.87414565
QQQ,1,0.16912225,0.83087775
QQQ,1,0.99880017,0.00119983
QQQ,1,0.24685481,0.75314519
QQQ,1,0.31351857,0.68648143
QQQ,1,0.12577967,0.87422033
QQQ,1,0.74453909,0.25546091
QQQ,1,0.94615694,0.05384306
QQQ,1,0.96761622,0.03238378
QQQ,1,0.19412330,0.80587670
QQQ,1,0.13158511,0.86841489
QQQ,1,0.14345674,0.85654326
QQQ,1,0.73135103,0.26864897
QQQ,1,0.24799842,0.75200158
QQQ,1,0.63389409,0.36610591
QQQ,1,0.64298674,0.35701326
QQQ,1,0.55235498,0.44764502
QQQ,1,0.94418689,0.05581311
QQQ,1,0.20155980,0.79844020
QQQ,1,0.21801401,0.78198599
QQQ,1,0.99400665,0.00599335
QQQ,1,0.66400035,0.33599965
QQQ,1,0.33182171,0.66817829
QQQ,1,0.23811321,0.76188679
QQQ,1,0.16813839,0.83186161
QQQ,1,0.73404323,0.26595677
QQQ,1,1.00000000,0.00000000
QQQ,1,0.69082125,0.30917875
QQQ,1,0.16747671,0.83252329
QQQ,1,0.27760692,0.72239308
QQQ,1,0.26972648,0.73027352
QQQ,1,0.13051117,0.86948883
QQQ,1,0.12504800,0.87495200
QQQ,1,0.20671558,0.79328442
QQQ,1,0.29221254,0.70778746
QQQ,1,0.21507318,0.78492682
QQQ,1,0.14941242,0.85058758
QQQ,1,0.34132641,0.65867359
QQQ,1,0.17523298,0.82476702
QQQ,1,0.99987861,0.00012139
QQQ,1,0.13343709,0.86656291
QQQ,1,0.13482596,0.86517404
QQQ,1,0.42700674,0.57299326
QQQ,1,0.67676526,0.32323474
QQQ,1,0.14282644,0.85717356
QQQ,1,0.23206793,0.76793207
QQQ,1,0.14690147,0.85309853
QQQ,1,0.24617529,0.75382471
QQQ,1,0.22809288,0.77190712
QQQ,1,0.15697399,0.84302601
QQQ,1,0.99155322,0.00844678
QQQ,1,0.22951505,0.77048495
QQQ,1,0.32393654,0.67606346
QQQ,1,0.12652076,0.87347924
QQQ,1,0.31287790,0.68712210
QQQ,1,0.78387396,0.21612604
QQQ,1,0.12554645,0.87445355
QQQ,1,0.30460028,0.69539972
QQQ,1,0.30277682,0.69722318
QQQ,1,0.75431443,0.24568557
QQQ,1,0.12534970,0.87465030
QQQ,1,0.15650410,0.84349590
QQQ,1,0.13735269,0.86264731
QQQ,1,0.35622708,0.64377292
QQQ,1,0.87685315,0.12314685
QQQ,1,0.16906947,0.83093053
QQQ,1,0.18058283,0.81941717
QQQ,1,0.44945036,0.55054964
QQQ,1,0.15173709,0.84826291
QQQ,1,0.15999374,0.84000626
QQQ,1,0.12862345,0.87137655
QQQ,1,0.26906673,0.73093327
QQQ,1,0.21145719,0.78854281
QQQ,1,0.87976693,0.12023307
QQQ,1,0.75792495,0.24207505
QQQ,1,0.12549109,0.87450891
QQQ,1,0.12842763,0.87157237
QQQ,1,0.53092807,0.46907193
QQQ,1,0.21901564,0.78098436
QQQ,1,0.56893663,0.43106337
QQQ,1,0.29311097,0.70688903
QQQ,1,0.68259292,0.31740708
QQQ,1,0.99594547,0.00405453
QQQ,1,0.37678716,0.62321284
QQQ,1,0.19126754,0.80873246
QQQ,1,0.57758572,0.42241428
QQQ,1,0.41244615,0.58755385
QQQ,1,0.19777394,0.80222606
QQQ,1,0.15910560,0.84089440
QQQ,1,0.35669348,0.64330652
QQQ,1,0.17286521,0.82713479
QQQ,1,0.17036280,0.82963720
QQQ,1,0.49595428,0.50404572
QQQ,1,0.17135193,0.82864807
QQQ,1,0.79977828,0.20022172
QQQ,1,0.12523054,0.87476946
QQQ,1,0.17996943,0.82003057
QQQ,1,0.39380396,0.60619604
QQQ,1,0.15083235,0.84916765
QQQ,1,0.12554990,0.87445010
QQQ,1,0.17179370,0.82820630
QQQ,1,0.16753221,0.83246779
QQQ,1,0.62518072,0.37481928
QQQ,1,0.12817114,0.87182886
QQQ,1,0.25010990,0.74989010
QQQ,1,0.13693433,0.86306567
QQQ,1,0.43009259,0.56990741
QQQ,1,0.33946397,0.66053603
QQQ,1,0.15458754,0.84541246
QQQ,1,0.74241897,0.25758103
QQQ,1,0.15307533,0.84692467
QQQ,1,0.87462818,0.12537182
QQQ,1,0.13200697,0.86799303
QQQ,1,0.13183825,0.86816175
QQQ,1,0.31335905,0.68664095
QQQ,1,0.26754975,0.73245025
QQQ,1,0.22100350,0.77899650
QQQ,1,0.13693562,0.86306438
QQQ,1,0.15511066,0.84488934
QQQ,1,0.14641233,0.85358767
QQQ,1,0.45790962,0.54209038
QQQ,1,0.20790691,0.79209309
QQQ,1,0.42056049,0.57943951
QQQ,1,0.12650721,0.87349279
QQQ,1,0.13282220,0.86717780
QQQ,1,0.20234513,0.79765487
QQQ,1,0.15048963,0.84951037
QQQ,1,0.12506864,0.87493136
QQQ,1,0.15312090,0.84687910
QQQ,1,0.18731630,0.81268370
QQQ,1,0.51610689,0.48389311
QQQ,1,0.12546791,0.87453209
QQQ,1,0.12538539,0.87461461
QQQ,1,0.12505087,0.87494913
QQQ,1,0.12517786,0.87482214
QQQ,1,0.16601908,0.83398092
QQQ,1,0.12528617,0.87471383
QQQ,1,0.12759976,0.87240024
QQQ,1,0.52920515,0.47079485
QQQ,1,0.14133614,0.85866386
QQQ,1,0.90012878,0.09987122
QQQ,1,0.17428254,0.82571746
QQQ,1,0.12541339,0.87458661
QQQ,1,0.18121661,0.81878339
QQQ,1,0.15883036,0.84116964
QQQ,1,0.13465928,0.86534072
QQQ,1,0.62132849,0.37867151
QQQ,1,0.13330258,0.86669742
QQQ,1,0.15082467,0.84917533
QQQ,1,0.20941230,0.79058770
QQQ,1,0.13440383,0.86559617
QQQ,1,0.13239986,0.86760014
QQQ,1,0.14267694,0.85732306
QQQ,1,0.12629636,0.87370364
QQQ,1,0.24532762,0.75467238
QQQ,1,0.52375119,0.47624881
QQQ,1,0.12601981,0.87398019
QQQ,1,0.13160071,0.86839929
QQQ,1,0.25792769,0.74207231
QQQ,1,0.14751724,0.85248276
QQQ,1,0.77343529,0.22656471
QQQ,1,0.88193306,0.11806694
QQQ,1,0.14800093,0.85199907
QQQ,1,0.14452967,0.85547033
QQQ,1,0.22382762,0.77617238
QQQ,1,0.17117992,0.82882008
QQQ,1,0.12580291,0.87419709
QQQ,1,0.12505413,0.87494587
QQQ,1,0.42596154,0.57403846
QQQ,1,0.22899544,0.77100456
QQQ,1,0.13794099,0.86205901
QQQ,1,0.41860765,0.58139235
QQQ,1,0.17749305,0.82250695
QQQ,1,0.16574543,0.83425457
QQQ,1,0.24902395,0.75097605
QQQ,1,0.14618909,0.85381091
QQQ,1,0.12699213,0.87300787
QQQ,1,0.29412648,0.70587352
QQQ,1,0.21972422,0.78027578
QQQ,1,0.18898282,0.81101718
QQQ,1,0.30189154,0.69810846
QQQ,1,0.38950321,0.61049679
QQQ,1,0.13021092,0.86978908
QQQ,1,0.12727728,0.87272272
QQQ,1,0.34340046,0.65659954
QQQ,1,0.13140333,0.86859667
QQQ,1,0.12504981,0.87495019
QQQ,1,0.16562951,0.83437049
QQQ,1,0.13390129,0.86609871
QQQ,1,0.12505694,0.87494306
QQQ,1,0.14087596,0.85912404
QQQ,1,0.26461277,0.73538723
QQQ,1,0.44493456,0.55506544
QQQ,1,0.12534677,0.87465323
QQQ,1,0.18829359,0.81170641
QQQ,1,0.17874320,0.82125680
QQQ,1,0.12507032,0.87492968
QQQ,1,0.75296566,0.24703434
QQQ,1,0.13668202,0.86331798
QQQ,1,0.12631197,0.87368803
QQQ,1,0.15676830,0.84323170
QQQ,1,0.13055277,0.86944723
QQQ,1,0.12915321,0.87084679
QQQ,1,0.46491624,0.53508376
QQQ,1,0.12643392,0.87356608
QQQ,1,0.12831562,0.87168438
QQQ,1,0.70115241,0.29884759
QQQ,1,0.12996887,0.87003113
QQQ,1,0.13977953,0.86022047
QQQ,1,0.17224703,0.82775297
QQQ,1,0.17101091,0.82898909
QQQ,1,0.23149367,0.76850633
QQQ,1,0.12600290,0.87399710
QQQ,1,0.15151753,0.84848247
QQQ,1,0.21611434,0.78388566
QQQ,1,0.20158712,0.79841288
QQQ,1,0.22486213,0.77513787
QQQ,1,0.23245657,0.76754343
QQQ,1,0.12716616,0.87283384
QQQ,1,0.37236203,0.62763797
QQQ,1,0.12523881,0.87476119
QQQ,1,0.35813685,0.64186315
QQQ,1,0.61687894,0.38312106
QQQ,1,0.15389080,0.84610920
QQQ,1,0.16893187,0.83106813
QQQ,1,0.68509490,0.31490510
QQQ,1,0.15567596,0.84432404
QQQ,1,0.13187533,0.86812467
QQQ,1,0.12553854,0.87446146
QQQ,1,0.12595116,0.87404884
QQQ,1,0.18057116,0.81942884
QQQ,1,0.16575543,0.83424457
QQQ,1,0.12566909,0.87433091
QQQ,1,0.23786905,0.76213095
QQQ,1,0.21013038,0.78986962
QQQ,1,0.13146518,0.86853482
QQQ,1,0.17455761,0.82544239
QQQ,1,0.41247230,0.58752770
QQQ,1,0.12505153,0.87494847
QQQ,1,0.12771913,0.87228087
QQQ,1,0.32246050,0.67753950
QQQ,1,0.53588833,0.46411167
QQQ,1,0.12550242,0.87449758
QQQ,1,0.13956343,0.86043657
QQQ,1,0.33129246,0.66870754
QQQ,1,0.12647128,0.87352872
QQQ,1,0.17602018,0.82397982
QQQ,1,0.12589893,0.87410107
QQQ,1,0.17456016,0.82543984
QQQ,1,0.43234030,0.56765970
QQQ,1,0.25742310,0.74257690
QQQ,1,0.12809943,0.87190057
QQQ,1,0.39566657,0.60433343
QQQ,1,0.14880533,0.85119467
QQQ,1,0.14722271,0.85277729
QQQ,1,0.16287474,0.83712526
QQQ,1,0.13105528,0.86894472
QQQ,1,0.26517444,0.73482556
QQQ,1,0.21095367,0.78904633
QQQ,1,0.12949694,0.87050306
QQQ,1,0.28109413,0.71890587
QQQ,1,0.20256965,0.79743035
QQQ,1,0.35701276,0.64298724
QQQ,1,0.12804434,0.87195566
QQQ,1,0.19767841,0.80232159
QQQ,1,0.79588365,0.20411635
QQQ,1,0.60782474,0.39217526
QQQ,1,0.13392943,0.86607057
QQQ,1,0.23019765,0.76980235
QQQ,1,0.14393958,0.85606042
QQQ,1,0.44250489,0.55749511
QQQ,1,0.51673536,0.48326464
QQQ,1,0.26011068,0.73988932
QQQ,1,0.13929775,0.86070225
QQQ,1,0.19396272,0.80603728
QQQ,1,0.12586455,0.87413545
QQQ,1,0.16615409,0.83384591
QQQ,1,0.67453783,0.32546217
QQQ,1,0.12732254,0.87267746
QQQ,1,0.63721102,0.36278898
QQQ,1,0.12729735,0.87270265
QQQ,1,0.12553820,0.87446180
QQQ,1,0.12509166,0.87490834
QQQ,1,0.24586143,0.75413857
QQQ,1,0.14242570,0.85757430
QQQ,1,0.13404102,0.86595898
QQQ,1,0.12591625,0.87408375
QQQ,1,0.12559933,0.87440067
QQQ,1,0.12916193,0.87083807
QQQ,1,0.12547028,0.87452972
QQQ,1,0.12916154,0.87083846
QQQ,1,0.12964377,0.87035623
QQQ,1,0.18653024,0.81346976
QQQ,1,0.12752881,0.87247119
QQQ,1,0.14614261,0.85385739
QQQ,1,0.28658583,0.71341417
QQQ,1,0.14263135,0.85736865
QQQ,1,0.18012105,0.81987895
QQQ,1,0.17514960,0.82485040
QQQ,1,0.27172042,0.72827958
QQQ,1,0.12506397,0.87493603
QQQ,1,0.13975124,0.86024876
QQQ,1,0.15380387,0.84619613
QQQ,1,0.14437968,0.85562032
QQQ,1,0.32476080,0.67523920
QQQ,1,0.21495724,0.78504276
QQQ,1,0.12783881,0.87216119
QQQ,1,0.15051270,0.84948730
QQQ,1,0.12852115,0.87147885
QQQ,1,0.12513047,0.87486953
QQQ,1,0.13722757,0.86277243
QQQ,1,0.43459906,0.56540094
QQQ,1,0.23252784,0.76747216
QQQ,1,0.14671898,0.85328102
QQQ,1,0.12554862,0.87445138
QQQ,1,0.60376545,0.39623455
QQQ,1,0.13100510,0.86899490
QQQ,1,0.15697459,0.84302541
QQQ,1,0.12876553,0.87123447
QQQ,1,0.12528439,0.87471561
QQQ,1,0.12504659,0.87495341
QQQ,1,0.14612204,0.85387796
QQQ,1,0.29376096,0.70623904
QQQ,1,0.59712449,0.40287551
QQQ,1,0.12853751,0.87146249
QQQ,1,0.13636444,0.86363556
QQQ,1,0.14689565,0.85310435
QQQ,1,0.12647185,0.87352815
QQQ,1,0.14813885,0.85186115
QQQ,1,0.19802774,0.80197226
QQQ,1,0.15000181,0.84999819
QQQ,1,0.58287709,0.41712291
QQQ,1,0.21248536,0.78751464
QQQ,1,0.43900203,0.56099797
QQQ,1,0.12514074,0.87485926
QQQ,1,0.12772813,0.87227187
QQQ,1,0.20278657,0.79721343
QQQ,1,0.12864435,0.87135565
QQQ,1,0.19857243,0.80142757
QQQ,1,0.13227864,0.86772136
QQQ,1,0.37309586,0.62690414
QQQ,1,0.20018787,0.79981213
QQQ,1,0.13305117,0.86694883
QQQ,1,0.18308813,0.81691187
QQQ,1,0.17087225,0.82912775
QQQ,1,0.13756150,0.86243850
QQQ,1,0.93483658,0.06516342
QQQ,1,0.12622682,0.87377318
QQQ,1,0.12533383,0.87466617
QQQ,1,0.12854976,0.87145024
QQQ,1,0.14269882,0.85730118
QQQ,1,0.17312712,0.82687288
QQQ,1,0.35173396,0.64826604
QQQ,1,0.12981777,0.87018223
QQQ,1,0.48446386,0.51553614
QQQ,1,0.14322863,0.85677137
QQQ,1,0.35158740,0.64841260
QQQ,1,0.29169900,0.70830100
QQQ,1,0.13808373,0.86191627
QQQ,1,0.30173476,0.69826524
QQQ,1,0.15782111,0.84217889
QQQ,1,0.13046622,0.86953378
QQQ,1,0.24538237,0.75461763
QQQ,1,0.18155529,0.81844471
QQQ,1,0.13069520,0.86930480
QQQ,1,0.24108240,0.75891760
QQQ,1,0.14380400,0.85619600
QQQ,1,0.12625232,0.87374768
QQQ,1,0.13311053,0.86688947
QQQ,1,0.13250286,0.86749714
QQQ,1,0.13157766,0.86842234
QQQ,1,0.12674938,0.87325062
QQQ,1,0.12756102,0.87243898
QQQ,1,0.17735088,0.82264912
QQQ,1,0.12698677,0.87301323
QQQ,1,0.34701949,0.65298051
QQQ,1,0.21749265,0.78250735
QQQ,1,0.12557678,0.87442322
QQQ,1,0.13374823,0.86625177
QQQ,1,0.17754158,0.82245842
QQQ,1,0.35013226,0.64986774
QQQ,1,0.34407695,0.65592305
QQQ,1,0.44214715,0.55785285
QQQ,1,0.12544420,0.87455580
QQQ,1,0.24988165,0.75011835
QQQ,1,0.15236634,0.84763366
QQQ,1,0.64203578,0.35796422
QQQ,1,0.18196721,0.81803279
QQQ,1,0.34968005,0.65031995
QQQ,1,0.13621589,0.86378411
QQQ,1,0.13900619,0.86099381
QQQ,1,0.33796411,0.66203589
QQQ,1,0.14045198,0.85954802
QQQ,1,0.51105826,0.48894174
QQQ,1,0.17373535,0.82626465
QQQ,1,0.25034227,0.74965773
QQQ,1,0.60736697,0.39263303
QQQ,1,0.24233445,0.75766555
QQQ,1,0.12538963,0.87461037
QQQ,1,0.12525204,0.87474796
QQQ,1,0.12790580,0.87209420
QQQ,1,0.12885419,0.87114581
QQQ,1,0.12872710,0.87127290
QQQ,1,0.15376234,0.84623766
QQQ,1,0.36994980,0.63005020
QQQ,1,0.12592047,0.87407953
QQQ,1,0.12526298,0.87473702
QQQ,1,0.15759430,0.84240570
QQQ,1,0.12842382,0.87157618
QQQ,1,0.12504874,0.87495126
QQQ,1,0.13815118,0.86184882
QQQ,1,0.18645638,0.81354362
QQQ,1,0.13675336,0.86324664
QQQ,1,0.15704752,0.84295248
QQQ,1,0.22334907,0.77665093
QQQ,1,0.12876904,0.87123096
QQQ,1,0.14302602,0.85697398
QQQ,1,0.13077200,0.86922800
QQQ,1,0.58094206,0.41905794
QQQ,1,0.12537796,0.87462204
QQQ,1,0.12554689,0.87445311
QQQ,1,0.13512876,0.86487124
QQQ,1,0.15901639,0.84098361
QQQ,1,0.28112351,0.71887649
QQQ,1,0.14986885,0.85013115
QQQ,1,0.14456063,0.85543937
QQQ,1,0.25471128,0.74528872
QQQ,1,0.12562254,0.87437746
QQQ,1,0.16652175,0.83347825
QQQ,1,0.13108272,0.86891728
QQQ,1,0.23328819,0.76671181
QQQ,1,0.21482331,0.78517669
QQQ,1,0.12952549,0.87047451
QQQ,1,0.12956080,0.87043920
QQQ,1,0.14168590,0.85831410
QQQ,1,0.14536513,0.85463487
QQQ,1,0.21507308,0.78492692
QQQ,1,0.18190744,0.81809256
QQQ,1,0.21632487,0.78367513
QQQ,1,0.13044778,0.86955222
QQQ,1,0.12565116,0.87434884
QQQ,1,0.20826719,0.79173281
QQQ,1,0.66359011,0.33640989
QQQ,1,0.13898770,0.86101230
QQQ,1,0.13069037,0.86930963
QQQ,1,0.12521535,0.87478465
QQQ,1,0.95418549,0.04581451
QQQ,1,0.15209858,0.84790142
QQQ,1,0.18634351,0.81365649
QQQ,1,0.31098902,0.68901098
QQQ,1,0.12969504,0.87030496
QQQ,1,0.99643274,0.00356726
QQQ,1,0.27179286,0.72820714
QQQ,1,0.19351666,0.80648334
QQQ,1,0.12912919,0.87087081
QQQ,1,0.29152491,0.70847509
QQQ,1,0.93033494,0.06966506
QQQ,1,0.73329876,0.26670124
QQQ,1,0.84105527,0.15894473
QQQ,1,0.97482346,0.02517654
QQQ,1,0.16831996,0.83168004
QQQ,1,0.20737825,0.79262175
QQQ,1,0.95068927,0.04931073
QQQ,1,0.15678017,0.84321983
QQQ,1,0.12873126,0.87126874
QQQ,1,0.81194999,0.18805001
QQQ,1,0.12673371,0.87326629
QQQ,1,0.82600507,0.17399493
QQQ,1,0.12938477,0.87061523
QQQ,1,0.27326566,0.72673434
QQQ,1,0.12624196,0.87375804
QQQ,1,0.13827281,0.86172719
QQQ,1,0.36469366,0.63530634
QQQ,1,0.19902162,0.80097838
QQQ,1,0.18650805,0.81349195
QQQ,1,0.12879311,0.87120689
QQQ,1,0.22545011,0.77454989
QQQ,1,0.12773796,0.87226204
QQQ,1,0.23738892,0.76261108
QQQ,1,0.95992884,0.04007116
QQQ,1,0.13671203,0.86328797
QQQ,1,0.12542980,0.87457020
QQQ,1,0.89865391,0.10134609
QQQ,1,0.22666742,0.77333258
QQQ,1,0.19851655,0.80148345
QQQ,1,0.68351785,0.31648215
QQQ,1,0.21861409,0.78138591
QQQ,1,0.14123925,0.85876075
QQQ,1,0.13621756,0.86378244
QQQ,1,0.12509462,0.87490538
QQQ,1,0.13692077,0.86307923
QQQ,1,0.81648078,0.18351922
QQQ,1,0.12523050,0.87476950
QQQ,1,0.12907782,0.87092218
QQQ,1,0.14094038,0.85905962
QQQ,1,0.12591339,0.87408661
QQQ,1,0.16432132,0.83567868
QQQ,1,0.14240017,0.85759983
QQQ,1,0.12864654,0.87135346
QQQ,1,0.29686462,0.70313538
QQQ,1,0.12530450,0.87469550
QQQ,1,0.12532043,0.87467957
QQQ,1,0.23781724,0.76218276
QQQ,1,0.20277384,0.79722616
QQQ,1,0.30876525,0.69123475
QQQ,1,0.17860071,0.82139929
QQQ,1,0.12535496,0.87464504
QQQ,1,0.12643430,0.87356570
QQQ,1,0.17579649,0.82420351
QQQ,1,0.26988532,0.73011468
QQQ,1,0.12527067,0.87472933
QQQ,1,0.12534429,0.87465571
QQQ,1,0.15409094,0.84590906
QQQ,1,0.12825703,0.87174297
QQQ,1,0.12592201,0.87407799
QQQ,1,0.35078483,0.64921517
QQQ,1,0.16096814,0.83903186
QQQ,1,0.15353781,0.84646219
QQQ,1,0.12519184,0.87480816
QQQ,1,0.19299276,0.80700724
QQQ,1,0.15912131,0.84087869
QQQ,1,0.86378847,0.13621153
QQQ,1,0.14878286,0.85121714
QQQ,1,0.12899355,0.87100645
QQQ,1,0.25637974,0.74362026
QQQ,1,0.90894464,0.09105536
QQQ,1,0.42383625,0.57616375
QQQ,1,0.12756074,0.87243926
QQQ,1,0.12521019,0.87478981
QQQ,1,0.12714735,0.87285265
QQQ,1,0.12622927,0.87377073
QQQ,1,0.15886685,0.84113315
QQQ,1,0.80623187,0.19376813
QQQ,1,0.14575850,0.85424150
QQQ,1,0.16089084,0.83910916
QQQ,1,0.12506929,0.87493071
QQQ,1,0.13304408,0.86695592
QQQ,1,0.12704363,0.87295637
QQQ,1,0.12676292,0.87323708
QQQ,1,0.14440576,0.85559424
QQQ,1,0.16524658,0.83475342
QQQ,1,0.17414817,0.82585183
QQQ,1,0.22662281,0.77337719
QQQ,1,0.13346176,0.86653824
QQQ,1,0.25464346,0.74535654
QQQ,1,0.12780334,0.87219666
QQQ,1,0.18029902,0.81970098
QQQ,1,0.16203564,0.83796436
QQQ,1,0.13438119,0.86561881
QQQ,1,0.44699192,0.55300808
QQQ,1,0.14495420,0.85504580
QQQ,1,0.16135883,0.83864117
QQQ,1,0.32536195,0.67463805
QQQ,1,0.13341169,0.86658831
QQQ,1,0.99679871,0.00320129
QQQ,1,0.15299435,0.84700565
QQQ,1,0.17595437,0.82404563
QQQ,1,0.20348349,0.79651651
QQQ,1,0.30050067,0.69949933
QQQ,1,0.12504518,0.87495482
QQQ,1,0.28220621,0.71779379
QQQ,1,0.30451605,0.69548395
QQQ,1,0.18786612,0.81213388
QQQ,1,0.12869087,0.87130913
QQQ,1,0.38131081,0.61868919
QQQ,1,0.25082053,0.74917947
QQQ,1,0.43860042,0.56139958
QQQ,1,0.12543927,0.87456073
QQQ,1,0.36741589,0.63258411
QQQ,1,0.13562135,0.86437865
QQQ,1,0.12582297,0.87417703
QQQ,1,0.72087406,0.27912594
QQQ,1,0.14721181,0.85278819
QQQ,1,0.39125630,0.60874370
QQQ,1,0.15590159,0.84409841
QQQ,1,0.27040369,0.72959631
QQQ,1,0.12998957,0.87001043
QQQ,1,0.14525889,0.85474111
QQQ,1,0.95535232,0.04464768
QQQ,1,0.27179143,0.72820857
QQQ,1,0.12576824,0.87423176
QQQ,1,0.13603054,0.86396946
QQQ,1,0.12596678,0.87403322
QQQ,1,0.17143485,0.82856515
QQQ,1,0.23728069,0.76271931
QQQ,1,0.14256055,0.85743945
QQQ,1,0.14449020,0.85550980
QQQ,1,0.25353739,0.74646261
QQQ,1,0.22753214,0.77246786
QQQ,1,0.12689774,0.87310226
QQQ,1,0.12517245,0.87482755
QQQ,1,0.31133559,0.68866441
QQQ,1,0.14099887,0.85900113
QQQ,1,0.12891083,0.87108917
QQQ,1,0.12514242,0.87485758
QQQ,1,0.13651359,0.86348641
QQQ,1,0.64132622,0.35867378
QQQ,1,0.27011458,0.72988542
QQQ,1,0.27929877,0.72070123
QQQ,1,0.12688511,0.87311489
QQQ,1,0.92207923,0.07792077
QQQ,1,0.30539529,0.69460471
QQQ,1,0.64528359,0.35471641
QQQ,1,0.13642183,0.86357817
QQQ,1,0.26376486,0.73623514
QQQ,1,0.90114472,0.09885528
QQQ,1,0.14734973,0.85265027
QQQ,1,0.99871967,0.00128033
QQQ,1,0.13825553,0.86174447
QQQ,1,0.22190306,0.77809694
QQQ,1,0.44636134,0.55363866
QQQ,1,0.73129869,0.26870131
QQQ,1,0.16696566,0.83303434
QQQ,1,0.41312878,0.58687122
QQQ,1,0.25219547,0.74780453
QQQ,1,0.12950827,0.87049173
QQQ,1,0.13110160,0.86889840
QQQ,1,0.67826281,0.32173719
QQQ,1,0.15703195,0.84296805
QQQ,1,0.48225972,0.51774028
QQQ,1,0.15556242,0.84443758
QQQ,1,0.89552145,0.10447855
QQQ,1,0.12641380,0.87358620
QQQ,1,0.17030555,0.82969445
QQQ,1,0.16635600,0.83364400
QQQ,1,0.99999964,0.00000036
QQQ,1,1.00000000,0.00000000
QQQ,1,0.12574470,0.87425530
QQQ,1,0.47098152,0.52901848
QQQ,1,1.00000000,0.00000000
QQQ,1,0.99721370,0.00278630
QQQ,1,0.37168284,0.62831716
QQQ,1,0.16681306,0.83318694
QQQ,1,0.12639740,0.87360260
QQQ,1,0.96449374,0.03550626
QQQ,1,0.12714085,0.87285915
QQQ,1,0.83004479,0.16995521
QQQ,1,0.80889051,0.19110949
QQQ,1,0.77657176,0.22342824
QQQ,1,0.94098893,0.05901107
QQQ,1,0.25834215,0.74165785
QQQ,1,0.12509308,0.87490692
QQQ,1,0.15403893,0.84596107
QQQ,1,0.12507635,0.87492365
QQQ,1,0.26889505,0.73110495
QQQ,1,0.35295767,0.64704233
QQQ,1,0.14229125,0.85770875
QQQ,1,0.19462498,0.80537502
QQQ,1,0.13237701,0.86762299
QQQ,1,0.20952876,0.79047124
QQQ,1,0.12504957,0.87495043
QQQ,1,0.99908877,0.00091123
QQQ,1,0.43406187,0.56593813
QQQ,1,0.15630187,0.84369813
QQQ,1,0.12629289,0.87370711
QQQ,1,0.13745534,0.86254466
QQQ,1,0.12592248,0.87407752
QQQ,1,0.13183899,0.86816101
QQQ,1,0.30655010,0.69344990
QQQ,1,0.12580409,0.87419591
QQQ,1,0.18700465,0.81299535
QQQ,1,0.72365371,0.27634629
QQQ,1,0.13139839,0.86860161
QQQ,1,0.12687995,0.87312005
QQQ,1,0.12638167,0.87361833
QQQ,1,0.16725334,0.83274666
QQQ,1,0.17272881,0.82727119
QQQ,1,0.13150200,0.86849800
QQQ,1,0.16281914,0.83718086
QQQ,1,0.18884283,0.81115717
QQQ,1,0.12751957,0.87248043
QQQ,1,0.15507376,0.84492624
QQQ,1,0.13075100,0.86924900
QQQ,1,0.12794609,0.87205391
QQQ,1,0.25608704,0.74391296
QQQ,1,0.27352603,0.72647397
QQQ,1,0.18463963,0.81536037
QQQ,1,0.12534641,0.87465359
QQQ,1,0.13575536,0.86424464
QQQ,1,0.20059382,0.79940618
QQQ,1,0.36474989,0.63525011
QQQ,1,0.13222239,0.86777761
QQQ,1,0.19090366,0.80909634
QQQ,1,0.13481356,0.86518644
QQQ,1,0.15477552,0.84522448
QQQ,1,0.17144470,0.82855530
QQQ,1,0.15324544,0.84675456
QQQ,1,0.20352133,0.79647867
QQQ,1,0.15872720,0.84127280
QQQ,1,0.12505769,0.87494231
QQQ,1,0.15929827,0.84070173
QQQ,1,0.12573177,0.87426823
QQQ,1,0.12842281,0.87157719
QQQ,1,0.13276339,0.86723661
QQQ,1,0.12580697,0.87419303
QQQ,1,0.12575322,0.87424678
QQQ,1,0.17145265,0.82854735
QQQ,1,0.12521292,0.87478708
QQQ,1,0.14206612,0.85793388
QQQ,1,0.14062677,0.85937323
QQQ,1,0.13668871,0.86331129
QQQ,1,0.12854686,0.87145314
QQQ,1,0.12899888,0.87100112
QQQ,1,0.13168651,0.86831349
QQQ,1,0.12622085,0.87377915
QQQ,1,0.12601494,0.87398506
QQQ,1,0.14292917,0.85707083
QQQ,1,0.58512739,0.41487261
QQQ,1,0.42995703,0.57004297
QQQ,1,0.14740933,0.85259067
QQQ,1,0.24640044,0.75359956
QQQ,1,0.13551756,0.86448244
QQQ,1,0.19127976,0.80872024
QQQ,1,0.12881140,0.87118860
QQQ,1,0.25139740,0.74860260
QQQ,1,0.12589805,0.87410195
QQQ,1,0.12538859,0.87461141
QQQ,1,0.13773069,0.86226931
QQQ,1,0.12529361,0.87470639
QQQ,1,0.29039272,0.70960728
QQQ,1,0.15530839,0.84469161
QQQ,1,0.14099345,0.85900655
QQQ,1,0.33822082,0.66177918
QQQ,1,0.12767316,0.87232684
QQQ,1,0.13444849,0.86555151
QQQ,1,0.12694522,0.87305478
QQQ,1,0.15177015,0.84822985
QQQ,1,0.22664995,0.77335005
QQQ,1,0.18458731,0.81541269
QQQ,1,0.16254633,0.83745367
QQQ,1,0.19074722,0.80925278
QQQ,1,0.12735296,0.87264704
QQQ,1,0.14086443,0.85913557
QQQ,1,0.13104515,0.86895485
QQQ,1,0.12518567,0.87481433
QQQ,1,0.14741051,0.85258949
QQQ,1,0.13941017,0.86058983
QQQ,1,0.18030135,0.81969865
QQQ,1,0.12513400,0.87486600
QQQ,1,0.12763469,0.87236531
QQQ,1,0.18189786,0.81810214
QQQ,1,0.16090992,0.83909008
QQQ,1,0.15125885,0.84874115
QQQ,1,0.15196116,0.84803884
QQQ,1,0.13458722,0.86541278
QQQ,1,0.13810320,0.86189680
QQQ,1,0.13453784,0.86546216
QQQ,1,0.14019070,0.85980930
QQQ,1,0.13062910,0.86937090
QQQ,1,0.14079467,0.85920533
QQQ,1,0.13721952,0.86278048
QQQ,1,0.13519734,0.86480266
QQQ,1,0.16112986,0.83887014
QQQ,1,0.14039498,0.85960502
QQQ,1,0.22243220,0.77756780
QQQ,1,0.12525993,0.87474007
QQQ,1,0.99391456,0.00608544
QQQ,1,0.52526038,0.47473962
QQQ,1,0.14520170,0.85479830
QQQ,1,0.15505222,0.84494778
QQQ,1,0.13201627,0.86798373
QQQ,1,0.15195820,0.84804180
QQQ,1,0.26626567,0.73373433
QQQ,1,0.12515073,0.87484927
QQQ,1,0.19508513,0.80491487
QQQ,1,0.16804799,0.83195201
QQQ,1,0.22164163,0.77835837
QQQ,1,0.48046140,0.51953860
QQQ,1,0.17826414,0.82173586
QQQ,1,0.14062269,0.85937731
QQQ,1,0.34221982,0.65778018
QQQ,1,0.13509637,0.86490363
QQQ,1,0.14147695,0.85852305
QQQ,1,0.58868375,0.41131625
QQQ,1,0.14391292,0.85608708
QQQ,1,0.49193516,0.50806484
QQQ,1,0.13618705,0.86381295
QQQ,1,0.66899449,0.33100551
QQQ,1,0.12639746,0.87360254
QQQ,1,0.12558012,0.87441988
QQQ,1,0.61196517,0.38803483
QQQ,1,0.12512447,0.87487553
QQQ,1,0.17711649,0.82288351
QQQ,1,0.26175442,0.73824558
QQQ,1,0.14327347,0.85672653
QQQ,1,0.76735769,0.23264231
QQQ,1,0.15052573,0.84947427
QQQ,1,0.85246588,0.14753412
QQQ,1,0.16407483,0.83592517
QQQ,1,0.18587446,0.81412554
QQQ,1,0.17732952,0.82267048
QQQ,1,0.13040620,0.86959380
QQQ,1,0.16523427,0.83476573
QQQ,1,0.13017280,0.86982720
QQQ,1,0.12543594,0.87456406
QQQ,1,0.13531573,0.86468427
QQQ,1,0.12683070,0.87316930
QQQ,1,0.12582877,0.87417123
QQQ,1,0.13604524,0.86395476
QQQ,1,0.13075248,0.86924752
QQQ,1,0.54657522,0.45342478
QQQ,1,0.14958528,0.85041472
QQQ,1,0.12684618,0.87315382
QQQ,1,0.49986510,0.50013490
QQQ,1,0.28075768,0.71924232
QQQ,1,0.29195631,0.70804369
QQQ,1,0.14473530,0.85526470
QQQ,1,0.14077993,0.85922007
QQQ,1,0.13137300,0.86862700
QQQ,1,0.12504906,0.87495094
QQQ,1,0.14027589,0.85972411
QQQ,1,0.12921075,0.87078925
QQQ,1,0.17558845,0.82441155
QQQ,1,0.12859543,0.87140457
QQQ,1,0.16755811,0.83244189
QQQ,1,0.18660684,0.81339316
QQQ,1,0.12631763,0.87368237
QQQ,1,0.14605014,0.85394986
QQQ,1,0.19350113,0.80649887
QQQ,1,0.12619677,0.87380323
QQQ,1,0.12632222,0.87367778
QQQ,1,0.21627660,0.78372340
QQQ,1,0.13072339,0.86927661
QQQ,1,0.12529711,0.87470289
QQQ,1,0.65868506,0.34131494
QQQ,1,0.24967339,0.75032661
QQQ,1,0.16960577,0.83039423
QQQ,1,0.13297813,0.86702187
QQQ,1,0.13840677,0.86159323
QQQ,1,0.18795348,0.81204652
QQQ,1,0.13417263,0.86582737
QQQ,1,0.14743106,0.85256894
QQQ,1,0.25347925,0.74652075
QQQ,1,0.15054384,0.84945616
QQQ,1,0.34027560,0.65972440
QQQ,1,0.49254268,0.50745732
QQQ,1,0.35364208,0.64635792
QQQ,1,0.58226096,0.41773904
QQQ,1,0.18038313,0.81961687
QQQ,1,0.13650147,0.86349853
QQQ,1,0.12870854,0.87129146
QQQ,1,0.59724795,0.40275205
QQQ,1,0.12567789,0.87432211
QQQ,1,0.12555947,0.87444053
QQQ,1,0.16258294,0.83741706
QQQ,1,0.13247478,0.86752522
