dataset,p,component_1,component_2
QQQ,4,0.51921987,0.48078013
QQQ,4,0.79747776,0.20252224
QQQ,4,0.25502071,0.74497929
QQQ,4,0.99654352,0.00345648
QQQ,4,0.95548009,0.04451991
QQQ,4,0.99309589,0.00690411
QQQ,4,0.16160882,0.83839118
QQQ,4,0.99560483,0.00439517
QQQ,4,0.13517345,0.86482655
QQQ,4,0.26979607,0.73020393
QQQ,4,0.54430980,0.45569020
QQQ,4,0.99405563,0.00594437
QQQ,4,0.13494572,0.86505428
QQQ,4,0.16955105,0.83044895
QQQ,4,0.16475571,0.83524429
QQQ,4,0.14746761,0.85253239
QQQ,4,0.14535129,0.85464871
QQQ,4,0.27624176,0.72375824
QQQ,4,0.99328829,0.00671171
QQQ,4,0.20718068,0.79281932
QQQ,4,0.95893474,0.04106526
QQQ,4,0.99998927,0.00001073
QQQ,4,0.46017015,0.53982985
QQQ,4,0.99995203,0.00004797
QQQ,4,0.94126863,0.05873137
QQQ,4,0.39436690,0.60563310
QQQ,4,0.83008183,0.16991817
QQQ,4,0.25234481,0.74765519
QQQ,4,0.98780637,0.01219363
QQQ,4,0.20032058,0.79967942
QQQ,4,0.13237374,0.86762626
QQQ,4,0.14309184,0.85690816
QQQ,4,0.36814790,0.63185210
QQQ,4,0.92476933,0.07523067
QQQ,4,0.99390430,0.00609570
QQQ,4,0.26471004,0.73528996
QQQ,4,0.18289945,0.81710055
QQQ,4,0.37879160,0.62120840
QQQ,4,0.64765631,0.35234369
QQQ,4,0.38260366,0.61739634
QQQ,4,0.49290928,0.50709072
QQQ,4,0.36814217,0.63185783
QQQ,4,0.13371249,0.86628751
QQQ,4,0.28426089,0.71573911
QQQ,4,0.88329193,0.11670807
QQQ,4,0.19516461,0.80483539
QQQ,4,0.89099170,0.10900830
QQQ,4,0.99243837,0.00756163
QQQ,4,0.76356316,0.23643684
QQQ,4,0.12261332,0.87738668
QQQ,4,0.39558756,0.60441244
QQQ,4,0.62368238,0.37631762
QQQ,4,0.37309874,0.62690126
QQQ,4,0.29088833,0.70911167
QQQ,4,0.94695434,0.05304566
QQQ,4,0.64374743,0.35625257
QQQ,4,0.70327312,0.29672688
QQQ,4,0.37595817,0.62404183
QQQ,4,0.21597532,0.78402468
QQQ,4,0.33414767,0.66585233
QQQ,4,0.56850036,0.43149964
QQQ,4,0.25576866,0.74423134
QQQ,4,0.99998939,0.00001061
QQQ,4,0.29323294,0.70676706
QQQ,4,0.15949052,0.84050948
QQQ,4,0.96369907,0.03630093
QQQ,4,0.91301827,0.08698173
QQQ,4,0.33441517,0.66558483
QQQ,4,0.55539067,0.44460933
QQQ,4,0.12381691,0.87618309
QQQ,4,0.68130625,0.31869375
QQQ,4,0.30824011,0.69175989
QQQ,4,0.40044958,0.59955042
QQQ,4,0.17145643,0.82854357
QQQ,4,0.28757542,0.71242458
QQQ,4,0.13715492,0.86284508
QQQ,4,0.12396839,0.87603161
QQQ,4,0.26564932,0.73435068
QQQ,4,0.20659802,0.79340198
QQQ,4,0.13146965,0.86853035
QQQ,4,0.13301217,0.86698783
QQQ,4,0.38116466,0.61883534
QQQ,4,0.19069425,0.80930575
QQQ,4,0.19966057,0.80033943
QQQ,4,0.17770245,0.82229755
QQQ,4,0.99832615,0.00167385
QQQ,4,0.12460575,0.87539425
QQQ,4,0.89140567,0.10859433
QQQ,4,0.12166633,0.87833367
QQQ,4,0.85042720,0.14957280
QQQ,4,0.45684856,0.54315144
QQQ,4,0.50806913,0.49193087
QQQ,4,0.54418098,0.45581902
QQQ,4,0.13784175,0.86215825
QQQ,4,0.12944783,0.87055217
QQQ,4,0.15414862,0.84585138
QQQ,4,0.49547649,0.50452351
QQQ,4,0.29724376,0.70275624
QQQ,4,0.20839967,0.79160033
QQQ,4,0.26088077,0.73911923
QQQ,4,0.19546212,0.80453788
QQQ,4,0.96465417,0.03534583
QQQ,4,0.20374232,0.79625768
QQQ,4,0.99971951,0.00028049
QQQ,4,0.19713303,0.80286697
QQQ,4,0.15756549,0.84243451
QQQ,4,0.19373892,0.80626108
QQQ,4,0.23208377,0.76791623
QQQ,4,0.30793729,0.69206271
QQQ,4,0.96824662,0.03175338
QQQ,4,0.17745823,0.82254177
QQQ,4,0.71339748,0.28660252
QQQ,4,0.30880242,0.69119758
QQQ,4,0.18688547,0.81311453
QQQ,4,0.32657170,0.67342830
QQQ,4,0.18691926,0.81308074
QQQ,4,0.15179275,0.84820725
QQQ,4,0.12641515,0.87358485
QQQ,4,0.99988412,0.00011588
QQQ,4,0.12370827,0.87629173
QQQ,4,0.22734663,0.77265337
QQQ,4,0.27952040,0.72047960
QQQ,4,0.22886029,0.77113971
QQQ,4,0.21066761,0.78933239
QQQ,4,0.13994148,0.86005852
QQQ,4,0.52073402,0.47926598
QQQ,4,0.12284230,0.87715770
QQQ,4,0.92203041,0.07796959
QQQ,4,0.12995484,0.87004516
QQQ,4,0.70529048,0.29470952
QQQ,4,0.18733232,0.81266768
QQQ,4,0.99962490,0.00037510
QQQ,4,0.12212736,0.87787264
QQQ,4,0.13742576,0.86257424
QQQ,4,0.13399870,0.86600130
QQQ,4,0.54395823,0.45604177
QQQ,4,0.18600905,0.81399095
QQQ,4,0.12158552,0.87841448
QQQ,4,0.68093083,0.31906917
QQQ,4,0.16867640,0.83132360
QQQ,4,0.62208179,0.37791821
QQQ,4,0.12174886,0.87825114
QQQ,4,0.22137049,0.77862951
QQQ,4,0.31345495,0.68654505
QQQ,4,0.63492817,0.36507183
QQQ,4,0.95775415,0.04224585
QQQ,4,0.12972614,0.87027386
QQQ,4,0.96528859,0.03471141
QQQ,4,0.31129399,0.68870601
QQQ,4,0.12752936,0.87247064
QQQ,4,0.93695596,0.06304404
QQQ,4,0.43517914,0.56482086
QQQ,4,0.12441359,0.87558641
QQQ,4,0.12286759,0.87713241
QQQ,4,0.16196827,0.83803173
QQQ,4,0.12375200,0.87624800
QQQ,4,0.98414536,0.01585464
QQQ,4,0.99391173,0.00608827
QQQ,4,0.12338993,0.87661007
QQQ,4,0.12495541,0.87504459
QQQ,4,0.56294696,0.43705304
QQQ,4,0.24375984,0.75624016
QQQ,4,0.22481725,0.77518275
QQQ,4,0.62278995,0.37721005
QQQ,4,0.13590068,0.86409932
QQQ,4,0.28039724,0.71960276
QQQ,4,0.46993269,0.53006731
QQQ,4,0.30998326,0.69001674
QQQ,4,0.12160330,0.87839670
QQQ,4,0.84139340,0.15860660
QQQ,4,0.23167810,0.76832190
QQQ,4,0.95779084,0.04220916
QQQ,4,0.19862168,0.80137832
QQQ,4,0.77429147,0.22570853
QQQ,4,0.96411686,0.03588314
QQQ,4,0.97187632,0.02812368
QQQ,4,0.13075088,0.86924912
QQQ,4,0.32969591,0.67030409
QQQ,4,0.97744861,0.02255139
QQQ,4,0.23985943,0.76014057
QQQ,4,0.95374526,0.04625474
QQQ,4,0.70696518,0.29303482
QQQ,4,0.22580588,0.77419412
QQQ,4,0.12406810,0.87593190
QQQ,4,0.21605439,0.78394561
QQQ,4,0.12235261,0.87764739
QQQ,4,0.14314970,0.85685030
QQQ,4,0.48780438,0.51219562
QQQ,4,0.39494854,0.60505146
QQQ,4,0.45715044,0.54284956
QQQ,4,0.85938671,0.14061329
QQQ,4,0.19322326,0.80677674
QQQ,4,0.31220815,0.68779185
QQQ,4,0.99990790,0.00009210
QQQ,4,0.17239653,0.82760347
QQQ,4,0.16619399,0.83380601
QQQ,4,0.12317769,0.87682231
QQQ,4,0.13646615,0.86353385
QQQ,4,0.99435347,0.00564653
QQQ,4,0.17689984,0.82310016
QQQ,4,0.12164962,0.87835038
QQQ,4,0.99414761,0.00585239
QQQ,4,1.00000000,0.00000000
QQQ,4,0.73598775,0.26401225
QQQ,4,1.00000000,0.00000000
QQQ,4,1.00000000,0.00000000
QQQ,4,0.99967005,0.00032995
QQQ,4,0.99794706,0.00205294
QQQ,4,0.49360894,0.50639106
QQQ,4,0.99999400,0.00000600
QQQ,4,0.41530878,0.58469122
QQQ,4,0.39257158,0.60742842
QQQ,4,0.34672932,0.65327068
QQQ,4,0.13274704,0.86725296
QQQ,4,0.17544975,0.82455025
QQQ,4,0.99999771,0.00000229
QQQ,4,0.45095034,0.54904966
QQQ,4,0.99928951,0.00071049
QQQ,4,0.17747067,0.82252933
QQQ,4,0.99999953,0.00000047
QQQ,4,0.99989784,0.00010216
QQQ,4,0.89505026,0.10494974
QQQ,4,0.15442507,0.84557493
QQQ,4,0.99434501,0.00565499
QQQ,4,0.21023667,0.78976333
QQQ,4,0.43008933,0.56991067
QQQ,4,0.99884433,0.00115567
QQQ,4,0.93105822,0.06894178
QQQ,4,0.97219529,0.02780471
QQQ,4,0.95873992,0.04126008
QQQ,4,0.12710152,0.87289848
QQQ,4,0.16279467,0.83720533
QQQ,4,0.12411017,0.87588983
QQQ,4,0.48025639,0.51974361
QQQ,4,0.93833789,0.06166211
QQQ,4,0.12507144,0.87492856
QQQ,4,0.99999796,0.00000204
QQQ,4,0.81453515,0.18546485
QQQ,4,0.46330308,0.53669692
QQQ,4,0.12935147,0.87064853
QQQ,4,0.95243016,0.04756984
QQQ,4,0.15509942,0.84490058
QQQ,4,0.64966850,0.35033150
QQQ,4,0.99892270,0.00107730
QQQ,4,0.51776658,0.48223342
QQQ,4,0.26259783,0.73740217
QQQ,4,0.38924575,0.61075425
QQQ,4,0.96330048,0.03669952
QQQ,4,0.12163889,0.87836111
QQQ,4,0.94137883,0.05862117
QQQ,4,0.99863363,0.00136637
QQQ,4,0.99947632,0.00052368
QQQ,4,0.99997126,0.00002874
QQQ,4,0.63066031,0.36933969
QQQ,4,0.94580771,0.05419229
QQQ,4,0.99770678,0.00229322
QQQ,4,0.73649496,0.26350504
QQQ,4,0.72811806,0.27188194
QQQ,4,0.33376913,0.66623087
QQQ,4,0.12416345,0.87583655
QQQ,4,0.52203981,0.47796019
QQQ,4,0.99920175,0.00079825
QQQ,4,0.98131339,0.01868661
QQQ,4,0.39289275,0.60710725
QQQ,4,0.99999987,0.00000013
QQQ,4,0.94653452,0.05346548
QQQ,4,0.63480365,0.36519635
QQQ,4,0.94733872,0.05266128
QQQ,4,0.99293286,0.00706714
QQQ,4,0.99999951,0.00000049
QQQ,4,0.76998281,0.23001719
QQQ,4,1.00000000,0.00000000
QQQ,4,0.99752233,0.00247767
QQQ,4,1.00000000,0.00000000
QQQ,4,1.00000000,0.00000000
QQQ,4,0.95832242,0.04167758
QQQ,4,0.79224947,0.20775053
QQQ,4,0.76990470,0.23009530
QQQ,4,0.73332671,0.26667329
QQQ,4,0.99999996,0.00000004
QQQ,4,0.97707510,0.02292490
QQQ,4,0.99989053,0.00010947
QQQ,4,0.99193628,0.00806372
QQQ,4,0.40164580,0.59835420
QQQ,4,0.99999996,0.00000004
QQQ,4,0.17834007,0.82165993
QQQ,4,0.14157731,0.85842269
QQQ,4,0.80367107,0.19632893
QQQ,4,0.99175149,0.00824851
QQQ,4,0.97785533,0.02214467
QQQ,4,1.00000000,0.00000000
QQQ,4,0.99999701,0.00000299
QQQ,4,0.12250310,0.87749690
QQQ,4,0.99995332,0.00004668
QQQ,4,0.95019895,0.04980105
QQQ,4,0.38880088,0.61119912
QQQ,4,0.99834412,0.00165588
QQQ,4,0.99999249,0.00000751
QQQ,4,0.12206317,0.87793683
QQQ,4,1.00000000,0.00000000
QQQ,4,0.99999900,0.00000100
QQQ,4,0.94079320,0.05920680
QQQ,4,0.12463813,0.87536187
QQQ,4,1.00000000,0.00000000
QQQ,4,0.76503675,0.23496325
QQQ,4,0.99999959,0.00000041
QQQ,4,1.00000000,0.00000000
QQQ,4,0.19777132,0.80222868
QQQ,4,0.57678573,0.42321427
QQQ,4,0.67891938,0.32108062
QQQ,4,0.13152792,0.86847208
QQQ,4,0.14795935,0.85204065
QQQ,4,0.89272411,0.10727589
QQQ,4,0.98210375,0.01789625
QQQ,4,0.60663250,0.39336750
QQQ,4,0.42798216,0.57201784
QQQ,4,0.13277094,0.86722906
QQQ,4,0.99804437,0.00195563
QQQ,4,0.16838037,0.83161963
QQQ,4,0.13883881,0.86116119
QQQ,4,0.99849974,0.00150026
QQQ,4,0.99198461,0.00801539
QQQ,4,0.74414996,0.25585004
QQQ,4,0.36964464,0.63035536
QQQ,4,0.23647314,0.76352686
QQQ,4,0.73004429,0.26995571
QQQ,4,0.32808889,0.67191111
QQQ,4,0.57466603,0.42533397
QQQ,4,0.99874627,0.00125373
QQQ,4,0.98810132,0.01189868
QQQ,4,0.18262877,0.81737123
QQQ,4,0.20117447,0.79882553
QQQ,4,0.21461379,0.78538621
QQQ,4,0.99793293,0.00206707
QQQ,4,0.64214067,0.35785933
QQQ,4,0.53109825,0.46890175
QQQ,4,0.20053282,0.79946718
QQQ,4,0.54768652,0.45231348
QQQ,4,0.88766781,0.11233219
QQQ,4,0.98600304,0.01399696
QQQ,4,0.92096849,0.07903151
QQQ,4,0.97135361,0.02864639
QQQ,4,0.34786212,0.65213788
QQQ,4,0.13901927,0.86098073
QQQ,4,0.99974849,0.00025151
QQQ,4,0.99999969,0.00000031
QQQ,4,0.82397266,0.17602734
QQQ,4,0.27799066,0.72200934
QQQ,4,0.44613262,0.55386738
QQQ,4,0.99968904,0.00031096
QQQ,4,0.15544151,0.84455849
QQQ,4,0.84763113,0.15236887
QQQ,4,0.12259564,0.87740436
QQQ,4,0.12726910,0.87273090
QQQ,4,0.46958491,0.53041509
QQQ,4,0.18037516,0.81962484
QQQ,4,0.66180177,0.33819823
QQQ,4,0.12623024,0.87376976
QQQ,4,0.13690761,0.86309239
QQQ,4,0.65912460,0.34087540
QQQ,4,0.12296964,0.87703036
QQQ,4,0.15578420,0.84421580
QQQ,4,0.12589866,0.87410134
QQQ,4,0.37561613,0.62438387
QQQ,4,0.39170809,0.60829191
QQQ,4,0.12160418,0.87839582
QQQ,4,0.12286682,0.87713318
QQQ,4,0.13247533,0.86752467
QQQ,4,0.12210817,0.87789183
QQQ,4,0.94763696,0.05236304
QQQ,4,0.16276715,0.83723285
QQQ,4,0.90135360,0.09864640
QQQ,4,0.99432986,0.00567014
QQQ,4,0.51669680,0.48330320
QQQ,4,0.99297598,0.00702402
QQQ,4,0.75885742,0.24114258
QQQ,4,0.48380009,0.51619991
QQQ,4,0.58495740,0.41504260
QQQ,4,0.12182295,0.87817705
QQQ,4,0.60265955,0.39734045
QQQ,4,0.45956411,0.54043589
QQQ,4,0.99758268,0.00241732
QQQ,4,0.27969592,0.72030408
QQQ,4,0.67598710,0.32401290
QQQ,4,0.14078702,0.85921298
QQQ,4,0.95434551,0.04565449
QQQ,4,0.34483042,0.65516958
QQQ,4,0.13132625,0.86867375
QQQ,4,0.97068874,0.02931126
QQQ,4,0.99869634,0.00130366
QQQ,4,0.70687055,0.29312945
QQQ,4,0.99957781,0.00042219
QQQ,4,0.70560072,0.29439928
QQQ,4,0.12386551,0.87613449
QQQ,4,0.98323522,0.01676478
QQQ,4,0.14570478,0.85429522
QQQ,4,0.99999954,0.00000046
QQQ,4,0.54096208,0.45903792
QQQ,4,0.93373303,0.06626697
QQQ,4,1.00000000,0.00000000
QQQ,4,0.15608812,0.84391188
QQQ,4,0.99795254,0.00204746
QQQ,4,0.13324092,0.86675908
QQQ,4,1.00000000,0.00000000
QQQ,4,0.48534263,0.51465737
QQQ,4,0.12732683,0.87267317
QQQ,4,0.99962306,0.00037694
QQQ,4,0.99999995,0.00000005
QQQ,4,0.55342224,0.44657776
QQQ,4,0.13045649,0.86954351
QQQ,4,0.99694223,0.00305777
QQQ,4,0.99999998,0.00000002
QQQ,4,0.15013671,0.84986329
QQQ,4,0.29001296,0.70998704
QQQ,4,0.28170591,0.71829409
QQQ,4,0.14374868,0.85625132
QQQ,4,0.12883732,0.87116268
QQQ,4,1.00000000,0.00000000
QQQ,4,0.13733111,0.86266889
QQQ,4,0.99999987,0.00000013
QQQ,4,0.91009025,0.08990975
QQQ,4,1.00000000,0.00000000
QQQ,4,0.69030415,0.30969585
QQQ,4,0.99999967,0.00000033
QQQ,4,0.12417918,0.87582082
QQQ,4,0.99976771,0.00023229
QQQ,4,0.13519882,0.86480118
QQQ,4,0.99997697,0.00002303
QQQ,4,0.99999747,0.00000253
QQQ,4,0.22671944,0.77328056
QQQ,4,0.99999997,0.00000003
QQQ,4,0.99964420,0.00035580
QQQ,4,0.13201969,0.86798031
QQQ,4,0.26335657,0.73664343
QQQ,4,0.13642035,0.86357965
QQQ,4,1.00000000,0.00000000
QQQ,4,0.97926031,0.02073969
QQQ,4,0.52768271,0.47231729
QQQ,4,0.58861629,0.41138371
QQQ,4,1.00000000,0.00000000
QQQ,4,0.96966543,0.03033457
QQQ,4,0.99841400,0.00158600
QQQ,4,0.99999802,0.00000198
QQQ,4,0.90713763,0.09286237
QQQ,4,0.12549784,0.87450216
QQQ,4,1.00000000,0.00000000
QQQ,4,1.00000000,0.00000000
QQQ,4,0.12262363,0.87737637
QQQ,4,1.00000000,0.00000000
QQQ,4,0.18296717,0.81703283
QQQ,4,0.31406731,0.68593269
QQQ,4,0.12157630,0.87842370
QQQ,4,0.99999142,0.00000858
QQQ,4,1.00000000,0.00000000
QQQ,4,1.00000000,0.00000000
QQQ,4,0.29226828,0.70773172
QQQ,4,1.00000000,0.00000000
QQQ,4,0.15622224,0.84377776
QQQ,4,0.12480537,0.87519463
QQQ,4,0.99998615,0.00001385
QQQ,4,0.96435271,0.03564729
QQQ,4,0.39229260,0.60770740
QQQ,4,0.17986492,0.82013508
QQQ,4,0.95876030,0.04123970
QQQ,4,0.99964488,0.00035512
QQQ,4,0.12157821,0.87842179
QQQ,4,0.12700950,0.87299050
QQQ,4,0.62547762,0.37452238
QQQ,4,0.16436411,0.83563589
QQQ,4,0.99847528,0.00152472
QQQ,4,0.27647581,0.72352419
QQQ,4,0.60214636,0.39785364
QQQ,4,0.12491709,0.87508291
QQQ,4,0.99502223,0.00497777
QQQ,4,0.21580762,0.78419238
QQQ,4,0.99999990,0.00000010
QQQ,4,0.13132801,0.86867199
QQQ,4,0.12231700,0.87768300
QQQ,4,0.40265902,0.59734098
QQQ,4,0.96874859,0.03125141
QQQ,4,0.99980232,0.00019768
QQQ,4,0.16330559,0.83669441
QQQ,4,0.98394892,0.01605108
QQQ,4,0.99387079,0.00612921
QQQ,4,0.39970054,0.60029946
QQQ,4,0.99999955,0.00000045
QQQ,4,0.99944272,0.00055728
QQQ,4,0.98078316,0.01921684
QQQ,4,0.28616284,0.71383716
QQQ,4,0.12182741,0.87817259
QQQ,4,0.43778865,0.56221135
QQQ,4,0.99999999,0.00000001
QQQ,4,0.99019135,0.00980865
QQQ,4,0.74024872,0.25975128
QQQ,4,0.99985938,0.00014062
QQQ,4,0.35508925,0.64491075
QQQ,4,0.99630913,0.00369087
QQQ,4,0.12674738,0.87325262
QQQ,4,0.39934522,0.60065478
QQQ,4,1.00000000,0.00000000
QQQ,4,1.00000000,0.00000000
QQQ,4,0.99955050,0.00044950
QQQ,4,0.41028447,0.58971553
QQQ,4,0.99619779,0.00380221
QQQ,4,0.90145474,0.09854526
QQQ,4,0.99997501,0.00002499
QQQ,4,1.00000000,0.00000000
QQQ,4,0.12442838,0.87557162
QQQ,4,0.99999976,0.00000024
QQQ,4,0.12576474,0.87423526
QQQ,4,0.60821654,0.39178346
QQQ,4,0.98339418,0.01660582
QQQ,4,1.00000000,0.00000000
QQQ,4,0.69635920,0.30364080
QQQ,4,0.12165405,0.87834595
QQQ,4,0.99996343,0.00003657
QQQ,4,1.00000000,0.00000000
QQQ,4,0.77360884,0.22639116
QQQ,4,1.00000000,0.00000000
QQQ,4,0.78176833,0.21823167
QQQ,4,0.67841166,0.32158834
QQQ,4,1.00000000,0.00000000
QQQ,4,0.99057604,0.00942396
QQQ,4,0.99997531,0.00002469
QQQ,4,0.99999977,0.00000023
QQQ,4,0.75712605,0.24287395
QQQ,4,1.00000000,0.00000000
QQQ,4,1.00000000,0.00000000
QQQ,4,0.19287778,0.80712222
QQQ,4,1.00000000,0.00000000
QQQ,4,0.62262564,0.37737436
QQQ,4,0.28542542,0.71457458
QQQ,4,0.86980693,0.13019307
QQQ,4,0.82776610,0.17223390
QQQ,4,0.67760911,0.32239089
QQQ,4,0.99961938,0.00038062
QQQ,4,0.69632469,0.30367531
QQQ,4,0.99950972,0.00049028
QQQ,4,0.91963349,0.08036651
QQQ,4,0.59514179,0.40485821
QQQ,4,0.58049711,0.41950289
QQQ,4,0.98874142,0.01125858
QQQ,4,0.44714260,0.55285740
QQQ,4,0.15538512,0.84461488
QQQ,4,0.42692990,0.57307010
QQQ,4,0.14174972,0.85825028
QQQ,4,0.99965845,0.00034155
QQQ,4,0.46194387,0.53805613
QQQ,4,0.14288898,0.85711102
QQQ,4,1.00000000,0.00000000
QQQ,4,0.12239789,0.87760211
QQQ,4,0.99958199,0.00041801
QQQ,4,0.73872705,0.26127295
QQQ,4,0.48114714,0.51885286
QQQ,4,0.99999999,0.00000001
QQQ,4,0.99939178,0.00060822
QQQ,4,0.12317735,0.87682265
QQQ,4,0.86916032,0.13083968
QQQ,4,0.13002083,0.86997917
QQQ,4,0.99981071,0.00018929
QQQ,4,0.13709135,0.86290865
QQQ,4,0.88079450,0.11920550
QQQ,4,0.85941152,0.14058848
QQQ,4,0.90957926,0.09042074
QQQ,4,0.16411666,0.83588334
QQQ,4,0.94054049,0.05945951
QQQ,4,0.99999959,0.00000041
QQQ,4,0.12954807,0.87045193
QQQ,4,0.35438224,0.64561776
QQQ,4,0.14709794,0.85290206
QQQ,4,0.62036540,0.37963460
QQQ,4,0.29824421,0.70175579
QQQ,4,0.12181839,0.87818161
QQQ,4,0.12819640,0.87180360
QQQ,4,0.13038082,0.86961918
QQQ,4,0.15089100,0.84910900
QQQ,4,0.26445013,0.73554987
QQQ,4,0.96333034,0.03666966
QQQ,4,0.12709525,0.87290475
QQQ,4,0.14018407,0.85981593
QQQ,4,0.99998119,0.00001881
QQQ,4,0.99986744,0.00013256
QQQ,4,0.13072003,0.86927997
QQQ,4,0.99797023,0.00202977
QQQ,4,0.18625267,0.81374733
QQQ,4,0.99999998,0.00000002
QQQ,4,0.15076919,0.84923081
QQQ,4,0.37714462,0.62285538
QQQ,4,0.63692943,0.36307057
QQQ,4,0.99740368,0.00259632
QQQ,4,0.65498228,0.34501772
QQQ,4,0.74787178,0.25212822
QQQ,4,0.84342757,0.15657243
QQQ,4,0.28148188,0.71851812
QQQ,4,0.14960690,0.85039310
QQQ,4,0.29067986,0.70932014
QQQ,4,0.62370548,0.37629452
QQQ,4,0.13147314,0.86852686
QQQ,4,0.12475745,0.87524255
QQQ,4,0.97096697,0.02903303
QQQ,4,0.57764740,0.42235260
QQQ,4,0.29386432,0.70613568
QQQ,4,0.33709758,0.66290242
QQQ,4,0.14738124,0.85261876
QQQ,4,0.99981999,0.00018001
QQQ,4,0.12232580,0.87767420
QQQ,4,0.22303313,0.77696687
QQQ,4,0.50199459,0.49800541
QQQ,4,0.22670223,0.77329777
QQQ,4,0.99655297,0.00344703
QQQ,4,0.17985573,0.82014427
QQQ,4,0.99996909,0.00003091
QQQ,4,0.20910647,0.79089353
QQQ,4,0.99979335,0.00020665
QQQ,4,0.78208812,0.21791188
QQQ,4,0.19959785,0.80040215
QQQ,4,0.99999669,0.00000331
QQQ,4,0.13063430,0.86936570
QQQ,4,0.93486602,0.06513398
QQQ,4,0.35129751,0.64870249
QQQ,4,0.99860744,0.00139256
QQQ,4,0.18156128,0.81843872
QQQ,4,0.98480917,0.01519083
QQQ,4,0.14296884,0.85703116
QQQ,4,0.99970074,0.00029926
QQQ,4,0.17495657,0.82504343
QQQ,4,0.18060840,0.81939160
QQQ,4,1.00000000,0.00000000
QQQ,4,0.89606907,0.10393093
QQQ,4,0.70225632,0.29774368
QQQ,4,0.99615790,0.00384210
QQQ,4,0.96205964,0.03794036
QQQ,4,0.99990918,0.00009082
QQQ,4,0.13090810,0.86909190
QQQ,4,0.98368064,0.01631936
QQQ,4,0.16348791,0.83651209
QQQ,4,0.34692615,0.65307385
QQQ,4,0.16987355,0.83012645
QQQ,4,0.12731881,0.87268119
QQQ,4,1.00000000,0.00000000
QQQ,4,0.28431460,0.71568540
QQQ,4,0.47247503,0.52752497
QQQ,4,0.14051142,0.85948858
QQQ,4,0.70899123,0.29100877
QQQ,4,0.99973682,0.00026318
QQQ,4,1.00000000,0.00000000
QQQ,4,0.12233905,0.87766095
QQQ,4,0.12219075,0.87780925
QQQ,4,0.39775320,0.60224680
QQQ,4,1.00000000,0.00000000
QQQ,4,0.71794840,0.28205160
QQQ,4,0.13579670,0.86420330
QQQ,4,0.88173718,0.11826282
QQQ,4,0.15243985,0.84756015
QQQ,4,0.72203760,0.27796240
QQQ,4,0.99930222,0.00069778
QQQ,4,0.45518364,0.54481636
QQQ,4,0.99999956,0.00000044
QQQ,4,0.71441655,0.28558345
QQQ,4,0.22406292,0.77593708
QQQ,4,0.99905930,0.00094070
QQQ,4,0.18864696,0.81135304
QQQ,4,0.98899979,0.01100021
QQQ,4,0.99923841,0.00076159
QQQ,4,0.12604823,0.87395177
QQQ,4,0.16430059,0.83569941
QQQ,4,0.12166591,0.87833409
QQQ,4,0.15150318,0.84849682
QQQ,4,0.99201312,0.00798688
QQQ,4,0.18214262,0.81785738
QQQ,4,0.12365967,0.87634033
QQQ,4,0.12419922,0.87580078
QQQ,4,0.90815965,0.09184035
QQQ,4,0.99991937,0.00008063
QQQ,4,0.12209005,0.87790995
QQQ,4,0.30724484,0.69275516
QQQ,4,0.79773205,0.20226795
QQQ,4,0.12179646,0.87820354
QQQ,4,0.99210917,0.00789083
QQQ,4,0.92618173,0.07381827
QQQ,4,0.15675526,0.84324474
QQQ,4,0.39314460,0.60685540
QQQ,4,0.99990518,0.00009482
QQQ,4,0.99999192,0.00000808
QQQ,4,0.14434459,0.85565541
QQQ,4,0.80312634,0.19687366
QQQ,4,0.45309550,0.54690450
QQQ,4,0.12936047,0.87063953
QQQ,4,0.15355040,0.84644960
QQQ,4,0.99980415,0.00019585
QQQ,4,0.14892095,0.85107905
QQQ,4,0.34319241,0.65680759
QQQ,4,0.23199749,0.76800251
QQQ,4,0.40216088,0.59783912
QQQ,4,0.99976253,0.00023747
QQQ,4,0.30471401,0.69528599
QQQ,4,0.13871112,0.86128888
QQQ,4,0.17963017,0.82036983
QQQ,4,0.16819178,0.83180822
QQQ,4,0.17571610,0.82428390
QQQ,4,0.99040142,0.00959858
QQQ,4,0.92762750,0.07237250
QQQ,4,0.98800417,0.01199583
QQQ,4,0.15273457,0.84726543
QQQ,4,0.17761975,0.82238025
QQQ,4,0.15331040,0.84668960
QQQ,4,0.17756669,0.82243331
QQQ,4,0.14566394,0.85433606
QQQ,4,0.25514734,0.74485266
QQQ,4,0.68661273,0.31338727
QQQ,4,0.15965489,0.84034511
QQQ,4,0.99882468,0.00117532
QQQ,4,0.54629823,0.45370177
QQQ,4,0.89864144,0.10135856
QQQ,4,0.97609636,0.02390364
QQQ,4,0.76806795,0.23193205
QQQ,4,0.25767995,0.74232005
QQQ,4,0.12279349,0.87720651
QQQ,4,0.14657781,0.85342219
QQQ,4,0.88547326,0.11452674
QQQ,4,0.14674536,0.85325464
QQQ,4,0.13989249,0.86010751
QQQ,4,0.18151975,0.81848025
QQQ,4,0.97973393,0.02026607
QQQ,4,0.48694257,0.51305743
QQQ,4,0.18409881,0.81590119
QQQ,4,0.85001351,0.14998649
QQQ,4,0.81674636,0.18325364
QQQ,4,0.25344088,0.74655912
QQQ,4,0.14940139,0.85059861
QQQ,4,0.41249880,0.58750120
QQQ,4,0.12209137,0.87790863
QQQ,4,0.94225278,0.05774722
QQQ,4,0.97980808,0.02019192
QQQ,4,0.19828156,0.80171844
QQQ,4,0.99998995,0.00001005
QQQ,4,0.12452677,0.87547323
QQQ,4,0.99670322,0.00329678
QQQ,4,0.12358118,0.87641882
QQQ,4,0.24328010,0.75671990
QQQ,4,0.47178976,0.52821024
QQQ,4,0.99999944,0.00000056
QQQ,4,0.99915826,0.00084174
QQQ,4,0.22619187,0.77380813
QQQ,4,0.16088220,0.83911780
QQQ,4,0.12967276,0.87032724
QQQ,4,0.86725969,0.13274031
QQQ,4,0.12373695,0.87626305
QQQ,4,0.25153128,0.74846872
QQQ,4,0.80774251,0.19225749
QQQ,4,0.16248039,0.83751961
QQQ,4,0.16711156,0.83288844
QQQ,4,0.13995709,0.86004291
QQQ,4,0.12223064,0.87776936
QQQ,4,0.99283820,0.00716180
QQQ,4,0.77322792,0.22677208
QQQ,4,0.18265128,0.81734872
QQQ,4,0.96055276,0.03944724
QQQ,4,0.15485062,0.84514938
QQQ,4,0.17298787,0.82701213
QQQ,4,0.23268754,0.76731246
QQQ,4,0.50821082,0.49178918
QQQ,4,0.99985336,0.00014664
QQQ,4,0.12816421,0.87183579
QQQ,4,0.18639686,0.81360314
QQQ,4,0.24115071,0.75884929
QQQ,4,0.21268301,0.78731699
QQQ,4,0.99185067,0.00814933
QQQ,4,0.14210786,0.85789214
QQQ,4,0.85397577,0.14602423
QQQ,4,0.28935228,0.71064772
QQQ,4,0.15945309,0.84054691
QQQ,4,0.99943941,0.00056059
QQQ,4,0.12479218,0.87520782
QQQ,4,0.42085392,0.57914608
QQQ,4,0.12528774,0.87471226
QQQ,4,0.84838809,0.15161191
QQQ,4,0.49845601,0.50154399
QQQ,4,0.43813295,0.56186705
QQQ,4,0.13399426,0.86600574
QQQ,4,0.99986628,0.00013372
QQQ,4,0.12165553,0.87834447
QQQ,4,0.41667809,0.58332191
QQQ,4,0.13561759,0.86438241
QQQ,4,0.98385364,0.01614636
QQQ,4,0.89207298,0.10792702
QQQ,4,0.93479337,0.06520663
QQQ,4,0.24689204,0.75310796
QQQ,4,1.00000000,0.00000000
QQQ,4,0.62087834,0.37912166
QQQ,4,0.99968548,0.00031452
QQQ,4,0.99637527,0.00362473
QQQ,4,0.99999989,0.00000011
QQQ,4,0.22366364,0.77633636
QQQ,4,0.13627786,0.86372214
QQQ,4,0.12961444,0.87038556
QQQ,4,0.62630822,0.37369178
QQQ,4,0.92589396,0.07410604
QQQ,4,0.12164273,0.87835727
QQQ,4,0.46429655,0.53570345
QQQ,4,0.77320691,0.22679309
QQQ,4,0.13773640,0.86226360
QQQ,4,0.90290507,0.09709493
QQQ,4,0.14888438,0.85111562
QQQ,4,0.42197794,0.57802206
QQQ,4,0.99557128,0.00442872
QQQ,4,0.19497868,0.80502132
QQQ,4,0.17742830,0.82257170
QQQ,4,0.84844259,0.15155741
QQQ,4,0.62340850,0.37659150
QQQ,4,0.13086588,0.86913412
QQQ,4,0.94412496,0.05587504
QQQ,4,0.23886550,0.76113450
QQQ,4,0.15437427,0.84562573
QQQ,4,0.12467156,0.87532844
QQQ,4,0.98131537,0.01868463
QQQ,4,0.43559980,0.56440020
QQQ,4,0.99999986,0.00000014
QQQ,4,0.99038967,0.00961033
QQQ,4,0.92362221,0.07637779
QQQ,4,0.35095265,0.64904735
QQQ,4,0.98888307,0.01111693
QQQ,4,0.12386418,0.87613582
QQQ,4,0.90621482,0.09378518
QQQ,4,0.12658341,0.87341659
QQQ,4,0.99997561,0.00002439
QQQ,4,0.99846447,0.00153553
QQQ,4,0.92111784,0.07888216
QQQ,4,0.99999999,0.00000001
QQQ,4,0.98015191,0.01984809
QQQ,4,0.90035505,0.09964495
QQQ,4,0.98421725,0.01578275
QQQ,4,0.98496614,0.01503386
QQQ,4,0.12157337,0.87842663
QQQ,4,0.96960224,0.03039776
QQQ,4,0.25401645,0.74598355
QQQ,4,0.49120208,0.50879792
QQQ,4,0.99301631,0.00698369
QQQ,4,0.96955991,0.03044009
QQQ,4,0.91164776,0.08835224
QQQ,4,0.99995425,0.00004575
QQQ,4,0.99998133,0.00001867
QQQ,4,0.99999996,0.00000004
QQQ,4,0.39707154,0.60292846
QQQ,4,0.99998140,0.00001860
QQQ,4,0.71652982,0.28347018
QQQ,4,0.34693329,0.65306671
QQQ,4,0.99996352,0.00003648
QQQ,4,0.77669875,0.22330125
QQQ,4,0.99910954,0.00089046
QQQ,4,0.99982942,0.00017058
QQQ,4,0.27535633,0.72464367
QQQ,4,0.99246574,0.00753426
QQQ,4,0.15534642,0.84465358
QQQ,4,0.13369147,0.86630853
QQQ,4,0.98890648,0.01109352
QQQ,4,0.99999998,0.00000002
QQQ,4,0.66051388,0.33948612
QQQ,4,0.20032207,0.79967793
QQQ,4,0.84597573,0.15402427
QQQ,4,0.12380770,0.87619230
QQQ,4,0.71490295,0.28509705
QQQ,4,0.41075670,0.58924330
QQQ,4,0.99630618,0.00369382
QQQ,4,0.12604123,0.87395877
QQQ,4,0.99522920,0.00477080
QQQ,4,0.99851262,0.00148738
QQQ,4,0.17871197,0.82128803
QQQ,4,0.29215594,0.70784406
QQQ,4,0.99687034,0.00312966
QQQ,4,0.12243408,0.87756592
QQQ,4,0.86407934,0.13592066
QQQ,4,0.91549757,0.08450243
QQQ,4,0.19927057,0.80072943
QQQ,4,0.84605529,0.15394471
QQQ,4,0.14687250,0.85312750
QQQ,4,0.86813230,0.13186770
QQQ,4,0.14660622,0.85339378
QQQ,4,0.32932068,0.67067932
QQQ,4,0.67528747,0.32471253
QQQ,4,0.26563901,0.73436099
QQQ,4,0.44105431,0.55894569
QQQ,4,0.12466461,0.87533539
QQQ,4,0.96562016,0.03437984
QQQ,4,0.12269264,0.87730736
QQQ,4,0.99682941,0.00317059
QQQ,4,0.20277749,0.79722251
QQQ,4,0.24651040,0.75348960
QQQ,4,0.92693251,0.07306749
QQQ,4,0.99999983,0.00000017
QQQ,4,0.97291891,0.02708109
QQQ,4,0.75813420,0.24186580
QQQ,4,0.61684617,0.38315383
QQQ,4,0.22592834,0.77407166
QQQ,4,0.12157349,0.87842651
QQQ,4,0.16060428,0.83939572
QQQ,4,0.99998451,0.00001549
QQQ,4,0.99999951,0.00000049
QQQ,4,0.39396880,0.60603120
QQQ,4,0.99999391,0.00000609
QQQ,4,0.93661001,0.06338999
QQQ,4,0.98676281,0.01323719
QQQ,4,0.23419119,0.76580881
QQQ,4,0.65436638,0.34563362
QQQ,4,0.13250875,0.86749125
QQQ,4,0.53976193,0.46023807
QQQ,4,0.77669986,0.22330014
QQQ,4,0.83713738,0.16286262
QQQ,4,0.13521923,0.86478077
QQQ,4,0.70362201,0.29637799
QQQ,4,0.80626222,0.19373778
QQQ,4,0.12157828,0.87842172
QQQ,4,0.92895689,0.07104311
QQQ,4,0.88633935,0.11366065
QQQ,4,0.20358309,0.79641691
QQQ,4,0.36219578,0.63780422
QQQ,4,0.98679367,0.01320633
QQQ,4,0.53140164,0.46859836
QQQ,4,0.98253610,0.01746390
QQQ,4,0.66315145,0.33684855
QQQ,4,0.22001856,0.77998144
QQQ,4,0.99137822,0.00862178
QQQ,4,0.34228415,0.65771585
QQQ,4,0.23671949,0.76328051
QQQ,4,0.32437091,0.67562909
QQQ,4,0.99900135,0.00099865
QQQ,4,0.99701818,0.00298182
QQQ,4,0.12819069,0.87180931
QQQ,4,0.22981469,0.77018531
QQQ,4,0.97951576,0.02048424
QQQ,4,0.94879534,0.05120466
QQQ,4,0.14824537,0.85175463
QQQ,4,0.20449328,0.79550672
QQQ,4,0.94146190,0.05853810
QQQ,4,0.73421698,0.26578302
QQQ,4,0.38215883,0.61784117
QQQ,4,0.16407629,0.83592371
QQQ,4,0.99998407,0.00001593
QQQ,4,0.23966031,0.76033969
QQQ,4,0.12814917,0.87185083
QQQ,4,0.14201808,0.85798192
QQQ,4,0.97094901,0.02905099
QQQ,4,0.95459053,0.04540947
QQQ,4,0.12892296,0.87107704
QQQ,4,0.56022992,0.43977008
QQQ,4,0.27150759,0.72849241
QQQ,4,0.17470553,0.82529447
QQQ,4,0.26917101,0.73082899
QQQ,4,0.22335078,0.77664922
QQQ,4,0.12609132,0.87390868
QQQ,4,0.48731370,0.51268630
QQQ,4,0.17632876,0.82367124
QQQ,4,0.23306984,0.76693016
QQQ,4,0.99885453,0.00114547
QQQ,4,0.24686921,0.75313079
QQQ,4,0.87796495,0.12203505
QQQ,4,0.31711496,0.68288504
QQQ,4,0.85362244,0.14637756
QQQ,4,0.94521035,0.05478965
QQQ,4,0.34245930,0.65754070
QQQ,4,0.13111805,0.86888195
QQQ,4,0.14252892,0.85747108
QQQ,4,0.23684096,0.76315904
QQQ,4,0.22664594,0.77335406
QQQ,4,0.99987144,0.00012856
QQQ,4,0.29607194,0.70392806
QQQ,4,0.15233403,0.84766597
QQQ,4,0.63134637,0.36865363
QQQ,4,0.87061618,0.12938382
QQQ,4,0.24129860,0.75870140
QQQ,4,0.17006449,0.82993551
QQQ,4,0.30549185,0.69450815
QQQ,4,0.73946994,0.26053006
QQQ,4,0.13509684,0.86490316
QQQ,4,0.12209558,0.87790442
QQQ,4,0.24862364,0.75137636
QQQ,4,0.13944446,0.86055554
QQQ,4,0.13409999,0.86590001
QQQ,4,0.38779645,0.61220355
QQQ,4,0.16300654,0.83699346
QQQ,4,0.13795003,0.86204997
QQQ,4,0.26427063,0.73572937
QQQ,4,0.13388490,0.86611510
QQQ,4,0.68363226,0.31636774
QQQ,4,0.97228292,0.02771708
QQQ,4,0.13095601,0.86904399
QQQ,4,0.12548443,0.87451557
QQQ,4,0.15964500,0.84035500
QQQ,4,0.39430968,0.60569032
QQQ,4,0.12170489,0.87829511
QQQ,4,0.71531351,0.28468649
QQQ,4,0.60383299,0.39616701
QQQ,4,0.34783857,0.65216143
QQQ,4,0.48853887,0.51146113
QQQ,4,0.14701302,0.85298698
QQQ,4,0.12229065,0.87770935
QQQ,4,0.12625924,0.87374076
QQQ,4,0.12340148,0.87659852
QQQ,4,0.64861568,0.35138432
QQQ,4,0.19174909,0.80825091
QQQ,4,0.37336386,0.62663614
QQQ,4,0.99999972,0.00000028
QQQ,4,0.15980955,0.84019045
QQQ,4,0.99518461,0.00481539
QQQ,4,0.33361353,0.66638647
QQQ,4,0.14304245,0.85695755
QQQ,4,0.13299291,0.86700709
QQQ,4,0.28411289,0.71588711
QQQ,4,0.99939240,0.00060760
QQQ,4,0.23986147,0.76013853
QQQ,4,0.13504621,0.86495379
QQQ,4,0.15046209,0.84953791
QQQ,4,0.21623871,0.78376129
QQQ,4,0.98173833,0.01826167
QQQ,4,0.13988323,0.86011677
QQQ,4,0.98590174,0.01409826
QQQ,4,0.14710438,0.85289562
QQQ,4,0.30445378,0.69554622
QQQ,4,0.12269164,0.87730836
QQQ,4,0.12293982,0.87706018
QQQ,4,0.73532122,0.26467878
QQQ,4,0.20361887,0.79638113
QQQ,4,0.20201899,0.79798101
QQQ,4,0.53830714,0.46169286
QQQ,4,0.19699284,0.80300716
QQQ,4,0.12200904,0.87799096
QQQ,4,0.71899151,0.28100849
QQQ,4,0.13803894,0.86196106
QQQ,4,0.55216504,0.44783496
QQQ,4,0.17455992,0.82544008
QQQ,4,0.13089541,0.86910459
QQQ,4,0.50305621,0.49694379
QQQ,4,0.46216488,0.53783512
QQQ,4,0.18013608,0.81986392
QQQ,4,0.17750765,0.82249235
QQQ,4,0.17286102,0.82713898
QQQ,4,0.62296923,0.37703077
QQQ,4,0.12169605,0.87830395
QQQ,4,0.27579473,0.72420527
QQQ,4,0.19584193,0.80415807
QQQ,4,0.46932347,0.53067653
QQQ,4,0.62349227,0.37650773
QQQ,4,0.33307431,0.66692569
QQQ,4,0.13488823,0.86511177
QQQ,4,0.12294090,0.87705910
QQQ,4,0.21247034,0.78752966
QQQ,4,0.15388886,0.84611114
QQQ,4,0.99322566,0.00677434
QQQ,4,0.12180323,0.87819677
QQQ,4,0.13346562,0.86653438
QQQ,4,0.27802620,0.72197380
QQQ,4,0.12199307,0.87800693
QQQ,4,0.99274455,0.00725545
QQQ,4,0.13883308,0.86116692
QQQ,4,0.14416427,0.85583573
QQQ,4,0.40592667,0.59407333
QQQ,4,0.14154096,0.85845904
QQQ,4,0.19002449,0.80997551
QQQ,4,0.49868357,0.50131643
QQQ,4,0.17285267,0.82714733
QQQ,4,0.33441139,0.66558861
QQQ,4,0.27568852,0.72431148
QQQ,4,0.27724678,0.72275322
QQQ,4,0.21545652,0.78454348
QQQ,4,0.13872608,0.86127392
QQQ,4,0.64989690,0.35010310
QQQ,4,0.93810963,0.06189037
QQQ,4,0.12722666,0.87277334
QQQ,4,0.14459946,0.85540054
QQQ,4,0.35269847,0.64730153
QQQ,4,0.12360728,0.87639272
QQQ,4,0.37263222,0.62736778
QQQ,4,0.17521085,0.82478915
QQQ,4,0.15012715,0.84987285
QQQ,4,0.68512228,0.31487772
QQQ,4,0.23503124,0.76496876
QQQ,4,0.13237525,0.86762475
QQQ,4,0.26290518,0.73709482
QQQ,4,0.60986487,0.39013513
QQQ,4,0.20914176,0.79085824
QQQ,4,0.99958273,0.00041727
QQQ,4,0.29751412,0.70248588
QQQ,4,0.12158154,0.87841846
QQQ,4,0.43795713,0.56204287
QQQ,4,0.15131468,0.84868532
QQQ,4,0.22019265,0.77980735
QQQ,4,0.12385757,0.87614243
QQQ,4,0.12521001,0.87478999
QQQ,4,0.96034962,0.03965038
QQQ,4,0.12268488,0.87731512
QQQ,4,0.29179918,0.70820082
QQQ,4,0.27773030,0.72226970
QQQ,4,0.16813534,0.83186466
QQQ,4,0.24150506,0.75849494
QQQ,4,0.51901765,0.48098235
QQQ,4,0.12905870,0.87094130
QQQ,4,0.14932937,0.85067063
QQQ,4,0.15692652,0.84307348
QQQ,4,0.21939594,0.78060406
QQQ,4,0.20113162,0.79886838
QQQ,4,0.12173524,0.87826476
QQQ,4,0.99907116,0.00092884
QQQ,4,0.12711222,0.87288778
QQQ,4,0.12384423,0.87615577
QQQ,4,0.16820168,0.83179832
QQQ,4,0.19886931,0.80113069
QQQ,4,0.33133847,0.66866153
QQQ,4,0.12306857,0.87693143
QQQ,4,0.12347266,0.87652734
QQQ,4,0.17781086,0.82218914
QQQ,4,0.84423388,0.15576612
QQQ,4,0.29611483,0.70388517
QQQ,4,0.12168564,0.87831436
QQQ,4,0.22447957,0.77552043
QQQ,4,0.13878333,0.86121667
QQQ,4,0.12482014,0.87517986
QQQ,4,0.12204651,0.87795349
QQQ,4,0.16491177,0.83508823
QQQ,4,0.18114288,0.81885712
QQQ,4,0.19120438,0.80879562
QQQ,4,0.33137380,0.66862620
QQQ,4,0.12197516,0.87802484
QQQ,4,0.19143005,0.80856995
QQQ,4,0.14166943,0.85833057
QQQ,4,0.37801328,0.62198672
QQQ,4,0.21454164,0.78545836
QQQ,4,0.77378352,0.22621648
QQQ,4,0.18137703,0.81862297
QQQ,4,0.13532634,0.86467366
QQQ,4,0.18312392,0.81687608
QQQ,4,0.86260914,0.13739086
QQQ,4,0.12636559,0.87363441
QQQ,4,0.35619629,0.64380371
QQQ,4,0.13533533,0.86466467
QQQ,4,0.48447181,0.51552819
QQQ,4,0.37186098,0.62813902
QQQ,4,0.99747008,0.00252992
QQQ,4,0.31016070,0.68983930
QQQ,4,0.17450291,0.82549709
QQQ,4,0.34187613,0.65812387
QQQ,4,0.64294240,0.35705760
QQQ,4,0.63698769,0.36301231
QQQ,4,0.13006501,0.86993499
QQQ,4,0.92144768,0.07855232
QQQ,4,0.17986843,0.82013157
QQQ,4,0.16360677,0.83639323
QQQ,4,0.13846492,0.86153508
QQQ,4,0.16071325,0.83928675
QQQ,4,0.18356947,0.81643053
QQQ,4,0.15674874,0.84325126
QQQ,4,0.12854520,0.87145480
QQQ,4,0.12936191,0.87063809
QQQ,4,0.16336199,0.83663801
QQQ,4,0.75609627,0.24390373
QQQ,4,0.21649043,0.78350957
QQQ,4,0.14123388,0.85876612
QQQ,4,0.48899746,0.51100254
QQQ,4,0.24301835,0.75698165
QQQ,4,0.12173624,0.87826376
QQQ,4,0.12169260,0.87830740
QQQ,4,0.97960372,0.02039628
QQQ,4,0.12186646,0.87813354
QQQ,4,0.12874285,0.87125715
QQQ,4,0.13949240,0.86050760
QQQ,4,0.36955118,0.63044882
QQQ,4,0.14448346,0.85551654
QQQ,4,0.18083881,0.81916119
QQQ,4,0.12749031,0.87250969
QQQ,4,0.16443063,0.83556937
QQQ,4,0.24944666,0.75055334
QQQ,4,0.13507496,0.86492504
QQQ,4,0.56263361,0.43736639
QQQ,4,0.12163306,0.87836694
QQQ,4,0.53931578,0.46068422
QQQ,4,0.21616374,0.78383626
QQQ,4,0.79494278,0.20505722
QQQ,4,0.15878136,0.84121864
QQQ,4,0.20046952,0.79953048
QQQ,4,0.18847373,0.81152627
QQQ,4,0.89216803,0.10783197
QQQ,4,0.12382762,0.87617238
QQQ,4,0.14330000,0.85670000
QQQ,4,0.12360665,0.87639335
QQQ,4,0.32121716,0.67878284
QQQ,4,0.13456826,0.86543174
QQQ,4,0.23878839,0.76121161
QQQ,4,0.19171856,0.80828144
QQQ,4,0.38478113,0.61521887
QQQ,4,0.13601170,0.86398830
QQQ,4,0.73516628,0.26483372
QQQ,4,0.12532443,0.87467557
QQQ,4,0.56433870,0.43566130
QQQ,4,0.12179694,0.87820306
QQQ,4,0.24036036,0.75963964
QQQ,4,0.12291931,0.87708069
QQQ,4,0.12260796,0.87739204
QQQ,4,0.46694860,0.53305140
QQQ,4,0.12333128,0.87666872
QQQ,4,0.13037983,0.86962017
QQQ,4,0.16257253,0.83742747
QQQ,4,0.12592145,0.87407855
QQQ,4,0.12203677,0.87796323
QQQ,4,0.37658266,0.62341734
QQQ,4,0.13237350,0.86762650
QQQ,4,0.12344991,0.87655009
QQQ,4,0.12528939,0.87471061
QQQ,4,0.53497146,0.46502854
QQQ,4,0.16043086,0.83956914
QQQ,4,0.19794696,0.80205304
QQQ,4,0.17708285,0.82291715
QQQ,4,0.14002630,0.85997370
QQQ,4,0.35526095,0.64473905
QQQ,4,0.18001706,0.81998294
QQQ,4,0.12914430,0.87085570
QQQ,4,0.12537958,0.87462042
QQQ,4,0.19987996,0.80012004
QQQ,4,0.12157750,0.87842250
QQQ,4,0.12959504,0.87040496
QQQ,4,0.14497999,0.85502001
QQQ,4,0.13197233,0.86802767
QQQ,4,0.30522454,0.69477546
QQQ,4,0.64072112,0.35927888
QQQ,4,0.43430245,0.56569755
QQQ,4,0.12378887,0.87621113
QQQ,4,0.13948533,0.86051467
QQQ,4,0.12759182,0.87240818
QQQ,4,0.12289557,0.87710443
QQQ,4,0.38246077,0.61753923
QQQ,4,0.12615264,0.87384736
QQQ,4,0.41654602,0.58345398
QQQ,4,0.12182606,0.87817394
QQQ,4,0.12492068,0.87507932
QQQ,4,0.21218268,0.78781732
QQQ,4,0.16732391,0.83267609
QQQ,4,0.16485746,0.83514254
QQQ,4,0.25010859,0.74989141
QQQ,4,0.12786834,0.87213166
QQQ,4,0.30840834,0.69159166
QQQ,4,0.13038963,0.86961037
QQQ,4,0.23125382,0.76874618
QQQ,4,0.12874192,0.87125808
QQQ,4,0.13826551,0.86173449
QQQ,4,0.12524146,0.87475854
QQQ,4,0.12500518,0.87499482
QQQ,4,0.25931814,0.74068186
QQQ,4,0.21030918,0.78969082
QQQ,4,0.14066484,0.85933516
QQQ,4,0.17149385,0.82850615
QQQ,4,0.12825836,0.87174164
QQQ,4,0.74432932,0.25567068
QQQ,4,0.13382917,0.86617083
QQQ,4,0.30398045,0.69601955
QQQ,4,0.19967422,0.80032578
QQQ,4,0.39241120,0.60758880
QQQ,4,0.40915809,0.59084191
QQQ,4,0.12261692,0.87738308
QQQ,4,0.32311171,0.67688829
QQQ,4,0.12967887,0.87032113
QQQ,4,0.37578865,0.62421135
QQQ,4,0.27639240,0.72360760
QQQ,4,0.18707672,0.81292328
QQQ,4,0.19321820,0.80678180
QQQ,4,0.86008078,0.13991922
QQQ,4,0.12314967,0.87685033
QQQ,4,0.40871116,0.59128884
QQQ,4,0.13422810,0.86577190
QQQ,4,0.12202946,0.87797054
QQQ,4,0.17902794,0.82097206
QQQ,4,0.85327569,0.14672431
QQQ,4,0.21613536,0.78386464
QQQ,4,0.20624477,0.79375523
QQQ,4,0.12207033,0.87792967
QQQ,4,0.12164216,0.87835784
QQQ,4,0.14427928,0.85572072
QQQ,4,0.29837655,0.70162345
QQQ,4,0.13296652,0.86703348
QQQ,4,0.46549959,0.53450041
QQQ,4,0.12568670,0.87431330
QQQ,4,0.21380724,0.78619276
QQQ,4,0.71845586,0.28154414
QQQ,4,0.16066768,0.83933232
QQQ,4,0.80796338,0.19203662
QQQ,4,0.18300936,0.81699064
QQQ,4,0.14144773,0.85855227
QQQ,4,0.12290007,0.87709993
QQQ,4,0.47050156,0.52949844
QQQ,4,0.39001184,0.60998816
QQQ,4,0.86384820,0.13615180
QQQ,4,0.15312938,0.84687062
QQQ,4,0.12801222,0.87198778
QQQ,4,0.16534984,0.83465016
QQQ,4,0.15293056,0.84706944
QQQ,4,0.16623350,0.83376650
QQQ,4,0.18079854,0.81920146
QQQ,4,0.28381015,0.71618985
QQQ,4,0.12457081,0.87542919
QQQ,4,0.14817490,0.85182510
QQQ,4,0.15926214,0.84073786
QQQ,4,0.19536271,0.80463729
QQQ,4,0.16355210,0.83644790
QQQ,4,0.12247241,0.87752759
QQQ,4,0.13536006,0.86463994
QQQ,4,0.13759961,0.86240039
QQQ,4,0.15698055,0.84301945
QQQ,4,0.56679994,0.43320006
QQQ,4,0.16290989,0.83709011
QQQ,4,0.16096489,0.83903511
QQQ,4,0.13416998,0.86583002
QQQ,4,0.12181394,0.87818606
QQQ,4,0.12384167,0.87615833
QQQ,4,0.23815848,0.76184152
QQQ,4,0.13698210,0.86301790
QQQ,4,0.72058646,0.27941354
QQQ,4,0.12627414,0.87372586
QQQ,4,0.25762729,0.74237271
QQQ,4,0.15057915,0.84942085
QQQ,4,0.29580904,0.70419096
QQQ,4,0.23636422,0.76363578
QQQ,4,0.12296948,0.87703052
QQQ,4,0.17626063,0.82373937
QQQ,4,0.12200553,0.87799447
QQQ,4,0.16732581,0.83267419
QQQ,4,0.28671120,0.71328880
QQQ,4,0.24045175,0.75954825
QQQ,4,0.12180693,0.87819307
QQQ,4,0.16555599,0.83444401
QQQ,4,0.16029982,0.83970018
QQQ,4,0.18139345,0.81860655
QQQ,4,0.19407369,0.80592631
QQQ,4,0.43578112,0.56421888
QQQ,4,0.14811835,0.85188165
QQQ,4,0.69426468,0.30573532
QQQ,4,0.12157839,0.87842161
QQQ,4,0.23585391,0.76414609
QQQ,4,0.12171280,0.87828720
QQQ,4,0.13530777,0.86469223
QQQ,4,0.12332791,0.87667209
QQQ,4,0.20128782,0.79871218
QQQ,4,0.13175432,0.86824568
QQQ,4,0.23676971,0.76323029
QQQ,4,0.12688691,0.87311309
QQQ,4,0.70663332,0.29336668
QQQ,4,0.91780226,0.08219774
QQQ,4,0.25426983,0.74573017
QQQ,4,0.51509511,0.48490489
QQQ,4,0.13773026,0.86226974
QQQ,4,0.24606451,0.75393549
QQQ,4,0.13102604,0.86897396
QQQ,4,0.22698158,0.77301842
QQQ,4,0.13016119,0.86983881
QQQ,4,0.12603326,0.87396674
QQQ,4,0.58621696,0.41378304
QQQ,4,0.12185671,0.87814329
QQQ,4,0.53717729,0.46282271
QQQ,4,0.90481304,0.09518696
QQQ,4,0.12157810,0.87842190
QQQ,4,0.21152709,0.78847291
QQQ,4,0.16959195,0.83040805
QQQ,4,0.28082975,0.71917025
QQQ,4,0.12174315,0.87825685
QQQ,4,0.20334027,0.79665973
QQQ,4,0.22609806,0.77390194
QQQ,4,0.47965703,0.52034297
QQQ,4,0.12911691,0.87088309
QQQ,4,0.20586350,0.79413650
QQQ,4,0.12692971,0.87307029
QQQ,4,0.12164213,0.87835787
QQQ,4,0.28340868,0.71659132
QQQ,4,0.12877382,0.87122618
QQQ,4,0.13711049,0.86288951
QQQ,4,0.38457909,0.61542091
QQQ,4,0.12169095,0.87830905
QQQ,4,0.14952239,0.85047761
QQQ,4,0.32036888,0.67963112
QQQ,4,0.41963484,0.58036516
QQQ,4,0.16596948,0.83403052
QQQ,4,0.13081440,0.86918560
QQQ,4,0.16932917,0.83067083
QQQ,4,0.33842303,0.66157697
QQQ,4,0.29511907,0.70488093
QQQ,4,0.12675146,0.87324854
QQQ,4,0.18690178,0.81309822
QQQ,4,0.12316102,0.87683898
QQQ,4,0.12628317,0.87371683
QQQ,4,0.12159672,0.87840328
QQQ,4,0.13100399,0.86899601
QQQ,4,0.41285035,0.58714965
QQQ,4,0.12324134,0.87675866
QQQ,4,0.13248672,0.86751328
QQQ,4,0.17838622,0.82161378
QQQ,4,0.12247385,0.87752615
QQQ,4,0.29584426,0.70415574
QQQ,4,0.12521449,0.87478551
QQQ,4,0.89955820,0.10044180
QQQ,4,0.16075797,0.83924203
QQQ,4,0.12694010,0.87305990
QQQ,4,0.17279471,0.82720529
QQQ,4,0.20064317,0.79935683
QQQ,4,0.47498290,0.52501710
QQQ,4,0.12809058,0.87190942
QQQ,4,0.12490390,0.87509610
QQQ,4,0.12514262,0.87485738
QQQ,4,0.13533066,0.86466934
QQQ,4,0.13502116,0.86497884
QQQ,4,0.29413774,0.70586226
QQQ,4,0.14611895,0.85388105
QQQ,4,0.13663478,0.86336522
QQQ,4,0.33307022,0.66692978
QQQ,4,0.60434043,0.39565957
QQQ,4,0.13973875,0.86026125
QQQ,4,0.13326523,0.86673477
QQQ,4,0.80220520,0.19779480
QQQ,4,0.16051464,0.83948536
QQQ,4,0.12157416,0.87842584
QQQ,4,0.13293788,0.86706212
QQQ,4,0.12978533,0.87021467
QQQ,4,0.15355420,0.84644580
QQQ,4,0.14552176,0.85447824
QQQ,4,0.18750122,0.81249878
QQQ,4,0.12380097,0.87619903
QQQ,4,0.12288275,0.87711725
QQQ,4,0.12817018,0.87182982
QQQ,4,0.25528947,0.74471053
QQQ,4,0.19553643,0.80446357
QQQ,4,0.14014666,0.85985334
QQQ,4,0.13846666,0.86153334
QQQ,4,0.26821127,0.73178873
QQQ,4,0.13811851,0.86188149
QQQ,4,0.31342435,0.68657565
QQQ,4,0.17684090,0.82315910
QQQ,4,0.12301053,0.87698947
QQQ,4,0.17457457,0.82542543
QQQ,4,0.12552104,0.87447896
QQQ,4,0.12157803,0.87842197
QQQ,4,0.12416003,0.87583997
QQQ,4,0.55261903,0.44738097
QQQ,4,0.13550385,0.86449615
QQQ,4,0.12562139,0.87437861
QQQ,4,0.13131825,0.86868175
QQQ,4,0.39165596,0.60834404
QQQ,4,0.13693049,0.86306951
QQQ,4,0.14091739,0.85908261
QQQ,4,0.12560940,0.87439060
QQQ,4,0.17419419,0.82580581
QQQ,4,0.13928366,0.86071634
QQQ,4,0.12673182,0.87326818
QQQ,4,0.18178847,0.81821153
QQQ,4,0.12696574,0.87303426
QQQ,4,0.15918985,0.84081015
QQQ,4,0.22089157,0.77910843
QQQ,4,0.12293767,0.87706233
QQQ,4,0.12244640,0.87755360
QQQ,4,0.13115517,0.86884483
QQQ,4,0.18338115,0.81661885
QQQ,4,0.12309832,0.87690168
QQQ,4,0.12162182,0.87837818
QQQ,4,0.12335125,0.87664875
QQQ,4,0.20188892,0.79811108
QQQ,4,0.49890348,0.50109652
QQQ,4,0.16127361,0.83872639
QQQ,4,0.14743722,0.85256278
QQQ,4,0.13303433,0.86696567
QQQ,4,0.12182949,0.87817051
QQQ,4,0.15253872,0.84746128
QQQ,4,0.16350073,0.83649927
QQQ,4,0.26096976,0.73903024
QQQ,4,0.17591448,0.82408552
QQQ,4,0.15825806,0.84174194
QQQ,4,0.35482923,0.64517077
QQQ,4,0.54334387,0.45665613
QQQ,4,0.18872463,0.81127537
QQQ,4,0.34554474,0.65445526
QQQ,4,0.12815669,0.87184331
QQQ,4,0.21657994,0.78342006
QQQ,4,0.12185644,0.87814356
QQQ,4,0.13326671,0.86673329
QQQ,4,0.25166080,0.74833920
QQQ,4,0.13006689,0.86993311
QQQ,4,0.12468656,0.87531344
QQQ,4,0.21067179,0.78932821
QQQ,4,0.33662790,0.66337210
QQQ,4,0.12305288,0.87694712
QQQ,4,0.12446028,0.87553972
QQQ,4,0.38472816,0.61527184
QQQ,4,0.12161535,0.87838465
QQQ,4,0.28578465,0.71421535
QQQ,4,0.13764419,0.86235581
QQQ,4,0.15766298,0.84233702
QQQ,4,0.12641648,0.87358352
QQQ,4,0.26442999,0.73557001
QQQ,4,0.13128324,0.86871676
QQQ,4,0.26339264,0.73660736
QQQ,4,0.12161516,0.87838484
QQQ,4,0.23236255,0.76763745
QQQ,4,0.14549614,0.85450386
QQQ,4,0.18968081,0.81031919
QQQ,4,0.20686434,0.79313566
QQQ,4,0.12160616,0.87839384
QQQ,4,0.16283204,0.83716796
QQQ,4,0.14005356,0.85994644
QQQ,4,0.29595091,0.70404909
QQQ,4,0.17784786,0.82215214
QQQ,4,0.12617818,0.87382182
QQQ,4,0.12329325,0.87670675
QQQ,4,0.18650128,0.81349872
QQQ,4,0.13046008,0.86953992
QQQ,4,0.16728494,0.83271506
QQQ,4,0.23080844,0.76919156
QQQ,4,0.12299162,0.87700838
QQQ,4,0.14360784,0.85639216
QQQ,4,0.12288246,0.87711754
QQQ,4,0.24584030,0.75415970
QQQ,4,0.12656030,0.87343970
QQQ,4,0.12157951,0.87842049
QQQ,4,0.12377221,0.87622779
QQQ,4,0.16282042,0.83717958
QQQ,4,0.46259555,0.53740445
QQQ,4,0.12947236,0.87052764
QQQ,4,0.18667742,0.81332258
QQQ,4,0.14915163,0.85084837
QQQ,4,0.12596091,0.87403909
QQQ,4,0.12260446,0.87739554
QQQ,4,0.23360082,0.76639918
QQQ,4,0.15768560,0.84231440
QQQ,4,0.13265035,0.86734965
QQQ,4,0.13357854,0.86642146
QQQ,4,0.37638245,0.62361755
QQQ,4,0.32231527,0.67768473
QQQ,4,0.78687312,0.21312688
QQQ,4,0.12370921,0.87629079
QQQ,4,0.14022450,0.85977550
QQQ,4,0.16670809,0.83329191
QQQ,4,0.83557339,0.16442661
QQQ,4,0.27961228,0.72038772
QQQ,4,0.16842229,0.83157771
QQQ,4,0.17878763,0.82121237
QQQ,4,0.12244269,0.87755731
QQQ,4,0.19843871,0.80156129
QQQ,4,0.14407496,0.85592504
QQQ,4,0.13049974,0.86950026
QQQ,4,0.14030257,0.85969743
QQQ,4,0.24593355,0.75406645
QQQ,4,0.12374500,0.87625500
QQQ,4,0.12854692,0.87145308
QQQ,4,0.13830845,0.86169155
QQQ,4,0.15160871,0.84839129
QQQ,4,0.13672046,0.86327954
QQQ,4,0.12601640,0.87398360
QQQ,4,0.20723294,0.79276706
QQQ,4,0.15526368,0.84473632
QQQ,4,0.15089579,0.84910421
QQQ,4,0.29674901,0.70325099
QQQ,4,0.18544331,0.81455669
QQQ,4,0.13801429,0.86198571
QQQ,4,0.14316426,0.85683574
QQQ,4,0.13043907,0.86956093
QQQ,4,0.12970572,0.87029428
QQQ,4,0.19252041,0.80747959
QQQ,4,0.12212930,0.87787070
QQQ,4,0.12671957,0.87328043
QQQ,4,0.17110211,0.82889789
QQQ,4,0.15194616,0.84805384
QQQ,4,0.28215023,0.71784977
QQQ,4,0.12158837,0.87841163
QQQ,4,0.17611540,0.82388460
QQQ,4,0.12607677,0.87392323
QQQ,4,0.14198644,0.85801356
QQQ,4,0.20184515,0.79815485
QQQ,4,0.13359237,0.86640763
QQQ,4,0.13178783,0.86821217
QQQ,4,0.12714547,0.87285453
QQQ,4,0.13875687,0.86124313
QQQ,4,0.12175266,0.87824734
QQQ,4,0.12161751,0.87838249
QQQ,4,0.12167629,0.87832371
QQQ,4,0.12221557,0.87778443
QQQ,4,0.21590887,0.78409113
QQQ,4,0.23207974,0.76792026
QQQ,4,0.14244891,0.85755109
QQQ,4,0.17004346,0.82995654
QQQ,4,0.12421783,0.87578217
QQQ,4,0.15950811,0.84049189
QQQ,4,0.12376151,0.87623849
QQQ,4,0.19248567,0.80751433
QQQ,4,0.13362291,0.86637709
QQQ,4,0.12951951,0.87048049
QQQ,4,0.50063139,0.49936861
QQQ,4,0.20065435,0.79934565
QQQ,4,0.14524411,0.85475589
QQQ,4,0.12824905,0.87175095
QQQ,4,0.20057420,0.79942580
QQQ,4,0.13064618,0.86935382
QQQ,4,0.12819717,0.87180283
QQQ,4,0.22214008,0.77785992
QQQ,4,0.16033544,0.83966456
QQQ,4,0.12235405,0.87764595
QQQ,4,0.12192185,0.87807815
QQQ,4,0.12970265,0.87029735
QQQ,4,0.12922853,0.87077147
QQQ,4,0.15927126,0.84072874
QQQ,4,0.13896350,0.86103650
QQQ,4,0.16113351,0.83886649
QQQ,4,0.12340596,0.87659404
QQQ,4,0.20343328,0.79656672
QQQ,4,0.12158027,0.87841973
QQQ,4,0.18061249,0.81938751
QQQ,4,0.13870294,0.86129706
QQQ,4,0.16433161,0.83566839
QQQ,4,0.14257102,0.85742898
QQQ,4,0.17350157,0.82649843
QQQ,4,0.16230945,0.83769055
QQQ,4,0.14045739,0.85954261
QQQ,4,0.14384184,0.85615816
QQQ,4,0.36160732,0.63839268
QQQ,4,0.13833963,0.86166037
QQQ,4,0.13972725,0.86027275
QQQ,4,0.12195277,0.87804723
QQQ,4,0.12160265,0.87839735
QQQ,4,0.12643599,0.87356401
QQQ,4,0.14515232,0.85484768
QQQ,4,0.12349241,0.87650759
QQQ,4,0.12901077,0.87098923
QQQ,4,0.15928029,0.84071971
QQQ,4,0.12817045,0.87182955
QQQ,4,0.18278612,0.81721388
QQQ,4,0.12225651,0.87774349
QQQ,4,0.12893821,0.87106179
QQQ,4,0.29965043,0.70034957
QQQ,4,0.12508134,0.87491866
QQQ,4,0.12171084,0.87828916
QQQ,4,0.14250631,0.85749369
QQQ,4,0.12773758,0.87226242
QQQ,4,0.12413605,0.87586395
QQQ,4,0.21792392,0.78207608
QQQ,4,0.12241575,0.87758425
QQQ,4,0.14042619,0.85957381
QQQ,4,0.16102300,0.83897700
QQQ,4,0.13298065,0.86701935
QQQ,4,0.22376163,0.77623837
QQQ,4,0.12594508,0.87405492
QQQ,4,0.12500398,0.87499602
QQQ,4,0.12166487,0.87833513
QQQ,4,0.12439715,0.87560285
QQQ,4,0.12159741,0.87840259
QQQ,4,0.26510601,0.73489399
QQQ,4,0.15656793,0.84343207
QQQ,4,0.12895768,0.87104232
QQQ,4,0.14354575,0.85645425
QQQ,4,0.28352538,0.71647462
QQQ,4,0.29470288,0.70529712
QQQ,4,0.12200456,0.87799544
QQQ,4,0.14590641,0.85409359
QQQ,4,0.14015298,0.85984702
QQQ,4,0.24698826,0.75301174
QQQ,4,0.15100346,0.84899654
QQQ,4,0.15453424,0.84546576
QQQ,4,0.12984784,0.87015216
QQQ,4,0.14857779,0.85142221
QQQ,4,0.53513788,0.46486212
QQQ,4,0.17081345,0.82918655
QQQ,4,0.14965215,0.85034785
QQQ,4,0.35209336,0.64790664
QQQ,4,0.12571710,0.87428290
QQQ,4,0.13433653,0.86566347
QQQ,4,0.57558286,0.42441714
QQQ,4,0.14646392,0.85353608
QQQ,4,0.27376412,0.72623588
QQQ,4,0.12157525,0.87842475
QQQ,4,0.27340826,0.72659174
QQQ,4,0.35430202,0.64569798
QQQ,4,0.13711698,0.86288302
QQQ,4,0.12476960,0.87523040
QQQ,4,0.12193861,0.87806139
QQQ,4,0.12185410,0.87814590
QQQ,4,0.21076304,0.78923696
QQQ,4,0.12829312,0.87170688
QQQ,4,0.12192018,0.87807982
QQQ,4,0.13369421,0.86630579
QQQ,4,0.14360059,0.85639941
QQQ,4,0.26504357,0.73495643
QQQ,4,0.13337837,0.86662163
QQQ,4,0.12786639,0.87213361
QQQ,4,0.13198218,0.86801782
QQQ,4,0.12636648,0.87363352
QQQ,4,0.12529317,0.87470683
QQQ,4,0.16484160,0.83515840
QQQ,4,0.13730925,0.86269075
QQQ,4,0.12730267,0.87269733
QQQ,4,0.44331775,0.55668225
QQQ,4,0.12759861,0.87240139
QQQ,4,0.14728522,0.85271478
QQQ,4,0.12763782,0.87236218
QQQ,4,0.12349657,0.87650343
QQQ,4,0.15511628,0.84488372
QQQ,4,0.12765534,0.87234466
QQQ,4,0.12888930,0.87111070
QQQ,4,0.13384341,0.86615659
QQQ,4,0.12709898,0.87290102
QQQ,4,0.12340289,0.87659711
QQQ,4,0.15202942,0.84797058
QQQ,4,0.37111841,0.62888159
QQQ,4,0.12172072,0.87827928
QQQ,4,0.12923282,0.87076718
QQQ,4,0.14802404,0.85197596
QQQ,4,0.12180144,0.87819856
QQQ,4,0.16971592,0.83028408
QQQ,4,0.12296470,0.87703530
QQQ,4,0.15341917,0.84658083
QQQ,4,0.16571297,0.83428703
QQQ,4,0.61151376,0.38848624
QQQ,4,0.21375827,0.78624173
QQQ,4,0.14222255,0.85777745
QQQ,4,0.49451743,0.50548257
QQQ,4,0.14008914,0.85991086
QQQ,4,0.12373188,0.87626812
QQQ,4,0.16611183,0.83388817
QQQ,4,0.13229897,0.86770103
QQQ,4,0.12164339,0.87835661
QQQ,4,0.14983595,0.85016405
QQQ,4,0.23131260,0.76868740
QQQ,4,0.14662751,0.85337249
QQQ,4,0.95643379,0.04356621
QQQ,4,0.12265972,0.87734028
QQQ,4,0.12682244,0.87317756
QQQ,4,0.13379941,0.86620059
QQQ,4,0.15070132,0.84929868
QQQ,4,0.27574821,0.72425179
QQQ,4,0.12672896,0.87327104
QQQ,4,0.12974520,0.87025480
QQQ,4,0.12947435,0.87052565
QQQ,4,0.40472026,0.59527974
QQQ,4,0.26449476,0.73550524
QQQ,4,0.13209713,0.86790287
QQQ,4,0.13943908,0.86056092
QQQ,4,0.20731312,0.79268688
QQQ,4,0.17982163,0.82017837
QQQ,4,0.14428821,0.85571179
QQQ,4,0.22093657,0.77906343
QQQ,4,0.18639165,0.81360835
QQQ,4,0.14742064,0.85257936
QQQ,4,0.19057397,0.80942603
QQQ,4,0.15374475,0.84625525
QQQ,4,0.21255749,0.78744251
QQQ,4,0.22325097,0.77674903
QQQ,4,0.12536997,0.87463003
QQQ,4,0.12646203,0.87353797
QQQ,4,0.21533510,0.78466490
QQQ,4,0.29171687,0.70828313
QQQ,4,0.26329704,0.73670296
QQQ,4,0.12212710,0.87787290
QQQ,4,0.13848203,0.86151797
QQQ,4,0.17567229,0.82432771
QQQ,4,0.14852851,0.85147149
QQQ,4,0.12163855,0.87836145
QQQ,4,0.17706814,0.82293186
QQQ,4,0.12165392,0.87834608
QQQ,4,0.12547761,0.87452239
QQQ,4,0.39535046,0.60464954
QQQ,4,0.18403968,0.81596032
QQQ,4,0.15400424,0.84599576
QQQ,4,0.12624810,0.87375190
QQQ,4,0.12495807,0.87504193
QQQ,4,0.20036087,0.79963913
QQQ,4,0.12372095,0.87627905
QQQ,4,0.12772543,0.87227457
QQQ,4,0.13620706,0.86379294
QQQ,4,0.12165001,0.87834999
QQQ,4,0.13066920,0.86933080
QQQ,4,0.47602325,0.52397675
QQQ,4,0.13123906,0.86876094
QQQ,4,0.12359758,0.87640242
QQQ,4,0.12275812,0.87724188
QQQ,4,0.14072636,0.85927364
QQQ,4,0.18870145,0.81129855
QQQ,4,0.12932324,0.87067676
QQQ,4,0.17614691,0.82385309
QQQ,4,0.12318509,0.87681491
QQQ,4,0.17014715,0.82985285
QQQ,4,0.12167323,0.87832677
QQQ,4,0.12928149,0.87071851
QQQ,4,0.19925703,0.80074297
QQQ,4,0.47329565,0.52670435
QQQ,4,0.13763307,0.86236693
QQQ,4,0.12526703,0.87473297
QQQ,4,0.22348696,0.77651304
QQQ,4,0.12307454,0.87692546
QQQ,4,0.12612263,0.87387737
QQQ,4,0.12178641,0.87821359
QQQ,4,0.18132334,0.81867666
QQQ,4,0.18056125,0.81943875
QQQ,4,0.19199187,0.80800813
QQQ,4,0.12340513,0.87659487
QQQ,4,0.12354535,0.87645465
QQQ,4,0.16373289,0.83626711
QQQ,4,0.16665513,0.83334487
QQQ,4,0.12341330,0.87658670
QQQ,4,0.12788908,0.87211092
QQQ,4,0.17465199,0.82534801
QQQ,4,0.71960143,0.28039857
QQQ,4,0.33219356,0.66780644
QQQ,4,0.12598609,0.87401391
QQQ,4,0.17098912,0.82901088
QQQ,4,0.30091546,0.69908454
QQQ,4,0.16529239,0.83470761
QQQ,4,0.14830496,0.85169504
QQQ,4,0.18972640,0.81027360
QQQ,4,0.19561736,0.80438264
QQQ,4,0.14223130,0.85776870
QQQ,4,0.25392537,0.74607463
QQQ,4,0.13191405,0.86808595
QQQ,4,0.59869150,0.40130850
QQQ,4,0.13017367,0.86982633
QQQ,4,0.69986890,0.30013110
QQQ,4,0.12243172,0.87756828
QQQ,4,0.60840118,0.39159882
QQQ,4,0.12339545,0.87660455
QQQ,4,0.16965691,0.83034309
QQQ,4,0.12487370,0.87512630
QQQ,4,0.15424071,0.84575929
QQQ,4,0.57110753,0.42889247
QQQ,4,0.14048206,0.85951794
QQQ,4,0.17521332,0.82478668
QQQ,4,0.87242669,0.12757331
QQQ,4,0.14070404,0.85929596
QQQ,4,0.15461304,0.84538696
QQQ,4,0.12211953,0.87788047
QQQ,4,0.33386153,0.66613847
QQQ,4,0.23139922,0.76860078
QQQ,4,0.12224895,0.87775105
QQQ,4,0.12441444,0.87558556
QQQ,4,0.49518798,0.50481202
QQQ,4,0.14711929,0.85288071
QQQ,4,0.94036142,0.05963858
QQQ,4,0.12723027,0.87276973
QQQ,4,0.15320894,0.84679106
QQQ,4,0.62627580,0.37372420
QQQ,4,0.12370564,0.87629436
QQQ,4,0.23500831,0.76499169
QQQ,4,0.18853940,0.81146060
QQQ,4,0.14639557,0.85360443
QQQ,4,0.50604704,0.49395296
QQQ,4,0.43963623,0.56036377
QQQ,4,0.23338825,0.76661175
QQQ,4,0.12202938,0.87797062
QQQ,4,0.12558217,0.87441783
QQQ,4,0.25631280,0.74368720
QQQ,4,0.28604318,0.71395682
QQQ,4,0.20619695,0.79380305
QQQ,4,0.47559436,0.52440564
QQQ,4,0.14606480,0.85393520
QQQ,4,0.12159102,0.87840898
QQQ,4,0.14513529,0.85486471
QQQ,4,0.57512535,0.42487465
QQQ,4,0.12180484,0.87819516
QQQ,4,0.35732477,0.64267523
QQQ,4,0.20052960,0.79947040
QQQ,4,0.14566433,0.85433567
QQQ,4,0.13098730,0.86901270
QQQ,4,0.14767498,0.85232502
QQQ,4,0.15015187,0.84984813
QQQ,4,0.12183848,0.87816152
QQQ,4,0.15056002,0.84943998
QQQ,4,0.15065007,0.84934993
QQQ,4,0.14787146,0.85212854
QQQ,4,0.81050905,0.18949095
QQQ,4,0.79395359,0.20604641
QQQ,4,0.14758028,0.85241972
QQQ,4,0.12789675,0.87210325
QQQ,4,0.17415243,0.82584757
QQQ,4,0.12157311,0.87842689
QQQ,4,0.16334103,0.83665897
QQQ,4,0.12474365,0.87525635
QQQ,4,0.12302886,0.87697114
QQQ,4,0.15997609,0.84002391
QQQ,4,0.12934971,0.87065029
QQQ,4,0.13823564,0.86176436
QQQ,4,0.12171380,0.87828620
QQQ,4,0.14126503,0.85873497
QQQ,4,0.19283528,0.80716472
QQQ,4,0.51662790,0.48337210
QQQ,4,0.14083794,0.85916206
QQQ,4,0.13810094,0.86189906
QQQ,4,0.14457988,0.85542012
QQQ,4,0.48296196,0.51703804
QQQ,4,0.16914870,0.83085130
QQQ,4,0.12426251,0.87573749
QQQ,4,0.13247744,0.86752256
QQQ,4,0.12169811,0.87830189
QQQ,4,0.14634348,0.85365652
QQQ,4,0.29057074,0.70942926
QQQ,4,0.14137916,0.85862084
QQQ,4,0.15836484,0.84163516
QQQ,4,0.39247950,0.60752050
QQQ,4,0.14061628,0.85938372
QQQ,4,0.12162081,0.87837919
QQQ,4,0.12713536,0.87286464
QQQ,4,0.13183675,0.86816325
QQQ,4,0.25042971,0.74957029
QQQ,4,0.12815292,0.87184708
QQQ,4,0.75312084,0.24687916
QQQ,4,0.14567967,0.85432033
QQQ,4,0.12192535,0.87807465
QQQ,4,0.13051494,0.86948506
QQQ,4,0.12392683,0.87607317
QQQ,4,0.12320182,0.87679818
QQQ,4,0.37683445,0.62316555
QQQ,4,0.14115124,0.85884876
QQQ,4,0.12287512,0.87712488
QQQ,4,0.19540246,0.80459754
QQQ,4,0.13802851,0.86197149
QQQ,4,0.12316991,0.87683009
QQQ,4,0.12425788,0.87574212
QQQ,4,0.19746708,0.80253292
QQQ,4,0.14736617,0.85263383
QQQ,4,0.15515673,0.84484327
QQQ,4,0.18261522,0.81738478
QQQ,4,0.27225244,0.72774756
QQQ,4,0.14439062,0.85560938
QQQ,4,0.12448134,0.87551866
QQQ,4,0.26949977,0.73050023
QQQ,4,0.12161795,0.87838205
QQQ,4,0.12736967,0.87263033
QQQ,4,0.29096991,0.70903009
QQQ,4,0.15730395,0.84269605
QQQ,4,0.14163546,0.85836454
QQQ,4,0.13424795,0.86575205
QQQ,4,0.13999197,0.86000803
QQQ,4,0.19432318,0.80567682
QQQ,4,0.22165161,0.77834839
QQQ,4,0.13824597,0.86175403
QQQ,4,0.13827341,0.86172659
QQQ,4,0.12182821,0.87817179
QQQ,4,0.12484756,0.87515244
QQQ,4,0.12298675,0.87701325
QQQ,4,0.14810037,0.85189963
QQQ,4,0.12261307,0.87738693
QQQ,4,0.66779698,0.33220302
QQQ,4,0.12248547,0.87751453
QQQ,4,0.14355919,0.85644081
QQQ,4,0.12172906,0.87827094
QQQ,4,0.16998599,0.83001401
QQQ,4,0.26392165,0.73607835
QQQ,4,0.13125282,0.86874718
QQQ,4,0.12652448,0.87347552
QQQ,4,0.24744358,0.75255642
QQQ,4,0.13025292,0.86974708
QQQ,4,0.12792392,0.87207608
QQQ,4,0.14178806,0.85821194
QQQ,4,0.12314502,0.87685498
QQQ,4,0.21105749,0.78894251
QQQ,4,0.12773370,0.87226630
QQQ,4,0.18119371,0.81880629
QQQ,4,0.12868346,0.87131654
QQQ,4,0.13214180,0.86785820
QQQ,4,0.15935741,0.84064259
QQQ,4,0.21311757,0.78688243
QQQ,4,0.12755711,0.87244289
QQQ,4,0.13503878,0.86496122
QQQ,4,0.13423049,0.86576951
QQQ,4,0.12202436,0.87797564
QQQ,4,0.12342559,0.87657441
QQQ,4,0.49035098,0.50964902
QQQ,4,0.12943847,0.87056153
QQQ,4,0.12259113,0.87740887
QQQ,4,0.13754273,0.86245727
QQQ,4,0.23440811,0.76559189
QQQ,4,0.21356804,0.78643196
QQQ,4,0.14656199,0.85343801
QQQ,4,0.12163124,0.87836876
QQQ,4,0.16120308,0.83879692
QQQ,4,0.49626755,0.50373245
QQQ,4,0.12178947,0.87821053
QQQ,4,0.22787751,0.77212249
QQQ,4,0.12836999,0.87163001
QQQ,4,0.34310512,0.65689488
QQQ,4,0.23889345,0.76110655
QQQ,4,0.12996113,0.87003887
QQQ,4,0.12163608,0.87836392
QQQ,4,0.12161042,0.87838958
QQQ,4,0.19177148,0.80822852
QQQ,4,0.12174811,0.87825189
QQQ,4,0.12925862,0.87074138
QQQ,4,0.12179949,0.87820051
QQQ,4,0.12278446,0.87721554
QQQ,4,0.17932533,0.82067467
QQQ,4,0.12160606,0.87839394
QQQ,4,0.26922787,0.73077213
QQQ,4,0.13053692,0.86946308
QQQ,4,0.12647312,0.87352688
QQQ,4,0.38124329,0.61875671
QQQ,4,0.15106294,0.84893706
QQQ,4,0.12440877,0.87559123
QQQ,4,0.16299760,0.83700240
QQQ,4,0.12918381,0.87081619
QQQ,4,0.14093896,0.85906104
QQQ,4,0.12689710,0.87310290
QQQ,4,0.13522378,0.86477622
QQQ,4,0.99956265,0.00043735
QQQ,4,0.12177382,0.87822618
QQQ,4,0.14827775,0.85172225
QQQ,4,0.35549746,0.64450254
QQQ,4,0.17844380,0.82155620
QQQ,4,0.32916130,0.67083870
QQQ,4,0.12953754,0.87046246
QQQ,4,0.15395609,0.84604391
QQQ,4,0.12173902,0.87826098
QQQ,4,0.15116262,0.84883738
QQQ,4,0.50751908,0.49248092
QQQ,4,0.27834096,0.72165904
QQQ,4,0.12474399,0.87525601
QQQ,4,0.12170385,0.87829615
QQQ,4,0.19505093,0.80494907
QQQ,4,0.16089416,0.83910584
QQQ,4,0.54590886,0.45409114
QQQ,4,0.12399337,0.87600663
QQQ,4,0.12469774,0.87530226
QQQ,4,0.13142589,0.86857411
QQQ,4,0.15166369,0.84833631
QQQ,4,0.21121543,0.78878457
QQQ,4,0.12160780,0.87839220
QQQ,4,0.12276892,0.87723108
QQQ,4,0.12237144,0.87762856
QQQ,4,0.25664552,0.74335448
QQQ,4,0.13600905,0.86399095
QQQ,4,0.14250921,0.85749079
QQQ,4,0.12345453,0.87654547
QQQ,4,0.13950023,0.86049977
QQQ,4,0.19749539,0.80250461
QQQ,4,0.15833513,0.84166487
QQQ,4,0.12399508,0.87600492
QQQ,4,0.18431344,0.81568656
QQQ,4,0.12647445,0.87352555
QQQ,4,0.12583595,0.87416405
QQQ,4,0.12751615,0.87248385
QQQ,4,0.14123426,0.85876574
QQQ,4,0.12383431,0.87616569
QQQ,4,0.13964749,0.86035251
QQQ,4,0.27787724,0.72212276
QQQ,4,0.14588216,0.85411784
QQQ,4,0.12276660,0.87723340
QQQ,4,0.24910329,0.75089671
QQQ,4,0.12582350,0.87417650
QQQ,4,0.14661968,0.85338032
QQQ,4,0.13114656,0.86885344
QQQ,4,0.12262400,0.87737600
QQQ,4,0.12164075,0.87835925
QQQ,4,0.12462417,0.87537583
QQQ,4,0.12466526,0.87533474
QQQ,4,0.27226771,0.72773229
QQQ,4,0.23312031,0.76687969
QQQ,4,0.15043086,0.84956914
QQQ,4,0.16113120,0.83886880
QQQ,4,0.17753969,0.82246031
QQQ,4,0.13418714,0.86581286
QQQ,4,0.16614137,0.83385863
QQQ,4,0.15048611,0.84951389
QQQ,4,0.12305122,0.87694878
QQQ,4,0.13243198,0.86756802
QQQ,4,0.30205805,0.69794195
QQQ,4,0.13863835,0.86136165
QQQ,4,0.15642930,0.84357070
QQQ,4,0.17103118,0.82896882
QQQ,4,0.14004644,0.85995356
QQQ,4,0.12277087,0.87722913
QQQ,4,0.12832171,0.87167829
QQQ,4,0.12163269,0.87836731
QQQ,4,0.20302413,0.79697587
QQQ,4,0.36612457,0.63387543
QQQ,4,0.20809101,0.79190899
QQQ,4,0.12418397,0.87581603
QQQ,4,0.14277640,0.85722360
QQQ,4,0.20204372,0.79795628
QQQ,4,0.15258268,0.84741732
QQQ,4,0.18197037,0.81802963
QQQ,4,0.12337731,0.87662269
QQQ,4,0.12167030,0.87832970
QQQ,4,0.18077988,0.81922012
QQQ,4,0.17089291,0.82910709
QQQ,4,0.18266465,0.81733535
QQQ,4,0.13380481,0.86619519
QQQ,4,0.14707948,0.85292052
QQQ,4,0.30748732,0.69251268
QQQ,4,0.12157505,0.87842495
QQQ,4,0.12456381,0.87543619
QQQ,4,0.17465704,0.82534296
QQQ,4,0.15191771,0.84808229
QQQ,4,0.16381124,0.83618876
QQQ,4,0.13648486,0.86351514
QQQ,4,0.12261161,0.87738839
QQQ,4,0.16437624,0.83562376
QQQ,4,0.14774005,0.85225995
QQQ,4,0.32962819,0.67037181
QQQ,4,0.16270236,0.83729764
QQQ,4,0.12158590,0.87841410
QQQ,4,0.16537404,0.83462596
QQQ,4,0.12178633,0.87821367
QQQ,4,0.12804019,0.87195981
QQQ,4,0.13786679,0.86213321
QQQ,4,0.12161320,0.87838680
QQQ,4,0.32247648,0.67752352
QQQ,4,0.12173220,0.87826780
QQQ,4,0.17951419,0.82048581
QQQ,4,0.60616220,0.39383780
QQQ,4,0.19167649,0.80832351
QQQ,4,0.63788294,0.36211706
QQQ,4,0.15029807,0.84970193
QQQ,4,0.17180581,0.82819419
QQQ,4,0.47379989,0.52620011
QQQ,4,0.20753618,0.79246382
QQQ,4,0.15306645,0.84693355
QQQ,4,0.22386004,0.77613996
QQQ,4,0.67892088,0.32107912
QQQ,4,0.18748174,0.81251826
QQQ,4,0.13910624,0.86089376
QQQ,4,0.42102427,0.57897573
QQQ,4,0.55706125,0.44293875
QQQ,4,0.22573703,0.77426297
QQQ,4,0.40244930,0.59755070
QQQ,4,0.13652462,0.86347538
QQQ,4,0.21791321,0.78208679
QQQ,4,0.30430657,0.69569343
QQQ,4,0.12251781,0.87748219
QQQ,4,0.30784238,0.69215762
QQQ,4,0.14183943,0.85816057
QQQ,4,0.74879104,0.25120896
QQQ,4,0.87135080,0.12864920
QQQ,4,0.14146731,0.85853269
QQQ,4,0.24006031,0.75993969
QQQ,4,0.42579132,0.57420868
QQQ,4,0.16866317,0.83133683
QQQ,4,0.12167684,0.87832316
QQQ,4,0.49023412,0.50976588
QQQ,4,0.12340926,0.87659074
QQQ,4,0.28765317,0.71234683
QQQ,4,0.12190095,0.87809905
QQQ,4,0.14005765,0.85994235
QQQ,4,0.12259250,0.87740750
QQQ,4,0.16368401,0.83631599
QQQ,4,0.78377954,0.21622046
QQQ,4,0.12960576,0.87039424
QQQ,4,0.12306593,0.87693407
QQQ,4,0.15677340,0.84322660
QQQ,4,0.13704636,0.86295364
QQQ,4,0.19258489,0.80741511
QQQ,4,0.14189650,0.85810350
QQQ,4,0.14316138,0.85683862
QQQ,4,0.12558800,0.87441200
QQQ,4,0.22308279,0.77691721
QQQ,4,0.12194324,0.87805676
QQQ,4,0.14753989,0.85246011
QQQ,4,0.12410575,0.87589425
QQQ,4,0.54453364,0.45546636
QQQ,4,0.15726790,0.84273210
QQQ,4,0.14099055,0.85900945
QQQ,4,0.12797947,0.87202053
QQQ,4,0.33580287,0.66419713
QQQ,4,0.34503415,0.65496585
QQQ,4,0.15744899,0.84255101
QQQ,4,0.13446889,0.86553111
QQQ,4,0.23914210,0.76085790
QQQ,4,0.13551042,0.86448958
QQQ,4,0.78320656,0.21679344
QQQ,4,0.20794976,0.79205024
QQQ,4,0.56740103,0.43259897
QQQ,4,0.14568667,0.85431333
QQQ,4,0.25555475,0.74444525
QQQ,4,0.34593377,0.65406623
QQQ,4,0.13431844,0.86568156
QQQ,4,0.12557112,0.87442888
QQQ,4,0.30418313,0.69581687
QQQ,4,0.43753448,0.56246552
QQQ,4,0.15686066,0.84313934
QQQ,4,0.14982222,0.85017778
QQQ,4,0.21117205,0.78882795
QQQ,4,0.77329978,0.22670022
QQQ,4,0.97074868,0.02925132
QQQ,4,0.99540922,0.00459078
QQQ,4,0.93820314,0.06179686
QQQ,4,0.99527445,0.00472555
QQQ,4,0.24417996,0.75582004
QQQ,4,0.13593246,0.86406754
QQQ,4,0.17287675,0.82712325
QQQ,4,0.21593965,0.78406035
QQQ,4,0.12936765,0.87063235
QQQ,4,0.23473834,0.76526166
QQQ,4,0.19384868,0.80615132
QQQ,4,0.41589002,0.58410998
QQQ,4,0.50418547,0.49581453
QQQ,4,0.95398346,0.04601654
QQQ,4,0.15025028,0.84974972
QQQ,4,0.14203238,0.85796762
QQQ,4,0.16468725,0.83531275
QQQ,4,0.13505061,0.86494939
QQQ,4,0.39450051,0.60549949
QQQ,4,0.32233178,0.67766822
QQQ,4,0.12330743,0.87669257
QQQ,4,0.13637238,0.86362762
QQQ,4,0.70606256,0.29393744
QQQ,4,0.16221610,0.83778390
QQQ,4,0.14364599,0.85635401
QQQ,4,0.20231707,0.79768293
QQQ,4,0.82522629,0.17477371
QQQ,4,0.12255017,0.87744983
QQQ,4,0.12264928,0.87735072
QQQ,4,0.54562469,0.45437531
QQQ,4,0.57931091,0.42068909
QQQ,4,0.18550073,0.81449927
QQQ,4,0.14925033,0.85074967
QQQ,4,0.19001203,0.80998797
QQQ,4,0.12288611,0.87711389
QQQ,4,0.25420899,0.74579101
QQQ,4,0.35927550,0.64072450
QQQ,4,0.12351751,0.87648249
QQQ,4,0.99990801,0.00009199
QQQ,4,0.15791757,0.84208243
QQQ,4,0.92409904,0.07590096
QQQ,4,0.48108404,0.51891596
QQQ,4,0.12223987,0.87776013
QQQ,4,0.50267227,0.49732773
QQQ,4,0.37176598,0.62823402
QQQ,4,0.90034728,0.09965272
QQQ,4,0.22941489,0.77058511
QQQ,4,0.34907274,0.65092726
QQQ,4,0.12665255,0.87334745
QQQ,4,0.88532601,0.11467399
QQQ,4,0.13998082,0.86001918
QQQ,4,0.46895528,0.53104472
QQQ,4,0.55501842,0.44498158
QQQ,4,0.15524743,0.84475257
QQQ,4,0.12297233,0.87702767
QQQ,4,0.12179250,0.87820750
QQQ,4,0.39914077,0.60085923
QQQ,4,0.21327131,0.78672869
QQQ,4,0.25053161,0.74946839
QQQ,4,0.93016367,0.06983633
QQQ,4,0.65284254,0.34715746
QQQ,4,0.13297574,0.86702426
QQQ,4,0.19664341,0.80335659
QQQ,4,0.21497571,0.78502429
QQQ,4,0.13422673,0.86577327
QQQ,4,0.66052021,0.33947979
QQQ,4,0.40138588,0.59861412
QQQ,4,0.12869912,0.87130088
QQQ,4,0.12551944,0.87448056
QQQ,4,0.13200494,0.86799506
QQQ,4,0.18584143,0.81415857
QQQ,4,0.12796912,0.87203088
QQQ,4,0.13582825,0.86417175
QQQ,4,0.13223255,0.86776745
QQQ,4,0.13971829,0.86028171
QQQ,4,0.12795254,0.87204746
QQQ,4,0.87156747,0.12843253
QQQ,4,0.16574663,0.83425337
QQQ,4,0.13092360,0.86907640
QQQ,4,0.13351845,0.86648155
QQQ,4,0.65647073,0.34352927
QQQ,4,0.12835682,0.87164318
QQQ,4,0.57607789,0.42392211
QQQ,4,0.99324498,0.00675502
QQQ,4,0.12338015,0.87661985
QQQ,4,0.17655621,0.82344379
QQQ,4,0.43542197,0.56457803
QQQ,4,0.49009508,0.50990492
QQQ,4,0.99945597,0.00054403
QQQ,4,0.73991328,0.26008672
QQQ,4,0.57269214,0.42730786
QQQ,4,0.98882156,0.01117844
QQQ,4,0.16898643,0.83101357
QQQ,4,0.12199683,0.87800317
QQQ,4,0.63879796,0.36120204
QQQ,4,0.14533131,0.85466869
QQQ,4,0.13082408,0.86917592
QQQ,4,0.99939999,0.00060001
QQQ,4,0.12160264,0.87839736
QQQ,4,0.13154506,0.86845494
QQQ,4,0.14906366,0.85093634
QQQ,4,0.12288627,0.87711373
QQQ,4,0.15823018,0.84176982
QQQ,4,0.22619399,0.77380601
QQQ,4,0.26153144,0.73846856
QQQ,4,0.90474479,0.09525521
QQQ,4,0.14162819,0.85837181
QQQ,4,0.12157627,0.87842373
QQQ,4,0.87956450,0.12043550
QQQ,4,0.12196488,0.87803512
QQQ,4,0.97693179,0.02306821
QQQ,4,0.17898791,0.82101209
QQQ,4,0.25671844,0.74328156
QQQ,4,0.20817859,0.79182141
QQQ,4,0.17916037,0.82083963
QQQ,4,0.12325233,0.87674767
QQQ,4,0.12452620,0.87547380
QQQ,4,0.16133615,0.83866385
QQQ,4,0.16015583,0.83984417
QQQ,4,0.96197874,0.03802126
QQQ,4,0.12672772,0.87327228
QQQ,4,0.12273273,0.87726727
QQQ,4,0.14794456,0.85205544
QQQ,4,0.44154086,0.55845914
QQQ,4,0.14980998,0.85019002
QQQ,4,0.13266672,0.86733328
QQQ,4,0.44471072,0.55528928
QQQ,4,0.12880346,0.87119654
QQQ,4,0.12248117,0.87751883
QQQ,4,0.42665547,0.57334453
QQQ,4,0.12352172,0.87647828
QQQ,4,0.14707414,0.85292586
QQQ,4,0.16165000,0.83835000
QQQ,4,0.71112385,0.28887615
QQQ,4,0.12342181,0.87657819
QQQ,4,0.13173746,0.86826254
QQQ,4,0.40306317,0.59693683
QQQ,4,0.13576903,0.86423097
QQQ,4,0.19107794,0.80892206
QQQ,4,0.15662858,0.84337142
QQQ,4,0.21711343,0.78288657
QQQ,4,0.14188107,0.85811893
QQQ,4,0.23243603,0.76756397
QQQ,4,0.36051848,0.63948152
QQQ,4,0.93406724,0.06593276
QQQ,4,0.14545382,0.85454618
QQQ,4,0.14520280,0.85479720
QQQ,4,0.80730696,0.19269304
QQQ,4,0.12220289,0.87779711
QQQ,4,0.47763862,0.52236138
QQQ,4,0.18638073,0.81361927
QQQ,4,0.13142492,0.86857508
QQQ,4,0.19864013,0.80135987
QQQ,4,0.31579142,0.68420858
QQQ,4,0.87921785,0.12078215
QQQ,4,0.17503403,0.82496597
QQQ,4,0.14993475,0.85006525
QQQ,4,0.32451358,0.67548642
QQQ,4,0.99914828,0.00085172
QQQ,4,0.12332222,0.87667778
QQQ,4,0.23920715,0.76079285
QQQ,4,0.25612004,0.74387996
QQQ,4,0.77200751,0.22799249
QQQ,4,0.12580460,0.87419540
QQQ,4,0.13640160,0.86359840
QQQ,4,0.73730071,0.26269929
QQQ,4,0.82353430,0.17646570
QQQ,4,0.21927681,0.78072319
QQQ,4,0.36625635,0.63374365
QQQ,4,0.16437990,0.83562010
QQQ,4,0.12209748,0.87790252
QQQ,4,0.76257256,0.23742744
QQQ,4,0.16142240,0.83857760
QQQ,4,0.64596461,0.35403539
QQQ,4,0.12927709,0.87072291
QQQ,4,0.12177306,0.87822694
QQQ,4,0.25688692,0.74311308
QQQ,4,0.30043177,0.69956823
QQQ,4,0.24865494,0.75134506
QQQ,4,0.48176547,0.51823453
QQQ,4,0.54199205,0.45800795
QQQ,4,0.13980219,0.86019781
QQQ,4,0.12266082,0.87733918
QQQ,4,0.24582224,0.75417776
QQQ,4,0.20521259,0.79478741
QQQ,4,0.97317764,0.02682236
QQQ,4,0.37131764,0.62868236
QQQ,4,0.14070677,0.85929323
QQQ,4,0.71679106,0.28320894
QQQ,4,0.19954773,0.80045227
QQQ,4,0.12554126,0.87445874
QQQ,4,0.12259724,0.87740276
QQQ,4,0.22489722,0.77510278
QQQ,4,0.12245928,0.87754072
QQQ,4,0.21663891,0.78336109
QQQ,4,0.25928577,0.74071423
QQQ,4,0.12171040,0.87828960
QQQ,4,0.13921673,0.86078327
QQQ,4,0.24915224,0.75084776
QQQ,4,0.59215301,0.40784699
QQQ,4,0.12380408,0.87619592
QQQ,4,0.14049838,0.85950162
QQQ,4,0.16593900,0.83406100
QQQ,4,0.58272019,0.41727981
QQQ,4,0.26240480,0.73759520
QQQ,4,0.21127783,0.78872217
QQQ,4,0.98792925,0.01207075
QQQ,4,0.15783254,0.84216746
QQQ,4,0.13859149,0.86140851
QQQ,4,0.60393645,0.39606355
QQQ,4,0.14941187,0.85058813
QQQ,4,0.44423461,0.55576539
QQQ,4,0.12613815,0.87386185
QQQ,4,0.96164990,0.03835010
QQQ,4,0.14527962,0.85472038
QQQ,4,0.99999917,0.00000083
QQQ,4,0.94963829,0.05036171
QQQ,4,0.96787397,0.03212603
QQQ,4,0.99990889,0.00009111
QQQ,4,0.17295539,0.82704461
QQQ,4,0.13608895,0.86391105
QQQ,4,0.33092356,0.66907644
QQQ,4,0.18239129,0.81760871
QQQ,4,1.00000000,0.00000000
QQQ,4,0.73457340,0.26542660
QQQ,4,0.25429790,0.74570210
QQQ,4,0.99995759,0.00004241
QQQ,4,0.49087642,0.50912358
QQQ,4,0.99889030,0.00110970
QQQ,4,1.00000000,0.00000000
QQQ,4,0.28696759,0.71303241
QQQ,4,0.96705482,0.03294518
QQQ,4,0.18458167,0.81541833
QQQ,4,1.00000000,0.00000000
QQQ,4,0.99761937,0.00238063
QQQ,4,1.00000000,0.00000000
QQQ,4,0.99995679,0.00004321
QQQ,4,0.12157398,0.87842602
QQQ,4,0.91551406,0.08448594
QQQ,4,0.99999574,0.00000426
QQQ,4,0.93834829,0.06165171
QQQ,4,0.15926754,0.84073246
QQQ,4,0.99011580,0.00988420
QQQ,4,0.96235541,0.03764459
QQQ,4,1.00000000,0.00000000
QQQ,4,0.12316500,0.87683500
QQQ,4,0.99564196,0.00435804
QQQ,4,0.13474941,0.86525059
QQQ,4,0.12158437,0.87841563
QQQ,4,0.91618660,0.08381340
QQQ,4,0.99999664,0.00000336
QQQ,4,0.99996568,0.00003432
QQQ,4,0.34485670,0.65514330
QQQ,4,0.32482736,0.67517264
QQQ,4,0.70318752,0.29681248
QQQ,4,0.99998564,0.00001436
QQQ,4,0.99999957,0.00000043
QQQ,4,0.99998472,0.00001528
QQQ,4,0.66816967,0.33183033
QQQ,4,0.13132467,0.86867533
QQQ,4,0.99999948,0.00000052
QQQ,4,0.99999862,0.00000138
QQQ,4,0.99576018,0.00423982
QQQ,4,0.99999994,0.00000006
QQQ,4,0.12162940,0.87837060
QQQ,4,0.99979005,0.00020995
QQQ,4,0.13421815,0.86578185
QQQ,4,1.00000000,0.00000000
QQQ,4,0.92191167,0.07808833
QQQ,4,0.85776376,0.14223624
QQQ,4,0.87207886,0.12792114
QQQ,4,0.99847592,0.00152408
QQQ,4,0.99888802,0.00111198
QQQ,4,0.12288265,0.87711735
QQQ,4,0.12248946,0.87751054
QQQ,4,0.88676903,0.11323097
QQQ,4,0.47270475,0.52729525
QQQ,4,0.44049316,0.55950684
QQQ,4,0.99993916,0.00006084
QQQ,4,0.19596846,0.80403154
QQQ,4,0.37125102,0.62874898
QQQ,4,0.15468827,0.84531173
QQQ,4,0.67038562,0.32961438
QQQ,4,0.14711855,0.85288145
QQQ,4,0.12276418,0.87723582
QQQ,4,0.12185961,0.87814039
QQQ,4,0.16855332,0.83144668
QQQ,4,0.55245129,0.44754871
QQQ,4,0.18039875,0.81960125
QQQ,4,0.99978215,0.00021785
QQQ,4,0.12604368,0.87395632
QQQ,4,0.23633418,0.76366582
QQQ,4,0.89584146,0.10415854
QQQ,4,0.18502833,0.81497167
QQQ,4,0.72479927,0.27520073
QQQ,4,0.52884729,0.47115271
QQQ,4,0.12349240,0.87650760
QQQ,4,0.97355869,0.02644131
QQQ,4,0.28849591,0.71150409
QQQ,4,0.19821583,0.80178417
QQQ,4,0.99999068,0.00000932
QQQ,4,0.99837238,0.00162762
QQQ,4,0.26274676,0.73725324
QQQ,4,0.13915827,0.86084173
QQQ,4,0.15474350,0.84525650
QQQ,4,0.16266433,0.83733567
QQQ,4,0.99162777,0.00837223
QQQ,4,0.72256777,0.27743223
QQQ,4,0.41897233,0.58102767
QQQ,4,0.19785185,0.80214815
QQQ,4,0.32736600,0.67263400
QQQ,4,0.12482501,0.87517499
QQQ,4,0.69396504,0.30603496
QQQ,4,0.89241159,0.10758841
QQQ,4,0.15062241,0.84937759
QQQ,4,0.99302757,0.00697243
QQQ,4,0.14444610,0.85555390
QQQ,4,0.19913060,0.80086940
QQQ,4,0.13463695,0.86536305
QQQ,4,0.99905781,0.00094219
QQQ,4,0.12326235,0.87673765
QQQ,4,0.41547250,0.58452750
QQQ,4,0.12253139,0.87746861
QQQ,4,0.99467657,0.00532343
QQQ,4,0.95370313,0.04629687
QQQ,4,0.14819533,0.85180467
QQQ,4,0.90069152,0.09930848
QQQ,4,0.21237489,0.78762511
QQQ,4,0.98932739,0.01067261
QQQ,4,0.12902149,0.87097851
QQQ,4,0.77891761,0.22108239
QQQ,4,0.94059428,0.05940572
QQQ,4,0.17258315,0.82741685
QQQ,4,0.71071454,0.28928546
QQQ,4,0.99999992,0.00000008
QQQ,4,0.41532611,0.58467389
QQQ,4,0.99349948,0.00650052
QQQ,4,0.14226630,0.85773370
QQQ,4,0.30427857,0.69572143
QQQ,4,0.99557642,0.00442358
QQQ,4,0.29022703,0.70977297
QQQ,4,0.12297026,0.87702974
QQQ,4,0.29730173,0.70269827
QQQ,4,0.99999982,0.00000018
QQQ,4,0.35535671,0.64464329
QQQ,4,0.14368743,0.85631257
QQQ,4,0.95623036,0.04376964
QQQ,4,0.39552835,0.60447165
QQQ,4,0.79105796,0.20894204
QQQ,4,0.15084146,0.84915854
QQQ,4,0.28550664,0.71449336
QQQ,4,0.97653648,0.02346352
QQQ,4,0.59596172,0.40403828
QQQ,4,0.12163847,0.87836153
QQQ,4,0.82158082,0.17841918
QQQ,4,0.34030853,0.65969147
QQQ,4,0.95303819,0.04696181
QQQ,4,0.12177887,0.87822113
QQQ,4,0.20718412,0.79281588
QQQ,4,0.12681945,0.87318055
QQQ,4,0.80651854,0.19348146
QQQ,4,0.12781751,0.87218249
QQQ,4,0.96753839,0.03246161
QQQ,4,0.24318985,0.75681015
QQQ,4,0.12529901,0.87470099
QQQ,4,0.19344398,0.80655602
QQQ,4,0.44845310,0.55154690
QQQ,4,0.12609778,0.87390222
QQQ,4,0.14733023,0.85266977
QQQ,4,0.27418289,0.72581711
QQQ,4,0.20177946,0.79822054
QQQ,4,0.12986614,0.87013386
QQQ,4,0.56810164,0.43189836
QQQ,4,0.12180024,0.87819976
QQQ,4,0.12249372,0.87750628
QQQ,4,0.73029351,0.26970649
QQQ,4,0.12181253,0.87818747
QQQ,4,0.12501948,0.87498052
QQQ,4,0.24251084,0.75748916
QQQ,4,0.90389128,0.09610872
QQQ,4,0.17783650,0.82216350
QQQ,4,0.12270583,0.87729417
QQQ,4,0.83477288,0.16522712
QQQ,4,0.14480573,0.85519427
QQQ,4,0.12381363,0.87618637
QQQ,4,0.45303951,0.54696049
QQQ,4,0.13250470,0.86749530
QQQ,4,0.99239803,0.00760197
QQQ,4,0.13870115,0.86129885
QQQ,4,0.24833291,0.75166709
QQQ,4,0.25969791,0.74030209
QQQ,4,0.94021421,0.05978579
QQQ,4,0.12966067,0.87033933
QQQ,4,0.12266487,0.87733513
QQQ,4,0.22355028,0.77644972
QQQ,4,0.12345098,0.87654902
QQQ,4,0.12507971,0.87492029
QQQ,4,0.15961288,0.84038712
QQQ,4,0.12740744,0.87259256
QQQ,4,0.12158099,0.87841901
QQQ,4,0.13497045,0.86502955
QQQ,4,0.59973914,0.40026086
QQQ,4,0.21519114,0.78480886
QQQ,4,0.16255941,0.83744059
QQQ,4,0.12435178,0.87564822
QQQ,4,0.20547800,0.79452200
QQQ,4,0.94375854,0.05624146
QQQ,4,0.12879542,0.87120458
QQQ,4,0.33087797,0.66912203
QQQ,4,0.54551493,0.45448507
QQQ,4,0.13051428,0.86948572
QQQ,4,0.12872906,0.87127094
QQQ,4,0.12254717,0.87745283
QQQ,4,0.12185921,0.87814079
QQQ,4,0.66973255,0.33026745
QQQ,4,0.14927727,0.85072273
QQQ,4,0.86306857,0.13693143
QQQ,4,0.12756611,0.87243389
QQQ,4,0.12179677,0.87820323
QQQ,4,0.13237342,0.86762658
QQQ,4,0.50841361,0.49158639
QQQ,4,0.13679847,0.86320153
QQQ,4,0.98763237,0.01236763
QQQ,4,0.29331218,0.70668782
QQQ,4,0.16081556,0.83918444
QQQ,4,0.20908360,0.79091640
QQQ,4,0.16407846,0.83592154
QQQ,4,0.18186948,0.81813052
QQQ,4,0.70027844,0.29972156
QQQ,4,0.14284943,0.85715057
QQQ,4,0.16885646,0.83114354
QQQ,4,0.14761713,0.85238287
QQQ,4,0.14939174,0.85060826
QQQ,4,0.14365252,0.85634748
QQQ,4,0.12508583,0.87491417
QQQ,4,0.31948419,0.68051581
QQQ,4,0.12198066,0.87801934
QQQ,4,0.15380195,0.84619805
QQQ,4,0.17818572,0.82181428
QQQ,4,0.22866498,0.77133502
QQQ,4,0.15153998,0.84846002
QQQ,4,0.17162388,0.82837612
QQQ,4,0.31001062,0.68998938
QQQ,4,0.14370903,0.85629097
QQQ,4,0.20450655,0.79549345
QQQ,4,0.94293517,0.05706483
QQQ,4,0.23576279,0.76423721
QQQ,4,0.14560591,0.85439409
QQQ,4,0.23650631,0.76349369
QQQ,4,0.29423805,0.70576195
QQQ,4,0.12172099,0.87827901
QQQ,4,0.13000781,0.86999219
QQQ,4,0.12261542,0.87738458
QQQ,4,0.12551987,0.87448013
QQQ,4,0.12226151,0.87773849
QQQ,4,0.19279558,0.80720442
QQQ,4,0.51784730,0.48215270
QQQ,4,0.12465472,0.87534528
QQQ,4,0.14043171,0.85956829
QQQ,4,0.61805322,0.38194678
QQQ,4,0.20611030,0.79388970
QQQ,4,0.19547197,0.80452803
QQQ,4,0.20560144,0.79439856
QQQ,4,0.12436665,0.87563335
QQQ,4,0.13399981,0.86600019
QQQ,4,0.12918706,0.87081294
QQQ,4,0.31671859,0.68328141
QQQ,4,0.12194636,0.87805364
QQQ,4,0.12498767,0.87501233
QQQ,4,0.12835173,0.87164827
QQQ,4,0.12446737,0.87553263
QQQ,4,0.13340158,0.86659842
QQQ,4,0.17854237,0.82145763
QQQ,4,0.18460622,0.81539378
QQQ,4,0.35320040,0.64679960
QQQ,4,0.13167381,0.86832619
QQQ,4,0.12221708,0.87778292
QQQ,4,0.94845077,0.05154923
QQQ,4,0.13423011,0.86576989
QQQ,4,0.14780809,0.85219191
QQQ,4,0.41920392,0.58079608
QQQ,4,0.13115063,0.86884937
QQQ,4,0.13921983,0.86078017
QQQ,4,0.14702849,0.85297151
QQQ,4,0.12618701,0.87381299
QQQ,4,0.12186100,0.87813900
QQQ,4,0.27881878,0.72118122
QQQ,4,0.12282379,0.87717621
QQQ,4,0.14409506,0.85590494
QQQ,4,0.18781847,0.81218153
QQQ,4,0.12175044,0.87824956
QQQ,4,0.12285672,0.87714328
QQQ,4,0.13089075,0.86910925
QQQ,4,0.13095264,0.86904736
QQQ,4,0.12815779,0.87184221
QQQ,4,0.34049002,0.65950998
QQQ,4,0.74771675,0.25228325
QQQ,4,0.30857853,0.69142147
QQQ,4,0.89556021,0.10443979
QQQ,4,0.12664606,0.87335394
QQQ,4,0.12446331,0.87553669
QQQ,4,0.12340794,0.87659206
QQQ,4,0.78317836,0.21682164
QQQ,4,0.15743214,0.84256786
QQQ,4,0.69230459,0.30769541
QQQ,4,0.13316721,0.86683279
QQQ,4,0.16126047,0.83873953
QQQ,4,0.13602774,0.86397226
QQQ,4,0.16828063,0.83171937
QQQ,4,0.20094493,0.79905507
QQQ,4,0.13150157,0.86849843
QQQ,4,0.13565830,0.86434170
QQQ,4,0.34596443,0.65403557
QQQ,4,0.14484232,0.85515768
QQQ,4,0.31591842,0.68408158
QQQ,4,0.12687709,0.87312291
QQQ,4,0.13488420,0.86511580
QQQ,4,0.31914266,0.68085734
QQQ,4,0.12173564,0.87826436
QQQ,4,0.18697502,0.81302498
QQQ,4,0.12347244,0.87652756
QQQ,4,0.12936500,0.87063500
QQQ,4,0.13826035,0.86173965
QQQ,4,0.13424734,0.86575266
QQQ,4,0.14570720,0.85429280
QQQ,4,0.18374669,0.81625331
QQQ,4,0.13831894,0.86168106
QQQ,4,0.12769428,0.87230572
QQQ,4,0.18576210,0.81423790
QQQ,4,0.13765082,0.86234918
QQQ,4,0.12279832,0.87720168
QQQ,4,0.23982102,0.76017898
QQQ,4,0.33814076,0.66185924
QQQ,4,0.22146823,0.77853177
QQQ,4,0.15507784,0.84492216
QQQ,4,0.16745439,0.83254561
QQQ,4,0.19487269,0.80512731
QQQ,4,0.14597114,0.85402886
QQQ,4,0.12781009,0.87218991
QQQ,4,0.12775210,0.87224790
QQQ,4,0.17714594,0.82285406
QQQ,4,0.29044142,0.70955858
QQQ,4,0.12167671,0.87832329
QQQ,4,0.14013521,0.85986479
QQQ,4,0.12169619,0.87830381
QQQ,4,0.16437235,0.83562765
QQQ,4,0.12965212,0.87034788
QQQ,4,0.24356413,0.75643587
QQQ,4,0.22297741,0.77702259
QQQ,4,0.12212415,0.87787585
QQQ,4,0.21672324,0.78327676
QQQ,4,0.33721653,0.66278347
QQQ,4,0.28707586,0.71292414
QQQ,4,0.18674985,0.81325015
QQQ,4,0.95889132,0.04110868
QQQ,4,0.12232908,0.87767092
QQQ,4,0.12173415,0.87826585
QQQ,4,0.15886043,0.84113957
QQQ,4,0.83388171,0.16611829
QQQ,4,0.48003721,0.51996279
QQQ,4,0.17434033,0.82565967
QQQ,4,0.16925795,0.83074205
QQQ,4,0.14465008,0.85534992
QQQ,4,0.92118893,0.07881107
QQQ,4,0.15490142,0.84509858
QQQ,4,0.16371491,0.83628509
QQQ,4,0.18966672,0.81033328
QQQ,4,0.12370279,0.87629721
QQQ,4,0.33053986,0.66946014
QQQ,4,0.12662218,0.87337782
QQQ,4,0.27341476,0.72658524
QQQ,4,0.14972368,0.85027632
QQQ,4,0.15609963,0.84390037
QQQ,4,0.12165618,0.87834382
QQQ,4,0.12301867,0.87698133
QQQ,4,0.25879043,0.74120957
QQQ,4,0.18172496,0.81827504
QQQ,4,0.12162116,0.87837884
QQQ,4,0.13036497,0.86963503
QQQ,4,0.30839117,0.69160883
QQQ,4,0.13183733,0.86816267
QQQ,4,0.12390994,0.87609006
QQQ,4,0.12987425,0.87012575
QQQ,4,0.33219756,0.66780244
QQQ,4,0.12682840,0.87317160
QQQ,4,0.14775055,0.85224945
QQQ,4,0.17327706,0.82672294
QQQ,4,0.13473404,0.86526596
QQQ,4,0.12204758,0.87795242
QQQ,4,0.12437955,0.87562045
QQQ,4,0.14656806,0.85343194
QQQ,4,0.12689775,0.87310225
QQQ,4,0.13004707,0.86995293
QQQ,4,0.14148292,0.85851708
QQQ,4,0.17552900,0.82447100
QQQ,4,0.15501345,0.84498655
QQQ,4,0.13151669,0.86848331
QQQ,4,0.12258186,0.87741814
QQQ,4,0.12203854,0.87796146
QQQ,4,0.13524446,0.86475554
QQQ,4,0.12920782,0.87079218
QQQ,4,0.13295343,0.86704657
QQQ,4,0.12157398,0.87842602
QQQ,4,0.17914326,0.82085674
QQQ,4,0.12826826,0.87173174
QQQ,4,0.12367284,0.87632716
QQQ,4,0.12492994,0.87507006
QQQ,4,0.14444496,0.85555504
QQQ,4,0.12247160,0.87752840
QQQ,4,0.13969663,0.86030337
QQQ,4,0.23997078,0.76002922
QQQ,4,0.13929489,0.86070511
QQQ,4,0.21377554,0.78622446
QQQ,4,0.12202116,0.87797884
QQQ,4,0.13428841,0.86571159
QQQ,4,0.14186781,0.85813219
QQQ,4,0.14444662,0.85555338
QQQ,4,0.13569430,0.86430570
QQQ,4,0.12299764,0.87700236
QQQ,4,0.61722850,0.38277150
QQQ,4,0.12179854,0.87820146
QQQ,4,0.36917482,0.63082518
QQQ,4,0.51049954,0.48950046
QQQ,4,0.27164721,0.72835279
QQQ,4,0.95405026,0.04594974
QQQ,4,0.14784984,0.85215016
QQQ,4,0.99273590,0.00726410
QQQ,4,0.90129870,0.09870130
QQQ,4,0.99996281,0.00003719
QQQ,4,0.12158292,0.87841708
QQQ,4,0.56995139,0.43004861
QQQ,4,0.29754356,0.70245644
QQQ,4,0.50278680,0.49721320
QQQ,4,0.12307484,0.87692516
QQQ,4,0.31066155,0.68933845
QQQ,4,0.17745183,0.82254817
QQQ,4,0.99815042,0.00184958
QQQ,4,0.16700992,0.83299008
QQQ,4,0.13934515,0.86065485
QQQ,4,0.12175657,0.87824343
QQQ,4,0.22040772,0.77959228
QQQ,4,0.99481104,0.00518896
QQQ,4,0.13282112,0.86717888
QQQ,4,0.16402372,0.83597628
QQQ,4,0.71409084,0.28590916
QQQ,4,0.20172227,0.79827773
QQQ,4,0.98316693,0.01683307
QQQ,4,0.53025143,0.46974857
QQQ,4,0.13216512,0.86783488
QQQ,4,0.18957084,0.81042916
QQQ,4,0.88064162,0.11935838
QQQ,4,0.20236524,0.79763476
QQQ,4,0.12288898,0.87711102
QQQ,4,0.88679972,0.11320028
QQQ,4,0.14316275,0.85683725
QQQ,4,0.13511435,0.86488565
QQQ,4,0.12305912,0.87694088
QQQ,4,0.16522478,0.83477522
QQQ,4,0.16540204,0.83459796
QQQ,4,0.13637823,0.86362177
QQQ,4,0.35874345,0.64125655
QQQ,4,0.12691307,0.87308693
QQQ,4,0.13365347,0.86634653
QQQ,4,0.99871740,0.00128260
QQQ,4,0.43983063,0.56016937
QQQ,4,0.14094173,0.85905827
QQQ,4,0.13276328,0.86723672
QQQ,4,0.12461163,0.87538837
QQQ,4,0.96615052,0.03384948
QQQ,4,0.15628339,0.84371661
QQQ,4,0.21614249,0.78385751
QQQ,4,0.13214977,0.86785023
QQQ,4,0.27941751,0.72058249
QQQ,4,0.14494359,0.85505641
QQQ,4,0.12362833,0.87637167
QQQ,4,0.89434856,0.10565144
QQQ,4,0.15427365,0.84572635
QQQ,4,0.21529321,0.78470679
QQQ,4,0.26057840,0.73942160
QQQ,4,0.79239359,0.20760641
QQQ,4,0.15639258,0.84360742
QQQ,4,0.18618426,0.81381574
QQQ,4,0.12179462,0.87820538
QQQ,4,0.15690784,0.84309216
QQQ,4,0.16062403,0.83937597
QQQ,4,0.12277072,0.87722928
QQQ,4,0.45812845,0.54187155
QQQ,4,0.12799552,0.87200448
QQQ,4,0.20358204,0.79641796
QQQ,4,0.12313994,0.87686006
QQQ,4,0.12227831,0.87772169
QQQ,4,0.15055033,0.84944967
QQQ,4,0.16815573,0.83184427
QQQ,4,0.90325212,0.09674788
QQQ,4,0.19001410,0.80998590
QQQ,4,0.17636537,0.82363463
QQQ,4,0.12174044,0.87825956
QQQ,4,0.23593006,0.76406994
QQQ,4,0.13419594,0.86580406
QQQ,4,0.30128009,0.69871991
QQQ,4,0.12198982,0.87801018
QQQ,4,0.19828585,0.80171415
QQQ,4,0.52392105,0.47607895
QQQ,4,0.16330956,0.83669044
QQQ,4,0.24609694,0.75390306
QQQ,4,0.22125644,0.77874356
QQQ,4,0.19841483,0.80158517
QQQ,4,0.12927663,0.87072337
QQQ,4,0.92783502,0.07216498
QQQ,4,0.24573676,0.75426324
QQQ,4,0.46186261,0.53813739
QQQ,4,0.13609450,0.86390550
QQQ,4,0.24953386,0.75046614
QQQ,4,0.13421640,0.86578360
QQQ,4,0.13349860,0.86650140
QQQ,4,0.29835123,0.70164877
QQQ,4,0.13899184,0.86100816
QQQ,4,0.15572628,0.84427372
QQQ,4,0.13533522,0.86466478
QQQ,4,0.13198011,0.86801989
QQQ,4,0.43302040,0.56697960
QQQ,4,0.12223292,0.87776708
QQQ,4,0.12345007,0.87654993
QQQ,4,0.12162266,0.87837734
QQQ,4,0.55381327,0.44618673
QQQ,4,0.13303514,0.86696486
QQQ,4,0.12159691,0.87840309
QQQ,4,0.12306960,0.87693040
QQQ,4,0.13401577,0.86598423
QQQ,4,0.12305971,0.87694029
QQQ,4,0.21433573,0.78566427
QQQ,4,0.72478289,0.27521711
QQQ,4,0.16237577,0.83762423
QQQ,4,0.13170177,0.86829823
QQQ,4,0.15245140,0.84754860
QQQ,4,0.12214603,0.87785397
QQQ,4,0.15446575,0.84553425
QQQ,4,0.17246821,0.82753179
QQQ,4,0.12233520,0.87766480
QQQ,4,0.62308378,0.37691622
QQQ,4,0.12501368,0.87498632
QQQ,4,0.17143977,0.82856023
QQQ,4,0.15144652,0.84855348
QQQ,4,0.12393344,0.87606656
QQQ,4,0.15383865,0.84616135
QQQ,4,0.13921416,0.86078584
QQQ,4,0.12829956,0.87170044
QQQ,4,0.12913803,0.87086197
QQQ,4,0.12531416,0.87468584
QQQ,4,0.12382005,0.87617995
QQQ,4,0.12194136,0.87805864
QQQ,4,0.20405299,0.79594701
QQQ,4,0.13789535,0.86210465
QQQ,4,0.25573300,0.74426700
QQQ,4,0.12224349,0.87775651
QQQ,4,0.12380798,0.87619202
QQQ,4,0.13729699,0.86270301
QQQ,4,0.13544038,0.86455962
QQQ,4,0.14494880,0.85505120
QQQ,4,0.38704547,0.61295453
QQQ,4,0.13629730,0.86370270
QQQ,4,0.43225548,0.56774452
QQQ,4,0.12287662,0.87712338
QQQ,4,0.32601839,0.67398161
QQQ,4,0.12295231,0.87704769
QQQ,4,0.17795377,0.82204623
QQQ,4,0.32794014,0.67205986
QQQ,4,0.52474674,0.47525326
QQQ,4,0.12479015,0.87520985
QQQ,4,0.13075729,0.86924271
QQQ,4,0.24446665,0.75553335
QQQ,4,0.55740777,0.44259223
QQQ,4,0.20379895,0.79620105
QQQ,4,0.13091331,0.86908669
QQQ,4,0.12166158,0.87833842
QQQ,4,0.12219340,0.87780660
QQQ,4,0.13031618,0.86968382
QQQ,4,0.12251033,0.87748967
QQQ,4,0.15167003,0.84832997
QQQ,4,0.12725048,0.87274952
QQQ,4,0.12366496,0.87633504
QQQ,4,0.13266783,0.86733217
QQQ,4,0.15867054,0.84132946
QQQ,4,0.12230733,0.87769267
QQQ,4,0.12226650,0.87773350
QQQ,4,0.14568295,0.85431705
QQQ,4,0.12164518,0.87835482
QQQ,4,0.12471520,0.87528480
QQQ,4,0.12169176,0.87830824
QQQ,4,0.12364301,0.87635699
QQQ,4,0.12408705,0.87591295
QQQ,4,0.12479905,0.87520095
QQQ,4,0.12984389,0.87015611
QQQ,4,0.32629162,0.67370838
QQQ,4,0.12158150,0.87841850
QQQ,4,0.17926310,0.82073690
QQQ,4,0.13059064,0.86940936
QQQ,4,0.12160113,0.87839887
QQQ,4,0.13103222,0.86896778
QQQ,4,0.12326349,0.87673651
QQQ,4,0.15573768,0.84426232
QQQ,4,0.12201379,0.87798621
QQQ,4,0.16239070,0.83760930
QQQ,4,0.12827931,0.87172069
QQQ,4,0.20825915,0.79174085
QQQ,4,0.15828147,0.84171853
QQQ,4,0.17062436,0.82937564
QQQ,4,0.25225465,0.74774535
QQQ,4,0.12325269,0.87674731
QQQ,4,0.14263875,0.85736125
QQQ,4,0.14975748,0.85024252
QQQ,4,0.80376028,0.19623972
QQQ,4,0.12991157,0.87008843
QQQ,4,0.43498529,0.56501471
QQQ,4,0.12187437,0.87812563
QQQ,4,0.12514790,0.87485210
QQQ,4,0.14317931,0.85682069
QQQ,4,0.13869251,0.86130749
QQQ,4,0.15329371,0.84670629
QQQ,4,0.12209616,0.87790384
QQQ,4,0.12365290,0.87634710
QQQ,4,0.15639160,0.84360840
QQQ,4,0.12652108,0.87347892
QQQ,4,0.12202280,0.87797720
QQQ,4,0.14956767,0.85043233
QQQ,4,0.12157374,0.87842626
QQQ,4,0.12375579,0.87624421
QQQ,4,0.93849697,0.06150303
QQQ,4,0.19277913,0.80722087
QQQ,4,0.12810490,0.87189510
QQQ,4,0.26685470,0.73314530
QQQ,4,0.12608174,0.87391826
QQQ,4,0.33424457,0.66575543
QQQ,4,0.13482581,0.86517419
QQQ,4,0.50408803,0.49591197
QQQ,4,0.13113452,0.86886548
QQQ,4,0.25473292,0.74526708
QQQ,4,0.12814031,0.87185969
QQQ,4,0.15462878,0.84537122
QQQ,4,0.36393030,0.63606970
QQQ,4,0.13662468,0.86337532
QQQ,4,0.13117214,0.86882786
QQQ,4,0.30259167,0.69740833
QQQ,4,0.82304783,0.17695217
QQQ,4,0.15406760,0.84593240
QQQ,4,0.12730297,0.87269703
QQQ,4,0.49271214,0.50728786
QQQ,4,0.12207397,0.87792603
QQQ,4,0.14811511,0.85188489
QQQ,4,0.45156702,0.54843298
QQQ,4,0.13036868,0.86963132
QQQ,4,0.13342630,0.86657370
QQQ,4,0.18882348,0.81117652
QQQ,4,0.13793580,0.86206420
QQQ,4,0.12403629,0.87596371
QQQ,4,0.12207759,0.87792241
QQQ,4,0.12719459,0.87280541
QQQ,4,0.12598246,0.87401754
QQQ,4,0.12430406,0.87569594
QQQ,4,0.12188014,0.87811986
QQQ,4,0.13507377,0.86492623
QQQ,4,0.12940566,0.87059434
QQQ,4,0.15602307,0.84397693
QQQ,4,0.16208714,0.83791286
QQQ,4,0.12321594,0.87678406
QQQ,4,0.12305146,0.87694854
QQQ,4,0.15484907,0.84515093
QQQ,4,0.14203917,0.85796083
QQQ,4,0.67120602,0.32879398
QQQ,4,0.18353437,0.81646563
QQQ,4,0.13173592,0.86826408
QQQ,4,0.14846172,0.85153828
QQQ,4,0.15797920,0.84202080
QQQ,4,0.12192604,0.87807396
QQQ,4,0.12172701,0.87827299
QQQ,4,0.12356100,0.87643900
QQQ,4,0.13609786,0.86390214
QQQ,4,0.12371963,0.87628037
QQQ,4,0.14262329,0.85737671
QQQ,4,0.12614800,0.87385200
QQQ,4,0.12943152,0.87056848
QQQ,4,0.17350197,0.82649803
QQQ,4,0.15012064,0.84987936
QQQ,4,0.14465822,0.85534178
QQQ,4,0.22682172,0.77317828
QQQ,4,0.44160034,0.55839966
QQQ,4,0.12253516,0.87746484
QQQ,4,0.15823814,0.84176186
QQQ,4,0.12760934,0.87239066
QQQ,4,0.15487476,0.84512524
QQQ,4,0.31593338,0.68406662
QQQ,4,0.15572082,0.84427918
QQQ,4,0.12600605,0.87399395
QQQ,4,0.14266067,0.85733933
QQQ,4,0.13945700,0.86054300
QQQ,4,0.38447924,0.61552076
QQQ,4,0.58804673,0.41195327
QQQ,4,0.12327553,0.87672447
QQQ,4,0.34869861,0.65130139
QQQ,4,0.17958374,0.82041626
QQQ,4,0.12718878,0.87281122
QQQ,4,0.16257129,0.83742871
QQQ,4,0.12215027,0.87784973
QQQ,4,0.34412176,0.65587824
QQQ,4,0.12206171,0.87793829
QQQ,4,0.23200980,0.76799020
QQQ,4,0.47759600,0.52240400
QQQ,4,0.13367982,0.86632018
QQQ,4,0.13148814,0.86851186
QQQ,4,0.13455164,0.86544836
QQQ,4,0.61344768,0.38655232
QQQ,4,0.14297214,0.85702786
QQQ,4,0.19030913,0.80969087
QQQ,4,0.39753453,0.60246547
QQQ,4,0.32831659,0.67168341
QQQ,4,0.31946196,0.68053804
QQQ,4,0.14008909,0.85991091
QQQ,4,0.29531086,0.70468914
QQQ,4,0.36671983,0.63328017
QQQ,4,0.14944769,0.85055231
QQQ,4,0.13363975,0.86636025
QQQ,4,0.29710149,0.70289851
QQQ,4,0.12307179,0.87692821
QQQ,4,0.43271438,0.56728562
QQQ,4,0.17096233,0.82903767
QQQ,4,0.12660519,0.87339481
QQQ,4,0.23404779,0.76595221
QQQ,4,0.24477763,0.75522237
QQQ,4,0.13781047,0.86218953
QQQ,4,0.69308923,0.30691077
QQQ,4,0.12725442,0.87274558
QQQ,4,0.15759617,0.84240383
QQQ,4,0.20622627,0.79377373
QQQ,4,0.12219314,0.87780686
QQQ,4,0.12643998,0.87356002
QQQ,4,0.83865336,0.16134664
QQQ,4,0.12165644,0.87834356
QQQ,4,0.13308900,0.86691100
QQQ,4,0.13778435,0.86221565
QQQ,4,0.85127743,0.14872257
QQQ,4,0.16181332,0.83818668
QQQ,4,0.99997759,0.00002241
QQQ,4,0.17665981,0.82334019
QQQ,4,1.00000000,0.00000000
QQQ,4,0.99962251,0.00037749
QQQ,4,0.99958367,0.00041633
QQQ,4,0.99948831,0.00051169
QQQ,4,0.18617587,0.81382413
QQQ,4,0.39257320,0.60742680
QQQ,4,0.15177614,0.84822386
QQQ,4,0.13912139,0.86087861
QQQ,4,0.99999405,0.00000595
QQQ,4,0.62529967,0.37470033
QQQ,4,0.12157438,0.87842562
QQQ,4,0.99810450,0.00189550
QQQ,4,0.18728799,0.81271201
QQQ,4,0.29210410,0.70789590
QQQ,4,0.79711829,0.20288171
QQQ,4,0.91942019,0.08057981
QQQ,4,0.17840532,0.82159468
QQQ,4,0.12911935,0.87088065
QQQ,4,0.16561830,0.83438170
QQQ,4,0.75517112,0.24482888
QQQ,4,0.12293817,0.87706183
QQQ,4,0.74955565,0.25044435
QQQ,4,0.12911388,0.87088612
QQQ,4,0.64326032,0.35673968
QQQ,4,0.22276329,0.77723671
QQQ,4,0.25867081,0.74132919
QQQ,4,0.32595392,0.67404608
QQQ,4,0.36448156,0.63551844
QQQ,4,0.20897638,0.79102362
QQQ,4,0.12359750,0.87640250
QQQ,4,0.12958378,0.87041622
QQQ,4,0.42411790,0.57588210
QQQ,4,0.98750775,0.01249225
QQQ,4,0.16156183,0.83843817
QQQ,4,0.19820499,0.80179501
QQQ,4,0.20876622,0.79123378
QQQ,4,0.28171749,0.71828251
QQQ,4,0.23505480,0.76494520
QQQ,4,0.88767156,0.11232844
QQQ,4,0.91386039,0.08613961
QQQ,4,0.41430742,0.58569258
QQQ,4,0.79729846,0.20270154
QQQ,4,0.47106286,0.52893714
QQQ,4,0.13304947,0.86695053
QQQ,4,0.99044983,0.00955017
QQQ,4,0.17433516,0.82566484
QQQ,4,0.15245831,0.84754169
QQQ,4,0.19599143,0.80400857
QQQ,4,0.52005442,0.47994558
QQQ,4,0.28608012,0.71391988
QQQ,4,0.24325003,0.75674997
QQQ,4,0.50570098,0.49429902
QQQ,4,0.14087061,0.85912939
QQQ,4,0.21797632,0.78202368
QQQ,4,0.59337190,0.40662810
QQQ,4,0.46024941,0.53975059
QQQ,4,0.12247035,0.87752965
QQQ,4,0.86598519,0.13401481
QQQ,4,0.12641948,0.87358052
QQQ,4,0.34648401,0.65351599
QQQ,4,0.87572464,0.12427536
QQQ,4,0.14709788,0.85290212
QQQ,4,0.52313963,0.47686037
QQQ,4,0.13172069,0.86827931
QQQ,4,0.16018781,0.83981219
QQQ,4,0.23151914,0.76848086
QQQ,4,0.98983579,0.01016421
QQQ,4,0.12383880,0.87616120
QQQ,4,0.40742297,0.59257703
QQQ,4,0.14139688,0.85860312
QQQ,4,0.21779640,0.78220360
QQQ,4,0.35865892,0.64134108
QQQ,4,0.76544294,0.23455706
QQQ,4,0.18816819,0.81183181
QQQ,4,0.60540468,0.39459532
QQQ,4,0.12267666,0.87732334
QQQ,4,0.75018686,0.24981314
QQQ,4,0.17996305,0.82003695
QQQ,4,0.97811112,0.02188888
QQQ,4,0.13654779,0.86345221
QQQ,4,0.99619479,0.00380521
QQQ,4,0.17884859,0.82115141
QQQ,4,0.12178055,0.87821945
QQQ,4,0.22221818,0.77778182
QQQ,4,0.12383666,0.87616334
QQQ,4,0.12164518,0.87835482
QQQ,4,0.39709152,0.60290848
QQQ,4,0.31846659,0.68153341
QQQ,4,0.21454231,0.78545769
QQQ,4,0.21502323,0.78497677
QQQ,4,0.38882869,0.61117131
QQQ,4,0.13227865,0.86772135
QQQ,4,0.13117458,0.86882542
QQQ,4,0.19294631,0.80705369
QQQ,4,0.92466728,0.07533272
QQQ,4,0.26115237,0.73884763
QQQ,4,0.17570059,0.82429941
QQQ,4,0.17377296,0.82622704
QQQ,4,0.12980443,0.87019557
QQQ,4,0.21127020,0.78872980
QQQ,4,0.15124228,0.84875772
QQQ,4,0.12652505,0.87347495
QQQ,4,0.49575445,0.50424555
QQQ,4,0.13809480,0.86190520
QQQ,4,0.18162596,0.81837404
QQQ,4,0.13323349,0.86676651
QQQ,4,0.12531440,0.87468560
QQQ,4,0.15691907,0.84308093
QQQ,4,0.12504691,0.87495309
QQQ,4,0.13313631,0.86686369
QQQ,4,0.12761297,0.87238703
QQQ,4,0.17866140,0.82133860
QQQ,4,0.27487098,0.72512902
QQQ,4,0.15655009,0.84344991
QQQ,4,0.12167538,0.87832462
QQQ,4,0.12194003,0.87805997
QQQ,4,0.12328767,0.87671233
QQQ,4,0.24227335,0.75772665
QQQ,4,0.12638861,0.87361139
QQQ,4,0.12821191,0.87178809
QQQ,4,0.12216537,0.87783463
QQQ,4,0.12295344,0.87704656
QQQ,4,0.16622847,0.83377153
QQQ,4,0.12957668,0.87042332
QQQ,4,0.29297461,0.70702539
QQQ,4,0.12160892,0.87839108
QQQ,4,0.12614393,0.87385607
QQQ,4,0.14098998,0.85901002
QQQ,4,0.15986652,0.84013348
QQQ,4,0.14614061,0.85385939
QQQ,4,0.17965956,0.82034044
QQQ,4,0.12645194,0.87354806
QQQ,4,0.14799284,0.85200716
QQQ,4,0.26896698,0.73103302
QQQ,4,0.12554413,0.87445587
QQQ,4,0.12764939,0.87235061
QQQ,4,0.13323804,0.86676196
QQQ,4,0.14849467,0.85150533
QQQ,4,0.12942859,0.87057141
QQQ,4,0.12360144,0.87639856
QQQ,4,0.19950733,0.80049267
QQQ,4,0.12998419,0.87001581
QQQ,4,0.16557921,0.83442079
QQQ,4,0.12165221,0.87834779
QQQ,4,0.19337104,0.80662896
QQQ,4,0.19943057,0.80056943
QQQ,4,0.14980161,0.85019839
QQQ,4,0.20175932,0.79824068
QQQ,4,0.13631410,0.86368590
QQQ,4,0.12248347,0.87751653
QQQ,4,0.48860239,0.51139761
QQQ,4,0.13481974,0.86518026
QQQ,4,0.13090928,0.86909072
QQQ,4,0.12157918,0.87842082
QQQ,4,0.15607502,0.84392498
QQQ,4,0.12447156,0.87552844
QQQ,4,0.12177476,0.87822524
QQQ,4,0.12367219,0.87632781
QQQ,4,0.12181958,0.87818042
QQQ,4,0.40932171,0.59067829
QQQ,4,0.12495529,0.87504471
QQQ,4,0.12734087,0.87265913
QQQ,4,0.12978495,0.87021505
QQQ,4,0.12438708,0.87561292
QQQ,4,0.19190323,0.80809677
QQQ,4,0.12158197,0.87841803
QQQ,4,0.26594126,0.73405874
QQQ,4,0.14069630,0.85930370
QQQ,4,0.16129241,0.83870759
QQQ,4,0.37974745,0.62025255
QQQ,4,0.12907143,0.87092857
QQQ,4,0.20574526,0.79425474
QQQ,4,0.30699890,0.69300110
QQQ,4,0.22365783,0.77634217
QQQ,4,0.49371360,0.50628640
QQQ,4,0.12409808,0.87590192
QQQ,4,0.20672439,0.79327561
QQQ,4,0.12794055,0.87205945
QQQ,4,0.18858529,0.81141471
QQQ,4,0.14594790,0.85405210
QQQ,4,0.82027732,0.17972268
QQQ,4,0.15243404,0.84756596
QQQ,4,0.15694157,0.84305843
QQQ,4,0.14562614,0.85437386
QQQ,4,0.12341200,0.87658800
QQQ,4,0.12593940,0.87406060
QQQ,4,0.20067654,0.79932346
QQQ,4,0.83256551,0.16743449
QQQ,4,0.12210809,0.87789191
QQQ,4,0.13669452,0.86330548
QQQ,4,0.12975496,0.87024504
QQQ,4,0.12536473,0.87463527
QQQ,4,0.12169954,0.87830046
QQQ,4,0.18534731,0.81465269
QQQ,4,0.13069036,0.86930964
QQQ,4,0.15763184,0.84236816
QQQ,4,0.65950533,0.34049467
QQQ,4,0.30988115,0.69011885
QQQ,4,0.83334940,0.16665060
QQQ,4,0.12172870,0.87827130
QQQ,4,0.12623336,0.87376664
QQQ,4,0.14561795,0.85438205
QQQ,4,0.12273190,0.87726810
QQQ,4,0.23908174,0.76091826
QQQ,4,0.16252416,0.83747584
QQQ,4,0.13268520,0.86731480
QQQ,4,0.89165161,0.10834839
QQQ,4,0.14256269,0.85743731
QQQ,4,0.12745131,0.87254869
QQQ,4,0.69995398,0.30004602
QQQ,4,0.12549187,0.87450813
QQQ,4,0.20175551,0.79824449
QQQ,4,0.37182829,0.62817171
QQQ,4,0.22547543,0.77452457
QQQ,4,0.15185274,0.84814726
QQQ,4,0.12963447,0.87036553
QQQ,4,0.23945943,0.76054057
QQQ,4,0.19545254,0.80454746
QQQ,4,0.21965080,0.78034920
QQQ,4,0.12397915,0.87602085
QQQ,4,0.78071957,0.21928043
QQQ,4,0.18098606,0.81901394
QQQ,4,0.54562573,0.45437427
QQQ,4,0.13857717,0.86142283
QQQ,4,0.14023006,0.85976994
QQQ,4,0.20631081,0.79368919
QQQ,4,0.95765210,0.04234790
QQQ,4,0.13292687,0.86707313
QQQ,4,0.18990383,0.81009617
QQQ,4,0.12310790,0.87689210
QQQ,4,0.22948399,0.77051601
QQQ,4,0.12500771,0.87499229
QQQ,4,0.20160945,0.79839055
QQQ,4,0.14718290,0.85281710
QQQ,4,0.19751350,0.80248650
QQQ,4,0.29089447,0.70910553
QQQ,4,0.12544835,0.87455165
QQQ,4,0.14078221,0.85921779
QQQ,4,0.27945632,0.72054368
QQQ,4,0.23307960,0.76692040
QQQ,4,0.23364901,0.76635099
QQQ,4,0.23592335,0.76407665
QQQ,4,0.17656854,0.82343146
QQQ,4,0.16196862,0.83803138
QQQ,4,0.23606967,0.76393033
QQQ,4,0.74207573,0.25792427
QQQ,4,0.12219389,0.87780611
QQQ,4,0.12203861,0.87796139
QQQ,4,0.12540968,0.87459032
QQQ,4,0.12932215,0.87067785
QQQ,4,0.46634215,0.53365785
QQQ,4,0.16946128,0.83053872
QQQ,4,0.18472253,0.81527747
QQQ,4,0.12180790,0.87819210
QQQ,4,0.12927445,0.87072555
QQQ,4,0.12206684,0.87793316
QQQ,4,0.12558607,0.87441393
QQQ,4,0.12182162,0.87817838
QQQ,4,0.12585900,0.87414100
QQQ,4,0.23309559,0.76690441
QQQ,4,0.13827419,0.86172581
QQQ,4,0.12469751,0.87530249
QQQ,4,0.12873330,0.87126670
QQQ,4,0.13158715,0.86841285
QQQ,4,0.16522685,0.83477315
QQQ,4,0.14278924,0.85721076
QQQ,4,0.12309089,0.87690911
QQQ,4,0.12162021,0.87837979
QQQ,4,0.12158057,0.87841943
QQQ,4,0.19365690,0.80634310
QQQ,4,0.14448259,0.85551741
QQQ,4,0.12230717,0.87769283
QQQ,4,0.12207402,0.87792598
QQQ,4,0.65082215,0.34917785
QQQ,4,0.12159699,0.87840301
QQQ,4,0.23174311,0.76825689
QQQ,4,0.12413174,0.87586826
QQQ,4,0.12488008,0.87511992
QQQ,4,0.26623960,0.73376040
QQQ,4,0.18699414,0.81300586
QQQ,4,0.12306103,0.87693897
QQQ,4,0.12290799,0.87709201
QQQ,4,0.12424868,0.87575132
QQQ,4,0.12193045,0.87806955
QQQ,4,0.12163611,0.87836389
QQQ,4,0.14348847,0.85651153
QQQ,4,0.29941493,0.70058507
QQQ,4,0.18068962,0.81931038
QQQ,4,0.24370390,0.75629610
QQQ,4,0.16535282,0.83464718
QQQ,4,0.12289464,0.87710536
QQQ,4,0.12553638,0.87446362
QQQ,4,0.14784701,0.85215299
QQQ,4,0.13064023,0.86935977
QQQ,4,0.13569225,0.86430775
QQQ,4,0.17982340,0.82017660
QQQ,4,0.38937631,0.61062369
QQQ,4,0.14793029,0.85206971
QQQ,4,0.13302029,0.86697971
QQQ,4,0.12236389,0.87763611
QQQ,4,0.15265005,0.84734995
QQQ,4,0.29787944,0.70212056
QQQ,4,0.12173714,0.87826286
QQQ,4,0.20957984,0.79042016
QQQ,4,0.78974814,0.21025186
QQQ,4,0.12808718,0.87191282
QQQ,4,0.20311529,0.79688471
QQQ,4,0.13221716,0.86778284
QQQ,4,0.12193506,0.87806494
QQQ,4,0.12566273,0.87433727
QQQ,4,0.14477356,0.85522644
QQQ,4,0.28193644,0.71806356
QQQ,4,0.19497616,0.80502384
QQQ,4,0.14872601,0.85127399
QQQ,4,0.12362197,0.87637803
QQQ,4,0.73636200,0.26363800
QQQ,4,0.40456645,0.59543355
QQQ,4,0.12470450,0.87529550
QQQ,4,0.12215437,0.87784563
QQQ,4,0.15461057,0.84538943
QQQ,4,0.23855410,0.76144590
QQQ,4,0.13310352,0.86689648
QQQ,4,0.12888740,0.87111260
QQQ,4,0.72758679,0.27241321
QQQ,4,0.12332598,0.87667402
QQQ,4,0.12761904,0.87238096
QQQ,4,0.34046371,0.65953629
QQQ,4,0.13977232,0.86022768
QQQ,4,0.12498773,0.87501227
QQQ,4,0.17447691,0.82552309
QQQ,4,0.14765909,0.85234091
QQQ,4,0.12209871,0.87790129
QQQ,4,0.12323928,0.87676072
QQQ,4,0.12182231,0.87817769
QQQ,4,0.21585483,0.78414517
QQQ,4,0.14169264,0.85830736
QQQ,4,0.14539630,0.85460370
QQQ,4,0.12589265,0.87410735
QQQ,4,0.25407774,0.74592226
QQQ,4,0.12254633,0.87745367
QQQ,4,0.15733406,0.84266594
QQQ,4,0.19059860,0.80940140
QQQ,4,0.24042117,0.75957883
QQQ,4,0.32934082,0.67065918
QQQ,4,0.12701299,0.87298701
QQQ,4,0.12177778,0.87822222
QQQ,4,0.20054842,0.79945158
QQQ,4,0.12544490,0.87455510
QQQ,4,0.18331519,0.81668481
QQQ,4,0.12469088,0.87530912
QQQ,4,0.19710640,0.80289360
QQQ,4,0.55789409,0.44210591
QQQ,4,0.97253433,0.02746567
QQQ,4,0.12547215,0.87452785
QQQ,4,0.12370402,0.87629598
QQQ,4,0.12170156,0.87829844
QQQ,4,0.12382658,0.87617342
QQQ,4,0.12915889,0.87084111
QQQ,4,0.14468021,0.85531979
QQQ,4,0.12352712,0.87647288
QQQ,4,0.13151727,0.86848273
QQQ,4,0.13695822,0.86304178
QQQ,4,0.12934185,0.87065815
QQQ,4,0.13505689,0.86494311
QQQ,4,0.12362464,0.87637536
QQQ,4,0.12338552,0.87661448
QQQ,4,0.14543974,0.85456026
QQQ,4,0.26935913,0.73064087
QQQ,4,0.13432525,0.86567475
QQQ,4,0.12386652,0.87613348
QQQ,4,0.12164343,0.87835657
QQQ,4,0.12388572,0.87611428
QQQ,4,0.12463618,0.87536382
QQQ,4,0.22183433,0.77816567
QQQ,4,0.40187803,0.59812197
QQQ,4,0.29040039,0.70959961
QQQ,4,0.12722645,0.87277355
QQQ,4,0.12241663,0.87758337
QQQ,4,0.19585404,0.80414596
QQQ,4,0.12211570,0.87788430
QQQ,4,0.12946479,0.87053521
QQQ,4,0.12874145,0.87125855
QQQ,4,0.12159956,0.87840044
QQQ,4,0.12639225,0.87360775
QQQ,4,0.15345995,0.84654005
QQQ,4,0.32724234,0.67275766
QQQ,4,0.21828460,0.78171540
QQQ,4,0.17351817,0.82648183
QQQ,4,0.24533284,0.75466716
QQQ,4,0.12786584,0.87213416
QQQ,4,0.19010316,0.80989684
QQQ,4,0.12276798,0.87723202
QQQ,4,0.13378914,0.86621086
QQQ,4,0.13533458,0.86466542
QQQ,4,0.32500004,0.67499996
QQQ,4,0.12268566,0.87731434
QQQ,4,0.12788167,0.87211833
QQQ,4,0.12279090,0.87720910
QQQ,4,0.12745496,0.87254504
QQQ,4,0.12838659,0.87161341
QQQ,4,0.12263074,0.87736926
QQQ,4,0.12745236,0.87254764
QQQ,4,0.12582980,0.87417020
QQQ,4,0.12450733,0.87549267
QQQ,4,0.12419873,0.87580127
QQQ,4,0.15069717,0.84930283
QQQ,4,0.21357654,0.78642346
QQQ,4,0.18126003,0.81873997
QQQ,4,0.12903092,0.87096908
QQQ,4,0.14037300,0.85962700
QQQ,4,0.12293906,0.87706094
QQQ,4,0.12616158,0.87383842
QQQ,4,0.14898174,0.85101826
QQQ,4,0.15957036,0.84042964
QQQ,4,0.17675728,0.82324272
QQQ,4,0.12157451,0.87842549
QQQ,4,0.17256676,0.82743324
QQQ,4,0.13513639,0.86486361
QQQ,4,0.14895479,0.85104521
QQQ,4,0.53565215,0.46434785
QQQ,4,0.12225556,0.87774444
QQQ,4,0.12162553,0.87837447
QQQ,4,0.53004226,0.46995774
QQQ,4,0.23536593,0.76463407
QQQ,4,0.54251859,0.45748141
QQQ,4,0.31248337,0.68751663
QQQ,4,0.23138608,0.76861392
QQQ,4,0.19486552,0.80513448
QQQ,4,0.19997554,0.80002446
QQQ,4,0.12186180,0.87813820
QQQ,4,0.14387795,0.85612205
QQQ,4,0.12574862,0.87425138
QQQ,4,0.18096768,0.81903232
QQQ,4,0.16023888,0.83976112
QQQ,4,0.13042007,0.86957993
QQQ,4,0.25076422,0.74923578
QQQ,4,0.24142235,0.75857765
QQQ,4,0.13755366,0.86244634
QQQ,4,0.12165457,0.87834543
QQQ,4,0.13836281,0.86163719
QQQ,4,0.12221035,0.87778965
QQQ,4,0.14616847,0.85383153
QQQ,4,0.12303203,0.87696797
QQQ,4,0.14058115,0.85941885
QQQ,4,0.12516742,0.87483258
QQQ,4,0.12183286,0.87816714
QQQ,4,0.18777914,0.81222086
QQQ,4,0.12206364,0.87793636
QQQ,4,0.12278085,0.87721915
QQQ,4,0.17237799,0.82762201
QQQ,4,0.12589952,0.87410048
QQQ,4,0.12225317,0.87774683
QQQ,4,0.14613607,0.85386393
QQQ,4,0.13377154,0.86622846
QQQ,4,0.13882415,0.86117585
QQQ,4,0.17781564,0.82218436
QQQ,4,0.12282123,0.87717877
QQQ,4,0.14005425,0.85994575
QQQ,4,0.26893224,0.73106776
QQQ,4,0.13028983,0.86971017
QQQ,4,0.26224771,0.73775229
QQQ,4,0.12238788,0.87761212
QQQ,4,0.18195607,0.81804393
QQQ,4,0.23088832,0.76911168
QQQ,4,0.22209178,0.77790822
QQQ,4,0.14907524,0.85092476
QQQ,4,0.18599985,0.81400015
QQQ,4,0.17059701,0.82940299
QQQ,4,0.19764919,0.80235081
QQQ,4,0.77326385,0.22673615
QQQ,4,0.15269162,0.84730838
QQQ,4,0.22177657,0.77822343
QQQ,4,0.14433205,0.85566795
QQQ,4,0.17192952,0.82807048
QQQ,4,0.13615585,0.86384415
QQQ,4,0.12417170,0.87582830
QQQ,4,0.14930477,0.85069523
QQQ,4,0.12210565,0.87789435
QQQ,4,0.13330349,0.86669651
QQQ,4,0.16316831,0.83683169
QQQ,4,0.12313131,0.87686869
QQQ,4,0.14838481,0.85161519
QQQ,4,0.14619176,0.85380824
QQQ,4,0.56690637,0.43309363
QQQ,4,0.14310778,0.85689222
QQQ,4,0.12908235,0.87091765
QQQ,4,0.12182603,0.87817397
QQQ,4,0.12599906,0.87400094
QQQ,4,0.12487692,0.87512308
QQQ,4,0.19998003,0.80001997
QQQ,4,0.12456728,0.87543272
QQQ,4,0.16055328,0.83944672
QQQ,4,0.12609413,0.87390587
QQQ,4,0.14488611,0.85511389
QQQ,4,0.14202230,0.85797770
QQQ,4,0.12249800,0.87750200
QQQ,4,0.14067610,0.85932390
QQQ,4,0.12437219,0.87562781
QQQ,4,0.20068078,0.79931922
QQQ,4,0.14682611,0.85317389
QQQ,4,0.12289374,0.87710626
QQQ,4,0.14043913,0.85956087
QQQ,4,0.12389489,0.87610511
QQQ,4,0.13451284,0.86548716
QQQ,4,0.13082546,0.86917454
QQQ,4,0.12463188,0.87536812
QQQ,4,0.14096322,0.85903678
QQQ,4,0.12829807,0.87170193
QQQ,4,0.40001654,0.59998346
QQQ,4,0.12269073,0.87730927
QQQ,4,0.12563458,0.87436542
QQQ,4,0.13102682,0.86897318
QQQ,4,0.12840359,0.87159641
QQQ,4,0.18813594,0.81186406
QQQ,4,0.15421308,0.84578692
QQQ,4,0.12261546,0.87738454
QQQ,4,0.56002747,0.43997253
QQQ,4,0.12638617,0.87361383
QQQ,4,0.14657879,0.85342121
QQQ,4,0.14564988,0.85435012
QQQ,4,0.14067761,0.85932239
QQQ,4,0.20619440,0.79380560
QQQ,4,0.12529089,0.87470911
QQQ,4,0.12348001,0.87651999
QQQ,4,0.23162466,0.76837534
QQQ,4,0.14159585,0.85840415
QQQ,4,0.12223608,0.87776392
QQQ,4,0.12164066,0.87835934
QQQ,4,0.12182820,0.87817180
QQQ,4,0.12581295,0.87418705
QQQ,4,0.14837406,0.85162594
QQQ,4,0.23658259,0.76341741
QQQ,4,0.12823489,0.87176511
QQQ,4,0.12594143,0.87405857
QQQ,4,0.12353171,0.87646829
QQQ,4,0.12158841,0.87841159
QQQ,4,0.12911398,0.87088602
QQQ,4,0.15798476,0.84201524
QQQ,4,0.12214774,0.87785226
QQQ,4,0.12432424,0.87567576
QQQ,4,0.19216906,0.80783094
QQQ,4,0.12158146,0.87841854
QQQ,4,0.21763469,0.78236531
QQQ,4,0.16437666,0.83562334
QQQ,4,0.16805129,0.83194871
QQQ,4,0.53484372,0.46515628
QQQ,4,0.13420011,0.86579989
QQQ,4,0.53744709,0.46255291
QQQ,4,0.17088844,0.82911156
QQQ,4,0.16748389,0.83251611
QQQ,4,0.12629330,0.87370670
QQQ,4,0.22370786,0.77629214
QQQ,4,0.14674724,0.85325276
QQQ,4,0.39565879,0.60434121
QQQ,4,0.12893634,0.87106366
QQQ,4,0.12522307,0.87477693
QQQ,4,0.14110555,0.85889445
QQQ,4,0.13239569,0.86760431
QQQ,4,0.15441340,0.84558660
QQQ,4,0.12192087,0.87807913
QQQ,4,0.12405701,0.87594299
QQQ,4,0.12187465,0.87812535
QQQ,4,0.12445477,0.87554523
QQQ,4,0.12157799,0.87842201
QQQ,4,0.12263556,0.87736444
QQQ,4,0.12232649,0.87767351
QQQ,4,0.12158179,0.87841821
QQQ,4,0.49125388,0.50874612
QQQ,4,0.24047830,0.75952170
QQQ,4,0.12324440,0.87675560
QQQ,4,0.12352596,0.87647404
QQQ,4,0.23543819,0.76456181
QQQ,4,0.13083866,0.86916134
QQQ,4,0.12574320,0.87425680
QQQ,4,0.18229911,0.81770089
QQQ,4,0.12778422,0.87221578
QQQ,4,0.12685904,0.87314096
QQQ,4,0.18742563,0.81257437
QQQ,4,0.14193356,0.85806644
QQQ,4,0.12727184,0.87272816
QQQ,4,0.14197472,0.85802528
QQQ,4,0.15816915,0.84183085
QQQ,4,0.14990096,0.85009904
QQQ,4,0.12430549,0.87569451
QQQ,4,0.12176108,0.87823892
QQQ,4,0.12202991,0.87797009
QQQ,4,0.12252100,0.87747900
QQQ,4,0.15470665,0.84529335
QQQ,4,0.13338767,0.86661233
QQQ,4,0.12158392,0.87841608
QQQ,4,0.24935340,0.75064660
QQQ,4,0.12783719,0.87216281
QQQ,4,0.12399143,0.87600857
QQQ,4,0.13768418,0.86231582
QQQ,4,0.12359920,0.87640080
QQQ,4,0.22472812,0.77527188
QQQ,4,0.12427436,0.87572564
QQQ,4,0.20153869,0.79846131
QQQ,4,0.21221172,0.78778828
QQQ,4,0.12300041,0.87699959
QQQ,4,0.13096123,0.86903877
QQQ,4,0.12409785,0.87590215
QQQ,4,0.12271361,0.87728639
QQQ,4,0.14696821,0.85303179
QQQ,4,0.15910854,0.84089146
QQQ,4,0.15738406,0.84261594
QQQ,4,0.13323338,0.86676662
QQQ,4,0.17135334,0.82864666
QQQ,4,0.12487919,0.87512081
QQQ,4,0.12644274,0.87355726
QQQ,4,0.12778483,0.87221517
QQQ,4,0.31140324,0.68859676
QQQ,4,0.45301389,0.54698611
QQQ,4,0.17124675,0.82875325
QQQ,4,0.12250370,0.87749630
QQQ,4,0.13747943,0.86252057
QQQ,4,0.15837211,0.84162789
QQQ,4,0.12625523,0.87374477
QQQ,4,0.12676390,0.87323610
QQQ,4,0.54085292,0.45914708
QQQ,4,0.20949477,0.79050523
QQQ,4,0.12416022,0.87583978
QQQ,4,0.22283969,0.77716031
QQQ,4,0.41729504,0.58270496
QQQ,4,0.12438458,0.87561542
QQQ,4,0.69322339,0.30677661
QQQ,4,0.14467546,0.85532454
QQQ,4,0.12756743,0.87243257
QQQ,4,0.24438569,0.75561431
QQQ,4,0.45750143,0.54249857
QQQ,4,0.15627076,0.84372924
QQQ,4,0.24817558,0.75182442
QQQ,4,0.12754031,0.87245969
QQQ,4,0.16663658,0.83336342
QQQ,4,0.12594552,0.87405448
QQQ,4,0.13988217,0.86011783
QQQ,4,0.14736892,0.85263108
QQQ,4,0.13431425,0.86568575
QQQ,4,0.12256004,0.87743996
QQQ,4,0.13948545,0.86051455
QQQ,4,0.12198301,0.87801699
QQQ,4,0.12184923,0.87815077
QQQ,4,0.14771988,0.85228012
QQQ,4,0.12190821,0.87809179
QQQ,4,0.15523136,0.84476864
QQQ,4,0.23808134,0.76191866
QQQ,4,0.12744508,0.87255492
QQQ,4,0.12160890,0.87839110
QQQ,4,0.13521717,0.86478283
QQQ,4,0.12184308,0.87815692
QQQ,4,0.13375894,0.86624106
QQQ,4,0.12875770,0.87124230
QQQ,4,0.29394349,0.70605651
QQQ,4,0.15872052,0.84127948
QQQ,4,0.16066087,0.83933913
QQQ,4,0.23211201,0.76788799
QQQ,4,0.13396171,0.86603829
QQQ,4,0.12729298,0.87270702
QQQ,4,0.23143069,0.76856931
QQQ,4,0.18227457,0.81772543
QQQ,4,0.12445359,0.87554641
QQQ,4,0.26704556,0.73295444
QQQ,4,0.14769418,0.85230582
QQQ,4,0.12218763,0.87781237
QQQ,4,0.15078862,0.84921138
QQQ,4,0.43336171,0.56663829
QQQ,4,0.13065495,0.86934505
QQQ,4,0.15188076,0.84811924
QQQ,4,0.87839233,0.12160767
QQQ,4,0.21689655,0.78310345
QQQ,4,0.15582108,0.84417892
QQQ,4,0.38286386,0.61713614
QQQ,4,0.95407164,0.04592836
QQQ,4,0.24766622,0.75233378
QQQ,4,0.14394460,0.85605540
QQQ,4,0.12632377,0.87367623
QQQ,4,0.26767934,0.73232066
QQQ,4,0.12238545,0.87761455
QQQ,4,0.16536620,0.83463380
QQQ,4,0.17093501,0.82906499
QQQ,4,0.16319736,0.83680264
QQQ,4,0.18426760,0.81573240
QQQ,4,0.34993098,0.65006902
QQQ,4,0.12582344,0.87417656
QQQ,4,0.15774407,0.84225593
QQQ,4,0.12712317,0.87287683
QQQ,4,0.12858969,0.87141031
QQQ,4,0.12270422,0.87729578
QQQ,4,0.13930853,0.86069147
QQQ,4,0.25124319,0.74875681
QQQ,4,0.12840967,0.87159033
QQQ,4,0.12313004,0.87686996
QQQ,4,0.12821229,0.87178771
QQQ,4,0.37271897,0.62728103
QQQ,4,0.12337084,0.87662916
QQQ,4,0.13309315,0.86690685
QQQ,4,0.16315276,0.83684724
QQQ,4,0.14400354,0.85599646
QQQ,4,0.15162132,0.84837868
QQQ,4,0.12717479,0.87282521
QQQ,4,0.18685308,0.81314692
QQQ,4,0.13620198,0.86379802
QQQ,4,0.16316481,0.83683519
QQQ,4,0.26097742,0.73902258
QQQ,4,0.12371848,0.87628152
QQQ,4,0.15212011,0.84787989
QQQ,4,0.12175618,0.87824382
QQQ,4,0.12181557,0.87818443
QQQ,4,0.12167298,0.87832702
QQQ,4,0.12971053,0.87028947
QQQ,4,0.17079213,0.82920787
QQQ,4,0.14710712,0.85289288
QQQ,4,0.12157327,0.87842673
QQQ,4,0.12414840,0.87585160
QQQ,4,0.12157316,0.87842684
QQQ,4,0.17671521,0.82328479
QQQ,4,0.12501014,0.87498986
QQQ,4,0.12179374,0.87820626
QQQ,4,0.12177535,0.87822465
QQQ,4,0.14144433,0.85855567
QQQ,4,0.12161448,0.87838552
QQQ,4,0.12273788,0.87726212
QQQ,4,0.12164004,0.87835996
QQQ,4,0.12201842,0.87798158
QQQ,4,0.14663451,0.85336549
QQQ,4,0.12200683,0.87799317
QQQ,4,0.13496227,0.86503773
QQQ,4,0.12407821,0.87592179
QQQ,4,0.21601337,0.78398663
QQQ,4,0.12511807,0.87488193
QQQ,4,0.15247862,0.84752138
QQQ,4,0.12501597,0.87498403
QQQ,4,0.23016818,0.76983182
QQQ,4,0.14980131,0.85019869
QQQ,4,0.12808240,0.87191760
QQQ,4,0.14728646,0.85271354
QQQ,4,0.14581494,0.85418506
QQQ,4,0.12621211,0.87378789
QQQ,4,0.13180448,0.86819552
QQQ,4,0.26133305,0.73866695
QQQ,4,0.32489278,0.67510722
QQQ,4,0.12208247,0.87791753
QQQ,4,0.15128012,0.84871988
QQQ,4,0.15120504,0.84879496
QQQ,4,0.12164657,0.87835343
QQQ,4,0.12928832,0.87071168
QQQ,4,0.12159003,0.87840997
QQQ,4,0.12368015,0.87631985
QQQ,4,0.13008017,0.86991983
QQQ,4,0.56449120,0.43550880
QQQ,4,0.13497060,0.86502940
QQQ,4,0.14187952,0.85812048
QQQ,4,0.16089490,0.83910510
QQQ,4,0.12221186,0.87778814
QQQ,4,0.12887236,0.87112764
QQQ,4,0.15203551,0.84796449
QQQ,4,0.14473067,0.85526933
QQQ,4,0.12159676,0.87840324
QQQ,4,0.20811821,0.79188179
QQQ,4,0.14316261,0.85683739
QQQ,4,0.14139329,0.85860671
QQQ,4,0.16804894,0.83195106
QQQ,4,0.14739044,0.85260956
QQQ,4,0.12193080,0.87806920
QQQ,4,0.12504542,0.87495458
QQQ,4,0.12339094,0.87660906
QQQ,4,0.12994541,0.87005459
QQQ,4,0.12256967,0.87743033
QQQ,4,0.12169554,0.87830446
QQQ,4,0.12213663,0.87786337
QQQ,4,0.12973436,0.87026564
QQQ,4,0.12715592,0.87284408
QQQ,4,0.14087747,0.85912253
QQQ,4,0.12222561,0.87777439
QQQ,4,0.13531783,0.86468217
QQQ,4,0.12409453,0.87590547
QQQ,4,0.16425505,0.83574495
QQQ,4,0.16275012,0.83724988
QQQ,4,0.12182413,0.87817587
QQQ,4,0.13610974,0.86389026
QQQ,4,0.19169780,0.80830220
QQQ,4,0.16310008,0.83689992
QQQ,4,0.12283179,0.87716821
QQQ,4,0.16173993,0.83826007
QQQ,4,0.12157476,0.87842524
QQQ,4,0.17615569,0.82384431
QQQ,4,0.12752757,0.87247243
QQQ,4,0.19443300,0.80556700
QQQ,4,0.59837880,0.40162120
QQQ,4,0.18850907,0.81149093
QQQ,4,0.12300042,0.87699958
QQQ,4,0.12304868,0.87695132
QQQ,4,0.36062313,0.63937687
QQQ,4,0.12195099,0.87804901
QQQ,4,0.17808133,0.82191867
QQQ,4,0.12348616,0.87651384
QQQ,4,0.28818306,0.71181694
QQQ,4,0.47073355,0.52926645
QQQ,4,0.34994280,0.65005720
QQQ,4,0.82775457,0.17224543
QQQ,4,0.43662222,0.56337778
QQQ,4,0.12414750,0.87585250
QQQ,4,0.16025656,0.83974344
QQQ,4,0.15361719,0.84638281
QQQ,4,0.24014121,0.75985879
QQQ,4,0.32652040,0.67347960
QQQ,4,0.88675172,0.11324828
QQQ,4,0.12633541,0.87366459
QQQ,4,0.36362344,0.63637656
QQQ,4,0.18037236,0.81962764
QQQ,4,0.12383586,0.87616414
QQQ,4,0.34145493,0.65854507
QQQ,4,0.12551739,0.87448261
QQQ,4,0.12572218,0.87427782
QQQ,4,0.28258480,0.71741520
QQQ,4,0.13057492,0.86942508
QQQ,4,0.12533700,0.87466300
QQQ,4,0.12161330,0.87838670
QQQ,4,0.12738787,0.87261213
QQQ,4,0.12188363,0.87811637
QQQ,4,0.12935145,0.87064855
QQQ,4,0.12820085,0.87179915
QQQ,4,0.12418042,0.87581958
QQQ,4,0.13426732,0.86573268
QQQ,4,0.12886971,0.87113029
QQQ,4,0.12549549,0.87450451
QQQ,4,0.15816891,0.84183109
QQQ,4,0.13209170,0.86790830
QQQ,4,0.13387902,0.86612098
QQQ,4,0.12405743,0.87594257
QQQ,4,0.16462879,0.83537121
QQQ,4,0.12414998,0.87585002
QQQ,4,0.15271060,0.84728940
QQQ,4,0.13816684,0.86183316
QQQ,4,0.20572203,0.79427797
QQQ,4,0.12960734,0.87039266
QQQ,4,0.12308657,0.87691343
QQQ,4,0.12163382,0.87836618
QQQ,4,0.12158406,0.87841594
QQQ,4,0.15402253,0.84597747
QQQ,4,0.12602575,0.87397425
QQQ,4,0.35727528,0.64272472
QQQ,4,0.13051338,0.86948662
QQQ,4,0.21928816,0.78071184
QQQ,4,0.21070790,0.78929210
QQQ,4,0.41333710,0.58666290
QQQ,4,0.37758264,0.62241736
QQQ,4,0.75145251,0.24854749
QQQ,4,0.14639303,0.85360697
QQQ,4,0.13124445,0.86875555
QQQ,4,0.12594020,0.87405980
QQQ,4,0.12215206,0.87784794
QQQ,4,0.15315472,0.84684528
QQQ,4,0.12160061,0.87839939
QQQ,4,0.14720000,0.85280000
QQQ,4,0.20285337,0.79714663
QQQ,4,0.13051376,0.86948624
QQQ,4,0.33909124,0.66090876
QQQ,4,0.30855087,0.69144913
QQQ,4,0.21542969,0.78457031
QQQ,4,0.48643335,0.51356665
QQQ,4,0.13826882,0.86173118
QQQ,4,0.19020558,0.80979442
QQQ,4,0.12198049,0.87801951
QQQ,4,0.14415072,0.85584928
QQQ,4,0.27395295,0.72604705
QQQ,4,0.20291071,0.79708929
QQQ,4,0.16235553,0.83764447
QQQ,4,0.14302634,0.85697366
QQQ,4,0.50012146,0.49987854
QQQ,4,0.12969655,0.87030345
QQQ,4,0.12157397,0.87842603
QQQ,4,0.84183161,0.15816839
QQQ,4,0.14866650,0.85133350
QQQ,4,0.16428604,0.83571396
QQQ,4,0.16236596,0.83763404
QQQ,4,0.16902064,0.83097936
QQQ,4,0.18914331,0.81085669
QQQ,4,0.12157343,0.87842657
QQQ,4,0.17816526,0.82183474
QQQ,4,0.13979655,0.86020345
QQQ,4,0.12725921,0.87274079
QQQ,4,0.32307816,0.67692184
QQQ,4,0.13288634,0.86711366
QQQ,4,0.24231733,0.75768267
QQQ,4,0.18570575,0.81429425
QQQ,4,0.12420672,0.87579328
QQQ,4,0.12403355,0.87596645
QQQ,4,0.13855920,0.86144080
QQQ,4,0.15377225,0.84622775
QQQ,4,0.12316789,0.87683211
QQQ,4,0.12239612,0.87760388
QQQ,4,0.12458751,0.87541249
QQQ,4,0.13692699,0.86307301
QQQ,4,0.13232178,0.86767822
QQQ,4,0.17617963,0.82382037
QQQ,4,0.13274251,0.86725749
QQQ,4,0.12994022,0.87005978
QQQ,4,0.12274070,0.87725930
QQQ,4,0.22060473,0.77939527
QQQ,4,0.12447126,0.87552874
QQQ,4,0.50130653,0.49869347
QQQ,4,0.15182477,0.84817523
QQQ,4,0.13884752,0.86115248
QQQ,4,0.13389491,0.86610509
QQQ,4,0.24878619,0.75121381
QQQ,4,0.12436125,0.87563875
QQQ,4,0.20020627,0.79979373
QQQ,4,0.12461662,0.87538338
QQQ,4,0.15398780,0.84601220
QQQ,4,0.12262109,0.87737891
QQQ,4,0.12814972,0.87185028
QQQ,4,0.72735704,0.27264296
QQQ,4,0.13619808,0.86380192
QQQ,4,0.12568175,0.87431825
QQQ,4,0.21274842,0.78725158
QQQ,4,0.19251100,0.80748900
QQQ,4,0.13855324,0.86144676
QQQ,4,0.12157554,0.87842446
QQQ,4,0.16214279,0.83785721
QQQ,4,0.12263374,0.87736626
QQQ,4,0.16585036,0.83414964
QQQ,4,0.15067727,0.84932273
QQQ,4,0.13587715,0.86412285
QQQ,4,0.12362547,0.87637453
QQQ,4,0.12584891,0.87415109
QQQ,4,0.14445876,0.85554124
QQQ,4,0.12238468,0.87761532
QQQ,4,0.34051684,0.65948316
QQQ,4,0.28622965,0.71377035
QQQ,4,0.13326570,0.86673430
QQQ,4,0.14519957,0.85480043
QQQ,4,0.13324050,0.86675950
QQQ,4,0.28979538,0.71020462
QQQ,4,0.12284768,0.87715232
QQQ,4,0.12274669,0.87725331
QQQ,4,0.14650800,0.85349200
QQQ,4,0.36765944,0.63234056
QQQ,4,0.22901860,0.77098140
QQQ,4,0.12297346,0.87702654
QQQ,4,0.35723077,0.64276923
QQQ,4,0.16014206,0.83985794
QQQ,4,0.13635761,0.86364239
QQQ,4,0.23672343,0.76327657
QQQ,4,0.12722894,0.87277106
QQQ,4,0.13183218,0.86816782
QQQ,4,0.12351272,0.87648728
QQQ,4,0.30080076,0.69919924
QQQ,4,0.12197660,0.87802340
QQQ,4,0.13716194,0.86283806
QQQ,4,0.12178923,0.87821077
QQQ,4,0.12201630,0.87798370
QQQ,4,0.13827136,0.86172864
QQQ,4,0.12182394,0.87817606
QQQ,4,0.21842567,0.78157433
QQQ,4,0.33267153,0.66732847
QQQ,4,0.12359949,0.87640051
QQQ,4,0.14051728,0.85948272
QQQ,4,0.12715113,0.87284887
QQQ,4,0.12760569,0.87239431
QQQ,4,0.12641422,0.87358578
QQQ,4,0.15927553,0.84072447
QQQ,4,0.12585966,0.87414034
QQQ,4,0.20447641,0.79552359
QQQ,4,0.12511118,0.87488882
QQQ,4,0.25601897,0.74398103
QQQ,4,0.12389549,0.87610451
QQQ,4,0.15937469,0.84062531
QQQ,4,0.13807109,0.86192891
QQQ,4,0.13606001,0.86393999
QQQ,4,0.12592326,0.87407674
QQQ,4,0.31094073,0.68905927
QQQ,4,0.13091493,0.86908507
QQQ,4,0.16164729,0.83835271
QQQ,4,0.12246054,0.87753946
QQQ,4,0.13525821,0.86474179
QQQ,4,0.12435079,0.87564921
QQQ,4,0.15251590,0.84748410
QQQ,4,0.78010162,0.21989838
QQQ,4,0.12349114,0.87650886
QQQ,4,0.15179725,0.84820275
QQQ,4,0.12171613,0.87828387
QQQ,4,0.12399681,0.87600319
QQQ,4,0.12532047,0.87467953
QQQ,4,0.42084487,0.57915513
QQQ,4,0.12286083,0.87713917
QQQ,4,0.29685289,0.70314711
QQQ,4,0.44568513,0.55431487
QQQ,4,0.16543126,0.83456874
QQQ,4,0.12524453,0.87475547
QQQ,4,0.31125869,0.68874131
QQQ,4,0.34539041,0.65460959
QQQ,4,0.13670969,0.86329031
QQQ,4,0.12170860,0.87829140
QQQ,4,0.20981621,0.79018379
QQQ,4,0.13254864,0.86745136
QQQ,4,0.20276981,0.79723019
QQQ,4,0.18017406,0.81982594
QQQ,4,0.15833259,0.84166741
QQQ,4,0.12975060,0.87024940
QQQ,4,0.13793956,0.86206044
QQQ,4,0.12180995,0.87819005
QQQ,4,0.12640941,0.87359059
QQQ,4,0.12396253,0.87603747
QQQ,4,0.15759938,0.84240062
QQQ,4,0.35199905,0.64800095
QQQ,4,0.12364250,0.87635750
QQQ,4,0.20360953,0.79639047
QQQ,4,0.24433679,0.75566321
QQQ,4,0.12730638,0.87269362
QQQ,4,0.12362737,0.87637263
QQQ,4,0.12286509,0.87713491
QQQ,4,0.16710387,0.83289613
QQQ,4,0.13429249,0.86570751
QQQ,4,0.14827477,0.85172523
QQQ,4,0.92091178,0.07908822
QQQ,4,0.99994616,0.00005384
QQQ,4,0.99971876,0.00028124
QQQ,4,0.17089687,0.82910313
QQQ,4,0.99993424,0.00006576
QQQ,4,0.87161336,0.12838664
QQQ,4,0.12775328,0.87224672
QQQ,4,0.20324804,0.79675196
QQQ,4,0.97088628,0.02911372
QQQ,4,0.82832273,0.17167727
QQQ,4,0.13684999,0.86315001
QQQ,4,0.22114676,0.77885324
QQQ,4,0.88170541,0.11829459
QQQ,4,0.19509576,0.80490424
QQQ,4,0.21611890,0.78388110
QQQ,4,0.14353374,0.85646626
QQQ,4,0.12441089,0.87558911
QQQ,4,0.22959083,0.77040917
QQQ,4,0.14652851,0.85347149
QQQ,4,0.12245910,0.87754090
QQQ,4,0.28278107,0.71721893
QQQ,4,0.12520217,0.87479783
QQQ,4,0.33832378,0.66167622
QQQ,4,0.12158775,0.87841225
QQQ,4,0.13304848,0.86695152
QQQ,4,0.17533454,0.82466546
QQQ,4,0.94208181,0.05791819
QQQ,4,0.15616537,0.84383463
QQQ,4,0.60062238,0.39937762
QQQ,4,0.13736150,0.86263850
QQQ,4,0.46611193,0.53388807
QQQ,4,0.34678666,0.65321334
QQQ,4,0.12656225,0.87343775
QQQ,4,0.14976828,0.85023172
QQQ,4,0.13333123,0.86666877
QQQ,4,0.13712539,0.86287461
QQQ,4,0.12667497,0.87332503
QQQ,4,0.14430746,0.85569254
QQQ,4,0.12339552,0.87660448
QQQ,4,0.35027800,0.64972200
QQQ,4,0.13734122,0.86265878
QQQ,4,0.14967379,0.85032621
QQQ,4,0.13327508,0.86672492
QQQ,4,0.14386020,0.85613980
QQQ,4,0.53163643,0.46836357
QQQ,4,0.91763003,0.08236997
QQQ,4,0.12695617,0.87304383
QQQ,4,0.12939957,0.87060043
QQQ,4,0.17640763,0.82359237
QQQ,4,0.12196460,0.87803540
QQQ,4,0.13196344,0.86803656
QQQ,4,0.21146512,0.78853488
QQQ,4,0.13090205,0.86909795
QQQ,4,0.12188646,0.87811354
QQQ,4,0.12493161,0.87506839
QQQ,4,0.12183526,0.87816474
QQQ,4,0.20581016,0.79418984
QQQ,4,0.12754205,0.87245795
QQQ,4,0.12366052,0.87633948
QQQ,4,0.19435639,0.80564361
QQQ,4,0.57860417,0.42139583
QQQ,4,0.24824994,0.75175006
QQQ,4,0.12164949,0.87835051
QQQ,4,0.51429821,0.48570179
QQQ,4,0.12369225,0.87630775
QQQ,4,0.16127770,0.83872230
QQQ,4,0.12435530,0.87564470
QQQ,4,0.12177583,0.87822417
QQQ,4,0.12194167,0.87805833
QQQ,4,0.12273215,0.87726785
QQQ,4,0.12509973,0.87490027
QQQ,4,0.19031619,0.80968381
QQQ,4,0.14176305,0.85823695
QQQ,4,0.39991744,0.60008256
QQQ,4,0.65560164,0.34439836
QQQ,4,0.13131859,0.86868141
QQQ,4,0.12179200,0.87820800
QQQ,4,0.32927433,0.67072567
QQQ,4,0.12982855,0.87017145
QQQ,4,0.74856655,0.25143345
QQQ,4,0.14571618,0.85428382
QQQ,4,0.13939974,0.86060026
QQQ,4,0.32469064,0.67530936
QQQ,4,0.27371180,0.72628820
QQQ,4,0.51533980,0.48466020
QQQ,4,0.18447998,0.81552002
QQQ,4,0.14530731,0.85469269
QQQ,4,0.16269943,0.83730057
QQQ,4,0.12177559,0.87822441
QQQ,4,0.12157350,0.87842650
QQQ,4,0.34627414,0.65372586
QQQ,4,0.16548876,0.83451124
QQQ,4,0.23994324,0.76005676
QQQ,4,0.66975256,0.33024744
QQQ,4,0.12918824,0.87081176
QQQ,4,0.21064629,0.78935371
QQQ,4,0.97980339,0.02019661
QQQ,4,0.20439004,0.79560996
QQQ,4,0.12210436,0.87789564
QQQ,4,0.20650030,0.79349970
QQQ,4,0.98936774,0.01063226
QQQ,4,0.52685512,0.47314488
QQQ,4,0.97082459,0.02917541
QQQ,4,0.12205744,0.87794256
QQQ,4,0.13291719,0.86708281
QQQ,4,0.12177197,0.87822803
QQQ,4,0.91420596,0.08579404
QQQ,4,0.26571739,0.73428261
QQQ,4,0.18328457,0.81671543
QQQ,4,0.80415385,0.19584615
QQQ,4,0.25620618,0.74379382
QQQ,4,0.56603864,0.43396136
QQQ,4,0.13221212,0.86778788
QQQ,4,0.58741252,0.41258748
QQQ,4,0.14048603,0.85951397
QQQ,4,0.12244283,0.87755717
QQQ,4,0.99340671,0.00659329
QQQ,4,0.42888136,0.57111864
QQQ,4,0.14154979,0.85845021
QQQ,4,0.12497285,0.87502715
QQQ,4,0.12354265,0.87645735
QQQ,4,0.32169909,0.67830091
QQQ,4,0.71658980,0.28341020
QQQ,4,0.77742345,0.22257655
QQQ,4,0.17600159,0.82399841
QQQ,4,0.13010347,0.86989653
QQQ,4,0.36599170,0.63400830
QQQ,4,0.34017987,0.65982013
QQQ,4,0.18089768,0.81910232
QQQ,4,0.18951840,0.81048160
QQQ,4,0.12166259,0.87833741
QQQ,4,0.17152698,0.82847302
QQQ,4,0.96502149,0.03497851
QQQ,4,0.12348240,0.87651760
QQQ,4,0.12173861,0.87826139
QQQ,4,0.12185819,0.87814181
QQQ,4,0.14424211,0.85575789
QQQ,4,0.17243028,0.82756972
QQQ,4,0.14126494,0.85873506
QQQ,4,0.12314101,0.87685899
QQQ,4,0.41658169,0.58341831
QQQ,4,0.12570685,0.87429315
QQQ,4,0.12174982,0.87825018
QQQ,4,0.17940852,0.82059148
QQQ,4,0.12157600,0.87842400
QQQ,4,0.12380972,0.87619028
QQQ,4,0.13165118,0.86834882
QQQ,4,0.12845224,0.87154776
QQQ,4,0.16250735,0.83749265
QQQ,4,0.12157327,0.87842673
QQQ,4,0.12325749,0.87674251
QQQ,4,0.34778873,0.65221127
QQQ,4,0.14136602,0.85863398
QQQ,4,0.12169552,0.87830448
QQQ,4,0.20952706,0.79047294
QQQ,4,0.12725747,0.87274253
QQQ,4,0.18278896,0.81721104
QQQ,4,0.34629488,0.65370512
QQQ,4,0.28569896,0.71430104
QQQ,4,0.12211761,0.87788239
QQQ,4,0.13226348,0.86773652
QQQ,4,0.16370696,0.83629304
QQQ,4,0.25473800,0.74526200
QQQ,4,0.12233936,0.87766064
QQQ,4,0.12352239,0.87647761
QQQ,4,0.13968048,0.86031952
QQQ,4,0.14294715,0.85705285
QQQ,4,0.12183718,0.87816282
QQQ,4,0.12157750,0.87842250
QQQ,4,0.32751295,0.67248705
QQQ,4,0.12203738,0.87796262
QQQ,4,0.14081825,0.85918175
QQQ,4,0.17083068,0.82916932
QQQ,4,0.25589862,0.74410138
QQQ,4,0.14764195,0.85235805
QQQ,4,0.16864253,0.83135747
QQQ,4,0.18068596,0.81931404
QQQ,4,0.15012780,0.84987220
QQQ,4,0.12213713,0.87786287
QQQ,4,0.13633863,0.86366137
QQQ,4,0.12678621,0.87321379
QQQ,4,0.28530137,0.71469863
QQQ,4,0.16489759,0.83510241
QQQ,4,0.13236209,0.86763791
QQQ,4,0.13190197,0.86809803
QQQ,4,0.23154259,0.76845741
QQQ,4,0.23723160,0.76276840
QQQ,4,0.12832135,0.87167865
QQQ,4,0.13975208,0.86024792
QQQ,4,0.20524767,0.79475233
QQQ,4,0.12211004,0.87788996
QQQ,4,0.56020983,0.43979017
QQQ,4,0.16835830,0.83164170
QQQ,4,0.13279492,0.86720508
QQQ,4,0.14387660,0.85612340
QQQ,4,0.12547233,0.87452767
QQQ,4,0.12173790,0.87826210
QQQ,4,0.12460247,0.87539753
QQQ,4,0.13397256,0.86602744
QQQ,4,0.12872688,0.87127312
QQQ,4,0.12530211,0.87469789
QQQ,4,0.12324075,0.87675925
QQQ,4,0.12312082,0.87687918
QQQ,4,0.21969794,0.78030206
QQQ,4,0.17842170,0.82157830
QQQ,4,0.12218628,0.87781372
QQQ,4,0.12863484,0.87136516
QQQ,4,0.12555509,0.87444491
QQQ,4,0.22790129,0.77209871
QQQ,4,0.14165641,0.85834359
QQQ,4,0.12689111,0.87310889
QQQ,4,0.12416186,0.87583814
QQQ,4,0.29239498,0.70760502
QQQ,4,0.99930693,0.00069307
QQQ,4,0.64678282,0.35321718
QQQ,4,0.48320921,0.51679079
QQQ,4,0.41383633,0.58616367
QQQ,4,0.25594244,0.74405756
QQQ,4,0.14992384,0.85007616
QQQ,4,0.13617530,0.86382470
QQQ,4,0.16786115,0.83213885
QQQ,4,0.12795355,0.87204645
QQQ,4,0.35092245,0.64907755
QQQ,4,0.15097173,0.84902827
QQQ,4,0.14549455,0.85450545
QQQ,4,0.12310620,0.87689380
QQQ,4,0.15388257,0.84611743
QQQ,4,0.12243886,0.87756114
QQQ,4,0.15123023,0.84876977
QQQ,4,0.12787949,0.87212051
QQQ,4,0.22623893,0.77376107
QQQ,4,0.12328538,0.87671462
QQQ,4,0.13407110,0.86592890
QQQ,4,0.12165133,0.87834867
QQQ,4,0.12268803,0.87731197
QQQ,4,0.15331170,0.84668830
QQQ,4,0.13097806,0.86902194
QQQ,4,0.12590708,0.87409292
QQQ,4,0.14153954,0.85846046
QQQ,4,0.15420554,0.84579446
QQQ,4,0.12750650,0.87249350
QQQ,4,0.12613315,0.87386685
QQQ,4,0.18889008,0.81110992
QQQ,4,0.12168243,0.87831757
QQQ,4,0.12605876,0.87394124
QQQ,4,0.12475000,0.87525000
QQQ,4,0.13263015,0.86736985
QQQ,4,0.12197771,0.87802229
QQQ,4,0.13366393,0.86633607
QQQ,4,0.13824987,0.86175013
QQQ,4,0.12328529,0.87671471
QQQ,4,0.12158932,0.87841068
QQQ,4,0.12159921,0.87840079
QQQ,4,0.12190425,0.87809575
QQQ,4,0.12354039,0.87645961
QQQ,4,0.14695851,0.85304149
QQQ,4,0.12369494,0.87630506
QQQ,4,0.12226577,0.87773423
QQQ,4,0.12254349,0.87745651
QQQ,4,0.12754094,0.87245906
QQQ,4,0.12233067,0.87766933
QQQ,4,0.12493042,0.87506958
QQQ,4,0.12806772,0.87193228
QQQ,4,0.14812849,0.85187151
QQQ,4,0.12231975,0.87768025
QQQ,4,0.14007763,0.85992237
QQQ,4,0.83253263,0.16746737
QQQ,4,0.36106479,0.63893521
QQQ,4,0.18034116,0.81965884
QQQ,4,0.13472985,0.86527015
QQQ,4,0.33297526,0.66702474
QQQ,4,0.12178904,0.87821096
QQQ,4,0.12951822,0.87048178
QQQ,4,0.12361949,0.87638051
QQQ,4,0.18872278,0.81127722
QQQ,4,0.17010618,0.82989382
QQQ,4,0.14017230,0.85982770
QQQ,4,0.16672622,0.83327378
QQQ,4,0.18033755,0.81966245
QQQ,4,0.12349068,0.87650932
QQQ,4,0.15181692,0.84818308
QQQ,4,0.15492293,0.84507707
QQQ,4,0.12249400,0.87750600
QQQ,4,0.12263502,0.87736498
QQQ,4,0.12865066,0.87134934
QQQ,4,0.12164262,0.87835738
QQQ,4,0.12412233,0.87587767
QQQ,4,0.14572081,0.85427919
QQQ,4,0.28908785,0.71091215
QQQ,4,0.12273704,0.87726296
QQQ,4,0.13230803,0.86769197
QQQ,4,0.12192453,0.87807547
QQQ,4,0.12668080,0.87331920
QQQ,4,0.17275248,0.82724752
QQQ,4,0.12162148,0.87837852
QQQ,4,0.12195576,0.87804424
QQQ,4,0.13007577,0.86992423
QQQ,4,0.23605286,0.76394714
QQQ,4,0.12479272,0.87520728
QQQ,4,0.14734394,0.85265606
QQQ,4,0.13625217,0.86374783
QQQ,4,0.15150801,0.84849199
QQQ,4,0.12313532,0.87686468
QQQ,4,0.16396603,0.83603397
QQQ,4,0.17192124,0.82807876
QQQ,4,0.20544598,0.79455402
QQQ,4,0.13423043,0.86576957
QQQ,4,0.69161997,0.30838003
QQQ,4,0.15803260,0.84196740
QQQ,4,0.14368365,0.85631635
QQQ,4,0.33357505,0.66642495
QQQ,4,0.12157374,0.87842626
QQQ,4,0.20645593,0.79354407
QQQ,4,0.25737529,0.74262471
QQQ,4,0.14512086,0.85487914
QQQ,4,0.16476769,0.83523231
QQQ,4,0.12657944,0.87342056
QQQ,4,0.20393899,0.79606101
QQQ,4,0.12927464,0.87072536
QQQ,4,0.12842044,0.87157956
QQQ,4,0.12780948,0.87219052
QQQ,4,0.12432645,0.87567355
QQQ,4,0.12857284,0.87142716
QQQ,4,0.23385028,0.76614972
QQQ,4,0.44452518,0.55547482
QQQ,4,0.12169528,0.87830472
QQQ,4,0.15186913,0.84813087
QQQ,4,0.12553431,0.87446569
QQQ,4,0.25729400,0.74270600
QQQ,4,0.12597470,0.87402530
QQQ,4,0.17122810,0.82877190
QQQ,4,0.13017818,0.86982182
QQQ,4,0.25060499,0.74939501
QQQ,4,0.12278786,0.87721214
QQQ,4,0.12398379,0.87601621
QQQ,4,0.12913311,0.87086689
QQQ,4,0.13116623,0.86883377
QQQ,4,0.13063953,0.86936047
QQQ,4,0.12165756,0.87834244
QQQ,4,0.12571610,0.87428390
QQQ,4,0.12175036,0.87824964
QQQ,4,0.13724969,0.86275031
QQQ,4,0.15848871,0.84151129
QQQ,4,0.12312963,0.87687037
QQQ,4,0.20478965,0.79521035
QQQ,4,0.16583722,0.83416278
QQQ,4,0.13935724,0.86064276
QQQ,4,0.14572982,0.85427018
QQQ,4,0.18235465,0.81764535
QQQ,4,0.13206699,0.86793301
QQQ,4,0.12660635,0.87339365
QQQ,4,0.12738823,0.87261177
QQQ,4,0.12238803,0.87761197
QQQ,4,0.12889012,0.87110988
QQQ,4,0.12629834,0.87370166
QQQ,4,0.12395066,0.87604934
QQQ,4,0.12170210,0.87829790
QQQ,4,0.12450768,0.87549232
QQQ,4,0.12206927,0.87793073
QQQ,4,0.15161973,0.84838027
QQQ,4,0.20057991,0.79942009
QQQ,4,0.12379446,0.87620554
QQQ,4,0.12537462,0.87462538
QQQ,4,0.15780872,0.84219128
QQQ,4,0.12462632,0.87537368
QQQ,4,0.14769690,0.85230310
QQQ,4,0.12184270,0.87815730
QQQ,4,0.12710598,0.87289402
QQQ,4,0.12272340,0.87727660
QQQ,4,0.13059289,0.86940711
QQQ,4,0.12382662,0.87617338
QQQ,4,0.13082787,0.86917213
QQQ,4,0.12951605,0.87048395
QQQ,4,0.14439665,0.85560335
QQQ,4,0.13064035,0.86935965
QQQ,4,0.14760864,0.85239136
QQQ,4,0.12162196,0.87837804
QQQ,4,0.13479069,0.86520931
QQQ,4,0.13855737,0.86144263
QQQ,4,0.12204489,0.87795511
QQQ,4,0.12863481,0.87136519
QQQ,4,0.12351851,0.87648149
QQQ,4,0.12240971,0.87759029
QQQ,4,0.12676460,0.87323540
QQQ,4,0.20582037,0.79417963
QQQ,4,0.13395769,0.86604231
QQQ,4,0.12395035,0.87604965
QQQ,4,0.12442004,0.87557996
QQQ,4,0.12331796,0.87668204
QQQ,4,0.12298234,0.87701766
QQQ,4,0.12191339,0.87808661
QQQ,4,0.13260956,0.86739044
QQQ,4,0.12382791,0.87617209
QQQ,4,0.12420227,0.87579773
QQQ,4,0.14532684,0.85467316
QQQ,4,0.12166188,0.87833812
QQQ,4,0.12158232,0.87841768
QQQ,4,0.12208103,0.87791897
QQQ,4,0.31931880,0.68068120
QQQ,4,0.14167978,0.85832022
QQQ,4,0.12635720,0.87364280
QQQ,4,0.12393788,0.87606212
QQQ,4,0.12307549,0.87692451
QQQ,4,0.14644087,0.85355913
QQQ,4,0.13722807,0.86277193
QQQ,4,0.12453898,0.87546102
QQQ,4,0.12161434,0.87838566
QQQ,4,0.12169407,0.87830593
QQQ,4,0.12301852,0.87698148
QQQ,4,0.13126197,0.86873803
QQQ,4,0.12164722,0.87835278
QQQ,4,0.12183480,0.87816520
QQQ,4,0.12163341,0.87836659
QQQ,4,0.13297300,0.86702700
QQQ,4,0.13257381,0.86742619
QQQ,4,0.13331741,0.86668259
QQQ,4,0.16113051,0.83886949
QQQ,4,0.12259500,0.87740500
QQQ,4,0.12348908,0.87651092
QQQ,4,0.16937825,0.83062175
QQQ,4,0.12164688,0.87835312
QQQ,4,0.24155772,0.75844228
QQQ,4,0.16399822,0.83600178
QQQ,4,0.12165778,0.87834222
QQQ,4,0.14756075,0.85243925
QQQ,4,0.12448456,0.87551544
QQQ,4,0.18073329,0.81926671
QQQ,4,0.12479679,0.87520321
QQQ,4,0.12564332,0.87435668
QQQ,4,0.12166749,0.87833251
QQQ,4,0.12927237,0.87072763
QQQ,4,0.12486135,0.87513865
QQQ,4,0.12999418,0.87000582
QQQ,4,0.12208189,0.87791811
QQQ,4,0.12174421,0.87825579
QQQ,4,0.12463864,0.87536136
QQQ,4,0.12799890,0.87200110
QQQ,4,0.13348136,0.86651864
QQQ,4,0.81897093,0.18102907
QQQ,4,0.15803431,0.84196569
QQQ,4,0.12925732,0.87074268
QQQ,4,0.17232582,0.82767418
QQQ,4,0.12315126,0.87684874
QQQ,4,0.13787239,0.86212761
QQQ,4,0.17306732,0.82693268
QQQ,4,0.12600160,0.87399840
QQQ,4,0.12275585,0.87724415
QQQ,4,0.12157510,0.87842490
QQQ,4,0.13110281,0.86889719
QQQ,4,0.22298273,0.77701727
QQQ,4,0.12179818,0.87820182
QQQ,4,0.12846614,0.87153386
QQQ,4,0.13052854,0.86947146
QQQ,4,0.12234717,0.87765283
QQQ,4,0.81073473,0.18926527
QQQ,4,0.15047138,0.84952862
QQQ,4,0.14946809,0.85053191
QQQ,4,0.13390239,0.86609761
QQQ,4,0.13417376,0.86582624
QQQ,4,0.13508152,0.86491848
QQQ,4,0.36179520,0.63820480
QQQ,4,0.15509345,0.84490655
QQQ,4,0.19384777,0.80615223
QQQ,4,0.12158301,0.87841699
QQQ,4,0.13253198,0.86746802
QQQ,4,0.13315820,0.86684180
QQQ,4,0.46201959,0.53798041
QQQ,4,0.26012618,0.73987382
QQQ,4,0.42618281,0.57381719
QQQ,4,0.12161608,0.87838392
QQQ,4,0.21673751,0.78326249
QQQ,4,0.17735352,0.82264648
QQQ,4,0.17832327,0.82167673
QQQ,4,0.20141385,0.79858615
QQQ,4,0.15083202,0.84916798
QQQ,4,0.12934602,0.87065398
QQQ,4,0.24092402,0.75907598
QQQ,4,0.12754056,0.87245944
QQQ,4,0.17141344,0.82858656
QQQ,4,0.12246566,0.87753434
QQQ,4,0.15460982,0.84539018
QQQ,4,0.14727754,0.85272246
QQQ,4,0.12396919,0.87603081
QQQ,4,0.12157381,0.87842619
QQQ,4,0.13520435,0.86479565
QQQ,4,0.12456423,0.87543577
QQQ,4,0.12810922,0.87189078
QQQ,4,0.14542812,0.85457188
QQQ,4,0.12221496,0.87778504
QQQ,4,0.13415946,0.86584054
QQQ,4,0.12378697,0.87621303
QQQ,4,0.12552372,0.87447628
QQQ,4,0.12975526,0.87024474
QQQ,4,0.12330325,0.87669675
QQQ,4,0.14645693,0.85354307
QQQ,4,0.12294239,0.87705761
QQQ,4,0.12206841,0.87793159
QQQ,4,0.64214202,0.35785798
QQQ,4,0.14634506,0.85365494
QQQ,4,0.23661645,0.76338355
QQQ,4,0.12279725,0.87720275
QQQ,4,0.12479550,0.87520450
QQQ,4,0.56393286,0.43606714
QQQ,4,0.12328914,0.87671086
QQQ,4,0.12454586,0.87545414
QQQ,4,0.30998024,0.69001976
QQQ,4,0.12656088,0.87343912
QQQ,4,0.12514821,0.87485179
QQQ,4,0.12448445,0.87551555
QQQ,4,0.12647002,0.87352998
QQQ,4,0.13084488,0.86915512
QQQ,4,0.23227916,0.76772084
QQQ,4,0.22199817,0.77800183
QQQ,4,0.12158336,0.87841664
QQQ,4,0.16866517,0.83133483
QQQ,4,0.12583929,0.87416071
QQQ,4,0.12425672,0.87574328
QQQ,4,0.17092654,0.82907346
QQQ,4,0.21159390,0.78840610
QQQ,4,0.12586118,0.87413882
QQQ,4,0.12373929,0.87626071
QQQ,4,0.14086359,0.85913641
QQQ,4,0.12789809,0.87210191
QQQ,4,0.12263674,0.87736326
QQQ,4,0.12330463,0.87669537
QQQ,4,0.12704022,0.87295978
QQQ,4,0.14598332,0.85401668
QQQ,4,0.12279569,0.87720431
QQQ,4,0.21005148,0.78994852
QQQ,4,0.12351627,0.87648373
QQQ,4,0.17094148,0.82905852
QQQ,4,0.12158198,0.87841802
QQQ,4,0.15863120,0.84136880
QQQ,4,0.12277850,0.87722150
QQQ,4,0.12544861,0.87455139
QQQ,4,0.12244944,0.87755056
QQQ,4,0.19170819,0.80829181
QQQ,4,0.12390193,0.87609807
QQQ,4,0.12177522,0.87822478
QQQ,4,0.12203825,0.87796175
QQQ,4,0.12706929,0.87293071
QQQ,4,0.12311987,0.87688013
QQQ,4,0.13061869,0.86938131
QQQ,4,0.12936304,0.87063696
QQQ,4,0.12315033,0.87684967
QQQ,4,0.12207475,0.87792525
QQQ,4,0.12944481,0.87055519
QQQ,4,0.12514505,0.87485495
QQQ,4,0.14893046,0.85106954
QQQ,4,0.12268028,0.87731972
QQQ,4,0.13108549,0.86891451
QQQ,4,0.12848333,0.87151667
QQQ,4,0.91534536,0.08465464
QQQ,4,0.12970853,0.87029147
QQQ,4,0.13783220,0.86216780
QQQ,4,0.12166538,0.87833462
QQQ,4,0.12293777,0.87706223
QQQ,4,0.18456650,0.81543350
QQQ,4,0.13050569,0.86949431
QQQ,4,0.12240520,0.87759480
QQQ,4,0.13294602,0.86705398
QQQ,4,0.13611007,0.86388993
QQQ,4,0.12158559,0.87841441
QQQ,4,0.12221358,0.87778642
QQQ,4,0.12942735,0.87057265
QQQ,4,0.13615774,0.86384226
QQQ,4,0.23881293,0.76118707
QQQ,4,0.12829413,0.87170587
QQQ,4,0.12171731,0.87828269
QQQ,4,0.20553284,0.79446716
QQQ,4,0.12352558,0.87647442
QQQ,4,0.13214329,0.86785671
QQQ,4,0.12157346,0.87842654
QQQ,4,0.12616613,0.87383387
QQQ,4,0.41738807,0.58261193
QQQ,4,0.15791992,0.84208008
QQQ,4,0.13423326,0.86576674
QQQ,4,0.22516886,0.77483114
QQQ,4,0.12159588,0.87840412
QQQ,4,0.13111736,0.86888264
QQQ,4,0.12872844,0.87127156
QQQ,4,0.13523828,0.86476172
QQQ,4,0.16635690,0.83364310
QQQ,4,0.12179589,0.87820411
QQQ,4,0.12466725,0.87533275
QQQ,4,0.12172654,0.87827346
QQQ,4,0.21832604,0.78167396
QQQ,4,0.17663988,0.82336012
QQQ,4,0.13641548,0.86358452
QQQ,4,0.12200638,0.87799362
QQQ,4,0.12157320,0.87842680
QQQ,4,0.12243934,0.87756066
QQQ,4,0.14045356,0.85954644
QQQ,4,0.12160673,0.87839327
QQQ,4,0.12209790,0.87790210
QQQ,4,0.14586041,0.85413959
QQQ,4,0.40125775,0.59874225
QQQ,4,0.19923172,0.80076828
QQQ,4,0.12699864,0.87300136
QQQ,4,0.20613849,0.79386151
QQQ,4,0.13554853,0.86445147
QQQ,4,0.12198368,0.87801632
QQQ,4,0.12389877,0.87610123
QQQ,4,0.15115892,0.84884108
QQQ,4,0.15955477,0.84044523
QQQ,4,0.12429893,0.87570107
QQQ,4,0.21071252,0.78928748
QQQ,4,0.12195890,0.87804110
QQQ,4,0.12950946,0.87049054
QQQ,4,0.21019597,0.78980403
QQQ,4,0.17775866,0.82224134
QQQ,4,0.14018419,0.85981581
QQQ,4,0.12158872,0.87841128
QQQ,4,0.32229009,0.67770991
QQQ,4,0.13144717,0.86855283
QQQ,4,0.16239860,0.83760140
QQQ,4,0.12957920,0.87042080
QQQ,4,0.17216553,0.82783447
QQQ,4,0.58081801,0.41918199
QQQ,4,0.99944551,0.00055449
QQQ,4,0.70003729,0.29996271
QQQ,4,0.27916658,0.72083342
QQQ,4,0.99973459,0.00026541
QQQ,4,0.29176437,0.70823563
QQQ,4,0.37891556,0.62108444
QQQ,4,0.14591453,0.85408547
QQQ,4,0.52935296,0.47064704
QQQ,4,0.55230958,0.44769042
QQQ,4,0.12484866,0.87515134
QQQ,4,0.12658408,0.87341592
QQQ,4,0.12538502,0.87461498
QQQ,4,0.12158400,0.87841600
QQQ,4,0.55404151,0.44595849
QQQ,4,0.29573324,0.70426676
QQQ,4,0.20641237,0.79358763
QQQ,4,0.14596225,0.85403775
QQQ,4,0.40308520,0.59691480
QQQ,4,0.16143185,0.83856815
QQQ,4,0.20300892,0.79699108
QQQ,4,0.13678305,0.86321695
QQQ,4,0.12724822,0.87275178
QQQ,4,0.14440006,0.85559994
QQQ,4,0.53770121,0.46229879
QQQ,4,0.15027565,0.84972435
QQQ,4,0.24201215,0.75798785
QQQ,4,0.12166039,0.87833961
QQQ,4,0.12258830,0.87741170
QQQ,4,0.12766000,0.87234000
QQQ,4,0.65041518,0.34958482
QQQ,4,0.12367751,0.87632249
QQQ,4,0.13838545,0.86161455
QQQ,4,0.82260403,0.17739597
QQQ,4,0.91773897,0.08226103
QQQ,4,0.98530469,0.01469531
QQQ,4,0.97688363,0.02311637
QQQ,4,0.23956328,0.76043672
QQQ,4,0.37011168,0.62988832
QQQ,4,0.93081451,0.06918549
QQQ,4,0.19199552,0.80800448
QQQ,4,0.32356609,0.67643391
QQQ,4,0.15086071,0.84913929
QQQ,4,0.77404594,0.22595406
QQQ,4,0.14502473,0.85497527
QQQ,4,0.61507688,0.38492312
QQQ,4,0.13410123,0.86589877
QQQ,4,0.24682283,0.75317717
QQQ,4,0.13328983,0.86671017
QQQ,4,0.16279299,0.83720701
QQQ,4,0.63711455,0.36288545
QQQ,4,0.12937884,0.87062116
QQQ,4,0.16431905,0.83568095
QQQ,4,0.35796594,0.64203406
QQQ,4,0.12976096,0.87023904
QQQ,4,0.68020131,0.31979869
QQQ,4,0.12168744,0.87831256
QQQ,4,0.53552925,0.46447075
QQQ,4,0.12293568,0.87706432
QQQ,4,0.14594946,0.85405054
QQQ,4,0.21700743,0.78299257
QQQ,4,0.13989242,0.86010758
QQQ,4,0.12157368,0.87842632
QQQ,4,0.47708633,0.52291367
QQQ,4,0.18171298,0.81828702
QQQ,4,0.12162182,0.87837818
QQQ,4,0.21996627,0.78003373
QQQ,4,0.21334498,0.78665502
QQQ,4,0.12159460,0.87840540
QQQ,4,0.12465715,0.87534285
QQQ,4,0.20794873,0.79205127
QQQ,4,0.14474453,0.85525547
QQQ,4,0.13105677,0.86894323
QQQ,4,0.13847700,0.86152300
QQQ,4,0.13778616,0.86221384
QQQ,4,0.12247335,0.87752665
QQQ,4,0.16995263,0.83004737
QQQ,4,0.12159080,0.87840920
QQQ,4,0.12270788,0.87729212
QQQ,4,0.13254115,0.86745885
QQQ,4,0.15276540,0.84723460
QQQ,4,0.12168162,0.87831838
QQQ,4,0.34991802,0.65008198
QQQ,4,0.19120003,0.80879997
QQQ,4,0.13311149,0.86688851
QQQ,4,0.14957035,0.85042965
QQQ,4,0.15760560,0.84239440
QQQ,4,0.12157370,0.87842630
QQQ,4,0.12500731,0.87499269
QQQ,4,0.13895628,0.86104372
QQQ,4,0.12163131,0.87836869
QQQ,4,0.19857336,0.80142664
QQQ,4,0.12628619,0.87371381
QQQ,4,0.12161562,0.87838438
QQQ,4,0.12647779,0.87352221
QQQ,4,0.15200377,0.84799623
QQQ,4,0.16986024,0.83013976
QQQ,4,0.12505726,0.87494274
QQQ,4,0.72202478,0.27797522
QQQ,4,0.12549995,0.87450005
QQQ,4,0.30629431,0.69370569
QQQ,4,0.15942938,0.84057062
QQQ,4,0.12508081,0.87491919
QQQ,4,0.15350291,0.84649709
QQQ,4,0.21264147,0.78735853
QQQ,4,0.23407938,0.76592062
QQQ,4,0.34602703,0.65397297
QQQ,4,0.19736252,0.80263748
QQQ,4,0.12409599,0.87590401
QQQ,4,0.13279628,0.86720372
QQQ,4,0.40211539,0.59788461
QQQ,4,0.12315032,0.87684968
QQQ,4,0.12310446,0.87689554
QQQ,4,0.14558679,0.85441321
QQQ,4,0.12293472,0.87706528
QQQ,4,0.13600551,0.86399449
QQQ,4,0.12173226,0.87826774
QQQ,4,0.12668790,0.87331210
QQQ,4,0.13216317,0.86783683
QQQ,4,0.29353393,0.70646607
QQQ,4,0.29374687,0.70625313
QQQ,4,0.27809789,0.72190211
QQQ,4,0.33747383,0.66252617
QQQ,4,0.13729663,0.86270337
QQQ,4,0.13200151,0.86799849
QQQ,4,0.28012879,0.71987121
QQQ,4,0.13146649,0.86853351
QQQ,4,0.15095047,0.84904953
QQQ,4,0.13297399,0.86702601
QQQ,4,0.12352100,0.87647900
QQQ,4,0.12161158,0.87838842
QQQ,4,0.15874331,0.84125669
QQQ,4,0.12294445,0.87705555
QQQ,4,0.14265034,0.85734966
QQQ,4,0.23514242,0.76485758
QQQ,4,0.12621956,0.87378044
QQQ,4,0.12157678,0.87842322
QQQ,4,0.12200879,0.87799121
QQQ,4,0.12926521,0.87073479
QQQ,4,0.13149414,0.86850586
QQQ,4,0.12222071,0.87777929
QQQ,4,0.18271018,0.81728982
QQQ,4,0.20463183,0.79536817
QQQ,4,0.12518756,0.87481244
QQQ,4,0.23598946,0.76401054
QQQ,4,0.12197481,0.87802519
QQQ,4,0.12348700,0.87651300
QQQ,4,0.13178400,0.86821600
QQQ,4,0.26100853,0.73899147
QQQ,4,0.19100012,0.80899988
QQQ,4,0.13706159,0.86293841
QQQ,4,0.12524256,0.87475744
QQQ,4,0.15778575,0.84221425
QQQ,4,0.12516451,0.87483549
QQQ,4,0.20756490,0.79243510
QQQ,4,0.12474124,0.87525876
QQQ,4,0.29173905,0.70826095
QQQ,4,0.15716521,0.84283479
QQQ,4,0.12209514,0.87790486
QQQ,4,0.21276704,0.78723296
QQQ,4,0.13595756,0.86404244
QQQ,4,0.12696022,0.87303978
QQQ,4,0.12274709,0.87725291
QQQ,4,0.12204746,0.87795254
QQQ,4,0.17056882,0.82943118
QQQ,4,0.12163963,0.87836037
QQQ,4,0.12508218,0.87491782
QQQ,4,0.12396182,0.87603818
QQQ,4,0.12226928,0.87773072
QQQ,4,0.51656235,0.48343765
QQQ,4,0.26793070,0.73206930
QQQ,4,0.16074041,0.83925959
QQQ,4,0.12397209,0.87602791
QQQ,4,0.99989992,0.00010008
QQQ,4,0.32224359,0.67775641
QQQ,4,0.78902745,0.21097255
QQQ,4,0.22861685,0.77138315
QQQ,4,0.92565991,0.07434009
QQQ,4,0.12345197,0.87654803
QQQ,4,0.66214960,0.33785040
QQQ,4,0.12368136,0.87631864
QQQ,4,0.13204025,0.86795975
QQQ,4,0.13012429,0.86987571
QQQ,4,0.99995509,0.00004491
QQQ,4,0.96504039,0.03495961
QQQ,4,0.85646054,0.14353946
QQQ,4,0.62564638,0.37435362
QQQ,4,0.29062899,0.70937101
QQQ,4,0.71143135,0.28856865
QQQ,4,0.30975192,0.69024808
QQQ,4,0.27879601,0.72120399
QQQ,4,0.12471270,0.87528730
QQQ,4,0.15314413,0.84685587
QQQ,4,0.96298847,0.03701153
QQQ,4,0.13335704,0.86664296
QQQ,4,0.35010221,0.64989779
QQQ,4,0.96791065,0.03208935
QQQ,4,0.12307671,0.87692329
QQQ,4,0.18190520,0.81809480
QQQ,4,0.37245416,0.62754584
QQQ,4,0.12714749,0.87285251
QQQ,4,0.97732542,0.02267458
QQQ,4,0.54323306,0.45676694
QQQ,4,0.13719403,0.86280597
QQQ,4,0.16608976,0.83391024
QQQ,4,0.67349200,0.32650800
QQQ,4,0.13289123,0.86710877
QQQ,4,0.98002722,0.01997278
QQQ,4,0.12215611,0.87784389
QQQ,4,0.17304221,0.82695779
QQQ,4,0.44961743,0.55038257
QQQ,4,0.99669589,0.00330411
QQQ,4,0.14166724,0.85833276
QQQ,4,0.98964051,0.01035949
QQQ,4,0.16818940,0.83181060
QQQ,4,0.12435582,0.87564418
QQQ,4,0.17664506,0.82335494
QQQ,4,0.12203822,0.87796178
QQQ,4,0.76455300,0.23544700
QQQ,4,0.76733126,0.23266874
QQQ,4,0.13050669,0.86949331
QQQ,4,0.84249526,0.15750474
QQQ,4,0.36669836,0.63330164
QQQ,4,0.98419080,0.01580920
QQQ,4,0.90538498,0.09461502
QQQ,4,0.99999987,0.00000013
QQQ,4,0.14087096,0.85912904
QQQ,4,0.12380104,0.87619896
QQQ,4,0.18107166,0.81892834
QQQ,4,0.13632974,0.86367026
QQQ,4,0.97779798,0.02220202
QQQ,4,0.99893477,0.00106523
QQQ,4,0.25182242,0.74817758
QQQ,4,0.21422992,0.78577008
QQQ,4,0.18575843,0.81424157
QQQ,4,0.13214286,0.86785714
QQQ,4,0.12656870,0.87343130
QQQ,4,0.17368588,0.82631412
QQQ,4,0.48312081,0.51687919
QQQ,4,0.12170159,0.87829841
QQQ,4,0.17124941,0.82875059
QQQ,4,0.20160826,0.79839174
QQQ,4,0.50493493,0.49506507
QQQ,4,0.12186994,0.87813006
QQQ,4,0.14231494,0.85768506
QQQ,4,0.23389795,0.76610205
QQQ,4,0.22237810,0.77762190
QQQ,4,0.18486666,0.81513334
QQQ,4,0.76967257,0.23032743
QQQ,4,0.34713498,0.65286502
QQQ,4,0.12503321,0.87496679
QQQ,4,0.26036531,0.73963469
QQQ,4,0.18750681,0.81249319
QQQ,4,0.12361668,0.87638332
QQQ,4,0.26066664,0.73933336
QQQ,4,0.12249438,0.87750562
QQQ,4,0.12280991,0.87719009
QQQ,4,0.30220114,0.69779886
QQQ,4,0.12277801,0.87722199
QQQ,4,0.12380304,0.87619696
QQQ,4,0.13388327,0.86611673
QQQ,4,0.12489514,0.87510486
QQQ,4,0.12158760,0.87841240
QQQ,4,0.12890460,0.87109540
QQQ,4,0.15509515,0.84490485
QQQ,4,0.13066442,0.86933558
QQQ,4,0.12294454,0.87705546
QQQ,4,0.12163159,0.87836841
QQQ,4,0.12438756,0.87561244
QQQ,4,0.15086895,0.84913105
QQQ,4,0.12169399,0.87830601
QQQ,4,0.12220095,0.87779905
QQQ,4,0.14058968,0.85941032
QQQ,4,0.24663038,0.75336962
QQQ,4,0.12518041,0.87481959
QQQ,4,0.53989162,0.46010838
QQQ,4,0.14708686,0.85291314
QQQ,4,0.17214745,0.82785255
QQQ,4,0.12186906,0.87813094
QQQ,4,0.18757373,0.81242627
QQQ,4,0.12680964,0.87319036
QQQ,4,0.13091015,0.86908985
QQQ,4,0.13318716,0.86681284
QQQ,4,0.35685538,0.64314462
QQQ,4,0.60666137,0.39333863
QQQ,4,0.12486762,0.87513238
QQQ,4,0.12999050,0.87000950
QQQ,4,0.14825024,0.85174976
QQQ,4,0.12385820,0.87614180
QQQ,4,0.15737811,0.84262189
QQQ,4,0.27524110,0.72475890
QQQ,4,0.13608377,0.86391623
QQQ,4,0.15000385,0.84999615
QQQ,4,0.12165238,0.87834762
QQQ,4,0.14057377,0.85942623
QQQ,4,0.12663869,0.87336131
QQQ,4,0.12725161,0.87274839
QQQ,4,0.13913190,0.86086810
QQQ,4,0.12430957,0.87569043
QQQ,4,0.13321627,0.86678373
QQQ,4,0.12164577,0.87835423
QQQ,4,0.12950575,0.87049425
QQQ,4,0.12988564,0.87011436
QQQ,4,0.12320396,0.87679604
QQQ,4,0.12730600,0.87269400
QQQ,4,0.25556009,0.74443991
QQQ,4,0.12456736,0.87543264
QQQ,4,0.13388230,0.86611770
QQQ,4,0.12238745,0.87761255
QQQ,4,0.12444711,0.87555289
QQQ,4,0.15907169,0.84092831
QQQ,4,0.12902175,0.87097825
QQQ,4,0.13597088,0.86402912
QQQ,4,0.33109568,0.66890432
QQQ,4,0.14050938,0.85949062
QQQ,4,0.51490507,0.48509493
QQQ,4,0.12988541,0.87011459
QQQ,4,0.14784405,0.85215595
QQQ,4,0.12170847,0.87829153
QQQ,4,0.99282992,0.00717008
QQQ,4,0.17483103,0.82516897
QQQ,4,0.25680238,0.74319762
QQQ,4,0.20670347,0.79329653
QQQ,4,0.17847184,0.82152816
QQQ,4,0.39338285,0.60661715
QQQ,4,0.17944738,0.82055262
QQQ,4,0.13530452,0.86469548
QQQ,4,0.33824351,0.66175649
QQQ,4,0.12297842,0.87702158
QQQ,4,0.13391124,0.86608876
QQQ,4,0.17349586,0.82650414
QQQ,4,0.12859459,0.87140541
QQQ,4,0.36889970,0.63110030
QQQ,4,0.71689118,0.28310882
QQQ,4,0.83520275,0.16479725
QQQ,4,0.16078973,0.83921027
QQQ,4,0.17975321,0.82024679
QQQ,4,0.55907713,0.44092287
QQQ,4,0.26686764,0.73313236
QQQ,4,0.12721683,0.87278317
QQQ,4,0.13581753,0.86418247
QQQ,4,0.14352933,0.85647067
QQQ,4,0.13165712,0.86834288
QQQ,4,0.14371780,0.85628220
QQQ,4,0.30647215,0.69352785
QQQ,4,0.13576250,0.86423750
QQQ,4,0.19595650,0.80404350
QQQ,4,0.12173241,0.87826759
QQQ,4,0.12173439,0.87826561
QQQ,4,0.40920161,0.59079839
QQQ,4,0.12968589,0.87031411
QQQ,4,0.12787213,0.87212787
QQQ,4,0.12282006,0.87717994
QQQ,4,0.27461777,0.72538223
QQQ,4,0.13600761,0.86399239
QQQ,4,0.16870482,0.83129518
QQQ,4,0.12243416,0.87756584
QQQ,4,0.14970307,0.85029693
QQQ,4,0.13458989,0.86541011
QQQ,4,0.19056400,0.80943600
QQQ,4,0.12157422,0.87842578
QQQ,4,0.14570825,0.85429175
QQQ,4,0.12962240,0.87037760
QQQ,4,0.13472445,0.86527555
QQQ,4,0.13680286,0.86319714
QQQ,4,0.12186210,0.87813790
QQQ,4,0.15896947,0.84103053
QQQ,4,0.15761424,0.84238576
QQQ,4,0.14933348,0.85066652
QQQ,4,0.15962556,0.84037444
QQQ,4,0.17337293,0.82662707
QQQ,4,0.19536042,0.80463958
QQQ,4,0.12744307,0.87255693
QQQ,4,0.13186426,0.86813574
QQQ,4,0.29405492,0.70594508
QQQ,4,0.14377977,0.85622023
QQQ,4,0.35164641,0.64835359
QQQ,4,0.99622210,0.00377790
QQQ,4,0.21039849,0.78960151
QQQ,4,0.13241664,0.86758336
QQQ,4,0.64938361,0.35061639
QQQ,4,0.16370088,0.83629912
QQQ,4,0.20881690,0.79118310
QQQ,4,0.59912239,0.40087761
QQQ,4,0.94231665,0.05768335
QQQ,4,0.12416676,0.87583324
QQQ,4,0.30863206,0.69136794
QQQ,4,0.37046057,0.62953943
QQQ,4,0.14692179,0.85307821
QQQ,4,0.18219223,0.81780777
QQQ,4,0.12605254,0.87394746
QQQ,4,0.97242674,0.02757326
QQQ,4,0.25951675,0.74048325
QQQ,4,0.12602865,0.87397135
QQQ,4,0.12952187,0.87047813
QQQ,4,0.33014324,0.66985676
QQQ,4,0.12254964,0.87745036
QQQ,4,0.17892288,0.82107712
QQQ,4,0.28361193,0.71638807
QQQ,4,0.47429964,0.52570036
QQQ,4,0.12175323,0.87824677
QQQ,4,0.12233776,0.87766224
QQQ,4,0.12580727,0.87419273
QQQ,4,0.17956673,0.82043327
QQQ,4,0.13387650,0.86612350
QQQ,4,0.12674294,0.87325706
QQQ,4,0.13307130,0.86692870
QQQ,4,0.13374434,0.86625566
QQQ,4,0.12165563,0.87834437
QQQ,4,0.12340342,0.87659658
QQQ,4,0.20150230,0.79849770
QQQ,4,0.12157557,0.87842443
QQQ,4,0.28082284,0.71917716
QQQ,4,0.19705407,0.80294593
QQQ,4,0.12991949,0.87008051
QQQ,4,0.24114040,0.75885960
QQQ,4,0.17221995,0.82778005
QQQ,4,0.16642201,0.83357799
QQQ,4,0.42572238,0.57427762
QQQ,4,0.18585009,0.81414991
QQQ,4,0.29814907,0.70185093
QQQ,4,0.12388502,0.87611498
QQQ,4,0.30352279,0.69647721
QQQ,4,0.17684498,0.82315502
QQQ,4,0.15939049,0.84060951
QQQ,4,0.26982000,0.73018000
QQQ,4,0.12219565,0.87780435
QQQ,4,0.26867896,0.73132104
QQQ,4,0.12292617,0.87707383
QQQ,4,0.12752246,0.87247754
QQQ,4,0.18327226,0.81672774
QQQ,4,0.16934791,0.83065209
QQQ,4,0.16286023,0.83713977
QQQ,4,0.12337201,0.87662799
QQQ,4,0.18408136,0.81591864
QQQ,4,0.17053260,0.82946740
QQQ,4,0.20493809,0.79506191
QQQ,4,0.14993788,0.85006212
QQQ,4,0.13703014,0.86296986
QQQ,4,0.12176034,0.87823966
QQQ,4,0.18038412,0.81961588
QQQ,4,0.15033808,0.84966192
QQQ,4,0.12265640,0.87734360
QQQ,4,0.12344782,0.87655218
QQQ,4,0.12842372,0.87157628
QQQ,4,0.13175623,0.86824377
QQQ,4,0.12214019,0.87785981
QQQ,4,0.12698731,0.87301269
QQQ,4,0.12168113,0.87831887
QQQ,4,0.12181007,0.87818993
QQQ,4,0.15622911,0.84377089
QQQ,4,0.12240009,0.87759991
QQQ,4,0.12358045,0.87641955
QQQ,4,0.14240348,0.85759652
QQQ,4,0.12508055,0.87491945
QQQ,4,0.12161303,0.87838697
QQQ,4,0.22377331,0.77622669
QQQ,4,0.12536147,0.87463853
QQQ,4,0.15945372,0.84054628
QQQ,4,0.13069721,0.86930279
QQQ,4,0.19446446,0.80553554
QQQ,4,0.17070504,0.82929496
QQQ,4,0.13164843,0.86835157
QQQ,4,0.12328222,0.87671778
QQQ,4,0.20694595,0.79305405
QQQ,4,0.13029989,0.86970011
QQQ,4,0.12173792,0.87826208
QQQ,4,0.13810500,0.86189500
QQQ,4,0.16036489,0.83963511
QQQ,4,0.13075995,0.86924005
QQQ,4,0.20300902,0.79699098
QQQ,4,0.12278805,0.87721195
QQQ,4,0.12265271,0.87734729
QQQ,4,0.14804024,0.85195976
QQQ,4,0.13375307,0.86624693
QQQ,4,0.12753080,0.87246920
QQQ,4,0.12210443,0.87789557
QQQ,4,0.17742218,0.82257782
QQQ,4,0.12160921,0.87839079
QQQ,4,0.14557867,0.85442133
QQQ,4,0.12306944,0.87693056
QQQ,4,0.37371484,0.62628516
QQQ,4,0.16711350,0.83288650
QQQ,4,0.14969039,0.85030961
QQQ,4,0.12157498,0.87842502
QQQ,4,0.16093333,0.83906667
QQQ,4,0.17538807,0.82461193
QQQ,4,0.12323362,0.87676638
QQQ,4,0.22835826,0.77164174
QQQ,4,0.12776940,0.87223060
QQQ,4,0.12188850,0.87811150
QQQ,4,0.18477665,0.81522335
QQQ,4,0.14036137,0.85963863
QQQ,4,0.12161276,0.87838724
QQQ,4,0.12685149,0.87314851
QQQ,4,0.12876059,0.87123941
QQQ,4,0.16524155,0.83475845
QQQ,4,0.61202554,0.38797446
QQQ,4,0.27775120,0.72224880
QQQ,4,0.12273819,0.87726181
QQQ,4,0.13113603,0.86886397
QQQ,4,0.34218214,0.65781786
QQQ,4,0.29818909,0.70181091
QQQ,4,0.69981387,0.30018613
QQQ,4,0.13730722,0.86269278
QQQ,4,0.19174851,0.80825149
QQQ,4,0.12774754,0.87225246
QQQ,4,0.24100018,0.75899982
QQQ,4,0.12195212,0.87804788
QQQ,4,0.19683418,0.80316582
QQQ,4,0.12175993,0.87824007
QQQ,4,0.12811595,0.87188405
QQQ,4,0.12180556,0.87819444
QQQ,4,0.18809521,0.81190479
QQQ,4,0.17309167,0.82690833
QQQ,4,0.51966678,0.48033322
QQQ,4,0.99911619,0.00088381
QQQ,4,0.95989045,0.04010955
QQQ,4,0.12266848,0.87733152
QQQ,4,0.99999836,0.00000164
QQQ,4,0.12551807,0.87448193
QQQ,4,0.99997127,0.00002873
QQQ,4,0.95453625,0.04546375
QQQ,4,0.99923075,0.00076925
QQQ,4,0.93578791,0.06421209
QQQ,4,0.40048503,0.59951497
QQQ,4,1.00000000,0.00000000
QQQ,4,0.99997212,0.00002788
QQQ,4,0.99989671,0.00010329
QQQ,4,1.00000000,0.00000000
QQQ,4,1.00000000,0.00000000
QQQ,4,1.00000000,0.00000000
QQQ,4,1.00000000,0.00000000
QQQ,4,0.97379924,0.02620076
QQQ,4,0.14623899,0.85376101
QQQ,4,0.99914787,0.00085213
QQQ,4,0.12251283,0.87748717
QQQ,4,1.00000000,0.00000000
QQQ,4,0.12968336,0.87031664
QQQ,4,0.99999911,0.00000089
QQQ,4,0.96576167,0.03423833
QQQ,4,0.99482500,0.00517500
QQQ,4,0.15762798,0.84237202
QQQ,4,0.99958881,0.00041119
QQQ,4,0.42247948,0.57752052
QQQ,4,0.32210841,0.67789159
QQQ,4,1.00000000,0.00000000
QQQ,4,0.12650550,0.87349450
QQQ,4,0.76605318,0.23394682
QQQ,4,0.12913967,0.87086033
QQQ,4,0.23835511,0.76164489
QQQ,4,0.99975866,0.00024134
QQQ,4,0.16924621,0.83075379
QQQ,4,0.52595052,0.47404948
QQQ,4,0.20530980,0.79469020
QQQ,4,0.19969160,0.80030840
QQQ,4,0.99671770,0.00328230
QQQ,4,0.87224813,0.12775187
QQQ,4,0.12477729,0.87522271
QQQ,4,0.36754515,0.63245485
QQQ,4,0.17682363,0.82317637
QQQ,4,0.42966083,0.57033917
QQQ,4,0.98823888,0.01176112
QQQ,4,0.12205946,0.87794054
QQQ,4,0.88535154,0.11464846
QQQ,4,0.19811738,0.80188262
QQQ,4,0.20721188,0.79278812
QQQ,4,0.15194922,0.84805078
QQQ,4,0.27599494,0.72400506
QQQ,4,0.31518721,0.68481279
QQQ,4,0.20013163,0.79986837
QQQ,4,0.53678804,0.46321196
QQQ,4,0.26011096,0.73988904
QQQ,4,0.18905176,0.81094824
QQQ,4,0.14626743,0.85373257
QQQ,4,0.49739130,0.50260870
QQQ,4,0.12223106,0.87776894
QQQ,4,0.58440266,0.41559734
QQQ,4,0.18615230,0.81384770
QQQ,4,0.13032961,0.86967039
QQQ,4,0.12599454,0.87400546
QQQ,4,0.13962903,0.86037097
QQQ,4,0.12232705,0.87767295
QQQ,4,0.30943986,0.69056014
QQQ,4,0.13034008,0.86965992
QQQ,4,0.15872413,0.84127587
QQQ,4,0.13827965,0.86172035
QQQ,4,0.14677343,0.85322657
QQQ,4,0.52498318,0.47501682
QQQ,4,0.17183058,0.82816942
QQQ,4,0.17010830,0.82989170
QQQ,4,0.25604963,0.74395037
QQQ,4,0.99998832,0.00001168
QQQ,4,0.14189787,0.85810213
QQQ,4,0.19924649,0.80075351
QQQ,4,0.41781291,0.58218709
QQQ,4,0.13376836,0.86623164
QQQ,4,0.13075000,0.86925000
QQQ,4,0.12170255,0.87829745
QQQ,4,0.23692659,0.76307341
QQQ,4,0.17991635,0.82008365
QQQ,4,0.53630671,0.46369329
QQQ,4,0.17483736,0.82516264
QQQ,4,0.76556385,0.23443615
QQQ,4,0.18693700,0.81306300
QQQ,4,0.49152920,0.50847080
QQQ,4,0.25541261,0.74458739
QQQ,4,0.16802224,0.83197776
QQQ,4,0.82852949,0.17147051
QQQ,4,0.13623473,0.86376527
QQQ,4,0.28645300,0.71354700
QQQ,4,0.18005849,0.81994151
QQQ,4,0.16325600,0.83674400
QQQ,4,0.54059398,0.45940602
QQQ,4,0.14733511,0.85266489
QQQ,4,0.12310451,0.87689549
QQQ,4,0.14977441,0.85022559
QQQ,4,0.12197291,0.87802709
QQQ,4,0.90192049,0.09807951
QQQ,4,0.17557640,0.82442360
QQQ,4,0.13217409,0.86782591
QQQ,4,0.85662061,0.14337939
QQQ,4,0.20806721,0.79193279
QQQ,4,0.35266799,0.64733201
QQQ,4,0.24718694,0.75281306
QQQ,4,0.21558313,0.78441687
QQQ,4,0.14008759,0.85991241
QQQ,4,0.46767542,0.53232458
QQQ,4,0.31120901,0.68879099
QQQ,4,0.13990493,0.86009507
QQQ,4,0.12934947,0.87065053
QQQ,4,0.27987134,0.72012866
QQQ,4,0.20298858,0.79701142
QQQ,4,0.13254625,0.86745375
QQQ,4,0.53236442,0.46763558
QQQ,4,0.73317915,0.26682085
QQQ,4,0.12575122,0.87424878
QQQ,4,0.12159523,0.87840477
QQQ,4,0.22833203,0.77166797
QQQ,4,0.19902801,0.80097199
QQQ,4,0.14143829,0.85856171
QQQ,4,0.28643469,0.71356531
QQQ,4,0.15920182,0.84079818
QQQ,4,0.15524894,0.84475106
QQQ,4,0.17233429,0.82766571
QQQ,4,0.65972204,0.34027796
QQQ,4,0.12272859,0.87727141
QQQ,4,0.14435965,0.85564035
QQQ,4,0.17020553,0.82979447
QQQ,4,0.43296974,0.56703026
QQQ,4,0.20728747,0.79271253
QQQ,4,0.99999319,0.00000681
QQQ,4,0.34340435,0.65659565
QQQ,4,0.99999731,0.00000269
QQQ,4,0.79573842,0.20426158
QQQ,4,0.62069499,0.37930501
QQQ,4,0.15905902,0.84094098
QQQ,4,0.35859748,0.64140252
QQQ,4,0.30659553,0.69340447
QQQ,4,0.30903841,0.69096159
QQQ,4,0.34911804,0.65088196
QQQ,4,0.29184838,0.70815162
QQQ,4,0.12449016,0.87550984
QQQ,4,0.43076040,0.56923960
QQQ,4,0.94945621,0.05054379
QQQ,4,0.12976529,0.87023471
QQQ,4,0.66238686,0.33761314
QQQ,4,0.64347180,0.35652820
QQQ,4,0.12495570,0.87504430
QQQ,4,0.16267435,0.83732565
QQQ,4,0.37287547,0.62712453
QQQ,4,0.88633678,0.11366322
QQQ,4,0.56353576,0.43646424
QQQ,4,0.43878587,0.56121413
QQQ,4,0.38993075,0.61006925
QQQ,4,0.14078476,0.85921524
QQQ,4,0.36287580,0.63712420
QQQ,4,0.96967574,0.03032426
QQQ,4,0.12557065,0.87442935
QQQ,4,0.15014669,0.84985331
QQQ,4,0.14974613,0.85025387
QQQ,4,0.14465298,0.85534702
QQQ,4,0.40897035,0.59102965
QQQ,4,0.12193790,0.87806210
QQQ,4,0.12296900,0.87703100
QQQ,4,0.12161247,0.87838753
QQQ,4,0.12358237,0.87641763
QQQ,4,0.31943270,0.68056730
QQQ,4,0.15296447,0.84703553
QQQ,4,0.99878426,0.00121574
QQQ,4,0.32714069,0.67285931
QQQ,4,0.86389517,0.13610483
QQQ,4,0.12218179,0.87781821
QQQ,4,0.36015698,0.63984302
QQQ,4,0.99984463,0.00015537
QQQ,4,0.92818971,0.07181029
QQQ,4,0.13401061,0.86598939
QQQ,4,0.47700726,0.52299274
QQQ,4,0.47297306,0.52702694
QQQ,4,0.56478703,0.43521297
QQQ,4,0.13431813,0.86568187
QQQ,4,0.17823611,0.82176389
QQQ,4,0.16703943,0.83296057
QQQ,4,0.12453664,0.87546336
QQQ,4,0.15432613,0.84567387
QQQ,4,0.15700087,0.84299913
QQQ,4,0.15067370,0.84932630
QQQ,4,0.12158215,0.87841785
QQQ,4,0.27723165,0.72276835
QQQ,4,0.15176282,0.84823718
QQQ,4,0.19462995,0.80537005
QQQ,4,0.12710200,0.87289800
QQQ,4,0.27026954,0.72973046
QQQ,4,0.12463508,0.87536492
QQQ,4,0.12434115,0.87565885
QQQ,4,0.13331806,0.86668194
QQQ,4,0.14442853,0.85557147
QQQ,4,0.13077991,0.86922009
QQQ,4,0.67716208,0.32283792
QQQ,4,0.12676858,0.87323142
QQQ,4,0.12679054,0.87320946
QQQ,4,0.15267136,0.84732864
QQQ,4,0.20783585,0.79216415
QQQ,4,0.14761013,0.85238987
QQQ,4,0.15728996,0.84271004
QQQ,4,0.12438583,0.87561417
QQQ,4,0.12305078,0.87694922
QQQ,4,0.12554690,0.87445310
QQQ,4,0.13672873,0.86327127
QQQ,4,0.13214469,0.86785531
QQQ,4,0.19361585,0.80638415
QQQ,4,0.12309847,0.87690153
QQQ,4,0.12177184,0.87822816
QQQ,4,0.12579872,0.87420128
QQQ,4,0.28631948,0.71368052
QQQ,4,0.15833215,0.84166785
QQQ,4,0.28972303,0.71027697
QQQ,4,0.72491524,0.27508476
QQQ,4,0.27192120,0.72807880
QQQ,4,0.25359421,0.74640579
QQQ,4,0.12299296,0.87700704
QQQ,4,0.14657529,0.85342471
QQQ,4,0.13804386,0.86195614
QQQ,4,0.16458003,0.83541997
QQQ,4,0.28228488,0.71771512
QQQ,4,0.73100875,0.26899125
QQQ,4,0.18919623,0.81080377
QQQ,4,0.12239385,0.87760615
QQQ,4,0.17514630,0.82485370
QQQ,4,0.12407360,0.87592640
QQQ,4,0.90182082,0.09817918
QQQ,4,0.13355392,0.86644608
QQQ,4,0.66645877,0.33354123
QQQ,4,0.72659348,0.27340652
QQQ,4,0.37784740,0.62215260
QQQ,4,0.12433711,0.87566289
QQQ,4,0.24474385,0.75525615
QQQ,4,0.13257851,0.86742149
QQQ,4,0.15778992,0.84221008
QQQ,4,0.12170691,0.87829309
QQQ,4,0.12357919,0.87642081
QQQ,4,0.13999007,0.86000993
QQQ,4,0.14263161,0.85736839
QQQ,4,0.12432553,0.87567447
QQQ,4,0.13460331,0.86539669
QQQ,4,0.13476678,0.86523322
QQQ,4,0.13589175,0.86410825
QQQ,4,0.87265593,0.12734407
QQQ,4,0.13549501,0.86450499
QQQ,4,0.15024146,0.84975854
QQQ,4,0.99257277,0.00742723
QQQ,4,0.12471856,0.87528144
QQQ,4,0.91510895,0.08489105
QQQ,4,0.31095616,0.68904384
QQQ,4,0.93333374,0.06666626
QQQ,4,0.46901228,0.53098772
QQQ,4,0.24629574,0.75370426
QQQ,4,0.93387908,0.06612092
QQQ,4,0.99623354,0.00376646
QQQ,4,0.12362503,0.87637497
QQQ,4,0.76366577,0.23633423
QQQ,4,0.14905553,0.85094447
QQQ,4,0.21970868,0.78029132
QQQ,4,0.14421677,0.85578323
QQQ,4,0.13649517,0.86350483
QQQ,4,0.95599075,0.04400925
QQQ,4,0.12410995,0.87589005
QQQ,4,0.41824511,0.58175489
QQQ,4,0.12921234,0.87078766
QQQ,4,0.37945546,0.62054454
QQQ,4,0.12558160,0.87441840
QQQ,4,0.28788618,0.71211382
QQQ,4,0.12159711,0.87840289
QQQ,4,0.13382680,0.86617320
QQQ,4,0.32297989,0.67702011
QQQ,4,0.42801056,0.57198944
QQQ,4,0.62297169,0.37702831
QQQ,4,0.12274911,0.87725089
QQQ,4,0.12952481,0.87047519
QQQ,4,0.20858058,0.79141942
QQQ,4,0.15166259,0.84833741
QQQ,4,0.12168695,0.87831305
QQQ,4,0.23188903,0.76811097
QQQ,4,0.21725037,0.78274963
QQQ,4,0.31652851,0.68347149
QQQ,4,0.12312275,0.87687725
QQQ,4,0.17040667,0.82959333
QQQ,4,0.15969038,0.84030962
QQQ,4,0.16138636,0.83861364
QQQ,4,0.23487944,0.76512056
QQQ,4,0.23334043,0.76665957
QQQ,4,0.15026106,0.84973894
QQQ,4,0.12890016,0.87109984
QQQ,4,0.12773036,0.87226964
QQQ,4,0.12833107,0.87166893
QQQ,4,0.14873764,0.85126236
QQQ,4,0.14116185,0.85883815
QQQ,4,0.48246334,0.51753666
QQQ,4,0.13516613,0.86483387
QQQ,4,0.14690384,0.85309616
QQQ,4,0.16439278,0.83560722
QQQ,4,0.80194469,0.19805531
QQQ,4,0.12489021,0.87510979
QQQ,4,0.88881739,0.11118261
QQQ,4,0.14252470,0.85747530
QQQ,4,0.59528179,0.40471821
QQQ,4,0.13604377,0.86395623
QQQ,4,0.14531750,0.85468250
QQQ,4,0.12199421,0.87800579
QQQ,4,0.49359969,0.50640031
QQQ,4,0.13404675,0.86595325
QQQ,4,0.40969060,0.59030940
QQQ,4,0.12487024,0.87512976
QQQ,4,0.13314446,0.86685554
QQQ,4,0.12791822,0.87208178
QQQ,4,0.12774392,0.87225608
QQQ,4,0.12788753,0.87211247
QQQ,4,0.12362617,0.87637383
QQQ,4,0.20085418,0.79914582
QQQ,4,0.36902622,0.63097378
QQQ,4,0.12867178,0.87132822
QQQ,4,0.12254111,0.87745889
QQQ,4,0.12177288,0.87822712
QQQ,4,0.20222981,0.79777019
QQQ,4,0.12780305,0.87219695
QQQ,4,0.19544368,0.80455632
QQQ,4,0.14191982,0.85808018
QQQ,4,0.12877544,0.87122456
QQQ,4,0.23844120,0.76155880
QQQ,4,0.15667034,0.84332966
QQQ,4,0.14600085,0.85399915
QQQ,4,0.18319476,0.81680524
QQQ,4,0.12251896,0.87748104
QQQ,4,0.14979050,0.85020950
QQQ,4,0.12183752,0.87816248
QQQ,4,0.24120669,0.75879331
QQQ,4,0.13293532,0.86706468
QQQ,4,0.12193029,0.87806971
QQQ,4,0.12181541,0.87818459
QQQ,4,0.22096128,0.77903872
QQQ,4,0.13673174,0.86326826
QQQ,4,0.12648117,0.87351883
QQQ,4,0.14068772,0.85931228
QQQ,4,0.14497837,0.85502163
QQQ,4,0.13131241,0.86868759
QQQ,4,0.12168427,0.87831573
QQQ,4,0.12397749,0.87602251
QQQ,4,0.15147867,0.84852133
QQQ,4,0.16909890,0.83090110
QQQ,4,0.17680274,0.82319726
QQQ,4,0.20311632,0.79688368
QQQ,4,0.16147344,0.83852656
QQQ,4,0.15699073,0.84300927
QQQ,4,0.24346019,0.75653981
QQQ,4,0.12379669,0.87620331
QQQ,4,0.19832517,0.80167483
QQQ,4,0.12866097,0.87133903
QQQ,4,0.12299843,0.87700157
QQQ,4,0.13751157,0.86248843
QQQ,4,0.12158594,0.87841406
QQQ,4,0.14289331,0.85710669
QQQ,4,0.12331363,0.87668637
QQQ,4,0.14968452,0.85031548
QQQ,4,0.13053752,0.86946248
QQQ,4,0.12379909,0.87620091
QQQ,4,0.13771188,0.86228812
QQQ,4,0.12379714,0.87620286
QQQ,4,0.12786413,0.87213587
QQQ,4,0.12913650,0.87086350
QQQ,4,0.12189389,0.87810611
QQQ,4,0.17157533,0.82842467
QQQ,4,0.19377056,0.80622944
QQQ,4,0.13058518,0.86941482
QQQ,4,0.19236872,0.80763128
QQQ,4,0.33629641,0.66370359
QQQ,4,0.13320201,0.86679799
QQQ,4,0.12441516,0.87558484
QQQ,4,0.14303434,0.85696566
QQQ,4,0.18437388,0.81562612
QQQ,4,0.22004563,0.77995437
QQQ,4,0.12159365,0.87840635
QQQ,4,0.12450019,0.87549981
QQQ,4,0.12159326,0.87840674
QQQ,4,0.12756913,0.87243087
QQQ,4,0.12304160,0.87695840
QQQ,4,0.12786511,0.87213489
QQQ,4,0.12901613,0.87098387
QQQ,4,0.16308498,0.83691502
QQQ,4,0.12260371,0.87739629
QQQ,4,0.12810205,0.87189795
QQQ,4,0.15371842,0.84628158
QQQ,4,0.12206256,0.87793744
QQQ,4,0.22266729,0.77733271
QQQ,4,0.62669274,0.37330726
QQQ,4,0.12169798,0.87830202
QQQ,4,0.16645206,0.83354794
QQQ,4,0.18252383,0.81747617
QQQ,4,0.12342346,0.87657654
QQQ,4,0.15689067,0.84310933
QQQ,4,0.92857616,0.07142384
QQQ,4,0.12922368,0.87077632
QQQ,4,0.13836105,0.86163895
QQQ,4,0.13962257,0.86037743
QQQ,4,0.61612067,0.38387933
QQQ,4,0.24229489,0.75770511
QQQ,4,0.14593395,0.85406605
QQQ,4,0.18989245,0.81010755
QQQ,4,0.13174531,0.86825469
QQQ,4,0.15679608,0.84320392
QQQ,4,0.13111413,0.86888587
QQQ,4,0.15707300,0.84292700
QQQ,4,0.46501197,0.53498803
QQQ,4,0.15918841,0.84081159
QQQ,4,0.21715744,0.78284256
QQQ,4,0.17311283,0.82688717
QQQ,4,0.12159469,0.87840531
QQQ,4,0.14878789,0.85121211
QQQ,4,0.16349605,0.83650395
QQQ,4,0.19268835,0.80731165
QQQ,4,0.12849627,0.87150373
QQQ,4,0.12649703,0.87350297
QQQ,4,0.21937719,0.78062281
QQQ,4,0.14217020,0.85782980
QQQ,4,0.13252675,0.86747325
QQQ,4,0.13544399,0.86455601
QQQ,4,0.21280917,0.78719083
QQQ,4,0.27482382,0.72517618
QQQ,4,0.12457079,0.87542921
QQQ,4,0.12172995,0.87827005
QQQ,4,0.14991998,0.85008002
QQQ,4,0.32555366,0.67444634
QQQ,4,0.12303620,0.87696380
QQQ,4,0.18941217,0.81058783
QQQ,4,0.12160493,0.87839507
QQQ,4,0.15832362,0.84167638
QQQ,4,0.12227404,0.87772596
QQQ,4,0.20558484,0.79441516
QQQ,4,0.14635201,0.85364799
QQQ,4,0.20724589,0.79275411
QQQ,4,0.13569616,0.86430384
QQQ,4,0.12541752,0.87458248
QQQ,4,0.51174165,0.48825835
QQQ,4,0.56907849,0.43092151
QQQ,4,0.30057123,0.69942877
QQQ,4,0.41125156,0.58874844
QQQ,4,0.14172222,0.85827778
QQQ,4,0.44636968,0.55363032
QQQ,4,0.15257750,0.84742250
QQQ,4,0.93609943,0.06390057
QQQ,4,0.14670864,0.85329136
QQQ,4,0.26211595,0.73788405
QQQ,4,0.20429554,0.79570446
QQQ,4,0.29801671,0.70198329
QQQ,4,0.20920845,0.79079155
QQQ,4,0.62079977,0.37920023
QQQ,4,0.82118939,0.17881061
QQQ,4,0.14161530,0.85838470
QQQ,4,0.21043120,0.78956880
QQQ,4,0.60829215,0.39170785
QQQ,4,0.24864919,0.75135081
QQQ,4,0.17773894,0.82226106
QQQ,4,0.42925596,0.57074404
QQQ,4,0.12699999,0.87300001
QQQ,4,0.12174435,0.87825565
QQQ,4,0.12662275,0.87337725
QQQ,4,0.14743402,0.85256598
QQQ,4,0.17757104,0.82242896
QQQ,4,0.25322665,0.74677335
QQQ,4,0.96923273,0.03076727
QQQ,4,0.12688076,0.87311924
QQQ,4,0.24495222,0.75504778
QQQ,4,0.12174822,0.87825178
QQQ,4,0.29338311,0.70661689
QQQ,4,0.13482587,0.86517413
QQQ,4,0.78149601,0.21850399
QQQ,4,0.13791510,0.86208490
QQQ,4,0.84031099,0.15968901
QQQ,4,0.24556082,0.75443918
QQQ,4,0.31810478,0.68189522
QQQ,4,0.94371538,0.05628462
QQQ,4,0.12395106,0.87604894
QQQ,4,0.79511472,0.20488528
QQQ,4,0.12763637,0.87236363
QQQ,4,0.21946308,0.78053692
QQQ,4,0.94694753,0.05305247
QQQ,4,0.97794252,0.02205748
QQQ,4,0.19015568,0.80984432
QQQ,4,0.19844784,0.80155216
QQQ,4,0.99875014,0.00124986
QQQ,4,0.20785177,0.79214823
QQQ,4,0.17875932,0.82124068
QQQ,4,0.20552304,0.79447696
QQQ,4,0.61084822,0.38915178
QQQ,4,0.61418137,0.38581863
QQQ,4,0.97681479,0.02318521
QQQ,4,0.12254457,0.87745543
QQQ,4,0.70568425,0.29431575
QQQ,4,0.12176815,0.87823185
QQQ,4,0.93518887,0.06481113
QQQ,4,0.25296343,0.74703657
QQQ,4,0.23242571,0.76757429
QQQ,4,0.89415964,0.10584036
QQQ,4,0.95887823,0.04112177
QQQ,4,0.35086661,0.64913339
QQQ,4,0.13650571,0.86349429
QQQ,4,0.29313709,0.70686291
QQQ,4,0.37114843,0.62885157
QQQ,4,0.28673502,0.71326498
QQQ,4,0.31441691,0.68558309
QQQ,4,0.99808603,0.00191397
QQQ,4,0.15921756,0.84078244
QQQ,4,0.98103636,0.01896364
QQQ,4,0.19268443,0.80731557
QQQ,4,0.56228359,0.43771641
QQQ,4,0.58186387,0.41813613
QQQ,4,0.92724468,0.07275532
QQQ,4,0.99555842,0.00444158
QQQ,4,0.32444840,0.67555160
QQQ,4,0.70936629,0.29063371
QQQ,4,0.12163136,0.87836864
QQQ,4,0.58475029,0.41524971
QQQ,4,0.26035712,0.73964288
QQQ,4,0.66559484,0.33440516
QQQ,4,0.12157327,0.87842673
QQQ,4,0.36719583,0.63280417
QQQ,4,0.45229789,0.54770211
QQQ,4,0.18095351,0.81904649
QQQ,4,0.23425086,0.76574914
QQQ,4,0.12613854,0.87386146
QQQ,4,0.52883762,0.47116238
QQQ,4,0.63749214,0.36250786
QQQ,4,0.67812259,0.32187741
QQQ,4,0.12164808,0.87835192
QQQ,4,0.32569843,0.67430157
QQQ,4,0.80946711,0.19053289
QQQ,4,0.14713625,0.85286375
QQQ,4,0.47356546,0.52643454
QQQ,4,0.69063421,0.30936579
QQQ,4,0.12158914,0.87841086
QQQ,4,0.62129290,0.37870710
QQQ,4,0.27437785,0.72562215
QQQ,4,0.59484945,0.40515055
QQQ,4,0.90932974,0.09067026
QQQ,4,0.19568125,0.80431875
QQQ,4,0.99842283,0.00157717
QQQ,4,0.12817706,0.87182294
QQQ,4,0.98116582,0.01883418
QQQ,4,0.99985238,0.00014762
QQQ,4,0.32992500,0.67007500
QQQ,4,0.12165356,0.87834644
QQQ,4,0.98469637,0.01530363
QQQ,4,0.99998965,0.00001035
QQQ,4,0.26644677,0.73355323
QQQ,4,0.99960635,0.00039365
QQQ,4,0.17234561,0.82765439
QQQ,4,0.97110054,0.02889946
QQQ,4,0.13217650,0.86782350
QQQ,4,0.98990292,0.01009708
QQQ,4,0.19337314,0.80662686
QQQ,4,0.85816791,0.14183209
QQQ,4,0.99998335,0.00001665
QQQ,4,0.15288934,0.84711066
QQQ,4,0.14002590,0.85997410
QQQ,4,0.33696699,0.66303301
QQQ,4,0.60842796,0.39157204
QQQ,4,0.26726806,0.73273194
QQQ,4,0.88925323,0.11074677
QQQ,4,0.98718637,0.01281363
QQQ,4,0.12173474,0.87826526
QQQ,4,0.14076491,0.85923509
QQQ,4,0.88271060,0.11728940
QQQ,4,0.80456051,0.19543949
QQQ,4,0.12672268,0.87327732
QQQ,4,0.16263925,0.83736075
QQQ,4,0.15096100,0.84903900
QQQ,4,0.88744354,0.11255646
QQQ,4,0.99673095,0.00326905
QQQ,4,0.99999466,0.00000534
QQQ,4,0.12705031,0.87294969
QQQ,4,0.64783091,0.35216909
QQQ,4,0.99907798,0.00092202
QQQ,4,0.20302860,0.79697140
QQQ,4,0.76245275,0.23754725
QQQ,4,0.12157666,0.87842334
QQQ,4,0.34843797,0.65156203
QQQ,4,0.99046980,0.00953020
QQQ,4,0.13437410,0.86562590
QQQ,4,0.94113305,0.05886695
QQQ,4,0.12178134,0.87821866
QQQ,4,0.27917839,0.72082161
QQQ,4,0.13950438,0.86049562
QQQ,4,0.38105610,0.61894390
QQQ,4,0.15803567,0.84196433
QQQ,4,0.67591032,0.32408968
QQQ,4,0.12711165,0.87288835
QQQ,4,0.56614231,0.43385769
QQQ,4,0.20217521,0.79782479
QQQ,4,0.12874742,0.87125258
QQQ,4,0.12578895,0.87421105
QQQ,4,0.43598284,0.56401716
QQQ,4,0.15703726,0.84296274
QQQ,4,0.95833080,0.04166920
QQQ,4,0.41553046,0.58446954
QQQ,4,0.38034628,0.61965372
QQQ,4,0.34709054,0.65290946
QQQ,4,0.14114105,0.85885895
QQQ,4,0.58556072,0.41443928
QQQ,4,0.99868413,0.00131587
QQQ,4,0.21012291,0.78987709
QQQ,4,0.56108447,0.43891553
QQQ,4,0.12267418,0.87732582
QQQ,4,0.12337791,0.87662209
QQQ,4,0.87889511,0.12110489
QQQ,4,0.14545421,0.85454579
QQQ,4,0.15034244,0.84965756
QQQ,4,0.12728350,0.87271650
QQQ,4,0.22559377,0.77440623
QQQ,4,0.86697764,0.13302236
QQQ,4,0.13528677,0.86471323
QQQ,4,0.55145736,0.44854264
QQQ,4,0.18008998,0.81991002
QQQ,4,0.12202935,0.87797065
QQQ,4,0.21030295,0.78969705
QQQ,4,0.12364251,0.87635749
QQQ,4,0.55233989,0.44766011
QQQ,4,0.90410981,0.09589019
QQQ,4,0.12809176,0.87190824
QQQ,4,0.12258514,0.87741486
QQQ,4,0.40500643,0.59499357
QQQ,4,0.99918104,0.00081896
QQQ,4,0.21981507,0.78018493
QQQ,4,0.26970665,0.73029335
QQQ,4,0.15754599,0.84245401
QQQ,4,0.12198794,0.87801206
QQQ,4,0.30944443,0.69055557
QQQ,4,0.16578470,0.83421530
QQQ,4,0.49002647,0.50997353
QQQ,4,0.14222871,0.85777129
QQQ,4,0.69217606,0.30782394
QQQ,4,0.27268308,0.72731692
QQQ,4,0.99999929,0.00000071
QQQ,4,0.14084596,0.85915404
QQQ,4,0.47851456,0.52148544
QQQ,4,0.15802060,0.84197940
QQQ,4,0.14710940,0.85289060
QQQ,4,0.16436199,0.83563801
QQQ,4,0.46353451,0.53646549
QQQ,4,0.27771356,0.72228644
QQQ,4,0.44755871,0.55244129
QQQ,4,0.14394211,0.85605789
QQQ,4,0.12205189,0.87794811
QQQ,4,0.50605055,0.49394945
QQQ,4,0.91402179,0.08597821
QQQ,4,0.43968253,0.56031747
QQQ,4,0.61035745,0.38964255
QQQ,4,0.96443922,0.03556078
QQQ,4,0.12363448,0.87636552
QQQ,4,0.14611317,0.85388683
QQQ,4,0.99789388,0.00210612
QQQ,4,0.24296126,0.75703874
QQQ,4,0.37139438,0.62860562
QQQ,4,0.12450306,0.87549694
QQQ,4,0.66311341,0.33688659
QQQ,4,0.93945134,0.06054866
QQQ,4,0.97040508,0.02959492
QQQ,4,0.17204842,0.82795158
QQQ,4,0.12387864,0.87612136
QQQ,4,0.13479820,0.86520180
QQQ,4,0.71217021,0.28782979
QQQ,4,0.23284244,0.76715756
QQQ,4,0.66178394,0.33821606
QQQ,4,0.56728244,0.43271756
QQQ,4,0.46425333,0.53574667
QQQ,4,0.91751644,0.08248356
QQQ,4,0.21134438,0.78865562
QQQ,4,0.19153221,0.80846779
QQQ,4,0.99287669,0.00712331
QQQ,4,0.66695884,0.33304116
QQQ,4,0.25641340,0.74358660
QQQ,4,0.19822457,0.80177543
QQQ,4,0.16515371,0.83484629
QQQ,4,0.67378997,0.32621003
QQQ,4,1.00000000,0.00000000
QQQ,4,0.62572582,0.37427418
QQQ,4,0.13505716,0.86494284
QQQ,4,0.31975053,0.68024947
QQQ,4,0.24762214,0.75237786
QQQ,4,0.12485288,0.87514712
QQQ,4,0.12177301,0.87822699
QQQ,4,0.20223568,0.79776432
QQQ,4,0.27386311,0.72613689
QQQ,4,0.19770383,0.80229617
QQQ,4,0.14033178,0.85966822
QQQ,4,0.30394835,0.69605165
QQQ,4,0.17018993,0.82981007
QQQ,4,0.99974119,0.00025881
QQQ,4,0.12747615,0.87252385
QQQ,4,0.12401829,0.87598171
QQQ,4,0.37694409,0.62305591
QQQ,4,0.64549000,0.35451000
QQQ,4,0.14512555,0.85487445
QQQ,4,0.19708756,0.80291244
QQQ,4,0.14686144,0.85313856
QQQ,4,0.24332403,0.75667597
QQQ,4,0.21592231,0.78407769
QQQ,4,0.14622473,0.85377527
QQQ,4,0.98628876,0.01371124
QQQ,4,0.22415257,0.77584743
QQQ,4,0.37107801,0.62892199
QQQ,4,0.12553437,0.87446563
QQQ,4,0.26641245,0.73358755
QQQ,4,0.77158905,0.22841095
QQQ,4,0.12271291,0.87728709
QQQ,4,0.32170513,0.67829487
QQQ,4,0.29507509,0.70492491
QQQ,4,0.68530141,0.31469859
QQQ,4,0.12157412,0.87842588
QQQ,4,0.14389281,0.85610719
QQQ,4,0.13444028,0.86555972
QQQ,4,0.34450219,0.65549781
QQQ,4,0.86047240,0.13952760
QQQ,4,0.15599209,0.84400791
QQQ,4,0.19018878,0.80981122
QQQ,4,0.45736487,0.54263513
QQQ,4,0.15336665,0.84663335
QQQ,4,0.16546400,0.83453600
QQQ,4,0.12682662,0.87317338
QQQ,4,0.24321761,0.75678239
QQQ,4,0.19917251,0.80082749
QQQ,4,0.84081149,0.15918851
QQQ,4,0.70341407,0.29658593
QQQ,4,0.12160771,0.87839229
QQQ,4,0.12212184,0.87787816
QQQ,4,0.52666388,0.47333612
QQQ,4,0.21111619,0.78888381
QQQ,4,0.49579070,0.50420930
QQQ,4,0.30053471,0.69946529
QQQ,4,0.62068104,0.37931896
QQQ,4,0.99562618,0.00437382
QQQ,4,0.31379904,0.68620096
QQQ,4,0.15767971,0.84232029
QQQ,4,0.54024178,0.45975822
QQQ,4,0.40838490,0.59161510
QQQ,4,0.17958302,0.82041698
QQQ,4,0.16014782,0.83985218
QQQ,4,0.31826563,0.68173437
QQQ,4,0.16049667,0.83950333
QQQ,4,0.17190357,0.82809643
QQQ,4,0.44408424,0.55591576
QQQ,4,0.15916272,0.84083728
QQQ,4,0.80858089,0.19141911
QQQ,4,0.12239321,0.87760679
QQQ,4,0.15693319,0.84306681
QQQ,4,0.38871613,0.61128387
QQQ,4,0.14766439,0.85233561
QQQ,4,0.12295687,0.87704313
QQQ,4,0.16390438,0.83609562
QQQ,4,0.16052384,0.83947616
QQQ,4,0.58013110,0.41986890
QQQ,4,0.12543056,0.87456944
QQQ,4,0.21577138,0.78422862
QQQ,4,0.13490498,0.86509502
QQQ,4,0.42757981,0.57242019
QQQ,4,0.32266567,0.67733433
QQQ,4,0.14212575,0.85787425
QQQ,4,0.67069991,0.32930009
QQQ,4,0.14875086,0.85124914
QQQ,4,0.89083756,0.10916244
QQQ,4,0.12559755,0.87440245
QQQ,4,0.13507880,0.86492120
QQQ,4,0.30524963,0.69475037
QQQ,4,0.24721562,0.75278438
QQQ,4,0.22522948,0.77477052
QQQ,4,0.13087783,0.86912217
QQQ,4,0.14588838,0.85411162
QQQ,4,0.13995287,0.86004713
QQQ,4,0.42549572,0.57450428
QQQ,4,0.19455531,0.80544469
QQQ,4,0.43393123,0.56606877
QQQ,4,0.12195750,0.87804250
QQQ,4,0.12520738,0.87479262
QQQ,4,0.19106172,0.80893828
QQQ,4,0.14456905,0.85543095
QQQ,4,0.12186774,0.87813226
QQQ,4,0.14675650,0.85324350
QQQ,4,0.18024221,0.81975779
QQQ,4,0.47626918,0.52373082
QQQ,4,0.12253700,0.87746300
QQQ,4,0.12283647,0.87716353
QQQ,4,0.12161070,0.87838930
QQQ,4,0.12163571,0.87836429
QQQ,4,0.16009321,0.83990679
QQQ,4,0.12177463,0.87822537
QQQ,4,0.12493015,0.87506985
QQQ,4,0.50773628,0.49226372
QQQ,4,0.13572982,0.86427018
QQQ,4,0.85403013,0.14596987
QQQ,4,0.16870209,0.83129791
QQQ,4,0.12169965,0.87830035
QQQ,4,0.16458370,0.83541630
QQQ,4,0.15143625,0.84856375
QQQ,4,0.13267835,0.86732165
QQQ,4,0.56923327,0.43076673
QQQ,4,0.12826304,0.87173696
QQQ,4,0.13898476,0.86101524
QQQ,4,0.20809554,0.79190446
QQQ,4,0.12997315,0.87002685
QQQ,4,0.12681438,0.87318562
QQQ,4,0.13999773,0.86000227
QQQ,4,0.12270092,0.87729908
QQQ,4,0.23979315,0.76020685
QQQ,4,0.50614790,0.49385210
QQQ,4,0.12177325,0.87822675
QQQ,4,0.13255828,0.86744172
QQQ,4,0.23981786,0.76018214
QQQ,4,0.14117799,0.85882201
QQQ,4,0.71942314,0.28057686
QQQ,4,0.85182064,0.14817936
QQQ,4,0.15231676,0.84768324
QQQ,4,0.13085269,0.86914731
QQQ,4,0.23006622,0.76993378
QQQ,4,0.16495867,0.83504133
QQQ,4,0.12309268,0.87690732
QQQ,4,0.12164623,0.87835377
QQQ,4,0.39497738,0.60502262
QQQ,4,0.21913176,0.78086824
QQQ,4,0.12984125,0.87015875
QQQ,4,0.41259715,0.58740285
QQQ,4,0.17495415,0.82504585
QQQ,4,0.17138214,0.82861786
QQQ,4,0.25447605,0.74552395
QQQ,4,0.13729849,0.86270151
QQQ,4,0.12225194,0.87774806
QQQ,4,0.28247383,0.71752617
QQQ,4,0.20799405,0.79200595
QQQ,4,0.19233138,0.80766862
QQQ,4,0.27814136,0.72185864
QQQ,4,0.35305176,0.64694824
QQQ,4,0.12446397,0.87553603
QQQ,4,0.12265231,0.87734769
QQQ,4,0.33577972,0.66422028
QQQ,4,0.12793092,0.87206908
QQQ,4,0.12195101,0.87804899
QQQ,4,0.15623076,0.84376924
QQQ,4,0.12942054,0.87057946
QQQ,4,0.12159757,0.87840243
QQQ,4,0.13483978,0.86516022
QQQ,4,0.25067834,0.74932166
QQQ,4,0.43458495,0.56541505
QQQ,4,0.12274005,0.87725995
QQQ,4,0.19741755,0.80258245
QQQ,4,0.17690352,0.82309648
QQQ,4,0.12192187,0.87807813
QQQ,4,0.70045265,0.29954735
QQQ,4,0.13200700,0.86799300
QQQ,4,0.12165786,0.87834214
QQQ,4,0.14701171,0.85298829
QQQ,4,0.12713895,0.87286105
QQQ,4,0.12455864,0.87544136
QQQ,4,0.43940789,0.56059211
QQQ,4,0.12277592,0.87722408
QQQ,4,0.12289287,0.87710713
QQQ,4,0.65949839,0.34050161
QQQ,4,0.12638473,0.87361527
QQQ,4,0.14288990,0.85711010
QQQ,4,0.16081171,0.83918829
QQQ,4,0.16933669,0.83066331
QQQ,4,0.21538617,0.78461383
QQQ,4,0.12205342,0.87794658
QQQ,4,0.15179983,0.84820017
QQQ,4,0.20414017,0.79585983
QQQ,4,0.19889582,0.80110418
QQQ,4,0.20714546,0.79285454
QQQ,4,0.23148348,0.76851652
QQQ,4,0.12515240,0.87484760
QQQ,4,0.32559462,0.67440538
QQQ,4,0.12195188,0.87804812
QQQ,4,0.36617005,0.63382995
QQQ,4,0.57820667,0.42179333
QQQ,4,0.15601635,0.84398365
QQQ,4,0.15450145,0.84549855
QQQ,4,0.66657554,0.33342446
QQQ,4,0.15418886,0.84581114
QQQ,4,0.13373439,0.86626561
QQQ,4,0.12161097,0.87838903
QQQ,4,0.12301785,0.87698215
QQQ,4,0.17328261,0.82671739
QQQ,4,0.15945838,0.84054162
QQQ,4,0.12177095,0.87822905
QQQ,4,0.21754650,0.78245350
QQQ,4,0.20265255,0.79734745
QQQ,4,0.12967458,0.87032542
QQQ,4,0.16410369,0.83589631
QQQ,4,0.38698527,0.61301473
QQQ,4,0.12167876,0.87832124
QQQ,4,0.12597968,0.87402032
QQQ,4,0.31232467,0.68767533
QQQ,4,0.52299234,0.47700766
QQQ,4,0.12310926,0.87689074
QQQ,4,0.12951421,0.87048579
QQQ,4,0.32759310,0.67240690
QQQ,4,0.12302381,0.87697619
QQQ,4,0.16180344,0.83819656
QQQ,4,0.12229911,0.87770089
QQQ,4,0.17241378,0.82758622
QQQ,4,0.40184232,0.59815768
QQQ,4,0.25620667,0.74379333
QQQ,4,0.12645626,0.87354374
QQQ,4,0.39364236,0.60635764
QQQ,4,0.14392765,0.85607235
QQQ,4,0.14950682,0.85049318
QQQ,4,0.16255769,0.83744231
QQQ,4,0.12564509,0.87435491
QQQ,4,0.24184347,0.75815653
QQQ,4,0.20115302,0.79884698
QQQ,4,0.12777373,0.87222627
QQQ,4,0.25944470,0.74055530
QQQ,4,0.19625770,0.80374230
QQQ,4,0.36374518,0.63625482
QQQ,4,0.12287384,0.87712616
QQQ,4,0.17577887,0.82422113
QQQ,4,0.77692324,0.22307676
QQQ,4,0.56304964,0.43695036
QQQ,4,0.12584015,0.87415985
QQQ,4,0.19702412,0.80297588
QQQ,4,0.13805682,0.86194318
QQQ,4,0.44331124,0.55668876
QQQ,4,0.51639449,0.48360551
QQQ,4,0.27600846,0.72399154
QQQ,4,0.14300921,0.85699079
QQQ,4,0.20245617,0.79754383
QQQ,4,0.12318949,0.87681051
QQQ,4,0.15407171,0.84592829
QQQ,4,0.65655099,0.34344901
QQQ,4,0.12425780,0.87574220
QQQ,4,0.65980256,0.34019744
QQQ,4,0.12416965,0.87583035
QQQ,4,0.12389817,0.87610183
QQQ,4,0.12179250,0.87820750
QQQ,4,0.23951615,0.76048385
QQQ,4,0.13751574,0.86248426
QQQ,4,0.13285425,0.86714575
QQQ,4,0.12250840,0.87749160
QQQ,4,0.12191794,0.87808206
QQQ,4,0.12531724,0.87468276
QQQ,4,0.12200245,0.87799755
QQQ,4,0.12516372,0.87483628
QQQ,4,0.12584637,0.87415363
QQQ,4,0.18092981,0.81907019
QQQ,4,0.12406410,0.87593590
QQQ,4,0.14458868,0.85541132
QQQ,4,0.27249821,0.72750179
QQQ,4,0.13648581,0.86351419
QQQ,4,0.18184329,0.81815671
QQQ,4,0.17402023,0.82597977
QQQ,4,0.27561123,0.72438877
QQQ,4,0.12165830,0.87834170
QQQ,4,0.14051149,0.85948851
QQQ,4,0.15061347,0.84938653
QQQ,4,0.14209634,0.85790366
QQQ,4,0.29647451,0.70352549
QQQ,4,0.21223487,0.78776513
QQQ,4,0.12301572,0.87698428
QQQ,4,0.14863535,0.85136465
QQQ,4,0.12532623,0.87467377
QQQ,4,0.12157319,0.87842681
QQQ,4,0.13201742,0.86798258
QQQ,4,0.41135243,0.58864757
QQQ,4,0.22793535,0.77206465
QQQ,4,0.14950067,0.85049933
QQQ,4,0.12157996,0.87842004
QQQ,4,0.54919626,0.45080374
QQQ,4,0.12708353,0.87291647
QQQ,4,0.16158920,0.83841080
QQQ,4,0.12643389,0.87356611
QQQ,4,0.12229104,0.87770896
QQQ,4,0.12158490,0.87841510
QQQ,4,0.14069225,0.85930775
QQQ,4,0.27982430,0.72017570
QQQ,4,0.55822917,0.44177083
QQQ,4,0.12690205,0.87309795
QQQ,4,0.13888313,0.86111687
QQQ,4,0.14582819,0.85417181
QQQ,4,0.12363508,0.87636492
QQQ,4,0.14078761,0.85921239
QQQ,4,0.19261192,0.80738808
QQQ,4,0.14671032,0.85328968
QQQ,4,0.53600170,0.46399830
QQQ,4,0.19891670,0.80108330
QQQ,4,0.37648573,0.62351427
QQQ,4,0.12158414,0.87841586
QQQ,4,0.12248817,0.87751183
QQQ,4,0.19915592,0.80084408
QQQ,4,0.12504543,0.87495457
QQQ,4,0.19831683,0.80168317
QQQ,4,0.12738310,0.87261690
QQQ,4,0.33376518,0.66623482
QQQ,4,0.19093740,0.80906260
QQQ,4,0.12640844,0.87359156
QQQ,4,0.17259487,0.82740513
QQQ,4,0.16264089,0.83735911
QQQ,4,0.13530281,0.86469719
QQQ,4,0.91109242,0.08890758
QQQ,4,0.12317663,0.87682337
QQQ,4,0.12174588,0.87825412
QQQ,4,0.12566928,0.87433072
QQQ,4,0.13735816,0.86264184
QQQ,4,0.16765069,0.83234931
QQQ,4,0.32730791,0.67269209
QQQ,4,0.12490755,0.87509245
QQQ,4,0.42317702,0.57682298
QQQ,4,0.13909600,0.86090400
QQQ,4,0.30639569,0.69360431
QQQ,4,0.27656555,0.72343445
QQQ,4,0.13053737,0.86946263
QQQ,4,0.27441016,0.72558984
QQQ,4,0.15491226,0.84508774
QQQ,4,0.12509844,0.87490156
QQQ,4,0.23879535,0.76120465
QQQ,4,0.17228510,0.82771490
QQQ,4,0.12490723,0.87509277
QQQ,4,0.23646508,0.76353492
QQQ,4,0.14078275,0.85921725
QQQ,4,0.12406628,0.87593372
QQQ,4,0.12747342,0.87252658
QQQ,4,0.12783226,0.87216774
QQQ,4,0.12722921,0.87277079
QQQ,4,0.12357011,0.87642989
QQQ,4,0.12414460,0.87585540
QQQ,4,0.17141185,0.82858815
QQQ,4,0.12354924,0.87645076
QQQ,4,0.34417770,0.65582230
QQQ,4,0.20725371,0.79274629
QQQ,4,0.12160142,0.87839858
QQQ,4,0.13137319,0.86862681
QQQ,4,0.16963017,0.83036983
QQQ,4,0.34141034,0.65858966
QQQ,4,0.33847944,0.66152056
QQQ,4,0.39373571,0.60626429
QQQ,4,0.12276322,0.87723678
QQQ,4,0.26236102,0.73763898
QQQ,4,0.15078502,0.84921498
QQQ,4,0.65262221,0.34737779
QQQ,4,0.16824407,0.83175593
QQQ,4,0.29394839,0.70605161
QQQ,4,0.13297195,0.86702805
QQQ,4,0.13087675,0.86912325
QQQ,4,0.33714833,0.66285167
QQQ,4,0.13588251,0.86411749
QQQ,4,0.45236140,0.54763860
QQQ,4,0.16334249,0.83665751
QQQ,4,0.22186809,0.77813191
QQQ,4,0.54997233,0.45002767
QQQ,4,0.24167445,0.75832555
QQQ,4,0.12358449,0.87641551
QQQ,4,0.12162823,0.87837177
QQQ,4,0.12508445,0.87491555
QQQ,4,0.12532240,0.87467760
QQQ,4,0.12534556,0.87465444
QQQ,4,0.14993400,0.85006600
QQQ,4,0.35857073,0.64142927
QQQ,4,0.12194095,0.87805905
QQQ,4,0.12160471,0.87839529
QQQ,4,0.15394964,0.84605036
QQQ,4,0.12495469,0.87504531
QQQ,4,0.12160090,0.87839910
QQQ,4,0.13286036,0.86713964
QQQ,4,0.18004472,0.81995528
QQQ,4,0.13170405,0.86829595
QQQ,4,0.14814838,0.85185162
QQQ,4,0.20853272,0.79146728
QQQ,4,0.12583769,0.87416231
QQQ,4,0.13475838,0.86524162
QQQ,4,0.12601104,0.87398896
QQQ,4,0.56296324,0.43703676
QQQ,4,0.12214566,0.87785434
QQQ,4,0.12157948,0.87842052
QQQ,4,0.13260325,0.86739675
QQQ,4,0.15450605,0.84549395
QQQ,4,0.27357719,0.72642281
QQQ,4,0.14849857,0.85150143
QQQ,4,0.14580695,0.85419305
QQQ,4,0.25634279,0.74365721
QQQ,4,0.12273684,0.87726316
QQQ,4,0.15333970,0.84666030
QQQ,4,0.12652021,0.87347979
QQQ,4,0.22953497,0.77046503
QQQ,4,0.20075222,0.79924778
QQQ,4,0.12412191,0.87587809
QQQ,4,0.12703491,0.87296509
QQQ,4,0.13598344,0.86401656
QQQ,4,0.14228389,0.85771611
QQQ,4,0.20280877,0.79719123
QQQ,4,0.17848837,0.82151163
QQQ,4,0.21872869,0.78127131
QQQ,4,0.12908107,0.87091893
QQQ,4,0.12321539,0.87678461
QQQ,4,0.20571466,0.79428534
QQQ,4,0.62665660,0.37334340
QQQ,4,0.13749823,0.86250177
QQQ,4,0.12425925,0.87574075
QQQ,4,0.12174701,0.87825299
QQQ,4,0.94342529,0.05657471
QQQ,4,0.14698208,0.85301792
QQQ,4,0.20202900,0.79797100
QQQ,4,0.27465675,0.72534325
QQQ,4,0.12830251,0.87169749
QQQ,4,0.99417618,0.00582382
QQQ,4,0.26231705,0.73768295
QQQ,4,0.16268071,0.83731929
QQQ,4,0.12288969,0.87711031
QQQ,4,0.27538156,0.72461844
QQQ,4,0.92039706,0.07960294
QQQ,4,0.73030729,0.26969271
QQQ,4,0.77144360,0.22855640
QQQ,4,0.97678992,0.02321008
QQQ,4,0.14807974,0.85192026
QQQ,4,0.23891324,0.76108676
QQQ,4,0.93695827,0.06304173
QQQ,4,0.14711041,0.85288959
QQQ,4,0.13001101,0.86998899
QQQ,4,0.81549754,0.18450246
QQQ,4,0.12415972,0.87584028
QQQ,4,0.85129086,0.14870914
QQQ,4,0.12728655,0.87271345
QQQ,4,0.30098542,0.69901458
QQQ,4,0.12206409,0.87793591
QQQ,4,0.13900771,0.86099229
QQQ,4,0.34203672,0.65796328
QQQ,4,0.19485406,0.80514594
QQQ,4,0.18957253,0.81042747
QQQ,4,0.12593379,0.87406621
QQQ,4,0.22415395,0.77584605
QQQ,4,0.12403992,0.87596008
QQQ,4,0.21500682,0.78499318
QQQ,4,0.95399864,0.04600136
QQQ,4,0.13071227,0.86928773
QQQ,4,0.12171334,0.87828666
QQQ,4,0.89661986,0.10338014
QQQ,4,0.21126903,0.78873097
QQQ,4,0.17211752,0.82788248
QQQ,4,0.66835356,0.33164644
QQQ,4,0.21981482,0.78018518
QQQ,4,0.14615072,0.85384928
QQQ,4,0.12816742,0.87183258
QQQ,4,0.12191763,0.87808237
QQQ,4,0.13317380,0.86682620
QQQ,4,0.79215753,0.20784247
QQQ,4,0.12185783,0.87814217
QQQ,4,0.12949485,0.87050515
QQQ,4,0.13827177,0.86172823
QQQ,4,0.12281623,0.87718377
QQQ,4,0.16137300,0.83862700
QQQ,4,0.13690661,0.86309339
QQQ,4,0.12614321,0.87385679
QQQ,4,0.28691114,0.71308886
QQQ,4,0.12185878,0.87814122
QQQ,4,0.12258598,0.87741402
QQQ,4,0.22454396,0.77545604
QQQ,4,0.19578788,0.80421212
QQQ,4,0.31118057,0.68881943
QQQ,4,0.16816718,0.83183282
QQQ,4,0.12157653,0.87842347
QQQ,4,0.12394672,0.87605328
QQQ,4,0.17145240,0.82854760
QQQ,4,0.25389434,0.74610566
QQQ,4,0.12160673,0.87839327
QQQ,4,0.12159731,0.87840269
QQQ,4,0.14767880,0.85232120
QQQ,4,0.12451190,0.87548810
QQQ,4,0.12291256,0.87708744
QQQ,4,0.32631323,0.67368677
QQQ,4,0.15616255,0.84383745
QQQ,4,0.14280340,0.85719660
QQQ,4,0.12182884,0.87817116
QQQ,4,0.19031180,0.80968820
QQQ,4,0.15187498,0.84812502
QQQ,4,0.82587314,0.17412686
QQQ,4,0.14168737,0.85831263
QQQ,4,0.12993502,0.87006498
QQQ,4,0.24241029,0.75758971
QQQ,4,0.88887398,0.11112602
QQQ,4,0.43388357,0.56611643
QQQ,4,0.12879959,0.87120041
QQQ,4,0.12185537,0.87814463
QQQ,4,0.12268465,0.87731535
QQQ,4,0.12255508,0.87744492
QQQ,4,0.15429885,0.84570115
QQQ,4,0.78749639,0.21250361
QQQ,4,0.13805247,0.86194753
QQQ,4,0.14413115,0.85586885
QQQ,4,0.12161391,0.87838609
QQQ,4,0.13031304,0.86968696
QQQ,4,0.12374736,0.87625264
QQQ,4,0.12362995,0.87637005
QQQ,4,0.14074331,0.85925669
QQQ,4,0.15788541,0.84211459
QQQ,4,0.17111186,0.82888814
QQQ,4,0.21172732,0.78827268
QQQ,4,0.13120020,0.86879980
QQQ,4,0.25863531,0.74136469
QQQ,4,0.12327833,0.87672167
QQQ,4,0.18341037,0.81658963
QQQ,4,0.15533081,0.84466919
QQQ,4,0.12845736,0.87154264
QQQ,4,0.41270665,0.58729335
QQQ,4,0.14153780,0.85846220
QQQ,4,0.16362088,0.83637912
QQQ,4,0.30824701,0.69175299
QQQ,4,0.12771119,0.87228881
QQQ,4,0.99429434,0.00570566
QQQ,4,0.14835938,0.85164062
QQQ,4,0.15053362,0.84946638
QQQ,4,0.18285303,0.81714697
QQQ,4,0.29020542,0.70979458
QQQ,4,0.12181507,0.87818493
QQQ,4,0.24657329,0.75342671
QQQ,4,0.28393652,0.71606348
QQQ,4,0.18981670,0.81018330
QQQ,4,0.12794014,0.87205986
QQQ,4,0.33535991,0.66464009
QQQ,4,0.23341428,0.76658572
QQQ,4,0.38524331,0.61475669
QQQ,4,0.12157792,0.87842208
QQQ,4,0.37193796,0.62806204
QQQ,4,0.13276018,0.86723982
QQQ,4,0.12388618,0.87611382
QQQ,4,0.67354998,0.32645002
QQQ,4,0.14344265,0.85655735
QQQ,4,0.41577365,0.58422635
QQQ,4,0.15112859,0.84887141
QQQ,4,0.28223072,0.71776928
QQQ,4,0.12814568,0.87185432
QQQ,4,0.13530133,0.86469867
QQQ,4,0.94060563,0.05939437
QQQ,4,0.25281682,0.74718318
QQQ,4,0.12522657,0.87477343
QQQ,4,0.13300457,0.86699543
QQQ,4,0.12251587,0.87748413
QQQ,4,0.16207952,0.83792048
QQQ,4,0.22597323,0.77402677
QQQ,4,0.13592304,0.86407696
QQQ,4,0.14330106,0.85669894
QQQ,4,0.23351758,0.76648242
QQQ,4,0.22537620,0.77462380
QQQ,4,0.12436079,0.87563921
QQQ,4,0.12200099,0.87799901
QQQ,4,0.29591119,0.70408881
QQQ,4,0.13733529,0.86266471
QQQ,4,0.12750663,0.87249337
QQQ,4,0.12196435,0.87803565
QQQ,4,0.13104122,0.86895878
QQQ,4,0.61058205,0.38941795
QQQ,4,0.26434136,0.73565864
QQQ,4,0.29918261,0.70081739
QQQ,4,0.12193585,0.87806415
QQQ,4,0.92881803,0.07118197
QQQ,4,0.28332274,0.71667726
QQQ,4,0.68881736,0.31118264
QQQ,4,0.13096323,0.86903677
QQQ,4,0.22751594,0.77248406
QQQ,4,0.89435832,0.10564168
QQQ,4,0.14523906,0.85476094
QQQ,4,0.99890491,0.00109509
QQQ,4,0.13464461,0.86535539
QQQ,4,0.17913243,0.82086757
QQQ,4,0.45376872,0.54623128
QQQ,4,0.71378563,0.28621437
QQQ,4,0.15427923,0.84572077
QQQ,4,0.35343067,0.64656933
QQQ,4,0.25330222,0.74669778
QQQ,4,0.12758644,0.87241356
QQQ,4,0.12887865,0.87112135
QQQ,4,0.64749411,0.35250589
QQQ,4,0.15419086,0.84580914
QQQ,4,0.40844110,0.59155890
QQQ,4,0.14539306,0.85460694
QQQ,4,0.89789886,0.10210114
QQQ,4,0.12409704,0.87590296
QQQ,4,0.14891118,0.85108882
QQQ,4,0.15594458,0.84405542
QQQ,4,0.99999924,0.00000076
QQQ,4,1.00000000,0.00000000
QQQ,4,0.12961845,0.87038155
QQQ,4,0.64691102,0.35308898
QQQ,4,1.00000000,0.00000000
QQQ,4,0.99740354,0.00259646
QQQ,4,0.59291908,0.40708092
QQQ,4,0.15641631,0.84358369
QQQ,4,0.12509132,0.87490868
QQQ,4,0.95218256,0.04781744
QQQ,4,0.12317995,0.87682005
QQQ,4,0.86043063,0.13956937
QQQ,4,0.76057523,0.23942477
QQQ,4,0.68554151,0.31445849
QQQ,4,0.94621227,0.05378773
QQQ,4,0.28468861,0.71531139
QQQ,4,0.12420398,0.87579602
QQQ,4,0.15972405,0.84027595
QQQ,4,0.12177014,0.87822986
QQQ,4,0.26687654,0.73312346
QQQ,4,0.34039474,0.65960526
QQQ,4,0.13357951,0.86642049
QQQ,4,0.17410996,0.82589004
QQQ,4,0.12847865,0.87152135
QQQ,4,0.19351221,0.80648779
QQQ,4,0.12157536,0.87842464
QQQ,4,0.99896662,0.00103338
QQQ,4,0.42476165,0.57523835
QQQ,4,0.17361875,0.82638125
QQQ,4,0.12599514,0.87400486
QQQ,4,0.13796135,0.86203865
QQQ,4,0.12279156,0.87720844
QQQ,4,0.12698145,0.87301855
QQQ,4,0.28846791,0.71153209
QQQ,4,0.12210310,0.87789690
QQQ,4,0.19063948,0.80936052
QQQ,4,0.68792537,0.31207463
QQQ,4,0.12933628,0.87066372
QQQ,4,0.12577230,0.87422770
QQQ,4,0.12269418,0.87730582
QQQ,4,0.16328189,0.83671811
QQQ,4,0.16579398,0.83420602
QQQ,4,0.12923464,0.87076536
QQQ,4,0.15222784,0.84777216
QQQ,4,0.18575722,0.81424278
QQQ,4,0.12339412,0.87660588
QQQ,4,0.15333305,0.84666695
QQQ,4,0.12630576,0.87369424
QQQ,4,0.12538284,0.87461716
QQQ,4,0.24558649,0.75441351
QQQ,4,0.26263449,0.73736551
QQQ,4,0.18565550,0.81434450
QQQ,4,0.12161153,0.87838847
QQQ,4,0.13345721,0.86654279
QQQ,4,0.19125031,0.80874969
QQQ,4,0.33797150,0.66202850
QQQ,4,0.13037998,0.86962002
QQQ,4,0.19738839,0.80261161
QQQ,4,0.13305289,0.86694711
QQQ,4,0.15522929,0.84477071
QQQ,4,0.16125581,0.83874419
QQQ,4,0.15171058,0.84828942
QQQ,4,0.19091098,0.80908902
QQQ,4,0.15066069,0.84933931
QQQ,4,0.12180736,0.87819264
QQQ,4,0.15222048,0.84777952
QQQ,4,0.12222381,0.87777619
QQQ,4,0.12402220,0.87597780
QQQ,4,0.12899931,0.87100069
QQQ,4,0.12220523,0.87779477
QQQ,4,0.12241371,0.87758629
QQQ,4,0.16625742,0.83374258
QQQ,4,0.12167307,0.87832693
QQQ,4,0.14034194,0.85965806
QQQ,4,0.13564880,0.86435120
QQQ,4,0.13400942,0.86599058
QQQ,4,0.12444605,0.87555395
QQQ,4,0.12584911,0.87415089
QQQ,4,0.12840239,0.87159761
QQQ,4,0.12240722,0.87759278
QQQ,4,0.12279093,0.87720907
QQQ,4,0.13846216,0.86153784
QQQ,4,0.55601041,0.44398959
QQQ,4,0.39520318,0.60479682
QQQ,4,0.15073479,0.84926521
QQQ,4,0.24784538,0.75215462
QQQ,4,0.13076045,0.86923955
QQQ,4,0.19377317,0.80622683
QQQ,4,0.12423294,0.87576706
QQQ,4,0.25432880,0.74567120
QQQ,4,0.12246276,0.87753724
QQQ,4,0.12158543,0.87841457
QQQ,4,0.13250150,0.86749850
QQQ,4,0.12178047,0.87821953
QQQ,4,0.28318683,0.71681317
QQQ,4,0.15128372,0.84871628
QQQ,4,0.14137418,0.85862582
QQQ,4,0.30437258,0.69562742
QQQ,4,0.12497699,0.87502301
QQQ,4,0.13353431,0.86646569
QQQ,4,0.12352421,0.87647579
QQQ,4,0.14893119,0.85106881
QQQ,4,0.21421802,0.78578198
QQQ,4,0.17325132,0.82674868
QQQ,4,0.15211908,0.84788092
QQQ,4,0.17590607,0.82409393
QQQ,4,0.12421010,0.87578990
QQQ,4,0.13975076,0.86024924
QQQ,4,0.12827720,0.87172280
QQQ,4,0.12194225,0.87805775
QQQ,4,0.14433981,0.85566019
QQQ,4,0.13575723,0.86424277
QQQ,4,0.17783353,0.82216647
QQQ,4,0.12157536,0.87842464
QQQ,4,0.12296201,0.87703799
QQQ,4,0.17655935,0.82344065
QQQ,4,0.15507682,0.84492318
QQQ,4,0.14984218,0.85015782
QQQ,4,0.14316815,0.85683185
QQQ,4,0.12869843,0.87130157
QQQ,4,0.13498618,0.86501382
QQQ,4,0.12942336,0.87057664
QQQ,4,0.13413840,0.86586160
QQQ,4,0.12727335,0.87272665
QQQ,4,0.13808785,0.86191215
QQQ,4,0.13438951,0.86561049
QQQ,4,0.12968766,0.87031234
QQQ,4,0.15837712,0.84162288
QQQ,4,0.13655355,0.86344645
QQQ,4,0.21916172,0.78083828
QQQ,4,0.12187551,0.87812449
QQQ,4,0.99039218,0.00960782
QQQ,4,0.49860916,0.50139084
QQQ,4,0.15374927,0.84625073
QQQ,4,0.15393358,0.84606642
QQQ,4,0.12902082,0.87097918
QQQ,4,0.15009444,0.84990556
QQQ,4,0.25160343,0.74839657
QQQ,4,0.12190138,0.87809862
QQQ,4,0.17737797,0.82262203
QQQ,4,0.16423646,0.83576354
QQQ,4,0.20539755,0.79460245
QQQ,4,0.47057110,0.52942890
QQQ,4,0.18019590,0.81980410
QQQ,4,0.14380772,0.85619228
QQQ,4,0.30101484,0.69898516
QQQ,4,0.13309391,0.86690609
QQQ,4,0.13350369,0.86649631
QQQ,4,0.55976865,0.44023135
QQQ,4,0.14028986,0.85971014
QQQ,4,0.51071107,0.48928893
QQQ,4,0.13221920,0.86778080
QQQ,4,0.59106334,0.40893666
QQQ,4,0.12346659,0.87653341
QQQ,4,0.12157748,0.87842252
QQQ,4,0.57508168,0.42491832
QQQ,4,0.12164749,0.87835251
QQQ,4,0.18474190,0.81525810
QQQ,4,0.25784822,0.74215178
QQQ,4,0.13513230,0.86486770
QQQ,4,0.77421802,0.22578198
QQQ,4,0.14529400,0.85470600
QQQ,4,0.78583151,0.21416849
QQQ,4,0.15947014,0.84052986
QQQ,4,0.19732421,0.80267579
QQQ,4,0.18111662,0.81888338
QQQ,4,0.12449682,0.87550318
QQQ,4,0.16566194,0.83433806
QQQ,4,0.12656130,0.87343870
QQQ,4,0.12167711,0.87832289
QQQ,4,0.13230804,0.86769196
QQQ,4,0.12314845,0.87685155
QQQ,4,0.12257997,0.87742003
QQQ,4,0.13177863,0.86822137
QQQ,4,0.12671144,0.87328856
QQQ,4,0.51085589,0.48914411
QQQ,4,0.14584435,0.85415565
QQQ,4,0.12191438,0.87808562
QQQ,4,0.50307341,0.49692659
QQQ,4,0.26299357,0.73700643
QQQ,4,0.25453149,0.74546851
QQQ,4,0.14348219,0.85651781
QQQ,4,0.14129322,0.85870678
QQQ,4,0.12973804,0.87026196
QQQ,4,0.12170557,0.87829443
QQQ,4,0.13449413,0.86550587
QQQ,4,0.12532986,0.87467014
QQQ,4,0.17192302,0.82807698
QQQ,4,0.12553447,0.87446553
QQQ,4,0.15648877,0.84351123
QQQ,4,0.17645188,0.82354812
QQQ,4,0.12335977,0.87664023
QQQ,4,0.13771330,0.86228670
QQQ,4,0.18926137,0.81073863
QQQ,4,0.12241221,0.87758779
QQQ,4,0.12221561,0.87778439
QQQ,4,0.20445175,0.79554825
QQQ,4,0.12683944,0.87316056
QQQ,4,0.12234283,0.87765717
QQQ,4,0.63149928,0.36850072
QQQ,4,0.23561399,0.76438601
QQQ,4,0.15313705,0.84686295
QQQ,4,0.13052674,0.86947326
QQQ,4,0.13663912,0.86336088
QQQ,4,0.18616287,0.81383713
QQQ,4,0.13177796,0.86822204
QQQ,4,0.13886378,0.86113622
QQQ,4,0.23480644,0.76519356
QQQ,4,0.14387150,0.85612850
QQQ,4,0.34643390,0.65356610
QQQ,4,0.46572218,0.53427782
QQQ,4,0.36571419,0.63428581
QQQ,4,0.49965627,0.50034373
QQQ,4,0.16131088,0.83868912
QQQ,4,0.12914250,0.87085750
QQQ,4,0.12684296,0.87315704
QQQ,4,0.56806934,0.43193066
QQQ,4,0.12222467,0.87777533
QQQ,4,0.12359608,0.87640392
QQQ,4,0.15488225,0.84511775
QQQ,4,0.12912618,0.87087382
