dataset,p,component_1,component_2
QQQ,3,0.14250186,0.85749814
QQQ,3,0.52712088,0.47287912
QQQ,3,0.80568960,0.19431040
QQQ,3,0.25653598,0.74346402
QQQ,3,0.99648289,0.00351711
QQQ,3,0.95395681,0.04604319
QQQ,3,0.99356827,0.00643173
QQQ,3,0.16065291,0.83934709
QQQ,3,0.99596738,0.00403262
QQQ,3,0.13664346,0.86335654
QQQ,3,0.27680133,0.72319867
QQQ,3,0.54750631,0.45249369
QQQ,3,0.99351142,0.00648858
QQQ,3,0.13523896,0.86476104
QQQ,3,0.16855974,0.83144026
QQQ,3,0.16299255,0.83700745
QQQ,3,0.14551350,0.85448650
QQQ,3,0.14546178,0.85453822
QQQ,3,0.27441087,0.72558913
QQQ,3,0.99342884,0.00657116
QQQ,3,0.20660403,0.79339597
QQQ,3,0.95821090,0.04178910
QQQ,3,0.99998867,0.00001133
QQQ,3,0.47181844,0.52818156
QQQ,3,0.99995047,0.00004953
QQQ,3,0.94488594,0.05511406
QQQ,3,0.40741316,0.59258684
QQQ,3,0.82320939,0.17679061
QQQ,3,0.26131403,0.73868597
QQQ,3,0.98861828,0.01138172
QQQ,3,0.20200530,0.79799470
QQQ,3,0.13170050,0.86829950
QQQ,3,0.14220409,0.85779591
QQQ,3,0.35888045,0.64111955
QQQ,3,0.92595817,0.07404183
QQQ,3,0.99400027,0.00599973
QQQ,3,0.26581162,0.73418838
QQQ,3,0.18444637,0.81555363
QQQ,3,0.37122584,0.62877416
QQQ,3,0.66030222,0.33969778
QQQ,3,0.38708330,0.61291670
QQQ,3,0.49690401,0.50309599
QQQ,3,0.36389253,0.63610747
QQQ,3,0.13443630,0.86556370
QQQ,3,0.28828227,0.71171773
QQQ,3,0.87975569,0.12024431
QQQ,3,0.19723023,0.80276977
QQQ,3,0.89018772,0.10981228
QQQ,3,0.99265674,0.00734326
QQQ,3,0.77275358,0.22724642
QQQ,3,0.12251390,0.87748610
QQQ,3,0.40351883,0.59648117
QQQ,3,0.61262492,0.38737508
QQQ,3,0.36568542,0.63431458
QQQ,3,0.29086806,0.70913194
QQQ,3,0.94534443,0.05465557
QQQ,3,0.65146691,0.34853309
QQQ,3,0.70913209,0.29086791
QQQ,3,0.37929153,0.62070847
QQQ,3,0.22026831,0.77973169
QQQ,3,0.33896001,0.66103999
QQQ,3,0.55982221,0.44017779
QQQ,3,0.25319930,0.74680070
QQQ,3,0.99998989,0.00001011
QQQ,3,0.29657070,0.70342930
QQQ,3,0.16070694,0.83929306
QQQ,3,0.96226285,0.03773715
QQQ,3,0.92094452,0.07905548
QQQ,3,0.33156636,0.66843364
QQQ,3,0.55749843,0.44250157
QQQ,3,0.12427451,0.87572549
QQQ,3,0.69184838,0.30815162
QQQ,3,0.30510565,0.69489435
QQQ,3,0.40614648,0.59385352
QQQ,3,0.17140629,0.82859371
QQQ,3,0.28259388,0.71740612
QQQ,3,0.13782075,0.86217925
QQQ,3,0.12374190,0.87625810
QQQ,3,0.26434424,0.73565576
QQQ,3,0.20509733,0.79490267
QQQ,3,0.13130196,0.86869804
QQQ,3,0.13313265,0.86686735
QQQ,3,0.37745015,0.62254985
QQQ,3,0.18969052,0.81030948
QQQ,3,0.20027797,0.79972203
QQQ,3,0.17743622,0.82256378
QQQ,3,0.99840860,0.00159140
QQQ,3,0.12446734,0.87553266
QQQ,3,0.89282391,0.10717609
QQQ,3,0.12164891,0.87835109
QQQ,3,0.84088216,0.15911784
QQQ,3,0.45602674,0.54397326
QQQ,3,0.51719373,0.48280627
QQQ,3,0.54453395,0.45546605
QQQ,3,0.13687747,0.86312253
QQQ,3,0.13007548,0.86992452
QQQ,3,0.15535857,0.84464143
QQQ,3,0.48815061,0.51184939
QQQ,3,0.29849410,0.70150590
QQQ,3,0.20797372,0.79202628
QQQ,3,0.25961820,0.74038180
QQQ,3,0.19350335,0.80649665
QQQ,3,0.96357186,0.03642814
QQQ,3,0.20236027,0.79763973
QQQ,3,0.99973051,0.00026949
QQQ,3,0.19796120,0.80203880
QQQ,3,0.15531365,0.84468635
QQQ,3,0.19281860,0.80718140
QQQ,3,0.23883815,0.76116185
QQQ,3,0.30627899,0.69372101
QQQ,3,0.96799898,0.03200102
QQQ,3,0.17855166,0.82144834
QQQ,3,0.71676903,0.28323097
QQQ,3,0.31298283,0.68701717
QQQ,3,0.19035411,0.80964589
QQQ,3,0.32843139,0.67156861
QQQ,3,0.18494706,0.81505294
QQQ,3,0.15295360,0.84704640
QQQ,3,0.12620111,0.87379889
QQQ,3,0.99988910,0.00011090
QQQ,3,0.12390554,0.87609446
QQQ,3,0.22863610,0.77136390
QQQ,3,0.27973154,0.72026846
QQQ,3,0.22247248,0.77752752
QQQ,3,0.21008453,0.78991547
QQQ,3,0.14054840,0.85945160
QQQ,3,0.52587033,0.47412967
QQQ,3,0.12298349,0.87701651
QQQ,3,0.92387320,0.07612680
QQQ,3,0.12984108,0.87015892
QQQ,3,0.69911980,0.30088020
QQQ,3,0.18722934,0.81277066
QQQ,3,0.99965696,0.00034304
QQQ,3,0.12214999,0.87785001
QQQ,3,0.13854132,0.86145868
QQQ,3,0.13373059,0.86626941
QQQ,3,0.52940963,0.47059037
QQQ,3,0.18586588,0.81413412
QQQ,3,0.12159710,0.87840290
QQQ,3,0.67978305,0.32021695
QQQ,3,0.17033905,0.82966095
QQQ,3,0.61816088,0.38183912
QQQ,3,0.12177674,0.87822326
QQQ,3,0.21816188,0.78183812
QQQ,3,0.31161230,0.68838770
QQQ,3,0.64220300,0.35779700
QQQ,3,0.95766217,0.04233783
QQQ,3,0.12944316,0.87055684
QQQ,3,0.96615950,0.03384050
QQQ,3,0.30577167,0.69422833
QQQ,3,0.12834945,0.87165055
QQQ,3,0.93652852,0.06347148
QQQ,3,0.44475872,0.55524128
QQQ,3,0.12424495,0.87575505
QQQ,3,0.12279673,0.87720327
QQQ,3,0.16438469,0.83561531
QQQ,3,0.12401239,0.87598761
QQQ,3,0.98433650,0.01566350
QQQ,3,0.99391385,0.00608615
QQQ,3,0.12331888,0.87668112
QQQ,3,0.12493896,0.87506104
QQQ,3,0.55027468,0.44972532
QQQ,3,0.23831202,0.76168798
QQQ,3,0.22550151,0.77449849
QQQ,3,0.62203630,0.37796370
QQQ,3,0.13678920,0.86321080
QQQ,3,0.27800125,0.72199875
QQQ,3,0.46631137,0.53368863
QQQ,3,0.30558097,0.69441903
QQQ,3,0.12161300,0.87838700
QQQ,3,0.83784750,0.16215250
QQQ,3,0.23459622,0.76540378
QQQ,3,0.95660666,0.04339334
QQQ,3,0.19870761,0.80129239
QQQ,3,0.76669807,0.23330193
QQQ,3,0.96329086,0.03670914
QQQ,3,0.96990831,0.03009169
QQQ,3,0.13046934,0.86953066
QQQ,3,0.33492736,0.66507264
QQQ,3,0.97583525,0.02416475
QQQ,3,0.23492378,0.76507622
QQQ,3,0.95366928,0.04633072
QQQ,3,0.71311793,0.28688207
QQQ,3,0.23024184,0.76975816
QQQ,3,0.12381407,0.87618593
QQQ,3,0.22064392,0.77935608
QQQ,3,0.12219214,0.87780786
QQQ,3,0.14273244,0.85726756
QQQ,3,0.48814087,0.51185913
QQQ,3,0.39169184,0.60830816
QQQ,3,0.45645650,0.54354350
QQQ,3,0.85783826,0.14216174
QQQ,3,0.19124748,0.80875252
QQQ,3,0.31590927,0.68409073
QQQ,3,0.99990175,0.00009825
QQQ,3,0.17006087,0.82993913
QQQ,3,0.16539740,0.83460260
QQQ,3,0.12299667,0.87700333
QQQ,3,0.13839465,0.86160535
QQQ,3,0.99427772,0.00572228
QQQ,3,0.17747454,0.82252546
QQQ,3,0.12167066,0.87832934
QQQ,3,0.99420577,0.00579423
QQQ,3,1.00000000,0.00000000
QQQ,3,0.73267669,0.26732331
QQQ,3,1.00000000,0.00000000
QQQ,3,1.00000000,0.00000000
QQQ,3,0.99973938,0.00026062
QQQ,3,0.99782334,0.00217666
QQQ,3,0.47439265,0.52560735
QQQ,3,0.99999164,0.00000836
QQQ,3,0.40403304,0.59596696
QQQ,3,0.40529572,0.59470428
QQQ,3,0.35063822,0.64936178
QQQ,3,0.13094039,0.86905961
QQQ,3,0.17393497,0.82606503
QQQ,3,0.99999784,0.00000216
QQQ,3,0.44678899,0.55321101
QQQ,3,0.99929294,0.00070706
QQQ,3,0.17708193,0.82291807
QQQ,3,0.99999942,0.00000058
QQQ,3,0.99989198,0.00010802
QQQ,3,0.90238079,0.09761921
QQQ,3,0.15383178,0.84616822
QQQ,3,0.99502902,0.00497098
QQQ,3,0.20388116,0.79611884
QQQ,3,0.42134559,0.57865441
QQQ,3,0.99882314,0.00117686
QQQ,3,0.93572159,0.06427841
QQQ,3,0.97159271,0.02840729
QQQ,3,0.96023053,0.03976947
QQQ,3,0.12626906,0.87373094
QQQ,3,0.16525979,0.83474021
QQQ,3,0.12463070,0.87536930
QQQ,3,0.49075397,0.50924603
QQQ,3,0.93890218,0.06109782
QQQ,3,0.12526473,0.87473527
QQQ,3,0.99999798,0.00000202
QQQ,3,0.80998239,0.19001761
QQQ,3,0.45419904,0.54580096
QQQ,3,0.12944706,0.87055294
QQQ,3,0.94688303,0.05311697
QQQ,3,0.15371813,0.84628187
QQQ,3,0.64229928,0.35770072
QQQ,3,0.99893066,0.00106934
QQQ,3,0.50728397,0.49271603
QQQ,3,0.26371232,0.73628768
QQQ,3,0.39509349,0.60490651
QQQ,3,0.95994428,0.04005572
QQQ,3,0.12170988,0.87829012
QQQ,3,0.93981337,0.06018663
QQQ,3,0.99870296,0.00129704
QQQ,3,0.99951991,0.00048009
QQQ,3,0.99997194,0.00002806
QQQ,3,0.64297796,0.35702204
QQQ,3,0.94147213,0.05852787
QQQ,3,0.99791576,0.00208424
QQQ,3,0.71917056,0.28082944
QQQ,3,0.72147719,0.27852281
QQQ,3,0.34099267,0.65900733
QQQ,3,0.12489656,0.87510344
QQQ,3,0.53045593,0.46954407
QQQ,3,0.99925033,0.00074967
QQQ,3,0.98181463,0.01818537
QQQ,3,0.39510690,0.60489310
QQQ,3,0.99999986,0.00000014
QQQ,3,0.94192154,0.05807846
QQQ,3,0.62399840,0.37600160
QQQ,3,0.94567365,0.05432635
QQQ,3,0.99391148,0.00608852
QQQ,3,0.99999946,0.00000054
QQQ,3,0.76558293,0.23441707
QQQ,3,1.00000000,0.00000000
QQQ,3,0.99771962,0.00228038
QQQ,3,1.00000000,0.00000000
QQQ,3,1.00000000,0.00000000
QQQ,3,0.96371525,0.03628475
QQQ,3,0.78164920,0.21835080
QQQ,3,0.73806246,0.26193754
QQQ,3,0.76837907,0.23162093
QQQ,3,0.99999996,0.00000004
QQQ,3,0.97541394,0.02458606
QQQ,3,0.99989901,0.00010099
QQQ,3,0.99230459,0.00769541
QQQ,3,0.38415537,0.61584463
QQQ,3,0.99999995,0.00000005
QQQ,3,0.18293262,0.81706738
QQQ,3,0.14322411,0.85677589
QQQ,3,0.80132408,0.19867592
QQQ,3,0.99038958,0.00961042
QQQ,3,0.97753939,0.02246061
QQQ,3,1.00000000,0.00000000
QQQ,3,0.99999676,0.00000324
QQQ,3,0.12217549,0.87782451
QQQ,3,0.99995843,0.00004157
QQQ,3,0.95619728,0.04380272
QQQ,3,0.40603743,0.59396257
QQQ,3,0.99836004,0.00163996
QQQ,3,0.99999365,0.00000635
QQQ,3,0.12226234,0.87773766
QQQ,3,1.00000000,0.00000000
QQQ,3,0.99999916,0.00000084
QQQ,3,0.93475761,0.06524239
QQQ,3,0.12466322,0.87533678
QQQ,3,1.00000000,0.00000000
QQQ,3,0.78291713,0.21708287
QQQ,3,0.99999963,0.00000037
QQQ,3,1.00000000,0.00000000
QQQ,3,0.18718109,0.81281891
QQQ,3,0.56840418,0.43159582
QQQ,3,0.65910901,0.34089099
QQQ,3,0.13376399,0.86623601
QQQ,3,0.14780595,0.85219405
QQQ,3,0.88844395,0.11155605
QQQ,3,0.98119083,0.01880917
QQQ,3,0.60500188,0.39499812
QQQ,3,0.42651292,0.57348708
QQQ,3,0.13372960,0.86627040
QQQ,3,0.99785761,0.00214239
QQQ,3,0.17010212,0.82989788
QQQ,3,0.13800566,0.86199434
QQQ,3,0.99852980,0.00147020
QQQ,3,0.99271929,0.00728071
QQQ,3,0.74285370,0.25714630
QQQ,3,0.36956416,0.63043584
QQQ,3,0.24323049,0.75676951
QQQ,3,0.71955999,0.28044001
QQQ,3,0.32189326,0.67810674
QQQ,3,0.58029471,0.41970529
QQQ,3,0.99878875,0.00121125
QQQ,3,0.98873333,0.01126667
QQQ,3,0.18104392,0.81895608
QQQ,3,0.20352416,0.79647584
QQQ,3,0.20953256,0.79046744
QQQ,3,0.99772304,0.00227696
QQQ,3,0.63937962,0.36062038
QQQ,3,0.53517164,0.46482836
QQQ,3,0.20148408,0.79851592
QQQ,3,0.56248820,0.43751180
QQQ,3,0.89179354,0.10820646
QQQ,3,0.98546043,0.01453957
QQQ,3,0.92190486,0.07809514
QQQ,3,0.96991935,0.03008065
QQQ,3,0.35452401,0.64547599
QQQ,3,0.14059116,0.85940884
QQQ,3,0.99972396,0.00027604
QQQ,3,0.99999965,0.00000035
QQQ,3,0.81977949,0.18022051
QQQ,3,0.27626122,0.72373878
QQQ,3,0.43181766,0.56818234
QQQ,3,0.99973511,0.00026489
QQQ,3,0.15750077,0.84249923
QQQ,3,0.85057874,0.14942126
QQQ,3,0.12247048,0.87752952
QQQ,3,0.12843977,0.87156023
QQQ,3,0.46725183,0.53274817
QQQ,3,0.17807883,0.82192117
QQQ,3,0.66320495,0.33679505
QQQ,3,0.12635835,0.87364165
QQQ,3,0.13765162,0.86234838
QQQ,3,0.65501465,0.34498535
QQQ,3,0.12327280,0.87672720
QQQ,3,0.15565446,0.84434554
QQQ,3,0.12602983,0.87397017
QQQ,3,0.36989442,0.63010558
QQQ,3,0.39254128,0.60745872
QQQ,3,0.12163542,0.87836458
QQQ,3,0.12290396,0.87709604
QQQ,3,0.13190486,0.86809514
QQQ,3,0.12201629,0.87798371
QQQ,3,0.94785511,0.05214489
QQQ,3,0.16270150,0.83729850
QQQ,3,0.90230262,0.09769738
QQQ,3,0.99437245,0.00562755
QQQ,3,0.50693687,0.49306313
QQQ,3,0.99303833,0.00696167
QQQ,3,0.74903102,0.25096898
QQQ,3,0.47225397,0.52774603
QQQ,3,0.57821557,0.42178443
QQQ,3,0.12169123,0.87830877
QQQ,3,0.59469006,0.40530994
QQQ,3,0.45494911,0.54505089
QQQ,3,0.99743650,0.00256350
QQQ,3,0.28020934,0.71979066
QQQ,3,0.66866284,0.33133716
QQQ,3,0.14150498,0.85849502
QQQ,3,0.95803925,0.04196075
QQQ,3,0.34764577,0.65235423
QQQ,3,0.13219416,0.86780584
QQQ,3,0.97048973,0.02951027
QQQ,3,0.99858125,0.00141875
QQQ,3,0.70262605,0.29737395
QQQ,3,0.99958699,0.00041301
QQQ,3,0.69602594,0.30397406
QQQ,3,0.12460943,0.87539057
QQQ,3,0.98229575,0.01770425
QQQ,3,0.14369062,0.85630938
QQQ,3,0.99999959,0.00000041
QQQ,3,0.54103165,0.45896835
QQQ,3,0.92898176,0.07101824
QQQ,3,1.00000000,0.00000000
QQQ,3,0.15999072,0.84000928
QQQ,3,0.99786839,0.00213161
QQQ,3,0.13253729,0.86746271
QQQ,3,1.00000000,0.00000000
QQQ,3,0.48459598,0.51540402
QQQ,3,0.12835798,0.87164202
QQQ,3,0.99962715,0.00037285
QQQ,3,0.99999996,0.00000004
QQQ,3,0.54916744,0.45083256
QQQ,3,0.13028683,0.86971317
QQQ,3,0.99653313,0.00346687
QQQ,3,0.99999998,0.00000002
QQQ,3,0.15168049,0.84831951
QQQ,3,0.29058762,0.70941238
QQQ,3,0.28857747,0.71142253
QQQ,3,0.14716623,0.85283377
QQQ,3,0.12865100,0.87134900
QQQ,3,1.00000000,0.00000000
QQQ,3,0.13784370,0.86215630
QQQ,3,0.99999987,0.00000013
QQQ,3,0.90852283,0.09147717
QQQ,3,1.00000000,0.00000000
QQQ,3,0.69172241,0.30827759
QQQ,3,0.99999959,0.00000041
QQQ,3,0.12390687,0.87609313
QQQ,3,0.99981846,0.00018154
QQQ,3,0.13583738,0.86416262
QQQ,3,0.99997165,0.00002835
QQQ,3,0.99999751,0.00000249
QQQ,3,0.22064171,0.77935829
QQQ,3,0.99999997,0.00000003
QQQ,3,0.99959516,0.00040484
QQQ,3,0.13389982,0.86610018
QQQ,3,0.26671146,0.73328854
QQQ,3,0.13395382,0.86604618
QQQ,3,1.00000000,0.00000000
QQQ,3,0.97940747,0.02059253
QQQ,3,0.53434285,0.46565715
QQQ,3,0.58851044,0.41148956
QQQ,3,1.00000000,0.00000000
QQQ,3,0.96704423,0.03295577
QQQ,3,0.99833375,0.00166625
QQQ,3,0.99999821,0.00000179
QQQ,3,0.92062888,0.07937112
QQQ,3,0.12471733,0.87528267
QQQ,3,1.00000000,0.00000000
QQQ,3,1.00000000,0.00000000
QQQ,3,0.12238830,0.87761170
QQQ,3,1.00000000,0.00000000
QQQ,3,0.19161200,0.80838800
QQQ,3,0.32715649,0.67284351
QQQ,3,0.12159102,0.87840898
QQQ,3,0.99999350,0.00000650
QQQ,3,1.00000000,0.00000000
QQQ,3,1.00000000,0.00000000
QQQ,3,0.29089631,0.70910369
QQQ,3,1.00000000,0.00000000
QQQ,3,0.16196195,0.83803805
QQQ,3,0.12821438,0.87178562
QQQ,3,0.99998725,0.00001275
QQQ,3,0.96991922,0.03008078
QQQ,3,0.38868793,0.61131207
QQQ,3,0.18033341,0.81966659
QQQ,3,0.95406714,0.04593286
QQQ,3,0.99961230,0.00038770
QQQ,3,0.12161022,0.87838978
QQQ,3,0.12723691,0.87276309
QQQ,3,0.61391251,0.38608749
QQQ,3,0.16770892,0.83229108
QQQ,3,0.99846386,0.00153614
QQQ,3,0.27622049,0.72377951
QQQ,3,0.59551011,0.40448989
QQQ,3,0.12472769,0.87527231
QQQ,3,0.99451425,0.00548575
QQQ,3,0.21356270,0.78643730
QQQ,3,0.99999991,0.00000009
QQQ,3,0.13113991,0.86886009
QQQ,3,0.12204048,0.87795952
QQQ,3,0.40545904,0.59454096
QQQ,3,0.96468993,0.03531007
QQQ,3,0.99980163,0.00019837
QQQ,3,0.16340783,0.83659217
QQQ,3,0.98320716,0.01679284
QQQ,3,0.99437298,0.00562702
QQQ,3,0.41193929,0.58806071
QQQ,3,0.99999958,0.00000042
QQQ,3,0.99939335,0.00060665
QQQ,3,0.98236688,0.01763312
QQQ,3,0.28843777,0.71156223
QQQ,3,0.12224855,0.87775145
QQQ,3,0.45106646,0.54893354
QQQ,3,0.99999999,0.00000001
QQQ,3,0.98996945,0.01003055
QQQ,3,0.73959967,0.26040033
QQQ,3,0.99986560,0.00013440
QQQ,3,0.37215876,0.62784124
QQQ,3,0.99660910,0.00339090
QQQ,3,0.12617784,0.87382216
QQQ,3,0.38757623,0.61242377
QQQ,3,1.00000000,0.00000000
QQQ,3,1.00000000,0.00000000
QQQ,3,0.99955648,0.00044352
QQQ,3,0.40290268,0.59709732
QQQ,3,0.99537119,0.00462881
QQQ,3,0.89025243,0.10974757
QQQ,3,0.99997072,0.00002928
QQQ,3,1.00000000,0.00000000
QQQ,3,0.12383628,0.87616372
QQQ,3,0.99999978,0.00000022
QQQ,3,0.12486084,0.87513916
QQQ,3,0.58418317,0.41581683
QQQ,3,0.98326313,0.01673687
QQQ,3,1.00000000,0.00000000
QQQ,3,0.69601585,0.30398415
QQQ,3,0.12175538,0.87824462
QQQ,3,0.99996672,0.00003328
QQQ,3,1.00000000,0.00000000
QQQ,3,0.76728828,0.23271172
QQQ,3,1.00000000,0.00000000
QQQ,3,0.76660879,0.23339121
QQQ,3,0.70406663,0.29593337
QQQ,3,1.00000000,0.00000000
QQQ,3,0.98824800,0.01175200
QQQ,3,0.99997724,0.00002276
QQQ,3,0.99999979,0.00000021
QQQ,3,0.73344046,0.26655954
QQQ,3,1.00000000,0.00000000
QQQ,3,1.00000000,0.00000000
QQQ,3,0.19929218,0.80070782
QQQ,3,1.00000000,0.00000000
QQQ,3,0.65907252,0.34092748
QQQ,3,0.27439224,0.72560776
QQQ,3,0.86921098,0.13078902
QQQ,3,0.84547888,0.15452112
QQQ,3,0.68409092,0.31590908
QQQ,3,0.99959951,0.00040049
QQQ,3,0.70419981,0.29580019
QQQ,3,0.99955241,0.00044759
QQQ,3,0.91590272,0.08409728
QQQ,3,0.60967888,0.39032112
QQQ,3,0.57459773,0.42540227
QQQ,3,0.98749264,0.01250736
QQQ,3,0.45629744,0.54370256
QQQ,3,0.15401810,0.84598190
QQQ,3,0.43255057,0.56744943
QQQ,3,0.14361090,0.85638910
QQQ,3,0.99967682,0.00032318
QQQ,3,0.46372921,0.53627079
QQQ,3,0.14363338,0.85636662
QQQ,3,0.99999999,0.00000001
QQQ,3,0.12205700,0.87794300
QQQ,3,0.99960463,0.00039537
QQQ,3,0.73673768,0.26326232
QQQ,3,0.50115294,0.49884706
QQQ,3,0.99999999,0.00000001
QQQ,3,0.99930713,0.00069287
QQQ,3,0.12293187,0.87706813
QQQ,3,0.87427297,0.12572703
QQQ,3,0.12826776,0.87173224
QQQ,3,0.99983114,0.00016886
QQQ,3,0.13749653,0.86250347
QQQ,3,0.87466492,0.12533508
QQQ,3,0.85906285,0.14093715
QQQ,3,0.91650828,0.08349172
QQQ,3,0.16357723,0.83642277
QQQ,3,0.94316846,0.05683154
QQQ,3,0.99999954,0.00000046
QQQ,3,0.13046447,0.86953553
QQQ,3,0.35212433,0.64787567
QQQ,3,0.14539284,0.85460716
QQQ,3,0.63932871,0.36067129
QQQ,3,0.29673073,0.70326927
QQQ,3,0.12177678,0.87822322
QQQ,3,0.12829722,0.87170278
QQQ,3,0.12969560,0.87030440
QQQ,3,0.15009359,0.84990641
QQQ,3,0.26486337,0.73513663
QQQ,3,0.96311424,0.03688576
QQQ,3,0.12722683,0.87277317
QQQ,3,0.13982119,0.86017881
QQQ,3,0.99998215,0.00001785
QQQ,3,0.99987943,0.00012057
QQQ,3,0.13097311,0.86902689
QQQ,3,0.99796969,0.00203031
QQQ,3,0.19184933,0.80815067
QQQ,3,0.99999998,0.00000002
QQQ,3,0.15123946,0.84876054
QQQ,3,0.36803773,0.63196227
QQQ,3,0.63139059,0.36860941
QQQ,3,0.99779966,0.00220034
QQQ,3,0.65906666,0.34093334
QQQ,3,0.74212173,0.25787827
QQQ,3,0.84835609,0.15164391
QQQ,3,0.27404741,0.72595259
QQQ,3,0.14839212,0.85160788
QQQ,3,0.29608425,0.70391575
QQQ,3,0.63293600,0.36706400
QQQ,3,0.13116405,0.86883595
QQQ,3,0.12459252,0.87540748
QQQ,3,0.96996297,0.03003703
QQQ,3,0.57048508,0.42951492
QQQ,3,0.29296157,0.70703843
QQQ,3,0.33816454,0.66183546
QQQ,3,0.14928006,0.85071994
QQQ,3,0.99982954,0.00017046
QQQ,3,0.12251282,0.87748718
QQQ,3,0.22058056,0.77941944
QQQ,3,0.50483761,0.49516239
QQQ,3,0.22060662,0.77939338
QQQ,3,0.99659401,0.00340599
QQQ,3,0.18076961,0.81923039
QQQ,3,0.99997099,0.00002901
QQQ,3,0.21107063,0.78892937
QQQ,3,0.99976755,0.00023245
QQQ,3,0.77963613,0.22036387
QQQ,3,0.19423920,0.80576080
QQQ,3,0.99999655,0.00000345
QQQ,3,0.13197220,0.86802780
QQQ,3,0.93837243,0.06162757
QQQ,3,0.34967016,0.65032984
QQQ,3,0.99879435,0.00120565
QQQ,3,0.18176984,0.81823016
QQQ,3,0.98356606,0.01643394
QQQ,3,0.14212172,0.85787828
QQQ,3,0.99966439,0.00033561
QQQ,3,0.17589292,0.82410708
QQQ,3,0.18400784,0.81599216
QQQ,3,1.00000000,0.00000000
QQQ,3,0.88820983,0.11179017
QQQ,3,0.69950951,0.30049049
QQQ,3,0.99621053,0.00378947
QQQ,3,0.95411730,0.04588270
QQQ,3,0.99991647,0.00008353
QQQ,3,0.13158704,0.86841296
QQQ,3,0.98234868,0.01765132
QQQ,3,0.16166654,0.83833346
QQQ,3,0.33504172,0.66495828
QQQ,3,0.16995481,0.83004519
QQQ,3,0.12824012,0.87175988
QQQ,3,1.00000000,0.00000000
QQQ,3,0.28083981,0.71916019
QQQ,3,0.47449939,0.52550061
QQQ,3,0.14013044,0.85986956
QQQ,3,0.73366163,0.26633837
QQQ,3,0.99972857,0.00027143
QQQ,3,1.00000000,0.00000000
QQQ,3,0.12232524,0.87767476
QQQ,3,0.12206678,0.87793322
QQQ,3,0.38402335,0.61597665
QQQ,3,1.00000000,0.00000000
QQQ,3,0.71966735,0.28033265
QQQ,3,0.13604206,0.86395794
QQQ,3,0.87936166,0.12063834
QQQ,3,0.15728751,0.84271249
QQQ,3,0.71275438,0.28724562
QQQ,3,0.99928498,0.00071502
QQQ,3,0.46430476,0.53569524
QQQ,3,0.99999957,0.00000043
QQQ,3,0.72210166,0.27789834
QQQ,3,0.21905952,0.78094048
QQQ,3,0.99912847,0.00087153
QQQ,3,0.19489283,0.80510717
QQQ,3,0.98945594,0.01054406
QQQ,3,0.99919645,0.00080355
QQQ,3,0.12517807,0.87482193
QQQ,3,0.16518166,0.83481834
QQQ,3,0.12181829,0.87818171
QQQ,3,0.14922579,0.85077421
QQQ,3,0.99205966,0.00794034
QQQ,3,0.18314293,0.81685707
QQQ,3,0.12369605,0.87630395
QQQ,3,0.12437930,0.87562070
QQQ,3,0.90217849,0.09782151
QQQ,3,0.99992131,0.00007869
QQQ,3,0.12208141,0.87791859
QQQ,3,0.30786525,0.69213475
QQQ,3,0.79062761,0.20937239
QQQ,3,0.12208727,0.87791273
QQQ,3,0.99216502,0.00783498
QQQ,3,0.92372784,0.07627216
QQQ,3,0.15842411,0.84157589
QQQ,3,0.39243910,0.60756090
QQQ,3,0.99991550,0.00008450
QQQ,3,0.99999103,0.00000897
QQQ,3,0.14472028,0.85527972
QQQ,3,0.79970234,0.20029766
QQQ,3,0.46924571,0.53075429
QQQ,3,0.12807721,0.87192279
QQQ,3,0.15364395,0.84635605
QQQ,3,0.99978604,0.00021396
QQQ,3,0.14999113,0.85000887
QQQ,3,0.34208819,0.65791181
QQQ,3,0.23121898,0.76878102
QQQ,3,0.38988510,0.61011490
QQQ,3,0.99977018,0.00022982
QQQ,3,0.30113411,0.69886589
QQQ,3,0.13912477,0.86087523
QQQ,3,0.18168110,0.81831890
QQQ,3,0.17181824,0.82818176
QQQ,3,0.17413404,0.82586596
QQQ,3,0.99033806,0.00966194
QQQ,3,0.92631490,0.07368510
QQQ,3,0.98779236,0.01220764
QQQ,3,0.15231766,0.84768234
QQQ,3,0.17464672,0.82535328
QQQ,3,0.15125798,0.84874202
QQQ,3,0.18085784,0.81914216
QQQ,3,0.14549812,0.85450188
QQQ,3,0.25331020,0.74668980
QQQ,3,0.68886887,0.31113113
QQQ,3,0.16037310,0.83962690
QQQ,3,0.99884276,0.00115724
QQQ,3,0.55149732,0.44850268
QQQ,3,0.89461287,0.10538713
QQQ,3,0.97650320,0.02349680
QQQ,3,0.78000075,0.21999925
QQQ,3,0.25430499,0.74569501
QQQ,3,0.12251994,0.87748006
QQQ,3,0.14826336,0.85173664
QQQ,3,0.89093643,0.10906357
QQQ,3,0.14605019,0.85394981
QQQ,3,0.14007006,0.85992994
QQQ,3,0.18195680,0.81804320
QQQ,3,0.97845896,0.02154104
QQQ,3,0.48950648,0.51049352
QQQ,3,0.18457069,0.81542931
QQQ,3,0.84711383,0.15288617
QQQ,3,0.82586946,0.17413054
QQQ,3,0.25657433,0.74342567
QQQ,3,0.14898039,0.85101961
QQQ,3,0.41924591,0.58075409
QQQ,3,0.12233245,0.87766755
QQQ,3,0.94372553,0.05627447
QQQ,3,0.97947865,0.02052135
QQQ,3,0.19653170,0.80346830
QQQ,3,0.99998979,0.00001021
QQQ,3,0.12513758,0.87486242
QQQ,3,0.99697615,0.00302385
QQQ,3,0.12375604,0.87624396
QQQ,3,0.23584142,0.76415858
QQQ,3,0.47434464,0.52565536
QQQ,3,0.99999935,0.00000065
QQQ,3,0.99917068,0.00082932
QQQ,3,0.22811099,0.77188901
QQQ,3,0.16188178,0.83811822
QQQ,3,0.12804072,0.87195928
QQQ,3,0.85856341,0.14143659
QQQ,3,0.12387432,0.87612568
QQQ,3,0.25257617,0.74742383
QQQ,3,0.80883014,0.19116986
QQQ,3,0.16444119,0.83555881
QQQ,3,0.16758962,0.83241038
QQQ,3,0.14071732,0.85928268
QQQ,3,0.12206508,0.87793492
QQQ,3,0.99275297,0.00724703
QQQ,3,0.77030779,0.22969221
QQQ,3,0.18314058,0.81685942
QQQ,3,0.96031331,0.03968669
QQQ,3,0.15725567,0.84274433
QQQ,3,0.17523908,0.82476092
QQQ,3,0.23443530,0.76556470
QQQ,3,0.51879127,0.48120873
QQQ,3,0.99985785,0.00014215
QQQ,3,0.12800474,0.87199526
QQQ,3,0.18771132,0.81228868
QQQ,3,0.24374287,0.75625713
QQQ,3,0.21904625,0.78095375
QQQ,3,0.99180797,0.00819203
QQQ,3,0.14255442,0.85744558
QQQ,3,0.85134480,0.14865520
QQQ,3,0.28735699,0.71264301
QQQ,3,0.16212015,0.83787985
QQQ,3,0.99942954,0.00057046
QQQ,3,0.12440030,0.87559970
QQQ,3,0.42627322,0.57372678
QQQ,3,0.12510556,0.87489444
QQQ,3,0.85778433,0.14221567
QQQ,3,0.49632899,0.50367101
QQQ,3,0.43196799,0.56803201
QQQ,3,0.13404179,0.86595821
QQQ,3,0.99985438,0.00014562
QQQ,3,0.12162805,0.87837195
QQQ,3,0.42195636,0.57804364
QQQ,3,0.13543490,0.86456510
QQQ,3,0.98218062,0.01781938
QQQ,3,0.89276429,0.10723571
QQQ,3,0.93703675,0.06296325
QQQ,3,0.24548185,0.75451815
QQQ,3,1.00000000,0.00000000
QQQ,3,0.61149296,0.38850704
QQQ,3,0.99966242,0.00033758
QQQ,3,0.99641596,0.00358404
QQQ,3,0.99999984,0.00000016
QQQ,3,0.22767788,0.77232212
QQQ,3,0.13804937,0.86195063
QQQ,3,0.12839659,0.87160341
QQQ,3,0.64693362,0.35306638
QQQ,3,0.92695951,0.07304049
QQQ,3,0.12166233,0.87833767
QQQ,3,0.46448852,0.53551148
QQQ,3,0.76607674,0.23392326
QQQ,3,0.13660616,0.86339384
QQQ,3,0.90342717,0.09657283
QQQ,3,0.14787221,0.85212779
QQQ,3,0.41421013,0.58578987
QQQ,3,0.99550404,0.00449596
QQQ,3,0.19812733,0.80187267
QQQ,3,0.17686844,0.82313156
QQQ,3,0.84409589,0.15590411
QQQ,3,0.61103698,0.38896302
QQQ,3,0.13129189,0.86870811
QQQ,3,0.94501125,0.05498875
QQQ,3,0.24347956,0.75652044
QQQ,3,0.15301319,0.84698681
QQQ,3,0.12463240,0.87536760
QQQ,3,0.98248747,0.01751253
QQQ,3,0.43126586,0.56873414
QQQ,3,0.99999986,0.00000014
QQQ,3,0.99039937,0.00960063
QQQ,3,0.92818503,0.07181497
QQQ,3,0.34832971,0.65167029
QQQ,3,0.98709012,0.01290988
QQQ,3,0.12339286,0.87660714
QQQ,3,0.91030720,0.08969280
QQQ,3,0.12701350,0.87298650
QQQ,3,0.99997277,0.00002723
QQQ,3,0.99847034,0.00152966
QQQ,3,0.91709538,0.08290462
QQQ,3,0.99999999,0.00000001
QQQ,3,0.97778747,0.02221253
QQQ,3,0.89446752,0.10553248
QQQ,3,0.98549641,0.01450359
QQQ,3,0.98277738,0.01722262
QQQ,3,0.12162380,0.87837620
QQQ,3,0.97153467,0.02846533
QQQ,3,0.24919738,0.75080262
QQQ,3,0.47868048,0.52131952
QQQ,3,0.99305394,0.00694606
QQQ,3,0.97150511,0.02849489
QQQ,3,0.90920838,0.09079162
QQQ,3,0.99995646,0.00004354
QQQ,3,0.99998377,0.00001623
QQQ,3,0.99999996,0.00000004
QQQ,3,0.40491024,0.59508976
QQQ,3,0.99998394,0.00001606
QQQ,3,0.69972910,0.30027090
QQQ,3,0.33298086,0.66701914
QQQ,3,0.99996625,0.00003375
QQQ,3,0.79156876,0.20843124
QQQ,3,0.99915281,0.00084719
QQQ,3,0.99984182,0.00015818
QQQ,3,0.28536847,0.71463153
QQQ,3,0.99287899,0.00712101
QQQ,3,0.15319106,0.84680894
QQQ,3,0.13194059,0.86805941
QQQ,3,0.98931796,0.01068204
QQQ,3,0.99999997,0.00000003
QQQ,3,0.66433655,0.33566345
QQQ,3,0.20000847,0.79999153
QQQ,3,0.85313481,0.14686519
QQQ,3,0.12489111,0.87510889
QQQ,3,0.70781328,0.29218672
QQQ,3,0.40829558,0.59170442
QQQ,3,0.99654322,0.00345678
QQQ,3,0.12611951,0.87388049
QQQ,3,0.99549636,0.00450364
QQQ,3,0.99856722,0.00143278
QQQ,3,0.18271069,0.81728931
QQQ,3,0.29230766,0.70769234
QQQ,3,0.99654356,0.00345644
QQQ,3,0.12283211,0.87716789
QQQ,3,0.86658220,0.13341780
QQQ,3,0.91790831,0.08209169
QQQ,3,0.20377263,0.79622737
QQQ,3,0.84531085,0.15468915
QQQ,3,0.14565662,0.85434338
QQQ,3,0.87493932,0.12506068
QQQ,3,0.14601315,0.85398685
QQQ,3,0.33494425,0.66505575
QQQ,3,0.67182505,0.32817495
QQQ,3,0.26062453,0.73937547
QQQ,3,0.44304188,0.55695812
QQQ,3,0.12498367,0.87501633
QQQ,3,0.96393888,0.03606112
QQQ,3,0.12258124,0.87741876
QQQ,3,0.99697246,0.00302754
QQQ,3,0.20312381,0.79687619
QQQ,3,0.24177620,0.75822380
QQQ,3,0.92733551,0.07266449
QQQ,3,0.99999980,0.00000020
QQQ,3,0.97211105,0.02788895
QQQ,3,0.75392292,0.24607708
QQQ,3,0.60785447,0.39214553
QQQ,3,0.23432286,0.76567714
QQQ,3,0.12161655,0.87838345
QQQ,3,0.15874759,0.84125241
QQQ,3,0.99998556,0.00001444
QQQ,3,0.99999953,0.00000047
QQQ,3,0.39297936,0.60702064
QQQ,3,0.99999396,0.00000604
QQQ,3,0.94305281,0.05694719
QQQ,3,0.98494288,0.01505712
QQQ,3,0.23209668,0.76790332
QQQ,3,0.63822962,0.36177038
QQQ,3,0.13148479,0.86851521
QQQ,3,0.52779953,0.47220047
QQQ,3,0.78047761,0.21952239
QQQ,3,0.83219463,0.16780537
QQQ,3,0.13502432,0.86497568
QQQ,3,0.70980553,0.29019447
QQQ,3,0.81299795,0.18700205
QQQ,3,0.12159401,0.87840599
QQQ,3,0.92981285,0.07018715
QQQ,3,0.89053665,0.10946335
QQQ,3,0.20029098,0.79970902
QQQ,3,0.36162711,0.63837289
QQQ,3,0.98772754,0.01227246
QQQ,3,0.54060399,0.45939601
QQQ,3,0.98284210,0.01715790
QQQ,3,0.65950192,0.34049808
QQQ,3,0.22544621,0.77455379
QQQ,3,0.99179728,0.00820272
QQQ,3,0.34950949,0.65049051
QQQ,3,0.24109649,0.75890351
QQQ,3,0.32788906,0.67211094
QQQ,3,0.99890026,0.00109974
QQQ,3,0.99692543,0.00307457
QQQ,3,0.12859007,0.87140993
QQQ,3,0.23157866,0.76842134
QQQ,3,0.98150681,0.01849319
QQQ,3,0.94495376,0.05504624
QQQ,3,0.14823822,0.85176178
QQQ,3,0.20350303,0.79649697
QQQ,3,0.93767830,0.06232170
QQQ,3,0.74428639,0.25571361
QQQ,3,0.38018142,0.61981858
QQQ,3,0.16355213,0.83644787
QQQ,3,0.99998223,0.00001777
QQQ,3,0.24348819,0.75651181
QQQ,3,0.12856693,0.87143307
QQQ,3,0.14166853,0.85833147
QQQ,3,0.96783204,0.03216796
QQQ,3,0.95318966,0.04681034
QQQ,3,0.12882337,0.87117663
QQQ,3,0.56188326,0.43811674
QQQ,3,0.26591364,0.73408636
QQQ,3,0.17196109,0.82803891
QQQ,3,0.26898123,0.73101877
QQQ,3,0.22031071,0.77968929
QQQ,3,0.12586142,0.87413858
QQQ,3,0.49103031,0.50896969
QQQ,3,0.17753407,0.82246593
QQQ,3,0.23107603,0.76892397
QQQ,3,0.99887013,0.00112987
QQQ,3,0.25008113,0.74991887
QQQ,3,0.87943883,0.12056117
QQQ,3,0.31883701,0.68116299
QQQ,3,0.86350906,0.13649094
QQQ,3,0.94383560,0.05616440
QQQ,3,0.33639260,0.66360740
QQQ,3,0.13152126,0.86847874
QQQ,3,0.14389004,0.85610996
QQQ,3,0.24186477,0.75813523
QQQ,3,0.22883198,0.77116802
QQQ,3,0.99986911,0.00013089
QQQ,3,0.29687488,0.70312512
QQQ,3,0.15141382,0.84858618
QQQ,3,0.63667026,0.36332974
QQQ,3,0.86095862,0.13904138
QQQ,3,0.23960266,0.76039734
QQQ,3,0.17039441,0.82960559
QQQ,3,0.30101155,0.69898845
QQQ,3,0.73056272,0.26943728
QQQ,3,0.13469802,0.86530198
QQQ,3,0.12204217,0.87795783
QQQ,3,0.25088170,0.74911830
QQQ,3,0.13834425,0.86165575
QQQ,3,0.13428740,0.86571260
QQQ,3,0.38819315,0.61180685
QQQ,3,0.16401318,0.83598682
QQQ,3,0.13817695,0.86182305
QQQ,3,0.26517203,0.73482797
QQQ,3,0.13450984,0.86549016
QQQ,3,0.68071946,0.31928054
QQQ,3,0.97200627,0.02799373
QQQ,3,0.13058630,0.86941370
QQQ,3,0.12565650,0.87434350
QQQ,3,0.15791461,0.84208539
QQQ,3,0.40308699,0.59691301
QQQ,3,0.12174921,0.87825079
QQQ,3,0.71406111,0.28593889
QQQ,3,0.60172109,0.39827891
QQQ,3,0.35243645,0.64756355
QQQ,3,0.48884723,0.51115277
QQQ,3,0.14588599,0.85411401
QQQ,3,0.12212903,0.87787097
QQQ,3,0.12659425,0.87340575
QQQ,3,0.12371474,0.87628526
QQQ,3,0.64659223,0.35340777
QQQ,3,0.19197358,0.80802642
QQQ,3,0.37430305,0.62569695
QQQ,3,0.99999972,0.00000028
QQQ,3,0.16140803,0.83859197
QQQ,3,0.99525935,0.00474065
QQQ,3,0.32834402,0.67165598
QQQ,3,0.14611935,0.85388065
QQQ,3,0.13278299,0.86721701
QQQ,3,0.27738867,0.72261133
QQQ,3,0.99941436,0.00058564
QQQ,3,0.24124009,0.75875991
QQQ,3,0.13493644,0.86506356
QQQ,3,0.15118895,0.84881105
QQQ,3,0.21077973,0.78922027
QQQ,3,0.98234154,0.01765846
QQQ,3,0.13969848,0.86030152
QQQ,3,0.98621071,0.01378929
QQQ,3,0.14785085,0.85214915
QQQ,3,0.29790953,0.70209047
QQQ,3,0.12260381,0.87739619
QQQ,3,0.12339878,0.87660122
QQQ,3,0.73655195,0.26344805
QQQ,3,0.20570356,0.79429644
QQQ,3,0.20215279,0.79784721
QQQ,3,0.53925935,0.46074065
QQQ,3,0.19967186,0.80032814
QQQ,3,0.12211131,0.87788869
QQQ,3,0.72190901,0.27809099
QQQ,3,0.13715591,0.86284409
QQQ,3,0.54867305,0.45132695
QQQ,3,0.17463048,0.82536952
QQQ,3,0.13168497,0.86831503
QQQ,3,0.50492239,0.49507761
QQQ,3,0.45617610,0.54382390
QQQ,3,0.17954851,0.82045149
QQQ,3,0.17697863,0.82302137
QQQ,3,0.17449777,0.82550223
QQQ,3,0.61600287,0.38399713
QQQ,3,0.12168491,0.87831509
QQQ,3,0.27757438,0.72242562
QQQ,3,0.19705336,0.80294664
QQQ,3,0.47642814,0.52357186
QQQ,3,0.62388059,0.37611941
QQQ,3,0.33036713,0.66963287
QQQ,3,0.13446429,0.86553571
QQQ,3,0.12277176,0.87722824
QQQ,3,0.20944305,0.79055695
QQQ,3,0.15488496,0.84511504
QQQ,3,0.99312732,0.00687268
QQQ,3,0.12183079,0.87816921
QQQ,3,0.13383269,0.86616731
QQQ,3,0.28005047,0.71994953
QQQ,3,0.12227317,0.87772683
QQQ,3,0.99269352,0.00730648
QQQ,3,0.13892469,0.86107531
QQQ,3,0.14337436,0.85662564
QQQ,3,0.40517036,0.59482964
QQQ,3,0.14334861,0.85665139
QQQ,3,0.18964613,0.81035387
QQQ,3,0.49707397,0.50292603
QQQ,3,0.17145636,0.82854364
QQQ,3,0.33309102,0.66690898
QQQ,3,0.27783896,0.72216104
QQQ,3,0.27375374,0.72624626
QQQ,3,0.21472277,0.78527723
QQQ,3,0.13952382,0.86047618
QQQ,3,0.64578924,0.35421076
QQQ,3,0.93622593,0.06377407
QQQ,3,0.12751841,0.87248159
QQQ,3,0.14442623,0.85557377
QQQ,3,0.34745538,0.65254462
QQQ,3,0.12407991,0.87592009
QQQ,3,0.37159497,0.62840503
QQQ,3,0.17559702,0.82440298
QQQ,3,0.14913023,0.85086977
QQQ,3,0.68615894,0.31384106
QQQ,3,0.23261266,0.76738734
QQQ,3,0.13265415,0.86734585
QQQ,3,0.26372880,0.73627120
QQQ,3,0.60181863,0.39818137
QQQ,3,0.20764520,0.79235480
QQQ,3,0.99957637,0.00042363
QQQ,3,0.29447680,0.70552320
QQQ,3,0.12159117,0.87840883
QQQ,3,0.43511084,0.56488916
QQQ,3,0.14876418,0.85123582
QQQ,3,0.21864839,0.78135161
QQQ,3,0.12392778,0.87607222
QQQ,3,0.12489110,0.87510890
QQQ,3,0.96107313,0.03892687
QQQ,3,0.12258471,0.87741529
QQQ,3,0.29186222,0.70813778
QQQ,3,0.27881279,0.72118721
QQQ,3,0.17078704,0.82921296
QQQ,3,0.24202606,0.75797394
QQQ,3,0.52317261,0.47682739
QQQ,3,0.12865746,0.87134254
QQQ,3,0.14983823,0.85016177
QQQ,3,0.15612428,0.84387572
QQQ,3,0.21674941,0.78325059
QQQ,3,0.20143304,0.79856696
QQQ,3,0.12172359,0.87827641
QQQ,3,0.99905382,0.00094618
QQQ,3,0.12739702,0.87260298
QQQ,3,0.12405129,0.87594871
QQQ,3,0.16798085,0.83201915
QQQ,3,0.20373339,0.79626661
QQQ,3,0.33154292,0.66845708
QQQ,3,0.12303867,0.87696133
QQQ,3,0.12358509,0.87641491
QQQ,3,0.17672507,0.82327493
QQQ,3,0.84060498,0.15939502
QQQ,3,0.29597629,0.70402371
QQQ,3,0.12171233,0.87828767
QQQ,3,0.22297320,0.77702680
QQQ,3,0.14000758,0.85999242
QQQ,3,0.12461347,0.87538653
QQQ,3,0.12207794,0.87792206
QQQ,3,0.16411866,0.83588134
QQQ,3,0.18175467,0.81824533
QQQ,3,0.19095901,0.80904099
QQQ,3,0.33099748,0.66900252
QQQ,3,0.12193816,0.87806184
QQQ,3,0.19038963,0.80961037
QQQ,3,0.14219142,0.85780858
QQQ,3,0.37412176,0.62587824
QQQ,3,0.21458055,0.78541945
QQQ,3,0.77662602,0.22337398
QQQ,3,0.18200321,0.81799679
QQQ,3,0.13476768,0.86523232
QQQ,3,0.18184802,0.81815198
QQQ,3,0.86786115,0.13213885
QQQ,3,0.12664244,0.87335756
QQQ,3,0.35483218,0.64516782
QQQ,3,0.13504320,0.86495680
QQQ,3,0.49361295,0.50638705
QQQ,3,0.37288063,0.62711937
QQQ,3,0.99756851,0.00243149
QQQ,3,0.30869242,0.69130758
QQQ,3,0.17278836,0.82721164
QQQ,3,0.33837108,0.66162892
QQQ,3,0.62908185,0.37091815
QQQ,3,0.64175104,0.35824896
QQQ,3,0.13026163,0.86973837
QQQ,3,0.91906624,0.08093376
QQQ,3,0.18185939,0.81814061
QQQ,3,0.16183622,0.83816378
QQQ,3,0.13873245,0.86126755
QQQ,3,0.15868581,0.84131419
QQQ,3,0.18284572,0.81715428
QQQ,3,0.15636178,0.84363822
QQQ,3,0.12871512,0.87128488
QQQ,3,0.12962681,0.87037319
QQQ,3,0.16264733,0.83735267
QQQ,3,0.75827896,0.24172104
QQQ,3,0.21622318,0.78377682
QQQ,3,0.14147215,0.85852785
QQQ,3,0.49136832,0.50863168
QQQ,3,0.23929962,0.76070038
QQQ,3,0.12180600,0.87819400
QQQ,3,0.12172573,0.87827427
QQQ,3,0.98054395,0.01945605
QQQ,3,0.12194830,0.87805170
QQQ,3,0.12870688,0.87129312
QQQ,3,0.13963074,0.86036926
QQQ,3,0.36082917,0.63917083
QQQ,3,0.14445239,0.85554761
QQQ,3,0.18067059,0.81932941
QQQ,3,0.12763491,0.87236509
QQQ,3,0.16574789,0.83425211
QQQ,3,0.24846636,0.75153364
QQQ,3,0.13544060,0.86455940
QQQ,3,0.56213525,0.43786475
QQQ,3,0.12163029,0.87836971
QQQ,3,0.53523898,0.46476102
QQQ,3,0.21586476,0.78413524
QQQ,3,0.80080594,0.19919406
QQQ,3,0.15903236,0.84096764
QQQ,3,0.19791546,0.80208454
QQQ,3,0.18975607,0.81024393
QQQ,3,0.89646315,0.10353685
QQQ,3,0.12370204,0.87629796
QQQ,3,0.14373821,0.85626179
QQQ,3,0.12345406,0.87654594
QQQ,3,0.31495063,0.68504937
QQQ,3,0.13460854,0.86539146
QQQ,3,0.23964040,0.76035960
QQQ,3,0.19155783,0.80844217
QQQ,3,0.38877587,0.61122413
QQQ,3,0.13628882,0.86371118
QQQ,3,0.73120320,0.26879680
QQQ,3,0.12515795,0.87484205
QQQ,3,0.57050516,0.42949484
QQQ,3,0.12183586,0.87816414
QQQ,3,0.23690130,0.76309870
QQQ,3,0.12287990,0.87712010
QQQ,3,0.12242653,0.87757347
QQQ,3,0.46786263,0.53213737
QQQ,3,0.12318377,0.87681623
QQQ,3,0.13031580,0.86968420
QQQ,3,0.16237945,0.83762055
QQQ,3,0.12555768,0.87444232
QQQ,3,0.12203914,0.87796086
QQQ,3,0.37565780,0.62434220
QQQ,3,0.13212546,0.86787454
QQQ,3,0.12350377,0.87649623
QQQ,3,0.12530426,0.87469574
QQQ,3,0.52935535,0.47064465
QQQ,3,0.16022198,0.83977802
QQQ,3,0.19823817,0.80176183
QQQ,3,0.17721566,0.82278434
QQQ,3,0.14103405,0.85896595
QQQ,3,0.35338719,0.64661281
QQQ,3,0.18097739,0.81902261
QQQ,3,0.12894093,0.87105907
QQQ,3,0.12551471,0.87448529
QQQ,3,0.19812592,0.80187408
QQQ,3,0.12159137,0.87840863
QQQ,3,0.12973197,0.87026803
QQQ,3,0.14517884,0.85482116
QQQ,3,0.13233131,0.86766869
QQQ,3,0.30557629,0.69442371
QQQ,3,0.63922071,0.36077929
QQQ,3,0.43254537,0.56745463
QQQ,3,0.12386158,0.87613842
QQQ,3,0.14011597,0.85988403
QQQ,3,0.12703762,0.87296238
QQQ,3,0.12272468,0.87727532
QQQ,3,0.38347888,0.61652112
QQQ,3,0.12628086,0.87371914
QQQ,3,0.41762487,0.58237513
QQQ,3,0.12185355,0.87814645
QQQ,3,0.12523360,0.87476640
QQQ,3,0.21155919,0.78844081
QQQ,3,0.16885528,0.83114472
QQQ,3,0.16489316,0.83510684
QQQ,3,0.24983052,0.75016948
QQQ,3,0.12763368,0.87236632
QQQ,3,0.30644747,0.69355253
QQQ,3,0.13018734,0.86981266
QQQ,3,0.23329013,0.76670987
QQQ,3,0.12880796,0.87119204
QQQ,3,0.13899970,0.86100030
QQQ,3,0.12533915,0.87466085
QQQ,3,0.12481821,0.87518179
QQQ,3,0.25973039,0.74026961
QQQ,3,0.21116139,0.78883861
QQQ,3,0.14081186,0.85918814
QQQ,3,0.17172518,0.82827482
QQQ,3,0.12860641,0.87139359
QQQ,3,0.74065288,0.25934712
QQQ,3,0.13365756,0.86634244
QQQ,3,0.30584689,0.69415311
QQQ,3,0.19907604,0.80092396
QQQ,3,0.39954609,0.60045391
QQQ,3,0.40803386,0.59196614
QQQ,3,0.12277738,0.87722262
QQQ,3,0.32518000,0.67482000
QQQ,3,0.13021656,0.86978344
QQQ,3,0.37123153,0.62876847
QQQ,3,0.27692642,0.72307358
QQQ,3,0.18865076,0.81134924
QQQ,3,0.19394474,0.80605526
QQQ,3,0.86415089,0.13584911
QQQ,3,0.12301271,0.87698729
QQQ,3,0.41073926,0.58926074
QQQ,3,0.13375495,0.86624505
QQQ,3,0.12224648,0.87775352
QQQ,3,0.17928126,0.82071874
QQQ,3,0.84951591,0.15048409
QQQ,3,0.21566531,0.78433469
QQQ,3,0.20623794,0.79376206
QQQ,3,0.12216753,0.87783247
QQQ,3,0.12174449,0.87825551
QQQ,3,0.14385613,0.85614387
QQQ,3,0.29575180,0.70424820
QQQ,3,0.13302379,0.86697621
QQQ,3,0.46558709,0.53441291
QQQ,3,0.12581368,0.87418632
QQQ,3,0.21585483,0.78414517
QQQ,3,0.71980669,0.28019331
QQQ,3,0.16204611,0.83795389
QQQ,3,0.80848268,0.19151732
QQQ,3,0.18194098,0.81805902
QQQ,3,0.14041184,0.85958816
QQQ,3,0.12304340,0.87695660
QQQ,3,0.47908769,0.52091231
QQQ,3,0.39210807,0.60789193
QQQ,3,0.86209581,0.13790419
QQQ,3,0.15340998,0.84659002
QQQ,3,0.12856973,0.87143027
QQQ,3,0.16673941,0.83326059
QQQ,3,0.15144391,0.84855609
QQQ,3,0.16706925,0.83293075
QQQ,3,0.18126733,0.81873267
QQQ,3,0.28246256,0.71753744
QQQ,3,0.12473726,0.87526274
QQQ,3,0.14771857,0.85228143
QQQ,3,0.15874343,0.84125657
QQQ,3,0.19708053,0.80291947
QQQ,3,0.16349162,0.83650838
QQQ,3,0.12241756,0.87758244
QQQ,3,0.13569269,0.86430731
QQQ,3,0.13800944,0.86199056
QQQ,3,0.15637879,0.84362121
QQQ,3,0.56712181,0.43287819
QQQ,3,0.16252758,0.83747242
QQQ,3,0.16054500,0.83945500
QQQ,3,0.13387418,0.86612582
QQQ,3,0.12194190,0.87805810
QQQ,3,0.12396639,0.87603361
QQQ,3,0.23923782,0.76076218
QQQ,3,0.13686631,0.86313369
QQQ,3,0.72131238,0.27868762
QQQ,3,0.12635042,0.87364958
QQQ,3,0.25575566,0.74424434
QQQ,3,0.15015802,0.84984198
QQQ,3,0.30082563,0.69917437
QQQ,3,0.23632821,0.76367179
QQQ,3,0.12282592,0.87717408
QQQ,3,0.17690214,0.82309786
QQQ,3,0.12211680,0.87788320
QQQ,3,0.16838400,0.83161600
QQQ,3,0.28724018,0.71275982
QQQ,3,0.24200207,0.75799793
QQQ,3,0.12183199,0.87816801
QQQ,3,0.16611623,0.83388377
QQQ,3,0.16147018,0.83852982
QQQ,3,0.18025896,0.81974104
QQQ,3,0.19428621,0.80571379
QQQ,3,0.43817495,0.56182505
QQQ,3,0.14770730,0.85229270
QQQ,3,0.69756626,0.30243374
QQQ,3,0.12159206,0.87840794
QQQ,3,0.23284267,0.76715733
QQQ,3,0.12176004,0.87823996
QQQ,3,0.13447756,0.86552244
QQQ,3,0.12336081,0.87663919
QQQ,3,0.20000263,0.79999737
QQQ,3,0.13180698,0.86819302
QQQ,3,0.23608614,0.76391386
QQQ,3,0.12685127,0.87314873
QQQ,3,0.71038687,0.28961313
QQQ,3,0.91724143,0.08275857
QQQ,3,0.25626061,0.74373939
QQQ,3,0.51475705,0.48524295
QQQ,3,0.13872120,0.86127880
QQQ,3,0.25103664,0.74896336
QQQ,3,0.13144515,0.86855485
QQQ,3,0.22983952,0.77016048
QQQ,3,0.13028825,0.86971175
QQQ,3,0.12575943,0.87424057
QQQ,3,0.58509798,0.41490202
QQQ,3,0.12193992,0.87806008
QQQ,3,0.53818320,0.46181680
QQQ,3,0.90493785,0.09506215
QQQ,3,0.12159252,0.87840748
QQQ,3,0.21181305,0.78818695
QQQ,3,0.16791020,0.83208980
QQQ,3,0.27578414,0.72421586
QQQ,3,0.12174965,0.87825035
QQQ,3,0.20199777,0.79800223
QQQ,3,0.22754032,0.77245968
QQQ,3,0.48412774,0.51587226
QQQ,3,0.12921852,0.87078148
QQQ,3,0.20434847,0.79565153
QQQ,3,0.12665937,0.87334063
QQQ,3,0.12162169,0.87837831
QQQ,3,0.28437704,0.71562296
QQQ,3,0.12908178,0.87091822
QQQ,3,0.13701584,0.86298416
QQQ,3,0.38481145,0.61518855
QQQ,3,0.12166755,0.87833245
QQQ,3,0.14982436,0.85017564
QQQ,3,0.31959968,0.68040032
QQQ,3,0.41478313,0.58521687
QQQ,3,0.16583928,0.83416072
QQQ,3,0.13108331,0.86891669
QQQ,3,0.16820696,0.83179304
QQQ,3,0.34297412,0.65702588
QQQ,3,0.29336943,0.70663057
QQQ,3,0.12683107,0.87316893
QQQ,3,0.18797963,0.81202037
QQQ,3,0.12298301,0.87701699
QQQ,3,0.12602383,0.87397617
QQQ,3,0.12161348,0.87838652
QQQ,3,0.13136142,0.86863858
QQQ,3,0.41358058,0.58641942
QQQ,3,0.12329973,0.87670027
QQQ,3,0.13249819,0.86750181
QQQ,3,0.17866594,0.82133406
QQQ,3,0.12266973,0.87733027
QQQ,3,0.29620244,0.70379756
QQQ,3,0.12530747,0.87469253
QQQ,3,0.90102909,0.09897091
QQQ,3,0.16053734,0.83946266
QQQ,3,0.12659252,0.87340748
QQQ,3,0.17249505,0.82750495
QQQ,3,0.20400941,0.79599059
QQQ,3,0.47710150,0.52289850
QQQ,3,0.12807714,0.87192286
QQQ,3,0.12504603,0.87495397
QQQ,3,0.12492864,0.87507136
QQQ,3,0.13464479,0.86535521
QQQ,3,0.13486618,0.86513382
QQQ,3,0.29460671,0.70539329
QQQ,3,0.14601977,0.85398023
QQQ,3,0.13681313,0.86318687
QQQ,3,0.33173088,0.66826912
QQQ,3,0.60946544,0.39053456
QQQ,3,0.13945592,0.86054408
QQQ,3,0.13311004,0.86688996
QQQ,3,0.79845552,0.20154448
QQQ,3,0.16218861,0.83781139
QQQ,3,0.12159124,0.87840876
QQQ,3,0.13269874,0.86730126
QQQ,3,0.12906502,0.87093498
QQQ,3,0.15317156,0.84682844
QQQ,3,0.14561071,0.85438929
QQQ,3,0.18709143,0.81290857
QQQ,3,0.12375889,0.87624111
QQQ,3,0.12298711,0.87701289
QQQ,3,0.12835559,0.87164441
QQQ,3,0.25378445,0.74621555
QQQ,3,0.19546763,0.80453237
QQQ,3,0.14025355,0.85974645
QQQ,3,0.13839250,0.86160750
QQQ,3,0.26569103,0.73430897
QQQ,3,0.13771120,0.86228880
QQQ,3,0.31450791,0.68549209
QQQ,3,0.17736109,0.82263891
QQQ,3,0.12319197,0.87680803
QQQ,3,0.17425920,0.82574080
QQQ,3,0.12524350,0.87475650
QQQ,3,0.12159151,0.87840849
QQQ,3,0.12416147,0.87583853
QQQ,3,0.54974863,0.45025137
QQQ,3,0.13564227,0.86435773
QQQ,3,0.12563193,0.87436807
QQQ,3,0.13135686,0.86864314
QQQ,3,0.39762802,0.60237198
QQQ,3,0.13679304,0.86320696
QQQ,3,0.14088247,0.85911753
QQQ,3,0.12568113,0.87431887
QQQ,3,0.17574550,0.82425450
QQQ,3,0.13902440,0.86097560
QQQ,3,0.12689519,0.87310481
QQQ,3,0.18159726,0.81840274
QQQ,3,0.12719739,0.87280261
QQQ,3,0.15952773,0.84047227
QQQ,3,0.22156012,0.77843988
QQQ,3,0.12307264,0.87692736
QQQ,3,0.12248794,0.87751206
QQQ,3,0.13097856,0.86902144
QQQ,3,0.18219406,0.81780594
QQQ,3,0.12310102,0.87689898
QQQ,3,0.12164145,0.87835855
QQQ,3,0.12332231,0.87667769
QQQ,3,0.20309099,0.79690901
QQQ,3,0.49935246,0.50064754
QQQ,3,0.16119509,0.83880491
QQQ,3,0.14727456,0.85272544
QQQ,3,0.13348788,0.86651212
QQQ,3,0.12176086,0.87823914
QQQ,3,0.15215901,0.84784099
QQQ,3,0.16389889,0.83610111
QQQ,3,0.26194251,0.73805749
QQQ,3,0.17602464,0.82397536
QQQ,3,0.15877445,0.84122555
QQQ,3,0.35694823,0.64305177
QQQ,3,0.53903900,0.46096100
QQQ,3,0.18973837,0.81026163
QQQ,3,0.34704605,0.65295395
QQQ,3,0.12867255,0.87132745
QQQ,3,0.21941933,0.78058067
QQQ,3,0.12182997,0.87817003
QQQ,3,0.13280862,0.86719138
QQQ,3,0.25075250,0.74924750
QQQ,3,0.12973341,0.87026659
QQQ,3,0.12472677,0.87527323
QQQ,3,0.21021191,0.78978809
QQQ,3,0.33350856,0.66649144
QQQ,3,0.12310913,0.87689087
QQQ,3,0.12445579,0.87554421
QQQ,3,0.38191350,0.61808650
QQQ,3,0.12160729,0.87839271
QQQ,3,0.28634470,0.71365530
QQQ,3,0.13763160,0.86236840
QQQ,3,0.15884238,0.84115762
QQQ,3,0.12648737,0.87351263
QQQ,3,0.26728782,0.73271218
QQQ,3,0.13145606,0.86854394
QQQ,3,0.26451879,0.73548121
QQQ,3,0.12164357,0.87835643
QQQ,3,0.23457724,0.76542276
QQQ,3,0.14573179,0.85426821
QQQ,3,0.18845553,0.81154447
QQQ,3,0.20661625,0.79338375
QQQ,3,0.12165132,0.87834868
QQQ,3,0.16326379,0.83673621
QQQ,3,0.14055062,0.85944938
QQQ,3,0.29375899,0.70624101
QQQ,3,0.17781037,0.82218963
QQQ,3,0.12603467,0.87396533
QQQ,3,0.12339808,0.87660192
QQQ,3,0.18794941,0.81205059
QQQ,3,0.13080591,0.86919409
QQQ,3,0.16704559,0.83295441
QQQ,3,0.23056980,0.76943020
QQQ,3,0.12312530,0.87687470
QQQ,3,0.14382146,0.85617854
QQQ,3,0.12300394,0.87699606
QQQ,3,0.24399288,0.75600712
QQQ,3,0.12653033,0.87346967
QQQ,3,0.12159369,0.87840631
QQQ,3,0.12377275,0.87622725
QQQ,3,0.16192757,0.83807243
QQQ,3,0.46152908,0.53847092
QQQ,3,0.12950180,0.87049820
QQQ,3,0.18691852,0.81308148
QQQ,3,0.14959501,0.85040499
QQQ,3,0.12560191,0.87439809
QQQ,3,0.12257458,0.87742542
QQQ,3,0.23512898,0.76487102
QQQ,3,0.15823685,0.84176315
QQQ,3,0.13277487,0.86722513
QQQ,3,0.13364189,0.86635811
QQQ,3,0.37958829,0.62041171
QQQ,3,0.32041268,0.67958732
QQQ,3,0.78557213,0.21442787
QQQ,3,0.12377326,0.87622674
QQQ,3,0.14111852,0.85888148
QQQ,3,0.16547081,0.83452919
QQQ,3,0.84134254,0.15865746
QQQ,3,0.27981803,0.72018197
QQQ,3,0.16786624,0.83213376
QQQ,3,0.17816801,0.82183199
QQQ,3,0.12224146,0.87775854
QQQ,3,0.19676550,0.80323450
QQQ,3,0.14371077,0.85628923
QQQ,3,0.13081562,0.86918438
QQQ,3,0.14027737,0.85972263
QQQ,3,0.24754473,0.75245527
QQQ,3,0.12365836,0.87634164
QQQ,3,0.12843735,0.87156265
QQQ,3,0.13806690,0.86193310
QQQ,3,0.15240883,0.84759117
QQQ,3,0.13669345,0.86330655
QQQ,3,0.12609664,0.87390336
QQQ,3,0.20671069,0.79328931
QQQ,3,0.15576317,0.84423683
QQQ,3,0.15058977,0.84941023
QQQ,3,0.29718678,0.70281322
QQQ,3,0.18429167,0.81570833
QQQ,3,0.13770284,0.86229716
QQQ,3,0.14282262,0.85717738
QQQ,3,0.13002181,0.86997819
QQQ,3,0.12998934,0.87001066
QQQ,3,0.19207779,0.80792221
QQQ,3,0.12210925,0.87789075
QQQ,3,0.12681400,0.87318600
QQQ,3,0.17144154,0.82855846
QQQ,3,0.15134389,0.84865611
QQQ,3,0.28234055,0.71765945
QQQ,3,0.12160311,0.87839689
QQQ,3,0.17694209,0.82305791
QQQ,3,0.12621398,0.87378602
QQQ,3,0.14275669,0.85724331
QQQ,3,0.20184592,0.79815408
QQQ,3,0.13392633,0.86607367
QQQ,3,0.13174124,0.86825876
QQQ,3,0.12702659,0.87297341
QQQ,3,0.13925226,0.86074774
QQQ,3,0.12175110,0.87824890
QQQ,3,0.12164331,0.87835669
QQQ,3,0.12170594,0.87829406
QQQ,3,0.12227681,0.87772319
QQQ,3,0.21596528,0.78403472
QQQ,3,0.23209787,0.76790213
QQQ,3,0.14241685,0.85758315
QQQ,3,0.17026575,0.82973425
QQQ,3,0.12404308,0.87595692
QQQ,3,0.15872001,0.84127999
QQQ,3,0.12371893,0.87628107
QQQ,3,0.19152846,0.80847154
QQQ,3,0.13354560,0.86645440
QQQ,3,0.12976327,0.87023673
QQQ,3,0.50104516,0.49895484
QQQ,3,0.19945656,0.80054344
QQQ,3,0.14547897,0.85452103
QQQ,3,0.12813179,0.87186821
QQQ,3,0.19827773,0.80172227
QQQ,3,0.13036345,0.86963655
QQQ,3,0.12835655,0.87164345
QQQ,3,0.22174851,0.77825149
QQQ,3,0.15962826,0.84037174
QQQ,3,0.12234342,0.87765658
QQQ,3,0.12192228,0.87807772
QQQ,3,0.13008075,0.86991925
QQQ,3,0.12904752,0.87095248
QQQ,3,0.15929318,0.84070682
QQQ,3,0.13904543,0.86095457
QQQ,3,0.16091981,0.83908019
QQQ,3,0.12336489,0.87663511
QQQ,3,0.20254229,0.79745771
QQQ,3,0.12159499,0.87840501
QQQ,3,0.17987630,0.82012370
QQQ,3,0.13883774,0.86116226
QQQ,3,0.16517951,0.83482049
QQQ,3,0.14266506,0.85733494
QQQ,3,0.17262598,0.82737402
QQQ,3,0.16273758,0.83726242
QQQ,3,0.14014328,0.85985672
QQQ,3,0.14354016,0.85645984
QQQ,3,0.35951668,0.64048332
QQQ,3,0.13801604,0.86198396
QQQ,3,0.13948501,0.86051499
QQQ,3,0.12200251,0.87799749
QQQ,3,0.12165446,0.87834554
QQQ,3,0.12658109,0.87341891
QQQ,3,0.14490065,0.85509935
QQQ,3,0.12352083,0.87647917
QQQ,3,0.12903460,0.87096540
QQQ,3,0.15953960,0.84046040
QQQ,3,0.12803650,0.87196350
QQQ,3,0.18259209,0.81740791
QQQ,3,0.12225128,0.87774872
QQQ,3,0.12918030,0.87081970
QQQ,3,0.30037808,0.69962192
QQQ,3,0.12492760,0.87507240
QQQ,3,0.12173361,0.87826639
QQQ,3,0.14267177,0.85732823
QQQ,3,0.12738609,0.87261391
QQQ,3,0.12418635,0.87581365
QQQ,3,0.21799667,0.78200333
QQQ,3,0.12248546,0.87751454
QQQ,3,0.14034329,0.85965671
QQQ,3,0.16080957,0.83919043
QQQ,3,0.13260166,0.86739834
QQQ,3,0.22374747,0.77625253
QQQ,3,0.12585149,0.87414851
QQQ,3,0.12518478,0.87481522
QQQ,3,0.12169758,0.87830242
QQQ,3,0.12423593,0.87576407
QQQ,3,0.12160979,0.87839021
QQQ,3,0.26465005,0.73534995
QQQ,3,0.15657766,0.84342234
QQQ,3,0.12902767,0.87097233
QQQ,3,0.14364278,0.85635722
QQQ,3,0.28637714,0.71362286
QQQ,3,0.29612019,0.70387981
QQQ,3,0.12201299,0.87798701
QQQ,3,0.14549404,0.85450596
QQQ,3,0.13949164,0.86050836
QQQ,3,0.24483310,0.75516690
QQQ,3,0.15092485,0.84907515
QQQ,3,0.15497145,0.84502855
QQQ,3,0.13003217,0.86996783
QQQ,3,0.14794971,0.85205029
QQQ,3,0.53234209,0.46765791
QQQ,3,0.17149822,0.82850178
QQQ,3,0.14948220,0.85051780
QQQ,3,0.35371900,0.64628100
QQQ,3,0.12615250,0.87384750
QQQ,3,0.13403631,0.86596369
QQQ,3,0.57826370,0.42173630
QQQ,3,0.14565527,0.85434473
QQQ,3,0.27474491,0.72525509
QQQ,3,0.12159695,0.87840305
QQQ,3,0.27719755,0.72280245
QQQ,3,0.35212820,0.64787180
QQQ,3,0.13652063,0.86347937
QQQ,3,0.12477651,0.87522349
QQQ,3,0.12187641,0.87812359
QQQ,3,0.12179727,0.87820273
QQQ,3,0.21033718,0.78966282
QQQ,3,0.12827555,0.87172445
QQQ,3,0.12193419,0.87806581
QQQ,3,0.13376339,0.86623661
QQQ,3,0.14305402,0.85694598
QQQ,3,0.26461909,0.73538091
QQQ,3,0.13339489,0.86660511
QQQ,3,0.12798649,0.87201351
QQQ,3,0.13176252,0.86823748
QQQ,3,0.12608887,0.87391113
QQQ,3,0.12523860,0.87476140
QQQ,3,0.16508738,0.83491262
QQQ,3,0.13749289,0.86250711
QQQ,3,0.12737632,0.87262368
QQQ,3,0.44297241,0.55702759
QQQ,3,0.12783727,0.87216273
QQQ,3,0.14706706,0.85293294
QQQ,3,0.12768876,0.87231124
QQQ,3,0.12378022,0.87621978
QQQ,3,0.15527559,0.84472441
QQQ,3,0.12785972,0.87214028
QQQ,3,0.12882761,0.87117239
QQQ,3,0.13394382,0.86605618
QQQ,3,0.12695687,0.87304313
QQQ,3,0.12336652,0.87663348
QQQ,3,0.15229749,0.84770251
QQQ,3,0.37228209,0.62771791
QQQ,3,0.12172461,0.87827539
QQQ,3,0.12923306,0.87076694
QQQ,3,0.14851150,0.85148850
QQQ,3,0.12190063,0.87809937
QQQ,3,0.16985259,0.83014741
QQQ,3,0.12303965,0.87696035
QQQ,3,0.15384772,0.84615228
QQQ,3,0.16569710,0.83430290
QQQ,3,0.61492262,0.38507738
QQQ,3,0.21401996,0.78598004
QQQ,3,0.14256031,0.85743969
QQQ,3,0.49654328,0.50345672
QQQ,3,0.13905037,0.86094963
QQQ,3,0.12358630,0.87641370
QQQ,3,0.16568625,0.83431375
QQQ,3,0.13296166,0.86703834
QQQ,3,0.12167292,0.87832708
QQQ,3,0.14992576,0.85007424
QQQ,3,0.23245907,0.76754093
QQQ,3,0.14694730,0.85305270
QQQ,3,0.95635531,0.04364469
QQQ,3,0.12260217,0.87739783
QQQ,3,0.12712912,0.87287088
QQQ,3,0.13401824,0.86598176
QQQ,3,0.15262181,0.84737819
QQQ,3,0.27571693,0.72428307
QQQ,3,0.12664561,0.87335439
QQQ,3,0.12966450,0.87033550
QQQ,3,0.12926483,0.87073517
QQQ,3,0.40875015,0.59124985
QQQ,3,0.26483133,0.73516867
QQQ,3,0.13194837,0.86805163
QQQ,3,0.13955110,0.86044890
QQQ,3,0.20967722,0.79032278
QQQ,3,0.17864769,0.82135231
QQQ,3,0.14445491,0.85554509
QQQ,3,0.22043262,0.77956738
QQQ,3,0.18529683,0.81470317
QQQ,3,0.14798666,0.85201334
QQQ,3,0.18998821,0.81001179
QQQ,3,0.15308530,0.84691470
QQQ,3,0.21402323,0.78597677
QQQ,3,0.22235925,0.77764075
QQQ,3,0.12555702,0.87444298
QQQ,3,0.12667154,0.87332846
QQQ,3,0.21679342,0.78320658
QQQ,3,0.29438630,0.70561370
QQQ,3,0.26376493,0.73623507
QQQ,3,0.12212272,0.87787728
QQQ,3,0.13897727,0.86102273
QQQ,3,0.17442167,0.82557833
QQQ,3,0.14934011,0.85065989
QQQ,3,0.12165642,0.87834358
QQQ,3,0.17649037,0.82350963
QQQ,3,0.12170004,0.87829996
QQQ,3,0.12562029,0.87437971
QQQ,3,0.39544362,0.60455638
QQQ,3,0.18491327,0.81508673
QQQ,3,0.15415225,0.84584775
QQQ,3,0.12617292,0.87382708
QQQ,3,0.12466498,0.87533502
QQQ,3,0.20135187,0.79864813
QQQ,3,0.12386341,0.87613659
QQQ,3,0.12780779,0.87219221
QQQ,3,0.13615741,0.86384259
QQQ,3,0.12169983,0.87830017
QQQ,3,0.13076540,0.86923460
QQQ,3,0.47698187,0.52301813
QQQ,3,0.13109204,0.86890796
QQQ,3,0.12362516,0.87637484
QQQ,3,0.12280685,0.87719315
QQQ,3,0.13985697,0.86014303
QQQ,3,0.18841805,0.81158195
QQQ,3,0.12941523,0.87058477
QQQ,3,0.17635569,0.82364431
QQQ,3,0.12328221,0.87671779
QQQ,3,0.17097379,0.82902621
QQQ,3,0.12169770,0.87830230
QQQ,3,0.12959237,0.87040763
QQQ,3,0.19906958,0.80093042
QQQ,3,0.47603921,0.52396079
QQQ,3,0.13763986,0.86236014
QQQ,3,0.12536505,0.87463495
QQQ,3,0.22223399,0.77776601
QQQ,3,0.12333703,0.87666297
QQQ,3,0.12622504,0.87377496
QQQ,3,0.12178470,0.87821530
QQQ,3,0.18254004,0.81745996
QQQ,3,0.18049634,0.81950366
QQQ,3,0.19181496,0.80818504
QQQ,3,0.12342394,0.87657606
QQQ,3,0.12368645,0.87631355
QQQ,3,0.16457077,0.83542923
QQQ,3,0.16747167,0.83252833
QQQ,3,0.12339213,0.87660787
QQQ,3,0.12789272,0.87210728
QQQ,3,0.17547438,0.82452562
QQQ,3,0.72226149,0.27773851
QQQ,3,0.33230218,0.66769782
QQQ,3,0.12589214,0.87410786
QQQ,3,0.17008956,0.82991044
QQQ,3,0.29593273,0.70406727
QQQ,3,0.16421262,0.83578738
QQQ,3,0.14843441,0.85156559
QQQ,3,0.18884422,0.81115578
QQQ,3,0.19407758,0.80592242
QQQ,3,0.14259652,0.85740348
QQQ,3,0.25281511,0.74718489
QQQ,3,0.13227527,0.86772473
QQQ,3,0.59563493,0.40436507
QQQ,3,0.12996688,0.87003312
QQQ,3,0.69568879,0.30431121
QQQ,3,0.12247066,0.87752934
QQQ,3,0.60112703,0.39887297
QQQ,3,0.12349515,0.87650485
QQQ,3,0.17161990,0.82838010
QQQ,3,0.12481806,0.87518194
QQQ,3,0.15281354,0.84718646
QQQ,3,0.57071683,0.42928317
QQQ,3,0.14012481,0.85987519
QQQ,3,0.17549399,0.82450601
QQQ,3,0.87416500,0.12583500
QQQ,3,0.13980763,0.86019237
QQQ,3,0.15447362,0.84552638
QQQ,3,0.12205512,0.87794488
QQQ,3,0.32767715,0.67232285
QQQ,3,0.23028260,0.76971740
QQQ,3,0.12220580,0.87779420
QQQ,3,0.12440034,0.87559966
QQQ,3,0.50028107,0.49971893
QQQ,3,0.14788428,0.85211572
QQQ,3,0.94057222,0.05942778
QQQ,3,0.12729600,0.87270400
QQQ,3,0.15438271,0.84561729
QQQ,3,0.62971801,0.37028199
QQQ,3,0.12418260,0.87581740
QQQ,3,0.23424476,0.76575524
QQQ,3,0.18902936,0.81097064
QQQ,3,0.14769914,0.85230086
QQQ,3,0.50545979,0.49454021
QQQ,3,0.43610410,0.56389590
QQQ,3,0.23204519,0.76795481
QQQ,3,0.12201113,0.87798887
QQQ,3,0.12603042,0.87396958
QQQ,3,0.25946481,0.74053519
QQQ,3,0.28411757,0.71588243
QQQ,3,0.20661478,0.79338522
QQQ,3,0.47451286,0.52548714
QQQ,3,0.14544339,0.85455661
QQQ,3,0.12163425,0.87836575
QQQ,3,0.14467189,0.85532811
QQQ,3,0.56813102,0.43186898
QQQ,3,0.12179633,0.87820367
QQQ,3,0.35725545,0.64274455
QQQ,3,0.20120939,0.79879061
QQQ,3,0.14459565,0.85540435
QQQ,3,0.13097670,0.86902330
QQQ,3,0.14679277,0.85320723
QQQ,3,0.15087372,0.84912628
QQQ,3,0.12182840,0.87817160
QQQ,3,0.15090737,0.84909263
QQQ,3,0.15025798,0.84974202
QQQ,3,0.14824554,0.85175446
QQQ,3,0.81013883,0.18986117
QQQ,3,0.79200019,0.20799981
QQQ,3,0.14792487,0.85207513
QQQ,3,0.12768377,0.87231623
QQQ,3,0.17662322,0.82337678
QQQ,3,0.12160571,0.87839429
QQQ,3,0.16365320,0.83634680
QQQ,3,0.12474743,0.87525257
QQQ,3,0.12316831,0.87683169
QQQ,3,0.16001372,0.83998628
QQQ,3,0.12958041,0.87041959
QQQ,3,0.13811279,0.86188721
QQQ,3,0.12174126,0.87825874
QQQ,3,0.14090612,0.85909388
QQQ,3,0.19249113,0.80750887
QQQ,3,0.51840288,0.48159712
QQQ,3,0.14083471,0.85916529
QQQ,3,0.13789119,0.86210881
QQQ,3,0.14416875,0.85583125
QQQ,3,0.48983520,0.51016480
QQQ,3,0.16952721,0.83047279
QQQ,3,0.12416052,0.87583948
QQQ,3,0.13223334,0.86776666
QQQ,3,0.12165845,0.87834155
QQQ,3,0.14677125,0.85322875
QQQ,3,0.29044092,0.70955908
QQQ,3,0.14157323,0.85842677
QQQ,3,0.15839140,0.84160860
QQQ,3,0.39422697,0.60577303
QQQ,3,0.13998081,0.86001919
QQQ,3,0.12162644,0.87837356
QQQ,3,0.12731091,0.87268909
QQQ,3,0.13246270,0.86753730
QQQ,3,0.25131251,0.74868749
QQQ,3,0.12820763,0.87179237
QQQ,3,0.75258707,0.24741293
QQQ,3,0.14597196,0.85402804
QQQ,3,0.12187875,0.87812125
QQQ,3,0.13034867,0.86965133
QQQ,3,0.12358100,0.87641900
QQQ,3,0.12328255,0.87671745
QQQ,3,0.37743992,0.62256008
QQQ,3,0.14100034,0.85899966
QQQ,3,0.12286870,0.87713130
QQQ,3,0.19536649,0.80463351
QQQ,3,0.13879167,0.86120833
QQQ,3,0.12313357,0.87686643
QQQ,3,0.12428293,0.87571707
QQQ,3,0.19877269,0.80122731
QQQ,3,0.14713872,0.85286128
QQQ,3,0.15499364,0.84500636
QQQ,3,0.18235998,0.81764002
QQQ,3,0.27423193,0.72576807
QQQ,3,0.14475816,0.85524184
QQQ,3,0.12437559,0.87562441
QQQ,3,0.27114509,0.72885491
QQQ,3,0.12167028,0.87832972
QQQ,3,0.12754031,0.87245969
QQQ,3,0.29073554,0.70926446
QQQ,3,0.15828930,0.84171070
QQQ,3,0.14159270,0.85840730
QQQ,3,0.13421771,0.86578229
QQQ,3,0.13932052,0.86067948
QQQ,3,0.19357728,0.80642272
QQQ,3,0.22104953,0.77895047
QQQ,3,0.13846941,0.86153059
QQQ,3,0.13801223,0.86198777
QQQ,3,0.12179443,0.87820557
QQQ,3,0.12466453,0.87533547
QQQ,3,0.12295300,0.87704700
QQQ,3,0.14787122,0.85212878
QQQ,3,0.12263382,0.87736618
QQQ,3,0.66871633,0.33128367
QQQ,3,0.12248952,0.87751048
QQQ,3,0.14330258,0.85669742
QQQ,3,0.12173487,0.87826513
QQQ,3,0.16816430,0.83183570
QQQ,3,0.26345348,0.73654652
QQQ,3,0.13105860,0.86894140
QQQ,3,0.12652630,0.87347370
QQQ,3,0.24622005,0.75377995
QQQ,3,0.12986001,0.87013999
QQQ,3,0.12786646,0.87213354
QQQ,3,0.14160056,0.85839944
QQQ,3,0.12332300,0.87667700
QQQ,3,0.21049673,0.78950327
QQQ,3,0.12766630,0.87233370
QQQ,3,0.18070043,0.81929957
QQQ,3,0.12877396,0.87122604
QQQ,3,0.13253863,0.86746137
QQQ,3,0.15951173,0.84048827
QQQ,3,0.21179302,0.78820698
QQQ,3,0.12767214,0.87232786
QQQ,3,0.13523475,0.86476525
QQQ,3,0.13396524,0.86603476
QQQ,3,0.12211217,0.87788783
QQQ,3,0.12338459,0.87661541
QQQ,3,0.48883842,0.51116158
QQQ,3,0.12932700,0.87067300
QQQ,3,0.12259276,0.87740724
QQQ,3,0.13743713,0.86256287
QQQ,3,0.23162301,0.76837699
QQQ,3,0.21420138,0.78579862
QQQ,3,0.14650066,0.85349934
QQQ,3,0.12163524,0.87836476
QQQ,3,0.16217856,0.83782144
QQQ,3,0.49991877,0.50008123
QQQ,3,0.12178678,0.87821322
QQQ,3,0.22765247,0.77234753
QQQ,3,0.12813627,0.87186373
QQQ,3,0.34795110,0.65204890
QQQ,3,0.23916156,0.76083844
QQQ,3,0.12966306,0.87033694
QQQ,3,0.12165886,0.87834114
QQQ,3,0.12160460,0.87839540
QQQ,3,0.19326240,0.80673760
QQQ,3,0.12175186,0.87824814
QQQ,3,0.12924175,0.87075825
QQQ,3,0.12182290,0.87817710
QQQ,3,0.12291627,0.87708373
QQQ,3,0.17945095,0.82054905
QQQ,3,0.12161854,0.87838146
QQQ,3,0.26915295,0.73084705
QQQ,3,0.13052242,0.86947758
QQQ,3,0.12629655,0.87370345
QQQ,3,0.38166788,0.61833212
QQQ,3,0.15194759,0.84805241
QQQ,3,0.12438807,0.87561193
QQQ,3,0.16264656,0.83735344
QQQ,3,0.12872359,0.87127641
QQQ,3,0.14067998,0.85932002
QQQ,3,0.12685328,0.87314672
QQQ,3,0.13555933,0.86444067
QQQ,3,0.99956751,0.00043249
QQQ,3,0.12177332,0.87822668
QQQ,3,0.14799671,0.85200329
QQQ,3,0.35359218,0.64640782
QQQ,3,0.17458057,0.82541943
QQQ,3,0.32867632,0.67132368
QQQ,3,0.12939001,0.87060999
QQQ,3,0.15499025,0.84500975
QQQ,3,0.12173072,0.87826928
QQQ,3,0.15017852,0.84982148
QQQ,3,0.50643332,0.49356668
QQQ,3,0.27708445,0.72291555
QQQ,3,0.12474451,0.87525549
QQQ,3,0.12174297,0.87825703
QQQ,3,0.19723250,0.80276750
QQQ,3,0.15985745,0.84014255
QQQ,3,0.54670296,0.45329704
QQQ,3,0.12401763,0.87598237
QQQ,3,0.12492253,0.87507747
QQQ,3,0.13117625,0.86882375
QQQ,3,0.15288269,0.84711731
QQQ,3,0.21076727,0.78923273
QQQ,3,0.12163203,0.87836797
QQQ,3,0.12282297,0.87717703
QQQ,3,0.12246010,0.87753990
QQQ,3,0.25858702,0.74141298
QQQ,3,0.13597910,0.86402090
QQQ,3,0.14254947,0.85745053
QQQ,3,0.12350688,0.87649312
QQQ,3,0.13891143,0.86108857
QQQ,3,0.19804119,0.80195881
QQQ,3,0.15801824,0.84198176
QQQ,3,0.12405150,0.87594850
QQQ,3,0.18386815,0.81613185
QQQ,3,0.12671981,0.87328019
QQQ,3,0.12603268,0.87396732
QQQ,3,0.12746869,0.87253131
QQQ,3,0.14081271,0.85918729
QQQ,3,0.12382025,0.87617975
QQQ,3,0.13980499,0.86019501
QQQ,3,0.27723540,0.72276460
QQQ,3,0.14558041,0.85441959
QQQ,3,0.12275880,0.87724120
QQQ,3,0.25019060,0.74980940
QQQ,3,0.12556414,0.87443586
QQQ,3,0.14637652,0.85362348
QQQ,3,0.13117602,0.86882398
QQQ,3,0.12277674,0.87722326
QQQ,3,0.12164910,0.87835090
QQQ,3,0.12452074,0.87547926
QQQ,3,0.12461780,0.87538220
QQQ,3,0.27250659,0.72749341
QQQ,3,0.23315584,0.76684416
QQQ,3,0.15057552,0.84942448
QQQ,3,0.16127637,0.83872363
QQQ,3,0.17882222,0.82117778
QQQ,3,0.13466751,0.86533249
QQQ,3,0.16674638,0.83325362
QQQ,3,0.15095432,0.84904568
QQQ,3,0.12295303,0.87704697
QQQ,3,0.13231588,0.86768412
QQQ,3,0.30399237,0.69600763
QQQ,3,0.13838672,0.86161328
QQQ,3,0.15644883,0.84355117
QQQ,3,0.17152707,0.82847293
QQQ,3,0.14071437,0.85928563
QQQ,3,0.12271235,0.87728765
QQQ,3,0.12811731,0.87188269
QQQ,3,0.12163185,0.87836815
QQQ,3,0.20364901,0.79635099
QQQ,3,0.36639632,0.63360368
QQQ,3,0.20782451,0.79217549
QQQ,3,0.12418402,0.87581598
QQQ,3,0.14222341,0.85777659
QQQ,3,0.20390351,0.79609649
QQQ,3,0.15184529,0.84815471
QQQ,3,0.18219045,0.81780955
QQQ,3,0.12346318,0.87653682
QQQ,3,0.12165543,0.87834457
QQQ,3,0.18151563,0.81848437
QQQ,3,0.17019284,0.82980716
QQQ,3,0.18275754,0.81724246
QQQ,3,0.13380215,0.86619785
QQQ,3,0.14658393,0.85341607
QQQ,3,0.30574110,0.69425890
QQQ,3,0.12159971,0.87840029
QQQ,3,0.12465487,0.87534513
QQQ,3,0.17511686,0.82488314
QQQ,3,0.15098243,0.84901757
QQQ,3,0.16383598,0.83616402
QQQ,3,0.13640109,0.86359891
QQQ,3,0.12253716,0.87746284
QQQ,3,0.16494652,0.83505348
QQQ,3,0.14733864,0.85266136
QQQ,3,0.32875861,0.67124139
QQQ,3,0.16269758,0.83730242
QQQ,3,0.12161351,0.87838649
QQQ,3,0.16476520,0.83523480
QQQ,3,0.12188310,0.87811690
QQQ,3,0.12787731,0.87212269
QQQ,3,0.13786713,0.86213287
QQQ,3,0.12161748,0.87838252
QQQ,3,0.32227111,0.67772889
QQQ,3,0.12174047,0.87825953
QQQ,3,0.17898686,0.82101314
QQQ,3,0.60603963,0.39396037
QQQ,3,0.19340388,0.80659612
QQQ,3,0.63808565,0.36191435
QQQ,3,0.15092157,0.84907843
QQQ,3,0.17362782,0.82637218
QQQ,3,0.47736793,0.52263207
QQQ,3,0.21021350,0.78978650
QQQ,3,0.15258884,0.84741116
QQQ,3,0.22271650,0.77728350
QQQ,3,0.67274041,0.32725959
QQQ,3,0.18880027,0.81119973
QQQ,3,0.13881632,0.86118368
QQQ,3,0.42387214,0.57612786
QQQ,3,0.54871459,0.45128541
QQQ,3,0.22442333,0.77557667
QQQ,3,0.40113057,0.59886943
QQQ,3,0.13732947,0.86267053
QQQ,3,0.22061941,0.77938059
QQQ,3,0.30619825,0.69380175
QQQ,3,0.12273614,0.87726386
QQQ,3,0.30660547,0.69339453
QQQ,3,0.14243308,0.85756692
QQQ,3,0.75324156,0.24675844
QQQ,3,0.87190361,0.12809639
QQQ,3,0.14085943,0.85914057
QQQ,3,0.24127552,0.75872448
QQQ,3,0.43260853,0.56739147
QQQ,3,0.17117448,0.82882552
QQQ,3,0.12171637,0.87828363
QQQ,3,0.49432540,0.50567460
QQQ,3,0.12364565,0.87635435
QQQ,3,0.28993632,0.71006368
QQQ,3,0.12193017,0.87806983
QQQ,3,0.14094551,0.85905449
QQQ,3,0.12260611,0.87739389
QQQ,3,0.16490640,0.83509360
QQQ,3,0.78373392,0.21626608
QQQ,3,0.12948164,0.87051836
QQQ,3,0.12309808,0.87690192
QQQ,3,0.15726074,0.84273926
QQQ,3,0.13602945,0.86397055
QQQ,3,0.19232354,0.80767646
QQQ,3,0.14202174,0.85797826
QQQ,3,0.14278773,0.85721227
QQQ,3,0.12571815,0.87428185
QQQ,3,0.22171892,0.77828108
QQQ,3,0.12193018,0.87806982
QQQ,3,0.14786493,0.85213507
QQQ,3,0.12416619,0.87583381
QQQ,3,0.54070795,0.45929205
QQQ,3,0.15729423,0.84270577
QQQ,3,0.14130586,0.85869414
QQQ,3,0.12789682,0.87210318
QQQ,3,0.34096846,0.65903154
QQQ,3,0.34348120,0.65651880
QQQ,3,0.15776462,0.84223538
QQQ,3,0.13455993,0.86544007
QQQ,3,0.24162657,0.75837343
QQQ,3,0.13490856,0.86509144
QQQ,3,0.78107093,0.21892907
QQQ,3,0.20849557,0.79150443
QQQ,3,0.56313589,0.43686411
QQQ,3,0.14588663,0.85411337
QQQ,3,0.25149397,0.74850603
QQQ,3,0.34275450,0.65724550
QQQ,3,0.13359773,0.86640227
QQQ,3,0.12575249,0.87424751
QQQ,3,0.30693294,0.69306706
QQQ,3,0.44293535,0.55706465
QQQ,3,0.15656487,0.84343513
QQQ,3,0.14998237,0.85001763
QQQ,3,0.20952736,0.79047264
QQQ,3,0.76777423,0.23222577
QQQ,3,0.97124512,0.02875488
QQQ,3,0.99533152,0.00466848
QQQ,3,0.93922520,0.06077480
QQQ,3,0.99561305,0.00438695
QQQ,3,0.23881403,0.76118597
QQQ,3,0.13459323,0.86540677
QQQ,3,0.17501577,0.82498423
QQQ,3,0.22143643,0.77856357
QQQ,3,0.12977078,0.87022922
QQQ,3,0.23399383,0.76600617
QQQ,3,0.19294672,0.80705328
QQQ,3,0.41250555,0.58749445
QQQ,3,0.50313259,0.49686741
QQQ,3,0.95510066,0.04489934
QQQ,3,0.14963987,0.85036013
QQQ,3,0.14131769,0.85868231
QQQ,3,0.16646777,0.83353223
QQQ,3,0.13627083,0.86372917
QQQ,3,0.39360571,0.60639429
QQQ,3,0.32430288,0.67569712
QQQ,3,0.12343263,0.87656737
QQQ,3,0.13649520,0.86350480
QQQ,3,0.71244291,0.28755709
QQQ,3,0.16116450,0.83883550
QQQ,3,0.14365657,0.85634343
QQQ,3,0.20267897,0.79732103
QQQ,3,0.81919289,0.18080711
QQQ,3,0.12249127,0.87750873
QQQ,3,0.12259664,0.87740336
QQQ,3,0.54991839,0.45008161
QQQ,3,0.58804886,0.41195114
QQQ,3,0.18511515,0.81488485
QQQ,3,0.14916119,0.85083881
QQQ,3,0.19243446,0.80756554
QQQ,3,0.12314578,0.87685422
QQQ,3,0.25555786,0.74444214
QQQ,3,0.36041774,0.63958226
QQQ,3,0.12370212,0.87629788
QQQ,3,0.99990735,0.00009265
QQQ,3,0.15697796,0.84302204
QQQ,3,0.92175929,0.07824071
QQQ,3,0.48121941,0.51878059
QQQ,3,0.12268546,0.87731454
QQQ,3,0.50080222,0.49919778
QQQ,3,0.37869742,0.62130258
QQQ,3,0.90401408,0.09598592
QQQ,3,0.22952351,0.77047649
QQQ,3,0.34416663,0.65583337
QQQ,3,0.12702072,0.87297928
QQQ,3,0.87956111,0.12043889
QQQ,3,0.13944439,0.86055561
QQQ,3,0.47397727,0.52602273
QQQ,3,0.55406342,0.44593658
QQQ,3,0.15704793,0.84295207
QQQ,3,0.12302526,0.87697474
QQQ,3,0.12190771,0.87809229
QQQ,3,0.40509174,0.59490826
QQQ,3,0.21226047,0.78773953
QQQ,3,0.25099640,0.74900360
QQQ,3,0.93027032,0.06972968
QQQ,3,0.65890163,0.34109837
QQQ,3,0.13271456,0.86728544
QQQ,3,0.19861697,0.80138303
QQQ,3,0.21910074,0.78089926
QQQ,3,0.13354558,0.86645442
QQQ,3,0.65779547,0.34220453
QQQ,3,0.40499449,0.59500551
QQQ,3,0.12902265,0.87097735
QQQ,3,0.12544036,0.87455964
QQQ,3,0.13134928,0.86865072
QQQ,3,0.18398607,0.81601393
QQQ,3,0.12807977,0.87192023
QQQ,3,0.13592288,0.86407712
QQQ,3,0.13211328,0.86788672
QQQ,3,0.14016758,0.85983242
QQQ,3,0.12808166,0.87191834
QQQ,3,0.87278780,0.12721220
QQQ,3,0.16608046,0.83391954
QQQ,3,0.13082505,0.86917495
QQQ,3,0.13375363,0.86624637
QQQ,3,0.64701859,0.35298141
QQQ,3,0.12821021,0.87178979
QQQ,3,0.57802004,0.42197996
QQQ,3,0.99319921,0.00680079
QQQ,3,0.12310490,0.87689510
QQQ,3,0.17681531,0.82318469
QQQ,3,0.43027869,0.56972131
QQQ,3,0.50276652,0.49723348
QQQ,3,0.99946168,0.00053832
QQQ,3,0.74203382,0.25796618
QQQ,3,0.57939724,0.42060276
QQQ,3,0.98925964,0.01074036
QQQ,3,0.16549544,0.83450456
QQQ,3,0.12188171,0.87811829
QQQ,3,0.64695283,0.35304717
QQQ,3,0.14724793,0.85275207
QQQ,3,0.13069886,0.86930114
QQQ,3,0.99940875,0.00059125
QQQ,3,0.12167065,0.87832935
QQQ,3,0.13167436,0.86832564
QQQ,3,0.14861258,0.85138742
QQQ,3,0.12343090,0.87656910
QQQ,3,0.15812484,0.84187516
QQQ,3,0.22659593,0.77340407
QQQ,3,0.26061752,0.73938248
QQQ,3,0.90429970,0.09570030
QQQ,3,0.14124802,0.85875198
QQQ,3,0.12159102,0.87840898
QQQ,3,0.87715215,0.12284785
QQQ,3,0.12182735,0.87817265
QQQ,3,0.97713322,0.02286678
QQQ,3,0.17868958,0.82131042
QQQ,3,0.26185126,0.73814874
QQQ,3,0.20821923,0.79178077
QQQ,3,0.17624120,0.82375880
QQQ,3,0.12335634,0.87664366
QQQ,3,0.12479304,0.87520696
QQQ,3,0.16051043,0.83948957
QQQ,3,0.16084054,0.83915946
QQQ,3,0.96218752,0.03781248
QQQ,3,0.12668986,0.87331014
QQQ,3,0.12284022,0.87715978
QQQ,3,0.14832398,0.85167602
QQQ,3,0.45148412,0.54851588
QQQ,3,0.14975907,0.85024093
QQQ,3,0.13258214,0.86741786
QQQ,3,0.44319086,0.55680914
QQQ,3,0.12932718,0.87067282
QQQ,3,0.12257575,0.87742425
QQQ,3,0.42755462,0.57244538
QQQ,3,0.12329063,0.87670937
QQQ,3,0.14727446,0.85272554
QQQ,3,0.16159468,0.83840532
QQQ,3,0.71694987,0.28305013
QQQ,3,0.12344299,0.87655701
QQQ,3,0.13147739,0.86852261
QQQ,3,0.40581784,0.59418216
QQQ,3,0.13669480,0.86330520
QQQ,3,0.19068413,0.80931587
QQQ,3,0.15677243,0.84322757
QQQ,3,0.21965669,0.78034331
QQQ,3,0.14214082,0.85785918
QQQ,3,0.23114116,0.76885884
QQQ,3,0.35914138,0.64085862
QQQ,3,0.93255965,0.06744035
QQQ,3,0.14523880,0.85476120
QQQ,3,0.14592129,0.85407871
QQQ,3,0.81110081,0.18889919
QQQ,3,0.12199719,0.87800281
QQQ,3,0.47987406,0.52012594
QQQ,3,0.18705392,0.81294608
QQQ,3,0.13069364,0.86930636
QQQ,3,0.19896363,0.80103637
QQQ,3,0.31129215,0.68870785
QQQ,3,0.88096508,0.11903492
QQQ,3,0.17453717,0.82546283
QQQ,3,0.14931453,0.85068547
QQQ,3,0.32145865,0.67854135
QQQ,3,0.99907787,0.00092213
QQQ,3,0.12323508,0.87676492
QQQ,3,0.23839449,0.76160551
QQQ,3,0.25387140,0.74612860
QQQ,3,0.75937099,0.24062901
QQQ,3,0.12581338,0.87418662
QQQ,3,0.13685906,0.86314094
QQQ,3,0.73336619,0.26663381
QQQ,3,0.81725282,0.18274718
QQQ,3,0.21943930,0.78056070
QQQ,3,0.36816720,0.63183280
QQQ,3,0.16615690,0.83384310
QQQ,3,0.12194006,0.87805994
QQQ,3,0.75943100,0.24056900
QQQ,3,0.16268249,0.83731751
QQQ,3,0.64376824,0.35623176
QQQ,3,0.12924319,0.87075681
QQQ,3,0.12191393,0.87808607
QQQ,3,0.25603282,0.74396718
QQQ,3,0.29561616,0.70438384
QQQ,3,0.24794354,0.75205646
QQQ,3,0.48203224,0.51796776
QQQ,3,0.53778771,0.46221229
QQQ,3,0.14051372,0.85948628
QQQ,3,0.12281216,0.87718784
QQQ,3,0.24301477,0.75698523
QQQ,3,0.20784221,0.79215779
QQQ,3,0.97294015,0.02705985
QQQ,3,0.37228969,0.62771031
QQQ,3,0.14014997,0.85985003
QQQ,3,0.71935849,0.28064151
QQQ,3,0.19561853,0.80438147
QQQ,3,0.12525326,0.87474674
QQQ,3,0.12255638,0.87744362
QQQ,3,0.22164487,0.77835513
QQQ,3,0.12256594,0.87743406
QQQ,3,0.21685560,0.78314440
QQQ,3,0.25907150,0.74092850
QQQ,3,0.12169133,0.87830867
QQQ,3,0.13909949,0.86090051
QQQ,3,0.25133023,0.74866977
QQQ,3,0.58784360,0.41215640
QQQ,3,0.12384691,0.87615309
QQQ,3,0.14073724,0.85926276
QQQ,3,0.16503228,0.83496772
QQQ,3,0.57532741,0.42467259
QQQ,3,0.26231428,0.73768572
QQQ,3,0.21212266,0.78787734
QQQ,3,0.98811732,0.01188268
QQQ,3,0.15627677,0.84372323
QQQ,3,0.13798377,0.86201623
QQQ,3,0.59979116,0.40020884
QQQ,3,0.15148853,0.84851147
QQQ,3,0.44610873,0.55389127
QQQ,3,0.12606803,0.87393197
QQQ,3,0.96012060,0.03987940
QQQ,3,0.14481784,0.85518216
QQQ,3,0.99999922,0.00000078
QQQ,3,0.95031809,0.04968191
QQQ,3,0.97009174,0.02990826
QQQ,3,0.99991069,0.00008931
QQQ,3,0.16864663,0.83135337
QQQ,3,0.13477199,0.86522801
QQQ,3,0.32415596,0.67584404
QQQ,3,0.17774953,0.82225047
QQQ,3,1.00000000,0.00000000
QQQ,3,0.73248080,0.26751920
QQQ,3,0.25654571,0.74345429
QQQ,3,0.99995549,0.00004451
QQQ,3,0.46401882,0.53598118
QQQ,3,0.99897092,0.00102908
QQQ,3,1.00000000,0.00000000
QQQ,3,0.27715191,0.72284809
QQQ,3,0.96559812,0.03440188
QQQ,3,0.18042350,0.81957650
QQQ,3,1.00000000,0.00000000
QQQ,3,0.99756402,0.00243598
QQQ,3,1.00000000,0.00000000
QQQ,3,0.99995702,0.00004298
QQQ,3,0.12192057,0.87807943
QQQ,3,0.92289402,0.07710598
QQQ,3,0.99999410,0.00000590
QQQ,3,0.94456055,0.05543945
QQQ,3,0.15936668,0.84063332
QQQ,3,0.99066475,0.00933525
QQQ,3,0.95772264,0.04227736
QQQ,3,1.00000000,0.00000000
QQQ,3,0.12326050,0.87673950
QQQ,3,0.99598647,0.00401353
QQQ,3,0.13558896,0.86441104
QQQ,3,0.12176810,0.87823190
QQQ,3,0.91628031,0.08371969
QQQ,3,0.99999704,0.00000296
QQQ,3,0.99996594,0.00003406
QQQ,3,0.34557289,0.65442711
QQQ,3,0.33036861,0.66963139
QQQ,3,0.68408546,0.31591454
QQQ,3,0.99998323,0.00001677
QQQ,3,0.99999954,0.00000046
QQQ,3,0.99998387,0.00001613
QQQ,3,0.65996269,0.34003731
QQQ,3,0.12992811,0.87007189
QQQ,3,0.99999959,0.00000041
QQQ,3,0.99999832,0.00000168
QQQ,3,0.99602001,0.00397999
QQQ,3,0.99999994,0.00000006
QQQ,3,0.12159234,0.87840766
QQQ,3,0.99981772,0.00018228
QQQ,3,0.13607522,0.86392478
QQQ,3,1.00000000,0.00000000
QQQ,3,0.92238692,0.07761308
QQQ,3,0.84893815,0.15106185
QQQ,3,0.86963980,0.13036020
QQQ,3,0.99876882,0.00123118
QQQ,3,0.99877586,0.00122414
QQQ,3,0.12260125,0.87739875
QQQ,3,0.12228613,0.87771387
QQQ,3,0.89484553,0.10515447
QQQ,3,0.46039800,0.53960200
QQQ,3,0.43955362,0.56044638
QQQ,3,0.99994019,0.00005981
QQQ,3,0.19301357,0.80698643
QQQ,3,0.37688933,0.62311067
QQQ,3,0.15573060,0.84426940
QQQ,3,0.68630530,0.31369470
QQQ,3,0.14639271,0.85360729
QQQ,3,0.12298724,0.87701276
QQQ,3,0.12191359,0.87808641
QQQ,3,0.16674821,0.83325179
QQQ,3,0.55434273,0.44565727
QQQ,3,0.18017423,0.81982577
QQQ,3,0.99978254,0.00021746
QQQ,3,0.12619637,0.87380363
QQQ,3,0.23289659,0.76710341
QQQ,3,0.89797274,0.10202726
QQQ,3,0.18081822,0.81918178
QQQ,3,0.72472993,0.27527007
QQQ,3,0.53177490,0.46822510
QQQ,3,0.12312707,0.87687293
QQQ,3,0.97406246,0.02593754
QQQ,3,0.29358693,0.70641307
QQQ,3,0.20053306,0.79946694
QQQ,3,0.99999066,0.00000934
QQQ,3,0.99850515,0.00149485
QQQ,3,0.26567198,0.73432802
QQQ,3,0.13878224,0.86121776
QQQ,3,0.15810499,0.84189501
QQQ,3,0.15963289,0.84036711
QQQ,3,0.99189845,0.00810155
QQQ,3,0.72463987,0.27536013
QQQ,3,0.42167392,0.57832608
QQQ,3,0.19690942,0.80309058
QQQ,3,0.31984394,0.68015606
QQQ,3,0.12534348,0.87465652
QQQ,3,0.69966402,0.30033598
QQQ,3,0.88996486,0.11003514
QQQ,3,0.14963749,0.85036251
QQQ,3,0.99309998,0.00690002
QQQ,3,0.14572937,0.85427063
QQQ,3,0.19629003,0.80370997
QQQ,3,0.13471831,0.86528169
QQQ,3,0.99895208,0.00104792
QQQ,3,0.12322396,0.87677604
QQQ,3,0.41871178,0.58128822
QQQ,3,0.12262428,0.87737572
QQQ,3,0.99409195,0.00590805
QQQ,3,0.95379825,0.04620175
QQQ,3,0.14728685,0.85271315
QQQ,3,0.90099907,0.09900093
QQQ,3,0.20802491,0.79197509
QQQ,3,0.99011393,0.00988607
QQQ,3,0.12878354,0.87121646
QQQ,3,0.78792109,0.21207891
QQQ,3,0.93928957,0.06071043
QQQ,3,0.16981567,0.83018433
QQQ,3,0.71078925,0.28921075
QQQ,3,0.99999991,0.00000009
QQQ,3,0.42481597,0.57518403
QQQ,3,0.99362363,0.00637637
QQQ,3,0.14313055,0.85686945
QQQ,3,0.31830695,0.68169305
QQQ,3,0.99537650,0.00462350
QQQ,3,0.28364662,0.71635338
QQQ,3,0.12295669,0.87704331
QQQ,3,0.29442186,0.70557814
QQQ,3,0.99999979,0.00000021
QQQ,3,0.35871071,0.64128929
QQQ,3,0.14370819,0.85629181
QQQ,3,0.95734435,0.04265565
QQQ,3,0.41213359,0.58786641
QQQ,3,0.78606631,0.21393369
QQQ,3,0.15051511,0.84948489
QQQ,3,0.27989977,0.72010023
QQQ,3,0.97760035,0.02239965
QQQ,3,0.60448314,0.39551686
QQQ,3,0.12163162,0.87836838
QQQ,3,0.82625445,0.17374555
QQQ,3,0.33240088,0.66759912
QQQ,3,0.95136127,0.04863873
QQQ,3,0.12181250,0.87818750
QQQ,3,0.20416593,0.79583407
QQQ,3,0.12728485,0.87271515
QQQ,3,0.79818942,0.20181058
QQQ,3,0.12789310,0.87210690
QQQ,3,0.96674675,0.03325325
QQQ,3,0.24345278,0.75654722
QQQ,3,0.12484852,0.87515148
QQQ,3,0.19343607,0.80656393
QQQ,3,0.45862289,0.54137711
QQQ,3,0.12580620,0.87419380
QQQ,3,0.14760185,0.85239815
QQQ,3,0.27216404,0.72783596
QQQ,3,0.19974790,0.80025210
QQQ,3,0.12984867,0.87015133
QQQ,3,0.57039201,0.42960799
QQQ,3,0.12175406,0.87824594
QQQ,3,0.12241100,0.87758900
QQQ,3,0.73168022,0.26831978
QQQ,3,0.12193404,0.87806596
QQQ,3,0.12506925,0.87493075
QQQ,3,0.24235565,0.75764435
QQQ,3,0.89981648,0.10018352
QQQ,3,0.17785783,0.82214217
QQQ,3,0.12274391,0.87725609
QQQ,3,0.83830434,0.16169566
QQQ,3,0.14625935,0.85374065
QQQ,3,0.12401749,0.87598251
QQQ,3,0.45353951,0.54646049
QQQ,3,0.13344179,0.86655821
QQQ,3,0.99233378,0.00766622
QQQ,3,0.13852318,0.86147682
QQQ,3,0.25136303,0.74863697
QQQ,3,0.25991515,0.74008485
QQQ,3,0.93580756,0.06419244
QQQ,3,0.12984192,0.87015808
QQQ,3,0.12282705,0.87717295
QQQ,3,0.22158233,0.77841767
QQQ,3,0.12310026,0.87689974
QQQ,3,0.12512830,0.87487170
QQQ,3,0.15980503,0.84019497
QQQ,3,0.12771003,0.87228997
QQQ,3,0.12159798,0.87840202
QQQ,3,0.13489057,0.86510943
QQQ,3,0.60246319,0.39753681
QQQ,3,0.21470955,0.78529045
QQQ,3,0.16267359,0.83732641
QQQ,3,0.12426585,0.87573415
QQQ,3,0.20816554,0.79183446
QQQ,3,0.94276990,0.05723010
QQQ,3,0.12907920,0.87092080
QQQ,3,0.33149445,0.66850555
QQQ,3,0.54256024,0.45743976
QQQ,3,0.13148687,0.86851313
QQQ,3,0.12876157,0.87123843
QQQ,3,0.12275296,0.87724704
QQQ,3,0.12178181,0.87821819
QQQ,3,0.67064142,0.32935858
QQQ,3,0.14941301,0.85058699
QQQ,3,0.86254069,0.13745931
QQQ,3,0.12762085,0.87237915
QQQ,3,0.12193880,0.87806120
QQQ,3,0.13263268,0.86736732
QQQ,3,0.51699341,0.48300659
QQQ,3,0.13658396,0.86341604
QQQ,3,0.98756326,0.01243674
QQQ,3,0.29210820,0.70789180
QQQ,3,0.15934010,0.84065990
QQQ,3,0.20831311,0.79168689
QQQ,3,0.16149312,0.83850688
QQQ,3,0.18066654,0.81933346
QQQ,3,0.69823826,0.30176174
QQQ,3,0.14341189,0.85658811
QQQ,3,0.16821345,0.83178655
QQQ,3,0.14819931,0.85180069
QQQ,3,0.14814831,0.85185169
QQQ,3,0.14405789,0.85594211
QQQ,3,0.12524833,0.87475167
QQQ,3,0.32100904,0.67899096
QQQ,3,0.12195484,0.87804516
QQQ,3,0.15423141,0.84576859
QQQ,3,0.17801856,0.82198144
QQQ,3,0.22657593,0.77342407
QQQ,3,0.15152187,0.84847813
QQQ,3,0.17096013,0.82903987
QQQ,3,0.31194696,0.68805304
QQQ,3,0.14311226,0.85688774
QQQ,3,0.20367960,0.79632040
QQQ,3,0.94211820,0.05788180
QQQ,3,0.23348065,0.76651935
QQQ,3,0.14541914,0.85458086
QQQ,3,0.23859565,0.76140435
QQQ,3,0.30028874,0.69971126
QQQ,3,0.12168644,0.87831356
QQQ,3,0.12978434,0.87021566
QQQ,3,0.12276579,0.87723421
QQQ,3,0.12527557,0.87472443
QQQ,3,0.12228649,0.87771351
QQQ,3,0.19316003,0.80683997
QQQ,3,0.51738580,0.48261420
QQQ,3,0.12470910,0.87529090
QQQ,3,0.14047125,0.85952875
QQQ,3,0.62224011,0.37775989
QQQ,3,0.20849057,0.79150943
QQQ,3,0.19545126,0.80454874
QQQ,3,0.20459254,0.79540746
QQQ,3,0.12402124,0.87597876
QQQ,3,0.13363980,0.86636020
QQQ,3,0.12894444,0.87105556
QQQ,3,0.31457525,0.68542475
QQQ,3,0.12195541,0.87804459
QQQ,3,0.12492172,0.87507828
QQQ,3,0.12826157,0.87173843
QQQ,3,0.12424103,0.87575897
QQQ,3,0.13342251,0.86657749
QQQ,3,0.17875555,0.82124445
QQQ,3,0.18493935,0.81506065
QQQ,3,0.35297723,0.64702277
QQQ,3,0.13151400,0.86848600
QQQ,3,0.12230995,0.87769005
QQQ,3,0.94766600,0.05233400
QQQ,3,0.13487479,0.86512521
QQQ,3,0.14815119,0.85184881
QQQ,3,0.41969781,0.58030219
QQQ,3,0.13216144,0.86783856
QQQ,3,0.13932243,0.86067757
QQQ,3,0.14652525,0.85347475
QQQ,3,0.12582113,0.87417887
QQQ,3,0.12186129,0.87813871
QQQ,3,0.27795004,0.72204996
QQQ,3,0.12290977,0.87709023
QQQ,3,0.14425427,0.85574573
QQQ,3,0.18774772,0.81225228
QQQ,3,0.12171713,0.87828287
QQQ,3,0.12284765,0.87715235
QQQ,3,0.13109888,0.86890112
QQQ,3,0.13129579,0.86870421
QQQ,3,0.12818260,0.87181740
QQQ,3,0.34012560,0.65987440
QQQ,3,0.74889341,0.25110659
QQQ,3,0.30979175,0.69020825
QQQ,3,0.89472525,0.10527475
QQQ,3,0.12705255,0.87294745
QQQ,3,0.12488133,0.87511867
QQQ,3,0.12322636,0.87677364
QQQ,3,0.79112135,0.20887865
QQQ,3,0.15713304,0.84286696
QQQ,3,0.69098245,0.30901755
QQQ,3,0.13305301,0.86694699
QQQ,3,0.15940891,0.84059109
QQQ,3,0.13635511,0.86364489
QQQ,3,0.16654747,0.83345253
QQQ,3,0.20064324,0.79935676
QQQ,3,0.13131194,0.86868806
QQQ,3,0.13548905,0.86451095
QQQ,3,0.34830852,0.65169148
QQQ,3,0.14540836,0.85459164
QQQ,3,0.31548838,0.68451162
QQQ,3,0.12674124,0.87325876
QQQ,3,0.13551841,0.86448159
QQQ,3,0.31827768,0.68172232
QQQ,3,0.12169648,0.87830352
QQQ,3,0.18738901,0.81261099
QQQ,3,0.12344370,0.87655630
QQQ,3,0.12896174,0.87103826
QQQ,3,0.13820097,0.86179903
QQQ,3,0.13466047,0.86533953
QQQ,3,0.14579789,0.85420211
QQQ,3,0.18418162,0.81581838
QQQ,3,0.13812950,0.86187050
QQQ,3,0.12759245,0.87240755
QQQ,3,0.18634641,0.81365359
QQQ,3,0.13812130,0.86187870
QQQ,3,0.12276187,0.87723813
QQQ,3,0.23933107,0.76066893
QQQ,3,0.33599933,0.66400067
QQQ,3,0.22233122,0.77766878
QQQ,3,0.15502423,0.84497577
QQQ,3,0.16836992,0.83163008
QQQ,3,0.19298144,0.80701856
QQQ,3,0.14534156,0.85465844
QQQ,3,0.12800688,0.87199312
QQQ,3,0.12756814,0.87243186
QQQ,3,0.17806304,0.82193696
QQQ,3,0.28948370,0.71051630
QQQ,3,0.12170817,0.87829183
QQQ,3,0.14029507,0.85970493
QQQ,3,0.12174459,0.87825541
QQQ,3,0.16328472,0.83671528
QQQ,3,0.12966316,0.87033684
QQQ,3,0.24267471,0.75732529
QQQ,3,0.22288858,0.77711142
QQQ,3,0.12208716,0.87791284
QQQ,3,0.21615279,0.78384721
QQQ,3,0.34021512,0.65978488
QQQ,3,0.28963801,0.71036199
QQQ,3,0.18683324,0.81316676
QQQ,3,0.95794786,0.04205214
QQQ,3,0.12222716,0.87777284
QQQ,3,0.12169413,0.87830587
QQQ,3,0.15970480,0.84029520
QQQ,3,0.82643953,0.17356047
QQQ,3,0.48128042,0.51871958
QQQ,3,0.17433927,0.82566073
QQQ,3,0.16881687,0.83118313
QQQ,3,0.14613148,0.85386852
QQQ,3,0.91877847,0.08122153
QQQ,3,0.15416960,0.84583040
QQQ,3,0.16440239,0.83559761
QQQ,3,0.18930479,0.81069521
QQQ,3,0.12331738,0.87668262
QQQ,3,0.32863213,0.67136787
QQQ,3,0.12679099,0.87320901
QQQ,3,0.27144115,0.72855885
QQQ,3,0.14980137,0.85019863
QQQ,3,0.15506746,0.84493254
QQQ,3,0.12166526,0.87833474
QQQ,3,0.12320216,0.87679784
QQQ,3,0.25991709,0.74008291
QQQ,3,0.18116599,0.81883401
QQQ,3,0.12163712,0.87836288
QQQ,3,0.13046405,0.86953595
QQQ,3,0.31121483,0.68878517
QQQ,3,0.13151155,0.86848845
QQQ,3,0.12392009,0.87607991
QQQ,3,0.12975489,0.87024511
QQQ,3,0.32873340,0.67126660
QQQ,3,0.12676767,0.87323233
QQQ,3,0.14766860,0.85233140
QQQ,3,0.17291572,0.82708428
QQQ,3,0.13416930,0.86583070
QQQ,3,0.12204771,0.87795229
QQQ,3,0.12450515,0.87549485
QQQ,3,0.14612833,0.85387167
QQQ,3,0.12682755,0.87317245
QQQ,3,0.13005851,0.86994149
QQQ,3,0.14140913,0.85859087
QQQ,3,0.17496170,0.82503830
QQQ,3,0.15484955,0.84515045
QQQ,3,0.13164716,0.86835284
QQQ,3,0.12254771,0.87745229
QQQ,3,0.12199537,0.87800463
QQQ,3,0.13500936,0.86499064
QQQ,3,0.12936671,0.87063329
QQQ,3,0.13293190,0.86706810
QQQ,3,0.12159240,0.87840760
QQQ,3,0.17871396,0.82128604
QQQ,3,0.12820578,0.87179422
QQQ,3,0.12362732,0.87637268
QQQ,3,0.12493568,0.87506432
QQQ,3,0.14397069,0.85602931
QQQ,3,0.12246293,0.87753707
QQQ,3,0.13981658,0.86018342
QQQ,3,0.23958217,0.76041783
QQQ,3,0.13903121,0.86096879
QQQ,3,0.21403235,0.78596765
QQQ,3,0.12207962,0.87792038
QQQ,3,0.13386822,0.86613178
QQQ,3,0.14171242,0.85828758
QQQ,3,0.14510523,0.85489477
QQQ,3,0.13571638,0.86428362
QQQ,3,0.12308448,0.87691552
QQQ,3,0.61951850,0.38048150
QQQ,3,0.12184367,0.87815633
QQQ,3,0.36836814,0.63163186
QQQ,3,0.50942781,0.49057219
QQQ,3,0.27573805,0.72426195
QQQ,3,0.95420120,0.04579880
QQQ,3,0.14881318,0.85118682
QQQ,3,0.99236751,0.00763249
QQQ,3,0.90334011,0.09665989
QQQ,3,0.99996670,0.00003330
QQQ,3,0.12161010,0.87838990
QQQ,3,0.58214816,0.41785184
QQQ,3,0.29303829,0.70696171
QQQ,3,0.52038831,0.47961169
QQQ,3,0.12309968,0.87690032
QQQ,3,0.31456349,0.68543651
QQQ,3,0.17587635,0.82412365
QQQ,3,0.99804893,0.00195107
QQQ,3,0.16691039,0.83308961
QQQ,3,0.13866022,0.86133978
QQQ,3,0.12182087,0.87817913
QQQ,3,0.21533790,0.78466210
QQQ,3,0.99467245,0.00532755
QQQ,3,0.13270230,0.86729770
QQQ,3,0.16415731,0.83584269
QQQ,3,0.71721510,0.28278490
QQQ,3,0.19743467,0.80256533
QQQ,3,0.98295971,0.01704029
QQQ,3,0.52767748,0.47232252
QQQ,3,0.13297680,0.86702320
QQQ,3,0.19030242,0.80969758
QQQ,3,0.88786440,0.11213560
QQQ,3,0.20467003,0.79532997
QQQ,3,0.12292246,0.87707754
QQQ,3,0.88806203,0.11193797
QQQ,3,0.14172567,0.85827433
QQQ,3,0.13473016,0.86526984
QQQ,3,0.12305614,0.87694386
QQQ,3,0.16742505,0.83257495
QQQ,3,0.16576826,0.83423174
QQQ,3,0.13651881,0.86348119
QQQ,3,0.35880596,0.64119404
QQQ,3,0.12671288,0.87328712
QQQ,3,0.13336118,0.86663882
QQQ,3,0.99869977,0.00130023
QQQ,3,0.43494675,0.56505325
QQQ,3,0.14079594,0.85920406
QQQ,3,0.13254708,0.86745292
QQQ,3,0.12538867,0.87461133
QQQ,3,0.96729461,0.03270539
QQQ,3,0.15648711,0.84351289
QQQ,3,0.21638628,0.78361372
QQQ,3,0.13198431,0.86801569
QQQ,3,0.27323264,0.72676736
QQQ,3,0.14462882,0.85537118
QQQ,3,0.12350291,0.87649709
QQQ,3,0.89514134,0.10485866
QQQ,3,0.15345011,0.84654989
QQQ,3,0.21476386,0.78523614
QQQ,3,0.26052423,0.73947577
QQQ,3,0.80025307,0.19974693
QQQ,3,0.15579461,0.84420539
QQQ,3,0.18498517,0.81501483
QQQ,3,0.12187149,0.87812851
QQQ,3,0.15874803,0.84125197
QQQ,3,0.16115543,0.83884457
QQQ,3,0.12270451,0.87729549
QQQ,3,0.45861196,0.54138804
QQQ,3,0.12780197,0.87219803
QQQ,3,0.20444118,0.79555882
QQQ,3,0.12320135,0.87679865
QQQ,3,0.12246164,0.87753836
QQQ,3,0.15080375,0.84919625
QQQ,3,0.16901106,0.83098894
QQQ,3,0.90291957,0.09708043
QQQ,3,0.18987528,0.81012472
QQQ,3,0.17688039,0.82311961
QQQ,3,0.12180596,0.87819404
QQQ,3,0.24046268,0.75953732
QQQ,3,0.13453029,0.86546971
QQQ,3,0.29993408,0.70006592
QQQ,3,0.12199113,0.87800887
QQQ,3,0.19978704,0.80021296
QQQ,3,0.52500399,0.47499601
QQQ,3,0.16456316,0.83543684
QQQ,3,0.24616804,0.75383196
QQQ,3,0.22284735,0.77715265
QQQ,3,0.19631335,0.80368665
QQQ,3,0.12955954,0.87044046
QQQ,3,0.92947189,0.07052811
QQQ,3,0.24388320,0.75611680
QQQ,3,0.46507443,0.53492557
QQQ,3,0.13607949,0.86392051
QQQ,3,0.24446831,0.75553169
QQQ,3,0.13378491,0.86621509
QQQ,3,0.13292779,0.86707221
QQQ,3,0.29965405,0.70034595
QQQ,3,0.13845368,0.86154632
QQQ,3,0.15543790,0.84456210
QQQ,3,0.13516724,0.86483276
QQQ,3,0.13151922,0.86848078
QQQ,3,0.43162193,0.56837807
QQQ,3,0.12219640,0.87780360
QQQ,3,0.12353516,0.87646484
QQQ,3,0.12165139,0.87834861
QQQ,3,0.54788812,0.45211188
QQQ,3,0.13304991,0.86695009
QQQ,3,0.12161814,0.87838186
QQQ,3,0.12309729,0.87690271
QQQ,3,0.13478738,0.86521262
QQQ,3,0.12301046,0.87698954
QQQ,3,0.21428688,0.78571312
QQQ,3,0.72557323,0.27442677
QQQ,3,0.16204896,0.83795104
QQQ,3,0.13176326,0.86823674
QQQ,3,0.15308714,0.84691286
QQQ,3,0.12199917,0.87800083
QQQ,3,0.15503979,0.84496021
QQQ,3,0.17213037,0.82786963
QQQ,3,0.12241755,0.87758245
QQQ,3,0.62279360,0.37720640
QQQ,3,0.12517533,0.87482467
QQQ,3,0.17222951,0.82777049
QQQ,3,0.15152100,0.84847900
QQQ,3,0.12364509,0.87635491
QQQ,3,0.15413197,0.84586803
QQQ,3,0.13963927,0.86036073
QQQ,3,0.12811567,0.87188433
QQQ,3,0.12908382,0.87091618
QQQ,3,0.12519190,0.87480810
QQQ,3,0.12391690,0.87608310
QQQ,3,0.12194173,0.87805827
QQQ,3,0.20370655,0.79629345
QQQ,3,0.13782654,0.86217346
QQQ,3,0.25610690,0.74389310
QQQ,3,0.12224718,0.87775282
QQQ,3,0.12365815,0.87634185
QQQ,3,0.13754930,0.86245070
QQQ,3,0.13498269,0.86501731
QQQ,3,0.14497011,0.85502989
QQQ,3,0.38740779,0.61259221
QQQ,3,0.13609771,0.86390229
QQQ,3,0.43356097,0.56643903
QQQ,3,0.12298322,0.87701678
QQQ,3,0.33022176,0.66977824
QQQ,3,0.12302516,0.87697484
QQQ,3,0.17950216,0.82049784
QQQ,3,0.32899149,0.67100851
QQQ,3,0.51927469,0.48072531
QQQ,3,0.12482688,0.87517312
QQQ,3,0.13103000,0.86897000
QQQ,3,0.24210532,0.75789468
QQQ,3,0.55063760,0.44936240
QQQ,3,0.20425277,0.79574723
QQQ,3,0.13107834,0.86892166
QQQ,3,0.12171348,0.87828652
QQQ,3,0.12205203,0.87794797
QQQ,3,0.13002306,0.86997694
QQQ,3,0.12250316,0.87749684
QQQ,3,0.15171337,0.84828663
QQQ,3,0.12729442,0.87270558
QQQ,3,0.12362608,0.87637392
QQQ,3,0.13273638,0.86726362
QQQ,3,0.15824139,0.84175861
QQQ,3,0.12235606,0.87764394
QQQ,3,0.12227029,0.87772971
QQQ,3,0.14591420,0.85408580
QQQ,3,0.12164360,0.87835640
QQQ,3,0.12475436,0.87524564
QQQ,3,0.12170594,0.87829406
QQQ,3,0.12374847,0.87625153
QQQ,3,0.12410992,0.87589008
QQQ,3,0.12477039,0.87522961
QQQ,3,0.12987698,0.87012302
QQQ,3,0.32678873,0.67321127
QQQ,3,0.12160144,0.87839856
QQQ,3,0.17949768,0.82050232
QQQ,3,0.13069109,0.86930891
QQQ,3,0.12165155,0.87834845
QQQ,3,0.13105683,0.86894317
QQQ,3,0.12316900,0.87683100
QQQ,3,0.15554006,0.84445994
QQQ,3,0.12203528,0.87796472
QQQ,3,0.16210826,0.83789174
QQQ,3,0.12824588,0.87175412
QQQ,3,0.20923566,0.79076434
QQQ,3,0.15836832,0.84163168
QQQ,3,0.17127690,0.82872310
QQQ,3,0.25201407,0.74798593
QQQ,3,0.12343162,0.87656838
QQQ,3,0.14302511,0.85697489
QQQ,3,0.15018578,0.84981422
QQQ,3,0.80776717,0.19223283
QQQ,3,0.12987912,0.87012088
QQQ,3,0.43357517,0.56642483
QQQ,3,0.12191902,0.87808098
QQQ,3,0.12565805,0.87434195
QQQ,3,0.14289319,0.85710681
QQQ,3,0.13789340,0.86210660
QQQ,3,0.15340447,0.84659553
QQQ,3,0.12213169,0.87786831
QQQ,3,0.12358388,0.87641612
QQQ,3,0.15606316,0.84393684
QQQ,3,0.12639355,0.87360645
QQQ,3,0.12203244,0.87796756
QQQ,3,0.14946534,0.85053466
QQQ,3,0.12159114,0.87840886
QQQ,3,0.12381194,0.87618806
QQQ,3,0.93842324,0.06157676
QQQ,3,0.19349229,0.80650771
QQQ,3,0.12816660,0.87183340
QQQ,3,0.26773377,0.73226623
QQQ,3,0.12676616,0.87323384
QQQ,3,0.33251260,0.66748740
QQQ,3,0.13461403,0.86538597
QQQ,3,0.49959679,0.50040321
QQQ,3,0.13119793,0.86880207
QQQ,3,0.25215455,0.74784545
QQQ,3,0.12799540,0.87200460
QQQ,3,0.15591681,0.84408319
QQQ,3,0.36242303,0.63757697
QQQ,3,0.13721962,0.86278038
QQQ,3,0.13129257,0.86870743
QQQ,3,0.30098574,0.69901426
QQQ,3,0.81900519,0.18099481
QQQ,3,0.15375046,0.84624954
QQQ,3,0.12719397,0.87280603
QQQ,3,0.49810208,0.50189792
QQQ,3,0.12193850,0.87806150
QQQ,3,0.14758123,0.85241877
QQQ,3,0.45197105,0.54802895
QQQ,3,0.12980182,0.87019818
QQQ,3,0.13341515,0.86658485
QQQ,3,0.18812776,0.81187224
QQQ,3,0.13719541,0.86280459
QQQ,3,0.12401578,0.87598422
QQQ,3,0.12212911,0.87787089
QQQ,3,0.12746132,0.87253868
QQQ,3,0.12610481,0.87389519
QQQ,3,0.12430119,0.87569881
QQQ,3,0.12189945,0.87810055
QQQ,3,0.13496182,0.86503818
QQQ,3,0.12935229,0.87064771
QQQ,3,0.15620058,0.84379942
QQQ,3,0.16220682,0.83779318
QQQ,3,0.12316920,0.87683080
QQQ,3,0.12302689,0.87697311
QQQ,3,0.15444948,0.84555052
QQQ,3,0.14165554,0.85834446
QQQ,3,0.67203242,0.32796758
QQQ,3,0.18374960,0.81625040
QQQ,3,0.13195208,0.86804792
QQQ,3,0.14801964,0.85198036
QQQ,3,0.15640442,0.84359558
QQQ,3,0.12199590,0.87800410
QQQ,3,0.12175762,0.87824238
QQQ,3,0.12366590,0.87633410
QQQ,3,0.13639128,0.86360872
QQQ,3,0.12371319,0.87628681
QQQ,3,0.14258838,0.85741162
QQQ,3,0.12621731,0.87378269
QQQ,3,0.12959803,0.87040197
QQQ,3,0.17369006,0.82630994
QQQ,3,0.14984062,0.85015938
QQQ,3,0.14448363,0.85551637
QQQ,3,0.22747529,0.77252471
QQQ,3,0.44423067,0.55576933
QQQ,3,0.12262904,0.87737096
QQQ,3,0.15793592,0.84206408
QQQ,3,0.12795960,0.87204040
QQQ,3,0.15377922,0.84622078
QQQ,3,0.31677623,0.68322377
QQQ,3,0.15629971,0.84370029
QQQ,3,0.12598574,0.87401426
QQQ,3,0.14313442,0.85686558
QQQ,3,0.14017478,0.85982522
QQQ,3,0.38614541,0.61385459
QQQ,3,0.58981070,0.41018930
QQQ,3,0.12320556,0.87679444
QQQ,3,0.35015265,0.64984735
QQQ,3,0.18102185,0.81897815
QQQ,3,0.12667600,0.87332400
QQQ,3,0.16265894,0.83734106
QQQ,3,0.12229493,0.87770507
QQQ,3,0.34205585,0.65794415
QQQ,3,0.12206330,0.87793670
QQQ,3,0.23321530,0.76678470
QQQ,3,0.47796145,0.52203855
QQQ,3,0.13315126,0.86684874
QQQ,3,0.13151405,0.86848595
QQQ,3,0.13414534,0.86585466
QQQ,3,0.62050714,0.37949286
QQQ,3,0.14280756,0.85719244
QQQ,3,0.19057599,0.80942401
QQQ,3,0.39949318,0.60050682
QQQ,3,0.32344343,0.67655657
QQQ,3,0.32117073,0.67882927
QQQ,3,0.13970393,0.86029607
QQQ,3,0.29875139,0.70124861
QQQ,3,0.36225515,0.63774485
QQQ,3,0.14854171,0.85145829
QQQ,3,0.13345747,0.86654253
QQQ,3,0.29410878,0.70589122
QQQ,3,0.12328755,0.87671245
QQQ,3,0.43455706,0.56544294
QQQ,3,0.17133008,0.82866992
QQQ,3,0.12633695,0.87366305
QQQ,3,0.23345587,0.76654413
QQQ,3,0.24794558,0.75205442
QQQ,3,0.13750395,0.86249605
QQQ,3,0.69190394,0.30809606
QQQ,3,0.12701472,0.87298528
QQQ,3,0.15667644,0.84332356
QQQ,3,0.20675891,0.79324109
QQQ,3,0.12240163,0.87759837
QQQ,3,0.12653786,0.87346214
QQQ,3,0.84053815,0.15946185
QQQ,3,0.12164819,0.87835181
QQQ,3,0.13301243,0.86698757
QQQ,3,0.13783651,0.86216349
QQQ,3,0.84512038,0.15487962
QQQ,3,0.16176065,0.83823935
QQQ,3,0.99997729,0.00002271
QQQ,3,0.17608407,0.82391593
QQQ,3,1.00000000,0.00000000
QQQ,3,0.99961673,0.00038327
QQQ,3,0.99951747,0.00048253
QQQ,3,0.99950299,0.00049701
QQQ,3,0.19262081,0.80737919
QQQ,3,0.37976735,0.62023265
QQQ,3,0.14944431,0.85055569
QQQ,3,0.14121642,0.85878358
QQQ,3,0.99999426,0.00000574
QQQ,3,0.63016022,0.36983978
QQQ,3,0.12159912,0.87840088
QQQ,3,0.99815808,0.00184192
QQQ,3,0.19282350,0.80717650
QQQ,3,0.28874890,0.71125110
QQQ,3,0.79537485,0.20462515
QQQ,3,0.91319630,0.08680370
QQQ,3,0.17769841,0.82230159
QQQ,3,0.12953645,0.87046355
QQQ,3,0.16783273,0.83216727
QQQ,3,0.76395222,0.23604778
QQQ,3,0.12302920,0.87697080
QQQ,3,0.74959044,0.25040956
QQQ,3,0.12883926,0.87116074
QQQ,3,0.63523332,0.36476668
QQQ,3,0.22259536,0.77740464
QQQ,3,0.25449283,0.74550717
QQQ,3,0.32733892,0.67266108
QQQ,3,0.37020467,0.62979533
QQQ,3,0.20720502,0.79279498
QQQ,3,0.12340898,0.87659102
QQQ,3,0.13006617,0.86993383
QQQ,3,0.42888317,0.57111683
QQQ,3,0.98778064,0.01221936
QQQ,3,0.16165697,0.83834303
QQQ,3,0.19901975,0.80098025
QQQ,3,0.21130101,0.78869899
QQQ,3,0.27552961,0.72447039
QQQ,3,0.23690344,0.76309656
QQQ,3,0.88996851,0.11003149
QQQ,3,0.91527446,0.08472554
QQQ,3,0.41947237,0.58052763
QQQ,3,0.80148289,0.19851711
QQQ,3,0.48004273,0.51995727
QQQ,3,0.13224213,0.86775787
QQQ,3,0.98991695,0.01008305
QQQ,3,0.17200268,0.82799732
QQQ,3,0.15138274,0.84861726
QQQ,3,0.19649280,0.80350720
QQQ,3,0.50823124,0.49176876
QQQ,3,0.28769115,0.71230885
QQQ,3,0.24231751,0.75768249
QQQ,3,0.50921254,0.49078746
QQQ,3,0.14174760,0.85825240
QQQ,3,0.22016479,0.77983521
QQQ,3,0.58956889,0.41043111
QQQ,3,0.45417292,0.54582708
QQQ,3,0.12245474,0.87754526
QQQ,3,0.86314932,0.13685068
QQQ,3,0.12601135,0.87398865
QQQ,3,0.34178718,0.65821282
QQQ,3,0.87589782,0.12410218
QQQ,3,0.14564686,0.85435314
QQQ,3,0.52339382,0.47660618
QQQ,3,0.13114220,0.86885780
QQQ,3,0.16209449,0.83790551
QQQ,3,0.23009678,0.76990322
QQQ,3,0.99034336,0.00965664
QQQ,3,0.12378683,0.87621317
QQQ,3,0.40556475,0.59443525
QQQ,3,0.14187180,0.85812820
QQQ,3,0.22277025,0.77722975
QQQ,3,0.35890354,0.64109646
QQQ,3,0.77118452,0.22881548
QQQ,3,0.18753822,0.81246178
QQQ,3,0.60874752,0.39125248
QQQ,3,0.12290096,0.87709904
QQQ,3,0.74235216,0.25764784
QQQ,3,0.17911502,0.82088498
QQQ,3,0.97909926,0.02090074
QQQ,3,0.13664658,0.86335342
QQQ,3,0.99641590,0.00358410
QQQ,3,0.17938278,0.82061722
QQQ,3,0.12198876,0.87801124
QQQ,3,0.22276955,0.77723045
QQQ,3,0.12444851,0.87555149
QQQ,3,0.12164551,0.87835449
QQQ,3,0.39654854,0.60345146
QQQ,3,0.31611549,0.68388451
QQQ,3,0.21415454,0.78584546
QQQ,3,0.21496840,0.78503160
QQQ,3,0.38429981,0.61570019
QQQ,3,0.13280833,0.86719167
QQQ,3,0.13160820,0.86839180
QQQ,3,0.19164126,0.80835874
QQQ,3,0.92694130,0.07305870
QQQ,3,0.26077044,0.73922956
QQQ,3,0.17524627,0.82475373
QQQ,3,0.17455293,0.82544707
QQQ,3,0.12899507,0.87100493
QQQ,3,0.20955990,0.79044010
QQQ,3,0.15070801,0.84929199
QQQ,3,0.12673881,0.87326119
QQQ,3,0.49508718,0.50491282
QQQ,3,0.13860584,0.86139416
QQQ,3,0.18090722,0.81909278
QQQ,3,0.13330301,0.86669699
QQQ,3,0.12572853,0.87427147
QQQ,3,0.15661038,0.84338962
QQQ,3,0.12490892,0.87509108
QQQ,3,0.13303138,0.86696862
QQQ,3,0.12756469,0.87243531
QQQ,3,0.17798339,0.82201661
QQQ,3,0.27448457,0.72551543
QQQ,3,0.15629139,0.84370861
QQQ,3,0.12168561,0.87831439
QQQ,3,0.12189920,0.87810080
QQQ,3,0.12348946,0.87651054
QQQ,3,0.24133909,0.75866091
QQQ,3,0.12637608,0.87362392
QQQ,3,0.12821555,0.87178445
QQQ,3,0.12219182,0.87780818
QQQ,3,0.12282980,0.87717020
QQQ,3,0.16651973,0.83348027
QQQ,3,0.12950381,0.87049619
QQQ,3,0.29278070,0.70721930
QQQ,3,0.12162298,0.87837702
QQQ,3,0.12597460,0.87402540
QQQ,3,0.14081920,0.85918080
QQQ,3,0.15890120,0.84109880
QQQ,3,0.14614213,0.85385787
QQQ,3,0.17943998,0.82056002
QQQ,3,0.12634459,0.87365541
QQQ,3,0.14842791,0.85157209
QQQ,3,0.27020870,0.72979130
QQQ,3,0.12575260,0.87424740
QQQ,3,0.12760580,0.87239420
QQQ,3,0.13303843,0.86696157
QQQ,3,0.14773829,0.85226171
QQQ,3,0.12953725,0.87046275
QQQ,3,0.12358011,0.87641989
QQQ,3,0.20001768,0.79998232
QQQ,3,0.13021676,0.86978324
QQQ,3,0.16530211,0.83469789
QQQ,3,0.12167593,0.87832407
QQQ,3,0.19453468,0.80546532
QQQ,3,0.19898670,0.80101330
QQQ,3,0.14938367,0.85061633
QQQ,3,0.20200685,0.79799315
QQQ,3,0.13677877,0.86322123
QQQ,3,0.12258900,0.87741100
QQQ,3,0.48584365,0.51415635
QQQ,3,0.13441099,0.86558901
QQQ,3,0.13077514,0.86922486
QQQ,3,0.12159865,0.87840135
QQQ,3,0.15483409,0.84516591
QQQ,3,0.12442672,0.87557328
QQQ,3,0.12177925,0.87822075
QQQ,3,0.12368822,0.87631178
QQQ,3,0.12187425,0.87812575
QQQ,3,0.40890015,0.59109985
QQQ,3,0.12497095,0.87502905
QQQ,3,0.12732280,0.87267720
QQQ,3,0.12982195,0.87017805
QQQ,3,0.12470647,0.87529353
QQQ,3,0.19182445,0.80817555
QQQ,3,0.12160431,0.87839569
QQQ,3,0.26533560,0.73466440
QQQ,3,0.14078496,0.85921504
QQQ,3,0.16206457,0.83793543
QQQ,3,0.37952785,0.62047215
QQQ,3,0.12948599,0.87051401
QQQ,3,0.20513733,0.79486267
QQQ,3,0.30521792,0.69478208
QQQ,3,0.22147719,0.77852281
QQQ,3,0.49214718,0.50785282
QQQ,3,0.12428126,0.87571874
QQQ,3,0.20485291,0.79514709
QQQ,3,0.12770086,0.87229914
QQQ,3,0.19071781,0.80928219
QQQ,3,0.14577900,0.85422100
QQQ,3,0.82350313,0.17649687
QQQ,3,0.15266876,0.84733124
QQQ,3,0.15756810,0.84243190
QQQ,3,0.14546690,0.85453310
QQQ,3,0.12308378,0.87691622
QQQ,3,0.12583100,0.87416900
QQQ,3,0.20138156,0.79861844
QQQ,3,0.83084606,0.16915394
QQQ,3,0.12213507,0.87786493
QQQ,3,0.13676910,0.86323090
QQQ,3,0.12941217,0.87058783
QQQ,3,0.12490038,0.87509962
QQQ,3,0.12171946,0.87828054
QQQ,3,0.18497271,0.81502729
QQQ,3,0.13060595,0.86939405
QQQ,3,0.15749009,0.84250991
QQQ,3,0.65927109,0.34072891
QQQ,3,0.30770363,0.69229637
QQQ,3,0.83460529,0.16539471
QQQ,3,0.12171533,0.87828467
QQQ,3,0.12673458,0.87326542
QQQ,3,0.14503235,0.85496765
QQQ,3,0.12306614,0.87693386
QQQ,3,0.23932559,0.76067441
QQQ,3,0.16267192,0.83732808
QQQ,3,0.13248519,0.86751481
QQQ,3,0.89157114,0.10842886
QQQ,3,0.14200284,0.85799716
QQQ,3,0.12771249,0.87228751
QQQ,3,0.70205389,0.29794611
QQQ,3,0.12500405,0.87499595
QQQ,3,0.20076100,0.79923900
QQQ,3,0.37343056,0.62656944
QQQ,3,0.22228640,0.77771360
QQQ,3,0.15163852,0.84836148
QQQ,3,0.12939793,0.87060207
QQQ,3,0.24215025,0.75784975
QQQ,3,0.19414137,0.80585863
QQQ,3,0.22055043,0.77944957
QQQ,3,0.12392072,0.87607928
QQQ,3,0.78476251,0.21523749
QQQ,3,0.18006767,0.81993233
QQQ,3,0.54911272,0.45088728
QQQ,3,0.13863323,0.86136677
QQQ,3,0.14145696,0.85854304
QQQ,3,0.20753925,0.79246075
QQQ,3,0.95932583,0.04067417
QQQ,3,0.13271409,0.86728591
QQQ,3,0.18925327,0.81074673
QQQ,3,0.12323905,0.87676095
QQQ,3,0.23430993,0.76569007
QQQ,3,0.12509100,0.87490900
QQQ,3,0.20260915,0.79739085
QQQ,3,0.14718451,0.85281549
QQQ,3,0.19604528,0.80395472
QQQ,3,0.29154381,0.70845619
QQQ,3,0.12526136,0.87473864
QQQ,3,0.14107876,0.85892124
QQQ,3,0.28118246,0.71881754
QQQ,3,0.23081610,0.76918390
QQQ,3,0.23340215,0.76659785
QQQ,3,0.23696367,0.76303633
QQQ,3,0.17787268,0.82212732
QQQ,3,0.16272442,0.83727558
QQQ,3,0.23839982,0.76160018
QQQ,3,0.74626649,0.25373351
QQQ,3,0.12227387,0.87772613
QQQ,3,0.12209143,0.87790857
QQQ,3,0.12572791,0.87427209
QQQ,3,0.13003029,0.86996971
QQQ,3,0.46674197,0.53325803
QQQ,3,0.16952823,0.83047177
QQQ,3,0.18500766,0.81499234
QQQ,3,0.12183542,0.87816458
QQQ,3,0.12874253,0.87125747
QQQ,3,0.12202922,0.87797078
QQQ,3,0.12543638,0.87456362
QQQ,3,0.12184063,0.87815937
QQQ,3,0.12581235,0.87418765
QQQ,3,0.23302005,0.76697995
QQQ,3,0.13818033,0.86181967
QQQ,3,0.12469710,0.87530290
QQQ,3,0.12885017,0.87114983
QQQ,3,0.13120939,0.86879061
QQQ,3,0.16560755,0.83439245
QQQ,3,0.14274912,0.85725088
QQQ,3,0.12315777,0.87684223
QQQ,3,0.12163035,0.87836965
QQQ,3,0.12160669,0.87839331
QQQ,3,0.19439780,0.80560220
QQQ,3,0.14442641,0.85557359
QQQ,3,0.12232291,0.87767709
QQQ,3,0.12208876,0.87791124
QQQ,3,0.65436828,0.34563172
QQQ,3,0.12162647,0.87837353
QQQ,3,0.23173489,0.76826511
QQQ,3,0.12415476,0.87584524
QQQ,3,0.12451638,0.87548362
QQQ,3,0.26672785,0.73327215
QQQ,3,0.18837268,0.81162732
QQQ,3,0.12308983,0.87691017
QQQ,3,0.12287841,0.87712159
QQQ,3,0.12404011,0.87595989
QQQ,3,0.12200391,0.87799609
QQQ,3,0.12165273,0.87834727
QQQ,3,0.14356109,0.85643891
QQQ,3,0.29985038,0.70014962
QQQ,3,0.18059379,0.81940621
QQQ,3,0.24386541,0.75613459
QQQ,3,0.16482443,0.83517557
QQQ,3,0.12275367,0.87724633
QQQ,3,0.12570971,0.87429029
QQQ,3,0.14712104,0.85287896
QQQ,3,0.13092044,0.86907956
QQQ,3,0.13567334,0.86432666
QQQ,3,0.18018612,0.81981388
QQQ,3,0.39126127,0.60873873
QQQ,3,0.14810700,0.85189300
QQQ,3,0.13280767,0.86719233
QQQ,3,0.12229162,0.87770838
QQQ,3,0.15374683,0.84625317
QQQ,3,0.29905648,0.70094352
QQQ,3,0.12176653,0.87823347
QQQ,3,0.20968770,0.79031230
QQQ,3,0.79219917,0.20780083
QQQ,3,0.12776057,0.87223943
QQQ,3,0.20289218,0.79710782
QQQ,3,0.13178907,0.86821093
QQQ,3,0.12182219,0.87817781
QQQ,3,0.12559174,0.87440826
QQQ,3,0.14427606,0.85572394
QQQ,3,0.28268088,0.71731912
QQQ,3,0.19502134,0.80497866
QQQ,3,0.14858224,0.85141776
QQQ,3,0.12372025,0.87627975
QQQ,3,0.74086551,0.25913449
QQQ,3,0.40159978,0.59840022
QQQ,3,0.12462158,0.87537842
QQQ,3,0.12217027,0.87782973
QQQ,3,0.15301248,0.84698752
QQQ,3,0.23614312,0.76385688
QQQ,3,0.13326443,0.86673557
QQQ,3,0.12893708,0.87106292
QQQ,3,0.73026083,0.26973917
QQQ,3,0.12350307,0.87649693
QQQ,3,0.12769663,0.87230337
QQQ,3,0.33905455,0.66094545
QQQ,3,0.13871223,0.86128777
QQQ,3,0.12502550,0.87497450
QQQ,3,0.17422269,0.82577731
QQQ,3,0.14681130,0.85318870
QQQ,3,0.12214949,0.87785051
QQQ,3,0.12322369,0.87677631
QQQ,3,0.12188667,0.87811333
QQQ,3,0.21667759,0.78332241
QQQ,3,0.14181136,0.85818864
QQQ,3,0.14529341,0.85470659
QQQ,3,0.12593725,0.87406275
QQQ,3,0.25602705,0.74397295
QQQ,3,0.12262710,0.87737290
QQQ,3,0.15698672,0.84301328
QQQ,3,0.19103052,0.80896948
QQQ,3,0.23848738,0.76151262
QQQ,3,0.33009550,0.66990450
QQQ,3,0.12684390,0.87315610
QQQ,3,0.12183440,0.87816560
QQQ,3,0.20227848,0.79772152
QQQ,3,0.12576358,0.87423642
QQQ,3,0.18287806,0.81712194
QQQ,3,0.12469395,0.87530605
QQQ,3,0.19587748,0.80412252
QQQ,3,0.55897193,0.44102807
QQQ,3,0.97309829,0.02690171
QQQ,3,0.12546771,0.87453229
QQQ,3,0.12361734,0.87638266
QQQ,3,0.12165084,0.87834916
QQQ,3,0.12433652,0.87566348
QQQ,3,0.12933442,0.87066558
QQQ,3,0.14488262,0.85511738
QQQ,3,0.12354051,0.87645949
QQQ,3,0.13148886,0.86851114
QQQ,3,0.13715577,0.86284423
QQQ,3,0.12919339,0.87080661
QQQ,3,0.13504265,0.86495735
QQQ,3,0.12357702,0.87642298
QQQ,3,0.12346574,0.87653426
QQQ,3,0.14522960,0.85477040
QQQ,3,0.27030768,0.72969232
QQQ,3,0.13442459,0.86557541
QQQ,3,0.12386020,0.87613980
QQQ,3,0.12164797,0.87835203
QQQ,3,0.12370288,0.87629712
QQQ,3,0.12474816,0.87525184
QQQ,3,0.22157419,0.77842581
QQQ,3,0.40197974,0.59802026
QQQ,3,0.29088038,0.70911962
QQQ,3,0.12719969,0.87280031
QQQ,3,0.12233654,0.87766346
QQQ,3,0.19781602,0.80218398
QQQ,3,0.12203197,0.87796803
QQQ,3,0.12940175,0.87059825
QQQ,3,0.12871835,0.87128165
QQQ,3,0.12163645,0.87836355
QQQ,3,0.12641436,0.87358564
QQQ,3,0.15374220,0.84625780
QQQ,3,0.32814475,0.67185525
QQQ,3,0.21827137,0.78172863
QQQ,3,0.17382689,0.82617311
QQQ,3,0.24635795,0.75364205
QQQ,3,0.12830633,0.87169367
QQQ,3,0.19127636,0.80872364
QQQ,3,0.12289159,0.87710841
QQQ,3,0.13425305,0.86574695
QQQ,3,0.13518154,0.86481846
QQQ,3,0.32267079,0.67732921
QQQ,3,0.12268825,0.87731175
QQQ,3,0.12777413,0.87222587
QQQ,3,0.12275035,0.87724965
QQQ,3,0.12711654,0.87288346
QQQ,3,0.12834628,0.87165372
QQQ,3,0.12267763,0.87732237
QQQ,3,0.12744135,0.87255865
QQQ,3,0.12590466,0.87409534
QQQ,3,0.12446334,0.87553666
QQQ,3,0.12419767,0.87580233
QQQ,3,0.15053447,0.84946553
QQQ,3,0.21323004,0.78676996
QQQ,3,0.18150945,0.81849055
QQQ,3,0.12900220,0.87099780
QQQ,3,0.14008876,0.85991124
QQQ,3,0.12308721,0.87691279
QQQ,3,0.12597288,0.87402712
QQQ,3,0.14881645,0.85118355
QQQ,3,0.15919921,0.84080079
QQQ,3,0.17691387,0.82308613
QQQ,3,0.12159175,0.87840825
QQQ,3,0.17201665,0.82798335
QQQ,3,0.13487851,0.86512149
QQQ,3,0.14953863,0.85046137
QQQ,3,0.53576525,0.46423475
QQQ,3,0.12233760,0.87766240
QQQ,3,0.12162991,0.87837009
QQQ,3,0.53293416,0.46706584
QQQ,3,0.23249379,0.76750621
QQQ,3,0.54229154,0.45770846
QQQ,3,0.31213974,0.68786026
QQQ,3,0.23446448,0.76553552
QQQ,3,0.19360802,0.80639198
QQQ,3,0.20242058,0.79757942
QQQ,3,0.12195143,0.87804857
QQQ,3,0.14314341,0.85685659
QQQ,3,0.12599797,0.87400203
QQQ,3,0.18006089,0.81993911
QQQ,3,0.16027290,0.83972710
QQQ,3,0.13061132,0.86938868
QQQ,3,0.25121434,0.74878566
QQQ,3,0.23992874,0.76007126
QQQ,3,0.13725549,0.86274451
QQQ,3,0.12168245,0.87831755
QQQ,3,0.13779333,0.86220667
QQQ,3,0.12232793,0.87767207
QQQ,3,0.14597193,0.85402807
QQQ,3,0.12305290,0.87694710
QQQ,3,0.14036897,0.85963103
QQQ,3,0.12520404,0.87479596
QQQ,3,0.12188432,0.87811568
QQQ,3,0.18764146,0.81235854
QQQ,3,0.12212010,0.87787990
QQQ,3,0.12277412,0.87722588
QQQ,3,0.17236715,0.82763285
QQQ,3,0.12612122,0.87387878
QQQ,3,0.12225705,0.87774295
QQQ,3,0.14613816,0.85386184
QQQ,3,0.13346537,0.86653463
QQQ,3,0.13894391,0.86105609
QQQ,3,0.17782825,0.82217175
QQQ,3,0.12277010,0.87722990
QQQ,3,0.13985795,0.86014205
QQQ,3,0.26986581,0.73013419
QQQ,3,0.13060273,0.86939727
QQQ,3,0.26211670,0.73788330
QQQ,3,0.12245901,0.87754099
QQQ,3,0.18078156,0.81921844
QQQ,3,0.23179241,0.76820759
QQQ,3,0.22028459,0.77971541
QQQ,3,0.14906844,0.85093156
QQQ,3,0.18711780,0.81288220
QQQ,3,0.17156936,0.82843064
QQQ,3,0.19915427,0.80084573
QQQ,3,0.77160219,0.22839781
QQQ,3,0.15333387,0.84666613
QQQ,3,0.22275008,0.77724992
QQQ,3,0.14505738,0.85494262
QQQ,3,0.17415623,0.82584377
QQQ,3,0.13640692,0.86359308
QQQ,3,0.12434142,0.87565858
QQQ,3,0.14885168,0.85114832
QQQ,3,0.12205788,0.87794212
QQQ,3,0.13316087,0.86683913
QQQ,3,0.16305233,0.83694767
QQQ,3,0.12307040,0.87692960
QQQ,3,0.14835333,0.85164667
QQQ,3,0.14595808,0.85404192
QQQ,3,0.56420387,0.43579613
QQQ,3,0.14304034,0.85695966
QQQ,3,0.12890089,0.87109911
QQQ,3,0.12188165,0.87811835
QQQ,3,0.12559933,0.87440067
QQQ,3,0.12497963,0.87502037
QQQ,3,0.20028260,0.79971740
QQQ,3,0.12460965,0.87539035
QQQ,3,0.16073083,0.83926917
QQQ,3,0.12618285,0.87381715
QQQ,3,0.14547407,0.85452593
QQQ,3,0.14191534,0.85808466
QQQ,3,0.12245102,0.87754898
QQQ,3,0.14051712,0.85948288
QQQ,3,0.12427963,0.87572037
QQQ,3,0.20007691,0.79992309
QQQ,3,0.14692562,0.85307438
QQQ,3,0.12284562,0.87715438
QQQ,3,0.14059166,0.85940834
QQQ,3,0.12407689,0.87592311
QQQ,3,0.13432764,0.86567236
QQQ,3,0.13085311,0.86914689
QQQ,3,0.12475756,0.87524244
QQQ,3,0.14106363,0.85893637
QQQ,3,0.12844742,0.87155258
QQQ,3,0.39902024,0.60097976
QQQ,3,0.12273476,0.87726524
QQQ,3,0.12575158,0.87424842
QQQ,3,0.13120709,0.86879291
QQQ,3,0.12797005,0.87202995
QQQ,3,0.18820691,0.81179309
QQQ,3,0.15433915,0.84566085
QQQ,3,0.12258773,0.87741227
QQQ,3,0.55923376,0.44076624
QQQ,3,0.12618348,0.87381652
QQQ,3,0.14626574,0.85373426
QQQ,3,0.14563702,0.85436298
QQQ,3,0.14168197,0.85831803
QQQ,3,0.20571392,0.79428608
QQQ,3,0.12517646,0.87482354
QQQ,3,0.12357858,0.87642142
QQQ,3,0.23069463,0.76930537
QQQ,3,0.14108820,0.85891180
QQQ,3,0.12227239,0.87772761
QQQ,3,0.12166418,0.87833582
QQQ,3,0.12178981,0.87821019
QQQ,3,0.12593166,0.87406834
QQQ,3,0.14851407,0.85148593
QQQ,3,0.23672748,0.76327252
QQQ,3,0.12823294,0.87176706
QQQ,3,0.12592197,0.87407803
QQQ,3,0.12365741,0.87634259
QQQ,3,0.12162463,0.87837537
QQQ,3,0.12919332,0.87080668
QQQ,3,0.15827223,0.84172777
QQQ,3,0.12215075,0.87784925
QQQ,3,0.12434318,0.87565682
QQQ,3,0.19253362,0.80746638
QQQ,3,0.12159386,0.87840614
QQQ,3,0.21752879,0.78247121
QQQ,3,0.16455163,0.83544837
QQQ,3,0.16889439,0.83110561
QQQ,3,0.53461239,0.46538761
QQQ,3,0.13378608,0.86621392
QQQ,3,0.53498949,0.46501051
QQQ,3,0.17174758,0.82825242
QQQ,3,0.16908569,0.83091431
QQQ,3,0.12628246,0.87371754
QQQ,3,0.22067645,0.77932355
QQQ,3,0.14630607,0.85369393
QQQ,3,0.39367218,0.60632782
QQQ,3,0.12903406,0.87096594
QQQ,3,0.12500880,0.87499120
QQQ,3,0.14146330,0.85853670
QQQ,3,0.13186317,0.86813683
QQQ,3,0.15429901,0.84570099
QQQ,3,0.12193147,0.87806853
QQQ,3,0.12416450,0.87583550
QQQ,3,0.12192008,0.87807992
QQQ,3,0.12459856,0.87540144
QQQ,3,0.12159573,0.87840427
QQQ,3,0.12263786,0.87736214
QQQ,3,0.12235416,0.87764584
QQQ,3,0.12159779,0.87840221
QQQ,3,0.49148006,0.50851994
QQQ,3,0.24031655,0.75968345
QQQ,3,0.12327003,0.87672997
QQQ,3,0.12355966,0.87644034
QQQ,3,0.23832142,0.76167858
QQQ,3,0.13043546,0.86956454
QQQ,3,0.12578352,0.87421648
QQQ,3,0.18258294,0.81741706
QQQ,3,0.12812117,0.87187883
QQQ,3,0.12694611,0.87305389
QQQ,3,0.18734323,0.81265677
QQQ,3,0.14245548,0.85754452
QQQ,3,0.12735638,0.87264362
QQQ,3,0.14207349,0.85792651
QQQ,3,0.15744843,0.84255157
QQQ,3,0.14957760,0.85042240
QQQ,3,0.12437500,0.87562500
QQQ,3,0.12180525,0.87819475
QQQ,3,0.12200038,0.87799962
QQQ,3,0.12259609,0.87740391
QQQ,3,0.15493053,0.84506947
QQQ,3,0.13343492,0.86656508
QQQ,3,0.12160307,0.87839693
QQQ,3,0.24929224,0.75070776
QQQ,3,0.12804757,0.87195243
QQQ,3,0.12406594,0.87593406
QQQ,3,0.13777870,0.86222130
QQQ,3,0.12343414,0.87656586
QQQ,3,0.22513527,0.77486473
QQQ,3,0.12427854,0.87572146
QQQ,3,0.20088721,0.79911279
QQQ,3,0.21241144,0.78758856
QQQ,3,0.12288042,0.87711958
QQQ,3,0.13103737,0.86896263
QQQ,3,0.12429426,0.87570574
QQQ,3,0.12284800,0.87715200
QQQ,3,0.14695974,0.85304026
QQQ,3,0.15936430,0.84063570
QQQ,3,0.15723838,0.84276162
QQQ,3,0.13320413,0.86679587
QQQ,3,0.17089271,0.82910729
QQQ,3,0.12505462,0.87494538
QQQ,3,0.12630187,0.87369813
QQQ,3,0.12788242,0.87211758
QQQ,3,0.31356879,0.68643121
QQQ,3,0.45249932,0.54750068
QQQ,3,0.17157454,0.82842546
QQQ,3,0.12249373,0.87750627
QQQ,3,0.13693454,0.86306546
QQQ,3,0.15703468,0.84296532
QQQ,3,0.12609773,0.87390227
QQQ,3,0.12678351,0.87321649
QQQ,3,0.53917072,0.46082928
QQQ,3,0.21049807,0.78950193
QQQ,3,0.12420461,0.87579539
QQQ,3,0.22216338,0.77783662
QQQ,3,0.42362937,0.57637063
QQQ,3,0.12423713,0.87576287
QQQ,3,0.69308622,0.30691378
QQQ,3,0.14523022,0.85476978
QQQ,3,0.12803371,0.87196629
QQQ,3,0.24509498,0.75490502
QQQ,3,0.46493168,0.53506832
QQQ,3,0.15576682,0.84423318
QQQ,3,0.24840644,0.75159356
QQQ,3,0.12720931,0.87279069
QQQ,3,0.16518161,0.83481839
QQQ,3,0.12582462,0.87417538
QQQ,3,0.13936286,0.86063714
QQQ,3,0.14753830,0.85246170
QQQ,3,0.13404830,0.86595170
QQQ,3,0.12259973,0.87740027
QQQ,3,0.13929848,0.86070152
QQQ,3,0.12196014,0.87803986
QQQ,3,0.12189274,0.87810726
QQQ,3,0.14780321,0.85219679
QQQ,3,0.12195748,0.87804252
QQQ,3,0.15519345,0.84480655
QQQ,3,0.23821859,0.76178141
QQQ,3,0.12730949,0.87269051
QQQ,3,0.12162471,0.87837529
QQQ,3,0.13498371,0.86501629
QQQ,3,0.12179908,0.87820092
QQQ,3,0.13387366,0.86612634
QQQ,3,0.12881154,0.87118846
QQQ,3,0.29295659,0.70704341
QQQ,3,0.15878891,0.84121109
QQQ,3,0.16103166,0.83896834
QQQ,3,0.23175602,0.76824398
QQQ,3,0.13345647,0.86654353
QQQ,3,0.12745837,0.87254163
QQQ,3,0.23290774,0.76709226
QQQ,3,0.18346702,0.81653298
QQQ,3,0.12457176,0.87542824
QQQ,3,0.26741458,0.73258542
QQQ,3,0.14699258,0.85300742
QQQ,3,0.12227898,0.87772102
QQQ,3,0.15067660,0.84932340
QQQ,3,0.43755582,0.56244418
QQQ,3,0.13083563,0.86916437
QQQ,3,0.15210031,0.84789969
QQQ,3,0.88014812,0.11985188
QQQ,3,0.21928380,0.78071620
QQQ,3,0.15577875,0.84422125
QQQ,3,0.38575349,0.61424651
QQQ,3,0.95148167,0.04851833
QQQ,3,0.24627403,0.75372597
QQQ,3,0.14349172,0.85650828
QQQ,3,0.12602481,0.87397519
QQQ,3,0.27377666,0.72622334
QQQ,3,0.12250513,0.87749487
QQQ,3,0.16472163,0.83527837
QQQ,3,0.17059759,0.82940241
QQQ,3,0.16427956,0.83572044
QQQ,3,0.18420928,0.81579072
QQQ,3,0.35198826,0.64801174
QQQ,3,0.12568696,0.87431304
QQQ,3,0.15838824,0.84161176
QQQ,3,0.12693619,0.87306381
QQQ,3,0.12904306,0.87095694
QQQ,3,0.12276444,0.87723556
QQQ,3,0.13895766,0.86104234
QQQ,3,0.25177845,0.74822155
QQQ,3,0.12850755,0.87149245
QQQ,3,0.12312404,0.87687596
QQQ,3,0.12811943,0.87188057
QQQ,3,0.37641756,0.62358244
QQQ,3,0.12342515,0.87657485
QQQ,3,0.13311008,0.86688992
QQQ,3,0.16354993,0.83645007
QQQ,3,0.14318978,0.85681022
QQQ,3,0.15163918,0.84836082
QQQ,3,0.12706229,0.87293771
QQQ,3,0.18765257,0.81234743
QQQ,3,0.13593751,0.86406249
QQQ,3,0.16265182,0.83734818
QQQ,3,0.26152923,0.73847077
QQQ,3,0.12388983,0.87611017
QQQ,3,0.15181341,0.84818659
QQQ,3,0.12174139,0.87825861
QQQ,3,0.12189836,0.87810164
QQQ,3,0.12168271,0.87831729
QQQ,3,0.12954374,0.87045626
QQQ,3,0.17081700,0.82918300
QQQ,3,0.14717703,0.85282297
QQQ,3,0.12159119,0.87840881
QQQ,3,0.12409493,0.87590507
QQQ,3,0.12159377,0.87840623
QQQ,3,0.17728183,0.82271817
QQQ,3,0.12504285,0.87495715
QQQ,3,0.12180508,0.87819492
QQQ,3,0.12179658,0.87820342
QQQ,3,0.14190273,0.85809727
QQQ,3,0.12163887,0.87836113
QQQ,3,0.12274437,0.87725563
QQQ,3,0.12165567,0.87834433
QQQ,3,0.12207464,0.87792536
QQQ,3,0.14669073,0.85330927
QQQ,3,0.12201687,0.87798313
QQQ,3,0.13496906,0.86503094
QQQ,3,0.12410439,0.87589561
QQQ,3,0.21517149,0.78482851
QQQ,3,0.12511772,0.87488228
QQQ,3,0.15219334,0.84780666
QQQ,3,0.12508326,0.87491674
QQQ,3,0.23190432,0.76809568
QQQ,3,0.14971309,0.85028691
QQQ,3,0.12825396,0.87174604
QQQ,3,0.14751869,0.85248131
QQQ,3,0.14648601,0.85351399
QQQ,3,0.12639690,0.87360310
QQQ,3,0.13191114,0.86808886
QQQ,3,0.26260861,0.73739139
QQQ,3,0.32361311,0.67638689
QQQ,3,0.12207608,0.87792392
QQQ,3,0.15108240,0.84891760
QQQ,3,0.15199859,0.84800141
QQQ,3,0.12171392,0.87828608
QQQ,3,0.12929051,0.87070949
QQQ,3,0.12160041,0.87839959
QQQ,3,0.12378971,0.87621029
QQQ,3,0.13014200,0.86985800
QQQ,3,0.56320984,0.43679016
QQQ,3,0.13499631,0.86500369
QQQ,3,0.14201313,0.85798687
QQQ,3,0.16110817,0.83889183
QQQ,3,0.12207659,0.87792341
QQQ,3,0.12879472,0.87120528
QQQ,3,0.15166658,0.84833342
QQQ,3,0.14517271,0.85482729
QQQ,3,0.12161571,0.87838429
QQQ,3,0.20847664,0.79152336
QQQ,3,0.14279361,0.85720639
QQQ,3,0.14111159,0.85888841
QQQ,3,0.16803559,0.83196441
QQQ,3,0.14678388,0.85321612
QQQ,3,0.12191492,0.87808508
QQQ,3,0.12496014,0.87503986
QQQ,3,0.12330153,0.87669847
QQQ,3,0.12979567,0.87020433
QQQ,3,0.12258560,0.87741440
QQQ,3,0.12170575,0.87829425
QQQ,3,0.12216823,0.87783177
QQQ,3,0.12964815,0.87035185
QQQ,3,0.12715056,0.87284944
QQQ,3,0.14091389,0.85908611
QQQ,3,0.12223713,0.87776287
QQQ,3,0.13519332,0.86480668
QQQ,3,0.12407280,0.87592720
QQQ,3,0.16383211,0.83616789
QQQ,3,0.16282357,0.83717643
QQQ,3,0.12186748,0.87813252
QQQ,3,0.13619712,0.86380288
QQQ,3,0.19087661,0.80912339
QQQ,3,0.16252331,0.83747669
QQQ,3,0.12286571,0.87713429
QQQ,3,0.16218077,0.83781923
QQQ,3,0.12159103,0.87840897
QQQ,3,0.17702678,0.82297322
QQQ,3,0.12759468,0.87240532
QQQ,3,0.19367119,0.80632881
QQQ,3,0.59804671,0.40195329
QQQ,3,0.18954596,0.81045404
QQQ,3,0.12298742,0.87701258
QQQ,3,0.12295243,0.87704757
QQQ,3,0.35531990,0.64468010
QQQ,3,0.12203541,0.87796459
QQQ,3,0.17828147,0.82171853
QQQ,3,0.12351054,0.87648946
QQQ,3,0.28502671,0.71497329
QQQ,3,0.47068596,0.52931404
QQQ,3,0.35242841,0.64757159
QQQ,3,0.82716074,0.17283926
QQQ,3,0.43243241,0.56756759
QQQ,3,0.12445171,0.87554829
QQQ,3,0.15893633,0.84106367
QQQ,3,0.15194633,0.84805367
QQQ,3,0.24278078,0.75721922
QQQ,3,0.32668786,0.67331214
QQQ,3,0.88803715,0.11196285
QQQ,3,0.12625181,0.87374819
QQQ,3,0.35975516,0.64024484
QQQ,3,0.17881163,0.82118837
QQQ,3,0.12347500,0.87652500
QQQ,3,0.34249625,0.65750375
QQQ,3,0.12585941,0.87414059
QQQ,3,0.12556342,0.87443658
QQQ,3,0.28232075,0.71767925
QQQ,3,0.13013384,0.86986616
QQQ,3,0.12529582,0.87470418
QQQ,3,0.12162530,0.87837470
QQQ,3,0.12707109,0.87292891
QQQ,3,0.12191720,0.87808280
QQQ,3,0.12946543,0.87053457
QQQ,3,0.12821200,0.87178800
QQQ,3,0.12414634,0.87585366
QQQ,3,0.13430814,0.86569186
QQQ,3,0.12878219,0.87121781
QQQ,3,0.12558384,0.87441616
QQQ,3,0.15804563,0.84195437
QQQ,3,0.13226521,0.86773479
QQQ,3,0.13378476,0.86621524
QQQ,3,0.12411774,0.87588226
QQQ,3,0.16408324,0.83591676
QQQ,3,0.12423541,0.87576459
QQQ,3,0.15242583,0.84757417
QQQ,3,0.13807590,0.86192410
QQQ,3,0.20678169,0.79321831
QQQ,3,0.12956841,0.87043159
QQQ,3,0.12302647,0.87697353
QQQ,3,0.12166205,0.87833795
QQQ,3,0.12161658,0.87838342
QQQ,3,0.15431961,0.84568039
QQQ,3,0.12600828,0.87399172
QQQ,3,0.35717497,0.64282503
QQQ,3,0.13054746,0.86945254
QQQ,3,0.21830460,0.78169540
QQQ,3,0.21102540,0.78897460
QQQ,3,0.40867328,0.59132672
QQQ,3,0.37670984,0.62329016
QQQ,3,0.75533840,0.24466160
QQQ,3,0.14701352,0.85298648
QQQ,3,0.13172938,0.86827062
QQQ,3,0.12639228,0.87360772
QQQ,3,0.12200124,0.87799876
QQQ,3,0.15289399,0.84710601
QQQ,3,0.12161480,0.87838520
QQQ,3,0.14704016,0.85295984
QQQ,3,0.20304658,0.79695342
QQQ,3,0.13074484,0.86925516
QQQ,3,0.33891027,0.66108973
QQQ,3,0.30692112,0.69307888
QQQ,3,0.21698629,0.78301371
QQQ,3,0.48798288,0.51201712
QQQ,3,0.13763331,0.86236669
QQQ,3,0.18894795,0.81105205
QQQ,3,0.12209097,0.87790903
QQQ,3,0.14514339,0.85485661
QQQ,3,0.27259718,0.72740282
QQQ,3,0.20427561,0.79572439
QQQ,3,0.16245967,0.83754033
QQQ,3,0.14335448,0.85664552
QQQ,3,0.50428128,0.49571872
QQQ,3,0.12934889,0.87065111
QQQ,3,0.12159652,0.87840348
QQQ,3,0.84347878,0.15652122
QQQ,3,0.14977369,0.85022631
QQQ,3,0.16422254,0.83577746
QQQ,3,0.16216587,0.83783413
QQQ,3,0.17130154,0.82869846
QQQ,3,0.18967876,0.81032124
QQQ,3,0.12159181,0.87840819
QQQ,3,0.17885099,0.82114901
QQQ,3,0.14025779,0.85974221
QQQ,3,0.12751945,0.87248055
QQQ,3,0.32327259,0.67672741
QQQ,3,0.13261640,0.86738360
QQQ,3,0.24329965,0.75670035
QQQ,3,0.18593773,0.81406227
QQQ,3,0.12396693,0.87603307
QQQ,3,0.12397795,0.87602205
QQQ,3,0.13804194,0.86195806
QQQ,3,0.15323115,0.84676885
QQQ,3,0.12317018,0.87682982
QQQ,3,0.12239644,0.87760356
QQQ,3,0.12470237,0.87529763
QQQ,3,0.13666679,0.86333321
QQQ,3,0.13237803,0.86762197
QQQ,3,0.17614744,0.82385256
QQQ,3,0.13268576,0.86731424
QQQ,3,0.13011211,0.86988789
QQQ,3,0.12280277,0.87719723
QQQ,3,0.22185558,0.77814442
QQQ,3,0.12457660,0.87542340
QQQ,3,0.50001554,0.49998446
QQQ,3,0.15190603,0.84809397
QQQ,3,0.13941050,0.86058950
QQQ,3,0.13397118,0.86602882
QQQ,3,0.25205758,0.74794242
QQQ,3,0.12447112,0.87552888
QQQ,3,0.19945066,0.80054934
QQQ,3,0.12469447,0.87530553
QQQ,3,0.15314776,0.84685224
QQQ,3,0.12266377,0.87733623
QQQ,3,0.12843858,0.87156142
QQQ,3,0.72805756,0.27194244
QQQ,3,0.13646488,0.86353512
QQQ,3,0.12576303,0.87423697
QQQ,3,0.21348559,0.78651441
QQQ,3,0.19002259,0.80997741
QQQ,3,0.13844766,0.86155234
QQQ,3,0.12159180,0.87840820
QQQ,3,0.16137898,0.83862102
QQQ,3,0.12254256,0.87745744
QQQ,3,0.16627554,0.83372446
QQQ,3,0.15062628,0.84937372
QQQ,3,0.13556241,0.86443759
QQQ,3,0.12363084,0.87636916
QQQ,3,0.12604780,0.87395220
QQQ,3,0.14414255,0.85585745
QQQ,3,0.12243826,0.87756174
QQQ,3,0.33996819,0.66003181
QQQ,3,0.28683490,0.71316510
QQQ,3,0.13307964,0.86692036
QQQ,3,0.14532673,0.85467327
QQQ,3,0.13379166,0.86620834
QQQ,3,0.28669988,0.71330012
QQQ,3,0.12292210,0.87707790
QQQ,3,0.12283252,0.87716748
QQQ,3,0.14678889,0.85321111
QQQ,3,0.37129337,0.62870663
QQQ,3,0.22951928,0.77048072
QQQ,3,0.12302555,0.87697445
QQQ,3,0.35551138,0.64448862
QQQ,3,0.15907273,0.84092727
QQQ,3,0.13586566,0.86413434
QQQ,3,0.23671464,0.76328536
QQQ,3,0.12685169,0.87314831
QQQ,3,0.13164804,0.86835196
QQQ,3,0.12343917,0.87656083
QQQ,3,0.29828439,0.70171561
QQQ,3,0.12202014,0.87797986
QQQ,3,0.13735003,0.86264997
QQQ,3,0.12182169,0.87817831
QQQ,3,0.12194223,0.87805777
QQQ,3,0.13828178,0.86171822
QQQ,3,0.12186427,0.87813573
QQQ,3,0.21834726,0.78165274
QQQ,3,0.33254156,0.66745844
QQQ,3,0.12368839,0.87631161
QQQ,3,0.14048039,0.85951961
QQQ,3,0.12743084,0.87256916
QQQ,3,0.12802759,0.87197241
QQQ,3,0.12649152,0.87350848
QQQ,3,0.15888279,0.84111721
QQQ,3,0.12594569,0.87405431
QQQ,3,0.20411445,0.79588555
QQQ,3,0.12517384,0.87482616
QQQ,3,0.25750876,0.74249124
QQQ,3,0.12396009,0.87603991
QQQ,3,0.15869339,0.84130661
QQQ,3,0.13805900,0.86194100
QQQ,3,0.13554240,0.86445760
QQQ,3,0.12592554,0.87407446
QQQ,3,0.31289260,0.68710740
QQQ,3,0.13079638,0.86920362
QQQ,3,0.16122056,0.83877944
QQQ,3,0.12244470,0.87755530
QQQ,3,0.13585412,0.86414588
QQQ,3,0.12429438,0.87570562
QQQ,3,0.15300384,0.84699616
QQQ,3,0.78029451,0.21970549
QQQ,3,0.12359085,0.87640915
QQQ,3,0.15202655,0.84797345
QQQ,3,0.12176618,0.87823382
QQQ,3,0.12366220,0.87633780
QQQ,3,0.12525960,0.87474040
QQQ,3,0.42332262,0.57667738
QQQ,3,0.12287936,0.87712064
QQQ,3,0.29750243,0.70249757
QQQ,3,0.44532012,0.55467988
QQQ,3,0.16682304,0.83317696
QQQ,3,0.12524153,0.87475847
QQQ,3,0.30762323,0.69237677
QQQ,3,0.34094823,0.65905177
QQQ,3,0.13643000,0.86357000
QQQ,3,0.12171729,0.87828271
QQQ,3,0.21182600,0.78817400
QQQ,3,0.13308971,0.86691029
QQQ,3,0.20316905,0.79683095
QQQ,3,0.18005072,0.81994928
QQQ,3,0.15922537,0.84077463
QQQ,3,0.12990782,0.87009218
QQQ,3,0.13840543,0.86159457
QQQ,3,0.12179268,0.87820732
QQQ,3,0.12663281,0.87336719
QQQ,3,0.12404421,0.87595579
QQQ,3,0.15730865,0.84269135
QQQ,3,0.35172616,0.64827384
QQQ,3,0.12361535,0.87638465
QQQ,3,0.20388523,0.79611477
QQQ,3,0.24548440,0.75451560
QQQ,3,0.12772608,0.87227392
QQQ,3,0.12363278,0.87636722
QQQ,3,0.12276548,0.87723452
QQQ,3,0.16818052,0.83181948
QQQ,3,0.13444551,0.86555449
QQQ,3,0.14822397,0.85177603
QQQ,3,0.92123689,0.07876311
QQQ,3,0.99994755,0.00005245
QQQ,3,0.99971305,0.00028695
QQQ,3,0.17003219,0.82996781
QQQ,3,0.99994100,0.00005900
QQQ,3,0.88140404,0.11859596
QQQ,3,0.12877297,0.87122703
QQQ,3,0.20333798,0.79666202
QQQ,3,0.97398932,0.02601068
QQQ,3,0.82207388,0.17792612
QQQ,3,0.13679501,0.86320499
QQQ,3,0.21927081,0.78072919
QQQ,3,0.88771421,0.11228579
QQQ,3,0.19828067,0.80171933
QQQ,3,0.21682741,0.78317259
QQQ,3,0.14409836,0.85590164
QQQ,3,0.12491740,0.87508260
QQQ,3,0.23119983,0.76880017
QQQ,3,0.14592976,0.85407024
QQQ,3,0.12242379,0.87757621
QQQ,3,0.28243148,0.71756852
QQQ,3,0.12499350,0.87500650
QQQ,3,0.33967917,0.66032083
QQQ,3,0.12160493,0.87839507
QQQ,3,0.13255311,0.86744689
QQQ,3,0.17555801,0.82444199
QQQ,3,0.94035270,0.05964730
QQQ,3,0.15618723,0.84381277
QQQ,3,0.60261511,0.39738489
QQQ,3,0.13783251,0.86216749
QQQ,3,0.47551775,0.52448225
QQQ,3,0.34770787,0.65229213
QQQ,3,0.12714087,0.87285913
QQQ,3,0.14942562,0.85057438
QQQ,3,0.13270190,0.86729810
QQQ,3,0.13655360,0.86344640
QQQ,3,0.12679087,0.87320913
QQQ,3,0.14467309,0.85532691
QQQ,3,0.12347265,0.87652735
QQQ,3,0.34921842,0.65078158
QQQ,3,0.13727297,0.86272703
QQQ,3,0.15006100,0.84993900
QQQ,3,0.13328501,0.86671499
QQQ,3,0.14476164,0.85523836
QQQ,3,0.53019001,0.46980999
QQQ,3,0.91686031,0.08313969
QQQ,3,0.12708542,0.87291458
QQQ,3,0.12953025,0.87046975
QQQ,3,0.17442136,0.82557864
QQQ,3,0.12217568,0.87782432
QQQ,3,0.13201870,0.86798130
QQQ,3,0.21118041,0.78881959
QQQ,3,0.13066469,0.86933531
QQQ,3,0.12191271,0.87808729
QQQ,3,0.12488364,0.87511636
QQQ,3,0.12179806,0.87820194
QQQ,3,0.20627581,0.79372419
QQQ,3,0.12755688,0.87244312
QQQ,3,0.12363491,0.87636509
QQQ,3,0.19437890,0.80562110
QQQ,3,0.57479675,0.42520325
QQQ,3,0.24883550,0.75116450
QQQ,3,0.12167428,0.87832572
QQQ,3,0.51805515,0.48194485
QQQ,3,0.12399325,0.87600675
QQQ,3,0.16019522,0.83980478
QQQ,3,0.12440793,0.87559207
QQQ,3,0.12188960,0.87811040
QQQ,3,0.12195335,0.87804665
QQQ,3,0.12268095,0.87731905
QQQ,3,0.12506346,0.87493654
QQQ,3,0.19043802,0.80956198
QQQ,3,0.14183488,0.85816512
QQQ,3,0.40043988,0.59956012
QQQ,3,0.65650571,0.34349429
QQQ,3,0.13164170,0.86835830
QQQ,3,0.12184189,0.87815811
QQQ,3,0.32560989,0.67439011
QQQ,3,0.12918723,0.87081277
QQQ,3,0.74707751,0.25292249
QQQ,3,0.14579717,0.85420283
QQQ,3,0.14015144,0.85984856
QQQ,3,0.32399403,0.67600597
QQQ,3,0.26951312,0.73048688
QQQ,3,0.51830641,0.48169359
QQQ,3,0.18386873,0.81613127
QQQ,3,0.14461965,0.85538035
QQQ,3,0.16392805,0.83607195
QQQ,3,0.12188420,0.87811580
QQQ,3,0.12159727,0.87840273
QQQ,3,0.34457291,0.65542709
QQQ,3,0.16612208,0.83387792
QQQ,3,0.24002806,0.75997194
QQQ,3,0.66989052,0.33010948
QQQ,3,0.12962413,0.87037587
QQQ,3,0.20931165,0.79068835
QQQ,3,0.97915914,0.02084086
QQQ,3,0.20173538,0.79826462
QQQ,3,0.12214871,0.87785129
QQQ,3,0.20806378,0.79193622
QQQ,3,0.98851631,0.01148369
QQQ,3,0.52973816,0.47026184
QQQ,3,0.97103106,0.02896894
QQQ,3,0.12201140,0.87798860
QQQ,3,0.13174098,0.86825902
QQQ,3,0.12171449,0.87828551
QQQ,3,0.91910737,0.08089263
QQQ,3,0.26619795,0.73380205
QQQ,3,0.18353796,0.81646204
QQQ,3,0.80494455,0.19505545
QQQ,3,0.25148374,0.74851626
QQQ,3,0.57149416,0.42850584
QQQ,3,0.13196216,0.86803784
QQQ,3,0.57912794,0.42087206
QQQ,3,0.14124270,0.85875730
QQQ,3,0.12265837,0.87734163
QQQ,3,0.99343062,0.00656938
QQQ,3,0.42208030,0.57791970
QQQ,3,0.14127086,0.85872914
QQQ,3,0.12504895,0.87495105
QQQ,3,0.12308019,0.87691981
QQQ,3,0.32541056,0.67458944
QQQ,3,0.71760968,0.28239032
QQQ,3,0.77617371,0.22382629
QQQ,3,0.17608603,0.82391397
QQQ,3,0.12960740,0.87039260
QQQ,3,0.35985235,0.64014765
QQQ,3,0.34573174,0.65426826
QQQ,3,0.18200243,0.81799757
QQQ,3,0.18917079,0.81082921
QQQ,3,0.12173242,0.87826758
QQQ,3,0.17021057,0.82978943
QQQ,3,0.96429104,0.03570896
QQQ,3,0.12336784,0.87663216
QQQ,3,0.12175343,0.87824657
QQQ,3,0.12191416,0.87808584
QQQ,3,0.14597046,0.85402954
QQQ,3,0.17247876,0.82752124
QQQ,3,0.14139321,0.85860679
QQQ,3,0.12315611,0.87684389
QQQ,3,0.41863463,0.58136537
QQQ,3,0.12588801,0.87411199
QQQ,3,0.12173998,0.87826002
QQQ,3,0.17947017,0.82052983
QQQ,3,0.12159212,0.87840788
QQQ,3,0.12379874,0.87620126
QQQ,3,0.13166423,0.86833577
QQQ,3,0.12823247,0.87176753
QQQ,3,0.16251393,0.83748607
QQQ,3,0.12159104,0.87840896
QQQ,3,0.12332622,0.87667378
QQQ,3,0.34723119,0.65276881
QQQ,3,0.14178777,0.85821223
QQQ,3,0.12171623,0.87828377
QQQ,3,0.20958972,0.79041028
QQQ,3,0.12768355,0.87231645
QQQ,3,0.18333121,0.81666879
QQQ,3,0.34661739,0.65338261
QQQ,3,0.28782581,0.71217419
QQQ,3,0.12210614,0.87789386
QQQ,3,0.13197416,0.86802584
QQQ,3,0.16255997,0.83744003
QQQ,3,0.25734280,0.74265720
QQQ,3,0.12236244,0.87763756
QQQ,3,0.12350338,0.87649662
QQQ,3,0.13928072,0.86071928
QQQ,3,0.14362332,0.85637668
QQQ,3,0.12185500,0.87814500
QQQ,3,0.12159401,0.87840599
QQQ,3,0.32876064,0.67123936
QQQ,3,0.12201398,0.87798602
QQQ,3,0.14085542,0.85914458
QQQ,3,0.17077599,0.82922401
QQQ,3,0.25326335,0.74673665
QQQ,3,0.14762442,0.85237558
QQQ,3,0.16916676,0.83083324
QQQ,3,0.17985043,0.82014957
QQQ,3,0.14941196,0.85058804
QQQ,3,0.12211808,0.87788192
QQQ,3,0.13601010,0.86398990
QQQ,3,0.12703505,0.87296495
QQQ,3,0.28663212,0.71336788
QQQ,3,0.16495141,0.83504859
QQQ,3,0.13258703,0.86741297
QQQ,3,0.13203763,0.86796237
QQQ,3,0.22966479,0.77033521
QQQ,3,0.23581442,0.76418558
QQQ,3,0.12845904,0.87154096
QQQ,3,0.13962449,0.86037551
QQQ,3,0.20384907,0.79615093
QQQ,3,0.12204086,0.87795914
QQQ,3,0.55904191,0.44095809
QQQ,3,0.16874766,0.83125234
QQQ,3,0.13240946,0.86759054
QQQ,3,0.14388432,0.85611568
QQQ,3,0.12509133,0.87490867
QQQ,3,0.12172669,0.87827331
QQQ,3,0.12456255,0.87543745
QQQ,3,0.13419396,0.86580604
QQQ,3,0.12869326,0.87130674
QQQ,3,0.12532310,0.87467690
QQQ,3,0.12323503,0.87676497
QQQ,3,0.12308296,0.87691704
QQQ,3,0.22022956,0.77977044
QQQ,3,0.17820834,0.82179166
QQQ,3,0.12221329,0.87778671
QQQ,3,0.12858083,0.87141917
QQQ,3,0.12582168,0.87417832
QQQ,3,0.22670352,0.77329648
QQQ,3,0.14169004,0.85830996
QQQ,3,0.12698174,0.87301826
QQQ,3,0.12421985,0.87578015
QQQ,3,0.29482300,0.70517700
QQQ,3,0.99932098,0.00067902
QQQ,3,0.64797170,0.35202830
QQQ,3,0.48434400,0.51565600
QQQ,3,0.41069307,0.58930693
QQQ,3,0.26359358,0.73640642
QQQ,3,0.15104243,0.84895757
QQQ,3,0.13716878,0.86283122
QQQ,3,0.16638266,0.83361734
QQQ,3,0.12767214,0.87232786
QQQ,3,0.34974313,0.65025687
QQQ,3,0.15132698,0.84867302
QQQ,3,0.14503345,0.85496655
QQQ,3,0.12317768,0.87682232
QQQ,3,0.15287707,0.84712293
QQQ,3,0.12251405,0.87748595
QQQ,3,0.15094022,0.84905978
QQQ,3,0.12784870,0.87215130
QQQ,3,0.22528194,0.77471806
QQQ,3,0.12328844,0.87671156
QQQ,3,0.13384148,0.86615852
QQQ,3,0.12167758,0.87832242
QQQ,3,0.12258685,0.87741315
QQQ,3,0.15346763,0.84653237
QQQ,3,0.13086230,0.86913770
QQQ,3,0.12591680,0.87408320
QQQ,3,0.14147667,0.85852333
QQQ,3,0.15471497,0.84528503
QQQ,3,0.12743287,0.87256713
QQQ,3,0.12610218,0.87389782
QQQ,3,0.18840399,0.81159601
QQQ,3,0.12167793,0.87832207
QQQ,3,0.12599593,0.87400407
QQQ,3,0.12483207,0.87516793
QQQ,3,0.13231988,0.86768012
QQQ,3,0.12200213,0.87799787
QQQ,3,0.13360071,0.86639929
QQQ,3,0.13817451,0.86182549
QQQ,3,0.12324610,0.87675390
QQQ,3,0.12160626,0.87839374
QQQ,3,0.12162390,0.87837610
QQQ,3,0.12195408,0.87804592
QQQ,3,0.12353336,0.87646664
QQQ,3,0.14699891,0.85300109
QQQ,3,0.12371032,0.87628968
QQQ,3,0.12227849,0.87772151
QQQ,3,0.12254880,0.87745120
QQQ,3,0.12739757,0.87260243
QQQ,3,0.12233565,0.87766435
QQQ,3,0.12492272,0.87507728
QQQ,3,0.12805737,0.87194263
QQQ,3,0.14833974,0.85166026
QQQ,3,0.12234377,0.87765623
QQQ,3,0.14024179,0.85975821
QQQ,3,0.83353762,0.16646238
QQQ,3,0.35961868,0.64038132
QQQ,3,0.18032670,0.81967330
QQQ,3,0.13502591,0.86497409
QQQ,3,0.33905755,0.66094245
QQQ,3,0.12173355,0.87826645
QQQ,3,0.12930208,0.87069792
QQQ,3,0.12355605,0.87644395
QQQ,3,0.18714834,0.81285166
QQQ,3,0.17018832,0.82981168
QQQ,3,0.14001607,0.85998393
QQQ,3,0.16697968,0.83302032
QQQ,3,0.17940448,0.82059552
QQQ,3,0.12340862,0.87659138
QQQ,3,0.15142760,0.84857240
QQQ,3,0.15547092,0.84452908
QQQ,3,0.12260858,0.87739142
QQQ,3,0.12266808,0.87733192
QQQ,3,0.12885954,0.87114046
QQQ,3,0.12168117,0.87831883
QQQ,3,0.12411805,0.87588195
QQQ,3,0.14581736,0.85418264
QQQ,3,0.28986990,0.71013010
QQQ,3,0.12274893,0.87725107
QQQ,3,0.13225076,0.86774924
QQQ,3,0.12191205,0.87808795
QQQ,3,0.12636980,0.87363020
QQQ,3,0.17287923,0.82712077
QQQ,3,0.12164742,0.87835258
QQQ,3,0.12198195,0.87801805
QQQ,3,0.13016122,0.86983878
QQQ,3,0.23472653,0.76527347
QQQ,3,0.12481304,0.87518696
QQQ,3,0.14733641,0.85266359
QQQ,3,0.13645341,0.86354659
QQQ,3,0.15225540,0.84774460
QQQ,3,0.12310547,0.87689453
QQQ,3,0.16342336,0.83657664
QQQ,3,0.17150673,0.82849327
QQQ,3,0.20465421,0.79534579
QQQ,3,0.13418259,0.86581741
QQQ,3,0.69462932,0.30537068
QQQ,3,0.15867112,0.84132888
QQQ,3,0.14419071,0.85580929
QQQ,3,0.33324537,0.66675463
QQQ,3,0.12161199,0.87838801
QQQ,3,0.20728555,0.79271445
QQQ,3,0.25682786,0.74317214
QQQ,3,0.14604456,0.85395544
QQQ,3,0.16477481,0.83522519
QQQ,3,0.12639615,0.87360385
QQQ,3,0.20222455,0.79777545
QQQ,3,0.12911187,0.87088813
QQQ,3,0.12864086,0.87135914
QQQ,3,0.12790584,0.87209416
QQQ,3,0.12452317,0.87547683
QQQ,3,0.12851502,0.87148498
QQQ,3,0.23330396,0.76669604
QQQ,3,0.44557869,0.55442131
QQQ,3,0.12172263,0.87827737
QQQ,3,0.15176550,0.84823450
QQQ,3,0.12582545,0.87417455
QQQ,3,0.26037287,0.73962713
QQQ,3,0.12593560,0.87406440
QQQ,3,0.17053816,0.82946184
QQQ,3,0.13030223,0.86969777
QQQ,3,0.24847194,0.75152806
QQQ,3,0.12283141,0.87716859
QQQ,3,0.12387997,0.87612003
QQQ,3,0.12904695,0.87095305
QQQ,3,0.13078920,0.86921080
QQQ,3,0.13072443,0.86927557
QQQ,3,0.12167995,0.87832005
QQQ,3,0.12566667,0.87433333
QQQ,3,0.12175077,0.87824923
QQQ,3,0.13711507,0.86288493
QQQ,3,0.15845458,0.84154542
QQQ,3,0.12311446,0.87688554
QQQ,3,0.20491983,0.79508017
QQQ,3,0.16550938,0.83449062
QQQ,3,0.13975620,0.86024380
QQQ,3,0.14585047,0.85414953
QQQ,3,0.18333489,0.81666511
QQQ,3,0.13176500,0.86823500
QQQ,3,0.12648574,0.87351426
QQQ,3,0.12725106,0.87274894
QQQ,3,0.12249007,0.87750993
QQQ,3,0.12881228,0.87118772
QQQ,3,0.12637020,0.87362980
QQQ,3,0.12392785,0.87607215
QQQ,3,0.12171511,0.87828489
QQQ,3,0.12446983,0.87553017
QQQ,3,0.12210770,0.87789230
QQQ,3,0.15151474,0.84848526
QQQ,3,0.20064720,0.79935280
QQQ,3,0.12377433,0.87622567
QQQ,3,0.12536150,0.87463850
QQQ,3,0.15836320,0.84163680
QQQ,3,0.12482587,0.87517413
QQQ,3,0.14767101,0.85232899
QQQ,3,0.12186792,0.87813208
QQQ,3,0.12731342,0.87268658
QQQ,3,0.12275824,0.87724176
QQQ,3,0.13039734,0.86960266
QQQ,3,0.12385428,0.87614572
QQQ,3,0.13075019,0.86924981
QQQ,3,0.12949116,0.87050884
QQQ,3,0.14421292,0.85578708
QQQ,3,0.13059536,0.86940464
QQQ,3,0.14739941,0.85260059
QQQ,3,0.12163177,0.87836823
QQQ,3,0.13457857,0.86542143
QQQ,3,0.13841119,0.86158881
QQQ,3,0.12202219,0.87797781
QQQ,3,0.12865878,0.87134122
QQQ,3,0.12347246,0.87652754
QQQ,3,0.12238417,0.87761583
QQQ,3,0.12678866,0.87321134
QQQ,3,0.20631322,0.79368678
QQQ,3,0.13405392,0.86594608
QQQ,3,0.12394810,0.87605190
QQQ,3,0.12439637,0.87560363
QQQ,3,0.12347951,0.87652049
QQQ,3,0.12306090,0.87693910
QQQ,3,0.12192190,0.87807810
QQQ,3,0.13270957,0.86729043
QQQ,3,0.12386911,0.87613089
QQQ,3,0.12425329,0.87574671
QQQ,3,0.14529210,0.85470790
QQQ,3,0.12169304,0.87830696
QQQ,3,0.12160197,0.87839803
QQQ,3,0.12211377,0.87788623
QQQ,3,0.32080390,0.67919610
QQQ,3,0.14174372,0.85825628
QQQ,3,0.12635992,0.87364008
QQQ,3,0.12395504,0.87604496
QQQ,3,0.12328010,0.87671990
QQQ,3,0.14610680,0.85389320
QQQ,3,0.13734677,0.86265323
QQQ,3,0.12451538,0.87548462
QQQ,3,0.12163685,0.87836315
QQQ,3,0.12173548,0.87826452
QQQ,3,0.12298057,0.87701943
QQQ,3,0.13133493,0.86866507
QQQ,3,0.12166711,0.87833289
QQQ,3,0.12184959,0.87815041
QQQ,3,0.12164817,0.87835183
QQQ,3,0.13284959,0.86715041
QQQ,3,0.13261067,0.86738933
QQQ,3,0.13331314,0.86668686
QQQ,3,0.16116557,0.83883443
QQQ,3,0.12256664,0.87743336
QQQ,3,0.12356426,0.87643574
QQQ,3,0.16970101,0.83029899
QQQ,3,0.12164411,0.87835589
QQQ,3,0.24178949,0.75821051
QQQ,3,0.16384924,0.83615076
QQQ,3,0.12170320,0.87829680
QQQ,3,0.14753836,0.85246164
QQQ,3,0.12429152,0.87570848
QQQ,3,0.18005460,0.81994540
QQQ,3,0.12483100,0.87516900
QQQ,3,0.12579531,0.87420469
QQQ,3,0.12167827,0.87832173
QQQ,3,0.12903950,0.87096050
QQQ,3,0.12485244,0.87514756
QQQ,3,0.13010609,0.86989391
QQQ,3,0.12209482,0.87790518
QQQ,3,0.12177872,0.87822128
QQQ,3,0.12461448,0.87538552
QQQ,3,0.12792710,0.87207290
QQQ,3,0.13347916,0.86652084
QQQ,3,0.81892684,0.18107316
QQQ,3,0.15789690,0.84210310
QQQ,3,0.12920091,0.87079909
QQQ,3,0.17211456,0.82788544
QQQ,3,0.12350033,0.87649967
QQQ,3,0.13749246,0.86250754
QQQ,3,0.17266780,0.82733220
QQQ,3,0.12583618,0.87416382
QQQ,3,0.12275647,0.87724353
QQQ,3,0.12159606,0.87840394
QQQ,3,0.13085328,0.86914672
QQQ,3,0.22273197,0.77726803
QQQ,3,0.12181110,0.87818890
QQQ,3,0.12849381,0.87150619
QQQ,3,0.13040561,0.86959439
QQQ,3,0.12226948,0.87773052
QQQ,3,0.81073235,0.18926765
QQQ,3,0.15025573,0.84974427
QQQ,3,0.14931006,0.85068994
QQQ,3,0.13389480,0.86610520
QQQ,3,0.13325624,0.86674376
QQQ,3,0.13490702,0.86509298
QQQ,3,0.35987170,0.64012830
QQQ,3,0.15480973,0.84519027
QQQ,3,0.19436214,0.80563786
QQQ,3,0.12160461,0.87839539
QQQ,3,0.13198972,0.86801028
QQQ,3,0.13292307,0.86707693
QQQ,3,0.46533426,0.53466574
QQQ,3,0.26024742,0.73975258
QQQ,3,0.42720232,0.57279768
QQQ,3,0.12162320,0.87837680
QQQ,3,0.21435937,0.78564063
QQQ,3,0.17617425,0.82382575
QQQ,3,0.17669117,0.82330883
QQQ,3,0.20146611,0.79853389
QQQ,3,0.15148623,0.84851377
QQQ,3,0.12909068,0.87090932
QQQ,3,0.24227621,0.75772379
QQQ,3,0.12727772,0.87272228
QQQ,3,0.17082774,0.82917226
QQQ,3,0.12244857,0.87755143
QQQ,3,0.15382935,0.84617065
QQQ,3,0.14714168,0.85285832
QQQ,3,0.12386195,0.87613805
QQQ,3,0.12159147,0.87840853
QQQ,3,0.13494796,0.86505204
QQQ,3,0.12468844,0.87531156
QQQ,3,0.12809142,0.87190858
QQQ,3,0.14544334,0.85455666
QQQ,3,0.12226914,0.87773086
QQQ,3,0.13408427,0.86591573
QQQ,3,0.12376440,0.87623560
QQQ,3,0.12567477,0.87432523
QQQ,3,0.12974511,0.87025489
QQQ,3,0.12337550,0.87662450
QQQ,3,0.14634889,0.85365111
QQQ,3,0.12299111,0.87700889
QQQ,3,0.12206163,0.87793837
QQQ,3,0.64301788,0.35698212
QQQ,3,0.14604063,0.85395937
QQQ,3,0.23708348,0.76291652
QQQ,3,0.12283987,0.87716013
QQQ,3,0.12520255,0.87479745
QQQ,3,0.56704295,0.43295705
QQQ,3,0.12347879,0.87652121
QQQ,3,0.12456625,0.87543375
QQQ,3,0.30997988,0.69002012
QQQ,3,0.12612137,0.87387863
QQQ,3,0.12516100,0.87483900
QQQ,3,0.12449615,0.87550385
QQQ,3,0.12616120,0.87383880
QQQ,3,0.13098666,0.86901334
QQQ,3,0.23277431,0.76722569
QQQ,3,0.22227558,0.77772442
QQQ,3,0.12160559,0.87839441
QQQ,3,0.16912009,0.83087991
QQQ,3,0.12560427,0.87439573
QQQ,3,0.12410775,0.87589225
QQQ,3,0.17079765,0.82920235
QQQ,3,0.21279502,0.78720498
QQQ,3,0.12581677,0.87418323
QQQ,3,0.12372573,0.87627427
QQQ,3,0.14051243,0.85948757
QQQ,3,0.12762122,0.87237878
QQQ,3,0.12267909,0.87732091
QQQ,3,0.12330884,0.87669116
QQQ,3,0.12692414,0.87307586
QQQ,3,0.14619387,0.85380613
QQQ,3,0.12279888,0.87720112
QQQ,3,0.21025889,0.78974111
QQQ,3,0.12358626,0.87641374
QQQ,3,0.17153882,0.82846118
QQQ,3,0.12160139,0.87839861
QQQ,3,0.15938660,0.84061340
QQQ,3,0.12276114,0.87723886
QQQ,3,0.12528559,0.87471441
QQQ,3,0.12246579,0.87753421
QQQ,3,0.19094477,0.80905523
QQQ,3,0.12390245,0.87609755
QQQ,3,0.12180475,0.87819525
QQQ,3,0.12204510,0.87795490
QQQ,3,0.12685559,0.87314441
QQQ,3,0.12315491,0.87684509
QQQ,3,0.13067089,0.86932911
QQQ,3,0.12935618,0.87064382
QQQ,3,0.12313078,0.87686922
QQQ,3,0.12208271,0.87791729
QQQ,3,0.12958494,0.87041506
QQQ,3,0.12509821,0.87490179
QQQ,3,0.14902023,0.85097977
QQQ,3,0.12271369,0.87728631
QQQ,3,0.13098607,0.86901393
QQQ,3,0.12856471,0.87143529
QQQ,3,0.91642184,0.08357816
QQQ,3,0.12968048,0.87031952
QQQ,3,0.13798517,0.86201483
QQQ,3,0.12168681,0.87831319
QQQ,3,0.12331742,0.87668258
QQQ,3,0.18434976,0.81565024
QQQ,3,0.13040892,0.86959108
QQQ,3,0.12242422,0.87757578
QQQ,3,0.13300736,0.86699264
QQQ,3,0.13653747,0.86346253
QQQ,3,0.12160775,0.87839225
QQQ,3,0.12222627,0.87777373
QQQ,3,0.12955451,0.87044549
QQQ,3,0.13596524,0.86403476
QQQ,3,0.23888601,0.76111399
QQQ,3,0.12833944,0.87166056
QQQ,3,0.12172208,0.87827792
QQQ,3,0.20607009,0.79392991
QQQ,3,0.12337185,0.87662815
QQQ,3,0.13228371,0.86771629
QQQ,3,0.12159140,0.87840860
QQQ,3,0.12594789,0.87405211
QQQ,3,0.41792226,0.58207774
QQQ,3,0.15769826,0.84230174
QQQ,3,0.13422458,0.86577542
QQQ,3,0.22544691,0.77455309
QQQ,3,0.12159523,0.87840477
QQQ,3,0.13089156,0.86910844
QQQ,3,0.12888654,0.87111346
QQQ,3,0.13571145,0.86428855
QQQ,3,0.16629565,0.83370435
QQQ,3,0.12183788,0.87816212
QQQ,3,0.12461634,0.87538366
QQQ,3,0.12176427,0.87823573
QQQ,3,0.21731228,0.78268772
QQQ,3,0.17677644,0.82322356
QQQ,3,0.13653441,0.86346559
QQQ,3,0.12202629,0.87797371
QQQ,3,0.12159578,0.87840422
QQQ,3,0.12253281,0.87746719
QQQ,3,0.14019172,0.85980828
QQQ,3,0.12162258,0.87837742
QQQ,3,0.12211694,0.87788306
QQQ,3,0.14580236,0.85419764
QQQ,3,0.40292645,0.59707355
QQQ,3,0.19924877,0.80075123
QQQ,3,0.12698249,0.87301751
QQQ,3,0.20676604,0.79323396
QQQ,3,0.13485418,0.86514582
QQQ,3,0.12193923,0.87806077
QQQ,3,0.12395681,0.87604319
QQQ,3,0.15055283,0.84944717
QQQ,3,0.15930112,0.84069888
QQQ,3,0.12432110,0.87567890
QQQ,3,0.21096932,0.78903068
QQQ,3,0.12193281,0.87806719
QQQ,3,0.12931183,0.87068817
QQQ,3,0.21050854,0.78949146
QQQ,3,0.17676546,0.82323454
QQQ,3,0.14024648,0.85975352
QQQ,3,0.12161215,0.87838785
QQQ,3,0.31980251,0.68019749
QQQ,3,0.13173081,0.86826919
QQQ,3,0.16196673,0.83803327
QQQ,3,0.12958678,0.87041322
QQQ,3,0.17349148,0.82650852
QQQ,3,0.57901206,0.42098794
QQQ,3,0.99943213,0.00056787
QQQ,3,0.69930836,0.30069164
QQQ,3,0.27706993,0.72293007
QQQ,3,0.99971631,0.00028369
QQQ,3,0.30015761,0.69984239
QQQ,3,0.37242443,0.62757557
QQQ,3,0.14678416,0.85321584
QQQ,3,0.54388632,0.45611368
QQQ,3,0.54584006,0.45415994
QQQ,3,0.12522105,0.87477895
QQQ,3,0.12644465,0.87355535
QQQ,3,0.12580458,0.87419542
QQQ,3,0.12162898,0.87837102
QQQ,3,0.55571556,0.44428444
QQQ,3,0.29537067,0.70462933
QQQ,3,0.20619835,0.79380165
QQQ,3,0.14607315,0.85392685
QQQ,3,0.40923910,0.59076090
QQQ,3,0.16057120,0.83942880
QQQ,3,0.20468813,0.79531187
QQQ,3,0.13710496,0.86289504
QQQ,3,0.12765121,0.87234879
QQQ,3,0.14389395,0.85610605
QQQ,3,0.53380951,0.46619049
QQQ,3,0.15001118,0.84998882
QQQ,3,0.24261164,0.75738836
QQQ,3,0.12169964,0.87830036
QQQ,3,0.12280889,0.87719111
QQQ,3,0.12779049,0.87220951
QQQ,3,0.64564968,0.35435032
QQQ,3,0.12370417,0.87629583
QQQ,3,0.13832880,0.86167120
QQQ,3,0.82153583,0.17846417
QQQ,3,0.91442238,0.08557762
QQQ,3,0.98525334,0.01474666
QQQ,3,0.97655781,0.02344219
QQQ,3,0.23553853,0.76446147
QQQ,3,0.37714027,0.62285973
QQQ,3,0.93526304,0.06473696
QQQ,3,0.19576861,0.80423139
QQQ,3,0.32628618,0.67371382
QQQ,3,0.14986551,0.85013449
QQQ,3,0.76563126,0.23436874
QQQ,3,0.14439717,0.85560283
QQQ,3,0.60974505,0.39025495
QQQ,3,0.13428930,0.86571070
QQQ,3,0.25094573,0.74905427
QQQ,3,0.13361686,0.86638314
QQQ,3,0.16117357,0.83882643
QQQ,3,0.63902609,0.36097391
QQQ,3,0.12905238,0.87094762
QQQ,3,0.16404038,0.83595962
QQQ,3,0.36040779,0.63959221
QQQ,3,0.13041675,0.86958325
QQQ,3,0.68060323,0.31939677
QQQ,3,0.12167239,0.87832761
QQQ,3,0.54152756,0.45847244
QQQ,3,0.12299792,0.87700208
QQQ,3,0.14485154,0.85514846
QQQ,3,0.21670161,0.78329839
QQQ,3,0.14089728,0.85910272
QQQ,3,0.12159174,0.87840826
QQQ,3,0.47935279,0.52064721
QQQ,3,0.18065305,0.81934695
QQQ,3,0.12165187,0.87834813
QQQ,3,0.21981152,0.78018848
QQQ,3,0.21083292,0.78916708
QQQ,3,0.12160172,0.87839828
QQQ,3,0.12467490,0.87532510
QQQ,3,0.20946260,0.79053740
QQQ,3,0.14422653,0.85577347
QQQ,3,0.13104041,0.86895959
QQQ,3,0.13855001,0.86144999
QQQ,3,0.13828466,0.86171534
QQQ,3,0.12255149,0.87744851
QQQ,3,0.17032664,0.82967336
QQQ,3,0.12161563,0.87838437
QQQ,3,0.12266508,0.87733492
QQQ,3,0.13253612,0.86746388
QQQ,3,0.15225645,0.84774355
QQQ,3,0.12169859,0.87830141
QQQ,3,0.34975335,0.65024665
QQQ,3,0.19165211,0.80834789
QQQ,3,0.13285734,0.86714266
QQQ,3,0.14955050,0.85044950
QQQ,3,0.15879396,0.84120604
QQQ,3,0.12159611,0.87840389
QQQ,3,0.12496605,0.87503395
QQQ,3,0.13874013,0.86125987
QQQ,3,0.12167014,0.87832986
QQQ,3,0.19856229,0.80143771
QQQ,3,0.12637538,0.87362462
QQQ,3,0.12164574,0.87835426
QQQ,3,0.12650827,0.87349173
QQQ,3,0.15141464,0.84858536
QQQ,3,0.16958854,0.83041146
QQQ,3,0.12506439,0.87493561
QQQ,3,0.72124130,0.27875870
QQQ,3,0.12539547,0.87460453
QQQ,3,0.30424680,0.69575320
QQQ,3,0.15973099,0.84026901
QQQ,3,0.12554877,0.87445123
QQQ,3,0.15330343,0.84669657
QQQ,3,0.21098488,0.78901512
QQQ,3,0.23277012,0.76722988
QQQ,3,0.34537822,0.65462178
QQQ,3,0.19665322,0.80334678
QQQ,3,0.12428064,0.87571936
QQQ,3,0.13330653,0.86669347
QQQ,3,0.39755660,0.60244340
QQQ,3,0.12305702,0.87694298
QQQ,3,0.12313501,0.87686499
QQQ,3,0.14582625,0.85417375
QQQ,3,0.12316103,0.87683897
QQQ,3,0.13606210,0.86393790
QQQ,3,0.12174198,0.87825802
QQQ,3,0.12657465,0.87342535
QQQ,3,0.13225923,0.86774077
QQQ,3,0.29462124,0.70537876
QQQ,3,0.29386740,0.70613260
QQQ,3,0.27889683,0.72110317
QQQ,3,0.33862853,0.66137147
QQQ,3,0.13680122,0.86319878
QQQ,3,0.13259367,0.86740633
QQQ,3,0.28302844,0.71697156
QQQ,3,0.13193651,0.86806349
QQQ,3,0.15051575,0.84948425
QQQ,3,0.13278795,0.86721205
QQQ,3,0.12334829,0.87665171
QQQ,3,0.12163687,0.87836313
QQQ,3,0.15921340,0.84078660
QQQ,3,0.12300560,0.87699440
QQQ,3,0.14262835,0.85737165
QQQ,3,0.23502006,0.76497994
QQQ,3,0.12640882,0.87359118
QQQ,3,0.12159410,0.87840590
QQQ,3,0.12206405,0.87793595
QQQ,3,0.12963683,0.87036317
QQQ,3,0.13140568,0.86859432
QQQ,3,0.12224145,0.87775855
QQQ,3,0.18279616,0.81720384
QQQ,3,0.20418105,0.79581895
QQQ,3,0.12512582,0.87487418
QQQ,3,0.23610710,0.76389290
QQQ,3,0.12205937,0.87794063
QQQ,3,0.12336051,0.87663949
QQQ,3,0.13187817,0.86812183
QQQ,3,0.26311731,0.73688269
QQQ,3,0.19082241,0.80917759
QQQ,3,0.13710280,0.86289720
QQQ,3,0.12536969,0.87463031
QQQ,3,0.15878748,0.84121252
QQQ,3,0.12501145,0.87498855
QQQ,3,0.20803646,0.79196354
QQQ,3,0.12483055,0.87516945
QQQ,3,0.29343117,0.70656883
QQQ,3,0.15736582,0.84263418
QQQ,3,0.12218803,0.87781197
QQQ,3,0.21329051,0.78670949
QQQ,3,0.13542279,0.86457721
QQQ,3,0.12677922,0.87322078
QQQ,3,0.12276727,0.87723273
QQQ,3,0.12199455,0.87800545
QQQ,3,0.17105067,0.82894933
QQQ,3,0.12165014,0.87834986
QQQ,3,0.12506889,0.87493111
QQQ,3,0.12400053,0.87599947
QQQ,3,0.12221857,0.87778143
QQQ,3,0.51661663,0.48338337
QQQ,3,0.26830868,0.73169132
QQQ,3,0.16054805,0.83945195
QQQ,3,0.12400191,0.87599809
QQQ,3,0.99989329,0.00010671
QQQ,3,0.31926995,0.68073005
QQQ,3,0.79132163,0.20867837
QQQ,3,0.22866969,0.77133031
QQQ,3,0.93182658,0.06817342
QQQ,3,0.12362152,0.87637848
QQQ,3,0.67192264,0.32807736
QQQ,3,0.12354953,0.87645047
QQQ,3,0.13113629,0.86886371
QQQ,3,0.13010874,0.86989126
QQQ,3,0.99995153,0.00004847
QQQ,3,0.96515653,0.03484347
QQQ,3,0.85737038,0.14262962
QQQ,3,0.62362879,0.37637121
QQQ,3,0.30033724,0.69966276
QQQ,3,0.70082223,0.29917777
QQQ,3,0.31584818,0.68415182
QQQ,3,0.27519983,0.72480017
QQQ,3,0.12506696,0.87493304
QQQ,3,0.15166915,0.84833085
QQQ,3,0.96206075,0.03793925
QQQ,3,0.13283041,0.86716959
QQQ,3,0.34992658,0.65007342
QQQ,3,0.96857226,0.03142774
QQQ,3,0.12348143,0.87651857
QQQ,3,0.18109374,0.81890626
QQQ,3,0.37777062,0.62222938
QQQ,3,0.12644831,0.87355169
QQQ,3,0.97738941,0.02261059
QQQ,3,0.54090305,0.45909695
QQQ,3,0.13655266,0.86344734
QQQ,3,0.16561408,0.83438592
QQQ,3,0.68541218,0.31458782
QQQ,3,0.13354446,0.86645554
QQQ,3,0.97968053,0.02031947
QQQ,3,0.12213469,0.87786531
QQQ,3,0.17096221,0.82903779
QQQ,3,0.44797221,0.55202779
QQQ,3,0.99696904,0.00303096
QQQ,3,0.14181797,0.85818203
QQQ,3,0.98982913,0.01017087
QQQ,3,0.16701950,0.83298050
QQQ,3,0.12508525,0.87491475
QQQ,3,0.17620011,0.82379989
QQQ,3,0.12230561,0.87769439
QQQ,3,0.76801322,0.23198678
QQQ,3,0.76854762,0.23145238
QQQ,3,0.13028855,0.86971145
QQQ,3,0.84206567,0.15793433
QQQ,3,0.35981155,0.64018845
QQQ,3,0.98331242,0.01668758
QQQ,3,0.90607998,0.09392002
QQQ,3,0.99999988,0.00000012
QQQ,3,0.14171897,0.85828103
QQQ,3,0.12431237,0.87568763
QQQ,3,0.18317341,0.81682659
QQQ,3,0.13396324,0.86603676
QQQ,3,0.97802448,0.02197552
QQQ,3,0.99893658,0.00106342
QQQ,3,0.25051445,0.74948555
QQQ,3,0.21382928,0.78617072
QQQ,3,0.18892566,0.81107434
QQQ,3,0.13074704,0.86925296
QQQ,3,0.12688383,0.87311617
QQQ,3,0.17458214,0.82541786
QQQ,3,0.48053182,0.51946818
QQQ,3,0.12171076,0.87828924
QQQ,3,0.17159325,0.82840675
QQQ,3,0.20255230,0.79744770
QQQ,3,0.51176775,0.48823225
QQQ,3,0.12188538,0.87811462
QQQ,3,0.14194715,0.85805285
QQQ,3,0.23263003,0.76736997
QQQ,3,0.21963756,0.78036244
QQQ,3,0.18510641,0.81489359
QQQ,3,0.76771219,0.23228781
QQQ,3,0.34443919,0.65556081
QQQ,3,0.12482828,0.87517172
QQQ,3,0.26173751,0.73826249
QQQ,3,0.18483817,0.81516183
QQQ,3,0.12385825,0.87614175
QQQ,3,0.26015997,0.73984003
QQQ,3,0.12239457,0.87760543
QQQ,3,0.12292094,0.87707906
QQQ,3,0.30310202,0.69689798
QQQ,3,0.12294679,0.87705321
QQQ,3,0.12378548,0.87621452
QQQ,3,0.13390127,0.86609873
QQQ,3,0.12464600,0.87535400
QQQ,3,0.12160442,0.87839558
QQQ,3,0.12896862,0.87103138
QQQ,3,0.15483458,0.84516542
QQQ,3,0.13062448,0.86937552
QQQ,3,0.12296437,0.87703563
QQQ,3,0.12164247,0.87835753
QQQ,3,0.12453749,0.87546251
QQQ,3,0.15066875,0.84933125
QQQ,3,0.12170857,0.87829143
QQQ,3,0.12222342,0.87777658
QQQ,3,0.14052554,0.85947446
QQQ,3,0.24782899,0.75217101
QQQ,3,0.12519731,0.87480269
QQQ,3,0.54002476,0.45997524
QQQ,3,0.14747377,0.85252623
QQQ,3,0.17321046,0.82678954
QQQ,3,0.12188784,0.87811216
QQQ,3,0.18540658,0.81459342
QQQ,3,0.12668873,0.87331127
QQQ,3,0.13068600,0.86931400
QQQ,3,0.13324238,0.86675762
QQQ,3,0.35444918,0.64555082
QQQ,3,0.60780844,0.39219156
QQQ,3,0.12495900,0.87504100
QQQ,3,0.12988345,0.87011655
QQQ,3,0.14909819,0.85090181
QQQ,3,0.12422878,0.87577122
QQQ,3,0.15753048,0.84246952
QQQ,3,0.27445651,0.72554349
QQQ,3,0.13634681,0.86365319
QQQ,3,0.14982927,0.85017073
QQQ,3,0.12164798,0.87835202
QQQ,3,0.13995487,0.86004513
QQQ,3,0.12656140,0.87343860
QQQ,3,0.12741637,0.87258363
QQQ,3,0.13915342,0.86084658
QQQ,3,0.12441697,0.87558303
QQQ,3,0.13314856,0.86685144
QQQ,3,0.12167255,0.87832745
QQQ,3,0.12937041,0.87062959
QQQ,3,0.12996697,0.87003303
QQQ,3,0.12316533,0.87683467
QQQ,3,0.12731244,0.87268756
QQQ,3,0.25495894,0.74504106
QQQ,3,0.12465288,0.87534712
QQQ,3,0.13383383,0.86616617
QQQ,3,0.12237328,0.87762672
QQQ,3,0.12425431,0.87574569
QQQ,3,0.15889529,0.84110471
QQQ,3,0.12915777,0.87084223
QQQ,3,0.13602184,0.86397816
QQQ,3,0.33086410,0.66913590
QQQ,3,0.14015502,0.85984498
QQQ,3,0.51396347,0.48603653
QQQ,3,0.12979512,0.87020488
QQQ,3,0.14872649,0.85127351
QQQ,3,0.12175583,0.87824417
QQQ,3,0.99246784,0.00753216
QQQ,3,0.17515530,0.82484470
QQQ,3,0.25798694,0.74201306
QQQ,3,0.20682259,0.79317741
QQQ,3,0.17533848,0.82466152
QQQ,3,0.39694111,0.60305889
QQQ,3,0.17812973,0.82187027
QQQ,3,0.13567747,0.86432253
QQQ,3,0.33558560,0.66441440
QQQ,3,0.12280579,0.87719421
QQQ,3,0.13429098,0.86570902
QQQ,3,0.17303204,0.82696796
QQQ,3,0.12905025,0.87094975
QQQ,3,0.36871011,0.63128989
QQQ,3,0.71554366,0.28445634
QQQ,3,0.83748056,0.16251944
QQQ,3,0.16062254,0.83937746
QQQ,3,0.18139766,0.81860234
QQQ,3,0.56628617,0.43371383
QQQ,3,0.26166233,0.73833767
QQQ,3,0.12702585,0.87297415
QQQ,3,0.13623026,0.86376974
QQQ,3,0.14253532,0.85746468
QQQ,3,0.13206597,0.86793403
QQQ,3,0.14368253,0.85631747
QQQ,3,0.30775057,0.69224943
QQQ,3,0.13554463,0.86445537
QQQ,3,0.19637415,0.80362585
QQQ,3,0.12178037,0.87821963
QQQ,3,0.12169795,0.87830205
QQQ,3,0.41057007,0.58942993
QQQ,3,0.12944264,0.87055736
QQQ,3,0.12794409,0.87205591
QQQ,3,0.12284892,0.87715108
QQQ,3,0.27794892,0.72205108
QQQ,3,0.13582339,0.86417661
QQQ,3,0.16836757,0.83163243
QQQ,3,0.12247482,0.87752518
QQQ,3,0.15057335,0.84942665
QQQ,3,0.13444598,0.86555402
QQQ,3,0.18982536,0.81017464
QQQ,3,0.12159153,0.87840847
QQQ,3,0.14608327,0.85391673
QQQ,3,0.12947533,0.87052467
QQQ,3,0.13513849,0.86486151
QQQ,3,0.13681280,0.86318720
QQQ,3,0.12185013,0.87814987
QQQ,3,0.15919106,0.84080894
QQQ,3,0.15803186,0.84196814
QQQ,3,0.14965946,0.85034054
QQQ,3,0.15958156,0.84041844
QQQ,3,0.17282520,0.82717480
QQQ,3,0.19443501,0.80556499
QQQ,3,0.12763242,0.87236758
QQQ,3,0.13211048,0.86788952
QQQ,3,0.29223491,0.70776509
QQQ,3,0.14431401,0.85568599
QQQ,3,0.35063005,0.64936995
QQQ,3,0.99617005,0.00382995
QQQ,3,0.21241904,0.78758096
QQQ,3,0.13268397,0.86731603
QQQ,3,0.65540227,0.34459773
QQQ,3,0.16109358,0.83890642
QQQ,3,0.21078039,0.78921961
QQQ,3,0.59694496,0.40305504
QQQ,3,0.94468758,0.05531242
QQQ,3,0.12402838,0.87597162
QQQ,3,0.31118642,0.68881358
QQQ,3,0.36523392,0.63476608
QQQ,3,0.14530040,0.85469960
QQQ,3,0.18218741,0.81781259
QQQ,3,0.12644236,0.87355764
QQQ,3,0.97337882,0.02662118
QQQ,3,0.26093753,0.73906247
QQQ,3,0.12621455,0.87378545
QQQ,3,0.12968663,0.87031337
QQQ,3,0.33780024,0.66219976
QQQ,3,0.12272338,0.87727662
QQQ,3,0.17882429,0.82117571
QQQ,3,0.28278648,0.71721352
QQQ,3,0.46953229,0.53046771
QQQ,3,0.12178143,0.87821857
QQQ,3,0.12228605,0.87771395
QQQ,3,0.12615782,0.87384218
QQQ,3,0.17788735,0.82211265
QQQ,3,0.13393972,0.86606028
QQQ,3,0.12671753,0.87328247
QQQ,3,0.13301553,0.86698447
QQQ,3,0.13341868,0.86658132
QQQ,3,0.12168484,0.87831516
QQQ,3,0.12347283,0.87652717
QQQ,3,0.20104309,0.79895691
QQQ,3,0.12159640,0.87840360
QQQ,3,0.28075073,0.71924927
QQQ,3,0.19699733,0.80300267
QQQ,3,0.12961418,0.87038582
QQQ,3,0.24116986,0.75883014
QQQ,3,0.17338900,0.82661100
QQQ,3,0.16731396,0.83268604
QQQ,3,0.42450228,0.57549772
QQQ,3,0.18716349,0.81283651
QQQ,3,0.29641592,0.70358408
QQQ,3,0.12377000,0.87623000
QQQ,3,0.30008881,0.69991119
QQQ,3,0.17580029,0.82419971
QQQ,3,0.15841189,0.84158811
QQQ,3,0.27056162,0.72943838
QQQ,3,0.12232946,0.87767054
QQQ,3,0.26674671,0.73325329
QQQ,3,0.12304806,0.87695194
QQQ,3,0.12721600,0.87278400
QQQ,3,0.18337574,0.81662426
QQQ,3,0.16833396,0.83166604
QQQ,3,0.16269391,0.83730609
QQQ,3,0.12336079,0.87663921
QQQ,3,0.18506317,0.81493683
QQQ,3,0.16984117,0.83015883
QQQ,3,0.20590456,0.79409544
QQQ,3,0.15014233,0.84985767
QQQ,3,0.13661273,0.86338727
QQQ,3,0.12174381,0.87825619
QQQ,3,0.17950349,0.82049651
QQQ,3,0.15081342,0.84918658
QQQ,3,0.12262066,0.87737934
QQQ,3,0.12348398,0.87651602
QQQ,3,0.12819047,0.87180953
QQQ,3,0.13157160,0.86842840
QQQ,3,0.12216244,0.87783756
QQQ,3,0.12705203,0.87294797
QQQ,3,0.12168761,0.87831239
QQQ,3,0.12184787,0.87815213
QQQ,3,0.15633461,0.84366539
QQQ,3,0.12239162,0.87760838
QQQ,3,0.12359243,0.87640757
QQQ,3,0.14241381,0.85758619
QQQ,3,0.12524074,0.87475926
QQQ,3,0.12162967,0.87837033
QQQ,3,0.22367452,0.77632548
QQQ,3,0.12550049,0.87449951
QQQ,3,0.15960939,0.84039061
QQQ,3,0.13076730,0.86923270
QQQ,3,0.19587270,0.80412730
QQQ,3,0.17091782,0.82908218
QQQ,3,0.13146298,0.86853702
QQQ,3,0.12337348,0.87662652
QQQ,3,0.20833347,0.79166653
QQQ,3,0.13009562,0.86990438
QQQ,3,0.12177893,0.87822107
QQQ,3,0.13801614,0.86198386
QQQ,3,0.15963406,0.84036594
QQQ,3,0.13091825,0.86908175
QQQ,3,0.20307091,0.79692909
QQQ,3,0.12274084,0.87725916
QQQ,3,0.12258917,0.87741083
QQQ,3,0.14783393,0.85216607
QQQ,3,0.13340323,0.86659677
QQQ,3,0.12752818,0.87247182
QQQ,3,0.12211270,0.87788730
QQQ,3,0.17683807,0.82316193
QQQ,3,0.12163578,0.87836422
QQQ,3,0.14576500,0.85423500
QQQ,3,0.12307529,0.87692471
QQQ,3,0.37147695,0.62852305
QQQ,3,0.16705721,0.83294279
QQQ,3,0.15007675,0.84992325
QQQ,3,0.12159191,0.87840809
QQQ,3,0.15977145,0.84022855
QQQ,3,0.17621865,0.82378135
QQQ,3,0.12334068,0.87665932
QQQ,3,0.22831072,0.77168928
QQQ,3,0.12799795,0.87200205
QQQ,3,0.12186007,0.87813993
QQQ,3,0.18500643,0.81499357
QQQ,3,0.13985307,0.86014693
QQQ,3,0.12163805,0.87836195
QQQ,3,0.12684210,0.87315790
QQQ,3,0.12850913,0.87149087
QQQ,3,0.16567212,0.83432788
QQQ,3,0.61204679,0.38795321
QQQ,3,0.27735052,0.72264948
QQQ,3,0.12273398,0.87726602
QQQ,3,0.13146062,0.86853938
QQQ,3,0.33736132,0.66263868
QQQ,3,0.29500238,0.70499762
QQQ,3,0.69941868,0.30058132
QQQ,3,0.13719189,0.86280811
QQQ,3,0.19335042,0.80664958
QQQ,3,0.12820258,0.87179742
QQQ,3,0.23737765,0.76262235
QQQ,3,0.12194685,0.87805315
QQQ,3,0.19587192,0.80412808
QQQ,3,0.12176359,0.87823641
QQQ,3,0.12781443,0.87218557
QQQ,3,0.12181965,0.87818035
QQQ,3,0.18710957,0.81289043
QQQ,3,0.17303631,0.82696369
QQQ,3,0.52084595,0.47915405
QQQ,3,0.99911860,0.00088140
QQQ,3,0.96057599,0.03942401
QQQ,3,0.12281926,0.87718074
QQQ,3,0.99999822,0.00000178
QQQ,3,0.12474367,0.87525633
QQQ,3,0.99997401,0.00002599
QQQ,3,0.95477669,0.04522331
QQQ,3,0.99933616,0.00066384
QQQ,3,0.93626730,0.06373270
QQQ,3,0.41507532,0.58492468
QQQ,3,1.00000000,0.00000000
QQQ,3,0.99996839,0.00003161
QQQ,3,0.99988500,0.00011500
QQQ,3,1.00000000,0.00000000
QQQ,3,1.00000000,0.00000000
QQQ,3,1.00000000,0.00000000
QQQ,3,1.00000000,0.00000000
QQQ,3,0.96780964,0.03219036
QQQ,3,0.14230986,0.85769014
QQQ,3,0.99878672,0.00121328
QQQ,3,0.12334594,0.87665406
QQQ,3,1.00000000,0.00000000
QQQ,3,0.12982446,0.87017554
QQQ,3,0.99999924,0.00000076
QQQ,3,0.96623033,0.03376967
QQQ,3,0.99372779,0.00627221
QQQ,3,0.15731982,0.84268018
QQQ,3,0.99964708,0.00035292
QQQ,3,0.43278039,0.56721961
QQQ,3,0.33020807,0.66979193
QQQ,3,1.00000000,0.00000000
QQQ,3,0.12752266,0.87247734
QQQ,3,0.75950616,0.24049384
QQQ,3,0.12943028,0.87056972
QQQ,3,0.22774679,0.77225321
QQQ,3,0.99975813,0.00024187
QQQ,3,0.17114816,0.82885184
QQQ,3,0.52483880,0.47516120
QQQ,3,0.20369284,0.79630716
QQQ,3,0.20487514,0.79512486
QQQ,3,0.99663180,0.00336820
QQQ,3,0.86847907,0.13152093
QQQ,3,0.12493788,0.87506212
QQQ,3,0.37126201,0.62873799
QQQ,3,0.18022982,0.81977018
QQQ,3,0.43896565,0.56103435
QQQ,3,0.98827811,0.01172189
QQQ,3,0.12197305,0.87802695
QQQ,3,0.88696199,0.11303801
QQQ,3,0.20015199,0.79984801
QQQ,3,0.20303826,0.79696174
QQQ,3,0.15209078,0.84790922
QQQ,3,0.28142539,0.71857461
QQQ,3,0.31237317,0.68762683
QQQ,3,0.19872214,0.80127786
QQQ,3,0.53953845,0.46046155
QQQ,3,0.26265392,0.73734608
QQQ,3,0.18767133,0.81232867
QQQ,3,0.14589560,0.85410440
QQQ,3,0.50480811,0.49519189
QQQ,3,0.12215983,0.87784017
QQQ,3,0.58011649,0.41988351
QQQ,3,0.18700238,0.81299762
QQQ,3,0.12977891,0.87022109
QQQ,3,0.12598128,0.87401872
QQQ,3,0.13878012,0.86121988
QQQ,3,0.12225467,0.87774533
QQQ,3,0.30873986,0.69126014
QQQ,3,0.13042909,0.86957091
QQQ,3,0.15833138,0.84166862
QQQ,3,0.13830827,0.86169173
QQQ,3,0.14765253,0.85234747
QQQ,3,0.52386536,0.47613464
QQQ,3,0.17125672,0.82874328
QQQ,3,0.16973340,0.83026660
QQQ,3,0.25704631,0.74295369
QQQ,3,0.99998916,0.00001084
QQQ,3,0.14152210,0.85847790
QQQ,3,0.19853635,0.80146365
QQQ,3,0.41523521,0.58476479
QQQ,3,0.13570537,0.86429463
QQQ,3,0.13047708,0.86952292
QQQ,3,0.12167696,0.87832304
QQQ,3,0.23428159,0.76571841
QQQ,3,0.17961511,0.82038489
QQQ,3,0.53752707,0.46247293
QQQ,3,0.17480398,0.82519602
QQQ,3,0.76930316,0.23069684
QQQ,3,0.18622923,0.81377077
QQQ,3,0.49867594,0.50132406
QQQ,3,0.25399855,0.74600145
QQQ,3,0.16993123,0.83006877
QQQ,3,0.82533531,0.17466469
QQQ,3,0.13711878,0.86288122
QQQ,3,0.28392059,0.71607941
QQQ,3,0.17929155,0.82070845
QQQ,3,0.16143191,0.83856809
QQQ,3,0.53871512,0.46128488
QQQ,3,0.14658650,0.85341350
QQQ,3,0.12302246,0.87697754
QQQ,3,0.15014210,0.84985790
QQQ,3,0.12212953,0.87787047
QQQ,3,0.90075734,0.09924266
QQQ,3,0.17578260,0.82421740
QQQ,3,0.13239837,0.86760163
QQQ,3,0.85732304,0.14267696
QQQ,3,0.21160624,0.78839376
QQQ,3,0.35565299,0.64434701
QQQ,3,0.24750163,0.75249837
QQQ,3,0.21927404,0.78072596
QQQ,3,0.14051911,0.85948089
QQQ,3,0.46216010,0.53783990
QQQ,3,0.31391184,0.68608816
QQQ,3,0.13934722,0.86065278
QQQ,3,0.12917072,0.87082928
QQQ,3,0.27625891,0.72374109
QQQ,3,0.20473245,0.79526755
QQQ,3,0.13271406,0.86728594
QQQ,3,0.53348878,0.46651122
QQQ,3,0.72935033,0.27064967
QQQ,3,0.12603023,0.87396977
QQQ,3,0.12160675,0.87839325
QQQ,3,0.23097390,0.76902610
QQQ,3,0.19615656,0.80384344
QQQ,3,0.14159312,0.85840688
QQQ,3,0.28652293,0.71347707
QQQ,3,0.15836103,0.84163897
QQQ,3,0.15462846,0.84537154
QQQ,3,0.17285173,0.82714827
QQQ,3,0.65471185,0.34528815
QQQ,3,0.12283260,0.87716740
QQQ,3,0.14399073,0.85600927
QQQ,3,0.16945357,0.83054643
QQQ,3,0.42655277,0.57344723
QQQ,3,0.20762231,0.79237769
QQQ,3,0.99999335,0.00000665
QQQ,3,0.34572463,0.65427537
QQQ,3,0.99999746,0.00000254
QQQ,3,0.79441743,0.20558257
QQQ,3,0.60140713,0.39859287
QQQ,3,0.15794643,0.84205357
QQQ,3,0.37148952,0.62851048
QQQ,3,0.30064916,0.69935084
QQQ,3,0.30470966,0.69529034
QQQ,3,0.34779834,0.65220166
QQQ,3,0.29558272,0.70441728
QQQ,3,0.12430001,0.87569999
QQQ,3,0.43628289,0.56371711
QQQ,3,0.94779998,0.05220002
QQQ,3,0.13015480,0.86984520
QQQ,3,0.66106088,0.33893912
QQQ,3,0.63765331,0.36234669
QQQ,3,0.12444389,0.87555611
QQQ,3,0.16218038,0.83781962
QQQ,3,0.36639866,0.63360134
QQQ,3,0.89037551,0.10962449
QQQ,3,0.56499587,0.43500413
QQQ,3,0.44111243,0.55888757
QQQ,3,0.38596220,0.61403780
QQQ,3,0.14215432,0.85784568
QQQ,3,0.35755187,0.64244813
QQQ,3,0.97077393,0.02922607
QQQ,3,0.12522541,0.87477459
QQQ,3,0.15062248,0.84937752
QQQ,3,0.15081575,0.84918425
QQQ,3,0.14631529,0.85368471
QQQ,3,0.40879492,0.59120508
QQQ,3,0.12201355,0.87798645
QQQ,3,0.12289808,0.87710192
QQQ,3,0.12161854,0.87838146
QQQ,3,0.12384102,0.87615898
QQQ,3,0.31999141,0.68000859
QQQ,3,0.15304625,0.84695375
QQQ,3,0.99878457,0.00121543
QQQ,3,0.32702131,0.67297869
QQQ,3,0.86044449,0.13955551
QQQ,3,0.12215841,0.87784159
QQQ,3,0.37076596,0.62923404
QQQ,3,0.99983689,0.00016311
QQQ,3,0.93152630,0.06847370
QQQ,3,0.13384000,0.86616000
QQQ,3,0.48407009,0.51592991
QQQ,3,0.48807099,0.51192901
QQQ,3,0.55608455,0.44391545
QQQ,3,0.13429991,0.86570009
QQQ,3,0.18029632,0.81970368
QQQ,3,0.16844286,0.83155714
QQQ,3,0.12495486,0.87504514
QQQ,3,0.15409621,0.84590379
QQQ,3,0.15640030,0.84359970
QQQ,3,0.15115531,0.84884469
QQQ,3,0.12159708,0.87840292
QQQ,3,0.27868433,0.72131567
QQQ,3,0.15132043,0.84867957
QQQ,3,0.19538259,0.80461741
QQQ,3,0.12709039,0.87290961
QQQ,3,0.26757066,0.73242934
QQQ,3,0.12453189,0.87546811
QQQ,3,0.12419811,0.87580189
QQQ,3,0.13323203,0.86676797
QQQ,3,0.14377261,0.85622739
QQQ,3,0.13075023,0.86924977
QQQ,3,0.67793661,0.32206339
QQQ,3,0.12668737,0.87331263
QQQ,3,0.12693057,0.87306943
QQQ,3,0.15257291,0.84742709
QQQ,3,0.21078412,0.78921588
QQQ,3,0.14739320,0.85260680
QQQ,3,0.15740843,0.84259157
QQQ,3,0.12454540,0.87545460
QQQ,3,0.12320898,0.87679102
QQQ,3,0.12544905,0.87455095
QQQ,3,0.13701411,0.86298589
QQQ,3,0.13227198,0.86772802
QQQ,3,0.19385584,0.80614416
QQQ,3,0.12308436,0.87691564
QQQ,3,0.12180987,0.87819013
QQQ,3,0.12571135,0.87428865
QQQ,3,0.28844568,0.71155432
QQQ,3,0.15830017,0.84169983
QQQ,3,0.28974263,0.71025737
QQQ,3,0.72448152,0.27551848
QQQ,3,0.27463778,0.72536222
QQQ,3,0.25507333,0.74492667
QQQ,3,0.12287085,0.87712915
QQQ,3,0.14526226,0.85473774
QQQ,3,0.13858821,0.86141179
QQQ,3,0.16347731,0.83652269
QQQ,3,0.28262449,0.71737551
QQQ,3,0.72906622,0.27093378
QQQ,3,0.18978553,0.81021447
QQQ,3,0.12235760,0.87764240
QQQ,3,0.17370757,0.82629243
QQQ,3,0.12373104,0.87626896
QQQ,3,0.90328293,0.09671707
QQQ,3,0.13366924,0.86633076
QQQ,3,0.66916555,0.33083445
QQQ,3,0.72685300,0.27314700
QQQ,3,0.38581748,0.61418252
QQQ,3,0.12444850,0.87555150
QQQ,3,0.24796012,0.75203988
QQQ,3,0.13171927,0.86828073
QQQ,3,0.15667561,0.84332439
QQQ,3,0.12173602,0.87826398
QQQ,3,0.12377570,0.87622430
QQQ,3,0.13983512,0.86016488
QQQ,3,0.14232045,0.85767955
QQQ,3,0.12434216,0.87565784
QQQ,3,0.13455754,0.86544246
QQQ,3,0.13501014,0.86498986
QQQ,3,0.13612382,0.86387618
QQQ,3,0.87204232,0.12795768
QQQ,3,0.13529714,0.86470286
QQQ,3,0.15060953,0.84939047
QQQ,3,0.99246451,0.00753549
QQQ,3,0.12523309,0.87476691
QQQ,3,0.91572306,0.08427694
QQQ,3,0.31243206,0.68756794
QQQ,3,0.92883206,0.07116794
QQQ,3,0.47085306,0.52914694
QQQ,3,0.24186570,0.75813430
QQQ,3,0.93151231,0.06848769
QQQ,3,0.99652815,0.00347185
QQQ,3,0.12341827,0.87658173
QQQ,3,0.75933026,0.24066974
QQQ,3,0.14756529,0.85243471
QQQ,3,0.21440165,0.78559835
QQQ,3,0.14431893,0.85568107
QQQ,3,0.13559545,0.86440455
QQQ,3,0.95536337,0.04463663
QQQ,3,0.12395763,0.87604237
QQQ,3,0.41691333,0.58308667
QQQ,3,0.12929868,0.87070132
QQQ,3,0.37124273,0.62875727
QQQ,3,0.12569174,0.87430826
QQQ,3,0.28435662,0.71564338
QQQ,3,0.12162417,0.87837583
QQQ,3,0.13324002,0.86675998
QQQ,3,0.32323391,0.67676609
QQQ,3,0.42356461,0.57643539
QQQ,3,0.62305683,0.37694317
QQQ,3,0.12280276,0.87719724
QQQ,3,0.12905558,0.87094442
QQQ,3,0.20631272,0.79368728
QQQ,3,0.15045420,0.84954580
QQQ,3,0.12170454,0.87829546
QQQ,3,0.23143424,0.76856576
QQQ,3,0.21878779,0.78121221
QQQ,3,0.31517334,0.68482666
QQQ,3,0.12315081,0.87684919
QQQ,3,0.17141277,0.82858723
QQQ,3,0.15891342,0.84108658
QQQ,3,0.16032045,0.83967955
QQQ,3,0.23498663,0.76501337
QQQ,3,0.23485298,0.76514702
QQQ,3,0.15071630,0.84928370
QQQ,3,0.12915147,0.87084853
QQQ,3,0.12746987,0.87253013
QQQ,3,0.12801290,0.87198710
QQQ,3,0.14912455,0.85087545
QQQ,3,0.14096649,0.85903351
QQQ,3,0.48142501,0.51857499
QQQ,3,0.13529681,0.86470319
QQQ,3,0.14735939,0.85264061
QQQ,3,0.16494275,0.83505725
QQQ,3,0.79692277,0.20307723
QQQ,3,0.12485657,0.87514343
QQQ,3,0.89025073,0.10974927
QQQ,3,0.14224514,0.85775486
QQQ,3,0.60485224,0.39514776
QQQ,3,0.13595695,0.86404305
QQQ,3,0.14400524,0.85599476
QQQ,3,0.12195654,0.87804346
QQQ,3,0.48658808,0.51341192
QQQ,3,0.13383290,0.86616710
QQQ,3,0.41158737,0.58841263
QQQ,3,0.12484444,0.87515556
QQQ,3,0.13248109,0.86751891
QQQ,3,0.12782579,0.87217421
QQQ,3,0.12734069,0.87265931
QQQ,3,0.12794650,0.87205350
QQQ,3,0.12359731,0.87640269
QQQ,3,0.20045971,0.79954029
QQQ,3,0.36832982,0.63167018
QQQ,3,0.12878489,0.87121511
QQQ,3,0.12254116,0.87745884
QQQ,3,0.12183407,0.87816593
QQQ,3,0.20022405,0.79977595
QQQ,3,0.12774259,0.87225741
QQQ,3,0.19538151,0.80461849
QQQ,3,0.14199885,0.85800115
QQQ,3,0.12909825,0.87090175
QQQ,3,0.23801638,0.76198362
QQQ,3,0.15732987,0.84267013
QQQ,3,0.14638307,0.85361693
QQQ,3,0.18353082,0.81646918
QQQ,3,0.12242031,0.87757969
QQQ,3,0.15024820,0.84975180
QQQ,3,0.12189215,0.87810785
QQQ,3,0.23973240,0.76026760
QQQ,3,0.13292092,0.86707908
QQQ,3,0.12198836,0.87801164
QQQ,3,0.12183490,0.87816510
QQQ,3,0.21928877,0.78071123
QQQ,3,0.13660184,0.86339816
QQQ,3,0.12652566,0.87347434
QQQ,3,0.14077445,0.85922555
QQQ,3,0.14437627,0.85562373
QQQ,3,0.13119243,0.86880757
QQQ,3,0.12169584,0.87830416
QQQ,3,0.12408293,0.87591707
QQQ,3,0.15191284,0.84808716
QQQ,3,0.16945673,0.83054327
QQQ,3,0.17681589,0.82318411
QQQ,3,0.20303950,0.79696050
QQQ,3,0.16208665,0.83791335
QQQ,3,0.15759180,0.84240820
QQQ,3,0.24467454,0.75532546
QQQ,3,0.12363250,0.87636750
QQQ,3,0.19936574,0.80063426
QQQ,3,0.12848173,0.87151827
QQQ,3,0.12288425,0.87711575
QQQ,3,0.13754155,0.86245845
QQQ,3,0.12159456,0.87840544
QQQ,3,0.14272470,0.85727530
QQQ,3,0.12331233,0.87668767
QQQ,3,0.15001145,0.84998855
QQQ,3,0.13057666,0.86942334
QQQ,3,0.12372368,0.87627632
QQQ,3,0.13780942,0.86219058
QQQ,3,0.12390733,0.87609267
QQQ,3,0.12799935,0.87200065
QQQ,3,0.12911433,0.87088567
QQQ,3,0.12194137,0.87805863
QQQ,3,0.17148865,0.82851135
QQQ,3,0.19422866,0.80577134
QQQ,3,0.13050764,0.86949236
QQQ,3,0.19245422,0.80754578
QQQ,3,0.33864008,0.66135992
QQQ,3,0.13354365,0.86645635
QQQ,3,0.12433148,0.87566852
QQQ,3,0.14364696,0.85635304
QQQ,3,0.18289453,0.81710547
QQQ,3,0.21966936,0.78033064
QQQ,3,0.12160997,0.87839003
QQQ,3,0.12461210,0.87538790
QQQ,3,0.12162865,0.87837135
QQQ,3,0.12731127,0.87268873
QQQ,3,0.12306828,0.87693172
QQQ,3,0.12792974,0.87207026
QQQ,3,0.12902878,0.87097122
QQQ,3,0.16334583,0.83665417
QQQ,3,0.12263191,0.87736809
QQQ,3,0.12801706,0.87198294
QQQ,3,0.15400786,0.84599214
QQQ,3,0.12213583,0.87786417
QQQ,3,0.22262288,0.77737712
QQQ,3,0.62593071,0.37406929
QQQ,3,0.12174117,0.87825883
QQQ,3,0.16654800,0.83345200
QQQ,3,0.18387954,0.81612046
QQQ,3,0.12373161,0.87626839
QQQ,3,0.15706935,0.84293065
QQQ,3,0.92995751,0.07004249
QQQ,3,0.12949437,0.87050563
QQQ,3,0.13835647,0.86164353
QQQ,3,0.14011315,0.85988685
QQQ,3,0.60591713,0.39408287
QQQ,3,0.24265229,0.75734771
QQQ,3,0.14617094,0.85382906
QQQ,3,0.18936209,0.81063791
QQQ,3,0.13110894,0.86889106
QQQ,3,0.15780869,0.84219131
QQQ,3,0.13135403,0.86864597
QQQ,3,0.15651156,0.84348844
QQQ,3,0.46691795,0.53308205
QQQ,3,0.15975838,0.84024162
QQQ,3,0.21751015,0.78248985
QQQ,3,0.17230226,0.82769774
QQQ,3,0.12164966,0.87835034
QQQ,3,0.14838970,0.85161030
QQQ,3,0.16434618,0.83565382
QQQ,3,0.19188972,0.80811028
QQQ,3,0.12854520,0.87145480
QQQ,3,0.12638336,0.87361664
QQQ,3,0.22048332,0.77951668
QQQ,3,0.14166843,0.85833157
QQQ,3,0.13241789,0.86758211
QQQ,3,0.13533576,0.86466424
QQQ,3,0.21133500,0.78866500
QQQ,3,0.27384426,0.72615574
QQQ,3,0.12451651,0.87548349
QQQ,3,0.12176971,0.87823029
QQQ,3,0.15064256,0.84935744
QQQ,3,0.32864050,0.67135950
QQQ,3,0.12304878,0.87695122
QQQ,3,0.18969452,0.81030548
QQQ,3,0.12163806,0.87836194
QQQ,3,0.15937522,0.84062478
QQQ,3,0.12226279,0.87773721
QQQ,3,0.20429890,0.79570110
QQQ,3,0.14635517,0.85364483
QQQ,3,0.20824281,0.79175719
QQQ,3,0.13576971,0.86423029
QQQ,3,0.12523514,0.87476486
QQQ,3,0.51343853,0.48656147
QQQ,3,0.57347745,0.42652255
QQQ,3,0.29960554,0.70039446
QQQ,3,0.41208236,0.58791764
QQQ,3,0.14266272,0.85733728
QQQ,3,0.45280760,0.54719240
QQQ,3,0.15363024,0.84636976
QQQ,3,0.93825323,0.06174677
QQQ,3,0.14636487,0.85363513
QQQ,3,0.25930556,0.74069444
QQQ,3,0.20311058,0.79688942
QQQ,3,0.30447855,0.69552145
QQQ,3,0.20972247,0.79027753
QQQ,3,0.62614976,0.37385024
QQQ,3,0.82383512,0.17616488
QQQ,3,0.14092090,0.85907910
QQQ,3,0.20920502,0.79079498
QQQ,3,0.60107690,0.39892310
QQQ,3,0.25321411,0.74678589
QQQ,3,0.17822229,0.82177771
QQQ,3,0.43173622,0.56826378
QQQ,3,0.12759270,0.87240730
QQQ,3,0.12171244,0.87828756
QQQ,3,0.12683839,0.87316161
QQQ,3,0.14838612,0.85161388
QQQ,3,0.17805762,0.82194238
QQQ,3,0.25319831,0.74680169
QQQ,3,0.96904069,0.03095931
QQQ,3,0.12675044,0.87324956
QQQ,3,0.24626172,0.75373828
QQQ,3,0.12170814,0.87829186
QQQ,3,0.30016232,0.69983768
QQQ,3,0.13489611,0.86510389
QQQ,3,0.77852430,0.22147570
QQQ,3,0.13787005,0.86212995
QQQ,3,0.84391327,0.15608673
QQQ,3,0.24597355,0.75402645
QQQ,3,0.31226665,0.68773335
QQQ,3,0.94419994,0.05580006
QQQ,3,0.12440364,0.87559636
QQQ,3,0.79150699,0.20849301
QQQ,3,0.12728074,0.87271926
QQQ,3,0.21558303,0.78441697
QQQ,3,0.94668371,0.05331629
QQQ,3,0.97911081,0.02088919
QQQ,3,0.19028507,0.80971493
QQQ,3,0.19929387,0.80070613
QQQ,3,0.99886449,0.00113551
QQQ,3,0.20392299,0.79607701
QQQ,3,0.17936972,0.82063028
QQQ,3,0.20486321,0.79513679
QQQ,3,0.62548102,0.37451898
QQQ,3,0.61878469,0.38121531
QQQ,3,0.97647477,0.02352523
QQQ,3,0.12267937,0.87732063
QQQ,3,0.69957127,0.30042873
QQQ,3,0.12191062,0.87808938
QQQ,3,0.93119166,0.06880834
QQQ,3,0.25346054,0.74653946
QQQ,3,0.23607523,0.76392477
QQQ,3,0.89370462,0.10629538
QQQ,3,0.96155063,0.03844937
QQQ,3,0.35421281,0.64578719
QQQ,3,0.13696885,0.86303115
QQQ,3,0.28840189,0.71159811
QQQ,3,0.36211361,0.63788639
QQQ,3,0.28991946,0.71008054
QQQ,3,0.31501917,0.68498083
QQQ,3,0.99800779,0.00199221
QQQ,3,0.16032291,0.83967709
QQQ,3,0.98176924,0.01823076
QQQ,3,0.19086278,0.80913722
QQQ,3,0.54939382,0.45060618
QQQ,3,0.58095184,0.41904816
QQQ,3,0.92251425,0.07748575
QQQ,3,0.99571046,0.00428954
QQQ,3,0.32947143,0.67052857
QQQ,3,0.71481806,0.28518194
QQQ,3,0.12175977,0.87824023
QQQ,3,0.57136807,0.42863193
QQQ,3,0.26285115,0.73714885
QQQ,3,0.65847469,0.34152531
QQQ,3,0.12159152,0.87840848
QQQ,3,0.36215304,0.63784696
QQQ,3,0.45650955,0.54349045
QQQ,3,0.18322701,0.81677299
QQQ,3,0.23440186,0.76559814
QQQ,3,0.12651346,0.87348654
QQQ,3,0.52343947,0.47656053
QQQ,3,0.63340564,0.36659436
QQQ,3,0.67400950,0.32599050
QQQ,3,0.12167025,0.87832975
QQQ,3,0.33009316,0.66990684
QQQ,3,0.80288660,0.19711340
QQQ,3,0.14590062,0.85409938
QQQ,3,0.47347975,0.52652025
QQQ,3,0.68535854,0.31464146
QQQ,3,0.12165116,0.87834884
QQQ,3,0.62270556,0.37729444
QQQ,3,0.27808785,0.72191215
QQQ,3,0.58693604,0.41306396
QQQ,3,0.90963988,0.09036012
QQQ,3,0.19344981,0.80655019
QQQ,3,0.99834870,0.00165130
QQQ,3,0.12761057,0.87238943
QQQ,3,0.98232057,0.01767943
QQQ,3,0.99985742,0.00014258
QQQ,3,0.33922146,0.66077854
QQQ,3,0.12167219,0.87832781
QQQ,3,0.98350509,0.01649491
QQQ,3,0.99998791,0.00001209
QQQ,3,0.26971793,0.73028207
QQQ,3,0.99960857,0.00039143
QQQ,3,0.16987568,0.83012432
QQQ,3,0.96753827,0.03246173
QQQ,3,0.13170190,0.86829810
QQQ,3,0.99085959,0.00914041
QQQ,3,0.19456836,0.80543164
QQQ,3,0.86478260,0.13521740
QQQ,3,0.99998337,0.00001663
QQQ,3,0.15528256,0.84471744
QQQ,3,0.13950523,0.86049477
QQQ,3,0.33169306,0.66830694
QQQ,3,0.59045376,0.40954624
QQQ,3,0.26830095,0.73169905
QQQ,3,0.88981176,0.11018824
QQQ,3,0.98670581,0.01329419
QQQ,3,0.12183931,0.87816069
QQQ,3,0.14160328,0.85839672
QQQ,3,0.87682029,0.12317971
QQQ,3,0.81345676,0.18654324
QQQ,3,0.12680037,0.87319963
QQQ,3,0.16316355,0.83683645
QQQ,3,0.15258616,0.84741384
QQQ,3,0.88240991,0.11759009
QQQ,3,0.99676380,0.00323620
QQQ,3,0.99999480,0.00000520
QQQ,3,0.12681409,0.87318591
QQQ,3,0.65894504,0.34105496
QQQ,3,0.99897042,0.00102958
QQQ,3,0.20895079,0.79104921
QQQ,3,0.76186977,0.23813023
QQQ,3,0.12159377,0.87840623
QQQ,3,0.35872376,0.64127624
QQQ,3,0.99014910,0.00985090
QQQ,3,0.13539188,0.86460812
QQQ,3,0.94124577,0.05875423
QQQ,3,0.12188119,0.87811881
QQQ,3,0.28565744,0.71434256
QQQ,3,0.13996980,0.86003020
QQQ,3,0.38990820,0.61009180
QQQ,3,0.15802942,0.84197058
QQQ,3,0.67997348,0.32002652
QQQ,3,0.12693571,0.87306429
QQQ,3,0.57269370,0.42730630
QQQ,3,0.20314249,0.79685751
QQQ,3,0.12934453,0.87065547
QQQ,3,0.12581973,0.87418027
QQQ,3,0.44304692,0.55695308
QQQ,3,0.15640255,0.84359745
QQQ,3,0.95847469,0.04152531
QQQ,3,0.41418128,0.58581872
QQQ,3,0.37530145,0.62469855
QQQ,3,0.34570804,0.65429196
QQQ,3,0.14273317,0.85726683
QQQ,3,0.59138984,0.40861016
QQQ,3,0.99863793,0.00136207
QQQ,3,0.21255762,0.78744238
QQQ,3,0.56315358,0.43684642
QQQ,3,0.12287310,0.87712690
QQQ,3,0.12402000,0.87598000
QQQ,3,0.87672362,0.12327638
QQQ,3,0.14449770,0.85550230
QQQ,3,0.15037761,0.84962239
QQQ,3,0.12727610,0.87272390
QQQ,3,0.22959769,0.77040231
QQQ,3,0.86620204,0.13379796
QQQ,3,0.13497374,0.86502626
QQQ,3,0.55266619,0.44733381
QQQ,3,0.18104852,0.81895148
QQQ,3,0.12225508,0.87774492
QQQ,3,0.20980926,0.79019074
QQQ,3,0.12338646,0.87661354
QQQ,3,0.55510099,0.44489901
QQQ,3,0.90361034,0.09638966
QQQ,3,0.12779299,0.87220701
QQQ,3,0.12260184,0.87739816
QQQ,3,0.41143825,0.58856175
QQQ,3,0.99911691,0.00088309
QQQ,3,0.21979335,0.78020665
QQQ,3,0.27024265,0.72975735
QQQ,3,0.15858178,0.84141822
QQQ,3,0.12177573,0.87822427
QQQ,3,0.30709653,0.69290347
QQQ,3,0.16487976,0.83512024
QQQ,3,0.49226349,0.50773651
QQQ,3,0.14228025,0.85771975
QQQ,3,0.69706647,0.30293353
QQQ,3,0.27378373,0.72621627
QQQ,3,0.99999934,0.00000066
QQQ,3,0.14056037,0.85943963
QQQ,3,0.48545205,0.51454795
QQQ,3,0.15862370,0.84137630
QQQ,3,0.15046525,0.84953475
QQQ,3,0.16491401,0.83508599
QQQ,3,0.45812735,0.54187265
QQQ,3,0.27658837,0.72341163
QQQ,3,0.44970556,0.55029444
QQQ,3,0.14345430,0.85654570
QQQ,3,0.12194460,0.87805540
QQQ,3,0.51081190,0.48918810
QQQ,3,0.91144530,0.08855470
QQQ,3,0.43860305,0.56139695
QQQ,3,0.61026820,0.38973180
QQQ,3,0.96312663,0.03687337
QQQ,3,0.12409894,0.87590106
QQQ,3,0.14534274,0.85465726
QQQ,3,0.99803711,0.00196289
QQQ,3,0.24800429,0.75199571
QQQ,3,0.37079697,0.62920303
QQQ,3,0.12433400,0.87566600
QQQ,3,0.67719476,0.32280524
QQQ,3,0.93820156,0.06179844
QQQ,3,0.97128358,0.02871642
QQQ,3,0.17203365,0.82796635
QQQ,3,0.12425180,0.87574820
QQQ,3,0.13375729,0.86624271
QQQ,3,0.70118338,0.29881662
QQQ,3,0.23171913,0.76828087
QQQ,3,0.66297895,0.33702105
QQQ,3,0.56634057,0.43365943
QQQ,3,0.47231364,0.52768636
QQQ,3,0.91581764,0.08418236
QQQ,3,0.21384591,0.78615409
QQQ,3,0.18911591,0.81088409
QQQ,3,0.99257614,0.00742386
QQQ,3,0.67705617,0.32294383
QQQ,3,0.25890487,0.74109513
QQQ,3,0.19980731,0.80019269
QQQ,3,0.16806886,0.83193114
QQQ,3,0.66754447,0.33245553
QQQ,3,1.00000000,0.00000000
QQQ,3,0.62178208,0.37821792
QQQ,3,0.13540563,0.86459437
QQQ,3,0.32402298,0.67597702
QQQ,3,0.26018823,0.73981177
QQQ,3,0.12521054,0.87478946
QQQ,3,0.12175548,0.87824452
QQQ,3,0.20382679,0.79617321
QQQ,3,0.27662587,0.72337413
QQQ,3,0.19802208,0.80197792
QQQ,3,0.14035103,0.85964897
QQQ,3,0.30203100,0.69796900
QQQ,3,0.17147775,0.82852225
QQQ,3,0.99973432,0.00026568
QQQ,3,0.12768173,0.87231827
QQQ,3,0.12382459,0.87617541
QQQ,3,0.37576771,0.62423229
QQQ,3,0.66124552,0.33875448
QQQ,3,0.14515807,0.85484193
QQQ,3,0.19780832,0.80219168
QQQ,3,0.14586231,0.85413769
QQQ,3,0.24681246,0.75318754
QQQ,3,0.21642374,0.78357626
QQQ,3,0.14691390,0.85308610
QQQ,3,0.98612875,0.01387125
QQQ,3,0.22601985,0.77398015
QQQ,3,0.37358309,0.62641691
QQQ,3,0.12534899,0.87465101
QQQ,3,0.27310949,0.72689051
QQQ,3,0.76851304,0.23148696
QQQ,3,0.12288564,0.87711436
QQQ,3,0.32162779,0.67837221
QQQ,3,0.29782261,0.70217739
QQQ,3,0.69408681,0.30591319
QQQ,3,0.12159244,0.87840756
QQQ,3,0.14317393,0.85682607
QQQ,3,0.13491370,0.86508630
QQQ,3,0.35063272,0.64936728
QQQ,3,0.86078672,0.13921328
QQQ,3,0.15647940,0.84352060
QQQ,3,0.18972002,0.81027998
QQQ,3,0.46185736,0.53814264
QQQ,3,0.15159770,0.84840230
QQQ,3,0.16488394,0.83511606
QQQ,3,0.12661744,0.87338256
QQQ,3,0.24618805,0.75381195
QQQ,3,0.19989421,0.80010579
QQQ,3,0.83930117,0.16069883
QQQ,3,0.70315301,0.29684699
QQQ,3,0.12165297,0.87834703
QQQ,3,0.12208710,0.87791290
QQQ,3,0.51695291,0.48304709
QQQ,3,0.20832621,0.79167379
QQQ,3,0.49540891,0.50459109
QQQ,3,0.30076882,0.69923118
QQQ,3,0.61385345,0.38614655
QQQ,3,0.99552402,0.00447598
QQQ,3,0.30973734,0.69026266
QQQ,3,0.15893961,0.84106039
QQQ,3,0.53236707,0.46763293
QQQ,3,0.41860655,0.58139345
QQQ,3,0.17790253,0.82209747
QQQ,3,0.15960471,0.84039529
QQQ,3,0.31400283,0.68599717
QQQ,3,0.16191404,0.83808596
QQQ,3,0.17269900,0.82730100
QQQ,3,0.44254809,0.55745191
QQQ,3,0.16039044,0.83960956
QQQ,3,0.81063887,0.18936113
QQQ,3,0.12246531,0.87753469
QQQ,3,0.15838336,0.84161664
QQQ,3,0.38637689,0.61362311
QQQ,3,0.14907906,0.85092094
QQQ,3,0.12298501,0.87701499
QQQ,3,0.16454289,0.83545711
QQQ,3,0.16178551,0.83821449
QQQ,3,0.57779734,0.42220266
QQQ,3,0.12547638,0.87452362
QQQ,3,0.21489696,0.78510304
QQQ,3,0.13455832,0.86544168
QQQ,3,0.43388545,0.56611455
QQQ,3,0.32280209,0.67719791
QQQ,3,0.14279043,0.85720957
QQQ,3,0.66962392,0.33037608
QQQ,3,0.14984653,0.85015347
QQQ,3,0.89330601,0.10669399
QQQ,3,0.12581030,0.87418970
QQQ,3,0.13418172,0.86581828
QQQ,3,0.30380936,0.69619064
QQQ,3,0.25165309,0.74834691
QQQ,3,0.22587800,0.77412200
QQQ,3,0.13076609,0.86923391
QQQ,3,0.14667440,0.85332560
QQQ,3,0.13938142,0.86061858
QQQ,3,0.42201207,0.57798793
QQQ,3,0.19423032,0.80576968
QQQ,3,0.43604699,0.56395301
QQQ,3,0.12195352,0.87804648
QQQ,3,0.12560878,0.87439122
QQQ,3,0.19223948,0.80776052
QQQ,3,0.14374362,0.85625638
QQQ,3,0.12187008,0.87812992
QQQ,3,0.14656592,0.85343408
QQQ,3,0.17935417,0.82064583
QQQ,3,0.47426877,0.52573123
QQQ,3,0.12254435,0.87745565
QQQ,3,0.12292788,0.87707212
QQQ,3,0.12164481,0.87835519
QQQ,3,0.12171106,0.87828894
QQQ,3,0.15998710,0.84001290
QQQ,3,0.12178925,0.87821075
QQQ,3,0.12494484,0.87505516
QQQ,3,0.50750583,0.49249417
QQQ,3,0.13606912,0.86393088
QQQ,3,0.85403445,0.14596555
QQQ,3,0.16897435,0.83102565
QQQ,3,0.12178797,0.87821203
QQQ,3,0.16525285,0.83474715
QQQ,3,0.15318903,0.84681097
QQQ,3,0.13292611,0.86707389
QQQ,3,0.57005228,0.42994772
QQQ,3,0.12852793,0.87147207
QQQ,3,0.13873402,0.86126598
QQQ,3,0.20840264,0.79159736
QQQ,3,0.12937026,0.87062974
QQQ,3,0.12689118,0.87310882
QQQ,3,0.14028081,0.85971919
QQQ,3,0.12260533,0.87739467
QQQ,3,0.23933083,0.76066917
QQQ,3,0.50729549,0.49270451
QQQ,3,0.12181929,0.87818071
QQQ,3,0.13249009,0.86750991
QQQ,3,0.24199249,0.75800751
QQQ,3,0.14209688,0.85790312
QQQ,3,0.72036489,0.27963511
QQQ,3,0.85129583,0.14870417
QQQ,3,0.15311319,0.84688681
QQQ,3,0.13079027,0.86920973
QQQ,3,0.22628926,0.77371074
QQQ,3,0.16300073,0.83699927
QQQ,3,0.12305447,0.87694553
QQQ,3,0.12167730,0.87832270
QQQ,3,0.39852339,0.60147661
QQQ,3,0.21816122,0.78183878
QQQ,3,0.12985419,0.87014581
QQQ,3,0.41294338,0.58705662
QQQ,3,0.17645135,0.82354865
QQQ,3,0.17027175,0.82972825
QQQ,3,0.25361182,0.74638818
QQQ,3,0.13808405,0.86191595
QQQ,3,0.12234178,0.87765822
QQQ,3,0.28410015,0.71589985
QQQ,3,0.20661554,0.79338446
QQQ,3,0.19162473,0.80837527
QQQ,3,0.27779591,0.72220409
QQQ,3,0.35660418,0.64339582
QQQ,3,0.12430040,0.87569960
QQQ,3,0.12256623,0.87743377
QQQ,3,0.33887637,0.66112363
QQQ,3,0.12751043,0.87248957
QQQ,3,0.12195468,0.87804532
QQQ,3,0.15619665,0.84380335
QQQ,3,0.12989425,0.87010575
QQQ,3,0.12161883,0.87838117
QQQ,3,0.13488646,0.86511354
QQQ,3,0.25206358,0.74793642
QQQ,3,0.43560977,0.56439023
QQQ,3,0.12274460,0.87725540
QQQ,3,0.19672168,0.80327832
QQQ,3,0.17566198,0.82433802
QQQ,3,0.12184575,0.87815425
QQQ,3,0.70079554,0.29920446
QQQ,3,0.13235593,0.86764407
QQQ,3,0.12165595,0.87834405
QQQ,3,0.14714377,0.85285623
QQQ,3,0.12660722,0.87339278
QQQ,3,0.12453030,0.87546970
QQQ,3,0.43890217,0.56109783
QQQ,3,0.12272229,0.87727771
QQQ,3,0.12287825,0.87712175
QQQ,3,0.65919574,0.34080426
QQQ,3,0.12681091,0.87318909
QQQ,3,0.14289227,0.85710773
QQQ,3,0.16113202,0.83886798
QQQ,3,0.16750313,0.83249687
QQQ,3,0.21519645,0.78480355
QQQ,3,0.12210335,0.87789665
QQQ,3,0.15229950,0.84770050
QQQ,3,0.20532856,0.79467144
QQQ,3,0.19764550,0.80235450
QQQ,3,0.20739840,0.79260160
QQQ,3,0.23060762,0.76939238
QQQ,3,0.12536518,0.87463482
QQQ,3,0.32846544,0.67153456
QQQ,3,0.12190385,0.87809615
QQQ,3,0.36907830,0.63092170
QQQ,3,0.57829384,0.42170616
QQQ,3,0.15494780,0.84505220
QQQ,3,0.15459614,0.84540386
QQQ,3,0.66159069,0.33840931
QQQ,3,0.15559300,0.84440700
QQQ,3,0.13342458,0.86657542
QQQ,3,0.12164883,0.87835117
QQQ,3,0.12278217,0.87721783
QQQ,3,0.17382651,0.82617349
QQQ,3,0.15969493,0.84030507
QQQ,3,0.12179497,0.87820503
QQQ,3,0.21752903,0.78247097
QQQ,3,0.20158377,0.79841623
QQQ,3,0.12989686,0.87010314
QQQ,3,0.16398811,0.83601189
QQQ,3,0.39022881,0.60977119
QQQ,3,0.12173461,0.87826539
QQQ,3,0.12607987,0.87392013
QQQ,3,0.31397388,0.68602612
QQQ,3,0.51708153,0.48291847
QQQ,3,0.12313028,0.87686972
QQQ,3,0.12964413,0.87035587
QQQ,3,0.32394265,0.67605735
QQQ,3,0.12327438,0.87672562
QQQ,3,0.16183411,0.83816589
QQQ,3,0.12228453,0.87771547
QQQ,3,0.17374754,0.82625246
QQQ,3,0.40280790,0.59719210
QQQ,3,0.25477766,0.74522234
QQQ,3,0.12649405,0.87350595
QQQ,3,0.39157366,0.60842634
QQQ,3,0.14483772,0.85516228
QQQ,3,0.14870370,0.85129630
QQQ,3,0.16270794,0.83729206
QQQ,3,0.12602584,0.87397416
QQQ,3,0.24281105,0.75718895
QQQ,3,0.20050398,0.79949602
QQQ,3,0.12796245,0.87203755
QQQ,3,0.25878785,0.74121215
QQQ,3,0.19491287,0.80508713
QQQ,3,0.36661726,0.63338274
QQQ,3,0.12294590,0.87705410
QQQ,3,0.17713754,0.82286246
QQQ,3,0.77394420,0.22605580
QQQ,3,0.55793552,0.44206448
QQQ,3,0.12580418,0.87419582
QQQ,3,0.19621132,0.80378868
QQQ,3,0.13923311,0.86076689
QQQ,3,0.44925358,0.55074642
QQQ,3,0.51447221,0.48552779
QQQ,3,0.27369375,0.72630625
QQQ,3,0.14269304,0.85730696
QQQ,3,0.20022980,0.79977020
QQQ,3,0.12297408,0.87702592
QQQ,3,0.15491331,0.84508669
QQQ,3,0.65502162,0.34497838
QQQ,3,0.12443471,0.87556529
QQQ,3,0.65961336,0.34038664
QQQ,3,0.12428858,0.87571142
QQQ,3,0.12358008,0.87641992
QQQ,3,0.12181826,0.87818174
QQQ,3,0.23619506,0.76380494
QQQ,3,0.13757834,0.86242166
QQQ,3,0.13283170,0.86716830
QQQ,3,0.12253526,0.87746474
QQQ,3,0.12200883,0.87799117
QQQ,3,0.12544720,0.87455280
QQQ,3,0.12204698,0.87795302
QQQ,3,0.12515584,0.87484416
QQQ,3,0.12588130,0.87411870
QQQ,3,0.18120721,0.81879279
QQQ,3,0.12410093,0.87589907
QQQ,3,0.14447313,0.85552687
QQQ,3,0.27212761,0.72787239
QQQ,3,0.13689180,0.86310820
QQQ,3,0.18161690,0.81838310
QQQ,3,0.17446792,0.82553208
QQQ,3,0.27287077,0.72712923
QQQ,3,0.12166120,0.87833880
QQQ,3,0.14008737,0.85991263
QQQ,3,0.15010090,0.84989910
QQQ,3,0.14148711,0.85851289
QQQ,3,0.29647962,0.70352038
QQQ,3,0.21158534,0.78841466
QQQ,3,0.12295984,0.87704016
QQQ,3,0.14839665,0.85160335
QQQ,3,0.12562748,0.87437252
QQQ,3,0.12159339,0.87840661
QQQ,3,0.13210506,0.86789494
QQQ,3,0.41327959,0.58672041
QQQ,3,0.22822852,0.77177148
QQQ,3,0.14943740,0.85056260
QQQ,3,0.12160366,0.87839634
QQQ,3,0.55563266,0.44436734
QQQ,3,0.12736438,0.87263562
QQQ,3,0.16194599,0.83805401
QQQ,3,0.12639221,0.87360779
QQQ,3,0.12214342,0.87785658
QQQ,3,0.12160028,0.87839972
QQQ,3,0.14104703,0.85895297
QQQ,3,0.27947860,0.72052140
QQQ,3,0.55817384,0.44182616
QQQ,3,0.12691645,0.87308355
QQQ,3,0.13908721,0.86091279
QQQ,3,0.14500758,0.85499242
QQQ,3,0.12337557,0.87662443
QQQ,3,0.14089618,0.85910382
QQQ,3,0.19215201,0.80784799
QQQ,3,0.14704609,0.85295391
QQQ,3,0.53648944,0.46351056
QQQ,3,0.19962874,0.80037126
QQQ,3,0.37405226,0.62594774
QQQ,3,0.12159565,0.87840435
QQQ,3,0.12233839,0.87766161
QQQ,3,0.19770000,0.80230000
QQQ,3,0.12475570,0.87524430
QQQ,3,0.19848010,0.80151990
QQQ,3,0.12737404,0.87262596
QQQ,3,0.33643974,0.66356026
QQQ,3,0.19073243,0.80926757
QQQ,3,0.12622527,0.87377473
QQQ,3,0.17222271,0.82777729
QQQ,3,0.16153440,0.83846560
QQQ,3,0.13574879,0.86425121
QQQ,3,0.91081462,0.08918538
QQQ,3,0.12307688,0.87692312
QQQ,3,0.12179362,0.87820638
QQQ,3,0.12573291,0.87426709
QQQ,3,0.13863381,0.86136619
QQQ,3,0.16792472,0.83207528
QQQ,3,0.32748727,0.67251273
QQQ,3,0.12497256,0.87502744
QQQ,3,0.42196549,0.57803451
QQQ,3,0.13870171,0.86129829
QQQ,3,0.30335621,0.69664379
QQQ,3,0.27576382,0.72423618
QQQ,3,0.13002540,0.86997460
QQQ,3,0.27317265,0.72682735
QQQ,3,0.15589080,0.84410920
QQQ,3,0.12484861,0.87515139
QQQ,3,0.23836154,0.76163846
QQQ,3,0.17113934,0.82886066
QQQ,3,0.12507955,0.87492045
QQQ,3,0.23697985,0.76302015
QQQ,3,0.14134219,0.85865781
QQQ,3,0.12392626,0.87607374
QQQ,3,0.12757950,0.87242050
QQQ,3,0.12816764,0.87183236
QQQ,3,0.12713592,0.87286408
QQQ,3,0.12360026,0.87639974
QQQ,3,0.12422442,0.87577558
QQQ,3,0.17117789,0.82882211
QQQ,3,0.12352183,0.87647817
QQQ,3,0.34375595,0.65624405
QQQ,3,0.20711156,0.79288844
QQQ,3,0.12163631,0.87836369
QQQ,3,0.13134114,0.86865886
QQQ,3,0.16843625,0.83156375
QQQ,3,0.33856453,0.66143547
QQQ,3,0.33865367,0.66134633
QQQ,3,0.39481547,0.60518453
QQQ,3,0.12269119,0.87730881
QQQ,3,0.26500515,0.73499485
QQQ,3,0.14975491,0.85024509
QQQ,3,0.64670086,0.35329914
QQQ,3,0.16836979,0.83163021
QQQ,3,0.29681514,0.70318486
QQQ,3,0.13323073,0.86676927
QQQ,3,0.13028118,0.86971882
QQQ,3,0.33450986,0.66549014
QQQ,3,0.13530296,0.86469704
QQQ,3,0.45361306,0.54638694
QQQ,3,0.16307310,0.83692690
QQQ,3,0.21982450,0.78017550
QQQ,3,0.54914688,0.45085312
QQQ,3,0.24480050,0.75519950
QQQ,3,0.12368379,0.87631621
QQQ,3,0.12161762,0.87838238
QQQ,3,0.12472211,0.87527789
QQQ,3,0.12512984,0.87487016
QQQ,3,0.12536013,0.87463987
QQQ,3,0.14997963,0.85002037
QQQ,3,0.35799767,0.64200233
QQQ,3,0.12197670,0.87802330
QQQ,3,0.12161716,0.87838284
QQQ,3,0.15349269,0.84650731
QQQ,3,0.12469204,0.87530796
QQQ,3,0.12162194,0.87837806
QQQ,3,0.13288284,0.86711716
QQQ,3,0.17940075,0.82059925
QQQ,3,0.13166170,0.86833830
QQQ,3,0.14816481,0.85183519
QQQ,3,0.20808690,0.79191310
QQQ,3,0.12605500,0.87394500
QQQ,3,0.13466769,0.86533231
QQQ,3,0.12619954,0.87380046
QQQ,3,0.56685940,0.43314060
QQQ,3,0.12217284,0.87782716
QQQ,3,0.12159342,0.87840658
QQQ,3,0.13248230,0.86751770
QQQ,3,0.15322423,0.84677577
QQQ,3,0.27367216,0.72632784
QQQ,3,0.14853758,0.85146242
QQQ,3,0.14555717,0.85444283
QQQ,3,0.25500338,0.74499662
QQQ,3,0.12261183,0.87738817
QQQ,3,0.15376825,0.84623175
QQQ,3,0.12667502,0.87332498
QQQ,3,0.23136924,0.76863076
QQQ,3,0.20084156,0.79915844
QQQ,3,0.12427434,0.87572566
QQQ,3,0.12712749,0.87287251
QQQ,3,0.13557869,0.86442131
QQQ,3,0.14173352,0.85826648
QQQ,3,0.20259013,0.79740987
QQQ,3,0.17828066,0.82171934
QQQ,3,0.21937701,0.78062299
QQQ,3,0.12890515,0.87109485
QQQ,3,0.12309039,0.87690961
QQQ,3,0.20462542,0.79537458
QQQ,3,0.63056681,0.36943319
QQQ,3,0.13741039,0.86258961
QQQ,3,0.12426348,0.87573652
QQQ,3,0.12172920,0.87827080
QQQ,3,0.94098016,0.05901984
QQQ,3,0.14733273,0.85266727
QQQ,3,0.20226637,0.79773363
QQQ,3,0.27507890,0.72492110
QQQ,3,0.12753806,0.87246194
QQQ,3,0.99410912,0.00589088
QQQ,3,0.26085442,0.73914558
QQQ,3,0.16170851,0.83829149
QQQ,3,0.12298124,0.87701876
QQQ,3,0.26842071,0.73157929
QQQ,3,0.92199193,0.07800807
QQQ,3,0.73373253,0.26626747
QQQ,3,0.77209126,0.22790874
QQQ,3,0.97612474,0.02387526
QQQ,3,0.14659993,0.85340007
QQQ,3,0.23472135,0.76527865
QQQ,3,0.94011900,0.05988100
QQQ,3,0.14885402,0.85114598
QQQ,3,0.12973603,0.87026397
QQQ,3,0.81791081,0.18208919
QQQ,3,0.12370248,0.87629752
QQQ,3,0.84990562,0.15009438
QQQ,3,0.12720624,0.87279376
QQQ,3,0.29561964,0.70438036
QQQ,3,0.12209762,0.87790238
QQQ,3,0.13789856,0.86210144
QQQ,3,0.34264642,0.65735358
QQQ,3,0.19344207,0.80655793
QQQ,3,0.18937008,0.81062992
QQQ,3,0.12587151,0.87412849
QQQ,3,0.22197841,0.77802159
QQQ,3,0.12422144,0.87577856
QQQ,3,0.21639523,0.78360477
QQQ,3,0.95424816,0.04575184
QQQ,3,0.13037575,0.86962425
QQQ,3,0.12172488,0.87827512
QQQ,3,0.89842966,0.10157034
QQQ,3,0.21545916,0.78454084
QQQ,3,0.17244126,0.82755874
QQQ,3,0.66859273,0.33140727
QQQ,3,0.22349647,0.77650353
QQQ,3,0.14539272,0.85460728
QQQ,3,0.12848257,0.87151743
QQQ,3,0.12181763,0.87818237
QQQ,3,0.13355474,0.86644526
QQQ,3,0.79105187,0.20894813
QQQ,3,0.12185350,0.87814650
QQQ,3,0.12948359,0.87051641
QQQ,3,0.13841283,0.86158717
QQQ,3,0.12257095,0.87742905
QQQ,3,0.16151747,0.83848253
QQQ,3,0.13705845,0.86294155
QQQ,3,0.12605232,0.87394768
QQQ,3,0.28723105,0.71276895
QQQ,3,0.12184040,0.87815960
QQQ,3,0.12254601,0.87745399
QQQ,3,0.22432946,0.77567054
QQQ,3,0.19425785,0.80574215
QQQ,3,0.31087563,0.68912437
QQQ,3,0.16821037,0.83178963
QQQ,3,0.12160471,0.87839529
QQQ,3,0.12411544,0.87588456
QQQ,3,0.17016284,0.82983716
QQQ,3,0.25532088,0.74467912
QQQ,3,0.12162307,0.87837693
QQQ,3,0.12161273,0.87838727
QQQ,3,0.14727647,0.85272353
QQQ,3,0.12476700,0.87523300
QQQ,3,0.12292605,0.87707395
QQQ,3,0.32667098,0.67332902
QQQ,3,0.15574317,0.84425683
QQQ,3,0.14274804,0.85725196
QQQ,3,0.12184491,0.87815509
QQQ,3,0.19194856,0.80805144
QQQ,3,0.15244538,0.84755462
QQQ,3,0.82760416,0.17239584
QQQ,3,0.14169643,0.85830357
QQQ,3,0.13020517,0.86979483
QQQ,3,0.24394099,0.75605901
QQQ,3,0.89366281,0.10633719
QQQ,3,0.43153691,0.56846309
QQQ,3,0.12884660,0.87115340
QQQ,3,0.12179928,0.87820072
QQQ,3,0.12301745,0.87698255
QQQ,3,0.12273495,0.87726505
QQQ,3,0.15439480,0.84560520
QQQ,3,0.78735001,0.21264999
QQQ,3,0.13817948,0.86182052
QQQ,3,0.14428741,0.85571259
QQQ,3,0.12161686,0.87838314
QQQ,3,0.13107061,0.86892939
QQQ,3,0.12365719,0.87634281
QQQ,3,0.12354915,0.87645085
QQQ,3,0.14077861,0.85922139
QQQ,3,0.15818232,0.84181768
QQQ,3,0.17098609,0.82901391
QQQ,3,0.21153774,0.78846226
QQQ,3,0.13105153,0.86894847
QQQ,3,0.25992143,0.74007857
QQQ,3,0.12342668,0.87657332
QQQ,3,0.18230308,0.81769692
QQQ,3,0.15562048,0.84437952
QQQ,3,0.12881513,0.87118487
QQQ,3,0.41353255,0.58646745
QQQ,3,0.14197745,0.85802255
QQQ,3,0.16423524,0.83576476
QQQ,3,0.30883674,0.69116326
QQQ,3,0.12819092,0.87180908
QQQ,3,0.99421912,0.00578088
QQQ,3,0.14885770,0.85114230
QQQ,3,0.14978695,0.85021305
QQQ,3,0.18358503,0.81641497
QQQ,3,0.29796667,0.70203333
QQQ,3,0.12185006,0.87814994
QQQ,3,0.24826104,0.75173896
QQQ,3,0.28610726,0.71389274
QQQ,3,0.19124208,0.80875792
QQQ,3,0.12790439,0.87209561
QQQ,3,0.33902189,0.66097811
QQQ,3,0.23560046,0.76439954
QQQ,3,0.38308988,0.61691012
QQQ,3,0.12159541,0.87840459
QQQ,3,0.37649562,0.62350438
QQQ,3,0.13313836,0.86686164
QQQ,3,0.12362880,0.87637120
QQQ,3,0.67401231,0.32598769
QQQ,3,0.14265682,0.85734318
QQQ,3,0.41663586,0.58336414
QQQ,3,0.15112149,0.84887851
QQQ,3,0.27776545,0.72223455
QQQ,3,0.12831320,0.87168680
QQQ,3,0.13602794,0.86397206
QQQ,3,0.94143040,0.05856960
QQQ,3,0.25075488,0.74924512
QQQ,3,0.12526257,0.87473743
QQQ,3,0.13328337,0.86671663
QQQ,3,0.12227682,0.87772318
QQQ,3,0.16322974,0.83677026
QQQ,3,0.22626997,0.77373003
QQQ,3,0.13578270,0.86421730
QQQ,3,0.14340362,0.85659638
QQQ,3,0.23249513,0.76750487
QQQ,3,0.22361105,0.77638895
QQQ,3,0.12445715,0.87554285
QQQ,3,0.12198867,0.87801133
QQQ,3,0.29851856,0.70148144
QQQ,3,0.13684728,0.86315272
QQQ,3,0.12757148,0.87242852
QQQ,3,0.12197171,0.87802829
QQQ,3,0.13153915,0.86846085
QQQ,3,0.61223016,0.38776984
QQQ,3,0.26474830,0.73525170
QQQ,3,0.29906379,0.70093621
QQQ,3,0.12199220,0.87800780
QQQ,3,0.92579994,0.07420006
QQQ,3,0.28599420,0.71400580
QQQ,3,0.68433417,0.31566583
QQQ,3,0.13100951,0.86899049
QQQ,3,0.23172781,0.76827219
QQQ,3,0.89701932,0.10298068
QQQ,3,0.14648404,0.85351596
QQQ,3,0.99889677,0.00110323
QQQ,3,0.13508880,0.86491120
QQQ,3,0.18196388,0.81803612
QQQ,3,0.45536448,0.54463552
QQQ,3,0.72700383,0.27299617
QQQ,3,0.15443829,0.84556171
QQQ,3,0.35632609,0.64367391
QQQ,3,0.25622572,0.74377428
QQQ,3,0.12822359,0.87177641
QQQ,3,0.12873947,0.87126053
QQQ,3,0.65339006,0.34660994
QQQ,3,0.15333994,0.84666006
QQQ,3,0.40782870,0.59217130
QQQ,3,0.14567713,0.85432287
QQQ,3,0.90175718,0.09824282
QQQ,3,0.12417954,0.87582046
QQQ,3,0.15012754,0.84987246
QQQ,3,0.15648117,0.84351883
QQQ,3,0.99999916,0.00000084
QQQ,3,1.00000000,0.00000000
QQQ,3,0.12981532,0.87018468
QQQ,3,0.64750836,0.35249164
QQQ,3,1.00000000,0.00000000
QQQ,3,0.99692367,0.00307633
QQQ,3,0.59138476,0.40861524
QQQ,3,0.15726063,0.84273937
QQQ,3,0.12331992,0.87668008
QQQ,3,0.94796029,0.05203971
QQQ,3,0.12344184,0.87655816
QQQ,3,0.86180545,0.13819455
QQQ,3,0.76105542,0.23894458
QQQ,3,0.69636771,0.30363229
QQQ,3,0.94633223,0.05366777
QQQ,3,0.28928375,0.71071625
QQQ,3,0.12377678,0.87622322
QQQ,3,0.15797940,0.84202060
QQQ,3,0.12168198,0.87831802
QQQ,3,0.26484871,0.73515129
QQQ,3,0.34040372,0.65959628
QQQ,3,0.13386501,0.86613499
QQQ,3,0.17424893,0.82575107
QQQ,3,0.12813264,0.87186736
QQQ,3,0.19199184,0.80800816
QQQ,3,0.12159128,0.87840872
QQQ,3,0.99899343,0.00100657
QQQ,3,0.42332764,0.57667236
QQQ,3,0.17260678,0.82739322
QQQ,3,0.12595801,0.87404199
QQQ,3,0.13623977,0.86376023
QQQ,3,0.12264314,0.87735686
QQQ,3,0.12714975,0.87285025
QQQ,3,0.28881448,0.71118552
QQQ,3,0.12209143,0.87790857
QQQ,3,0.19070492,0.80929508
QQQ,3,0.68951932,0.31048068
QQQ,3,0.12895894,0.87104106
QQQ,3,0.12574989,0.87425011
QQQ,3,0.12263053,0.87736947
QQQ,3,0.16155846,0.83844154
QQQ,3,0.16616758,0.83383242
QQQ,3,0.12919133,0.87080867
QQQ,3,0.15220594,0.84779406
QQQ,3,0.18492848,0.81507152
QQQ,3,0.12330794,0.87669206
QQQ,3,0.15318923,0.84681077
QQQ,3,0.12617555,0.87382445
QQQ,3,0.12520565,0.87479435
QQQ,3,0.24593874,0.75406126
QQQ,3,0.26154637,0.73845363
QQQ,3,0.18532971,0.81467029
QQQ,3,0.12163320,0.87836680
QQQ,3,0.13304380,0.86695620
QQQ,3,0.18986611,0.81013389
QQQ,3,0.34048015,0.65951985
QQQ,3,0.13039824,0.86960176
QQQ,3,0.19775702,0.80224298
QQQ,3,0.13266850,0.86733150
QQQ,3,0.15420899,0.84579101
QQQ,3,0.16153623,0.83846377
QQQ,3,0.15113226,0.84886774
QQQ,3,0.19055186,0.80944814
QQQ,3,0.15107007,0.84892993
QQQ,3,0.12186423,0.87813577
QQQ,3,0.15178161,0.84821839
QQQ,3,0.12231972,0.87768028
QQQ,3,0.12392686,0.87607314
QQQ,3,0.12899187,0.87100813
QQQ,3,0.12216953,0.87783047
QQQ,3,0.12244529,0.87755471
QQQ,3,0.16644579,0.83355421
QQQ,3,0.12170338,0.87829662
QQQ,3,0.14030549,0.85969451
QQQ,3,0.13573410,0.86426590
QQQ,3,0.13372898,0.86627102
QQQ,3,0.12447743,0.87552257
QQQ,3,0.12576348,0.87423652
QQQ,3,0.12855169,0.87144831
QQQ,3,0.12246992,0.87753008
QQQ,3,0.12278297,0.87721703
QQQ,3,0.13859916,0.86140084
QQQ,3,0.55717941,0.44282059
QQQ,3,0.39581906,0.60418094
QQQ,3,0.15079026,0.84920974
QQQ,3,0.24892159,0.75107841
QQQ,3,0.13138486,0.86861514
QQQ,3,0.19178352,0.80821648
QQQ,3,0.12415758,0.87584242
QQQ,3,0.25213393,0.74786607
QQQ,3,0.12244321,0.87755679
QQQ,3,0.12161617,0.87838383
QQQ,3,0.13244893,0.86755107
QQQ,3,0.12185890,0.87814110
QQQ,3,0.28330523,0.71669477
QQQ,3,0.15123266,0.84876734
QQQ,3,0.14115584,0.85884416
QQQ,3,0.30478285,0.69521715
QQQ,3,0.12473783,0.87526217
QQQ,3,0.13376763,0.86623237
QQQ,3,0.12359447,0.87640553
QQQ,3,0.14806129,0.85193871
QQQ,3,0.21392633,0.78607367
QQQ,3,0.17365741,0.82634259
QQQ,3,0.15205156,0.84794844
QQQ,3,0.17545674,0.82454326
QQQ,3,0.12442683,0.87557317
QQQ,3,0.14012618,0.85987382
QQQ,3,0.12807063,0.87192937
QQQ,3,0.12190600,0.87809400
QQQ,3,0.14426447,0.85573553
QQQ,3,0.13557306,0.86442694
QQQ,3,0.17757482,0.82242518
QQQ,3,0.12159378,0.87840622
QQQ,3,0.12305688,0.87694312
QQQ,3,0.17613496,0.82386504
QQQ,3,0.15453648,0.84546352
QQQ,3,0.14990376,0.85009624
QQQ,3,0.14313521,0.85686479
QQQ,3,0.12898469,0.87101531
QQQ,3,0.13527747,0.86472253
QQQ,3,0.12929046,0.87070954
QQQ,3,0.13442460,0.86557540
QQQ,3,0.12738179,0.87261821
QQQ,3,0.13827977,0.86172023
QQQ,3,0.13423795,0.86576205
QQQ,3,0.12985664,0.87014336
QQQ,3,0.15818003,0.84181997
QQQ,3,0.13678359,0.86321641
QQQ,3,0.21864867,0.78135133
QQQ,3,0.12187317,0.87812683
QQQ,3,0.99057671,0.00942329
QQQ,3,0.50037636,0.49962364
QQQ,3,0.15445577,0.84554423
QQQ,3,0.15415422,0.84584578
QQQ,3,0.12811138,0.87188862
QQQ,3,0.14887648,0.85112352
QQQ,3,0.25273031,0.74726969
QQQ,3,0.12187986,0.87812014
QQQ,3,0.17714450,0.82285550
QQQ,3,0.16369696,0.83630304
QQQ,3,0.20392194,0.79607806
QQQ,3,0.47083927,0.52916073
QQQ,3,0.18106302,0.81893698
QQQ,3,0.14332413,0.85667587
QQQ,3,0.30371394,0.69628606
QQQ,3,0.13247394,0.86752606
QQQ,3,0.13325275,0.86674725
QQQ,3,0.56117261,0.43882739
QQQ,3,0.14103474,0.85896526
QQQ,3,0.51235672,0.48764328
QQQ,3,0.13235718,0.86764282
QQQ,3,0.59857904,0.40142096
QQQ,3,0.12355960,0.87644040
QQQ,3,0.12159163,0.87840837
QQQ,3,0.57455743,0.42544257
QQQ,3,0.12173527,0.87826473
QQQ,3,0.18442823,0.81557177
QQQ,3,0.25750386,0.74249614
QQQ,3,0.13599196,0.86400804
QQQ,3,0.77426006,0.22573994
QQQ,3,0.14583458,0.85416542
QQQ,3,0.78960627,0.21039373
QQQ,3,0.15914679,0.84085321
QQQ,3,0.20000103,0.79999897
QQQ,3,0.18022491,0.81977509
QQQ,3,0.12498422,0.87501578
QQQ,3,0.16513443,0.83486557
QQQ,3,0.12637022,0.87362978
QQQ,3,0.12172290,0.87827710
QQQ,3,0.13242411,0.86757589
QQQ,3,0.12326895,0.87673105
QQQ,3,0.12257322,0.87742678
QQQ,3,0.13182287,0.86817713
QQQ,3,0.12682445,0.87317555
QQQ,3,0.51036605,0.48963395
QQQ,3,0.14593442,0.85406558
QQQ,3,0.12191425,0.87808575
QQQ,3,0.50157907,0.49842093
QQQ,3,0.26667831,0.73332169
QQQ,3,0.25552328,0.74447672
QQQ,3,0.14343635,0.85656365
QQQ,3,0.14216588,0.85783412
QQQ,3,0.12930558,0.87069442
QQQ,3,0.12167917,0.87832083
QQQ,3,0.13471472,0.86528528
QQQ,3,0.12544424,0.87455576
QQQ,3,0.17219267,0.82780733
QQQ,3,0.12554210,0.87445790
QQQ,3,0.15688296,0.84311704
QQQ,3,0.17675008,0.82324992
QQQ,3,0.12348834,0.87651166
QQQ,3,0.13768792,0.86231208
QQQ,3,0.18839403,0.81160597
QQQ,3,0.12235231,0.87764769
QQQ,3,0.12224113,0.87775887
QQQ,3,0.20387327,0.79612673
QQQ,3,0.12663093,0.87336907
QQQ,3,0.12236447,0.87763553
QQQ,3,0.63086255,0.36913745
QQQ,3,0.23734112,0.76265888
QQQ,3,0.15297313,0.84702687
QQQ,3,0.13060182,0.86939818
QQQ,3,0.13751957,0.86248043
QQQ,3,0.18475147,0.81524853
QQQ,3,0.13154214,0.86845786
QQQ,3,0.13905756,0.86094244
QQQ,3,0.23563692,0.76436308
QQQ,3,0.14343132,0.85656868
QQQ,3,0.34715629,0.65284371
QQQ,3,0.46362594,0.53637406
QQQ,3,0.36251213,0.63748787
QQQ,3,0.49805112,0.50194888
QQQ,3,0.16262107,0.83737893
QQQ,3,0.12866385,0.87133615
QQQ,3,0.12716938,0.87283062
QQQ,3,0.57574860,0.42425140
QQQ,3,0.12218600,0.87781400
QQQ,3,0.12354144,0.87645856
QQQ,3,0.15481850,0.84518150
QQQ,3,0.12857827,0.87142173
