dataset,p,component_1,component_2
QQQ,2,0.17747942,0.82252058
QQQ,2,0.14116304,0.85883696
QQQ,2,0.51158667,0.48841333
QQQ,2,0.81671928,0.18328072
QQQ,2,0.25645223,0.74354777
QQQ,2,0.99704007,0.00295993
QQQ,2,0.96149933,0.03850067
QQQ,2,0.99437629,0.00562371
QQQ,2,0.15694439,0.84305561
QQQ,2,0.99539598,0.00460402
QQQ,2,0.14142711,0.85857289
QQQ,2,0.27596446,0.72403554
QQQ,2,0.52707519,0.47292481
QQQ,2,0.99414206,0.00585794
QQQ,2,0.13735171,0.86264829
QQQ,2,0.17445630,0.82554370
QQQ,2,0.15867449,0.84132551
QQQ,2,0.14647989,0.85352011
QQQ,2,0.14548377,0.85451623
QQQ,2,0.28105465,0.71894535
QQQ,2,0.99401541,0.00598459
QQQ,2,0.21141260,0.78858740
QQQ,2,0.95735236,0.04264764
QQQ,2,0.99998666,0.00001334
QQQ,2,0.47069319,0.52930681
QQQ,2,0.99996455,0.00003545
QQQ,2,0.95691254,0.04308746
QQQ,2,0.39543141,0.60456859
QQQ,2,0.79820668,0.20179332
QQQ,2,0.27625816,0.72374184
QQQ,2,0.99002832,0.00997168
QQQ,2,0.20966973,0.79033027
QQQ,2,0.13405726,0.86594274
QQQ,2,0.13964963,0.86035037
QQQ,2,0.35857765,0.64142235
QQQ,2,0.92735272,0.07264728
QQQ,2,0.99423711,0.00576289
QQQ,2,0.27584137,0.72415863
QQQ,2,0.17988951,0.82011049
QQQ,2,0.39818100,0.60181900
QQQ,2,0.65470417,0.34529583
QQQ,2,0.39947225,0.60052775
QQQ,2,0.51474452,0.48525548
QQQ,2,0.35752361,0.64247639
QQQ,2,0.13391979,0.86608021
QQQ,2,0.30038841,0.69961159
QQQ,2,0.89182344,0.10817656
QQQ,2,0.19785965,0.80214035
QQQ,2,0.89894191,0.10105809
QQQ,2,0.99186839,0.00813161
QQQ,2,0.78678663,0.21321337
QQQ,2,0.12289754,0.87710246
QQQ,2,0.42994172,0.57005828
QQQ,2,0.64160139,0.35839861
QQQ,2,0.37102376,0.62897624
QQQ,2,0.30197897,0.69802103
QQQ,2,0.95277222,0.04722778
QQQ,2,0.64418875,0.35581125
QQQ,2,0.70683473,0.29316527
QQQ,2,0.36593063,0.63406937
QQQ,2,0.22914937,0.77085063
QQQ,2,0.32946452,0.67053548
QQQ,2,0.57819792,0.42180208
QQQ,2,0.26132651,0.73867349
QQQ,2,0.99999205,0.00000795
QQQ,2,0.30767128,0.69232872
QQQ,2,0.15922680,0.84077320
QQQ,2,0.95443606,0.04556394
QQQ,2,0.92809883,0.07190117
QQQ,2,0.33329322,0.66670678
QQQ,2,0.58664207,0.41335793
QQQ,2,0.12413207,0.87586793
QQQ,2,0.68724433,0.31275567
QQQ,2,0.31825644,0.68174356
QQQ,2,0.41079817,0.58920183
QQQ,2,0.16828625,0.83171375
QQQ,2,0.27942066,0.72057934
QQQ,2,0.14054055,0.85945945
QQQ,2,0.12439146,0.87560854
QQQ,2,0.26238272,0.73761728
QQQ,2,0.20879429,0.79120571
QQQ,2,0.13249372,0.86750628
QQQ,2,0.13525974,0.86474026
QQQ,2,0.37635326,0.62364674
QQQ,2,0.19267596,0.80732404
QQQ,2,0.20323822,0.79676178
QQQ,2,0.18296374,0.81703626
QQQ,2,0.99860693,0.00139307
QQQ,2,0.12510702,0.87489298
QQQ,2,0.89182255,0.10817745
QQQ,2,0.12248000,0.87752000
QQQ,2,0.84778080,0.15221920
QQQ,2,0.48130545,0.51869455
QQQ,2,0.52228704,0.47771296
QQQ,2,0.53310278,0.46689722
QQQ,2,0.13986990,0.86013010
QQQ,2,0.13232133,0.86767867
QQQ,2,0.15346892,0.84653108
QQQ,2,0.48999268,0.51000732
QQQ,2,0.30404698,0.69595302
QQQ,2,0.20827750,0.79172250
QQQ,2,0.25547336,0.74452664
QQQ,2,0.19915491,0.80084509
QQQ,2,0.96723710,0.03276290
QQQ,2,0.20131812,0.79868188
QQQ,2,0.99976729,0.00023271
QQQ,2,0.19139476,0.80860524
QQQ,2,0.15808024,0.84191976
QQQ,2,0.20612001,0.79387999
QQQ,2,0.24422858,0.75577142
QQQ,2,0.30812683,0.69187317
QQQ,2,0.97115503,0.02884497
QQQ,2,0.18230862,0.81769138
QQQ,2,0.71005227,0.28994773
QQQ,2,0.33396205,0.66603795
QQQ,2,0.19393462,0.80606538
QQQ,2,0.34320367,0.65679633
QQQ,2,0.19099312,0.80900688
QQQ,2,0.15574461,0.84425539
QQQ,2,0.12648390,0.87351610
QQQ,2,0.99989109,0.00010891
QQQ,2,0.12512120,0.87487880
QQQ,2,0.23061912,0.76938088
QQQ,2,0.26438977,0.73561023
QQQ,2,0.22628552,0.77371448
QQQ,2,0.20876006,0.79123994
QQQ,2,0.14020498,0.85979502
QQQ,2,0.54071916,0.45928084
QQQ,2,0.12352771,0.87647229
QQQ,2,0.92553911,0.07446089
QQQ,2,0.13205304,0.86794696
QQQ,2,0.70638798,0.29361202
QQQ,2,0.18262131,0.81737869
QQQ,2,0.99968982,0.00031018
QQQ,2,0.12265086,0.87734914
QQQ,2,0.13879249,0.86120751
QQQ,2,0.13849998,0.86150002
QQQ,2,0.53710205,0.46289795
QQQ,2,0.18627406,0.81372594
QQQ,2,0.12243782,0.87756218
QQQ,2,0.70130271,0.29869729
QQQ,2,0.16970444,0.83029556
QQQ,2,0.62326390,0.37673610
QQQ,2,0.12292268,0.87707732
QQQ,2,0.21805834,0.78194166
QQQ,2,0.30532082,0.69467918
QQQ,2,0.64795251,0.35204749
QQQ,2,0.96145255,0.03854745
QQQ,2,0.12968722,0.87031278
QQQ,2,0.96387110,0.03612890
QQQ,2,0.29435991,0.70564009
QQQ,2,0.12905061,0.87094939
QQQ,2,0.94682138,0.05317862
QQQ,2,0.45794782,0.54205218
QQQ,2,0.12542376,0.87457624
QQQ,2,0.12302110,0.87697890
QQQ,2,0.16875357,0.83124643
QQQ,2,0.12472134,0.87527866
QQQ,2,0.98520151,0.01479849
QQQ,2,0.99449989,0.00550011
QQQ,2,0.12424972,0.87575028
QQQ,2,0.12452061,0.87547939
QQQ,2,0.53007198,0.46992802
QQQ,2,0.24244200,0.75755800
QQQ,2,0.22723944,0.77276056
QQQ,2,0.61211155,0.38788845
QQQ,2,0.13908240,0.86091760
QQQ,2,0.27659278,0.72340722
QQQ,2,0.45735957,0.54264043
QQQ,2,0.31183417,0.68816583
QQQ,2,0.12253401,0.87746599
QQQ,2,0.83277586,0.16722414
QQQ,2,0.24224666,0.75775334
QQQ,2,0.95888650,0.04111350
QQQ,2,0.19407507,0.80592493
QQQ,2,0.78045025,0.21954975
QQQ,2,0.97000323,0.02999677
QQQ,2,0.97023388,0.02976612
QQQ,2,0.12994302,0.87005698
QQQ,2,0.32228274,0.67771726
QQQ,2,0.98047011,0.01952989
QQQ,2,0.23729182,0.76270818
QQQ,2,0.95919923,0.04080077
QQQ,2,0.74100587,0.25899413
QQQ,2,0.22702083,0.77297917
QQQ,2,0.12372308,0.87627692
QQQ,2,0.22996506,0.77003494
QQQ,2,0.12290946,0.87709054
QQQ,2,0.14394564,0.85605436
QQQ,2,0.50289725,0.49710275
QQQ,2,0.39843303,0.60156697
QQQ,2,0.45760550,0.54239450
QQQ,2,0.85300780,0.14699220
QQQ,2,0.19712802,0.80287198
QQQ,2,0.30965799,0.69034201
QQQ,2,0.99989204,0.00010796
QQQ,2,0.16957419,0.83042581
QQQ,2,0.16418670,0.83581330
QQQ,2,0.12292289,0.87707711
QQQ,2,0.14004402,0.85995598
QQQ,2,0.99447702,0.00552298
QQQ,2,0.17959783,0.82040217
QQQ,2,0.12249226,0.87750774
QQQ,2,0.99335096,0.00664904
QQQ,2,1.00000000,0.00000000
QQQ,2,0.73636244,0.26363756
QQQ,2,1.00000000,0.00000000
QQQ,2,1.00000000,0.00000000
QQQ,2,0.99979155,0.00020845
QQQ,2,0.99712262,0.00287738
QQQ,2,0.54965066,0.45034934
QQQ,2,0.99998996,0.00001004
QQQ,2,0.43764939,0.56235061
QQQ,2,0.42087580,0.57912420
QQQ,2,0.32516495,0.67483505
QQQ,2,0.13073900,0.86926100
QQQ,2,0.17262638,0.82737362
QQQ,2,0.99999832,0.00000168
QQQ,2,0.45246187,0.54753813
QQQ,2,0.99937570,0.00062430
QQQ,2,0.19101735,0.80898265
QQQ,2,0.99999957,0.00000043
QQQ,2,0.99992795,0.00007205
QQQ,2,0.90180006,0.09819994
QQQ,2,0.16305934,0.83694066
QQQ,2,0.99381430,0.00618570
QQQ,2,0.19812547,0.80187453
QQQ,2,0.42240307,0.57759693
QQQ,2,0.99863846,0.00136154
QQQ,2,0.94130470,0.05869530
QQQ,2,0.97089049,0.02910951
QQQ,2,0.96844010,0.03155990
QQQ,2,0.12893632,0.87106368
QQQ,2,0.16154590,0.83845410
QQQ,2,0.12441546,0.87558454
QQQ,2,0.49374856,0.50625144
QQQ,2,0.94398661,0.05601339
QQQ,2,0.12602260,0.87397740
QQQ,2,0.99999796,0.00000204
QQQ,2,0.83157963,0.16842037
QQQ,2,0.46144386,0.53855614
QQQ,2,0.13435149,0.86564851
QQQ,2,0.94416896,0.05583104
QQQ,2,0.15813651,0.84186349
QQQ,2,0.64703080,0.35296920
QQQ,2,0.99880653,0.00119347
QQQ,2,0.50810942,0.49189058
QQQ,2,0.25854997,0.74145003
QQQ,2,0.37444058,0.62555942
QQQ,2,0.95847199,0.04152801
QQQ,2,0.12247630,0.87752370
QQQ,2,0.94674841,0.05325159
QQQ,2,0.99899912,0.00100088
QQQ,2,0.99954061,0.00045939
QQQ,2,0.99998074,0.00001926
QQQ,2,0.67870324,0.32129676
QQQ,2,0.93482481,0.06517519
QQQ,2,0.99735319,0.00264681
QQQ,2,0.70955193,0.29044807
QQQ,2,0.74903262,0.25096738
QQQ,2,0.32304636,0.67695364
QQQ,2,0.12685439,0.87314561
QQQ,2,0.55305908,0.44694092
QQQ,2,0.99935967,0.00064033
QQQ,2,0.98211369,0.01788631
QQQ,2,0.41566277,0.58433723
QQQ,2,0.99999982,0.00000018
QQQ,2,0.93608959,0.06391041
QQQ,2,0.64360611,0.35639389
QQQ,2,0.96029138,0.03970862
QQQ,2,0.99508467,0.00491533
QQQ,2,0.99999947,0.00000053
QQQ,2,0.79229856,0.20770144
QQQ,2,1.00000000,0.00000000
QQQ,2,0.99690928,0.00309072
QQQ,2,1.00000000,0.00000000
QQQ,2,1.00000000,0.00000000
QQQ,2,0.97046673,0.02953327
QQQ,2,0.71571969,0.28428031
QQQ,2,0.81634621,0.18365379
QQQ,2,0.79245475,0.20754525
QQQ,2,0.99999997,0.00000003
QQQ,2,0.97391124,0.02608876
QQQ,2,0.99992119,0.00007881
QQQ,2,0.98979416,0.01020584
QQQ,2,0.40844092,0.59155908
QQQ,2,0.99999998,0.00000002
QQQ,2,0.19192301,0.80807699
QQQ,2,0.14552363,0.85447637
QQQ,2,0.84306495,0.15693505
QQQ,2,0.99067543,0.00932457
QQQ,2,0.97833581,0.02166419
QQQ,2,1.00000000,0.00000000
QQQ,2,0.99999798,0.00000202
QQQ,2,0.12260983,0.87739017
QQQ,2,0.99997689,0.00002311
QQQ,2,0.94508738,0.05491262
QQQ,2,0.41305879,0.58694121
QQQ,2,0.99885912,0.00114088
QQQ,2,0.99999536,0.00000464
QQQ,2,0.12273103,0.87726897
QQQ,2,1.00000000,0.00000000
QQQ,2,0.99999954,0.00000046
QQQ,2,0.93823773,0.06176227
QQQ,2,0.12999001,0.87000999
QQQ,2,1.00000000,0.00000000
QQQ,2,0.77336149,0.22663851
QQQ,2,0.99999966,0.00000034
QQQ,2,1.00000000,0.00000000
QQQ,2,0.19474037,0.80525963
QQQ,2,0.61932022,0.38067978
QQQ,2,0.61650211,0.38349789
QQQ,2,0.13512236,0.86487764
QQQ,2,0.15218751,0.84781249
QQQ,2,0.90146332,0.09853668
QQQ,2,0.98273576,0.01726424
QQQ,2,0.61673086,0.38326914
QQQ,2,0.45076820,0.54923180
QQQ,2,0.13208754,0.86791246
QQQ,2,0.99824824,0.00175176
QQQ,2,0.16795537,0.83204463
QQQ,2,0.13848813,0.86151187
QQQ,2,0.99893178,0.00106822
QQQ,2,0.99331402,0.00668598
QQQ,2,0.74962182,0.25037818
QQQ,2,0.35028385,0.64971615
QQQ,2,0.25850219,0.74149781
QQQ,2,0.74561133,0.25438867
QQQ,2,0.33454906,0.66545094
QQQ,2,0.57707143,0.42292857
QQQ,2,0.99871645,0.00128355
QQQ,2,0.98850673,0.01149327
QQQ,2,0.17839766,0.82160234
QQQ,2,0.19528323,0.80471677
QQQ,2,0.22241554,0.77758446
QQQ,2,0.99778319,0.00221681
QQQ,2,0.65427645,0.34572355
QQQ,2,0.54775833,0.45224167
QQQ,2,0.19286424,0.80713576
QQQ,2,0.58578190,0.41421810
QQQ,2,0.90211124,0.09788876
QQQ,2,0.98587018,0.01412982
QQQ,2,0.91813159,0.08186841
QQQ,2,0.96748008,0.03251992
QQQ,2,0.34021284,0.65978716
QQQ,2,0.13869094,0.86130906
QQQ,2,0.99968926,0.00031074
QQQ,2,0.99999974,0.00000026
QQQ,2,0.83070814,0.16929186
QQQ,2,0.26098270,0.73901730
QQQ,2,0.40208937,0.59791063
QQQ,2,0.99970527,0.00029473
QQQ,2,0.15720907,0.84279093
QQQ,2,0.86340061,0.13659939
QQQ,2,0.12454758,0.87545242
QQQ,2,0.12891258,0.87108742
QQQ,2,0.49101718,0.50898282
QQQ,2,0.18064907,0.81935093
QQQ,2,0.67334204,0.32665796
QQQ,2,0.12814617,0.87185383
QQQ,2,0.13763047,0.86236953
QQQ,2,0.64380223,0.35619777
QQQ,2,0.12422240,0.87577760
QQQ,2,0.15628693,0.84371307
QQQ,2,0.12804177,0.87195823
QQQ,2,0.37630389,0.62369611
QQQ,2,0.39290397,0.60709603
QQQ,2,0.12247460,0.87752540
QQQ,2,0.12336756,0.87663244
QQQ,2,0.13173181,0.86826819
QQQ,2,0.12289263,0.87710737
QQQ,2,0.94996901,0.05003099
QQQ,2,0.16320095,0.83679905
QQQ,2,0.90686694,0.09313306
QQQ,2,0.99552726,0.00447274
QQQ,2,0.51091887,0.48908113
QQQ,2,0.99227408,0.00772592
QQQ,2,0.72942800,0.27057200
QQQ,2,0.49251085,0.50748915
QQQ,2,0.61395542,0.38604458
QQQ,2,0.12244258,0.87755742
QQQ,2,0.58944214,0.41055786
QQQ,2,0.47633869,0.52366131
QQQ,2,0.99765408,0.00234592
QQQ,2,0.29273032,0.70726968
QQQ,2,0.66391318,0.33608682
QQQ,2,0.13856248,0.86143752
QQQ,2,0.96212629,0.03787371
QQQ,2,0.33749780,0.66250220
QQQ,2,0.13291329,0.86708671
QQQ,2,0.97586365,0.02413635
QQQ,2,0.99858552,0.00141448
QQQ,2,0.71328613,0.28671387
QQQ,2,0.99968940,0.00031060
QQQ,2,0.73559539,0.26440461
QQQ,2,0.12645812,0.87354188
QQQ,2,0.97963255,0.02036745
QQQ,2,0.14788835,0.85211165
QQQ,2,0.99999965,0.00000035
QQQ,2,0.51856569,0.48143431
QQQ,2,0.92951625,0.07048375
QQQ,2,1.00000000,0.00000000
QQQ,2,0.16359802,0.83640198
QQQ,2,0.99774548,0.00225452
QQQ,2,0.14043136,0.85956864
QQQ,2,1.00000000,0.00000000
QQQ,2,0.51892385,0.48107615
QQQ,2,0.12918833,0.87081167
QQQ,2,0.99981251,0.00018749
QQQ,2,0.99999997,0.00000003
QQQ,2,0.56080034,0.43919966
QQQ,2,0.12839291,0.87160709
QQQ,2,0.99551713,0.00448287
QQQ,2,0.99999998,0.00000002
QQQ,2,0.15290807,0.84709193
QQQ,2,0.31096994,0.68903006
QQQ,2,0.26487101,0.73512899
QQQ,2,0.14746059,0.85253941
QQQ,2,0.13039075,0.86960925
QQQ,2,1.00000000,0.00000000
QQQ,2,0.13775986,0.86224014
QQQ,2,0.99999988,0.00000012
QQQ,2,0.87776225,0.12223775
QQQ,2,1.00000000,0.00000000
QQQ,2,0.73542467,0.26457533
QQQ,2,0.99999958,0.00000042
QQQ,2,0.12822428,0.87177572
QQQ,2,0.99985340,0.00014660
QQQ,2,0.13185319,0.86814681
QQQ,2,0.99997405,0.00002595
QQQ,2,0.99999849,0.00000151
QQQ,2,0.22276186,0.77723814
QQQ,2,0.99999996,0.00000004
QQQ,2,0.99973898,0.00026102
QQQ,2,0.13349807,0.86650193
QQQ,2,0.29770429,0.70229571
QQQ,2,0.13199706,0.86800294
QQQ,2,1.00000000,0.00000000
QQQ,2,0.98252914,0.01747086
QQQ,2,0.53914742,0.46085258
QQQ,2,0.51594873,0.48405127
QQQ,2,1.00000000,0.00000000
QQQ,2,0.96609396,0.03390604
QQQ,2,0.99867666,0.00132334
QQQ,2,0.99999924,0.00000076
QQQ,2,0.90942505,0.09057495
QQQ,2,0.12405084,0.87594916
QQQ,2,1.00000000,0.00000000
QQQ,2,1.00000000,0.00000000
QQQ,2,0.12314499,0.87685501
QQQ,2,1.00000000,0.00000000
QQQ,2,0.20790002,0.79209998
QQQ,2,0.32588544,0.67411456
QQQ,2,0.12317208,0.87682792
QQQ,2,0.99999454,0.00000546
QQQ,2,1.00000000,0.00000000
QQQ,2,1.00000000,0.00000000
QQQ,2,0.27344711,0.72655289
QQQ,2,1.00000000,0.00000000
QQQ,2,0.14256694,0.85743306
QQQ,2,0.12793779,0.87206221
QQQ,2,0.99999393,0.00000607
QQQ,2,0.96944128,0.03055872
QQQ,2,0.39098187,0.60901813
QQQ,2,0.19420712,0.80579288
QQQ,2,0.95004113,0.04995887
QQQ,2,0.99961037,0.00038963
QQQ,2,0.12243905,0.87756095
QQQ,2,0.12655699,0.87344301
QQQ,2,0.58793225,0.41206775
QQQ,2,0.16876601,0.83123399
QQQ,2,0.99859027,0.00140973
QQQ,2,0.27171486,0.72828514
QQQ,2,0.61043264,0.38956736
QQQ,2,0.12427850,0.87572150
QQQ,2,0.99534307,0.00465693
QQQ,2,0.21005683,0.78994317
QQQ,2,0.99999992,0.00000008
QQQ,2,0.12946276,0.87053724
QQQ,2,0.12306046,0.87693954
QQQ,2,0.37460306,0.62539694
QQQ,2,0.96612548,0.03387452
QQQ,2,0.99981829,0.00018171
QQQ,2,0.16847132,0.83152868
QQQ,2,0.98130047,0.01869953
QQQ,2,0.99588211,0.00411789
QQQ,2,0.40880704,0.59119296
QQQ,2,0.99999953,0.00000047
QQQ,2,0.99956032,0.00043968
QQQ,2,0.98428446,0.01571554
QQQ,2,0.26533767,0.73466233
QQQ,2,0.12407705,0.87592295
QQQ,2,0.47745978,0.52254022
QQQ,2,0.99999999,0.00000001
QQQ,2,0.99061655,0.00938345
QQQ,2,0.73584363,0.26415637
QQQ,2,0.99981085,0.00018915
QQQ,2,0.39750256,0.60249744
QQQ,2,0.99629539,0.00370461
QQQ,2,0.12933376,0.87066624
QQQ,2,0.40520218,0.59479782
QQQ,2,1.00000000,0.00000000
QQQ,2,1.00000000,0.00000000
QQQ,2,0.99965839,0.00034161
QQQ,2,0.36249237,0.63750763
QQQ,2,0.99380897,0.00619103
QQQ,2,0.91213844,0.08786156
QQQ,2,0.99997729,0.00002271
QQQ,2,1.00000000,0.00000000
QQQ,2,0.12390549,0.87609451
QQQ,2,0.99999971,0.00000029
QQQ,2,0.12908213,0.87091787
QQQ,2,0.59298536,0.40701464
QQQ,2,0.97873127,0.02126873
QQQ,2,1.00000000,0.00000000
QQQ,2,0.68240176,0.31759824
QQQ,2,0.12244499,0.87755501
QQQ,2,0.99994321,0.00005679
QQQ,2,1.00000000,0.00000000
QQQ,2,0.77240321,0.22759679
QQQ,2,1.00000000,0.00000000
QQQ,2,0.72176808,0.27823192
QQQ,2,0.72143352,0.27856648
QQQ,2,1.00000000,0.00000000
QQQ,2,0.99019963,0.00980037
QQQ,2,0.99997524,0.00002476
QQQ,2,0.99999991,0.00000009
QQQ,2,0.71897415,0.28102585
QQQ,2,1.00000000,0.00000000
QQQ,2,1.00000000,0.00000000
QQQ,2,0.19300365,0.80699635
QQQ,2,1.00000000,0.00000000
QQQ,2,0.70765925,0.29234075
QQQ,2,0.27864890,0.72135110
QQQ,2,0.83818982,0.16181018
QQQ,2,0.86038701,0.13961299
QQQ,2,0.67672999,0.32327001
QQQ,2,0.99968667,0.00031333
QQQ,2,0.68779833,0.31220167
QQQ,2,0.99965304,0.00034696
QQQ,2,0.90539378,0.09460622
QQQ,2,0.63090563,0.36909437
QQQ,2,0.61688607,0.38311393
QQQ,2,0.98994856,0.01005144
QQQ,2,0.44641309,0.55358691
QQQ,2,0.15812256,0.84187744
QQQ,2,0.41358714,0.58641286
QQQ,2,0.14694060,0.85305940
QQQ,2,0.99971484,0.00028516
QQQ,2,0.47922483,0.52077517
QQQ,2,0.14361341,0.85638659
QQQ,2,0.99999999,0.00000001
QQQ,2,0.12266090,0.87733910
QQQ,2,0.99965171,0.00034829
QQQ,2,0.70021637,0.29978363
QQQ,2,0.50430068,0.49569932
QQQ,2,0.99999998,0.00000002
QQQ,2,0.99944528,0.00055472
QQQ,2,0.12447780,0.87552220
QQQ,2,0.90438871,0.09561129
QQQ,2,0.12726420,0.87273580
QQQ,2,0.99983767,0.00016233
QQQ,2,0.14174829,0.85825171
QQQ,2,0.88036396,0.11963604
QQQ,2,0.88425281,0.11574719
QQQ,2,0.91707778,0.08292222
QQQ,2,0.16908491,0.83091509
QQQ,2,0.93801554,0.06198446
QQQ,2,0.99999949,0.00000051
QQQ,2,0.13212801,0.86787199
QQQ,2,0.33967435,0.66032565
QQQ,2,0.14057911,0.85942089
QQQ,2,0.64016612,0.35983388
QQQ,2,0.30632560,0.69367440
QQQ,2,0.12259588,0.87740412
QQQ,2,0.12793323,0.87206677
QQQ,2,0.12978783,0.87021217
QQQ,2,0.15163182,0.84836818
QQQ,2,0.26667243,0.73332757
QQQ,2,0.96412013,0.03587987
QQQ,2,0.12863825,0.87136175
QQQ,2,0.13951425,0.86048575
QQQ,2,0.99998737,0.00001263
QQQ,2,0.99988427,0.00011573
QQQ,2,0.13199414,0.86800586
QQQ,2,0.99743320,0.00256680
QQQ,2,0.20518950,0.79481050
QQQ,2,0.99999999,0.00000001
QQQ,2,0.14816725,0.85183275
QQQ,2,0.38160413,0.61839587
QQQ,2,0.59050986,0.40949014
QQQ,2,0.99782645,0.00217355
QQQ,2,0.68091129,0.31908871
QQQ,2,0.76332479,0.23667521
QQQ,2,0.83205597,0.16794403
QQQ,2,0.28650443,0.71349557
QQQ,2,0.15309002,0.84690998
QQQ,2,0.31201230,0.68798770
QQQ,2,0.64752273,0.35247727
QQQ,2,0.13292891,0.86707109
QQQ,2,0.12490590,0.87509410
QQQ,2,0.96850419,0.03149581
QQQ,2,0.58023758,0.41976242
QQQ,2,0.29835496,0.70164504
QQQ,2,0.36029481,0.63970519
QQQ,2,0.15285844,0.84714156
QQQ,2,0.99982433,0.00017567
QQQ,2,0.12381358,0.87618642
QQQ,2,0.22073403,0.77926597
QQQ,2,0.54425410,0.45574590
QQQ,2,0.22450224,0.77549776
QQQ,2,0.99664469,0.00335531
QQQ,2,0.17875449,0.82124551
QQQ,2,0.99997120,0.00002880
QQQ,2,0.22544453,0.77455547
QQQ,2,0.99980243,0.00019757
QQQ,2,0.81567757,0.18432243
QQQ,2,0.19954132,0.80045868
QQQ,2,0.99999785,0.00000215
QQQ,2,0.13087403,0.86912597
QQQ,2,0.93909191,0.06090809
QQQ,2,0.38385583,0.61614417
QQQ,2,0.99887786,0.00112214
QQQ,2,0.19152290,0.80847710
QQQ,2,0.98312422,0.01687578
QQQ,2,0.13918011,0.86081989
QQQ,2,0.99971488,0.00028512
QQQ,2,0.17070214,0.82929786
QQQ,2,0.18724601,0.81275399
QQQ,2,1.00000000,0.00000000
QQQ,2,0.88791116,0.11208884
QQQ,2,0.71059303,0.28940697
QQQ,2,0.99401719,0.00598281
QQQ,2,0.95081928,0.04918072
QQQ,2,0.99993503,0.00006497
QQQ,2,0.13516565,0.86483435
QQQ,2,0.98104355,0.01895645
QQQ,2,0.17164834,0.82835166
QQQ,2,0.33865223,0.66134777
QQQ,2,0.16518073,0.83481927
QQQ,2,0.12956069,0.87043931
QQQ,2,1.00000000,0.00000000
QQQ,2,0.28618870,0.71381130
QQQ,2,0.47496920,0.52503080
QQQ,2,0.13433389,0.86566611
QQQ,2,0.74741514,0.25258486
QQQ,2,0.99972833,0.00027167
QQQ,2,1.00000000,0.00000000
QQQ,2,0.12358560,0.87641440
QQQ,2,0.12393329,0.87606671
QQQ,2,0.34995845,0.65004155
QQQ,2,1.00000000,0.00000000
QQQ,2,0.73156850,0.26843150
QQQ,2,0.13585513,0.86414487
QQQ,2,0.91251969,0.08748031
QQQ,2,0.15435490,0.84564510
QQQ,2,0.71309243,0.28690757
QQQ,2,0.99921120,0.00078880
QQQ,2,0.47612887,0.52387113
QQQ,2,0.99999970,0.00000030
QQQ,2,0.75360913,0.24639087
QQQ,2,0.22960534,0.77039466
QQQ,2,0.99944393,0.00055607
QQQ,2,0.20114999,0.79885001
QQQ,2,0.98906320,0.01093680
QQQ,2,0.99901925,0.00098075
QQQ,2,0.12561638,0.87438362
QQQ,2,0.17300819,0.82699181
QQQ,2,0.12324362,0.87675638
QQQ,2,0.15072560,0.84927440
QQQ,2,0.99294574,0.00705426
QQQ,2,0.18452903,0.81547097
QQQ,2,0.12488664,0.87511336
QQQ,2,0.12676759,0.87323241
QQQ,2,0.90327610,0.09672390
QQQ,2,0.99992749,0.00007251
QQQ,2,0.12287361,0.87712639
QQQ,2,0.29905471,0.70094529
QQQ,2,0.82455313,0.17544687
QQQ,2,0.12289900,0.87710100
QQQ,2,0.99333302,0.00666698
QQQ,2,0.91963686,0.08036314
QQQ,2,0.15959288,0.84040712
QQQ,2,0.37511067,0.62488933
QQQ,2,0.99990567,0.00009433
QQQ,2,0.99999239,0.00000761
QQQ,2,0.14741928,0.85258072
QQQ,2,0.83427580,0.16572420
QQQ,2,0.50991188,0.49008812
QQQ,2,0.12907136,0.87092864
QQQ,2,0.15930908,0.84069092
QQQ,2,0.99978076,0.00021924
QQQ,2,0.15077023,0.84922977
QQQ,2,0.34281593,0.65718407
QQQ,2,0.24904163,0.75095837
QQQ,2,0.40128808,0.59871192
QQQ,2,0.99981329,0.00018671
QQQ,2,0.30092695,0.69907305
QQQ,2,0.13829539,0.86170461
QQQ,2,0.19342207,0.80657793
QQQ,2,0.16997671,0.83002329
QQQ,2,0.17641141,0.82358859
QQQ,2,0.99140714,0.00859286
QQQ,2,0.92734294,0.07265706
QQQ,2,0.98799930,0.01200070
QQQ,2,0.15847993,0.84152007
QQQ,2,0.18313785,0.81686215
QQQ,2,0.14805579,0.85194421
QQQ,2,0.18346063,0.81653937
QQQ,2,0.14809907,0.85190093
QQQ,2,0.25880783,0.74119217
QQQ,2,0.68807380,0.31192620
QQQ,2,0.16101985,0.83898015
QQQ,2,0.99883551,0.00116449
QQQ,2,0.57651882,0.42348118
QQQ,2,0.90189183,0.09810817
QQQ,2,0.97284561,0.02715439
QQQ,2,0.77316206,0.22683794
QQQ,2,0.26812364,0.73187636
QQQ,2,0.12285205,0.87714795
QQQ,2,0.14602222,0.85397778
QQQ,2,0.90022683,0.09977317
QQQ,2,0.14776235,0.85223765
QQQ,2,0.14069449,0.85930551
QQQ,2,0.17789714,0.82210286
QQQ,2,0.98034427,0.01965573
QQQ,2,0.49842983,0.50157017
QQQ,2,0.18362664,0.81637336
QQQ,2,0.83370136,0.16629864
QQQ,2,0.84129858,0.15870142
QQQ,2,0.26214827,0.73785173
QQQ,2,0.14734556,0.85265444
QQQ,2,0.40610672,0.59389328
QQQ,2,0.12346494,0.87653506
QQQ,2,0.94434838,0.05565162
QQQ,2,0.98202029,0.01797971
QQQ,2,0.19984320,0.80015680
QQQ,2,0.99998841,0.00001159
QQQ,2,0.12760778,0.87239222
QQQ,2,0.99698660,0.00301340
QQQ,2,0.12336554,0.87663446
QQQ,2,0.24085769,0.75914231
QQQ,2,0.50904821,0.49095179
QQQ,2,0.99999946,0.00000054
QQQ,2,0.99929168,0.00070832
QQQ,2,0.23508848,0.76491152
QQQ,2,0.15411935,0.84588065
QQQ,2,0.12688306,0.87311694
QQQ,2,0.85941521,0.14058479
QQQ,2,0.12497395,0.87502605
QQQ,2,0.25669735,0.74330265
QQQ,2,0.82898612,0.17101388
QQQ,2,0.16493585,0.83506415
QQQ,2,0.17202900,0.82797100
QQQ,2,0.14455090,0.85544910
QQQ,2,0.12284134,0.87715866
QQQ,2,0.99357889,0.00642111
QQQ,2,0.77385061,0.22614939
QQQ,2,0.18447923,0.81552077
QQQ,2,0.95545761,0.04454239
QQQ,2,0.15496589,0.84503411
QQQ,2,0.17481527,0.82518473
QQQ,2,0.24814315,0.75185685
QQQ,2,0.51763016,0.48236984
QQQ,2,0.99986513,0.00013487
QQQ,2,0.12960247,0.87039753
QQQ,2,0.19356460,0.80643540
QQQ,2,0.23015656,0.76984344
QQQ,2,0.22223848,0.77776152
QQQ,2,0.99197339,0.00802661
QQQ,2,0.14516259,0.85483741
QQQ,2,0.86172060,0.13827940
QQQ,2,0.30807728,0.69192272
QQQ,2,0.16238306,0.83761694
QQQ,2,0.99955296,0.00044704
QQQ,2,0.12602490,0.87397510
QQQ,2,0.43828624,0.56171376
QQQ,2,0.12451600,0.87548400
QQQ,2,0.85948829,0.14051171
QQQ,2,0.48693847,0.51306153
QQQ,2,0.43800643,0.56199357
QQQ,2,0.13288921,0.86711079
QQQ,2,0.99984947,0.00015053
QQQ,2,0.12243685,0.87756315
QQQ,2,0.43024537,0.56975463
QQQ,2,0.13298644,0.86701356
QQQ,2,0.98342773,0.01657227
QQQ,2,0.90346634,0.09653366
QQQ,2,0.93744178,0.06255822
QQQ,2,0.23520858,0.76479142
QQQ,2,1.00000000,0.00000000
QQQ,2,0.60128604,0.39871396
QQQ,2,0.99967890,0.00032110
QQQ,2,0.99410617,0.00589383
QQQ,2,0.99999989,0.00000011
QQQ,2,0.24434611,0.75565389
QQQ,2,0.13520098,0.86479902
QQQ,2,0.12631584,0.87368416
QQQ,2,0.65941385,0.34058615
QQQ,2,0.93005944,0.06994056
QQQ,2,0.12250634,0.87749366
QQQ,2,0.48732832,0.51267168
QQQ,2,0.75386336,0.24613664
QQQ,2,0.13784314,0.86215686
QQQ,2,0.91370992,0.08629008
QQQ,2,0.15270253,0.84729747
QQQ,2,0.41579899,0.58420101
QQQ,2,0.99508249,0.00491751
QQQ,2,0.19863527,0.80136473
QQQ,2,0.18230740,0.81769260
QQQ,2,0.82992636,0.17007364
QQQ,2,0.62716518,0.37283482
QQQ,2,0.13285346,0.86714654
QQQ,2,0.94053468,0.05946532
QQQ,2,0.25444778,0.74555222
QQQ,2,0.15397860,0.84602140
QQQ,2,0.12451350,0.87548650
QQQ,2,0.98219536,0.01780464
QQQ,2,0.43991462,0.56008538
QQQ,2,0.99999988,0.00000012
QQQ,2,0.99239176,0.00760824
QQQ,2,0.93436655,0.06563345
QQQ,2,0.39021603,0.60978397
QQQ,2,0.98551011,0.01448989
QQQ,2,0.12357755,0.87642245
QQQ,2,0.90728709,0.09271291
QQQ,2,0.12636048,0.87363952
QQQ,2,0.99997576,0.00002424
QQQ,2,0.99880101,0.00119899
QQQ,2,0.92316598,0.07683402
QQQ,2,1.00000000,0.00000000
QQQ,2,0.97530203,0.02469797
QQQ,2,0.91117344,0.08882656
QQQ,2,0.99001416,0.00998584
QQQ,2,0.98681819,0.01318181
QQQ,2,0.12268391,0.87731609
QQQ,2,0.97663627,0.02336373
QQQ,2,0.26729356,0.73270644
QQQ,2,0.48399312,0.51600688
QQQ,2,0.99453000,0.00547000
QQQ,2,0.97071890,0.02928110
QQQ,2,0.91775903,0.08224097
QQQ,2,0.99994755,0.00005245
QQQ,2,0.99998889,0.00001111
QQQ,2,0.99999996,0.00000004
QQQ,2,0.43990318,0.56009682
QQQ,2,0.99997876,0.00002124
QQQ,2,0.74715396,0.25284604
QQQ,2,0.34942558,0.65057442
QQQ,2,0.99997926,0.00002074
QQQ,2,0.80749224,0.19250776
QQQ,2,0.99909664,0.00090336
QQQ,2,0.99990006,0.00009994
QQQ,2,0.29829274,0.70170726
QQQ,2,0.99448926,0.00551074
QQQ,2,0.16242724,0.83757276
QQQ,2,0.13187908,0.86812092
QQQ,2,0.99160043,0.00839957
QQQ,2,0.99999998,0.00000002
QQQ,2,0.66730316,0.33269684
QQQ,2,0.21052888,0.78947112
QQQ,2,0.82341590,0.17658410
QQQ,2,0.12675006,0.87324994
QQQ,2,0.70837623,0.29162377
QQQ,2,0.39712769,0.60287231
QQQ,2,0.99673057,0.00326943
QQQ,2,0.12608162,0.87391838
QQQ,2,0.99612337,0.00387663
QQQ,2,0.99828697,0.00171303
QQQ,2,0.18443753,0.81556247
QQQ,2,0.27924620,0.72075380
QQQ,2,0.99598738,0.00401262
QQQ,2,0.12344639,0.87655361
QQQ,2,0.86415668,0.13584332
QQQ,2,0.93283881,0.06716119
QQQ,2,0.20467309,0.79532691
QQQ,2,0.86191793,0.13808207
QQQ,2,0.15099293,0.84900707
QQQ,2,0.88403950,0.11596050
QQQ,2,0.14451959,0.85548041
QQQ,2,0.33393568,0.66606432
QQQ,2,0.65657587,0.34342413
QQQ,2,0.26605795,0.73394205
QQQ,2,0.43726320,0.56273680
QQQ,2,0.12690598,0.87309402
QQQ,2,0.96366790,0.03633210
QQQ,2,0.12308713,0.87691287
QQQ,2,0.99713469,0.00286531
QQQ,2,0.19770854,0.80229146
QQQ,2,0.24511262,0.75488738
QQQ,2,0.94081261,0.05918739
QQQ,2,0.99999985,0.00000015
QQQ,2,0.97194829,0.02805171
QQQ,2,0.74103900,0.25896100
QQQ,2,0.65858585,0.34141415
QQQ,2,0.22491765,0.77508235
QQQ,2,0.12263665,0.87736335
QQQ,2,0.15710972,0.84289028
QQQ,2,0.99998807,0.00001193
QQQ,2,0.99999958,0.00000042
QQQ,2,0.39892681,0.60107319
QQQ,2,0.99999184,0.00000816
QQQ,2,0.95771816,0.04228184
QQQ,2,0.98484766,0.01515234
QQQ,2,0.21938937,0.78061063
QQQ,2,0.66938444,0.33061556
QQQ,2,0.13523892,0.86476108
QQQ,2,0.52503855,0.47496145
QQQ,2,0.79955576,0.20044424
QQQ,2,0.84097455,0.15902545
QQQ,2,0.13779356,0.86220644
QQQ,2,0.69784282,0.30215718
QQQ,2,0.80333285,0.19666715
QQQ,2,0.12243681,0.87756319
QQQ,2,0.93888101,0.06111899
QQQ,2,0.88257073,0.11742927
QQQ,2,0.20170768,0.79829232
QQQ,2,0.34887179,0.65112821
QQQ,2,0.98997843,0.01002157
QQQ,2,0.55192698,0.44807302
QQQ,2,0.98470625,0.01529375
QQQ,2,0.69557207,0.30442793
QQQ,2,0.23413605,0.76586395
QQQ,2,0.99344524,0.00655476
QQQ,2,0.33836496,0.66163504
QQQ,2,0.24905952,0.75094048
QQQ,2,0.35051364,0.64948636
QQQ,2,0.99890818,0.00109182
QQQ,2,0.99735652,0.00264348
QQQ,2,0.13025705,0.86974295
QQQ,2,0.22004742,0.77995258
QQQ,2,0.98556008,0.01443992
QQQ,2,0.94776873,0.05223127
QQQ,2,0.15076502,0.84923498
QQQ,2,0.21503939,0.78496061
QQQ,2,0.94810450,0.05189550
QQQ,2,0.74483297,0.25516703
QQQ,2,0.38950950,0.61049050
QQQ,2,0.17083500,0.82916500
QQQ,2,0.99998114,0.00001886
QQQ,2,0.25225204,0.74774796
QQQ,2,0.12899164,0.87100836
QQQ,2,0.14844956,0.85155044
QQQ,2,0.97162527,0.02837473
QQQ,2,0.95465311,0.04534689
QQQ,2,0.12942930,0.87057070
QQQ,2,0.54439431,0.45560569
QQQ,2,0.28220416,0.71779584
QQQ,2,0.17329935,0.82670065
QQQ,2,0.28137911,0.71862089
QQQ,2,0.21912508,0.78087492
QQQ,2,0.12727043,0.87272957
QQQ,2,0.50672765,0.49327235
QQQ,2,0.17638479,0.82361521
QQQ,2,0.23223107,0.76776893
QQQ,2,0.99907744,0.00092256
QQQ,2,0.25520325,0.74479675
QQQ,2,0.88711546,0.11288454
QQQ,2,0.30112489,0.69887511
QQQ,2,0.87414567,0.12585433
QQQ,2,0.94034843,0.05965157
QQQ,2,0.33361089,0.66638911
QQQ,2,0.13066599,0.86933401
QQQ,2,0.14160601,0.85839399
QQQ,2,0.25005944,0.74994056
QQQ,2,0.22922446,0.77077554
QQQ,2,0.99988449,0.00011551
QQQ,2,0.29310743,0.70689257
QQQ,2,0.15076766,0.84923234
QQQ,2,0.67791996,0.32208004
QQQ,2,0.86057189,0.13942811
QQQ,2,0.24071893,0.75928107
QQQ,2,0.16803585,0.83196415
QQQ,2,0.31831543,0.68168457
QQQ,2,0.72928540,0.27071460
QQQ,2,0.13657258,0.86342742
QQQ,2,0.12271498,0.87728502
QQQ,2,0.24453606,0.75546394
QQQ,2,0.13897403,0.86102597
QQQ,2,0.13521595,0.86478405
QQQ,2,0.38533267,0.61466733
QQQ,2,0.16641027,0.83358973
QQQ,2,0.13876933,0.86123067
QQQ,2,0.26176419,0.73823581
QQQ,2,0.13484099,0.86515901
QQQ,2,0.68342388,0.31657612
QQQ,2,0.97497723,0.02502277
QQQ,2,0.13211929,0.86788071
QQQ,2,0.12773674,0.87226326
QQQ,2,0.15472527,0.84527473
QQQ,2,0.40384665,0.59615335
QQQ,2,0.12264043,0.87735957
QQQ,2,0.72543993,0.27456007
QQQ,2,0.62284348,0.37715652
QQQ,2,0.35603478,0.64396522
QQQ,2,0.47956240,0.52043760
QQQ,2,0.14991753,0.85008247
QQQ,2,0.12277284,0.87722716
QQQ,2,0.12650768,0.87349232
QQQ,2,0.12479800,0.87520200
QQQ,2,0.65477060,0.34522940
QQQ,2,0.19301902,0.80698098
QQQ,2,0.37866473,0.62133527
QQQ,2,0.99999980,0.00000020
QQQ,2,0.16367071,0.83632929
QQQ,2,0.99500055,0.00499945
QQQ,2,0.30292481,0.69707519
QQQ,2,0.14810722,0.85189278
QQQ,2,0.13128574,0.86871426
QQQ,2,0.27540144,0.72459856
QQQ,2,0.99943411,0.00056589
QQQ,2,0.24317827,0.75682173
QQQ,2,0.13491719,0.86508281
QQQ,2,0.14701574,0.85298426
QQQ,2,0.21715478,0.78284522
QQQ,2,0.98370364,0.01629636
QQQ,2,0.14181004,0.85818996
QQQ,2,0.98780903,0.01219097
QQQ,2,0.15315688,0.84684312
QQQ,2,0.30626534,0.69373466
QQQ,2,0.12283273,0.87716727
QQQ,2,0.12438812,0.87561188
QQQ,2,0.73102152,0.26897848
QQQ,2,0.20777823,0.79222177
QQQ,2,0.20378418,0.79621582
QQQ,2,0.56375250,0.43624750
QQQ,2,0.19838172,0.80161828
QQQ,2,0.12283418,0.87716582
QQQ,2,0.71312488,0.28687512
QQQ,2,0.13722783,0.86277217
QQQ,2,0.55576756,0.44423244
QQQ,2,0.17156742,0.82843258
QQQ,2,0.13305739,0.86694261
QQQ,2,0.52536927,0.47463073
QQQ,2,0.45753835,0.54246165
QQQ,2,0.18243177,0.81756823
QQQ,2,0.17496607,0.82503393
QQQ,2,0.17229837,0.82770163
QQQ,2,0.61542620,0.38457380
QQQ,2,0.12259992,0.87740008
QQQ,2,0.27662587,0.72337413
QQQ,2,0.20483788,0.79516212
QQQ,2,0.48146061,0.51853939
QQQ,2,0.62168686,0.37831314
QQQ,2,0.34037637,0.65962363
QQQ,2,0.13411668,0.86588332
QQQ,2,0.12426996,0.87573004
QQQ,2,0.20748296,0.79251704
QQQ,2,0.15536432,0.84463568
QQQ,2,0.99348292,0.00651708
QQQ,2,0.12259304,0.87740696
QQQ,2,0.13409842,0.86590158
QQQ,2,0.29985303,0.70014697
QQQ,2,0.12306485,0.87693515
QQQ,2,0.99322667,0.00677333
QQQ,2,0.13841685,0.86158315
QQQ,2,0.14427820,0.85572180
QQQ,2,0.38754057,0.61245943
QQQ,2,0.14499915,0.85500085
QQQ,2,0.19043964,0.80956036
QQQ,2,0.49075819,0.50924181
QQQ,2,0.17415109,0.82584891
QQQ,2,0.34308520,0.65691480
QQQ,2,0.28917839,0.71082161
QQQ,2,0.27453696,0.72546304
QQQ,2,0.22211306,0.77788694
QQQ,2,0.14189797,0.85810203
QQQ,2,0.66472619,0.33527381
QQQ,2,0.93615354,0.06384646
QQQ,2,0.12872040,0.87127960
QQQ,2,0.14825473,0.85174527
QQQ,2,0.36946482,0.63053518
QQQ,2,0.12480196,0.87519804
QQQ,2,0.37885000,0.62115000
QQQ,2,0.17378416,0.82621584
QQQ,2,0.15004720,0.84995280
QQQ,2,0.70497532,0.29502468
QQQ,2,0.23289064,0.76710936
QQQ,2,0.13405327,0.86594673
QQQ,2,0.25755564,0.74244436
QQQ,2,0.61793201,0.38206799
QQQ,2,0.21146563,0.78853437
QQQ,2,0.99957485,0.00042515
QQQ,2,0.28786754,0.71213246
QQQ,2,0.12244643,0.87755357
QQQ,2,0.47066621,0.52933379
QQQ,2,0.14857390,0.85142610
QQQ,2,0.22192263,0.77807737
QQQ,2,0.12546414,0.87453586
QQQ,2,0.12613289,0.87386711
QQQ,2,0.96491718,0.03508282
QQQ,2,0.12345807,0.87654193
QQQ,2,0.29326941,0.70673059
QQQ,2,0.29645088,0.70354912
QQQ,2,0.17172039,0.82827961
QQQ,2,0.24053764,0.75946236
QQQ,2,0.51823896,0.48176104
QQQ,2,0.12908013,0.87091987
QQQ,2,0.14946608,0.85053392
QQQ,2,0.16054920,0.83945080
QQQ,2,0.21842966,0.78157034
QQQ,2,0.20155344,0.79844656
QQQ,2,0.12251843,0.87748157
QQQ,2,0.99918943,0.00081057
QQQ,2,0.12762918,0.87237082
QQQ,2,0.12501605,0.87498395
QQQ,2,0.16244645,0.83755355
QQQ,2,0.20608371,0.79391629
QQQ,2,0.33336126,0.66663874
QQQ,2,0.12408947,0.87591053
QQQ,2,0.12410397,0.87589603
QQQ,2,0.17530780,0.82469220
QQQ,2,0.84512480,0.15487520
QQQ,2,0.29820269,0.70179731
QQQ,2,0.12265671,0.87734329
QQQ,2,0.21733506,0.78266494
QQQ,2,0.14250540,0.85749460
QQQ,2,0.12559303,0.87440697
QQQ,2,0.12277876,0.87722124
QQQ,2,0.16665996,0.83334004
QQQ,2,0.18292702,0.81707298
QQQ,2,0.19242047,0.80757953
QQQ,2,0.33028901,0.66971099
QQQ,2,0.12266894,0.87733106
QQQ,2,0.18994807,0.81005193
QQQ,2,0.14503048,0.85496952
QQQ,2,0.37907887,0.62092113
QQQ,2,0.21980776,0.78019224
QQQ,2,0.77833615,0.22166385
QQQ,2,0.18060546,0.81939454
QQQ,2,0.13691845,0.86308155
QQQ,2,0.17853481,0.82146519
QQQ,2,0.86716037,0.13283963
QQQ,2,0.12789185,0.87210815
QQQ,2,0.36432943,0.63567057
QQQ,2,0.13861253,0.86138747
QQQ,2,0.49682962,0.50317038
QQQ,2,0.36922340,0.63077660
QQQ,2,0.99765918,0.00234082
QQQ,2,0.30236880,0.69763120
QQQ,2,0.17742778,0.82257222
QQQ,2,0.36509299,0.63490701
QQQ,2,0.62585900,0.37414100
QQQ,2,0.65365917,0.34634083
QQQ,2,0.13009210,0.86990790
QQQ,2,0.92874335,0.07125665
QQQ,2,0.17845765,0.82154235
QQQ,2,0.16242635,0.83757365
QQQ,2,0.14281313,0.85718687
QQQ,2,0.15892813,0.84107187
QQQ,2,0.18324183,0.81675817
QQQ,2,0.15857809,0.84142191
QQQ,2,0.12915657,0.87084343
QQQ,2,0.13123905,0.86876095
QQQ,2,0.16300677,0.83699323
QQQ,2,0.76623588,0.23376412
QQQ,2,0.22011557,0.77988443
QQQ,2,0.14180392,0.85819608
QQQ,2,0.47997575,0.52002425
QQQ,2,0.24616178,0.75383822
QQQ,2,0.12270271,0.87729729
QQQ,2,0.12245850,0.87754150
QQQ,2,0.98264971,0.01735029
QQQ,2,0.12276399,0.87723601
QQQ,2,0.12953984,0.87046016
QQQ,2,0.14436750,0.85563250
QQQ,2,0.36611193,0.63388807
QQQ,2,0.14594121,0.85405879
QQQ,2,0.18362366,0.81637634
QQQ,2,0.12766793,0.87233207
QQQ,2,0.16615508,0.83384492
QQQ,2,0.25457063,0.74542937
QQQ,2,0.13663494,0.86336506
QQQ,2,0.57599657,0.42400343
QQQ,2,0.12244203,0.87755797
QQQ,2,0.53938591,0.46061409
QQQ,2,0.22438499,0.77561501
QQQ,2,0.80472239,0.19527761
QQQ,2,0.16417337,0.83582663
QQQ,2,0.19709584,0.80290416
QQQ,2,0.19745390,0.80254610
QQQ,2,0.89636656,0.10363344
QQQ,2,0.12483659,0.87516341
QQQ,2,0.14357036,0.85642964
QQQ,2,0.12357312,0.87642688
QQQ,2,0.31863371,0.68136629
QQQ,2,0.13611140,0.86388860
QQQ,2,0.24286813,0.75713187
QQQ,2,0.19016732,0.80983268
QQQ,2,0.39006329,0.60993671
QQQ,2,0.13858116,0.86141884
QQQ,2,0.74477569,0.25522431
QQQ,2,0.12685780,0.87314220
QQQ,2,0.57330598,0.42669402
QQQ,2,0.12250247,0.87749753
QQQ,2,0.24120253,0.75879747
QQQ,2,0.12327509,0.87672491
QQQ,2,0.12333086,0.87666914
QQQ,2,0.48308988,0.51691012
QQQ,2,0.12414173,0.87585827
QQQ,2,0.13111663,0.86888337
QQQ,2,0.16074786,0.83925214
QQQ,2,0.12656323,0.87343677
QQQ,2,0.12294669,0.87705331
QQQ,2,0.37569421,0.62430579
QQQ,2,0.13290351,0.86709649
QQQ,2,0.12436404,0.87563596
QQQ,2,0.12695705,0.87304295
QQQ,2,0.53325151,0.46674849
QQQ,2,0.16193832,0.83806168
QQQ,2,0.20062117,0.79937883
QQQ,2,0.17465932,0.82534068
QQQ,2,0.14299691,0.85700309
QQQ,2,0.35253131,0.64746869
QQQ,2,0.18459422,0.81540578
QQQ,2,0.13029757,0.86970243
QQQ,2,0.12574833,0.87425167
QQQ,2,0.20270640,0.79729360
QQQ,2,0.12244102,0.87755898
QQQ,2,0.13090125,0.86909875
QQQ,2,0.14759184,0.85240816
QQQ,2,0.13323064,0.86676936
QQQ,2,0.31158000,0.68842000
QQQ,2,0.64159019,0.35840981
QQQ,2,0.43504910,0.56495090
QQQ,2,0.12431442,0.87568558
QQQ,2,0.13890495,0.86109505
QQQ,2,0.12707949,0.87292051
QQQ,2,0.12366938,0.87633062
QQQ,2,0.38527774,0.61472226
QQQ,2,0.12737659,0.87262341
QQQ,2,0.42395255,0.57604745
QQQ,2,0.12290647,0.87709353
QQQ,2,0.12592900,0.87407100
QQQ,2,0.20858710,0.79141290
QQQ,2,0.17047744,0.82952256
QQQ,2,0.16667870,0.83332130
QQQ,2,0.24896620,0.75103380
QQQ,2,0.12907364,0.87092636
QQQ,2,0.30657062,0.69342938
QQQ,2,0.13205520,0.86794480
QQQ,2,0.23655238,0.76344762
QQQ,2,0.12879143,0.87120857
QQQ,2,0.14050147,0.85949853
QQQ,2,0.12673970,0.87326030
QQQ,2,0.12562718,0.87437282
QQQ,2,0.26031989,0.73968011
QQQ,2,0.21427440,0.78572560
QQQ,2,0.14164550,0.85835450
QQQ,2,0.17097529,0.82902471
QQQ,2,0.12886836,0.87113164
QQQ,2,0.74316366,0.25683634
QQQ,2,0.13533336,0.86466664
QQQ,2,0.30713525,0.69286475
QQQ,2,0.19477550,0.80522450
QQQ,2,0.40728179,0.59271821
QQQ,2,0.40477068,0.59522932
QQQ,2,0.12387634,0.87612366
QQQ,2,0.32005937,0.67994063
QQQ,2,0.13008100,0.86991900
QQQ,2,0.37721572,0.62278428
QQQ,2,0.28661293,0.71338707
QQQ,2,0.18908038,0.81091962
QQQ,2,0.20050540,0.79949460
QQQ,2,0.87460008,0.12539992
QQQ,2,0.12371716,0.87628284
QQQ,2,0.40760318,0.59239682
QQQ,2,0.13263579,0.86736421
QQQ,2,0.12305671,0.87694329
QQQ,2,0.17759424,0.82240576
QQQ,2,0.85239377,0.14760623
QQQ,2,0.21799170,0.78200830
QQQ,2,0.21142268,0.78857732
QQQ,2,0.12353622,0.87646378
QQQ,2,0.12267823,0.87732177
QQQ,2,0.14654679,0.85345321
QQQ,2,0.29894064,0.70105936
QQQ,2,0.13407382,0.86592618
QQQ,2,0.47548601,0.52451399
QQQ,2,0.12602855,0.87397145
QQQ,2,0.21696237,0.78303763
QQQ,2,0.71323733,0.28676267
QQQ,2,0.16389413,0.83610587
QQQ,2,0.80700274,0.19299726
QQQ,2,0.18865986,0.81134014
QQQ,2,0.14265012,0.85734988
QQQ,2,0.12468606,0.87531394
QQQ,2,0.49038001,0.50961999
QQQ,2,0.39167284,0.60832716
QQQ,2,0.86488548,0.13511452
QQQ,2,0.15780106,0.84219894
QQQ,2,0.13055224,0.86944776
QQQ,2,0.17279159,0.82720841
QQQ,2,0.15416650,0.84583350
QQQ,2,0.16937792,0.83062208
QQQ,2,0.18459087,0.81540913
QQQ,2,0.28965475,0.71034525
QQQ,2,0.12595381,0.87404619
QQQ,2,0.14795728,0.85204272
QQQ,2,0.16253506,0.83746494
QQQ,2,0.19939685,0.80060315
QQQ,2,0.16637021,0.83362979
QQQ,2,0.12313007,0.87686993
QQQ,2,0.13758200,0.86241800
QQQ,2,0.13820691,0.86179309
QQQ,2,0.15784184,0.84215816
QQQ,2,0.56943890,0.43056110
QQQ,2,0.16292033,0.83707967
QQQ,2,0.16062648,0.83937352
QQQ,2,0.13326597,0.86673403
QQQ,2,0.12288994,0.87711006
QQQ,2,0.12507620,0.87492380
QQQ,2,0.24311515,0.75688485
QQQ,2,0.13813599,0.86186401
QQQ,2,0.72946433,0.27053567
QQQ,2,0.12780944,0.87219056
QQQ,2,0.26147902,0.73852098
QQQ,2,0.14841279,0.85158721
QQQ,2,0.30497432,0.69502568
QQQ,2,0.24416394,0.75583606
QQQ,2,0.12387360,0.87612640
QQQ,2,0.17576708,0.82423292
QQQ,2,0.12278917,0.87721083
QQQ,2,0.16955333,0.83044667
QQQ,2,0.29513089,0.70486911
QQQ,2,0.24406891,0.75593109
QQQ,2,0.12261381,0.87738619
QQQ,2,0.16495508,0.83504492
QQQ,2,0.16500777,0.83499223
QQQ,2,0.18242044,0.81757956
QQQ,2,0.19432658,0.80567342
QQQ,2,0.43851282,0.56148718
QQQ,2,0.15009610,0.84990390
QQQ,2,0.71048207,0.28951793
QQQ,2,0.12250281,0.87749719
QQQ,2,0.23304698,0.76695302
QQQ,2,0.12287379,0.87712621
QQQ,2,0.13562659,0.86437341
QQQ,2,0.12391151,0.87608849
QQQ,2,0.20234336,0.79765664
QQQ,2,0.13243967,0.86756033
QQQ,2,0.23796944,0.76203056
QQQ,2,0.12721010,0.87278990
QQQ,2,0.71982035,0.28017965
QQQ,2,0.91704843,0.08295157
QQQ,2,0.26016709,0.73983291
QQQ,2,0.53861640,0.46138360
QQQ,2,0.13695422,0.86304578
QQQ,2,0.24920174,0.75079826
QQQ,2,0.13111169,0.86888831
QQQ,2,0.23369289,0.76630711
QQQ,2,0.13031378,0.86968622
QQQ,2,0.12683515,0.87316485
QQQ,2,0.60097628,0.39902372
QQQ,2,0.12281913,0.87718087
QQQ,2,0.54522307,0.45477693
QQQ,2,0.90010666,0.09989334
QQQ,2,0.12244067,0.87755933
QQQ,2,0.22009392,0.77990608
QQQ,2,0.16481968,0.83518032
QQQ,2,0.28014799,0.71985201
QQQ,2,0.12251307,0.87748693
QQQ,2,0.20664445,0.79335555
QQQ,2,0.23441617,0.76558383
QQQ,2,0.48799067,0.51200933
QQQ,2,0.13101583,0.86898417
QQQ,2,0.20321807,0.79678193
QQQ,2,0.12669690,0.87330310
QQQ,2,0.12248882,0.87751118
QQQ,2,0.28322306,0.71677694
QQQ,2,0.13023255,0.86976745
QQQ,2,0.13807137,0.86192863
QQQ,2,0.39832494,0.60167506
QQQ,2,0.12254880,0.87745120
QQQ,2,0.15056355,0.84943645
QQQ,2,0.33219942,0.66780058
QQQ,2,0.42151617,0.57848383
QQQ,2,0.16608672,0.83391328
QQQ,2,0.13313210,0.86686790
QQQ,2,0.17325702,0.82674298
QQQ,2,0.34235135,0.65764865
QQQ,2,0.29808805,0.70191195
QQQ,2,0.12724370,0.87275630
QQQ,2,0.19368686,0.80631314
QQQ,2,0.12353587,0.87646413
QQQ,2,0.12688573,0.87311427
QQQ,2,0.12250769,0.87749231
QQQ,2,0.13219719,0.86780281
QQQ,2,0.42095391,0.57904609
QQQ,2,0.12414975,0.87585025
QQQ,2,0.13373232,0.86626768
QQQ,2,0.17664519,0.82335481
QQQ,2,0.12356684,0.87643316
QQQ,2,0.30154908,0.69845092
QQQ,2,0.12655445,0.87344555
QQQ,2,0.90363252,0.09636748
QQQ,2,0.15933019,0.84066981
QQQ,2,0.12733881,0.87266119
QQQ,2,0.16888232,0.83111768
QQQ,2,0.20789229,0.79210771
QQQ,2,0.48370610,0.51629390
QQQ,2,0.12864512,0.87135488
QQQ,2,0.12545588,0.87454412
QQQ,2,0.12510711,0.87489289
QQQ,2,0.13607622,0.86392378
QQQ,2,0.13608187,0.86391813
QQQ,2,0.29917157,0.70082843
QQQ,2,0.14679352,0.85320648
QQQ,2,0.13737837,0.86262163
QQQ,2,0.32824317,0.67175683
QQQ,2,0.61114558,0.38885442
QQQ,2,0.14099988,0.85900012
QQQ,2,0.13303719,0.86696281
QQQ,2,0.81748410,0.18251590
QQQ,2,0.16419788,0.83580212
QQQ,2,0.12244549,0.87755451
QQQ,2,0.13180490,0.86819510
QQQ,2,0.12961920,0.87038080
QQQ,2,0.15466681,0.84533319
QQQ,2,0.14628777,0.85371223
QQQ,2,0.18800568,0.81199432
QQQ,2,0.12439459,0.87560541
QQQ,2,0.12401997,0.87598003
QQQ,2,0.12984810,0.87015190
QQQ,2,0.25638276,0.74361724
QQQ,2,0.19783893,0.80216107
QQQ,2,0.14161127,0.85838873
QQQ,2,0.14089539,0.85910461
QQQ,2,0.26487180,0.73512820
QQQ,2,0.13832677,0.86167323
QQQ,2,0.31567699,0.68432301
QQQ,2,0.17641849,0.82358151
QQQ,2,0.12418683,0.87581317
QQQ,2,0.17904925,0.82095075
QQQ,2,0.12658687,0.87341313
QQQ,2,0.12243813,0.87756187
QQQ,2,0.12536329,0.87463671
QQQ,2,0.55858417,0.44141583
QQQ,2,0.13661783,0.86338217
QQQ,2,0.12657538,0.87342462
QQQ,2,0.13090146,0.86909854
QQQ,2,0.40518734,0.59481266
QQQ,2,0.13779085,0.86220915
QQQ,2,0.14169280,0.85830720
QQQ,2,0.12585173,0.87414827
QQQ,2,0.17619140,0.82380860
QQQ,2,0.13948537,0.86051463
QQQ,2,0.12769556,0.87230444
QQQ,2,0.18531208,0.81468792
QQQ,2,0.12835409,0.87164591
QQQ,2,0.16024860,0.83975140
QQQ,2,0.22714713,0.77285287
QQQ,2,0.12399831,0.87600169
QQQ,2,0.12348612,0.87651388
QQQ,2,0.13286446,0.86713554
QQQ,2,0.18371891,0.81628109
QQQ,2,0.12394029,0.87605971
QQQ,2,0.12247107,0.87752893
QQQ,2,0.12448894,0.87551106
QQQ,2,0.20548794,0.79451206
QQQ,2,0.50428712,0.49571288
QQQ,2,0.16206259,0.83793741
QQQ,2,0.14702235,0.85297765
QQQ,2,0.13611459,0.86388541
QQQ,2,0.12255685,0.87744315
QQQ,2,0.15277779,0.84722221
QQQ,2,0.16452724,0.83547276
QQQ,2,0.26479772,0.73520228
QQQ,2,0.17923072,0.82076928
QQQ,2,0.15886295,0.84113705
QQQ,2,0.35416828,0.64583172
QQQ,2,0.55225351,0.44774649
QQQ,2,0.19299164,0.80700836
QQQ,2,0.34121379,0.65878621
QQQ,2,0.13094787,0.86905213
QQQ,2,0.22445241,0.77554759
QQQ,2,0.12255584,0.87744416
QQQ,2,0.13425143,0.86574857
QQQ,2,0.24922028,0.75077972
QQQ,2,0.13075507,0.86924493
QQQ,2,0.12578267,0.87421733
QQQ,2,0.21630820,0.78369180
QQQ,2,0.33615866,0.66384134
QQQ,2,0.12402983,0.87597017
QQQ,2,0.12576985,0.87423015
QQQ,2,0.39671779,0.60328221
QQQ,2,0.12246244,0.87753756
QQQ,2,0.28929843,0.71070157
QQQ,2,0.14030304,0.85969696
QQQ,2,0.15991149,0.84008851
QQQ,2,0.12821112,0.87178888
QQQ,2,0.27232547,0.72767453
QQQ,2,0.13286909,0.86713091
QQQ,2,0.26572694,0.73427306
QQQ,2,0.12258922,0.87741078
QQQ,2,0.23847455,0.76152545
QQQ,2,0.14839172,0.85160828
QQQ,2,0.19086198,0.80913802
QQQ,2,0.20532694,0.79467306
QQQ,2,0.12253307,0.87746693
QQQ,2,0.16298828,0.83701172
QQQ,2,0.14057162,0.85942838
QQQ,2,0.29756442,0.70243558
QQQ,2,0.17799086,0.82200914
QQQ,2,0.12724044,0.87275956
QQQ,2,0.12470761,0.87529239
QQQ,2,0.18739919,0.81260081
QQQ,2,0.13203521,0.86796479
QQQ,2,0.16828725,0.83171275
QQQ,2,0.22989154,0.77010846
QQQ,2,0.12389568,0.87610432
QQQ,2,0.14400788,0.85599212
QQQ,2,0.12420113,0.87579887
QQQ,2,0.24762901,0.75237099
QQQ,2,0.12776008,0.87223992
QQQ,2,0.12244153,0.87755847
QQQ,2,0.12507626,0.87492374
QQQ,2,0.16400676,0.83599324
QQQ,2,0.46724067,0.53275933
QQQ,2,0.13062926,0.86937074
QQQ,2,0.18705010,0.81294990
QQQ,2,0.14849676,0.85150324
QQQ,2,0.12671261,0.87328739
QQQ,2,0.12323045,0.87676955
QQQ,2,0.23524019,0.76475981
QQQ,2,0.16015721,0.83984279
QQQ,2,0.13366387,0.86633613
QQQ,2,0.13374527,0.86625473
QQQ,2,0.37931458,0.62068542
QQQ,2,0.32170649,0.67829351
QQQ,2,0.79348457,0.20651543
QQQ,2,0.12407669,0.87592331
QQQ,2,0.14396119,0.85603881
QQQ,2,0.16302490,0.83697510
QQQ,2,0.84620667,0.15379333
QQQ,2,0.28664948,0.71335052
QQQ,2,0.17085664,0.82914336
QQQ,2,0.18552349,0.81447651
QQQ,2,0.12339842,0.87660158
QQQ,2,0.20077257,0.79922743
QQQ,2,0.14603278,0.85396722
QQQ,2,0.13170242,0.86829758
QQQ,2,0.14241495,0.85758505
QQQ,2,0.24770425,0.75229575
QQQ,2,0.12437719,0.87562281
QQQ,2,0.12903680,0.87096320
QQQ,2,0.13797052,0.86202948
QQQ,2,0.15389440,0.84610560
QQQ,2,0.13752053,0.86247947
QQQ,2,0.12723987,0.87276013
QQQ,2,0.21092912,0.78907088
QQQ,2,0.15626802,0.84373198
QQQ,2,0.15212319,0.84787681
QQQ,2,0.29532444,0.70467556
QQQ,2,0.18433723,0.81566277
QQQ,2,0.13810720,0.86189280
QQQ,2,0.14239666,0.85760334
QQQ,2,0.13040161,0.86959839
QQQ,2,0.13125358,0.86874642
QQQ,2,0.19277515,0.80722485
QQQ,2,0.12290736,0.87709264
QQQ,2,0.12754190,0.87245810
QQQ,2,0.17113746,0.82886254
QQQ,2,0.15251245,0.84748755
QQQ,2,0.28450231,0.71549769
QQQ,2,0.12247735,0.87752265
QQQ,2,0.17984159,0.82015841
QQQ,2,0.12641515,0.87358485
QQQ,2,0.14394208,0.85605792
QQQ,2,0.20171755,0.79828245
QQQ,2,0.13515076,0.86484924
QQQ,2,0.13319532,0.86680468
QQQ,2,0.12853753,0.87146247
QQQ,2,0.13986256,0.86013744
QQQ,2,0.12263242,0.87736758
QQQ,2,0.12247362,0.87752638
QQQ,2,0.12259704,0.87740296
QQQ,2,0.12313426,0.87686574
QQQ,2,0.21823622,0.78176378
QQQ,2,0.23424519,0.76575481
QQQ,2,0.14331616,0.85668384
QQQ,2,0.17417908,0.82582092
QQQ,2,0.12454875,0.87545125
QQQ,2,0.15943416,0.84056584
QQQ,2,0.12490019,0.87509981
QQQ,2,0.19409812,0.80590188
QQQ,2,0.13397188,0.86602812
QQQ,2,0.13080980,0.86919020
QQQ,2,0.49923102,0.50076898
QQQ,2,0.20246542,0.79753458
QQQ,2,0.14607192,0.85392808
QQQ,2,0.12795993,0.87204007
QQQ,2,0.19780448,0.80219552
QQQ,2,0.13096778,0.86903222
QQQ,2,0.12948146,0.87051854
QQQ,2,0.22106017,0.77893983
QQQ,2,0.16046653,0.83953347
QQQ,2,0.12326133,0.87673867
QQQ,2,0.12294297,0.87705703
QQQ,2,0.13153692,0.86846308
QQQ,2,0.13000129,0.86999871
QQQ,2,0.16090199,0.83909801
QQQ,2,0.14047373,0.85952627
QQQ,2,0.16309793,0.83690207
QQQ,2,0.12402149,0.87597851
QQQ,2,0.20341475,0.79658525
QQQ,2,0.12245917,0.87754083
QQQ,2,0.18212352,0.81787648
QQQ,2,0.14098697,0.85901303
QQQ,2,0.16645360,0.83354640
QQQ,2,0.14501456,0.85498544
QQQ,2,0.17327568,0.82672432
QQQ,2,0.16550271,0.83449729
QQQ,2,0.14196629,0.85803371
QQQ,2,0.14571692,0.85428308
QQQ,2,0.36887128,0.63112872
QQQ,2,0.13971979,0.86028021
QQQ,2,0.14116649,0.85883351
QQQ,2,0.12265333,0.87734667
QQQ,2,0.12247333,0.87752667
QQQ,2,0.12724210,0.87275790
QQQ,2,0.14600043,0.85399957
QQQ,2,0.12439251,0.87560749
QQQ,2,0.12979777,0.87020223
QQQ,2,0.16194111,0.83805889
QQQ,2,0.12912486,0.87087514
QQQ,2,0.18507036,0.81492964
QQQ,2,0.12326294,0.87673706
QQQ,2,0.12992849,0.87007151
QQQ,2,0.29967085,0.70032915
QQQ,2,0.12586005,0.87413995
QQQ,2,0.12260833,0.87739167
QQQ,2,0.14219492,0.85780508
QQQ,2,0.12820200,0.87179800
QQQ,2,0.12507635,0.87492365
QQQ,2,0.22205139,0.77794861
QQQ,2,0.12338811,0.87661189
QQQ,2,0.14179411,0.85820589
QQQ,2,0.16041202,0.83958798
QQQ,2,0.13355610,0.86644390
QQQ,2,0.22795178,0.77204822
QQQ,2,0.12717954,0.87282046
QQQ,2,0.12627697,0.87372303
QQQ,2,0.12263799,0.87736201
QQQ,2,0.12526095,0.87473905
QQQ,2,0.12244840,0.87755160
QQQ,2,0.26765042,0.73234958
QQQ,2,0.15818785,0.84181215
QQQ,2,0.12989930,0.87010070
QQQ,2,0.14645984,0.85354016
QQQ,2,0.29270982,0.70729018
QQQ,2,0.30036137,0.69963863
QQQ,2,0.12298926,0.87701074
QQQ,2,0.14496717,0.85503283
QQQ,2,0.13924043,0.86075957
QQQ,2,0.24825673,0.75174327
QQQ,2,0.15309851,0.84690149
QQQ,2,0.15709396,0.84290604
QQQ,2,0.13177969,0.86822031
QQQ,2,0.15027800,0.84972200
QQQ,2,0.53303916,0.46696084
QQQ,2,0.17385435,0.82614565
QQQ,2,0.15163965,0.84836035
QQQ,2,0.34684107,0.65315893
QQQ,2,0.12666705,0.87333295
QQQ,2,0.13565050,0.86434950
QQQ,2,0.59680343,0.40319657
QQQ,2,0.14749819,0.85250181
QQQ,2,0.28046263,0.71953737
QQQ,2,0.12252112,0.87747888
QQQ,2,0.27684484,0.72315516
QQQ,2,0.34800788,0.65199212
QQQ,2,0.13751927,0.86248073
QQQ,2,0.12512862,0.87487138
QQQ,2,0.12257294,0.87742706
QQQ,2,0.12261121,0.87738879
QQQ,2,0.21217057,0.78782943
QQQ,2,0.12916525,0.87083475
QQQ,2,0.12276979,0.87723021
QQQ,2,0.13572210,0.86427790
QQQ,2,0.14393253,0.85606747
QQQ,2,0.26760347,0.73239653
QQQ,2,0.13472007,0.86527993
QQQ,2,0.12852477,0.87147523
QQQ,2,0.13177199,0.86822801
QQQ,2,0.12681763,0.87318237
QQQ,2,0.12601999,0.87398001
QQQ,2,0.16727494,0.83272506
QQQ,2,0.13876729,0.86123271
QQQ,2,0.12838721,0.87161279
QQQ,2,0.45464367,0.54535633
QQQ,2,0.12899839,0.87100161
QQQ,2,0.14810135,0.85189865
QQQ,2,0.12763258,0.87236742
QQQ,2,0.12473128,0.87526872
QQQ,2,0.15553189,0.84446811
QQQ,2,0.12863612,0.87136388
QQQ,2,0.12990065,0.87009935
QQQ,2,0.13554326,0.86445674
QQQ,2,0.12810081,0.87189919
QQQ,2,0.12412922,0.87587078
QQQ,2,0.15419441,0.84580559
QQQ,2,0.37461992,0.62538008
QQQ,2,0.12257625,0.87742375
QQQ,2,0.13069084,0.86930916
QQQ,2,0.15187288,0.84812712
QQQ,2,0.12273479,0.87726521
QQQ,2,0.17232744,0.82767256
QQQ,2,0.12407335,0.87592665
QQQ,2,0.15511747,0.84488253
QQQ,2,0.16555169,0.83444831
QQQ,2,0.62300837,0.37699163
QQQ,2,0.21803366,0.78196634
QQQ,2,0.14439230,0.85560770
QQQ,2,0.48554132,0.51445868
QQQ,2,0.13899624,0.86100376
QQQ,2,0.12429158,0.87570842
QQQ,2,0.16399083,0.83600917
QQQ,2,0.13432646,0.86567354
QQQ,2,0.12252531,0.87747469
QQQ,2,0.15220529,0.84779471
QQQ,2,0.23323009,0.76676991
QQQ,2,0.14834512,0.85165488
QQQ,2,0.95705055,0.04294945
QQQ,2,0.12319279,0.87680721
QQQ,2,0.12774271,0.87225729
QQQ,2,0.13265754,0.86734246
QQQ,2,0.15389371,0.84610629
QQQ,2,0.27699482,0.72300518
QQQ,2,0.12773448,0.87226552
QQQ,2,0.13114987,0.86885013
QQQ,2,0.12939230,0.87060770
QQQ,2,0.41507854,0.58492146
QQQ,2,0.26573351,0.73426649
QQQ,2,0.13309881,0.86690119
QQQ,2,0.13885015,0.86114985
QQQ,2,0.21562786,0.78437214
QQQ,2,0.17986638,0.82013362
QQQ,2,0.14616037,0.85383963
QQQ,2,0.22642632,0.77357368
QQQ,2,0.18940973,0.81059027
QQQ,2,0.14843294,0.85156706
QQQ,2,0.19449930,0.80550070
QQQ,2,0.15600080,0.84399920
QQQ,2,0.21821053,0.78178947
QQQ,2,0.22216706,0.77783294
QQQ,2,0.12611037,0.87388963
QQQ,2,0.12816299,0.87183701
QQQ,2,0.21534000,0.78466000
QQQ,2,0.29699596,0.70300404
QQQ,2,0.26583277,0.73416723
QQQ,2,0.12281000,0.87719000
QQQ,2,0.13866028,0.86133972
QQQ,2,0.17879823,0.82120177
QQQ,2,0.15058840,0.84941160
QQQ,2,0.12247105,0.87752895
QQQ,2,0.17631142,0.82368858
QQQ,2,0.12259888,0.87740112
QQQ,2,0.12651819,0.87348181
QQQ,2,0.40580544,0.59419456
QQQ,2,0.18624818,0.81375182
QQQ,2,0.15611169,0.84388831
QQQ,2,0.12629907,0.87370093
QQQ,2,0.12523829,0.87476171
QQQ,2,0.20123291,0.79876709
QQQ,2,0.12466799,0.87533201
QQQ,2,0.12885937,0.87114063
QQQ,2,0.13821378,0.86178622
QQQ,2,0.12252905,0.87747095
QQQ,2,0.13155581,0.86844419
QQQ,2,0.47919520,0.52080480
QQQ,2,0.13199784,0.86800216
QQQ,2,0.12440341,0.87559659
QQQ,2,0.12324809,0.87675191
QQQ,2,0.14065413,0.85934587
QQQ,2,0.19087608,0.80912392
QQQ,2,0.13024520,0.86975480
QQQ,2,0.17930088,0.82069912
QQQ,2,0.12442814,0.87557186
QQQ,2,0.17299955,0.82700045
QQQ,2,0.12248351,0.87751649
QQQ,2,0.13067254,0.86932746
QQQ,2,0.19904119,0.80095881
QQQ,2,0.48193954,0.51806046
QQQ,2,0.13827906,0.86172094
QQQ,2,0.12586281,0.87413719
QQQ,2,0.23084196,0.76915804
QQQ,2,0.12431819,0.87568181
QQQ,2,0.12693413,0.87306587
QQQ,2,0.12253279,0.87746721
QQQ,2,0.18454743,0.81545257
QQQ,2,0.18187334,0.81812666
QQQ,2,0.19365410,0.80634590
QQQ,2,0.12404523,0.87595477
QQQ,2,0.12424468,0.87575532
QQQ,2,0.16781415,0.83218585
QQQ,2,0.16844664,0.83155336
QQQ,2,0.12428224,0.87571776
QQQ,2,0.12933839,0.87066161
QQQ,2,0.17873012,0.82126988
QQQ,2,0.72880476,0.27119524
QQQ,2,0.33342766,0.66657234
QQQ,2,0.12630712,0.87369288
QQQ,2,0.16733065,0.83266935
QQQ,2,0.29288798,0.70711202
QQQ,2,0.16536726,0.83463274
QQQ,2,0.15081264,0.84918736
QQQ,2,0.18751501,0.81248499
QQQ,2,0.19426437,0.80573563
QQQ,2,0.14300300,0.85699700
QQQ,2,0.25953812,0.74046188
QQQ,2,0.13396291,0.86603709
QQQ,2,0.60814403,0.39185597
QQQ,2,0.13014133,0.86985867
QQQ,2,0.70029663,0.29970337
QQQ,2,0.12295331,0.87704669
QQQ,2,0.61216737,0.38783263
QQQ,2,0.12512058,0.87487942
QQQ,2,0.17251516,0.82748484
QQQ,2,0.12485873,0.87514127
QQQ,2,0.15394275,0.84605725
QQQ,2,0.57089004,0.42910996
QQQ,2,0.14092909,0.85907091
QQQ,2,0.17875715,0.82124285
QQQ,2,0.88711794,0.11288206
QQQ,2,0.14070375,0.85929625
QQQ,2,0.15748177,0.84251823
QQQ,2,0.12259476,0.87740524
QQQ,2,0.33584690,0.66415310
QQQ,2,0.23039491,0.76960509
QQQ,2,0.12308507,0.87691493
QQQ,2,0.12474631,0.87525369
QQQ,2,0.49675614,0.50324386
QQQ,2,0.14937026,0.85062974
QQQ,2,0.94259668,0.05740332
QQQ,2,0.12732705,0.87267295
QQQ,2,0.15444145,0.84555855
QQQ,2,0.65989376,0.34010624
QQQ,2,0.12485800,0.87514200
QQQ,2,0.23849262,0.76150738
QQQ,2,0.18560190,0.81439810
QQQ,2,0.14919722,0.85080278
QQQ,2,0.50309524,0.49690476
QQQ,2,0.43495472,0.56504528
QQQ,2,0.23652256,0.76347744
QQQ,2,0.12321209,0.87678791
QQQ,2,0.12781512,0.87218488
QQQ,2,0.26648066,0.73351934
QQQ,2,0.28901253,0.71098747
QQQ,2,0.20965717,0.79034283
QQQ,2,0.47180521,0.52819479
QQQ,2,0.14842832,0.85157168
QQQ,2,0.12253464,0.87746536
QQQ,2,0.14832191,0.85167809
QQQ,2,0.57034173,0.42965827
QQQ,2,0.12264522,0.87735478
QQQ,2,0.35843410,0.64156590
QQQ,2,0.19806481,0.80193519
QQQ,2,0.14583699,0.85416301
QQQ,2,0.13084706,0.86915294
QQQ,2,0.14945373,0.85054627
QQQ,2,0.15293869,0.84706131
QQQ,2,0.12273834,0.87726166
QQQ,2,0.15313145,0.84686855
QQQ,2,0.15073394,0.84926606
QQQ,2,0.14930851,0.85069149
QQQ,2,0.81131086,0.18868914
QQQ,2,0.80110212,0.19889788
QQQ,2,0.14799792,0.85200208
QQQ,2,0.12721171,0.87278829
QQQ,2,0.18331655,0.81668345
QQQ,2,0.12246249,0.87753751
QQQ,2,0.16531620,0.83468380
QQQ,2,0.12605497,0.87394503
QQQ,2,0.12403532,0.87596468
QQQ,2,0.16264951,0.83735049
QQQ,2,0.13031980,0.86968020
QQQ,2,0.13896547,0.86103453
QQQ,2,0.12266596,0.87733404
QQQ,2,0.14168118,0.85831882
QQQ,2,0.19320957,0.80679043
QQQ,2,0.52436919,0.47563081
QQQ,2,0.14247821,0.85752179
QQQ,2,0.13816191,0.86183809
QQQ,2,0.14780397,0.85219603
QQQ,2,0.49898985,0.50101015
QQQ,2,0.16966920,0.83033080
QQQ,2,0.12477869,0.87522131
QQQ,2,0.13184422,0.86815578
QQQ,2,0.12246949,0.87753051
QQQ,2,0.14810358,0.85189642
QQQ,2,0.29241212,0.70758788
QQQ,2,0.14276161,0.85723839
QQQ,2,0.15880992,0.84119008
QQQ,2,0.39041273,0.60958727
QQQ,2,0.14169136,0.85830864
QQQ,2,0.12245026,0.87754974
QQQ,2,0.12731188,0.87268812
QQQ,2,0.13385909,0.86614091
QQQ,2,0.25365722,0.74634278
QQQ,2,0.12904192,0.87095808
QQQ,2,0.76202200,0.23797800
QQQ,2,0.14857475,0.85142525
QQQ,2,0.12280103,0.87719897
QQQ,2,0.12971789,0.87028211
QQQ,2,0.12430167,0.87569833
QQQ,2,0.12409669,0.87590331
QQQ,2,0.38007263,0.61992737
QQQ,2,0.14186057,0.85813943
QQQ,2,0.12375450,0.87624550
QQQ,2,0.20169883,0.79830117
QQQ,2,0.14031126,0.85968874
QQQ,2,0.12401014,0.87598986
QQQ,2,0.12558305,0.87441695
QQQ,2,0.20199643,0.79800357
QQQ,2,0.14875161,0.85124839
QQQ,2,0.15595790,0.84404210
QQQ,2,0.18187024,0.81812976
QQQ,2,0.27476173,0.72523827
QQQ,2,0.14513716,0.85486284
QQQ,2,0.12493815,0.87506185
QQQ,2,0.26847098,0.73152902
QQQ,2,0.12248506,0.87751494
QQQ,2,0.12856888,0.87143112
QQQ,2,0.30072065,0.69927935
QQQ,2,0.15942269,0.84057731
QQQ,2,0.14289983,0.85710017
QQQ,2,0.13655505,0.86344495
QQQ,2,0.13973978,0.86026022
QQQ,2,0.19434805,0.80565195
QQQ,2,0.22487483,0.77512517
QQQ,2,0.13892435,0.86107565
QQQ,2,0.13806345,0.86193655
QQQ,2,0.12254554,0.87745446
QQQ,2,0.12538509,0.87461491
QQQ,2,0.12370466,0.87629534
QQQ,2,0.14908016,0.85091984
QQQ,2,0.12355122,0.87644878
QQQ,2,0.67648348,0.32351652
QQQ,2,0.12324525,0.87675475
QQQ,2,0.14478621,0.85521379
QQQ,2,0.12245592,0.87754408
QQQ,2,0.17023436,0.82976564
QQQ,2,0.26392401,0.73607599
QQQ,2,0.13206702,0.86793298
QQQ,2,0.12705325,0.87294675
QQQ,2,0.25415461,0.74584539
QQQ,2,0.13064190,0.86935810
QQQ,2,0.12903534,0.87096466
QQQ,2,0.14140683,0.85859317
QQQ,2,0.12406447,0.87593553
QQQ,2,0.21170487,0.78829513
QQQ,2,0.12890027,0.87109973
QQQ,2,0.18299101,0.81700899
QQQ,2,0.13040440,0.86959560
QQQ,2,0.13369173,0.86630827
QQQ,2,0.15926103,0.84073897
QQQ,2,0.21292056,0.78707944
QQQ,2,0.12886848,0.87113152
QQQ,2,0.13694219,0.86305781
QQQ,2,0.13417207,0.86582793
QQQ,2,0.12289996,0.87710004
QQQ,2,0.12411073,0.87588927
QQQ,2,0.49828399,0.50171601
QQQ,2,0.13041662,0.86958338
QQQ,2,0.12339686,0.87660314
QQQ,2,0.13677861,0.86322139
QQQ,2,0.23569817,0.76430183
QQQ,2,0.21599939,0.78400061
QQQ,2,0.14694711,0.85305289
QQQ,2,0.12244211,0.87755789
QQQ,2,0.16543991,0.83456009
QQQ,2,0.50941851,0.49058149
QQQ,2,0.12265653,0.87734347
QQQ,2,0.22717577,0.77282423
QQQ,2,0.12799312,0.87200688
QQQ,2,0.35147674,0.64852326
QQQ,2,0.23823601,0.76176399
QQQ,2,0.13046539,0.86953461
QQQ,2,0.12244482,0.87755518
QQQ,2,0.12250584,0.87749416
QQQ,2,0.19610275,0.80389725
QQQ,2,0.12261355,0.87738645
QQQ,2,0.13013999,0.86986001
QQQ,2,0.12279428,0.87720572
QQQ,2,0.12375440,0.87624560
QQQ,2,0.18051472,0.81948528
QQQ,2,0.12246653,0.87753347
QQQ,2,0.27180674,0.72819326
QQQ,2,0.13210229,0.86789771
QQQ,2,0.12726352,0.87273648
QQQ,2,0.39510444,0.60489556
QQQ,2,0.15354058,0.84645942
QQQ,2,0.12545894,0.87454106
QQQ,2,0.16127493,0.83872507
QQQ,2,0.12930115,0.87069885
QQQ,2,0.14210621,0.85789379
QQQ,2,0.12820554,0.87179446
QQQ,2,0.13689228,0.86310772
QQQ,2,0.99961577,0.00038423
QQQ,2,0.12268413,0.87731587
QQQ,2,0.14835774,0.85164226
QQQ,2,0.33443341,0.66556659
QQQ,2,0.17666773,0.82333227
QQQ,2,0.33583660,0.66416340
QQQ,2,0.12942407,0.87057593
QQQ,2,0.15742535,0.84257465
QQQ,2,0.12275213,0.87724787
QQQ,2,0.15195234,0.84804766
QQQ,2,0.51789258,0.48210742
QQQ,2,0.28107941,0.71892059
QQQ,2,0.12589602,0.87410398
QQQ,2,0.12246954,0.87753046
QQQ,2,0.19555756,0.80444244
QQQ,2,0.16156953,0.83843047
QQQ,2,0.55293369,0.44706631
QQQ,2,0.12532556,0.87467444
QQQ,2,0.12615184,0.87384816
QQQ,2,0.13084838,0.86915162
QQQ,2,0.15368042,0.84631958
QQQ,2,0.21200502,0.78799498
QQQ,2,0.12246539,0.87753461
QQQ,2,0.12350613,0.87649387
QQQ,2,0.12355775,0.87644225
QQQ,2,0.26108742,0.73891258
QQQ,2,0.13704616,0.86295384
QQQ,2,0.14344809,0.85655191
QQQ,2,0.12482450,0.87517550
QQQ,2,0.13958820,0.86041180
QQQ,2,0.20139997,0.79860003
QQQ,2,0.15985018,0.84014982
QQQ,2,0.12475545,0.87524455
QQQ,2,0.18797312,0.81202688
QQQ,2,0.12720720,0.87279280
QQQ,2,0.12706784,0.87293216
QQQ,2,0.12790277,0.87209723
QQQ,2,0.14169997,0.85830003
QQQ,2,0.12479600,0.87520400
QQQ,2,0.14055632,0.85944368
QQQ,2,0.27793549,0.72206451
QQQ,2,0.14647001,0.85352999
QQQ,2,0.12348015,0.87651985
QQQ,2,0.25826997,0.74173003
QQQ,2,0.12626563,0.87373437
QQQ,2,0.14759099,0.85240901
QQQ,2,0.13310466,0.86689534
QQQ,2,0.12354833,0.87645167
QQQ,2,0.12246427,0.87753573
QQQ,2,0.12526626,0.87473374
QQQ,2,0.12546830,0.87453170
QQQ,2,0.27578911,0.72421089
QQQ,2,0.23521048,0.76478952
QQQ,2,0.15214509,0.84785491
QQQ,2,0.16048247,0.83951753
QQQ,2,0.17801189,0.82198811
QQQ,2,0.13512886,0.86487114
QQQ,2,0.16966261,0.83033739
QQQ,2,0.15087273,0.84912727
QQQ,2,0.12392506,0.87607494
QQQ,2,0.13398743,0.86601257
QQQ,2,0.31071828,0.68928172
QQQ,2,0.13949284,0.86050716
QQQ,2,0.15859870,0.84140130
QQQ,2,0.17584374,0.82415626
QQQ,2,0.14108647,0.85891353
QQQ,2,0.12338334,0.87661666
QQQ,2,0.12857268,0.87142732
QQQ,2,0.12245921,0.87754079
QQQ,2,0.20596454,0.79403546
QQQ,2,0.37236920,0.62763080
QQQ,2,0.21038740,0.78961260
QQQ,2,0.12468458,0.87531542
QQQ,2,0.14170900,0.85829100
QQQ,2,0.20278765,0.79721235
QQQ,2,0.15336713,0.84663287
QQQ,2,0.18509668,0.81490332
QQQ,2,0.12399163,0.87600837
QQQ,2,0.12246828,0.87753172
QQQ,2,0.18518785,0.81481215
QQQ,2,0.17170695,0.82829305
QQQ,2,0.18448683,0.81551317
QQQ,2,0.13404539,0.86595461
QQQ,2,0.14886067,0.85113933
QQQ,2,0.31442481,0.68557519
QQQ,2,0.12245500,0.87754500
QQQ,2,0.12574752,0.87425248
QQQ,2,0.17368783,0.82631217
QQQ,2,0.15224300,0.84775700
QQQ,2,0.16488472,0.83511528
QQQ,2,0.13661542,0.86338458
QQQ,2,0.12325327,0.87674673
QQQ,2,0.16777960,0.83222040
QQQ,2,0.14809364,0.85190636
QQQ,2,0.33248412,0.66751588
QQQ,2,0.16541560,0.83458440
QQQ,2,0.12244079,0.87755921
QQQ,2,0.16355308,0.83644692
QQQ,2,0.12282670,0.87717330
QQQ,2,0.12885337,0.87114663
QQQ,2,0.13971206,0.86028794
QQQ,2,0.12246875,0.87753125
QQQ,2,0.32765184,0.67234816
QQQ,2,0.12264652,0.87735348
QQQ,2,0.18064260,0.81935740
QQQ,2,0.60047869,0.39952131
QQQ,2,0.19537122,0.80462878
QQQ,2,0.63765691,0.36234309
QQQ,2,0.15520541,0.84479459
QQQ,2,0.17308012,0.82691988
QQQ,2,0.46829418,0.53170582
QQQ,2,0.21035125,0.78964875
QQQ,2,0.15263957,0.84736043
QQQ,2,0.23109029,0.76890971
QQQ,2,0.68886080,0.31113920
QQQ,2,0.19219234,0.80780766
QQQ,2,0.13899052,0.86100948
QQQ,2,0.41336384,0.58663616
QQQ,2,0.54750098,0.45249902
QQQ,2,0.22843572,0.77156428
QQQ,2,0.41843541,0.58156459
QQQ,2,0.14025316,0.85974684
QQQ,2,0.22575121,0.77424879
QQQ,2,0.30038514,0.69961486
QQQ,2,0.12374713,0.87625287
QQQ,2,0.30490945,0.69509055
QQQ,2,0.14521725,0.85478275
QQQ,2,0.75768398,0.24231602
QQQ,2,0.87048589,0.12951411
QQQ,2,0.14267368,0.85732632
QQQ,2,0.25229085,0.74770915
QQQ,2,0.41816495,0.58183505
QQQ,2,0.17406472,0.82593528
QQQ,2,0.12267010,0.87732990
QQQ,2,0.51231440,0.48768560
QQQ,2,0.12417443,0.87582557
QQQ,2,0.29421396,0.70578604
QQQ,2,0.12305444,0.87694556
QQQ,2,0.14205903,0.85794097
QQQ,2,0.12314883,0.87685117
QQQ,2,0.16648566,0.83351434
QQQ,2,0.78662707,0.21337293
QQQ,2,0.13032622,0.86967378
QQQ,2,0.12377782,0.87622218
QQQ,2,0.15486309,0.84513691
QQQ,2,0.13682590,0.86317410
QQQ,2,0.19479105,0.80520895
QQQ,2,0.14230161,0.85769839
QQQ,2,0.14334438,0.85665562
QQQ,2,0.12709891,0.87290109
QQQ,2,0.22254065,0.77745935
QQQ,2,0.12271260,0.87728740
QQQ,2,0.14874370,0.85125630
QQQ,2,0.12466257,0.87533743
QQQ,2,0.54701866,0.45298134
QQQ,2,0.15957783,0.84042217
QQQ,2,0.14204205,0.85795795
QQQ,2,0.12769669,0.87230331
QQQ,2,0.34888661,0.65111339
QQQ,2,0.34571924,0.65428076
QQQ,2,0.15954938,0.84045062
QQQ,2,0.13428787,0.86571213
QQQ,2,0.23871274,0.76128726
QQQ,2,0.13658597,0.86341403
QQQ,2,0.78438327,0.21561673
QQQ,2,0.20738276,0.79261724
QQQ,2,0.56663960,0.43336040
QQQ,2,0.14427925,0.85572075
QQQ,2,0.25924229,0.74075771
QQQ,2,0.33616185,0.66383815
QQQ,2,0.13523196,0.86476804
QQQ,2,0.12725883,0.87274117
QQQ,2,0.30244188,0.69755812
QQQ,2,0.45201969,0.54798031
QQQ,2,0.15769459,0.84230541
QQQ,2,0.15313103,0.84686897
QQQ,2,0.21730390,0.78269610
QQQ,2,0.77910759,0.22089241
QQQ,2,0.97169647,0.02830353
QQQ,2,0.99584238,0.00415762
QQQ,2,0.93427525,0.06572475
QQQ,2,0.99664169,0.00335831
QQQ,2,0.23009507,0.76990493
QQQ,2,0.13361563,0.86638437
QQQ,2,0.16898287,0.83101713
QQQ,2,0.21986004,0.78013996
QQQ,2,0.13111119,0.86888881
QQQ,2,0.23966256,0.76033744
QQQ,2,0.19793039,0.80206961
QQQ,2,0.42032196,0.57967804
QQQ,2,0.51854847,0.48145153
QQQ,2,0.95494703,0.04505297
QQQ,2,0.15294066,0.84705934
QQQ,2,0.14488715,0.85511285
QQQ,2,0.17362183,0.82637817
QQQ,2,0.13764765,0.86235235
QQQ,2,0.40380737,0.59619263
QQQ,2,0.33235087,0.66764913
QQQ,2,0.12438149,0.87561851
QQQ,2,0.13590594,0.86409406
QQQ,2,0.72959623,0.27040377
QQQ,2,0.16274837,0.83725163
QQQ,2,0.14521603,0.85478397
QQQ,2,0.19855806,0.80144194
QQQ,2,0.82918394,0.17081606
QQQ,2,0.12351171,0.87648829
QQQ,2,0.12321618,0.87678382
QQQ,2,0.57553088,0.42446912
QQQ,2,0.59114757,0.40885243
QQQ,2,0.18649494,0.81350506
QQQ,2,0.14761278,0.85238722
QQQ,2,0.19949192,0.80050808
QQQ,2,0.12422121,0.87577879
QQQ,2,0.26019956,0.73980044
QQQ,2,0.35806401,0.64193599
QQQ,2,0.12467058,0.87532942
QQQ,2,0.99990793,0.00009207
QQQ,2,0.15569107,0.84430893
QQQ,2,0.92516568,0.07483432
QQQ,2,0.52219203,0.47780797
QQQ,2,0.12366554,0.87633446
QQQ,2,0.48793952,0.51206048
QQQ,2,0.37115697,0.62884303
QQQ,2,0.90815158,0.09184842
QQQ,2,0.22532331,0.77467669
QQQ,2,0.35716221,0.64283779
QQQ,2,0.12649171,0.87350829
QQQ,2,0.87858865,0.12141135
QQQ,2,0.13899252,0.86100748
QQQ,2,0.48182931,0.51817069
QQQ,2,0.54071006,0.45928994
QQQ,2,0.15901104,0.84098896
QQQ,2,0.12341501,0.87658499
QQQ,2,0.12255367,0.87744633
QQQ,2,0.40507728,0.59492272
QQQ,2,0.21370640,0.78629360
QQQ,2,0.25403529,0.74596471
QQQ,2,0.93780299,0.06219701
QQQ,2,0.67157203,0.32842797
QQQ,2,0.13507584,0.86492416
QQQ,2,0.20869144,0.79130856
QQQ,2,0.22747236,0.77252764
QQQ,2,0.13524190,0.86475810
QQQ,2,0.65538210,0.34461790
QQQ,2,0.41773395,0.58226605
QQQ,2,0.12962378,0.87037622
QQQ,2,0.12732021,0.87267979
QQQ,2,0.13374782,0.86625218
QQQ,2,0.18503764,0.81496236
QQQ,2,0.12914441,0.87085559
QQQ,2,0.13658901,0.86341099
QQQ,2,0.13382391,0.86617609
QQQ,2,0.14085061,0.85914939
QQQ,2,0.12934812,0.87065188
QQQ,2,0.87891418,0.12108582
QQQ,2,0.16819556,0.83180444
QQQ,2,0.13220222,0.86779778
QQQ,2,0.13712027,0.86287973
QQQ,2,0.64890346,0.35109654
QQQ,2,0.12943015,0.87056985
QQQ,2,0.58736841,0.41263159
QQQ,2,0.99441614,0.00558386
QQQ,2,0.12393632,0.87606368
QQQ,2,0.18229006,0.81770994
QQQ,2,0.46210805,0.53789195
QQQ,2,0.50619421,0.49380579
QQQ,2,0.99948645,0.00051355
QQQ,2,0.73606310,0.26393690
QQQ,2,0.59982216,0.40017784
QQQ,2,0.98722422,0.01277578
QQQ,2,0.17109205,0.82890795
QQQ,2,0.12306147,0.87693853
QQQ,2,0.68003011,0.31996989
QQQ,2,0.14901746,0.85098254
QQQ,2,0.13198146,0.86801854
QQQ,2,0.99953153,0.00046847
QQQ,2,0.12253417,0.87746583
QQQ,2,0.13213287,0.86786713
QQQ,2,0.14465609,0.85534391
QQQ,2,0.12424914,0.87575086
QQQ,2,0.15989117,0.84010883
QQQ,2,0.23084233,0.76915767
QQQ,2,0.26490744,0.73509256
QQQ,2,0.90511030,0.09488970
QQQ,2,0.14108246,0.85891754
QQQ,2,0.12245616,0.87754384
QQQ,2,0.89352606,0.10647394
QQQ,2,0.12264530,0.87735470
QQQ,2,0.97803796,0.02196204
QQQ,2,0.17439644,0.82560356
QQQ,2,0.26475996,0.73524004
QQQ,2,0.20186936,0.79813064
QQQ,2,0.17648960,0.82351040
QQQ,2,0.12383303,0.87616697
QQQ,2,0.12524309,0.87475691
QQQ,2,0.16047426,0.83952574
QQQ,2,0.16193109,0.83806891
QQQ,2,0.96366641,0.03633359
QQQ,2,0.12715865,0.87284135
QQQ,2,0.12354278,0.87645722
QQQ,2,0.14567970,0.85432030
QQQ,2,0.45821041,0.54178959
QQQ,2,0.15150527,0.84849473
QQQ,2,0.13403439,0.86596561
QQQ,2,0.46161094,0.53838906
QQQ,2,0.12975906,0.87024094
QQQ,2,0.12337195,0.87662805
QQQ,2,0.42058279,0.57941721
QQQ,2,0.12405973,0.87594027
QQQ,2,0.14832599,0.85167401
QQQ,2,0.16597556,0.83402444
QQQ,2,0.72332610,0.27667390
QQQ,2,0.12459577,0.87540423
QQQ,2,0.13184047,0.86815953
QQQ,2,0.42581004,0.57418996
QQQ,2,0.13735751,0.86264249
QQQ,2,0.19307435,0.80692565
QQQ,2,0.15538220,0.84461780
QQQ,2,0.22354181,0.77645819
QQQ,2,0.14425645,0.85574355
QQQ,2,0.23181828,0.76818172
QQQ,2,0.37064093,0.62935907
QQQ,2,0.93424047,0.06575953
QQQ,2,0.14790117,0.85209883
QQQ,2,0.14888914,0.85111086
QQQ,2,0.79743756,0.20256244
QQQ,2,0.12275647,0.87724353
QQQ,2,0.49007236,0.50992764
QQQ,2,0.19446968,0.80553032
QQQ,2,0.13183411,0.86816589
QQQ,2,0.20639814,0.79360186
QQQ,2,0.31105512,0.68894488
QQQ,2,0.88292233,0.11707767
QQQ,2,0.17387553,0.82612447
QQQ,2,0.15244534,0.84755466
QQQ,2,0.34044817,0.65955183
QQQ,2,0.99910926,0.00089074
QQQ,2,0.12391984,0.87608016
QQQ,2,0.24612922,0.75387078
QQQ,2,0.27377273,0.72622727
QQQ,2,0.76558965,0.23441035
QQQ,2,0.12620980,0.87379020
QQQ,2,0.13674807,0.86325193
QQQ,2,0.75662689,0.24337311
QQQ,2,0.82248167,0.17751833
QQQ,2,0.22001089,0.77998911
QQQ,2,0.38678095,0.61321905
QQQ,2,0.16291228,0.83708772
QQQ,2,0.12294484,0.87705516
QQQ,2,0.77654434,0.22345566
QQQ,2,0.16519482,0.83480518
QQQ,2,0.65176862,0.34823138
QQQ,2,0.12875744,0.87124256
QQQ,2,0.12284062,0.87715938
QQQ,2,0.26827769,0.73172231
QQQ,2,0.30152775,0.69847225
QQQ,2,0.25081312,0.74918688
QQQ,2,0.49762421,0.50237579
QQQ,2,0.55617337,0.44382663
QQQ,2,0.14026872,0.85973128
QQQ,2,0.12327503,0.87672497
QQQ,2,0.25345457,0.74654543
QQQ,2,0.21122669,0.78877331
QQQ,2,0.97476145,0.02523855
QQQ,2,0.38401248,0.61598752
QQQ,2,0.14047205,0.85952795
QQQ,2,0.70077646,0.29922354
QQQ,2,0.19357985,0.80642015
QQQ,2,0.12642484,0.87357516
QQQ,2,0.12398947,0.87601053
QQQ,2,0.22120573,0.77879427
QQQ,2,0.12346071,0.87653929
QQQ,2,0.21866727,0.78133273
QQQ,2,0.26639938,0.73360062
QQQ,2,0.12256190,0.87743810
QQQ,2,0.13897813,0.86102187
QQQ,2,0.25910832,0.74089168
QQQ,2,0.59608399,0.40391601
QQQ,2,0.12455168,0.87544832
QQQ,2,0.14059485,0.85940515
QQQ,2,0.17037449,0.82962551
QQQ,2,0.58136933,0.41863067
QQQ,2,0.26767338,0.73232662
QQQ,2,0.21625607,0.78374393
QQQ,2,0.98737813,0.01262187
QQQ,2,0.15541505,0.84458495
QQQ,2,0.13797189,0.86202811
QQQ,2,0.57994819,0.42005181
QQQ,2,0.15363558,0.84636442
QQQ,2,0.45428933,0.54571067
QQQ,2,0.12612090,0.87387910
QQQ,2,0.96355598,0.03644402
QQQ,2,0.14405275,0.85594725
QQQ,2,0.99999929,0.00000071
QQQ,2,0.95943759,0.04056241
QQQ,2,0.97059025,0.02940975
QQQ,2,0.99988442,0.00011558
QQQ,2,0.17651136,0.82348864
QQQ,2,0.13339408,0.86660592
QQQ,2,0.35473212,0.64526788
QQQ,2,0.17809538,0.82190462
QQQ,2,1.00000000,0.00000000
QQQ,2,0.73096752,0.26903248
QQQ,2,0.25452830,0.74547170
QQQ,2,0.99992686,0.00007314
QQQ,2,0.48833154,0.51166846
QQQ,2,0.99896304,0.00103696
QQQ,2,1.00000000,0.00000000
QQQ,2,0.27138469,0.72861531
QQQ,2,0.96027470,0.03972530
QQQ,2,0.16863136,0.83136864
QQQ,2,1.00000000,0.00000000
QQQ,2,0.99742429,0.00257571
QQQ,2,1.00000000,0.00000000
QQQ,2,0.99991488,0.00008512
QQQ,2,0.12244128,0.87755872
QQQ,2,0.95028506,0.04971494
QQQ,2,0.99999664,0.00000336
QQQ,2,0.94690802,0.05309198
QQQ,2,0.16469517,0.83530483
QQQ,2,0.98818123,0.01181877
QQQ,2,0.95369326,0.04630674
QQQ,2,1.00000000,0.00000000
QQQ,2,0.12506056,0.87493944
QQQ,2,0.99673115,0.00326885
QQQ,2,0.12881145,0.87118855
QQQ,2,0.12260885,0.87739115
QQQ,2,0.90806210,0.09193790
QQQ,2,0.99999745,0.00000255
QQQ,2,0.99996857,0.00003143
QQQ,2,0.33716774,0.66283226
QQQ,2,0.30628445,0.69371555
QQQ,2,0.65544475,0.34455525
QQQ,2,0.99998704,0.00001296
QQQ,2,0.99999966,0.00000034
QQQ,2,0.99998305,0.00001695
QQQ,2,0.62959728,0.37040272
QQQ,2,0.13509923,0.86490077
QQQ,2,0.99999944,0.00000056
QQQ,2,0.99999820,0.00000180
QQQ,2,0.99642211,0.00357789
QQQ,2,0.99999997,0.00000003
QQQ,2,0.12271641,0.87728359
QQQ,2,0.99977291,0.00022709
QQQ,2,0.14337140,0.85662860
QQQ,2,1.00000000,0.00000000
QQQ,2,0.91338695,0.08661305
QQQ,2,0.85884020,0.14115980
QQQ,2,0.83559773,0.16440227
QQQ,2,0.99860186,0.00139814
QQQ,2,0.99864379,0.00135621
QQQ,2,0.12409545,0.87590455
QQQ,2,0.12413917,0.87586083
QQQ,2,0.91308385,0.08691615
QQQ,2,0.46895270,0.53104730
QQQ,2,0.44246595,0.55753405
QQQ,2,0.99995607,0.00004393
QQQ,2,0.20052570,0.79947430
QQQ,2,0.37181747,0.62818253
QQQ,2,0.15058482,0.84941518
QQQ,2,0.68317590,0.31682410
QQQ,2,0.14534622,0.85465378
QQQ,2,0.12367751,0.87632249
QQQ,2,0.12254309,0.87745691
QQQ,2,0.16735477,0.83264523
QQQ,2,0.55891885,0.44108115
QQQ,2,0.18182421,0.81817579
QQQ,2,0.99981096,0.00018904
QQQ,2,0.12603557,0.87396443
QQQ,2,0.23189139,0.76810861
QQQ,2,0.91738501,0.08261499
QQQ,2,0.18286615,0.81713385
QQQ,2,0.73762314,0.26237686
QQQ,2,0.51527329,0.48472671
QQQ,2,0.12423656,0.87576344
QQQ,2,0.97234505,0.02765495
QQQ,2,0.30676828,0.69323172
QQQ,2,0.20266634,0.79733366
QQQ,2,0.99998952,0.00001048
QQQ,2,0.99848933,0.00151067
QQQ,2,0.27324992,0.72675008
QQQ,2,0.14530854,0.85469146
QQQ,2,0.15327709,0.84672291
QQQ,2,0.16318040,0.83681960
QQQ,2,0.99215063,0.00784937
QQQ,2,0.73781149,0.26218851
QQQ,2,0.43202443,0.56797557
QQQ,2,0.19084668,0.80915332
QQQ,2,0.33757047,0.66242953
QQQ,2,0.12699897,0.87300103
QQQ,2,0.69645948,0.30354052
QQQ,2,0.88685162,0.11314838
QQQ,2,0.15038206,0.84961794
QQQ,2,0.99432979,0.00567021
QQQ,2,0.14999650,0.85000350
QQQ,2,0.19775184,0.80224816
QQQ,2,0.13275637,0.86724363
QQQ,2,0.99900581,0.00099419
QQQ,2,0.12438610,0.87561390
QQQ,2,0.41951082,0.58048918
QQQ,2,0.12464899,0.87535101
QQQ,2,0.99446860,0.00553140
QQQ,2,0.95929581,0.04070419
QQQ,2,0.14886772,0.85113228
QQQ,2,0.89094712,0.10905288
QQQ,2,0.21926843,0.78073157
QQQ,2,0.99025548,0.00974452
QQQ,2,0.12795669,0.87204331
QQQ,2,0.80067392,0.19932608
QQQ,2,0.93335749,0.06664251
QQQ,2,0.17117208,0.82882792
QQQ,2,0.73502897,0.26497103
QQQ,2,0.99999994,0.00000006
QQQ,2,0.43403298,0.56596702
QQQ,2,0.99459772,0.00540228
QQQ,2,0.13777431,0.86222569
QQQ,2,0.33112877,0.66887123
QQQ,2,0.99480753,0.00519247
QQQ,2,0.28537168,0.71462832
QQQ,2,0.12422536,0.87577464
QQQ,2,0.31645080,0.68354920
QQQ,2,0.99999980,0.00000020
QQQ,2,0.36415462,0.63584538
QQQ,2,0.14649299,0.85350701
QQQ,2,0.94731421,0.05268579
QQQ,2,0.40624958,0.59375042
QQQ,2,0.79505913,0.20494087
QQQ,2,0.14807386,0.85192614
QQQ,2,0.29213285,0.70786715
QQQ,2,0.98118513,0.01881487
QQQ,2,0.60226458,0.39773542
QQQ,2,0.12243692,0.87756308
QQQ,2,0.84923107,0.15076893
QQQ,2,0.32746622,0.67253378
QQQ,2,0.95415619,0.04584381
QQQ,2,0.12298946,0.87701054
QQQ,2,0.21140732,0.78859268
QQQ,2,0.12997378,0.87002622
QQQ,2,0.80521877,0.19478123
QQQ,2,0.12948333,0.87051667
QQQ,2,0.96815060,0.03184940
QQQ,2,0.23763405,0.76236595
QQQ,2,0.12568976,0.87431024
QQQ,2,0.20366328,0.79633672
QQQ,2,0.45385962,0.54614038
QQQ,2,0.12650450,0.87349550
QQQ,2,0.15022310,0.84977690
QQQ,2,0.26818538,0.73181462
QQQ,2,0.20137163,0.79862837
QQQ,2,0.13123611,0.86876389
QQQ,2,0.56557389,0.43442611
QQQ,2,0.12251663,0.87748337
QQQ,2,0.12319792,0.87680208
QQQ,2,0.75185308,0.24814692
QQQ,2,0.12275727,0.87724273
QQQ,2,0.12600098,0.87399902
QQQ,2,0.23673360,0.76326640
QQQ,2,0.90356827,0.09643173
QQQ,2,0.17925273,0.82074727
QQQ,2,0.12331235,0.87668765
QQQ,2,0.85731906,0.14268094
QQQ,2,0.14593214,0.85406786
QQQ,2,0.12493062,0.87506938
QQQ,2,0.47780066,0.52219934
QQQ,2,0.13474491,0.86525509
QQQ,2,0.99298595,0.00701405
QQQ,2,0.13798818,0.86201182
QQQ,2,0.25493017,0.74506983
QQQ,2,0.24862869,0.75137131
QQQ,2,0.94001951,0.05998049
QQQ,2,0.12991793,0.87008207
QQQ,2,0.12405709,0.87594291
QQQ,2,0.21533699,0.78466301
QQQ,2,0.12391711,0.87608289
QQQ,2,0.12592200,0.87407800
QQQ,2,0.15942226,0.84057774
QQQ,2,0.12872110,0.87127890
QQQ,2,0.12245009,0.87754991
QQQ,2,0.13658577,0.86341423
QQQ,2,0.60601812,0.39398188
QQQ,2,0.21657806,0.78342194
QQQ,2,0.16520268,0.83479732
QQQ,2,0.12443887,0.87556113
QQQ,2,0.21306889,0.78693111
QQQ,2,0.94763321,0.05236679
QQQ,2,0.12983979,0.87016021
QQQ,2,0.33069376,0.66930624
QQQ,2,0.57204903,0.42795097
QQQ,2,0.13250454,0.86749546
QQQ,2,0.12864833,0.87135167
QQQ,2,0.12414283,0.87585717
QQQ,2,0.12260933,0.87739067
QQQ,2,0.67884132,0.32115868
QQQ,2,0.15025219,0.84974781
QQQ,2,0.86669471,0.13330529
QQQ,2,0.12998556,0.87001444
QQQ,2,0.12287791,0.87712209
QQQ,2,0.13568399,0.86431601
QQQ,2,0.51889849,0.48110151
QQQ,2,0.13737082,0.86262918
QQQ,2,0.98792928,0.01207072
QQQ,2,0.28596669,0.71403331
QQQ,2,0.15978992,0.84021008
QQQ,2,0.20114178,0.79885822
QQQ,2,0.16083749,0.83916251
QQQ,2,0.18106078,0.81893922
QQQ,2,0.69690572,0.30309428
QQQ,2,0.14556841,0.85443159
QQQ,2,0.16809376,0.83190624
QQQ,2,0.15239127,0.84760873
QQQ,2,0.15039504,0.84960496
QQQ,2,0.14433612,0.85566388
QQQ,2,0.12587924,0.87412076
QQQ,2,0.32141506,0.67858494
QQQ,2,0.12272329,0.87727671
QQQ,2,0.15521841,0.84478159
QQQ,2,0.18283209,0.81716791
QQQ,2,0.22932605,0.77067395
QQQ,2,0.15176219,0.84823781
QQQ,2,0.17089401,0.82910599
QQQ,2,0.30982059,0.69017941
QQQ,2,0.14504374,0.85495626
QQQ,2,0.20371465,0.79628535
QQQ,2,0.94821911,0.05178089
QQQ,2,0.23491186,0.76508814
QQQ,2,0.14813712,0.85186288
QQQ,2,0.25167259,0.74832741
QQQ,2,0.29666046,0.70333954
QQQ,2,0.12248524,0.87751476
QQQ,2,0.12995197,0.87004803
QQQ,2,0.12397685,0.87602315
QQQ,2,0.12621527,0.87378473
QQQ,2,0.12308662,0.87691338
QQQ,2,0.19470513,0.80529487
QQQ,2,0.52504177,0.47495823
QQQ,2,0.12557757,0.87442243
QQQ,2,0.14280389,0.85719611
QQQ,2,0.64348918,0.35651082
QQQ,2,0.21046151,0.78953849
QQQ,2,0.19535454,0.80464546
QQQ,2,0.20069576,0.79930424
QQQ,2,0.12455120,0.87544880
QQQ,2,0.13392342,0.86607658
QQQ,2,0.12929750,0.87070250
QQQ,2,0.31772311,0.68227689
QQQ,2,0.12274441,0.87725559
QQQ,2,0.12565834,0.87434166
QQQ,2,0.12836144,0.87163856
QQQ,2,0.12512412,0.87487588
QQQ,2,0.13459722,0.86540278
QQQ,2,0.18108530,0.81891470
QQQ,2,0.18701023,0.81298977
QQQ,2,0.36061973,0.63938027
QQQ,2,0.13188253,0.86811747
QQQ,2,0.12333150,0.87666850
QQQ,2,0.95363311,0.04636689
QQQ,2,0.13538765,0.86461235
QQQ,2,0.14950890,0.85049110
QQQ,2,0.44539245,0.55460755
QQQ,2,0.13328100,0.86671900
QQQ,2,0.13950846,0.86049154
QQQ,2,0.14554138,0.85445862
QQQ,2,0.12657001,0.87342999
QQQ,2,0.12265926,0.87734074
QQQ,2,0.27869188,0.72130812
QQQ,2,0.12384949,0.87615051
QQQ,2,0.14552377,0.85447623
QQQ,2,0.18655336,0.81344664
QQQ,2,0.12258192,0.87741808
QQQ,2,0.12356392,0.87643608
QQQ,2,0.13137808,0.86862192
QQQ,2,0.13230724,0.86769276
QQQ,2,0.12901125,0.87098875
QQQ,2,0.34630220,0.65369780
QQQ,2,0.75143081,0.24856919
QQQ,2,0.31618989,0.68381011
QQQ,2,0.89228213,0.10771787
QQQ,2,0.12930836,0.87069164
QQQ,2,0.12515983,0.87484017
QQQ,2,0.12496263,0.87503737
QQQ,2,0.79403620,0.20596380
QQQ,2,0.15779440,0.84220560
QQQ,2,0.69503601,0.30496399
QQQ,2,0.13209259,0.86790741
QQQ,2,0.15967542,0.84032458
QQQ,2,0.13949091,0.86050909
QQQ,2,0.16760516,0.83239484
QQQ,2,0.20094836,0.79905164
QQQ,2,0.13264934,0.86735066
QQQ,2,0.13734327,0.86265673
QQQ,2,0.35838775,0.64161225
QQQ,2,0.14684981,0.85315019
QQQ,2,0.32273583,0.67726417
QQQ,2,0.12690279,0.87309721
QQQ,2,0.13696699,0.86303301
QQQ,2,0.33059538,0.66940462
QQQ,2,0.12257501,0.87742499
QQQ,2,0.18838274,0.81161726
QQQ,2,0.12479460,0.87520540
QQQ,2,0.13002285,0.86997715
QQQ,2,0.13830305,0.86169695
QQQ,2,0.13582022,0.86417978
QQQ,2,0.14649549,0.85350451
QQQ,2,0.18491911,0.81508089
QQQ,2,0.13966597,0.86033403
QQQ,2,0.12822514,0.87177486
QQQ,2,0.18586340,0.81413660
QQQ,2,0.13973523,0.86026477
QQQ,2,0.12371576,0.87628424
QQQ,2,0.24534759,0.75465241
QQQ,2,0.34357663,0.65642337
QQQ,2,0.22420939,0.77579061
QQQ,2,0.15802293,0.84197707
QQQ,2,0.16679488,0.83320512
QQQ,2,0.19198998,0.80801002
QQQ,2,0.14570764,0.85429236
QQQ,2,0.12942274,0.87057726
QQQ,2,0.12799158,0.87200842
QQQ,2,0.18086468,0.81913532
QQQ,2,0.29500971,0.70499029
QQQ,2,0.12253115,0.87746885
QQQ,2,0.14053244,0.85946756
QQQ,2,0.12249283,0.87750717
QQQ,2,0.16479730,0.83520270
QQQ,2,0.13026010,0.86973990
QQQ,2,0.24569877,0.75430123
QQQ,2,0.22297055,0.77702945
QQQ,2,0.12300585,0.87699415
QQQ,2,0.21486174,0.78513826
QQQ,2,0.33791014,0.66208986
QQQ,2,0.29362477,0.70637523
QQQ,2,0.18596149,0.81403851
QQQ,2,0.96258510,0.03741490
QQQ,2,0.12341306,0.87658694
QQQ,2,0.12247866,0.87752134
QQQ,2,0.16613784,0.83386216
QQQ,2,0.83383059,0.16616941
QQQ,2,0.48703485,0.51296515
QQQ,2,0.17484712,0.82515288
QQQ,2,0.17550357,0.82449643
QQQ,2,0.14945365,0.85054635
QQQ,2,0.92570669,0.07429331
QQQ,2,0.15437493,0.84562507
QQQ,2,0.16668446,0.83331554
QQQ,2,0.19849711,0.80150289
QQQ,2,0.12445279,0.87554721
QQQ,2,0.33635889,0.66364111
QQQ,2,0.12715231,0.87284769
QQQ,2,0.27514090,0.72485910
QQQ,2,0.14896988,0.85103012
QQQ,2,0.15595868,0.84404132
QQQ,2,0.12245274,0.87754726
QQQ,2,0.12424465,0.87575535
QQQ,2,0.26539176,0.73460824
QQQ,2,0.18318858,0.81681142
QQQ,2,0.12247400,0.87752600
QQQ,2,0.13233675,0.86766325
QQQ,2,0.30982468,0.69017532
QQQ,2,0.13244555,0.86755445
QQQ,2,0.12464740,0.87535260
QQQ,2,0.12977337,0.87022663
QQQ,2,0.33098979,0.66901021
QQQ,2,0.12757964,0.87242036
QQQ,2,0.14836678,0.85163322
QQQ,2,0.17153159,0.82846841
QQQ,2,0.13497370,0.86502630
QQQ,2,0.12281107,0.87718893
QQQ,2,0.12572298,0.87427702
QQQ,2,0.14687768,0.85312232
QQQ,2,0.12772559,0.87227441
QQQ,2,0.13116771,0.86883229
QQQ,2,0.14328052,0.85671948
QQQ,2,0.17608717,0.82391283
QQQ,2,0.15565748,0.84434252
QQQ,2,0.13225000,0.86775000
QQQ,2,0.12361754,0.87638246
QQQ,2,0.12275837,0.87724163
QQQ,2,0.13647671,0.86352329
QQQ,2,0.13039879,0.86960121
QQQ,2,0.13405796,0.86594204
QQQ,2,0.12244481,0.87755519
QQQ,2,0.17976489,0.82023511
QQQ,2,0.12940251,0.87059749
QQQ,2,0.12452202,0.87547798
QQQ,2,0.12545292,0.87454708
QQQ,2,0.14480596,0.85519404
QQQ,2,0.12336424,0.87663576
QQQ,2,0.14065742,0.85934258
QQQ,2,0.24002946,0.75997054
QQQ,2,0.13995645,0.86004355
QQQ,2,0.21808365,0.78191635
QQQ,2,0.12312834,0.87687166
QQQ,2,0.13457899,0.86542101
QQQ,2,0.14418160,0.85581840
QQQ,2,0.14630135,0.85369865
QQQ,2,0.13626462,0.86373538
QQQ,2,0.12412483,0.87587517
QQQ,2,0.63057973,0.36942027
QQQ,2,0.12272663,0.87727337
QQQ,2,0.37488746,0.62511254
QQQ,2,0.49998797,0.50001203
QQQ,2,0.27881276,0.72118724
QQQ,2,0.95960855,0.04039145
QQQ,2,0.14736587,0.85263413
QQQ,2,0.99330875,0.00669125
QQQ,2,0.89419662,0.10580338
QQQ,2,0.99997192,0.00002808
QQQ,2,0.12268692,0.87731308
QQQ,2,0.60669331,0.39330669
QQQ,2,0.32204533,0.67795467
QQQ,2,0.52578395,0.47421605
QQQ,2,0.12353641,0.87646359
QQQ,2,0.30995351,0.69004649
QQQ,2,0.17350426,0.82649574
QQQ,2,0.99821246,0.00178754
QQQ,2,0.17149680,0.82850320
QQQ,2,0.13883625,0.86116375
QQQ,2,0.12324792,0.87675208
QQQ,2,0.22095119,0.77904881
QQQ,2,0.99514451,0.00485549
QQQ,2,0.13389529,0.86610471
QQQ,2,0.16394624,0.83605376
QQQ,2,0.69648670,0.30351330
QQQ,2,0.20077026,0.79922974
QQQ,2,0.98324390,0.01675610
QQQ,2,0.55099003,0.44900997
QQQ,2,0.13453345,0.86546655
QQQ,2,0.18385127,0.81614873
QQQ,2,0.89957077,0.10042923
QQQ,2,0.20697960,0.79302040
QQQ,2,0.12396164,0.87603836
QQQ,2,0.87965633,0.12034367
QQQ,2,0.14167643,0.85832357
QQQ,2,0.13565283,0.86434717
QQQ,2,0.12328140,0.87671860
QQQ,2,0.16974752,0.83025248
QQQ,2,0.16777443,0.83222557
QQQ,2,0.13757954,0.86242046
QQQ,2,0.35790995,0.64209005
QQQ,2,0.12718515,0.87281485
QQQ,2,0.13397569,0.86602431
QQQ,2,0.99867349,0.00132651
QQQ,2,0.43750619,0.56249381
QQQ,2,0.14124799,0.85875201
QQQ,2,0.13064227,0.86935773
QQQ,2,0.12701660,0.87298340
QQQ,2,0.96930664,0.03069336
QQQ,2,0.15799817,0.84200183
QQQ,2,0.21719903,0.78280097
QQQ,2,0.13068464,0.86931536
QQQ,2,0.27383489,0.72616511
QQQ,2,0.14459567,0.85540433
QQQ,2,0.12425837,0.87574163
QQQ,2,0.90410319,0.09589681
QQQ,2,0.15424559,0.84575441
QQQ,2,0.21705347,0.78294653
QQQ,2,0.25294832,0.74705168
QQQ,2,0.80063149,0.19936851
QQQ,2,0.15524145,0.84475855
QQQ,2,0.18964157,0.81035843
QQQ,2,0.12249779,0.87750221
QQQ,2,0.16123447,0.83876553
QQQ,2,0.16390499,0.83609501
QQQ,2,0.12359553,0.87640447
QQQ,2,0.47021605,0.52978395
QQQ,2,0.12837999,0.87162001
QQQ,2,0.20576094,0.79423906
QQQ,2,0.12465823,0.87534177
QQQ,2,0.12323940,0.87676060
QQQ,2,0.15073767,0.84926233
QQQ,2,0.17018868,0.82981132
QQQ,2,0.90594643,0.09405357
QQQ,2,0.19294781,0.80705219
QQQ,2,0.17638896,0.82361104
QQQ,2,0.12305025,0.87694975
QQQ,2,0.24613424,0.75386576
QQQ,2,0.13611498,0.86388502
QQQ,2,0.30481362,0.69518638
QQQ,2,0.12268974,0.87731026
QQQ,2,0.20269121,0.79730879
QQQ,2,0.51909605,0.48090395
QQQ,2,0.16608082,0.83391918
QQQ,2,0.24516326,0.75483674
QQQ,2,0.23148325,0.76851675
QQQ,2,0.20081162,0.79918838
QQQ,2,0.12974623,0.87025377
QQQ,2,0.92900396,0.07099604
QQQ,2,0.24998679,0.75001321
QQQ,2,0.47178040,0.52821960
QQQ,2,0.14012229,0.85987771
QQQ,2,0.24300617,0.75699383
QQQ,2,0.13345810,0.86654190
QQQ,2,0.13441800,0.86558200
QQQ,2,0.29735740,0.70264260
QQQ,2,0.13906709,0.86093291
QQQ,2,0.15609480,0.84390520
QQQ,2,0.13497121,0.86502879
QQQ,2,0.13215892,0.86784108
QQQ,2,0.43237153,0.56762847
QQQ,2,0.12296527,0.87703473
QQQ,2,0.12454742,0.87545258
QQQ,2,0.12262799,0.87737201
QQQ,2,0.55448613,0.44551387
QQQ,2,0.13393367,0.86606633
QQQ,2,0.12246327,0.87753673
QQQ,2,0.12456429,0.87543571
QQQ,2,0.13534592,0.86465408
QQQ,2,0.12385696,0.87614304
QQQ,2,0.21598376,0.78401624
QQQ,2,0.73560006,0.26439994
QQQ,2,0.16342010,0.83657990
QQQ,2,0.13353462,0.86646538
QQQ,2,0.15105540,0.84894460
QQQ,2,0.12297569,0.87702431
QQQ,2,0.15577894,0.84422106
QQQ,2,0.17231922,0.82768078
QQQ,2,0.12329941,0.87670059
QQQ,2,0.62375915,0.37624085
QQQ,2,0.12648041,0.87351959
QQQ,2,0.17360947,0.82639053
QQQ,2,0.15003454,0.84996546
QQQ,2,0.12464403,0.87535597
QQQ,2,0.15679914,0.84320086
QQQ,2,0.13995592,0.86004408
QQQ,2,0.12890507,0.87109493
QQQ,2,0.12958699,0.87041301
QQQ,2,0.12587062,0.87412938
QQQ,2,0.12489926,0.87510074
QQQ,2,0.12275317,0.87724683
QQQ,2,0.20524899,0.79475101
QQQ,2,0.13907230,0.86092770
QQQ,2,0.25843243,0.74156757
QQQ,2,0.12290881,0.87709119
QQQ,2,0.12436963,0.87563037
QQQ,2,0.13983678,0.86016322
QQQ,2,0.13604226,0.86395774
QQQ,2,0.14630975,0.85369025
QQQ,2,0.38880382,0.61119618
QQQ,2,0.13749857,0.86250143
QQQ,2,0.43397796,0.56602204
QQQ,2,0.12435698,0.87564302
QQQ,2,0.33664931,0.66335069
QQQ,2,0.12434551,0.87565449
QQQ,2,0.18041711,0.81958289
QQQ,2,0.34199706,0.65800294
QQQ,2,0.52519445,0.47480555
QQQ,2,0.12608281,0.87391719
QQQ,2,0.13095083,0.86904917
QQQ,2,0.25209354,0.74790646
QQQ,2,0.55993455,0.44006545
QQQ,2,0.20746747,0.79253253
QQQ,2,0.13285332,0.86714668
QQQ,2,0.12244935,0.87755065
QQQ,2,0.12276190,0.87723810
QQQ,2,0.13081359,0.86918641
QQQ,2,0.12336687,0.87663313
QQQ,2,0.15287780,0.84712220
QQQ,2,0.12845075,0.87154925
QQQ,2,0.12446395,0.87553605
QQQ,2,0.13426687,0.86573313
QQQ,2,0.16023020,0.83976980
QQQ,2,0.12317479,0.87682521
QQQ,2,0.12319984,0.87680016
QQQ,2,0.14616024,0.85383976
QQQ,2,0.12248393,0.87751607
QQQ,2,0.12568692,0.87431308
QQQ,2,0.12251299,0.87748701
QQQ,2,0.12461862,0.87538138
QQQ,2,0.12508909,0.87491091
QQQ,2,0.12568348,0.87431652
QQQ,2,0.13071803,0.86928197
QQQ,2,0.32979098,0.67020902
QQQ,2,0.12244382,0.87755618
QQQ,2,0.18185571,0.81814429
QQQ,2,0.13057946,0.86942054
QQQ,2,0.12249701,0.87750299
QQQ,2,0.13142357,0.86857643
QQQ,2,0.12394277,0.87605723
QQQ,2,0.15698414,0.84301586
QQQ,2,0.12282673,0.87717327
QQQ,2,0.16325264,0.83674736
QQQ,2,0.12875065,0.87124935
QQQ,2,0.21167817,0.78832183
QQQ,2,0.16089096,0.83910904
QQQ,2,0.17322922,0.82677078
QQQ,2,0.25964846,0.74035154
QQQ,2,0.12451594,0.87548406
QQQ,2,0.14498916,0.85501084
QQQ,2,0.14956469,0.85043531
QQQ,2,0.81448973,0.18551027
QQQ,2,0.13056670,0.86943330
QQQ,2,0.43540032,0.56459968
QQQ,2,0.12252984,0.87747016
QQQ,2,0.12630533,0.87369467
QQQ,2,0.14198358,0.85801642
QQQ,2,0.13910092,0.86089908
QQQ,2,0.15438150,0.84561850
QQQ,2,0.12309132,0.87690868
QQQ,2,0.12430124,0.87569876
QQQ,2,0.15643121,0.84356879
QQQ,2,0.12736697,0.87263303
QQQ,2,0.12291565,0.87708435
QQQ,2,0.14975688,0.85024312
QQQ,2,0.12243847,0.87756153
QQQ,2,0.12465356,0.87534644
QQQ,2,0.94266888,0.05733112
QQQ,2,0.19491510,0.80508490
QQQ,2,0.12935312,0.87064688
QQQ,2,0.28358266,0.71641734
QQQ,2,0.12807304,0.87192696
QQQ,2,0.33987651,0.66012349
QQQ,2,0.13454522,0.86545478
QQQ,2,0.50444399,0.49555601
QQQ,2,0.13113131,0.86886869
QQQ,2,0.25733348,0.74266652
QQQ,2,0.12789717,0.87210283
QQQ,2,0.15642270,0.84357730
QQQ,2,0.35888919,0.64111081
QQQ,2,0.13802368,0.86197632
QQQ,2,0.13175462,0.86824538
QQQ,2,0.29713544,0.70286456
QQQ,2,0.82737660,0.17262340
QQQ,2,0.15589877,0.84410123
QQQ,2,0.12733184,0.87266816
QQQ,2,0.52245766,0.47754234
QQQ,2,0.12293571,0.87706429
QQQ,2,0.14899150,0.85100850
QQQ,2,0.44389747,0.55610253
QQQ,2,0.13080935,0.86919065
QQQ,2,0.13498353,0.86501647
QQQ,2,0.18592417,0.81407583
QQQ,2,0.13800860,0.86199140
QQQ,2,0.12506610,0.87493390
QQQ,2,0.12283052,0.87716948
QQQ,2,0.12866356,0.87133644
QQQ,2,0.12707565,0.87292435
QQQ,2,0.12517753,0.87482247
QQQ,2,0.12270980,0.87729020
QQQ,2,0.13577973,0.86422027
QQQ,2,0.13045002,0.86954998
QQQ,2,0.15738728,0.84261272
QQQ,2,0.16456283,0.83543717
QQQ,2,0.12394747,0.87605253
QQQ,2,0.12372104,0.87627896
QQQ,2,0.15703180,0.84296820
QQQ,2,0.14304133,0.85695867
QQQ,2,0.67995306,0.32004694
QQQ,2,0.18680694,0.81319306
QQQ,2,0.13236860,0.86763140
QQQ,2,0.14638064,0.85361936
QQQ,2,0.15647653,0.84352347
QQQ,2,0.12289459,0.87710541
QQQ,2,0.12266379,0.87733621
QQQ,2,0.12476390,0.87523610
QQQ,2,0.13729764,0.86270236
QQQ,2,0.12454992,0.87545008
QQQ,2,0.14349382,0.85650618
QQQ,2,0.12738591,0.87261409
QQQ,2,0.13066655,0.86933345
QQQ,2,0.17635314,0.82364686
QQQ,2,0.15163440,0.84836560
QQQ,2,0.14521607,0.85478393
QQQ,2,0.23277818,0.76722182
QQQ,2,0.44429184,0.55570816
QQQ,2,0.12338930,0.87661070
QQQ,2,0.16136100,0.83863900
QQQ,2,0.12992143,0.87007857
QQQ,2,0.15559858,0.84440142
QQQ,2,0.32480249,0.67519751
QQQ,2,0.15792895,0.84207105
QQQ,2,0.12732405,0.87267595
QQQ,2,0.14604329,0.85395671
QQQ,2,0.14189227,0.85810773
QQQ,2,0.38815252,0.61184748
QQQ,2,0.60210143,0.39789857
QQQ,2,0.12394401,0.87605599
QQQ,2,0.36325772,0.63674228
QQQ,2,0.17790733,0.82209267
QQQ,2,0.12764155,0.87235845
QQQ,2,0.16148222,0.83851778
QQQ,2,0.12332367,0.87667633
QQQ,2,0.34512666,0.65487334
QQQ,2,0.12280115,0.87719885
QQQ,2,0.23545708,0.76454292
QQQ,2,0.47302584,0.52697416
QQQ,2,0.13413039,0.86586961
QQQ,2,0.13338083,0.86661917
QQQ,2,0.13688097,0.86311903
QQQ,2,0.63005118,0.36994882
QQQ,2,0.14376661,0.85623339
QQQ,2,0.19105471,0.80894529
QQQ,2,0.41855440,0.58144560
QQQ,2,0.33151308,0.66848692
QQQ,2,0.32029632,0.67970368
QQQ,2,0.14251275,0.85748725
QQQ,2,0.29441167,0.70558833
QQQ,2,0.35751751,0.64248249
QQQ,2,0.14905607,0.85094393
QQQ,2,0.13333996,0.86666004
QQQ,2,0.29046780,0.70953220
QQQ,2,0.12433538,0.87566462
QQQ,2,0.44257401,0.55742599
QQQ,2,0.17539422,0.82460578
QQQ,2,0.12745392,0.87254608
QQQ,2,0.22980278,0.77019722
QQQ,2,0.25380763,0.74619237
QQQ,2,0.13899963,0.86100037
QQQ,2,0.70691351,0.29308649
QQQ,2,0.12872634,0.87127366
QQQ,2,0.15874417,0.84125583
QQQ,2,0.20266403,0.79733597
QQQ,2,0.12319219,0.87680781
QQQ,2,0.12710199,0.87289801
QQQ,2,0.85098348,0.14901652
QQQ,2,0.12251389,0.87748611
QQQ,2,0.13412262,0.86587738
QQQ,2,0.13647256,0.86352744
QQQ,2,0.85069911,0.14930089
QQQ,2,0.16403898,0.83596102
QQQ,2,0.99997882,0.00002118
QQQ,2,0.17219851,0.82780149
QQQ,2,1.00000000,0.00000000
QQQ,2,0.99975251,0.00024749
QQQ,2,0.99953686,0.00046314
QQQ,2,0.99969963,0.00030037
QQQ,2,0.18341108,0.81658892
QQQ,2,0.40952425,0.59047575
QQQ,2,0.15705967,0.84294033
QQQ,2,0.14335191,0.85664809
QQQ,2,0.99999546,0.00000454
QQQ,2,0.62764102,0.37235898
QQQ,2,0.12247500,0.87752500
QQQ,2,0.99875755,0.00124245
QQQ,2,0.19877975,0.80122025
QQQ,2,0.29497718,0.70502282
QQQ,2,0.77517739,0.22482261
QQQ,2,0.91366496,0.08633504
QQQ,2,0.18234498,0.81765502
QQQ,2,0.12885630,0.87114370
QQQ,2,0.17474287,0.82525713
QQQ,2,0.77410654,0.22589346
QQQ,2,0.12389257,0.87610743
QQQ,2,0.76284430,0.23715570
QQQ,2,0.12846081,0.87153919
QQQ,2,0.64274820,0.35725180
QQQ,2,0.21765514,0.78234486
QQQ,2,0.25936568,0.74063432
QQQ,2,0.34286763,0.65713237
QQQ,2,0.36632957,0.63367043
QQQ,2,0.20523571,0.79476429
QQQ,2,0.12384150,0.87615850
QQQ,2,0.13209986,0.86790014
QQQ,2,0.44035728,0.55964272
QQQ,2,0.98843175,0.01156825
QQQ,2,0.16430956,0.83569044
QQQ,2,0.20607442,0.79392558
QQQ,2,0.22324217,0.77675783
QQQ,2,0.28392158,0.71607842
QQQ,2,0.24355107,0.75644893
QQQ,2,0.89756917,0.10243083
QQQ,2,0.91273361,0.08726639
QQQ,2,0.43471548,0.56528452
QQQ,2,0.82285785,0.17714215
QQQ,2,0.50358398,0.49641602
QQQ,2,0.13505185,0.86494815
QQQ,2,0.98908505,0.01091495
QQQ,2,0.17010748,0.82989252
QQQ,2,0.15331515,0.84668485
QQQ,2,0.18990429,0.81009571
QQQ,2,0.50859096,0.49140904
QQQ,2,0.29407739,0.70592261
QQQ,2,0.24171179,0.75828821
QQQ,2,0.52932568,0.47067432
QQQ,2,0.14115503,0.85884497
QQQ,2,0.21908593,0.78091407
QQQ,2,0.61120034,0.38879966
QQQ,2,0.45747612,0.54252388
QQQ,2,0.12359127,0.87640873
QQQ,2,0.85804420,0.14195580
QQQ,2,0.12785410,0.87214590
QQQ,2,0.34611782,0.65388218
QQQ,2,0.89162523,0.10837477
QQQ,2,0.14693672,0.85306328
QQQ,2,0.54336131,0.45663869
QQQ,2,0.13041082,0.86958918
QQQ,2,0.16199506,0.83800494
QQQ,2,0.22581612,0.77418388
QQQ,2,0.99070536,0.00929464
QQQ,2,0.12485876,0.87514124
QQQ,2,0.40430937,0.59569063
QQQ,2,0.13935476,0.86064524
QQQ,2,0.22515759,0.77484241
QQQ,2,0.37468561,0.62531439
QQQ,2,0.77269923,0.22730077
QQQ,2,0.19152382,0.80847618
QQQ,2,0.60084625,0.39915375
QQQ,2,0.12449469,0.87550531
QQQ,2,0.74251529,0.25748471
QQQ,2,0.17655206,0.82344794
QQQ,2,0.98002570,0.01997430
QQQ,2,0.13578751,0.86421249
QQQ,2,0.99678111,0.00321889
QQQ,2,0.17370085,0.82629915
QQQ,2,0.12278477,0.87721523
QQQ,2,0.21395910,0.78604090
QQQ,2,0.12562421,0.87437579
QQQ,2,0.12250554,0.87749446
QQQ,2,0.40848175,0.59151825
QQQ,2,0.32188285,0.67811715
QQQ,2,0.21643085,0.78356915
QQQ,2,0.21226988,0.78773012
QQQ,2,0.39844724,0.60155276
QQQ,2,0.13283383,0.86716617
QQQ,2,0.13351292,0.86648708
QQQ,2,0.18978395,0.81021605
QQQ,2,0.93081182,0.06918818
QQQ,2,0.26631261,0.73368739
QQQ,2,0.17881576,0.82118424
QQQ,2,0.17051886,0.82948114
QQQ,2,0.13082860,0.86917140
QQQ,2,0.21440868,0.78559132
QQQ,2,0.15087511,0.84912489
QQQ,2,0.12779822,0.87220178
QQQ,2,0.50969426,0.49030574
QQQ,2,0.13890050,0.86109950
QQQ,2,0.18302179,0.81697821
QQQ,2,0.13278133,0.86721867
QQQ,2,0.12685988,0.87314012
QQQ,2,0.15671908,0.84328092
QQQ,2,0.12565043,0.87434957
QQQ,2,0.13426963,0.86573037
QQQ,2,0.12893163,0.87106837
QQQ,2,0.17924199,0.82075801
QQQ,2,0.27586506,0.72413494
QQQ,2,0.15802801,0.84197199
QQQ,2,0.12261451,0.87738549
QQQ,2,0.12260471,0.87739529
QQQ,2,0.12455846,0.87544154
QQQ,2,0.24461431,0.75538569
QQQ,2,0.12733674,0.87266326
QQQ,2,0.12924089,0.87075911
QQQ,2,0.12284843,0.87715157
QQQ,2,0.12377703,0.87622297
QQQ,2,0.16747431,0.83252569
QQQ,2,0.13037616,0.86962384
QQQ,2,0.29539279,0.70460721
QQQ,2,0.12244329,0.87755671
QQQ,2,0.12670571,0.87329429
QQQ,2,0.14050080,0.85949920
QQQ,2,0.16036754,0.83963246
QQQ,2,0.14769117,0.85230883
QQQ,2,0.18002707,0.81997293
QQQ,2,0.12689877,0.87310123
QQQ,2,0.14884073,0.85115927
QQQ,2,0.26961771,0.73038229
QQQ,2,0.12679571,0.87320429
QQQ,2,0.12891076,0.87108924
QQQ,2,0.13516947,0.86483053
QQQ,2,0.14939138,0.85060862
QQQ,2,0.13030334,0.86969666
QQQ,2,0.12458567,0.87541433
QQQ,2,0.20024572,0.79975428
QQQ,2,0.13146808,0.86853192
QQQ,2,0.16650354,0.83349646
QQQ,2,0.12260328,0.87739672
QQQ,2,0.19544538,0.80455462
QQQ,2,0.20295558,0.79704442
QQQ,2,0.15088315,0.84911685
QQQ,2,0.20695552,0.79304448
QQQ,2,0.13869447,0.86130553
QQQ,2,0.12326839,0.87673161
QQQ,2,0.48361112,0.51638888
QQQ,2,0.13500299,0.86499701
QQQ,2,0.13164251,0.86835749
QQQ,2,0.12252466,0.87747534
QQQ,2,0.15563821,0.84436179
QQQ,2,0.12519179,0.87480821
QQQ,2,0.12263026,0.87736974
QQQ,2,0.12480432,0.87519568
QQQ,2,0.12274449,0.87725551
QQQ,2,0.41398275,0.58601725
QQQ,2,0.12591431,0.87408569
QQQ,2,0.12826853,0.87173147
QQQ,2,0.13198084,0.86801916
QQQ,2,0.12563950,0.87436050
QQQ,2,0.19480192,0.80519808
QQQ,2,0.12246028,0.87753972
QQQ,2,0.26782067,0.73217933
QQQ,2,0.14089833,0.85910167
QQQ,2,0.16340510,0.83659490
QQQ,2,0.37575795,0.62424205
QQQ,2,0.13012348,0.86987652
QQQ,2,0.20954322,0.79045678
QQQ,2,0.30143427,0.69856573
QQQ,2,0.22531496,0.77468504
QQQ,2,0.49066270,0.50933730
QQQ,2,0.12464699,0.87535301
QQQ,2,0.20411520,0.79588480
QQQ,2,0.12979306,0.87020694
QQQ,2,0.19182161,0.80817839
QQQ,2,0.14552907,0.85447093
QQQ,2,0.83074836,0.16925164
QQQ,2,0.15514002,0.84485998
QQQ,2,0.15954673,0.84045327
QQQ,2,0.15008632,0.84991368
QQQ,2,0.12379639,0.87620361
QQQ,2,0.12647307,0.87352693
QQQ,2,0.20158991,0.79841009
QQQ,2,0.83665756,0.16334244
QQQ,2,0.12300426,0.87699574
QQQ,2,0.13674499,0.86325501
QQQ,2,0.12881102,0.87118898
QQQ,2,0.12581724,0.87418276
QQQ,2,0.12253712,0.87746288
QQQ,2,0.18604572,0.81395428
QQQ,2,0.13140235,0.86859765
QQQ,2,0.15874186,0.84125814
QQQ,2,0.65810943,0.34189057
QQQ,2,0.30904011,0.69095989
QQQ,2,0.84434850,0.15565150
QQQ,2,0.12245299,0.87754701
QQQ,2,0.12828653,0.87171347
QQQ,2,0.14971124,0.85028876
QQQ,2,0.12389525,0.87610475
QQQ,2,0.24144798,0.75855202
QQQ,2,0.16311444,0.83688556
QQQ,2,0.13340042,0.86659958
QQQ,2,0.90028975,0.09971025
QQQ,2,0.14429734,0.85570266
QQQ,2,0.12895030,0.87104970
QQQ,2,0.72799231,0.27200769
QQQ,2,0.12628975,0.87371025
QQQ,2,0.20148106,0.79851894
QQQ,2,0.39236709,0.60763291
QQQ,2,0.22611552,0.77388448
QQQ,2,0.15427112,0.84572888
QQQ,2,0.13149440,0.86850560
QQQ,2,0.24054980,0.75945020
QQQ,2,0.19762885,0.80237115
QQQ,2,0.22141072,0.77858928
QQQ,2,0.12436058,0.87563942
QQQ,2,0.79685957,0.20314043
QQQ,2,0.17986469,0.82013531
QQQ,2,0.55554604,0.44445396
QQQ,2,0.14242568,0.85757432
QQQ,2,0.14152700,0.85847300
QQQ,2,0.20446142,0.79553858
QQQ,2,0.96013163,0.03986837
QQQ,2,0.13315993,0.86684007
QQQ,2,0.19343746,0.80656254
QQQ,2,0.12331888,0.87668112
QQQ,2,0.23808153,0.76191847
QQQ,2,0.12632311,0.87367689
QQQ,2,0.20466447,0.79533553
QQQ,2,0.14675415,0.85324585
QQQ,2,0.19734256,0.80265744
QQQ,2,0.30006426,0.69993574
QQQ,2,0.12593668,0.87406332
QQQ,2,0.14317940,0.85682060
QQQ,2,0.27779827,0.72220173
QQQ,2,0.23397799,0.76602201
QQQ,2,0.23822011,0.76177989
QQQ,2,0.24433570,0.75566430
QQQ,2,0.18163518,0.81836482
QQQ,2,0.16175136,0.83824864
QQQ,2,0.24570353,0.75429647
QQQ,2,0.75768039,0.24231961
QQQ,2,0.12322071,0.87677929
QQQ,2,0.12274287,0.87725713
QQQ,2,0.12779205,0.87220795
QQQ,2,0.13093324,0.86906676
QQQ,2,0.47292899,0.52707101
QQQ,2,0.17149060,0.82850940
QQQ,2,0.18732677,0.81267323
QQQ,2,0.12251518,0.87748482
QQQ,2,0.12920457,0.87079543
QQQ,2,0.12276494,0.87723506
QQQ,2,0.12634915,0.87365085
QQQ,2,0.12265585,0.87734415
QQQ,2,0.12668370,0.87331630
QQQ,2,0.23471345,0.76528655
QQQ,2,0.13914681,0.86085319
QQQ,2,0.12545413,0.87454587
QQQ,2,0.13058022,0.86941978
QQQ,2,0.13188591,0.86811409
QQQ,2,0.16737881,0.83262119
QQQ,2,0.14438544,0.85561456
QQQ,2,0.12391410,0.87608590
QQQ,2,0.12251900,0.87748100
QQQ,2,0.12244001,0.87755999
QQQ,2,0.19676025,0.80323975
QQQ,2,0.14567200,0.85432800
QQQ,2,0.12317641,0.87682359
QQQ,2,0.12279755,0.87720245
QQQ,2,0.65585989,0.34414011
QQQ,2,0.12247325,0.87752675
QQQ,2,0.23427402,0.76572598
QQQ,2,0.12586513,0.87413487
QQQ,2,0.12548859,0.87451141
QQQ,2,0.27523983,0.72476017
QQQ,2,0.19040563,0.80959437
QQQ,2,0.12384602,0.87615398
QQQ,2,0.12341179,0.87658821
QQQ,2,0.12461397,0.87538603
QQQ,2,0.12286382,0.87713618
QQQ,2,0.12249453,0.87750547
QQQ,2,0.14493997,0.85506003
QQQ,2,0.30282553,0.69717447
QQQ,2,0.18216079,0.81783921
QQQ,2,0.24922588,0.75077412
QQQ,2,0.16391732,0.83608268
QQQ,2,0.12343092,0.87656908
QQQ,2,0.12602507,0.87397493
QQQ,2,0.14939908,0.85060092
QQQ,2,0.13196988,0.86803012
QQQ,2,0.13703292,0.86296708
QQQ,2,0.18329185,0.81670815
QQQ,2,0.39786461,0.60213539
QQQ,2,0.14847879,0.85152121
QQQ,2,0.13301860,0.86698140
QQQ,2,0.12287104,0.87712896
QQQ,2,0.15584267,0.84415733
QQQ,2,0.30398609,0.69601391
QQQ,2,0.12260852,0.87739148
QQQ,2,0.21422019,0.78577981
QQQ,2,0.80625052,0.19374948
QQQ,2,0.12883803,0.87116197
QQQ,2,0.20158615,0.79841385
QQQ,2,0.13102816,0.86897184
QQQ,2,0.12272227,0.87727773
QQQ,2,0.12695367,0.87304633
QQQ,2,0.14506261,0.85493739
QQQ,2,0.28613811,0.71386189
QQQ,2,0.19784871,0.80215129
QQQ,2,0.15062688,0.84937312
QQQ,2,0.12416148,0.87583852
QQQ,2,0.73974827,0.26025173
QQQ,2,0.41011735,0.58988265
QQQ,2,0.12551907,0.87448093
QQQ,2,0.12268145,0.87731855
QQQ,2,0.15210154,0.84789846
QQQ,2,0.24012591,0.75987409
QQQ,2,0.13418602,0.86581398
QQQ,2,0.13038376,0.86961624
QQQ,2,0.74495281,0.25504719
QQQ,2,0.12443600,0.87556400
QQQ,2,0.12831819,0.87168181
QQQ,2,0.33038758,0.66961242
QQQ,2,0.13968268,0.86031732
QQQ,2,0.12604876,0.87395124
QQQ,2,0.17286222,0.82713778
QQQ,2,0.14744588,0.85255412
QQQ,2,0.12295964,0.87704036
QQQ,2,0.12435598,0.87564402
QQQ,2,0.12281076,0.87718924
QQQ,2,0.21843486,0.78156514
QQQ,2,0.14324332,0.85675668
QQQ,2,0.14638745,0.85361255
QQQ,2,0.12739404,0.87260596
QQQ,2,0.25650315,0.74349685
QQQ,2,0.12337326,0.87662674
QQQ,2,0.15889779,0.84110221
QQQ,2,0.19602277,0.80397723
QQQ,2,0.24222518,0.75777482
QQQ,2,0.33831036,0.66168964
QQQ,2,0.12734790,0.87265210
QQQ,2,0.12255535,0.87744465
QQQ,2,0.20848116,0.79151884
QQQ,2,0.12644338,0.87355662
QQQ,2,0.18450884,0.81549116
QQQ,2,0.12515347,0.87484653
QQQ,2,0.19721124,0.80278876
QQQ,2,0.57277257,0.42722743
QQQ,2,0.97457132,0.02542868
QQQ,2,0.12606339,0.87393661
QQQ,2,0.12527081,0.87472919
QQQ,2,0.12244611,0.87755389
QQQ,2,0.12502429,0.87497571
QQQ,2,0.13051452,0.86948548
QQQ,2,0.14601996,0.85398004
QQQ,2,0.12445983,0.87554017
QQQ,2,0.13278461,0.86721539
QQQ,2,0.13878540,0.86121460
QQQ,2,0.13009387,0.86990613
QQQ,2,0.13648070,0.86351930
QQQ,2,0.12431088,0.87568912
QQQ,2,0.12421176,0.87578824
QQQ,2,0.14584705,0.85415295
QQQ,2,0.27268956,0.72731044
QQQ,2,0.13535474,0.86464526
QQQ,2,0.12454880,0.87545120
QQQ,2,0.12258906,0.87741094
QQQ,2,0.12475343,0.87524657
QQQ,2,0.12572569,0.87427431
QQQ,2,0.22398386,0.77601614
QQQ,2,0.40597097,0.59402903
QQQ,2,0.29557262,0.70442738
QQQ,2,0.12878155,0.87121845
QQQ,2,0.12356018,0.87643982
QQQ,2,0.19609200,0.80390800
QQQ,2,0.12292463,0.87707537
QQQ,2,0.13045184,0.86954816
QQQ,2,0.12906130,0.87093870
QQQ,2,0.12248424,0.87751576
QQQ,2,0.12713132,0.87286868
QQQ,2,0.15457072,0.84542928
QQQ,2,0.33214088,0.66785912
QQQ,2,0.21954343,0.78045657
QQQ,2,0.17428663,0.82571337
QQQ,2,0.24344925,0.75655075
QQQ,2,0.12992310,0.87007690
QQQ,2,0.19084992,0.80915008
QQQ,2,0.12347288,0.87652712
QQQ,2,0.13493219,0.86506781
QQQ,2,0.13533340,0.86466660
QQQ,2,0.32746784,0.67253216
QQQ,2,0.12367521,0.87632479
QQQ,2,0.12842293,0.87157707
QQQ,2,0.12328377,0.87671623
QQQ,2,0.12816584,0.87183416
QQQ,2,0.12946107,0.87053893
QQQ,2,0.12356505,0.87643495
QQQ,2,0.12822383,0.87177617
QQQ,2,0.12664670,0.87335330
QQQ,2,0.12530036,0.87469964
QQQ,2,0.12519499,0.87480501
QQQ,2,0.15222070,0.84777930
QQQ,2,0.21491611,0.78508389
QQQ,2,0.18374351,0.81625649
QQQ,2,0.13040170,0.86959830
QQQ,2,0.14239685,0.85760315
QQQ,2,0.12369656,0.87630344
QQQ,2,0.12704154,0.87295846
QQQ,2,0.15081110,0.84918890
QQQ,2,0.16042934,0.83957066
QQQ,2,0.17912703,0.82087297
QQQ,2,0.12244772,0.87755228
QQQ,2,0.17509205,0.82490795
QQQ,2,0.13676867,0.86323133
QQQ,2,0.15077269,0.84922731
QQQ,2,0.54804728,0.45195272
QQQ,2,0.12307033,0.87692967
QQQ,2,0.12244971,0.87755029
QQQ,2,0.55415228,0.44584772
QQQ,2,0.23555950,0.76444050
QQQ,2,0.54782702,0.45217298
QQQ,2,0.30580579,0.69419421
QQQ,2,0.23313189,0.76686811
QQQ,2,0.20060430,0.79939570
QQQ,2,0.20803211,0.79196789
QQQ,2,0.12263188,0.87736812
QQQ,2,0.14309396,0.85690604
QQQ,2,0.12739168,0.87260832
QQQ,2,0.18186323,0.81813677
QQQ,2,0.16076487,0.83923513
QQQ,2,0.13142493,0.86857507
QQQ,2,0.25055007,0.74944993
QQQ,2,0.23986694,0.76013306
QQQ,2,0.13865759,0.86134241
QQQ,2,0.12246118,0.87753882
QQQ,2,0.13773867,0.86226133
QQQ,2,0.12326558,0.87673442
QQQ,2,0.14722348,0.85277652
QQQ,2,0.12378408,0.87621592
QQQ,2,0.14160129,0.85839871
QQQ,2,0.12582775,0.87417225
QQQ,2,0.12275399,0.87724601
QQQ,2,0.18826118,0.81173882
QQQ,2,0.12301511,0.87698489
QQQ,2,0.12365377,0.87634623
QQQ,2,0.17589370,0.82410630
QQQ,2,0.12693918,0.87306082
QQQ,2,0.12312184,0.87687816
QQQ,2,0.14847326,0.85152674
QQQ,2,0.13432183,0.86567817
QQQ,2,0.14009071,0.85990929
QQQ,2,0.18092448,0.81907552
QQQ,2,0.12375782,0.87624218
QQQ,2,0.14148916,0.85851084
QQQ,2,0.26905583,0.73094417
QQQ,2,0.13152164,0.86847836
QQQ,2,0.26742505,0.73257495
QQQ,2,0.12358950,0.87641050
QQQ,2,0.18374414,0.81625586
QQQ,2,0.23885640,0.76114360
QQQ,2,0.22287549,0.77712451
QQQ,2,0.14901868,0.85098132
QQQ,2,0.19166704,0.80833296
QQQ,2,0.17070503,0.82929497
QQQ,2,0.19968565,0.80031435
QQQ,2,0.78376300,0.21623700
QQQ,2,0.15557846,0.84442154
QQQ,2,0.22114902,0.77885098
QQQ,2,0.14938670,0.85061330
QQQ,2,0.17688140,0.82311860
QQQ,2,0.13832863,0.86167137
QQQ,2,0.12493503,0.87506497
QQQ,2,0.14889112,0.85110888
QQQ,2,0.12284202,0.87715798
QQQ,2,0.13403437,0.86596563
QQQ,2,0.16341886,0.83658114
QQQ,2,0.12390909,0.87609091
QQQ,2,0.14900844,0.85099156
QQQ,2,0.14618430,0.85381570
QQQ,2,0.56937869,0.43062131
QQQ,2,0.14335961,0.85664039
QQQ,2,0.12942239,0.87057761
QQQ,2,0.12302308,0.87697692
QQQ,2,0.12630224,0.87369776
QQQ,2,0.12597204,0.87402796
QQQ,2,0.20197244,0.79802756
QQQ,2,0.12542676,0.87457324
QQQ,2,0.16168188,0.83831812
QQQ,2,0.12763323,0.87236677
QQQ,2,0.14633319,0.85366681
QQQ,2,0.14383137,0.85616863
QQQ,2,0.12339064,0.87660936
QQQ,2,0.14095698,0.85904302
QQQ,2,0.12496233,0.87503767
QQQ,2,0.20252138,0.79747862
QQQ,2,0.14739469,0.85260531
QQQ,2,0.12364319,0.87635681
QQQ,2,0.14284832,0.85715168
QQQ,2,0.12515151,0.87484849
QQQ,2,0.13533582,0.86466418
QQQ,2,0.13142217,0.86857783
QQQ,2,0.12572204,0.87427796
QQQ,2,0.14166657,0.85833343
QQQ,2,0.12917336,0.87082664
QQQ,2,0.40556557,0.59443443
QQQ,2,0.12370715,0.87629285
QQQ,2,0.12644373,0.87355627
QQQ,2,0.13348783,0.86651217
QQQ,2,0.12889662,0.87110338
QQQ,2,0.19048327,0.80951673
QQQ,2,0.15496957,0.84503043
QQQ,2,0.12350684,0.87649316
QQQ,2,0.57360408,0.42639592
QQQ,2,0.12682533,0.87317467
QQQ,2,0.14750920,0.85249080
QQQ,2,0.14443555,0.85556445
QQQ,2,0.14239804,0.85760196
QQQ,2,0.20590237,0.79409763
QQQ,2,0.12631998,0.87368002
QQQ,2,0.12425698,0.87574302
QQQ,2,0.22962604,0.77037396
QQQ,2,0.14196001,0.85803999
QQQ,2,0.12316563,0.87683437
QQQ,2,0.12259938,0.87740062
QQQ,2,0.12259386,0.87740614
QQQ,2,0.12674856,0.87325144
QQQ,2,0.14985495,0.85014505
QQQ,2,0.23904755,0.76095245
QQQ,2,0.12927675,0.87072325
QQQ,2,0.12718835,0.87281165
QQQ,2,0.12493617,0.87506383
QQQ,2,0.12248012,0.87751988
QQQ,2,0.12991923,0.87008077
QQQ,2,0.16000684,0.83999316
QQQ,2,0.12300873,0.87699127
QQQ,2,0.12511203,0.87488797
QQQ,2,0.19260033,0.80739967
QQQ,2,0.12244077,0.87755923
QQQ,2,0.21925692,0.78074308
QQQ,2,0.16438925,0.83561075
QQQ,2,0.17035617,0.82964383
QQQ,2,0.53173931,0.46826069
QQQ,2,0.13540813,0.86459187
QQQ,2,0.54863448,0.45136552
QQQ,2,0.17706143,0.82293857
QQQ,2,0.17095518,0.82904482
QQQ,2,0.12833891,0.87166109
QQQ,2,0.22054870,0.77945130
QQQ,2,0.14659081,0.85340919
QQQ,2,0.40052280,0.59947720
QQQ,2,0.12922089,0.87077911
QQQ,2,0.12563033,0.87436967
QQQ,2,0.14443198,0.85556802
QQQ,2,0.13271167,0.86728833
QQQ,2,0.15542112,0.84457888
QQQ,2,0.12285747,0.87714253
QQQ,2,0.12487708,0.87512292
QQQ,2,0.12287025,0.87712975
QQQ,2,0.12549797,0.87450203
QQQ,2,0.12243954,0.87756046
QQQ,2,0.12352317,0.87647683
QQQ,2,0.12325461,0.87674539
QQQ,2,0.12244438,0.87755562
QQQ,2,0.49853462,0.50146538
QQQ,2,0.24298513,0.75701487
QQQ,2,0.12412665,0.87587335
QQQ,2,0.12506085,0.87493915
QQQ,2,0.23626993,0.76373007
QQQ,2,0.13146713,0.86853287
QQQ,2,0.12658035,0.87341965
QQQ,2,0.18714667,0.81285333
QQQ,2,0.12921927,0.87078073
QQQ,2,0.12793611,0.87206389
QQQ,2,0.19159436,0.80840564
QQQ,2,0.14388478,0.85611522
QQQ,2,0.12837497,0.87162503
QQQ,2,0.14206318,0.85793682
QQQ,2,0.15792331,0.84207669
QQQ,2,0.15043001,0.84956999
QQQ,2,0.12548781,0.87451219
QQQ,2,0.12273375,0.87726625
QQQ,2,0.12277323,0.87722677
QQQ,2,0.12339161,0.87660839
QQQ,2,0.15639612,0.84360388
QQQ,2,0.13434835,0.86565165
QQQ,2,0.12244735,0.87755265
QQQ,2,0.25494737,0.74505263
QQQ,2,0.12918275,0.87081725
QQQ,2,0.12489467,0.87510533
QQQ,2,0.14017028,0.85982972
QQQ,2,0.12423481,0.87576519
QQQ,2,0.22794651,0.77205349
QQQ,2,0.12539271,0.87460729
QQQ,2,0.20336873,0.79663127
QQQ,2,0.21115209,0.78884791
QQQ,2,0.12378893,0.87621107
QQQ,2,0.13126558,0.86873442
QQQ,2,0.12559161,0.87440839
QQQ,2,0.12372393,0.87627607
QQQ,2,0.14778470,0.85221530
QQQ,2,0.16040873,0.83959127
QQQ,2,0.15836267,0.84163733
QQQ,2,0.13468485,0.86531515
QQQ,2,0.17413032,0.82586968
QQQ,2,0.12624991,0.87375009
QQQ,2,0.12706070,0.87293930
QQQ,2,0.12829935,0.87170065
QQQ,2,0.31849555,0.68150445
QQQ,2,0.46092125,0.53907875
QQQ,2,0.17248716,0.82751284
QQQ,2,0.12366395,0.87633605
QQQ,2,0.13988957,0.86011043
QQQ,2,0.15718700,0.84281300
QQQ,2,0.12699591,0.87300409
QQQ,2,0.12743700,0.87256300
QQQ,2,0.55134072,0.44865928
QQQ,2,0.21310086,0.78689914
QQQ,2,0.12491120,0.87508880
QQQ,2,0.21820779,0.78179221
QQQ,2,0.43598413,0.56401587
QQQ,2,0.12511631,0.87488369
QQQ,2,0.69197401,0.30802599
QQQ,2,0.14441397,0.85558603
QQQ,2,0.12877320,0.87122680
QQQ,2,0.25658695,0.74341305
QQQ,2,0.46491657,0.53508343
QQQ,2,0.15727217,0.84272783
QQQ,2,0.24606090,0.75393910
QQQ,2,0.12716824,0.87283176
QQQ,2,0.16554835,0.83445165
QQQ,2,0.12619311,0.87380689
QQQ,2,0.14022233,0.85977767
QQQ,2,0.14977555,0.85022445
QQQ,2,0.13491713,0.86508287
QQQ,2,0.12357126,0.87642874
QQQ,2,0.14110113,0.85889887
QQQ,2,0.12288089,0.87711911
QQQ,2,0.12272905,0.87727095
QQQ,2,0.14836223,0.85163777
QQQ,2,0.12279771,0.87720229
QQQ,2,0.15644137,0.84355863
QQQ,2,0.23874736,0.76125264
QQQ,2,0.12828056,0.87171944
QQQ,2,0.12244907,0.87755093
QQQ,2,0.13716295,0.86283705
QQQ,2,0.12262367,0.87737633
QQQ,2,0.13480725,0.86519275
QQQ,2,0.13008608,0.86991392
QQQ,2,0.29686892,0.70313108
QQQ,2,0.15940122,0.84059878
QQQ,2,0.16201575,0.83798425
QQQ,2,0.23918323,0.76081677
QQQ,2,0.13400641,0.86599359
QQQ,2,0.12789349,0.87210651
QQQ,2,0.23960847,0.76039153
QQQ,2,0.18391332,0.81608668
QQQ,2,0.12539389,0.87460611
QQQ,2,0.26541808,0.73458192
QQQ,2,0.14703869,0.85296131
QQQ,2,0.12309173,0.87690827
QQQ,2,0.15379997,0.84620003
QQQ,2,0.44657837,0.55342163
QQQ,2,0.13158308,0.86841692
QQQ,2,0.15456154,0.84543846
QQQ,2,0.89166313,0.10833687
QQQ,2,0.22185608,0.77814392
QQQ,2,0.15865181,0.84134819
QQQ,2,0.40785084,0.59214916
QQQ,2,0.95190936,0.04809064
QQQ,2,0.25218184,0.74781816
QQQ,2,0.14297421,0.85702579
QQQ,2,0.12859494,0.87140506
QQQ,2,0.28184269,0.71815731
QQQ,2,0.12318643,0.87681357
QQQ,2,0.16551134,0.83448866
QQQ,2,0.16959545,0.83040455
QQQ,2,0.16594326,0.83405674
QQQ,2,0.18435194,0.81564806
QQQ,2,0.36099196,0.63900804
QQQ,2,0.12703044,0.87296956
QQQ,2,0.15837132,0.84162868
QQQ,2,0.12871735,0.87128265
QQQ,2,0.12975788,0.87024212
QQQ,2,0.12383650,0.87616350
QQQ,2,0.13978456,0.86021544
QQQ,2,0.25586512,0.74413488
QQQ,2,0.12931427,0.87068573
QQQ,2,0.12411824,0.87588176
QQQ,2,0.12986652,0.87013348
QQQ,2,0.38278742,0.61721258
QQQ,2,0.12429254,0.87570746
QQQ,2,0.13449041,0.86550959
QQQ,2,0.16788588,0.83211412
QQQ,2,0.14435218,0.85564782
QQQ,2,0.15367448,0.84632552
QQQ,2,0.12760354,0.87239646
QQQ,2,0.18792297,0.81207703
QQQ,2,0.13633775,0.86366225
QQQ,2,0.16461307,0.83538693
QQQ,2,0.26048490,0.73951510
QQQ,2,0.12495807,0.87504193
QQQ,2,0.15202692,0.84797308
QQQ,2,0.12249959,0.87750041
QQQ,2,0.12271502,0.87728498
QQQ,2,0.12257763,0.87742237
QQQ,2,0.13050129,0.86949871
QQQ,2,0.17255662,0.82744338
QQQ,2,0.14837234,0.85162766
QQQ,2,0.12243811,0.87756189
QQQ,2,0.12467676,0.87532324
QQQ,2,0.12245053,0.87754947
QQQ,2,0.17882325,0.82117675
QQQ,2,0.12588651,0.87411349
QQQ,2,0.12265917,0.87734083
QQQ,2,0.12274542,0.87725458
QQQ,2,0.14271230,0.85728770
QQQ,2,0.12249138,0.87750862
QQQ,2,0.12358771,0.87641229
QQQ,2,0.12247420,0.87752580
QQQ,2,0.12291836,0.87708164
QQQ,2,0.14776165,0.85223835
QQQ,2,0.12286123,0.87713877
QQQ,2,0.13606327,0.86393673
QQQ,2,0.12475406,0.87524594
QQQ,2,0.21719974,0.78280026
QQQ,2,0.12580056,0.87419944
QQQ,2,0.15315843,0.84684157
QQQ,2,0.12647870,0.87352130
QQQ,2,0.23507929,0.76492071
QQQ,2,0.15023687,0.84976313
QQQ,2,0.12900357,0.87099643
QQQ,2,0.15030900,0.84969100
QQQ,2,0.14675357,0.85324643
QQQ,2,0.12718536,0.87281464
QQQ,2,0.13241729,0.86758271
QQQ,2,0.26811074,0.73188926
QQQ,2,0.32967739,0.67032261
QQQ,2,0.12299606,0.87700394
QQQ,2,0.15415532,0.84584468
QQQ,2,0.15106876,0.84893124
QQQ,2,0.12255686,0.87744314
QQQ,2,0.13067867,0.86932133
QQQ,2,0.12243769,0.87756231
QQQ,2,0.12462413,0.87537587
QQQ,2,0.13138653,0.86861347
QQQ,2,0.56996588,0.43003412
QQQ,2,0.13580257,0.86419743
QQQ,2,0.14285468,0.85714532
QQQ,2,0.15924177,0.84075823
QQQ,2,0.12287210,0.87712790
QQQ,2,0.13015007,0.86984993
QQQ,2,0.15408217,0.84591783
QQQ,2,0.14642510,0.85357490
QQQ,2,0.12247143,0.87752857
QQQ,2,0.20853151,0.79146849
QQQ,2,0.14322168,0.85677832
QQQ,2,0.14220018,0.85779982
QQQ,2,0.16754721,0.83245279
QQQ,2,0.14726793,0.85273207
QQQ,2,0.12269867,0.87730133
QQQ,2,0.12553009,0.87446991
QQQ,2,0.12400752,0.87599248
QQQ,2,0.13074710,0.86925290
QQQ,2,0.12339478,0.87660522
QQQ,2,0.12254032,0.87745968
QQQ,2,0.12308501,0.87691499
QQQ,2,0.13054652,0.86945348
QQQ,2,0.12805699,0.87194301
QQQ,2,0.14195858,0.85804142
QQQ,2,0.12315749,0.87684251
QQQ,2,0.13601064,0.86398936
QQQ,2,0.12516119,0.87483881
QQQ,2,0.16521050,0.83478950
QQQ,2,0.16348556,0.83651444
QQQ,2,0.12274049,0.87725951
QQQ,2,0.13653213,0.86346787
QQQ,2,0.19472806,0.80527194
QQQ,2,0.16425004,0.83574996
QQQ,2,0.12386315,0.87613685
QQQ,2,0.16521695,0.83478305
QQQ,2,0.12244645,0.87755355
QQQ,2,0.17909517,0.82090483
QQQ,2,0.12892735,0.87107265
QQQ,2,0.19592360,0.80407640
QQQ,2,0.59752957,0.40247043
QQQ,2,0.19223732,0.80776268
QQQ,2,0.12413806,0.87586194
QQQ,2,0.12442000,0.87558000
QQQ,2,0.36595087,0.63404913
QQQ,2,0.12285630,0.87714370
QQQ,2,0.17984922,0.82015078
QQQ,2,0.12392657,0.87607343
QQQ,2,0.28857414,0.71142586
QQQ,2,0.46991704,0.53008296
QQQ,2,0.35575514,0.64424486
QQQ,2,0.82419677,0.17580323
QQQ,2,0.44973954,0.55026046
QQQ,2,0.12467573,0.87532427
QQQ,2,0.15626831,0.84373169
QQQ,2,0.15100183,0.84899817
QQQ,2,0.24570543,0.75429457
QQQ,2,0.33394542,0.66605458
QQQ,2,0.89404896,0.10595104
QQQ,2,0.12795031,0.87204969
QQQ,2,0.35499622,0.64500378
QQQ,2,0.17502848,0.82497152
QQQ,2,0.12447356,0.87552644
QQQ,2,0.33820516,0.66179484
QQQ,2,0.12720239,0.87279761
QQQ,2,0.12640929,0.87359071
QQQ,2,0.27906273,0.72093727
QQQ,2,0.13129832,0.86870168
QQQ,2,0.12632472,0.87367528
QQQ,2,0.12243800,0.87756200
QQQ,2,0.12784576,0.87215424
QQQ,2,0.12272827,0.87727173
QQQ,2,0.13041081,0.86958919
QQQ,2,0.12895751,0.87104249
QQQ,2,0.12504817,0.87495183
QQQ,2,0.13501772,0.86498228
QQQ,2,0.12951774,0.87048226
QQQ,2,0.12658492,0.87341508
QQQ,2,0.15875542,0.84124458
QQQ,2,0.13352603,0.86647397
QQQ,2,0.13504778,0.86495222
QQQ,2,0.12473743,0.87526257
QQQ,2,0.16630799,0.83369201
QQQ,2,0.12493888,0.87506112
QQQ,2,0.15338453,0.84661547
QQQ,2,0.13836447,0.86163553
QQQ,2,0.20952755,0.79047245
QQQ,2,0.13013409,0.86986591
QQQ,2,0.12377915,0.87622085
QQQ,2,0.12245788,0.87754212
QQQ,2,0.12245023,0.87754977
QQQ,2,0.15591507,0.84408493
QQQ,2,0.12695860,0.87304140
QQQ,2,0.36155328,0.63844672
QQQ,2,0.13208143,0.86791857
QQQ,2,0.22145438,0.77854562
QQQ,2,0.20858177,0.79141823
QQQ,2,0.41616833,0.58383167
QQQ,2,0.38907602,0.61092398
QQQ,2,0.76840036,0.23159964
QQQ,2,0.15004921,0.84995079
QQQ,2,0.13131814,0.86868186
QQQ,2,0.12859999,0.87140001
QQQ,2,0.12279316,0.87720684
QQQ,2,0.15386132,0.84613868
QQQ,2,0.12247288,0.87752712
QQQ,2,0.14841245,0.85158755
QQQ,2,0.20698786,0.79301214
QQQ,2,0.13164567,0.86835433
QQQ,2,0.33902574,0.66097426
QQQ,2,0.30509245,0.69490755
QQQ,2,0.22067880,0.77932120
QQQ,2,0.50497421,0.49502579
QQQ,2,0.13758674,0.86241326
QQQ,2,0.19407822,0.80592178
QQQ,2,0.12327118,0.87672882
QQQ,2,0.14547589,0.85452411
QQQ,2,0.27120428,0.72879572
QQQ,2,0.20674133,0.79325867
QQQ,2,0.16487019,0.83512981
QQQ,2,0.14594165,0.85405835
QQQ,2,0.50098989,0.49901011
QQQ,2,0.12972429,0.87027571
QQQ,2,0.12245720,0.87754280
QQQ,2,0.85793116,0.14206884
QQQ,2,0.15113175,0.84886825
QQQ,2,0.16618611,0.83381389
QQQ,2,0.15933347,0.84066653
QQQ,2,0.17389145,0.82610855
QQQ,2,0.18925345,0.81074655
QQQ,2,0.12243907,0.87756093
QQQ,2,0.17863305,0.82136695
QQQ,2,0.14245044,0.85754956
QQQ,2,0.12840632,0.87159368
QQQ,2,0.32296235,0.67703765
QQQ,2,0.13405045,0.86594955
QQQ,2,0.24685429,0.75314571
QQQ,2,0.18405736,0.81594264
QQQ,2,0.12468627,0.87531373
QQQ,2,0.12445468,0.87554532
QQQ,2,0.13828552,0.86171448
QQQ,2,0.15435893,0.84564107
QQQ,2,0.12398204,0.87601796
QQQ,2,0.12314997,0.87685003
QQQ,2,0.12586952,0.87413048
QQQ,2,0.13764546,0.86235454
QQQ,2,0.13344845,0.86655155
QQQ,2,0.17833035,0.82166965
QQQ,2,0.13411654,0.86588346
QQQ,2,0.13079442,0.86920558
QQQ,2,0.12346287,0.87653713
QQQ,2,0.22273595,0.77726405
QQQ,2,0.12564027,0.87435973
QQQ,2,0.50704158,0.49295842
QQQ,2,0.15149039,0.84850961
QQQ,2,0.14034656,0.85965344
QQQ,2,0.13348522,0.86651478
QQQ,2,0.25713732,0.74286268
QQQ,2,0.12509352,0.87490648
QQQ,2,0.20245448,0.79754552
QQQ,2,0.12506971,0.87493029
QQQ,2,0.15414692,0.84585308
QQQ,2,0.12377576,0.87622424
QQQ,2,0.12948575,0.87051425
QQQ,2,0.73879639,0.26120361
QQQ,2,0.13721433,0.86278567
QQQ,2,0.12690227,0.87309773
QQQ,2,0.22283287,0.77716713
QQQ,2,0.19127873,0.80872127
QQQ,2,0.13993736,0.86006264
QQQ,2,0.12244481,0.87755519
QQQ,2,0.16467306,0.83532694
QQQ,2,0.12330060,0.87669940
QQQ,2,0.16761167,0.83238833
QQQ,2,0.15074143,0.84925857
QQQ,2,0.13669735,0.86330265
QQQ,2,0.12478753,0.87521247
QQQ,2,0.12726871,0.87273129
QQQ,2,0.14486946,0.85513054
QQQ,2,0.12324893,0.87675107
QQQ,2,0.34268225,0.65731775
QQQ,2,0.28782474,0.71217526
QQQ,2,0.13420055,0.86579945
QQQ,2,0.14836206,0.85163794
QQQ,2,0.13357073,0.86642927
QQQ,2,0.28794625,0.71205375
QQQ,2,0.12395744,0.87604256
QQQ,2,0.12380607,0.87619393
QQQ,2,0.14971382,0.85028618
QQQ,2,0.37410501,0.62589499
QQQ,2,0.23309952,0.76690048
QQQ,2,0.12406864,0.87593136
QQQ,2,0.35121136,0.64878864
QQQ,2,0.16250061,0.83749939
QQQ,2,0.13687620,0.86312380
QQQ,2,0.24523365,0.75476635
QQQ,2,0.12746423,0.87253577
QQQ,2,0.13312135,0.86687865
QQQ,2,0.12396197,0.87603803
QQQ,2,0.30378719,0.69621281
QQQ,2,0.12292723,0.87707277
QQQ,2,0.13816092,0.86183908
QQQ,2,0.12285666,0.87714334
QQQ,2,0.12279093,0.87720907
QQQ,2,0.13894116,0.86105884
QQQ,2,0.12270490,0.87729510
QQQ,2,0.22094150,0.77905850
QQQ,2,0.33419379,0.66580621
QQQ,2,0.12454132,0.87545868
QQQ,2,0.14045961,0.85954039
QQQ,2,0.12752676,0.87247324
QQQ,2,0.12882741,0.87117259
QQQ,2,0.12771649,0.87228351
QQQ,2,0.16082749,0.83917251
QQQ,2,0.12669081,0.87330919
QQQ,2,0.20691272,0.79308728
QQQ,2,0.12572121,0.87427879
QQQ,2,0.26164636,0.73835364
QQQ,2,0.12518450,0.87481550
QQQ,2,0.15994270,0.84005730
QQQ,2,0.14047652,0.85952348
QQQ,2,0.13652007,0.86347993
QQQ,2,0.12723271,0.87276729
QQQ,2,0.31901866,0.68098134
QQQ,2,0.13223323,0.86776677
QQQ,2,0.16212080,0.83787920
QQQ,2,0.12302571,0.87697429
QQQ,2,0.13649697,0.86350303
QQQ,2,0.12545039,0.87454961
QQQ,2,0.15437827,0.84562173
QQQ,2,0.78245113,0.21754887
QQQ,2,0.12458283,0.87541717
QQQ,2,0.15441915,0.84558085
QQQ,2,0.12290007,0.87709993
QQQ,2,0.12466846,0.87533154
QQQ,2,0.12582523,0.87417477
QQQ,2,0.42878597,0.57121403
QQQ,2,0.12366414,0.87633586
QQQ,2,0.30030393,0.69969607
QQQ,2,0.46277251,0.53722749
QQQ,2,0.16813799,0.83186201
QQQ,2,0.12546111,0.87453889
QQQ,2,0.30262638,0.69737362
QQQ,2,0.34106170,0.65893830
QQQ,2,0.13725264,0.86274736
QQQ,2,0.12247359,0.87752641
QQQ,2,0.21848751,0.78151249
QQQ,2,0.13432587,0.86567413
QQQ,2,0.20488407,0.79511593
QQQ,2,0.17918477,0.82081523
QQQ,2,0.16139418,0.83860582
QQQ,2,0.13154675,0.86845325
QQQ,2,0.14027145,0.85972855
QQQ,2,0.12274228,0.87725772
QQQ,2,0.12775622,0.87224378
QQQ,2,0.12508780,0.87491220
QQQ,2,0.15890682,0.84109318
QQQ,2,0.35446561,0.64553439
QQQ,2,0.12441398,0.87558602
QQQ,2,0.20412060,0.79587940
QQQ,2,0.24254949,0.75745051
QQQ,2,0.12874069,0.87125931
QQQ,2,0.12487558,0.87512442
QQQ,2,0.12396161,0.87603839
QQQ,2,0.16908240,0.83091760
QQQ,2,0.13538288,0.86461712
QQQ,2,0.14967986,0.85032014
QQQ,2,0.92677986,0.07322014
QQQ,2,0.99995025,0.00004975
QQQ,2,0.99971852,0.00028148
QQQ,2,0.16564696,0.83435304
QQQ,2,0.99996242,0.00003758
QQQ,2,0.90075075,0.09924925
QQQ,2,0.12972033,0.87027967
QQQ,2,0.22011889,0.77988111
QQQ,2,0.97814186,0.02185814
QQQ,2,0.82880827,0.17119173
QQQ,2,0.13670736,0.86329264
QQQ,2,0.21237712,0.78762288
QQQ,2,0.88004041,0.11995959
QQQ,2,0.19925126,0.80074874
QQQ,2,0.22261957,0.77738043
QQQ,2,0.14212113,0.85787887
QQQ,2,0.12539050,0.87460950
QQQ,2,0.23007229,0.76992771
QQQ,2,0.14639550,0.85360450
QQQ,2,0.12332613,0.87667387
QQQ,2,0.29122984,0.70877016
QQQ,2,0.12568685,0.87431315
QQQ,2,0.34377429,0.65622571
QQQ,2,0.12243909,0.87756091
QQQ,2,0.13374777,0.86625223
QQQ,2,0.17413988,0.82586012
QQQ,2,0.94294127,0.05705873
QQQ,2,0.15668225,0.84331775
QQQ,2,0.61726808,0.38273192
QQQ,2,0.14177130,0.85822870
QQQ,2,0.48415188,0.51584812
QQQ,2,0.33863626,0.66136374
QQQ,2,0.12840454,0.87159546
QQQ,2,0.14834817,0.85165183
QQQ,2,0.13260944,0.86739056
QQQ,2,0.13801433,0.86198567
QQQ,2,0.12737989,0.87262011
QQQ,2,0.14637897,0.85362103
QQQ,2,0.12448038,0.87551962
QQQ,2,0.35237731,0.64762269
QQQ,2,0.13889562,0.86110438
QQQ,2,0.15140356,0.84859644
QQQ,2,0.13569652,0.86430348
QQQ,2,0.14646853,0.85353147
QQQ,2,0.53244497,0.46755503
QQQ,2,0.92156069,0.07843931
QQQ,2,0.12820709,0.87179291
QQQ,2,0.12914058,0.87085942
QQQ,2,0.17062489,0.82937511
QQQ,2,0.12305005,0.87694995
QQQ,2,0.13319525,0.86680475
QQQ,2,0.21108767,0.78891233
QQQ,2,0.13172518,0.86827482
QQQ,2,0.12281244,0.87718756
QQQ,2,0.12626494,0.87373506
QQQ,2,0.12261411,0.87738589
QQQ,2,0.20841590,0.79158410
QQQ,2,0.12830655,0.87169345
QQQ,2,0.12451078,0.87548922
QQQ,2,0.19361464,0.80638536
QQQ,2,0.57876817,0.42123183
QQQ,2,0.25271567,0.74728433
QQQ,2,0.12259797,0.87740203
QQQ,2,0.53895131,0.46104869
QQQ,2,0.12436460,0.87563540
QQQ,2,0.16135004,0.83864996
QQQ,2,0.12608352,0.87391648
QQQ,2,0.12275049,0.87724951
QQQ,2,0.12272111,0.87727889
QQQ,2,0.12361101,0.87638899
QQQ,2,0.12592672,0.87407328
QQQ,2,0.19213310,0.80786690
QQQ,2,0.14317816,0.85682184
QQQ,2,0.40387871,0.59612129
QQQ,2,0.65628531,0.34371469
QQQ,2,0.13220634,0.86779366
QQQ,2,0.12290569,0.87709431
QQQ,2,0.34200889,0.65799111
QQQ,2,0.13048958,0.86951042
QQQ,2,0.75294205,0.24705795
QQQ,2,0.14906633,0.85093367
QQQ,2,0.14087190,0.85912810
QQQ,2,0.34013399,0.65986601
QQQ,2,0.27634496,0.72365504
QQQ,2,0.52907500,0.47092500
QQQ,2,0.18275545,0.81724455
QQQ,2,0.14764545,0.85235455
QQQ,2,0.16872266,0.83127734
QQQ,2,0.12260848,0.87739152
QQQ,2,0.12246125,0.87753875
QQQ,2,0.34469651,0.65530349
QQQ,2,0.16774995,0.83225005
QQQ,2,0.24261455,0.75738545
QQQ,2,0.68757321,0.31242679
QQQ,2,0.12988624,0.87011376
QQQ,2,0.20761273,0.79238727
QQQ,2,0.97794285,0.02205715
QQQ,2,0.20274158,0.79725842
QQQ,2,0.12321508,0.87678492
QQQ,2,0.21975317,0.78024683
QQQ,2,0.98873841,0.01126159
QQQ,2,0.53462143,0.46537857
QQQ,2,0.97392000,0.02608000
QQQ,2,0.12354341,0.87645659
QQQ,2,0.13426520,0.86573480
QQQ,2,0.12293433,0.87706567
QQQ,2,0.92163279,0.07836721
QQQ,2,0.26867744,0.73132256
QQQ,2,0.18496227,0.81503773
QQQ,2,0.82724230,0.17275770
QQQ,2,0.26055201,0.73944799
QQQ,2,0.57124990,0.42875010
QQQ,2,0.13481937,0.86518063
QQQ,2,0.59763668,0.40236332
QQQ,2,0.14458282,0.85541718
QQQ,2,0.12355079,0.87644921
QQQ,2,0.99302437,0.00697563
QQQ,2,0.42276771,0.57723229
QQQ,2,0.14211166,0.85788834
QQQ,2,0.12765746,0.87234254
QQQ,2,0.12355460,0.87644540
QQQ,2,0.33099025,0.66900975
QQQ,2,0.72060533,0.27939467
QQQ,2,0.78171904,0.21828096
QQQ,2,0.18144629,0.81855371
QQQ,2,0.12913890,0.87086110
QQQ,2,0.35156967,0.64843033
QQQ,2,0.34412776,0.65587224
QQQ,2,0.18312985,0.81687015
QQQ,2,0.18731675,0.81268325
QQQ,2,0.12247898,0.87752102
QQQ,2,0.17371426,0.82628574
QQQ,2,0.96447385,0.03552615
QQQ,2,0.12423837,0.87576163
QQQ,2,0.12254114,0.87745886
QQQ,2,0.12248614,0.87751386
QQQ,2,0.14721119,0.85278881
QQQ,2,0.17365220,0.82634780
QQQ,2,0.14256909,0.85743091
QQQ,2,0.12385320,0.87614680
QQQ,2,0.42932465,0.57067535
QQQ,2,0.12645689,0.87354311
QQQ,2,0.12259294,0.87740706
QQQ,2,0.17751257,0.82248743
QQQ,2,0.12244010,0.87755990
QQQ,2,0.12467489,0.87532511
QQQ,2,0.13199958,0.86800042
QQQ,2,0.12918942,0.87081058
QQQ,2,0.16430013,0.83569987
QQQ,2,0.12243804,0.87756196
QQQ,2,0.12427687,0.87572313
QQQ,2,0.35629673,0.64370327
QQQ,2,0.14280862,0.85719138
QQQ,2,0.12256105,0.87743895
QQQ,2,0.20721003,0.79278997
QQQ,2,0.12892623,0.87107377
QQQ,2,0.18485144,0.81514856
QQQ,2,0.34534890,0.65465110
QQQ,2,0.28968848,0.71031152
QQQ,2,0.12281515,0.87718485
QQQ,2,0.13418834,0.86581166
QQQ,2,0.16658975,0.83341025
QQQ,2,0.26047679,0.73952321
QQQ,2,0.12327080,0.87672920
QQQ,2,0.12466737,0.87533263
QQQ,2,0.13912009,0.86087991
QQQ,2,0.14482074,0.85517926
QQQ,2,0.12273529,0.87726471
QQQ,2,0.12244920,0.87755080
QQQ,2,0.32953830,0.67046170
QQQ,2,0.12286563,0.87713437
QQQ,2,0.14191057,0.85808943
QQQ,2,0.16942372,0.83057628
QQQ,2,0.25588682,0.74411318
QQQ,2,0.14809283,0.85190717
QQQ,2,0.17243716,0.82756284
QQQ,2,0.17903039,0.82096961
QQQ,2,0.14995639,0.85004361
QQQ,2,0.12312076,0.87687924
QQQ,2,0.13796114,0.86203886
QQQ,2,0.12829577,0.87170423
QQQ,2,0.28997648,0.71002352
QQQ,2,0.16755696,0.83244304
QQQ,2,0.13382922,0.86617078
QQQ,2,0.13404398,0.86595602
QQQ,2,0.23540497,0.76459503
QQQ,2,0.23705530,0.76294470
QQQ,2,0.12963395,0.87036605
QQQ,2,0.14200356,0.85799644
QQQ,2,0.20952005,0.79047995
QQQ,2,0.12295417,0.87704583
QQQ,2,0.56916614,0.43083386
QQQ,2,0.16808139,0.83191861
QQQ,2,0.13340698,0.86659302
QQQ,2,0.14273797,0.85726203
QQQ,2,0.12567093,0.87432907
QQQ,2,0.12254864,0.87745136
QQQ,2,0.12524716,0.87475284
QQQ,2,0.13539362,0.86460638
QQQ,2,0.12964481,0.87035519
QQQ,2,0.12631297,0.87368703
QQQ,2,0.12424225,0.87575775
QQQ,2,0.12405069,0.87594931
QQQ,2,0.22179665,0.77820335
QQQ,2,0.18012494,0.81987506
QQQ,2,0.12302183,0.87697817
QQQ,2,0.12882141,0.87117859
QQQ,2,0.12713984,0.87286016
QQQ,2,0.22917705,0.77082295
QQQ,2,0.14320338,0.85679662
QQQ,2,0.12776002,0.87223998
QQQ,2,0.12470372,0.87529628
QQQ,2,0.29538729,0.70461271
QQQ,2,0.99939082,0.00060918
QQQ,2,0.65141697,0.34858303
QQQ,2,0.48207252,0.51792748
QQQ,2,0.44437326,0.55562674
QQQ,2,0.27417467,0.72582533
QQQ,2,0.14920217,0.85079783
QQQ,2,0.14005164,0.85994836
QQQ,2,0.16585154,0.83414846
QQQ,2,0.12831537,0.87168463
QQQ,2,0.35727395,0.64272605
QQQ,2,0.15134730,0.84865270
QQQ,2,0.14573835,0.85426165
QQQ,2,0.12453049,0.87546951
QQQ,2,0.15335118,0.84664882
QQQ,2,0.12349070,0.87650930
QQQ,2,0.15252141,0.84747859
QQQ,2,0.12920112,0.87079888
QQQ,2,0.22821042,0.77178958
QQQ,2,0.12437212,0.87562788
QQQ,2,0.13513242,0.86486758
QQQ,2,0.12246435,0.87753565
QQQ,2,0.12349416,0.87650584
QQQ,2,0.15417177,0.84582823
QQQ,2,0.13180424,0.86819576
QQQ,2,0.12674505,0.87325495
QQQ,2,0.14182913,0.85817087
QQQ,2,0.15663471,0.84336529
QQQ,2,0.12825037,0.87174963
QQQ,2,0.12676858,0.87323142
QQQ,2,0.19202118,0.80797882
QQQ,2,0.12255304,0.87744696
QQQ,2,0.12674904,0.87325096
QQQ,2,0.12613060,0.87386940
QQQ,2,0.13340866,0.86659134
QQQ,2,0.12281972,0.87718028
QQQ,2,0.13481186,0.86518814
QQQ,2,0.13971379,0.86028621
QQQ,2,0.12409831,0.87590169
QQQ,2,0.12244305,0.87755695
QQQ,2,0.12245174,0.87754826
QQQ,2,0.12278123,0.87721877
QQQ,2,0.12439782,0.87560218
QQQ,2,0.14820190,0.85179810
QQQ,2,0.12460287,0.87539713
QQQ,2,0.12310860,0.87689140
QQQ,2,0.12355630,0.87644370
QQQ,2,0.12824445,0.87175555
QQQ,2,0.12321836,0.87678164
QQQ,2,0.12576830,0.87423170
QQQ,2,0.12918347,0.87081653
QQQ,2,0.14967374,0.85032626
QQQ,2,0.12314155,0.87685845
QQQ,2,0.14174107,0.85825893
QQQ,2,0.84187918,0.15812082
QQQ,2,0.36472017,0.63527983
QQQ,2,0.18072571,0.81927429
QQQ,2,0.13836890,0.86163110
QQQ,2,0.33361055,0.66638945
QQQ,2,0.12265594,0.87734406
QQQ,2,0.13061811,0.86938189
QQQ,2,0.12397881,0.87602119
QQQ,2,0.18912686,0.81087314
QQQ,2,0.17248218,0.82751782
QQQ,2,0.14142516,0.85857484
QQQ,2,0.17032972,0.82967028
QQQ,2,0.17959274,0.82040726
QQQ,2,0.12447668,0.87552332
QQQ,2,0.15162702,0.84837298
QQQ,2,0.15538949,0.84461051
QQQ,2,0.12350853,0.87649147
QQQ,2,0.12337224,0.87662776
QQQ,2,0.12936074,0.87063926
QQQ,2,0.12251961,0.87748039
QQQ,2,0.12495063,0.87504937
QQQ,2,0.14660022,0.85339978
QQQ,2,0.29319861,0.70680139
QQQ,2,0.12354757,0.87645243
QQQ,2,0.13368324,0.86631676
QQQ,2,0.12297433,0.87702567
QQQ,2,0.12723572,0.87276428
QQQ,2,0.17522948,0.82477052
QQQ,2,0.12248610,0.87751390
QQQ,2,0.12280167,0.87719833
QQQ,2,0.13053944,0.86946056
QQQ,2,0.23730011,0.76269989
QQQ,2,0.12569033,0.87430967
QQQ,2,0.14909492,0.85090508
QQQ,2,0.13859636,0.86140364
QQQ,2,0.15301817,0.84698183
QQQ,2,0.12377466,0.87622534
QQQ,2,0.16403966,0.83596034
QQQ,2,0.17179191,0.82820809
QQQ,2,0.20628539,0.79371461
QQQ,2,0.13450379,0.86549621
QQQ,2,0.70766654,0.29233346
QQQ,2,0.16149278,0.83850722
QQQ,2,0.14560463,0.85439537
QQQ,2,0.35072576,0.64927424
QQQ,2,0.12248127,0.87751873
QQQ,2,0.21053469,0.78946531
QQQ,2,0.26654523,0.73345477
QQQ,2,0.14716405,0.85283595
QQQ,2,0.16790996,0.83209004
QQQ,2,0.12806664,0.87193336
QQQ,2,0.20266165,0.79733835
QQQ,2,0.12958762,0.87041238
QQQ,2,0.12940005,0.87059995
QQQ,2,0.12825984,0.87174016
QQQ,2,0.12552898,0.87447102
QQQ,2,0.12970712,0.87029288
QQQ,2,0.23700893,0.76299107
QQQ,2,0.44912780,0.55087220
QQQ,2,0.12255527,0.87744473
QQQ,2,0.15491797,0.84508203
QQQ,2,0.12756639,0.87243361
QQQ,2,0.26236417,0.73763583
QQQ,2,0.12644523,0.87355477
QQQ,2,0.17151866,0.82848134
QQQ,2,0.13220283,0.86779717
QQQ,2,0.25056257,0.74943743
QQQ,2,0.12391102,0.87608898
QQQ,2,0.12489833,0.87510167
QQQ,2,0.13081681,0.86918319
QQQ,2,0.13192460,0.86807540
QQQ,2,0.13158727,0.86841273
QQQ,2,0.12250629,0.87749371
QQQ,2,0.12676860,0.87323140
QQQ,2,0.12256795,0.87743205
QQQ,2,0.13826696,0.86173304
QQQ,2,0.15944551,0.84055449
QQQ,2,0.12399572,0.87600428
QQQ,2,0.20835234,0.79164766
QQQ,2,0.16854374,0.83145626
QQQ,2,0.14101705,0.85898295
QQQ,2,0.14825538,0.85174462
QQQ,2,0.18299870,0.81700130
QQQ,2,0.13229875,0.86770125
QQQ,2,0.12708933,0.87291067
QQQ,2,0.12769489,0.87230511
QQQ,2,0.12342548,0.87657452
QQQ,2,0.12962174,0.87037826
QQQ,2,0.12742569,0.87257431
QQQ,2,0.12486063,0.87513937
QQQ,2,0.12259072,0.87740928
QQQ,2,0.12547092,0.87452908
QQQ,2,0.12292705,0.87707295
QQQ,2,0.15284858,0.84715142
QQQ,2,0.20200515,0.79799485
QQQ,2,0.12459514,0.87540486
QQQ,2,0.12594648,0.87405352
QQQ,2,0.16140524,0.83859476
QQQ,2,0.12574670,0.87425330
QQQ,2,0.14871706,0.85128294
QQQ,2,0.12263573,0.87736427
QQQ,2,0.12833600,0.87166400
QQQ,2,0.12345670,0.87654330
QQQ,2,0.13141636,0.86858364
QQQ,2,0.12462706,0.87537294
QQQ,2,0.13162414,0.86837586
QQQ,2,0.13019525,0.86980475
QQQ,2,0.14515046,0.85484954
QQQ,2,0.13128483,0.86871517
QQQ,2,0.14814322,0.85185678
QQQ,2,0.12245510,0.87754490
QQQ,2,0.13530210,0.86469790
QQQ,2,0.13889773,0.86110227
QQQ,2,0.12287158,0.87712842
QQQ,2,0.12989195,0.87010805
QQQ,2,0.12420121,0.87579879
QQQ,2,0.12323520,0.87676480
QQQ,2,0.12752185,0.87247815
QQQ,2,0.20794587,0.79205413
QQQ,2,0.13522037,0.86477963
QQQ,2,0.12492622,0.87507378
QQQ,2,0.12570473,0.87429527
QQQ,2,0.12419818,0.87580182
QQQ,2,0.12388330,0.87611670
QQQ,2,0.12280140,0.87719860
QQQ,2,0.13383882,0.86616118
QQQ,2,0.12467859,0.87532141
QQQ,2,0.12517652,0.87482348
QQQ,2,0.14598242,0.85401758
QQQ,2,0.12255422,0.87744578
QQQ,2,0.12244342,0.87755658
QQQ,2,0.12287268,0.87712732
QQQ,2,0.32437962,0.67562038
QQQ,2,0.14300807,0.85699193
QQQ,2,0.12730011,0.87269989
QQQ,2,0.12538149,0.87461851
QQQ,2,0.12396422,0.87603578
QQQ,2,0.14760384,0.85239616
QQQ,2,0.13818389,0.86181611
QQQ,2,0.12531957,0.87468043
QQQ,2,0.12251911,0.87748089
QQQ,2,0.12262574,0.87737426
QQQ,2,0.12380404,0.87619596
QQQ,2,0.13227526,0.86772474
QQQ,2,0.12251867,0.87748133
QQQ,2,0.12271540,0.87728460
QQQ,2,0.12251869,0.87748131
QQQ,2,0.13389949,0.86610051
QQQ,2,0.13355669,0.86644331
QQQ,2,0.13432359,0.86567641
QQQ,2,0.16340074,0.83659926
QQQ,2,0.12334395,0.87665605
QQQ,2,0.12455597,0.87544403
QQQ,2,0.16970884,0.83029116
QQQ,2,0.12249587,0.87750413
QQQ,2,0.24377176,0.75622824
QQQ,2,0.16377228,0.83622772
QQQ,2,0.12255634,0.87744366
QQQ,2,0.14721193,0.85278807
QQQ,2,0.12490478,0.87509522
QQQ,2,0.18200371,0.81799629
QQQ,2,0.12546013,0.87453987
QQQ,2,0.12680951,0.87319049
QQQ,2,0.12247682,0.87752318
QQQ,2,0.12989500,0.87010500
QQQ,2,0.12586886,0.87413114
QQQ,2,0.13102905,0.86897095
QQQ,2,0.12288697,0.87711303
QQQ,2,0.12265100,0.87734900
QQQ,2,0.12536811,0.87463189
QQQ,2,0.12882525,0.87117475
QQQ,2,0.13453850,0.86546150
QQQ,2,0.82577665,0.17422335
QQQ,2,0.15896849,0.84103151
QQQ,2,0.12994148,0.87005852
QQQ,2,0.17882486,0.82117514
QQQ,2,0.12409183,0.87590817
QQQ,2,0.13812024,0.86187976
QQQ,2,0.17257660,0.82742340
QQQ,2,0.12666364,0.87333636
QQQ,2,0.12349803,0.87650197
QQQ,2,0.12246401,0.87753599
QQQ,2,0.13168955,0.86831045
QQQ,2,0.22480206,0.77519794
QQQ,2,0.12265525,0.87734475
QQQ,2,0.12971151,0.87028849
QQQ,2,0.13062265,0.86937735
QQQ,2,0.12312848,0.87687152
QQQ,2,0.81393943,0.18606057
QQQ,2,0.15187860,0.84812140
QQQ,2,0.15063008,0.84936992
QQQ,2,0.13291574,0.86708426
QQQ,2,0.13385213,0.86614787
QQQ,2,0.13662025,0.86337975
QQQ,2,0.36718734,0.63281266
QQQ,2,0.15558545,0.84441455
QQQ,2,0.19732128,0.80267872
QQQ,2,0.12244149,0.87755851
QQQ,2,0.13355583,0.86644417
QQQ,2,0.13474937,0.86525063
QQQ,2,0.47078115,0.52921885
QQQ,2,0.26219742,0.73780258
QQQ,2,0.42921846,0.57078154
QQQ,2,0.12243745,0.87756255
QQQ,2,0.22074632,0.77925368
QQQ,2,0.18167775,0.81832225
QQQ,2,0.17844455,0.82155545
QQQ,2,0.20643389,0.79356611
QQQ,2,0.15139704,0.84860296
QQQ,2,0.13057425,0.86942575
QQQ,2,0.24095862,0.75904138
QQQ,2,0.12781142,0.87218858
QQQ,2,0.17173465,0.82826535
QQQ,2,0.12306891,0.87693109
QQQ,2,0.15476747,0.84523253
QQQ,2,0.14732491,0.85267509
QQQ,2,0.12470135,0.87529865
QQQ,2,0.12243999,0.87756001
QQQ,2,0.13547705,0.86452295
QQQ,2,0.12564064,0.87435936
QQQ,2,0.12904984,0.87095016
QQQ,2,0.14720790,0.85279210
QQQ,2,0.12307480,0.87692520
QQQ,2,0.13535546,0.86464454
QQQ,2,0.12486609,0.87513391
QQQ,2,0.12662142,0.87337858
QQQ,2,0.13044456,0.86955544
QQQ,2,0.12418024,0.87581976
QQQ,2,0.14723078,0.85276922
QQQ,2,0.12376592,0.87623408
QQQ,2,0.12294566,0.87705434
QQQ,2,0.65443628,0.34556372
QQQ,2,0.14764082,0.85235918
QQQ,2,0.24034007,0.75965993
QQQ,2,0.12427608,0.87572392
QQQ,2,0.12575227,0.87424773
QQQ,2,0.58368618,0.41631382
QQQ,2,0.12434076,0.87565924
QQQ,2,0.12548101,0.87451899
QQQ,2,0.32437669,0.67562331
QQQ,2,0.12703446,0.87296554
QQQ,2,0.12602667,0.87397333
QQQ,2,0.12598499,0.87401501
QQQ,2,0.12726184,0.87273816
QQQ,2,0.13217632,0.86782368
QQQ,2,0.23593742,0.76406258
QQQ,2,0.22342515,0.77657485
QQQ,2,0.12246850,0.87753150
QQQ,2,0.17300923,0.82699077
QQQ,2,0.12605860,0.87394140
QQQ,2,0.12504905,0.87495095
QQQ,2,0.17070878,0.82929122
QQQ,2,0.21424744,0.78575256
QQQ,2,0.12660463,0.87339537
QQQ,2,0.12487486,0.87512514
QQQ,2,0.14289951,0.85710049
QQQ,2,0.12843249,0.87156751
QQQ,2,0.12357020,0.87642980
QQQ,2,0.12435483,0.87564517
QQQ,2,0.12803159,0.87196841
QQQ,2,0.14722683,0.85277317
QQQ,2,0.12369245,0.87630755
QQQ,2,0.21146465,0.78853535
QQQ,2,0.12468250,0.87531750
QQQ,2,0.17339840,0.82660160
QQQ,2,0.12248234,0.87751766
QQQ,2,0.16030484,0.83969516
QQQ,2,0.12340701,0.87659299
QQQ,2,0.12618162,0.87381838
QQQ,2,0.12317652,0.87682348
QQQ,2,0.19258750,0.80741250
QQQ,2,0.12468895,0.87531105
QQQ,2,0.12266954,0.87733046
QQQ,2,0.12276182,0.87723818
QQQ,2,0.12770625,0.87229375
QQQ,2,0.12399616,0.87600384
QQQ,2,0.13159130,0.86840870
QQQ,2,0.13011387,0.86988613
QQQ,2,0.12403930,0.87596070
QQQ,2,0.12300190,0.87699810
QQQ,2,0.13077326,0.86922674
QQQ,2,0.12595087,0.87404913
QQQ,2,0.15010352,0.84989648
QQQ,2,0.12367100,0.87632900
QQQ,2,0.13214507,0.86785493
QQQ,2,0.12910836,0.87089164
QQQ,2,0.91925637,0.08074363
QQQ,2,0.13080153,0.86919847
QQQ,2,0.13923177,0.86076823
QQQ,2,0.12243692,0.87756308
QQQ,2,0.12426012,0.87573988
QQQ,2,0.18531947,0.81468053
QQQ,2,0.13137463,0.86862537
QQQ,2,0.12330772,0.87669228
QQQ,2,0.13324980,0.86675020
QQQ,2,0.13794063,0.86205937
QQQ,2,0.12245524,0.87754476
QQQ,2,0.12301560,0.87698440
QQQ,2,0.13017692,0.86982308
QQQ,2,0.13700065,0.86299935
QQQ,2,0.24126130,0.75873870
QQQ,2,0.12909154,0.87090846
QQQ,2,0.12253724,0.87746276
QQQ,2,0.20475266,0.79524734
QQQ,2,0.12434310,0.87565690
QQQ,2,0.13329751,0.86670249
QQQ,2,0.12245715,0.87754285
QQQ,2,0.12679036,0.87320964
QQQ,2,0.42566771,0.57433229
QQQ,2,0.15928198,0.84071802
QQQ,2,0.13543527,0.86456473
QQQ,2,0.22232060,0.77767940
QQQ,2,0.12245893,0.87754107
QQQ,2,0.13221801,0.86778199
QQQ,2,0.13056518,0.86943482
QQQ,2,0.13666601,0.86333399
QQQ,2,0.16692244,0.83307756
QQQ,2,0.12273394,0.87726606
QQQ,2,0.12532178,0.87467822
QQQ,2,0.12269238,0.87730762
QQQ,2,0.22002812,0.77997188
QQQ,2,0.17793097,0.82206903
QQQ,2,0.13762527,0.86237473
QQQ,2,0.12306280,0.87693720
QQQ,2,0.12246189,0.87753811
QQQ,2,0.12326578,0.87673422
QQQ,2,0.14118850,0.85881150
QQQ,2,0.12246793,0.87753207
QQQ,2,0.12299328,0.87700672
QQQ,2,0.14634788,0.85365212
QQQ,2,0.40804424,0.59195576
QQQ,2,0.20078994,0.79921006
QQQ,2,0.12816640,0.87183360
QQQ,2,0.20394269,0.79605731
QQQ,2,0.13501138,0.86498862
QQQ,2,0.12275826,0.87724174
QQQ,2,0.12520486,0.87479514
QQQ,2,0.15130973,0.84869027
QQQ,2,0.16065505,0.83934495
QQQ,2,0.12514593,0.87485407
QQQ,2,0.21114472,0.78885528
QQQ,2,0.12268917,0.87731083
QQQ,2,0.13041941,0.86958059
QQQ,2,0.20957337,0.79042663
QQQ,2,0.17825084,0.82174916
QQQ,2,0.14180123,0.85819877
QQQ,2,0.12250716,0.87749284
QQQ,2,0.31961962,0.68038038
QQQ,2,0.13229983,0.86770017
QQQ,2,0.16343526,0.83656474
QQQ,2,0.12962045,0.87037955
QQQ,2,0.17411015,0.82588985
QQQ,2,0.57874696,0.42125304
QQQ,2,0.99948736,0.00051264
QQQ,2,0.71452440,0.28547560
QQQ,2,0.27144095,0.72855905
QQQ,2,0.99966062,0.00033938
QQQ,2,0.29279964,0.70720036
QQQ,2,0.38582368,0.61417632
QQQ,2,0.15355763,0.84644237
QQQ,2,0.53597343,0.46402657
QQQ,2,0.53746973,0.46253027
QQQ,2,0.12643232,0.87356768
QQQ,2,0.12643823,0.87356177
QQQ,2,0.12761425,0.87238575
QQQ,2,0.12245808,0.87754192
QQQ,2,0.56063548,0.43936452
QQQ,2,0.29974078,0.70025922
QQQ,2,0.20878971,0.79121029
QQQ,2,0.14986928,0.85013072
QQQ,2,0.42248926,0.57751074
QQQ,2,0.16431089,0.83568911
QQQ,2,0.20869802,0.79130198
QQQ,2,0.13968171,0.86031829
QQQ,2,0.12803392,0.87196608
QQQ,2,0.14375314,0.85624686
QQQ,2,0.53646186,0.46353814
QQQ,2,0.15078321,0.84921679
QQQ,2,0.24780477,0.75219523
QQQ,2,0.12272895,0.87727105
QQQ,2,0.12378934,0.87621066
QQQ,2,0.12795948,0.87204052
QQQ,2,0.65194189,0.34805811
QQQ,2,0.12465289,0.87534711
QQQ,2,0.13903599,0.86096401
QQQ,2,0.81405885,0.18594115
QQQ,2,0.91833269,0.08166731
QQQ,2,0.98658647,0.01341353
QQQ,2,0.97490262,0.02509738
QQQ,2,0.22909156,0.77090844
QQQ,2,0.36125512,0.63874488
QQQ,2,0.92869581,0.07130419
QQQ,2,0.20093836,0.79906164
QQQ,2,0.32119774,0.67880226
QQQ,2,0.15506728,0.84493272
QQQ,2,0.77982262,0.22017738
QQQ,2,0.14388103,0.85611897
QQQ,2,0.61249716,0.38750284
QQQ,2,0.13338307,0.86661693
QQQ,2,0.25084675,0.74915325
QQQ,2,0.13654285,0.86345715
QQQ,2,0.16353397,0.83646603
QQQ,2,0.63606671,0.36393329
QQQ,2,0.13023947,0.86976053
QQQ,2,0.16707463,0.83292537
QQQ,2,0.37743329,0.62256671
QQQ,2,0.13143957,0.86856043
QQQ,2,0.67933358,0.32066642
QQQ,2,0.12244596,0.87755404
QQQ,2,0.55057556,0.44942444
QQQ,2,0.12445665,0.87554335
QQQ,2,0.14631118,0.85368882
QQQ,2,0.21288213,0.78711787
QQQ,2,0.14211988,0.85788012
QQQ,2,0.12243924,0.87756076
QQQ,2,0.47703308,0.52296692
QQQ,2,0.18346956,0.81653044
QQQ,2,0.12249178,0.87750822
QQQ,2,0.21629419,0.78370581
QQQ,2,0.21049464,0.78950536
QQQ,2,0.12244749,0.87755251
QQQ,2,0.12513018,0.87486982
QQQ,2,0.21468930,0.78531070
QQQ,2,0.14557752,0.85442248
QQQ,2,0.13213212,0.86786788
QQQ,2,0.13855838,0.86144162
QQQ,2,0.13877174,0.86122826
QQQ,2,0.12332889,0.87667111
QQQ,2,0.17286607,0.82713393
QQQ,2,0.12244516,0.87755484
QQQ,2,0.12354743,0.87645257
QQQ,2,0.13421163,0.86578837
QQQ,2,0.15362385,0.84637615
QQQ,2,0.12255469,0.87744531
QQQ,2,0.35644626,0.64355374
QQQ,2,0.19162179,0.80837821
QQQ,2,0.13381698,0.86618302
QQQ,2,0.14867541,0.85132459
QQQ,2,0.16173715,0.83826285
QQQ,2,0.12244772,0.87755228
QQQ,2,0.12563719,0.87436281
QQQ,2,0.14065396,0.85934604
QQQ,2,0.12251408,0.87748592
QQQ,2,0.19980915,0.80019085
QQQ,2,0.12758478,0.87241522
QQQ,2,0.12249363,0.87750637
QQQ,2,0.12794012,0.87205988
QQQ,2,0.15321887,0.84678113
QQQ,2,0.17109017,0.82890983
QQQ,2,0.12583508,0.87416492
QQQ,2,0.73233406,0.26766594
QQQ,2,0.12675783,0.87324217
QQQ,2,0.30638458,0.69361542
QQQ,2,0.16508938,0.83491062
QQQ,2,0.12627732,0.87372268
QQQ,2,0.15656626,0.84343374
QQQ,2,0.21588484,0.78411516
QQQ,2,0.23451933,0.76548067
QQQ,2,0.34583074,0.65416926
QQQ,2,0.20131194,0.79868806
QQQ,2,0.12468308,0.87531692
QQQ,2,0.13565424,0.86434576
QQQ,2,0.39690588,0.60309412
QQQ,2,0.12388535,0.87611465
QQQ,2,0.12388729,0.87611271
QQQ,2,0.14497961,0.85502039
QQQ,2,0.12405891,0.87594109
QQQ,2,0.13691690,0.86308310
QQQ,2,0.12264351,0.87735649
QQQ,2,0.12760243,0.87239757
QQQ,2,0.13363669,0.86636331
QQQ,2,0.29807251,0.70192749
QQQ,2,0.29934225,0.70065775
QQQ,2,0.28394257,0.71605743
QQQ,2,0.34974135,0.65025865
QQQ,2,0.13948641,0.86051359
QQQ,2,0.13472088,0.86527912
QQQ,2,0.29260518,0.70739482
QQQ,2,0.13236125,0.86763875
QQQ,2,0.15102411,0.84897589
QQQ,2,0.13271668,0.86728332
QQQ,2,0.12411450,0.87588550
QQQ,2,0.12251724,0.87748276
QQQ,2,0.16121567,0.83878433
QQQ,2,0.12389201,0.87610799
QQQ,2,0.14389988,0.85610012
QQQ,2,0.23506889,0.76493111
QQQ,2,0.12739783,0.87260217
QQQ,2,0.12245134,0.87754866
QQQ,2,0.12274765,0.87725235
QQQ,2,0.13038474,0.86961526
QQQ,2,0.13236489,0.86763511
QQQ,2,0.12308750,0.87691250
QQQ,2,0.18372315,0.81627685
QQQ,2,0.20510413,0.79489587
QQQ,2,0.12604042,0.87395958
QQQ,2,0.23531446,0.76468554
QQQ,2,0.12309286,0.87690714
QQQ,2,0.12417386,0.87582614
QQQ,2,0.13375818,0.86624182
QQQ,2,0.26536671,0.73463329
QQQ,2,0.19280968,0.80719032
QQQ,2,0.13766190,0.86233810
QQQ,2,0.12690007,0.87309993
QQQ,2,0.16165225,0.83834775
QQQ,2,0.12576951,0.87423049
QQQ,2,0.20918705,0.79081295
QQQ,2,0.12606338,0.87393662
QQQ,2,0.29572303,0.70427697
QQQ,2,0.15723788,0.84276212
QQQ,2,0.12298810,0.87701190
QQQ,2,0.21983366,0.78016634
QQQ,2,0.13726572,0.86273428
QQQ,2,0.12772657,0.87227343
QQQ,2,0.12337912,0.87662088
QQQ,2,0.12292463,0.87707537
QQQ,2,0.17208026,0.82791974
QQQ,2,0.12248711,0.87751289
QQQ,2,0.12591727,0.87408273
QQQ,2,0.12519021,0.87480979
QQQ,2,0.12307751,0.87692249
QQQ,2,0.52427934,0.47572066
QQQ,2,0.27006551,0.72993449
QQQ,2,0.16188130,0.83811870
QQQ,2,0.12565122,0.87434878
QQQ,2,0.99989431,0.00010569
QQQ,2,0.31882021,0.68117979
QQQ,2,0.79681587,0.20318413
QQQ,2,0.21715500,0.78284500
QQQ,2,0.93790586,0.06209414
QQQ,2,0.12368387,0.87631613
QQQ,2,0.67017177,0.32982823
QQQ,2,0.12538810,0.87461190
QQQ,2,0.13217855,0.86782145
QQQ,2,0.12957064,0.87042936
QQQ,2,0.99995608,0.00004392
QQQ,2,0.96645304,0.03354696
QQQ,2,0.85996151,0.14003849
QQQ,2,0.59330458,0.40669542
QQQ,2,0.28910160,0.71089840
QQQ,2,0.72667277,0.27332723
QQQ,2,0.32947461,0.67052539
QQQ,2,0.28648310,0.71351690
QQQ,2,0.12701145,0.87298855
QQQ,2,0.15126791,0.84873209
QQQ,2,0.96641419,0.03358581
QQQ,2,0.13380427,0.86619573
QQQ,2,0.35929721,0.64070279
QQQ,2,0.97415593,0.02584407
QQQ,2,0.12408737,0.87591263
QQQ,2,0.17886598,0.82113402
QQQ,2,0.40213960,0.59786040
QQQ,2,0.12743501,0.87256499
QQQ,2,0.97780005,0.02219995
QQQ,2,0.55922889,0.44077111
QQQ,2,0.13819278,0.86180722
QQQ,2,0.16135355,0.83864645
QQQ,2,0.70560159,0.29439841
QQQ,2,0.13387868,0.86612132
QQQ,2,0.98133598,0.01866402
QQQ,2,0.12347429,0.87652571
QQQ,2,0.17163083,0.82836917
QQQ,2,0.43126234,0.56873766
QQQ,2,0.99714372,0.00285628
QQQ,2,0.14230386,0.85769614
QQQ,2,0.99122144,0.00877856
QQQ,2,0.17640374,0.82359626
QQQ,2,0.12573229,0.87426771
QQQ,2,0.18498395,0.81501605
QQQ,2,0.12296688,0.87703312
QQQ,2,0.77649278,0.22350722
QQQ,2,0.77946398,0.22053602
QQQ,2,0.13140921,0.86859079
QQQ,2,0.83306192,0.16693808
QQQ,2,0.35040739,0.64959261
QQQ,2,0.98457264,0.01542736
QQQ,2,0.89926045,0.10073955
QQQ,2,0.99999991,0.00000009
QQQ,2,0.14627025,0.85372975
QQQ,2,0.12608065,0.87391935
QQQ,2,0.17225722,0.82774278
QQQ,2,0.13463088,0.86536912
QQQ,2,0.97918771,0.02081229
QQQ,2,0.99897471,0.00102529
QQQ,2,0.25158855,0.74841145
QQQ,2,0.22555840,0.77444160
QQQ,2,0.18101856,0.81898144
QQQ,2,0.13084561,0.86915439
QQQ,2,0.12832391,0.87167609
QQQ,2,0.17788063,0.82211937
QQQ,2,0.48475144,0.51524856
QQQ,2,0.12258303,0.87741697
QQQ,2,0.17475685,0.82524315
QQQ,2,0.19936764,0.80063236
QQQ,2,0.51843194,0.48156806
QQQ,2,0.12265384,0.87734616
QQQ,2,0.14210957,0.85789043
QQQ,2,0.24213494,0.75786506
QQQ,2,0.22270228,0.77729772
QQQ,2,0.18839045,0.81160955
QQQ,2,0.76641041,0.23358959
QQQ,2,0.35526398,0.64473602
QQQ,2,0.12542295,0.87457705
QQQ,2,0.25462130,0.74537870
QQQ,2,0.18319042,0.81680958
QQQ,2,0.12463047,0.87536953
QQQ,2,0.26830687,0.73169313
QQQ,2,0.12310000,0.87690000
QQQ,2,0.12369505,0.87630495
QQQ,2,0.31343903,0.68656097
QQQ,2,0.12374163,0.87625837
QQQ,2,0.12466878,0.87533122
QQQ,2,0.13372414,0.86627586
QQQ,2,0.12549609,0.87450391
QQQ,2,0.12244670,0.87755330
QQQ,2,0.13019337,0.86980663
QQQ,2,0.15590701,0.84409299
QQQ,2,0.13159688,0.86840312
QQQ,2,0.12391286,0.87608714
QQQ,2,0.12253477,0.87746523
QQQ,2,0.12556960,0.87443040
QQQ,2,0.15182118,0.84817882
QQQ,2,0.12255889,0.87744111
QQQ,2,0.12311361,0.87688639
QQQ,2,0.14239794,0.85760206
QQQ,2,0.25059247,0.74940753
QQQ,2,0.12608555,0.87391445
QQQ,2,0.55129588,0.44870412
QQQ,2,0.15017773,0.84982227
QQQ,2,0.17487198,0.82512802
QQQ,2,0.12305375,0.87694625
QQQ,2,0.18589858,0.81410142
QQQ,2,0.12720585,0.87279415
QQQ,2,0.13174126,0.86825874
QQQ,2,0.13349755,0.86650245
QQQ,2,0.35723873,0.64276127
QQQ,2,0.61785303,0.38214697
QQQ,2,0.12600135,0.87399865
QQQ,2,0.12991568,0.87008432
QQQ,2,0.14749844,0.85250156
QQQ,2,0.12518741,0.87481259
QQQ,2,0.15821057,0.84178943
QQQ,2,0.28025138,0.71974862
QQQ,2,0.13709451,0.86290549
QQQ,2,0.14996486,0.85003514
QQQ,2,0.12244465,0.87755535
QQQ,2,0.14064625,0.85935375
QQQ,2,0.12717637,0.87282363
QQQ,2,0.12834622,0.87165378
QQQ,2,0.13973837,0.86026163
QQQ,2,0.12540552,0.87459448
QQQ,2,0.13443560,0.86556440
QQQ,2,0.12248823,0.87751177
QQQ,2,0.13046842,0.86953158
QQQ,2,0.13063117,0.86936883
QQQ,2,0.12401881,0.87598119
QQQ,2,0.12803912,0.87196088
QQQ,2,0.25642976,0.74357024
QQQ,2,0.12562684,0.87437316
QQQ,2,0.13458521,0.86541479
QQQ,2,0.12299795,0.87700205
QQQ,2,0.12524689,0.87475311
QQQ,2,0.16097706,0.83902294
QQQ,2,0.13014830,0.86985170
QQQ,2,0.13720284,0.86279716
QQQ,2,0.33937803,0.66062197
QQQ,2,0.14100005,0.85899995
QQQ,2,0.51709211,0.48290789
QQQ,2,0.13175507,0.86824493
QQQ,2,0.14902129,0.85097871
QQQ,2,0.12283670,0.87716330
QQQ,2,0.99282193,0.00717807
QQQ,2,0.17830794,0.82169206
QQQ,2,0.26091030,0.73908970
QQQ,2,0.21899522,0.78100478
QQQ,2,0.17952747,0.82047253
QQQ,2,0.41099199,0.58900801
QQQ,2,0.17802640,0.82197360
QQQ,2,0.13579458,0.86420542
QQQ,2,0.33064300,0.66935700
QQQ,2,0.12391157,0.87608843
QQQ,2,0.13487804,0.86512196
QQQ,2,0.17159107,0.82840893
QQQ,2,0.13007570,0.86992430
QQQ,2,0.37091662,0.62908338
QQQ,2,0.71532525,0.28467475
QQQ,2,0.84131660,0.15868340
QQQ,2,0.16471014,0.83528986
QQQ,2,0.18778940,0.81221060
QQQ,2,0.55026998,0.44973002
QQQ,2,0.26112462,0.73887538
QQQ,2,0.12745255,0.87254745
QQQ,2,0.13917295,0.86082705
QQQ,2,0.14242474,0.85757526
QQQ,2,0.13316984,0.86683016
QQQ,2,0.14552797,0.85447203
QQQ,2,0.30848764,0.69151236
QQQ,2,0.13687889,0.86312111
QQQ,2,0.19658859,0.80341141
QQQ,2,0.12280453,0.87719547
QQQ,2,0.12251716,0.87748284
QQQ,2,0.42182085,0.57817915
QQQ,2,0.13056032,0.86943968
QQQ,2,0.12891437,0.87108563
QQQ,2,0.12417526,0.87582474
QQQ,2,0.27907577,0.72092423
QQQ,2,0.13646102,0.86353898
QQQ,2,0.16950935,0.83049065
QQQ,2,0.12365397,0.87634603
QQQ,2,0.15243018,0.84756982
QQQ,2,0.13488500,0.86511500
QQQ,2,0.19222020,0.80777980
QQQ,2,0.12243898,0.87756102
QQQ,2,0.14661600,0.85338400
QQQ,2,0.12978227,0.87021773
QQQ,2,0.13615650,0.86384350
QQQ,2,0.13841433,0.86158567
QQQ,2,0.12266997,0.87733003
QQQ,2,0.15973332,0.84026668
QQQ,2,0.16026351,0.83973649
QQQ,2,0.15075437,0.84924563
QQQ,2,0.16208126,0.83791874
QQQ,2,0.17617535,0.82382465
QQQ,2,0.19479369,0.80520631
QQQ,2,0.12897358,0.87102642
QQQ,2,0.13241574,0.86758426
QQQ,2,0.30037856,0.69962144
QQQ,2,0.14497127,0.85502873
QQQ,2,0.35194384,0.64805616
QQQ,2,0.99609743,0.00390257
QQQ,2,0.21695366,0.78304634
QQQ,2,0.13497816,0.86502184
QQQ,2,0.68900642,0.31099358
QQQ,2,0.16515149,0.83484851
QQQ,2,0.21474261,0.78525739
QQQ,2,0.58728495,0.41271505
QQQ,2,0.94497674,0.05502326
QQQ,2,0.12449891,0.87550109
QQQ,2,0.30498760,0.69501240
QQQ,2,0.38785669,0.61214331
QQQ,2,0.14655372,0.85344628
QQQ,2,0.18039356,0.81960644
QQQ,2,0.12819461,0.87180539
QQQ,2,0.97377123,0.02622877
QQQ,2,0.26116160,0.73883840
QQQ,2,0.12693091,0.87306909
QQQ,2,0.13288737,0.86711263
QQQ,2,0.33372530,0.66627470
QQQ,2,0.12355883,0.87644117
QQQ,2,0.18143600,0.81856400
QQQ,2,0.27969276,0.72030724
QQQ,2,0.47680970,0.52319030
QQQ,2,0.12271675,0.87728325
QQQ,2,0.12345475,0.87654525
QQQ,2,0.12799406,0.87200594
QQQ,2,0.17984698,0.82015302
QQQ,2,0.13510848,0.86489152
QQQ,2,0.12752314,0.87247686
QQQ,2,0.13478926,0.86521074
QQQ,2,0.13413272,0.86586728
QQQ,2,0.12250925,0.87749075
QQQ,2,0.12447991,0.87552009
QQQ,2,0.20441838,0.79558162
QQQ,2,0.12244087,0.87755913
QQQ,2,0.28458253,0.71541747
QQQ,2,0.20197615,0.79802385
QQQ,2,0.13060081,0.86939919
QQQ,2,0.23922168,0.76077832
QQQ,2,0.17297596,0.82702404
QQQ,2,0.16814771,0.83185229
QQQ,2,0.42133572,0.57866428
QQQ,2,0.18711041,0.81288959
QQQ,2,0.30403158,0.69596842
QQQ,2,0.12414487,0.87585513
QQQ,2,0.30930994,0.69069006
QQQ,2,0.17469074,0.82530926
QQQ,2,0.16032514,0.83967486
QQQ,2,0.27983636,0.72016364
QQQ,2,0.12299199,0.87700801
QQQ,2,0.26639756,0.73360244
QQQ,2,0.12430468,0.87569532
QQQ,2,0.12812133,0.87187867
QQQ,2,0.18805999,0.81194001
QQQ,2,0.17041966,0.82958034
QQQ,2,0.16460771,0.83539229
QQQ,2,0.12453388,0.87546612
QQQ,2,0.18492551,0.81507449
QQQ,2,0.17283186,0.82716814
QQQ,2,0.20724647,0.79275353
QQQ,2,0.15287964,0.84712036
QQQ,2,0.13693758,0.86306242
QQQ,2,0.12251853,0.87748147
QQQ,2,0.18286097,0.81713903
QQQ,2,0.15135397,0.84864603
QQQ,2,0.12345300,0.87654700
QQQ,2,0.12465960,0.87534040
QQQ,2,0.12877493,0.87122507
QQQ,2,0.13251495,0.86748505
QQQ,2,0.12298509,0.87701491
QQQ,2,0.12779083,0.87220917
QQQ,2,0.12250848,0.87749152
QQQ,2,0.12268400,0.87731600
QQQ,2,0.15725622,0.84274378
QQQ,2,0.12323662,0.87676338
QQQ,2,0.12447920,0.87552080
QQQ,2,0.14441336,0.85558664
QQQ,2,0.12616190,0.87383810
QQQ,2,0.12247149,0.87752851
QQQ,2,0.22807131,0.77192869
QQQ,2,0.12647268,0.87352732
QQQ,2,0.16080264,0.83919736
QQQ,2,0.13263720,0.86736280
QQQ,2,0.19836565,0.80163435
QQQ,2,0.17371063,0.82628937
QQQ,2,0.13286271,0.86713729
QQQ,2,0.12457233,0.87542767
QQQ,2,0.21267969,0.78732031
QQQ,2,0.13145887,0.86854113
QQQ,2,0.12264988,0.87735012
QQQ,2,0.13809814,0.86190186
QQQ,2,0.16175236,0.83824764
QQQ,2,0.13191022,0.86808978
QQQ,2,0.20357529,0.79642471
QQQ,2,0.12341478,0.87658522
QQQ,2,0.12336531,0.87663469
QQQ,2,0.14777937,0.85222063
QQQ,2,0.13434204,0.86565796
QQQ,2,0.12838664,0.87161336
QQQ,2,0.12286474,0.87713526
QQQ,2,0.17764531,0.82235469
QQQ,2,0.12249829,0.87750171
QQQ,2,0.14707688,0.85292312
QQQ,2,0.12372071,0.87627929
QQQ,2,0.37674571,0.62325429
QQQ,2,0.16756465,0.83243535
QQQ,2,0.15104251,0.84895749
QQQ,2,0.12246014,0.87753986
QQQ,2,0.16266006,0.83733994
QQQ,2,0.17648180,0.82351820
QQQ,2,0.12423204,0.87576796
QQQ,2,0.22823965,0.77176035
QQQ,2,0.12946999,0.87053001
QQQ,2,0.12273597,0.87726403
QQQ,2,0.18425003,0.81574997
QQQ,2,0.14132258,0.85867742
QQQ,2,0.12247909,0.87752091
QQQ,2,0.12726183,0.87273817
QQQ,2,0.12914918,0.87085082
QQQ,2,0.16715021,0.83284979
QQQ,2,0.62046671,0.37953329
QQQ,2,0.27988662,0.72011338
QQQ,2,0.12381373,0.87618627
QQQ,2,0.13398970,0.86601030
QQQ,2,0.35019948,0.64980052
QQQ,2,0.29809378,0.70190622
QQQ,2,0.70318604,0.29681396
QQQ,2,0.13963437,0.86036563
QQQ,2,0.19128395,0.80871605
QQQ,2,0.13060500,0.86939500
QQQ,2,0.23878831,0.76121169
QQQ,2,0.12268699,0.87731301
QQQ,2,0.19880568,0.80119432
QQQ,2,0.12274811,0.87725189
QQQ,2,0.12871589,0.87128411
QQQ,2,0.12257572,0.87742428
QQQ,2,0.18921218,0.81078782
QQQ,2,0.17533510,0.82466490
QQQ,2,0.52727680,0.47272320
QQQ,2,0.99922853,0.00077147
QQQ,2,0.96017464,0.03982536
QQQ,2,0.12431897,0.87568103
QQQ,2,0.99999781,0.00000219
QQQ,2,0.12453655,0.87546345
QQQ,2,0.99997625,0.00002375
QQQ,2,0.94619056,0.05380944
QQQ,2,0.99938347,0.00061653
QQQ,2,0.95133490,0.04866510
QQQ,2,0.39906864,0.60093136
QQQ,2,1.00000000,0.00000000
QQQ,2,0.99997837,0.00002163
QQQ,2,0.99988172,0.00011828
QQQ,2,1.00000000,0.00000000
QQQ,2,1.00000000,0.00000000
QQQ,2,1.00000000,0.00000000
QQQ,2,1.00000000,0.00000000
QQQ,2,0.97930002,0.02069998
QQQ,2,0.16062498,0.83937502
QQQ,2,0.99929330,0.00070670
QQQ,2,0.12337290,0.87662710
QQQ,2,1.00000000,0.00000000
QQQ,2,0.12857025,0.87142975
QQQ,2,0.99999931,0.00000069
QQQ,2,0.97800662,0.02199338
QQQ,2,0.99434542,0.00565458
QQQ,2,0.16738854,0.83261146
QQQ,2,0.99959475,0.00040525
QQQ,2,0.41579183,0.58420817
QQQ,2,0.32910675,0.67089325
QQQ,2,1.00000000,0.00000000
QQQ,2,0.12722640,0.87277360
QQQ,2,0.77294981,0.22705019
QQQ,2,0.12650256,0.87349744
QQQ,2,0.22999546,0.77000454
QQQ,2,0.99974390,0.00025610
QQQ,2,0.17357661,0.82642339
QQQ,2,0.52162403,0.47837597
QQQ,2,0.19452924,0.80547076
QQQ,2,0.20420887,0.79579113
QQQ,2,0.99717804,0.00282196
QQQ,2,0.86965726,0.13034274
QQQ,2,0.12534353,0.87465647
QQQ,2,0.39854308,0.60145692
QQQ,2,0.17566601,0.82433399
QQQ,2,0.44375026,0.55624974
QQQ,2,0.98802859,0.01197141
QQQ,2,0.12270995,0.87729005
QQQ,2,0.88353873,0.11646127
QQQ,2,0.19365297,0.80634703
QQQ,2,0.20545635,0.79454365
QQQ,2,0.15744039,0.84255961
QQQ,2,0.27923979,0.72076021
QQQ,2,0.31000870,0.68999130
QQQ,2,0.19878183,0.80121817
QQQ,2,0.55673383,0.44326617
QQQ,2,0.27102495,0.72897505
QQQ,2,0.18783778,0.81216222
QQQ,2,0.14980322,0.85019678
QQQ,2,0.51976878,0.48023122
QQQ,2,0.12324711,0.87675289
QQQ,2,0.58086579,0.41913421
QQQ,2,0.19351059,0.80648941
QQQ,2,0.13088515,0.86911485
QQQ,2,0.12787265,0.87212735
QQQ,2,0.14099903,0.85900097
QQQ,2,0.12317754,0.87682246
QQQ,2,0.31373422,0.68626578
QQQ,2,0.13097802,0.86902198
QQQ,2,0.15978962,0.84021038
QQQ,2,0.13793848,0.86206152
QQQ,2,0.14934425,0.85065575
QQQ,2,0.52502356,0.47497644
QQQ,2,0.17183912,0.82816088
QQQ,2,0.17238563,0.82761437
QQQ,2,0.25207639,0.74792361
QQQ,2,0.99999100,0.00000900
QQQ,2,0.14210812,0.85789188
QQQ,2,0.19799253,0.80200747
QQQ,2,0.45479697,0.54520303
QQQ,2,0.13591812,0.86408188
QQQ,2,0.13056075,0.86943925
QQQ,2,0.12244734,0.87755266
QQQ,2,0.23573294,0.76426706
QQQ,2,0.18061522,0.81938478
QQQ,2,0.54449030,0.45550970
QQQ,2,0.17419588,0.82580412
QQQ,2,0.78055144,0.21944856
QQQ,2,0.19323872,0.80676128
QQQ,2,0.49798178,0.50201822
QQQ,2,0.26579926,0.73420074
QQQ,2,0.16915965,0.83084035
QQQ,2,0.81873398,0.18126602
QQQ,2,0.13948157,0.86051843
QQQ,2,0.28387963,0.71612037
QQQ,2,0.17585485,0.82414515
QQQ,2,0.16385703,0.83614297
QQQ,2,0.55583757,0.44416243
QQQ,2,0.14685330,0.85314670
QQQ,2,0.12372721,0.87627279
QQQ,2,0.14871255,0.85128745
QQQ,2,0.12287704,0.87712296
QQQ,2,0.90378107,0.09621893
QQQ,2,0.17636336,0.82363664
QQQ,2,0.13324758,0.86675242
QQQ,2,0.87526517,0.12473483
QQQ,2,0.21042266,0.78957734
QQQ,2,0.35907646,0.64092354
QQQ,2,0.24080715,0.75919285
QQQ,2,0.22457927,0.77542073
QQQ,2,0.13980675,0.86019325
QQQ,2,0.47653757,0.52346243
QQQ,2,0.31133165,0.68866835
QQQ,2,0.13975692,0.86024308
QQQ,2,0.12898585,0.87101415
QQQ,2,0.27359128,0.72640872
QQQ,2,0.20812105,0.79187895
QQQ,2,0.13391794,0.86608206
QQQ,2,0.54936078,0.45063922
QQQ,2,0.74485147,0.25514853
QQQ,2,0.12712840,0.87287160
QQQ,2,0.12244187,0.87755813
QQQ,2,0.22530054,0.77469946
QQQ,2,0.19740753,0.80259247
QQQ,2,0.14272122,0.85727878
QQQ,2,0.28465941,0.71534059
QQQ,2,0.15817385,0.84182615
QQQ,2,0.15682094,0.84317906
QQQ,2,0.17164373,0.82835627
QQQ,2,0.65532585,0.34467415
QQQ,2,0.12389848,0.87610152
QQQ,2,0.14415129,0.85584871
QQQ,2,0.16708973,0.83291027
QQQ,2,0.43351888,0.56648112
QQQ,2,0.20797841,0.79202159
QQQ,2,0.99999454,0.00000546
QQQ,2,0.35835839,0.64164161
QQQ,2,0.99999788,0.00000212
QQQ,2,0.83310721,0.16689279
QQQ,2,0.59663921,0.40336079
QQQ,2,0.15206333,0.84793667
QQQ,2,0.35968419,0.64031581
QQQ,2,0.31392075,0.68607925
QQQ,2,0.30576611,0.69423389
QQQ,2,0.36197800,0.63802200
QQQ,2,0.30509730,0.69490270
QQQ,2,0.12588055,0.87411945
QQQ,2,0.45304827,0.54695173
QQQ,2,0.94742578,0.05257422
QQQ,2,0.13091484,0.86908516
QQQ,2,0.65427348,0.34572652
QQQ,2,0.66734119,0.33265881
QQQ,2,0.12560130,0.87439870
QQQ,2,0.15970595,0.84029405
QQQ,2,0.35871912,0.64128088
QQQ,2,0.89295413,0.10704587
QQQ,2,0.56664792,0.43335208
QQQ,2,0.45752990,0.54247010
QQQ,2,0.40908253,0.59091747
QQQ,2,0.14100829,0.85899171
QQQ,2,0.37201258,0.62798742
QQQ,2,0.96964985,0.03035015
QQQ,2,0.12579559,0.87420441
QQQ,2,0.15425112,0.84574888
QQQ,2,0.15642370,0.84357630
QQQ,2,0.14742154,0.85257846
QQQ,2,0.40794793,0.59205207
QQQ,2,0.12298831,0.87701169
QQQ,2,0.12360782,0.87639218
QQQ,2,0.12243703,0.87756297
QQQ,2,0.12464786,0.87535214
QQQ,2,0.32354626,0.67645374
QQQ,2,0.15446661,0.84553339
QQQ,2,0.99888823,0.00111177
QQQ,2,0.34018299,0.65981701
QQQ,2,0.86832818,0.13167182
QQQ,2,0.12389786,0.87610214
QQQ,2,0.36566736,0.63433264
QQQ,2,0.99987541,0.00012459
QQQ,2,0.93280643,0.06719357
QQQ,2,0.13320397,0.86679603
QQQ,2,0.52398818,0.47601182
QQQ,2,0.51257595,0.48742405
QQQ,2,0.56344908,0.43655092
QQQ,2,0.13366463,0.86633537
QQQ,2,0.18587000,0.81413000
QQQ,2,0.16591900,0.83408100
QQQ,2,0.12568975,0.87431025
QQQ,2,0.15676322,0.84323678
QQQ,2,0.15665765,0.84334235
QQQ,2,0.15200318,0.84799682
QQQ,2,0.12243682,0.87756318
QQQ,2,0.27869924,0.72130076
QQQ,2,0.15346626,0.84653374
QQQ,2,0.19708248,0.80291752
QQQ,2,0.12724803,0.87275197
QQQ,2,0.26789962,0.73210038
QQQ,2,0.12504419,0.87495581
QQQ,2,0.12498178,0.87501822
QQQ,2,0.13322867,0.86677133
QQQ,2,0.14475824,0.85524176
QQQ,2,0.13159184,0.86840816
QQQ,2,0.68794270,0.31205730
QQQ,2,0.12737200,0.87262800
QQQ,2,0.12798472,0.87201528
QQQ,2,0.15726292,0.84273708
QQQ,2,0.21174907,0.78825093
QQQ,2,0.14878230,0.85121770
QQQ,2,0.15753134,0.84246866
QQQ,2,0.12588981,0.87411019
QQQ,2,0.12424382,0.87575618
QQQ,2,0.12607416,0.87392584
QQQ,2,0.13780300,0.86219700
QQQ,2,0.13342794,0.86657206
QQQ,2,0.19512205,0.80487795
QQQ,2,0.12407185,0.87592815
QQQ,2,0.12260996,0.87739004
QQQ,2,0.12616198,0.87383802
QQQ,2,0.29235343,0.70764657
QQQ,2,0.15978974,0.84021026
QQQ,2,0.29421787,0.70578213
QQQ,2,0.74131078,0.25868922
QQQ,2,0.27406968,0.72593032
QQQ,2,0.25331460,0.74668540
QQQ,2,0.12441177,0.87558823
QQQ,2,0.14502196,0.85497804
QQQ,2,0.13828381,0.86171619
QQQ,2,0.16467766,0.83532234
QQQ,2,0.28327224,0.71672776
QQQ,2,0.73893467,0.26106533
QQQ,2,0.19312492,0.80687508
QQQ,2,0.12356249,0.87643751
QQQ,2,0.17079947,0.82920053
QQQ,2,0.12434220,0.87565780
QQQ,2,0.90601514,0.09398486
QQQ,2,0.13413736,0.86586264
QQQ,2,0.67602391,0.32397609
QQQ,2,0.75390319,0.24609681
QQQ,2,0.38673918,0.61326082
QQQ,2,0.12464701,0.87535299
QQQ,2,0.24150133,0.75849867
QQQ,2,0.13150548,0.86849452
QQQ,2,0.15854187,0.84145813
QQQ,2,0.12249777,0.87750223
QQQ,2,0.12477831,0.87522169
QQQ,2,0.14026988,0.85973012
QQQ,2,0.14347130,0.85652870
QQQ,2,0.12516325,0.87483675
QQQ,2,0.13607829,0.86392171
QQQ,2,0.13650815,0.86349185
QQQ,2,0.13688966,0.86311034
QQQ,2,0.87396686,0.12603314
QQQ,2,0.13581222,0.86418778
QQQ,2,0.15269353,0.84730647
QQQ,2,0.99182825,0.00817175
QQQ,2,0.12632981,0.87367019
QQQ,2,0.91675878,0.08324122
QQQ,2,0.29966919,0.70033081
QQQ,2,0.93312777,0.06687223
QQQ,2,0.49679428,0.50320572
QQQ,2,0.25143960,0.74856040
QQQ,2,0.92558152,0.07441848
QQQ,2,0.99707991,0.00292009
QQQ,2,0.12479912,0.87520088
QQQ,2,0.78345032,0.21654968
QQQ,2,0.15423060,0.84576940
QQQ,2,0.21733041,0.78266959
QQQ,2,0.14286288,0.85713712
QQQ,2,0.13731011,0.86268989
QQQ,2,0.95955192,0.04044808
QQQ,2,0.12470036,0.87529964
QQQ,2,0.42024205,0.57975795
QQQ,2,0.12844811,0.87155189
QQQ,2,0.37842126,0.62157874
QQQ,2,0.12744429,0.87255571
QQQ,2,0.29014245,0.70985755
QQQ,2,0.12256955,0.87743045
QQQ,2,0.13417194,0.86582806
QQQ,2,0.31958629,0.68041371
QQQ,2,0.42862716,0.57137284
QQQ,2,0.63230793,0.36769207
QQQ,2,0.12327882,0.87672118
QQQ,2,0.12892021,0.87107979
QQQ,2,0.20298413,0.79701587
QQQ,2,0.15172622,0.84827378
QQQ,2,0.12257782,0.87742218
QQQ,2,0.23041146,0.76958854
QQQ,2,0.22320073,0.77679927
QQQ,2,0.31971963,0.68028037
QQQ,2,0.12370328,0.87629672
QQQ,2,0.17083664,0.82916336
QQQ,2,0.16271967,0.83728033
QQQ,2,0.16168904,0.83831096
QQQ,2,0.23445239,0.76554761
QQQ,2,0.24009868,0.75990132
QQQ,2,0.15081540,0.84918460
QQQ,2,0.12940980,0.87059020
QQQ,2,0.12912650,0.87087350
QQQ,2,0.12859879,0.87140121
QQQ,2,0.14980246,0.85019754
QQQ,2,0.14171059,0.85828941
QQQ,2,0.48948660,0.51051340
QQQ,2,0.13565608,0.86434392
QQQ,2,0.14941463,0.85058537
QQQ,2,0.16970180,0.83029820
QQQ,2,0.80095944,0.19904056
QQQ,2,0.12602258,0.87397742
QQQ,2,0.89694716,0.10305284
QQQ,2,0.14656698,0.85343302
QQQ,2,0.61319656,0.38680344
QQQ,2,0.13486141,0.86513859
QQQ,2,0.14618827,0.85381173
QQQ,2,0.12257623,0.87742377
QQQ,2,0.49723915,0.50276085
QQQ,2,0.13438798,0.86561202
QQQ,2,0.41551911,0.58448089
QQQ,2,0.12497541,0.87502459
QQQ,2,0.13385009,0.86614991
QQQ,2,0.12977867,0.87022133
QQQ,2,0.12819439,0.87180561
QQQ,2,0.12908698,0.87091302
QQQ,2,0.12459439,0.87540561
QQQ,2,0.20334101,0.79665899
QQQ,2,0.37521073,0.62478927
QQQ,2,0.12958820,0.87041180
QQQ,2,0.12361930,0.87638070
QQQ,2,0.12253134,0.87746866
QQQ,2,0.20146817,0.79853183
QQQ,2,0.12861639,0.87138361
QQQ,2,0.19712356,0.80287644
QQQ,2,0.14439288,0.85560712
QQQ,2,0.13022652,0.86977348
QQQ,2,0.23749567,0.76250433
QQQ,2,0.15776265,0.84223735
QQQ,2,0.14802863,0.85197137
QQQ,2,0.18251418,0.81748582
QQQ,2,0.12342882,0.87657118
QQQ,2,0.15060993,0.84939007
QQQ,2,0.12287230,0.87712770
QQQ,2,0.24214569,0.75785431
QQQ,2,0.13339780,0.86660220
QQQ,2,0.12283365,0.87716635
QQQ,2,0.12256777,0.87743223
QQQ,2,0.22053186,0.77946814
QQQ,2,0.13775286,0.86224714
QQQ,2,0.12738133,0.87261867
QQQ,2,0.14318704,0.85681296
QQQ,2,0.14507142,0.85492858
QQQ,2,0.13202067,0.86797933
QQQ,2,0.12258706,0.87741294
QQQ,2,0.12473990,0.87526010
QQQ,2,0.15377521,0.84622479
QQQ,2,0.17096308,0.82903692
QQQ,2,0.17870282,0.82129718
QQQ,2,0.20731556,0.79268444
QQQ,2,0.16489660,0.83510340
QQQ,2,0.16012566,0.83987434
QQQ,2,0.24294523,0.75705477
QQQ,2,0.12423747,0.87576253
QQQ,2,0.20332606,0.79667394
QQQ,2,0.12877119,0.87122881
QQQ,2,0.12373695,0.87626305
QQQ,2,0.13759415,0.86240585
QQQ,2,0.12244688,0.87755312
QQQ,2,0.14370598,0.85629402
QQQ,2,0.12433062,0.87566938
QQQ,2,0.15121279,0.84878721
QQQ,2,0.13201139,0.86798861
QQQ,2,0.12455000,0.87545000
QQQ,2,0.13950290,0.86049710
QQQ,2,0.12463090,0.87536910
QQQ,2,0.12884951,0.87115049
QQQ,2,0.13039248,0.86960752
QQQ,2,0.12281028,0.87718972
QQQ,2,0.17382780,0.82617220
QQQ,2,0.19695223,0.80304777
QQQ,2,0.13151869,0.86848131
QQQ,2,0.19665368,0.80334632
QQQ,2,0.34776902,0.65223098
QQQ,2,0.13406352,0.86593648
QQQ,2,0.12481161,0.87518839
QQQ,2,0.14661585,0.85338415
QQQ,2,0.18404929,0.81595071
QQQ,2,0.22159929,0.77840071
QQQ,2,0.12247576,0.87752424
QQQ,2,0.12511226,0.87488774
QQQ,2,0.12253917,0.87746083
QQQ,2,0.12828088,0.87171912
QQQ,2,0.12388614,0.87611386
QQQ,2,0.12885211,0.87114789
QQQ,2,0.13016965,0.86983035
QQQ,2,0.16499708,0.83500292
QQQ,2,0.12340112,0.87659888
QQQ,2,0.12873064,0.87126936
QQQ,2,0.15649916,0.84350084
QQQ,2,0.12299646,0.87700354
QQQ,2,0.22424508,0.77575492
QQQ,2,0.63787767,0.36212233
QQQ,2,0.12258022,0.87741978
QQQ,2,0.17045338,0.82954662
QQQ,2,0.19039878,0.80960122
QQQ,2,0.12453602,0.87546398
QQQ,2,0.15999512,0.84000488
QQQ,2,0.93533572,0.06466428
QQQ,2,0.13038689,0.86961311
QQQ,2,0.13851340,0.86148660
QQQ,2,0.14443123,0.85556877
QQQ,2,0.61129628,0.38870372
QQQ,2,0.24703432,0.75296568
QQQ,2,0.14665202,0.85334798
QQQ,2,0.19622288,0.80377712
QQQ,2,0.13315250,0.86684750
QQQ,2,0.16024167,0.83975833
QQQ,2,0.13297328,0.86702672
QQQ,2,0.15874372,0.84125628
QQQ,2,0.47807289,0.52192711
QQQ,2,0.16151727,0.83848273
QQQ,2,0.21701937,0.78298063
QQQ,2,0.17022703,0.82977297
QQQ,2,0.12254162,0.87745838
QQQ,2,0.14829534,0.85170466
QQQ,2,0.16722109,0.83277891
QQQ,2,0.19416665,0.80583335
QQQ,2,0.12911532,0.87088468
QQQ,2,0.12769583,0.87230417
QQQ,2,0.21959224,0.78040776
QQQ,2,0.14238294,0.85761706
QQQ,2,0.13317767,0.86682233
QQQ,2,0.13538188,0.86461812
QQQ,2,0.21200948,0.78799052
QQQ,2,0.27524992,0.72475008
QQQ,2,0.12519840,0.87480160
QQQ,2,0.12274012,0.87725988
QQQ,2,0.15370321,0.84629679
QQQ,2,0.33294353,0.66705647
QQQ,2,0.12398425,0.87601575
QQQ,2,0.19340001,0.80659999
QQQ,2,0.12257753,0.87742247
QQQ,2,0.16025111,0.83974889
QQQ,2,0.12293325,0.87706675
QQQ,2,0.20636812,0.79363188
QQQ,2,0.14661271,0.85338729
QQQ,2,0.21080098,0.78919902
QQQ,2,0.13773621,0.86226379
QQQ,2,0.12592974,0.87407026
QQQ,2,0.51060372,0.48939628
QQQ,2,0.58424584,0.41575416
QQQ,2,0.30487312,0.69512688
QQQ,2,0.40477855,0.59522145
QQQ,2,0.14163328,0.85836672
QQQ,2,0.44757484,0.55242516
QQQ,2,0.15762081,0.84237919
QQQ,2,0.93910503,0.06089497
QQQ,2,0.14956515,0.85043485
QQQ,2,0.26621358,0.73378642
QQQ,2,0.19749506,0.80250494
QQQ,2,0.31028883,0.68971117
QQQ,2,0.20762194,0.79237806
QQQ,2,0.62520551,0.37479449
QQQ,2,0.82105449,0.17894551
QQQ,2,0.14091054,0.85908946
QQQ,2,0.21760294,0.78239706
QQQ,2,0.62887167,0.37112833
QQQ,2,0.25776809,0.74223191
QQQ,2,0.18164028,0.81835972
QQQ,2,0.42132052,0.57867948
QQQ,2,0.12930547,0.87069453
QQQ,2,0.12250506,0.87749494
QQQ,2,0.12864629,0.87135371
QQQ,2,0.14899720,0.85100280
QQQ,2,0.17988998,0.82011002
QQQ,2,0.25500839,0.74499161
QQQ,2,0.96962327,0.03037673
QQQ,2,0.12805510,0.87194490
QQQ,2,0.24366501,0.75633499
QQQ,2,0.12243689,0.87756311
QQQ,2,0.30435555,0.69564445
QQQ,2,0.13682694,0.86317306
QQQ,2,0.78543261,0.21456739
QQQ,2,0.13764022,0.86235978
QQQ,2,0.85043259,0.14956741
QQQ,2,0.23919051,0.76080949
QQQ,2,0.31827478,0.68172522
QQQ,2,0.94000377,0.05999623
QQQ,2,0.12581604,0.87418396
QQQ,2,0.78810082,0.21189918
QQQ,2,0.12672081,0.87327919
QQQ,2,0.21888694,0.78111306
QQQ,2,0.95430943,0.04569057
QQQ,2,0.98025350,0.01974650
QQQ,2,0.19386133,0.80613867
QQQ,2,0.19296063,0.80703937
QQQ,2,0.99914667,0.00085333
QQQ,2,0.20467519,0.79532481
QQQ,2,0.18255149,0.81744851
QQQ,2,0.21902712,0.78097288
QQQ,2,0.62198720,0.37801280
QQQ,2,0.62031058,0.37968942
QQQ,2,0.97889246,0.02110754
QQQ,2,0.12400668,0.87599332
QQQ,2,0.72415441,0.27584559
QQQ,2,0.12327026,0.87672974
QQQ,2,0.93472634,0.06527366
QQQ,2,0.26547021,0.73452979
QQQ,2,0.23786309,0.76213691
QQQ,2,0.88443533,0.11556467
QQQ,2,0.96562250,0.03437750
QQQ,2,0.36420676,0.63579324
QQQ,2,0.14035253,0.85964747
QQQ,2,0.30802243,0.69197757
QQQ,2,0.35798627,0.64201373
QQQ,2,0.29482565,0.70517435
QQQ,2,0.31107635,0.68892365
QQQ,2,0.99831581,0.00168419
QQQ,2,0.15897041,0.84102959
QQQ,2,0.98418632,0.01581368
QQQ,2,0.18436109,0.81563891
QQQ,2,0.55297721,0.44702279
QQQ,2,0.61412709,0.38587291
QQQ,2,0.92967304,0.07032696
QQQ,2,0.99644162,0.00355838
QQQ,2,0.34218453,0.65781547
QQQ,2,0.69626871,0.30373129
QQQ,2,0.12313910,0.87686090
QQQ,2,0.56765156,0.43234844
QQQ,2,0.27473735,0.72526265
QQQ,2,0.66708436,0.33291564
QQQ,2,0.12247638,0.87752362
QQQ,2,0.37471168,0.62528832
QQQ,2,0.44595499,0.55404501
QQQ,2,0.18519729,0.81480271
QQQ,2,0.24249134,0.75750866
QQQ,2,0.12827067,0.87172933
QQQ,2,0.53877656,0.46122344
QQQ,2,0.63095664,0.36904336
QQQ,2,0.67892415,0.32107585
QQQ,2,0.12244363,0.87755637
QQQ,2,0.32176999,0.67823001
QQQ,2,0.79430309,0.20569691
QQQ,2,0.14714908,0.85285092
QQQ,2,0.49071789,0.50928211
QQQ,2,0.67417438,0.32582562
QQQ,2,0.12252500,0.87747500
QQQ,2,0.61422956,0.38577044
QQQ,2,0.27193343,0.72806657
QQQ,2,0.59428133,0.40571867
QQQ,2,0.92003258,0.07996742
QQQ,2,0.19978620,0.80021380
QQQ,2,0.99825150,0.00174850
QQQ,2,0.12706472,0.87293528
QQQ,2,0.98232126,0.01767874
QQQ,2,0.99983240,0.00016760
QQQ,2,0.34450451,0.65549549
QQQ,2,0.12244413,0.87755587
QQQ,2,0.98771755,0.01228245
QQQ,2,0.99999069,0.00000931
QQQ,2,0.27281752,0.72718248
QQQ,2,0.99970760,0.00029240
QQQ,2,0.18261207,0.81738793
QQQ,2,0.96707211,0.03292789
QQQ,2,0.12987283,0.87012717
QQQ,2,0.99089827,0.00910173
QQQ,2,0.18960182,0.81039818
QQQ,2,0.86987444,0.13012556
QQQ,2,0.99998890,0.00001110
QQQ,2,0.15467332,0.84532668
QQQ,2,0.14305798,0.85694202
QQQ,2,0.36452440,0.63547560
QQQ,2,0.59330234,0.40669766
QQQ,2,0.27288537,0.72711463
QQQ,2,0.88694887,0.11305113
QQQ,2,0.98869207,0.01130793
QQQ,2,0.12253466,0.87746534
QQQ,2,0.14606241,0.85393759
QQQ,2,0.86633333,0.13366667
QQQ,2,0.81794368,0.18205632
QQQ,2,0.12812335,0.87187665
QQQ,2,0.16029460,0.83970540
QQQ,2,0.15032429,0.84967571
QQQ,2,0.88799059,0.11200941
QQQ,2,0.99710339,0.00289661
QQQ,2,0.99999500,0.00000500
QQQ,2,0.12621334,0.87378666
QQQ,2,0.69487751,0.30512249
QQQ,2,0.99872611,0.00127389
QQQ,2,0.21090850,0.78909150
QQQ,2,0.75180658,0.24819342
QQQ,2,0.12258353,0.87741647
QQQ,2,0.35546933,0.64453067
QQQ,2,0.98934493,0.01065507
QQQ,2,0.13653588,0.86346412
QQQ,2,0.94765241,0.05234759
QQQ,2,0.12323782,0.87676218
QQQ,2,0.28505645,0.71494355
QQQ,2,0.14457078,0.85542922
QQQ,2,0.39434793,0.60565207
QQQ,2,0.16123064,0.83876936
QQQ,2,0.68054597,0.31945403
QQQ,2,0.12692341,0.87307659
QQQ,2,0.58508299,0.41491701
QQQ,2,0.21087004,0.78912996
QQQ,2,0.13027940,0.86972060
QQQ,2,0.12783654,0.87216346
QQQ,2,0.45534661,0.54465339
QQQ,2,0.15762339,0.84237661
QQQ,2,0.95966190,0.04033810
QQQ,2,0.40664085,0.59335915
QQQ,2,0.38376597,0.61623403
QQQ,2,0.36850201,0.63149799
QQQ,2,0.14569363,0.85430637
QQQ,2,0.60827127,0.39172873
QQQ,2,0.99888274,0.00111726
QQQ,2,0.21612323,0.78387677
QQQ,2,0.58320550,0.41679450
QQQ,2,0.12287521,0.87712479
QQQ,2,0.12528909,0.87471091
QQQ,2,0.87278266,0.12721734
QQQ,2,0.14559334,0.85440666
QQQ,2,0.15145445,0.84854555
QQQ,2,0.12976719,0.87023281
QQQ,2,0.23348904,0.76651096
QQQ,2,0.87490729,0.12509271
QQQ,2,0.13581249,0.86418751
QQQ,2,0.56715074,0.43284926
QQQ,2,0.17678285,0.82321715
QQQ,2,0.12303390,0.87696610
QQQ,2,0.21781240,0.78218760
QQQ,2,0.12404340,0.87595660
QQQ,2,0.55928883,0.44071117
QQQ,2,0.90252180,0.09747820
QQQ,2,0.12872631,0.87127369
QQQ,2,0.12399424,0.87600576
QQQ,2,0.43454130,0.56545870
QQQ,2,0.99918731,0.00081269
QQQ,2,0.22261529,0.77738471
QQQ,2,0.27982069,0.72017931
QQQ,2,0.15346984,0.84653016
QQQ,2,0.12253479,0.87746521
QQQ,2,0.30516942,0.69483058
QQQ,2,0.16521028,0.83478972
QQQ,2,0.49870374,0.50129626
QQQ,2,0.14497857,0.85502143
QQQ,2,0.70799620,0.29200380
QQQ,2,0.26794282,0.73205718
QQQ,2,0.99999946,0.00000054
QQQ,2,0.13969921,0.86030079
QQQ,2,0.49841579,0.50158421
QQQ,2,0.15155426,0.84844574
QQQ,2,0.15081813,0.84918187
QQQ,2,0.16350330,0.83649670
QQQ,2,0.45931781,0.54068219
QQQ,2,0.28264445,0.71735555
QQQ,2,0.44847970,0.55152030
QQQ,2,0.14241304,0.85758696
QQQ,2,0.12263888,0.87736112
QQQ,2,0.52965002,0.47034998
QQQ,2,0.91379146,0.08620854
QQQ,2,0.44387823,0.55612177
QQQ,2,0.60310243,0.39689757
QQQ,2,0.96942036,0.03057964
QQQ,2,0.12551953,0.87448047
QQQ,2,0.14966612,0.85033388
QQQ,2,0.99849191,0.00150809
QQQ,2,0.24966769,0.75033231
QQQ,2,0.36916046,0.63083954
QQQ,2,0.12391930,0.87608070
QQQ,2,0.69195216,0.30804784
QQQ,2,0.93748388,0.06251612
QQQ,2,0.97283420,0.02716580
QQQ,2,0.16915901,0.83084099
QQQ,2,0.12418620,0.87581380
QQQ,2,0.13765907,0.86234093
QQQ,2,0.70206157,0.29793843
QQQ,2,0.23516932,0.76483068
QQQ,2,0.67216598,0.32783402
QQQ,2,0.59240669,0.40759331
QQQ,2,0.48599599,0.51400401
QQQ,2,0.91278500,0.08721500
QQQ,2,0.20979169,0.79020831
QQQ,2,0.18686664,0.81313336
QQQ,2,0.99408433,0.00591567
QQQ,2,0.67272582,0.32727418
QQQ,2,0.26718279,0.73281721
QQQ,2,0.21155949,0.78844051
QQQ,2,0.17311191,0.82688809
QQQ,2,0.68710236,0.31289764
QQQ,2,1.00000000,0.00000000
QQQ,2,0.62046376,0.37953624
QQQ,2,0.13482881,0.86517119
QQQ,2,0.29251309,0.70748691
QQQ,2,0.27081555,0.72918445
QQQ,2,0.12573398,0.87426602
QQQ,2,0.12274196,0.87725804
QQQ,2,0.20216957,0.79783043
QQQ,2,0.28109179,0.71890821
QQQ,2,0.19995414,0.80004586
QQQ,2,0.14051855,0.85948145
QQQ,2,0.31280394,0.68719606
QQQ,2,0.17482166,0.82517834
QQQ,2,0.99977007,0.00022993
QQQ,2,0.12936302,0.87063698
QQQ,2,0.12452546,0.87547454
QQQ,2,0.40866621,0.59133379
QQQ,2,0.66790322,0.33209678
QQQ,2,0.14563000,0.85437000
QQQ,2,0.20467530,0.79532470
QQQ,2,0.14460503,0.85539497
QQQ,2,0.25104782,0.74895218
QQQ,2,0.21507094,0.78492906
QQQ,2,0.14747613,0.85252387
QQQ,2,0.98775972,0.01224028
QQQ,2,0.23127769,0.76872231
QQQ,2,0.37237209,0.62762791
QQQ,2,0.12484782,0.87515218
QQQ,2,0.28079153,0.71920847
QQQ,2,0.76540205,0.23459795
QQQ,2,0.12378640,0.87621360
QQQ,2,0.33261295,0.66738705
QQQ,2,0.28949486,0.71050514
QQQ,2,0.69995052,0.30004948
QQQ,2,0.12244956,0.87755044
QQQ,2,0.14296163,0.85703837
QQQ,2,0.13397221,0.86602779
QQQ,2,0.35458279,0.64541721
QQQ,2,0.86896931,0.13103069
QQQ,2,0.15700336,0.84299664
QQQ,2,0.19506269,0.80493731
QQQ,2,0.44754360,0.55245640
QQQ,2,0.15179888,0.84820112
QQQ,2,0.16469466,0.83530534
QQQ,2,0.12666184,0.87333816
QQQ,2,0.25115443,0.74884557
QQQ,2,0.20361219,0.79638781
QQQ,2,0.84384270,0.15615730
QQQ,2,0.71859257,0.28140743
QQQ,2,0.12254722,0.87745278
QQQ,2,0.12347991,0.87652009
QQQ,2,0.50650347,0.49349653
QQQ,2,0.21081763,0.78918237
QQQ,2,0.50083024,0.49916976
QQQ,2,0.29547975,0.70452025
QQQ,2,0.61273454,0.38726546
QQQ,2,0.99624718,0.00375282
QQQ,2,0.32259979,0.67740021
QQQ,2,0.16399136,0.83600864
QQQ,2,0.51252422,0.48747578
QQQ,2,0.41230659,0.58769341
QQQ,2,0.17782252,0.82217748
QQQ,2,0.16422662,0.83577338
QQQ,2,0.32754528,0.67245472
QQQ,2,0.16479176,0.83520824
QQQ,2,0.17539150,0.82460850
QQQ,2,0.45984979,0.54015021
QQQ,2,0.16293412,0.83706588
QQQ,2,0.81984135,0.18015865
QQQ,2,0.12294376,0.87705624
QQQ,2,0.16110646,0.83889354
QQQ,2,0.37664850,0.62335150
QQQ,2,0.15029439,0.84970561
QQQ,2,0.12407890,0.87592110
QQQ,2,0.16315473,0.83684527
QQQ,2,0.16211506,0.83788494
QQQ,2,0.58525457,0.41474543
QQQ,2,0.12667827,0.87332173
QQQ,2,0.22002081,0.77997919
QQQ,2,0.13394629,0.86605371
QQQ,2,0.43981488,0.56018512
QQQ,2,0.31995691,0.68004309
QQQ,2,0.14356545,0.85643455
QQQ,2,0.68982802,0.31017198
QQQ,2,0.15284122,0.84715878
QQQ,2,0.89360276,0.10639724
QQQ,2,0.12794339,0.87205661
QQQ,2,0.13468607,0.86531393
QQQ,2,0.29502614,0.70497386
QQQ,2,0.25306238,0.74693762
QQQ,2,0.22719082,0.77280918
QQQ,2,0.13076826,0.86923174
QQQ,2,0.14628993,0.85371007
QQQ,2,0.14170295,0.85829705
QQQ,2,0.42519263,0.57480737
QQQ,2,0.19774894,0.80225106
QQQ,2,0.44418290,0.55581710
QQQ,2,0.12311384,0.87688616
QQQ,2,0.12698845,0.87301155
QQQ,2,0.19825231,0.80174769
QQQ,2,0.14528272,0.85471728
QQQ,2,0.12267988,0.87732012
QQQ,2,0.14658414,0.85341586
QQQ,2,0.18244978,0.81755022
QQQ,2,0.48106058,0.51893942
QQQ,2,0.12328014,0.87671986
QQQ,2,0.12400979,0.87599021
QQQ,2,0.12243715,0.87756285
QQQ,2,0.12254472,0.87745528
QQQ,2,0.16153903,0.83846097
QQQ,2,0.12264163,0.87735837
QQQ,2,0.12580553,0.87419447
QQQ,2,0.50770969,0.49229031
QQQ,2,0.13713342,0.86286658
QQQ,2,0.86012056,0.13987944
QQQ,2,0.17386661,0.82613339
QQQ,2,0.12256699,0.87743301
QQQ,2,0.17177518,0.82822482
QQQ,2,0.15543184,0.84456816
QQQ,2,0.13378134,0.86621866
QQQ,2,0.58382826,0.41617174
QQQ,2,0.12981939,0.87018061
QQQ,2,0.13959157,0.86040843
QQQ,2,0.20475265,0.79524735
QQQ,2,0.13015014,0.86984986
QQQ,2,0.12751837,0.87248163
QQQ,2,0.14027529,0.85972471
QQQ,2,0.12339058,0.87660942
QQQ,2,0.24317033,0.75682967
QQQ,2,0.50871522,0.49128478
QQQ,2,0.12269844,0.87730156
QQQ,2,0.13251720,0.86748280
QQQ,2,0.25155579,0.74844421
QQQ,2,0.14293145,0.85706855
QQQ,2,0.72492885,0.27507115
QQQ,2,0.86197852,0.13802148
QQQ,2,0.15480051,0.84519949
QQQ,2,0.13368206,0.86631794
QQQ,2,0.22072234,0.77927766
QQQ,2,0.16362734,0.83637266
QQQ,2,0.12405292,0.87594708
QQQ,2,0.12246359,0.87753641
QQQ,2,0.40837386,0.59162614
QQQ,2,0.22056545,0.77943455
QQQ,2,0.13084164,0.86915836
QQQ,2,0.42907394,0.57092606
QQQ,2,0.17537155,0.82462845
QQQ,2,0.17088077,0.82911923
QQQ,2,0.24981204,0.75018796
QQQ,2,0.14003516,0.85996484
QQQ,2,0.12335092,0.87664908
QQQ,2,0.29270790,0.70729210
QQQ,2,0.21079561,0.78920439
QQQ,2,0.19317323,0.80682677
QQQ,2,0.27513031,0.72486969
QQQ,2,0.35493486,0.64506514
QQQ,2,0.12555958,0.87444042
QQQ,2,0.12316695,0.87683305
QQQ,2,0.33373390,0.66626610
QQQ,2,0.12829129,0.87170871
QQQ,2,0.12282095,0.87717905
QQQ,2,0.15998032,0.84001968
QQQ,2,0.13099003,0.86900997
QQQ,2,0.12246287,0.87753713
QQQ,2,0.13661361,0.86338639
QQQ,2,0.25610824,0.74389176
QQQ,2,0.44013402,0.55986598
QQQ,2,0.12345575,0.87654425
QQQ,2,0.19530638,0.80469362
QQQ,2,0.17382461,0.82617539
QQQ,2,0.12268739,0.87731261
QQQ,2,0.71447756,0.28552244
QQQ,2,0.13389640,0.86610360
QQQ,2,0.12251179,0.87748821
QQQ,2,0.15145434,0.84854566
QQQ,2,0.12739407,0.87260593
QQQ,2,0.12548650,0.87451350
QQQ,2,0.43983245,0.56016755
QQQ,2,0.12364400,0.87635600
QQQ,2,0.12370511,0.87629489
QQQ,2,0.67966586,0.32033414
QQQ,2,0.12768935,0.87231065
QQQ,2,0.14365003,0.85634997
QQQ,2,0.16645945,0.83354055
QQQ,2,0.16878123,0.83121877
QQQ,2,0.21605256,0.78394744
QQQ,2,0.12284429,0.87715571
QQQ,2,0.15233072,0.84766928
QQQ,2,0.21066088,0.78933912
QQQ,2,0.20021077,0.79978923
QQQ,2,0.20774420,0.79225580
QQQ,2,0.23657512,0.76342488
QQQ,2,0.12576045,0.87423955
QQQ,2,0.33859241,0.66140759
QQQ,2,0.12263938,0.87736062
QQQ,2,0.37399660,0.62600340
QQQ,2,0.59804959,0.40195041
QQQ,2,0.15656339,0.84343661
QQQ,2,0.15373429,0.84626571
QQQ,2,0.68423467,0.31576533
QQQ,2,0.15554823,0.84445177
QQQ,2,0.13372861,0.86627139
QQQ,2,0.12267417,0.87732583
QQQ,2,0.12351004,0.87648996
QQQ,2,0.17606601,0.82393399
QQQ,2,0.16086499,0.83913501
QQQ,2,0.12263920,0.87736080
QQQ,2,0.22269279,0.77730721
QQQ,2,0.20191407,0.79808593
QQQ,2,0.13077016,0.86922984
QQQ,2,0.16350055,0.83649945
QQQ,2,0.38844606,0.61155394
QQQ,2,0.12255606,0.87744394
QQQ,2,0.12735379,0.87264621
QQQ,2,0.30908317,0.69091683
QQQ,2,0.52333749,0.47666251
QQQ,2,0.12389190,0.87610810
QQQ,2,0.13166079,0.86833921
QQQ,2,0.31842421,0.68157579
QQQ,2,0.12415734,0.87584266
QQQ,2,0.16258374,0.83741626
QQQ,2,0.12343913,0.87656087
QQQ,2,0.17481700,0.82518300
QQQ,2,0.41362851,0.58637149
QQQ,2,0.25762096,0.74237904
QQQ,2,0.12783452,0.87216548
QQQ,2,0.40756563,0.59243437
QQQ,2,0.14433976,0.85566024
QQQ,2,0.15019368,0.84980632
QQQ,2,0.16127983,0.83872017
QQQ,2,0.12721663,0.87278337
QQQ,2,0.24762346,0.75237654
QQQ,2,0.20089231,0.79910769
QQQ,2,0.12869728,0.87130272
QQQ,2,0.25691440,0.74308560
QQQ,2,0.19954475,0.80045525
QQQ,2,0.36851197,0.63148803
QQQ,2,0.12421775,0.87578225
QQQ,2,0.18094219,0.81905781
QQQ,2,0.77024438,0.22975562
QQQ,2,0.56600680,0.43399320
QQQ,2,0.12636959,0.87363041
QQQ,2,0.20495884,0.79504116
QQQ,2,0.14227962,0.85772038
QQQ,2,0.45082415,0.54917585
QQQ,2,0.51114495,0.48885505
QQQ,2,0.27407196,0.72592804
QQQ,2,0.14177705,0.85822295
QQQ,2,0.19736386,0.80263614
QQQ,2,0.12353046,0.87646954
QQQ,2,0.15694342,0.84305658
QQQ,2,0.65455687,0.34544313
QQQ,2,0.12537774,0.87462226
QQQ,2,0.67146605,0.32853395
QQQ,2,0.12437660,0.87562340
QQQ,2,0.12451949,0.87548051
QQQ,2,0.12249554,0.87750446
QQQ,2,0.23852974,0.76147026
QQQ,2,0.13880416,0.86119584
QQQ,2,0.13379884,0.86620116
QQQ,2,0.12367578,0.87632422
QQQ,2,0.12278195,0.87721805
QQQ,2,0.12617224,0.87382776
QQQ,2,0.12287960,0.87712040
QQQ,2,0.12601827,0.87398173
QQQ,2,0.12667387,0.87332613
QQQ,2,0.18274562,0.81725438
QQQ,2,0.12508718,0.87491282
QQQ,2,0.14595644,0.85404356
QQQ,2,0.27942300,0.72057700
QQQ,2,0.13767969,0.86232031
QQQ,2,0.18445512,0.81554488
QQQ,2,0.17320538,0.82679462
QQQ,2,0.27379974,0.72620026
QQQ,2,0.12246249,0.87753751
QQQ,2,0.14031835,0.85968165
QQQ,2,0.14964407,0.85035593
QQQ,2,0.14265444,0.85734556
QQQ,2,0.30262717,0.69737283
QQQ,2,0.21214057,0.78785943
QQQ,2,0.12369673,0.87630327
QQQ,2,0.15155767,0.84844233
QQQ,2,0.12600022,0.87399978
QQQ,2,0.12244173,0.87755827
QQQ,2,0.13358086,0.86641914
QQQ,2,0.41960863,0.58039137
QQQ,2,0.23017843,0.76982157
QQQ,2,0.14992443,0.85007557
QQQ,2,0.12253405,0.87746595
QQQ,2,0.57053151,0.42946849
QQQ,2,0.12851594,0.87148406
QQQ,2,0.16300209,0.83699791
QQQ,2,0.12631392,0.87368608
QQQ,2,0.12295742,0.87704258
QQQ,2,0.12243722,0.87756278
QQQ,2,0.14240468,0.85759532
QQQ,2,0.28268482,0.71731518
QQQ,2,0.56425363,0.43574637
QQQ,2,0.12804713,0.87195287
QQQ,2,0.13868216,0.86131784
QQQ,2,0.14385573,0.85614427
QQQ,2,0.12419253,0.87580747
QQQ,2,0.14251054,0.85748946
QQQ,2,0.19277386,0.80722614
QQQ,2,0.14845403,0.85154597
QQQ,2,0.53821952,0.46178048
QQQ,2,0.19935490,0.80064510
QQQ,2,0.38302761,0.61697239
QQQ,2,0.12245493,0.87754507
QQQ,2,0.12345636,0.87654364
QQQ,2,0.19545866,0.80454134
QQQ,2,0.12568104,0.87431896
QQQ,2,0.20086864,0.79913136
QQQ,2,0.12892139,0.87107861
QQQ,2,0.34174974,0.65825026
QQQ,2,0.19051556,0.80948444
QQQ,2,0.12734223,0.87265777
QQQ,2,0.17092067,0.82907933
QQQ,2,0.16477013,0.83522987
QQQ,2,0.13699095,0.86300905
QQQ,2,0.91758878,0.08241122
QQQ,2,0.12377815,0.87622185
QQQ,2,0.12267091,0.87732909
QQQ,2,0.12541265,0.87458735
QQQ,2,0.13944277,0.86055723
QQQ,2,0.16959350,0.83040650
QQQ,2,0.33010974,0.66989026
QQQ,2,0.12569691,0.87430309
QQQ,2,0.43340734,0.56659266
QQQ,2,0.13844015,0.86155985
QQQ,2,0.30904488,0.69095512
QQQ,2,0.27173089,0.72826911
QQQ,2,0.13141982,0.86858018
QQQ,2,0.27037255,0.72962745
QQQ,2,0.15514890,0.84485110
QQQ,2,0.12560120,0.87439880
QQQ,2,0.24596417,0.75403583
QQQ,2,0.17439758,0.82560242
QQQ,2,0.12608660,0.87391340
QQQ,2,0.24366258,0.75633742
QQQ,2,0.14137130,0.85862870
QQQ,2,0.12469155,0.87530845
QQQ,2,0.12921397,0.87078603
QQQ,2,0.12938253,0.87061747
QQQ,2,0.12801845,0.87198155
QQQ,2,0.12436057,0.87563943
QQQ,2,0.12522598,0.87477402
QQQ,2,0.17343639,0.82656361
QQQ,2,0.12446524,0.87553476
QQQ,2,0.34901993,0.65098007
QQQ,2,0.21196340,0.78803660
QQQ,2,0.12247320,0.87752680
QQQ,2,0.13344803,0.86655197
QQQ,2,0.17225324,0.82774676
QQQ,2,0.34273467,0.65726533
QQQ,2,0.34511950,0.65488050
QQQ,2,0.39407347,0.60592653
QQQ,2,0.12391191,0.87608809
QQQ,2,0.26122029,0.73877971
QQQ,2,0.14873632,0.85126368
QQQ,2,0.65264407,0.34735593
QQQ,2,0.17252550,0.82747450
QQQ,2,0.30335768,0.69664232
QQQ,2,0.13589159,0.86410841
QQQ,2,0.13202266,0.86797734
QQQ,2,0.33066952,0.66933048
QQQ,2,0.13599672,0.86400328
QQQ,2,0.45643922,0.54356078
QQQ,2,0.16709016,0.83290984
QQQ,2,0.22133282,0.77866718
QQQ,2,0.57019158,0.42980842
QQQ,2,0.24961800,0.75038200
QQQ,2,0.12411881,0.87588119
QQQ,2,0.12244076,0.87755924
QQQ,2,0.12519053,0.87480947
QQQ,2,0.12601547,0.87398453
QQQ,2,0.12627546,0.87372454
QQQ,2,0.15091464,0.84908536
QQQ,2,0.36078681,0.63921319
QQQ,2,0.12287772,0.87712228
QQQ,2,0.12244391,0.87755609
QQQ,2,0.15260701,0.84739299
QQQ,2,0.12564968,0.87435032
QQQ,2,0.12246831,0.87753169
QQQ,2,0.13445907,0.86554093
QQQ,2,0.18075254,0.81924746
QQQ,2,0.13264558,0.86735442
QQQ,2,0.14890182,0.85109818
QQQ,2,0.21292265,0.78707735
QQQ,2,0.12710286,0.87289714
QQQ,2,0.13637773,0.86362227
QQQ,2,0.12764661,0.87235339
QQQ,2,0.57443091,0.42556909
QQQ,2,0.12291970,0.87708030
QQQ,2,0.12243687,0.87756313
QQQ,2,0.13199227,0.86800773
QQQ,2,0.15456152,0.84543848
QQQ,2,0.27701280,0.72298720
QQQ,2,0.14911480,0.85088520
QQQ,2,0.14581025,0.85418975
QQQ,2,0.25267800,0.74732200
QQQ,2,0.12333342,0.87666658
QQQ,2,0.15594731,0.84405269
QQQ,2,0.12822232,0.87177768
QQQ,2,0.23383597,0.76616403
QQQ,2,0.20520418,0.79479582
QQQ,2,0.12525702,0.87474298
QQQ,2,0.12865260,0.87134740
QQQ,2,0.13769078,0.86230922
QQQ,2,0.14266243,0.85733757
QQQ,2,0.20395564,0.79604436
QQQ,2,0.18091162,0.81908838
QQQ,2,0.21961390,0.78038610
QQQ,2,0.12915673,0.87084327
QQQ,2,0.12372066,0.87627934
QQQ,2,0.20384946,0.79615054
QQQ,2,0.63950805,0.36049195
QQQ,2,0.13846934,0.86153066
QQQ,2,0.12480329,0.87519671
QQQ,2,0.12281650,0.87718350
QQQ,2,0.94500271,0.05499729
QQQ,2,0.14869491,0.85130509
QQQ,2,0.20397919,0.79602081
QQQ,2,0.29196486,0.70803514
QQQ,2,0.12822525,0.87177475
QQQ,2,0.99421341,0.00578659
QQQ,2,0.26903386,0.73096614
QQQ,2,0.16416438,0.83583562
QQQ,2,0.12498827,0.87501173
QQQ,2,0.26718819,0.73281181
QQQ,2,0.92205979,0.07794021
QQQ,2,0.74207780,0.25792220
QQQ,2,0.76880056,0.23119944
QQQ,2,0.98021126,0.01978874
QQQ,2,0.15140200,0.84859800
QQQ,2,0.22886591,0.77113409
QQQ,2,0.94995517,0.05004483
QQQ,2,0.14871310,0.85128690
QQQ,2,0.13131803,0.86868197
QQQ,2,0.80488887,0.19511113
QQQ,2,0.12436539,0.87563461
QQQ,2,0.85296448,0.14703552
QQQ,2,0.12681101,0.87318899
QQQ,2,0.29838908,0.70161092
QQQ,2,0.12344422,0.87655578
QQQ,2,0.13880380,0.86119620
QQQ,2,0.35436819,0.64563181
QQQ,2,0.19607099,0.80392901
QQQ,2,0.19232260,0.80767740
QQQ,2,0.12756963,0.87243037
QQQ,2,0.22774470,0.77225530
QQQ,2,0.12474187,0.87525813
QQQ,2,0.21798533,0.78201467
QQQ,2,0.95410426,0.04589574
QQQ,2,0.13117125,0.86882875
QQQ,2,0.12266886,0.87733114
QQQ,2,0.88965006,0.11034994
QQQ,2,0.21897739,0.78102261
QQQ,2,0.17399314,0.82600686
QQQ,2,0.69509227,0.30490773
QQQ,2,0.22134956,0.77865044
QQQ,2,0.14528883,0.85471117
QQQ,2,0.13084952,0.86915048
QQQ,2,0.12257445,0.87742555
QQQ,2,0.13492791,0.86507209
QQQ,2,0.79968953,0.20031047
QQQ,2,0.12272257,0.87727743
QQQ,2,0.13065432,0.86934568
QQQ,2,0.13711203,0.86288797
QQQ,2,0.12346463,0.87653537
QQQ,2,0.16246362,0.83753638
QQQ,2,0.13863331,0.86136669
QQQ,2,0.12691395,0.87308605
QQQ,2,0.29404392,0.70595608
QQQ,2,0.12276391,0.87723609
QQQ,2,0.12345191,0.87654809
QQQ,2,0.23136654,0.76863346
QQQ,2,0.19672148,0.80327852
QQQ,2,0.31502325,0.68497675
QQQ,2,0.16752840,0.83247160
QQQ,2,0.12243693,0.87756307
QQQ,2,0.12448111,0.87551889
QQQ,2,0.17024183,0.82975817
QQQ,2,0.25800310,0.74199690
QQQ,2,0.12247448,0.87752552
QQQ,2,0.12244076,0.87755924
QQQ,2,0.15025096,0.84974904
QQQ,2,0.12563735,0.87436265
QQQ,2,0.12376184,0.87623816
QQQ,2,0.33425989,0.66574011
QQQ,2,0.15692152,0.84307848
QQQ,2,0.14381530,0.85618470
QQQ,2,0.12288732,0.87711268
QQQ,2,0.19181225,0.80818775
QQQ,2,0.15470148,0.84529852
QQQ,2,0.83292054,0.16707946
QQQ,2,0.14198367,0.85801633
QQQ,2,0.13060532,0.86939468
QQQ,2,0.25627159,0.74372841
QQQ,2,0.89432067,0.10567933
QQQ,2,0.43746358,0.56253642
QQQ,2,0.12889850,0.87110150
QQQ,2,0.12246003,0.87753997
QQQ,2,0.12433613,0.87566387
QQQ,2,0.12362219,0.87637781
QQQ,2,0.15561469,0.84438531
QQQ,2,0.79165776,0.20834224
QQQ,2,0.13955878,0.86044122
QQQ,2,0.14640167,0.85359833
QQQ,2,0.12244642,0.87755358
QQQ,2,0.13153765,0.86846235
QQQ,2,0.12431036,0.87568964
QQQ,2,0.12443269,0.87556731
QQQ,2,0.14150204,0.85849796
QQQ,2,0.15988627,0.84011373
QQQ,2,0.17229833,0.82770167
QQQ,2,0.21217274,0.78782726
QQQ,2,0.13253763,0.86746237
QQQ,2,0.25914701,0.74085299
QQQ,2,0.12467268,0.87532732
QQQ,2,0.18328492,0.81671508
QQQ,2,0.15892921,0.84107079
QQQ,2,0.12959327,0.87040673
QQQ,2,0.41313542,0.58686458
QQQ,2,0.14234632,0.85765368
QQQ,2,0.16622775,0.83377225
QQQ,2,0.30379209,0.69620791
QQQ,2,0.12881882,0.87118118
QQQ,2,0.99483152,0.00516848
QQQ,2,0.15173666,0.84826334
QQQ,2,0.15193270,0.84806730
QQQ,2,0.19401138,0.80598862
QQQ,2,0.30323102,0.69676898
QQQ,2,0.12259872,0.87740128
QQQ,2,0.25500835,0.74499165
QQQ,2,0.29537656,0.70462344
QQQ,2,0.19263967,0.80736033
QQQ,2,0.12802712,0.87197288
QQQ,2,0.35101759,0.64898241
QQQ,2,0.24093784,0.75906216
QQQ,2,0.38752713,0.61247287
QQQ,2,0.12249562,0.87750438
QQQ,2,0.38773267,0.61226733
QQQ,2,0.13268496,0.86731504
QQQ,2,0.12447847,0.87552153
QQQ,2,0.69281758,0.30718242
QQQ,2,0.14358024,0.85641976
QQQ,2,0.42195920,0.57804080
QQQ,2,0.14925893,0.85074107
QQQ,2,0.28363674,0.71636326
QQQ,2,0.12823505,0.87176495
QQQ,2,0.13769192,0.86230808
QQQ,2,0.94698595,0.05301405
QQQ,2,0.25351237,0.74648763
QQQ,2,0.12588951,0.87411049
QQQ,2,0.13677643,0.86322357
QQQ,2,0.12343533,0.87656467
QQQ,2,0.16439313,0.83560687
QQQ,2,0.22750584,0.77249416
QQQ,2,0.13694147,0.86305853
QQQ,2,0.14541147,0.85458853
QQQ,2,0.23946785,0.76053215
QQQ,2,0.22471574,0.77528426
QQQ,2,0.12554872,0.87445128
QQQ,2,0.12303167,0.87696833
QQQ,2,0.29642337,0.70357663
QQQ,2,0.13806323,0.86193677
QQQ,2,0.12841741,0.87158259
QQQ,2,0.12264727,0.87735273
QQQ,2,0.13285143,0.86714857
QQQ,2,0.62042014,0.37957986
QQQ,2,0.26737235,0.73262765
QQQ,2,0.29981216,0.70018784
QQQ,2,0.12322149,0.87677851
QQQ,2,0.92499361,0.07500639
QQQ,2,0.29590860,0.70409140
QQQ,2,0.69228146,0.30771854
QQQ,2,0.13005016,0.86994984
QQQ,2,0.22944194,0.77055806
QQQ,2,0.89209136,0.10790864
QQQ,2,0.14818768,0.85181232
QQQ,2,0.99905611,0.00094389
QQQ,2,0.13365702,0.86634298
QQQ,2,0.18256346,0.81743654
QQQ,2,0.43355387,0.56644613
QQQ,2,0.73535688,0.26464312
QQQ,2,0.15406547,0.84593453
QQQ,2,0.35115976,0.64884024
QQQ,2,0.25020172,0.74979828
QQQ,2,0.12954810,0.87045190
QQQ,2,0.13076595,0.86923405
QQQ,2,0.64956081,0.35043919
QQQ,2,0.15495440,0.84504560
QQQ,2,0.41600479,0.58399521
QQQ,2,0.14954188,0.85045812
QQQ,2,0.90709908,0.09290092
QQQ,2,0.12437453,0.87562547
QQQ,2,0.15236343,0.84763657
QQQ,2,0.16205670,0.83794330
QQQ,2,0.99999928,0.00000072
QQQ,2,1.00000000,0.00000000
QQQ,2,0.13085064,0.86914936
QQQ,2,0.60827197,0.39172803
QQQ,2,1.00000000,0.00000000
QQQ,2,0.99726335,0.00273665
QQQ,2,0.60975207,0.39024793
QQQ,2,0.14357066,0.85642934
QQQ,2,0.12567320,0.87432680
QQQ,2,0.95430914,0.04569086
QQQ,2,0.12447549,0.87552451
QQQ,2,0.86618321,0.13381679
QQQ,2,0.78835954,0.21164046
QQQ,2,0.70284624,0.29715376
QQQ,2,0.95367793,0.04632207
QQQ,2,0.27988975,0.72011025
QQQ,2,0.12391365,0.87608635
QQQ,2,0.15503967,0.84496033
QQQ,2,0.12246803,0.87753197
QQQ,2,0.26791670,0.73208330
QQQ,2,0.34056380,0.65943620
QQQ,2,0.13499810,0.86500190
QQQ,2,0.17864310,0.82135690
QQQ,2,0.12827450,0.87172550
QQQ,2,0.19545221,0.80454779
QQQ,2,0.12244307,0.87755693
QQQ,2,0.99904458,0.00095542
QQQ,2,0.42020012,0.57979988
QQQ,2,0.17379516,0.82620484
QQQ,2,0.12512863,0.87487137
QQQ,2,0.13591018,0.86408982
QQQ,2,0.12336421,0.87663579
QQQ,2,0.12814947,0.87185053
QQQ,2,0.29420392,0.70579608
QQQ,2,0.12294382,0.87705618
QQQ,2,0.19164628,0.80835372
QQQ,2,0.70688782,0.29311218
QQQ,2,0.13008030,0.86991970
QQQ,2,0.12705624,0.87294376
QQQ,2,0.12408979,0.87591021
QQQ,2,0.16375144,0.83624856
QQQ,2,0.16726067,0.83273933
QQQ,2,0.13019541,0.86980459
QQQ,2,0.15471594,0.84528406
QQQ,2,0.18502283,0.81497717
QQQ,2,0.12409226,0.87590774
QQQ,2,0.15552891,0.84447109
QQQ,2,0.12759945,0.87240055
QQQ,2,0.12603345,0.87396655
QQQ,2,0.25116753,0.74883247
QQQ,2,0.26617194,0.73382806
QQQ,2,0.18771317,0.81228683
QQQ,2,0.12244144,0.87755856
QQQ,2,0.13515109,0.86484891
QQQ,2,0.19420626,0.80579374
QQQ,2,0.34457427,0.65542573
QQQ,2,0.13156350,0.86843650
QQQ,2,0.19689656,0.80310344
QQQ,2,0.13246655,0.86753345
QQQ,2,0.15506410,0.84493590
QQQ,2,0.16465720,0.83534280
QQQ,2,0.15195833,0.84804167
QQQ,2,0.19089338,0.80910662
QQQ,2,0.15130419,0.84869581
QQQ,2,0.12263785,0.87736215
QQQ,2,0.15175426,0.84824574
QQQ,2,0.12304517,0.87695483
QQQ,2,0.12483480,0.87516520
QQQ,2,0.12951668,0.87048332
QQQ,2,0.12304688,0.87695312
QQQ,2,0.12334580,0.87665420
QQQ,2,0.16728730,0.83271270
QQQ,2,0.12256156,0.87743844
QQQ,2,0.14127877,0.85872123
QQQ,2,0.13754468,0.86245532
QQQ,2,0.13483210,0.86516790
QQQ,2,0.12516856,0.87483144
QQQ,2,0.12689855,0.87310145
QQQ,2,0.12920758,0.87079242
QQQ,2,0.12337983,0.87662017
QQQ,2,0.12358567,0.87641433
QQQ,2,0.14000632,0.85999368
QQQ,2,0.56216718,0.43783282
QQQ,2,0.40075556,0.59924444
QQQ,2,0.15133750,0.84866250
QQQ,2,0.25922903,0.74077097
QQQ,2,0.13105176,0.86894824
QQQ,2,0.19519062,0.80480938
QQQ,2,0.12554145,0.87445855
QQQ,2,0.25359067,0.74640933
QQQ,2,0.12310946,0.87689054
QQQ,2,0.12245474,0.87754526
QQQ,2,0.13444670,0.86555330
QQQ,2,0.12271107,0.87728893
QQQ,2,0.28620166,0.71379834
QQQ,2,0.15179759,0.84820241
QQQ,2,0.14213491,0.85786509
QQQ,2,0.31555863,0.68444137
QQQ,2,0.12541632,0.87458368
QQQ,2,0.13512732,0.86487268
QQQ,2,0.12400665,0.87599335
QQQ,2,0.14963698,0.85036302
QQQ,2,0.21752340,0.78247660
QQQ,2,0.17552890,0.82447110
QQQ,2,0.15261151,0.84738849
QQQ,2,0.17954098,0.82045902
QQQ,2,0.12560882,0.87439118
QQQ,2,0.14037195,0.85962805
QQQ,2,0.12847091,0.87152909
QQQ,2,0.12273358,0.87726642
QQQ,2,0.14484966,0.85515034
QQQ,2,0.13633914,0.86366086
QQQ,2,0.17908388,0.82091612
QQQ,2,0.12245242,0.87754758
QQQ,2,0.12405700,0.87594300
QQQ,2,0.17608353,0.82391647
QQQ,2,0.15593711,0.84406289
QQQ,2,0.15132761,0.84867239
QQQ,2,0.14542198,0.85457802
QQQ,2,0.13036486,0.86963514
QQQ,2,0.13680287,0.86319713
QQQ,2,0.13071091,0.86928909
QQQ,2,0.13575756,0.86424244
QQQ,2,0.12852712,0.87147288
QQQ,2,0.13892660,0.86107340
QQQ,2,0.13484502,0.86515498
QQQ,2,0.13103709,0.86896291
QQQ,2,0.15881401,0.84118599
QQQ,2,0.13825714,0.86174286
QQQ,2,0.22227977,0.77772023
QQQ,2,0.12282395,0.87717605
QQQ,2,0.99090268,0.00909732
QQQ,2,0.49928609,0.50071391
QQQ,2,0.15551771,0.84448229
QQQ,2,0.16087379,0.83912621
QQQ,2,0.13035764,0.86964236
QQQ,2,0.15100003,0.84899997
QQQ,2,0.25284119,0.74715881
QQQ,2,0.12276324,0.87723676
QQQ,2,0.18034213,0.81965787
QQQ,2,0.16311016,0.83688984
QQQ,2,0.20610541,0.79389459
QQQ,2,0.48298164,0.51701836
QQQ,2,0.18066457,0.81933543
QQQ,2,0.14313336,0.85686664
QQQ,2,0.31650309,0.68349691
QQQ,2,0.13293467,0.86706533
QQQ,2,0.13394552,0.86605448
QQQ,2,0.55585794,0.44414206
QQQ,2,0.14174005,0.85825995
QQQ,2,0.52161112,0.47838888
QQQ,2,0.13178109,0.86821891
QQQ,2,0.60084799,0.39915201
QQQ,2,0.12391019,0.87608981
QQQ,2,0.12243927,0.87756073
QQQ,2,0.59821022,0.40178978
QQQ,2,0.12255235,0.87744765
QQQ,2,0.18582231,0.81417769
QQQ,2,0.25227456,0.74772544
QQQ,2,0.13707678,0.86292322
QQQ,2,0.77426388,0.22573612
QQQ,2,0.14870813,0.85129187
QQQ,2,0.79202366,0.20797634
QQQ,2,0.16426443,0.83573557
QQQ,2,0.19965103,0.80034897
QQQ,2,0.17646443,0.82353557
QQQ,2,0.12617946,0.87382054
QQQ,2,0.16503965,0.83496035
QQQ,2,0.12687581,0.87312419
QQQ,2,0.12254841,0.87745159
QQQ,2,0.13282341,0.86717659
QQQ,2,0.12421601,0.87578399
QQQ,2,0.12345166,0.87654834
QQQ,2,0.13251373,0.86748627
QQQ,2,0.12765935,0.87234065
QQQ,2,0.51741532,0.48258468
QQQ,2,0.14749480,0.85250520
QQQ,2,0.12282403,0.87717597
QQQ,2,0.49297305,0.50702695
QQQ,2,0.27227098,0.72772902
QQQ,2,0.25772411,0.74227589
QQQ,2,0.14666503,0.85333497
QQQ,2,0.14163903,0.85836097
QQQ,2,0.12941866,0.87058134
QQQ,2,0.12249515,0.87750485
QQQ,2,0.13617057,0.86382943
QQQ,2,0.12646493,0.87353507
QQQ,2,0.17371292,0.82628708
QQQ,2,0.12620214,0.87379786
QQQ,2,0.15869562,0.84130438
QQQ,2,0.18010804,0.81989196
QQQ,2,0.12439467,0.87560533
QQQ,2,0.13959514,0.86040486
QQQ,2,0.18825123,0.81174877
QQQ,2,0.12318519,0.87681481
QQQ,2,0.12300589,0.87699411
QQQ,2,0.20873478,0.79126522
QQQ,2,0.12753995,0.87246005
QQQ,2,0.12318573,0.87681427
QQQ,2,0.62907609,0.37092391
QQQ,2,0.23913735,0.76086265
QQQ,2,0.15445106,0.84554894
QQQ,2,0.13307530,0.86692470
QQQ,2,0.13727979,0.86272021
QQQ,2,0.18481819,0.81518181
QQQ,2,0.13224673,0.86775327
QQQ,2,0.14067251,0.85932749
QQQ,2,0.24137311,0.75862689
QQQ,2,0.14432393,0.85567607
QQQ,2,0.34792125,0.65207875
QQQ,2,0.46023426,0.53976574
QQQ,2,0.37006794,0.62993206
QQQ,2,0.51706647,0.48293353
QQQ,2,0.16710099,0.83289901
QQQ,2,0.12882953,0.87117047
QQQ,2,0.12701094,0.87298906
QQQ,2,0.58818721,0.41181279
QQQ,2,0.12314182,0.87685818
QQQ,2,0.12447160,0.87552840
QQQ,2,0.15932211,0.84067789
QQQ,2,0.12967738,0.87032262
