dataset,p,component_1,component_2
SPY,1,0.07141974,0.92858026
SPY,1,0.07189233,0.92810767
SPY,1,0.07178487,0.92821513
SPY,1,0.07200345,0.92799655
SPY,1,0.07158381,0.92841619
SPY,1,0.07140770,0.92859230
SPY,1,0.18314468,0.81685532
SPY,1,0.10633466,0.89366534
SPY,1,0.07169120,0.92830880
SPY,1,0.07184094,0.92815906
SPY,1,0.08992704,0.91007296
SPY,1,0.08130537,0.91869463
SPY,1,0.07488518,0.92511482
SPY,1,0.07264473,0.92735527
SPY,1,0.07584099,0.92415901
SPY,1,0.07197690,0.92802310
SPY,1,0.08071407,0.91928593
SPY,1,0.07921994,0.92078006
SPY,1,0.07739432,0.92260568
SPY,1,0.07129762,0.92870238
SPY,1,0.09173097,0.90826903
SPY,1,0.29598430,0.70401570
SPY,1,0.09016751,0.90983249
SPY,1,0.07319324,0.92680676
SPY,1,0.07128820,0.92871180
SPY,1,0.07127496,0.92872504
SPY,1,0.07208218,0.92791782
SPY,1,0.07143269,0.92856731
SPY,1,0.07213991,0.92786009
SPY,1,0.08866158,0.91133842
SPY,1,0.07149166,0.92850834
SPY,1,0.08030578,0.91969422
SPY,1,0.07148639,0.92851361
SPY,1,0.10542295,0.89457705
SPY,1,0.07447125,0.92552875
SPY,1,0.07496984,0.92503016
SPY,1,0.10929416,0.89070584
SPY,1,0.10697214,0.89302786
SPY,1,0.08963423,0.91036577
SPY,1,0.07154293,0.92845707
SPY,1,0.07134360,0.92865640
SPY,1,0.07148690,0.92851310
SPY,1,0.10720876,0.89279124
SPY,1,0.07268550,0.92731450
SPY,1,0.07127723,0.92872277
SPY,1,0.29593674,0.70406326
SPY,1,0.07146440,0.92853560
SPY,1,0.10321942,0.89678058
SPY,1,0.07205186,0.92794814
SPY,1,0.09109060,0.90890940
SPY,1,0.07902281,0.92097719
SPY,1,0.07139853,0.92860147
SPY,1,0.07439842,0.92560158
SPY,1,0.07142834,0.92857166
SPY,1,0.07169529,0.92830471
SPY,1,0.26958555,0.73041445
SPY,1,0.08885744,0.91114256
SPY,1,0.07137444,0.92862556
SPY,1,0.07129546,0.92870454
SPY,1,0.07340352,0.92659648
SPY,1,0.08103849,0.91896151
SPY,1,0.07329030,0.92670970
SPY,1,0.09956137,0.90043863
SPY,1,0.07154530,0.92845470
SPY,1,0.07896247,0.92103753
SPY,1,0.07144650,0.92855350
SPY,1,0.07310288,0.92689712
SPY,1,0.07657046,0.92342954
SPY,1,0.07605493,0.92394507
SPY,1,0.09141281,0.90858719
SPY,1,0.08728024,0.91271976
SPY,1,0.08007861,0.91992139
SPY,1,0.07224038,0.92775962
SPY,1,0.07241282,0.92758718
SPY,1,0.08606436,0.91393564
SPY,1,0.19452042,0.80547958
SPY,1,0.07238795,0.92761205
SPY,1,0.07151210,0.92848790
SPY,1,0.07497403,0.92502597
SPY,1,0.07268119,0.92731881
SPY,1,0.07478882,0.92521118
SPY,1,0.07305348,0.92694652
SPY,1,0.26857610,0.73142390
SPY,1,0.07174676,0.92825324
SPY,1,0.07204422,0.92795578
SPY,1,0.10080050,0.89919950
SPY,1,0.07127508,0.92872492
SPY,1,0.07186050,0.92813950
SPY,1,0.07542213,0.92457787
SPY,1,0.07166229,0.92833771
SPY,1,0.08419865,0.91580135
SPY,1,0.07189137,0.92810863
SPY,1,0.07881520,0.92118480
SPY,1,0.31580185,0.68419815
SPY,1,0.07183792,0.92816208
SPY,1,0.16922960,0.83077040
SPY,1,0.15404292,0.84595708
SPY,1,0.07138207,0.92861793
SPY,1,0.07152381,0.92847619
SPY,1,0.17737820,0.82262180
SPY,1,0.07239125,0.92760875
SPY,1,0.67776358,0.32223642
SPY,1,0.07134141,0.92865859
SPY,1,0.07149332,0.92850668
SPY,1,0.09447569,0.90552431
SPY,1,0.07200695,0.92799305
SPY,1,0.08821034,0.91178966
SPY,1,0.07552881,0.92447119
SPY,1,0.09458831,0.90541169
SPY,1,0.08531122,0.91468878
SPY,1,0.17670444,0.82329556
SPY,1,0.07131040,0.92868960
SPY,1,0.08174331,0.91825669
SPY,1,0.07452485,0.92547515
SPY,1,0.16386892,0.83613108
SPY,1,0.07220647,0.92779353
SPY,1,0.07163777,0.92836223
SPY,1,0.22802683,0.77197317
SPY,1,0.07143414,0.92856586
SPY,1,0.20119813,0.79880187
SPY,1,0.07735564,0.92264436
SPY,1,0.08499656,0.91500344
SPY,1,0.07189195,0.92810805
SPY,1,0.07155523,0.92844477
SPY,1,0.07836467,0.92163533
SPY,1,0.08035058,0.91964942
SPY,1,0.23492600,0.76507400
SPY,1,0.09173845,0.90826155
SPY,1,0.07183139,0.92816861
SPY,1,0.08420263,0.91579737
SPY,1,0.18720103,0.81279897
SPY,1,0.07175440,0.92824560
SPY,1,0.07176455,0.92823545
SPY,1,0.08829951,0.91170049
SPY,1,0.11203015,0.88796985
SPY,1,0.19006714,0.80993286
SPY,1,0.07434993,0.92565007
SPY,1,0.07152002,0.92847998
SPY,1,0.10216670,0.89783330
SPY,1,0.11643809,0.88356191
SPY,1,0.07128154,0.92871846
SPY,1,0.11595108,0.88404892
SPY,1,0.08844701,0.91155299
SPY,1,0.07676363,0.92323637
SPY,1,0.07350877,0.92649123
SPY,1,0.07417796,0.92582204
SPY,1,0.07145846,0.92854154
SPY,1,0.07183304,0.92816696
SPY,1,0.07443317,0.92556683
SPY,1,0.07130883,0.92869117
SPY,1,0.07134121,0.92865879
SPY,1,0.07379326,0.92620674
SPY,1,0.09083824,0.90916176
SPY,1,0.11704070,0.88295930
SPY,1,0.07177464,0.92822536
SPY,1,0.07448547,0.92551453
SPY,1,0.07217288,0.92782712
SPY,1,0.07169121,0.92830879
SPY,1,0.07475648,0.92524352
SPY,1,0.07273785,0.92726215
SPY,1,0.07805774,0.92194226
SPY,1,0.07150254,0.92849746
SPY,1,0.09105313,0.90894687
SPY,1,0.07648367,0.92351633
SPY,1,0.07356715,0.92643285
SPY,1,0.07483114,0.92516886
SPY,1,0.07195574,0.92804426
SPY,1,0.08267902,0.91732098
SPY,1,0.14041478,0.85958522
SPY,1,0.07592776,0.92407224
SPY,1,0.07155665,0.92844335
SPY,1,0.07956249,0.92043751
SPY,1,0.07618904,0.92381096
SPY,1,0.08517307,0.91482693
SPY,1,0.08537813,0.91462187
SPY,1,0.13904990,0.86095010
SPY,1,0.08320908,0.91679092
SPY,1,0.08199551,0.91800449
SPY,1,0.08195794,0.91804206
SPY,1,0.08738569,0.91261431
SPY,1,0.10874372,0.89125628
SPY,1,0.07155286,0.92844714
SPY,1,0.07249755,0.92750245
SPY,1,0.07141239,0.92858761
SPY,1,0.07154953,0.92845047
SPY,1,0.10443517,0.89556483
SPY,1,0.07187338,0.92812662
SPY,1,0.08657091,0.91342909
SPY,1,0.07139721,0.92860279
SPY,1,0.07171463,0.92828537
SPY,1,0.07548161,0.92451839
SPY,1,0.07200014,0.92799986
SPY,1,0.11700897,0.88299103
SPY,1,0.07236901,0.92763099
SPY,1,0.07686905,0.92313095
SPY,1,0.09702971,0.90297029
SPY,1,0.07973126,0.92026874
SPY,1,0.08312823,0.91687177
SPY,1,0.09341134,0.90658866
SPY,1,0.07914224,0.92085776
SPY,1,0.08593628,0.91406372
SPY,1,0.08929865,0.91070135
SPY,1,0.07572799,0.92427201
SPY,1,0.07174529,0.92825471
SPY,1,0.11581908,0.88418092
SPY,1,0.14537595,0.85462405
SPY,1,0.09745385,0.90254615
SPY,1,0.10318453,0.89681547
SPY,1,0.07825507,0.92174493
SPY,1,0.10739240,0.89260760
SPY,1,0.10481959,0.89518041
SPY,1,0.07316025,0.92683975
SPY,1,0.07698713,0.92301287
SPY,1,0.08057277,0.91942723
SPY,1,0.12022099,0.87977901
SPY,1,0.08360217,0.91639783
SPY,1,0.07127987,0.92872013
SPY,1,0.07186682,0.92813318
SPY,1,0.09841622,0.90158378
SPY,1,0.13021581,0.86978419
SPY,1,0.09764759,0.90235241
SPY,1,0.07903543,0.92096457
SPY,1,0.08434755,0.91565245
SPY,1,0.10580641,0.89419359
SPY,1,0.07401978,0.92598022
SPY,1,0.07410354,0.92589646
SPY,1,0.07138414,0.92861586
SPY,1,0.15603366,0.84396634
SPY,1,0.07409791,0.92590209
SPY,1,0.07376717,0.92623283
SPY,1,0.07169462,0.92830538
SPY,1,0.20315794,0.79684206
SPY,1,0.11223461,0.88776539
SPY,1,0.07603628,0.92396372
SPY,1,0.08585677,0.91414323
SPY,1,0.07547009,0.92452991
SPY,1,0.08282230,0.91717770
SPY,1,0.07484959,0.92515041
SPY,1,0.09304159,0.90695841
SPY,1,0.09820452,0.90179548
SPY,1,0.09774216,0.90225784
SPY,1,0.63507704,0.36492296
SPY,1,0.11771482,0.88228518
SPY,1,0.12203609,0.87796391
SPY,1,0.08014480,0.91985520
SPY,1,0.08084202,0.91915798
SPY,1,0.08727655,0.91272345
SPY,1,0.07127623,0.92872377
SPY,1,0.07182991,0.92817009
SPY,1,0.07183176,0.92816824
SPY,1,0.16129402,0.83870598
SPY,1,0.07964329,0.92035671
SPY,1,0.13021314,0.86978686
SPY,1,0.07663571,0.92336429
SPY,1,0.07856711,0.92143289
SPY,1,0.41860925,0.58139075
SPY,1,0.31862509,0.68137491
SPY,1,0.08272819,0.91727181
SPY,1,0.07179894,0.92820106
SPY,1,0.07378337,0.92621663
SPY,1,0.18822369,0.81177631
SPY,1,0.07268262,0.92731738
SPY,1,0.07599682,0.92400318
SPY,1,0.10218628,0.89781372
SPY,1,0.07169921,0.92830079
SPY,1,0.07408071,0.92591929
SPY,1,0.11739331,0.88260669
SPY,1,0.07507466,0.92492534
SPY,1,0.11477241,0.88522759
SPY,1,0.08514154,0.91485846
SPY,1,0.12751299,0.87248701
SPY,1,0.17098757,0.82901243
SPY,1,0.08478492,0.91521508
SPY,1,0.07926321,0.92073679
SPY,1,0.10871657,0.89128343
SPY,1,0.15149099,0.84850901
SPY,1,0.09884749,0.90115251
SPY,1,0.17370953,0.82629047
SPY,1,0.07182201,0.92817799
SPY,1,0.10730212,0.89269788
SPY,1,0.07213507,0.92786493
SPY,1,0.12731068,0.87268932
SPY,1,0.10385191,0.89614809
SPY,1,0.08359103,0.91640897
SPY,1,0.15120492,0.84879508
SPY,1,0.16889533,0.83110467
SPY,1,0.43017714,0.56982286
SPY,1,0.07179825,0.92820175
SPY,1,0.29396795,0.70603205
SPY,1,0.08345043,0.91654957
SPY,1,0.08532259,0.91467741
SPY,1,0.14762686,0.85237314
SPY,1,0.29244249,0.70755751
SPY,1,0.10745225,0.89254775
SPY,1,0.14033581,0.85966419
SPY,1,0.10886783,0.89113217
SPY,1,0.07976867,0.92023133
SPY,1,0.99648204,0.00351796
SPY,1,0.11048575,0.88951425
SPY,1,0.09720475,0.90279525
SPY,1,0.09263550,0.90736450
SPY,1,0.08613824,0.91386176
SPY,1,0.08342348,0.91657652
SPY,1,0.53814973,0.46185027
SPY,1,0.07127576,0.92872424
SPY,1,0.07239830,0.92760170
SPY,1,0.07486196,0.92513804
SPY,1,0.07458993,0.92541007
SPY,1,0.07278298,0.92721702
SPY,1,0.08276938,0.91723062
SPY,1,0.12003161,0.87996839
SPY,1,0.07564566,0.92435434
SPY,1,0.08182253,0.91817747
SPY,1,0.16595491,0.83404509
SPY,1,0.07644372,0.92355628
SPY,1,0.07129608,0.92870392
SPY,1,0.07146928,0.92853072
SPY,1,0.45845085,0.54154915
SPY,1,0.09093415,0.90906585
SPY,1,0.52156569,0.47843431
SPY,1,0.07694799,0.92305201
SPY,1,0.20776855,0.79223145
SPY,1,0.13812343,0.86187657
SPY,1,0.07945352,0.92054648
SPY,1,0.07374793,0.92625207
SPY,1,0.07193830,0.92806170
SPY,1,0.07498224,0.92501776
SPY,1,0.11258484,0.88741516
SPY,1,0.07970423,0.92029577
SPY,1,0.07677934,0.92322066
SPY,1,0.08111274,0.91888726
SPY,1,0.07501521,0.92498479
SPY,1,0.07130383,0.92869617
SPY,1,0.07157996,0.92842004
SPY,1,0.07350624,0.92649376
SPY,1,0.42766050,0.57233950
SPY,1,0.07772505,0.92227495
SPY,1,0.07191283,0.92808717
SPY,1,0.08160061,0.91839939
SPY,1,0.19143775,0.80856225
SPY,1,0.07145876,0.92854124
SPY,1,0.13962229,0.86037771
SPY,1,0.37195254,0.62804746
SPY,1,0.11036836,0.88963164
SPY,1,0.07141701,0.92858299
SPY,1,0.07331381,0.92668619
SPY,1,0.08946550,0.91053450
SPY,1,0.10416661,0.89583339
SPY,1,0.07146140,0.92853860
SPY,1,0.13136999,0.86863001
SPY,1,0.07637263,0.92362737
SPY,1,0.07742027,0.92257973
SPY,1,0.13961389,0.86038611
SPY,1,0.11034031,0.88965969
SPY,1,0.08165352,0.91834648
SPY,1,0.10035848,0.89964152
SPY,1,0.07342739,0.92657261
SPY,1,0.10449317,0.89550683
SPY,1,0.13448252,0.86551748
SPY,1,0.09588948,0.90411052
SPY,1,0.07161729,0.92838271
SPY,1,0.07648332,0.92351668
SPY,1,0.07227479,0.92772521
SPY,1,0.07317444,0.92682556
SPY,1,0.07129498,0.92870502
SPY,1,0.08090412,0.91909588
SPY,1,0.07203646,0.92796354
SPY,1,0.11712194,0.88287806
SPY,1,0.07834852,0.92165148
SPY,1,0.07130876,0.92869124
SPY,1,0.07685499,0.92314501
SPY,1,0.07409690,0.92590310
SPY,1,0.07177921,0.92822079
SPY,1,0.10027384,0.89972616
SPY,1,0.09376253,0.90623747
SPY,1,0.08174115,0.91825885
SPY,1,0.12677007,0.87322993
SPY,1,0.07533039,0.92466961
SPY,1,0.07455956,0.92544044
SPY,1,0.94278342,0.05721658
SPY,1,0.10112661,0.89887339
SPY,1,0.07862875,0.92137125
SPY,1,0.08209825,0.91790175
SPY,1,0.62807839,0.37192161
SPY,1,0.07263069,0.92736931
SPY,1,0.98815984,0.01184016
SPY,1,0.07169069,0.92830931
SPY,1,0.19645697,0.80354303
SPY,1,0.31361125,0.68638875
SPY,1,0.09098648,0.90901352
SPY,1,0.11499190,0.88500810
SPY,1,0.24954758,0.75045242
SPY,1,0.07140605,0.92859395
SPY,1,0.13071750,0.86928250
SPY,1,0.09529951,0.90470049
SPY,1,0.15363857,0.84636143
SPY,1,0.11822156,0.88177844
SPY,1,0.11609134,0.88390866
SPY,1,0.45063427,0.54936573
SPY,1,0.83545431,0.16454569
SPY,1,0.07808779,0.92191221
SPY,1,0.07426294,0.92573706
SPY,1,0.07624315,0.92375685
SPY,1,0.07223981,0.92776019
SPY,1,0.07792176,0.92207824
SPY,1,0.10001291,0.89998709
SPY,1,0.10330409,0.89669591
SPY,1,0.07529812,0.92470188
SPY,1,0.07255595,0.92744405
SPY,1,0.11524524,0.88475476
SPY,1,0.07226405,0.92773595
SPY,1,0.07143218,0.92856782
SPY,1,0.07859215,0.92140785
SPY,1,0.12711367,0.87288633
SPY,1,0.08170908,0.91829092
SPY,1,0.08900417,0.91099583
SPY,1,0.07682271,0.92317729
SPY,1,0.07207549,0.92792451
SPY,1,0.14386831,0.85613169
SPY,1,0.18076168,0.81923832
SPY,1,0.08706420,0.91293580
SPY,1,0.07264841,0.92735159
SPY,1,0.19181995,0.80818005
SPY,1,0.21532471,0.78467529
SPY,1,0.23610473,0.76389527
SPY,1,0.07164585,0.92835415
SPY,1,0.08861947,0.91138053
SPY,1,0.10778660,0.89221340
SPY,1,0.35982548,0.64017452
SPY,1,0.08739417,0.91260583
SPY,1,0.07294783,0.92705217
SPY,1,0.07567165,0.92432835
SPY,1,0.07852163,0.92147837
SPY,1,0.07199003,0.92800997
SPY,1,0.07138887,0.92861113
SPY,1,0.07129142,0.92870858
SPY,1,0.07153990,0.92846010
SPY,1,0.07140673,0.92859327
SPY,1,0.07175216,0.92824784
SPY,1,0.07170528,0.92829472
SPY,1,0.08811600,0.91188400
SPY,1,0.10557380,0.89442620
SPY,1,0.07128221,0.92871779
SPY,1,0.23277003,0.76722997
SPY,1,0.07487705,0.92512295
SPY,1,0.07943544,0.92056456
SPY,1,0.11673857,0.88326143
SPY,1,0.07571633,0.92428367
SPY,1,0.19504069,0.80495931
SPY,1,0.07538952,0.92461048
SPY,1,0.07211332,0.92788668
SPY,1,0.08430788,0.91569212
SPY,1,0.07641267,0.92358733
SPY,1,0.08965769,0.91034231
SPY,1,0.07162362,0.92837638
SPY,1,0.10357356,0.89642644
SPY,1,0.07492772,0.92507228
SPY,1,0.11623717,0.88376283
SPY,1,0.07127981,0.92872019
SPY,1,0.09770254,0.90229746
SPY,1,0.10552750,0.89447250
SPY,1,0.07465840,0.92534160
SPY,1,0.12881414,0.87118586
SPY,1,0.07457619,0.92542381
SPY,1,0.09448684,0.90551316
SPY,1,0.09652073,0.90347927
SPY,1,0.61363749,0.38636251
SPY,1,0.08287123,0.91712877
SPY,1,0.09042558,0.90957442
SPY,1,0.07140006,0.92859994
SPY,1,0.07653059,0.92346941
SPY,1,0.08089761,0.91910239
SPY,1,0.10288667,0.89711333
SPY,1,0.07327601,0.92672399
SPY,1,0.07135997,0.92864003
SPY,1,0.10306942,0.89693058
SPY,1,0.07431312,0.92568688
SPY,1,0.07215636,0.92784364
SPY,1,0.10768927,0.89231073
SPY,1,0.24016368,0.75983632
SPY,1,0.07319808,0.92680192
SPY,1,0.07385853,0.92614147
SPY,1,0.07840829,0.92159171
SPY,1,0.07162149,0.92837851
SPY,1,0.44051261,0.55948739
SPY,1,0.07159019,0.92840981
SPY,1,0.07427902,0.92572098
SPY,1,0.09406696,0.90593304
SPY,1,0.26610577,0.73389423
SPY,1,0.07669281,0.92330719
SPY,1,0.13977973,0.86022027
SPY,1,0.48386350,0.51613650
SPY,1,0.07156617,0.92843383
SPY,1,0.21187202,0.78812798
SPY,1,0.09725341,0.90274659
SPY,1,0.12366138,0.87633862
SPY,1,0.73387124,0.26612876
SPY,1,0.07143461,0.92856539
SPY,1,0.07521538,0.92478462
SPY,1,0.10083926,0.89916074
SPY,1,0.11900524,0.88099476
SPY,1,0.07345514,0.92654486
SPY,1,0.11898436,0.88101564
SPY,1,0.60208414,0.39791586
SPY,1,0.07142410,0.92857590
SPY,1,0.28649116,0.71350884
SPY,1,0.10275694,0.89724306
SPY,1,0.16741705,0.83258295
SPY,1,0.10501330,0.89498670
SPY,1,0.10469075,0.89530925
SPY,1,0.18139807,0.81860193
SPY,1,0.07128500,0.92871500
SPY,1,0.20079804,0.79920196
SPY,1,0.07191563,0.92808437
SPY,1,0.07899203,0.92100797
SPY,1,0.09686560,0.90313440
SPY,1,0.07329541,0.92670459
SPY,1,0.11388300,0.88611700
SPY,1,0.11272294,0.88727706
SPY,1,0.22995819,0.77004181
SPY,1,0.28536646,0.71463354
SPY,1,0.08149676,0.91850324
SPY,1,0.07475230,0.92524770
SPY,1,0.14506612,0.85493388
SPY,1,0.25945911,0.74054089
SPY,1,0.07131071,0.92868929
SPY,1,0.07547849,0.92452151
SPY,1,0.09585560,0.90414440
SPY,1,0.51100555,0.48899445
SPY,1,0.08311779,0.91688221
SPY,1,0.27306369,0.72693631
SPY,1,0.11309715,0.88690285
SPY,1,0.15152570,0.84847430
SPY,1,0.33116036,0.66883964
SPY,1,0.20168064,0.79831936
SPY,1,0.07183310,0.92816690
SPY,1,0.11393075,0.88606925
SPY,1,0.09017963,0.90982037
SPY,1,0.22404909,0.77595091
SPY,1,0.07176951,0.92823049
SPY,1,0.19002974,0.80997026
SPY,1,0.07347939,0.92652061
SPY,1,0.14041888,0.85958112
SPY,1,0.37049926,0.62950074
SPY,1,0.08284490,0.91715510
SPY,1,0.09539514,0.90460486
SPY,1,0.08427223,0.91572777
SPY,1,0.37470364,0.62529636
SPY,1,0.08010402,0.91989598
SPY,1,0.11664826,0.88335174
SPY,1,0.17702921,0.82297079
SPY,1,0.08128498,0.91871502
SPY,1,0.13497134,0.86502866
SPY,1,0.40311793,0.59688207
SPY,1,0.07768785,0.92231215
SPY,1,0.07725016,0.92274984
SPY,1,0.15491169,0.84508831
SPY,1,0.08317705,0.91682295
SPY,1,0.08940208,0.91059792
SPY,1,0.07132810,0.92867190
SPY,1,0.25983587,0.74016413
SPY,1,0.11713187,0.88286813
SPY,1,0.07688763,0.92311237
SPY,1,0.94686203,0.05313797
SPY,1,0.89048438,0.10951562
SPY,1,0.08068349,0.91931651
SPY,1,0.45260281,0.54739719
SPY,1,0.07792756,0.92207244
SPY,1,0.22288144,0.77711856
SPY,1,0.08739732,0.91260268
SPY,1,0.10823901,0.89176099
SPY,1,0.10626373,0.89373627
SPY,1,0.08308900,0.91691100
SPY,1,0.99716245,0.00283755
SPY,1,0.14143310,0.85856690
SPY,1,0.51542365,0.48457635
SPY,1,0.24041484,0.75958516
SPY,1,0.07543548,0.92456452
SPY,1,0.08203579,0.91796421
SPY,1,0.09262205,0.90737795
SPY,1,0.71166280,0.28833720
SPY,1,0.07759830,0.92240170
SPY,1,0.08491447,0.91508553
SPY,1,0.19590766,0.80409234
SPY,1,0.11909437,0.88090563
SPY,1,0.99621218,0.00378782
SPY,1,0.11328852,0.88671148
SPY,1,0.07147256,0.92852744
SPY,1,0.47583081,0.52416919
SPY,1,0.92442014,0.07557986
SPY,1,0.07308733,0.92691267
SPY,1,0.77866001,0.22133999
SPY,1,0.08222064,0.91777936
SPY,1,0.10734499,0.89265501
SPY,1,0.44816181,0.55183819
SPY,1,0.07392249,0.92607751
SPY,1,0.07222415,0.92777585
SPY,1,0.09999878,0.90000122
SPY,1,0.22467581,0.77532419
SPY,1,0.07244232,0.92755768
SPY,1,0.19968669,0.80031331
SPY,1,0.07173965,0.92826035
SPY,1,0.07822922,0.92177078
SPY,1,0.12488160,0.87511840
SPY,1,0.08556320,0.91443680
SPY,1,0.07132913,0.92867087
SPY,1,0.09172029,0.90827971
SPY,1,0.09115862,0.90884138
SPY,1,0.07900198,0.92099802
SPY,1,0.07917357,0.92082643
SPY,1,0.07234664,0.92765336
SPY,1,0.07812181,0.92187819
SPY,1,0.61889169,0.38110831
SPY,1,0.10348656,0.89651344
SPY,1,0.07859408,0.92140592
SPY,1,0.07497962,0.92502038
SPY,1,0.59972133,0.40027867
SPY,1,0.15458260,0.84541740
SPY,1,0.07210250,0.92789750
SPY,1,0.07232193,0.92767807
SPY,1,0.07842999,0.92157001
SPY,1,0.14174838,0.85825162
SPY,1,0.09329560,0.90670440
SPY,1,0.92256799,0.07743201
SPY,1,0.79211958,0.20788042
SPY,1,0.08102083,0.91897917
SPY,1,0.09031293,0.90968707
SPY,1,0.07753667,0.92246333
SPY,1,0.09525427,0.90474573
SPY,1,0.16241712,0.83758288
SPY,1,0.46739599,0.53260401
SPY,1,0.33519109,0.66480891
SPY,1,0.12312566,0.87687434
SPY,1,0.13252815,0.86747185
SPY,1,0.14403756,0.85596244
SPY,1,0.07704460,0.92295540
SPY,1,0.07951545,0.92048455
SPY,1,0.07760712,0.92239288
SPY,1,0.08823092,0.91176908
SPY,1,0.24994992,0.75005008
SPY,1,0.07827409,0.92172591
SPY,1,0.77641803,0.22358197
SPY,1,0.07395451,0.92604549
SPY,1,0.94393087,0.05606913
SPY,1,0.07367030,0.92632970
SPY,1,0.08256576,0.91743424
SPY,1,0.07128438,0.92871562
SPY,1,0.07153687,0.92846313
SPY,1,0.07688190,0.92311810
SPY,1,0.20084449,0.79915551
SPY,1,0.07131040,0.92868960
SPY,1,0.08009760,0.91990240
SPY,1,0.07384373,0.92615627
SPY,1,0.07171640,0.92828360
SPY,1,0.11559798,0.88440202
SPY,1,0.09785207,0.90214793
SPY,1,0.73781562,0.26218438
SPY,1,0.08609080,0.91390920
SPY,1,0.32459262,0.67540738
SPY,1,0.08423243,0.91576757
SPY,1,0.07732832,0.92267168
SPY,1,0.99238457,0.00761543
SPY,1,0.53956615,0.46043385
SPY,1,0.26009690,0.73990310
SPY,1,0.38534886,0.61465114
SPY,1,0.37199380,0.62800620
SPY,1,0.07402420,0.92597580
SPY,1,0.07881217,0.92118783
SPY,1,0.32433151,0.67566849
SPY,1,0.08205605,0.91794395
SPY,1,0.29407128,0.70592872
SPY,1,0.07382979,0.92617021
SPY,1,0.99672028,0.00327972
SPY,1,0.07308735,0.92691265
SPY,1,0.09132409,0.90867591
SPY,1,0.07380628,0.92619372
SPY,1,0.08042290,0.91957710
SPY,1,0.07170785,0.92829215
SPY,1,0.69741086,0.30258914
SPY,1,0.10596609,0.89403391
SPY,1,0.33312636,0.66687364
SPY,1,0.07127541,0.92872459
SPY,1,0.89550676,0.10449324
SPY,1,0.07520043,0.92479957
SPY,1,0.08160742,0.91839258
SPY,1,0.07249319,0.92750681
SPY,1,0.08765303,0.91234697
SPY,1,0.08009264,0.91990736
SPY,1,0.12283608,0.87716392
SPY,1,0.11045744,0.88954256
SPY,1,0.10708705,0.89291295
SPY,1,0.15224827,0.84775173
SPY,1,0.13504346,0.86495654
SPY,1,0.19251258,0.80748742
SPY,1,0.10220405,0.89779595
SPY,1,0.08943225,0.91056775
SPY,1,0.10292801,0.89707199
SPY,1,0.14499499,0.85500501
SPY,1,0.09269276,0.90730724
SPY,1,0.08137082,0.91862918
SPY,1,0.07743580,0.92256420
SPY,1,0.07153307,0.92846693
SPY,1,0.07136812,0.92863188
SPY,1,0.07392581,0.92607419
SPY,1,0.37627102,0.62372898
SPY,1,0.19213245,0.80786755
SPY,1,0.22452183,0.77547817
SPY,1,0.69919349,0.30080651
SPY,1,0.08241235,0.91758765
SPY,1,0.67987186,0.32012814
SPY,1,0.19631477,0.80368523
SPY,1,1.00000000,0.00000000
SPY,1,0.99999980,0.00000020
SPY,1,0.07773006,0.92226994
SPY,1,0.81144395,0.18855605
SPY,1,0.70114771,0.29885229
SPY,1,0.85171599,0.14828401
SPY,1,0.07406106,0.92593894
SPY,1,0.07713381,0.92286619
SPY,1,0.07778046,0.92221954
SPY,1,0.17153327,0.82846673
SPY,1,0.10496585,0.89503415
SPY,1,0.07130578,0.92869422
SPY,1,0.70067049,0.29932951
SPY,1,0.19475180,0.80524820
SPY,1,0.31606477,0.68393523
SPY,1,0.62682588,0.37317412
SPY,1,0.08118728,0.91881272
SPY,1,0.08148614,0.91851386
SPY,1,0.33933610,0.66066390
SPY,1,0.11925382,0.88074618
SPY,1,0.46097687,0.53902313
SPY,1,0.07147678,0.92852322
SPY,1,0.07688486,0.92311514
SPY,1,0.07211228,0.92788772
SPY,1,0.93047255,0.06952745
SPY,1,0.07690619,0.92309381
SPY,1,0.07384924,0.92615076
SPY,1,0.07146634,0.92853366
SPY,1,0.21164785,0.78835215
SPY,1,0.07235783,0.92764217
SPY,1,0.09589415,0.90410585
SPY,1,0.13120320,0.86879680
SPY,1,0.50767955,0.49232045
SPY,1,0.07127951,0.92872049
SPY,1,0.15026066,0.84973934
SPY,1,0.10336042,0.89663958
SPY,1,0.08248339,0.91751661
SPY,1,0.15078945,0.84921055
SPY,1,0.20816740,0.79183260
SPY,1,0.08644724,0.91355276
SPY,1,0.44578714,0.55421286
SPY,1,0.08526355,0.91473645
SPY,1,0.07842957,0.92157043
SPY,1,0.63153304,0.36846696
SPY,1,0.47475240,0.52524760
SPY,1,0.07189961,0.92810039
SPY,1,0.08588750,0.91411250
SPY,1,0.07552257,0.92447743
SPY,1,0.35582570,0.64417430
SPY,1,0.07163235,0.92836765
SPY,1,0.12027171,0.87972829
SPY,1,0.99956888,0.00043112
SPY,1,0.27600767,0.72399233
SPY,1,0.35574770,0.64425230
SPY,1,0.09348684,0.90651316
SPY,1,0.11125174,0.88874826
SPY,1,0.23594842,0.76405158
SPY,1,0.46990926,0.53009074
SPY,1,0.11001308,0.88998692
SPY,1,0.14351834,0.85648166
SPY,1,0.07443351,0.92556649
SPY,1,0.07168891,0.92831109
SPY,1,0.14402846,0.85597154
SPY,1,0.14729773,0.85270227
SPY,1,0.09582150,0.90417850
SPY,1,0.07203520,0.92796480
SPY,1,0.39618382,0.60381618
SPY,1,0.13137453,0.86862547
SPY,1,0.07139025,0.92860975
SPY,1,0.07155989,0.92844011
SPY,1,0.16632466,0.83367534
SPY,1,0.07368302,0.92631698
SPY,1,0.12939397,0.87060603
SPY,1,0.07128949,0.92871051
SPY,1,0.08056246,0.91943754
SPY,1,0.08741103,0.91258897
SPY,1,0.08130946,0.91869054
SPY,1,0.13802456,0.86197544
SPY,1,0.08167292,0.91832708
SPY,1,0.10012995,0.89987005
SPY,1,0.08351278,0.91648722
SPY,1,0.10552644,0.89447356
SPY,1,0.17753069,0.82246931
SPY,1,0.10124220,0.89875780
SPY,1,0.07147459,0.92852541
SPY,1,0.07338681,0.92661319
SPY,1,0.08796535,0.91203465
SPY,1,0.09203483,0.90796517
SPY,1,0.14465671,0.85534329
SPY,1,0.56811145,0.43188855
SPY,1,0.07229248,0.92770752
SPY,1,0.12731500,0.87268500
SPY,1,0.09030127,0.90969873
SPY,1,0.08320631,0.91679369
SPY,1,0.07742562,0.92257438
SPY,1,0.15142465,0.84857535
SPY,1,0.08027922,0.91972078
SPY,1,0.08046906,0.91953094
SPY,1,0.07604457,0.92395543
SPY,1,0.09200085,0.90799915
SPY,1,0.07271718,0.92728282
SPY,1,0.11644142,0.88355858
SPY,1,0.07512694,0.92487306
SPY,1,0.07183403,0.92816597
SPY,1,0.08177684,0.91822316
SPY,1,0.07181650,0.92818350
SPY,1,0.07754668,0.92245332
SPY,1,0.11855967,0.88144033
SPY,1,0.18272494,0.81727506
SPY,1,0.09383871,0.90616129
SPY,1,0.10648664,0.89351336
SPY,1,0.10810314,0.89189686
SPY,1,0.09610392,0.90389608
SPY,1,0.10475099,0.89524901
SPY,1,0.07340633,0.92659367
SPY,1,0.11430196,0.88569804
SPY,1,0.07873150,0.92126850
SPY,1,0.17717219,0.82282781
SPY,1,0.18922444,0.81077556
SPY,1,0.07200534,0.92799466
SPY,1,0.08357104,0.91642896
SPY,1,0.07702445,0.92297555
SPY,1,0.13305369,0.86694631
SPY,1,0.18524028,0.81475972
SPY,1,0.65686077,0.34313923
SPY,1,0.07818956,0.92181044
SPY,1,0.09872249,0.90127751
SPY,1,0.57968857,0.42031143
SPY,1,0.23173048,0.76826952
SPY,1,0.07211055,0.92788945
SPY,1,0.10392611,0.89607389
SPY,1,0.21059128,0.78940872
SPY,1,0.13189053,0.86810947
SPY,1,0.32463535,0.67536465
SPY,1,0.07255421,0.92744579
SPY,1,0.15074108,0.84925892
SPY,1,0.07863153,0.92136847
SPY,1,0.08383802,0.91616198
SPY,1,0.09415503,0.90584497
SPY,1,0.08307762,0.91692238
SPY,1,0.09512328,0.90487672
SPY,1,0.15045287,0.84954713
SPY,1,0.08787173,0.91212827
SPY,1,0.08341562,0.91658438
SPY,1,0.39941776,0.60058224
SPY,1,0.07135980,0.92864020
SPY,1,0.08368544,0.91631456
SPY,1,0.13415238,0.86584762
SPY,1,0.07785683,0.92214317
SPY,1,0.07219404,0.92780596
SPY,1,0.36550486,0.63449514
SPY,1,0.40187052,0.59812948
SPY,1,0.72652530,0.27347470
SPY,1,0.07174554,0.92825446
SPY,1,0.07609610,0.92390390
SPY,1,0.09321284,0.90678716
SPY,1,0.61436519,0.38563481
SPY,1,0.10443291,0.89556709
SPY,1,0.93217038,0.06782962
SPY,1,0.20424815,0.79575185
SPY,1,0.79648394,0.20351606
SPY,1,0.07389618,0.92610382
SPY,1,0.12264535,0.87735465
SPY,1,0.07961365,0.92038635
SPY,1,0.20451592,0.79548408
SPY,1,0.29211010,0.70788990
SPY,1,0.07129869,0.92870131
SPY,1,0.07988291,0.92011709
SPY,1,0.07992478,0.92007522
SPY,1,0.09644644,0.90355356
SPY,1,0.15987037,0.84012963
SPY,1,0.07673019,0.92326981
SPY,1,0.14950190,0.85049810
SPY,1,0.07160394,0.92839606
SPY,1,0.10162124,0.89837876
SPY,1,0.09180845,0.90819155
SPY,1,0.08359995,0.91640005
SPY,1,0.07165558,0.92834442
SPY,1,0.17106325,0.82893675
SPY,1,0.07148881,0.92851119
SPY,1,0.09891833,0.90108167
SPY,1,0.07345159,0.92654841
SPY,1,0.07128505,0.92871495
SPY,1,0.46281076,0.53718924
SPY,1,0.07323292,0.92676708
SPY,1,0.64333750,0.35666250
SPY,1,0.07636930,0.92363070
SPY,1,0.10207768,0.89792232
SPY,1,0.37956602,0.62043398
SPY,1,0.09072055,0.90927945
SPY,1,0.28547790,0.71452210
SPY,1,0.63811423,0.36188577
SPY,1,0.09746037,0.90253963
SPY,1,0.99995448,0.00004552
SPY,1,0.13172225,0.86827775
SPY,1,0.09109381,0.90890619
SPY,1,0.07366643,0.92633357
SPY,1,0.08885247,0.91114753
SPY,1,0.35173252,0.64826748
SPY,1,0.32230417,0.67769583
SPY,1,0.15161867,0.84838133
SPY,1,0.22686015,0.77313985
SPY,1,0.61904937,0.38095063
SPY,1,0.68366391,0.31633609
SPY,1,0.07142162,0.92857838
SPY,1,0.09409679,0.90590321
SPY,1,0.12258561,0.87741439
SPY,1,0.08837798,0.91162202
SPY,1,0.07604964,0.92395036
SPY,1,0.08886830,0.91113170
SPY,1,0.99999991,0.00000009
SPY,1,0.12621423,0.87378577
SPY,1,1.00000000,0.00000000
SPY,1,0.99788599,0.00211401
SPY,1,0.07507756,0.92492244
SPY,1,0.12188379,0.87811621
SPY,1,0.12866894,0.87133106
SPY,1,0.99999999,0.00000001
SPY,1,0.55504478,0.44495522
SPY,1,0.82128703,0.17871297
SPY,1,0.98736557,0.01263443
SPY,1,0.68175217,0.31824783
SPY,1,0.11085115,0.88914885
SPY,1,0.13771930,0.86228070
SPY,1,0.97349021,0.02650979
SPY,1,0.07409066,0.92590934
SPY,1,0.07140065,0.92859935
SPY,1,0.11441417,0.88558583
SPY,1,0.99996258,0.00003742
SPY,1,0.68137601,0.31862399
SPY,1,0.07955341,0.92044659
SPY,1,0.12446767,0.87553233
SPY,1,0.07229253,0.92770747
SPY,1,0.99370206,0.00629794
SPY,1,0.99714516,0.00285484
SPY,1,0.36087698,0.63912302
SPY,1,0.51404867,0.48595133
SPY,1,0.07698399,0.92301601
SPY,1,0.31767283,0.68232717
SPY,1,0.10267144,0.89732856
SPY,1,0.58902567,0.41097433
SPY,1,0.40769888,0.59230112
SPY,1,0.07320453,0.92679547
SPY,1,0.12688011,0.87311989
SPY,1,1.00000000,0.00000000
SPY,1,0.09280149,0.90719851
SPY,1,0.07798935,0.92201065
SPY,1,0.09483073,0.90516927
SPY,1,0.07581100,0.92418900
SPY,1,0.28670826,0.71329174
SPY,1,0.17072743,0.82927257
SPY,1,0.09140147,0.90859853
SPY,1,0.08531728,0.91468272
SPY,1,0.07436706,0.92563294
SPY,1,0.87125058,0.12874942
SPY,1,0.11296402,0.88703598
SPY,1,0.45736096,0.54263904
SPY,1,0.08814193,0.91185807
SPY,1,0.14158949,0.85841051
SPY,1,0.29647006,0.70352994
SPY,1,0.08242275,0.91757725
SPY,1,0.09940782,0.90059218
SPY,1,0.07801675,0.92198325
SPY,1,0.10102086,0.89897914
SPY,1,0.07316012,0.92683988
SPY,1,0.13747185,0.86252815
SPY,1,0.11885963,0.88114037
SPY,1,0.07161960,0.92838040
SPY,1,0.09271312,0.90728688
SPY,1,0.13231262,0.86768738
SPY,1,0.11853820,0.88146180
SPY,1,0.88244792,0.11755208
SPY,1,0.07892112,0.92107888
SPY,1,0.07152538,0.92847462
SPY,1,0.10552781,0.89447219
SPY,1,0.97210190,0.02789810
SPY,1,0.13829912,0.86170088
SPY,1,0.07243131,0.92756869
SPY,1,0.42726841,0.57273159
SPY,1,0.88116978,0.11883022
SPY,1,0.10849884,0.89150116
SPY,1,0.07979014,0.92020986
SPY,1,0.07213482,0.92786518
SPY,1,0.28638032,0.71361968
SPY,1,0.07133918,0.92866082
SPY,1,0.98276176,0.01723824
SPY,1,0.79415290,0.20584710
SPY,1,0.07235150,0.92764850
SPY,1,0.34731097,0.65268903
SPY,1,0.07507728,0.92492272
SPY,1,0.26471856,0.73528144
SPY,1,0.09191465,0.90808535
SPY,1,0.72716888,0.27283112
SPY,1,0.07345306,0.92654694
SPY,1,0.07639702,0.92360298
SPY,1,0.33396582,0.66603418
SPY,1,0.09534417,0.90465583
SPY,1,0.07168663,0.92831337
SPY,1,0.07401495,0.92598505
SPY,1,0.16945756,0.83054244
SPY,1,0.91540918,0.08459082
SPY,1,0.07417508,0.92582492
SPY,1,0.09984580,0.90015420
SPY,1,0.12347528,0.87652472
SPY,1,0.58564225,0.41435775
SPY,1,0.12846847,0.87153153
SPY,1,0.52164158,0.47835842
SPY,1,0.86552788,0.13447212
SPY,1,0.13318487,0.86681513
SPY,1,0.12191105,0.87808895
SPY,1,0.94084303,0.05915697
SPY,1,0.08696904,0.91303096
SPY,1,0.14229714,0.85770286
SPY,1,0.57731714,0.42268286
SPY,1,0.13955687,0.86044313
SPY,1,0.33307388,0.66692612
SPY,1,0.13444537,0.86555463
SPY,1,0.08578565,0.91421435
SPY,1,0.10034505,0.89965495
SPY,1,0.13489285,0.86510715
SPY,1,0.26355062,0.73644938
SPY,1,0.23224287,0.76775713
SPY,1,0.07156450,0.92843550
SPY,1,0.79911581,0.20088419
SPY,1,0.07967171,0.92032829
SPY,1,0.85184688,0.14815312
SPY,1,0.13619989,0.86380011
SPY,1,0.10574529,0.89425471
SPY,1,0.07269947,0.92730053
SPY,1,0.10979650,0.89020350
SPY,1,0.08632700,0.91367300
SPY,1,0.95562450,0.04437550
SPY,1,0.07438484,0.92561516
SPY,1,0.48561511,0.51438489
SPY,1,0.17862118,0.82137882
SPY,1,0.08599646,0.91400354
SPY,1,0.07429562,0.92570438
SPY,1,0.12086328,0.87913672
SPY,1,0.08193948,0.91806052
SPY,1,0.23018093,0.76981907
SPY,1,0.73408224,0.26591776
SPY,1,0.12192464,0.87807536
SPY,1,0.07294894,0.92705106
SPY,1,0.11950735,0.88049265
SPY,1,0.19398772,0.80601228
SPY,1,0.11791768,0.88208232
SPY,1,0.22727591,0.77272409
SPY,1,0.07399625,0.92600375
SPY,1,0.08375033,0.91624967
SPY,1,0.33480982,0.66519018
SPY,1,0.48141014,0.51858986
SPY,1,0.07130076,0.92869924
SPY,1,0.98346333,0.01653667
SPY,1,0.07452253,0.92547747
SPY,1,0.69999925,0.30000075
SPY,1,0.08585281,0.91414719
SPY,1,0.58440391,0.41559609
SPY,1,0.07635846,0.92364154
SPY,1,0.40984626,0.59015374
SPY,1,0.08998988,0.91001012
SPY,1,0.88814452,0.11185548
SPY,1,0.07128806,0.92871194
SPY,1,0.11025455,0.88974545
SPY,1,0.24070584,0.75929416
SPY,1,0.07274987,0.92725013
SPY,1,0.15625044,0.84374956
SPY,1,0.08700029,0.91299971
SPY,1,0.47337855,0.52662145
SPY,1,0.08964589,0.91035411
SPY,1,0.12628267,0.87371733
SPY,1,0.39512262,0.60487738
SPY,1,0.16119383,0.83880617
SPY,1,0.98681816,0.01318184
SPY,1,0.20937388,0.79062612
SPY,1,0.07251363,0.92748637
SPY,1,0.08834696,0.91165304
SPY,1,0.08838666,0.91161334
SPY,1,0.23180441,0.76819559
SPY,1,0.13030910,0.86969090
SPY,1,0.12669570,0.87330430
SPY,1,0.44398947,0.55601053
SPY,1,0.20492483,0.79507517
SPY,1,0.09502742,0.90497258
SPY,1,0.08742591,0.91257409
SPY,1,0.10047794,0.89952206
SPY,1,0.08074677,0.91925323
SPY,1,0.13553146,0.86446854
SPY,1,0.12505851,0.87494149
SPY,1,0.08645879,0.91354121
SPY,1,0.93510874,0.06489126
SPY,1,0.07129066,0.92870934
SPY,1,0.07250181,0.92749819
SPY,1,0.10152746,0.89847254
SPY,1,0.08739493,0.91260507
SPY,1,0.09475265,0.90524735
SPY,1,0.44930987,0.55069013
SPY,1,0.51097125,0.48902875
SPY,1,0.13166269,0.86833731
SPY,1,0.23587235,0.76412765
SPY,1,0.16785928,0.83214072
SPY,1,0.07353794,0.92646206
SPY,1,0.07147609,0.92852391
SPY,1,0.08917196,0.91082804
SPY,1,0.67983294,0.32016706
SPY,1,0.08390806,0.91609194
SPY,1,0.13641484,0.86358516
SPY,1,0.07336840,0.92663160
SPY,1,0.13292747,0.86707253
SPY,1,0.13433027,0.86566973
SPY,1,0.07127778,0.92872222
SPY,1,0.09929236,0.90070764
SPY,1,0.61692991,0.38307009
SPY,1,0.17626135,0.82373865
SPY,1,0.07163812,0.92836188
SPY,1,0.07378022,0.92621978
SPY,1,0.09893059,0.90106941
SPY,1,0.09031309,0.90968691
SPY,1,0.11383148,0.88616852
SPY,1,0.07728020,0.92271980
SPY,1,0.18889605,0.81110395
SPY,1,0.15823544,0.84176456
SPY,1,0.56787110,0.43212890
SPY,1,0.13445989,0.86554011
SPY,1,0.16056466,0.83943534
SPY,1,0.07167779,0.92832221
SPY,1,0.07211584,0.92788416
SPY,1,0.07172665,0.92827335
SPY,1,0.09255665,0.90744335
SPY,1,0.07905087,0.92094913
SPY,1,0.08038873,0.91961127
SPY,1,0.08663039,0.91336961
SPY,1,0.10084965,0.89915035
SPY,1,0.09301926,0.90698074
SPY,1,0.09237818,0.90762182
SPY,1,0.74629004,0.25370996
SPY,1,0.07743788,0.92256212
SPY,1,0.23742819,0.76257181
SPY,1,0.07769159,0.92230841
SPY,1,0.10801526,0.89198474
SPY,1,0.10717013,0.89282987
SPY,1,0.08043809,0.91956191
SPY,1,0.25121077,0.74878923
SPY,1,0.26286227,0.73713773
SPY,1,0.07176338,0.92823662
SPY,1,0.08211854,0.91788146
SPY,1,0.27617552,0.72382448
SPY,1,0.10651453,0.89348547
SPY,1,0.14274069,0.85725931
SPY,1,0.07763659,0.92236341
SPY,1,0.17328014,0.82671986
SPY,1,0.16208028,0.83791972
SPY,1,0.07153810,0.92846190
SPY,1,0.82502258,0.17497742
SPY,1,0.10084098,0.89915902
SPY,1,0.10185869,0.89814131
SPY,1,0.09676831,0.90323169
SPY,1,0.12770879,0.87229121
SPY,1,0.13038874,0.86961126
SPY,1,0.64499751,0.35500249
SPY,1,0.09045618,0.90954382
SPY,1,0.15768126,0.84231874
SPY,1,0.16455466,0.83544534
SPY,1,0.24531801,0.75468199
SPY,1,0.64325090,0.35674910
SPY,1,0.09116358,0.90883642
SPY,1,0.18822164,0.81177836
SPY,1,0.15541341,0.84458659
SPY,1,0.96714216,0.03285784
SPY,1,0.07141535,0.92858465
SPY,1,0.08729611,0.91270389
SPY,1,0.07177897,0.92822103
SPY,1,0.11662765,0.88337235
SPY,1,0.09207072,0.90792928
SPY,1,0.10531328,0.89468672
SPY,1,0.40597407,0.59402593
SPY,1,0.07362078,0.92637922
SPY,1,0.14807663,0.85192337
SPY,1,0.07133812,0.92866188
SPY,1,0.73964772,0.26035228
SPY,1,0.07756998,0.92243002
SPY,1,0.73308156,0.26691844
SPY,1,0.07704793,0.92295207
SPY,1,0.09623786,0.90376214
SPY,1,0.07206177,0.92793823
SPY,1,0.19870893,0.80129107
SPY,1,0.25841357,0.74158643
SPY,1,0.07140978,0.92859022
SPY,1,0.45085681,0.54914319
SPY,1,0.07181384,0.92818616
SPY,1,0.31559048,0.68440952
SPY,1,0.08007928,0.91992072
SPY,1,0.28318786,0.71681214
SPY,1,0.07127501,0.92872499
SPY,1,0.35318990,0.64681010
SPY,1,0.97225662,0.02774338
SPY,1,0.07648568,0.92351432
SPY,1,0.94085264,0.05914736
SPY,1,0.08206012,0.91793988
SPY,1,0.15347683,0.84652317
SPY,1,0.16249903,0.83750097
SPY,1,0.10049657,0.89950343
SPY,1,0.12765079,0.87234921
SPY,1,0.08047104,0.91952896
SPY,1,0.23308526,0.76691474
SPY,1,0.40149575,0.59850425
SPY,1,0.99934245,0.00065755
SPY,1,0.75438036,0.24561964
SPY,1,0.12065240,0.87934760
SPY,1,0.11717604,0.88282396
SPY,1,0.09206503,0.90793497
SPY,1,0.11678032,0.88321968
SPY,1,0.15830886,0.84169114
SPY,1,0.07328458,0.92671542
SPY,1,0.13281420,0.86718580
SPY,1,0.09573795,0.90426205
SPY,1,0.09636247,0.90363753
SPY,1,0.13692961,0.86307039
SPY,1,0.07733344,0.92266656
SPY,1,0.12044333,0.87955667
SPY,1,0.07833327,0.92166673
SPY,1,0.10487172,0.89512828
SPY,1,0.07128497,0.92871503
SPY,1,0.07132529,0.92867471
SPY,1,0.12425079,0.87574921
SPY,1,0.08167451,0.91832549
SPY,1,0.07664936,0.92335064
SPY,1,0.07985574,0.92014426
SPY,1,0.19963613,0.80036387
SPY,1,0.09924622,0.90075378
SPY,1,0.09996287,0.90003713
SPY,1,0.55535843,0.44464157
SPY,1,0.08804200,0.91195800
SPY,1,0.12523010,0.87476990
SPY,1,0.10491080,0.89508920
SPY,1,0.08094719,0.91905281
SPY,1,0.07942036,0.92057964
SPY,1,0.07366431,0.92633569
SPY,1,0.13618024,0.86381976
SPY,1,0.08123967,0.91876033
SPY,1,0.08561456,0.91438544
SPY,1,0.08215247,0.91784753
SPY,1,0.09957357,0.90042643
SPY,1,0.27585311,0.72414689
SPY,1,0.08150235,0.91849765
SPY,1,0.36809960,0.63190040
SPY,1,0.07134459,0.92865541
SPY,1,0.07158097,0.92841903
SPY,1,0.08085690,0.91914310
SPY,1,0.07152595,0.92847405
SPY,1,0.07246892,0.92753108
SPY,1,0.13813675,0.86186325
SPY,1,0.99997650,0.00002350
SPY,1,0.07487524,0.92512476
SPY,1,0.07594900,0.92405100
SPY,1,0.99999399,0.00000601
SPY,1,0.12809492,0.87190508
SPY,1,0.25441788,0.74558212
SPY,1,0.14958111,0.85041889
SPY,1,0.18938408,0.81061592
SPY,1,0.33862314,0.66137686
SPY,1,0.09555585,0.90444415
SPY,1,0.07370328,0.92629672
SPY,1,0.14386210,0.85613790
SPY,1,0.07707689,0.92292311
SPY,1,0.98315813,0.01684187
SPY,1,0.07505392,0.92494608
SPY,1,0.07306362,0.92693638
SPY,1,0.07930677,0.92069323
SPY,1,0.99677273,0.00322727
SPY,1,0.84131198,0.15868802
SPY,1,0.21714781,0.78285219
SPY,1,0.07324546,0.92675454
SPY,1,0.31493130,0.68506870
SPY,1,0.07474341,0.92525659
SPY,1,0.07325133,0.92674867
SPY,1,0.23604851,0.76395149
SPY,1,0.62244650,0.37755350
SPY,1,0.07133965,0.92866035
SPY,1,0.40136616,0.59863384
SPY,1,0.07132348,0.92867652
SPY,1,0.18040660,0.81959340
SPY,1,0.20197096,0.79802904
SPY,1,0.11331963,0.88668037
SPY,1,0.88833522,0.11166478
SPY,1,0.07700067,0.92299933
SPY,1,0.18225853,0.81774147
SPY,1,0.10552792,0.89447208
SPY,1,0.37790559,0.62209441
SPY,1,0.57052356,0.42947644
SPY,1,0.19036780,0.80963220
SPY,1,0.11673829,0.88326171
SPY,1,0.07237311,0.92762689
SPY,1,0.54368668,0.45631332
SPY,1,0.11002281,0.88997719
SPY,1,0.84243178,0.15756822
SPY,1,0.07184518,0.92815482
SPY,1,0.98257966,0.01742034
SPY,1,0.07287627,0.92712373
SPY,1,0.19304353,0.80695647
SPY,1,0.34139152,0.65860848
SPY,1,0.71704469,0.28295531
SPY,1,0.99999995,0.00000005
SPY,1,0.15943770,0.84056230
SPY,1,0.08261996,0.91738004
SPY,1,0.62322835,0.37677165
SPY,1,0.11589261,0.88410739
SPY,1,0.47046066,0.52953934
SPY,1,0.10956288,0.89043712
SPY,1,0.14350073,0.85649927
SPY,1,0.10116273,0.89883727
SPY,1,0.07136698,0.92863302
SPY,1,0.41157971,0.58842029
SPY,1,0.13415396,0.86584604
SPY,1,0.10152478,0.89847522
SPY,1,0.99992829,0.00007171
SPY,1,0.76154844,0.23845156
SPY,1,0.17808799,0.82191201
SPY,1,0.10459290,0.89540710
SPY,1,0.07705415,0.92294585
SPY,1,0.07712887,0.92287113
SPY,1,0.97522233,0.02477767
SPY,1,0.42968795,0.57031205
SPY,1,1.00000000,0.00000000
SPY,1,0.96264668,0.03735332
SPY,1,0.99798423,0.00201577
SPY,1,0.09351194,0.90648806
SPY,1,0.07907669,0.92092331
SPY,1,0.15194572,0.84805428
SPY,1,0.99993987,0.00006013
SPY,1,0.10139893,0.89860107
SPY,1,0.09399876,0.90600124
SPY,1,0.08594642,0.91405358
SPY,1,0.22451045,0.77548955
SPY,1,0.52689864,0.47310136
SPY,1,0.63885720,0.36114280
SPY,1,0.07147094,0.92852906
SPY,1,0.19860289,0.80139711
SPY,1,0.09431988,0.90568012
SPY,1,0.12469822,0.87530178
SPY,1,0.86529030,0.13470970
SPY,1,0.69933220,0.30066780
SPY,1,0.21214197,0.78785803
SPY,1,0.51382304,0.48617696
SPY,1,0.17968964,0.82031036
SPY,1,0.13373925,0.86626075
SPY,1,0.15444255,0.84555745
SPY,1,0.63474370,0.36525630
SPY,1,0.97796842,0.02203158
SPY,1,0.07190496,0.92809504
SPY,1,0.31296902,0.68703098
SPY,1,0.17417341,0.82582659
SPY,1,0.07640381,0.92359619
SPY,1,0.99522657,0.00477343
SPY,1,0.07794160,0.92205840
SPY,1,0.62226995,0.37773005
SPY,1,0.59979166,0.40020834
SPY,1,0.07606050,0.92393950
SPY,1,0.08523186,0.91476814
SPY,1,0.09566158,0.90433842
SPY,1,0.07650566,0.92349434
SPY,1,0.07489567,0.92510433
SPY,1,0.19173632,0.80826368
SPY,1,0.44347742,0.55652258
SPY,1,0.07887188,0.92112812
SPY,1,0.07420177,0.92579823
SPY,1,0.11350663,0.88649337
SPY,1,0.18761987,0.81238013
SPY,1,0.07378084,0.92621916
SPY,1,0.07187299,0.92812701
SPY,1,0.32134009,0.67865991
SPY,1,0.14855636,0.85144364
SPY,1,0.18653091,0.81346909
SPY,1,0.09202769,0.90797231
SPY,1,0.07326980,0.92673020
SPY,1,0.13753568,0.86246432
SPY,1,0.11846858,0.88153142
SPY,1,0.23249429,0.76750571
SPY,1,0.42021981,0.57978019
SPY,1,0.09077049,0.90922951
SPY,1,0.41329229,0.58670771
SPY,1,0.07127690,0.92872310
SPY,1,0.07333784,0.92666216
SPY,1,0.09847085,0.90152915
SPY,1,0.08623775,0.91376225
SPY,1,0.14931236,0.85068764
SPY,1,0.07145085,0.92854915
SPY,1,0.11742241,0.88257759
SPY,1,0.11443450,0.88556550
SPY,1,0.18401571,0.81598429
SPY,1,0.48672818,0.51327182
SPY,1,0.11129329,0.88870671
SPY,1,0.07476946,0.92523054
SPY,1,0.13339785,0.86660215
SPY,1,0.08260521,0.91739479
SPY,1,0.84475152,0.15524848
SPY,1,0.07693667,0.92306333
SPY,1,0.10559411,0.89440589
SPY,1,0.08992423,0.91007577
SPY,1,0.10599186,0.89400814
SPY,1,0.09382823,0.90617177
SPY,1,0.20510937,0.79489063
SPY,1,0.08632612,0.91367388
SPY,1,0.11295465,0.88704535
SPY,1,0.09109183,0.90890817
SPY,1,0.08080574,0.91919426
SPY,1,0.22934830,0.77065170
SPY,1,0.07145117,0.92854883
SPY,1,0.07881182,0.92118818
SPY,1,0.14644420,0.85355580
SPY,1,0.07378974,0.92621026
SPY,1,0.08823870,0.91176130
SPY,1,0.07182410,0.92817590
SPY,1,0.07730032,0.92269968
SPY,1,0.07791899,0.92208101
SPY,1,0.07127652,0.92872348
SPY,1,0.07749551,0.92250449
SPY,1,0.07144717,0.92855283
SPY,1,0.13759175,0.86240825
SPY,1,0.19707548,0.80292452
SPY,1,0.07460531,0.92539469
SPY,1,0.11165025,0.88834975
SPY,1,0.20214209,0.79785791
SPY,1,0.10416500,0.89583500
SPY,1,0.09179704,0.90820296
SPY,1,0.07389253,0.92610747
SPY,1,0.10645821,0.89354179
SPY,1,0.07301946,0.92698054
SPY,1,0.07470168,0.92529832
SPY,1,0.29016045,0.70983955
SPY,1,0.16096383,0.83903617
SPY,1,0.11271966,0.88728034
SPY,1,0.09610870,0.90389130
SPY,1,0.17314151,0.82685849
SPY,1,0.19288641,0.80711359
SPY,1,0.09486425,0.90513575
SPY,1,0.22725482,0.77274518
SPY,1,0.07966556,0.92033444
SPY,1,0.71464806,0.28535194
SPY,1,0.31124459,0.68875541
SPY,1,0.07134489,0.92865511
SPY,1,0.12984243,0.87015757
SPY,1,0.10439947,0.89560053
SPY,1,0.08198007,0.91801993
SPY,1,0.74895238,0.25104762
SPY,1,0.14341636,0.85658364
SPY,1,0.45859412,0.54140588
SPY,1,0.15007336,0.84992664
SPY,1,0.94509247,0.05490753
SPY,1,0.98934175,0.01065825
SPY,1,0.11494724,0.88505276
SPY,1,0.90355694,0.09644306
SPY,1,0.09656902,0.90343098
SPY,1,0.99965465,0.00034535
SPY,1,0.11747223,0.88252777
SPY,1,0.08480788,0.91519212
SPY,1,0.10941139,0.89058861
SPY,1,0.84028529,0.15971471
SPY,1,0.07133376,0.92866624
SPY,1,0.57379218,0.42620782
SPY,1,0.16084926,0.83915074
SPY,1,0.51328560,0.48671440
SPY,1,0.07239829,0.92760171
SPY,1,0.07208471,0.92791529
SPY,1,0.07155909,0.92844091
SPY,1,0.10182835,0.89817165
SPY,1,0.07143767,0.92856233
SPY,1,0.80295197,0.19704803
SPY,1,0.61864849,0.38135151
SPY,1,0.22863789,0.77136211
SPY,1,0.12711675,0.87288325
SPY,1,0.91517896,0.08482104
SPY,1,0.09252067,0.90747933
SPY,1,0.33152023,0.66847977
SPY,1,0.10275706,0.89724294
SPY,1,0.30919418,0.69080582
SPY,1,0.07804614,0.92195386
SPY,1,0.90408525,0.09591475
SPY,1,0.53221353,0.46778647
SPY,1,0.16897085,0.83102915
SPY,1,0.38841663,0.61158337
SPY,1,0.12620792,0.87379208
SPY,1,0.08164432,0.91835568
SPY,1,0.07462521,0.92537479
SPY,1,0.13363347,0.86636653
SPY,1,0.99840887,0.00159113
SPY,1,0.20798534,0.79201466
SPY,1,0.26181727,0.73818273
SPY,1,0.07887909,0.92112091
SPY,1,0.99971518,0.00028482
SPY,1,0.07129157,0.92870843
SPY,1,0.27535460,0.72464540
SPY,1,0.27754767,0.72245233
SPY,1,0.88783613,0.11216387
SPY,1,0.16031572,0.83968428
SPY,1,0.57507452,0.42492548
SPY,1,0.99519934,0.00480066
SPY,1,0.07846949,0.92153051
SPY,1,0.99088565,0.00911435
SPY,1,0.25947003,0.74052997
SPY,1,0.11895706,0.88104294
SPY,1,0.07949873,0.92050127
SPY,1,0.55083230,0.44916770
SPY,1,0.67062134,0.32937866
SPY,1,0.99999836,0.00000164
SPY,1,0.08973321,0.91026679
SPY,1,0.99881373,0.00118627
SPY,1,0.08037174,0.91962826
SPY,1,0.07306832,0.92693168
SPY,1,0.43471488,0.56528512
SPY,1,0.07577307,0.92422693
SPY,1,0.07295078,0.92704922
SPY,1,0.09355482,0.90644518
SPY,1,0.08722848,0.91277152
SPY,1,0.15283295,0.84716705
SPY,1,0.08292550,0.91707450
SPY,1,0.09244605,0.90755395
SPY,1,0.12010970,0.87989030
SPY,1,0.07948766,0.92051234
SPY,1,0.07392955,0.92607045
SPY,1,0.07228211,0.92771789
SPY,1,0.08648017,0.91351983
SPY,1,0.13210037,0.86789963
SPY,1,0.08376412,0.91623588
SPY,1,0.09242536,0.90757464
SPY,1,0.78938825,0.21061175
SPY,1,0.08422110,0.91577890
SPY,1,0.07371165,0.92628835
SPY,1,0.08878828,0.91121172
SPY,1,0.20140862,0.79859138
SPY,1,0.16474291,0.83525709
SPY,1,0.15085276,0.84914724
SPY,1,0.10097921,0.89902079
SPY,1,0.07437518,0.92562482
SPY,1,0.13471437,0.86528563
SPY,1,0.72753266,0.27246734
SPY,1,0.49468669,0.50531331
SPY,1,0.85647266,0.14352734
SPY,1,0.07168482,0.92831518
SPY,1,0.09770460,0.90229540
SPY,1,0.66424718,0.33575282
SPY,1,0.10115779,0.89884221
SPY,1,0.70567081,0.29432919
SPY,1,0.07625927,0.92374073
SPY,1,0.10564767,0.89435233
SPY,1,0.11556952,0.88443048
SPY,1,0.18354571,0.81645429
SPY,1,0.11643393,0.88356607
SPY,1,0.07314649,0.92685351
SPY,1,0.98869891,0.01130109
SPY,1,0.99999965,0.00000035
SPY,1,0.17822387,0.82177613
SPY,1,0.50663605,0.49336395
SPY,1,0.07325505,0.92674495
SPY,1,0.65816672,0.34183328
SPY,1,0.48975659,0.51024341
SPY,1,0.91298269,0.08701731
SPY,1,0.65032649,0.34967351
SPY,1,0.19517415,0.80482585
SPY,1,0.98019104,0.01980896
SPY,1,0.36222969,0.63777031
SPY,1,0.75302304,0.24697696
SPY,1,0.93547067,0.06452933
SPY,1,0.07155830,0.92844170
SPY,1,0.16223064,0.83776936
SPY,1,0.67176442,0.32823558
SPY,1,0.99959276,0.00040724
SPY,1,0.07137101,0.92862899
SPY,1,0.99981369,0.00018631
SPY,1,0.17182857,0.82817143
SPY,1,0.13291209,0.86708791
SPY,1,0.58974715,0.41025285
SPY,1,0.07508828,0.92491172
SPY,1,0.50102302,0.49897698
SPY,1,0.12070873,0.87929127
SPY,1,0.21985099,0.78014901
SPY,1,0.99996812,0.00003188
SPY,1,0.46108821,0.53891179
SPY,1,0.10954036,0.89045964
SPY,1,0.59236376,0.40763624
SPY,1,0.10592118,0.89407882
SPY,1,0.18989597,0.81010403
SPY,1,0.09507868,0.90492132
SPY,1,0.43112902,0.56887098
SPY,1,0.08623778,0.91376222
SPY,1,0.37862587,0.62137413
SPY,1,0.07127655,0.92872345
SPY,1,0.22410529,0.77589471
SPY,1,0.33515392,0.66484608
SPY,1,0.09965993,0.90034007
SPY,1,0.07234615,0.92765385
SPY,1,0.08133568,0.91866432
SPY,1,0.07454079,0.92545921
SPY,1,0.09762017,0.90237983
SPY,1,0.07207267,0.92792733
SPY,1,0.08444771,0.91555229
SPY,1,0.86929873,0.13070127
SPY,1,0.08059599,0.91940401
SPY,1,0.08383814,0.91616186
SPY,1,0.31672232,0.68327768
SPY,1,0.07132625,0.92867375
SPY,1,0.44383677,0.55616323
SPY,1,0.07185839,0.92814161
SPY,1,0.17988736,0.82011264
SPY,1,0.13163406,0.86836594
SPY,1,0.31006299,0.68993701
SPY,1,0.07842751,0.92157249
SPY,1,0.09891205,0.90108795
SPY,1,0.08859552,0.91140448
SPY,1,0.19041649,0.80958351
SPY,1,0.10232421,0.89767579
SPY,1,0.07510350,0.92489650
SPY,1,0.12572030,0.87427970
SPY,1,0.11444342,0.88555658
SPY,1,0.07467658,0.92532342
SPY,1,0.12384208,0.87615792
SPY,1,0.86185174,0.13814826
SPY,1,0.07168366,0.92831634
SPY,1,0.08354678,0.91645322
SPY,1,0.07929535,0.92070465
SPY,1,0.09032839,0.90967161
SPY,1,0.18860800,0.81139200
SPY,1,0.09780592,0.90219408
SPY,1,0.14635024,0.85364976
SPY,1,0.07436868,0.92563132
SPY,1,0.07155266,0.92844734
SPY,1,0.08829771,0.91170229
SPY,1,0.09053068,0.90946932
SPY,1,0.17855939,0.82144061
SPY,1,0.07175668,0.92824332
SPY,1,0.62093593,0.37906407
SPY,1,0.87786683,0.12213317
SPY,1,0.07625521,0.92374479
SPY,1,0.17867555,0.82132445
SPY,1,0.07132685,0.92867315
SPY,1,0.85887994,0.14112006
SPY,1,0.17093155,0.82906845
SPY,1,0.18251181,0.81748819
SPY,1,0.11187019,0.88812981
SPY,1,0.09100490,0.90899510
SPY,1,0.11232122,0.88767878
SPY,1,0.08569736,0.91430264
SPY,1,0.68081159,0.31918841
SPY,1,0.18965023,0.81034977
SPY,1,0.14250981,0.85749019
SPY,1,0.18248481,0.81751519
SPY,1,0.08522473,0.91477527
SPY,1,0.07156862,0.92843138
SPY,1,0.07731213,0.92268787
SPY,1,0.10596825,0.89403175
SPY,1,0.08462612,0.91537388
SPY,1,0.08563823,0.91436177
SPY,1,0.27036213,0.72963787
SPY,1,0.07436437,0.92563563
SPY,1,0.51668043,0.48331957
SPY,1,0.07168925,0.92831075
SPY,1,0.07903492,0.92096508
SPY,1,0.07148154,0.92851846
SPY,1,0.07135487,0.92864513
SPY,1,0.12251385,0.87748615
SPY,1,0.07462320,0.92537680
SPY,1,0.35168506,0.64831494
SPY,1,0.10599666,0.89400334
SPY,1,0.37679443,0.62320557
SPY,1,0.11819693,0.88180307
SPY,1,0.07450095,0.92549905
SPY,1,0.65195719,0.34804281
SPY,1,0.07885258,0.92114742
SPY,1,0.33106034,0.66893966
SPY,1,0.15628169,0.84371831
SPY,1,0.66906301,0.33093699
SPY,1,0.08649203,0.91350797
SPY,1,0.08954475,0.91045525
SPY,1,0.07290662,0.92709338
SPY,1,0.93624387,0.06375613
SPY,1,0.71161987,0.28838013
SPY,1,0.13710190,0.86289810
SPY,1,0.99999999,0.00000001
SPY,1,0.11656641,0.88343359
SPY,1,0.68788201,0.31211799
SPY,1,0.99891105,0.00108895
SPY,1,0.28173690,0.71826310
SPY,1,0.99795895,0.00204105
SPY,1,0.27159041,0.72840959
SPY,1,0.07434667,0.92565333
SPY,1,0.11595739,0.88404261
SPY,1,0.77274907,0.22725093
SPY,1,0.07151520,0.92848480
SPY,1,0.20177238,0.79822762
SPY,1,0.49560245,0.50439755
SPY,1,0.07506630,0.92493370
SPY,1,0.07310766,0.92689234
SPY,1,0.09911903,0.90088097
SPY,1,0.09313956,0.90686044
SPY,1,0.74083198,0.25916802
SPY,1,0.48248319,0.51751681
SPY,1,0.07567070,0.92432930
SPY,1,0.07415120,0.92584880
SPY,1,0.09320004,0.90679996
SPY,1,0.69891470,0.30108530
SPY,1,0.08258680,0.91741320
SPY,1,0.07168597,0.92831403
SPY,1,0.60367345,0.39632655
SPY,1,0.07603914,0.92396086
SPY,1,0.07690622,0.92309378
SPY,1,0.46093268,0.53906732
SPY,1,0.07132444,0.92867556
SPY,1,0.95282470,0.04717530
SPY,1,0.30957445,0.69042555
SPY,1,0.08381761,0.91618239
SPY,1,0.91052965,0.08947035
SPY,1,0.13641563,0.86358437
SPY,1,0.25372571,0.74627429
SPY,1,0.41759576,0.58240424
SPY,1,0.07134256,0.92865744
SPY,1,0.07599632,0.92400368
SPY,1,0.07231379,0.92768621
SPY,1,0.09264463,0.90735537
SPY,1,0.74928513,0.25071487
SPY,1,0.07755599,0.92244401
SPY,1,0.07325155,0.92674845
SPY,1,0.08127333,0.91872667
SPY,1,0.18576294,0.81423706
SPY,1,0.10209388,0.89790612
SPY,1,0.10750115,0.89249885
SPY,1,0.24556377,0.75443623
SPY,1,0.07886566,0.92113434
SPY,1,0.08047569,0.91952431
SPY,1,0.54957951,0.45042049
SPY,1,0.17592701,0.82407299
SPY,1,0.09010511,0.90989489
SPY,1,0.09913997,0.90086003
SPY,1,0.37336152,0.62663848
SPY,1,0.64005875,0.35994125
SPY,1,0.07242794,0.92757206
SPY,1,0.09874446,0.90125554
SPY,1,0.61316353,0.38683647
SPY,1,0.08048887,0.91951113
SPY,1,0.07171437,0.92828563
SPY,1,0.60424148,0.39575852
SPY,1,0.10504337,0.89495663
SPY,1,0.17418115,0.82581885
SPY,1,0.10205229,0.89794771
SPY,1,0.10870635,0.89129365
SPY,1,0.12873084,0.87126916
SPY,1,0.08520119,0.91479881
SPY,1,0.07209426,0.92790574
SPY,1,0.08713961,0.91286039
SPY,1,0.09806121,0.90193879
SPY,1,0.07128623,0.92871377
SPY,1,0.30185671,0.69814329
SPY,1,0.12806269,0.87193731
SPY,1,0.20637569,0.79362431
SPY,1,0.11136207,0.88863793
SPY,1,0.09535869,0.90464131
SPY,1,0.07642454,0.92357546
SPY,1,0.11851973,0.88148027
SPY,1,0.07793956,0.92206044
SPY,1,0.13308575,0.86691425
SPY,1,0.10528078,0.89471922
SPY,1,0.10582863,0.89417137
SPY,1,0.60856989,0.39143011
SPY,1,0.08709966,0.91290034
SPY,1,0.07900314,0.92099686
SPY,1,0.10585103,0.89414897
SPY,1,0.10006710,0.89993290
SPY,1,0.07972708,0.92027292
SPY,1,0.07127789,0.92872211
SPY,1,0.07516093,0.92483907
SPY,1,0.99511203,0.00488797
SPY,1,0.16129285,0.83870715
SPY,1,0.23278650,0.76721350
SPY,1,0.07759215,0.92240785
SPY,1,0.93249573,0.06750427
SPY,1,0.12641300,0.87358700
SPY,1,0.08543175,0.91456825
SPY,1,0.09897011,0.90102989
SPY,1,0.51659287,0.48340713
SPY,1,0.27620584,0.72379416
SPY,1,0.07299321,0.92700679
SPY,1,0.14865682,0.85134318
SPY,1,0.07153868,0.92846132
SPY,1,0.15897340,0.84102660
SPY,1,0.68059526,0.31940474
SPY,1,0.28906820,0.71093180
SPY,1,0.57473243,0.42526757
SPY,1,0.14423368,0.85576632
SPY,1,0.47643753,0.52356247
SPY,1,0.07131194,0.92868806
SPY,1,0.07846107,0.92153893
SPY,1,0.08037491,0.91962509
SPY,1,0.80722783,0.19277217
SPY,1,0.64489141,0.35510859
SPY,1,0.07212881,0.92787119
SPY,1,0.17726287,0.82273713
SPY,1,0.07164861,0.92835139
SPY,1,0.07989481,0.92010519
SPY,1,0.07618514,0.92381486
SPY,1,0.07156234,0.92843766
SPY,1,0.14054400,0.85945600
SPY,1,0.07445402,0.92554598
SPY,1,0.13218540,0.86781460
SPY,1,0.07204609,0.92795391
SPY,1,0.09834139,0.90165861
SPY,1,0.51455363,0.48544637
SPY,1,0.07271381,0.92728619
SPY,1,0.07365979,0.92634021
SPY,1,0.21613363,0.78386637
SPY,1,0.08213781,0.91786219
SPY,1,0.07700912,0.92299088
SPY,1,0.07128640,0.92871360
SPY,1,0.07135360,0.92864640
SPY,1,0.08849859,0.91150141
SPY,1,0.10358127,0.89641873
SPY,1,0.08757381,0.91242619
SPY,1,0.07133131,0.92866869
SPY,1,0.07371569,0.92628431
SPY,1,0.09932730,0.90067270
SPY,1,0.15431740,0.84568260
SPY,1,0.87484442,0.12515558
SPY,1,0.08372928,0.91627072
SPY,1,0.09980269,0.90019731
SPY,1,0.81405206,0.18594794
SPY,1,0.07138600,0.92861400
SPY,1,0.08301460,0.91698540
SPY,1,0.07665922,0.92334078
SPY,1,0.38896739,0.61103261
SPY,1,0.09392192,0.90607808
SPY,1,0.15607453,0.84392547
SPY,1,0.07143913,0.92856087
SPY,1,0.57714140,0.42285860
SPY,1,0.10198312,0.89801688
SPY,1,0.12327935,0.87672065
SPY,1,0.23175981,0.76824019
SPY,1,0.07464896,0.92535104
SPY,1,0.17415813,0.82584187
SPY,1,0.71227216,0.28772784
SPY,1,0.09010484,0.90989516
SPY,1,0.99955360,0.00044640
SPY,1,0.10800326,0.89199674
SPY,1,0.62172952,0.37827048
SPY,1,0.46344470,0.53655530
SPY,1,0.86467628,0.13532372
SPY,1,0.07252040,0.92747960
SPY,1,0.08395452,0.91604548
SPY,1,0.08838749,0.91161251
SPY,1,0.15119258,0.84880742
SPY,1,0.15141863,0.84858137
SPY,1,0.07202728,0.92797272
SPY,1,0.16201012,0.83798988
SPY,1,0.18465538,0.81534462
SPY,1,0.10002517,0.89997483
SPY,1,0.11302580,0.88697420
SPY,1,0.07839599,0.92160401
SPY,1,0.07185768,0.92814232
SPY,1,0.88599993,0.11400007
SPY,1,0.07128907,0.92871093
SPY,1,0.13675699,0.86324301
SPY,1,0.60804294,0.39195706
SPY,1,0.07761672,0.92238328
SPY,1,0.07889580,0.92110420
SPY,1,0.41972505,0.58027495
SPY,1,0.08083431,0.91916569
SPY,1,0.13376306,0.86623694
SPY,1,0.07484366,0.92515634
SPY,1,0.94687570,0.05312430
SPY,1,0.16686950,0.83313050
SPY,1,0.81711189,0.18288811
SPY,1,0.33468618,0.66531382
SPY,1,0.43884071,0.56115929
SPY,1,0.07789626,0.92210374
SPY,1,0.78350811,0.21649189
SPY,1,0.07165784,0.92834216
SPY,1,0.46277449,0.53722551
SPY,1,0.07556777,0.92443223
SPY,1,0.65691390,0.34308610
SPY,1,0.86121264,0.13878736
SPY,1,0.07720488,0.92279512
SPY,1,0.99994453,0.00005547
SPY,1,0.11628229,0.88371771
SPY,1,0.95786882,0.04213118
SPY,1,0.99995247,0.00004753
SPY,1,0.08023097,0.91976903
SPY,1,0.14730758,0.85269242
SPY,1,0.08057921,0.91942079
SPY,1,0.55938197,0.44061803
SPY,1,0.07128726,0.92871274
SPY,1,0.99715368,0.00284632
SPY,1,0.99993752,0.00006248
SPY,1,0.99855888,0.00144112
SPY,1,0.99347788,0.00652212
SPY,1,1.00000000,0.00000000
SPY,1,0.07375855,0.92624145
SPY,1,0.49079506,0.50920494
SPY,1,0.99999995,0.00000005
SPY,1,0.50829496,0.49170504
SPY,1,0.08440673,0.91559327
SPY,1,0.96081626,0.03918374
SPY,1,0.93250098,0.06749902
SPY,1,0.99984058,0.00015942
SPY,1,0.98450755,0.01549245
SPY,1,0.70675918,0.29324082
SPY,1,0.99842244,0.00157756
SPY,1,0.10277026,0.89722974
SPY,1,0.10110210,0.89889790
SPY,1,0.61472270,0.38527730
SPY,1,0.99873422,0.00126578
SPY,1,0.48002134,0.51997866
SPY,1,0.07242985,0.92757015
SPY,1,0.82048705,0.17951295
SPY,1,0.11400912,0.88599088
SPY,1,0.22987354,0.77012646
SPY,1,0.17175018,0.82824982
SPY,1,0.69020390,0.30979610
SPY,1,0.08291211,0.91708789
SPY,1,0.16239449,0.83760551
SPY,1,0.85087634,0.14912366
SPY,1,0.07338081,0.92661919
SPY,1,0.07947112,0.92052888
SPY,1,0.99993205,0.00006795
SPY,1,0.14234454,0.85765546
SPY,1,0.10108398,0.89891602
SPY,1,0.21494834,0.78505166
SPY,1,0.12380115,0.87619885
SPY,1,0.19878564,0.80121436
SPY,1,0.08533988,0.91466012
SPY,1,0.58959193,0.41040807
SPY,1,0.07136326,0.92863674
SPY,1,0.07522883,0.92477117
SPY,1,0.82719597,0.17280403
SPY,1,0.21178118,0.78821882
SPY,1,0.96474938,0.03525062
SPY,1,0.07473880,0.92526120
SPY,1,0.11496405,0.88503595
SPY,1,0.43869719,0.56130281
SPY,1,0.81553834,0.18446166
SPY,1,0.56214777,0.43785223
SPY,1,0.99819640,0.00180360
SPY,1,0.34024386,0.65975614
SPY,1,0.99999902,0.00000098
SPY,1,0.78550734,0.21449266
SPY,1,0.38184360,0.61815640
SPY,1,0.63949156,0.36050844
SPY,1,0.82747328,0.17252672
SPY,1,0.23422393,0.76577607
SPY,1,0.95875808,0.04124192
SPY,1,0.98074572,0.01925428
SPY,1,0.99999941,0.00000059
SPY,1,0.14984642,0.85015358
SPY,1,0.99999976,0.00000024
SPY,1,0.59573194,0.40426806
SPY,1,0.42617249,0.57382751
SPY,1,0.09532277,0.90467723
SPY,1,0.46592349,0.53407651
SPY,1,0.08773332,0.91226668
SPY,1,0.09918691,0.90081309
SPY,1,0.62520724,0.37479276
SPY,1,0.52038257,0.47961743
SPY,1,0.08151722,0.91848278
SPY,1,0.20454700,0.79545300
SPY,1,0.11768184,0.88231816
SPY,1,0.12943547,0.87056453
SPY,1,0.52816699,0.47183301
SPY,1,0.18214396,0.81785604
SPY,1,0.12541549,0.87458451
SPY,1,0.25314331,0.74685669
SPY,1,0.85082300,0.14917700
SPY,1,0.31247132,0.68752868
SPY,1,0.42601853,0.57398147
SPY,1,0.09394216,0.90605784
SPY,1,0.07313932,0.92686068
SPY,1,0.55357119,0.44642881
SPY,1,0.13352221,0.86647779
SPY,1,0.13177839,0.86822161
SPY,1,0.07443592,0.92556408
SPY,1,0.76713616,0.23286384
SPY,1,0.70265673,0.29734327
SPY,1,0.08618816,0.91381184
SPY,1,0.07128562,0.92871438
SPY,1,0.57951369,0.42048631
SPY,1,0.93116292,0.06883708
SPY,1,0.07138373,0.92861627
SPY,1,0.07250184,0.92749816
SPY,1,0.23464897,0.76535103
SPY,1,0.09257999,0.90742001
SPY,1,0.18099506,0.81900494
SPY,1,0.08751241,0.91248759
SPY,1,0.96223418,0.03776582
SPY,1,0.14937749,0.85062251
SPY,1,0.07419587,0.92580413
SPY,1,0.07127506,0.92872494
SPY,1,0.35903081,0.64096919
SPY,1,0.86815930,0.13184070
SPY,1,0.09216409,0.90783591
SPY,1,0.21082532,0.78917468
SPY,1,0.11837198,0.88162802
SPY,1,0.23907852,0.76092148
SPY,1,0.07315984,0.92684016
SPY,1,0.10477617,0.89522383
SPY,1,0.07139162,0.92860838
SPY,1,0.81615667,0.18384333
SPY,1,0.09106529,0.90893471
SPY,1,0.07402101,0.92597899
SPY,1,0.99553784,0.00446216
SPY,1,0.09714112,0.90285888
SPY,1,0.48228281,0.51771719
SPY,1,0.07143666,0.92856334
SPY,1,0.30227928,0.69772072
SPY,1,0.25648524,0.74351476
SPY,1,0.08196380,0.91803620
SPY,1,0.07127531,0.92872469
SPY,1,0.07674208,0.92325792
SPY,1,0.13792526,0.86207474
SPY,1,0.08685718,0.91314282
SPY,1,0.32859826,0.67140174
SPY,1,0.44812854,0.55187146
SPY,1,0.25977859,0.74022141
SPY,1,0.08611133,0.91388867
SPY,1,0.94557199,0.05442801
SPY,1,0.40912754,0.59087246
SPY,1,0.09133988,0.90866012
SPY,1,0.11733824,0.88266176
SPY,1,0.83963250,0.16036750
SPY,1,0.39458946,0.60541054
SPY,1,0.08042493,0.91957507
SPY,1,0.13843987,0.86156013
SPY,1,0.10470140,0.89529860
SPY,1,0.08811373,0.91188627
SPY,1,0.21761706,0.78238294
SPY,1,0.09016548,0.90983452
SPY,1,0.09370209,0.90629791
SPY,1,0.41647244,0.58352756
SPY,1,0.07212530,0.92787470
SPY,1,0.77335933,0.22664067
SPY,1,0.62762115,0.37237885
SPY,1,0.07735693,0.92264307
SPY,1,0.15688995,0.84311005
SPY,1,0.13129181,0.86870819
SPY,1,0.33960453,0.66039547
SPY,1,0.09350960,0.90649040
SPY,1,0.25545407,0.74454593
SPY,1,0.17898364,0.82101636
SPY,1,0.11346310,0.88653690
SPY,1,0.12460207,0.87539793
SPY,1,0.43514874,0.56485126
SPY,1,0.09811951,0.90188049
SPY,1,0.10671645,0.89328355
SPY,1,0.09198204,0.90801796
SPY,1,0.85754810,0.14245190
SPY,1,0.20981215,0.79018785
SPY,1,0.08943319,0.91056681
SPY,1,0.99899981,0.00100019
SPY,1,0.10088373,0.89911627
SPY,1,0.99438786,0.00561214
SPY,1,0.13111160,0.86888840
SPY,1,0.11647293,0.88352707
SPY,1,0.07610153,0.92389847
SPY,1,0.73558126,0.26441874
SPY,1,0.99468168,0.00531832
SPY,1,0.09102515,0.90897485
SPY,1,0.08004191,0.91995809
SPY,1,0.07130751,0.92869249
SPY,1,0.08528690,0.91471310
SPY,1,0.85736464,0.14263536
SPY,1,0.21450074,0.78549926
SPY,1,0.90553002,0.09446998
SPY,1,0.07236975,0.92763025
SPY,1,0.09102254,0.90897746
SPY,1,0.07259017,0.92740983
SPY,1,0.07221621,0.92778379
SPY,1,0.22733168,0.77266832
SPY,1,0.08028214,0.91971786
SPY,1,0.07799449,0.92200551
SPY,1,0.64063474,0.35936526
SPY,1,0.17945740,0.82054260
SPY,1,0.37524594,0.62475406
SPY,1,0.21955335,0.78044665
SPY,1,0.07494523,0.92505477
SPY,1,0.55243212,0.44756788
SPY,1,0.17099686,0.82900314
SPY,1,0.11181496,0.88818504
SPY,1,0.24086542,0.75913458
SPY,1,0.35235992,0.64764008
SPY,1,0.08254730,0.91745270
SPY,1,0.07181702,0.92818298
SPY,1,0.07130801,0.92869199
SPY,1,0.27028636,0.72971364
SPY,1,0.07134925,0.92865075
SPY,1,0.13002984,0.86997016
SPY,1,0.08266978,0.91733022
SPY,1,0.15953920,0.84046080
SPY,1,0.21247683,0.78752317
SPY,1,0.25189517,0.74810483
SPY,1,0.07138217,0.92861783
SPY,1,0.07410670,0.92589330
SPY,1,0.09323509,0.90676491
SPY,1,0.07304322,0.92695678
SPY,1,0.87542564,0.12457436
SPY,1,0.08342900,0.91657100
SPY,1,0.07303546,0.92696454
SPY,1,0.14636932,0.85363068
SPY,1,0.07649951,0.92350049
SPY,1,0.46522301,0.53477699
SPY,1,0.08385755,0.91614245
SPY,1,0.07409421,0.92590579
SPY,1,0.34368631,0.65631369
SPY,1,0.09141376,0.90858624
SPY,1,0.08285799,0.91714201
SPY,1,0.29953458,0.70046542
SPY,1,0.09670789,0.90329211
SPY,1,0.07746010,0.92253990
SPY,1,0.15801328,0.84198672
SPY,1,0.12681579,0.87318421
SPY,1,0.18222814,0.81777186
SPY,1,0.08124246,0.91875754
SPY,1,0.14729675,0.85270325
SPY,1,0.62099379,0.37900621
SPY,1,0.07406628,0.92593372
SPY,1,0.07168436,0.92831564
SPY,1,0.33577466,0.66422534
SPY,1,0.07961950,0.92038050
SPY,1,0.15569652,0.84430348
SPY,1,0.07128213,0.92871787
SPY,1,0.14403982,0.85596018
SPY,1,0.18750508,0.81249492
SPY,1,0.14792683,0.85207317
SPY,1,0.07259081,0.92740919
SPY,1,0.12905918,0.87094082
SPY,1,0.24422170,0.75577830
SPY,1,0.14862696,0.85137304
SPY,1,0.61196720,0.38803280
SPY,1,0.09900834,0.90099166
SPY,1,0.08646593,0.91353407
SPY,1,0.24086846,0.75913154
SPY,1,0.11286409,0.88713591
SPY,1,0.09177758,0.90822242
SPY,1,0.07270770,0.92729230
SPY,1,0.09349256,0.90650744
SPY,1,0.30881345,0.69118655
SPY,1,0.12118509,0.87881491
SPY,1,0.17375414,0.82624586
SPY,1,0.10843257,0.89156743
SPY,1,0.07278845,0.92721155
SPY,1,0.10683178,0.89316822
SPY,1,0.40671018,0.59328982
SPY,1,0.07293282,0.92706718
SPY,1,0.08559632,0.91440368
SPY,1,0.07586198,0.92413802
SPY,1,0.07349725,0.92650275
SPY,1,0.12133398,0.87866602
SPY,1,0.07177434,0.92822566
SPY,1,0.74120738,0.25879262
SPY,1,0.07767126,0.92232874
SPY,1,0.16829833,0.83170167
SPY,1,0.08009128,0.91990872
SPY,1,0.08040835,0.91959165
SPY,1,0.13497985,0.86502015
SPY,1,0.08072920,0.91927080
SPY,1,0.07703300,0.92296700
SPY,1,0.07441432,0.92558568
SPY,1,0.12396902,0.87603098
SPY,1,0.08378872,0.91621128
SPY,1,0.07857429,0.92142571
SPY,1,0.07526735,0.92473265
SPY,1,0.13726473,0.86273527
SPY,1,0.07140900,0.92859100
SPY,1,0.07333454,0.92666546
SPY,1,0.07140429,0.92859571
SPY,1,0.09413038,0.90586962
SPY,1,0.10567333,0.89432667
SPY,1,0.26661717,0.73338283
SPY,1,0.10038248,0.89961752
SPY,1,0.07188601,0.92811399
SPY,1,0.08923870,0.91076130
SPY,1,0.10803801,0.89196199
SPY,1,0.08999314,0.91000686
SPY,1,0.16289427,0.83710573
SPY,1,0.07302544,0.92697456
SPY,1,0.07379040,0.92620960
SPY,1,0.07722305,0.92277695
SPY,1,0.26859503,0.73140497
SPY,1,0.07133521,0.92866479
SPY,1,0.17905584,0.82094416
SPY,1,0.07921957,0.92078043
SPY,1,0.17648883,0.82351117
SPY,1,0.07488310,0.92511690
SPY,1,0.46226632,0.53773368
SPY,1,0.14854849,0.85145151
SPY,1,0.08103964,0.91896036
SPY,1,0.13324742,0.86675258
SPY,1,0.12200269,0.87799731
SPY,1,0.64237758,0.35762242
SPY,1,0.09432123,0.90567877
SPY,1,0.13116574,0.86883426
SPY,1,0.08878265,0.91121735
SPY,1,0.08174852,0.91825148
SPY,1,0.07354918,0.92645082
SPY,1,0.07437086,0.92562914
SPY,1,0.07635392,0.92364608
SPY,1,0.07775315,0.92224685
SPY,1,0.07905469,0.92094531
SPY,1,0.07381803,0.92618197
SPY,1,0.07878908,0.92121092
SPY,1,0.15520517,0.84479483
SPY,1,0.09449008,0.90550992
SPY,1,0.07169433,0.92830567
SPY,1,0.21991193,0.78008807
SPY,1,0.07690201,0.92309799
SPY,1,0.07343330,0.92656670
SPY,1,0.07155021,0.92844979
SPY,1,0.24633443,0.75366557
SPY,1,0.07552206,0.92447794
SPY,1,0.07392470,0.92607530
SPY,1,0.07154542,0.92845458
SPY,1,0.09602649,0.90397351
SPY,1,0.07160277,0.92839723
SPY,1,0.07176401,0.92823599
SPY,1,0.08185014,0.91814986
SPY,1,0.09679488,0.90320512
SPY,1,0.08750656,0.91249344
SPY,1,0.07159690,0.92840310
SPY,1,0.16901984,0.83098016
SPY,1,0.07246912,0.92753088
SPY,1,0.11887779,0.88112221
SPY,1,0.09224652,0.90775348
SPY,1,0.17051684,0.82948316
SPY,1,0.10631011,0.89368989
SPY,1,0.11355469,0.88644531
SPY,1,0.07803825,0.92196175
SPY,1,0.23477289,0.76522711
SPY,1,0.08661214,0.91338786
SPY,1,0.08005174,0.91994826
SPY,1,0.07264539,0.92735461
SPY,1,0.15065634,0.84934366
SPY,1,0.07163917,0.92836083
SPY,1,0.07355964,0.92644036
SPY,1,0.07877192,0.92122808
SPY,1,0.09989504,0.90010496
SPY,1,0.09406129,0.90593871
SPY,1,0.10117930,0.89882070
SPY,1,0.07174144,0.92825856
SPY,1,0.17716068,0.82283932
SPY,1,0.07586425,0.92413575
SPY,1,0.08438765,0.91561235
SPY,1,0.08334337,0.91665663
SPY,1,0.07878555,0.92121445
SPY,1,0.17923684,0.82076316
SPY,1,0.07213298,0.92786702
SPY,1,0.09582872,0.90417128
SPY,1,0.07226159,0.92773841
SPY,1,0.07172949,0.92827051
SPY,1,0.07147490,0.92852510
SPY,1,0.23602630,0.76397370
SPY,1,0.07267651,0.92732349
SPY,1,0.07171635,0.92828365
SPY,1,0.07133892,0.92866108
SPY,1,0.16053605,0.83946395
SPY,1,0.07376008,0.92623992
SPY,1,0.07784023,0.92215977
SPY,1,0.08177280,0.91822720
SPY,1,0.11705063,0.88294937
SPY,1,0.09498387,0.90501613
SPY,1,0.08520025,0.91479975
SPY,1,0.11203882,0.88796118
SPY,1,0.07659393,0.92340607
SPY,1,0.08097729,0.91902271
SPY,1,0.07129022,0.92870978
SPY,1,0.10548354,0.89451646
SPY,1,0.07181038,0.92818962
SPY,1,0.07907622,0.92092378
SPY,1,0.19583660,0.80416340
SPY,1,0.12598771,0.87401229
SPY,1,0.22409666,0.77590334
SPY,1,0.07127519,0.92872481
SPY,1,0.07128597,0.92871403
SPY,1,0.07871869,0.92128131
SPY,1,0.07149419,0.92850581
SPY,1,0.11812016,0.88187984
SPY,1,0.07360098,0.92639902
SPY,1,0.17824811,0.82175189
SPY,1,0.07322977,0.92677023
SPY,1,0.07567746,0.92432254
SPY,1,0.16291941,0.83708059
SPY,1,0.07450351,0.92549649
SPY,1,0.08487114,0.91512886
SPY,1,0.11931831,0.88068169
SPY,1,0.07725412,0.92274588
SPY,1,0.08145947,0.91854053
SPY,1,0.07743710,0.92256290
SPY,1,0.07591019,0.92408981
SPY,1,0.07346097,0.92653903
SPY,1,0.08175109,0.91824891
SPY,1,0.07157609,0.92842391
SPY,1,0.07220623,0.92779377
SPY,1,0.12761765,0.87238235
SPY,1,0.08282937,0.91717063
SPY,1,0.07159057,0.92840943
SPY,1,0.07670618,0.92329382
SPY,1,0.07869931,0.92130069
SPY,1,0.18981244,0.81018756
SPY,1,0.08776719,0.91223281
SPY,1,0.45078290,0.54921710
SPY,1,0.30641722,0.69358278
SPY,1,0.18173227,0.81826773
SPY,1,0.16351308,0.83648692
SPY,1,0.07978169,0.92021831
SPY,1,0.18396950,0.81603050
SPY,1,0.07243631,0.92756369
SPY,1,0.26985230,0.73014770
SPY,1,0.29140081,0.70859919
SPY,1,0.07668357,0.92331643
SPY,1,0.07137986,0.92862014
SPY,1,0.25790059,0.74209941
SPY,1,0.07220868,0.92779132
SPY,1,0.26127422,0.73872578
SPY,1,0.08485959,0.91514041
SPY,1,0.07349819,0.92650181
SPY,1,0.08979690,0.91020310
SPY,1,0.11436358,0.88563642
SPY,1,0.09426593,0.90573407
SPY,1,0.07519561,0.92480439
SPY,1,0.07471496,0.92528504
SPY,1,0.07462894,0.92537106
SPY,1,0.07865193,0.92134807
SPY,1,0.25122929,0.74877071
SPY,1,0.07132232,0.92867768
SPY,1,0.07984092,0.92015908
SPY,1,0.10852113,0.89147887
SPY,1,0.07142723,0.92857277
SPY,1,0.42478251,0.57521749
SPY,1,0.08436218,0.91563782
SPY,1,0.26616721,0.73383279
SPY,1,0.07623852,0.92376148
SPY,1,0.07159989,0.92840011
SPY,1,0.07131604,0.92868396
SPY,1,0.20599927,0.79400073
SPY,1,0.14782249,0.85217751
SPY,1,0.12339625,0.87660375
SPY,1,0.14064888,0.85935112
SPY,1,0.07148696,0.92851304
SPY,1,0.09308762,0.90691238
SPY,1,0.11223466,0.88776534
SPY,1,0.47014683,0.52985317
SPY,1,0.19736183,0.80263817
SPY,1,0.10435057,0.89564943
SPY,1,0.10735155,0.89264845
SPY,1,0.07881331,0.92118669
SPY,1,0.07127556,0.92872444
SPY,1,0.11976162,0.88023838
SPY,1,0.08047429,0.91952571
SPY,1,0.07584337,0.92415663
SPY,1,0.07580708,0.92419292
SPY,1,0.07402025,0.92597975
SPY,1,0.08062795,0.91937205
SPY,1,0.29393018,0.70606982
SPY,1,0.08572424,0.91427576
SPY,1,0.09230436,0.90769564
SPY,1,0.07141957,0.92858043
SPY,1,0.07221519,0.92778481
SPY,1,0.07821993,0.92178007
SPY,1,0.12687083,0.87312917
SPY,1,0.10194650,0.89805350
SPY,1,0.36524134,0.63475866
SPY,1,0.07629344,0.92370656
SPY,1,0.13009540,0.86990460
SPY,1,0.07737098,0.92262902
SPY,1,0.12561206,0.87438794
SPY,1,0.09252406,0.90747594
SPY,1,0.07146183,0.92853817
SPY,1,0.07247530,0.92752470
SPY,1,0.07283161,0.92716839
SPY,1,0.07826579,0.92173421
SPY,1,0.08220265,0.91779735
SPY,1,0.13140228,0.86859772
SPY,1,0.07339846,0.92660154
SPY,1,0.09195990,0.90804010
SPY,1,0.07638166,0.92361834
SPY,1,0.07797035,0.92202965
SPY,1,0.09058948,0.90941052
SPY,1,0.23951545,0.76048455
SPY,1,0.07353629,0.92646371
SPY,1,0.13039732,0.86960268
SPY,1,0.07406969,0.92593031
SPY,1,0.09937459,0.90062541
SPY,1,0.07337041,0.92662959
SPY,1,0.07157070,0.92842930
SPY,1,0.07157992,0.92842008
SPY,1,0.07599456,0.92400544
SPY,1,0.10318759,0.89681241
SPY,1,0.07227917,0.92772083
SPY,1,0.08075399,0.91924601
SPY,1,0.20602071,0.79397929
SPY,1,0.45926056,0.54073944
SPY,1,0.07131987,0.92868013
SPY,1,0.11003204,0.88996796
SPY,1,0.07610060,0.92389940
SPY,1,0.13143635,0.86856365
SPY,1,0.08029600,0.91970400
SPY,1,0.08306211,0.91693789
SPY,1,0.07524841,0.92475159
SPY,1,0.07460415,0.92539585
SPY,1,0.10214365,0.89785635
SPY,1,0.07222800,0.92777200
SPY,1,0.39158096,0.60841904
SPY,1,0.38282831,0.61717169
SPY,1,0.07129384,0.92870616
SPY,1,0.17830364,0.82169636
SPY,1,0.07152478,0.92847522
SPY,1,0.17123899,0.82876101
SPY,1,0.07171848,0.92828152
SPY,1,0.15536964,0.84463036
SPY,1,0.09896289,0.90103711
SPY,1,0.16235880,0.83764120
SPY,1,0.07295960,0.92704040
SPY,1,0.09503329,0.90496671
SPY,1,0.07199709,0.92800291
SPY,1,0.07167840,0.92832160
SPY,1,0.09538503,0.90461497
SPY,1,0.07206059,0.92793941
SPY,1,0.07681582,0.92318418
SPY,1,0.11197839,0.88802161
SPY,1,0.08258786,0.91741214
SPY,1,0.07408895,0.92591105
SPY,1,0.17702852,0.82297148
SPY,1,0.07564962,0.92435038
SPY,1,0.09349727,0.90650273
SPY,1,0.07290662,0.92709338
SPY,1,0.07198200,0.92801800
SPY,1,0.08573569,0.91426431
SPY,1,0.08095719,0.91904281
SPY,1,0.07335171,0.92664829
SPY,1,0.10489424,0.89510576
SPY,1,0.07380127,0.92619873
SPY,1,0.08298036,0.91701964
SPY,1,0.08917110,0.91082890
SPY,1,0.07984647,0.92015353
SPY,1,0.21378858,0.78621142
SPY,1,0.09653563,0.90346437
SPY,1,0.08022746,0.91977254
SPY,1,0.09157422,0.90842578
SPY,1,0.08041274,0.91958726
SPY,1,0.08904712,0.91095288
SPY,1,0.07128897,0.92871103
SPY,1,0.40747045,0.59252955
SPY,1,0.07697863,0.92302137
SPY,1,0.07183318,0.92816682
SPY,1,0.09501597,0.90498403
SPY,1,0.13185403,0.86814597
SPY,1,0.13833076,0.86166924
SPY,1,0.07657539,0.92342461
SPY,1,0.07774667,0.92225333
SPY,1,0.13107693,0.86892307
SPY,1,0.12793878,0.87206122
SPY,1,0.08366696,0.91633304
SPY,1,0.08290488,0.91709512
SPY,1,0.11524193,0.88475807
SPY,1,0.07590320,0.92409680
SPY,1,0.09471719,0.90528281
SPY,1,0.15643013,0.84356987
SPY,1,0.07332304,0.92667696
SPY,1,0.29320757,0.70679243
SPY,1,0.24602866,0.75397134
SPY,1,0.08255586,0.91744414
SPY,1,0.07127497,0.92872503
SPY,1,0.07515643,0.92484357
SPY,1,0.07149770,0.92850230
SPY,1,0.21547601,0.78452399
SPY,1,0.30426081,0.69573919
SPY,1,0.10832462,0.89167538
SPY,1,0.07158776,0.92841224
SPY,1,0.07366495,0.92633505
SPY,1,0.07143494,0.92856506
SPY,1,0.10862620,0.89137380
SPY,1,0.12211954,0.87788046
SPY,1,0.07721023,0.92278977
SPY,1,0.10405481,0.89594519
SPY,1,0.08827025,0.91172975
SPY,1,0.07346628,0.92653372
SPY,1,0.16666102,0.83333898
SPY,1,0.07804347,0.92195653
SPY,1,0.07429861,0.92570139
SPY,1,0.07456440,0.92543560
SPY,1,0.07201029,0.92798971
SPY,1,0.08073016,0.91926984
SPY,1,0.07127762,0.92872238
SPY,1,0.17482666,0.82517334
SPY,1,0.07356217,0.92643783
SPY,1,0.07144936,0.92855064
SPY,1,0.07136233,0.92863767
SPY,1,0.13319812,0.86680188
SPY,1,0.08149348,0.91850652
SPY,1,0.08369753,0.91630247
SPY,1,0.07252421,0.92747579
SPY,1,0.12119980,0.87880020
SPY,1,0.08214319,0.91785681
SPY,1,0.07193981,0.92806019
SPY,1,0.07140389,0.92859611
SPY,1,0.09900068,0.90099932
SPY,1,0.07139713,0.92860287
SPY,1,0.10902429,0.89097571
SPY,1,0.07697513,0.92302487
SPY,1,0.07180808,0.92819192
SPY,1,0.07336640,0.92663360
SPY,1,0.08693151,0.91306849
SPY,1,0.07357177,0.92642823
SPY,1,0.07285624,0.92714376
SPY,1,0.07422512,0.92577488
SPY,1,0.08522480,0.91477520
SPY,1,0.24986547,0.75013453
SPY,1,0.10703194,0.89296806
SPY,1,0.08205960,0.91794040
SPY,1,0.07167692,0.92832308
SPY,1,0.08289326,0.91710674
SPY,1,0.09575859,0.90424141
SPY,1,0.07469635,0.92530365
SPY,1,0.10883010,0.89116990
SPY,1,0.08190372,0.91809628
SPY,1,0.16418102,0.83581898
SPY,1,0.13300809,0.86699191
SPY,1,0.10415701,0.89584299
SPY,1,0.09963048,0.90036952
SPY,1,0.07501369,0.92498631
SPY,1,0.07490972,0.92509028
SPY,1,0.07716473,0.92283527
SPY,1,0.07345964,0.92654036
SPY,1,0.07129325,0.92870675
SPY,1,0.09406534,0.90593466
SPY,1,0.10149729,0.89850271
SPY,1,0.07882427,0.92117573
SPY,1,0.07400704,0.92599296
SPY,1,0.15099335,0.84900665
SPY,1,0.07128907,0.92871093
SPY,1,0.07181814,0.92818186
SPY,1,0.10548259,0.89451741
SPY,1,0.07538146,0.92461854
SPY,1,0.12617101,0.87382899
SPY,1,0.07129498,0.92870502
SPY,1,0.07849512,0.92150488
SPY,1,0.07170211,0.92829789
SPY,1,0.11143230,0.88856770
SPY,1,0.07142655,0.92857345
SPY,1,0.30621224,0.69378776
SPY,1,0.08863541,0.91136459
SPY,1,0.10537507,0.89462493
SPY,1,0.15610692,0.84389308
SPY,1,0.08893093,0.91106907
SPY,1,0.08120779,0.91879221
SPY,1,0.07127624,0.92872376
SPY,1,0.07134195,0.92865805
SPY,1,0.20551486,0.79448514
SPY,1,0.07307887,0.92692113
SPY,1,0.07874496,0.92125504
SPY,1,0.18100127,0.81899873
SPY,1,0.07179815,0.92820185
SPY,1,0.09936163,0.90063837
SPY,1,0.08829758,0.91170242
SPY,1,0.10794657,0.89205343
SPY,1,0.13397770,0.86602230
SPY,1,0.07187975,0.92812025
SPY,1,0.07532827,0.92467173
SPY,1,0.08028909,0.91971091
SPY,1,0.15719242,0.84280758
SPY,1,0.07131223,0.92868777
SPY,1,0.07214717,0.92785283
SPY,1,0.07258967,0.92741033
SPY,1,0.09678609,0.90321391
SPY,1,0.24352650,0.75647350
SPY,1,0.07138958,0.92861042
SPY,1,0.08640632,0.91359368
SPY,1,0.07259555,0.92740445
SPY,1,0.08433489,0.91566511
SPY,1,0.08071820,0.91928180
SPY,1,0.09077482,0.90922518
SPY,1,0.14165124,0.85834876
SPY,1,0.07135284,0.92864716
SPY,1,0.08750760,0.91249240
SPY,1,0.17520504,0.82479496
SPY,1,0.28385974,0.71614026
SPY,1,0.33903971,0.66096029
SPY,1,0.07247657,0.92752343
SPY,1,0.11596781,0.88403219
SPY,1,0.23141064,0.76858936
SPY,1,0.47398854,0.52601146
SPY,1,0.07277076,0.92722924
SPY,1,0.09356629,0.90643371
SPY,1,0.12742340,0.87257660
SPY,1,0.07554964,0.92445036
SPY,1,0.19815254,0.80184746
SPY,1,0.19531376,0.80468624
SPY,1,0.10224263,0.89775737
SPY,1,0.07416107,0.92583893
SPY,1,0.11117687,0.88882313
SPY,1,0.07140751,0.92859249
SPY,1,0.07677116,0.92322884
SPY,1,0.09143864,0.90856136
SPY,1,0.13910075,0.86089925
SPY,1,0.08168288,0.91831712
SPY,1,0.15372543,0.84627457
SPY,1,0.07680238,0.92319762
SPY,1,0.12655262,0.87344738
SPY,1,0.10967154,0.89032846
SPY,1,0.17159386,0.82840614
SPY,1,0.08555496,0.91444504
SPY,1,0.07171437,0.92828563
SPY,1,0.08678501,0.91321499
SPY,1,0.07259435,0.92740565
SPY,1,0.07170635,0.92829365
SPY,1,0.08408570,0.91591430
SPY,1,0.07491786,0.92508214
SPY,1,0.09404623,0.90595377
SPY,1,0.11324272,0.88675728
SPY,1,0.07568027,0.92431973
SPY,1,0.08457109,0.91542891
SPY,1,0.07228690,0.92771310
SPY,1,0.07144727,0.92855273
SPY,1,0.07260963,0.92739037
SPY,1,0.08200493,0.91799507
SPY,1,0.07319305,0.92680695
SPY,1,0.07688372,0.92311628
SPY,1,0.07447791,0.92552209
SPY,1,0.07367173,0.92632827
SPY,1,0.07562001,0.92437999
SPY,1,0.07962924,0.92037076
SPY,1,0.07155097,0.92844903
SPY,1,0.07201427,0.92798573
SPY,1,0.07142599,0.92857401
SPY,1,0.27665945,0.72334055
SPY,1,0.12590995,0.87409005
SPY,1,0.07147401,0.92852599
SPY,1,0.11955362,0.88044638
SPY,1,0.07338463,0.92661537
SPY,1,0.08879743,0.91120257
SPY,1,0.07423753,0.92576247
SPY,1,0.11256224,0.88743776
SPY,1,0.10392833,0.89607167
SPY,1,0.07623223,0.92376777
SPY,1,0.18642003,0.81357997
SPY,1,0.09532331,0.90467669
SPY,1,0.07672958,0.92327042
SPY,1,0.07275616,0.92724384
SPY,1,0.08038227,0.91961773
SPY,1,0.07128514,0.92871486
SPY,1,0.08035465,0.91964535
SPY,1,0.08558799,0.91441201
SPY,1,0.08011489,0.91988511
SPY,1,0.08856756,0.91143244
SPY,1,0.09259884,0.90740116
SPY,1,0.07361868,0.92638132
SPY,1,0.07170283,0.92829717
SPY,1,0.07942268,0.92057732
SPY,1,0.09766865,0.90233135
SPY,1,0.09249305,0.90750695
SPY,1,0.07295456,0.92704544
SPY,1,0.09455105,0.90544895
SPY,1,0.07704726,0.92295274
SPY,1,0.10984190,0.89015810
SPY,1,0.10901130,0.89098870
SPY,1,0.07494076,0.92505924
SPY,1,0.08978579,0.91021421
SPY,1,0.07135829,0.92864171
SPY,1,0.08016193,0.91983807
SPY,1,0.09147639,0.90852361
SPY,1,0.08847253,0.91152747
SPY,1,0.21586005,0.78413995
SPY,1,0.07206548,0.92793452
SPY,1,0.07128468,0.92871532
SPY,1,0.07421390,0.92578610
SPY,1,0.07131034,0.92868966
SPY,1,0.07330588,0.92669412
SPY,1,0.12822110,0.87177890
SPY,1,0.07413324,0.92586676
SPY,1,0.09374348,0.90625652
SPY,1,0.10096284,0.89903716
SPY,1,0.08220275,0.91779725
SPY,1,0.19195042,0.80804958
SPY,1,0.07149265,0.92850735
SPY,1,0.07313543,0.92686457
SPY,1,0.17669046,0.82330954
SPY,1,0.07602253,0.92397747
SPY,1,0.07654324,0.92345676
SPY,1,0.11939828,0.88060172
SPY,1,0.07192444,0.92807556
SPY,1,0.09027109,0.90972891
SPY,1,0.08127255,0.91872745
SPY,1,0.07168654,0.92831346
SPY,1,0.10172385,0.89827615
SPY,1,0.07473078,0.92526922
SPY,1,0.12446856,0.87553144
SPY,1,0.15065678,0.84934322
SPY,1,0.07465113,0.92534887
SPY,1,0.07204653,0.92795347
SPY,1,0.07208370,0.92791630
SPY,1,0.07128248,0.92871752
SPY,1,0.07175621,0.92824379
SPY,1,0.11543463,0.88456537
SPY,1,0.07999952,0.92000048
SPY,1,0.07695047,0.92304953
SPY,1,0.18433357,0.81566643
SPY,1,0.28407894,0.71592106
SPY,1,0.08577172,0.91422828
SPY,1,0.07568943,0.92431057
SPY,1,0.11536140,0.88463860
SPY,1,0.07365889,0.92634111
SPY,1,0.11286888,0.88713112
SPY,1,0.07239729,0.92760271
SPY,1,0.15322003,0.84677997
SPY,1,0.08559786,0.91440214
SPY,1,0.15742732,0.84257268
SPY,1,0.32546700,0.67453300
SPY,1,0.36295586,0.63704414
SPY,1,0.07327781,0.92672219
SPY,1,0.35388562,0.64611438
SPY,1,0.07132603,0.92867397
SPY,1,0.07550852,0.92449148
SPY,1,0.17374620,0.82625380
SPY,1,0.22780732,0.77219268
SPY,1,0.08163937,0.91836063
SPY,1,0.07714100,0.92285900
SPY,1,0.15966715,0.84033285
SPY,1,0.08808445,0.91191555
SPY,1,0.07164426,0.92835574
SPY,1,0.07164195,0.92835805
SPY,1,0.07128103,0.92871897
SPY,1,0.07217163,0.92782837
SPY,1,0.11114635,0.88885365
SPY,1,0.08127758,0.91872242
SPY,1,0.07129418,0.92870582
SPY,1,0.07877731,0.92122269
SPY,1,0.07266569,0.92733431
SPY,1,0.13491900,0.86508100
SPY,1,0.08510176,0.91489824
SPY,1,0.08840974,0.91159026
SPY,1,0.08446602,0.91553398
SPY,1,0.09437718,0.90562282
SPY,1,0.07233320,0.92766680
SPY,1,0.10160144,0.89839856
SPY,1,0.07315971,0.92684029
SPY,1,0.08894126,0.91105874
SPY,1,0.13613095,0.86386905
SPY,1,0.07427847,0.92572153
SPY,1,0.07261533,0.92738467
SPY,1,0.07217215,0.92782785
SPY,1,0.09008199,0.90991801
SPY,1,0.07213052,0.92786948
SPY,1,0.07472629,0.92527371
SPY,1,0.07207708,0.92792292
SPY,1,0.10024862,0.89975138
SPY,1,0.08347681,0.91652319
SPY,1,0.07451498,0.92548502
SPY,1,0.07811324,0.92188676
SPY,1,0.08882102,0.91117898
SPY,1,0.07135315,0.92864685
SPY,1,0.07278338,0.92721662
SPY,1,0.08802683,0.91197317
SPY,1,0.07193878,0.92806122
SPY,1,0.14760635,0.85239365
SPY,1,0.07191341,0.92808659
SPY,1,0.08112221,0.91887779
SPY,1,0.09196587,0.90803413
SPY,1,0.41683810,0.58316190
SPY,1,0.09795491,0.90204509
SPY,1,0.07196347,0.92803653
SPY,1,0.11736138,0.88263862
SPY,1,0.07783797,0.92216203
SPY,1,0.07214783,0.92785217
SPY,1,0.07711226,0.92288774
SPY,1,0.07834191,0.92165809
SPY,1,0.07225396,0.92774604
SPY,1,0.07554910,0.92445090
SPY,1,0.08143712,0.91856288
SPY,1,0.07749524,0.92250476
SPY,1,0.49469257,0.50530743
SPY,1,0.07252517,0.92747483
SPY,1,0.07233270,0.92766730
SPY,1,0.07177855,0.92822145
SPY,1,0.08949499,0.91050501
SPY,1,0.14100564,0.85899436
SPY,1,0.07130379,0.92869621
SPY,1,0.10596749,0.89403251
SPY,1,0.09366592,0.90633408
SPY,1,0.16374541,0.83625459
SPY,1,0.09458556,0.90541444
SPY,1,0.07352435,0.92647565
SPY,1,0.12077030,0.87922970
SPY,1,0.11355316,0.88644684
SPY,1,0.07150617,0.92849383
SPY,1,0.07268059,0.92731941
SPY,1,0.07265066,0.92734934
SPY,1,0.15123406,0.84876594
SPY,1,0.08353653,0.91646347
SPY,1,0.11079722,0.88920278
SPY,1,0.07316527,0.92683473
SPY,1,0.07542587,0.92457413
SPY,1,0.09076009,0.90923991
SPY,1,0.07161385,0.92838615
SPY,1,0.07431286,0.92568714
SPY,1,0.07150707,0.92849293
SPY,1,0.13513653,0.86486347
SPY,1,0.11025559,0.88974441
SPY,1,0.07169364,0.92830636
SPY,1,0.08343816,0.91656184
SPY,1,0.08609523,0.91390477
SPY,1,0.07353251,0.92646749
SPY,1,0.07325301,0.92674699
SPY,1,0.09665545,0.90334455
SPY,1,0.12244789,0.87755211
SPY,1,0.07579512,0.92420488
SPY,1,0.15736781,0.84263219
SPY,1,0.08938257,0.91061743
SPY,1,0.07474229,0.92525771
SPY,1,0.07186728,0.92813272
SPY,1,0.07248394,0.92751606
SPY,1,0.09653496,0.90346504
SPY,1,0.08793601,0.91206399
SPY,1,0.07230994,0.92769006
SPY,1,0.07142724,0.92857276
SPY,1,0.07226714,0.92773286
SPY,1,0.09521014,0.90478986
SPY,1,0.08923568,0.91076432
SPY,1,0.07188958,0.92811042
SPY,1,0.07127565,0.92872435
SPY,1,0.07156468,0.92843532
SPY,1,0.09487203,0.90512797
SPY,1,0.08074680,0.91925320
SPY,1,0.07152452,0.92847548
SPY,1,0.15096579,0.84903421
SPY,1,0.07136685,0.92863315
SPY,1,0.11720870,0.88279130
SPY,1,0.07172477,0.92827523
SPY,1,0.07192528,0.92807472
SPY,1,0.07142341,0.92857659
SPY,1,0.34752681,0.65247319
SPY,1,0.07849281,0.92150719
SPY,1,0.07259346,0.92740654
SPY,1,0.07132297,0.92867703
SPY,1,0.07301101,0.92698899
SPY,1,0.08170785,0.91829215
SPY,1,0.07130116,0.92869884
SPY,1,0.08451956,0.91548044
SPY,1,0.07953833,0.92046167
SPY,1,0.11028096,0.88971904
SPY,1,0.09748050,0.90251950
SPY,1,0.07582713,0.92417287
SPY,1,0.07670479,0.92329521
SPY,1,0.12976582,0.87023418
SPY,1,0.07130553,0.92869447
SPY,1,0.07303950,0.92696050
SPY,1,0.07132574,0.92867426
SPY,1,0.19858440,0.80141560
SPY,1,0.28553540,0.71446460
SPY,1,0.07144174,0.92855826
SPY,1,0.07209044,0.92790956
SPY,1,0.59522181,0.40477819
SPY,1,0.10314618,0.89685382
SPY,1,0.09642036,0.90357964
SPY,1,0.10031393,0.89968607
SPY,1,0.11910467,0.88089533
SPY,1,0.10261449,0.89738551
SPY,1,0.23085433,0.76914567
SPY,1,0.09602348,0.90397652
SPY,1,0.45144313,0.54855687
SPY,1,0.12916757,0.87083243
SPY,1,0.15995880,0.84004120
SPY,1,0.07659365,0.92340635
SPY,1,0.28422740,0.71577260
SPY,1,0.08033415,0.91966585
SPY,1,0.11008836,0.88991164
SPY,1,0.07279672,0.92720328
SPY,1,0.07709608,0.92290392
SPY,1,0.17229737,0.82770263
SPY,1,0.22074776,0.77925224
SPY,1,0.09612825,0.90387175
SPY,1,0.76635009,0.23364991
SPY,1,0.08545349,0.91454651
SPY,1,0.12216509,0.87783491
SPY,1,0.07466291,0.92533709
SPY,1,0.10974480,0.89025520
SPY,1,0.07832000,0.92168000
SPY,1,0.07136032,0.92863968
SPY,1,0.08092429,0.91907571
SPY,1,0.11553530,0.88446470
SPY,1,0.09093268,0.90906732
SPY,1,0.69403535,0.30596465
SPY,1,0.07314603,0.92685397
SPY,1,0.08223148,0.91776852
SPY,1,0.08695596,0.91304404
SPY,1,0.07402686,0.92597314
SPY,1,0.09421002,0.90578998
SPY,1,0.07199832,0.92800168
SPY,1,0.08318895,0.91681105
SPY,1,0.14922311,0.85077689
SPY,1,0.46615580,0.53384420
SPY,1,0.09002801,0.90997199
SPY,1,0.07314755,0.92685245
SPY,1,0.08505211,0.91494789
SPY,1,0.27909362,0.72090638
SPY,1,0.08771690,0.91228310
SPY,1,0.11057758,0.88942242
SPY,1,0.44671298,0.55328702
SPY,1,0.08905370,0.91094630
SPY,1,0.07285521,0.92714479
SPY,1,0.07160838,0.92839162
SPY,1,0.14176700,0.85823300
SPY,1,0.07127831,0.92872169
SPY,1,0.08576998,0.91423002
SPY,1,0.09403776,0.90596224
SPY,1,0.07750754,0.92249246
SPY,1,0.07233839,0.92766161
SPY,1,0.07369828,0.92630172
SPY,1,0.08227715,0.91772285
SPY,1,0.07937562,0.92062438
SPY,1,0.07515390,0.92484610
SPY,1,0.07458234,0.92541766
SPY,1,0.07139306,0.92860694
SPY,1,0.19173206,0.80826794
SPY,1,0.14997918,0.85002082
SPY,1,0.07557482,0.92442518
SPY,1,0.08714776,0.91285224
SPY,1,0.07890769,0.92109231
SPY,1,0.07143187,0.92856813
SPY,1,0.07540436,0.92459564
SPY,1,0.07197055,0.92802945
SPY,1,0.07195508,0.92804492
SPY,1,0.08484437,0.91515563
SPY,1,0.07274767,0.92725233
SPY,1,0.07155986,0.92844014
SPY,1,0.07127879,0.92872121
SPY,1,0.09196393,0.90803607
SPY,1,0.07475016,0.92524984
SPY,1,0.12134536,0.87865464
SPY,1,0.08930786,0.91069214
SPY,1,0.07417549,0.92582451
SPY,1,0.07217366,0.92782634
SPY,1,0.14192405,0.85807595
SPY,1,0.08601182,0.91398818
SPY,1,0.07141457,0.92858543
SPY,1,0.07422613,0.92577387
SPY,1,0.07265693,0.92734307
SPY,1,0.07420853,0.92579147
SPY,1,0.08558300,0.91441700
SPY,1,0.08132417,0.91867583
SPY,1,0.07820835,0.92179165
SPY,1,0.10473892,0.89526108
SPY,1,0.12853599,0.87146401
SPY,1,0.07362067,0.92637933
SPY,1,0.07130557,0.92869443
SPY,1,0.07166514,0.92833486
SPY,1,0.07935409,0.92064591
SPY,1,0.07277700,0.92722300
SPY,1,0.18847180,0.81152820
SPY,1,0.07681067,0.92318933
SPY,1,0.07184806,0.92815194
SPY,1,0.07138247,0.92861753
SPY,1,0.07229814,0.92770186
SPY,1,0.07183755,0.92816245
SPY,1,0.11924103,0.88075897
SPY,1,0.07797788,0.92202212
SPY,1,0.07301601,0.92698399
SPY,1,0.07603849,0.92396151
SPY,1,0.07176964,0.92823036
SPY,1,0.07289538,0.92710462
SPY,1,0.07135677,0.92864323
SPY,1,0.08321260,0.91678740
SPY,1,0.07786027,0.92213973
SPY,1,0.07887517,0.92112483
SPY,1,0.07783589,0.92216411
SPY,1,0.09204994,0.90795006
SPY,1,0.07232755,0.92767245
SPY,1,0.07130131,0.92869869
SPY,1,0.09933878,0.90066122
SPY,1,0.07220076,0.92779924
SPY,1,0.07302129,0.92697871
SPY,1,0.16645732,0.83354268
SPY,1,0.08584721,0.91415279
SPY,1,0.07482919,0.92517081
SPY,1,0.08564332,0.91435668
SPY,1,0.07128590,0.92871410
SPY,1,0.07461263,0.92538737
SPY,1,0.10958953,0.89041047
SPY,1,0.07867281,0.92132719
SPY,1,0.07572481,0.92427519
SPY,1,0.07144269,0.92855731
SPY,1,0.07146332,0.92853668
SPY,1,0.07186106,0.92813894
SPY,1,0.07360379,0.92639621
SPY,1,0.07932714,0.92067286
SPY,1,0.27696708,0.72303292
SPY,1,0.07547895,0.92452105
SPY,1,0.16240855,0.83759145
SPY,1,0.07256575,0.92743425
SPY,1,0.07374661,0.92625339
SPY,1,0.10517500,0.89482500
SPY,1,0.08634829,0.91365171
SPY,1,0.07134709,0.92865291
SPY,1,0.08244420,0.91755580
SPY,1,0.07224268,0.92775732
SPY,1,0.07643835,0.92356165
SPY,1,0.07138420,0.92861580
SPY,1,0.07176945,0.92823055
SPY,1,0.12505430,0.87494570
SPY,1,0.07186028,0.92813972
SPY,1,0.07526746,0.92473254
SPY,1,0.07261869,0.92738131
SPY,1,0.07134022,0.92865978
SPY,1,0.07886042,0.92113958
SPY,1,0.09725983,0.90274017
SPY,1,0.08673058,0.91326942
SPY,1,0.10340373,0.89659627
SPY,1,0.07228551,0.92771449
SPY,1,0.08198754,0.91801246
SPY,1,0.07389443,0.92610557
SPY,1,0.07323092,0.92676908
SPY,1,0.10993259,0.89006741
SPY,1,0.07889165,0.92110835
SPY,1,0.07133647,0.92866353
SPY,1,0.07691594,0.92308406
SPY,1,0.08388547,0.91611453
SPY,1,0.11331000,0.88669000
SPY,1,0.07193696,0.92806304
SPY,1,0.07129681,0.92870319
SPY,1,0.07722126,0.92277874
SPY,1,0.07260927,0.92739073
SPY,1,0.07568726,0.92431274
SPY,1,0.07489531,0.92510469
SPY,1,0.11720919,0.88279081
SPY,1,0.16421139,0.83578861
SPY,1,0.07338975,0.92661025
SPY,1,0.07165367,0.92834633
SPY,1,0.08614538,0.91385462
SPY,1,0.10423431,0.89576569
SPY,1,0.09851408,0.90148592
SPY,1,0.07346971,0.92653029
SPY,1,0.07137040,0.92862960
SPY,1,0.07132381,0.92867619
SPY,1,0.07392599,0.92607401
SPY,1,0.07187047,0.92812953
SPY,1,0.10809404,0.89190596
SPY,1,0.08118704,0.91881296
SPY,1,0.11300687,0.88699313
SPY,1,0.10639259,0.89360741
SPY,1,0.07343712,0.92656288
SPY,1,0.07133407,0.92866593
SPY,1,0.07354497,0.92645503
SPY,1,0.07129139,0.92870861
SPY,1,0.07160843,0.92839157
SPY,1,0.08006358,0.91993642
SPY,1,0.07219564,0.92780436
SPY,1,0.99995408,0.00004592
SPY,1,0.09107040,0.90892960
SPY,1,0.07310645,0.92689355
SPY,1,0.24404216,0.75595784
SPY,1,0.16622261,0.83377739
SPY,1,0.36033358,0.63966642
SPY,1,0.07166273,0.92833727
SPY,1,0.11672449,0.88327551
SPY,1,0.07204140,0.92795860
SPY,1,0.07249129,0.92750871
SPY,1,0.60203844,0.39796156
SPY,1,0.08714345,0.91285655
SPY,1,0.07378789,0.92621211
SPY,1,0.07504749,0.92495251
SPY,1,0.18324530,0.81675470
SPY,1,0.09940259,0.90059741
SPY,1,0.42250014,0.57749986
SPY,1,0.07182581,0.92817419
SPY,1,0.07227529,0.92772471
SPY,1,0.07198517,0.92801483
SPY,1,0.07466350,0.92533650
SPY,1,0.10750765,0.89249235
SPY,1,0.07130863,0.92869137
SPY,1,0.07133082,0.92866918
SPY,1,0.07196640,0.92803360
SPY,1,0.16189357,0.83810643
SPY,1,0.07405347,0.92594653
SPY,1,0.07556316,0.92443684
SPY,1,0.07276528,0.92723472
SPY,1,0.07220015,0.92779985
SPY,1,0.07988815,0.92011185
SPY,1,0.08000514,0.91999486
SPY,1,0.08569606,0.91430394
SPY,1,0.14334592,0.85665408
SPY,1,0.07871881,0.92128119
SPY,1,0.07247980,0.92752020
SPY,1,0.07128475,0.92871525
SPY,1,0.13277661,0.86722339
SPY,1,0.07529403,0.92470597
SPY,1,0.07127501,0.92872499
SPY,1,0.12972934,0.87027066
SPY,1,0.07370093,0.92629907
SPY,1,0.07151404,0.92848596
SPY,1,0.11817471,0.88182529
SPY,1,0.07269607,0.92730393
SPY,1,0.09339921,0.90660079
SPY,1,0.09280756,0.90719244
SPY,1,0.08192840,0.91807160
SPY,1,0.07147198,0.92852802
SPY,1,0.07216593,0.92783407
SPY,1,0.07479449,0.92520551
SPY,1,0.14843055,0.85156945
SPY,1,0.10525211,0.89474789
SPY,1,0.07209796,0.92790204
SPY,1,0.07127528,0.92872472
SPY,1,0.09990509,0.90009491
SPY,1,0.07206956,0.92793044
SPY,1,0.11891372,0.88108628
SPY,1,0.07137164,0.92862836
SPY,1,0.07164770,0.92835230
SPY,1,0.07127600,0.92872400
SPY,1,0.12803695,0.87196305
SPY,1,0.07666390,0.92333610
SPY,1,0.08043458,0.91956542
SPY,1,0.11949257,0.88050743
SPY,1,0.07128692,0.92871308
SPY,1,0.08442846,0.91557154
SPY,1,0.07151184,0.92848816
SPY,1,0.07985569,0.92014431
SPY,1,0.17191300,0.82808700
SPY,1,0.59736801,0.40263199
SPY,1,0.16416309,0.83583691
SPY,1,0.07658790,0.92341210
SPY,1,0.16067858,0.83932142
SPY,1,0.24969223,0.75030777
SPY,1,0.11268387,0.88731613
SPY,1,0.09559248,0.90440752
SPY,1,0.07143403,0.92856597
SPY,1,0.07421372,0.92578628
SPY,1,0.25250068,0.74749932
SPY,1,0.08009454,0.91990546
SPY,1,0.12438631,0.87561369
SPY,1,0.09116848,0.90883152
SPY,1,0.16257318,0.83742682
SPY,1,0.22471512,0.77528488
SPY,1,0.07233259,0.92766741
SPY,1,0.07132747,0.92867253
SPY,1,0.12735844,0.87264156
SPY,1,0.08315290,0.91684710
SPY,1,0.07149781,0.92850219
SPY,1,0.08625304,0.91374696
SPY,1,0.07153583,0.92846417
SPY,1,0.25056630,0.74943370
SPY,1,0.08916016,0.91083984
SPY,1,0.39197998,0.60802002
SPY,1,0.08366128,0.91633872
SPY,1,0.07129536,0.92870464
SPY,1,0.07142192,0.92857808
SPY,1,0.07311411,0.92688589
SPY,1,0.07865115,0.92134885
SPY,1,0.13954706,0.86045294
SPY,1,0.07325822,0.92674178
SPY,1,0.43777603,0.56222397
SPY,1,0.07128302,0.92871698
SPY,1,0.86627656,0.13372344
SPY,1,0.80435445,0.19564555
SPY,1,0.23747473,0.76252527
SPY,1,0.13720968,0.86279032
SPY,1,0.07839347,0.92160653
SPY,1,0.11924887,0.88075113
SPY,1,0.91939913,0.08060087
SPY,1,0.25381517,0.74618483
SPY,1,0.20599675,0.79400325
SPY,1,0.31137574,0.68862426
SPY,1,0.97922552,0.02077448
SPY,1,0.11262399,0.88737601
SPY,1,0.07635031,0.92364969
SPY,1,0.31131441,0.68868559
SPY,1,0.34061045,0.65938955
SPY,1,0.09217251,0.90782749
SPY,1,0.56984301,0.43015699
SPY,1,0.07248328,0.92751672
SPY,1,0.07328068,0.92671932
SPY,1,0.19304251,0.80695749
SPY,1,0.07136252,0.92863748
SPY,1,0.19788190,0.80211810
SPY,1,0.11266417,0.88733583
SPY,1,0.84404352,0.15595648
SPY,1,0.42666593,0.57333407
SPY,1,0.07142107,0.92857893
SPY,1,0.13526623,0.86473377
SPY,1,0.16889984,0.83110016
SPY,1,0.10772627,0.89227373
SPY,1,0.07222066,0.92777934
SPY,1,0.25374513,0.74625487
SPY,1,0.07776172,0.92223828
SPY,1,0.17543867,0.82456133
SPY,1,0.07938418,0.92061582
SPY,1,0.10443740,0.89556260
SPY,1,0.07153317,0.92846683
SPY,1,0.08800757,0.91199243
SPY,1,0.97793493,0.02206507
SPY,1,0.12796095,0.87203905
SPY,1,0.09597041,0.90402959
SPY,1,0.07321059,0.92678941
SPY,1,0.07253409,0.92746591
SPY,1,0.07379649,0.92620351
SPY,1,0.08577588,0.91422412
SPY,1,0.09646053,0.90353947
SPY,1,0.07513575,0.92486425
SPY,1,0.16220785,0.83779215
SPY,1,0.07128371,0.92871629
SPY,1,0.07375229,0.92624771
SPY,1,0.07221299,0.92778701
SPY,1,0.19201740,0.80798260
SPY,1,0.08026953,0.91973047
SPY,1,0.12351731,0.87648269
SPY,1,0.07148387,0.92851613
SPY,1,0.08542049,0.91457951
SPY,1,0.08537347,0.91462653
SPY,1,0.11111709,0.88888291
SPY,1,0.12521098,0.87478902
SPY,1,0.07378145,0.92621855
SPY,1,0.07716799,0.92283201
SPY,1,0.95812621,0.04187379
SPY,1,0.07572828,0.92427172
SPY,1,0.12235505,0.87764495
SPY,1,0.07175623,0.92824377
SPY,1,0.07377013,0.92622987
SPY,1,0.19005056,0.80994944
SPY,1,0.08309035,0.91690965
SPY,1,0.09759705,0.90240295
SPY,1,0.13627391,0.86372609
SPY,1,0.80772996,0.19227004
SPY,1,0.07242217,0.92757783
SPY,1,0.10686224,0.89313776
SPY,1,0.20901092,0.79098908
SPY,1,0.94600764,0.05399236
SPY,1,0.11438512,0.88561488
SPY,1,0.28097897,0.71902103
SPY,1,0.17828179,0.82171821
SPY,1,0.98236645,0.01763355
SPY,1,0.07141996,0.92858004
SPY,1,0.30252213,0.69747787
SPY,1,0.07128233,0.92871767
SPY,1,0.25710161,0.74289839
SPY,1,0.08290644,0.91709356
SPY,1,0.64178325,0.35821675
SPY,1,0.30443958,0.69556042
SPY,1,0.67190923,0.32809077
SPY,1,0.12639941,0.87360059
SPY,1,0.99718418,0.00281582
SPY,1,0.07917419,0.92082581
SPY,1,0.14512501,0.85487499
SPY,1,0.08883681,0.91116319
SPY,1,0.13873905,0.86126095
SPY,1,0.34339668,0.65660332
SPY,1,0.36747937,0.63252063
SPY,1,0.07224946,0.92775054
SPY,1,0.10905860,0.89094140
SPY,1,0.95895786,0.04104214
SPY,1,0.09913427,0.90086573
SPY,1,0.07179554,0.92820446
SPY,1,0.22456371,0.77543629
SPY,1,0.35236512,0.64763488
SPY,1,0.08002190,0.91997810
SPY,1,0.07147033,0.92852967
SPY,1,0.09482034,0.90517966
SPY,1,0.31157347,0.68842653
SPY,1,0.12635667,0.87364333
SPY,1,0.07596038,0.92403962
SPY,1,0.20520702,0.79479298
SPY,1,0.07961423,0.92038577
SPY,1,0.10907389,0.89092611
SPY,1,0.13700779,0.86299221
SPY,1,0.07237691,0.92762309
SPY,1,0.90880568,0.09119432
SPY,1,0.07823399,0.92176601
SPY,1,0.38770834,0.61229166
SPY,1,0.12174018,0.87825982
SPY,1,0.10882033,0.89117967
SPY,1,0.10543559,0.89456441
SPY,1,0.10284668,0.89715332
SPY,1,0.73683595,0.26316405
SPY,1,0.16824500,0.83175500
SPY,1,0.96302498,0.03697502
SPY,1,0.23246091,0.76753909
SPY,1,0.17417245,0.82582755
SPY,1,0.81131989,0.18868011
SPY,1,0.16627485,0.83372515
SPY,1,0.24867912,0.75132088
SPY,1,0.30096078,0.69903922
SPY,1,0.09892479,0.90107521
SPY,1,0.09985560,0.90014440
SPY,1,0.44454828,0.55545172
SPY,1,0.49189040,0.50810960
SPY,1,0.16437071,0.83562929
SPY,1,0.97898065,0.02101935
SPY,1,0.16754151,0.83245849
SPY,1,0.09019858,0.90980142
SPY,1,0.09030162,0.90969838
SPY,1,0.08198872,0.91801128
SPY,1,0.14025957,0.85974043
SPY,1,0.17044353,0.82955647
SPY,1,0.10927790,0.89072210
SPY,1,0.07202128,0.92797872
SPY,1,0.07541970,0.92458030
SPY,1,0.07699995,0.92300005
SPY,1,0.11300349,0.88699651
SPY,1,0.08685327,0.91314673
SPY,1,0.23239342,0.76760658
SPY,1,0.12445470,0.87554530
SPY,1,0.07129394,0.92870606
SPY,1,0.14286447,0.85713553
SPY,1,0.86081161,0.13918839
SPY,1,0.08467239,0.91532761
SPY,1,0.08050046,0.91949954
SPY,1,0.09149198,0.90850802
SPY,1,0.65740482,0.34259518
SPY,1,0.21296439,0.78703561
SPY,1,0.28229644,0.71770356
SPY,1,0.99842340,0.00157660
SPY,1,0.08884382,0.91115618
SPY,1,0.07241881,0.92758119
SPY,1,0.34509408,0.65490592
SPY,1,0.18983685,0.81016315
SPY,1,0.99994275,0.00005725
SPY,1,0.71120405,0.28879595
SPY,1,0.36179877,0.63820123
SPY,1,0.79338352,0.20661648
SPY,1,0.07426475,0.92573525
SPY,1,0.19696615,0.80303385
SPY,1,0.08255270,0.91744730
SPY,1,0.13251636,0.86748364
SPY,1,0.07248128,0.92751872
SPY,1,0.99933642,0.00066358
SPY,1,0.08270120,0.91729880
SPY,1,0.07417463,0.92582537
SPY,1,0.07158709,0.92841291
SPY,1,0.07130826,0.92869174
SPY,1,0.07147377,0.92852623
SPY,1,0.11082717,0.88917283
SPY,1,0.07178145,0.92821855
SPY,1,0.59732620,0.40267380
SPY,1,0.09061066,0.90938934
SPY,1,0.07656515,0.92343485
SPY,1,0.94340722,0.05659278
SPY,1,0.07877775,0.92122225
SPY,1,0.16737581,0.83262419
SPY,1,0.07338458,0.92661542
SPY,1,0.08401541,0.91598459
SPY,1,0.07335191,0.92664809
SPY,1,0.08097037,0.91902963
SPY,1,0.12862098,0.87137902
SPY,1,0.07286441,0.92713559
SPY,1,0.07943981,0.92056019
SPY,1,0.09533820,0.90466180
SPY,1,0.62347086,0.37652914
SPY,1,0.08727189,0.91272811
SPY,1,0.08532053,0.91467947
SPY,1,0.11695032,0.88304968
SPY,1,0.40385623,0.59614377
SPY,1,0.08470825,0.91529175
SPY,1,0.07382395,0.92617605
SPY,1,0.16503276,0.83496724
SPY,1,0.07236484,0.92763516
SPY,1,0.07425705,0.92574295
SPY,1,0.20691448,0.79308552
SPY,1,0.07431785,0.92568215
SPY,1,0.07539285,0.92460715
SPY,1,0.11435252,0.88564748
SPY,1,0.48972228,0.51027772
SPY,1,0.07283824,0.92716176
SPY,1,0.25150970,0.74849030
SPY,1,0.09756804,0.90243196
SPY,1,0.08539869,0.91460131
SPY,1,0.08847763,0.91152237
SPY,1,0.07435284,0.92564716
SPY,1,0.14099428,0.85900572
SPY,1,0.09494034,0.90505966
SPY,1,0.07180423,0.92819577
SPY,1,0.59145842,0.40854158
SPY,1,0.99054824,0.00945176
SPY,1,0.07139784,0.92860216
SPY,1,0.08422743,0.91577257
SPY,1,0.35104684,0.64895316
SPY,1,0.07351022,0.92648978
SPY,1,0.22141728,0.77858272
SPY,1,0.07330189,0.92669811
SPY,1,0.08420439,0.91579561
SPY,1,0.15067780,0.84932220
SPY,1,0.07131138,0.92868862
SPY,1,0.38348209,0.61651791
SPY,1,0.07545815,0.92454185
SPY,1,0.07358140,0.92641860
SPY,1,0.08255930,0.91744070
SPY,1,0.96001730,0.03998270
SPY,1,0.10480070,0.89519930
SPY,1,0.07418921,0.92581079
SPY,1,0.07706277,0.92293723
SPY,1,0.46695586,0.53304414
SPY,1,0.07166107,0.92833893
SPY,1,0.14557475,0.85442525
SPY,1,0.38484282,0.61515718
SPY,1,0.44132896,0.55867104
SPY,1,0.07427072,0.92572928
SPY,1,0.18194605,0.81805395
SPY,1,0.14770297,0.85229703
SPY,1,0.33242485,0.66757515
SPY,1,0.81391302,0.18608698
SPY,1,0.21183552,0.78816448
SPY,1,0.11096422,0.88903578
SPY,1,0.07156366,0.92843634
SPY,1,0.16144548,0.83855452
SPY,1,0.10199525,0.89800475
SPY,1,0.66488379,0.33511621
SPY,1,0.07472089,0.92527911
SPY,1,0.30078457,0.69921543
SPY,1,0.60511154,0.39488846
SPY,1,0.64011893,0.35988107
SPY,1,0.17522325,0.82477675
SPY,1,0.09907261,0.90092739
SPY,1,0.13789893,0.86210107
SPY,1,0.92398962,0.07601038
SPY,1,0.10484334,0.89515666
SPY,1,0.29857046,0.70142954
SPY,1,0.45123037,0.54876963
SPY,1,0.19058091,0.80941909
SPY,1,0.13297118,0.86702882
SPY,1,0.10264587,0.89735413
SPY,1,0.10314139,0.89685861
SPY,1,0.09024749,0.90975251
SPY,1,0.24535186,0.75464814
SPY,1,0.19836942,0.80163058
SPY,1,0.07662031,0.92337969
SPY,1,0.07421664,0.92578336
SPY,1,0.23756067,0.76243933
SPY,1,0.52176404,0.47823596
SPY,1,0.07289288,0.92710712
SPY,1,0.12128937,0.87871063
SPY,1,0.24083435,0.75916565
SPY,1,0.14098550,0.85901450
SPY,1,0.09837580,0.90162420
SPY,1,0.07239268,0.92760732
SPY,1,0.99210369,0.00789631
SPY,1,0.07130029,0.92869971
SPY,1,0.69744746,0.30255254
SPY,1,0.97222109,0.02777891
SPY,1,0.07155858,0.92844142
SPY,1,0.30132664,0.69867336
SPY,1,0.09400087,0.90599913
SPY,1,0.99999986,0.00000014
SPY,1,0.17182405,0.82817595
SPY,1,0.99999723,0.00000277
SPY,1,0.88454757,0.11545243
SPY,1,0.99998866,0.00001134
SPY,1,0.54068548,0.45931452
SPY,1,0.92847111,0.07152889
SPY,1,0.07150948,0.92849052
SPY,1,0.35784628,0.64215372
SPY,1,0.07384222,0.92615778
SPY,1,1.00000000,0.00000000
SPY,1,0.99496563,0.00503437
SPY,1,0.08582595,0.91417405
SPY,1,0.99970836,0.00029164
SPY,1,0.47148110,0.52851890
SPY,1,1.00000000,0.00000000
SPY,1,0.99999999,0.00000001
SPY,1,0.99166878,0.00833122
SPY,1,1.00000000,0.00000000
SPY,1,0.99683553,0.00316447
SPY,1,1.00000000,0.00000000
SPY,1,0.07127501,0.92872499
SPY,1,1.00000000,0.00000000
SPY,1,0.98589148,0.01410852
SPY,1,0.07246318,0.92753682
SPY,1,1.00000000,0.00000000
SPY,1,0.87302392,0.12697608
SPY,1,1.00000000,0.00000000
SPY,1,0.08779967,0.91220033
SPY,1,0.99999998,0.00000002
SPY,1,0.99998672,0.00001328
SPY,1,1.00000000,0.00000000
SPY,1,0.08465262,0.91534738
SPY,1,0.99779125,0.00220875
SPY,1,0.13042666,0.86957334
SPY,1,0.07789087,0.92210913
SPY,1,0.99832505,0.00167495
SPY,1,0.99993002,0.00006998
SPY,1,1.00000000,0.00000000
SPY,1,0.94498929,0.05501071
SPY,1,0.13720607,0.86279393
SPY,1,0.99728741,0.00271259
SPY,1,0.99999988,0.00000012
SPY,1,1.00000000,0.00000000
SPY,1,0.99999786,0.00000214
SPY,1,0.56757922,0.43242078
SPY,1,0.44015268,0.55984732
SPY,1,1.00000000,0.00000000
SPY,1,1.00000000,0.00000000
SPY,1,0.99999699,0.00000301
SPY,1,1.00000000,0.00000000
SPY,1,0.29817386,0.70182614
SPY,1,0.99990258,0.00009742
SPY,1,0.40656992,0.59343008
SPY,1,1.00000000,0.00000000
SPY,1,0.96818234,0.03181766
SPY,1,0.97242313,0.02757687
SPY,1,0.69767396,0.30232604
SPY,1,0.97107606,0.02892394
SPY,1,0.99981473,0.00018527
SPY,1,0.21962369,0.78037631
SPY,1,0.08523998,0.91476002
SPY,1,0.86150525,0.13849475
SPY,1,0.12983154,0.87016846
SPY,1,0.21549467,0.78450533
SPY,1,0.99999770,0.00000230
SPY,1,0.07388836,0.92611164
SPY,1,0.94174358,0.05825642
SPY,1,0.10265628,0.89734372
SPY,1,0.23850641,0.76149359
SPY,1,0.18701265,0.81298735
SPY,1,0.08336275,0.91663725
SPY,1,0.09570455,0.90429545
SPY,1,0.07393616,0.92606384
SPY,1,0.83711211,0.16288789
SPY,1,0.41109409,0.58890591
SPY,1,0.99406853,0.00593147
SPY,1,0.07356282,0.92643718
SPY,1,0.09690146,0.90309854
SPY,1,0.98748238,0.01251762
SPY,1,0.07155290,0.92844710
SPY,1,0.72542338,0.27457662
SPY,1,0.95441237,0.04558763
SPY,1,0.07163761,0.92836239
SPY,1,0.99537358,0.00462642
SPY,1,0.07664680,0.92335320
SPY,1,0.11057959,0.88942041
SPY,1,1.00000000,0.00000000
SPY,1,0.99959818,0.00040182
SPY,1,0.16450715,0.83549285
SPY,1,0.07495903,0.92504097
SPY,1,0.10466594,0.89533406
SPY,1,0.16254675,0.83745325
SPY,1,0.99881793,0.00118207
SPY,1,0.98561998,0.01438002
SPY,1,0.88452961,0.11547039
SPY,1,0.08725500,0.91274500
SPY,1,0.24828792,0.75171208
SPY,1,0.07744062,0.92255938
SPY,1,0.27426703,0.72573297
SPY,1,0.98770174,0.01229826
SPY,1,0.08239764,0.91760236
SPY,1,0.99999956,0.00000044
SPY,1,0.07154934,0.92845066
SPY,1,0.07224916,0.92775084
SPY,1,0.15977985,0.84022015
SPY,1,0.99999833,0.00000167
SPY,1,0.10353790,0.89646210
SPY,1,0.16778110,0.83221890
SPY,1,0.16490073,0.83509927
SPY,1,0.99979789,0.00020211
SPY,1,0.99778662,0.00221338
SPY,1,0.07923614,0.92076386
SPY,1,0.44490380,0.55509620
SPY,1,0.89286401,0.10713599
SPY,1,0.99999989,0.00000011
SPY,1,0.21122218,0.78877782
SPY,1,0.80970048,0.19029952
SPY,1,0.99992407,0.00007593
SPY,1,0.07559968,0.92440032
SPY,1,0.18203336,0.81796664
SPY,1,1.00000000,0.00000000
SPY,1,0.21984362,0.78015638
SPY,1,0.99993282,0.00006718
SPY,1,0.19334400,0.80665600
SPY,1,0.07377112,0.92622888
SPY,1,0.98809532,0.01190468
SPY,1,0.92621104,0.07378896
SPY,1,0.14487417,0.85512583
SPY,1,0.82592688,0.17407312
SPY,1,1.00000000,0.00000000
SPY,1,0.20082821,0.79917179
SPY,1,0.11664672,0.88335328
SPY,1,0.73372693,0.26627307
SPY,1,0.36511615,0.63488385
SPY,1,0.99975307,0.00024693
SPY,1,0.08775431,0.91224569
SPY,1,0.65541192,0.34458808
SPY,1,0.99304242,0.00695758
SPY,1,0.22735195,0.77264805
SPY,1,0.09922506,0.90077494
SPY,1,0.89512276,0.10487724
SPY,1,0.11430608,0.88569392
SPY,1,0.99995983,0.00004017
SPY,1,0.08266014,0.91733986
SPY,1,0.45191622,0.54808378
SPY,1,0.12224664,0.87775336
SPY,1,0.34946115,0.65053885
SPY,1,0.11637079,0.88362921
SPY,1,0.99998851,0.00001149
SPY,1,0.29327567,0.70672433
SPY,1,0.08009887,0.91990113
SPY,1,0.12829417,0.87170583
SPY,1,0.36955053,0.63044947
SPY,1,0.11095177,0.88904823
SPY,1,0.08100592,0.91899408
SPY,1,0.69111667,0.30888333
SPY,1,0.07504078,0.92495922
SPY,1,0.08804169,0.91195831
SPY,1,0.99857894,0.00142106
SPY,1,0.07131024,0.92868976
SPY,1,0.41508784,0.58491216
SPY,1,0.19547313,0.80452687
SPY,1,0.74653970,0.25346030
SPY,1,0.38659946,0.61340054
SPY,1,0.08570054,0.91429946
SPY,1,0.93586896,0.06413104
SPY,1,0.09040527,0.90959473
SPY,1,0.10407727,0.89592273
SPY,1,0.96150312,0.03849688
SPY,1,0.07312211,0.92687789
SPY,1,0.09993719,0.90006281
SPY,1,0.32134434,0.67865566
SPY,1,0.07884109,0.92115891
SPY,1,0.91481979,0.08518021
SPY,1,0.32294935,0.67705065
SPY,1,0.18856727,0.81143273
SPY,1,0.57357914,0.42642086
SPY,1,0.93657431,0.06342569
SPY,1,0.07782063,0.92217937
SPY,1,0.21253678,0.78746322
SPY,1,0.11211158,0.88788842
SPY,1,0.07207903,0.92792097
SPY,1,0.08059321,0.91940679
SPY,1,0.08329035,0.91670965
SPY,1,0.07334591,0.92665409
SPY,1,0.08083625,0.91916375
SPY,1,0.07689158,0.92310842
SPY,1,0.82612090,0.17387910
SPY,1,0.37748221,0.62251779
SPY,1,0.07455570,0.92544430
SPY,1,0.10330277,0.89669723
SPY,1,0.08244007,0.91755993
SPY,1,0.98940342,0.01059658
SPY,1,0.07477349,0.92522651
SPY,1,0.12174133,0.87825867
SPY,1,0.80263203,0.19736797
SPY,1,0.07130614,0.92869386
SPY,1,0.12731027,0.87268973
SPY,1,0.10242012,0.89757988
SPY,1,0.07691036,0.92308964
SPY,1,0.96319685,0.03680315
SPY,1,0.07663131,0.92336869
SPY,1,0.61060574,0.38939426
SPY,1,0.07556738,0.92443262
SPY,1,0.07308841,0.92691159
SPY,1,0.07377392,0.92622608
SPY,1,0.86785306,0.13214694
SPY,1,0.11641814,0.88358186
SPY,1,0.98604619,0.01395381
SPY,1,0.20308690,0.79691310
SPY,1,0.07192574,0.92807426
SPY,1,0.15626193,0.84373807
SPY,1,0.09073354,0.90926646
SPY,1,0.07132113,0.92867887
SPY,1,0.76497707,0.23502293
SPY,1,0.09657060,0.90342940
SPY,1,0.07754644,0.92245356
SPY,1,0.08185439,0.91814561
SPY,1,0.07601103,0.92398897
SPY,1,0.14668092,0.85331908
SPY,1,0.07476448,0.92523552
SPY,1,0.39658947,0.60341053
SPY,1,0.08195764,0.91804236
SPY,1,0.07487801,0.92512199
SPY,1,0.08879606,0.91120394
SPY,1,0.20658045,0.79341955
SPY,1,0.07149176,0.92850824
SPY,1,0.21739361,0.78260639
SPY,1,0.13150675,0.86849325
SPY,1,0.12346435,0.87653565
SPY,1,0.10015530,0.89984470
SPY,1,0.93438775,0.06561225
SPY,1,0.08648536,0.91351464
SPY,1,0.13700884,0.86299116
SPY,1,0.17111976,0.82888024
SPY,1,0.68014566,0.31985434
SPY,1,0.07346684,0.92653316
SPY,1,0.07324020,0.92675980
SPY,1,0.07132514,0.92867486
SPY,1,0.07392661,0.92607339
SPY,1,0.07127632,0.92872368
SPY,1,0.12615451,0.87384549
SPY,1,0.84570057,0.15429943
SPY,1,0.09451525,0.90548475
SPY,1,0.11099880,0.88900120
SPY,1,0.30194957,0.69805043
SPY,1,0.14653344,0.85346656
SPY,1,0.12061116,0.87938884
SPY,1,0.16608243,0.83391757
SPY,1,0.07172335,0.92827665
SPY,1,0.08445871,0.91554129
SPY,1,0.08370448,0.91629552
SPY,1,0.33598714,0.66401286
SPY,1,0.07128804,0.92871196
SPY,1,0.07139473,0.92860527
SPY,1,0.07449882,0.92550118
SPY,1,0.08893702,0.91106298
SPY,1,0.10914353,0.89085647
SPY,1,0.19243332,0.80756668
SPY,1,0.09726182,0.90273818
SPY,1,0.43780636,0.56219364
SPY,1,0.07186727,0.92813273
SPY,1,0.08106455,0.91893545
SPY,1,0.92093753,0.07906247
SPY,1,0.10896415,0.89103585
SPY,1,0.27611157,0.72388843
SPY,1,0.35670047,0.64329953
SPY,1,0.08157301,0.91842699
SPY,1,0.11179735,0.88820265
SPY,1,0.10058809,0.89941191
SPY,1,0.08298967,0.91701033
SPY,1,0.07264813,0.92735187
SPY,1,0.41730849,0.58269151
SPY,1,0.08893532,0.91106468
SPY,1,0.10244345,0.89755655
SPY,1,0.10570156,0.89429844
SPY,1,0.08200477,0.91799523
SPY,1,0.13676078,0.86323922
SPY,1,0.12871863,0.87128137
SPY,1,0.15214323,0.84785677
SPY,1,0.19692086,0.80307914
SPY,1,0.09084522,0.90915478
SPY,1,0.61016627,0.38983373
SPY,1,0.57775556,0.42224444
SPY,1,0.96083634,0.03916366
SPY,1,0.08045287,0.91954713
SPY,1,0.07990243,0.92009757
SPY,1,0.07585869,0.92414131
SPY,1,0.53241153,0.46758847
SPY,1,0.08323157,0.91676843
SPY,1,0.82164641,0.17835359
SPY,1,0.07504419,0.92495581
SPY,1,0.08617787,0.91382213
SPY,1,0.13789781,0.86210219
SPY,1,0.08139639,0.91860361
SPY,1,0.31048891,0.68951109
SPY,1,0.07532005,0.92467995
SPY,1,0.07140550,0.92859450
SPY,1,0.23171329,0.76828671
SPY,1,0.08544624,0.91455376
SPY,1,0.19944857,0.80055143
SPY,1,0.07584797,0.92415203
SPY,1,0.07864541,0.92135459
SPY,1,0.36524124,0.63475876
SPY,1,0.07257068,0.92742932
SPY,1,0.21337883,0.78662117
SPY,1,0.07169946,0.92830054
SPY,1,0.11145238,0.88854762
SPY,1,0.08441936,0.91558064
SPY,1,0.07170495,0.92829505
SPY,1,0.17402115,0.82597885
SPY,1,0.07461847,0.92538153
SPY,1,0.09270401,0.90729599
SPY,1,0.08458732,0.91541268
SPY,1,0.10434947,0.89565053
SPY,1,0.07966270,0.92033730
SPY,1,0.07181213,0.92818787
SPY,1,0.19020279,0.80979721
SPY,1,0.08161493,0.91838507
SPY,1,0.15965565,0.84034435
SPY,1,0.08366511,0.91633489
SPY,1,0.07423488,0.92576512
SPY,1,0.08507910,0.91492090
SPY,1,0.07502453,0.92497547
SPY,1,0.07201189,0.92798811
SPY,1,0.07141128,0.92858872
SPY,1,0.13834186,0.86165814
SPY,1,0.35141695,0.64858305
SPY,1,0.08253121,0.91746879
SPY,1,0.07179199,0.92820801
SPY,1,0.08147583,0.91852417
SPY,1,0.07911124,0.92088876
SPY,1,0.07290775,0.92709225
SPY,1,0.13026590,0.86973410
SPY,1,0.10541795,0.89458205
SPY,1,0.07843389,0.92156611
SPY,1,0.16569907,0.83430093
SPY,1,0.17024737,0.82975263
SPY,1,0.12456127,0.87543873
SPY,1,0.67988007,0.32011993
SPY,1,0.90259097,0.09740903
SPY,1,0.07498263,0.92501737
SPY,1,0.07848167,0.92151833
SPY,1,0.08145077,0.91854923
SPY,1,0.16633225,0.83366775
SPY,1,0.19836341,0.80163659
SPY,1,0.27418500,0.72581500
SPY,1,0.25271366,0.74728634
SPY,1,0.07863068,0.92136932
SPY,1,0.99569313,0.00430687
SPY,1,0.07227536,0.92772464
SPY,1,0.10159741,0.89840259
SPY,1,0.18355486,0.81644514
SPY,1,0.07145569,0.92854431
SPY,1,0.14818100,0.85181900
SPY,1,0.07132555,0.92867445
SPY,1,0.33824879,0.66175121
SPY,1,0.09617090,0.90382910
SPY,1,0.09577406,0.90422594
SPY,1,0.07521968,0.92478032
SPY,1,0.07136150,0.92863850
SPY,1,0.19846235,0.80153765
SPY,1,0.11038419,0.88961581
SPY,1,0.07133830,0.92866170
SPY,1,0.07139692,0.92860308
SPY,1,0.15240384,0.84759616
SPY,1,0.07963090,0.92036910
SPY,1,0.07202263,0.92797737
SPY,1,0.07651877,0.92348123
SPY,1,0.28765585,0.71234415
SPY,1,0.07285882,0.92714118
SPY,1,0.07276075,0.92723925
SPY,1,0.08327536,0.91672464
SPY,1,0.08342461,0.91657539
SPY,1,0.07142956,0.92857044
SPY,1,0.07131269,0.92868731
SPY,1,0.11222894,0.88777106
SPY,1,0.09928147,0.90071853
SPY,1,0.07128480,0.92871520
SPY,1,0.08627572,0.91372428
SPY,1,0.08410455,0.91589545
SPY,1,0.10781041,0.89218959
SPY,1,0.08052972,0.91947028
SPY,1,0.07374965,0.92625035
SPY,1,0.07159181,0.92840819
SPY,1,0.09460691,0.90539309
SPY,1,0.07226867,0.92773133
SPY,1,0.07730202,0.92269798
SPY,1,0.09613649,0.90386351
SPY,1,0.12470508,0.87529492
SPY,1,0.07696607,0.92303393
SPY,1,0.08852611,0.91147389
SPY,1,0.07555694,0.92444306
SPY,1,0.10067875,0.89932125
SPY,1,0.07410082,0.92589918
SPY,1,0.07172276,0.92827724
SPY,1,0.17507373,0.82492627
SPY,1,0.07352942,0.92647058
SPY,1,0.36241331,0.63758669
SPY,1,0.07338830,0.92661170
SPY,1,0.13172361,0.86827639
SPY,1,0.07164742,0.92835258
SPY,1,0.07540447,0.92459553
SPY,1,0.09978436,0.90021564
SPY,1,0.07634102,0.92365898
SPY,1,0.89089288,0.10910712
SPY,1,0.08506609,0.91493391
SPY,1,0.23050319,0.76949681
SPY,1,0.35115649,0.64884351
SPY,1,0.16586277,0.83413723
SPY,1,0.79818319,0.20181681
SPY,1,0.12063009,0.87936991
SPY,1,0.99884875,0.00115125
SPY,1,0.54610792,0.45389208
SPY,1,0.99998257,0.00001743
SPY,1,0.07316310,0.92683690
SPY,1,0.24665425,0.75334575
SPY,1,0.16548949,0.83451051
SPY,1,0.61553918,0.38446082
SPY,1,0.07242635,0.92757365
SPY,1,0.24914018,0.75085982
SPY,1,0.10362966,0.89637034
SPY,1,0.99992346,0.00007654
SPY,1,0.15144569,0.84855431
SPY,1,0.17597504,0.82402496
SPY,1,0.07136218,0.92863782
SPY,1,0.09194886,0.90805114
SPY,1,0.99644907,0.00355093
SPY,1,0.12690480,0.87309520
SPY,1,0.52113863,0.47886137
SPY,1,0.87064576,0.12935424
SPY,1,0.09462514,0.90537486
SPY,1,0.99931936,0.00068064
SPY,1,0.39299387,0.60700613
SPY,1,0.13126880,0.86873120
SPY,1,0.08097674,0.91902326
SPY,1,0.97593391,0.02406609
SPY,1,0.11282520,0.88717480
SPY,1,0.07181765,0.92818235
SPY,1,0.79435986,0.20564014
SPY,1,0.07363733,0.92636267
SPY,1,0.07256565,0.92743435
SPY,1,0.07210685,0.92789315
SPY,1,0.07531420,0.92468580
SPY,1,0.42533266,0.57466734
SPY,1,0.08507177,0.91492823
SPY,1,0.43074539,0.56925461
SPY,1,0.07419085,0.92580915
SPY,1,0.07515961,0.92484039
SPY,1,0.99525933,0.00474067
SPY,1,0.22468509,0.77531491
SPY,1,0.08884371,0.91115629
SPY,1,0.09211337,0.90788663
SPY,1,0.09194632,0.90805368
SPY,1,0.99530421,0.00469579
SPY,1,0.23427776,0.76572224
SPY,1,0.11962637,0.88037363
SPY,1,0.07240328,0.92759672
SPY,1,0.31317875,0.68682125
SPY,1,0.07254476,0.92745524
SPY,1,0.07131127,0.92868873
SPY,1,0.97223035,0.02776965
SPY,1,0.07553302,0.92446698
SPY,1,0.18333897,0.81666103
SPY,1,0.18876871,0.81123129
SPY,1,0.68684584,0.31315416
SPY,1,0.16755081,0.83244919
SPY,1,0.17364118,0.82635882
SPY,1,0.07185083,0.92814917
SPY,1,0.09654870,0.90345130
SPY,1,0.08941851,0.91058149
SPY,1,0.07154400,0.92845600
SPY,1,0.79422052,0.20577948
SPY,1,0.07419774,0.92580226
SPY,1,0.09354014,0.90645986
SPY,1,0.07133198,0.92866802
SPY,1,0.08103655,0.91896345
SPY,1,0.08469513,0.91530487
SPY,1,0.08441502,0.91558498
SPY,1,0.97756363,0.02243637
SPY,1,0.13004325,0.86995675
SPY,1,0.07843626,0.92156374
SPY,1,0.07159763,0.92840237
SPY,1,0.19726365,0.80273635
SPY,1,0.07667720,0.92332280
SPY,1,0.45069194,0.54930806
SPY,1,0.08657246,0.91342754
SPY,1,0.08092137,0.91907863
SPY,1,0.33030364,0.66969636
SPY,1,0.07391869,0.92608131
SPY,1,0.09491491,0.90508509
SPY,1,0.29275388,0.70724612
SPY,1,0.22219213,0.77780787
SPY,1,0.07263037,0.92736963
SPY,1,0.98621222,0.01378778
SPY,1,0.20820778,0.79179222
SPY,1,0.26020610,0.73979390
SPY,1,0.14274323,0.85725677
SPY,1,0.09055985,0.90944015
SPY,1,0.08789226,0.91210774
SPY,1,0.08903568,0.91096432
SPY,1,0.18163425,0.81836575
SPY,1,0.07145942,0.92854058
SPY,1,0.07892325,0.92107675
SPY,1,0.07128716,0.92871284
SPY,1,0.07133715,0.92866285
SPY,1,0.32192179,0.67807821
SPY,1,0.07133800,0.92866200
SPY,1,0.08637180,0.91362820
SPY,1,0.12202215,0.87797785
SPY,1,0.60611958,0.39388042
SPY,1,0.07476069,0.92523931
SPY,1,0.07599876,0.92400124
SPY,1,0.07224696,0.92775304
SPY,1,0.07667847,0.92332153
SPY,1,0.07948212,0.92051788
SPY,1,0.10213342,0.89786658
SPY,1,0.57578653,0.42421347
SPY,1,0.07361694,0.92638306
SPY,1,0.07205005,0.92794995
SPY,1,0.08845972,0.91154028
SPY,1,0.07255053,0.92744947
SPY,1,0.07674541,0.92325459
SPY,1,0.11378350,0.88621650
SPY,1,0.07630102,0.92369898
SPY,1,0.07263979,0.92736021
SPY,1,0.10492654,0.89507346
SPY,1,0.29149826,0.70850174
SPY,1,0.11304725,0.88695275
SPY,1,0.07705744,0.92294256
SPY,1,0.07361246,0.92638754
SPY,1,0.07664701,0.92335299
SPY,1,0.07140185,0.92859815
SPY,1,0.07562242,0.92437758
SPY,1,0.07128617,0.92871383
SPY,1,0.07159172,0.92840828
SPY,1,0.07136734,0.92863266
SPY,1,0.11294426,0.88705574
SPY,1,0.08427367,0.91572633
SPY,1,0.60531235,0.39468765
SPY,1,0.09131176,0.90868824
SPY,1,0.07239807,0.92760193
SPY,1,0.10580683,0.89419317
SPY,1,0.07690047,0.92309953
SPY,1,0.07728319,0.92271681
SPY,1,0.20230994,0.79769006
SPY,1,0.07524033,0.92475967
SPY,1,0.35710520,0.64289480
SPY,1,0.07205174,0.92794826
SPY,1,0.29442598,0.70557402
SPY,1,0.08179969,0.91820031
SPY,1,0.07142132,0.92857868
SPY,1,0.29478276,0.70521724
SPY,1,0.22723918,0.77276082
SPY,1,0.14633130,0.85366870
SPY,1,0.07286520,0.92713480
SPY,1,0.08740743,0.91259257
SPY,1,0.67180834,0.32819166
SPY,1,0.31286576,0.68713424
SPY,1,0.08048904,0.91951096
SPY,1,0.07157907,0.92842093
SPY,1,0.07138240,0.92861760
SPY,1,0.07882849,0.92117151
SPY,1,0.08146777,0.91853223
SPY,1,0.09432327,0.90567673
SPY,1,0.07213391,0.92786609
SPY,1,0.07174944,0.92825056
SPY,1,0.08249430,0.91750570
SPY,1,0.08724860,0.91275140
SPY,1,0.07280811,0.92719189
SPY,1,0.07467809,0.92532191
SPY,1,0.09744804,0.90255196
SPY,1,0.07917547,0.92082453
SPY,1,0.07189748,0.92810252
SPY,1,0.07130510,0.92869490
SPY,1,0.07241740,0.92758260
SPY,1,0.07167250,0.92832750
SPY,1,0.07247397,0.92752603
SPY,1,0.07127707,0.92872293
SPY,1,0.15053583,0.84946417
SPY,1,0.07145001,0.92854999
SPY,1,0.08622450,0.91377550
SPY,1,0.07228942,0.92771058
SPY,1,0.07379098,0.92620902
SPY,1,0.07241711,0.92758289
SPY,1,0.07753577,0.92246423
SPY,1,0.13287122,0.86712878
SPY,1,0.07149341,0.92850659
SPY,1,0.10181140,0.89818860
SPY,1,0.07458189,0.92541811
SPY,1,0.13802947,0.86197053
SPY,1,0.07436038,0.92563962
SPY,1,0.07364345,0.92635655
SPY,1,0.09183050,0.90816950
SPY,1,0.07198568,0.92801432
SPY,1,0.07972212,0.92027788
SPY,1,0.07574921,0.92425079
SPY,1,0.45042473,0.54957527
SPY,1,0.08910348,0.91089652
SPY,1,0.40834433,0.59165567
SPY,1,0.07130622,0.92869378
SPY,1,0.07355724,0.92644276
SPY,1,0.07636997,0.92363003
SPY,1,0.09706692,0.90293308
SPY,1,0.08685108,0.91314892
SPY,1,0.07291882,0.92708118
SPY,1,0.07128361,0.92871639
SPY,1,0.09242038,0.90757962
SPY,1,0.07629488,0.92370512
SPY,1,0.07574854,0.92425146
SPY,1,0.09206342,0.90793658
SPY,1,0.07864553,0.92135447
SPY,1,0.07436455,0.92563545
SPY,1,0.64459305,0.35540695
SPY,1,0.11784845,0.88215155
SPY,1,0.07225131,0.92774869
SPY,1,0.15585776,0.84414224
SPY,1,0.10503269,0.89496731
SPY,1,0.37326580,0.62673420
SPY,1,0.07131825,0.92868175
SPY,1,0.44815871,0.55184129
SPY,1,0.08975644,0.91024356
SPY,1,0.12235450,0.87764550
SPY,1,0.11077968,0.88922032
SPY,1,0.07139333,0.92860667
SPY,1,0.55616268,0.44383732
SPY,1,0.08454177,0.91545823
SPY,1,0.08735272,0.91264728
SPY,1,0.19817008,0.80182992
SPY,1,0.63791246,0.36208754
SPY,1,0.16820140,0.83179860
SPY,1,0.08592487,0.91407513
SPY,1,0.35256311,0.64743689
SPY,1,0.07295114,0.92704886
SPY,1,0.07453441,0.92546559
SPY,1,0.14108133,0.85891867
SPY,1,0.08053370,0.91946630
SPY,1,0.07361812,0.92638188
SPY,1,0.09603808,0.90396192
SPY,1,0.10803211,0.89196789
SPY,1,0.07146347,0.92853653
SPY,1,0.08038166,0.91961834
SPY,1,0.07214585,0.92785415
SPY,1,0.07127679,0.92872321
SPY,1,0.07655484,0.92344516
SPY,1,0.07384111,0.92615889
SPY,1,0.07890141,0.92109859
SPY,1,0.07751802,0.92248198
SPY,1,0.11063744,0.88936256
SPY,1,0.07169874,0.92830126
SPY,1,0.07157036,0.92842964
SPY,1,0.07885299,0.92114701
SPY,1,0.16288494,0.83711506
SPY,1,0.08251808,0.91748192
SPY,1,0.27149010,0.72850990
SPY,1,0.09743637,0.90256363
SPY,1,0.07139844,0.92860156
SPY,1,0.11869965,0.88130035
SPY,1,0.10616824,0.89383176
SPY,1,0.07985775,0.92014225
SPY,1,0.07518033,0.92481967
SPY,1,0.07213629,0.92786371
SPY,1,0.07905919,0.92094081
SPY,1,0.10191236,0.89808764
SPY,1,0.14085833,0.85914167
SPY,1,0.07756565,0.92243435
SPY,1,0.08179344,0.91820656
SPY,1,0.12561674,0.87438326
SPY,1,0.13766221,0.86233779
SPY,1,0.07827469,0.92172531
SPY,1,0.10354925,0.89645075
SPY,1,0.10358844,0.89641156
SPY,1,0.07165177,0.92834823
SPY,1,0.12492279,0.87507721
SPY,1,0.07737334,0.92262666
SPY,1,0.10921504,0.89078496
SPY,1,0.20942313,0.79057687
SPY,1,0.07364344,0.92635656
SPY,1,0.07693396,0.92306604
SPY,1,0.08522449,0.91477551
SPY,1,0.08169540,0.91830460
SPY,1,0.16071335,0.83928665
SPY,1,0.74984976,0.25015024
SPY,1,0.07816423,0.92183577
SPY,1,0.14646449,0.85353551
SPY,1,0.18494876,0.81505124
SPY,1,0.07296149,0.92703851
SPY,1,0.08135025,0.91864975
SPY,1,0.10285274,0.89714726
SPY,1,0.23119064,0.76880936
SPY,1,0.07157374,0.92842626
SPY,1,0.21429971,0.78570029
SPY,1,0.39920676,0.60079324
SPY,1,0.07130244,0.92869756
SPY,1,0.07687544,0.92312456
SPY,1,0.08825376,0.91174624
SPY,1,0.27162557,0.72837443
SPY,1,0.08283404,0.91716596
SPY,1,0.07810264,0.92189736
SPY,1,0.19244260,0.80755740
SPY,1,0.10773767,0.89226233
SPY,1,0.26173878,0.73826122
SPY,1,0.14337201,0.85662799
SPY,1,0.15354687,0.84645313
SPY,1,0.34897898,0.65102102
SPY,1,0.00000079,0.00000000
SPY,1,0.00182310,0.00000000
SPY,1,0.83954601,0.16045399
SPY,1,0.15354125,0.84645875
SPY,1,0.09233130,0.90766870
SPY,1,0.57021160,0.42978840
SPY,1,0.09521811,0.90478189
SPY,1,0.07567895,0.92432105
SPY,1,0.09720657,0.90279343
SPY,1,0.08561395,0.91438605
SPY,1,0.10785751,0.89214249
SPY,1,0.32090748,0.67909252
SPY,1,0.07198713,0.92801287
SPY,1,0.25201965,0.74798035
SPY,1,0.07379805,0.92620195
SPY,1,0.08884220,0.91115780
SPY,1,0.08182192,0.91817808
SPY,1,0.71847929,0.28152071
SPY,1,0.08663155,0.91336845
SPY,1,0.07132840,0.92867160
SPY,1,0.16882084,0.83117916
SPY,1,0.07205709,0.92794291
SPY,1,0.07127496,0.92872504
SPY,1,1.00000000,0.00000000
SPY,1,0.12710885,0.87289115
SPY,1,1.00000000,0.00000000
SPY,1,0.99985345,0.00014655
SPY,1,0.99996074,0.00003926
SPY,1,0.99991460,0.00008540
SPY,1,0.17949651,0.82050349
SPY,1,0.75635101,0.24364899
SPY,1,0.09470645,0.90529355
SPY,1,0.07131412,0.92868588
SPY,1,0.99999686,0.00000314
SPY,1,0.73244476,0.26755524
SPY,1,0.07180865,0.92819135
SPY,1,0.99676442,0.00323558
SPY,1,0.46400976,0.53599024
SPY,1,0.25673884,0.74326116
SPY,1,0.21592523,0.78407477
SPY,1,0.98876910,0.01123090
SPY,1,0.09051983,0.90948017
SPY,1,0.08377791,0.91622209
SPY,1,0.14509429,0.85490571
SPY,1,0.96036737,0.03963263
SPY,1,0.14762442,0.85237558
SPY,1,0.95992883,0.04007117
SPY,1,0.10550419,0.89449581
SPY,1,0.96998174,0.03001826
SPY,1,0.07804795,0.92195205
SPY,1,0.13653122,0.86346878
SPY,1,0.30979382,0.69020618
SPY,1,0.54244250,0.45755750
SPY,1,0.11000938,0.88999062
SPY,1,0.13263464,0.86736536
SPY,1,0.07399295,0.92600705
SPY,1,0.98933784,0.01066216
SPY,1,0.99955453,0.00044547
SPY,1,0.07432426,0.92567574
SPY,1,0.88369787,0.11630213
SPY,1,0.25180590,0.74819410
SPY,1,0.59807724,0.40192276
SPY,1,0.08948335,0.91051665
SPY,1,0.89424144,0.10575856
SPY,1,0.99512385,0.00487615
SPY,1,0.53256004,0.46743996
SPY,1,0.69320323,0.30679677
SPY,1,0.63740867,0.36259133
SPY,1,0.08395134,0.91604866
SPY,1,0.99621792,0.00378208
SPY,1,0.08322030,0.91677970
SPY,1,0.12438157,0.87561843
SPY,1,0.07182938,0.92817062
SPY,1,0.41000184,0.58999816
SPY,1,0.45496712,0.54503288
SPY,1,0.44321041,0.55678959
SPY,1,0.13995214,0.86004786
SPY,1,0.07630234,0.92369766
SPY,1,0.58941013,0.41058987
SPY,1,0.27526269,0.72473731
SPY,1,0.51688711,0.48311289
SPY,1,0.11205351,0.88794649
SPY,1,0.99930475,0.00069525
SPY,1,0.07804656,0.92195344
SPY,1,0.89370065,0.10629935
SPY,1,0.99317809,0.00682191
SPY,1,0.22751787,0.77248213
SPY,1,0.62982101,0.37017899
SPY,1,0.08070263,0.91929737
SPY,1,0.08890862,0.91109138
SPY,1,0.24093397,0.75906603
SPY,1,0.99956995,0.00043005
SPY,1,0.08698449,0.91301551
SPY,1,0.61784623,0.38215377
SPY,1,0.10639616,0.89360384
SPY,1,0.07954482,0.92045518
SPY,1,0.33430253,0.66569747
SPY,1,0.47897766,0.52102234
SPY,1,0.07554473,0.92445527
SPY,1,0.59160662,0.40839338
SPY,1,0.09283346,0.90716654
SPY,1,0.81830979,0.18169021
SPY,1,0.08174070,0.91825930
SPY,1,0.97720081,0.02279919
SPY,1,0.09226403,0.90773597
SPY,1,0.99997049,0.00002951
SPY,1,0.08139011,0.91860989
SPY,1,0.07169626,0.92830374
SPY,1,0.15976003,0.84023997
SPY,1,0.07246825,0.92753175
SPY,1,0.07896160,0.92103840
SPY,1,0.76204908,0.23795092
SPY,1,0.28018438,0.71981562
SPY,1,0.21998038,0.78001962
SPY,1,0.16588318,0.83411682
SPY,1,0.18491180,0.81508820
SPY,1,0.07463659,0.92536341
SPY,1,0.07299466,0.92700534
SPY,1,0.15662427,0.84337573
SPY,1,0.97985776,0.02014224
SPY,1,0.08678811,0.91321189
SPY,1,0.12729033,0.87270967
SPY,1,0.14180486,0.85819514
SPY,1,0.07292331,0.92707669
SPY,1,0.22941925,0.77058075
SPY,1,0.12415045,0.87584955
SPY,1,0.07916671,0.92083329
SPY,1,0.32471513,0.67528487
SPY,1,0.07718113,0.92281887
SPY,1,0.07556514,0.92443486
SPY,1,0.07405146,0.92594854
SPY,1,0.07369939,0.92630061
SPY,1,0.12523091,0.87476909
SPY,1,0.07244178,0.92755822
SPY,1,0.07448175,0.92551825
SPY,1,0.08498454,0.91501546
SPY,1,0.07717298,0.92282702
SPY,1,0.17645857,0.82354143
SPY,1,0.09641847,0.90358153
SPY,1,0.07201235,0.92798765
SPY,1,0.07146210,0.92853790
SPY,1,0.07188740,0.92811260
SPY,1,0.11537170,0.88462830
SPY,1,0.08116491,0.91883509
SPY,1,0.07181932,0.92818068
SPY,1,0.07780686,0.92219314
SPY,1,0.07157374,0.92842626
SPY,1,0.12189167,0.87810833
SPY,1,0.07471727,0.92528273
SPY,1,0.26826276,0.73173724
SPY,1,0.07166196,0.92833804
SPY,1,0.07447279,0.92552721
SPY,1,0.07694403,0.92305597
SPY,1,0.07259084,0.92740916
SPY,1,0.10429175,0.89570825
SPY,1,0.09758435,0.90241565
SPY,1,0.07137675,0.92862325
SPY,1,0.08430599,0.91569401
SPY,1,0.15451251,0.84548749
SPY,1,0.07940651,0.92059349
SPY,1,0.07155327,0.92844673
SPY,1,0.07672986,0.92327014
SPY,1,0.08029034,0.91970966
SPY,1,0.07510107,0.92489893
SPY,1,0.07321763,0.92678237
SPY,1,0.07643633,0.92356367
SPY,1,0.07838593,0.92161407
SPY,1,0.08561413,0.91438587
SPY,1,0.07508426,0.92491574
SPY,1,0.08267612,0.91732388
SPY,1,0.35292004,0.64707996
SPY,1,0.09137901,0.90862099
SPY,1,0.15634773,0.84365227
SPY,1,0.08593862,0.91406138
SPY,1,0.07141221,0.92858779
SPY,1,0.48679079,0.51320921
SPY,1,0.07169045,0.92830955
SPY,1,0.08984323,0.91015677
SPY,1,0.07342422,0.92657578
SPY,1,0.08037938,0.91962062
SPY,1,0.07516541,0.92483459
SPY,1,0.07366589,0.92633411
SPY,1,0.10514409,0.89485591
SPY,1,0.07615682,0.92384318
SPY,1,0.26712907,0.73287093
SPY,1,0.07316949,0.92683051
SPY,1,0.08767546,0.91232454
SPY,1,0.07348042,0.92651958
SPY,1,0.07752021,0.92247979
SPY,1,0.11226623,0.88773377
SPY,1,0.07582291,0.92417709
SPY,1,0.15485406,0.84514594
SPY,1,0.07251967,0.92748033
SPY,1,0.07127526,0.92872474
SPY,1,0.17299627,0.82700373
SPY,1,0.50772069,0.49227931
SPY,1,0.09409849,0.90590151
SPY,1,0.25852807,0.74147193
SPY,1,0.15525843,0.84474157
SPY,1,0.07332479,0.92667521
SPY,1,0.29270602,0.70729398
SPY,1,0.07292312,0.92707688
SPY,1,0.09958473,0.90041527
SPY,1,0.07175724,0.92824276
SPY,1,0.11607542,0.88392458
SPY,1,0.07567474,0.92432526
SPY,1,0.26483759,0.73516241
SPY,1,0.11850261,0.88149739
SPY,1,0.07434230,0.92565770
SPY,1,0.07804825,0.92195175
SPY,1,0.09086470,0.90913530
SPY,1,0.07409989,0.92590011
SPY,1,0.11247833,0.88752167
SPY,1,0.43603954,0.56396046
SPY,1,0.07186358,0.92813642
SPY,1,0.07979695,0.92020305
SPY,1,0.09571872,0.90428128
SPY,1,0.07231312,0.92768688
SPY,1,0.07544649,0.92455351
SPY,1,0.17732894,0.82267106
SPY,1,0.10122343,0.89877657
SPY,1,0.08238727,0.91761273
SPY,1,0.32971612,0.67028388
SPY,1,0.14902195,0.85097805
SPY,1,0.37107459,0.62892541
SPY,1,0.07838833,0.92161167
SPY,1,0.07154622,0.92845378
SPY,1,0.07343369,0.92656631
SPY,1,0.07622130,0.92377870
SPY,1,0.07134144,0.92865856
SPY,1,0.19365097,0.80634903
SPY,1,0.23569572,0.76430428
SPY,1,0.07921960,0.92078040
SPY,1,0.93390724,0.06609276
SPY,1,0.07705376,0.92294624
SPY,1,0.10664740,0.89335260
SPY,1,0.83402284,0.16597716
SPY,1,0.07626982,0.92373018
SPY,1,0.11253009,0.88746991
SPY,1,0.18983896,0.81016104
SPY,1,0.14469069,0.85530931
SPY,1,0.08645417,0.91354583
SPY,1,0.14121819,0.85878181
SPY,1,0.17419791,0.82580209
SPY,1,0.07629142,0.92370858
SPY,1,0.14121089,0.85878911
SPY,1,0.07144126,0.92855874
SPY,1,0.82500326,0.17499674
SPY,1,0.08657202,0.91342798
SPY,1,0.32752191,0.67247809
SPY,1,0.07693110,0.92306890
SPY,1,0.13554396,0.86445604
SPY,1,0.07312111,0.92687889
SPY,1,0.88926983,0.11073017
SPY,1,0.09027471,0.90972529
SPY,1,0.10043865,0.89956135
SPY,1,0.07917343,0.92082657
SPY,1,0.14518802,0.85481198
SPY,1,0.07409342,0.92590658
SPY,1,0.12517020,0.87482980
SPY,1,0.07162068,0.92837932
SPY,1,0.08448857,0.91551143
SPY,1,0.37150651,0.62849349
SPY,1,0.07142236,0.92857764
SPY,1,0.09743483,0.90256517
SPY,1,0.11438033,0.88561967
SPY,1,0.07764640,0.92235360
SPY,1,0.12527555,0.87472445
SPY,1,0.17015260,0.82984740
SPY,1,0.13938406,0.86061594
SPY,1,0.07154866,0.92845134
SPY,1,0.38855348,0.61144652
SPY,1,0.64594394,0.35405606
SPY,1,0.07340340,0.92659660
SPY,1,0.10160969,0.89839031
SPY,1,0.07269463,0.92730537
SPY,1,0.10166454,0.89833546
SPY,1,0.55914151,0.44085849
SPY,1,0.08051862,0.91948138
SPY,1,0.08680344,0.91319656
SPY,1,0.07290670,0.92709330
SPY,1,0.07178401,0.92821599
SPY,1,0.07284692,0.92715308
SPY,1,0.07132746,0.92867254
SPY,1,0.07127892,0.92872108
SPY,1,0.07196893,0.92803107
SPY,1,0.10646973,0.89353027
SPY,1,0.07370980,0.92629020
SPY,1,0.07129967,0.92870033
SPY,1,0.07617976,0.92382024
SPY,1,0.07127920,0.92872080
SPY,1,0.11482890,0.88517110
SPY,1,0.08621508,0.91378492
SPY,1,0.07167385,0.92832615
SPY,1,0.07176279,0.92823721
SPY,1,0.07150846,0.92849154
SPY,1,0.10293642,0.89706358
SPY,1,0.07990338,0.92009662
SPY,1,0.07135789,0.92864211
SPY,1,0.07174912,0.92825088
SPY,1,0.64636611,0.35363389
SPY,1,0.09623104,0.90376896
SPY,1,0.08979016,0.91020984
SPY,1,0.07332833,0.92667167
SPY,1,0.07900009,0.92099991
SPY,1,0.38035234,0.61964766
SPY,1,0.08817437,0.91182563
SPY,1,0.07610207,0.92389793
SPY,1,0.07201874,0.92798126
SPY,1,0.07155170,0.92844830
SPY,1,0.07128796,0.92871204
SPY,1,0.07143000,0.92857000
SPY,1,0.07365035,0.92634965
SPY,1,0.14214919,0.85785081
SPY,1,0.10478822,0.89521178
SPY,1,0.13068756,0.86931244
SPY,1,0.08195432,0.91804568
SPY,1,0.07253663,0.92746337
SPY,1,0.07346837,0.92653163
SPY,1,0.08071312,0.91928688
SPY,1,0.12179568,0.87820432
SPY,1,0.07127638,0.92872362
SPY,1,0.07725994,0.92274006
SPY,1,0.14588006,0.85411994
SPY,1,0.11042869,0.88957131
SPY,1,0.07129245,0.92870755
SPY,1,0.07821823,0.92178177
SPY,1,0.10973304,0.89026696
SPY,1,0.18505022,0.81494978
SPY,1,0.08650709,0.91349291
SPY,1,0.07265022,0.92734978
SPY,1,0.49100573,0.50899427
SPY,1,0.07200253,0.92799747
SPY,1,0.28115609,0.71884391
SPY,1,0.07881017,0.92118983
SPY,1,0.07448486,0.92551514
SPY,1,0.07131287,0.92868713
SPY,1,0.07211449,0.92788551
SPY,1,0.19389810,0.80610190
SPY,1,0.11465353,0.88534647
SPY,1,0.07223890,0.92776110
SPY,1,0.10669443,0.89330557
SPY,1,0.74422397,0.25577603
SPY,1,0.34413207,0.65586793
SPY,1,0.07127773,0.92872227
SPY,1,0.07156564,0.92843436
SPY,1,0.07653134,0.92346866
SPY,1,0.24946204,0.75053796
SPY,1,0.07801567,0.92198433
SPY,1,0.08285296,0.91714704
SPY,1,0.70169092,0.29830908
SPY,1,0.07668432,0.92331568
SPY,1,0.07219211,0.92780789
SPY,1,0.25029761,0.74970239
SPY,1,0.07148714,0.92851286
SPY,1,0.08771138,0.91228862
SPY,1,0.10626274,0.89373726
SPY,1,0.08899262,0.91100738
SPY,1,0.07160315,0.92839685
SPY,1,0.08530434,0.91469566
SPY,1,0.07331383,0.92668617
SPY,1,0.07264217,0.92735783
SPY,1,0.07825306,0.92174694
SPY,1,0.07752325,0.92247675
SPY,1,0.07157138,0.92842862
SPY,1,0.09976044,0.90023956
SPY,1,0.07207208,0.92792792
SPY,1,0.09324845,0.90675155
SPY,1,0.08167354,0.91832646
SPY,1,0.17111131,0.82888869
SPY,1,0.20293921,0.79706079
SPY,1,0.09442964,0.90557036
SPY,1,0.08494178,0.91505822
SPY,1,0.11917194,0.88082806
SPY,1,0.08048903,0.91951097
SPY,1,0.08291507,0.91708493
SPY,1,0.07299228,0.92700772
SPY,1,0.16626814,0.83373186
SPY,1,0.34588591,0.65411409
SPY,1,0.96226789,0.03773211
SPY,1,0.07141577,0.92858423
SPY,1,0.08070664,0.91929336
SPY,1,0.07396961,0.92603039
SPY,1,0.07673502,0.92326498
SPY,1,0.07389082,0.92610918
SPY,1,0.11523022,0.88476978
SPY,1,0.07161135,0.92838865
SPY,1,0.07152195,0.92847805
SPY,1,0.07146637,0.92853363
SPY,1,0.07127693,0.92872307
SPY,1,0.09600976,0.90399024
SPY,1,0.07589537,0.92410463
SPY,1,0.08961636,0.91038364
SPY,1,0.07383691,0.92616309
SPY,1,0.07137799,0.92862201
SPY,1,0.08970059,0.91029941
SPY,1,0.07145193,0.92854807
SPY,1,0.07913968,0.92086032
SPY,1,0.07789728,0.92210272
SPY,1,0.07578211,0.92421789
SPY,1,0.14357382,0.85642618
SPY,1,0.14783554,0.85216446
SPY,1,0.12378295,0.87621705
SPY,1,0.07304387,0.92695613
SPY,1,0.07208498,0.92791502
SPY,1,0.08806607,0.91193393
SPY,1,0.07136357,0.92863643
SPY,1,0.07266135,0.92733865
SPY,1,0.07183608,0.92816392
SPY,1,0.07181205,0.92818795
SPY,1,0.07188675,0.92811325
SPY,1,0.10493301,0.89506699
SPY,1,0.18454441,0.81545559
SPY,1,0.10646393,0.89353607
SPY,1,0.12765209,0.87234791
SPY,1,0.50582729,0.49417271
SPY,1,0.08374025,0.91625975
SPY,1,0.23481518,0.76518482
SPY,1,0.07146326,0.92853674
SPY,1,0.07636289,0.92363711
SPY,1,0.08997479,0.91002521
SPY,1,0.13510762,0.86489238
SPY,1,0.07418281,0.92581719
SPY,1,0.07330243,0.92669757
SPY,1,0.08233021,0.91766979
SPY,1,0.08130895,0.91869105
SPY,1,0.07303863,0.92696137
SPY,1,0.07198628,0.92801372
SPY,1,0.08849257,0.91150743
SPY,1,0.07155990,0.92844010
SPY,1,0.09002266,0.90997734
SPY,1,0.07589291,0.92410709
SPY,1,0.09855602,0.90144398
SPY,1,0.11039867,0.88960133
SPY,1,0.10200514,0.89799486
SPY,1,0.07718789,0.92281211
SPY,1,0.10685651,0.89314349
SPY,1,0.07167585,0.92832415
SPY,1,0.07634046,0.92365954
SPY,1,0.07844578,0.92155422
SPY,1,0.08250101,0.91749899
SPY,1,0.13772060,0.86227940
SPY,1,0.07587921,0.92412079
SPY,1,0.08033584,0.91966416
SPY,1,0.09450384,0.90549616
SPY,1,0.08099215,0.91900785
SPY,1,0.20968170,0.79031830
SPY,1,0.08317431,0.91682569
SPY,1,0.07359246,0.92640754
SPY,1,0.86529068,0.13470932
SPY,1,0.19482062,0.80517938
SPY,1,0.22887431,0.77112569
SPY,1,0.11133848,0.88866152
SPY,1,0.11227202,0.88772798
SPY,1,0.08790583,0.91209417
SPY,1,0.15992144,0.84007856
SPY,1,0.07290745,0.92709255
SPY,1,0.08061822,0.91938178
SPY,1,0.07219317,0.92780683
SPY,1,0.09651766,0.90348234
SPY,1,0.07650337,0.92349663
SPY,1,0.11997388,0.88002612
SPY,1,0.11628821,0.88371179
SPY,1,0.16847443,0.83152557
SPY,1,0.07852085,0.92147915
SPY,1,0.08760445,0.91239555
SPY,1,0.08605136,0.91394864
SPY,1,0.07413398,0.92586602
SPY,1,0.07590800,0.92409200
SPY,1,0.07196994,0.92803006
SPY,1,0.15172330,0.84827670
SPY,1,0.09669506,0.90330494
SPY,1,0.08062429,0.91937571
SPY,1,0.12858292,0.87141708
SPY,1,0.07179638,0.92820362
SPY,1,0.07234787,0.92765213
SPY,1,0.10439986,0.89560014
SPY,1,0.07880972,0.92119028
SPY,1,0.07198573,0.92801427
SPY,1,0.09151213,0.90848787
SPY,1,0.09136690,0.90863310
SPY,1,0.07600693,0.92399307
SPY,1,0.26899497,0.73100503
SPY,1,0.07987573,0.92012427
SPY,1,0.08107234,0.91892766
SPY,1,0.29261872,0.70738128
SPY,1,0.10631638,0.89368362
SPY,1,0.24883968,0.75116032
SPY,1,0.07228712,0.92771288
SPY,1,0.15173851,0.84826149
SPY,1,0.13422247,0.86577753
SPY,1,0.27202180,0.72797820
SPY,1,0.08330330,0.91669670
SPY,1,0.10142184,0.89857816
SPY,1,0.12251589,0.87748411
SPY,1,0.22665705,0.77334295
SPY,1,0.95303468,0.04696532
SPY,1,0.07137937,0.92862063
SPY,1,0.20360473,0.79639527
SPY,1,0.11571587,0.88428413
SPY,1,0.16232867,0.83767133
SPY,1,0.10070402,0.89929598
SPY,1,0.07777974,0.92222026
SPY,1,0.08798417,0.91201583
SPY,1,0.07131808,0.92868192
SPY,1,0.07133242,0.92866758
SPY,1,0.16072878,0.83927122
SPY,1,0.09951924,0.90048076
SPY,1,0.11085064,0.88914936
SPY,1,0.07197715,0.92802285
SPY,1,0.24634832,0.75365168
SPY,1,0.07318892,0.92681108
SPY,1,0.07970256,0.92029744
SPY,1,0.07726474,0.92273526
SPY,1,0.07358793,0.92641207
SPY,1,0.09045239,0.90954761
SPY,1,0.07427223,0.92572777
SPY,1,0.07370719,0.92629281
SPY,1,0.07320332,0.92679668
SPY,1,0.07964671,0.92035329
SPY,1,0.07344436,0.92655564
SPY,1,0.07220532,0.92779468
SPY,1,0.07598634,0.92401366
SPY,1,0.07133468,0.92866532
SPY,1,0.07153931,0.92846069
SPY,1,0.18040602,0.81959398
SPY,1,0.07598118,0.92401882
SPY,1,0.07212953,0.92787047
SPY,1,0.09136951,0.90863049
SPY,1,0.07949175,0.92050825
SPY,1,0.07716621,0.92283379
SPY,1,0.07456853,0.92543147
SPY,1,0.07245526,0.92754474
SPY,1,0.07553785,0.92446215
SPY,1,0.08435767,0.91564233
SPY,1,0.29361447,0.70638553
SPY,1,0.08459953,0.91540047
SPY,1,0.09922921,0.90077079
SPY,1,0.08102731,0.91897269
SPY,1,0.08973849,0.91026151
SPY,1,0.11789050,0.88210950
SPY,1,0.08185884,0.91814116
SPY,1,0.07737952,0.92262048
SPY,1,0.40327108,0.59672892
SPY,1,0.07291059,0.92708941
SPY,1,0.07333404,0.92666596
SPY,1,0.07610390,0.92389610
SPY,1,0.08084979,0.91915021
SPY,1,0.12274040,0.87725960
SPY,1,0.07377230,0.92622770
SPY,1,0.07147599,0.92852401
SPY,1,0.13653882,0.86346118
SPY,1,0.11819913,0.88180087
SPY,1,0.07828691,0.92171309
SPY,1,0.07338801,0.92661199
SPY,1,0.07337305,0.92662695
SPY,1,0.09260478,0.90739522
SPY,1,0.08599115,0.91400885
SPY,1,0.19242638,0.80757362
SPY,1,0.07136360,0.92863640
SPY,1,0.10348998,0.89651002
SPY,1,0.08810923,0.91189077
SPY,1,0.07567677,0.92432323
SPY,1,0.07663334,0.92336666
SPY,1,0.07800641,0.92199359
SPY,1,0.08095823,0.91904177
SPY,1,0.09128998,0.90871002
SPY,1,0.10451132,0.89548868
SPY,1,0.07127816,0.92872184
SPY,1,0.13278515,0.86721485
SPY,1,0.09694245,0.90305755
SPY,1,0.11086960,0.88913040
SPY,1,0.21351213,0.78648787
SPY,1,0.07144011,0.92855989
SPY,1,0.73891665,0.26108335
SPY,1,0.12321622,0.87678378
SPY,1,0.08363017,0.91636983
SPY,1,0.09985874,0.90014126
SPY,1,0.22742953,0.77257047
SPY,1,0.11507441,0.88492559
SPY,1,0.10633226,0.89366774
SPY,1,0.07160696,0.92839304
SPY,1,0.09077329,0.90922671
SPY,1,0.08086258,0.91913742
SPY,1,0.07543609,0.92456391
SPY,1,0.08497484,0.91502516
SPY,1,0.07358717,0.92641283
SPY,1,0.08869797,0.91130203
SPY,1,0.08201852,0.91798148
SPY,1,0.07749089,0.92250911
SPY,1,0.07354936,0.92645064
SPY,1,0.07906501,0.92093499
SPY,1,0.07542569,0.92457431
SPY,1,0.08393123,0.91606877
SPY,1,0.19740962,0.80259038
SPY,1,0.19258214,0.80741786
SPY,1,0.07269285,0.92730715
SPY,1,0.07341735,0.92658265
SPY,1,0.10986090,0.89013910
SPY,1,0.09133831,0.90866169
SPY,1,0.08477418,0.91522582
SPY,1,0.07620182,0.92379818
SPY,1,0.07477043,0.92522957
SPY,1,0.07743105,0.92256895
SPY,1,0.10894572,0.89105428
SPY,1,0.09147354,0.90852646
SPY,1,0.07137928,0.92862072
SPY,1,0.07128955,0.92871045
SPY,1,0.07450012,0.92549988
SPY,1,0.07135645,0.92864355
SPY,1,0.07508833,0.92491167
SPY,1,0.08320658,0.91679342
SPY,1,0.07145476,0.92854524
SPY,1,0.08213571,0.91786429
SPY,1,0.15739635,0.84260365
SPY,1,0.07900560,0.92099440
SPY,1,0.07720141,0.92279859
SPY,1,0.18365305,0.81634695
SPY,1,0.08283330,0.91716670
SPY,1,0.07139291,0.92860709
SPY,1,0.09409214,0.90590786
SPY,1,0.07460828,0.92539172
SPY,1,0.40036948,0.59963052
SPY,1,0.07153355,0.92846645
SPY,1,0.08996128,0.91003872
SPY,1,0.09219185,0.90780815
SPY,1,0.07539213,0.92460787
SPY,1,0.08708800,0.91291200
SPY,1,0.07140381,0.92859619
SPY,1,0.07128184,0.92871816
SPY,1,0.08373433,0.91626567
SPY,1,0.12854387,0.87145613
SPY,1,0.07212988,0.92787012
SPY,1,0.07569219,0.92430781
SPY,1,0.09099339,0.90900661
SPY,1,0.07168957,0.92831043
SPY,1,0.07151471,0.92848529
SPY,1,0.07544061,0.92455939
SPY,1,0.22839455,0.77160545
SPY,1,0.13277415,0.86722585
SPY,1,0.09727880,0.90272120
SPY,1,0.07153784,0.92846216
SPY,1,0.08223457,0.91776543
SPY,1,0.07465321,0.92534679
SPY,1,0.07177681,0.92822319
SPY,1,0.11468275,0.88531725
SPY,1,0.80334441,0.19665559
SPY,1,0.10455485,0.89544515
SPY,1,0.08801381,0.91198619
SPY,1,0.12677194,0.87322806
SPY,1,0.13478355,0.86521645
SPY,1,0.08377329,0.91622671
SPY,1,0.85139378,0.14860622
SPY,1,0.08215633,0.91784367
SPY,1,0.07137460,0.92862540
SPY,1,0.22386288,0.77613712
SPY,1,0.25404844,0.74595156
SPY,1,0.07675900,0.92324100
SPY,1,0.16799805,0.83200195
SPY,1,0.07277902,0.92722098
SPY,1,0.08673800,0.91326200
SPY,1,0.09302213,0.90697787
SPY,1,0.07298073,0.92701927
SPY,1,0.09678544,0.90321456
SPY,1,0.08641261,0.91358739
SPY,1,0.07140255,0.92859745
SPY,1,0.08808623,0.91191377
SPY,1,0.07130236,0.92869764
SPY,1,0.07127504,0.92872496
SPY,1,0.08697438,0.91302562
SPY,1,0.07645238,0.92354762
SPY,1,0.09925769,0.90074231
SPY,1,0.23155654,0.76844346
SPY,1,0.07443968,0.92556032
SPY,1,0.07430232,0.92569768
SPY,1,0.07151366,0.92848634
SPY,1,0.07139744,0.92860256
SPY,1,0.08553186,0.91446814
SPY,1,0.07131504,0.92868496
SPY,1,0.17199455,0.82800545
SPY,1,0.08031468,0.91968532
SPY,1,0.12213895,0.87786105
SPY,1,0.11399294,0.88600706
SPY,1,0.08290747,0.91709253
SPY,1,0.08694377,0.91305623
SPY,1,0.07696122,0.92303878
SPY,1,0.08295718,0.91704282
SPY,1,0.08142480,0.91857520
SPY,1,0.09848799,0.90151201
SPY,1,0.07579636,0.92420364
SPY,1,0.08359945,0.91640055
SPY,1,0.12224989,0.87775011
SPY,1,0.10680498,0.89319502
SPY,1,0.08038993,0.91961007
SPY,1,0.07175407,0.92824593
SPY,1,0.19361832,0.80638168
SPY,1,0.20536623,0.79463377
SPY,1,0.07575972,0.92424028
SPY,1,0.16946048,0.83053952
SPY,1,0.64525874,0.35474126
SPY,1,0.17545804,0.82454196
SPY,1,0.09996594,0.90003406
SPY,1,0.10934707,0.89065293
SPY,1,0.16892188,0.83107812
SPY,1,0.07484896,0.92515104
SPY,1,0.07849683,0.92150317
SPY,1,0.08494355,0.91505645
SPY,1,0.07307146,0.92692854
SPY,1,0.07292002,0.92707998
SPY,1,0.11082264,0.88917736
SPY,1,0.07357802,0.92642198
SPY,1,0.08543967,0.91456033
SPY,1,0.07969330,0.92030670
SPY,1,0.07127540,0.92872460
SPY,1,0.07237256,0.92762744
SPY,1,0.07290141,0.92709859
SPY,1,0.11980385,0.88019615
SPY,1,0.08491337,0.91508663
SPY,1,0.07137896,0.92862104
SPY,1,0.07229905,0.92770095
SPY,1,0.14054155,0.85945845
SPY,1,0.07340224,0.92659776
SPY,1,0.08336599,0.91663401
SPY,1,0.13233743,0.86766257
SPY,1,0.07458230,0.92541770
SPY,1,0.08027670,0.91972330
SPY,1,0.09185572,0.90814428
SPY,1,0.10897109,0.89102891
SPY,1,0.07735189,0.92264811
SPY,1,0.08136774,0.91863226
SPY,1,0.09728368,0.90271632
SPY,1,0.07127670,0.92872330
SPY,1,0.08594470,0.91405530
SPY,1,0.07378402,0.92621598
SPY,1,0.07218602,0.92781398
SPY,1,0.07135556,0.92864444
SPY,1,0.07331084,0.92668916
SPY,1,0.09871911,0.90128089
SPY,1,0.08863838,0.91136162
SPY,1,0.07253271,0.92746729
SPY,1,0.07129900,0.92870100
SPY,1,0.07781465,0.92218535
SPY,1,0.10659811,0.89340189
SPY,1,0.07398970,0.92601030
SPY,1,0.07197736,0.92802264
SPY,1,0.07567442,0.92432558
SPY,1,0.10749785,0.89250215
SPY,1,0.07332260,0.92667740
SPY,1,0.07373433,0.92626567
SPY,1,0.07127859,0.92872141
SPY,1,0.09307439,0.90692561
SPY,1,0.07937521,0.92062479
SPY,1,0.07130030,0.92869970
SPY,1,0.07310651,0.92689349
SPY,1,0.07132104,0.92867896
SPY,1,0.09771721,0.90228279
SPY,1,0.07288320,0.92711680
SPY,1,0.08555888,0.91444112
SPY,1,0.07593925,0.92406075
SPY,1,0.09978335,0.90021665
SPY,1,0.07902486,0.92097514
SPY,1,0.07782139,0.92217861
SPY,1,0.07173515,0.92826485
SPY,1,0.08654665,0.91345335
SPY,1,0.07219117,0.92780883
SPY,1,0.07788098,0.92211902
SPY,1,0.16651183,0.83348817
SPY,1,0.12532196,0.87467804
SPY,1,0.07156958,0.92843042
SPY,1,0.08075387,0.91924613
SPY,1,0.07515408,0.92484592
SPY,1,0.07132008,0.92867992
SPY,1,0.08360612,0.91639388
SPY,1,0.07128140,0.92871860
SPY,1,0.08133871,0.91866129
SPY,1,0.07132872,0.92867128
SPY,1,0.63619350,0.36380650
SPY,1,0.08705694,0.91294306
SPY,1,0.10002011,0.89997989
SPY,1,0.12604349,0.87395651
SPY,1,0.07157521,0.92842479
SPY,1,0.08801228,0.91198772
SPY,1,0.16367314,0.83632686
SPY,1,0.08057657,0.91942343
SPY,1,0.07182962,0.92817038
SPY,1,0.09756565,0.90243435
SPY,1,0.08840364,0.91159636
SPY,1,0.07132614,0.92867386
SPY,1,0.11689780,0.88310220
SPY,1,0.09344927,0.90655073
SPY,1,0.07694248,0.92305752
SPY,1,0.07646245,0.92353755
SPY,1,0.07208845,0.92791155
SPY,1,0.08476772,0.91523228
SPY,1,0.07216720,0.92783280
SPY,1,0.07132738,0.92867262
SPY,1,0.07145854,0.92854146
SPY,1,0.07541947,0.92458053
SPY,1,0.07129295,0.92870705
SPY,1,0.07146472,0.92853528
SPY,1,0.07246840,0.92753160
SPY,1,0.08166206,0.91833794
SPY,1,0.07359810,0.92640190
SPY,1,0.09791208,0.90208792
SPY,1,0.07630325,0.92369675
SPY,1,0.07255615,0.92744385
SPY,1,0.09040973,0.90959027
SPY,1,0.07229162,0.92770838
SPY,1,0.10587670,0.89412330
SPY,1,0.07376933,0.92623067
SPY,1,0.08848353,0.91151647
SPY,1,0.07129914,0.92870086
SPY,1,0.11194857,0.88805143
SPY,1,0.09761548,0.90238452
SPY,1,0.10312099,0.89687901
SPY,1,0.33225393,0.66774607
SPY,1,0.09347956,0.90652044
SPY,1,0.07174740,0.92825260
SPY,1,0.07558076,0.92441924
SPY,1,0.26135205,0.73864795
SPY,1,0.07222384,0.92777616
SPY,1,0.16511003,0.83488997
SPY,1,0.07127551,0.92872449
SPY,1,0.34734392,0.65265608
SPY,1,0.34415959,0.65584041
SPY,1,0.50475444,0.49524556
SPY,1,0.25089896,0.74910104
SPY,1,0.48379158,0.51620842
SPY,1,0.07131278,0.92868722
SPY,1,0.09775002,0.90224998
SPY,1,0.07262875,0.92737125
SPY,1,0.18249971,0.81750029
SPY,1,0.16480670,0.83519330
SPY,1,0.68967604,0.31032396
SPY,1,0.08532880,0.91467120
SPY,1,0.16061693,0.83938307
SPY,1,0.12578191,0.87421809
SPY,1,0.07142299,0.92857701
SPY,1,0.17215191,0.82784809
SPY,1,0.07131002,0.92868998
SPY,1,0.09428709,0.90571291
SPY,1,0.19465874,0.80534126
SPY,1,0.07297207,0.92702793
SPY,1,0.07759751,0.92240249
SPY,1,0.09179225,0.90820775
SPY,1,0.08360552,0.91639448
SPY,1,0.07226488,0.92773512
SPY,1,0.07696082,0.92303918
SPY,1,0.07216207,0.92783793
SPY,1,0.07174532,0.92825468
SPY,1,0.07180951,0.92819049
SPY,1,0.07134589,0.92865411
SPY,1,0.07150442,0.92849558
SPY,1,0.09112214,0.90887786
SPY,1,0.07177076,0.92822924
SPY,1,0.07258046,0.92741954
SPY,1,0.08893900,0.91106100
SPY,1,0.07749591,0.92250409
SPY,1,0.07136510,0.92863490
SPY,1,0.07453644,0.92546356
SPY,1,0.07306059,0.92693941
SPY,1,0.10354481,0.89645519
SPY,1,0.08982339,0.91017661
SPY,1,0.08303629,0.91696371
SPY,1,0.07151661,0.92848339
SPY,1,0.07247885,0.92752115
SPY,1,0.09690205,0.90309795
SPY,1,0.07232523,0.92767477
SPY,1,0.37932402,0.62067598
SPY,1,0.07709124,0.92290876
SPY,1,0.35028603,0.64971397
SPY,1,0.12198957,0.87801043
SPY,1,0.12385448,0.87614552
SPY,1,0.53379668,0.46620332
SPY,1,0.95193694,0.04806306
SPY,1,0.10579233,0.89420767
SPY,1,0.08325695,0.91674305
SPY,1,0.07298142,0.92701858
SPY,1,0.07130614,0.92869386
SPY,1,0.07690641,0.92309359
SPY,1,0.07278877,0.92721123
SPY,1,0.08692902,0.91307098
SPY,1,0.15592243,0.84407757
SPY,1,0.07267408,0.92732592
SPY,1,0.51598048,0.48401952
SPY,1,0.17765308,0.82234692
SPY,1,0.17445815,0.82554185
SPY,1,0.56451363,0.43548637
SPY,1,0.09337212,0.90662788
SPY,1,0.12294594,0.87705406
SPY,1,0.07866622,0.92133378
SPY,1,0.09548973,0.90451027
SPY,1,0.14176171,0.85823829
SPY,1,0.19301999,0.80698001
SPY,1,0.07807803,0.92192197
SPY,1,0.08731300,0.91268700
SPY,1,0.32729617,0.67270383
SPY,1,0.07950870,0.92049130
SPY,1,0.07290477,0.92709523
SPY,1,0.22649839,0.77350161
SPY,1,0.28048165,0.71951835
SPY,1,0.11002158,0.88997842
SPY,1,0.18239322,0.81760678
SPY,1,0.16394273,0.83605727
SPY,1,0.34875560,0.65124440
SPY,1,0.07392702,0.92607298
SPY,1,0.13728161,0.86271839
SPY,1,0.07273359,0.92726641
SPY,1,0.08419496,0.91580504
SPY,1,0.14632281,0.85367719
SPY,1,0.07287748,0.92712252
SPY,1,0.13744953,0.86255047
SPY,1,0.08645624,0.91354376
SPY,1,0.07343766,0.92656234
SPY,1,0.07131241,0.92868759
SPY,1,0.07153353,0.92846647
SPY,1,0.09167929,0.90832071
SPY,1,0.07141317,0.92858683
SPY,1,0.07555006,0.92444994
SPY,1,0.07142588,0.92857412
SPY,1,0.07212747,0.92787253
SPY,1,0.07809451,0.92190549
SPY,1,0.09182597,0.90817403
SPY,1,0.07761713,0.92238287
SPY,1,0.08354487,0.91645513
SPY,1,0.07148150,0.92851850
SPY,1,0.26604719,0.73395281
SPY,1,0.07481941,0.92518059
SPY,1,0.35955788,0.64044212
SPY,1,0.08074686,0.91925314
SPY,1,0.20396905,0.79603095
SPY,1,0.08412134,0.91587866
SPY,1,0.21151885,0.78848115
SPY,1,0.07248278,0.92751722
SPY,1,0.18183206,0.81816794
SPY,1,0.07700970,0.92299030
SPY,1,0.11641945,0.88358055
SPY,1,0.07178135,0.92821865
SPY,1,0.09129352,0.90870648
SPY,1,0.33069900,0.66930100
SPY,1,0.08010601,0.91989399
SPY,1,0.07344114,0.92655886
SPY,1,0.20401640,0.79598360
SPY,1,0.10612184,0.89387816
SPY,1,0.08261356,0.91738644
SPY,1,0.07671786,0.92328214
SPY,1,0.10270937,0.89729063
SPY,1,0.07319907,0.92680093
SPY,1,0.07629795,0.92370205
SPY,1,0.08428666,0.91571334
SPY,1,0.09191337,0.90808663
SPY,1,0.07977709,0.92022291
SPY,1,0.07232260,0.92767740
SPY,1,0.08360410,0.91639590
SPY,1,0.07129729,0.92870271
SPY,1,0.18125943,0.81874057
SPY,1,0.11051823,0.88948177
SPY,1,0.07129430,0.92870570
SPY,1,0.08408462,0.91591538
SPY,1,0.07628333,0.92371667
SPY,1,0.07486158,0.92513842
SPY,1,0.07967102,0.92032898
SPY,1,0.07521563,0.92478437
SPY,1,0.07906409,0.92093591
SPY,1,0.15505474,0.84494526
SPY,1,0.13820030,0.86179970
SPY,1,0.08020822,0.91979178
SPY,1,0.17094353,0.82905647
SPY,1,0.09128137,0.90871863
SPY,1,0.07977432,0.92022568
SPY,1,0.24633997,0.75366003
SPY,1,0.07742550,0.92257450
SPY,1,0.07792857,0.92207143
SPY,1,0.07128465,0.92871535
SPY,1,0.15228432,0.84771568
SPY,1,0.07389364,0.92610636
SPY,1,0.07687342,0.92312658
SPY,1,0.07127504,0.92872496
SPY,1,0.07156139,0.92843861
SPY,1,0.07556537,0.92443463
SPY,1,0.07354454,0.92645546
SPY,1,0.16767531,0.83232469
SPY,1,0.11605664,0.88394336
SPY,1,0.07127925,0.92872075
SPY,1,0.09541497,0.90458503
SPY,1,0.07229822,0.92770178
SPY,1,0.07161887,0.92838113
SPY,1,0.07468760,0.92531240
SPY,1,0.11522014,0.88477986
SPY,1,0.07500121,0.92499879
SPY,1,0.09798812,0.90201188
SPY,1,0.07144190,0.92855810
SPY,1,0.19207274,0.80792726
SPY,1,0.08301294,0.91698706
SPY,1,0.11024078,0.88975922
SPY,1,0.08459592,0.91540408
SPY,1,0.08575613,0.91424387
SPY,1,0.07388267,0.92611733
SPY,1,0.14813308,0.85186692
SPY,1,0.08251943,0.91748057
SPY,1,0.09220451,0.90779549
SPY,1,0.07265388,0.92734612
SPY,1,0.10487888,0.89512112
SPY,1,0.08031924,0.91968076
SPY,1,0.07127521,0.92872479
SPY,1,0.73145594,0.26854406
SPY,1,0.07132254,0.92867746
SPY,1,0.11728700,0.88271300
SPY,1,0.07132566,0.92867434
SPY,1,0.07706029,0.92293971
SPY,1,0.09341101,0.90658899
SPY,1,0.37486715,0.62513285
SPY,1,0.07142415,0.92857585
SPY,1,0.23023313,0.76976687
SPY,1,0.20339685,0.79660315
SPY,1,0.09067223,0.90932777
SPY,1,0.07127787,0.92872213
SPY,1,0.10914394,0.89085606
SPY,1,0.07297044,0.92702956
SPY,1,0.07161698,0.92838302
SPY,1,0.07996039,0.92003961
SPY,1,0.07507276,0.92492724
SPY,1,0.09018561,0.90981439
SPY,1,0.16893367,0.83106633
SPY,1,0.10085987,0.89914013
SPY,1,0.18446665,0.81553335
SPY,1,0.11671722,0.88328278
SPY,1,0.07179921,0.92820079
SPY,1,0.07285112,0.92714888
SPY,1,0.07841299,0.92158701
SPY,1,0.07416452,0.92583548
SPY,1,0.07794455,0.92205545
SPY,1,0.11213481,0.88786519
SPY,1,0.07606099,0.92393901
SPY,1,0.21371849,0.78628151
SPY,1,0.11183922,0.88816078
SPY,1,0.07128919,0.92871081
SPY,1,0.07144797,0.92855203
SPY,1,0.07742511,0.92257489
SPY,1,0.09097315,0.90902685
SPY,1,0.07433434,0.92566566
SPY,1,0.11681922,0.88318078
SPY,1,0.74455696,0.25544304
SPY,1,0.99857539,0.00142461
SPY,1,0.99893801,0.00106199
SPY,1,0.94845797,0.05154203
SPY,1,0.99963541,0.00036459
SPY,1,0.96037199,0.03962801
SPY,1,0.07578938,0.92421062
SPY,1,0.11970379,0.88029621
SPY,1,0.98816374,0.01183626
SPY,1,0.29091665,0.70908335
SPY,1,0.07767550,0.92232450
SPY,1,0.35134355,0.64865645
SPY,1,0.85002453,0.14997547
SPY,1,0.16607202,0.83392798
SPY,1,0.08039319,0.91960681
SPY,1,0.08875787,0.91124213
SPY,1,0.07869779,0.92130221
SPY,1,0.19427865,0.80572135
SPY,1,0.14153688,0.85846312
SPY,1,0.07211826,0.92788174
SPY,1,0.42926249,0.57073751
SPY,1,0.07861091,0.92138909
SPY,1,0.20499976,0.79500024
SPY,1,0.07603828,0.92396172
SPY,1,0.07848202,0.92151798
SPY,1,0.07152478,0.92847522
SPY,1,0.94211008,0.05788992
SPY,1,0.07330061,0.92669939
SPY,1,0.53811795,0.46188205
SPY,1,0.08546981,0.91453019
SPY,1,0.30811398,0.69188602
SPY,1,0.59361286,0.40638714
SPY,1,0.07234974,0.92765026
SPY,1,0.11004423,0.88995577
SPY,1,0.13923209,0.86076791
SPY,1,0.07331261,0.92668739
SPY,1,0.07185385,0.92814615
SPY,1,0.10057483,0.89942517
SPY,1,0.08656766,0.91343234
SPY,1,0.28221056,0.71778944
SPY,1,0.09640456,0.90359544
SPY,1,0.07159033,0.92840967
SPY,1,0.07191351,0.92808649
SPY,1,0.09449917,0.90550083
SPY,1,0.37000994,0.62999006
SPY,1,0.21601695,0.78398305
SPY,1,0.07210995,0.92789005
SPY,1,0.07384959,0.92615041
SPY,1,0.16828373,0.83171627
SPY,1,0.07175267,0.92824733
SPY,1,0.08332931,0.91667069
SPY,1,0.17220145,0.82779855
SPY,1,0.08097062,0.91902938
SPY,1,0.07522649,0.92477351
SPY,1,0.07220556,0.92779444
SPY,1,0.07148441,0.92851559
SPY,1,0.13390237,0.86609763
SPY,1,0.07212505,0.92787495
SPY,1,0.07868758,0.92131242
SPY,1,0.28610241,0.71389759
SPY,1,0.21921595,0.78078405
SPY,1,0.25785839,0.74214161
SPY,1,0.07172596,0.92827404
SPY,1,0.34600743,0.65399257
SPY,1,0.07166774,0.92833226
SPY,1,0.07811709,0.92188291
SPY,1,0.07156989,0.92843011
SPY,1,0.07204389,0.92795611
SPY,1,0.07127497,0.92872503
SPY,1,0.07194339,0.92805661
SPY,1,0.08023499,0.91976501
SPY,1,0.12730583,0.87269417
SPY,1,0.13030200,0.86969800
SPY,1,0.32241533,0.67758467
SPY,1,0.47928721,0.52071279
SPY,1,0.07986278,0.92013722
SPY,1,0.10578887,0.89421113
SPY,1,0.12001636,0.87998364
SPY,1,0.07283202,0.92716798
SPY,1,0.58929021,0.41070979
SPY,1,0.07576263,0.92423737
SPY,1,0.16585726,0.83414274
SPY,1,0.34642399,0.65357601
SPY,1,0.25406104,0.74593896
SPY,1,0.61656697,0.38343303
SPY,1,0.09438300,0.90561700
SPY,1,0.14304330,0.85695670
SPY,1,0.23596290,0.76403710
SPY,1,0.07132153,0.92867847
SPY,1,0.07451841,0.92548159
SPY,1,0.15164318,0.84835682
SPY,1,0.09204309,0.90795691
SPY,1,0.16203779,0.83796221
SPY,1,0.32048841,0.67951159
SPY,1,0.07128624,0.92871376
SPY,1,0.20819957,0.79180043
SPY,1,0.93233821,0.06766179
SPY,1,0.25125227,0.74874773
SPY,1,0.07130434,0.92869566
SPY,1,0.11458920,0.88541080
SPY,1,0.89191980,0.10808020
SPY,1,0.24392628,0.75607372
SPY,1,0.63481387,0.36518613
SPY,1,0.07185691,0.92814309
SPY,1,0.21629453,0.78370547
SPY,1,0.08087753,0.91912247
SPY,1,0.70641927,0.29358073
SPY,1,0.22495653,0.77504347
SPY,1,0.18893831,0.81106169
SPY,1,0.13425922,0.86574078
SPY,1,0.08004233,0.91995767
SPY,1,0.90201433,0.09798567
SPY,1,0.07403339,0.92596661
SPY,1,0.51190211,0.48809789
SPY,1,0.07997339,0.92002661
SPY,1,0.07389590,0.92610410
SPY,1,0.57267432,0.42732568
SPY,1,0.34629191,0.65370809
SPY,1,0.07235595,0.92764405
SPY,1,0.07165896,0.92834104
SPY,1,0.23178597,0.76821403
SPY,1,0.56580129,0.43419871
SPY,1,0.56667816,0.43332184
SPY,1,0.49875594,0.50124406
SPY,1,0.07413970,0.92586030
SPY,1,0.07171701,0.92828299
SPY,1,0.27841297,0.72158703
SPY,1,0.16907672,0.83092328
SPY,1,0.07668640,0.92331360
SPY,1,0.20927235,0.79072765
SPY,1,0.07178317,0.92821683
SPY,1,0.11425662,0.88574338
SPY,1,0.79764390,0.20235610
SPY,1,0.10178359,0.89821641
SPY,1,0.08193697,0.91806303
SPY,1,0.07874874,0.92125126
SPY,1,0.07197666,0.92802334
SPY,1,0.16331715,0.83668285
SPY,1,0.07883402,0.92116598
SPY,1,0.07222165,0.92777835
SPY,1,0.37101073,0.62898927
SPY,1,0.07139325,0.92860675
SPY,1,0.07292849,0.92707151
SPY,1,0.08938193,0.91061807
SPY,1,0.10100019,0.89899981
SPY,1,0.08321288,0.91678712
SPY,1,0.07307632,0.92692368
SPY,1,0.07135086,0.92864914
SPY,1,0.09836918,0.90163082
SPY,1,0.07198718,0.92801282
SPY,1,0.07142846,0.92857154
SPY,1,0.13126451,0.86873549
SPY,1,0.08794834,0.91205166
SPY,1,0.07328041,0.92671959
SPY,1,0.09687252,0.90312748
SPY,1,0.07459322,0.92540678
SPY,1,0.15237917,0.84762083
SPY,1,0.13978929,0.86021071
SPY,1,0.16223195,0.83776805
SPY,1,0.07225245,0.92774755
SPY,1,0.07349518,0.92650482
SPY,1,0.12697396,0.87302604
SPY,1,0.16769867,0.83230133
SPY,1,0.07196526,0.92803474
SPY,1,0.07191004,0.92808996
SPY,1,0.10018726,0.89981274
SPY,1,0.07972259,0.92027741
SPY,1,0.07215936,0.92784064
SPY,1,0.08729389,0.91270611
SPY,1,0.07145823,0.92854177
SPY,1,0.07283929,0.92716071
SPY,1,0.07214790,0.92785210
SPY,1,0.07389391,0.92610609
SPY,1,0.12523324,0.87476676
SPY,1,0.09581256,0.90418744
SPY,1,0.10473832,0.89526168
SPY,1,0.11116052,0.88883948
SPY,1,0.09712958,0.90287042
SPY,1,0.07161708,0.92838292
SPY,1,0.07845781,0.92154219
SPY,1,0.07205750,0.92794250
SPY,1,0.20640301,0.79359699
SPY,1,0.11320281,0.88679719
SPY,1,0.07156256,0.92843744
SPY,1,0.12253278,0.87746722
SPY,1,0.12454641,0.87545359
SPY,1,0.11651563,0.88348437
SPY,1,0.07156242,0.92843758
SPY,1,0.07769002,0.92230998
SPY,1,0.09180757,0.90819243
SPY,1,0.07151027,0.92848973
SPY,1,0.21552854,0.78447146
SPY,1,0.11494946,0.88505054
SPY,1,0.07182953,0.92817047
SPY,1,0.08163996,0.91836004
SPY,1,0.07235199,0.92764801
SPY,1,0.07305486,0.92694514
SPY,1,0.07702960,0.92297040
SPY,1,0.07504375,0.92495625
SPY,1,0.08394464,0.91605536
SPY,1,0.07364815,0.92635185
SPY,1,0.07763710,0.92236290
SPY,1,0.07180711,0.92819289
SPY,1,0.13814271,0.86185729
SPY,1,0.12361107,0.87638893
SPY,1,0.07551698,0.92448302
SPY,1,0.07263825,0.92736175
SPY,1,0.07555122,0.92444878
SPY,1,0.07755300,0.92244700
SPY,1,0.09253932,0.90746068
SPY,1,0.07808680,0.92191320
SPY,1,0.07218957,0.92781043
SPY,1,0.21654867,0.78345133
SPY,1,0.99942369,0.00057631
SPY,1,0.75181893,0.24818107
SPY,1,0.36233985,0.63766015
SPY,1,0.55705919,0.44294081
SPY,1,0.33088666,0.66911334
SPY,1,0.07838685,0.92161315
SPY,1,0.10131798,0.89868202
SPY,1,0.08662265,0.91337735
SPY,1,0.07127513,0.92872487
SPY,1,0.29743539,0.70256461
SPY,1,0.08637413,0.91362587
SPY,1,0.10815154,0.89184846
SPY,1,0.07149956,0.92850044
SPY,1,0.08910585,0.91089415
SPY,1,0.07155369,0.92844631
SPY,1,0.07468725,0.92531275
SPY,1,0.07154404,0.92845596
SPY,1,0.08016759,0.91983241
SPY,1,0.07727502,0.92272498
SPY,1,0.08046154,0.91953846
SPY,1,0.07389809,0.92610191
SPY,1,0.07128871,0.92871129
SPY,1,0.07180914,0.92819086
SPY,1,0.07183745,0.92816255
SPY,1,0.07286898,0.92713102
SPY,1,0.07149684,0.92850316
SPY,1,0.09688915,0.90311085
SPY,1,0.07387698,0.92612302
SPY,1,0.07228010,0.92771990
SPY,1,0.11609811,0.88390189
SPY,1,0.07132165,0.92867835
SPY,1,0.07142170,0.92857830
SPY,1,0.07436731,0.92563269
SPY,1,0.08182393,0.91817607
SPY,1,0.07134260,0.92865740
SPY,1,0.07542083,0.92457917
SPY,1,0.08457348,0.91542652
SPY,1,0.07217544,0.92782456
SPY,1,0.07446100,0.92553900
SPY,1,0.07205032,0.92794968
SPY,1,0.07129720,0.92870280
SPY,1,0.07340095,0.92659905
SPY,1,0.08488541,0.91511459
SPY,1,0.07209648,0.92790352
SPY,1,0.07330404,0.92669596
SPY,1,0.08373265,0.91626735
SPY,1,0.07192477,0.92807523
SPY,1,0.07620893,0.92379107
SPY,1,0.07131211,0.92868789
SPY,1,0.08259009,0.91740991
SPY,1,0.07799461,0.92200539
SPY,1,0.07130402,0.92869598
SPY,1,0.07407148,0.92592852
SPY,1,0.89553102,0.10446898
SPY,1,0.18075338,0.81924662
SPY,1,0.22191933,0.77808067
SPY,1,0.07331635,0.92668365
SPY,1,0.14239723,0.85760277
SPY,1,0.07540956,0.92459044
SPY,1,0.07130458,0.92869542
SPY,1,0.07127734,0.92872266
SPY,1,0.17049790,0.82950210
SPY,1,0.10685875,0.89314125
SPY,1,0.08427567,0.91572433
SPY,1,0.12280338,0.87719662
SPY,1,0.08733565,0.91266435
SPY,1,0.08967267,0.91032733
SPY,1,0.11998107,0.88001893
SPY,1,0.09684522,0.90315478
SPY,1,0.07258761,0.92741239
SPY,1,0.08787783,0.91212217
SPY,1,0.07941235,0.92058765
SPY,1,0.07200457,0.92799543
SPY,1,0.07738156,0.92261844
SPY,1,0.08435403,0.91564597
SPY,1,0.19664936,0.80335064
SPY,1,0.07127878,0.92872122
SPY,1,0.07657510,0.92342490
SPY,1,0.07128759,0.92871241
SPY,1,0.07762049,0.92237951
SPY,1,0.09137799,0.90862201
SPY,1,0.07734653,0.92265347
SPY,1,0.07257955,0.92742045
SPY,1,0.07131083,0.92868917
SPY,1,0.08150450,0.91849550
SPY,1,0.07575062,0.92424938
SPY,1,0.07427902,0.92572098
SPY,1,0.07575550,0.92424450
SPY,1,0.07698981,0.92301019
SPY,1,0.07131537,0.92868463
SPY,1,0.10417708,0.89582292
SPY,1,0.09980025,0.90019975
SPY,1,0.08704766,0.91295234
SPY,1,0.07263112,0.92736888
SPY,1,0.75728680,0.24271320
SPY,1,0.10034190,0.89965810
SPY,1,0.16676850,0.83323150
SPY,1,0.07855938,0.92144062
SPY,1,0.07345902,0.92654098
SPY,1,0.07142240,0.92857760
SPY,1,0.11094136,0.88905864
SPY,1,0.07182539,0.92817461
SPY,1,0.08496942,0.91503058
SPY,1,0.07275302,0.92724698
SPY,1,0.10428833,0.89571167
SPY,1,0.07540269,0.92459731
SPY,1,0.07157504,0.92842496
SPY,1,0.07903735,0.92096265
SPY,1,0.08152216,0.91847784
SPY,1,0.07234966,0.92765034
SPY,1,0.07380967,0.92619033
SPY,1,0.07982673,0.92017327
SPY,1,0.07127978,0.92872022
SPY,1,0.09282872,0.90717128
SPY,1,0.07926662,0.92073338
SPY,1,0.23093918,0.76906082
SPY,1,0.07981715,0.92018285
SPY,1,0.09647927,0.90352073
SPY,1,0.07152195,0.92847805
SPY,1,0.09515884,0.90484116
SPY,1,0.10420657,0.89579343
SPY,1,0.07629371,0.92370629
SPY,1,0.07216585,0.92783415
SPY,1,0.07299506,0.92700494
SPY,1,0.08061518,0.91938482
SPY,1,0.07349371,0.92650629
SPY,1,0.07329496,0.92670504
SPY,1,0.07176421,0.92823579
SPY,1,0.07396120,0.92603880
SPY,1,0.10711789,0.89288211
SPY,1,0.07222187,0.92777813
SPY,1,0.07843873,0.92156127
SPY,1,0.10424602,0.89575398
SPY,1,0.09715522,0.90284478
SPY,1,0.07127558,0.92872442
SPY,1,0.07939874,0.92060126
SPY,1,0.07570100,0.92429900
SPY,1,0.07142703,0.92857297
SPY,1,0.07482810,0.92517190
SPY,1,0.07330819,0.92669181
SPY,1,0.07311738,0.92688262
SPY,1,0.07667250,0.92332750
SPY,1,0.07287890,0.92712110
SPY,1,0.07622839,0.92377161
SPY,1,0.07567317,0.92432683
SPY,1,0.07375028,0.92624972
SPY,1,0.09197762,0.90802238
SPY,1,0.13168171,0.86831829
SPY,1,0.07127503,0.92872497
SPY,1,0.07260159,0.92739841
SPY,1,0.09452228,0.90547772
SPY,1,0.07168769,0.92831231
SPY,1,0.07136480,0.92863520
SPY,1,0.07144754,0.92855246
SPY,1,0.10112474,0.89887526
SPY,1,0.07169660,0.92830340
SPY,1,0.07130160,0.92869840
SPY,1,0.07205096,0.92794904
SPY,1,0.09183367,0.90816633
SPY,1,0.08321697,0.91678303
SPY,1,0.09141855,0.90858145
SPY,1,0.08350819,0.91649181
SPY,1,0.08892389,0.91107611
SPY,1,0.07127833,0.92872167
SPY,1,0.07203781,0.92796219
SPY,1,0.09242074,0.90757926
SPY,1,0.07127949,0.92872051
SPY,1,0.07144701,0.92855299
SPY,1,0.07240047,0.92759953
SPY,1,0.07246252,0.92753748
SPY,1,0.07418967,0.92581033
SPY,1,0.23563484,0.76436516
SPY,1,0.08253053,0.91746947
SPY,1,0.07128153,0.92871847
SPY,1,0.07572019,0.92427981
SPY,1,0.07753219,0.92246781
SPY,1,0.07353910,0.92646090
SPY,1,0.07162936,0.92837064
SPY,1,0.07836989,0.92163011
SPY,1,0.07177020,0.92822980
SPY,1,0.07816061,0.92183939
SPY,1,0.10970812,0.89029188
SPY,1,0.07155910,0.92844090
SPY,1,0.07255125,0.92744875
SPY,1,0.07305885,0.92694115
SPY,1,0.21832090,0.78167910
SPY,1,0.07153553,0.92846447
SPY,1,0.07190122,0.92809878
SPY,1,0.07135921,0.92864079
SPY,1,0.07211854,0.92788146
SPY,1,0.10128938,0.89871062
SPY,1,0.07351208,0.92648792
SPY,1,0.07647261,0.92352739
SPY,1,0.07367977,0.92632023
SPY,1,0.07282006,0.92717994
SPY,1,0.07146639,0.92853361
SPY,1,0.07661445,0.92338555
SPY,1,0.07393372,0.92606628
SPY,1,0.07144147,0.92855853
SPY,1,0.07136544,0.92863456
SPY,1,0.07185082,0.92814918
SPY,1,0.08174842,0.91825158
SPY,1,0.09952798,0.90047202
SPY,1,0.11155245,0.88844755
SPY,1,0.07407940,0.92592060
SPY,1,0.07335167,0.92664833
SPY,1,0.11023367,0.88976633
SPY,1,0.07370992,0.92629008
SPY,1,0.15592276,0.84407724
SPY,1,0.10057598,0.89942402
SPY,1,0.07131971,0.92868029
SPY,1,0.07157634,0.92842366
SPY,1,0.07350052,0.92649948
SPY,1,0.07318810,0.92681190
SPY,1,0.07159234,0.92840766
SPY,1,0.07174260,0.92825740
SPY,1,0.07161884,0.92838116
SPY,1,0.08021835,0.91978165
SPY,1,0.07135431,0.92864569
SPY,1,0.07176118,0.92823882
SPY,1,0.07270133,0.92729867
SPY,1,0.07300179,0.92699821
SPY,1,0.07261985,0.92738015
SPY,1,0.08507773,0.91492227
SPY,1,0.07129373,0.92870627
SPY,1,0.47094831,0.52905169
SPY,1,0.07273499,0.92726501
SPY,1,0.10021776,0.89978224
SPY,1,0.09106151,0.90893849
SPY,1,0.07513289,0.92486711
SPY,1,0.07443876,0.92556124
SPY,1,0.08630008,0.91369992
SPY,1,0.07140347,0.92859653
SPY,1,0.07163655,0.92836345
SPY,1,0.07143084,0.92856916
SPY,1,0.10912185,0.89087815
SPY,1,0.08152723,0.91847277
SPY,1,0.07132763,0.92867237
SPY,1,0.07621635,0.92378365
SPY,1,0.07212951,0.92787049
SPY,1,0.07143022,0.92856978
SPY,1,0.07223805,0.92776195
SPY,1,0.07132758,0.92867242
SPY,1,0.08436483,0.91563517
SPY,1,0.07144634,0.92855366
SPY,1,0.07340107,0.92659893
SPY,1,0.07128147,0.92871853
SPY,1,0.11606851,0.88393149
SPY,1,0.09075293,0.90924707
SPY,1,0.07186714,0.92813286
SPY,1,0.07139959,0.92860041
SPY,1,0.07217190,0.92782810
SPY,1,0.07146358,0.92853642
SPY,1,0.11012484,0.88987516
SPY,1,0.10782564,0.89217436
SPY,1,0.10612022,0.89387978
SPY,1,0.07155717,0.92844283
SPY,1,0.07426147,0.92573853
SPY,1,0.07332847,0.92667153
SPY,1,0.12293438,0.87706562
SPY,1,0.08693034,0.91306966
SPY,1,0.07297757,0.92702243
SPY,1,0.07144996,0.92855004
SPY,1,0.10309342,0.89690658
SPY,1,0.07498989,0.92501011
SPY,1,0.08410661,0.91589339
SPY,1,0.07142892,0.92857108
SPY,1,0.07140170,0.92859830
SPY,1,0.08813493,0.91186507
SPY,1,0.07171053,0.92828947
SPY,1,0.07162173,0.92837827
SPY,1,0.07130901,0.92869099
SPY,1,0.07415518,0.92584482
SPY,1,0.07138527,0.92861473
SPY,1,0.07166784,0.92833216
SPY,1,0.07223420,0.92776580
SPY,1,0.07142876,0.92857124
SPY,1,0.07343037,0.92656963
SPY,1,0.07153947,0.92846053
SPY,1,0.07299616,0.92700384
SPY,1,0.07251260,0.92748740
SPY,1,0.07340602,0.92659398
SPY,1,0.07361347,0.92638653
SPY,1,0.07144848,0.92855152
SPY,1,0.26451780,0.73548220
SPY,1,0.07127683,0.92872317
SPY,1,0.14480426,0.85519574
SPY,1,0.07175886,0.92824114
SPY,1,0.07284960,0.92715040
SPY,1,0.33831523,0.66168477
SPY,1,0.07713056,0.92286944
SPY,1,0.07146938,0.92853062
SPY,1,0.15429036,0.84570964
SPY,1,0.07446207,0.92553793
SPY,1,0.07525177,0.92474823
SPY,1,0.07355562,0.92644438
SPY,1,0.07132097,0.92867903
SPY,1,0.07196565,0.92803435
SPY,1,0.08455887,0.91544113
SPY,1,0.09683346,0.90316654
SPY,1,0.07354575,0.92645425
SPY,1,0.10194946,0.89805054
SPY,1,0.07492350,0.92507650
SPY,1,0.07130834,0.92869166
SPY,1,0.07201501,0.92798499
SPY,1,0.15411277,0.84588723
SPY,1,0.08274003,0.91725997
SPY,1,0.07165211,0.92834789
SPY,1,0.07131217,0.92868783
SPY,1,0.07217620,0.92782380
SPY,1,0.07401290,0.92598710
SPY,1,0.07207269,0.92792731
SPY,1,0.07139019,0.92860981
SPY,1,0.07500252,0.92499748
SPY,1,0.07127960,0.92872040
SPY,1,0.07344061,0.92655939
SPY,1,0.07134924,0.92865076
SPY,1,0.07985743,0.92014257
SPY,1,0.07266535,0.92733465
SPY,1,0.07849731,0.92150269
SPY,1,0.08376358,0.91623642
SPY,1,0.07491737,0.92508263
SPY,1,0.07233348,0.92766652
SPY,1,0.09276807,0.90723193
SPY,1,0.07140032,0.92859968
SPY,1,0.07279341,0.92720659
SPY,1,0.07380679,0.92619321
SPY,1,0.07311582,0.92688418
SPY,1,0.07212684,0.92787316
SPY,1,0.07181660,0.92818340
SPY,1,0.07272134,0.92727866
SPY,1,0.07151421,0.92848579
SPY,1,0.07187750,0.92812250
SPY,1,0.07147556,0.92852444
SPY,1,0.08502456,0.91497544
SPY,1,0.07614350,0.92385650
SPY,1,0.07194497,0.92805503
SPY,1,0.08333334,0.91666666
SPY,1,0.07128001,0.92871999
SPY,1,0.12310729,0.87689271
SPY,1,0.07482790,0.92517210
SPY,1,0.07177016,0.92822984
SPY,1,0.07241057,0.92758943
SPY,1,0.07142341,0.92857659
SPY,1,0.07744516,0.92255484
SPY,1,0.07320525,0.92679475
SPY,1,0.07141905,0.92858095
SPY,1,0.07265981,0.92734019
SPY,1,0.07772228,0.92227772
SPY,1,0.07153757,0.92846243
SPY,1,0.07169375,0.92830625
SPY,1,0.07389325,0.92610675
SPY,1,0.08719398,0.91280602
SPY,1,0.11161710,0.88838290
SPY,1,0.07341482,0.92658518
SPY,1,0.07227565,0.92772435
SPY,1,0.09858998,0.90141002
SPY,1,0.07128972,0.92871028
SPY,1,0.07386155,0.92613845
SPY,1,0.07130646,0.92869354
SPY,1,0.14504461,0.85495539
SPY,1,0.07140563,0.92859437
SPY,1,0.12149372,0.87850628
SPY,1,0.07193064,0.92806936
SPY,1,0.07236135,0.92763865
SPY,1,0.07889930,0.92110070
SPY,1,0.07129708,0.92870292
SPY,1,0.07668755,0.92331245
SPY,1,0.09079907,0.90920093
SPY,1,0.07835534,0.92164466
SPY,1,0.07359340,0.92640660
SPY,1,0.07127841,0.92872159
SPY,1,0.08057859,0.91942141
SPY,1,0.11077792,0.88922208
SPY,1,0.10381874,0.89618126
SPY,1,0.07563579,0.92436421
SPY,1,0.07204631,0.92795369
SPY,1,0.07331769,0.92668231
SPY,1,0.07127562,0.92872438
SPY,1,0.07206161,0.92793839
SPY,1,0.07134057,0.92865943
SPY,1,0.07362729,0.92637271
SPY,1,0.07813359,0.92186641
SPY,1,0.09866150,0.90133850
SPY,1,0.10231897,0.89768103
SPY,1,0.08483852,0.91516148
SPY,1,0.10247673,0.89752327
SPY,1,0.07475762,0.92524238
SPY,1,0.07449739,0.92550261
SPY,1,0.07213666,0.92786334
SPY,1,0.10244534,0.89755466
SPY,1,0.10449938,0.89550062
SPY,1,0.07519699,0.92480301
SPY,1,0.12853427,0.87146573
SPY,1,0.07140354,0.92859646
SPY,1,0.08116466,0.91883534
SPY,1,0.12050451,0.87949549
SPY,1,0.07614298,0.92385702
SPY,1,0.07128753,0.92871247
SPY,1,0.07135060,0.92864940
SPY,1,0.18008452,0.81991548
SPY,1,0.08795607,0.91204393
SPY,1,0.16690250,0.83309750
SPY,1,0.07148631,0.92851369
SPY,1,0.07188639,0.92811361
SPY,1,0.78405013,0.21594987
SPY,1,0.99999859,0.00000141
SPY,1,0.30161502,0.69838498
SPY,1,0.07714457,0.92285543
SPY,1,0.99990854,0.00009146
SPY,1,0.15912514,0.84087486
SPY,1,0.37815582,0.62184418
SPY,1,0.08048161,0.91951839
SPY,1,0.25077513,0.74922487
SPY,1,0.27079139,0.72920861
SPY,1,0.07277088,0.92722912
SPY,1,0.09449577,0.90550423
SPY,1,0.09000326,0.90999674
SPY,1,0.07156645,0.92843355
SPY,1,0.36278251,0.63721749
SPY,1,0.23533136,0.76466864
SPY,1,0.17323310,0.82676690
SPY,1,0.18021527,0.81978473
SPY,1,0.35191516,0.64808484
SPY,1,0.07805451,0.92194549
SPY,1,0.19418191,0.80581809
SPY,1,0.07915235,0.92084765
SPY,1,0.07127902,0.92872098
SPY,1,0.08417730,0.91582270
SPY,1,0.48050342,0.51949658
SPY,1,0.07148898,0.92851102
SPY,1,0.09778142,0.90221858
SPY,1,0.09135271,0.90864729
SPY,1,0.07271660,0.92728340
SPY,1,0.07175935,0.92824065
SPY,1,0.24379870,0.75620130
SPY,1,0.07129624,0.92870376
SPY,1,0.07285828,0.92714172
SPY,1,0.92833795,0.07166205
SPY,1,0.89001908,0.10998092
SPY,1,0.90071386,0.09928614
SPY,1,0.27249751,0.72750249
SPY,1,0.08451614,0.91548386
SPY,1,0.20382235,0.79617765
SPY,1,0.67187063,0.32812937
SPY,1,0.15108171,0.84891829
SPY,1,0.19374239,0.80625761
SPY,1,0.12726564,0.87273436
SPY,1,0.75590047,0.24409953
SPY,1,0.07443803,0.92556197
SPY,1,0.38414969,0.61585031
SPY,1,0.07801596,0.92198404
SPY,1,0.10805866,0.89194134
SPY,1,0.07346735,0.92653265
SPY,1,0.11102460,0.88897540
SPY,1,0.17963729,0.82036271
SPY,1,0.07319866,0.92680134
SPY,1,0.08860898,0.91139102
SPY,1,0.12880059,0.87119941
SPY,1,0.07189194,0.92810806
SPY,1,0.24662786,0.75337214
SPY,1,0.07177561,0.92822439
SPY,1,0.15209320,0.84790680
SPY,1,0.07349598,0.92650402
SPY,1,0.10807372,0.89192628
SPY,1,0.07172375,0.92827625
SPY,1,0.09708112,0.90291888
SPY,1,0.07593391,0.92406609
SPY,1,0.21190054,0.78809946
SPY,1,0.08420251,0.91579749
SPY,1,0.07134679,0.92865321
SPY,1,0.13717827,0.86282173
SPY,1,0.15164740,0.84835260
SPY,1,0.08040077,0.91959923
SPY,1,0.07161843,0.92838157
SPY,1,0.10001666,0.89998334
SPY,1,0.07767910,0.92232090
SPY,1,0.07135181,0.92864819
SPY,1,0.07486687,0.92513313
SPY,1,0.10363274,0.89636726
SPY,1,0.07330406,0.92669594
SPY,1,0.07444398,0.92555602
SPY,1,0.07288524,0.92711476
SPY,1,0.07490953,0.92509047
SPY,1,0.18758797,0.81241203
SPY,1,0.19206870,0.80793130
SPY,1,0.08360947,0.91639053
SPY,1,0.12827859,0.87172141
SPY,1,0.09102476,0.90897524
SPY,1,0.07209101,0.92790899
SPY,1,0.11803915,0.88196085
SPY,1,0.07161493,0.92838507
SPY,1,0.07591284,0.92408716
SPY,1,0.07271264,0.92728736
SPY,1,0.07235935,0.92764065
SPY,1,0.07629027,0.92370973
SPY,1,0.07375249,0.92624751
SPY,1,0.07179853,0.92820147
SPY,1,0.07383672,0.92616328
SPY,1,0.08038609,0.91961391
SPY,1,0.07213641,0.92786359
SPY,1,0.09327701,0.90672299
SPY,1,0.07194371,0.92805629
SPY,1,0.24389495,0.75610505
SPY,1,0.07153455,0.92846545
SPY,1,0.11365762,0.88634238
SPY,1,0.08417769,0.91582231
SPY,1,0.07352930,0.92647070
SPY,1,0.07406555,0.92593445
SPY,1,0.07717164,0.92282836
SPY,1,0.10946667,0.89053333
SPY,1,0.13190545,0.86809455
SPY,1,0.14216769,0.85783231
SPY,1,0.08299344,0.91700656
SPY,1,0.10088307,0.89911693
SPY,1,0.11551059,0.88448941
SPY,1,0.07294159,0.92705841
SPY,1,0.07161585,0.92838415
SPY,1,0.07979331,0.92020669
SPY,1,0.07472433,0.92527567
SPY,1,0.07811725,0.92188275
SPY,1,0.07255122,0.92744878
SPY,1,0.07285349,0.92714651
SPY,1,0.08686876,0.91313124
SPY,1,0.12737930,0.87262070
SPY,1,0.07234666,0.92765334
SPY,1,0.10201163,0.89798837
SPY,1,0.09234130,0.90765870
SPY,1,0.08174273,0.91825727
SPY,1,0.07194509,0.92805491
SPY,1,0.08703380,0.91296620
SPY,1,0.08468213,0.91531787
SPY,1,0.08069211,0.91930789
SPY,1,0.07874206,0.92125794
SPY,1,0.07127670,0.92872330
SPY,1,0.07232295,0.92767705
SPY,1,0.10015868,0.89984132
SPY,1,0.08251665,0.91748335
SPY,1,0.09205711,0.90794289
SPY,1,0.09941850,0.90058150
SPY,1,0.10384217,0.89615783
SPY,1,0.08204385,0.91795615
SPY,1,0.07466599,0.92533401
SPY,1,0.07481533,0.92518467
SPY,1,0.07133394,0.92866606
SPY,1,0.07229409,0.92770591
SPY,1,0.09132922,0.90867078
SPY,1,0.11968912,0.88031088
SPY,1,0.07222658,0.92777342
SPY,1,0.08817807,0.91182193
SPY,1,0.07779667,0.92220333
SPY,1,0.07136312,0.92863688
SPY,1,0.07283193,0.92716807
SPY,1,0.07573376,0.92426624
SPY,1,0.07720212,0.92279788
SPY,1,0.07402277,0.92597723
SPY,1,0.07249349,0.92750651
SPY,1,0.07786018,0.92213982
SPY,1,0.07146524,0.92853476
SPY,1,0.09186477,0.90813523
SPY,1,0.07162601,0.92837399
SPY,1,0.08730040,0.91269960
SPY,1,0.08441693,0.91558307
SPY,1,0.07272415,0.92727585
SPY,1,0.11511355,0.88488645
SPY,1,0.07127534,0.92872466
SPY,1,0.07764542,0.92235458
SPY,1,0.07215213,0.92784787
SPY,1,0.07644367,0.92355633
SPY,1,0.07449599,0.92550401
SPY,1,0.07136256,0.92863744
SPY,1,0.07784607,0.92215393
SPY,1,0.07129617,0.92870383
SPY,1,0.07139740,0.92860260
SPY,1,0.11006400,0.88993600
SPY,1,0.09645396,0.90354604
SPY,1,0.07147347,0.92852653
SPY,1,0.07239400,0.92760600
SPY,1,0.99653944,0.00346056
SPY,1,0.93558447,0.06441553
SPY,1,0.17448084,0.82551916
SPY,1,0.08062708,0.91937292
SPY,1,0.71252174,0.28747826
SPY,1,0.07475400,0.92524600
SPY,1,0.28777822,0.71222178
SPY,1,0.07370190,0.92629810
SPY,1,0.08289057,0.91710943
SPY,1,0.08943069,0.91056931
SPY,1,0.99427930,0.00572070
SPY,1,0.28189895,0.71810105
SPY,1,0.35322806,0.64677194
SPY,1,0.10680171,0.89319829
SPY,1,0.26843041,0.73156959
SPY,1,0.19974783,0.80025217
SPY,1,0.18543484,0.81456516
SPY,1,0.08411998,0.91588002
SPY,1,0.08453969,0.91546031
SPY,1,0.10054986,0.89945014
SPY,1,0.76845465,0.23154535
SPY,1,0.07141139,0.92858861
SPY,1,0.14459545,0.85540455
SPY,1,0.63705855,0.36294145
SPY,1,0.07982520,0.92017480
SPY,1,0.10208561,0.89791439
SPY,1,0.13734703,0.86265297
SPY,1,0.07890822,0.92109178
SPY,1,0.41274857,0.58725143
SPY,1,0.68095548,0.31904452
SPY,1,0.07222862,0.92777138
SPY,1,0.09516342,0.90483658
SPY,1,0.32524425,0.67475575
SPY,1,0.08619463,0.91380537
SPY,1,0.83821441,0.16178559
SPY,1,0.07132647,0.92867353
SPY,1,0.09119370,0.90880630
SPY,1,0.25665907,0.74334093
SPY,1,0.99472517,0.00527483
SPY,1,0.08631946,0.91368054
SPY,1,0.86357236,0.13642764
SPY,1,0.07152239,0.92847761
SPY,1,0.07137376,0.92862624
SPY,1,0.08574596,0.91425404
SPY,1,0.07129861,0.92870139
SPY,1,0.54432528,0.45567472
SPY,1,0.76756593,0.23243407
SPY,1,0.07706832,0.92293168
SPY,1,0.32160242,0.67839758
SPY,1,0.50073494,0.49926506
SPY,1,0.80538423,0.19461577
SPY,1,0.98332386,0.01667614
SPY,1,0.99999941,0.00000059
SPY,1,0.22729200,0.77270800
SPY,1,0.07138073,0.92861927
SPY,1,0.12047266,0.87952734
SPY,1,0.07338380,0.92661620
SPY,1,0.87877917,0.12122083
SPY,1,0.99058165,0.00941835
SPY,1,0.17786838,0.82213162
SPY,1,0.14855240,0.85144760
SPY,1,0.09010216,0.90989784
SPY,1,0.08023200,0.91976800
SPY,1,0.07158717,0.92841283
SPY,1,0.09308256,0.90691744
SPY,1,0.15946446,0.84053554
SPY,1,0.07861679,0.92138321
SPY,1,0.11051800,0.88948200
SPY,1,0.26642556,0.73357444
SPY,1,0.19695209,0.80304791
SPY,1,0.07145977,0.92854023
SPY,1,0.07157720,0.92842280
SPY,1,0.11913013,0.88086987
SPY,1,0.09853688,0.90146312
SPY,1,0.07375882,0.92624118
SPY,1,0.34044153,0.65955847
SPY,1,0.15389472,0.84610528
SPY,1,0.07236681,0.92763319
SPY,1,0.10206212,0.89793788
SPY,1,0.08516718,0.91483282
SPY,1,0.07166080,0.92833920
SPY,1,0.13906573,0.86093427
SPY,1,0.07128968,0.92871032
SPY,1,0.07152252,0.92847748
SPY,1,0.21926748,0.78073252
SPY,1,0.08337409,0.91662591
SPY,1,0.07310776,0.92689224
SPY,1,0.15659020,0.84340980
SPY,1,0.07584841,0.92415159
SPY,1,0.07384675,0.92615325
SPY,1,0.07731473,0.92268527
SPY,1,0.09083684,0.90916316
SPY,1,0.07347333,0.92652667
SPY,1,0.07144217,0.92855783
SPY,1,0.07140971,0.92859029
SPY,1,0.07320237,0.92679763
SPY,1,0.09261954,0.90738046
SPY,1,0.07597716,0.92402284
SPY,1,0.07290867,0.92709133
SPY,1,0.09429711,0.90570289
SPY,1,0.12786445,0.87213555
SPY,1,0.07586418,0.92413582
SPY,1,0.27185603,0.72814397
SPY,1,0.08768035,0.91231965
SPY,1,0.10152783,0.89847217
SPY,1,0.07127872,0.92872128
SPY,1,0.08459706,0.91540294
SPY,1,0.08084042,0.91915958
SPY,1,0.07149237,0.92850763
SPY,1,0.07606649,0.92393351
SPY,1,0.16354692,0.83645308
SPY,1,0.50996757,0.49003243
SPY,1,0.07574532,0.92425468
SPY,1,0.10500821,0.89499179
SPY,1,0.08218349,0.91781651
SPY,1,0.07682309,0.92317691
SPY,1,0.09852152,0.90147848
SPY,1,0.20730065,0.79269935
SPY,1,0.07295358,0.92704642
SPY,1,0.07266529,0.92733471
SPY,1,0.07553996,0.92446004
SPY,1,0.08619866,0.91380134
SPY,1,0.07215077,0.92784923
SPY,1,0.08578710,0.91421290
SPY,1,0.07559460,0.92440540
SPY,1,0.07127983,0.92872017
SPY,1,0.09862400,0.90137600
SPY,1,0.07127883,0.92872117
SPY,1,0.07145222,0.92854778
SPY,1,0.07427812,0.92572188
SPY,1,0.07279228,0.92720772
SPY,1,0.07188274,0.92811726
SPY,1,0.12751026,0.87248974
SPY,1,0.07207782,0.92792218
SPY,1,0.07166158,0.92833842
SPY,1,0.08299809,0.91700191
SPY,1,0.07355649,0.92644351
SPY,1,0.07151789,0.92848211
SPY,1,0.10660985,0.89339015
SPY,1,0.07607775,0.92392225
SPY,1,0.13511307,0.86488693
SPY,1,0.07628799,0.92371201
SPY,1,0.44690399,0.55309601
SPY,1,0.07694623,0.92305377
SPY,1,0.07673815,0.92326185
SPY,1,0.08355285,0.91644715
SPY,1,0.90996594,0.09003406
SPY,1,0.09413799,0.90586201
SPY,1,0.09974134,0.90025866
SPY,1,0.14161074,0.85838926
SPY,1,0.08854734,0.91145266
SPY,1,0.10504307,0.89495693
SPY,1,0.11587949,0.88412051
SPY,1,0.07358387,0.92641613
SPY,1,0.21227290,0.78772710
SPY,1,0.07171205,0.92828795
SPY,1,0.12828938,0.87171062
SPY,1,0.10975267,0.89024733
SPY,1,0.07336019,0.92663981
SPY,1,0.23472498,0.76527502
SPY,1,0.08024831,0.91975169
SPY,1,0.72482485,0.27517515
SPY,1,0.16555640,0.83444360
SPY,1,0.10595006,0.89404994
SPY,1,0.15826626,0.84173374
SPY,1,0.08997317,0.91002683
SPY,1,0.07131042,0.92868958
SPY,1,0.07296926,0.92703074
SPY,1,0.07972546,0.92027454
SPY,1,0.07149758,0.92850242
SPY,1,0.07130981,0.92869019
SPY,1,0.15364093,0.84635907
SPY,1,0.07753627,0.92246373
SPY,1,0.13967496,0.86032504
SPY,1,0.07136315,0.92863685
SPY,1,0.07228128,0.92771872
SPY,1,0.14411189,0.85588811
SPY,1,0.07356461,0.92643539
SPY,1,0.07765357,0.92234643
SPY,1,0.08888755,0.91111245
SPY,1,0.13686224,0.86313776
SPY,1,0.07830658,0.92169342
SPY,1,0.11592088,0.88407912
SPY,1,0.07131109,0.92868891
SPY,1,0.08969953,0.91030047
SPY,1,0.07148874,0.92851126
SPY,1,0.08486621,0.91513379
SPY,1,0.07567291,0.92432709
SPY,1,0.08381637,0.91618363
SPY,1,0.07162913,0.92837087
SPY,1,0.07764350,0.92235650
SPY,1,0.10117198,0.89882802
SPY,1,0.07587797,0.92412203
SPY,1,0.08651353,0.91348647
SPY,1,0.07306195,0.92693805
SPY,1,0.10556117,0.89443883
SPY,1,0.08853696,0.91146304
SPY,1,0.08139575,0.91860425
SPY,1,0.09368709,0.90631291
SPY,1,0.07189523,0.92810477
SPY,1,0.07504478,0.92495522
SPY,1,0.17258841,0.82741159
SPY,1,0.14341612,0.85658388
SPY,1,0.11962477,0.88037523
SPY,1,0.99438250,0.00561750
SPY,1,0.15604774,0.84395226
SPY,1,0.07365504,0.92634496
SPY,1,0.60448996,0.39551004
SPY,1,0.08367456,0.91632544
SPY,1,0.22492158,0.77507842
SPY,1,0.26785122,0.73214878
SPY,1,0.97689628,0.02310372
SPY,1,0.07150260,0.92849740
SPY,1,0.30765901,0.69234099
SPY,1,0.24703393,0.75296607
SPY,1,0.09558370,0.90441630
SPY,1,0.10407657,0.89592343
SPY,1,0.07145220,0.92854780
SPY,1,0.94142241,0.05857759
SPY,1,0.11445454,0.88554546
SPY,1,0.07523508,0.92476492
SPY,1,0.09744178,0.90255822
SPY,1,0.24222587,0.75777413
SPY,1,0.07174694,0.92825306
SPY,1,0.09178351,0.90821649
SPY,1,0.15764343,0.84235657
SPY,1,0.26474924,0.73525076
SPY,1,0.07378146,0.92621854
SPY,1,0.07145526,0.92854474
SPY,1,0.07129172,0.92870828
SPY,1,0.10202444,0.89797556
SPY,1,0.08121180,0.91878820
SPY,1,0.07131701,0.92868299
SPY,1,0.07667920,0.92332080
SPY,1,0.07381142,0.92618858
SPY,1,0.07167581,0.92832419
SPY,1,0.07127496,0.92872504
SPY,1,0.08393394,0.91606606
SPY,1,0.07157279,0.92842721
SPY,1,0.11149136,0.88850864
SPY,1,0.08564443,0.91435557
SPY,1,0.07235850,0.92764150
SPY,1,0.08966889,0.91033111
SPY,1,0.08023020,0.91976980
SPY,1,0.17741094,0.82258906
SPY,1,0.57823532,0.42176468
SPY,1,0.09409392,0.90590608
SPY,1,0.27906434,0.72093566
SPY,1,0.07561447,0.92438553
SPY,1,0.34655930,0.65344070
SPY,1,0.10487125,0.89512875
SPY,1,0.10939290,0.89060710
SPY,1,0.16722544,0.83277456
SPY,1,0.07127515,0.92872485
SPY,1,0.13916544,0.86083456
SPY,1,0.07141844,0.92858156
SPY,1,0.07537238,0.92462762
SPY,1,0.08037083,0.91962917
SPY,1,0.09471122,0.90528878
SPY,1,0.07468182,0.92531818
SPY,1,0.07472668,0.92527332
SPY,1,0.07328594,0.92671406
SPY,1,0.08135844,0.91864156
SPY,1,0.09302502,0.90697498
SPY,1,0.07132865,0.92867135
SPY,1,0.07620867,0.92379133
SPY,1,0.07415644,0.92584356
SPY,1,0.12566498,0.87433502
SPY,1,0.08559301,0.91440699
SPY,1,0.07150638,0.92849362
SPY,1,0.07128084,0.92871916
SPY,1,0.07806993,0.92193007
SPY,1,0.07562114,0.92437886
SPY,1,0.07269085,0.92730915
SPY,1,0.07317017,0.92682983
SPY,1,0.07143568,0.92856432
SPY,1,0.07244099,0.92755901
SPY,1,0.10529672,0.89470328
SPY,1,0.07250396,0.92749604
SPY,1,0.07129739,0.92870261
SPY,1,0.07899024,0.92100976
SPY,1,0.07342990,0.92657010
SPY,1,0.07348364,0.92651636
SPY,1,0.11224917,0.88775083
SPY,1,0.07648714,0.92351286
SPY,1,0.08365732,0.91634268
SPY,1,0.07689386,0.92310614
SPY,1,0.12584220,0.87415780
SPY,1,0.10864748,0.89135252
SPY,1,0.08812515,0.91187485
SPY,1,0.07452629,0.92547371
SPY,1,0.13147843,0.86852157
SPY,1,0.07372099,0.92627901
SPY,1,0.07239627,0.92760373
SPY,1,0.07520349,0.92479651
SPY,1,0.12513347,0.87486653
SPY,1,0.07252433,0.92747567
SPY,1,0.10054511,0.89945489
SPY,1,0.07176826,0.92823174
SPY,1,0.07127888,0.92872112
SPY,1,0.08053321,0.91946679
SPY,1,0.08439033,0.91560967
SPY,1,0.07340321,0.92659679
SPY,1,0.07129560,0.92870440
SPY,1,0.08745411,0.91254589
SPY,1,0.07133376,0.92866624
SPY,1,0.08912908,0.91087092
SPY,1,0.07301766,0.92698234
SPY,1,0.13638770,0.86361230
SPY,1,0.09737923,0.90262077
SPY,1,0.07601757,0.92398243
SPY,1,0.07432823,0.92567177
SPY,1,0.08548853,0.91451147
SPY,1,0.10498918,0.89501082
SPY,1,0.07369639,0.92630361
SPY,1,0.09700812,0.90299188
SPY,1,0.07158649,0.92841351
SPY,1,0.07358417,0.92641583
SPY,1,0.11980474,0.88019526
SPY,1,0.08015945,0.91984055
SPY,1,0.07265219,0.92734781
SPY,1,0.07127963,0.92872037
SPY,1,0.07197868,0.92802132
SPY,1,0.12381539,0.87618461
SPY,1,0.43670374,0.56329626
SPY,1,0.12147754,0.87852246
SPY,1,0.07132818,0.92867182
SPY,1,0.07661849,0.92338151
SPY,1,0.49353662,0.50646338
SPY,1,0.08795681,0.91204319
SPY,1,0.36183657,0.63816343
SPY,1,0.23017371,0.76982629
SPY,1,0.08323468,0.91676532
SPY,1,0.08529623,0.91470377
SPY,1,0.09994058,0.90005942
SPY,1,0.07473529,0.92526471
SPY,1,0.09769328,0.90230672
SPY,1,0.07134316,0.92865684
SPY,1,0.07243042,0.92756958
SPY,1,0.07434673,0.92565327
SPY,1,0.08250062,0.91749938
SPY,1,0.07829962,0.92170038
SPY,1,0.16131292,0.83868708
SPY,1,0.99908986,0.00091014
SPY,1,0.99887545,0.00112455
SPY,1,0.10209260,0.89790740
SPY,1,0.99999941,0.00000059
SPY,1,0.13099359,0.86900641
SPY,1,0.99998729,0.00001271
SPY,1,0.89239215,0.10760785
SPY,1,0.99984735,0.00015265
SPY,1,0.98495495,0.01504505
SPY,1,0.66897401,0.33102599
SPY,1,1.00000000,0.00000000
SPY,1,0.99998327,0.00001673
SPY,1,0.99999768,0.00000232
SPY,1,1.00000000,0.00000000
SPY,1,1.00000000,0.00000000
SPY,1,1.00000000,0.00000000
SPY,1,0.99995138,0.00004862
SPY,1,0.99999933,0.00000067
SPY,1,0.07828034,0.92171966
SPY,1,0.99999650,0.00000350
SPY,1,0.99240769,0.00759231
SPY,1,1.00000000,0.00000000
SPY,1,0.89240909,0.10759091
SPY,1,1.00000000,0.00000000
SPY,1,0.87728840,0.12271160
SPY,1,0.97991188,0.02008812
SPY,1,0.17867196,0.82132804
SPY,1,0.99999978,0.00000022
SPY,1,0.47831860,0.52168140
SPY,1,0.19404711,0.80595289
SPY,1,1.00000000,0.00000000
SPY,1,0.11478911,0.88521089
SPY,1,0.99769805,0.00230195
SPY,1,0.54847931,0.45152069
SPY,1,0.10687527,0.89312473
SPY,1,0.97415470,0.02584530
SPY,1,0.51591075,0.48408925
SPY,1,0.07447219,0.92552781
SPY,1,0.96267576,0.03732424
SPY,1,0.30309051,0.69690949
SPY,1,0.99725250,0.00274750
SPY,1,0.53619031,0.46380969
SPY,1,0.07418399,0.92581601
SPY,1,0.25715900,0.74284100
SPY,1,0.35591268,0.64408732
SPY,1,0.07622789,0.92377211
SPY,1,0.92308392,0.07691608
SPY,1,0.09680445,0.90319555
SPY,1,0.97184367,0.02815633
SPY,1,0.07129463,0.92870537
SPY,1,0.13505899,0.86494101
SPY,1,0.09084887,0.90915113
SPY,1,0.17198508,0.82801492
SPY,1,0.47671357,0.52328643
SPY,1,0.07340632,0.92659368
SPY,1,0.64932183,0.35067817
SPY,1,0.64544065,0.35455935
SPY,1,0.14302847,0.85697153
SPY,1,0.09163527,0.90836473
SPY,1,0.99150126,0.00849874
SPY,1,0.10168659,0.89831341
SPY,1,0.34877413,0.65122587
SPY,1,0.08592636,0.91407364
SPY,1,0.07195018,0.92804982
SPY,1,0.20644619,0.79355381
SPY,1,0.37211792,0.62788208
SPY,1,0.07130098,0.92869902
SPY,1,0.08124440,0.91875560
SPY,1,0.08269406,0.91730594
SPY,1,0.12207132,0.87792868
SPY,1,0.26963772,0.73036228
SPY,1,0.07200032,0.92799968
SPY,1,0.91366120,0.08633880
SPY,1,0.30068333,0.69931667
SPY,1,0.09379104,0.90620896
SPY,1,0.09595289,0.90404711
SPY,1,1.00000000,0.00000000
SPY,1,0.08790037,0.91209963
SPY,1,0.15673270,0.84326730
SPY,1,0.64755869,0.35244131
SPY,1,0.07353378,0.92646622
SPY,1,0.07127769,0.92872231
SPY,1,0.09008692,0.90991308
SPY,1,0.09065352,0.90934648
SPY,1,0.08734479,0.91265521
SPY,1,0.92307586,0.07692414
SPY,1,0.11051398,0.88948602
SPY,1,0.82466236,0.17533764
SPY,1,0.19100548,0.80899452
SPY,1,0.27878105,0.72121895
SPY,1,0.11767828,0.88232172
SPY,1,0.09458248,0.90541752
SPY,1,0.36086321,0.63913679
SPY,1,0.12198808,0.87801192
SPY,1,0.09650005,0.90349995
SPY,1,0.08467559,0.91532441
SPY,1,0.13561250,0.86438750
SPY,1,0.10764686,0.89235314
SPY,1,0.19017025,0.80982975
SPY,1,0.15584928,0.84415072
SPY,1,0.07406550,0.92593450
SPY,1,0.07468910,0.92531090
SPY,1,0.11751260,0.88248740
SPY,1,0.07614247,0.92385753
SPY,1,0.09175462,0.90824538
SPY,1,0.17537954,0.82462046
SPY,1,0.10999423,0.89000577
SPY,1,0.09717737,0.90282263
SPY,1,0.08918840,0.91081160
SPY,1,0.17918844,0.82081156
SPY,1,0.07391161,0.92608839
SPY,1,0.10649339,0.89350661
SPY,1,0.11014767,0.88985233
SPY,1,0.08321022,0.91678978
SPY,1,0.09772262,0.90227738
SPY,1,0.10499761,0.89500239
SPY,1,0.07237792,0.92762208
SPY,1,0.07632241,0.92367759
SPY,1,0.11220505,0.88779495
SPY,1,0.22264683,0.77735317
SPY,1,0.07131803,0.92868197
SPY,1,0.07128987,0.92871013
SPY,1,0.07670802,0.92329198
SPY,1,0.07461919,0.92538081
SPY,1,0.07977781,0.92022219
SPY,1,0.07502231,0.92497769
SPY,1,0.07954041,0.92045959
SPY,1,0.15391852,0.84608148
SPY,1,0.08312533,0.91687467
SPY,1,0.15154748,0.84845252
SPY,1,0.07709020,0.92290980
SPY,1,0.09830676,0.90169324
SPY,1,0.07585215,0.92414785
SPY,1,0.12640154,0.87359846
SPY,1,0.33120021,0.66879979
SPY,1,0.99804566,0.00195434
SPY,1,0.19389534,0.80610466
SPY,1,0.97962444,0.02037556
SPY,1,0.39610337,0.60389663
SPY,1,0.32992258,0.67007742
SPY,1,0.07232701,0.92767299
SPY,1,0.23005961,0.76994039
SPY,1,0.09647909,0.90352091
SPY,1,0.07762515,0.92237485
SPY,1,0.13116631,0.86883369
SPY,1,0.20955752,0.79044248
SPY,1,0.20679240,0.79320760
SPY,1,0.12527564,0.87472436
SPY,1,0.79653005,0.20346995
SPY,1,0.07127855,0.92872145
SPY,1,0.38504465,0.61495535
SPY,1,0.51254299,0.48745701
SPY,1,0.07853792,0.92146208
SPY,1,0.10094772,0.89905228
SPY,1,0.10378460,0.89621540
SPY,1,0.12426353,0.87573647
SPY,1,0.39730149,0.60269851
SPY,1,0.20428935,0.79571065
SPY,1,0.34723523,0.65276477
SPY,1,0.15939985,0.84060015
SPY,1,0.14160547,0.85839453
SPY,1,0.42326460,0.57673540
SPY,1,0.08421440,0.91578560
SPY,1,0.10164663,0.89835337
SPY,1,0.07323923,0.92676077
SPY,1,0.07156105,0.92843895
SPY,1,0.33098276,0.66901724
SPY,1,0.07411597,0.92588403
SPY,1,0.07238653,0.92761347
SPY,1,0.08711984,0.91288016
SPY,1,0.08003211,0.91996789
SPY,1,0.51576737,0.48423263
SPY,1,0.08875950,0.91124050
SPY,1,0.99922445,0.00077555
SPY,1,0.09484532,0.90515468
SPY,1,0.13279523,0.86720477
SPY,1,0.14417360,0.85582640
SPY,1,0.54814326,0.45185674
SPY,1,0.87831418,0.12168582
SPY,1,0.76031347,0.23968653
SPY,1,0.07316739,0.92683261
SPY,1,0.20672145,0.79327855
SPY,1,0.07127969,0.92872031
SPY,1,0.10389323,0.89610677
SPY,1,0.12576717,0.87423283
SPY,1,0.21381397,0.78618603
SPY,1,0.26058953,0.73941047
SPY,1,0.08021176,0.91978824
SPY,1,0.21456253,0.78543747
SPY,1,0.07568947,0.92431053
SPY,1,0.09587781,0.90412219
SPY,1,0.08685278,0.91314722
SPY,1,0.40437963,0.59562037
SPY,1,0.07129880,0.92870120
SPY,1,0.07491149,0.92508851
SPY,1,0.08069642,0.91930358
SPY,1,0.15219549,0.84780451
SPY,1,0.07715065,0.92284935
SPY,1,0.07127586,0.92872414
SPY,1,0.12006869,0.87993131
SPY,1,0.07192426,0.92807574
SPY,1,0.07515582,0.92484418
SPY,1,0.12205597,0.87794403
SPY,1,0.07218432,0.92781568
SPY,1,0.07204059,0.92795941
SPY,1,0.08320781,0.91679219
SPY,1,0.22267187,0.77732813
SPY,1,0.07625638,0.92374362
SPY,1,0.09053398,0.90946602
SPY,1,0.07749257,0.92250743
SPY,1,0.08017600,0.91982400
SPY,1,0.07356347,0.92643653
SPY,1,0.07154015,0.92845985
SPY,1,0.07999019,0.92000981
SPY,1,0.12648214,0.87351786
SPY,1,0.07176604,0.92823396
SPY,1,0.07204904,0.92795096
SPY,1,0.08687458,0.91312542
SPY,1,0.23040029,0.76959971
SPY,1,0.08775420,0.91224580
SPY,1,0.09864851,0.90135149
SPY,1,0.33186822,0.66813178
SPY,1,0.10456096,0.89543904
SPY,1,0.09358567,0.90641433
SPY,1,0.07142267,0.92857733
SPY,1,0.07520494,0.92479506
SPY,1,0.07684315,0.92315685
SPY,1,0.10909823,0.89090177
SPY,1,0.10158752,0.89841248
SPY,1,0.29137936,0.70862064
SPY,1,0.07439238,0.92560762
SPY,1,0.07771435,0.92228565
SPY,1,0.07811230,0.92188770
SPY,1,0.07194244,0.92805756
SPY,1,0.91045096,0.08954904
SPY,1,0.09125150,0.90874850
SPY,1,0.58881242,0.41118758
SPY,1,0.27670528,0.72329472
SPY,1,0.35699116,0.64300884
SPY,1,0.07415368,0.92584632
SPY,1,0.17559251,0.82440749
SPY,1,0.08652314,0.91347686
SPY,1,0.10819521,0.89180479
SPY,1,0.07128307,0.92871693
SPY,1,0.07141002,0.92858998
SPY,1,0.07256304,0.92743696
SPY,1,0.08610599,0.91389401
SPY,1,0.07132997,0.92867003
SPY,1,0.07128435,0.92871565
SPY,1,0.08122846,0.91877154
SPY,1,0.07392488,0.92607512
SPY,1,0.11164346,0.88835654
SPY,1,0.07134444,0.92865556
SPY,1,0.16815216,0.83184784
SPY,1,0.84081461,0.15918539
SPY,1,0.11079697,0.88920303
SPY,1,0.85024754,0.14975246
SPY,1,0.08672374,0.91327626
SPY,1,0.27265943,0.72734057
SPY,1,0.26063923,0.73936077
SPY,1,0.41834761,0.58165239
SPY,1,0.07606812,0.92393188
SPY,1,0.24872315,0.75127685
SPY,1,0.10979224,0.89020776
SPY,1,0.16053269,0.83946731
SPY,1,0.07447900,0.92552100
SPY,1,0.09321661,0.90678339
SPY,1,0.07146822,0.92853178
SPY,1,0.07703425,0.92296575
SPY,1,0.27654762,0.72345238
SPY,1,0.07777762,0.92222238
SPY,1,0.10963128,0.89036872
SPY,1,0.10169686,0.89830314
SPY,1,0.09218818,0.90781182
SPY,1,0.08575847,0.91424153
SPY,1,0.40191528,0.59808472
SPY,1,0.07209581,0.92790419
SPY,1,0.07520376,0.92479624
SPY,1,0.07897249,0.92102751
SPY,1,0.17045312,0.82954688
SPY,1,0.33339631,0.66660369
SPY,1,0.07177235,0.92822765
SPY,1,0.07189838,0.92810162
SPY,1,0.08462142,0.91537858
SPY,1,0.10980427,0.89019573
SPY,1,0.07198001,0.92801999
SPY,1,0.07610713,0.92389287
SPY,1,0.07643307,0.92356693
SPY,1,0.15049374,0.84950626
SPY,1,0.08263472,0.91736528
SPY,1,0.08288975,0.91711025
SPY,1,0.11132388,0.88867612
SPY,1,0.12091835,0.87908165
SPY,1,0.11448620,0.88551380
SPY,1,0.14002689,0.85997311
SPY,1,0.07705397,0.92294603
SPY,1,0.07127505,0.92872495
SPY,1,0.07132542,0.92867458
SPY,1,0.09511068,0.90488932
SPY,1,0.09163611,0.90836389
SPY,1,0.07234766,0.92765234
SPY,1,0.09208312,0.90791688
SPY,1,0.07134536,0.92865464
SPY,1,0.11254702,0.88745298
SPY,1,0.11430024,0.88569976
SPY,1,0.12925078,0.87074922
SPY,1,0.14543044,0.85456956
SPY,1,0.80268440,0.19731560
SPY,1,0.13648883,0.86351117
SPY,1,0.39866435,0.60133565
SPY,1,0.07167311,0.92832689
SPY,1,0.12574196,0.87425804
SPY,1,0.07823251,0.92176749
SPY,1,0.15264882,0.84735118
SPY,1,0.07134142,0.92865858
SPY,1,0.14531044,0.85468956
SPY,1,0.07191528,0.92808472
SPY,1,0.07286572,0.92713428
SPY,1,0.07156284,0.92843716
SPY,1,0.07306876,0.92693124
SPY,1,0.07151964,0.92848036
SPY,1,0.07241628,0.92758372
SPY,1,0.07810946,0.92189054
SPY,1,0.12216263,0.87783737
SPY,1,0.07127543,0.92872457
SPY,1,0.07128087,0.92871913
SPY,1,0.07240850,0.92759150
SPY,1,0.08243247,0.91756753
SPY,1,0.07374653,0.92625347
SPY,1,0.07438174,0.92561826
SPY,1,0.07260363,0.92739637
SPY,1,0.09092267,0.90907733
SPY,1,0.07174382,0.92825618
SPY,1,0.24835000,0.75165000
SPY,1,0.21528084,0.78471916
SPY,1,0.10036755,0.89963245
SPY,1,0.07147558,0.92852442
SPY,1,0.09066092,0.90933908
SPY,1,0.08100136,0.91899864
SPY,1,0.07434433,0.92565567
SPY,1,0.07157596,0.92842404
SPY,1,0.07169855,0.92830145
SPY,1,0.08954489,0.91045511
SPY,1,0.11554949,0.88445051
SPY,1,0.07178344,0.92821656
SPY,1,0.07726377,0.92273623
SPY,1,0.11015454,0.88984546
SPY,1,0.13898380,0.86101620
SPY,1,0.08392104,0.91607896
SPY,1,0.07618214,0.92381786
SPY,1,0.07192642,0.92807358
SPY,1,0.07700547,0.92299453
SPY,1,0.11593798,0.88406202
SPY,1,0.35061800,0.64938200
SPY,1,0.21099456,0.78900544
SPY,1,0.13732570,0.86267430
SPY,1,0.07603705,0.92396295
SPY,1,0.15378722,0.84621278
SPY,1,0.07823522,0.92176478
SPY,1,0.08152319,0.91847681
SPY,1,0.07170972,0.92829028
SPY,1,0.08051644,0.91948356
SPY,1,0.08211562,0.91788438
SPY,1,0.07497890,0.92502110
SPY,1,0.11110085,0.88889915
SPY,1,0.08026469,0.91973531
SPY,1,0.09069933,0.90930067
SPY,1,0.07419370,0.92580630
SPY,1,0.07148360,0.92851640
SPY,1,0.07197161,0.92802839
SPY,1,0.07493109,0.92506891
SPY,1,0.07703401,0.92296599
SPY,1,0.07371436,0.92628564
SPY,1,0.07474310,0.92525690
SPY,1,0.09508884,0.90491116
SPY,1,0.18473444,0.81526556
SPY,1,0.07133441,0.92866559
SPY,1,0.11391021,0.88608979
SPY,1,0.13735267,0.86264733
SPY,1,0.07473485,0.92526515
SPY,1,0.07400807,0.92599193
SPY,1,0.09010115,0.90989885
SPY,1,0.11593842,0.88406158
SPY,1,0.08781547,0.91218453
SPY,1,0.07179814,0.92820186
SPY,1,0.07134567,0.92865433
SPY,1,0.07655219,0.92344781
SPY,1,0.07127964,0.92872036
SPY,1,0.07836505,0.92163495
SPY,1,0.07264191,0.92735809
SPY,1,0.08216733,0.91783267
SPY,1,0.11778538,0.88221462
SPY,1,0.07277031,0.92722969
SPY,1,0.08626696,0.91373304
SPY,1,0.10931465,0.89068535
SPY,1,0.07151075,0.92848925
SPY,1,0.14355531,0.85644469
SPY,1,0.48801601,0.51198399
SPY,1,0.07544838,0.92455162
SPY,1,0.13689843,0.86310157
SPY,1,0.23014806,0.76985194
SPY,1,0.07602032,0.92397968
SPY,1,0.07512139,0.92487861
SPY,1,0.68922125,0.31077875
SPY,1,0.07143602,0.92856398
SPY,1,0.19585680,0.80414320
SPY,1,0.15372806,0.84627194
SPY,1,0.18344114,0.81655886
SPY,1,0.12561122,0.87438878
SPY,1,0.08727211,0.91272789
SPY,1,0.12779910,0.87220090
SPY,1,0.07167880,0.92832120
SPY,1,0.10636326,0.89363674
SPY,1,0.07702667,0.92297333
SPY,1,0.07723700,0.92276300
SPY,1,0.43235052,0.56764948
SPY,1,0.13368505,0.86631495
SPY,1,0.07913154,0.92086846
SPY,1,0.11282228,0.88717772
SPY,1,0.08404806,0.91595194
SPY,1,0.07622828,0.92377172
SPY,1,0.07156887,0.92843113
SPY,1,0.08693859,0.91306141
SPY,1,0.07243640,0.92756360
SPY,1,0.08174069,0.91825931
SPY,1,0.12860328,0.87139672
SPY,1,0.07638741,0.92361259
SPY,1,0.07326394,0.92673606
SPY,1,0.08114902,0.91885098
SPY,1,0.09694641,0.90305359
SPY,1,0.08784399,0.91215601
SPY,1,0.07998417,0.92001583
SPY,1,0.07207248,0.92792752
SPY,1,0.07685970,0.92314030
SPY,1,0.11853145,0.88146855
SPY,1,0.07144098,0.92855902
SPY,1,0.10734948,0.89265052
SPY,1,0.07198987,0.92801013
SPY,1,0.08001752,0.91998248
SPY,1,0.07338344,0.92661656
SPY,1,0.07652817,0.92347183
SPY,1,0.07232860,0.92767140
SPY,1,0.07616185,0.92383815
SPY,1,0.07181392,0.92818608
SPY,1,0.07550649,0.92449351
SPY,1,0.79148137,0.20851863
SPY,1,0.13887326,0.86112674
SPY,1,0.51784854,0.48215146
SPY,1,0.23705946,0.76294054
SPY,1,0.26297535,0.73702465
SPY,1,0.10211372,0.89788628
SPY,1,0.16152724,0.83847276
SPY,1,0.76176555,0.23823445
SPY,1,0.08481214,0.91518786
SPY,1,0.09653200,0.90346800
SPY,1,0.12113459,0.87886541
SPY,1,0.11105724,0.88894276
SPY,1,0.11122433,0.88877567
SPY,1,0.29820598,0.70179402
SPY,1,0.10298778,0.89701222
SPY,1,0.18303044,0.81696956
SPY,1,0.18860675,0.81139325
SPY,1,0.39103920,0.60896080
SPY,1,0.18913039,0.81086961
SPY,1,0.10449531,0.89550469
SPY,1,0.29768129,0.70231871
SPY,1,0.07155083,0.92844917
SPY,1,0.07201438,0.92798562
SPY,1,0.07495772,0.92504228
SPY,1,0.07555498,0.92444502
SPY,1,0.08870805,0.91129195
SPY,1,0.07132170,0.92867830
SPY,1,0.59940649,0.40059351
SPY,1,0.07634735,0.92365265
SPY,1,0.08037725,0.91962275
SPY,1,0.07276055,0.92723945
SPY,1,0.12569543,0.87430457
SPY,1,0.07873088,0.92126912
SPY,1,0.24671493,0.75328507
SPY,1,0.07192653,0.92807347
SPY,1,0.48330486,0.51669514
SPY,1,0.20478525,0.79521475
SPY,1,0.20086307,0.79913693
SPY,1,0.71507888,0.28492112
SPY,1,0.07351532,0.92648468
SPY,1,0.18726540,0.81273460
SPY,1,0.07944842,0.92055158
SPY,1,0.08688473,0.91311527
SPY,1,0.87674549,0.12325451
SPY,1,0.68043283,0.31956717
SPY,1,0.12217014,0.87782986
SPY,1,0.15255194,0.84744806
SPY,1,0.81711316,0.18288684
SPY,1,0.07355547,0.92644453
SPY,1,0.07516445,0.92483555
SPY,1,0.11072597,0.88927403
SPY,1,0.33333858,0.66666142
SPY,1,0.39746908,0.60253092
SPY,1,0.77041822,0.22958178
SPY,1,0.08848163,0.91151837
SPY,1,0.34472248,0.65527752
SPY,1,0.07571475,0.92428525
SPY,1,0.74287219,0.25712781
SPY,1,0.12476274,0.87523726
SPY,1,0.17862966,0.82137034
SPY,1,0.57427540,0.42572460
SPY,1,0.22388141,0.77611859
SPY,1,0.85407132,0.14592868
SPY,1,0.07128883,0.92871117
SPY,1,0.34420489,0.65579511
SPY,1,0.39811349,0.60188651
SPY,1,0.07606730,0.92393270
SPY,1,0.12232212,0.87767788
SPY,1,0.99267337,0.00732663
SPY,1,0.16352508,0.83647492
SPY,1,0.93084576,0.06915424
SPY,1,0.07265102,0.92734898
SPY,1,0.23573809,0.76426191
SPY,1,0.12284009,0.87715991
SPY,1,0.70807723,0.29192277
SPY,1,0.88985112,0.11014888
SPY,1,0.30302280,0.69697720
SPY,1,0.20038694,0.79961306
SPY,1,0.07170282,0.92829718
SPY,1,0.18125266,0.81874734
SPY,1,0.18349791,0.81650209
SPY,1,0.24511945,0.75488055
SPY,1,0.09682071,0.90317929
SPY,1,0.10814389,0.89185611
SPY,1,0.22761094,0.77238906
SPY,1,0.08450406,0.91549594
SPY,1,0.37667339,0.62332661
SPY,1,0.07193755,0.92806245
SPY,1,0.12433433,0.87566567
SPY,1,0.18602089,0.81397911
SPY,1,0.17713101,0.82286899
SPY,1,0.07971655,0.92028345
SPY,1,0.07366433,0.92633567
SPY,1,0.46324713,0.53675287
SPY,1,0.08949529,0.91050471
SPY,1,0.16545274,0.83454726
SPY,1,0.17278218,0.82721782
SPY,1,0.07176262,0.92823738
SPY,1,0.36879360,0.63120640
SPY,1,0.07181711,0.92818289
SPY,1,0.31840513,0.68159487
SPY,1,0.98624683,0.01375317
SPY,1,0.07523592,0.92476408
SPY,1,0.98092504,0.01907496
SPY,1,0.07136781,0.92863219
SPY,1,0.92076441,0.07923559
SPY,1,0.99911380,0.00088620
SPY,1,0.07310417,0.92689583
SPY,1,0.08692999,0.91307001
SPY,1,0.99146896,0.00853104
SPY,1,0.99739814,0.00260186
SPY,1,0.14359128,0.85640872
SPY,1,0.99778032,0.00221968
SPY,1,0.07211801,0.92788199
SPY,1,0.35154723,0.64845277
SPY,1,0.07548294,0.92451706
SPY,1,0.85617977,0.14382023
SPY,1,0.07240790,0.92759210
SPY,1,0.63516663,0.36483337
SPY,1,0.99991293,0.00008707
SPY,1,0.15817469,0.84182531
SPY,1,0.07130470,0.92869530
SPY,1,0.53779740,0.46220260
SPY,1,0.08963010,0.91036990
SPY,1,0.11211635,0.88788365
SPY,1,0.69469133,0.30530867
SPY,1,0.94930452,0.05069548
SPY,1,0.07598131,0.92401869
SPY,1,0.12281678,0.87718322
SPY,1,0.49375128,0.50624872
SPY,1,0.28532574,0.71467426
SPY,1,0.07205630,0.92794370
SPY,1,0.14199286,0.85800714
SPY,1,0.14202901,0.85797099
SPY,1,0.92127019,0.07872981
SPY,1,0.99604152,0.00395848
SPY,1,0.99998736,0.00001264
SPY,1,0.10423608,0.89576392
SPY,1,0.25672685,0.74327315
SPY,1,0.99610230,0.00389770
SPY,1,0.07253329,0.92746671
SPY,1,0.91614091,0.08385909
SPY,1,0.07171505,0.92828495
SPY,1,0.13604013,0.86395987
SPY,1,0.99660082,0.00339918
SPY,1,0.07135304,0.92864696
SPY,1,0.71615517,0.28384483
SPY,1,0.07639158,0.92360842
SPY,1,0.11589194,0.88410806
SPY,1,0.13727033,0.86272967
SPY,1,0.07625303,0.92374697
SPY,1,0.07824419,0.92175581
SPY,1,0.32302804,0.67697196
SPY,1,0.07161829,0.92838171
SPY,1,0.18067134,0.81932866
SPY,1,0.14726505,0.85273495
SPY,1,0.09444428,0.90555572
SPY,1,0.07614297,0.92385703
SPY,1,0.54308641,0.45691359
SPY,1,0.09418359,0.90581641
SPY,1,0.93410875,0.06589125
SPY,1,0.13136281,0.86863719
SPY,1,0.16190804,0.83809196
SPY,1,0.11537160,0.88462840
SPY,1,0.07129371,0.92870629
SPY,1,0.18585419,0.81414581
SPY,1,0.89001325,0.10998675
SPY,1,0.32539728,0.67460272
SPY,1,0.35629213,0.64370787
SPY,1,0.07226616,0.92773384
SPY,1,0.10087002,0.89912998
SPY,1,0.30139070,0.69860930
SPY,1,0.07183187,0.92816813
SPY,1,0.07291678,0.92708322
SPY,1,0.07222704,0.92777296
SPY,1,0.08057711,0.91942289
SPY,1,0.66643237,0.33356763
SPY,1,0.07404266,0.92595734
SPY,1,0.41360322,0.58639678
SPY,1,0.09212859,0.90787141
SPY,1,0.07435787,0.92564213
SPY,1,0.10050491,0.89949509
SPY,1,0.07365090,0.92634910
SPY,1,0.23260475,0.76739525
SPY,1,0.80657018,0.19342982
SPY,1,0.08387636,0.91612364
SPY,1,0.07587914,0.92412086
SPY,1,0.28052197,0.71947803
SPY,1,0.99740001,0.00259999
SPY,1,0.15279569,0.84720431
SPY,1,0.18584125,0.81415875
SPY,1,0.12448807,0.87551193
SPY,1,0.07406472,0.92593528
SPY,1,0.14939910,0.85060090
SPY,1,0.08511714,0.91488286
SPY,1,0.45340681,0.54659319
SPY,1,0.11895736,0.88104264
SPY,1,0.37311558,0.62688442
SPY,1,0.20424124,0.79575876
SPY,1,0.99999486,0.00000514
SPY,1,0.07188214,0.92811786
SPY,1,0.16590701,0.83409299
SPY,1,0.12542131,0.87457869
SPY,1,0.10026170,0.89973830
SPY,1,0.15885180,0.84114820
SPY,1,0.55835388,0.44164612
SPY,1,0.15175066,0.84824934
SPY,1,0.48334792,0.51665208
SPY,1,0.18671702,0.81328298
SPY,1,0.07853071,0.92146929
SPY,1,0.58314297,0.41685703
SPY,1,0.56583949,0.43416051
SPY,1,0.48899464,0.51100536
SPY,1,0.89072858,0.10927142
SPY,1,0.99798092,0.00201908
SPY,1,0.07182205,0.92817795
SPY,1,0.15728066,0.84271934
SPY,1,0.98593912,0.01406088
SPY,1,0.16061882,0.83938118
SPY,1,0.10342532,0.89657468
SPY,1,0.08008473,0.91991527
SPY,1,0.93250360,0.06749640
SPY,1,0.65502390,0.34497610
SPY,1,0.82323888,0.17676112
SPY,1,0.28510787,0.71489213
SPY,1,0.09112872,0.90887128
SPY,1,0.13002709,0.86997291
SPY,1,0.83583126,0.16416874
SPY,1,0.30092315,0.69907685
SPY,1,0.43922598,0.56077402
SPY,1,0.09107928,0.90892072
SPY,1,0.09396968,0.90603032
SPY,1,0.82764074,0.17235926
SPY,1,0.08348227,0.91651773
SPY,1,0.08659918,0.91340082
SPY,1,0.93774022,0.06225978
SPY,1,0.23014951,0.76985049
SPY,1,0.23048904,0.76951096
SPY,1,0.16811116,0.83188884
SPY,1,0.09603177,0.90396823
SPY,1,0.65762068,0.34237932
SPY,1,0.99999999,0.00000001
SPY,1,0.33773551,0.66226449
SPY,1,0.10656262,0.89343738
SPY,1,0.10734774,0.89265226
SPY,1,0.09873685,0.90126315
SPY,1,0.07964569,0.92035431
SPY,1,0.08099813,0.91900187
SPY,1,0.07660325,0.92339675
SPY,1,0.22377171,0.77622829
SPY,1,0.10964472,0.89035528
SPY,1,0.07138855,0.92861145
SPY,1,0.37183520,0.62816480
SPY,1,0.07787607,0.92212393
SPY,1,0.99269721,0.00730279
SPY,1,0.07508724,0.92491276
SPY,1,0.07207413,0.92792587
SPY,1,0.51572290,0.48427710
SPY,1,0.39640099,0.60359901
SPY,1,0.07715621,0.92284379
SPY,1,0.10806299,0.89193701
SPY,1,0.09795342,0.90204658
SPY,1,0.24327249,0.75672751
SPY,1,0.12860108,0.87139892
SPY,1,0.08933850,0.91066150
SPY,1,0.92684708,0.07315292
SPY,1,0.29108220,0.70891780
SPY,1,0.14086943,0.85913057
SPY,1,0.07137204,0.92862796
SPY,1,0.31042138,0.68957862
SPY,1,0.21581701,0.78418299
SPY,1,0.08081818,0.91918182
SPY,1,0.07723912,0.92276088
SPY,1,0.22282253,0.77717747
SPY,1,0.39334834,0.60665166
SPY,1,0.07151390,0.92848610
SPY,1,0.08262139,0.91737861
SPY,1,0.10375570,0.89624430
SPY,1,0.15746445,0.84253555
SPY,1,0.73910891,0.26089109
SPY,1,0.07322974,0.92677026
SPY,1,0.10068071,0.89931929
SPY,1,0.23734976,0.76265024
SPY,1,0.08554646,0.91445354
SPY,1,0.08138617,0.91861383
SPY,1,0.07231478,0.92768522
SPY,1,0.37214534,0.62785466
SPY,1,0.12765879,0.87234121
SPY,1,0.47154801,0.52845199
SPY,1,0.26226201,0.73773799
SPY,1,0.07130420,0.92869580
SPY,1,0.07130931,0.92869069
SPY,1,0.16523675,0.83476325
SPY,1,0.07791317,0.92208683
SPY,1,0.20390396,0.79609604
SPY,1,0.23254661,0.76745339
SPY,1,0.19776134,0.80223866
SPY,1,0.34337172,0.65662828
SPY,1,0.12833143,0.87166857
SPY,1,0.10458438,0.89541562
SPY,1,0.20220904,0.79779096
SPY,1,0.13624397,0.86375603
SPY,1,0.14265335,0.85734665
SPY,1,0.07226482,0.92773518
SPY,1,0.19037105,0.80962895
SPY,1,0.07162813,0.92837187
SPY,1,0.07676785,0.92323215
SPY,1,0.24397298,0.75602702
SPY,1,0.08019203,0.91980797
SPY,1,0.67992617,0.32007383
SPY,1,0.07835609,0.92164391
SPY,1,0.08641678,0.91358322
SPY,1,0.14738534,0.85261466
SPY,1,0.07388514,0.92611486
SPY,1,0.07727009,0.92272991
SPY,1,0.08127931,0.91872069
SPY,1,0.10480245,0.89519755
SPY,1,0.41198782,0.58801218
SPY,1,0.07444323,0.92555677
SPY,1,0.33015600,0.66984400
SPY,1,0.07127729,0.92872271
SPY,1,0.52747933,0.47252067
SPY,1,0.40055745,0.59944255
SPY,1,0.07618768,0.92381232
SPY,1,0.37946785,0.62053215
SPY,1,0.08242478,0.91757522
SPY,1,0.40826505,0.59173495
SPY,1,0.14137997,0.85862003
SPY,1,0.11629451,0.88370549
SPY,1,0.26833065,0.73166935
SPY,1,0.35152728,0.64847272
SPY,1,0.07161753,0.92838247
SPY,1,0.09981361,0.90018639
SPY,1,0.07484171,0.92515829
SPY,1,0.07347831,0.92652169
SPY,1,0.27212625,0.72787375
SPY,1,0.10589035,0.89410965
SPY,1,0.29302604,0.70697396
SPY,1,0.08764886,0.91235114
SPY,1,0.08636313,0.91363687
SPY,1,0.07691747,0.92308253
SPY,1,0.07835126,0.92164874
SPY,1,0.07238397,0.92761603
SPY,1,0.07135074,0.92864926
SPY,1,0.08033110,0.91966890
SPY,1,0.21611539,0.78388461
SPY,1,0.07179295,0.92820705
SPY,1,0.07720953,0.92279047
SPY,1,0.07184686,0.92815314
SPY,1,0.07127989,0.92872011
SPY,1,0.08867127,0.91132873
SPY,1,0.07129097,0.92870903
SPY,1,0.07194086,0.92805914
SPY,1,0.35876558,0.64123442
SPY,1,0.09249041,0.90750959
SPY,1,0.58619484,0.41380516
SPY,1,0.15816996,0.84183004
SPY,1,0.07127798,0.92872202
SPY,1,0.17627120,0.82372880
SPY,1,0.11435383,0.88564617
SPY,1,0.11102104,0.88897896
SPY,1,0.46516547,0.53483453
SPY,1,0.07403747,0.92596253
SPY,1,0.08186641,0.91813359
SPY,1,0.08092483,0.91907517
SPY,1,0.07207128,0.92792872
SPY,1,0.07246106,0.92753894
SPY,1,0.07716184,0.92283816
SPY,1,0.09515791,0.90484209
SPY,1,0.17407262,0.82592738
SPY,1,0.16385246,0.83614754
SPY,1,0.07135935,0.92864065
SPY,1,0.07130649,0.92869351
SPY,1,0.17185371,0.82814629
SPY,1,0.11951552,0.88048448
SPY,1,0.11051453,0.88948547
SPY,1,0.25635734,0.74364266
SPY,1,0.07297229,0.92702771
SPY,1,0.08886872,0.91113128
SPY,1,0.12439273,0.87560727
SPY,1,0.33152318,0.66847682
SPY,1,0.07133524,0.92866476
SPY,1,0.07331166,0.92668834
SPY,1,0.07688616,0.92311384
SPY,1,0.08980291,0.91019709
SPY,1,0.07448130,0.92551870
SPY,1,0.13045016,0.86954984
SPY,1,0.10745925,0.89254075
SPY,1,0.07320408,0.92679592
SPY,1,0.20640065,0.79359935
SPY,1,0.07350941,0.92649059
SPY,1,0.08927657,0.91072343
SPY,1,0.09023518,0.90976482
SPY,1,0.07623789,0.92376211
SPY,1,0.10339499,0.89660501
SPY,1,0.08501381,0.91498619
SPY,1,0.15353971,0.84646029
SPY,1,0.07280018,0.92719982
SPY,1,0.08002459,0.91997541
SPY,1,0.19739691,0.80260309
SPY,1,0.07443795,0.92556205
SPY,1,0.07224744,0.92775256
SPY,1,0.11301068,0.88698932
SPY,1,0.07750681,0.92249319
SPY,1,0.07395811,0.92604189
SPY,1,0.09782089,0.90217911
SPY,1,0.12239737,0.87760263
SPY,1,0.12350783,0.87649217
SPY,1,0.07130645,0.92869355
SPY,1,0.07752943,0.92247057
SPY,1,0.11003925,0.88996075
SPY,1,0.07622570,0.92377430
SPY,1,0.09590139,0.90409861
SPY,1,0.07155433,0.92844567
SPY,1,0.08234617,0.91765383
SPY,1,0.07685626,0.92314374
SPY,1,0.07138209,0.92861791
SPY,1,0.09790277,0.90209723
SPY,1,0.12696471,0.87303529
SPY,1,0.07602002,0.92397998
SPY,1,0.07504114,0.92495886
SPY,1,0.27840001,0.72159999
SPY,1,0.08209419,0.91790581
SPY,1,0.08453738,0.91546262
SPY,1,0.11517066,0.88482934
SPY,1,0.07754984,0.92245016
SPY,1,0.10333241,0.89666759
SPY,1,0.07134956,0.92865044
SPY,1,0.07142925,0.92857075
SPY,1,0.08832453,0.91167547
SPY,1,0.16863809,0.83136191
SPY,1,0.12154008,0.87845992
SPY,1,0.11877191,0.88122809
SPY,1,0.07134234,0.92865766
SPY,1,0.09701977,0.90298023
SPY,1,0.07338654,0.92661346
SPY,1,0.16071857,0.83928143
SPY,1,0.21586020,0.78413980
SPY,1,0.08867501,0.91132499
SPY,1,0.10236613,0.89763387
SPY,1,0.31316136,0.68683864
SPY,1,0.09008181,0.90991819
SPY,1,0.07181115,0.92818885
SPY,1,0.07279996,0.92720004
SPY,1,0.08067296,0.91932704
SPY,1,0.10369493,0.89630507
SPY,1,0.07924641,0.92075359
SPY,1,0.07198789,0.92801211
SPY,1,0.09869893,0.90130107
SPY,1,0.08413815,0.91586185
SPY,1,0.07143889,0.92856111
SPY,1,0.12242892,0.87757108
SPY,1,0.17024551,0.82975449
SPY,1,0.07156545,0.92843455
SPY,1,0.07341209,0.92658791
SPY,1,0.13443923,0.86556077
SPY,1,0.47341317,0.52658683
SPY,1,0.08046416,0.91953584
SPY,1,0.07984029,0.92015971
SPY,1,0.27911186,0.72088814
SPY,1,0.07206406,0.92793594
SPY,1,0.09110415,0.90889585
SPY,1,0.07297136,0.92702864
SPY,1,0.07150561,0.92849439
SPY,1,0.24444457,0.75555543
SPY,1,0.09072574,0.90927426
SPY,1,0.07136715,0.92863285
SPY,1,0.18566392,0.81433608
SPY,1,0.10879391,0.89120609
SPY,1,0.09162532,0.90837468
SPY,1,0.08344375,0.91655625
SPY,1,0.08992172,0.91007828
SPY,1,0.08991893,0.91008107
SPY,1,0.14269932,0.85730068
SPY,1,0.07191308,0.92808692
SPY,1,0.24053321,0.75946679
SPY,1,0.15029598,0.84970402
SPY,1,0.23725269,0.76274731
SPY,1,0.07642529,0.92357471
SPY,1,0.10475517,0.89524483
SPY,1,0.24882845,0.75117155
SPY,1,0.24903639,0.75096361
SPY,1,0.09142906,0.90857094
SPY,1,0.17553461,0.82446539
SPY,1,0.10749383,0.89250617
SPY,1,0.17324104,0.82675896
SPY,1,0.65209328,0.34790672
SPY,1,0.17002056,0.82997944
SPY,1,0.07714721,0.92285279
SPY,1,0.07642844,0.92357156
SPY,1,0.07184542,0.92815458
SPY,1,0.10961765,0.89038235
SPY,1,0.29235496,0.70764504
SPY,1,0.07156713,0.92843287
SPY,1,0.57621610,0.42378390
SPY,1,0.08116279,0.91883721
SPY,1,0.07238562,0.92761438
SPY,1,0.07226980,0.92773020
SPY,1,0.11028776,0.88971224
SPY,1,0.07221471,0.92778529
SPY,1,0.07838580,0.92161420
SPY,1,0.07183912,0.92816088
SPY,1,0.07285960,0.92714040
SPY,1,0.07160210,0.92839790
SPY,1,0.07145955,0.92854045
SPY,1,0.07940534,0.92059466
SPY,1,0.09519025,0.90480975
SPY,1,0.08320115,0.91679885
SPY,1,0.07158892,0.92841108
SPY,1,0.08035413,0.91964587
SPY,1,0.10302881,0.89697119
SPY,1,0.08623575,0.91376425
SPY,1,0.08180419,0.91819581
SPY,1,0.08534922,0.91465078
SPY,1,0.27272338,0.72727662
SPY,1,0.08373159,0.91626841
SPY,1,0.07215211,0.92784789
SPY,1,0.08823961,0.91176039
SPY,1,0.09831058,0.90168942
SPY,1,0.23550928,0.76449072
SPY,1,0.11149353,0.88850647
SPY,1,0.07625920,0.92374080
SPY,1,0.08222445,0.91777555
SPY,1,0.07400593,0.92599407
SPY,1,0.07144812,0.92855188
SPY,1,0.07564893,0.92435107
SPY,1,0.09191961,0.90808039
SPY,1,0.12397037,0.87602963
SPY,1,0.08067751,0.91932249
SPY,1,0.07181262,0.92818738
SPY,1,0.27849134,0.72150866
SPY,1,0.07127578,0.92872422
SPY,1,0.08854506,0.91145494
SPY,1,0.07129167,0.92870833
SPY,1,0.07149140,0.92850860
SPY,1,0.07833733,0.92166267
SPY,1,0.09229472,0.90770528
SPY,1,0.11581063,0.88418937
SPY,1,0.23832165,0.76167835
SPY,1,0.07782375,0.92217625
SPY,1,0.07660186,0.92339814
SPY,1,0.07232159,0.92767841
SPY,1,0.08904813,0.91095187
SPY,1,0.07151281,0.92848719
SPY,1,0.10961441,0.89038559
SPY,1,0.07127947,0.92872053
SPY,1,0.39777739,0.60222261
SPY,1,0.17068558,0.82931442
SPY,1,0.18964232,0.81035768
SPY,1,0.07459220,0.92540780
SPY,1,0.07459571,0.92540429
SPY,1,0.12112789,0.87887211
SPY,1,0.07223673,0.92776327
SPY,1,0.09100268,0.90899732
SPY,1,0.07129463,0.92870537
SPY,1,0.26061864,0.73938136
SPY,1,0.10698825,0.89301175
SPY,1,0.11108494,0.88891506
SPY,1,0.08121279,0.91878721
SPY,1,0.09301905,0.90698095
SPY,1,0.07132146,0.92867854
SPY,1,0.68301966,0.31698034
SPY,1,0.07591449,0.92408551
SPY,1,0.07830291,0.92169709
SPY,1,0.07238233,0.92761767
SPY,1,0.07192963,0.92807037
SPY,1,0.07770470,0.92229530
SPY,1,0.13934831,0.86065169
SPY,1,0.07127606,0.92872394
SPY,1,0.14749584,0.85250416
SPY,1,0.07984693,0.92015307
SPY,1,0.15309707,0.84690293
SPY,1,0.08505235,0.91494765
SPY,1,0.07249116,0.92750884
SPY,1,0.15683352,0.84316648
SPY,1,0.07135534,0.92864466
SPY,1,0.07372414,0.92627586
SPY,1,0.10248925,0.89751075
SPY,1,0.08651098,0.91348902
SPY,1,0.09403030,0.90596970
SPY,1,0.14077712,0.85922288
SPY,1,0.08158654,0.91841346
SPY,1,0.07251230,0.92748770
SPY,1,0.07602713,0.92397287
SPY,1,0.07372775,0.92627225
SPY,1,0.11481870,0.88518130
SPY,1,0.07155205,0.92844795
SPY,1,0.07291015,0.92708985
SPY,1,0.09730667,0.90269333
SPY,1,0.07135714,0.92864286
SPY,1,0.19729518,0.80270482
SPY,1,0.12745896,0.87254104
SPY,1,0.07279823,0.92720177
SPY,1,0.07205106,0.92794894
SPY,1,0.14305799,0.85694201
SPY,1,0.09590210,0.90409790
SPY,1,0.22757121,0.77242879
SPY,1,0.26999191,0.73000809
SPY,1,0.07683760,0.92316240
SPY,1,0.09356503,0.90643497
SPY,1,0.07520407,0.92479593
SPY,1,0.12667422,0.87332578
SPY,1,0.11531514,0.88468486
SPY,1,0.21809670,0.78190330
SPY,1,0.07162767,0.92837233
SPY,1,0.07943201,0.92056799
SPY,1,0.12695653,0.87304347
SPY,1,0.08296152,0.91703848
SPY,1,0.34146439,0.65853561
SPY,1,0.08549646,0.91450354
SPY,1,0.12604267,0.87395733
SPY,1,0.23756774,0.76243226
SPY,1,0.18197074,0.81802926
SPY,1,0.07391479,0.92608521
SPY,1,0.07129970,0.92870030
SPY,1,0.09058725,0.90941275
SPY,1,0.07321691,0.92678309
SPY,1,0.07131463,0.92868537
SPY,1,0.08307646,0.91692354
SPY,1,0.21829122,0.78170878
SPY,1,0.07153575,0.92846425
SPY,1,0.07204162,0.92795838
SPY,1,0.07217339,0.92782661
SPY,1,0.07481103,0.92518897
SPY,1,0.07491921,0.92508079
SPY,1,0.10843039,0.89156961
SPY,1,0.09083465,0.90916535
SPY,1,0.07233793,0.92766207
SPY,1,0.10092134,0.89907866
SPY,1,0.10593432,0.89406568
SPY,1,0.11707867,0.88292133
SPY,1,0.07300388,0.92699612
SPY,1,0.07203748,0.92796252
SPY,1,0.19069180,0.80930820
SPY,1,0.07213304,0.92786696
SPY,1,0.07205239,0.92794761
SPY,1,0.07594908,0.92405092
SPY,1,0.07530015,0.92469985
SPY,1,0.11856898,0.88143102
SPY,1,0.07581614,0.92418386
SPY,1,0.07163406,0.92836594
SPY,1,0.11262343,0.88737657
SPY,1,0.07757171,0.92242829
SPY,1,0.07444371,0.92555629
SPY,1,0.07268991,0.92731009
SPY,1,0.07755127,0.92244873
SPY,1,0.07787053,0.92212947
SPY,1,0.07274137,0.92725863
SPY,1,0.07281792,0.92718208
SPY,1,0.07904341,0.92095659
SPY,1,0.07265886,0.92734114
SPY,1,0.10075040,0.89924960
SPY,1,0.08664811,0.91335189
SPY,1,0.09441822,0.90558178
SPY,1,0.07295335,0.92704665
SPY,1,0.07190651,0.92809349
SPY,1,0.14338497,0.85661503
SPY,1,0.10761967,0.89238033
SPY,1,0.08761110,0.91238890
SPY,1,0.07768201,0.92231799
SPY,1,0.09421039,0.90578961
SPY,1,0.24250744,0.75749256
SPY,1,0.13108417,0.86891583
SPY,1,0.10685757,0.89314243
SPY,1,0.13550102,0.86449898
SPY,1,0.07137704,0.92862296
SPY,1,0.83635154,0.16364846
SPY,1,0.10955277,0.89044723
SPY,1,0.15590864,0.84409136
SPY,1,0.07300415,0.92699585
SPY,1,0.08554195,0.91445805
SPY,1,0.34070397,0.65929603
SPY,1,0.20761479,0.79238521
SPY,1,0.66731256,0.33268744
SPY,1,0.99504991,0.00495009
SPY,1,0.09190639,0.90809361
SPY,1,0.09015522,0.90984478
SPY,1,0.78296145,0.21703855
SPY,1,0.10053953,0.89946047
SPY,1,0.07180700,0.92819300
SPY,1,0.38744996,0.61255004
SPY,1,0.08510039,0.91489961
SPY,1,0.45009272,0.54990728
SPY,1,0.08058114,0.91941886
SPY,1,0.13977641,0.86022359
SPY,1,0.07145137,0.92854863
SPY,1,0.07698500,0.92301500
SPY,1,0.10676411,0.89323589
SPY,1,0.13869559,0.86130441
SPY,1,0.07206084,0.92793916
SPY,1,0.07191940,0.92808060
SPY,1,0.08996260,0.91003740
SPY,1,0.07143289,0.92856711
SPY,1,0.13524870,0.86475130
SPY,1,0.62312495,0.37687505
SPY,1,0.08170505,0.91829495
SPY,1,0.07505170,0.92494830
SPY,1,0.44335458,0.55664542
SPY,1,0.13112064,0.86887936
SPY,1,0.08923028,0.91076972
SPY,1,0.15859189,0.84140811
SPY,1,0.13523579,0.86476421
SPY,1,0.09352012,0.90647988
SPY,1,0.07349202,0.92650798
SPY,1,0.07144490,0.92855510
SPY,1,0.07586491,0.92413509
SPY,1,0.40135220,0.59864780
SPY,1,0.07129215,0.92870785
SPY,1,0.07410916,0.92589084
SPY,1,0.07655654,0.92344346
SPY,1,0.07316662,0.92683338
SPY,1,0.07880561,0.92119439
SPY,1,0.07181510,0.92818490
SPY,1,0.07934924,0.92065076
SPY,1,0.12019234,0.87980766
SPY,1,0.07144268,0.92855732
SPY,1,0.07295009,0.92704991
SPY,1,0.12439554,0.87560446
SPY,1,0.11380432,0.88619568
SPY,1,0.11816751,0.88183249
SPY,1,0.11190687,0.88809313
SPY,1,0.07179030,0.92820970
SPY,1,0.09075086,0.90924914
SPY,1,0.12373321,0.87626679
SPY,1,0.10047200,0.89952800
SPY,1,0.07784770,0.92215230
SPY,1,0.07144002,0.92855998
SPY,1,0.07938830,0.92061170
SPY,1,0.07205633,0.92794367
SPY,1,0.07153950,0.92846050
SPY,1,0.13061046,0.86938954
SPY,1,0.07196880,0.92803120
SPY,1,0.07128102,0.92871898
SPY,1,0.07627186,0.92372814
SPY,1,0.07329497,0.92670503
SPY,1,0.07563139,0.92436861
SPY,1,0.65079178,0.34920822
SPY,1,0.07346476,0.92653524
SPY,1,0.07278364,0.92721636
SPY,1,0.18624928,0.81375072
SPY,1,0.93735966,0.06264034
SPY,1,0.15243617,0.84756383
SPY,1,0.08651308,0.91348692
SPY,1,0.07234402,0.92765598
SPY,1,0.07613096,0.92386904
SPY,1,0.07128573,0.92871427
SPY,1,0.09577132,0.90422868
SPY,1,0.24762397,0.75237603
SPY,1,0.07508620,0.92491380
SPY,1,0.08053716,0.91946284
SPY,1,0.07156066,0.92843934
SPY,1,0.08798516,0.91201484
SPY,1,0.07867415,0.92132585
SPY,1,0.07885794,0.92114206
SPY,1,0.08930200,0.91069800
SPY,1,0.07449915,0.92550085
SPY,1,0.09136935,0.90863065
SPY,1,0.07452366,0.92547634
SPY,1,0.07150267,0.92849733
SPY,1,0.09443369,0.90556631
SPY,1,0.07176337,0.92823663
SPY,1,0.07281878,0.92718122
SPY,1,0.08517446,0.91482554
SPY,1,0.07866744,0.92133256
SPY,1,0.10517128,0.89482872
SPY,1,0.08162992,0.91837008
SPY,1,0.07158160,0.92841840
SPY,1,0.08122461,0.91877539
SPY,1,0.07857882,0.92142118
SPY,1,0.99228095,0.00771905
SPY,1,0.07846305,0.92153695
SPY,1,0.18973480,0.81026520
SPY,1,0.10434870,0.89565130
SPY,1,0.18423001,0.81576999
SPY,1,0.07213514,0.92786486
SPY,1,0.15616634,0.84383366
SPY,1,0.21254315,0.78745685
SPY,1,0.08488062,0.91511938
SPY,1,0.07565823,0.92434177
SPY,1,0.19714291,0.80285709
SPY,1,0.10253294,0.89746706
SPY,1,0.15978431,0.84021569
SPY,1,0.07129805,0.92870195
SPY,1,0.32239288,0.67760712
SPY,1,0.07128543,0.92871457
SPY,1,0.07252935,0.92747065
SPY,1,0.50838834,0.49161166
SPY,1,0.07127661,0.92872339
SPY,1,0.14007323,0.85992677
SPY,1,0.14845775,0.85154225
SPY,1,0.09764573,0.90235427
SPY,1,0.09293823,0.90706177
SPY,1,0.07414388,0.92585612
SPY,1,0.28969747,0.71030253
SPY,1,0.10131533,0.89868467
SPY,1,0.07813785,0.92186215
SPY,1,0.08459969,0.91540031
SPY,1,0.08395122,0.91604878
SPY,1,0.10495475,0.89504525
SPY,1,0.09202135,0.90797865
SPY,1,0.08414439,0.91585561
SPY,1,0.07968221,0.92031779
SPY,1,0.12392991,0.87607009
SPY,1,0.09059986,0.90940014
SPY,1,0.07246279,0.92753721
SPY,1,0.07659718,0.92340282
SPY,1,0.14719661,0.85280339
SPY,1,0.07191391,0.92808609
SPY,1,0.07586711,0.92413289
SPY,1,0.07509264,0.92490736
SPY,1,0.07966579,0.92033421
SPY,1,0.47540998,0.52459002
SPY,1,0.09629309,0.90370691
SPY,1,0.08864357,0.91135643
SPY,1,0.07127593,0.92872407
SPY,1,0.36740664,0.63259336
SPY,1,0.25230429,0.74769571
SPY,1,0.36378870,0.63621130
SPY,1,0.25781123,0.74218877
SPY,1,0.13302756,0.86697244
SPY,1,0.41031084,0.58968916
SPY,1,0.07841529,0.92158471
SPY,1,0.94840459,0.05159541
SPY,1,0.17370686,0.82629314
SPY,1,0.08191543,0.91808457
SPY,1,0.21927618,0.78072382
SPY,1,0.56595649,0.43404351
SPY,1,0.14291159,0.85708841
SPY,1,0.14473272,0.85526728
SPY,1,0.13750546,0.86249454
SPY,1,0.07280541,0.92719459
SPY,1,0.07127502,0.92872498
SPY,1,0.48070051,0.51929949
SPY,1,0.08179496,0.91820504
SPY,1,0.18523790,0.81476210
SPY,1,0.07997920,0.92002080
SPY,1,0.68667669,0.31332331
SPY,1,0.08233083,0.91766917
SPY,1,0.07815057,0.92184943
SPY,1,0.09774977,0.90225023
SPY,1,0.99999996,0.00000004
SPY,1,1.00000000,0.00000000
SPY,1,0.11814044,0.88185956
SPY,1,0.36433882,0.63566118
SPY,1,1.00000000,0.00000000
SPY,1,0.99840995,0.00159005
SPY,1,0.21660889,0.78339111
SPY,1,0.18117422,0.81882578
SPY,1,0.07287543,0.92712457
SPY,1,0.82050938,0.17949062
SPY,1,0.07184584,0.92815416
SPY,1,0.87452885,0.12547115
SPY,1,0.83343102,0.16656898
SPY,1,0.50996119,0.49003881
SPY,1,0.80608178,0.19391822
SPY,1,0.13486913,0.86513087
SPY,1,0.07199465,0.92800535
SPY,1,0.09511429,0.90488571
SPY,1,0.07189296,0.92810704
SPY,1,0.10249013,0.89750987
SPY,1,0.33771603,0.66228397
SPY,1,0.08069657,0.91930343
SPY,1,0.12718388,0.87281612
SPY,1,0.07706647,0.92293353
SPY,1,0.10567770,0.89432230
SPY,1,0.07141158,0.92858842
SPY,1,0.99660410,0.00339590
SPY,1,0.14735853,0.85264147
SPY,1,0.07338869,0.92661131
SPY,1,0.08553026,0.91446974
SPY,1,0.09993261,0.90006739
SPY,1,0.07295722,0.92704278
SPY,1,0.07696971,0.92303029
SPY,1,0.45168151,0.54831849
SPY,1,0.07241412,0.92758588
SPY,1,0.09950947,0.90049053
SPY,1,0.62859994,0.37140006
SPY,1,0.07808890,0.92191110
SPY,1,0.07716894,0.92283106
SPY,1,0.07152068,0.92847932
SPY,1,0.08869457,0.91130543
SPY,1,0.09496310,0.90503690
SPY,1,0.07134121,0.92865879
SPY,1,0.08468873,0.91531127
SPY,1,0.13834756,0.86165244
SPY,1,0.07343848,0.92656152
SPY,1,0.09056285,0.90943715
SPY,1,0.07392121,0.92607879
SPY,1,0.07854656,0.92145344
SPY,1,0.16138376,0.83861624
SPY,1,0.11571318,0.88428682
SPY,1,0.10720233,0.89279767
SPY,1,0.07190094,0.92809906
SPY,1,0.07425156,0.92574844
SPY,1,0.13630807,0.86369193
SPY,1,0.19448394,0.80551606
SPY,1,0.07292014,0.92707986
SPY,1,0.11089659,0.88910341
SPY,1,0.09101329,0.90898671
SPY,1,0.08746750,0.91253250
SPY,1,0.07129590,0.92870410
SPY,1,0.08250681,0.91749319
SPY,1,0.11724483,0.88275517
SPY,1,0.09773658,0.90226342
SPY,1,0.07225915,0.92774085
SPY,1,0.09182572,0.90817428
SPY,1,0.07782267,0.92217733
SPY,1,0.07684143,0.92315857
SPY,1,0.07248706,0.92751294
SPY,1,0.08041686,0.91958314
SPY,1,0.07567860,0.92432140
SPY,1,0.09638968,0.90361032
SPY,1,0.07127697,0.92872303
SPY,1,0.07300843,0.92699157
SPY,1,0.07133928,0.92866072
SPY,1,0.11917336,0.88082664
SPY,1,0.07210946,0.92789054
SPY,1,0.08128802,0.91871198
SPY,1,0.07129840,0.92870160
SPY,1,0.07507615,0.92492385
SPY,1,0.07253749,0.92746251
SPY,1,0.07960360,0.92039640
SPY,1,0.42341873,0.57658127
SPY,1,0.23479846,0.76520154
SPY,1,0.07763370,0.92236630
SPY,1,0.10214371,0.89785629
SPY,1,0.07127496,0.92872504
SPY,1,0.10874979,0.89125021
SPY,1,0.07193816,0.92806184
SPY,1,0.15181151,0.84818849
SPY,1,0.08301412,0.91698588
SPY,1,0.07138945,0.92861055
SPY,1,0.07416536,0.92583464
SPY,1,0.07139272,0.92860728
SPY,1,0.08848446,0.91151554
SPY,1,0.07700897,0.92299103
SPY,1,0.08159317,0.91840683
SPY,1,0.30078335,0.69921665
SPY,1,0.07527440,0.92472560
SPY,1,0.07871816,0.92128184
SPY,1,0.07527247,0.92472753
SPY,1,0.07911109,0.92088891
SPY,1,0.08939509,0.91060491
SPY,1,0.11390741,0.88609259
SPY,1,0.08304941,0.91695059
SPY,1,0.12548874,0.87451126
SPY,1,0.07335683,0.92664317
SPY,1,0.07368628,0.92631372
SPY,1,0.07481860,0.92518140
SPY,1,0.07658786,0.92341214
SPY,1,0.12067660,0.87932340
SPY,1,0.07144738,0.92855262
SPY,1,0.08719185,0.91280815
SPY,1,0.07160429,0.92839571
SPY,1,0.07229513,0.92770487
SPY,1,0.08270841,0.91729159
SPY,1,0.08841010,0.91158990
SPY,1,0.08712579,0.91287421
SPY,1,0.08508347,0.91491653
SPY,1,0.07911613,0.92088387
SPY,1,0.08529417,0.91470583
SPY,1,0.08674309,0.91325691
SPY,1,0.07767056,0.92232944
SPY,1,0.08039465,0.91960535
SPY,1,0.07924032,0.92075968
SPY,1,0.07249647,0.92750353
SPY,1,0.07128144,0.92871856
SPY,1,0.07824144,0.92175856
SPY,1,0.07723942,0.92276058
SPY,1,0.08899700,0.91100300
SPY,1,0.07395280,0.92604720
SPY,1,0.97012330,0.02987670
SPY,1,0.19899288,0.80100712
SPY,1,0.07138110,0.92861890
SPY,1,0.08150727,0.91849273
SPY,1,0.09533176,0.90466824
SPY,1,0.08489940,0.91510060
SPY,1,0.16517124,0.83482876
SPY,1,0.07193402,0.92806598
SPY,1,0.08680585,0.91319415
SPY,1,0.08763492,0.91236508
SPY,1,0.12355126,0.87644874
SPY,1,0.21198008,0.78801992
SPY,1,0.07980602,0.92019398
SPY,1,0.07158585,0.92841415
SPY,1,0.16606391,0.83393609
SPY,1,0.07351647,0.92648353
SPY,1,0.07392147,0.92607853
SPY,1,0.18446061,0.81553939
SPY,1,0.07371877,0.92628123
SPY,1,0.15254836,0.84745164
SPY,1,0.07129610,0.92870390
SPY,1,0.34215278,0.65784722
SPY,1,0.08002131,0.91997869
SPY,1,0.07161550,0.92838450
SPY,1,0.40627216,0.59372784
SPY,1,0.07339334,0.92660666
SPY,1,0.13296288,0.86703712
SPY,1,0.13440057,0.86559943
SPY,1,0.07587605,0.92412395
SPY,1,0.30760268,0.69239732
SPY,1,0.11558514,0.88441486
SPY,1,0.34820695,0.65179305
SPY,1,0.16514587,0.83485413
SPY,1,0.11155572,0.88844428
SPY,1,0.09408715,0.90591285
SPY,1,0.07997165,0.92002835
SPY,1,0.07222688,0.92777312
SPY,1,0.07857883,0.92142117
SPY,1,0.07192049,0.92807951
SPY,1,0.07334071,0.92665929
SPY,1,0.07547016,0.92452984
SPY,1,0.07202151,0.92797849
SPY,1,0.09681396,0.90318604
SPY,1,0.07627943,0.92372057
SPY,1,0.15572582,0.84427418
SPY,1,0.07516812,0.92483188
SPY,1,0.07579057,0.92420943
SPY,1,0.17500572,0.82499428
SPY,1,0.09499053,0.90500947
SPY,1,0.14140298,0.85859702
SPY,1,0.10349550,0.89650450
SPY,1,0.08699184,0.91300816
SPY,1,0.08013400,0.91986600
SPY,1,0.07131713,0.92868287
SPY,1,0.07825286,0.92174714
SPY,1,0.07264475,0.92735525
SPY,1,0.10753981,0.89246019
SPY,1,0.07181255,0.92818745
SPY,1,0.09983285,0.90016715
SPY,1,0.09812591,0.90187409
SPY,1,0.07481337,0.92518663
SPY,1,0.07138354,0.92861646
SPY,1,0.09740178,0.90259822
SPY,1,0.07406525,0.92593475
SPY,1,0.07303784,0.92696216
SPY,1,0.08637497,0.91362503
SPY,1,0.07378644,0.92621356
SPY,1,0.07142663,0.92857337
SPY,1,0.68828799,0.31171201
SPY,1,0.13022979,0.86977021
SPY,1,0.09641627,0.90358373
SPY,1,0.07173217,0.92826783
SPY,1,0.08610671,0.91389329
SPY,1,0.08275215,0.91724785
SPY,1,0.07133391,0.92866609
SPY,1,0.07338189,0.92661811
SPY,1,0.07681710,0.92318290
SPY,1,0.08328860,0.91671140
SPY,1,0.11202314,0.88797686
SPY,1,0.09083382,0.90916618
SPY,1,0.22861291,0.77138709
SPY,1,0.46928095,0.53071905
SPY,1,0.10041105,0.89958895
SPY,1,0.07363406,0.92636594
SPY,1,0.07141674,0.92858326
SPY,1,0.34231276,0.65768724
SPY,1,0.07180496,0.92819504
SPY,1,0.07277671,0.92722329
SPY,1,0.08672890,0.91327110
SPY,1,0.07358135,0.92641865
