date,y_true,pred_mean,pred_std,var_alpha,es_alpha,lps
2003-08-08,"[0.2853693352768083, -0.7949694069274038, 0.7057701887285717, -0.09197853900091424]","[0.11516412674580968, -0.013695912459738498, 0.20840810210437813, 0.5923194430720636]","[1.5459887064360383, 2.366787731101481, 1.489038592346279, 1.3344140232220658]","[-2.477681257159537, -3.793255728669388, -2.4027340573909055, -1.4195534345363694]","[-3.3421210219744326, -5.1310472495889545, -3.11771986373123, -2.3687565976848957]",-4.11916096
2003-08-15,"[0.20094012177391818, 0.8699909875545586, 0.11947887479095698, 0.5996655546881335]","[-0.12230308902136781, -0.2059236582285428, -0.10337897958304541, -0.09401998899012927]","[1.5490736997832923, 2.4553915522366565, 1.522655673924955, 1.3459668667817366]","[-2.6816295954907967, -4.234028005630615, -2.46101974298471, -2.393530344178609]","[-3.655084268361218, -5.800192013044868, -3.5402504887970347, -3.0764585145672987]",-3.43393040
2003-08-22,"[-0.9973841707885178, -0.614630084869372, -0.7970147562160079, -1.417499541836298]","[-0.17680089430645768, -0.1710478824287496, -0.17322251191215812, -0.19922466898789798]","[1.471583598755801, 2.2790822195357574, 1.4123886714027445, 1.3403422110715584]","[-2.465867315130811, -3.923598353238235, -2.45857031410267, -2.3286371536068837]","[-3.434636977046066, -5.031187516913015, -3.2977372019871445, -3.113233290276788]",-3.71033799
2003-08-29,"[0.6726160983689944, 0.9025332022042143, 0.4428983599732206, 1.2572363609473225]","[-0.025107433248450873, -0.12346315693079042, -0.029026942826066146, 0.07801150109198608]","[1.483654248139919, 2.1963961622458776, 1.451430392092822, 1.290559641721116]","[-2.350133612120687, -3.701077378087684, -2.399416582033594, -1.9461746292497246]","[-3.4588282753947572, -5.037365337785394, -3.4543829217757436, -2.845435591426229]",-3.54390373
2003-09-08,"[0.8232241538226326, 1.6365064231234072, 0.8690658012099561, 1.07754762459229]","[0.05122076954494642, 0.014456010949817355, 0.06466341847211293, 0.10696113315888166]","[1.4978816999639843, 2.335631142160899, 1.4483573970641237, 1.3004018063901437]","[-2.37457972726848, -3.794540484962927, -2.359139502073637, -1.9383804544770615]","[-3.1171505970664413, -5.032557354379235, -3.0294425875585977, -2.641387993490856]",-3.34041357
2003-09-15,"[-0.35206012792929897, -0.9805456664321532, -0.24037821342588472, 0.104265412289406]","[-0.14974034377106418, -0.12838209293170427, -0.16502994725994138, -0.22958945938977357]","[1.452681007015046, 2.1731155173749213, 1.4323114424561059, 1.3070358015544579]","[-2.46027874947441, -3.6082782163714833, -2.530846260171772, -2.499047196993909]","[-3.169783438475528, -4.54779300956351, -3.2279323837668947, -3.1337638657646933]",-3.23493459
2003-09-22,"[-1.0861853300025537, -1.9270669331442392, -1.140875619088355, -0.8887573020976536]","[-0.11989170208803501, -0.11892485442226844, -0.17561914084311114, -0.11332156456635897]","[1.507666256717151, 2.316263492130349, 1.456288396625788, 1.3028095417630112]","[-2.501653561973193, -3.756760455995581, -2.4942442617644, -2.3219006049698736]","[-3.402186491372285, -5.141804920722768, -3.3581967444485956, -2.942213385247575]",-3.20781597
2003-09-29,"[0.9756987759632629, 1.704240882451824, 0.7185495983145884, 0.950463153119907]","[0.21536144651974198, 0.2923158986963413, 0.219716833510838, 0.4323237870116258]","[1.5325188593970307, 2.3713676093207265, 1.4753738708329132, 1.350386713952624]","[-2.3212168313750308, -3.40745420823871, -2.1895576508352876, -1.7240587168443113]","[-3.2837960745154913, -5.083612200048435, -3.1703561891462586, -2.501408304943455]",-3.34066323
2003-10-06,"[0.4534901309160233, 0.7285475908319405, 0.23655832883910932, 0.5755086615775618]","[-0.013777646531404598, -0.12959451967039357, -0.020057254437997284, -0.04482917747221402]","[1.5108533148980858, 2.2928792719110787, 1.4881170709747342, 1.3594395333047489]","[-2.394705796167955, -4.0660066753399216, -2.3249963303778474, -2.1174745142793174]","[-3.30610550031334, -5.133512753949877, -3.2650946919227515, -3.1062913361008753]",-3.25942619
2003-10-13,"[0.3150409571064827, 0.6548066101404793, 0.9228927583459168, 1.3324416945601936]","[0.09294293212100188, 0.0945577755358915, 0.11572304489640864, 0.07908198402539938]","[1.3971300973811804, 2.137571705397674, 1.3563098797903657, 1.2689920870691285]","[-2.161896218938746, -3.2772584044626987, -2.0933384667905273, -2.0237916955435122]","[-2.8170018975343725, -4.176926424527028, -2.7923373367945543, -2.61634782358104]",-5.41474530
2003-10-20,"[0.7453570302637047, 1.234760842093774, 0.5759110925618316, 0.24214359453527123]","[-0.005565080623990122, -0.001681012470123461, -0.06918065557837007, 0.0751060489039921]","[1.507119236205342, 2.3337881545214403, 1.4749394434622258, 1.3583790561340616]","[-2.286327414788918, -3.9008580428311594, -2.38434895326449, -2.066729268687664]","[-3.186579919079751, -4.992269440855053, -3.3148457908373636, -2.858305161083523]",-3.21975464
2003-10-27,"[0.04818452287063124, 0.02923549209539189, 0.26784142561719904, 0.8021847367841062]","[0.035532607593195, -0.0869482232611057, 0.1386256239115549, 0.23628002511551643]","[1.511942040776917, 2.362389946140442, 1.4703008304102898, 1.3445383353952602]","[-2.264850229790759, -3.703867587535939, -2.043154067278721, -1.9090041855320656]","[-3.207484453940797, -5.175964007299798, -2.973947643090192, -2.620679804774419]",-3.26554183
2003-11-03,"[0.6530988142659844, 1.6352210995902006, 0.5833294739955974, 1.4829871813897277]","[-0.05557172529087849, -0.06840665029778083, -0.08467496906603118, 0.002888568068416871]","[1.5059240966633005, 2.2735886598437065, 1.4520969555430152, 1.29553486825198]","[-2.3910484535837977, -3.3047668304087017, -2.4050389530045084, -2.025801592741586]","[-3.2753807966101873, -4.993082384226115, -3.2212242004754303, -2.7223455682604434]",-4.05509116
2003-11-10,"[-0.4553297501261433, -1.242602828425099, -0.5444031450329234, -1.527095372202325]","[0.0040872770738957925, 0.11800753839941719, -0.05158727506215324, -0.05907616113494589]","[1.4961060009236027, 2.2439449203774124, 1.4564625295409108, 1.324682995299729]","[-2.421365838737175, -3.695736278771206, -2.445890498709162, -2.2981770747916705]","[-3.3577763173685202, -4.883480977450265, -3.3957507682519754, -3.023276130250548]",-4.18443012
2003-11-17,"[-0.5038504426115864, -1.0327114155849415, -0.5939550908960811, -1.1094466445574103]","[0.024700119927591246, 0.06577134834104166, -0.010703600866377578, 0.095623206926332]","[1.3909210125737508, 2.1234910412741965, 1.3590623757668738, 1.2839519187990878]","[-2.2427196218396084, -3.3206536244513303, -2.1726397966549897, -1.9983530427270302]","[-3.011824423959579, -4.666796055286488, -3.009504811852728, -2.5479440501488755]",-3.52530071
2003-11-24,"[1.2771711526338159, 2.7316860194895654, 1.2309995309845334, 1.9134415056394793]","[0.044198299746564224, 0.17830329941836764, 0.06021736228926149, 0.10981501786807776]","[1.479789413022959, 2.240531705606038, 1.4204447895993138, 1.2731314489251262]","[-2.2115641379543596, -3.212398834881226, -2.241402933054531, -1.8508032269279717]","[-3.2999349208589677, -4.5010162113232255, -3.1407137442463497, -2.5074782612467867]",-4.28989255
2003-12-02,"[-0.19542357786228592, -0.5586606708638975, -0.4597883263391722, -0.36022356268459177]","[-0.07372370905092217, -0.08831881750893053, -0.10266326082864549, -0.045270577652631164]","[1.4623111809813842, 2.1502325689125406, 1.4323286385806948, 1.3125810695876658]","[-2.2526406638140917, -3.523620727886537, -2.281202702284331, -2.107216695436894]","[-3.3051710470700333, -4.920229303956251, -3.306786252573036, -2.8562978708862476]",-3.05360401
2003-12-09,"[-0.7745214622021379, -2.311162942855294, -0.42083880866332635, -0.5392549986354744]","[-0.17004744812109923, -0.08165534887915425, -0.2477368836725407, -0.07903936789887597]","[1.3740217099562964, 2.011646571123137, 1.3575463886236305, 1.2589642208900846]","[-2.206278791660148, -3.312368457625552, -2.2245800964581104, -2.050538629546301]","[-3.158272042208699, -4.387198254349722, -3.1517592915276738, -2.7190049657320996]",-4.30567089
2003-12-16,"[0.5190755401501157, 0.20106282803959985, 1.0593319370125087, -0.32746028132288885]","[-0.07525992228162987, 0.007631568948965062, -0.16205335108227847, -0.12307357506173919]","[1.4645801401714393, 2.065977862684196, 1.4366648272565434, 1.3296844613737204]","[-2.4358872822767483, -3.295235430718279, -2.4582917122747547, -2.2642936444535375]","[-3.368064623268288, -4.3616317330370995, -3.4015712036221872, -2.9671781011091976]",-4.73477685
2003-12-23,"[0.0637584276114822, 0.756200214636582, 0.031527240902562426, 0.8301841898926909]","[-0.055481564140112, -0.004024860555482694, -0.020137760631487957, -0.014883506763103039]","[1.4102508197647066, 2.0466434734184262, 1.3634209269065805, 1.2848966424233192]","[-2.310200551942245, -3.355972975147848, -2.1502889955335878, -2.179607246921316]","[-3.2822115080080136, -4.507639855019341, -3.1700106849212943, -2.9270161485186517]",-3.27216166
2003-12-31,"[0.08993590652499606, -0.2737912465379466, 0.27664135145215596, -0.6828327028755687]","[0.05226171767936787, 0.00021389813398386092, 0.08002261265620957, 0.18369382379673807]","[1.5190373088393077, 2.0704380990285016, 1.5124508710387072, 1.3095932326530475]","[-2.3392711117349902, -3.4121985346054626, -2.3587026498941595, -1.8818109414180038]","[-3.396983661460448, -4.538250204936864, -3.367507279420068, -2.614108506044204]",-3.41239648
2004-01-08,"[0.39770163612393716, 0.7903497945403792, 0.6004344243486059, 1.1483434008727755]","[0.1423352212109285, 0.21403355298089224, 0.2088206892704719, 0.29756655534232646]","[1.4751251439599309, 2.1234711551267678, 1.4504778021630538, 1.2984874079387816]","[-2.331750573312154, -3.3068146935524463, -2.231811648259315, -1.7971808597552414]","[-3.2312598383159354, -4.370942620063945, -3.151804969901841, -2.477223626387083]",-3.31612313
2004-01-15,"[0.21991765909827876, 0.26228998916284496, 0.14677926741963887, 0.358915659821335]","[-0.11691704292065255, -0.024085149202384717, -0.16010613328703982, -0.06204950282572734]","[1.4105627357728954, 2.0567009067963884, 1.3731856970172092, 1.2647334973220468]","[-2.3307571600674426, -3.341384914510661, -2.3154561572879087, -2.1403884261339923]","[-3.1457011208243495, -4.358200959629866, -3.07562830011935, -2.701785745586363]",-2.81416155
2004-01-23,"[-0.3576444873549356, -0.3676356506119305, -0.5180369604346424, -0.2301404805331586]","[0.07759958610186088, 0.07411887508532074, 0.017994103907471016, 0.05459237339116883]","[1.4515767867715716, 2.0852897652131666, 1.4119383649608814, 1.2995086766064732]","[-2.129356705832293, -3.224926646142105, -2.267127190349829, -2.0616770235069857]","[-3.311510825131986, -4.594288646042595, -3.3541902740936105, -2.719895425901771]",-2.76492425
2004-01-30,"[0.0, -0.457634688880848, -0.21163279394933454, -0.18060455501203165]","[-0.09603197756757809, -0.08417836600295008, -0.09221758490001104, -0.050552528088344]","[1.4047810200879136, 1.9998650770705784, 1.3885308357311823, 1.2563411026591123]","[-2.4152463090338627, -3.5498640327319566, -2.3031440830691206, -2.156671773003735]","[-3.4186039166443725, -4.672499749402659, -3.215163643292712, -2.6938665299443585]",-3.09812918
2004-02-06,"[1.1158481164216916, 1.7961997058132617, 0.9244927238428957, 2.4818125563701443]","[-0.24660058813504368, -0.32409659548835595, -0.1564472250496955, -0.16943043610332345]","[1.2978304247641184, 1.8435795139617825, 1.2938216355508823, 1.2875403801297887]","[-2.532285509619693, -3.362744777082434, -2.3379754039170977, -2.361959973613652]","[-3.3476622781530874, -4.415292324552792, -3.2509246450684657, -3.1081116743946615]",-5.23550335
2004-02-13,"[-0.45061044704945985, -0.8089375775697683, -0.6211533785641876, -1.3442928377105368]","[0.053898634288786565, 0.10129583481062608, 0.0539630128681712, 0.07584800063899533]","[1.3778358438754612, 1.905833125097157, 1.374523618894803, 1.270364844375146]","[-2.2459846898050895, -3.0804944508478784, -2.2521366547141395, -2.107727299971724]","[-3.1503768752858665, -4.02839973199772, -3.0938804826246353, -2.6616718896719744]",-3.68111595
2004-02-23,"[-0.26147169764652034, -1.1186601244776995, -0.08865566523592605, -1.2260130297016225]","[0.09982743157323187, 0.1302809401735232, 0.12492449838098275, 0.13826328835910845]","[1.3241387499630262, 1.8947779155179947, 1.301720312777905, 1.3371579448763111]","[-2.0767778268260995, -2.8903991246641727, -1.9581904301072344, -2.0311738111346638]","[-3.0168087575211087, -4.060738890790721, -2.9394146581234963, -2.7728396843428396]",-3.68601857
2004-03-01,"[0.8909534391919216, 1.3040486987858202, 0.886276484501991, 0.45911089804313576]","[0.07768203307915901, 0.09340705992712113, 0.07418213833350365, 0.03731539156924451]","[1.2346906098338766, 1.7790876875069979, 1.2484312483521742, 1.173354075076707]","[-1.8294632454398099, -2.633727406867224, -2.012377129381461, -1.8524322036746599]","[-2.6027259946407253, -3.5128052613658975, -2.708695730224442, -2.404099617645023]",-2.56027141
2004-03-08,"[-1.2276417561339237, -2.3758454947397034, -0.625509307978156, -0.7131279796593226]","[0.11520059947886667, 0.22676243014100284, 0.1567301048680704, 0.19080355608561075]","[1.175386804930951, 1.744660944886731, 1.171423021503082, 1.160531597718549]","[-1.8652618573280473, -2.9066435428992725, -1.8029915236375247, -1.7176380429936855]","[-2.6016367001048195, -3.593388148906257, -2.5643171141719416, -2.2982594152248663]",-4.52561436
2004-03-15,"[-1.2333361805515253, -1.7614351150744056, -1.34879599077955, -1.8392096299228555]","[0.048619990870696954, 0.08060889029579309, 0.01949533063440538, 0.29182950149617076]","[1.1596240314612847, 1.7155179485688399, 1.154910300044154, 1.1364443535917954]","[-1.851298742008199, -2.9919996632514985, -1.9164671997942293, -1.492646827313089]","[-2.574494107896858, -3.8342929992267103, -2.629429186954912, -2.0691984208214427]",-4.12767598
2004-03-22,"[-1.3047384094498682, -1.2742105198284115, -1.2033871605058977, -1.7983165937716095]","[-0.021859678830294233, -0.10425485617201083, -0.09246679350181375, -0.36146594608692206]","[1.2234180106784873, 1.7496722569308232, 1.2057954893413514, 1.133624175877422]","[-2.024258520262467, -2.957938238889361, -2.0240014735064156, -2.234492857276261]","[-2.834553447442923, -4.1375609386325936, -2.8998461203273056, -2.8369853061859516]",-3.25206817
2004-03-29,"[1.39523003976052, 1.6053815055104614, 1.1358003018818508, 1.2363123100342932]","[-0.00734904822033028, 0.12076174862085376, 0.013135730130364972, -0.06390761430966917]","[1.1518451341830682, 1.7203613240830449, 1.1342795881742902, 1.1024289983144797]","[-1.8350334209976908, -2.749440277884778, -1.7615908645470384, -1.8318752300329446]","[-2.601819964457659, -3.643860890657751, -2.561514324809094, -2.444035487698133]",-3.25534083
2004-04-05,"[0.5393608529510097, 0.9388770880377706, 0.8348564100485234, -0.3953416904740159]","[0.04341017743170958, -0.16939967870885744, 0.009009970847512318, 0.10428005607952315]","[1.1364572809063758, 1.6622989858860535, 1.1450905142118766, 1.1149190476137039]","[-1.808565712966943, -2.7570899430670917, -1.835548049948306, -1.7268806532334409]","[-2.4581803465168277, -3.6588987668859816, -2.5086154415854875, -2.280558687709731]",-3.95938779
2004-04-13,"[-1.41217081349847, -1.4634136606572312, -1.2851813850353722, -1.9419148458063695]","[0.033822467297200044, 0.06285723111957152, -0.07545891687616108, 0.15538269835378277]","[1.1590891185070307, 1.6638311498895122, 1.1657259397392734, 1.0788399598749032]","[-1.8345336585437864, -2.727167739244785, -2.007547243976376, -1.5788217340855275]","[-2.5714736684489194, -3.551492551424614, -2.761885944800149, -2.1099871220690583]",-4.41527785
2004-04-20,"[-1.692147413328815, -2.3544081835172648, -1.1887911975895449, -1.9463326804974201]","[0.14789016765279173, 0.06438108889059084, 0.17969795484820883, 0.22699295088813523]","[1.1132061871887442, 1.627665897381593, 1.113168729257363, 1.07077443121456]","[-1.6781302237315638, -2.5064854768929306, -1.6442126722589325, -1.5581036781924198]","[-2.35624107107171, -3.359550276085551, -2.3311809040978573, -2.189182917874411]",-5.01053061
2004-04-27,"[-0.017501496340077694, -0.18960252813311484, 0.31955171898694346, 0.26511013773511394]","[0.30892860765638286, 0.43341454613416674, 0.34752144576486393, 0.4136642507203455]","[1.1432182929432038, 1.642130046299728, 1.147968094737577, 1.135024465705921]","[-1.351644140872667, -2.0995015860085733, -1.2806772240359452, -1.3780457833176962]","[-2.036184141280684, -2.8648603427705086, -2.015674693012211, -1.8861925396136099]",-2.46126085
2004-05-04,"[-0.053497258279744386, 0.42641624717107973, 0.03102291669545565, 0.7497569731841125]","[-0.18279549058413866, 0.06692417147404106, -0.13196244438468932, 0.04413335782319457]","[1.082636604216338, 1.6120494595270198, 1.0773099098210306, 1.087099058408939]","[-1.830889497523302, -2.452803880461124, -1.8182519578419334, -1.7046799990255936]","[-2.540863517891584, -3.2245019713050977, -2.455893686476829, -2.1767943275526873]",-2.20571651
2004-05-11,"[0.8417961264568952, 1.4858289436368466, 0.29436254939803064, 1.4937598204533664]","[0.15269782423113296, 0.32697374049020134, 0.17896458181488492, 0.24991964970367064]","[1.0686653728644069, 1.5905516250321485, 1.0462534871699647, 1.1054402722676226]","[-1.5555453706368918, -2.1628070099681813, -1.5061746521971837, -1.5260033178820367]","[-2.139332507831191, -3.0513155242988095, -2.097979356777624, -2.0530386405228986]",-4.13635189
2004-05-18,"[0.5027863829492496, 0.896548059095803, 0.6198590745174926, 1.2706747788047146]","[0.1710220221704117, 0.15792286475730305, 0.21200928494619778, 0.26408566230701996]","[1.0555776670609833, 1.6011431346837803, 1.0385417227818756, 1.1028987364950464]","[-1.488853162077431, -2.4653245693855017, -1.4599834540741103, -1.4382329842407255]","[-2.07960827967993, -3.208827169883802, -1.9942485095632603, -1.8805996596582408]",-2.35696437
2004-05-25,"[1.4227409345701325, 1.9658811541535925, 1.5859069694613481, 2.0627277753153983]","[0.2440106513804936, 0.4064666897669417, 0.30768115128789986, 0.33112055132034135]","[1.0021868154662479, 1.5732007156377126, 0.9811020100779347, 1.0321242758161107]","[-1.4316015227174115, -2.0796545110646223, -1.3046653183267232, -1.329887900641211]","[-1.945736083506643, -2.9213354295965224, -1.858282321986282, -1.7343341712204308]",-3.29280390
2004-06-02,"[0.3719117295513996, -0.21947043937693422, 0.589471263200636, 0.1447490505111837]","[0.12435328744900617, 0.1720122919913064, 0.031321201067964835, -0.07456426883981357]","[1.0246304209988895, 1.6058722266798702, 0.9903302724002095, 1.038245712929056]","[-1.5119284819179128, -2.555357284056013, -1.5799622668180087, -1.7246087994938757]","[-2.0662660620878333, -3.3593858840173696, -2.100018185057469, -2.1616399820649024]",-2.77521718
2004-06-09,"[-0.9359709187568122, -1.4197836772687822, -0.616118708104807, -1.352899314922329]","[0.020390678947223725, -0.0758871309725766, -0.06373156052098208, 0.03095529919254188]","[1.0100628301268717, 1.5644500457070138, 1.0037841939715977, 1.025230288385571]","[-1.7206794057368708, -2.6111810462264327, -1.789151534153446, -1.6495976203240441]","[-2.2756111340000067, -3.598307093805048, -2.3340206164245503, -2.1353375580585916]",-3.33056621
2004-06-17,"[-0.14927000809938917, -0.930033245551698, -0.019854411709552267, 0.07234833489837555]","[0.06907429521577302, 0.023046314192482976, 0.05647726983227949, 0.005177728470220888]","[0.963145395698706, 1.4865095498842877, 0.9508761030182742, 1.0427836057226136]","[-1.5217773182862309, -2.293869607312585, -1.4336591438354649, -1.7390790275578274]","[-2.007655589645881, -3.1162299518141503, -1.91184556244641, -2.0884979455105115]",-2.19104719
2004-06-24,"[-0.29671251746652416, -0.1888169986779431, -0.34182560361966097, -0.40789451311136204]","[-0.046072280948432444, 0.03286430851573428, -0.03176598251570594, 0.17675181044072763]","[0.993371258980972, 1.5274159528042852, 0.9697337595216005, 1.057785752715742]","[-1.6037803473979584, -2.478022589475862, -1.5562311192645144, -1.5907865968675952]","[-2.1858762224837025, -3.2337083864143783, -2.1431726729594653, -2.0566802324137115]",-1.80540204
2004-07-01,"[-1.3980244558170263, -1.872154379167501, -0.9756654455893354, -0.8056491194968984]","[0.10462494240799414, 0.1489741980156047, 0.14366453950460084, 0.35236320180644615]","[0.927655557305844, 1.4490867543989103, 0.9074403411631776, 0.9989703397400114]","[-1.3809154767208824, -2.138389489338754, -1.339433473314646, -1.3278523356908354]","[-1.8534145874627463, -2.815223366524271, -1.768949133242051, -1.7236881762254148]",-3.39707169
2004-07-09,"[0.2778379623928906, 0.13990360127316137, 0.4087378861157731, 0.4879362438959589]","[0.09893295564887912, 0.03302991448107442, 0.08711136426956849, 0.19139157023167014]","[0.9742135527657965, 1.4867358456288113, 0.9516440612284134, 1.0093263049469408]","[-1.5063788676058107, -2.393639441619705, -1.4110374877167096, -1.383589027153688]","[-2.0618482708225763, -3.1162289107182626, -2.0101106802722044, -1.8805119011090696]",-1.66707787
2004-07-16,"[-0.06322467245736263, -1.1471140439896388, -0.23031058318352393, -0.8698635539935218]","[0.14409559461997448, 0.1434376386463663, 0.03368056706538047, -0.16711337829466677]","[0.9429325808911025, 1.4259169771559341, 0.922152235243897, 1.001383115002374]","[-1.2194403420949629, -2.154536900021566, -1.4212174908806214, -1.8742797902465167]","[-1.8743273350586844, -2.9928301308640686, -1.9219521120126972, -2.2775817362015327]",-2.77566899
2004-07-23,"[-0.804393476135079, -1.9108672736795285, -0.8805571524451494, -1.0350303385361137]","[0.07749476998380594, 0.07429848704826073, 0.06079257437674826, 0.21502928112060946]","[0.9815915741654282, 1.4700082772669485, 0.940113715747662, 1.0107526962745763]","[-1.5087163657750495, -2.4213829585271918, -1.5397668995481804, -1.3898014239400467]","[-2.1955474221864195, -3.236640850788623, -2.089936025511897, -1.9299933866224168]",-3.00040846
2004-07-30,"[0.22588788983251007, 0.3157955507666621, 0.1033087636791663, 0.0549644842253727]","[0.14877309394290306, 0.19929353271603098, 0.17514205853055317, 0.2924300553862083]","[0.9052741605944139, 1.3703675213183626, 0.9013845722634499, 0.9990828396126921]","[-1.3463343218852466, -1.9912796486389792, -1.3098375449186015, -1.3344532361458288]","[-1.8826959072922134, -2.8675630852746963, -1.8185966149677746, -1.7553354379577335]",-1.60716703
2004-08-06,"[-1.4493874078649327, -2.6539806185028603, -1.493581295223656, -2.0393534803157642]","[0.2072234972725888, 0.18117699223164235, 0.16047591684885762, -0.04315800146451347]","[0.9297574745615302, 1.416078392688614, 0.8987326031921101, 0.9847695119872047]","[-1.2775901589787708, -2.063457895234467, -1.2909480801041127, -1.5757086233468138]","[-1.8402860295422065, -2.764154380924997, -1.869837489234434, -2.0326372779683695]",-3.93501617
2004-08-13,"[0.21474442749527256, 0.1538099796733583, 0.1095706138125152, -0.019140519195826045]","[0.10873444511747155, 0.11618518430646962, 0.13116249856887713, 0.10116269209932995]","[0.9475631580186075, 1.389749138588481, 0.9228250857565428, 1.009765510576592]","[-1.4192005829898107, -2.090808495879343, -1.292672234237732, -1.436177236259459]","[-1.9318986942636573, -2.7985206420532966, -1.8731542030380992, -1.903434760372703]",-1.50033302
2004-08-20,"[0.6632143177287553, 0.9987041771780447, 0.6880026934519279, 1.6687901165142627]","[0.10441139341841928, 0.08806357492849749, 0.11708317126204142, 0.17187044516892497]","[0.9243337543169564, 1.415313068800794, 0.904179333401477, 1.0360230300550253]","[-1.3550824017305136, -2.1550982395863154, -1.2789529801846677, -1.6095922837840217]","[-1.8863683031901084, -2.8041157367911262, -1.8185754110246506, -2.029495040192764]",-2.73849483
2004-08-27,"[0.31456113450767376, 0.4640023052329134, 0.21208918606916427, 0.7064542035776]","[0.1520188490194911, 0.10965566723144966, 0.17026058369908564, 0.3264320552922624]","[0.9060553797701004, 1.3756489513604109, 0.8867731782302037, 1.0625203308594244]","[-1.2575722915627705, -2.1198129865515436, -1.2975025970640481, -1.5115470924191987]","[-1.868763046108196, -2.7998769186614876, -1.8044881526403287, -1.9589350654222586]",-1.43893548
2004-09-03,"[-0.4094914602811528, -1.854355850027023, -0.2927437291008417, -0.46293253306464166]","[-0.10125153218847847, -0.07478949030912178, -0.14081842083700527, 0.0713334512232342]","[0.8417931064228457, 1.2942707569173346, 0.8202332395561563, 0.958710972067099]","[-1.479116316209355, -2.2082451261105382, -1.4291147317224853, -1.503291226559912]","[-1.9037701161047003, -2.74070695568439, -1.8359509099809979, -1.9286502418928329]",-3.81555665
2004-09-13,"[0.36196439210112175, 1.3013509444244953, 0.016380782618341527, 0.19209600568288465]","[0.035604899506010215, 0.07578143808907414, 0.04808874915997729, 0.2958578691279642]","[0.8822711278680543, 1.340673790647563, 0.8743821007201473, 0.9934672727902479]","[-1.3889362733131416, -2.1614466479975376, -1.3429395067671577, -1.332483447742282]","[-1.8459542649917253, -2.7145794650584607, -1.857746825779195, -1.8129329973259045]",-3.11164217
2004-09-20,"[-0.60280948064797, 0.008463745551079427, -0.7767040103537681, -0.41950803760100186]","[-0.0006224718747789257, 0.07252606993862, 0.018843458182719066, 0.14802371913177567]","[0.8509770155247879, 1.330948461733921, 0.8439371019542201, 0.9956764024178231]","[-1.2684962703055858, -1.996928303938586, -1.2978886620751746, -1.4842365996458742]","[-1.9222639248341273, -2.9245580678587544, -1.8537787979295899, -1.980324574598242]",-2.41553684
2004-09-27,"[-0.639012100681402, -0.8630299527770724, -0.5859553994586264, -1.068619116708458]","[-0.0147569785099701, 0.12435801793775281, 0.1047510697351246, 0.4245287776554124]","[0.8864517394106323, 1.373091271424193, 0.8745221167727955, 1.0042831363078784]","[-1.5225113054313777, -2.123982339748532, -1.3309979597587684, -1.2214409019379693]","[-2.1100692916400607, -2.969729324135214, -1.9249820471818433, -1.6891917847480071]",-2.62631840
2004-10-04,"[0.14069942264685054, 0.5882032912614577, 0.2341064044435015, 0.8381617915223849]","[0.02800225122512536, 0.14886623674333332, 0.12660817499506444, 0.5935795084545733]","[0.8512628831806451, 1.351324818353529, 0.8290090699750314, 0.9633206169080244]","[-1.3704641688353996, -2.0690244707170358, -1.2437801327026765, -1.0259127879409908]","[-1.8444211137812117, -2.7621897851318344, -1.733323285985133, -1.4646918547559074]",-1.21017796
2004-10-11,"[0.4080425456719716, 0.4766134635834085, 0.26587167811467083, -0.03467687346576653]","[0.04337252422369849, -0.0222829231291142, 0.03414159977898758, -0.12449784366562142]","[0.8866250260425329, 1.4014644533904215, 0.8641026246380807, 1.008240156450459]","[-1.3829886548028327, -2.4160405275543373, -1.2984241490613548, -1.7735272912544837]","[-1.9793977453615659, -3.1380420602014563, -1.8809095721031601, -2.2819641462846527]",-1.42955069
2004-10-18,"[0.3946910764860867, 1.4212354064825128, 0.2306762790970751, 0.07007565680501315]","[0.1405711798558359, 0.14228112858510733, 0.17932896983625224, 0.24372050352910668]","[0.7964238048680553, 1.2520032861685102, 0.7767803603315623, 0.9396704475499855]","[-1.1846493538290528, -1.870457156377916, -1.0874381813073974, -1.2171330223589667]","[-1.5445229042362658, -2.457314613055851, -1.4922266058644917, -1.6526083425904163]",-2.97680275
2004-10-25,"[-0.07276828304974003, -0.4899751240089678, -0.08016691271137688, 0.7213848328453842]","[0.02005241980153268, 0.0618910676958952, 0.07683860324923972, -0.0919914265314367]","[0.8309140477543686, 1.3043765855288312, 0.7840056986402407, 0.993667518976235]","[-1.3728237383580104, -2.1580347004116005, -1.2777025979353647, -1.8032994680251004]","[-1.733898305156179, -2.7382866155577, -1.591046638692612, -2.330296103487045]",-2.88476052
2004-11-01,"[0.27349679552566286, 0.3732762634385267, 0.268101829841072, 0.5148826546712115]","[-0.123136990327721, -0.21301903659639293, -0.16678621873608052, 0.018778006632330597]","[0.7828059217895713, 1.256019152546089, 0.7587209912672979, 0.9905021016810963]","[-1.4401477680710324, -2.3578011227224116, -1.4381361221256772, -1.595301642789504]","[-1.8714267407203604, -2.973069509822234, -1.8504038763328885, -2.086371440673667]",-1.08377329
2004-11-08,"[-0.14508314881629403, 0.10540924037139021, 0.036283048522278705, -0.634536008376152]","[-0.02793495592390955, 0.10197288675491573, -0.11304835360992324, 0.190091748371583]","[0.7918690133409075, 1.2813155997685512, 0.7617094606345586, 0.9983726782484716]","[-1.2942109206081518, -2.0114037610615725, -1.308447883616159, -1.5144081797291948]","[-1.6745970233090413, -2.4810497343346767, -1.6615694362985862, -1.9532896402996622]",-2.49182807
2004-11-15,"[0.24492797966244595, 0.4387253449844586, 0.10650356045438514, 0.12951108736976025]","[0.0864041521512229, 0.11863659741777174, 0.060537529364913516, 0.3090506109612733]","[0.7748880545918109, 1.220392234200778, 0.7506142288004505, 0.9875930503715428]","[-1.2001116763613329, -1.8782426176633968, -1.205296400760595, -1.3386019259384936]","[-1.5472975819862465, -2.436684109033521, -1.4771814298333963, -1.8313668538381236]",-1.12207300
2004-11-22,"[0.4757825643078917, 0.9520360229745783, 0.3104097562532715, 1.5633257998867833]","[0.07504690480793795, 0.024600626937532868, 0.035051123610308044, -0.0036898699453556576]","[0.7474007440392327, 1.2237192704669686, 0.715044143220321, 0.9456937256854339]","[-1.1618901529695937, -1.949568176468053, -1.1126249836187494, -1.581315482028227]","[-1.4495011258987611, -2.431267332378431, -1.4328463487199772, -1.9629166068963029]",-3.21005113
2004-11-30,"[0.05090172554345074, -0.20687783404165216, -0.45810531196952553, 0.17409683381472973]","[0.16862830751467042, 0.2794602917809297, 0.08280468535913993, 0.031173736168862848]","[0.7865024674014816, 1.2614645357737473, 0.7415119438655908, 1.0131045062963162]","[-1.1309412423052372, -1.7701400292871772, -1.1173329081893706, -1.5845633789675964]","[-1.3886185331513488, -2.2584813907187304, -1.3956493847994753, -1.9743066799116402]",-3.12842787
2004-12-07,"[-0.9354978845357742, -1.7282376239855957, -1.0146964129594593, -1.8659483822107248]","[0.03520333513614059, 0.028909260577133025, 0.08577276571938103, 0.38082914658561495]","[0.7817792159967255, 1.2685220381194557, 0.7397242920661146, 0.9854764610637924]","[-1.2478381742659252, -2.0331525237351586, -1.0992942875161933, -1.271080500676609]","[-1.612205618806057, -2.6875287435704154, -1.448670550297625, -1.7499130764517785]",-4.60017799
2004-12-14,"[0.3483523347878936, 0.48794230621940216, 0.3577795095083047, 0.6595172325498666]","[0.06685002328631341, 0.1236111039718875, 0.07526768352223848, 0.08201839150089897]","[0.7384339743569903, 1.2118641170119993, 0.7162274727306046, 0.9560545773495553]","[-1.0930286278406982, -1.8639684134554995, -1.0683626780229518, -1.5051882025384673]","[-1.3987127654363503, -2.3645902908280205, -1.3532156911249393, -1.9402437276395568]",-0.93626270
2004-12-21,"[0.7671078720719926, 1.217100921920533, 0.913408770469637, 1.1107017582096645]","[0.10184769380480535, 0.0799066418131344, 0.10725677904678792, 0.007972441829698973]","[0.6921636062922683, 1.1349914770255063, 0.67745677133425, 0.9493801638383216]","[-1.034213459742542, -1.7646598670807696, -1.0640157757002433, -1.606199095051493]","[-1.2675924259486633, -2.167509332229398, -1.3146469773246474, -1.9548635112280408]",-1.76538090
2004-12-29,"[0.14840229079151612, 0.12502059516652508, -0.23381227381857883, 0.07744559259741379]","[-0.04796205078928622, -0.1457495492227203, -0.10443627109649863, 0.0038754600194075665]","[0.7506521991034396, 1.1936832608155326, 0.7174358633028961, 0.9920761884858832]","[-1.2810760806417179, -2.1222946609630475, -1.2824135011102173, -1.6802439359137487]","[-1.6643143020373532, -2.6033930091730104, -1.679273790236284, -2.098986484210135]",-1.64447151
2005-01-05,"[-0.6082322448086153, -0.6206948714234883, -0.3104322500661283, -1.9909129398358871]","[0.023260181062241102, -0.07587450833814542, -0.08065767736355293, -0.17685497591034935]","[0.7370803391816181, 1.1963112797939006, 0.7011619738303901, 0.9660400116856709]","[-1.1515458183474663, -1.9933552011358555, -1.258529901022985, -1.76390768681938]","[-1.5036656867709721, -2.5107478633489895, -1.5187294260491213, -2.267334528767331]",-4.79719791
2005-01-12,"[0.3294805429763237, 0.8355244961226305, 0.5814751436075127, 0.2633027362723972]","[0.023989067305034462, 0.0858278742137581, -0.017367481678487888, -0.13225669239054721]","[0.7414472024700636, 1.2183345048861307, 0.7097191335595494, 0.9995339220276946]","[-1.2362504318189238, -1.891201437818015, -1.1602475505373295, -1.7897975240554589]","[-1.538038727403837, -2.397005578324524, -1.4684520973323643, -2.1336437718618093]",-2.08294297
2005-01-20,"[-0.6108641860739006, -1.9355735152415399, -0.6520280822289948, -0.8850800005133941]","[0.1329189158811916, 0.19262756573126896, 0.09226774678389728, -0.12950629551634368]","[0.7431026793829988, 1.2383784318031743, 0.6939883073243671, 0.9594833199814368]","[-1.1097986793326913, -1.7913348605922848, -1.0746762246359103, -1.7281997498253374]","[-1.433277652021993, -2.4441018363644162, -1.360873680046561, -2.1809826604108316]",-3.19240413
2005-01-27,"[0.17048129864116746, -0.1346853633942935, -0.2975239681980213, 0.16333194661894979]","[0.029735815863358255, 0.09384268732437318, -0.11478905027483653, 0.07880641748121175]","[0.7127112822197463, 1.192103953932444, 0.6664413289477509, 0.9525484245089074]","[-1.1153873040608893, -1.9363141833937858, -1.1828646376187268, -1.4681368750765624]","[-1.4707899509711515, -2.4353165090750646, -1.5190165241159412, -1.906339337383763]",-2.10638263
2005-02-03,"[-0.2602316577915431, -1.1399411184514818, -0.034831706129523354, -0.4158164466004699]","[0.11970720928499977, 0.16564183647644995, 0.07375634007672907, 0.08653569113902243]","[0.7167560852820086, 1.1646645866310374, 0.6990131149940865, 0.9882411259310083]","[-1.053197223279067, -1.8007104669592962, -1.030609014487721, -1.616785425813722]","[-1.3706211280768628, -2.349731749086661, -1.4216303642457901, -2.033550982928932]",-2.09882618
2005-02-10,"[0.35971848699158926, 0.10773377468851209, 0.7985576645486603, 0.2572905338404041]","[0.04384375155708564, 0.005686683265676689, 0.060391110360010575, -0.021262454905721803]","[0.7029896706884892, 1.15331393530838, 0.6745095759641049, 0.9716557653498089]","[-1.0839119398554837, -1.9611521528225693, -0.994194763218238, -1.667792126587858]","[-1.4456114331042216, -2.5016738379111754, -1.3207241390273066, -2.080132343560139]",-2.63625100
2005-02-17,"[-0.7953083739380418, -1.3519624832019517, -0.7468613929997758, -0.8878170400061336]","[0.2058061659951269, 0.2195480119916541, 0.21654739432227493, 0.24184099227539704]","[0.6897176250201672, 1.1620389861379, 0.6547208067577828, 0.9822288019736115]","[-0.9699014745800344, -1.7233391487133856, -0.8311760479835332, -1.4490910150595957]","[-1.2645777062933987, -2.3038690924782097, -1.1734712233792142, -1.8338455984512962]",-1.76583784
2005-02-25,"[0.9847715581798866, 0.5596673768584637, 0.8597359601569821, 1.8772726427029873]","[0.03517481321113773, 0.020880410856448758, 0.01161111233881307, 0.12067545880558188]","[0.6717765482938154, 1.1121947150188016, 0.662975141843276, 0.9449102748988876]","[-1.0567724477802478, -1.7862831978329128, -1.0666920085333664, -1.4085451289856703]","[-1.3985112347128776, -2.3741537650971853, -1.3984718240917715, -1.8144357929660901]",-3.84281936
2005-03-04,"[1.2379278941745397, 0.5879703699616101, 0.9876223703889409, 1.3881220371869674]","[0.18842473609910468, 0.21069328641758622, 0.17678443977510933, 0.10975379736299952]","[0.6996105892256946, 1.1583320344313461, 0.6757455879026444, 0.9872842714250903]","[-0.9170182175084209, -1.7013522995080166, -0.9636273047519334, -1.4991722884023837]","[-1.2251425431662768, -2.155323187266562, -1.2161327482838786, -1.9658244809451173]",-4.43312376
2005-03-11,"[-0.7035329655631806, -0.9371180658906297, -0.7134947780262024, -0.1431523146982805]","[-0.11495960997714756, -0.12972128241776532, -0.18182542605834243, 0.043554253766031156]","[0.6641711304101715, 1.115783302055559, 0.6548061424771467, 0.9570275942790774]","[-1.1770775923768293, -1.904481526655329, -1.2223948334377592, -1.6466372316492959]","[-1.5031842604779138, -2.41648343337063, -1.5160274613169005, -1.995716002903554]",-1.34164159
2005-03-18,"[-0.2974836096362843, -0.5463216079657052, 0.03124103294140923, -0.5113750313514132]","[0.06674197825082863, 0.08848750299876793, 0.08863989922749292, 0.19081510605444643]","[0.6706044137620055, 1.108239434483922, 0.6428178109880279, 0.9705963491700078]","[-1.022591061390213, -1.6450338480920155, -0.9631411864401059, -1.3985445643607646]","[-1.3224959801934273, -2.260992794460134, -1.2046964879920274, -1.7993685246484605]",-1.55039980
2005-03-28,"[0.1450318566736719, 0.19281859213737818, 0.4088235437819776, 0.09771556830173722]","[0.28871859757651774, 0.25731214744772307, 0.3215434355614408, 0.42211177397384186]","[0.7047057095263601, 1.1181058107672666, 0.6701427689863811, 0.9886641685362345]","[-0.8362844096253716, -1.518034978160892, -0.7675567521515738, -1.1888212301161305]","[-1.1333893235094055, -1.9385700003457822, -1.0261079877251422, -1.5819904805856781]",-1.17423365
2005-04-04,"[0.21269987984915417, 0.7156933239953922, 0.16172339365194688, 0.5549379559986356]","[0.17606999339732546, 0.22875625627402849, 0.2638324977355485, 0.18866569454930862]","[0.6992841447375961, 1.1539912893490447, 0.669221710171433, 0.968677119713731]","[-1.011476260181371, -1.6360740548831347, -0.8483536007686985, -1.3759106715275802]","[-1.321867948090858, -2.103363376052114, -1.1491997697744443, -1.8158168539030797]",-1.17535704
2005-04-11,"[0.07624361496070264, -0.4376546459230468, -0.12224067985169285, -0.4435794549701555]","[-0.11293926606016128, -0.21867840510292524, -0.2254023794179285, -0.15655687210272295]","[0.6906347022214975, 1.1219762915121279, 0.6681884490993539, 0.9603828375632273]","[-1.28475613498246, -2.0335204880990014, -1.321677481457868, -1.7320774420094422]","[-1.6167654429295275, -2.470431955313135, -1.6325014551973949, -2.137703515592717]",-1.44700233
2005-04-18,"[0.3061600053515967, 0.028782227031154406, -0.1613174985706678, 0.5465959472812365]","[0.21683927263390917, 0.16032621182561896, 0.24047172718845045, 0.2574875291082172]","[0.693775305871078, 1.1187110615136209, 0.6724653457945551, 0.9611990751507625]","[-0.9508785608166929, -1.6817073817867505, -0.9374226968491688, -1.3522275473660619]","[-1.2209745933515428, -2.138859305579507, -1.156929055919168, -1.6909023070171554]",-3.27111299
2005-04-25,"[0.6554345519414362, 0.8089484633212685, 0.8309749127798582, 1.1105382728525015]","[0.1267720056909691, 0.2916977474540553, 0.2811402511612325, 0.3432340228467431]","[0.6883695006560885, 1.1032934506576826, 0.6740375904782469, 0.9528322276490753]","[-0.9362935873034994, -1.4170397233417813, -0.8036069513566039, -1.2639369454266176]","[-1.310832652146741, -1.9385486986553753, -1.1128459755527051, -1.579034271956429]",-0.95045353
2005-05-02,"[0.5599773334005853, 0.3994457147530106, 0.5790447797613396, 1.076259414889691]","[0.08279871274657483, 0.07977527466403418, 0.1749324955234188, 0.3153305403662345]","[0.6994197711578933, 1.0879985346171808, 0.675808941920367, 0.9893206224201891]","[-1.068595358987002, -1.6376291260935014, -0.957009305695964, -1.310582598935292]","[-1.4076645831272991, -2.1363222665210095, -1.2519388586841058, -1.7125276891667878]",-1.13468679
2005-05-09,"[0.6215201367159473, 0.48138566481670253, 0.37568677102264303, 1.030443446718099]","[-0.04970157912444692, -0.1694197356972774, -0.2104770465878506, -0.2352243905995657]","[0.6700857806484785, 1.0677870303751682, 0.6463062455027333, 0.9610159697720592]","[-1.183858900743785, -1.9750008620606372, -1.2807675936541647, -1.8511161179449342]","[-1.5022571508865477, -2.485713761026421, -1.599710554301483, -2.251152918808627]",-1.59056288
2005-05-16,"[0.9203440303034327, 0.6710863482155105, 1.1001252990874733, 1.577002720256715]","[-0.058412270505210626, -0.21218304754183198, -0.14655203177698062, 0.1045065322559186]","[0.6833883871796109, 1.0505131089543773, 0.6684431289020685, 0.985487046095376]","[-1.207031566346574, -1.9707531359645591, -1.2324983824514908, -1.4240521218956952]","[-1.4965671713607518, -2.4328821260178173, -1.5125703831492614, -1.8778165452333138]",-2.97938262
2005-05-23,"[0.5358367815882836, 0.5032654622166177, 0.4920061773493245, 0.897362750372821]","[0.040437771072979925, 0.0052894716099672135, 0.0010571007954201152, 0.05778223957724695]","[0.6777544442093981, 1.0528728243341694, 0.6708056093530904, 0.9801049047936596]","[-1.0992382223182153, -1.664266970851346, -1.1496839799946104, -1.5482389690482876]","[-1.390875123516642, -2.136465468018819, -1.4085415841990911, -2.0216982750493107]",-0.89757092
2005-05-31,"[-0.6423610021371928, -0.3408184231136424, -0.7146074364252186, -0.4526397115539815]","[0.03902095338891159, 0.061360836950721726, -0.00040636586202775804, 0.09087714653018032]","[0.7040572699356993, 1.075863937777893, 0.6876992766446968, 0.9854502993082501]","[-1.1779353108380697, -1.7215696838365595, -1.125730730718334, -1.4883228832174913]","[-1.4611269807562908, -2.199235106356873, -1.4237751733965558, -2.0092430776016044]",-1.56901474
2005-06-07,"[0.06662653915947558, -0.8432527529750544, 0.15312578627089124, 0.223432512745525]","[0.029088537084601327, -0.0033852259087545256, -0.049324897640462245, -0.11675967044084527]","[0.6816446164561704, 1.0254604376995038, 0.6655911478327641, 0.9572518237043338]","[-1.085863220425881, -1.6246507096393195, -1.1612120618831572, -1.6491106090321686]","[-1.3778609464923708, -2.0964554887277242, -1.4393136168010594, -2.0322383771139987]",-2.23290453
2005-06-14,"[0.2070861250413003, -0.39836971120656983, 0.23740443808915046, 0.9411505930897235]","[0.10471970116977798, 0.12033092015864619, 0.12164238028330504, 0.8492582303776609]","[0.6778678804940571, 1.0361033878095072, 0.6671445867534032, 5.70589904775607]","[-1.0157932607306202, -1.5522756430412503, -1.0244043669070793, -0.6928572168835153]","[-1.347204816715606, -2.1179669946341475, -1.3181489157328077, -6.041654161573095]",-3.67153706
2005-06-21,"[0.11520699281417635, -0.052779480981524074, -0.0890244558146236, -0.2016801649047828]","[0.09553879050398358, 0.11539880152201464, 0.12619549271764682, 0.5497464101815238]","[0.6644380284375581, 1.0030826202381096, 0.6486648547940692, 5.713182461494484]","[-1.0178697918281185, -1.5203589181454655, -0.9483629653714832, -1.0004236709044634]","[-1.2465820909719911, -1.9466056505484661, -1.1960325234257008, -7.041146454677289]",-3.52514157
2005-06-28,"[0.8357373160121639, 0.9465582287389473, 1.1098618341291555, 2.0019606342926544]","[0.060301552578728365, 0.06917085451429696, 0.1479457007637765, 0.20703163512898576]","[0.6992836677596641, 1.0135972839052187, 0.6827503806871422, 7.17289105911475]","[-1.055849567677657, -1.579017866036342, -0.9613513228875779, -1.4415559418625215]","[-1.3468685189775145, -2.0419222700434854, -1.224407124208781, -6.743011542132365]",-4.34625884
2005-07-06,"[-0.8085836858132467, -0.48619571221530933, -0.9797360715385395, -0.7651051216357452]","[0.01640423086729245, 0.035067333133261526, 0.03764125272744568, 0.7365057744155862]","[0.6713963607525091, 1.0205759215410157, 0.6597518203626456, 1.3429952469218933]","[-1.0478370359775058, -1.6024790309044277, -0.9901050035087805, -1.0944805383308556]","[-1.3795838706725498, -2.0295931744791464, -1.3483552705964408, -1.6569835110703357]",-3.09253227
2005-07-13,"[0.13900667452189097, 0.2346327347347632, 0.4128848693417453, -0.2831424372855551]","[0.08941141552885899, 0.12796165911471927, 0.0904705954259358, 0.519166698948129]","[0.7072209129152744, 1.002820455724368, 0.6935670921159726, 10.940744128278824]","[-1.078277693294555, -1.5047228516407527, -1.0270961355910548, -1.6768925045841847]","[-1.3542446907042267, -1.9410150093206457, -1.3232517334599796, -3.3585351182581418]",-4.29762488
2005-07-20,"[0.3408345326890938, 0.7121084878861872, 0.3992448020103012, 1.2744781274721007]","[-0.06465613402830622, -0.1435673607805718, -0.12491864983785021, -0.316278654375444]","[0.7201664074070407, 1.0746335069909645, 0.7062944546104246, 6.6763681754213104]","[-1.251457393593315, -1.8752063413164588, -1.3211712193274272, -1.972069926253494]","[-1.576807371068507, -2.3428035522645505, -1.5962553261281018, -7.623455646645393]",-3.67410598
2005-07-27,"[0.37225386788231063, 0.758108256801826, 0.5403291660432075, 0.10325372282311562]","[0.08382774228549467, 0.05953299101155387, 0.1139518425712862, 0.2324245147059171]","[0.6785048232136516, 1.010053815857125, 0.6619506343553606, 1.317119548725806]","[-1.0465407004100933, -1.6220141087158302, -1.0365609076770184, -1.6033757006456437]","[-1.326371418393245, -2.066425681223647, -1.2379128858127237, -2.138506784271533]",-1.91198317
2005-08-03,"[0.2568719046906587, -0.04999194678321217, 0.12954855415401312, -0.7732481070735986]","[0.0026654649742616585, -0.016948912928419022, -0.021594814819194823, -0.15933325680457291]","[0.6854538060455385, 1.0048678597074785, 0.6778949606434048, 4.471891455310317]","[-1.1106191363531805, -1.6763261877985667, -1.1465093005342326, -1.9501732321042828]","[-1.3856359129807945, -2.158245037997047, -1.3850763739808543, -5.577247643590108]",-3.02320981
2005-08-10,"[-0.02434730925715556, -0.8655762351940766, -0.20046795692927333, -0.19707747735715486]","[-0.01350744651140946, -0.0005789947961089103, -0.04223803162967889, 0.7670027037597466]","[0.6762492466481127, 0.9776975464057548, 0.6778390835588836, 4.71348448203415]","[-1.1376414741530094, -1.5929694547504079, -1.1782927597246444, -1.0546103678806262]","[-1.3944663106597457, -1.9565249487657914, -1.4091392085264067, -3.8365067701104683]",-4.33716474
2005-08-17,"[0.024580454741496283, 0.5908673180870849, 0.35377473877069576, -0.10732274085114568]","[0.07058689893188953, 0.004438218627218871, -0.02632790122674542, 0.2825249800493012]","[0.6895324872835146, 0.9968978337671105, 0.6806672960298527, 6.50991913104947]","[-1.048106987903893, -1.6152082091129762, -1.1314672743844294, -1.3919701779592544]","[-1.3463166444818184, -2.1149420928048155, -1.3908995127423691, -7.908243420757571]",-5.86475674
2005-08-24,"[-0.8875171864255016, -0.5956111588582225, -0.8085200103266743, -0.4429725004181151]","[0.05278093450417107, 0.058692682473131995, 0.04108359714239089, 0.29152238296662986]","[0.6707135359276337, 0.9762165878542883, 0.6558844731555069, 4.5497451447642385]","[-1.0590008872698957, -1.4812454190823106, -1.0526001625229569, -1.4846914483565856]","[-1.3196584212285254, -1.8906174590305442, -1.2885548353553011, -6.381264312542542]",-4.11304708
2005-08-31,"[1.2560659027606391, 0.9279137932593606, 0.6583532709070639, 2.1405355975804063]","[0.040458085342367195, -0.009468146178253051, 0.0016799356513048837, 0.5795452127595773]","[0.6740573369941399, 1.0126608795276204, 0.6636148284003806, 3.7962755226998715]","[-1.0626237311126243, -1.710183881390804, -1.0476235973612062, -1.418225520356793]","[-1.3767048725592588, -2.2086850196818295, -1.348616129482104, -3.1313644137945973]",-7.15699124
2005-09-08,"[-0.33140824341240105, -0.022844949419909, -0.35394581723160456, -0.7599952299433888]","[-0.04977298984189546, -0.05245968330615674, -0.12605620805922862, 0.3464033278883259]","[0.6900711702048115, 0.9849039431365914, 0.6788766069849662, 2.6202487396467276]","[-1.2268712917495348, -1.6967024753992155, -1.3179159903091715, -1.416488495085793]","[-1.4615703024757998, -2.098573686184647, -1.5330004662588868, -4.235541678010926]",-2.48444693
2005-09-15,"[-0.04868900648329344, -0.05101435331242854, 0.13125314081463557, -0.12067539901687852]","[0.10091138508139724, 0.14407085605531528, 0.11058557172929538, 0.21666327311122713]","[0.684181056052087, 0.9821841005612325, 0.681540963396959, 7.113452110354944]","[-1.018285194413908, -1.4739717804451835, -1.0139805169806386, -1.8881127677379173]","[-1.2531011496508506, -1.769213439802853, -1.2447769371425017, -2.432320904244162]",-3.40074256
2005-09-22,"[0.3549832162764055, 0.3630405748813459, 0.4232634250108447, 0.5252363017182127]","[-0.015467838323138099, -0.14408149100703535, -0.09218096560342089, -0.3422128261089121]","[0.6765646715826761, 0.9849960864875543, 0.6536440262009028, 3.794990575331712]","[-1.0879018145016568, -1.6849426250688755, -1.1238408612283495, -2.11642294614107]","[-1.3007692295743971, -2.016587020585668, -1.3644672207652715, -4.811433965816823]",-2.91383726
2005-09-29,"[0.8104081203072155, 1.3353693898094932, 0.7580269563973729, 1.33141528681886]","[-0.009832247435304295, -0.042196503297980435, -0.04911871558482005, 0.5689918859576728]","[0.7163780164986261, 1.0091809297474221, 0.7020501593438587, 3.420612624870173]","[-1.151224624146642, -1.6995590075588638, -1.1731226983739085, -1.3739429205923397]","[-1.4428902311347318, -2.088232346990425, -1.4631630577370447, -2.888940724462852]",-3.30348834
2005-10-06,"[-0.36006647155044647, -1.3245073619469139, -0.29373079184757955, -0.5033053477989213]","[-0.046236003175474084, -0.20609314378713922, -0.19462400322346976, -0.29988263158043693]","[0.6730669447395169, 0.9653278922685676, 0.6672801457669297, 1.7879026429455016]","[-1.150588907446614, -1.7797121436193357, -1.2897887101761247, -2.174570408806965]","[-1.3954608108249387, -2.172299187674316, -1.5406084186101054, -3.2847014718214855]",-3.04223190
2005-10-13,"[-0.05958849751293016, 0.778455426425495, -0.0031360266232738354, 0.5507055763918522]","[0.002443391102290651, -0.08268045736473854, -0.11076096161469794, 0.9124568747905443]","[0.6720550571434755, 0.9545751881835738, 0.6562313881608679, 5.124265550690542]","[-1.07769854003203, -1.6088033449573214, -1.2344259512766453, -1.0082136560039723]","[-1.3423652602054177, -2.042105838085408, -1.4784941493695773, -4.218593579341778]",-4.70921881
2005-10-20,"[-1.777228383582674, -0.9457170731977271, -1.2856308968933305, -1.624003450673417]","[-0.05695435461413067, -0.028278070010484078, -0.009720763065214645, -0.4053191494722509]","[0.6476323118858732, 0.9320132098292442, 0.6374403584911923, 8.705441201272572]","[-1.147391450319616, -1.623120554613628, -1.0809401196893926, -2.114784062418857]","[-1.396444878510926, -1.897982357438532, -1.331284640561921, -8.141464112283904]",-10.52399585
2005-10-27,"[-1.1031304338410486, -2.0302691133958106, -1.1181714310650293, -1.6426507984044214]","[0.06687285837057184, 0.05893204153872814, 0.036518522026577585, 0.6761519935329843]","[0.6599794257177658, 0.9495393130216431, 0.6377152649932081, 3.741528656523876]","[-1.0426707463593918, -1.4840979777565106, -1.006429030444602, -1.3523727509682084]","[-1.2685753100656725, -1.832158847982898, -1.2760355212309635, -3.3719719911137545]",-5.01298039
2005-11-03,"[0.4262436504744116, 1.4958342306297112, 0.4749572096686805, 0.07650839803954312]","[0.06659505994629998, 0.16340774309721912, 0.1958344944918469, -0.022435876985003204]","[0.6718040127422292, 0.9348850861289432, 0.6486864598007486, 8.17603288235214]","[-1.0671558005468453, -1.304441176201312, -0.8998871231218758, -1.5733958821255616]","[-1.2993718735214683, -1.6982813344758751, -1.1324986534140355, -10.437686942704623]",-5.00337776
2005-11-10,"[0.7731617216518494, 1.0921386182053183, 0.8863291098787585, 0.6858378304944068]","[0.04441201622240315, 0.036101563717113254, 0.06572303444677954, -0.17178852280118606]","[0.6705267584789281, 0.9610739697598031, 0.6536160726118247, 4.258838908829653]","[-1.1033635091615235, -1.5543374073512726, -1.0330466813214574, -1.9603238886349996]","[-1.3876228216322704, -1.964280173202082, -1.3480077242247668, -6.144652855610399]",-3.47158689
2005-11-17,"[0.9268818388334488, 1.3135199355770233, 0.4249592145059822, 1.6041970781671466]","[0.029669744687847773, -0.037553162266768914, 0.014784903414531833, 0.5680225139146077]","[0.6839607733384024, 0.9596809864295942, 0.6613806134647792, 3.5439616132559104]","[-1.1218347483846265, -1.6511668785917706, -1.0932001288500512, -1.6133245838716965]","[-1.4614841834907226, -2.055767025120536, -1.4179527941511785, -3.092490149569786]",-5.02603736
2005-11-25,"[0.07868565057069787, 0.21512578374904834, 0.1421687003983152, 0.0444074038328246]","[0.038305780317669076, 0.15462574044458738, 0.0821527534708939, 0.4391600520443746]","[0.6640791872771368, 0.9336796918056335, 0.6446208188782132, 8.0101840562431]","[-1.0567830696407883, -1.3135614438124479, -0.9262636611650967, -1.3447312923200865]","[-1.278203624559345, -1.7187951498141352, -1.1858565560385923, -9.30287200456096]",-3.10520192
2005-12-02,"[0.12620489705925664, 0.23779769715384091, -0.32180267438590704, 0.07337727040566122]","[-0.035473798848027385, -0.05523953674090569, -0.06799991354777417, -0.546029278733394]","[0.6796213442687588, 0.9247795795719393, 0.6750065052786769, 3.180257340744217]","[-1.1394981544313294, -1.5785242814755278, -1.1699233918217287, -2.515469579349262]","[-1.4706771613527525, -2.0692463710135183, -1.4616622289548786, -4.0724295984243755]",-4.09532659
2005-12-09,"[0.2615460328739161, 0.3699079567879515, 0.2178911108055459, 0.4574175756090426]","[0.04402620589654143, 0.053873486349914894, 0.12683364666103378, -0.1115217072569572]","[0.648958522263285, 0.8939664355499141, 0.6376611271025543, 3.9985580903781504]","[-0.9902916888329614, -1.3511962763004044, -0.8716212579682943, -1.9432854201304464]","[-1.2987282501385986, -1.737622939301678, -1.1786947295421069, -6.808818157706397]",-2.49374354
2005-12-16,"[-0.322796181637397, -0.6925156812767952, -0.055890311942974336, -0.25230798931490384]","[0.04177810361373142, -0.032858233782562016, -0.09274156845071715, 1.2981296687011101]","[0.6456920365627573, 0.9240488878888765, 0.6401186504231745, 2.9829604961324234]","[-1.022368086818569, -1.4751232257533071, -1.1640104127910544, -0.6530590643906046]","[-1.332093223713855, -1.8555557062032182, -1.4720023774360007, -2.5748339284365356]",-3.79540490
2005-12-23,"[0.055231294143887055, 0.014540427180431692, -0.0566847231565859, 0.4022250438469932]","[-0.0081336410760874, 0.055790541163514236, -0.011000492601424789, -0.1515454662120764]","[0.6528069289016717, 0.9251916682446034, 0.6432624963146351, 4.5571936880939266]","[-1.038591984689079, -1.4015342059373814, -1.0368638407483297, -1.8058455256593238]","[-1.3411327772622945, -1.8752934906877916, -1.3042759964987818, -6.402390277590737]",-2.61829597
2006-01-03,"[1.7436095127375317, 2.19784820309048, 1.2048440760946022, 1.713572656233442]","[0.06346211112741902, -0.05310499655496203, -0.004474010219651528, 1.014989214013493]","[0.6432854111864977, 0.9068380312337018, 0.6303291137917914, 5.938860202950807]","[-0.9682575304346805, -1.449081841654335, -1.0002348133252732, -1.0509201340821843]","[-1.2261118551592147, -1.905340008457028, -1.239015274668008, -4.269887034377693]",-7.85496876
2006-01-10,"[0.10086215323124037, 0.07229026928694537, -0.0029087137251693207, 0.6935560884014258]","[-0.04876824220643384, 0.05496332648494477, -0.09312705579269123, -0.5903765338070287]","[0.628996352293206, 0.8813029738552746, 0.6220381139235195, 3.5047285989676618]","[-1.0376211556341859, -1.3760101036665153, -1.1348884275977862, -2.5754650696785473]","[-1.3186464322005695, -1.7907474696835408, -1.3464932732496095, -3.4376192838438424]",-2.36807879
2006-01-18,"[-0.39821940697528646, -1.1540990071330803, -0.3812202269184439, 0.05812038320058832]","[0.0864991744731321, 0.07413409245035422, 0.10720128025927401, 0.24693968652635373]","[0.6391014183054183, 0.9183729662783293, 0.6185014456035549, 4.9265593825296765]","[-1.0082938763099651, -1.3958542849481204, -0.9181804836239813, -1.4318596423461831]","[-1.2933873184573315, -1.8259143134025033, -1.1816000684453745, -7.862096014666689]",-3.72801194
2006-01-25,"[0.08685370670695747, -0.4353093771103822, -0.023149142493394947, 0.02849862229101774]","[0.022520040008254274, 0.003543702601327365, -0.03214439252359229, 0.34367932393956907]","[0.6411205907165618, 0.9079498495106065, 0.630117323873858, 5.467798332512092]","[-0.9961308550870941, -1.4113731605302677, -1.093279723113774, -1.2856486053451754]","[-1.3351769890282617, -1.9203245007538998, -1.370982423432237, -7.126101880849165]",-3.25339084
2006-02-01,"[0.6956149139951684, 0.35650661644961446, 0.8166375037292894, 0.9383167649072988]","[-0.008885401418256689, -0.16494445713205902, -0.1665711458337329, -0.07850600865927766]","[0.6442037590493537, 0.9258330776590306, 0.6431334915458459, 4.642891973770165]","[-1.1035818144812377, -1.7095183787179384, -1.233253996348622, -1.8749905075231392]","[-1.358261900713587, -2.121836787650409, -1.4702260808801149, -5.504574851901351]",-4.46161571
2006-02-08,"[0.9044384481400769, 1.1502221119835454, 1.0075833679559665, 0.6964771918664958]","[0.16545099115482848, 0.04760526641209212, -0.0006162913847692552, 1.0074557662419874]","[0.6514666815712472, 0.9232524162942699, 0.6403981732545464, 3.134503813412503]","[-0.9207652825914396, -1.4445091894063633, -1.063664253239623, -0.9122518712246009]","[-1.1509387182905213, -1.8117749910322312, -1.3050106437669415, -2.70596007411522]",-3.95927156
2006-02-15,"[0.35161100782863386, 0.6337652189710496, 0.2769015446700607, 0.6497416819417623]","[-0.004342095370723612, 0.13861048264993567, 0.03979148461275132, 1.281642006044505]","[0.6735191010960012, 0.943458001456275, 0.6643769008126272, 6.444153533148758]","[-1.096687979442926, -1.3993500907167757, -1.0146802446522227, -0.749222139361012]","[-1.351227714021584, -1.721650286747696, -1.306347223361307, -5.714298163765745]",-3.17490607
2006-02-23,"[-0.1470802509353497, -0.26691829579332804, -0.611989731810425, -0.2510748495100579]","[0.06427488581979958, 0.05613998979525806, 0.023628324475030743, 1.1626125705606862]","[0.6248562625017573, 0.8614930982091765, 0.6318759910241925, 2.7885948604877324]","[-0.9731886175129345, -1.3716610652599184, -1.0523298481835317, -0.7237131519358845]","[-1.2558640610086043, -1.7031197920177552, -1.300172861918613, -1.3459356607224477]",-4.07772733
2006-03-02,"[-0.007759396633222337, 0.07198563439763106, -0.25382004757918963, -0.2344007841740492]","[0.06414610750510198, 0.08652219105643477, 0.033111625515797695, 0.6243166246024449]","[0.6455370467797129, 0.885791378512853, 0.6461775912806905, 1.9897498991102178]","[-0.9638804497426173, -1.3441621650608622, -1.007980215495076, -1.1126852149937134]","[-1.2282447603729285, -1.7730689298933568, -1.2482508424379024, -2.559384243110959]",-2.18157678
2006-03-09,"[-0.672930590340659, -0.8600219240217477, -0.3044853457200958, -0.43882742872254354]","[0.0456440601269099, 0.04217566110295769, 0.025473410248702887, 0.9447656097561409]","[0.643112141961202, 0.8796109423773203, 0.6363507630851468, 5.230777289130774]","[-1.0233936978875973, -1.3488800556408536, -1.0221134077518854, -0.7303184535113267]","[-1.3318956361827536, -1.8400676084069867, -1.3517478809729044, -5.081705770077648]",-4.42905544
2006-03-16,"[0.20628805717564092, -0.842425542694869, 0.3870430084596421, 0.17797396493710593]","[-0.029126890424976612, 0.08846259941535681, -0.022313432986947723, -0.38055282120227074]","[0.6306678565623437, 0.8924029933600631, 0.6112840613600372, 5.826252253002088]","[-1.0826021969136899, -1.386555248300861, -1.038199950415036, -2.4621575864256027]","[-1.3507359209069338, -1.8101102000959834, -1.2976338665923037, -2.955066774465134]",-6.73171188
2006-03-23,"[-0.20726350601902865, -0.29165124638392825, -0.41739289369466803, 0.24646796682956662]","[-0.005593435129655472, 0.0160312134341886, 0.019779480255862795, 0.7748852195342136]","[0.6355674903663293, 0.8773562104808379, 0.6312594106662623, 1.0881428408590659]","[-1.0617431774026862, -1.5153399673646015, -1.0160157710391533, -0.9978378529266403]","[-1.3219061924854176, -1.794979729634154, -1.2908420752690484, -1.5702220536929488]",-1.47102018
2006-03-30,"[-0.17707620475979624, 0.30969139606993323, -0.5812306122413347, -0.36208479492092494]","[-0.011866421239364084, -0.05636832860153615, -0.1473640645333188, -0.5915949924442966]","[0.6545829791488919, 0.8688854374754905, 0.6464245312171261, 6.376324279432767]","[-1.1464157753747568, -1.5884552578436477, -1.2613273197907644, -2.5048000392683423]","[-1.3751177667309389, -1.8541602982467027, -1.5103324504075726, -6.683370008366154]",-4.49822394
2006-04-06,"[-0.10696892014774306, 0.281261957621215, -0.2052881811382079, 0.1472257457471038]","[0.022153969124821118, 0.07697056589695593, -0.04619430347676211, 0.38847155997046856]","[0.6253238624073614, 0.8539978181425156, 0.6322987318041736, 1.1211656417958196]","[-1.0050421773253493, -1.3846057716495477, -1.0762967996943456, -1.4710524843937898]","[-1.2797532920870536, -1.665617883557691, -1.3705687895984644, -1.9740579279828663]",-0.98163344
2006-04-13,"[-0.1319684088418427, 0.4046469442355871, 0.06898537221413648, 0.34179914838734504]","[-0.04260932259418258, -0.1067973009069925, -0.05826456527664291, 0.265148170846764]","[0.6433839238034912, 0.8602309317427216, 0.6326108579308551, 3.3780202878177854]","[-1.0670878843675524, -1.488823768219524, -1.092647915658793, -1.63768589734925]","[-1.3937223259391345, -1.8278801138891014, -1.372329638178857, -3.404585607742695]",-3.37235760
2006-04-21,"[0.01524806525798894, -1.1833932805502378, 0.04019860523563068, -0.2520316986050375]","[-0.0007887151686480711, 0.05972346510712767, 0.03961090643576071, -0.03209475728711584]","[0.6157789370390067, 0.8200983678744755, 0.6246262955784906, 4.152579885128308]","[-1.0379771832238922, -1.239508973364538, -0.9840500033450852, -2.009700052665878]","[-1.2695952059239735, -1.6341974921864642, -1.252190524163804, -4.411705676513918]",-5.99040629
2006-04-28,"[0.3352457907501716, -0.9749014239975651, -0.13512474032815192, 0.7882940559521323]","[-0.018540919166875496, -0.021046947272014713, -0.10828730957708405, 0.6409414015629132]","[0.6397150326097275, 0.8740643404779628, 0.6334753227086759, 5.274648496724783]","[-1.0599086587864246, -1.4057646866908693, -1.1452881755847697, -1.1846758948379663]","[-1.2995360841963697, -1.7849767803948184, -1.3917405350561642, -5.034394835253144]",-8.03893204
2006-05-05,"[0.8792378257330036, 0.7858473580852454, 1.2067940691304457, 0.9539448281446816]","[-0.058717724498096646, -0.1610394091264817, -0.12323827670435415, -0.07951401465926523]","[0.611357899057892, 0.8289913974156613, 0.6067255781693068, 3.5027932492515066]","[-1.0799791791676634, -1.5951012411611176, -1.1028769905370401, -1.8458999840371357]","[-1.3390923354830366, -1.935342646941357, -1.3688016306182647, -4.448171001210149]",-5.52887431
2006-05-12,"[-1.3144106148680557, -1.359281968217374, -1.0466117875795433, -2.052437810459651]","[0.22023307873267037, 0.11777187022982191, 0.22598887374927937, 2.000994149787912]","[0.6325569963046406, 0.8749892040510682, 0.634238409235148, 1.929633192544327]","[-0.7654230687545203, -1.3510096513482872, -0.7814036673963124, 0.15737737677537733]","[-1.1267546941030735, -1.7985146217228334, -1.0946284402518283, -0.3697726294773437]",-5.63077099
2006-05-19,"[0.7027131198779735, 0.7652761650222217, 0.1416069962836275, 1.0219178412391727]","[0.06372810988317433, -0.0888741823943718, 0.023223891521629327, -0.6518369579652001]","[0.6393807196899636, 0.8282321355772234, 0.6339204765711919, 4.653849038761721]","[-0.9795498078048805, -1.46196868379753, -1.0204048836588213, -2.385653495427933]","[-1.227495487925955, -1.7485660046337292, -1.259140070610947, -5.688138652457188]",-5.54740404
2006-05-26,"[0.50757296763555, 0.32980071152683976, 0.6008165764438189, 0.1379420874584092]","[0.07633864711416263, 0.43346679092532286, 0.19552425656834801, 0.08036086216864102]","[0.6422514759172356, 0.8530172570941945, 0.6378611887051254, 3.347998335648658]","[-0.9691242012465301, -1.0028933924411978, -0.8499699482105694, -1.780425508762777]","[-1.2656391460240335, -1.420534987908568, -1.1441142525217607, -4.485268979730532]",-3.25110081
2006-06-05,"[-1.4681012054755804, -2.1984351900151466, -1.7864229284262123, -3.0814172881179047]","[0.028741819313512933, 0.18044417484056482, 0.12292098076834286, -1.2412562280510044]","[0.6374230636896648, 0.840204758920722, 0.6341549327022137, 1.437242541507426]","[-1.0524326772068262, -1.1940739960657711, -0.9491501369426684, -3.086692432263611]","[-1.3173223897821662, -1.5611481331227843, -1.2415955035377408, -4.133587356742883]",-7.53701892
2006-06-12,"[-1.090908642354016, -1.9854172084980526, -0.9162350522510465, -2.215911687740224]","[0.11466536362482775, 0.10697087938378615, 0.10789545329117062, 0.5190640060274477]","[0.6017140006687031, 0.8203054182945875, 0.6056276634399983, 6.796365874209636]","[-0.9000523000545197, -1.211048862212397, -0.8607244146567303, -1.0569286791373758]","[-1.1468199936909644, -1.6511893389374395, -1.1975674142742256, -6.332667761721889]",-6.22682675
2006-06-19,"[-0.7892561588122682, -0.8119309534312613, -0.6598422726344921, -1.7965882953340007]","[-0.1173265070559041, -0.31454789256529403, -0.12229241727104502, -0.37470267004428204]","[0.675451637706251, 0.8894273594278874, 0.6756256088799282, 8.57314403659366]","[-1.2179064499400243, -1.7746242706414685, -1.2528675455543044, -2.521045514714859]","[-1.4977630538526032, -2.0843267570233626, -1.5184719548155963, -4.295026084894106]",-3.88664529
2006-06-26,"[0.41694613521388035, 0.2617216681541912, 0.5100270309588595, 1.3081520402081992]","[0.03161436696898142, 0.07837676406775486, 0.030523285464409116, 1.1328413211312431]","[0.6568096804844387, 0.8600102726776011, 0.648717155850251, 2.8891667172237434]","[-0.9894502482167208, -1.316023758642261, -1.0277348026734676, -0.6369929390465223]","[-1.3246403697605458, -1.6714211038710598, -1.3333942898690867, -3.438112361410504]",-2.46985884
2006-07-03,"[0.4470130394966354, 0.591522000300948, 0.6953193479851905, 1.1187168143369064]","[-0.09571485027940188, -0.03885390482204788, -0.0341653876451286, -0.38417710769774194]","[0.6783314551481854, 0.8954739838630256, 0.6597703136020238, 5.7752342570768915]","[-1.2096872031802237, -1.4974849772401075, -1.1347495361701658, -2.6592461813716195]","[-1.5143928191485774, -1.9169697422478922, -1.3978651844122092, -3.112566572084837]",-3.64703044
2006-07-11,"[0.4404656916678462, 0.7466084652039129, 0.28077410067410824, 0.7388302764113064]","[-0.1008074229476398, 0.09215412549100001, 0.05917960445299471, 0.1487560914028389]","[0.660362994284734, 0.8850806018198565, 0.654624535072065, 3.0229016401155206]","[-1.1279397285116917, -1.309568156532376, -0.941134021812243, -1.7850034435736444]","[-1.3804958808928416, -1.6754752985914632, -1.2365910540287641, -3.543369251972087]",-3.17635985
2006-07-18,"[0.5094860700085135, 0.33245551179605926, 0.4814701355055462, 1.1271711045761634]","[0.061112330130056305, 0.020650257737013584, 0.004847282219855579, 0.5222377448474959]","[0.6419859768455105, 0.8722868482721491, 0.6429763546265284, 6.328936957482178]","[-0.955887676532346, -1.370100352627941, -1.0381274393568303, -1.5276099672609744]","[-1.2521904963531758, -1.7630523731207794, -1.3260268550164034, -2.44677694531987]",-3.19576818
2006-07-25,"[0.35592689585577375, 0.5751275880876427, 0.47538587326982906, 0.6373590162969123]","[-0.05945403267101599, 0.06675430530272002, -0.019036698834500095, 0.8360890651622767]","[0.6920423842580823, 0.9062716916891355, 0.6823207643142207, 5.084091272654783]","[-1.1992638795457842, -1.4630644466222096, -1.1532062807475345, -1.265493532952528]","[-1.4567003947747161, -1.8337120506771516, -1.443218217579344, -1.8474983889836056]",-3.00938617
2006-08-01,"[-0.49398584156143954, -1.6851983779822888, -0.5373873164703724, -1.3105466647563624]","[0.09475175603356631, 0.07012025639975003, 0.10419787120979673, -0.8628474665162036]","[0.6865021783228231, 0.9201384821949967, 0.6751220405967386, 6.459878892458755]","[-1.0670067417263627, -1.4659669572487837, -1.0191701521402694, -2.7056929595747956]","[-1.322757293041729, -1.8395756600997215, -1.2824048209859162, -9.450508078986715]",-5.93652856
2006-08-08,"[-0.422975958708971, -0.6284031862969108, -0.408969104460688, -1.3286520429172555]","[-0.017282615822838576, -0.07494541313941368, -0.00926832192433169, 0.6021528219596689]","[0.6562226758174662, 0.9138706427887543, 0.6598172674034187, 6.3268729241763735]","[-1.1030160885222027, -1.562252618440091, -1.1135178482001937, -1.256274710505496]","[-1.3774763965474264, -1.9694816245025117, -1.3780745313023284, -6.015192774335186]",-3.03013075
2006-08-15,"[1.188713812213571, 2.4977908621250933, 1.1858695920487605, 2.218088562910747]","[0.13772858581939743, 0.08168380193461697, 0.0358996566807774, 0.9246044300267726]","[0.6689599621766503, 0.9113075740946784, 0.6753352565564285, 5.2067275077554545]","[-0.9751468863431355, -1.449940872577694, -1.1063941077748298, -1.1508730997892547]","[-1.2236848590896976, -1.8020314448475636, -1.3079937240237818, -2.9866375312797864]",-7.11931727
2006-08-22,"[-0.007649640887841258, 0.026031731930409308, -0.04593366054219672, 0.19396027847120578]","[-0.08225972084067892, -0.1560167011393359, -0.05351996364431388, 0.5740922308841377]","[0.659357860838514, 0.9311737936105314, 0.6500717498792812, 1.283387929797438]","[-1.2076737783731315, -1.6925708178619956, -1.133530244199856, -1.3095825153837217]","[-1.4822314371978818, -2.1153921216915723, -1.428299158497967, -2.130000260592725]",-1.14672656
2006-08-29,"[0.1149652561315051, 0.31027453265934923, 0.157826274277717, 1.2382952063378028]","[-0.041514017829265976, -0.040943870379707425, -0.04040736055318227, -0.22587492001913273]","[0.6475544045299388, 0.8737239617970535, 0.6545042549866313, 2.2439254892429807]","[-1.0841927004042302, -1.4985687486856691, -1.0935246493738824, -2.009641678910993]","[-1.2879373260166258, -1.810644341574694, -1.3472861067686515, -3.644831516477769]",-1.99800476
2006-09-06,"[-0.8848356824546322, -2.022253408104646, -0.5515098132130802, -1.9045668379643388]","[0.06779091884272087, 0.029440086719347332, -0.004898301249118632, 0.708708744931449]","[0.660424467001975, 0.9191738489181778, 0.6622864487902073, 6.292090035127201]","[-1.0611906822884927, -1.473545079163693, -1.073458000281618, -1.309679527324446]","[-1.2955221211963426, -1.8851694195273245, -1.3768720954178468, -3.664893374261016]",-7.26465745
2006-09-13,"[0.4016605334804524, 0.7032326443614068, 0.3926023442225812, 0.6441843025698724]","[0.046438203192022263, 0.07080091842212866, 0.03387265052444587, -0.5084587737310016]","[0.6378170450451751, 0.8670367740026415, 0.6277306468831914, 2.72179437883438]","[-1.009646623535644, -1.39041271973612, -1.0100849692087897, -2.375136747231377]","[-1.2775815384519313, -1.7681811192439916, -1.305673637171501, -4.915837817060247]",-2.16634629
2006-09-20,"[0.5296235114452763, 1.4448935967756427, 0.6243424095005778, 1.2986484355758776]","[-0.06214769197377723, -0.07574748033860308, -0.04239290587242438, -0.05242717058199609]","[0.6490655954777881, 0.8923708362758811, 0.6550884209786706, 4.860321004093985]","[-1.1397898540090121, -1.495193094405082, -1.1042331573097386, -1.7169827222118166]","[-1.4315997401029614, -1.9414124367845085, -1.4023590497462217, -7.932538146063729]",-4.54497423
2006-09-27,"[0.11971334939193667, -0.12267693453891226, 0.1699637774013496, 0.4291305809131174]","[-0.11327186520558508, -0.03627890393380173, -0.01679927883300554, -1.0795460204688312]","[0.6747144635404283, 0.9419150853210487, 0.6741068890722528, 8.82544312418672]","[-1.2158856892023018, -1.571253805682319, -1.1118920234840604, -3.02585928895676]","[-1.4421316004941391, -1.9483557908182558, -1.3851553402233077, -9.187092616786437]",-3.64654414
2006-10-04,"[1.1629744511478357, 2.4262726718090377, 1.045652587624879, 1.9984296613617225]","[-0.01521704908265513, -0.13831258665377974, -0.0752692150209062, 1.4837742199453237]","[0.6580833536952481, 0.8925456936721057, 0.6603815490958632, 1.6596220428423176]","[-1.1202892626911285, -1.5696797445829922, -1.1869491677660264, -0.6853035008254504]","[-1.3611885906775862, -2.0269378597278247, -1.436637172795802, -1.128177432963229]",-6.94011286
2006-10-11,"[-0.11835850943802129, -0.19245978350870274, -0.1268165767326579, -0.622808974858291]","[0.025432164982539227, 0.02039220104112733, 0.005715692146669893, 0.22660842332236902]","[0.6451569638849742, 0.9003642515426623, 0.6365421439134608, 6.580211162965631]","[-1.0600917425915921, -1.5007054320338333, -1.0238520645778817, -1.9545886107197867]","[-1.3260264605745216, -1.914889149913189, -1.3710334168214338, -3.040629868692487]",-2.88741216
2006-10-18,"[0.1318754621621565, -0.47729926343995643, 0.35635284716946103, -0.20669313400354383]","[-0.02391427287912433, -0.05610313601265526, 0.030102882202939836, 0.1620755736138975]","[0.6493966991113579, 0.8984001659722743, 0.6649708269955014, 9.132642531099668]","[-1.0864054727965036, -1.4505522319818058, -1.0412453024807624, -1.5820587862728925]","[-1.3884977003542553, -1.8915572393433564, -1.327793791502109, -9.200830264456966]",-4.52953298
2006-10-25,"[0.34031532693008515, 0.709573915085393, 0.05605179577194974, 0.4131198981461637]","[-0.06557298978175144, -0.11601633827548449, 0.06531161735033628, -0.026936082750682353]","[0.6429285704017899, 0.8771078680476774, 0.6456223948815731, 2.2546633994287246]","[-1.120355758323994, -1.6136352158777347, -0.9922954993398124, -1.8943361980989857]","[-1.4245277115173396, -1.9249120108306743, -1.2901498419748103, -3.9800966536190328]",-3.96426419
2006-11-01,"[-0.6772000847125703, -1.3715498846234908, -0.41233896696510897, -1.6139893840310116]","[0.10581746165028505, 0.04342504702620238, 0.06942990824876953, -0.6881690965047839]","[0.6532286243395777, 0.9039263945923026, 0.6450009459608221, 12.747878295173939]","[-0.9742960841651476, -1.4000055050906481, -1.0132126453285808, -2.5036169553188596]","[-1.2247958429168777, -1.8240045621592975, -1.2655685258526412, -12.510228043306922]",-5.47180883
2006-11-08,"[0.21614779179612853, 0.46584781270668785, 0.16249745518930325, 1.0174647507620094]","[-0.035830834956073976, -0.042774268985913945, -0.024298909183066927, 0.036094202664833444]","[0.6402411448640307, 0.895498651281813, 0.6535726684707776, 6.851831414804535]","[-1.1100400854937555, -1.526097149301798, -1.1306472846071085, -2.0704881810159677]","[-1.3394107661920465, -1.8697928962152957, -1.3804622070524986, -4.947600964789292]",-3.09640736
2006-11-15,"[0.2860981540579566, 0.4088923722288307, 0.27544427629138113, 0.7372116819890806]","[0.013376071718250886, 0.0017110280421618247, 0.03227693453438063, -0.4551054567774951]","[0.6391502735167928, 0.8873161096990787, 0.6441861659466616, 6.040964873353072]","[-1.0639919632169184, -1.5594102408854618, -1.0546355839465984, -2.6648182872414825]","[-1.2984589367624908, -1.8676605787941838, -1.295520455228725, -3.1635030872958434]",-2.85335553
2006-11-22,"[0.19890302742515686, 0.6279743295285023, 0.043494666089927136, 0.024889752725876235]","[0.09219564343583903, 0.15755924926282885, 0.09593624177764323, 0.16684626485362541]","[0.6252212923530482, 0.881565460804341, 0.6252321934924095, 2.282089203584274]","[-0.9415621769421635, -1.2669567600874585, -0.9310563800337653, -1.84089719798344]","[-1.2020183830222912, -1.6159493171475197, -1.169595127158915, -2.4301681056229434]",-2.25433891
2006-11-30,"[0.042707009407827456, -0.06807584291577129, -0.039272500189646564, 0.0502105687961496]","[-0.04887237684804452, 0.16584434245084, 0.0632144974614048, 0.5050410882567423]","[0.6050033183489384, 0.8684244377642104, 0.6021783012212263, 7.19248446595529]","[-1.0773201267323953, -1.2811912504418905, -0.9625375959245228, -1.534819166691574]","[-1.322420293405341, -1.6442736320883762, -1.1989420438816245, -4.416246104967088]",-3.42468653
2006-12-07,"[-0.4382804440332677, -1.2732692235659648, -0.2508560466649712, -0.5604317659964941]","[-0.013850250610583788, -0.020123610313693436, -0.01040792287128557, 0.2824000308871684]","[0.6204296901262326, 0.8950448236605191, 0.6084237361273375, 4.219528226239771]","[-1.0300964703303361, -1.5059152632822126, -1.0209494361308942, -1.539390996441126]","[-1.2504891250469197, -1.8392721296108518, -1.2185252998802318, -5.510546531163263]",-4.17665926
2006-12-14,"[0.8772146916117052, 1.1104876107900452, 0.8026141364489092, 0.6085150190907385]","[0.054229748774086414, 0.09406179694400917, 0.02919792439570162, 1.105233209461978]","[0.6060381034733294, 0.8658613353989868, 0.6135239320508641, 4.850367311011359]","[-0.9733843796132287, -1.3562212455662463, -0.9843482164421435, -0.7927818377276665]","[-1.237064805395301, -1.689963740011789, -1.2610872039404049, -1.3613569326194435]",-3.49083127
2006-12-21,"[-0.36651659314914653, -0.712119094565189, -0.3425351495241813, -0.4023840444883575]","[-0.05374811710649052, -0.0876959375083074, -0.06125265428119269, 0.845147473146064]","[0.5790621433955632, 0.8748450897801178, 0.5779150326501338, 10.480435984568016]","[-1.0249908812759103, -1.538748040587378, -0.9900716957755549, -1.038641688991856]","[-1.248930204364356, -1.9628511797035457, -1.2418316114339865, -8.798804374796237]",-3.43031339
2006-12-29,"[-0.4157335498565118, 0.09269420982898069, -0.3073874428558554, -0.9576629074003584]","[-0.06154767438490387, -0.18344480241501232, -0.07896474752005066, 0.8472383207535872]","[0.5972703517324753, 0.8447016267054607, 0.5969626318269181, 5.659816969823246]","[-1.0810516001272958, -1.6405601580998928, -1.0839676881084301, -1.1258402688191693]","[-1.3644372189368832, -1.9531009036100542, -1.3506751176100504, -1.4963542738042042]",-4.06182004
2007-01-09,"[-0.08506921591653338, 0.5001360554876655, -0.05547967203209936, 0.45617640278576843]","[0.17045550935056378, 0.2787656913552281, 0.2487073160597884, -0.10630384307838023]","[0.6035077172217859, 0.9022805658989091, 0.6072807775369681, 3.5021190169094734]","[-0.8359375444964275, -1.2081463567312842, -0.744645347870678, -1.9150502413323318]","[-1.0614365715124452, -1.565884900666326, -0.9457155463387756, -4.443984557001225]",-3.00639375
2007-01-17,"[0.041981318303641046, -0.8205542293897139, -0.04323892092301662, -0.4752359762742131]","[-0.06554298804145588, -0.11107043641867655, -0.07153598693909466, -0.2639213736051474]","[0.6249668888194677, 0.8997891155485725, 0.6199792472438321, 1.0068559025784862]","[-1.1069102098270296, -1.611603635170269, -1.1619816109480967, -1.976001338847659]","[-1.4195165831901946, -1.9650470277134646, -1.447930524296309, -2.3665119753556527]",-1.80768565
2007-01-24,"[0.802131475109924, 1.6386028560328114, 0.6994082109859079, 1.0743470453299153]","[0.00044895358914795, 0.08723802398361094, 0.03243009086556928, 0.10187346061978912]","[0.6002650368875264, 0.877068843823705, 0.5854112453253456, 0.9831751088269981]","[-0.9799165111127881, -1.361642594783057, -0.9036482212487502, -1.4902748699105233]","[-1.2640855124990964, -1.729077541294791, -1.2339593437681844, -1.9211048833334823]",-2.10652955
2007-01-31,"[0.6700780228261038, 1.0033594641939203, 0.7825118473482107, -0.2951541250060252]","[-0.02719637605681832, -0.10992873313416779, -0.003359611318538854, 0.056991138733990414]","[0.5988654830097958, 0.8618129533315834, 0.588571690204814, 0.9698933786545068]","[-1.0041708582750903, -1.5556187869563765, -0.9738381563783279, -1.5355473275054972]","[-1.359435182619369, -1.8841752351135113, -1.3111357952673952, -2.040231690622069]",-6.21923777
2007-02-07,"[0.22063828487022263, 0.9263786641557914, 0.004425026836152313, 1.1115478163144843]","[0.01729643677222941, -0.0022911252590011744, 0.0008064527450067562, 0.04237513075400429]","[0.6204619133248537, 0.9082732541747564, 0.5975660037729125, 1.000965642873783]","[-1.0747873127864875, -1.503819657426109, -1.0038502027468044, -1.5451679928823405]","[-1.3356999056002354, -1.8164533112517902, -1.2655332834303534, -1.9456251682759003]",-2.37712992
2007-02-14,"[0.6546150919561455, 1.6731213093053476, 0.6852158444502265, 0.0]","[0.031667565914058275, 0.05140834574241131, 0.10394415249343243, 0.039923780201829885]","[0.5937472568450312, 0.8672198349714576, 0.5679187229174828, 0.9691283548831546]","[-0.9416313840503091, -1.3394505260777239, -0.8473676399544587, -1.5359860013882118]","[-1.2340495155113484, -1.7896348012528167, -1.1242402302971235, -2.027620284420755]",-5.86286357
2007-02-22,"[-0.07539728214753794, 0.5076582892044712, -0.41212939501971135, 0.27505204032900465]","[0.08112282780980726, 0.0970794246489129, 0.07046834209745823, 0.15296568779455286]","[0.6069596166839868, 0.893092249193422, 0.5814639471456269, 0.9724590566805271]","[-0.9103388664397353, -1.4809211510879172, -0.895660043026485, -1.427101256620786]","[-1.2073750574217927, -1.8086769829718172, -1.1504371635603552, -1.81777212711323]",-2.50081405
2007-03-01,"[-0.2984825966261262, -0.46262087475055225, -0.27988544086170464, -0.5366666815538323]","[0.4033724199666678, 0.7013474300794551, 0.49597268625933005, 1.0010747521714607]","[0.6664221082603882, 0.9519863336200318, 0.6456624742222508, 1.0432016981226153]","[-0.682307389380116, -0.8153829828663721, -0.5911300996437218, -0.7139157593174518]","[-1.1197904945520383, -1.3164846378466166, -0.9216090827232081, -1.2544909946988405]",-1.65299443
2007-03-08,"[0.8419420040267411, 0.6771798977553978, 0.5582117322813218, 0.963895656670033]","[-0.2164686776249608, -0.3151779815450917, -0.13797635064730449, -0.4068367216288455]","[0.6840382366979963, 0.9659195675292787, 0.6577547631351965, 1.0382965735086713]","[-1.3154968724941376, -1.864685714614402, -1.181639440120864, -2.04783438929356]","[-1.6771792849349065, -2.2708415749154076, -1.5272876983088264, -2.5314753037163227]",-2.22198168
2007-03-15,"[0.1362818416120959, -0.23287218080598748, 0.21635222987406166, 1.1494876049410685]","[0.263847933998115, 0.5620685909848151, 0.2448820344240605, 0.6171549890957032]","[0.6183793749210734, 0.899265601327413, 0.5812181684722348, 0.981585943291196]","[-0.7918901356188286, -0.9824584285325737, -0.7244415823166858, -1.025049270411768]","[-1.1929928499341638, -1.3375573528820635, -1.0691738043219225, -1.5576105578221482]",-3.49073114
2007-03-22,"[-0.07675936317710352, -0.36084813431545015, 0.10936037385835817, -0.21970826953898737]","[-0.018311283546624948, 0.10400672183768973, 0.10434287084006441, 0.05204990733513679]","[0.6598162218652075, 0.9472929974723446, 0.6197153138659967, 1.0192303312987447]","[-1.103852107597702, -1.5143292914421136, -0.9516737151709689, -1.673863507653107]","[-1.4713831366704637, -1.850782774822993, -1.262646374740282, -2.0832151493354893]",-0.55607926
2007-03-29,"[0.10572324704156699, 0.11480260464136194, 0.39262806144275686, 0.397433371736966]","[0.11299409198838585, 0.20688542690518633, 0.08779829481565185, 0.2977507995878524]","[0.6457825918194723, 0.9171606894123984, 0.5992318686882097, 1.024666422001481]","[-0.9169454248689948, -1.2271256758283984, -0.8252939720285084, -1.3270136740893426]","[-1.3104093395899792, -1.732451040523418, -1.224255259881633, -1.8252463968175332]",-1.36984907
2007-04-05,"[0.27080248939821416, 0.49498044175546596, 0.24033570420947115, 0.0]","[-0.09633676230436934, -0.2134572450498457, -0.07800263990360587, -0.25716295782510784]","[0.6407669997635776, 0.9080411151780553, 0.6013172321848601, 0.9908760644304052]","[-1.20054430036419, -1.7112743476640564, -1.1525440320665157, -1.893928000746302]","[-1.5633706320288203, -2.101354108096751, -1.421841521035552, -2.366173725953695]",-0.65026927
2007-04-13,"[0.4552283322180273, 0.20177793978657377, 0.47025470026209604, 0.5960672400181721]","[0.10203572042811579, 0.2541175716923026, 0.06457895181748534, 0.21635168873810626]","[0.6492574694976413, 0.9459665327019531, 0.6177970481529858, 1.0039148064555514]","[-0.9090386884053391, -1.2803282974778192, -0.9624120633845801, -1.397837123141078]","[-1.2962406890372862, -1.6647133532554637, -1.2341845630186306, -1.8537951609752197]",-1.00381935
2007-04-20,"[0.9396957363414948, 0.5521894727322341, 1.1901340921941284, 1.1701506377495008]","[0.11080844218416042, 0.15872065609384148, 0.08807317184636008, 0.15396798197648343]","[0.6626439016328385, 0.9117370051492807, 0.6256414648472125, 1.0003366268180127]","[-0.9165302541804095, -1.3205016852570752, -0.8734188597427955, -1.4465617796444017]","[-1.3392066910640517, -1.7045699966356238, -1.3072502413990799, -1.9378338539716946]",-3.48756678
2007-04-27,"[-0.08018007537184957, 0.04296850116078943, 0.11774683524290452, -0.45458785496483856]","[0.11241848688626081, 0.11961440937171161, 0.11719012025353864, 0.09548112778622637]","[0.681665418549875, 0.9581390230593194, 0.6339797007905645, 1.0256350714098537]","[-1.0411568125415194, -1.4698808042892662, -0.9525884978266376, -1.557188933890583]","[-1.3773243224787683, -1.8714817292239687, -1.2651718699203252, -2.0387664341293017]",-0.80420701
2007-05-04,"[0.37839146323097594, 0.08584488126084366, 0.17535807707975692, 0.5278269282835701]","[0.006016159755419335, 0.011531002522133358, 0.0771623816740713, 0.010314608190778158]","[0.632827625565971, 0.8950695990002618, 0.598287816104996, 0.9664138563980684]","[-0.9964486703840091, -1.483867941252694, -0.8910242909382777, -1.529806762155163]","[-1.3716103926127767, -1.8874443363386086, -1.2128489267378193, -1.996298150255965]",-1.14034862
2007-05-11,"[0.8520882678943131, 1.2692631216738803, 0.8371122825181487, 1.184150123934824]","[0.13099642934840688, 0.05223373989050391, 0.10110433085216439, 0.1743426177892161]","[0.680915023452814, 0.9288637741621854, 0.6538529275374386, 1.0358619716637052]","[-0.9780632075567751, -1.4532300188014595, -0.9957008459740764, -1.5473298264626378]","[-1.4492797582199386, -1.9122978231488503, -1.3430465651967052, -2.0946819075767924]",-1.14417144
2007-05-18,"[0.8686420207324019, 0.8168969176160168, 0.590464201541252, 0.7051579105178618]","[-0.0009709690227419242, -0.10056627608398747, 0.050523359998821, -0.13916970364472267]","[0.6555286058478882, 0.932448811991049, 0.6254204795019043, 0.9865968869171006]","[-1.1487346010699984, -1.6860151429976382, -0.9871644619499637, -1.69684261075155]","[-1.4875867756021386, -2.018221966262831, -1.3076508254907184, -2.1705611736353285]",-1.79895595
2007-05-25,"[0.41615915472510423, 0.6262112197449099, 0.49094200640649177, 0.7003891975726262]","[0.025708043684431168, -0.03388172619678403, 0.009687277214125555, 0.02199143605834415]","[0.6083662632859673, 0.8826711403078611, 0.5823793914295152, 0.9647502149681545]","[-0.9798149524077902, -1.4647394791079345, -0.8760304401055908, -1.471398178516671]","[-1.3452121657558567, -1.9593840076243387, -1.2713288734056618, -2.035475420122338]",-0.54315106
2007-06-04,"[0.013031002510821565, 0.29466195228531333, 0.06004806124337847, 0.011722789534918121]","[0.0591405098312227, 0.1436114186978562, 0.12080728943730902, 0.18725933647197557]","[0.5720660957822691, 0.8687125579179092, 0.549382612239629, 0.915844922216223]","[-0.8880245173341405, -1.3271590574131118, -0.7611555703916177, -1.1906360405894256]","[-1.1915110290122966, -1.6635830280315747, -1.0443199745832812, -1.7084467392140474]",-0.11368053
2007-06-11,"[0.17196685449647475, -0.1919426649437561, 0.004248892495084533, -0.2758157423446761]","[0.23801303511043823, 0.37082476971813644, 0.2326138373693062, 0.44106251714003436]","[0.6066727899162858, 0.902534094986683, 0.5810442882963336, 0.9663396224878996]","[-0.7116894972733414, -1.1103276995051983, -0.7277011496607205, -1.1397982704702634]","[-1.0897612071637588, -1.4737631044807122, -1.0289510754398452, -1.5845417990352992]",-1.39070859
2007-06-18,"[-0.11762257409086985, 0.08372987217883932, -0.19447791047042529, -0.71930958380646]","[-0.010936819731415815, -0.01934497457066345, 0.00966450537556559, -0.061891732733601414]","[0.6677316464393397, 0.9379628437362422, 0.6294961762659754, 1.034722922717317]","[-1.078521918188247, -1.5457336300165267, -0.963498037907843, -1.7710164910964634]","[-1.4757009893920854, -1.9054459918989444, -1.301233076432866, -2.304943045421301]",-1.27587506
2007-06-25,"[-0.4794086606043635, -0.423722170535612, -0.061469789632084826, -0.35123266781527107]","[0.03337171497827789, 0.14564869273575534, 0.07231513015305703, 0.26507493602118676]","[0.6571179303665375, 0.9206793648581777, 0.6177636814417639, 1.018392226219744]","[-1.0947502006907743, -1.3466886447169835, -0.9015879316520685, -1.4439478520056652]","[-1.5141491452263776, -1.7983192059804167, -1.3151324021701363, -1.9179019454765347]",-1.66439529
2007-07-02,"[0.9000018704999668, 0.8576088466222487, 0.9412878705434835, 1.158883284909873]","[0.0780707476964252, 0.08281535656840808, 0.09938272859201414, 0.14895440611186397]","[0.6602021235320763, 0.9584861834490164, 0.6345940522391791, 0.9884368124591131]","[-1.0289804089809826, -1.4523006986456708, -0.9580661087238562, -1.443448955944206]","[-1.4257523568943886, -1.8227655392900237, -1.3004526506541807, -1.842356110377581]",-1.13331139
2007-07-10,"[-1.36880620079749, -0.8422079422692796, -1.0921683593030806, -1.8561401366545383]","[0.09029147021544047, 0.07636696695271183, 0.09484234120458734, -0.009837507262670278]","[0.6374512317009968, 0.8977344261198688, 0.6000935765195978, 0.9568162166716855]","[-0.9180011312053572, -1.3612852386571808, -0.854002412355926, -1.5460769514936883]","[-1.3430058298942285, -1.7027930146004167, -1.2620703221229568, -1.983529403416018]",-4.68210186
2007-07-17,"[-0.051665406797329894, 0.7594283638037602, 0.14733123037018458, 0.03607160323557679]","[0.13079069053706022, 0.11628917720641838, 0.18788029504698478, 0.006933420755719173]","[0.6651155125746803, 0.9751687055529268, 0.6250178886972407, 1.0170459354039405]","[-1.0004390707299293, -1.525017330622429, -0.8426508291637775, -1.6578348275774513]","[-1.36862052526317, -1.957761772468177, -1.1638068265436659, -2.1379445858443358]",-1.99968174
2007-07-24,"[-1.7493340767146037, -1.4889465930618684, -1.6375396271328668, -2.903115799203615]","[0.1913587770507649, 0.3682351379781826, 0.24006729591677398, 0.22287610714501474]","[0.6392310375993427, 0.9074342155022884, 0.61564856183152, 0.979435113726065]","[-0.8926670153833417, -1.1655252408913208, -0.7174277672514205, -1.3532941663608142]","[-1.3491259098157002, -1.606225132047388, -1.226534205195086, -1.8844831981755388]",-6.75271586
2007-07-31,"[-1.1327111948390645, -2.123324480480715, -1.101386737883736, -1.377513926926266]","[0.1489935545929946, 0.42194413125377456, 0.22519813136236508, 0.666236023840507]","[0.700123512074091, 0.942805902414853, 0.6599033465411115, 1.0291214553030013]","[-0.9990606119675544, -1.1907022965179852, -0.8411319100952089, -1.0846932878655045]","[-1.569167063509869, -1.6243802052221554, -1.3903046885209986, -1.648833430730001]",-4.59657845
2007-08-07,"[1.0613097578917596, 0.7062473111875356, 0.26337014830861705, 0.6893362811271508]","[0.2451344706875196, 0.6644584981709938, 0.24030396778263952, 0.26258681254274335]","[0.7111675013755763, 0.9450739842286034, 0.6808789392454564, 1.0740982807394857]","[-0.8708971489925087, -0.805853806016599, -0.8332743451595863, -1.4039492942600866]","[-1.2570241809899074, -1.2930214476470292, -1.1710087636181072, -1.83760727926518]",-7.63584618
2007-08-14,"[-1.540384838407327, -1.716291233114564, -1.5808959853286453, -2.2176942913743503]","[0.05579114217746737, -0.4098795916055414, 0.007553692995061874, 0.02574656863262723]","[0.7193961945922358, 0.911732283598923, 0.6850695867602192, 1.0638582027156451]","[-1.0229027303452687, -1.8710081384281814, -1.0892692957184174, -1.5693232083325044]","[-1.5302792738210496, -2.2393887448265395, -1.4976287110731838, -2.2213905711837545]",-3.70884194
2007-08-21,"[0.20025985843696859, 1.0475533225271505, -0.2326336753004199, 0.33967876228873095]","[-0.051636844518434526, -0.16273395014769892, 0.006691578749445275, -0.34480008015258395]","[0.7140920571122376, 0.9409354286285455, 0.6668380504629492, 1.0491924213907657]","[-1.2212613731644115, -1.634825547892518, -0.9592268760412689, -1.9848403211726418]","[-1.8305956672333923, -2.1987096409428877, -1.654989173023434, -2.6797605531629163]",-5.03627304
2007-08-28,"[-2.2225541947330285, -2.409752655883235, -2.126316780072557, -2.807775836444648]","[0.07523439235147254, -0.04511670333009951, 0.08059705147141766, -0.11815080063267015]","[0.7595329686910715, 0.9736527276621422, 0.7200260807888218, 1.1455522700614766]","[-1.0096650146581951, -1.5682156980960165, -0.9545896776209963, -1.8305375974607607]","[-1.5421010781377578, -2.0860879227038422, -1.4566798202871616, -2.4906949202891724]",-5.67318382
2007-09-05,"[-0.8691073946316408, -1.0115569701790506, -1.0719167509256167, -1.601476076325259]","[-0.11599867380392856, -0.011398503113838549, -0.000766451680636328, -0.052319877289058785]","[0.7716849151285107, 0.9802492827356566, 0.707987399191698, 1.1525605767985412]","[-1.3191735760294807, -1.6032296584035728, -1.0955843701419608, -1.9517500372610557]","[-1.8506244032695816, -2.009194301946093, -1.5455599442639498, -2.458663548751371]",-3.32890395
2007-09-12,"[0.2573463472841375, 0.020475760384641717, -0.1258584739694868, -1.01200955319527]","[0.1496257339331322, 0.2786164042125591, 0.08126232928429042, -0.052207035620153254]","[0.7585413345265134, 0.9754983120441737, 0.7138794869249898, 1.1444553581951158]","[-1.0471734751872157, -1.3127800933115186, -1.0186273964345243, -1.8952275107162613]","[-1.454881827494386, -1.7273188831597963, -1.3876513758054727, -2.5215757743513936]",-3.84034343
2007-09-19,"[0.5885579753027059, 0.2593811404228319, 0.5528603479634242, 1.4263806086747266]","[-0.022610981871179266, 0.1863932425107539, -0.01804478481524003, -0.06395372156575305]","[0.7523180949951664, 0.9726960419541206, 0.7131826618779764, 1.130463685254119]","[-1.1831974802878291, -1.3493224986835002, -1.0787222425596776, -1.8923455789325418]","[-1.7329477706831997, -1.7587984807000356, -1.6051727879230144, -2.5194562038397703]",-3.18859007
2007-09-26,"[0.5270022285523979, 0.4883716030287033, 0.7195367967991473, 0.7918337095064842]","[0.021309627473830556, 0.15765976641379395, -0.037705344818557175, -0.10566304398117529]","[0.7906745080818598, 0.9806892320733852, 0.7451845896240897, 1.1640391454285015]","[-1.2279709272496535, -1.4229380358604617, -1.2729879666795951, -1.9667920057457229]","[-1.8878543125358849, -1.9828281114198143, -1.846883881642177, -2.69599551121604]",-2.07982183
2007-10-03,"[-0.20137094120089571, -0.6945534629182681, -0.5658325516202822, -0.3419795745867482]","[0.03895181297644606, -0.18273118103056044, 0.02669748428764281, -0.17431696044259318]","[0.7969541987832601, 0.9716171897363938, 0.7505212222207136, 1.1807914316146988]","[-1.0927613326036223, -1.7015880058633854, -1.0232910567101607, -1.9131082568672408]","[-1.7689873084086651, -2.244790823415906, -1.6638717794474926, -2.800119228434011]",-2.09737512
2007-10-10,"[-0.1663012947499709, 0.2432286665663419, -0.6078638497067246, -0.5367040636000908]","[0.09217486267196924, 0.15164093425527744, 0.0783489073613739, -0.1262532641107972]","[0.7340629265156512, 0.9607742185236613, 0.7035768271900306, 1.1037843790034794]","[-1.0480296966929572, -1.404208341996127, -1.0439504088800189, -1.957141178242289]","[-1.593040153492982, -1.8942488529442085, -1.49617599757716, -2.4359301394589776]",-3.18201449
2007-10-17,"[0.30514404024106767, 1.2779938881041453, -0.1467365667989995, 0.03863154725989304]","[0.23083011214175547, 0.3123787237574822, 0.14307425002575686, 0.2659438857158797]","[0.7534411654179783, 0.9720299005113208, 0.7248075194647154, 1.1504511220760447]","[-0.8955897733665084, -1.1696519525457802, -0.9461688915467291, -1.5150162695532237]","[-1.45465845550864, -1.7623083149302632, -1.4764694695272527, -2.2144521624657334]",-4.52903759
2007-10-24,"[-0.18467182844119634, -0.7595414166924996, -0.007169630180747788, -1.301716089469096]","[-0.09645893260462181, 0.006413493710084726, -0.07926828580910095, -0.2957974020563467]","[0.758852508623193, 1.002247351769713, 0.737863234966493, 1.1647902771311232]","[-1.2724476578360178, -1.5731959887880695, -1.1977873652919095, -2.049592057908697]","[-1.7748798008222828, -1.9939618665847478, -1.7053703187557656, -2.789953107114247]",-2.81156611
2007-10-31,"[1.0334265504845064, 1.4091098348462339, 0.9922721993129713, 1.5349107843275256]","[0.1063704789225939, 0.1868594032149996, 0.10915616982626816, 0.1472214034638339]","[0.7744471778562787, 0.9875682570373697, 0.7440172111193987, 1.1925057500591933]","[-1.104041293587892, -1.4070634391642203, -1.0231003708297701, -1.7496399389953865]","[-1.6129061860022071, -1.9177264279816166, -1.5725915959776646, -2.367807913392941]",-1.39569270
2007-11-07,"[-2.7736471455858336, -2.4624539967023296, -2.6775193719217327, -3.196154784382088]","[0.14419951043489862, 0.24919178179921017, 0.16409514499054473, 0.19625215364832882]","[0.8188129616233984, 1.0668771809939621, 0.7957941481936257, 1.223559830650989]","[-1.1741636854662532, -1.535080593916762, -1.009446016897127, -1.7663382355927126]","[-1.6462162118905834, -1.9668469080006041, -1.5379166476442832, -2.407399202846154]",-8.39228781
2007-11-14,"[-0.27726494514324074, -1.2893491105902655, -0.573365912202739, -0.43284045839611096]","[0.08272045235865315, 0.3208946522131275, 0.1382222338718708, -0.06849342053798968]","[0.8166419313000312, 1.0428194082163267, 0.7621180456091483, 1.2062364155628287]","[-1.1559748739483477, -1.3114217788207287, -1.0297894859940042, -1.921012571591796]","[-1.8839322508258143, -2.027814748790687, -1.689388918307457, -2.783405944718116]",-4.49031938
2007-11-21,"[-2.067676472231472, -1.1894646389853492, -1.63588545614477, -1.798016518004708]","[0.020080003088097893, 0.2746592916506493, 0.03282151938479457, 0.18253805494315425]","[0.8375947435057206, 1.0665946369473756, 0.7968677338557777, 1.2170815707026008]","[-1.1239695878281, -1.3141168071235516, -1.0969682032647543, -1.6682005957524892]","[-1.6707284378556921, -1.9781019656954402, -1.5989214126175286, -2.3148982747617257]",-6.13440177
2007-12-03,"[-0.661403218738954, -0.8415541896708234, -0.42830597557941275, -1.1615929202362985]","[-0.2166782346295023, -0.13501586490388, -0.09112017658028906, -0.004697184017238874]","[0.8064760158595226, 1.0444003434869962, 0.7748283299906696, 1.2114158858033508]","[-1.3632926691455067, -1.8003121526693966, -1.196112885213157, -1.8464126487250796]","[-2.036306072432233, -2.321545606768216, -1.8578485674218126, -2.571372486815904]",-1.51052412
2007-12-10,"[0.7723421035516154, 0.400519581133274, 0.7417987805951043, 1.52056148910944]","[-0.12561373055868996, -0.32304981668503685, -0.05954961670696451, -0.4587036679014346]","[0.9171472245857677, 1.118011155745226, 0.862918861478024, 1.2838784209327738]","[-1.670436818389067, -2.146980104349096, -1.535772019927171, -2.4930596290344593]","[-2.307985686912551, -2.717694492366108, -2.1223552186271903, -3.303723912819001]",-2.85426947
2007-12-17,"[-1.4371963693343481, -2.4628734452790013, -1.302686212412496, -1.3085333086469753]","[0.4319704586612447, 0.40093027806645026, 0.41564370743201, 0.4934121221610186]","[0.8286622601593623, 1.0331444965524479, 0.7850411777737155, 1.2072334345468831]","[-0.8819986161729814, -1.2106034845281572, -0.8441362338644527, -1.4591674816144833]","[-1.368470216465484, -1.7881112102054642, -1.3284086600853653, -2.091718757509983]",-5.66647316
2007-12-24,"[0.7398447561392629, 0.7493855000368477, 0.736203759485754, 0.691452851614649]","[-0.2896786719334833, -0.22007890073479877, -0.3352082483341114, -0.7508637359587637]","[0.8528879996059393, 1.0821855185326008, 0.8049302347039669, 1.2598009367572256]","[-1.5750343758947003, -1.9873399262583953, -1.5825653221997311, -2.680927507498553]","[-2.2285724566498506, -2.526391984085344, -2.177050531866829, -3.498270358128057]",-1.75782008
2008-01-02,"[-0.8793585797338466, -1.5146915506643488, -1.6790249191570794, -1.0985118488711088]","[0.16809993790403263, 0.1111229474545491, 0.1289136684482231, 0.23181523200384793]","[0.8398238335688276, 1.0689316550766403, 0.7937676054636723, 1.2389691937805847]","[-1.1984605279615796, -1.605108657755456, -1.1818816035864144, -1.6931730206590365]","[-1.7193842795374932, -2.1762565895749906, -1.7324149431907494, -2.410118614858374]",-8.44531872
2008-01-09,"[1.0456008218578283, 2.108946744601603, 1.1549418081235885, 1.008564533782419]","[0.19243391442723867, -0.055465219127388, 0.26802770732570974, 0.32567115079766346]","[0.793488919595273, 1.0521073083068158, 0.7470308167458374, 1.1887974976687732]","[-1.0013087956625268, -1.6727592723490712, -0.8745656425979039, -1.5186176419870583]","[-1.5346052177622977, -2.2110885080288636, -1.3601126341412058, -2.161132194168071]",-4.17339534
2008-01-16,"[-0.864981901485784, -1.0799522410869677, -0.2799683104244721, 1.268000805932168]","[0.3682133933578848, 0.26098589930569643, 0.2808042524176894, 0.37293258320536593]","[0.8848666851572472, 1.1484928129865266, 0.8370707533271484, 1.296652836701853]","[-0.982154582893012, -1.5809510102190163, -0.9322993998854462, -1.6202016986682282]","[-1.7560825507248836, -2.31280890361953, -1.675314270518379, -2.4868196385870047]",-14.89240793
2008-01-24,"[0.8406185292816559, 2.001595432129921, 0.8798909991375226, -0.5211341299113492]","[0.01572032410817947, -0.2803666517387119, -0.206740528134591, -0.0734591562299431]","[0.8719896083889201, 1.0710660318937093, 0.8163774182848049, 1.2698338583449669]","[-1.3622489753120515, -1.8781011026459236, -1.5854458996171708, -2.1325274288290954]","[-2.040820122705145, -2.6445631681019695, -2.1266752780780114, -2.9095576998543202]",-9.50009812
2008-01-31,"[1.807039076100292, 1.6983077575921435, 1.6541143449437357, 3.089142802965572]","[0.1816064331373525, 0.14339770344077973, 0.10361068633976267, 0.03317547948433751]","[0.9378572027049499, 1.169721447131345, 0.8819034331974324, 1.3640808302047214]","[-1.3427627742019355, -1.7408597579646787, -1.341121921356602, -2.2666432280931352]","[-2.186449609396088, -2.5741317022537062, -2.1533831144086846, -3.3321318715426513]",-3.87635598
2008-02-07,"[0.659212330398784, 0.6983903147025572, 0.38368933988373044, 1.6365153807510247]","[0.0308231155558024, -0.056065021442577447, -0.04792897134239313, 0.19908910141884206]","[0.9223600937623325, 1.1431217336341022, 0.8836037908541611, 1.2990994201020933]","[-1.4148071156047322, -1.9392836419949868, -1.464217426178915, -1.8555611006795136]","[-2.0812851695630292, -2.486755030210157, -2.142904172643326, -2.6304692541462624]",-2.25773537
2008-02-14,"[-0.8838032310342747, -1.8253927356047583, -1.4060815586544706, -2.421512439226614]","[0.07198833262839212, 0.3232569347423463, -0.07071042583342792, -0.19991876293148803]","[0.9473050937951065, 1.1505915147463797, 0.8847184915743058, 1.3223994542839426]","[-1.5585028325432484, -1.511992488196584, -1.6308775875771826, -2.2934760463711474]","[-2.269033933233582, -2.235422375240999, -2.2323250875520033, -3.2541662600974193]",-6.52951969
2008-02-22,"[0.6138930444194557, 0.36701375233656464, 0.7842606419462328, 0.12074495072997848]","[0.18948573784454723, 0.06603482115103046, 0.30207370706388686, 0.17956996826927776]","[0.9288471951872134, 1.173470492851921, 0.8761361209265902, 1.345818157637388]","[-1.2284770338231104, -1.8711342900930834, -1.049879418140281, -2.0154773727946216]","[-2.041907095974161, -2.577551486057601, -1.8324859263535291, -2.9363254499110867]",-1.95075413
2008-02-29,"[-2.253575850446854, -2.687651282952608, -2.5418534058740505, -2.245263148515697]","[0.17003835413407964, 0.09723180977613953, 0.1623112458941189, 0.1714599071759643]","[0.9233416982104683, 1.1608232871185427, 0.8761957380478003, 1.287341735617148]","[-1.2422202926981876, -1.7337742265775486, -1.2131898883390748, -1.710099374114909]","[-2.1559935588763715, -2.582227922639058, -2.062339500894082, -2.850245512665743]",-7.32005599
2008-03-07,"[-1.0354130989418842, -0.23751625169694535, -1.2258757146568655, 0.22257812185708659]","[0.012956912235951312, -0.0958731429991199, 0.08958249947903206, 0.1644643067949289]","[0.868553453239856, 1.065749188476924, 0.8090779029440927, 1.2134877714167038]","[-1.2929275285608506, -1.7976007056699357, -1.2299511535208383, -1.6897299821758067]","[-2.035433432203546, -2.4412718996713254, -1.8831651225177912, -2.4935562074075937]",-7.55747394
2008-03-14,"[-1.5920731606724026, -1.8525255960996745, -1.6156036616598257, -2.278288046111676]","[0.19471728673925737, 0.24666240815271714, -0.02812949255515926, 0.12245881675351353]","[0.9132168641961841, 1.1470872927885851, 0.875369517541389, 1.311626880459168]","[-1.2687041347798833, -1.7024731920089637, -1.4344236939945185, -2.0236052341871136]","[-2.0130084697902833, -2.393275898687543, -2.1429241143854565, -2.7908846109628795]",-3.09364786
2008-03-24,"[2.0236202931383396, 3.3972320660329736, 1.503999458288341, 2.6236635111792417]","[-0.009284262118678097, 0.1308667634352899, -0.2191640276764178, -0.29755303156074525]","[0.9157197127584701, 1.1570209644933451, 0.8618748988503793, 1.3030300281703018]","[-1.5677017174499368, -1.7345906904889388, -1.6933119817013076, -2.3497092389654854]","[-2.1621023131843438, -2.3658456241087955, -2.2528098633035354, -3.040738813411079]",-5.63998451
2008-03-31,"[0.25053609192946524, 0.5274963740947491, 0.3798251982843226, 0.48923080144529507]","[-0.29766104304502866, -0.18563745486297825, -0.13163384350130422, -0.20468109112718594]","[0.9639423169720767, 1.175093866960262, 0.9033196617948631, 1.331705003654919]","[-1.8758109374725642, -2.0882846784098508, -1.6869545060978168, -2.5477568813808777]","[-2.5411072898197125, -2.8127975932204516, -2.2574066840873375, -3.2499155270008537]",-1.36003776
2008-04-07,"[0.03651281554049035, -0.21832049571699486, 0.02386660821489528, -0.4386044234935049]","[-0.08478104154258352, -0.02608073009878058, -0.07069561593939057, -0.14550933858156714]","[0.9357211496937184, 1.1556714567921222, 0.8844706213694594, 1.3150254691580054]","[-1.5238180206936056, -1.8508239645852282, -1.4404572414798045, -2.2644959533115974]","[-2.3016563353939463, -2.656282238521983, -2.1636544128262334, -3.1366045287162843]",-1.58737362
2008-04-14,"[-0.36050148892599054, -0.4527514388715126, -0.18970927988029018, -0.5929197546853615]","[0.35392635362541747, 0.15584118644341752, 0.3713547002156455, 0.5659838639870067]","[0.9469387546604601, 1.1943335103760955, 0.9006287212945425, 1.3176716405773987]","[-1.3091133682141542, -1.7692705182707489, -1.1521188251733534, -1.7224476856779112]","[-1.9473803825865768, -2.718078717205701, -1.7837072547785666, -2.4275485400914714]",-1.65016555
2008-04-21,"[0.07936463218518597, 0.7039558737116813, -0.18961242598667383, -0.33367468036189507]","[-0.02136057067610376, 0.13364733538849174, -0.282485137461843, -0.40354357466208074]","[0.9999361502324479, 1.2232456090943464, 0.9472792135240098, 1.3884550027162514]","[-1.5893923970007315, -1.790393939534026, -1.823006468202854, -2.591471655680296]","[-2.455930533922712, -2.7690298815353014, -2.5880101826831026, -3.633030111925442]",-1.43897989
2008-04-28,"[0.07883599104916428, 0.19073265477045354, -0.15611479736072909, 0.6384341055916565]","[0.11184844711174559, 0.15232304769835683, 0.23760258781525123, 0.07669309070226295]","[0.9905856187858897, 1.2346912907781098, 0.929649531035284, 1.3819147165295451]","[-1.39953289679154, -1.7929697594977785, -1.2438596592561082, -2.129267649179538]","[-2.1839131964224787, -2.6424314841777, -1.9779767937523223, -3.0511957675428953]",-2.96507645
2008-05-05,"[-0.5313128540906042, -0.28747058434417383, -0.6812773006062756, -0.3621102517829655]","[-0.033143577877612476, 0.14337777097780782, 0.06471932717665917, -0.06519444135553773]","[0.9856935727576429, 1.2200161784923094, 0.9255768523459736, 1.3345860266565786]","[-1.6004589998110583, -1.744240177137382, -1.378284713319282, -2.29431650053837]","[-2.402763560833655, -2.6403569750094515, -2.146282582383399, -3.1075036720277978]",-2.35181104
2008-05-12,"[1.1168615923815572, 1.8089344072288682, 1.018108359811265, 1.3649341972387319]","[-0.049740544086057145, -0.2534700898000721, -0.024501541849320817, -0.14035687729077112]","[1.0576356232876312, 1.2898316335617226, 1.0036346192634817, 1.4596633831172066]","[-1.804713814679595, -2.237849937324362, -1.7208554610152593, -2.516097270171002]","[-2.3171657446346274, -3.0207958669215476, -2.2184908126895118, -3.280152690915918]",-2.88577128
2008-05-19,"[0.26594090298308615, -0.7204336042001103, 0.31797423366217714, -0.32989938889098624]","[-0.2063958641684325, -0.04138556684501934, -0.03205806091209222, -0.1983796732256216]","[0.9931871102151738, 1.189087291945509, 0.9132208800147481, 1.3676243874048344]","[-1.771016185544012, -1.9584659750941924, -1.5055805312821795, -2.3193408189102906]","[-2.547758153290956, -2.7656455794770465, -2.199093143769338, -3.340200102155234]",-3.84223642
2008-05-27,"[0.8105726150393622, 1.7480851984820411, 0.5491443901195936, 1.2029990505403987]","[0.13728590772177765, -0.007629522231395397, 0.05787974343165925, 0.03721559466235612]","[1.0759234303185148, 1.3232101683570479, 1.026137931901895, 1.4444947231112988]","[-1.5854774955947215, -2.1812803123018916, -1.6122968238447422, -2.2046698038086734]","[-2.346125340036051, -3.100162554469617, -2.322080564838631, -3.1122580132473625]",-3.52709284
2008-06-03,"[-0.5198569763520844, -0.5480572158197639, -0.810796895360788, -0.4875341447871939]","[-0.05412334326552679, -0.07939282492915499, -0.018500418898384347, 0.10068441920435911]","[1.0257918105844817, 1.2311668362454022, 0.9821214253437139, 1.388118692421866]","[-1.7356393638114476, -2.040597589770673, -1.6003904476726742, -1.9306117055487446]","[-2.3977282507336897, -2.939448753798313, -2.3573597571478304, -2.9449972383975127]",-2.43557189
2008-06-10,"[-0.5133788312055465, -0.4727465012041243, 0.07683736012253917, -0.2313515232019725]","[0.31765062198276145, 0.4090189757775028, 0.2127494823359511, 0.47754350677964214]","[1.0062114901295367, 1.206803283283662, 0.9421032596537233, 1.3826382710651082]","[-1.3278507091758218, -1.7194842183078434, -1.3033531602603543, -1.8046126623396175]","[-1.9594262035383698, -2.2449273074454994, -1.9422463586328769, -2.5709617184296065]",-4.71244963
2008-06-17,"[-0.4856149848873059, -0.5342184550551465, -0.8905753597812094, -0.9407349689107392]","[-0.2388053483388805, -0.257996752056336, -0.24411239486575964, -0.4291928792789272]","[1.0385552694335665, 1.234560190381794, 0.9904570834813202, 1.3765180224793894]","[-1.9425636684383303, -2.442126075390038, -1.944057974986148, -2.633883614120398]","[-2.71974733934481, -3.110408889648534, -2.566140403864404, -3.5979223137390335]",-2.67325850
2008-06-24,"[-0.19799261259798584, -0.511380372416248, -0.2953998767265986, -1.2775397029960445]","[0.06898151783225409, 0.21113719948787021, 0.22122023231852392, 0.26706690888303286]","[1.0668095122018593, 1.2870103719962458, 1.0061548866273151, 1.3577344854967026]","[-1.8840829884856953, -1.9540245851551572, -1.5260523469234613, -2.082238927201906]","[-2.404445434195562, -2.5900609222618125, -2.033638338474649, -2.781125806110256]",-4.22269409
2008-07-01,"[0.29636796290448686, 1.406941110529747, 0.2837378071241403, -0.10945956411330116]","[-0.07108152321645991, 0.0906160181499765, 0.16990777801723383, 0.1252467288753996]","[1.0777382747872675, 1.3645757018039593, 1.010250646048046, 1.393426552238082]","[-2.0116844258309894, -2.385029246903669, -1.6259110688632654, -2.26840050561344]","[-2.622054419228117, -3.0842657158484945, -2.1865325068075796, -3.057999343871407]",-3.77470064
2008-07-09,"[-1.9128158910056037, -2.6897120447044287, -2.1017396545529365, -3.5781648448143244]","[-0.19678042864990908, -0.32258448633434655, -0.5203702379677609, -0.45437359439433134]","[0.9915410774873427, 1.236584092248522, 0.9384344896818766, 1.3647106874054986]","[-1.8258509329314112, -2.3348715395346864, -2.0224608755841222, -2.5830352715166542]","[-2.5674803252659872, -3.2731347488882623, -2.7288363378877047, -3.5979524500339948]",-4.63879802
2008-07-16,"[2.4250763391451713, 2.456048218886675, 2.49308056720281, 4.611954351274505]","[0.27354764758667216, 0.019135601305712843, -0.011449878112263409, 0.28715251155411425]","[1.0852850268833711, 1.3243334834036093, 1.0168425415121811, 1.4659381261467372]","[-1.6366686568874327, -2.177432992086336, -1.7051466310780112, -2.05121080729492]","[-2.2314462500272514, -2.937104364592076, -2.3293504036428114, -2.958948603670152]",-9.04279632
2008-07-23,"[0.5869165037603707, 1.3088640375256588, 0.2571988028361005, 0.9975397952453058]","[-0.03713898876418149, -0.004713305059471462, -0.15032019518584397, -0.152739287092653]","[1.074516651375486, 1.2897519696208717, 1.0074171225103443, 1.431070851590459]","[-1.9000018433548966, -2.1487327223664408, -1.8424481810550988, -2.5353427794782246]","[-2.553882460403323, -2.8833910564336525, -2.5604835673831055, -3.355665648219367]",-2.81304897
2008-07-30,"[1.766111895909095, 0.5059980104412887, 1.6198846458143734, 0.14954054764686475]","[-0.40253365606104147, -0.1796093846792554, -0.5143596698030684, -0.5031878246820086]","[1.027800158110277, 1.3234576443878459, 0.9715577609038696, 1.4421125711165588]","[-2.1185731995308212, -2.3201784055713413, -2.1008824825989163, -2.870910610561701]","[-2.596951954056829, -3.077768252696529, -2.6227106731751126, -3.6088436491186213]",-12.16607352
2008-08-06,"[0.4430843813136853, 1.5125439861374268, 0.34634855372672746, 0.3688718601832619]","[0.024916925466694776, 0.13478765886950875, -0.1976124289023802, -0.2796530729680328]","[1.1117000297386497, 1.3144388071754074, 1.0550706791353472, 1.5158313482298862]","[-1.791175194052663, -2.0214043853862913, -1.9275107408678729, -2.7730460525558733]","[-2.508532750156526, -2.830278004554456, -2.6145699992330202, -3.6119579682900644]",-2.87437347
2008-08-13,"[-0.597105012808985, -0.20940719390400986, -0.945057040773456, -0.15674605272861797]","[-0.3312833852833224, -0.2810480026034862, -0.20622000464338186, -0.38283273473195434]","[1.1004753390245876, 1.3725946582962494, 1.0631963336743901, 1.4993943565254046]","[-2.1752945952202154, -2.5355553071745285, -1.896021169451328, -2.8386258477136472]","[-2.9896187598447144, -3.503751092420308, -2.7675683237565893, -4.096510412689831]",-3.81561286
2008-08-20,"[0.43201133463828256, 0.17005974921904254, 0.6051144004358022, 0.33458507406347593]","[0.0669759808089001, 0.11406639615145718, 0.1578158003870467, 0.2023631539570415]","[1.0432012993745896, 1.2452981673027184, 0.9917614279462756, 1.42846820630059]","[-1.6898007955065193, -1.9368265730312537, -1.4703550907418252, -2.115084177853017]","[-2.2785438040643555, -2.605059494040755, -2.024964910310402, -2.9275955660606416]",-2.03268391
2008-08-27,"[0.8203742675305215, 0.6441085280591174, 0.7823580286776988, 1.185174577177328]","[-0.06012641447420125, 0.05748269415095356, -0.002265093612231258, -0.07426914572779793]","[1.1239085740441945, 1.3516356097255562, 1.105601366771724, 1.5508164127613855]","[-1.8703933800341765, -2.182499662592555, -1.8607081720899326, -2.6362214223777696]","[-2.503120217637529, -2.863273978026332, -2.4130010709387775, -3.446645582929333]",-2.21528915
2008-09-04,"[-3.056863736472959, -3.289368908458279, -3.0339700035147743, -2.9943088367208937]","[0.23117018770837672, 0.20256163151253517, 0.11765719340022678, 0.25233339046475534]","[1.1080998843275518, 1.3282377877755132, 1.07772368356456, 1.5359712700182122]","[-1.5045624262538901, -1.9301865966704672, -1.6217432731989425, -2.350160413913814]","[-2.2030917765682263, -2.6888944471357608, -2.3069177777351744, -3.2184501951676117]",-6.94873177
2008-09-11,"[1.43642970136737, 1.8518680394572051, 1.4517524617971844, 0.8188056830871204]","[0.20835857241769737, -0.0009259349389358542, 0.030160589866375348, 0.11617043220615605]","[1.1121331000640404, 1.3191180777780436, 1.0857194262937, 1.55358403366402]","[-1.5486956532958749, -2.235799931379793, -1.6838138374583727, -2.3369485242751002]","[-2.493129654334097, -3.0186241461216974, -2.5988600095504704, -3.3673361963404314]",-3.99493213
2008-09-18,"[2.9239957427975583, 3.3262491274907546, 3.7918783233410025, 7.190114746514009]","[0.4849565612229507, 0.332036910196117, 0.6122906404729204, 0.999663938936265]","[1.2265661869171713, 1.4414520994571847, 1.1899242963179515, 1.623303324011027]","[-1.7206049061059803, -2.2727704578682326, -1.5559968991811435, -1.9876757941689305]","[-2.3844116904093173, -3.057520658446652, -2.183812882873006, -2.6297813160865697]",-18.32697026
2008-09-25,"[1.5518862791492616, 1.5786633352782964, 1.8024713898006084, 0.2347405434585781]","[0.041957675530553004, 0.011484251160493203, 0.1041289027012454, -0.2162045584333704]","[1.1772542784449571, 1.4077665251871958, 1.1589164399273226, 1.5668863035828364]","[-1.9565192007533392, -2.2522458851974227, -1.8592721620670258, -2.8762780957878307]","[-2.57935749023611, -3.143282566144642, -2.516753896482331, -3.7172944874456344]",-5.08926651
2008-10-02,"[-3.6948209193045756, -4.65201972111986, -3.267833313183388, -4.786964676132932]","[-0.4297422113512436, -0.050776393775427434, -0.2061938353540152, -0.4503418562485396]","[1.2924816661263328, 1.4309065250958877, 1.2397388859712835, 1.7063734780167856]","[-2.570138297688487, -2.38869562922049, -2.3017776430351464, -3.182975937527573]","[-3.4388407951481548, -3.3012903408204566, -3.064000267935443, -4.203349797924419]",-7.51260000
2008-10-09,"[-7.239824738131251, -2.722784876950879, -7.615925074090946, -9.586634492445611]","[0.383879172041758, 0.3375362769010285, 0.4818977828036532, 0.9081143048290937]","[1.3242505612464368, 1.5129788309114776, 1.2812290914294944, 1.779771163622746]","[-1.7524595150327962, -1.9934732031577505, -1.5614291292123772, -1.8932911368433232]","[-2.5710179146891377, -2.8796763237802088, -2.300735259838925, -3.2255738808968353]",-47.36942708
2008-10-16,"[4.081295089602399, 5.2828523762001645, 4.57271339006553, 6.017318215986922]","[1.225748873622959, 1.4521591225981323, 1.0978703015367735, 2.6435238924991737]","[1.612118744962666, 1.728881058447885, 1.5220322773180164, 1.9569927990825178]","[-1.1696432893680762, -1.0881465416073437, -1.1295465730429544, -0.2678098131420278]","[-2.507887527737187, -2.4957231348396345, -2.3370864155209206, -1.721039067982181]",-8.14754964
2008-10-23,"[1.1517933666544522, -0.39276039597311296, 1.9993158893603535, -3.103695549554697]","[0.9316568595660878, 1.4021560948829637, 0.9360744195219972, 1.9904527525372568]","[1.646600589780661, 1.7687409979584072, 1.5885660684705794, 2.0549602848291366]","[-1.492804230524776, -1.389426737721015, -1.3645472176404514, -1.0751305234929047]","[-2.6426130946416793, -2.4355499075719766, -2.498361223926735, -2.4636193203352383]",-30.74348346
2008-10-30,"[3.400848625284958, 3.2809392962396267, 2.0882780676773294, 5.581730176734467]","[-2.6632680446759056, -2.616268692570546, -2.536810879454078, -2.6633515907934404]","[1.702410584006553, 1.7247680537709624, 1.5845316104396368, 1.9938942020268275]","[-5.023479895528766, -5.054467905278454, -4.907696043477037, -5.882352763605266]","[-6.644954071776489, -6.559286118185712, -6.206685780441921, -7.245560594858334]",-17.10624846
2008-11-06,"[-5.700504457751787, -4.573049717717925, -4.974145836516719, -3.226712613615934]","[-1.8069981311657577, -1.2156903082322392, -1.0539338713111768, -0.6092674518707331]","[1.686687037360265, 1.7605932408842224, 1.5942420839617812, 2.058684452578414]","[-4.374885841614825, -3.969109084385863, -3.558410677091705, -3.8411319732334546]","[-6.015607517193822, -5.454438397900272, -4.923773440933745, -5.639200424389442]",-7.78117884
2008-11-13,"[6.047335401026999, 5.916906429207192, 6.458520492816611, 9.062167330396953]","[1.3581701040887646, 1.3606524347083444, 1.6120521929512275, 1.686903425075303]","[1.7769937110764498, 1.7993555499258365, 1.710669541240841, 2.179605071689059]","[-1.2020280119610371, -1.2648589935964152, -0.836547130199755, -1.3851385051691811]","[-2.386186232443384, -2.4291918040608507, -1.9413789556047274, -2.854367860586089]",-9.35024341
2008-11-20,"[-7.713286672261344, -4.960960150099325, -5.725063032857669, -7.104162017765514]","[-0.685351197248549, 0.09858750646488511, -0.4252394399701292, 0.39393691293807936]","[1.8276477874147272, 1.9100291180725626, 1.7154911876942134, 2.2199761563970686]","[-3.3470998604768796, -2.8138334085840015, -2.9486876610701342, -2.991676273355758]","[-5.088447572478618, -4.45762201343027, -4.496635062652365, -4.674047898699225]",-16.30689770
2008-11-28,"[1.2509921279433733, -0.7867097358515984, 1.166926431071147, 2.1866297861777184]","[-0.6817336190115173, -0.9185678811385763, -0.7390166820546843, -1.0211075935264682]","[1.8458350405509545, 1.900690047616481, 1.709705465688138, 2.225107385814993]","[-3.488610959783777, -3.7344207383139194, -3.3138535695191793, -4.335275686146243]","[-4.796492932545241, -4.963770849294897, -4.415802880966678, -5.805333141741013]",-6.91880637
2008-12-05,"[3.0367448791608354, 3.982915084881533, 3.0473187764481935, 4.382834161026139]","[0.08653158103329095, 0.05409602951626833, 0.20159616015935952, 0.30911089933159874]","[1.9053091878452064, 1.8918984701305244, 1.7841103109810867, 2.291749705088477]","[-2.7322174987726604, -2.8689428981048763, -2.3963773084961586, -3.1897547932509975]","[-4.274077850865809, -3.8873729042995198, -3.897195415748383, -4.734967476958272]",-5.78116506
2008-12-12,"[1.1869470970665041, 2.007751128639601, 0.7512773439277254, 3.5765305565940153]","[-0.8520445520796524, -0.5245551866508299, -0.4235541895748675, -0.06328266575258339]","[1.817877187281453, 1.849813743240322, 1.7197319758841583, 2.28744196263274]","[-3.5228061262816213, -3.5681730009629544, -3.0620857707461697, -3.781840820784551]","[-5.326543489356962, -5.04149983654893, -4.6356196339424995, -5.513556441321015]",-7.18345813
2008-12-19,"[-0.42905463015365797, 0.8171264797936395, -0.3012065649370399, 0.9829836772257572]","[0.5088004863308521, 0.48585330185145703, 0.5319235025809845, 0.33016226960684714]","[1.8833357446232684, 1.908637949651432, 1.7398985927361743, 2.3595232873896137]","[-2.6221623734605637, -2.514912626554752, -2.165528308763828, -3.6088530908690615]","[-3.870500957477735, -3.7630251862197794, -3.3948589190019214, -5.061926201697371]",-5.31790689
2008-12-29,"[-0.28732943246545517, -0.8272034003461215, -0.3720129956548135, -2.259419973157417]","[-0.3101368404958814, -0.3666469870540703, -0.36418281814204406, -0.5632602340930292]","[1.9954694582493662, 2.018801180279413, 1.8527296323529279, 2.4953792519042546]","[-3.256855043690414, -3.431528802207531, -3.0880794574021926, -4.459824182171661]","[-4.951981051470563, -4.768531161133972, -4.541409204544241, -6.1781479299096915]",-4.80078281
2009-01-06,"[0.6655185864191893, 0.9943702357538164, 0.6924564333383287, 1.7451167029119752]","[-0.8195333560426336, -0.8645029739946045, -0.7626020835305879, -0.5726021586301707]","[2.0908344494320086, 2.063536147973353, 1.9550939291877996, 2.617501356765922]","[-4.075898908185553, -4.06796736570552, -3.843229009114551, -4.994531447503768]","[-5.920095273704049, -5.438753972092651, -5.477202483380788, -6.9836263963457865]",-3.91598249
2009-01-13,"[0.18389734178372308, 0.03376197837541284, -0.30031112544293137, 1.1942620241820912]","[0.2726035341466471, 0.5439947167727901, 0.277960288332204, 0.4076725248138962]","[1.9363605470600709, 1.914779683116312, 1.8161029893256166, 2.383457240054154]","[-2.7813669768671114, -2.441475137773647, -2.5601602072566982, -3.308690241888506]","[-3.879902007618522, -3.4449296513523415, -3.524409438585211, -4.7365937006327075]",-4.76237244
2009-01-21,"[4.228586217202057, 4.168104221249536, 3.449764517907994, 5.099510978608635]","[0.2974128743252948, 0.8652933118147831, 0.4438230980905636, 1.1131644363136666]","[1.9834276089758747, 1.988007957983128, 1.8468848227867107, 2.481637779427204]","[-2.807272758324048, -2.298021588857024, -2.4877424810930204, -2.7670879744417936]","[-4.224828949630122, -3.449132341559461, -3.649585160875451, -4.135217162674255]",-6.27345808
2009-01-28,"[3.327477410236579, 3.4526653116742523, 2.4257142775290674, 4.031915862162272]","[-0.6542180534980426, -0.6645298534964187, -0.615070927479322, -0.7762346714762468]","[2.0348521327448736, 2.0469409246441197, 1.8880270943929136, 2.608524804071786]","[-3.731077709882033, -3.917567075813663, -3.4977202674232752, -5.119088878440831]","[-5.749204190281078, -5.5623995495028495, -5.24625234040213, -7.121390094498662]",-6.60824451
2009-02-04,"[-0.4907546188024803, 0.13388929079516387, -1.5179530309319844, -1.146582444875932]","[0.005349278861472295, 0.13579390594702206, -0.10021525841185155, -0.13321838131376235]","[1.9494998315965664, 2.017939265947, 1.764887858047706, 2.4274256223909596]","[-3.003703711232733, -3.0509141977215424, -2.8388785983901847, -3.990440209319882]","[-4.35523080759069, -4.402015753154675, -3.9898297624575307, -5.460791626479894]",-6.38482854
2009-02-11,"[0.5878689941257953, -0.46248810192910383, 0.6399894094116121, 0.2833985278135387]","[0.42208768498268623, 0.5991494485586444, 0.6178717144653981, 0.9006600428635713]","[2.1535693393274395, 2.1173927325281237, 2.0041322359400513, 2.699153109428466]","[-3.131504146233513, -2.6212778943972004, -2.59630983200593, -3.3597477365746165]","[-4.8723564114048035, -4.078123358022737, -4.204365673781233, -5.460905278327466]",-4.61774593
2009-02-19,"[-1.0813279204945125, -1.5509095496422098, -1.1940257265628418, -1.8363251443383355]","[0.6515470299591333, 0.698828764930265, 0.6904831469049725, 0.7521277483479524]","[2.1146958899287784, 2.075499375414951, 1.929925280239972, 2.5851200744982097]","[-2.5139328941071333, -2.4772989605118783, -2.2028591387197713, -3.213277349170695]","[-4.029357547400032, -3.9419672263551417, -3.6385078449058055, -5.02553028274045]",-4.60126524
2009-02-26,"[-1.6395426096392107, -2.8380730599076642, -1.228967009001103, -1.8837617963522568]","[-1.2291442326573532, -1.0564955552128628, -1.0621190623323, -0.6758454783453903]","[2.0828670348188063, 2.1122873004479863, 1.9388685331648654, 2.59816967599334]","[-4.320472559042499, -4.464995091648153, -4.002185292829633, -4.925563181963008]","[-6.074561392709695, -5.877241237302226, -5.508042299265802, -6.504930412901096]",-5.22976901
2009-03-05,"[-4.170480418569245, -3.0462396255134916, -4.178693423291691, -6.297080962895318]","[-0.8586823142058236, -0.813379300664351, -0.8761462555061966, -0.827150865691951]","[2.2217110945561798, 2.1727457710797444, 2.0239882794028516, 2.656010230994161]","[-4.277718618725006, -4.522554935820509, -4.069234708613856, -5.131200797206346]","[-6.289964202000615, -5.928918085303689, -5.712575732072492, -6.877468427402538]",-7.03562581
2009-03-12,"[3.8616242761374764, 3.261576644782771, 3.399651955962568, 6.686276789082157]","[-0.8097370957073301, -0.9335977043054237, -0.8830906215807163, -0.32542931929777874]","[2.291815877586298, 2.252340478288031, 2.0850587272848378, 2.8231126183222437]","[-4.320405045510272, -4.584890325228427, -4.107722584984, -4.714634709093207]","[-6.166510391604765, -5.8017222645488316, -5.732909614457383, -6.613600202780285]",-6.84577032
2009-03-19,"[-1.2463174595614745, -0.0673133048187502, -1.1524022346199203, -1.0479386162889348]","[-0.11616547684551135, -0.5493834962197532, -0.1945830080050155, -0.5593575523760339]","[2.122335221845976, 2.0915945291505578, 1.928641590255922, 2.694309535062801]","[-3.434216098277675, -4.071209040072674, -3.274768813795338, -5.1106613955099895]","[-5.278310729369013, -5.594156144122245, -4.811557828111141, -6.737234860655401]",-5.37200711
2009-03-26,"[2.017627488105589, 3.038379650081513, 2.2298470497048584, 4.723689267375963]","[-0.24169543174616032, -0.26527953419517614, -0.30576875139825976, -0.5957336392612963]","[2.1710817381144936, 2.1385763173756884, 1.9793120641861508, 2.7442072536233337]","[-3.5345634931072047, -3.5851248446015993, -3.3466061624395613, -4.742352022358914]","[-5.153959094234688, -4.8339459826538045, -4.606846224955991, -6.634918564306614]",-7.53172606
2009-04-02,"[2.881801711978138, 3.166605531613431, 2.7509282150360193, 5.6617092348737685]","[-0.4325552067674698, -0.41926734839762186, -0.5488271892546202, -0.4434279203216109]","[2.308997370253874, 2.289920757415623, 2.1098423929293206, 2.8644860989580003]","[-3.976752046694785, -4.100266457267932, -3.788151255892923, -4.776660455127857]","[-5.80589931049073, -5.471394487150186, -5.388812834766086, -6.812325463908597]",-6.93184452
2009-04-09,"[3.8973749567705163, 3.051571496760186, 3.0939958327955708, 6.349878901760331]","[-0.26092414245922785, -0.26205231389223704, -0.17988981488364644, -0.5435855595520812]","[2.141921710310161, 2.132859849298931, 1.9861852828432913, 2.738686052072368]","[-3.6219824591865324, -3.492652143611924, -3.1745354802511905, -4.923382150506757]","[-4.9816325024399495, -4.841733277193159, -4.567999558070983, -6.624410921072172]",-8.51788342
2009-04-17,"[0.668303871629039, 0.21037963309966656, 0.07258396076643692, 0.9356489757697872]","[0.04271474456936901, -0.21012404007997457, -0.12354365662695897, -0.2900503743474674]","[2.22592220383916, 2.158489159804038, 2.042889019761278, 2.8540976237198934]","[-3.1776713645914056, -3.541952844975744, -3.2297229886193777, -4.80523720182766]","[-5.288376508889448, -5.074804749927537, -4.912229077233473, -6.812185452043641]",-4.26236483
2009-04-24,"[1.499801520885402, 1.7365196369313551, 1.4873011206884001, 1.8030709229654995]","[-0.6139223991695065, -0.45786657807475695, -0.5411395815386763, -0.5133595089647854]","[2.2937829908172778, 2.29549804162223, 2.097119912058946, 2.846844847767112]","[-4.0787296753615685, -3.940965162341106, -3.5889244442522603, -5.1029940031476455]","[-5.652688829442508, -5.4500598158905715, -5.01955359998113, -6.619431382941484]",-4.24056086
2009-05-01,"[0.5361781392072551, 0.26221387361085036, 0.5407664723849237, 0.1097542117810768]","[-0.35428501710285915, -0.4213191225993859, -0.38862661184743374, -0.08804028275070984]","[2.378860384867098, 2.3009967472011676, 2.1525780810743966, 2.8937594823910153]","[-3.9006652228373144, -4.0378084870149475, -3.698321282026145, -4.731881204776848]","[-5.9263087841741715, -5.763259750255705, -5.404637903688034, -6.6547895862710185]",-4.04566697
2009-05-08,"[2.306421184248997, 0.05844852134826439, 1.9406632188708528, 3.913805333279363]","[-1.4676508139867932, -1.0581064215977773, -1.1824519503050244, -1.0340259680099173]","[2.25599832327158, 2.28046279475036, 2.0925047225336106, 2.888975654055384]","[-5.044967691198384, -4.553094527379822, -4.466485106119933, -5.633074351372889]","[-6.439197072708924, -5.931180051037263, -5.782040639216733, -7.524258588409384]",-9.16401107
2009-05-15,"[-0.8195056081397034, -0.059919359106519465, -0.7551945700734919, -0.4215723433681262]","[-0.17074422468332814, -0.12580290254653012, -0.12445128431899964, -0.12555948574811895]","[2.2447048047542077, 2.2196433585302144, 2.0636086399719455, 2.915638870978216]","[-3.7761198583370237, -3.659244696583751, -3.331303360528055, -4.557193553554194]","[-5.482250869007458, -5.219262337859458, -4.8499034500620635, -6.7370291890604665]",-4.07378501
2009-05-22,"[-0.2132541872522431, -0.3274480370754951, -0.17875794024355685, -0.5549309167148131]","[-0.0508871593566243, 0.04902095452715944, 0.054110157410696504, 0.17016470391553282]","[2.172458739219959, 2.152166797099928, 1.9979284424713972, 2.8325017701106856]","[-3.3451441787636744, -3.1944354683438103, -3.0759512001460516, -3.9123965583611566]","[-4.962986164256213, -4.555361196867958, -4.382059586243332, -5.844827043325974]",-3.74595577
2009-06-01,"[2.3920698266129747, 2.8147513102664945, 2.5679409729519875, 3.974841487799896]","[-1.1036493953845414, -1.0314930397775623, -1.0039888036736075, -0.9427022271561473]","[2.2543062835028738, 2.2054343805189065, 2.0657795064551427, 2.847736344843056]","[-4.790857882915428, -4.500967489877337, -4.206571690795714, -5.449465094768953]","[-6.243697023763211, -5.925939335807277, -5.5909824215727335, -7.293364760297127]",-5.84251551
2009-06-08,"[-0.413309272634077, -0.2995400219131916, 0.01552178784081093, -0.9804477712995308]","[-0.25303002446770967, -0.24672692691617426, -0.3281206500592603, -0.26026981594512]","[2.3427604332063767, 2.315047930070186, 2.1386285468931026, 2.9110673591938436]","[-3.966903175703666, -3.9189643675743464, -3.906241930775983, -4.978370763091825]","[-5.595878573760604, -5.3007924561797415, -5.158634297066987, -6.5764349930718575]",-4.58694972
2009-06-15,"[-2.3195185363915627, -2.067591408575087, -2.149594131741317, -2.4213189697858795]","[-0.7498732838596861, -0.5838900626219895, -0.649451520967568, -0.5564144068623912]","[2.2804054917370955, 2.242649300036479, 2.056683891457552, 2.9622034763538454]","[-4.36832299152112, -4.15845072008664, -4.072180695830982, -5.40145576553411]","[-5.970060074172639, -5.482120436934307, -5.358259325316859, -7.149351980928749]",-4.00355872
2009-06-22,"[-3.0445603035733626, -3.0322306563536294, -2.378496962046306, -3.2139096190841876]","[-0.5048703969462032, -0.5137467461440957, -0.4145732368292914, -0.2493158140545736]","[2.456521437965203, 2.419838373629903, 2.276338511324492, 3.1665583722105155]","[-4.255976894465431, -4.438135107944011, -4.052419483395413, -5.17532315510398]","[-6.211030419050662, -6.024754515997757, -5.669704341679253, -7.178633576053096]",-4.69058916
2009-06-29,"[0.9320239126565433, 0.21972942789343364, 1.0725177780370743, -0.12804274634579116]","[-0.12878331841047377, -0.22092119132582505, -0.20497415918758038, -0.20895839075396305]","[2.1995064284418504, 2.1656514340436623, 2.0035123510908455, 2.7911672683496507]","[-3.775097251925108, -3.8716737148771765, -3.4386857340646886, -5.003451216006357]","[-5.302236830572329, -5.030977331782968, -4.870704054189974, -6.687260314543421]",-4.69319522
2009-07-07,"[-1.9566146372968163, -2.516685055884782, -1.9562171734790468, -2.3472367168938746]","[-0.09671971721748945, 0.062136607972140254, -0.05600712412238728, -0.0880664911919595]","[2.442969645718257, 2.3561136904423954, 2.2321687226910663, 3.107408575497044]","[-3.7488978278323795, -3.602050310739019, -3.446567608829524, -4.826134460348125]","[-5.850939491009042, -5.645724480134756, -5.264394033240962, -7.231686218660198]",-4.72722131
2009-07-14,"[0.5644553616311221, 0.364587366999114, 0.333236386689606, 0.5958546145575561]","[-0.28206957746668376, -0.3399234447503064, -0.42172072394994947, -0.6827957075359975]","[2.2129798923157895, 2.1941642765552483, 2.0327540620437428, 2.811889525914145]","[-3.8566693001161956, -3.8750172109248204, -3.9176082124720164, -5.252990916019937]","[-5.214516360968954, -5.2573618773847866, -4.958889412652759, -6.672053013574767]",-3.71866723
2009-07-21,"[0.46140851682867634, 0.6832800336271205, 0.7632288062152881, -0.3521994601467071]","[-0.04856046559402588, -0.08526432478262522, -0.1792333913954726, -0.026426570040477666]","[2.228699670729389, 2.1717105780305594, 2.03087185533352, 2.867534477831437]","[-3.701302931922666, -3.86654706300186, -3.3951745384479883, -4.521132392156193]","[-5.373227179776203, -4.975256751465809, -4.9291854876959285, -6.665553614343737]",-4.92443821
2009-07-28,"[-0.4687833422919674, -0.6885756650201635, -0.1295243396773671, -0.019662464809133695]","[-0.4672489225745449, -0.47968799154649294, -0.40261822059939817, -0.5237998865107601]","[2.2603579121729958, 2.221816600052899, 2.0793290705801355, 2.925963399686551]","[-4.068829948787899, -4.122550968611161, -3.8797290054276465, -5.345785067758084]","[-5.57317416266289, -5.635066028395118, -5.038229037293371, -7.12472520334415]",-4.02469732
2009-08-04,"[0.258494727147518, 0.0, 0.3614907130227607, 1.1327618916854298]","[-0.40307026405741864, -0.4333104764286149, -0.4092611285183158, -0.519979797355582]","[2.3153498264552166, 2.1960419197440997, 2.113836119808555, 2.9283992119818483]","[-3.6461349619252896, -3.750983433369644, -3.4266076080168464, -5.127698992062412]","[-5.553358068647878, -5.1776832996233395, -5.098818206205186, -7.058941770198924]",-4.09166804
2009-08-11,"[-1.2555563860896513, -0.8623922870167888, -1.03879420962798, -2.031214833940176]","[0.10027801732193485, 0.06029181500311803, 0.08902109789142554, -0.008567234401609614]","[2.1629176513426516, 2.080917974025683, 1.9763577882469967, 2.7706155258762806]","[-3.2791243953845637, -3.152204938798263, -2.9029230594670326, -4.500623237338279]","[-4.780852584156594, -4.462488458458336, -4.262987487011507, -5.751193249058658]",-3.90665676
2009-08-18,"[0.7902659149340074, 1.419162578857236, 0.900124193681684, 1.4620860179458184]","[-0.2922806551356296, 0.056039783964782965, -0.1345324105747659, 0.06288872749410891]","[2.180785439446338, 2.1342937566665627, 1.986715518127431, 2.8148959992514793]","[-3.595179809574355, -3.0004997869059116, -3.1292710345636277, -4.155141056319223]","[-5.268422779258784, -4.416079256856974, -4.592305945789689, -5.909725232126808]",-3.78996314
2009-08-25,"[0.19406311411360733, 0.2977061437182016, 0.3150863750429167, 0.5082787179082615]","[-0.6608528092557436, -0.5697556568056559, -0.6131827251222147, -0.5754674661059183]","[2.263303876293093, 2.1862825581438856, 2.0989870653979352, 2.9048288579196346]","[-4.363205926088854, -3.8397789245296337, -3.8953937578517928, -4.9290545849084975]","[-6.059441150754455, -5.59034650605901, -5.551125273674276, -7.2702366456776]",-3.64591604
2009-09-01,"[-2.23049545934062, -1.8913590050150475, -1.9746681481443318, -2.793298158828783]","[-0.3873740343324026, -0.23825669526192847, -0.3304446176303153, -0.17719525452020865]","[2.2375544299034327, 2.2397929966023034, 2.051330113563884, 2.9058117848170766]","[-3.8797237932148096, -3.869892359258811, -3.4891415087800075, -4.961610886283956]","[-5.522098123864299, -5.420615658506286, -4.956681532737163, -6.916396220257396]",-3.91608431
2009-09-09,"[0.7645047417592643, 0.8553854596491384, 0.523824287511232, 1.3567865556581182]","[-0.14118042587586527, -0.2385729069788264, -0.21702700346622744, -0.27082906316151756]","[2.2288840748656185, 2.1460336974348597, 2.0233288639551215, 2.82167731049458]","[-3.6061029845322365, -3.8740723406647652, -3.454614256616442, -4.824570223526351]","[-5.046975568533346, -4.943479216919386, -4.583743594157354, -6.1514174770223224]",-3.83039206
2009-09-16,"[1.5021041079083197, 1.4484740845237098, 1.1121976682165524, 2.1997984573163265]","[-0.010635101423132568, -0.004533455818485389, -0.0979538032451995, -0.33018742189842537]","[2.305824518109035, 2.2012231800409436, 2.113332861027207, 2.9808993035566553]","[-3.5024392147242427, -3.4382809154025495, -3.3022758607028515, -5.079048226168611]","[-5.223964386484472, -4.84525202936377, -4.971333893090712, -7.0347065472636805]",-4.05147579
2009-09-23,"[-0.8347009042537046, -0.4700593740170511, -0.8307183937171558, -1.3614985933751989]","[-0.1801363068767329, -0.10835164491064182, -0.21724071716480958, -0.29064021464294376]","[2.1805309254612872, 2.142362145275346, 1.9630714133545895, 2.7496719215213417]","[-3.569415426519635, -3.5055214352709867, -3.291428536268542, -4.492963423040273]","[-5.406454046601694, -5.065411686994446, -4.857216493248632, -6.393131435037767]",-3.60656991
2009-09-30,"[-0.38754898348187794, 0.07099432689354757, -0.3075890264929271, -1.6695097860773167]","[-0.3360517579157439, -0.3054644118545467, -0.2792300919421352, -0.2944765999435156]","[2.450913218865497, 2.3047897976793696, 2.2417638791304983, 3.1160337209029163]","[-3.7661939929205146, -3.6865933651648177, -3.557672840581776, -4.992463715762937]","[-6.024538807336162, -5.347280097364037, -5.3983887358588, -7.067340478924989]",-4.55248455
2009-10-07,"[0.2745278984381372, 0.28568219488303015, -0.05828184890717125, 0.2307625861838858]","[-0.5642493987850064, -0.6098405758811554, -0.5920485999159829, -0.6021005154315682]","[2.1712497061155878, 2.0932014291762666, 1.979667052559594, 2.7576884189179967]","[-4.047892338111099, -3.9488855215010874, -3.712775041915503, -5.1018436317173474]","[-5.818801060099065, -5.463049535129885, -5.392551341215637, -6.882107831004155]",-3.67097566
2009-10-14,"[1.7069694740843744, 1.3528902454497782, 1.4562673254644665, 1.881770438765784]","[-0.3894027116772783, -0.28640665362668405, -0.36075682882544197, -0.12488889016099343]","[2.183085252616878, 2.1239225407997493, 1.9740796220802856, 2.859284354708247]","[-3.7403827389184885, -3.4249474259822543, -3.3594886806440982, -4.7711313631196575]","[-5.049953189481701, -4.740401592611717, -4.6325937029524065, -6.150235499978587]",-3.93830484
2009-10-21,"[-0.9013872139910895, -0.18532531352919435, -0.9216295854438172, -1.3660518482336848]","[0.1435372199026806, 0.11934487174968522, 0.10863128191584924, 0.4145330927516065]","[2.134198647919163, 2.046741644171925, 1.980745367314876, 2.7733847153947813]","[-3.1351294485008907, -3.1629471112686187, -2.9137983361884596, -4.055592028368885]","[-4.917333751634316, -4.6307043822771865, -4.521205610622274, -6.13919067934425]",-4.14060613
2009-10-28,"[-1.9067476784161208, -2.269322048468503, -1.2164094975053885, -3.31889162969059]","[-0.3703898414476395, -0.07500126838959273, -0.336645188633419, -0.5743437445307089]","[2.204442090206221, 2.146177190577877, 2.0154860474928085, 2.8665420400127024]","[-4.168835364127903, -3.527548093183982, -3.6570551723604305, -5.311620291166261]","[-5.978701144938334, -5.368381299754402, -5.470868280548576, -7.4613706809920135]",-5.23891099
2009-11-04,"[0.2576336841674909, 0.16950275404141735, 0.3088724545179389, -1.4002111182616517]","[-0.21174711633399454, -0.23101711062302466, -0.1881734826981485, -0.07620970575322993]","[2.1351622597808, 2.0430983666435742, 1.928014695793483, 2.750651715695028]","[-3.5860414373937815, -3.5162943745933277, -3.3650558407181417, -4.6157834855886435]","[-5.478936504680423, -5.008079371152064, -5.010661718798225, -6.450591369141697]",-4.92731389
2009-11-11,"[0.5096299222082656, 0.6399322397981244, 0.4312949045123915, 0.8903173202252646]","[-0.6367279624346649, -0.5394799294466937, -0.6420802318103006, -0.3820012790009896]","[2.2890782946580974, 2.208873787422776, 2.0777105653267207, 2.8952247007781673]","[-4.155657766564634, -4.025803083728851, -3.9640740383959847, -5.1027979585797825]","[-5.975501570144981, -5.696286165612807, -5.483331340505701, -7.123861273204003]",-3.57417262
2009-11-18,"[-0.06287283550854283, -0.5554204846898614, -0.10650349977172624, 0.14218519775370808]","[-0.1380810060880041, -0.1910946714080227, -0.18732612947686816, -0.19568170499064746]","[2.230384822980297, 2.1106394398232045, 2.053997888121011, 2.784454845639458]","[-3.652287100823298, -3.628881459273852, -3.282628445240687, -4.714288397021287]","[-5.489545604844266, -5.151602926705194, -5.035538811691583, -6.6896707575716094]",-3.69244202
2009-11-25,"[0.3507675299656121, 0.43094686602138665, 0.2937148046019189, -0.0540184103796193]","[-0.21773505673071183, -0.20033280744144968, -0.17328214697021913, -0.015977760059951968]","[2.1971878824887128, 2.0679441826429996, 2.004421273499168, 2.7603966638243485]","[-3.4002773856790776, -3.6820959354975584, -3.1553722553760397, -4.400191410603008]","[-5.545795630742958, -5.270163290031129, -4.902251537167982, -6.294837551183181]",-3.80116857
2009-12-03,"[-0.7850855038684657, -0.40928687697014965, -0.8312647526217631, -1.462488923740679]","[0.3471698797690514, 0.20544054008103346, 0.2495097876325369, 0.14090190833375063]","[2.12569298308517, 2.043951686334217, 1.915536173023024, 2.7620450920866495]","[-2.8597517790695797, -3.013169747933972, -2.65302348530804, -4.1441215619321445]","[-4.400455071313633, -4.288034458512858, -3.8964333891160567, -6.192086774078742]",-3.69962995
2009-12-10,"[0.5619821299369221, 0.49777678860749575, 0.663172639576004, -0.42940576632579663]","[0.375650914525995, 0.3324107391171997, 0.29905233997491515, 0.35576257341552614]","[2.262712380728898, 2.150873306143475, 2.0648740280744837, 2.9142321028290152]","[-3.086272314159193, -2.9812619774199307, -2.8234314301741565, -4.080357663576138]","[-4.742348687237978, -4.491444736972872, -4.384076189508056, -5.969120653979825]",-4.00458408
2009-12-17,"[-1.2088682752805724, -1.2248106269865389, -1.2806369773670667, -0.9470587756585047]","[-0.01669020050060445, -0.046122001165897174, -0.010884688065325885, -0.1440234002989255]","[2.3012889313549616, 2.2068814768975447, 2.0653783539042836, 2.89181808260133]","[-4.117777838517805, -3.686935922110604, -3.706971550025265, -5.014977826134963]","[-5.982552796911559, -5.533950836616756, -5.418815684288342, -7.027246954518466]",-3.95099431
2009-12-24,"[0.47228769785041536, 0.9176514372803979, 0.5112757216769737, 0.5087724665961524]","[0.648771449245113, 0.45847384900034427, 0.5078505141498374, 0.35865335401188486]","[2.2628581938462284, 2.1443815545559977, 2.0611668035540056, 2.8916965883456784]","[-2.528728919452118, -2.6654997029897873, -2.5445074129672647, -4.314086056034126]","[-4.493785731050614, -4.340800587937748, -4.0941802567295635, -6.185893464418921]",-3.83306653
2010-01-04,"[1.6817716647153702, 1.453919215909849, 1.4840375852024579, 2.6019414264077056]","[0.15736880810748982, 0.21627293436962813, 0.22195357920394215, 0.3719452603762826]","[2.196494139853649, 2.0534453739230347, 2.009715664019181, 2.8532799073512605]","[-3.44594537221077, -3.15560788465059, -3.190584048837485, -4.180298491898458]","[-4.924276371817856, -4.431131534904857, -4.387182788745573, -5.951353136315316]",-3.70662719
2010-01-11,"[0.13958494427006585, -0.4090117881934141, 0.4304058081633144, -0.5658088545806628]","[0.08671333021563248, -0.0006662820428126957, 0.08072678683124006, -0.008672402156824481]","[2.0927970254060564, 1.9976972499903272, 1.9036049316127013, 2.7509774793643436]","[-3.334313016733226, -3.228931779410802, -3.115456448584203, -4.571030732207236]","[-4.884941203288104, -4.706568925095352, -4.462931899446601, -6.240389483653499]",-4.03107828
2010-01-19,"[1.2418068623427203, 1.6010805382181026, 1.085352724365407, 1.8959598865745164]","[-0.008534994052669014, 0.10936995692078283, 0.03017114943597586, 0.08409115294608198]","[2.153213524870932, 1.98939837868537, 1.988083122695741, 2.761863389188549]","[-3.4546714658942186, -2.943190297367163, -2.994562633377682, -4.219054413593658]","[-5.036808879727953, -4.350231010984481, -4.578532171350466, -6.148743192911042]",-3.78675499
2010-01-26,"[-0.41989396494086506, 0.09032760813010299, -0.02521093673681918, -0.9547918335653272]","[-0.2730237800761467, -0.21603675007667678, -0.15047292412608804, -0.26801814429007004]","[2.1323293461977935, 2.0778535413620647, 1.9488816628389487, 2.8229700311060353]","[-3.817126839152935, -3.589337599306176, -3.179126448596653, -4.898193577403937]","[-5.461144452838278, -5.1271892333163445, -4.8391088942976594, -6.741421566474611]",-3.96236041
2010-02-02,"[1.2030658729542232, 0.897538983811863, 1.086986928377165, 1.0633807574401466]","[-0.3870144086500293, -0.40556916209754795, -0.2902258984771276, -0.19542131020892]","[2.2385890231498746, 2.1199439833433122, 2.058856919972008, 2.8826351751481716]","[-4.321826914904258, -4.112154404651857, -3.8127837431602485, -5.061575770622473]","[-5.9923147255758105, -5.490867647769173, -5.472140089985237, -7.0462092991142535]",-3.87280118
2010-02-09,"[1.2481782388562124, 1.0259521614351286, 1.5050094284921656, 1.3571185138162356]","[0.1345887775009757, 0.11304414934481416, 0.1873787306654541, 0.2541913759787299]","[2.216999950269149, 2.08643477166785, 1.9962465091622865, 2.8187256520007615]","[-3.4617437208080446, -3.1995570574780725, -3.1381879177199665, -4.436581486124268]","[-5.280338655574825, -4.847314264898603, -4.684363639524427, -6.449494674441829]",-3.88637349
2010-02-17,"[0.47271451068580106, 0.5625415624089136, 0.39294930682665097, 0.6869692018247164]","[-0.49378407467821583, -0.5039595815107693, -0.5447843913491485, -0.9845844459740659]","[2.204247812958071, 2.0294691011122756, 2.023520446483396, 2.8405008505916696]","[-4.32107837206694, -3.9013276201602345, -3.637299015472264, -5.675151987128979]","[-6.107444176778123, -5.517401795533044, -5.804983388249985, -8.06507318545764]",-3.57317578
2010-02-24,"[0.9155616635702302, 1.0138399260400277, 0.8883430462658382, 0.9316638550230572]","[-0.16176546671179473, -0.054028219917755776, -0.09053407636136249, -0.23354176746157826]","[2.109557555135213, 1.9674184220872606, 1.9314602605162594, 2.629349085147423]","[-3.877296751529111, -3.5405380145932166, -3.3363793735070324, -4.788640702572795]","[-5.451706119743104, -4.795644078688275, -4.945271341403823, -6.426472367039465]",-3.35987480
2010-03-03,"[0.08908713212907315, 0.1096118379628308, -0.08864890366240274, 0.3282396850965874]","[0.1981108121233464, 0.07840185155946476, 0.13646279627056912, 0.006576918495474363]","[2.3249008504993935, 2.1325225091371633, 2.1018099730667115, 2.9826133366720784]","[-3.6103431265805033, -3.4260201153073995, -3.310543013647767, -4.547043692559981]","[-5.503409215671586, -4.862730848564261, -4.979638722053618, -6.584886838203464]",-3.44275384
2010-03-10,"[0.4445749722579606, 0.8087821137840123, 0.027922018796999737, 0.8380223051640101]","[0.19881679523689824, 0.1310007958531651, 0.15103785639119627, 0.053656031049295484]","[2.268052542656155, 2.1045488940070145, 2.0612387688427742, 2.848478869631573]","[-3.461980550344611, -3.577580800353006, -3.045206137332394, -4.412902360471077]","[-5.2024400309228245, -4.918520864685126, -4.779823524206706, -6.386591745538481]",-3.95896832
2010-03-17,"[0.5909921720933298, 0.27306286639685595, 0.4452871817088422, 0.7940945045104009]","[-0.3337274602274158, -0.34365441262849694, -0.26416119678961253, -0.2909734730124863]","[2.2343075222807816, 2.1148148577853587, 2.0431978320292203, 2.9439619070674987]","[-4.0042422424837945, -3.561883654821533, -3.317727767128547, -4.737428817172595]","[-5.760821743180218, -5.388987439653758, -5.2389019190340935, -7.005077243704374]",-3.46225217
2010-03-24,"[-0.48668705811643065, -0.4819432238016397, -0.48496985532686665, -0.9338883790838359]","[0.15082064908066442, 0.07506852392338574, 0.018033412248344077, -0.1929201980914184]","[2.073284875908618, 1.9533407308656416, 1.8976527681690427, 2.689155307895895]","[-3.1742022160576613, -3.055758502274249, -2.9191192307850247, -4.43565503581107]","[-4.959753882158512, -4.663223948905285, -4.665015106110881, -6.612138377900669]",-3.17884625
2010-03-31,"[-0.3412545241642029, -0.4764327105173827, -0.4667338355469397, -0.7490563498079972]","[-0.05884421223445873, -0.029520636818686462, -0.0721124351984155, 0.021889929782365296]","[2.1013951378718687, 2.033274254947237, 1.9227648635827508, 2.7840609553997124]","[-3.175487475204281, -3.203395778782086, -3.000197911778543, -4.029664989159843]","[-5.026130493530387, -4.720601641477979, -4.53518627361465, -6.391902114541136]",-3.33301545
2010-04-08,"[0.3457889071500908, 0.22593990000938646, 0.27080296426973405, -0.0301953020014345]","[0.22471230545206716, 0.15900461001678082, 0.2278994868973866, 0.057070802134875205]","[2.138972624322528, 2.0270579733814618, 1.935706464474667, 2.722940226080915]","[-3.4279692848426966, -3.32433791878771, -2.930165865415996, -4.255206704720156]","[-4.774998749124138, -4.536643482491189, -4.353112195324952, -6.034930997100555]",-3.12889979
2010-04-15,"[0.08248794012706284, 0.439819657309215, 0.19274487480629432, 0.3353628130299491]","[0.47706785548127034, 0.36698787712583486, 0.3405195302249804, 0.15979651909263398]","[2.052512863806713, 1.9124530060022948, 1.8569821008098883, 2.6977368953557]","[-2.9884635034464213, -2.8951073190103553, -2.7516822493038418, -4.096277007849629]","[-4.415449469980319, -4.241480321742498, -4.115378006948445, -6.281436064985658]",-3.49382451
2010-04-22,"[0.29789822293411206, 0.5580974202040956, 0.08419077402628261, 1.3262487577827997]","[-0.08982991155722504, -0.0362026631552301, -0.1344016111262822, -0.48778525114932464]","[2.225813204717084, 2.1191355228182664, 2.0203811554581663, 2.849361383224414]","[-3.5983510233303737, -3.339739012661579, -3.2730568632697037, -4.960073299513188]","[-5.27675746172523, -4.944351657865478, -4.96282146765028, -6.996873845232407]",-4.09944833
2010-04-29,"[1.2321642264899957, 1.7269303477356779, 1.0989446022723115, 2.269533847756744]","[0.09616380804621207, 0.16676024759129468, 0.1460776436781293, 0.14660859023788242]","[1.996868555807465, 1.8328137239858688, 1.808803633503274, 2.5908749042294903]","[-2.9567745179064424, -2.574827870429757, -2.573075196852808, -3.9044377536833155]","[-4.4959101594546125, -3.9938293818402695, -3.961157362505592, -5.735366859170713]",-3.60368019
2010-05-06,"[-3.377765294274493, -3.398705703839866, -3.2406385854622854, -4.003905309573597]","[-0.411442614592708, -0.2609259441686871, -0.24695753983905464, -0.07883112660526963]","[2.076663094425811, 1.8844512138956193, 1.8567839605884995, 2.6830873900128083]","[-3.618615729767443, -3.0834914308314723, -3.156701648103128, -4.351927254899676]","[-5.301044915033324, -4.595724888921963, -4.536465927156435, -6.245421216803895]",-5.09802361
2010-05-13,"[-1.2508634611750225, -1.5963674257301719, -1.0513079652087143, -1.1497809324737318]","[0.6109919357761026, 0.6048127106212291, 0.4419389067902576, -0.02780167528236707]","[1.9017123660559236, 1.8007356303353672, 1.6851276869253984, 2.5468740008677155]","[-2.6741381975483014, -2.50072113571516, -2.4359820893975965, -4.015238244684485]","[-4.099421687110607, -3.7874784170087965, -3.638209209651907, -6.134712842988734]",-4.87359341
2010-05-20,"[-3.8490854420761167, -3.7832833192208426, -3.6700036169738937, -5.562347765572184]","[0.2387874712909996, 0.28319500134233866, 0.2364378264239305, 0.4527888000249321]","[1.8973927830335537, 1.7387144909419183, 1.6948595303875345, 2.4950814592955646]","[-2.7360007763180607, -2.3334889400277845, -2.583872509797461, -3.6002748236802917]","[-4.432222876652587, -3.82657019347855, -3.890099849526038, -5.408777888880906]",-6.12371531
2010-05-27,"[3.2949483778359934, 3.7087177955339, 2.8127570383922773, 4.522729454979402]","[-0.17607282121820658, -0.0660008829560297, -0.0934824361169406, -0.27215791265321887]","[2.0173074681257934, 1.9253934676518618, 1.8252957562619219, 2.700210126055305]","[-3.501651658348532, -3.312492934035905, -3.027763490472362, -4.811091724228091]","[-4.999570676467819, -4.617452091058942, -4.5088589875585585, -6.385385858251271]",-4.83411692
2010-06-04,"[-3.5769375507756607, -3.4824971810181182, -3.203390726289257, -5.470501674634054]","[-0.2841252678602107, -0.30463988091214184, -0.22675735803098931, -0.2869438755928017]","[1.875381462983688, 1.782127982768492, 1.6876501997703564, 2.5264055500122073]","[-3.387129292727791, -3.1959053333638785, -3.1146211773952652, -4.3539987064675865]","[-4.6837337447745835, -4.4414084791744735, -4.205939843511369, -6.003336992071038]",-4.67539604
2010-06-11,"[0.48437458572792025, 0.949537728739891, 0.37814757737564264, 1.3056805835296892]","[-0.055614176792694, 0.05182333217939254, -0.19474377813533167, -0.2760938000976064]","[1.7512705063867187, 1.7270153326450994, 1.5822056161366653, 2.4446965845568993]","[-3.127531011610769, -2.784956728950394, -2.769034436061158, -4.516786804471362]","[-4.036831884110417, -3.8100292340178314, -3.731799843579682, -5.835624675851571]",-3.16069269
2010-06-18,"[0.10836118570338726, 0.08302020755417416, 0.15771945072398097, 0.11164462539312581]","[0.2698841085216045, 0.2535560014249039, 0.20080634200694603, 0.31957958290955746]","[1.8823930782322456, 1.7847582417669743, 1.6914967988124299, 2.5406782644567536]","[-3.012739317245058, -2.86745991693785, -2.653878460312202, -3.9432626139671934]","[-4.159179607761646, -3.971078735264364, -3.744831436139021, -5.430869202848982]",-2.34926434
2010-06-25,"[0.4180294254464201, -0.1765463363253339, -0.08858820121897537, 1.9644484712815213]","[0.3504243969928203, 0.4214340755254435, 0.32430175692067775, 0.45039413513793264]","[1.734382048873296, 1.6980634525602476, 1.5522638676997955, 2.42352620897287]","[-2.5652242183377565, -2.372851502802587, -2.339490444237319, -3.621493705380786]","[-3.687815933324631, -3.389149111900096, -3.2896984113552286, -5.054267075271827]",-6.15374206
2010-07-02,"[-0.5464572131607781, -0.2820728514963733, -0.4742763346067491, -1.167700930555604]","[0.37493582080009485, 0.3400125590407546, 0.3253262353196484, 0.605519571842197]","[1.5568134715328277, 1.5515220137924235, 1.4356724751270877, 2.1985093027220097]","[-2.2581757103887603, -2.339330512339364, -2.0701176339893865, -2.9473622108428352]","[-3.357866114555116, -3.3163821698902827, -3.1070569645232853, -4.5621448851693644]",-2.43320985
2010-07-12,"[0.06488617789921491, 0.29091426408234256, 0.1786904770860076, -1.0283021891212663]","[-0.12646728122989176, 0.05112918493040458, -0.12786906410734283, -0.25285707958293185]","[1.5799870350730092, 1.6042431773970087, 1.4574964053671193, 2.2236472942964056]","[-2.8365659909043677, -2.6390527467624696, -2.6047746705722887, -3.904165182598624]","[-3.8015338427019656, -3.649054668199567, -3.5119062660811533, -5.237198314725263]",-2.85903525
2010-07-19,"[0.588922980392681, 0.8533710669072825, 0.5582512879211521, 0.29832398064835175]","[0.5050996545414662, 0.38576398445771426, 0.5125507276584281, 0.9118500998850779]","[1.4308515797865244, 1.4911490432231156, 1.3104173155463694, 2.01460543576975]","[-2.0196889155082696, -2.1729171683927024, -1.7726137839245264, -2.3839873374925826]","[-2.640848318797181, -2.938735116690982, -2.385803520128786, -3.3799871887743285]",-2.63242604
2010-07-26,"[1.0362390726503357, 0.8216341262998306, 0.9623879564522042, 2.0288408058528162]","[-0.42178668205478964, -0.1373706574991282, -0.3715573925778127, -0.7759004680666693]","[1.5037067587767887, 1.5162393678136243, 1.3654795111922766, 2.155279982439592]","[-2.9371574088548917, -2.709208255821897, -2.6450377112965744, -4.35135923873057]","[-3.8886404112942317, -3.5258207814722264, -3.4937717278479345, -5.67030593007488]",-3.24183536
2010-08-02,"[2.2330069222900484, 1.8599387752904484, 1.9720255130913245, 1.6647987457190538]","[-0.10212247259505783, -0.05697572778673903, -0.1169645093872979, -0.29246573333330816]","[1.4887336135602716, 1.4686001432586424, 1.3431091385548766, 2.079011449470643]","[-2.7520354330165553, -2.603137833855309, -2.4416760247746283, -4.16911178864053]","[-3.694189904768561, -3.6239374475773967, -3.3306013866823143, -5.199049384584641]",-4.12420193
2010-08-09,"[0.5323955956502147, 0.6820593885693782, 0.42328411604533045, 1.0939440124120736]","[0.3760844049737447, 0.3268158376091603, 0.31693541396190966, 0.6140993995207192]","[1.4655906033050379, 1.4503568735086314, 1.3249915420642457, 2.060356634395215]","[-2.0338592316094295, -2.129802341966429, -1.9093924156037834, -2.8310682055875276]","[-2.9936545450764527, -2.9142959403548434, -2.6809654395825517, -3.9443024464487246]",-1.80492069
2010-08-16,"[-0.04619021149396829, 0.17871577319796828, -0.011071013184071887, 0.7329694173853873]","[0.10585464331582, 0.13020916305420013, 0.0576673515340344, 0.1745808381983747]","[1.4491319774569913, 1.4159042664530206, 1.3192067196737913, 2.036158078162668]","[-2.4042978185753707, -2.306763713644208, -2.308744678811207, -3.32680006309328]","[-3.44047472913766, -3.2824698448494116, -3.1586399997266152, -4.709202425482355]",-2.27364157
2010-08-23,"[-0.38205499065959714, -0.9843176325370351, -0.3846369439727937, -1.5037855088229968]","[0.2228406505354769, 0.2516123671920236, 0.20124955199483008, 0.24158224953811286]","[1.4864396842856846, 1.461318983512572, 1.3647168220209864, 2.1026452137556095]","[-2.40316079917295, -2.2334351544704805, -2.1666433547301995, -3.4707672697698]","[-3.417565035165663, -3.228411507681187, -3.1516120825432457, -4.786893733219514]",-3.27340976
2010-08-30,"[-1.4611466530359607, -1.049273296523534, -1.3980112364796682, -2.1854675399899826]","[-0.07021717747235028, 0.06084144805221583, -0.13933516017724076, -0.07071942809261188]","[1.4361558001448145, 1.4387050303552351, 1.3234333217845795, 2.007399611985874]","[-2.525865058724048, -2.429363191043124, -2.3887129124318984, -3.625606477982041]","[-3.449109302082673, -3.182756359857025, -3.2392746858069175, -4.732488558561073]",-2.17658757
2010-09-07,"[-1.1336543704761226, -0.6761340976111363, -1.0317207273752516, -2.1103250056299316]","[0.08159049958355871, 0.03363293232975782, 0.06548547204573277, 0.17202139868841418]","[1.379541141278431, 1.3870339724074896, 1.2595885407683232, 1.995076408126811]","[-2.294082969497636, -2.268829753760155, -2.0966402330698855, -2.9855288507436923]","[-3.1128656496190326, -3.2723507675213073, -2.9118011094529006, -4.364695711418589]",-2.81995920
2010-09-14,"[-0.062111734430381205, 0.42240223907361596, -0.16743412426620807, -0.5460092023244378]","[0.0664885878037475, 0.157295780615151, 0.04094955105074537, 0.06423494452177239]","[1.4531340330834441, 1.4416482749815998, 1.3188860232157962, 2.0815920762346622]","[-2.462526008577674, -2.4445947961900636, -2.278575098468944, -3.660420877194906]","[-3.473286732547643, -3.3734460989132513, -3.1585188526389523, -4.891118905293498]",-2.15746696
2010-09-21,"[-0.20155343670555936, -0.018414711228231795, 0.06888515644227766, -0.5674783147064488]","[-0.09562126103742902, 0.08042447836343421, -0.1421575375517177, -0.31273052336898155]","[1.3916305170506527, 1.3678940625499822, 1.2670172699530162, 1.986768891655443]","[-2.520897700895485, -2.2739057681805472, -2.4420209259961765, -3.6794749577630705]","[-3.507541374535624, -3.1352411569508956, -3.258439263932546, -5.059313035338109]",-2.29440406
2010-09-28,"[0.3494299652242461, -0.0404286222527972, 0.42546642799283774, 0.9575536868755563]","[-0.016963743943039088, 0.055678851556179854, 0.04792923544369315, -0.09279754981610217]","[1.3117533557349876, 1.3125863604148649, 1.1877274700982854, 1.9601942133661026]","[-2.1336660507898197, -1.9671679767559722, -1.8493278345559176, -3.2246362761395417]","[-3.118798912269875, -3.004881771299917, -2.762551411383846, -4.561837183057598]",-2.26736020
2010-10-05,"[1.993208435924565, 2.404807651329577, 1.7833280154873066, 2.5996272294627865]","[0.22006653923634653, 0.2275451706763484, 0.22865314790574287, 0.357966078818645]","[1.3011188126137458, 1.3455937129250815, 1.1732673319631624, 1.9185811751331872]","[-2.0795485573000403, -2.103437851653355, -1.9085583040705412, -2.9916780693442897]","[-2.9855293978416095, -3.006483513283031, -2.646245704173092, -4.316791427405993]",-2.77782814
2010-10-12,"[0.3081483122066686, 0.6808403488164139, 0.09133238927088172, 0.2349866039231152]","[0.024790139953528165, 0.09225630631002925, 0.028990279179074794, -0.08679237711219275]","[1.2856972059758776, 1.3107023077355675, 1.1581217725253734, 1.8822319783494832]","[-2.161208650104996, -2.038352495583633, -1.9244286830418411, -3.241015574959213]","[-2.8647959617873187, -2.873015298783005, -2.59885076730226, -4.331427602232085]",-1.82474912
2010-10-19,"[-1.5387419830984683, -0.9400727560885613, -1.4923700094501058, -2.0514217405366963]","[0.04216796640096976, 0.3142501870518284, 0.038804008851074545, 0.14591928136988816]","[1.256040538035826, 1.3058212630123205, 1.1424323349470704, 1.8029308409771265]","[-2.148321451295911, -1.8737753993487232, -1.9528900478150444, -2.90887030316445]","[-2.839598597015011, -2.6412300451078066, -2.6012283774732725, -3.8553762179249365]",-2.27077210
2010-10-26,"[0.016875342166677854, 0.2695067112435723, 0.048449170365749694, -0.10786371136557449]","[0.08865834684318656, 0.07196850833993577, 0.09158600824338514, 0.10386301161025929]","[1.2702225290310603, 1.3099789622901468, 1.1517160081888274, 1.8607717179262382]","[-2.0286459172935585, -2.104116068134698, -1.8764717859976459, -2.854220602341269]","[-2.913559776020851, -2.9865803335612884, -2.641043622041061, -4.158083950069092]",-1.37844469
2010-11-02,"[0.7982741441848518, 1.06667211527105, 0.5745421967404241, 2.0887091401211144]","[0.09085568493149235, 0.027782893606011348, 0.08601026028168274, 0.1133341755395826]","[1.1449881256074612, 1.1672583379459662, 1.0317344554938268, 1.7070051062182752]","[-1.9199435480051976, -1.8925004437585713, -1.6571814784067482, -2.6618525142448517]","[-2.589683326224544, -2.5629246752249553, -2.3118415427927266, -3.778594961564082]",-2.86938624
2010-11-09,"[-0.7210453694577623, -0.5354833960927508, -0.5281798628161027, -1.4601001258847113]","[0.1466505285740578, 0.04007898708323357, 0.17255584188395776, 0.20653944324950227]","[1.2494572395328611, 1.2918163763573223, 1.1216628913253284, 1.78509710402716]","[-1.939301686360016, -2.1397269927560156, -1.7563703934169683, -2.771729803198548]","[-2.7726696619845415, -2.931150083902432, -2.4141268058449508, -3.7719884611340455]",-1.92109019
2010-11-16,"[-1.5702041387612553, -1.6672883683625628, -1.6060271254954017, -2.0808576790635414]","[-0.03197487780936274, 0.06411659692819902, -0.08131305380268548, -0.018896552748109318]","[1.1795184233714358, 1.2440081973363348, 1.0660761649480208, 1.731395823065392]","[-2.084277424430979, -2.187755030163744, -1.9925891803089129, -2.9748018423372313]","[-2.7742441080670095, -2.746744133139206, -2.5334776277113384, -3.9250419776383505]",-2.30418373
2010-11-23,"[-1.4583161064866346, -1.600377468848535, -1.2803264589425822, -1.0016633087439608]","[0.2962899526582015, 0.1757962732657673, 0.32328848428186646, 0.27283047086342277]","[1.1205991480654296, 1.1655882192609919, 1.0110008099722394, 1.5858639473231462]","[-1.5412319797967458, -1.7461222715508335, -1.2411635975437678, -2.2192662114590265]","[-2.26926605390732, -2.518400796158802, -1.9165313003496396, -3.29413859311798]",-3.80665231
2010-12-01,"[2.1044472610530995, 2.0992677284287, 2.24394507457113, 2.097127025840617]","[-0.05327384788366981, -0.12749242140132871, -0.021063695141341893, 0.16524965244735912]","[1.1896044307833948, 1.2191901041475226, 1.067940545349268, 1.7195082330803046]","[-2.024823838213885, -2.1406724990644537, -1.765023752527405, -2.69022206474654]","[-2.813430996989583, -2.9286320935423844, -2.5367474777595502, -3.67292969380369]",-5.67798014
2010-12-08,"[0.36568326440615806, 0.37046150311264014, 0.11719612939860014, 0.10093831794559804]","[-0.10360686520522175, -0.11531764081988832, -0.08723090210880244, -0.1402525937124358]","[1.1043689481284409, 1.1732005332405406, 1.0101759188442252, 1.5740223424547386]","[-1.9461566308498688, -2.1106298351878965, -1.8122347721163636, -2.80832872635376]","[-2.639333987769963, -2.7475975726970505, -2.4269286283903657, -3.5551669272923174]",-1.77431320
2010-12-15,"[-0.45820642586349436, -0.4329978774366694, -0.1663058893301539, -0.57117585551687]","[0.049765350581527715, 0.16632199869765102, 0.022237193195305843, 0.07214291892777587]","[1.0842977623852121, 1.1416919298639974, 0.9850375980252862, 1.5350269852548593]","[-1.5775805194894963, -1.6651837372312248, -1.4684065472926304, -2.3449965643245645]","[-2.4337082631289952, -2.465213506589032, -2.2706748508490717, -3.240730499747177]",-1.63729093
2010-12-22,"[0.31054194680129044, -0.009053015077675752, 0.22803802035618048, 0.31838183512871154]","[-0.05992563488127752, -0.020497007280713252, -0.035497875436642894, 0.048116811479418015]","[1.0944379421170252, 1.1466068429227774, 0.981376243282723, 1.5272686175754318]","[-1.941894060218822, -1.9700113571208604, -1.720805793299723, -2.544552728407527]","[-2.6764769542951257, -2.7398004902411883, -2.3503784907642364, -3.3340055610478068]",-1.26301244
2010-12-30,"[-0.1589732328503679, -0.23757597403690767, -0.1353473682010886, -0.09774745753485803]","[0.05145175857274153, 0.0776520954348737, 0.05129256196212703, 0.08040822885072918]","[1.0354246156097664, 1.0758265272801852, 0.9349587236989048, 1.4632253994352313]","[-1.6540210761635066, -1.614934286406652, -1.4471342550048902, -2.185727288352556]","[-2.385086815718128, -2.477486909280838, -2.105632110780074, -3.1110864099119455]",-0.64579710
2011-01-06,"[-0.19605899413956962, 0.3223943076505975, -0.21844400172170708, -0.44575693439083963]","[0.2890088414831947, 0.21898794646140576, 0.2826746895101527, 0.3472586233231678]","[1.0967645933445647, 1.1734308748022497, 0.9944403333759549, 1.58215750991114]","[-1.5235136941029288, -1.678058186506423, -1.367424914877766, -2.198859000645896]","[-2.3455554790706628, -2.5334389771239176, -2.1105193052083853, -3.1283081538975144]",-1.83614429
2011-01-13,"[-0.163443554150966, 0.03530871709962469, -0.20044847207127958, -0.27644143495235696]","[0.09639955789850985, 0.16220354482883012, 0.07740595458860822, 0.18460129586261495]","[1.1400071059934682, 1.1968231627170725, 1.030757296665917, 1.5897616952027878]","[-1.8245606122998448, -1.962493903035597, -1.6735814907829534, -2.5920683340228896]","[-2.619905139128948, -2.718303695864588, -2.3760210670617585, -3.4468557306394456]",-0.74869961
2011-01-21,"[0.22618457870926534, -0.7692767216106233, 0.4139338757568112, -0.552854526538038]","[0.4340736195302977, 0.48453979839554107, 0.32749842976904814, 0.3805882701226088]","[1.0901652688381402, 1.1430949160967163, 0.9809533872795351, 1.5574099852407488]","[-1.4823976637860485, -1.5001177732929236, -1.352940158627397, -2.1773593306865195]","[-2.1552020108051098, -2.267549935033116, -2.024152203478666, -3.026994601438274]",-5.12602596
2011-01-28,"[-1.7616910758285087, -2.5685142195267296, -1.3952790122585768, -2.5002932682550494]","[-0.056523202182694215, -0.07858118482619642, -0.02844953645057359, 0.004399525619798663]","[1.0520632248669226, 1.1388622460547333, 0.9469291092438664, 1.4940504832389714]","[-1.7705617808889749, -1.9725885232523244, -1.600849989829149, -2.4851629281607677]","[-2.6814603252450593, -2.9534132411399345, -2.461867299197496, -3.521216173000137]",-3.85564137
2011-02-04,"[0.2825058680261172, 0.5558150882976953, 0.24749613019103833, -0.221053784380576]","[0.1622371926040554, 0.15505414551178223, 0.12473062996431376, 0.1866815627784013]","[1.0771812433171213, 1.1398439989407145, 0.9789641373766435, 1.5120271291144534]","[-1.693230827138346, -1.6713752260828827, -1.5717492350950433, -2.1726191308567495]","[-2.348475069010567, -2.5243187357833174, -2.1913569162241755, -3.0890153424507103]",-1.50053641
2011-02-11,"[0.5952878662943917, 0.719532763079922, 0.3589001761577393, 1.0313460615348546]","[0.16056973677092654, 0.11459305961345788, 0.11858572341608371, 0.14502885050101136]","[1.0588622270127637, 1.1609874271597473, 0.9501592298969312, 1.5192239671043404]","[-1.4986420430390939, -1.8368486261993466, -1.393682050637587, -2.3666211976346774]","[-2.372376352554209, -2.707811533192197, -2.123455488032807, -3.3999798061055344]",-1.00616457
2011-02-18,"[0.2083330257200089, -0.22113020035696707, 0.5917638155731098, 0.21263020684862965]","[0.11520379392697443, 0.21039161545276688, 0.10834465283774407, 0.1789723187894405]","[1.0058889988180404, 1.057610526917491, 0.8968647479562961, 1.463951277183808]","[-1.6097739190649554, -1.6229029889855733, -1.427789483559027, -2.2897510928541243]","[-2.1241181489759087, -2.148875248800424, -1.9117325936922733, -3.0351873517225085]",-3.33466419
2011-02-28,"[0.6176950845945939, 0.20439245939973816, 0.7873787588705383, 0.29523323738667173]","[0.02800035189963012, 0.013352877770527112, 0.015359453191830278, 0.11129411983624643]","[1.046170696075444, 1.111471503558559, 0.9248114100857489, 1.5119405931381933]","[-1.678298064985752, -1.71064613968216, -1.5312424566315581, -2.329668550312991]","[-2.347546022836903, -2.4438162486614683, -2.088023197821048, -3.0378140287863613]",-2.17351954
2011-03-07,"[-0.7882105646641158, -1.3494708034447633, -0.65828675945383, -1.4899381409957613]","[0.06088582080270919, 0.1283039551243152, 0.07649466424710408, 0.03302156863379369]","[1.0339083961450197, 1.1068689040376085, 0.9352612383117723, 1.4892579661272651]","[-1.691426869039075, -1.8076579908285622, -1.5461817471583656, -2.424226552801291]","[-2.3877463369544305, -2.4123648451008255, -2.1568580193694853, -3.31642518899686]",-2.21175068
2011-03-14,"[-0.6055840267932489, -0.3546110591121199, -0.42633508836580347, -0.6915455796711711]","[0.13526791437947255, 0.0698174176633576, 0.1348331635402744, 0.22717779219797202]","[1.0177839644755173, 1.11561928058011, 0.9096598443330499, 1.4923578598701137]","[-1.6210038872059551, -1.7314416849922405, -1.407984599736768, -2.2924178268637294]","[-2.2482188861033463, -2.5434284011993533, -2.042805944202554, -3.0909843831778625]",-1.28387037
2011-03-21,"[1.537884910396503, 1.9099509008191795, 1.4899662873849806, 2.2534447655557344]","[-0.01356998313518211, 0.1818271543014093, -0.04534590168673699, -0.13183245648771375]","[1.008399461967441, 1.100057817699909, 0.8972775858313833, 1.46498375875463]","[-1.7750351988736637, -1.6306271077440349, -1.6053026522582088, -2.561216102146771]","[-2.3568157863108428, -2.3101150228956002, -2.1559995513881027, -3.368439246107241]",-2.41824120
2011-03-28,"[-0.24402081689345323, -0.5468885466473061, -0.18600597684201858, -0.3523714631584518]","[0.0659579864816915, 0.1964542431185054, 0.08115581708539579, 0.05176036873411576]","[1.0170512157303073, 1.0945182849484265, 0.9199752244765902, 1.4365082211147908]","[-1.7196753240445497, -1.610980689396902, -1.5315943538826202, -2.3395079765401583]","[-2.132135519312665, -2.1806184866950304, -1.9193387508620194, -3.0454776547821423]",-1.09324773
2011-04-04,"[0.08260291980421997, -0.33121316836037806, 0.18816516999056176, 0.29006183511528505]","[-0.042925680299096554, -0.0003258122021638934, -0.018408036163435636, 0.008968813485408386]","[1.0726832094297292, 1.1800966779631987, 0.9530407627811432, 1.5568788988942652]","[-1.8614191394599096, -2.025359027354222, -1.7385682415929922, -2.6728831825156685]","[-2.494992969449232, -2.6963538430121874, -2.201457871560009, -3.432109367803093]",-1.35000820
2011-04-11,"[-0.301484845410549, -0.3341843562654212, 0.008566642209650865, -1.030171197024199]","[0.22964327134398435, 0.20251004530112782, 0.22024078683631357, 0.24761624787355455]","[1.0777844448167477, 1.1830334691722542, 0.960984146857892, 1.5167557735891632]","[-1.604367474078936, -1.8357773830120176, -1.4104562212048917, -2.3452422408127465]","[-2.2014976951976255, -2.52898666774169, -1.929332999259003, -3.0716280432259886]",-1.83246181
2011-04-18,"[-1.127209262720097, -0.7085821665834047, -1.1428059077037034, -1.4638482538066988]","[0.023808715806194442, 0.08453425427007205, 0.005208708713294261, 0.0739495817140472]","[0.9979130053333509, 1.08342506769591, 0.9032898418609054, 1.483084467109032]","[-1.6973564573289384, -1.8243902689713432, -1.5165726500143843, -2.3910491688557935]","[-2.2806894863531513, -2.430916848920626, -2.103018045496668, -3.330531591835402]",-1.76041292
2011-04-26,"[0.8568379423234518, 0.5626057916465754, 0.9211554551770362, 1.1167480853770506]","[0.13813015585455904, 0.13960607958434193, 0.13175358555545366, 0.1339035091347174]","[1.0869438468206576, 1.1802639973786406, 0.9699570740569831, 1.5673064217945534]","[-1.6596599198841782, -1.8288419948968326, -1.4507061195970279, -2.4054589857721984]","[-2.408039837887783, -2.5850480175868595, -2.202408468885222, -3.3893307055239705]",-1.34652706
2011-05-03,"[-0.36040268758741334, -0.47593206358538254, 0.0011665099126645373, -0.8608874685447354]","[0.14573340581541924, 0.19269453496305025, 0.12829764726861992, 0.16567218846002962]","[1.0331810861042545, 1.1378237416004051, 0.9333357795113939, 1.4931935620474786]","[-1.7500014827179449, -1.7339897391773018, -1.6289705321126013, -2.3190604101003416]","[-2.3582241978639273, -2.4694937400471524, -2.1678422629036493, -3.18660164678274]",-1.97128499
2011-05-10,"[0.84999823939782, 0.848330974192546, 0.5948579595054682, 1.5934754022166153]","[0.054625341962217064, 0.11674613885695535, 0.047757530675027034, 0.058991915265653054]","[1.0752819817191832, 1.165703056969231, 0.9679128074223966, 1.5213110926745628]","[-1.8683340918638622, -1.9097449284990586, -1.6130209098909363, -2.533254154187758]","[-2.3613891607237902, -2.512577799752458, -2.117423350901835, -3.205193812373186]",-1.44839040
2011-05-17,"[-0.015021531916659114, 0.28009884624680126, -0.5497068091754542, -0.31449325125691985]","[0.1765013877485313, 0.18656682748229036, 0.18370171160152485, 0.18372831763356648]","[1.097365343741045, 1.1777236616786386, 1.0043116772486906, 1.5370488520733068]","[-1.7839028223057476, -1.8694022752596346, -1.6003482871440766, -2.3110615510409116]","[-2.4264804929885173, -2.5372245217657916, -2.2163238110154, -3.2843185916906164]",-5.68730682
2011-05-24,"[-0.08335383500295279, -0.6167752165596951, -0.20252522804184991, -0.45659240126321166]","[0.13848550106622812, 0.043237611106454396, 0.11160098473080789, 0.1032130069695724]","[1.0108009390957253, 1.1297112930630935, 0.9099173147802659, 1.4627537489810796]","[-1.6173948679048349, -1.9064602704746885, -1.4811678796026428, -2.2871128249965267]","[-2.1584750273103546, -2.507624201602505, -1.9495265652831566, -2.991307578646892]",-1.51553811
2011-06-01,"[-2.2716856881051406, -2.20021852833705, -2.249903367694017, -3.0750917814835077]","[-0.05112366242852972, 0.025369539157209818, -0.046555187450358235, 0.022357692061489527]","[1.0013783412149275, 1.092576715803006, 0.9133725858081014, 1.4324288043373254]","[-1.884117565644806, -2.1199915860617624, -1.7465927576471345, -2.4152561186873935]","[-2.457628316539488, -2.5927045439349796, -2.251973067194776, -3.1872325004125646]",-3.74305660
2011-06-08,"[-0.4196051832711767, -0.7195444629465086, -0.18133857932056685, -0.9183837652580351]","[0.22728577772804426, 0.11863281167276503, 0.1436519839927919, 0.2071122586480326]","[0.9757263859848493, 1.0764619243826519, 0.8831368560443879, 1.378984512862499]","[-1.4505994004794205, -1.763184983998298, -1.3947597077636704, -1.9267233388561715]","[-2.0546088610251108, -2.4061309534667243, -1.95188298980852, -2.8418273243559895]",-1.48355422
2011-06-15,"[-1.7945366237732685, -1.9156145153530701, -1.4920233895413304, -1.651032285616516]","[0.04736663171086592, 0.11568229349266894, 0.04377389507578424, 0.13727828332403633]","[1.012718575981635, 1.1182216227008757, 0.9356628280383767, 1.4764107274143745]","[-1.712784922132713, -1.8116638381873595, -1.593058755224462, -2.339921483138167]","[-2.2517203751076322, -2.3688601499065003, -2.088977180462598, -3.1092104436977315]",-3.54221797
2011-06-22,"[-0.6044056241444551, -0.7250589138127594, -0.6612448701108775, -0.7375941922225238]","[-0.07420181957706679, -0.02384481526758527, -0.07545889607824566, -0.08232181858990151]","[1.0337425939607026, 1.1233948646284169, 0.9380260586006837, 1.5083725847720049]","[-1.9073593712758727, -1.9012319125885262, -1.7431343087114979, -2.5846634621217435]","[-2.5335880501098313, -2.7004065927469316, -2.31239706501149, -3.4624954629568903]",-0.85499981
2011-06-29,"[0.8527514587417961, 0.40936137423068786, 0.5949234062294195, 0.3856796089682035]","[-0.017950349014362505, 0.10791798538966671, -0.0018691302946548338, 0.05607336430432139]","[1.024180981313392, 1.1437767016204308, 0.9207415421649898, 1.443123215647509]","[-1.9228811827822978, -1.8608555700340381, -1.6264612907236726, -2.463970153072743]","[-2.4501547925810137, -2.593269829133631, -2.142260461325984, -3.2552409215965237]",-4.33472656
2011-07-07,"[1.0322461233573499, 1.3608355268773131, 0.737575411609015, 1.5084369689397192]","[-10.707091292968752, 4.787939838840037, 2.4025670033802493, 5.016372278860353]","[1.4833326560726365, 1.1404541372301276, 0.9404461718710446, 1.479261380856945]","[-12.47893630758586, 2.9560660172084554, 0.8153539093684914, 2.616222853155672]","[-13.489497511278614, 2.417510524370745, 0.4835469236968665, 1.9661590156548865]",-117.32639660
2011-07-14,"[-0.6926313110838578, -1.1667560029625434, -0.43716936795910044, -1.5700996491212038]","[0.06604873762483758, 0.07971915993090126, 0.07542891055834533, 0.15763510363573877]","[1.726029604745214, 1.1401629127829906, 0.9255980281839622, 1.4400042130062334]","[-1.7165473492633718, -1.8126178572345395, -1.417066301382083, -2.249530557444445]","[-3.0240826709315978, -2.283965751782114, -1.8661065501070708, -2.8915819278648787]",-4.46643310
2011-07-21,"[1.3775831053670196, 0.6633471975691307, 1.2057235604434169, 1.3554064234176266]","[0.23408770192764153, 0.18713295591640997, 0.05796673222811003, 0.056972828800231426]","[1.228524860235666, 1.1090935524264363, 0.902060510451191, 1.4112252407714085]","[-1.4940228773414141, -1.5872408850992175, -1.4163913336619298, -2.332762160081598]","[-2.338283803479688, -2.121344492583421, -1.9010078974234823, -2.9356043547509567]",-4.14001730
2011-07-28,"[-0.29134740693042005, 0.1720448666861607, -0.5088245056187546, -0.22578583221530835]","[0.1021208191927156, 0.1623642303865114, 0.20434365245243266, 0.16298356380069115]","[1.0612664998219352, 1.1548901272353822, 0.9521489668930928, 1.4731660215987485]","[-1.5740549443666072, -1.6268315048471447, -1.3174203668797546, -2.1910577280600245]","[-2.068185051076773, -2.2383288760664533, -1.7203829206317218, -2.86654552672986]",-2.79181112
2011-08-04,"[-6.844963160695183, -4.758456881864603, -4.4058504908539575, -5.699541897026084]","[-0.14435139455297785, -0.0964705206778685, -0.06822738221459261, 0.017371601400727205]","[1.3228778041033122, 1.1189356141009856, 0.9273562571835102, 1.4362462360535746]","[-1.8224393980776334, -1.928325672227262, -1.5697894401389012, -2.32949614137257]","[-2.8936073131976365, -2.383582323558373, -1.91823854279087, -2.9634493588837345]",-16.13517501
2011-08-11,"[4.39061528378053, 4.310028999297177, 3.873368601241012, 4.576879906261855]","[0.7473738057314536, 0.7423577807855002, 0.904091308661707, 0.9256545012967294]","[1.7627675640939426, 1.1561755329151167, 0.9690452035933069, 1.4947825636449439]","[-1.0645840279506829, -1.1002279631676801, -0.6921975730049814, -1.4270313000055121]","[-2.2623127994083054, -1.5754011821868141, -1.14376811709192, -2.210061673874678]",-8.42769597
2011-08-18,"[-4.407568877860513, -5.033055333298719, -3.7470017240696762, -5.332187133205579]","[0.0007298470267101376, 0.01933106909508631, -0.007038617901563013, -0.04435026061430156]","[1.6639072620794526, 1.2344169007639618, 1.0413478560256917, 1.5847968142990057]","[-1.9579700782534557, -2.01303624145109, -1.722395027091979, -2.7554122815759703]","[-3.9395818731682977, -2.711002776097246, -2.3157092090955076, -3.492744141464704]",-11.41872388
2011-08-25,"[-1.5361550413237168, -1.645582246177213, -1.5210410471897973, -2.4334952782035124]","[0.751639701181613, 0.5794831071401844, 0.4146938915520674, 0.5020657996544498]","[1.552482033404735, 1.263758066370578, 1.0478119329829076, 1.610232115769383]","[-1.036066284093441, -1.407223025823948, -1.2399508635890806, -2.002431733238587]","[-2.536847632497395, -1.985861919811958, -1.7636910160086594, -2.8038255548484954]",-4.17720776
2011-09-01,"[-1.0528161290723759, -0.9122304093412303, -1.0383048898463088, -2.408622284198625]","[0.10599166971531357, 0.023996599378243246, -0.017155911552534077, -0.049216710108248136]","[1.6092481862819707, 1.2751598424507653, 1.081642722953777, 1.6502252721241406]","[-1.847343632890233, -2.1057267636596184, -1.7721832295502877, -2.7525517205397003]","[-3.3345310538224386, -2.6901889568427446, -2.309615121494649, -3.5287567856204065]",-4.42864144
2011-09-09,"[-2.6559372400794423, -2.2498524868887593, -2.72522719889956, -2.8259243484129115]","[0.6871854470208212, 0.5647084384657919, 0.5400227709834516, 0.6691547412120142]","[1.4878578209932365, 1.2163127088606007, 1.028769606866258, 1.6287706617409763]","[-1.1749376835663712, -1.4618355340237579, -1.119029683633602, -1.9416354155768025]","[-2.3702983827318502, -2.049809530178458, -1.698443314692713, -2.822714940352258]",-9.78455980
2011-09-16,"[0.5901117258728661, 0.9124122137005308, 0.6617512449473395, 0.19049671021624803]","[0.37964396627463054, 0.19835489775542597, 0.07682520160711576, 0.08318675608020301]","[1.3355908192581576, 1.245061582910069, 1.0445957461357656, 1.6001235182219193]","[-1.57609845348357, -1.776946600065376, -1.6043209075549985, -2.461812047448533]","[-2.2895838761555725, -2.2814250065277557, -2.059217274544023, -3.1654167851458657]",-3.29397278
2011-09-23,"[0.600716957195413, 1.0582552338552986, 0.3501501481942171, 0.9937510044672138]","[-0.22635077052032687, 0.0620986001313831, 0.11545212720404252, 0.12767852686605657]","[1.527081251607796, 1.3186155213170718, 1.1372707456466635, 1.697572922177034]","[-2.2436424874888683, -2.0444259043207933, -1.6877346332148366, -2.5987261397931385]","[-3.608767489409278, -2.778978515113094, -2.320949123140113, -3.458914375431113]",-3.85527303
2011-09-30,"[-2.530661754540109, -2.6136906313885433, -2.180687949656779, -3.1244741694739453]","[-0.25502370773333116, -0.15867249417282966, -0.41437423709902893, -0.6283867190119697]","[1.6511136271000266, 1.2982838780740071, 1.0896015222720086, 1.6667653520332066]","[-2.2486261840570565, -2.2906325455188865, -2.2027813356758235, -3.3264940172580095]","[-3.136951595265651, -2.950382923342147, -2.781955236212286, -4.147263554836296]",-4.54971842
2011-10-07,"[-0.6718425718248433, -0.6636433337930292, -0.18185545049185237, -2.8844038302326958]","[0.4000745681086485, 0.29417206323906825, 0.1039964749569404, 0.056295651825515464]","[1.489694426106707, 1.3458797174818529, 1.1430877128734858, 1.71773847684026]","[-1.6839648887777185, -1.8735071944122177, -1.717344343192176, -2.683166363618712]","[-2.8657952950183807, -2.528920338287332, -2.206100152577813, -3.436343839280736]",-9.68778581
2011-10-14,"[1.6949524354692436, 1.8387699137909053, 1.4389647007519102, 1.8532320144362124]","[0.31627441785965527, 0.2173605289669305, 0.2744643173415045, 0.4360946598438283]","[1.5744844566808345, 1.3659816366379836, 1.161927140057587, 1.8051181464746402]","[-1.7616188798923087, -2.0424733714800616, -1.579462601964561, -2.3564024047169077]","[-3.1984470282378794, -2.73817637301817, -2.2299463493984293, -3.3132955507140154]",-3.48391322
2011-10-21,"[1.8809891373416932, 1.246789267979942, 2.2870648135903338, 2.244045260006544]","[-0.2571976992077365, -0.28919217580848305, -0.32107500348309687, -0.4361538325918572]","[1.8757622042935758, 1.3620755706178813, 1.1390627855895818, 1.8095280403842602]","[-2.2978576953554977, -2.454370535228807, -2.1726333670323172, -3.2554786009744365]","[-3.6557982653005805, -3.097967776900748, -2.7515535464376866, -4.247209351018263]",-9.24360157
2011-10-28,"[-0.023349888720769485, 0.15282501092617196, 0.18462291393284147, -0.5498618339633055]","[-0.24183719849621013, -0.2763239905186678, -0.337763016011088, -0.528762148603151]","[1.604785010314896, 1.3567122700696026, 1.1656452269926898, 1.7871265522037274]","[-2.3733983311251277, -2.5570211670916545, -2.205592327538876, -3.5984119564599295]","[-3.5562811800220597, -3.1519484889559424, -2.7451549606135512, -4.315242730068128]",-3.41050184
2011-11-04,"[-0.6117867794093179, -0.5176972471840458, -0.5096584967276385, -0.7596842597091147]","[0.017463930421399, -0.055554816296718636, -0.08573604229465252, -0.19412726924161397]","[1.6596535691879342, 1.357912106395653, 1.1690349354303189, 1.7679216901037247]","[-2.0627890303435885, -2.2028355397892647, -1.9490120745075932, -2.9902504298604873]","[-3.347598035348368, -2.927454276256941, -2.5105190769579964, -3.865751398242213]",-2.70283613
2011-11-11,"[1.8646950246679062, 1.8669302740923932, 2.1609645696759827, 2.4250312974945842]","[-0.43714443659340707, -0.3028872938604258, -0.299051772347544, -0.3437118673340164]","[1.7725005808921046, 1.3829409606408465, 1.1858230685300406, 1.8384848374172484]","[-2.7044230495116373, -2.7036786930779595, -2.295300653700256, -3.3863173411138483]","[-4.65218695428027, -3.304943124730438, -2.891771491441984, -4.20560149342876]",-5.84516488
2011-11-18,"[-0.10654111519246001, -0.773221184406836, 0.2158087818481036, 0.34553158790080474]","[-0.22356274657551384, -0.14590668434030712, 0.05223591265371574, -0.09040734139088386]","[1.6891766344700492, 1.4119898214617599, 1.2082341112565882, 1.8395368848206093]","[-2.478801716995851, -2.4631266992323746, -1.9186650592938204, -3.1163270414410373]","[-3.807443347750354, -3.045949824536064, -2.436793322797143, -3.988304960910868]",-4.37137137
2011-11-28,"[2.855535096115158, 3.420399818355424, 2.5610167061556055, 4.165501120872772]","[-0.05068757102147855, -0.15611307931918425, -0.08163634695921927, -0.02410822504653791]","[1.7128558089040513, 1.4361534272419678, 1.242288971974802, 1.872168064938971]","[-2.341313256705555, -2.6101334852069416, -2.159407764020729, -3.038953682271264]","[-3.0234006459581506, -3.1809605316899727, -2.7064106827939565, -3.909095960862835]",-6.26897957
2011-12-05,"[1.0832815091346149, 1.089096604536266, 0.6502439231361734, 1.5774891985704365]","[0.10373312748777995, 0.0991699710230564, -0.01981785659021928, -0.09327265627744413]","[1.638295043917622, 1.4334882526623967, 1.2277972333410134, 1.8821253951791095]","[-2.2001035431087566, -2.2732030687371023, -2.0494749005999173, -3.1507954815512207]","[-3.200782744901567, -2.9129818066319917, -2.5650609523598913, -3.986427449904197]",-3.28802003
2011-12-12,"[-1.4705260211451687, -1.1287163507692988, -1.3457408665965787, -1.3178538239992932]","[-0.08225631570355016, -0.05074207021133757, -0.21527735262654682, -0.278862942379656]","[1.7224598418565522, 1.4052017155134335, 1.2501778137723911, 1.9128438233276868]","[-2.2732618992479194, -2.2441385538385674, -2.13898701820107, -3.232722366022842]","[-3.5802961911333813, -2.801691825462713, -2.609267138752659, -4.000694182199341]",-3.61346919
2011-12-19,"[-1.0749812167600403, -0.9891648459487534, -0.8473903833062124, -1.8997545973236996]","[0.039041161987971404, 0.04146672648810642, 0.0756037620337356, 0.013263322955881911]","[1.4240216572487094, 1.3868738881024147, 1.229040960487836, 1.8538852640929602]","[-1.9734918996767994, -2.1499313218873364, -1.772984638935554, -2.685955548452872]","[-2.826320791502962, -2.822522134291008, -2.517959256660431, -3.8857005951469286]",-3.26583609
2011-12-27,"[0.07909803145746963, 0.28492510929210013, -0.02156080798840776, 0.315937104764874]","[0.2580193432412707, 0.12640619252359514, 0.09233284634445035, 0.113548006528877]","[1.5377190877425022, 1.3672694129726655, 1.206897345790459, 1.851248461956061]","[-2.037399176820231, -2.2016317904405587, -1.9475357876326151, -2.881907487656622]","[-3.0336071856035187, -2.9014613075697717, -2.587089595377, -3.9973909729343005]",-2.89779680
2012-01-04,"[0.15675797444991701, 0.4208999465697971, 0.16956942924313267, -0.46459166434873467]","[0.11337928916196044, -0.0346969349179378, -0.06147491535895161, -0.1494513600222158]","[1.7439243745495288, 1.3526043881314327, 1.162346541433457, 1.7861856322254248]","[-2.1657401092460127, -2.2870967228835744, -2.012106982502047, -2.970492724695361]","[-2.966361112791775, -2.9304713108422993, -2.4869286894266835, -3.932987461456685]",-3.63119425
2012-01-11,"[0.05420050948785615, 0.2065788967883897, -0.10452426980833707, 0.4418598620924641]","[-0.06092375981741679, -0.1019654558659639, -0.09981886027580876, -0.2611683682111793]","[1.708581512316243, 1.345969537049775, 1.2001675976397232, 1.8347562262952677]","[-2.290608268905138, -2.203160245351083, -2.0036408983072156, -3.1315711301479134]","[-3.7119142569706947, -3.1282554682172368, -2.801835749745586, -4.3846089515708595]",-3.47565888
2012-01-19,"[0.5262562990771436, 0.6199753239222616, 0.3573421555872258, 0.3331169371030285]","[0.14464458373592023, 0.03608172047265473, -0.10619498807535875, -0.17240301856790538]","[1.4058848267785025, 1.3133350236692778, 1.1420369229310772, 1.789478075365031]","[-1.9398535701769863, -2.0861955857556214, -1.969439301483882, -2.9545797355813734]","[-2.487939137533032, -2.7191865942880065, -2.507862554752199, -3.9092431712459126]",-2.61274983
2012-01-26,"[-0.5142939413183001, -0.34811991120502483, -0.1900070744492055, -0.18509039184610998]","[0.11922503817342439, 0.012263804017138698, 0.1377883009545348, 0.12090329537212664]","[1.6563125388834061, 1.3889509906306383, 1.1829802757704646, 1.8032424596551975]","[-2.0223898421401345, -2.200118881602179, -1.8516716514369496, -2.7919643412726765]","[-3.005464316308291, -2.8350029040401084, -2.30844130215632, -3.6018252606406675]",-2.79761688
2012-02-02,"[0.15841924784920636, 0.3109017630622546, -0.08693145397202784, 0.5444983094301747]","[-0.011791117697442385, -0.04483758112893857, -0.04901696035673204, -0.23804535211048422]","[1.6070184346870418, 1.2980331788728598, 1.1474940778296772, 1.7216157287307594]","[-2.0954878854945798, -2.1515341470735754, -1.9194583471891402, -3.0738098924894492]","[-3.1386723686053, -2.7594308419106386, -2.4837170008326517, -4.07326429206402]",-3.57665193
2012-02-09,"[0.1256844841388549, 0.717877953565349, 0.05051366908421784, -0.5210528625696043]","[0.14929113171503894, 0.10487020536610796, -0.012334461119137967, 0.08470571783584639]","[1.7680618578025429, 1.3198080794823903, 1.1506526216117419, 1.7641324735015005]","[-1.8867016849414275, -2.1085540080909615, -1.8005652974319142, -2.644957894814855]","[-3.8256731723155273, -2.9000636997085776, -2.620521928670458, -3.8133286494013534]",-4.40478271
2012-02-16,"[1.101235028961156, 1.360793833880436, 0.958775144794366, 1.9651908943928653]","[0.18861266301911525, 0.20516589463908824, 0.09469775721880297, 0.20943567513055103]","[1.6802398667515555, 1.3175940286011927, 1.1409354200078583, 1.7950378636024011]","[-1.754575135373822, -1.8522535884044355, -1.6611420601255409, -2.504335706298769]","[-3.257788677529855, -2.3388399089765843, -2.1426962204925255, -3.3539074296462483]",-3.49393082
2012-02-24,"[0.21935574839346828, 0.34448458451921127, -0.01340283493149741, -0.37161877525653253]","[0.038342124575540606, 0.024026422513797798, -0.1358361303152974, -0.17741659903689982]","[1.6870480508516068, 1.3286682923048985, 1.164140073181751, 1.717305050525664]","[-2.1712486609369126, -2.157944527085281, -2.0431995755488574, -2.987641110301976]","[-3.335153224881523, -2.7294669038275923, -2.5354220924113022, -3.7472548270970605]",-3.23595979
2012-03-02,"[-0.32714519749479365, -0.07703112843762128, -0.021030230905338954, -1.4256991424982601]","[0.07814819510455616, 0.045731296012279724, -0.14301869671784323, -0.04024009480665162]","[1.5609538494896193, 1.2594821217580994, 1.0916857990817264, 1.6175898541115006]","[-1.9206796465048475, -1.8940761097051464, -1.9317626601187403, -2.690879835955426]","[-2.656106063759751, -2.517830087855369, -2.3693852635714334, -3.388656429660349]",-5.70796970
2012-03-09,"[0.4006441504940561, 0.41610664697495636, 0.10901373017073723, 1.4053060104908255]","[0.18878560388766513, 0.15311166318174008, 0.07625372599829022, -0.02789353901211744]","[1.4972960338184607, 1.2590142210885482, 1.0896787708836266, 1.6757107934785256]","[-1.7661699047173394, -1.8434676996611703, -1.7278564744430138, -2.691228607603692]","[-2.9262205886859056, -2.457751819303179, -2.27264985425764, -3.6863674520621124]",-4.71601152
2012-03-16,"[0.13826420513103344, -0.07061777205912279, -0.15208166888882602, -0.04100012231660344]","[0.09214883802847502, 0.09114312846963343, -0.11924796642189614, -0.17769739613374272]","[1.5947862666582409, 1.2659001488725619, 1.0943192578458334, 1.6330524668551378]","[-1.9076266808985967, -1.954975359712837, -1.8243351614016508, -2.846596799002899]","[-3.140273759659515, -2.596396906171667, -2.4443313548490906, -3.5846055496141815]",-2.79330367
2012-03-23,"[0.38013136100047973, -0.06119270328914794, 0.2647919178890845, 0.9385794141675952]","[0.16446477736831322, 0.13629897892921028, 0.14458015230670748, 0.2818756052209775]","[1.56302369463519, 1.2545969876423095, 1.0992778937657175, 1.6594126744230266]","[-1.80439923388445, -1.8324399699237002, -1.6279611243889525, -2.3139085331554483]","[-3.110296548905806, -2.5255517690474916, -2.083967949156934, -3.0353159334116095]",-3.30046960
2012-03-30,"[0.35597998441065926, -0.19225152017021685, 0.5024674883996383, -0.3966323401159322]","[0.13795315923071988, 0.11637541788678844, 0.18013455568357037, 0.17839775543244304]","[1.4292344500404148, 1.251446781961611, 1.106678811130864, 1.6757721967472927]","[-1.8855891443003734, -1.8500752672762077, -1.631912042521222, -2.5844508143159013]","[-2.911828660682713, -2.5464868431528553, -2.2056118706889327, -3.4700403576108867]",-3.90800962
2012-04-09,"[-1.1294659366832605, -0.7559957943396256, -1.0046345309040916, -1.5134814441700506]","[0.04287026515943031, 0.03604822694509992, -0.03256766178797926, 0.12524131748826536]","[1.4055036568344876, 1.2331674155053853, 1.0762819211318673, 1.6709293754186454]","[-1.7850154518780834, -1.9568631882505523, -1.7742139192886084, -2.4358025291017342]","[-2.9482173427396474, -2.7053025946755156, -2.442704018129751, -3.691374102448981]",-3.37899368
2012-04-16,"[-0.06560338655026143, -1.12432230019186, 0.5573752352274752, 0.5409164213222795]","[0.3477165887961449, 0.2076532602221941, 0.15814202683807366, 0.21063573634547658]","[1.6980815419514605, 1.2699837377936865, 1.1021898308612355, 1.659329818279098]","[-1.5786119729540047, -1.7857460484288996, -1.5596866343268925, -2.3685804759630638]","[-2.9933860841768762, -2.6682103894505276, -2.298742603618222, -3.423904753360359]",-7.94732235
2012-04-23,"[-0.8444191551669533, -0.9177210947621361, -0.7866291906140077, -1.3777550092116009]","[-0.021048273949922612, -0.010869527992590815, 0.03435130178571225, -0.14165833213394263]","[1.2807753319268436, 1.2464118801808475, 1.0886068064748389, 1.6680717070189819]","[-2.008794394873516, -2.097539505315152, -1.7412240539541401, -2.8471806426296276]","[-2.4388031753546127, -2.4542868107598323, -2.1517744998177704, -3.5690262945474234]",-2.61172874
2012-04-30,"[-0.3710556006325305, -0.7164800396478377, -0.11103347020480214, -1.1621640538857392]","[0.10057087774027097, 0.09450407264022491, -0.03249415067202782, -0.11766290371732285]","[1.8898521768839236, 1.3395309148773975, 1.165987910437232, 1.7730177635861923]","[-1.9389689731296056, -1.9218657939708788, -1.7549553201432206, -2.757726825187713]","[-3.5753414491130537, -2.587207387798909, -2.4503113296336356, -3.813593380849836]",-4.57985235
2012-05-07,"[0.07294914362168115, 0.09266350680237068, -0.22835214422656236, 0.3577855870383395]","[0.03697226710703386, 0.0927131586851347, 0.06013439138294328, 0.07830648451084501]","[1.763084376720668, 1.3299174347772234, 1.147354051826898, 1.7378758825824425]","[-1.9804090851418295, -2.0349102729365667, -1.786257743393884, -2.5400092449270084]","[-3.3567192984152405, -2.6869015924454605, -2.2823650097748716, -3.60728690093286]",-3.48314760
2012-05-14,"[-1.1122562519751078, -0.9392709691105949, -0.9817467891224396, -1.194895294557874]","[0.1520357486032048, 0.06313768422297503, 0.12332064033810596, 0.10798681519296734]","[1.6502337804949423, 1.3205364042733807, 1.1554470198756497, 1.7306184669444982]","[-1.784251717954732, -1.8430650650299005, -1.6214663166357504, -2.605538216682811]","[-3.032491583832857, -2.7792745866755064, -2.344668811670601, -3.665072209228278]",-3.37470159
2012-05-21,"[1.7042209355828675, 2.7572367426946798, 1.0862964281296072, 1.8209389095952488]","[-0.1899170162113114, -0.14556734813402455, -0.14356398611458038, -0.12991804439760768]","[1.575948050607121, 1.301709845663373, 1.142339686752519, 1.7020738391899881]","[-2.176966309800608, -2.1995312509181955, -1.8963574188302432, -2.7318450968400803]","[-2.986976115911553, -2.803090798285031, -2.4886047103805358, -3.51207645158673]",-8.04295869
2012-05-29,"[1.203889611342568, 1.2647591572847006, 1.0054623016403141, 1.2751982904058323]","[-0.05095777909985599, -0.028065548193881868, -0.027449509819218825, -0.1012830825239696]","[1.7605391460424433, 1.308416915905989, 1.1337296927213143, 1.7055470531396233]","[-2.1005835411604674, -2.1292595524589975, -1.7972828186975653, -2.674753829456664]","[-3.055696044157465, -2.771621049999289, -2.433244359643494, -3.623304351178368]",-3.44806888
2012-06-05,"[0.7543496226803725, 0.40987145468642794, 0.21866162103094666, 1.0947207373231294]","[-0.23757519449814957, -0.14776212289917934, -0.15372267895131736, -0.03536623992327884]","[1.5197831108538717, 1.340370906399521, 1.1819656211406184, 1.7418539921876093]","[-2.280028967831641, -2.278746334180804, -2.010202195610921, -2.629802534775491]","[-3.4652987372036272, -3.050382550199231, -2.7338860015657214, -3.8412008521462626]",-3.51960867
2012-06-12,"[1.1425320963046381, 1.2142092407088079, 1.3013519881607039, 1.17762756718518]","[0.26256861249689284, 0.25258322080737744, 0.28498580610020074, 0.41526610818720266]","[2.0005789080522067, 1.3194605454362847, 1.1329749216844929, 1.7467822731766662]","[-1.6094053839499718, -1.8161887770266756, -1.4289811325858912, -2.2133573926574983]","[-4.032819849788196, -2.480628111152801, -2.0475750401255253, -3.231854392258051]",-4.10471656
2012-06-19,"[0.9626359958317288, 1.0312213495199174, 0.7467819874745985, 1.7976805907632176]","[0.11633890903318483, 0.07857937020943019, -0.0006159199430218625, 0.054109720711254444]","[1.776031381073464, 1.2631253520075456, 1.1065447655590401, 1.6215786125573044]","[-1.7981715697201912, -1.8731241309051774, -1.7538078264770987, -2.59309174947562]","[-3.681794290956122, -2.6082122997156665, -2.28737763380661, -3.382658217508444]",-3.76837611
2012-06-26,"[0.501361556436386, 0.6257290144326078, 0.2556959333301023, 0.293217691808767]","[0.30494377199192746, 0.2461964406981089, 0.3186070344198615, 0.36873607919719587]","[1.6523926728946643, 1.3248587730902315, 1.1421854649992584, 1.7144521468931486]","[-1.671913700726952, -1.7986308192719076, -1.4369072686079383, -2.320177585027831]","[-2.977641820939374, -2.306938161468206, -1.953910187931527, -3.048611770332127]",-3.21187962
2012-07-03,"[0.6570898828709204, 0.8356939642461647, 0.5599120618994036, 1.371220605615786]","[0.38031914467739525, 0.24238730884445364, 0.17674568357582846, 0.041841748801728855]","[1.530918851636475, 1.28456213192568, 1.090252259422959, 1.6184872112342328]","[-1.5524442301317534, -1.7770681176352505, -1.5470466634352726, -2.3986814270639574]","[-2.6802537540062, -2.4261216632095373, -2.0963971673824666, -3.2953507985303823]",-3.41749000
2012-07-11,"[0.014887953291253808, -0.5538572203074743, -0.3847536027478782, -0.22804565525254006]","[0.09103472409843161, 0.09522962745454867, 0.07516939346033397, 0.11662492539393615]","[1.4020023457031723, 1.3231226433526568, 1.1097205266607595, 1.6932071802199455]","[-1.9119664424320257, -2.0395283153354216, -1.7004210580155004, -2.457631268528162]","[-2.727742889976931, -2.6296792264589977, -2.2148562584977642, -3.4738959045081588]",-2.85792097
2012-07-18,"[0.7379814364245618, 1.3446329436955118, 0.8023628358417412, 0.4520216177152925]","[0.08505531090415917, 0.008271255343899279, 0.03817680721110365, 0.03416303259598919]","[1.3158869263891204, 1.2616780708364654, 1.097530752425243, 1.559628980248746]","[-1.8352740458511156, -1.9999470769210603, -1.7176520043312546, -2.5352377954764176]","[-2.5283475651681413, -2.59323001066205, -2.3025125086888973, -3.162745974718803]",-3.91744219
2012-07-25,"[0.02236611429697888, -0.6693274828526441, 0.4643873498258344, 0.044193750854937264]","[-0.1172336452600542, -0.1197845043589448, -0.18251718609331055, -0.10191903853071453]","[1.3543009172627314, 1.2682630179623242, 1.0645174862782747, 1.624572895267705]","[-2.0431813542909554, -2.1679137510425317, -1.8743095365185054, -2.578087797964103]","[-2.663400501557691, -2.732354147309904, -2.461965162967162, -3.483688547183182]",-4.89088406
2012-08-01,"[-0.08717247759104652, -0.29366088127158463, -0.25052957882678584, -1.6682890422011099]","[0.09396863470100879, 0.050847422536796104, -0.015270550834652783, 0.012955031969796294]","[1.6646101273897265, 1.2972230760241596, 1.1038406403358993, 1.648981883636255]","[-1.8911503841752315, -2.0997492322032425, -1.827024007804592, -2.638521645238575]","[-2.7674119730107902, -2.6074130639531656, -2.3398737559479557, -3.459798139831195]",-5.14910979
2012-08-08,"[0.1210806825114652, -0.04504707495431859, 0.05344622111973507, 0.26875766989027383]","[0.09290037710241413, 0.05823125856119741, 0.05120361998972884, 0.0084172235882093]","[1.6414449522399928, 1.2823325640125354, 1.0941744756191447, 1.6058093578416663]","[-1.7401933762103612, -1.8886592682414094, -1.566933052264689, -2.4630257394683923]","[-3.1487910244182276, -2.491845161347324, -2.1550197613657214, -3.1418737513086294]",-2.85166362
2012-08-15,"[0.11359213483013164, 0.2532238046266677, -0.05588580759994244, 0.7907434329393226]","[0.1063871199864749, 0.008956911077747463, 0.031017761503565455, 0.055411628185783095]","[1.4638809069521348, 1.2875082158236777, 1.0923202523990783, 1.6282666539103339]","[-1.8798050505699702, -2.1014301521235894, -1.7553938215460783, -2.5610761806377678]","[-2.616614622848713, -2.6725210353627324, -2.2799900358482237, -3.4322614568590506]",-3.30825933
2012-08-22,"[0.04231361437447845, 0.40997160553990497, -0.2336966701498966, -0.6366701484518345]","[0.01812976520659742, 0.06527594062214441, 0.060022745658261774, 0.016453879651573553]","[1.7354340447370014, 1.349116841686618, 1.1682396445881524, 1.739804055245728]","[-2.0307602282252755, -1.9903185246780957, -1.7496979543175626, -2.762545680718105]","[-3.6048866908210497, -2.7244641741999716, -2.3572165487668597, -3.6061647668401604]",-3.95339581
2012-08-29,"[0.07776807716037837, 0.0, 0.03426340637151526, 0.318930240782489]","[0.046038411945930426, 0.14859706744582468, 0.18730371067533275, 0.10041531780804772]","[1.599801339624048, 1.335705915772349, 1.160157572499406, 1.7022837692479524]","[-1.9534639879442526, -2.041007350527396, -1.6519901095882166, -2.5828465987797844]","[-3.5447894108868025, -2.5610556386827072, -2.106743457236353, -3.330803960765008]",-3.18711236
2012-09-06,"[2.016299741929828, 2.195659789992721, 1.8567300497217332, 1.775771759234246]","[0.05537506097798756, 0.03800522273370522, 0.21809850620036175, 0.12944293428648462]","[1.6083784282438958, 1.2708757329626543, 1.1110980596123465, 1.620927721694686]","[-1.8559803568326356, -2.017300862920857, -1.5317995486348963, -2.480864766288634]","[-3.274496463875673, -2.7400983000492984, -2.2473942258797774, -3.430402901578373]",-4.86269959
2012-09-13,"[1.5871602169437615, 1.3430869700249204, 1.5369571793872439, 1.4836716735563193]","[-0.03604337645550931, -0.04373556560636371, -0.09250092828773362, -0.2427467234115269]","[1.5672700558055108, 1.3353651468415548, 1.1322910470721683, 1.7258883728501277]","[-2.047318764454498, -2.26236056250216, -1.8941799039573712, -2.838930871296382]","[-3.240119151327759, -2.957228329347668, -2.5913664705558417, -3.9544917969480515]",-4.12397892
2012-09-20,"[0.006805067219062266, -0.09947032369312936, 0.13961199688878878, -0.3827873639533408]","[0.1553533354671794, 0.017133127809700874, -0.03106943063048807, 0.014607964345940489]","[1.7202340277968224, 1.3685156908149696, 1.1942878015228338, 1.7743313036495263]","[-1.8855875621245157, -2.095529168281595, -1.8111996980637148, -2.6219914924335925]","[-3.1402647485377515, -2.879600816169169, -2.614049168089054, -3.841923240821217]",-3.57179372
2012-09-27,"[0.9930591218401119, 1.3688868636485552, 0.5387470434980557, 0.888275319070253]","[-0.1137397908907467, -0.06954505319313689, -0.09812325637610725, -0.10617225304407846]","[1.65312742626075, 1.3030532180430696, 1.1359225532086208, 1.6549695300445137]","[-2.1426151092001824, -2.1190794764712435, -1.942699762821147, -2.735571907960473]","[-3.7567873472373288, -2.741846239761003, -2.4806293314190584, -3.489586591740862]",-3.93871886
2012-10-04,"[0.8237799671520385, 0.3467059577248577, 0.5966038169145094, 0.7652288194451629]","[0.128193076381659, 0.10113771553071775, 0.12436706477828605, 0.209175861621708]","[1.4037602519894175, 1.23800982327919, 1.0779635586131024, 1.602783557468788]","[-1.81116054861761, -1.8400806656997197, -1.6504400802137447, -2.4316322998983773]","[-2.807901228927763, -2.46937617793411, -2.084185290119733, -3.0706984472137338]",-2.49810640
2012-10-11,"[0.05583363164829436, -0.31429728933023426, -0.13932625477846017, 0.4619616793086756]","[-0.16201299077815126, -0.0536885021052715, -0.06180781467318424, -0.11699064642567775]","[1.633750461713468, 1.2989299217883896, 1.1075170149073366, 1.6621345108699777]","[-2.0794876628141874, -2.054287558459142, -1.7523848034085683, -2.6246013685577387]","[-2.926756523907683, -2.5864487170388157, -2.222033933402197, -3.438839225558181]",-3.59173404
2012-10-18,"[-0.20545069078243827, -1.1671975976766724, -0.05946740912570192, -0.4966071162112229]","[0.2405203336045305, 0.18767577273977196, 0.1079444882935239, -0.057405800161290065]","[1.4466759206335007, 1.297498964524618, 1.1063768436994041, 1.6836905790923298]","[-1.7446581221509407, -1.94736797094793, -1.6587535968795666, -2.825937031353798]","[-2.6005564388458122, -2.5252344026924813, -2.1987335084701813, -3.551417773627941]",-4.55830063
2012-10-25,"[0.26904528839404307, -0.0061245872302606585, 0.2012137753983012, 0.3713025523750524]","[-0.00654982283186515, 0.07879868456526887, 0.24659380826407923, 0.21666972609185184]","[1.4787768813359552, 1.2812597439697566, 1.073841823707788, 1.585495903336101]","[-2.0372132119089064, -2.034054946444738, -1.4380196177329345, -2.2401833992690197]","[-2.948062145443462, -2.5196944516415156, -1.9039772031823885, -3.052011060868479]",-2.76582649
2012-11-05,"[0.23991307584134702, 0.6576031080389733, 0.1471456714391195, 0.4524659725341884]","[0.21348342411153745, 0.10594968062784274, 0.17302795007977423, 0.2025023079838614]","[1.5674028703566154, 1.2940534221275282, 1.1103720116052929, 1.6557709285577527]","[-1.8849478912057926, -2.0464860895440737, -1.6789874986106492, -2.410357837727572]","[-3.1263390268447058, -2.6485565165016967, -2.1142171246226233, -3.3324439610034493]",-3.28233918
2012-11-12,"[0.05790213321539284, -0.015730796662438706, -0.002415094250274308, -0.29701724658988127]","[-0.23373969554666468, -0.18059063200314504, -0.2566627128641653, -0.261272950774075]","[1.4935399183250342, 1.2769168868346696, 1.090156472396629, 1.6062975987566406]","[-2.2739413039947998, -2.335260245574475, -2.095639912991165, -2.9061694901370423]","[-3.1589702361633596, -2.871082309758177, -2.5826233750073855, -3.5119969343622865]",-2.68795421
2012-11-19,"[2.032746495871418, 2.3478354640299237, 1.6360922353566565, 2.1216186354635624]","[-0.007963679716988862, -0.021665659995999287, -0.10293930614360414, -0.18011416600122873]","[1.3324383400723905, 1.2858453622556845, 1.1152963562517773, 1.6533077686813131]","[-1.9199599274033472, -2.1100232260305067, -1.8453185388230413, -2.7480883613064786]","[-2.598230703947451, -2.6397412050252678, -2.355087173277686, -3.53375495700423]",-4.08106702
2012-11-27,"[-0.5117279065534497, -0.33966278151869034, -0.6905693807029323, -0.1391845480889664]","[0.15533994376239654, 0.07877458600272261, -0.004268919321854966, -0.05907693994988989]","[1.7580649611316963, 1.2550761177976621, 1.079950468902363, 1.5835911795218145]","[-1.8595022494056757, -2.003851538040389, -1.8086052196501328, -2.7064230138149563]","[-3.5628441890051645, -2.5993460776877684, -2.2749191598795413, -3.4112932136697043]",-4.10440683
2012-12-04,"[-0.1415013828272471, -0.060862975154485355, -0.10664119106937875, 0.21817887717725526]","[-0.009893499174356302, -0.004070983896820252, 0.01720427107835164, -0.022180880931016663]","[1.565534764420228, 1.369124828518241, 1.178134966391674, 1.7428602112065885]","[-2.119365578159879, -2.2446531190169994, -1.8359165664843187, -2.8157000433109087]","[-3.298403037222364, -2.836045943319429, -2.486426856366979, -3.705911088612572]",-2.94780405
2012-12-11,"[0.6785539711688493, 1.296859792612537, 0.5947443340716063, 0.874995757760999]","[-0.032862283111519716, -0.1261943456536374, -0.1907202211522729, -0.3245006428579219]","[1.48411792361887, 1.2947097396617118, 1.0888065590608371, 1.6466305886928725]","[-2.064393034316017, -2.275715127722186, -2.0095177130261566, -2.8993117482815234]","[-2.7337933420029517, -2.896193756291158, -2.5026399694164323, -3.9079169963055165]",-3.56035816
2012-12-18,"[1.1066988565207048, 1.509473480698098, 0.8694020028805483, 1.2999502132387875]","[-0.10136124347446361, -0.108949686739102, -0.0960808715618666, -0.22803965903438286]","[1.4513699123381187, 1.3264239598556433, 1.1214307300143487, 1.6882762592285478]","[-2.1045462296047326, -2.202275479847094, -1.8324274660187179, -2.832499778904955]","[-3.237880219601595, -2.9730152831449344, -2.480929131811523, -3.90689368241605]",-3.39013054
2012-12-26,"[-0.42238148062141434, -0.8799057046680048, -0.18542204959342, -0.5346456771793129]","[0.010174770802206905, -0.018253543418590302, 0.015377243206529112, 0.0740728343194584]","[1.6627971150634038, 1.3331707965544606, 1.1379684297190205, 1.6405431630386882]","[-2.0257450063400304, -2.149867549964834, -1.7380259775838867, -2.475944473688854]","[-2.784752998111121, -2.8549525299787213, -2.3788661893172325, -3.4769597137161794]",-3.41993983
2013-01-03,"[-0.2261764079382722, -0.519171522744788, -0.15810681543069194, -0.24428951756370054]","[0.3302238085110229, 0.1156232277988331, 0.0050359028099756994, -0.1616735422873783]","[1.7020886398923392, 1.3835103869017318, 1.1549876446034217, 1.7069363103371196]","[-1.7101025466143676, -2.174095519618866, -1.8681423870446139, -2.8888624653906714]","[-2.5561685628880055, -2.778026848845351, -2.393722961490024, -3.704473989514678]",-3.25166613
2013-01-10,"[0.7917991135196978, 0.5972824764107543, 0.6009303524631804, 0.2819425351874294]","[0.0428447310868062, 0.024636373293828867, 0.05155511128053254, 0.07371182139038804]","[1.4056922714715163, 1.3255300461344337, 1.1158314727215806, 1.6143445315474025]","[-2.063655848149343, -2.2583867398586337, -1.8117736713293873, -2.575345717572301]","[-3.1096719753914215, -2.8026506763728225, -2.321122739758525, -3.3604331004349457]",-2.90843843
2013-01-17,"[0.6439702666463099, 0.47712777284862895, 0.6255837572716416, 0.9179130929895862]","[0.013752572541488652, -0.023889815157345836, -0.04257335436634608, -0.021853113984376636]","[1.5854399043157343, 1.2599636404076677, 1.099967481680446, 1.5974734826806851]","[-1.8992825596546892, -1.9157494629304734, -1.7711108344313908, -2.5451424166522556]","[-2.919909452583747, -2.5086426522505683, -2.234114279389927, -3.2357180871986126]",-2.94313358
2013-01-25,"[0.5605978858670646, 0.5087461245466329, 0.5097201498594828, 0.376140231562605]","[0.23807970013045995, 0.21833693411387226, 0.14512934851043355, 0.06398751974145185]","[1.7993762017232147, 1.3153377331343403, 1.1360124815100396, 1.6482294971296088]","[-1.8234179837041082, -1.8441484324790496, -1.5956454478059248, -2.4946605049006094]","[-3.858185712904298, -2.480447760853334, -2.1703469704180507, -3.1999746699846874]",-3.07044921
2013-02-01,"[1.02345882021595, 1.1744446166405353, 1.070752380046791, 0.9454116567261472]","[-0.06012699546984218, -0.018887110637027138, -0.08758996936037351, -0.21624765975524549]","[1.3936798832357042, 1.2752764327805026, 1.0956226513600122, 1.5848428445343343]","[-1.873487088751585, -2.0247299420012923, -1.804229963285243, -2.669990137511276]","[-2.9415830965047007, -2.8177967979875187, -2.4125519877485417, -3.632372742948032]",-2.97368049
2013-02-08,"[0.5548577980708735, 1.0200471064450767, 0.350215956291855, 0.6315512932088652]","[0.1187687150159541, 0.13456475626761463, 0.12260274091199211, 0.16088402507536292]","[1.2845475642746718, 1.3541036764266976, 1.1411974073728393, 1.667179864163992]","[-1.870845900779685, -1.9636789298858663, -1.5946221363569746, -2.389299900134434]","[-2.6501071765606063, -2.756746503571949, -2.2656620022534697, -3.4600879386915526]",-1.80540052
2013-02-15,"[-0.11825354239887176, -0.29476721136445505, 0.05988306576636404, 0.06094938093488267]","[0.16396841767581344, 0.14954242857584127, 0.18494507391062692, 0.20197978772133351]","[1.248606329170218, 1.3132993547474399, 1.1236704763620577, 1.6230193679236087]","[-1.7122427898897716, -1.9516617686563613, -1.4619096250815495, -2.09231603336272]","[-2.44003769618481, -2.5882293472561737, -2.1571242045516374, -3.18735027145755]",-1.41777358
2013-02-25,"[-1.9210577642065907, -1.2424499239094722, -1.5577239465118353, -2.15171533069638]","[-0.11077676068985086, -0.028160169738914363, -0.14502407569071943, -0.17165398974563958]","[1.225505486600392, 1.2870851813558342, 1.097273575652495, 1.5837634172826247]","[-2.0267416425833313, -2.044445945057631, -1.8822214766774323, -2.773482391288345]","[-2.925923395770537, -2.90293936044196, -2.6743157782141123, -3.784176546755195]",-3.23297799
2013-03-04,"[0.5311205672261288, 0.4442114902240668, 0.2704715133111435, 0.09853382990154813]","[0.025598291085589, -0.03168766030343838, 0.013102477517662038, -0.020964688511223437]","[1.2696291727074915, 1.2833295501385789, 1.1409024649964081, 1.6764599863545362]","[-1.815219487467993, -1.9507755066709698, -1.6785354152885132, -2.4579208912122237]","[-2.8967985131686502, -2.8812941666029364, -2.540913277206225, -3.8675365769947176]",-1.98425287
2013-03-11,"[0.3788306495279947, 0.2904016241932261, 0.3482119223386704, -0.07208925684603074]","[-0.17589619116720837, -0.20635618031277217, -0.1332394785155647, -0.34324397579415855]","[1.125155992213077, 1.18658399831664, 1.0416676791584507, 1.4771125634709685]","[-1.8604604663327433, -2.121256170557784, -1.6474163897175615, -2.655810966827378]","[-2.876200936355642, -3.001317085783039, -2.5917578273382924, -3.965667792555829]",-1.12710553
2013-03-18,"[-0.5534285103527381, -0.21917884930759968, -0.4284370002393345, -0.5699422614464211]","[0.001233985097153059, -0.046183007728976204, 0.021569462043228845, -0.07073645914182644]","[1.1277150490181647, 1.1885807204260899, 1.0224193020773351, 1.5076642810798568]","[-1.7945367123719684, -1.9394682008615227, -1.5635911674103724, -2.4722919422847363]","[-2.7009230450618333, -2.8376983212713447, -2.409598082282693, -3.6833653769485553]",-1.44072574
2013-03-25,"[-0.4186429707047523, -0.3651842818422679, -0.44392882059121064, 0.17592495303322409]","[0.22285011682119701, 0.23222136853281342, 0.1834321963219593, 0.416303411096705]","[1.0600284452529065, 1.1421460531351955, 0.979973002372126, 1.424625392867639]","[-1.4434155674049833, -1.5671740545705724, -1.2776639789279949, -1.8022678229006404]","[-1.992007448225803, -2.1237326620847075, -1.861493833189746, -2.8257046596169153]",-1.39103783
2013-04-02,"[0.49221900790064055, 0.7851903007235705, 0.6099600152994711, -0.5926810623978263]","[-0.017232943858952153, -0.010686395141485514, -0.0434625054131405, 0.05804999956239906]","[1.0105563491946241, 1.0609270226000695, 0.9255546973047433, 1.3738225080676867]","[-1.6358426126835424, -1.6766875227055031, -1.4981382650092998, -2.000212938178813]","[-2.144457344330944, -2.173240502504105, -1.9834979446105618, -2.937547392532072]",-4.22555671
2013-04-09,"[0.34508638052548335, 0.6719943530554495, 0.4095995200126268, -0.3151878635313743]","[0.19067083976477311, 0.25513379834062905, 0.17913943255007844, 0.22651410622487422]","[0.9536567341223463, 1.0390390068023958, 0.8737661421776862, 1.2344159698212758]","[-1.3876419191188354, -1.5424813047591908, -1.2066152063029383, -1.7811380063473201]","[-1.9827780529328496, -2.062996883485319, -1.7637693581426725, -2.575583816233535]",-1.72425454
2013-04-16,"[1.4655179017222686, 1.3185887383521333, 1.073591212880487, 1.6065810879013043]","[-0.06240944309220572, -0.2890221140149562, -0.12829073593042417, 0.26473504193045055]","[1.0139023990810627, 1.1032138974490266, 0.9119836446243391, 1.3479083511779744]","[-1.593091852880143, -2.1149345805954245, -1.508394317155623, -1.8013012857000288]","[-2.232979418300279, -2.6725643671111836, -2.1074879925210577, -2.741551608169623]",-2.60306773
2013-04-23,"[1.025646937048652, 0.9548501618831473, 1.0400068097759174, 1.65535966378636]","[0.3071007834298612, 0.22732302475641045, 0.3338728662302885, 0.3708983747414586]","[1.014619500321077, 1.0921351410384799, 0.9292287554361836, 1.3633560899135622]","[-1.3358404371624135, -1.5594381687332854, -1.1389277034886651, -1.667987084905015]","[-1.8933821354953784, -2.0935829198244464, -1.7508503353392988, -2.6312298396459437]",-1.25313831
2013-04-30,"[0.2382427029468559, 0.7237559167027285, 0.14194762506196668, 0.6821918436735075]","[-0.11707479433323918, -0.10375587760326428, -0.16458680479767832, -0.20232992879686967]","[0.9981429665455324, 1.0848220446157817, 0.9170201111804441, 1.3238599491852507]","[-1.6223378587942365, -1.9030252821951612, -1.5467706793906408, -2.312522302038272]","[-2.23380507881225, -2.3395997459151925, -2.1079530509727347, -3.101186769828146]",-1.94516905
2013-05-07,"[0.5056062522005078, -0.05522731912757095, 0.581585911532656, 0.913563049194277]","[-0.07722103278481096, -0.08399737434299902, -0.05155387494398845, -0.15383965550884945]","[0.9588534366486384, 1.058211259209914, 0.864300284996195, 1.2413235886922385]","[-1.584870870987957, -1.7772427435885605, -1.4065135722490645, -2.1073963591767124]","[-2.1403616668758105, -2.3155042383275677, -1.9176434464938226, -2.8926111923896882]",-1.63230925
2013-05-14,"[1.0280620022767195, 0.5181850025944179, 0.8154635655152731, 1.123807890738604]","[0.12917029533741878, 0.10495049496453901, 0.16394481948275466, 0.25949833448698706]","[0.9191680795255078, 1.027902659354774, 0.8416054908836043, 1.2124918590393499]","[-1.3455595256910458, -1.5266112732348376, -1.1395941334879023, -1.683459347423404]","[-1.9717470719248646, -2.2589035708382155, -1.7108100523911667, -2.4773607274617517]",-2.61605256
2013-05-21,"[0.14366186871033193, 0.10782884075268839, 0.3404621173826783, -0.03404890272937777]","[0.11593713325894128, 0.10535466126113881, 0.13108426519999972, 0.06481548939668154]","[0.8907164364460118, 0.9967119067682996, 0.8163636159173933, 1.175395157799563]","[-1.1877499116719874, -1.490361250612937, -1.1034523143971644, -1.841748201293405]","[-1.7791873714197715, -2.0527551797603096, -1.6029424739507625, -2.486261918183239]",-0.58167477
2013-05-29,"[-0.651535407484527, -0.4748081314666308, -0.6941232783882256, -1.0316343334955569]","[-0.06920664247159984, -0.11820850602225129, -0.12275625988802046, -0.1571746980848435]","[0.9575129093418181, 1.0569141257756016, 0.8700078359955006, 1.2604641786993316]","[-1.5671016381959406, -1.7567028983938702, -1.5205467188438038, -2.2578329162509174]","[-2.2921175598716585, -2.511997722369542, -2.1843533969095783, -3.1466247455797385]",-0.56893547
2013-06-05,"[-1.409974466496955, -1.309955113419825, -1.439730659626015, -1.3405774221952882]","[-0.04748665013590974, -0.05015149462836537, -0.05976336324735299, -0.049911235872857465]","[0.9111642444772081, 1.0532322504084821, 0.8251284240874803, 1.1940055084017562]","[-1.4363655839080798, -1.6651656315098908, -1.374869148854902, -2.052367688802599]","[-2.092650050701965, -2.4156081665681124, -1.9314422678342584, -2.7003072210737624]",-2.00710029
2013-06-12,"[-0.8311915552919658, -1.1622694617956064, -0.8419742773790873, -1.028536720238904]","[0.045303012474547495, -0.05796511537470548, 0.014112349035143284, 0.06881618219221974]","[0.8344090696518766, 0.9371342030685831, 0.7640555034419774, 1.081474308556964]","[-1.2420800592585726, -1.55420096382177, -1.214776885603483, -1.580558511170857]","[-1.8307132915055586, -2.139678586041155, -1.6923424198312917, -2.357860946031864]",-0.92763366
2013-06-19,"[-1.3912993164724163, -1.120721212247222, -1.3541925651832543, -1.389942301460323]","[0.0576228534681557, 0.03242406105362588, 0.011954544082941233, 0.017211141193092916]","[0.8369767364157663, 0.9522283632421081, 0.7707921969270771, 1.0972498270045745]","[-1.25696148442554, -1.448003986675395, -1.2010410949343526, -1.6667577173966595]","[-1.6971898681842301, -1.9069992299355547, -1.6293252538211203, -2.2878924330654065]",-2.31358176
2013-06-26,"[0.9789409454395326, 0.8929162962747483, 1.009969701444824, 0.4021814999013884]","[-0.07334690367083394, 0.007518708139758164, -0.1101421426289661, -0.03901936721348132]","[0.884727857685843, 0.9958564423156726, 0.7997044291072413, 1.1466274879137093]","[-1.5453979696905926, -1.540902471739838, -1.4127225802839516, -1.8528371804033097]","[-2.0300584852096444, -2.2632692213677923, -1.8290350027100595, -2.5261878972465275]",-2.92229040
2013-07-03,"[0.04342166673660941, 0.4048221989484624, 0.3740541836577904, 0.16174807373721123]","[0.13117689923161355, 0.12343083134182115, 0.13181451557253235, 0.15134661620873271]","[0.8906915404541207, 1.0070095220604505, 0.8207283266672355, 1.150525322804059]","[-1.2758452430613116, -1.4081759595846897, -1.1019316998679614, -1.6465468550301345]","[-1.8759331765051868, -2.1630012219674586, -1.7303536265858748, -2.4737752840500526]",-2.85980907
2013-07-11,"[1.3528415151584205, 1.9666236294742845, 1.100794851134701, 1.0716865802710807]","[0.118751518993955, 0.09695567143110058, 0.10252999959541947, 0.11304051716225187]","[0.7785666189957692, 0.9075495247098363, 0.7129321860793326, 1.0065580229207491]","[-1.1430378899054199, -1.3644459239805706, -1.0912398177831641, -1.512319997314816]","[-1.543961522473566, -1.9068709622307949, -1.3988872193175776, -1.9477677596281273]",-2.86914415
2013-07-18,"[0.5462672692290838, -0.2517458678949147, 0.5030498396097371, 0.9514160398664373]","[0.014130649628414814, -0.000178358631495805, -0.01922574076647856, 0.02039237260317834]","[0.7973335162718548, 0.9260135780437424, 0.7307111816774474, 1.007249304994413]","[-1.2849385965138607, -1.512447133814388, -1.225269764379234, -1.5617351664211334]","[-1.7513269048489368, -2.0799439810901985, -1.6292735102780052, -2.217549682679982]",-2.72263821
2013-07-25,"[0.2430058320927131, 0.6288806918888667, 0.08598794171206237, 0.771702675118835]","[-0.12545577314577855, -0.2250499104289335, -0.17717880295280872, -0.18434674768010434]","[0.7695563454427062, 0.8943892460119103, 0.6868279842579529, 0.9776850283117617]","[-1.3669928178731474, -1.6937741382440723, -1.3286508276024092, -1.755467428425511]","[-1.7603545897136021, -2.210637923172487, -1.603401389967363, -2.183972710000216]",-1.66255356
2013-08-01,"[1.1491753888803302, 1.011133955188992, 0.8255078887014378, 1.0714029993522445]","[-0.009980164702700318, -0.032731535041967165, 0.004311495069834979, 0.036454424229868936]","[0.7846000397693208, 0.9149493692910786, 0.7048177036730834, 0.9852646013356136]","[-1.3608785500466993, -1.5293378612325146, -1.2053992952071633, -1.6129277919986962]","[-1.7873541144061746, -2.102387331906901, -1.6055562796919909, -2.1189336445193536]",-2.23001878
2013-08-08,"[0.36579126346403257, 0.49602871657148384, 0.1785683496215995, 0.3963376877068825]","[0.14254214862275782, 0.12465483963548847, 0.10600520828124722, 0.131382082153454]","[0.7711316035638704, 0.8761756120046099, 0.705921995094895, 1.008770933436215]","[-1.1639894582535222, -1.2773857427182715, -1.0621180024007684, -1.5368568336852377]","[-1.6231726702732592, -1.8106902879040154, -1.4741819681130854, -2.023955081424433]",-0.09577230
2013-08-15,"[-1.4085015766006848, -1.7070015712140396, -1.4809525591550354, -1.6465106423955156]","[0.19102296907321278, 0.19396726105191606, 0.1976528199721566, 0.22897649651696664]","[0.7644308505932059, 0.9021286471987285, 0.689763599059052, 0.9831406916587532]","[-0.9876920385201525, -1.2059181164652344, -0.8745795857116693, -1.329490134855874]","[-1.3994520558278638, -1.70391105332202, -1.259663719541936, -1.7785298068792919]",-3.60755376
2013-08-22,"[0.9074014308042777, 0.9763844987507042, 0.44331981910126217, 1.3849333750584059]","[0.08434976712583783, 0.014622661231897805, 0.10624682702443297, 0.16838965059045802]","[0.7519631582218236, 0.8918275894622727, 0.6735583289640079, 0.9510855906199903]","[-1.1521515821395332, -1.4357009471987836, -0.9874746869113824, -1.3696726360139637]","[-1.5294914539030646, -1.8859164124005412, -1.355287699168944, -1.800077431133139]",-2.44577452
2013-08-29,"[0.15853254046485077, 0.7001789443368267, 0.11083867692001093, 0.7614799268745642]","[-0.017411104637697298, 0.02796651375616893, -0.08554646791288611, -0.11148557337944222]","[0.790901269599631, 0.9194094108688265, 0.7164287327725026, 0.9884037883832852]","[-1.2591290614286894, -1.4098867515498206, -1.264149752346812, -1.7161476490940557]","[-1.7132221470259956, -2.000151272123628, -1.6638500080806722, -2.172940397366071]",-2.89324399
2013-09-06,"[0.04815621347038501, 0.11710025448783412, -0.10033831908788926, 0.22660879066762618]","[0.04632347465156385, 0.05120271971318957, 0.04511868697062741, 0.0499699180573039]","[0.785469515924296, 0.8894905119051968, 0.715811594063796, 1.0258485997365188]","[-1.266878032436195, -1.4790165859500661, -1.1879991607237879, -1.7213551204709971]","[-1.6964960169410446, -1.896093961088058, -1.5673771121484095, -2.143346146632234]",-0.18068825
2013-09-13,"[0.22466889513088617, 0.06407021929577539, 0.4917096944881294, 0.3886181221018248]","[-0.09265882928654533, -0.15649846977859608, -0.14578196893887413, -0.13257687299916537]","[0.7976824987251013, 0.9302164709299328, 0.7348006199041216, 0.9865141613806826]","[-1.375571656331119, -1.6191165934082055, -1.3149112698344059, -1.7799249300783717]","[-1.832996064456235, -2.197303304584137, -1.7168077192528641, -2.1863616775276626]",-2.04534925
2013-09-20,"[-0.7017362427502505, -0.3500508933288238, -1.193157168521175, -0.18469113791761416]","[0.0521035496637151, -0.018814637829595686, 0.06967208685610225, 0.09811917318889131]","[0.8207865849452536, 0.9205977408738003, 0.7527207938774911, 1.0132887421691652]","[-1.3375974491750726, -1.5235849543954167, -1.2012339805706074, -1.5736175720608636]","[-1.8685175415438147, -2.1464200341824706, -1.6685926035127274, -2.131337535698925]",-5.18132057
2013-09-27,"[-0.460699919990315, -0.12636013485973763, -0.45810819088618615, -0.45742337469967254]","[0.03401319821309339, 0.02958209296156697, -0.00538881389900981, 0.041646602901297895]","[0.74872047701177, 0.8650472573750421, 0.6711673739381402, 0.9378758192640932]","[-1.2292434011602376, -1.4168080965968093, -1.1577431300297416, -1.5096520990939253]","[-1.655954540073629, -1.86503088345737, -1.5312571234086116, -2.0376455204265738]",-0.48436532
2013-10-04,"[0.754779862172672, 0.8601312788670157, 0.5061665443280461, 0.5472925541328166]","[0.18177868160841465, 0.19254685925120255, 0.17316591246145074, 0.24336545561281855]","[0.8221413429585754, 0.947798496034775, 0.733338202453102, 1.0203119534159573]","[-1.1542711289540961, -1.3038710607248156, -1.060540806218926, -1.350495947365583]","[-1.639444711350709, -1.8962335826898322, -1.4767994108513198, -1.9147768626102004]",-0.96425224
2013-10-11,"[0.6422583747907495, 0.7856121091506019, 0.7314160932098801, 1.6332555306744823]","[0.09025594301030965, 0.19522053143918647, 0.057453049372752404, 0.06898146863538916]","[0.7753712980632351, 0.8832492242466968, 0.7235704984002089, 0.946800462454506]","[-1.2101314462903074, -1.2023762162896194, -1.084025370299402, -1.4397324376101241]","[-1.5991920216470488, -1.7936269100288087, -1.5461566963412714, -1.963581173837932]",-3.89881369
2013-10-18,"[0.673184177806263, 1.607490468252415, 0.1819878068197056, 1.0411906387622238]","[0.13997625085485838, 0.19550610080398245, 0.17530386219289998, 0.297317324009142]","[0.7466713636310761, 0.8653279996464152, 0.6943852656462391, 0.9303636452801893]","[-1.1043638341522402, -1.2372097672144404, -0.9547191832789897, -1.153747987804143]","[-1.3870321020754828, -1.60220751103302, -1.241454932819172, -1.5177256806664519]",-4.02592791
2013-10-25,"[0.4557265523896348, 0.7142676855176333, 0.3929947242406584, 0.23949209525921944]","[0.04350142165240404, 0.03084633707381081, -0.012705217490285064, -0.0441746765237065]","[0.7363473168514201, 0.8765376468945669, 0.6672001165155951, 0.9246919400982677]","[-1.1644200663541209, -1.317636867919637, -1.126403891141316, -1.5096043305401512]","[-1.570029638381808, -1.8647521375695049, -1.4584436741930091, -2.0441772375714957]",-0.28730808
2013-11-01,"[0.23863560074248724, 0.024160131430939202, 0.44799104777908383, -0.2646792321701952]","[0.029925615174578615, -0.021357132543192152, 0.021052224143553837, 0.05539190365821624]","[0.7340668017534522, 0.8554018602528501, 0.6697347552850843, 0.9255548081633401]","[-1.1789191648570372, -1.3750271194441017, -1.057779046117211, -1.40844230703611]","[-1.5687150951659965, -1.8280693853796834, -1.4220186353347288, -1.9189034790550599]",-1.26407461
2013-11-08,"[1.3401095463259516, 1.341612486087751, 1.0703066842168596, 1.669110382890704]","[0.15196071517257773, 0.08727166852401119, 0.1620881208879426, 0.14529746967238566]","[0.768264822865443, 0.905869258375683, 0.7024796879136989, 0.9250929970356512]","[-1.1626587089810214, -1.4973828943278131, -0.9608350352693866, -1.3807143615798043]","[-1.582765611954598, -1.9973865147550323, -1.3953955633311081, -1.8157806036026807]",-1.34826941
2013-11-15,"[0.43413385035995233, 0.19073673425458182, 0.5369741846497078, 0.27177381503760145]","[0.07464975278512079, 0.06235553617277105, 0.0943680425983429, 0.18992676876398243]","[0.7601475490065188, 0.8690474063920295, 0.6953173558531486, 0.9506461892906707]","[-1.1844603355978816, -1.362906582298576, -1.0233969461232932, -1.2944668179680738]","[-1.5798018342502202, -1.8318276751442772, -1.4140612879900365, -1.8040357388677135]",-0.44354727
2013-11-22,"[0.49897650364920665, 0.53720194795428, 0.34157296124721626, 0.5489835923085273]","[0.08036545079783856, 0.1112009464960132, 0.029878493019905236, 0.006613048103713647]","[0.7537400250643271, 0.8914675730843824, 0.6960922019564517, 0.9263904308481019]","[-1.1135452288852454, -1.3275624704878604, -1.0823690997545654, -1.5369057496620782]","[-1.5922822005892272, -1.9558610393120228, -1.4874590192153716, -1.9610218616346782]",0.01613954
2013-12-02,"[-0.2600062293461214, -0.2920242196065459, -0.48381627506444147, -0.9417724062497967]","[-0.05912047756177936, -0.09005536289451246, -0.09677802788111951, -0.05809574859169606]","[0.779144867074307, 0.9000923345874093, 0.702863178042106, 0.947150876928897]","[-1.326839998468936, -1.5486083011453888, -1.2564615640755687, -1.6092239881729447]","[-1.78958299425019, -2.035293828457488, -1.6687087531480955, -2.0753477159912426]",-2.57151806
2013-12-09,"[0.2539308909556226, 0.4061626312210187, 0.03326558618574893, -0.07189827947859939]","[-0.0679750185703194, -0.06150382521133981, -0.06432796745231667, -0.0735134923257591]","[0.8063651724150188, 0.9040311173690533, 0.73529356535732, 0.9712844203096651]","[-1.4478984333931701, -1.5291839253383457, -1.2960919364363468, -1.82054307401852]","[-1.8886004001456387, -2.0833015161202515, -1.6829312938866174, -2.203266516654299]",-0.99290481
2013-12-16,"[0.6212708596435412, 0.5523792944330808, 0.8167566453572306, 1.0816510640689003]","[0.09151049632128795, 0.09530479502119815, 0.06538930467218546, 0.06816325807194676]","[0.7854334944083251, 0.8952547073589493, 0.7306618017401023, 0.9529250489855194]","[-1.136886679231376, -1.372359984447639, -1.0903796306049083, -1.3938581729684945]","[-1.6201721073409268, -1.8791481874283793, -1.4916521502736237, -1.9387722976259918]",-2.19678211
2013-12-23,"[0.5328159269630817, 1.0465422877500075, 0.4519097670296901, 1.0028881840844939]","[0.21329070108643827, 0.22788823257215685, 0.16090835376824011, 0.16687986399635285]","[0.7745027618056692, 0.8550161533507135, 0.7244445978383705, 0.9457634069713707]","[-1.0425273084315685, -1.1428006416608225, -0.9997133988840311, -1.3481002473197927]","[-1.492477269953482, -1.6632264695068277, -1.4506914446929764, -1.767343916023712]",-1.79564236
2013-12-31,"[0.4721915182861025, 0.6501119774146247, 0.43754013707708594, 0.2616562977863168]","[0.11699589064639061, 0.0962020773037713, 0.09660484867826738, 0.13428007958472624]","[0.728530933893985, 0.8478901444668412, 0.6757010228740983, 0.9245356230674171]","[-1.0602215212055426, -1.2088060792735302, -0.9963433945705678, -1.3553574171491443]","[-1.551946831784742, -1.815742838849631, -1.4233894761453145, -1.847164423144135]",-0.15851721
2014-01-08,"[0.021791005795979146, 0.21788198392549418, -0.4134088574003769, -0.23340439391761336]","[0.13586955724899383, 0.13291878343296668, 0.10521328671193589, 0.12700545027902455]","[0.7313595701821386, 0.8416336647613796, 0.6806793605638884, 0.8957071345124646]","[-1.0322239313489303, -1.2438024272174, -1.0033840972192085, -1.3474195254705945]","[-1.4508260086149363, -1.6506808649463605, -1.3703199313616539, -1.7448303912055576]",-2.69976596
2014-01-15,"[0.5375596122141779, 0.8180784937139585, 0.6579020457001761, 0.6483035472326648]","[-0.028522962798655783, 0.0726855997475782, -0.09451962826929662, 0.032617861092235696]","[0.7368717051389163, 0.8522699429888636, 0.6847013464259922, 0.9061459488394511]","[-1.2556642327399592, -1.3334320292302735, -1.2508760426057337, -1.436825190138021]","[-1.5775756075844911, -1.7033092485567958, -1.5470000871961793, -1.7843611029571258]",-1.26094208
2014-01-23,"[-0.8226767291887427, -0.33849307147484353, -1.080676620652099, -0.8029790879292342]","[0.13995691672462754, 0.14415251075680818, 0.11755270368230297, 0.2105536530891222]","[0.7051154913784616, 0.8160647640236584, 0.6489016593092941, 0.871955690849213]","[-1.019792631249437, -1.1021553059431488, -0.9351429909163411, -1.1918234128342846]","[-1.4717122696272256, -1.7132975261435386, -1.357666166143583, -1.669436745704182]",-2.57156805
2014-01-30,"[1.0544626505808452, 1.8316895510997355, 0.6953458727151585, 1.3043531089229177]","[0.0168540245869237, 0.024743116135635675, 0.006147660844871554, 0.09867068778015571]","[0.7190049756315613, 0.845037107024962, 0.6524300419180268, 0.8939628932018845]","[-1.1664442760671125, -1.3432997284669168, -1.0838586369427965, -1.3711124531918688]","[-1.6727688060889594, -2.005686749527427, -1.5270492815015158, -1.8401388377209313]",-2.71555176
2014-02-06,"[1.3101067494022622, 1.2671804572796042, 1.212163606037464, 0.8256773086920077]","[0.029857859556519165, 0.004361440246915188, 0.015268353613404133, 0.11202116375913806]","[0.7352156470649425, 0.8321451833659478, 0.6831268943088746, 0.9047140487324642]","[-1.1554025469077174, -1.2234027187258623, -1.1075280100117488, -1.484455915516467]","[-1.6272480404314413, -1.788514462326593, -1.4913337906876334, -1.8752121793561514]",-2.79338888
2014-02-13,"[0.5149311637944187, 0.7391107094010252, 0.3979145954279062, 1.1108092086230315]","[-0.02204864033174214, 0.004804558337723673, -0.010389275874673781, -0.03908779478566612]","[0.699062928441653, 0.787201452527231, 0.6552761635534576, 0.8520894965239852]","[-1.208672317166624, -1.2971366315541875, -1.0861351223853406, -1.3895719717664923]","[-1.58073001505075, -1.678251902781767, -1.4967056490351083, -1.8309669649218145]",-1.12563357
2014-02-21,"[-0.11412654403164524, -0.13331975643922078, -0.1856943555781143, 0.2349327430329673]","[0.18897511452593177, 0.1923615262661004, 0.13442383955273093, 0.16079836483745713]","[0.7269365445596302, 0.8294064629138458, 0.6833268693961727, 0.910607128103349]","[-1.014910757623669, -1.1058899779190046, -0.990228095034274, -1.3439694603159575]","[-1.3781777226235967, -1.5547261803948167, -1.3140891904046978, -1.684717170471089]",-0.32213508
2014-02-28,"[0.25262180647720456, -0.11067386378877941, 0.3010314449866769, 0.1401181831965026]","[0.019903699600718156, 0.059168232904420096, 0.0021177104943539793, 0.02975610984435116]","[0.7043662876719856, 0.802910551927213, 0.6548859101855292, 0.9062324155338612]","[-1.1602711502916012, -1.2288274523869989, -1.1382346598365567, -1.421953275679484]","[-1.5483849255256568, -1.6886084054258463, -1.47282813498192, -1.8657589651469928]",-0.47136315
2014-03-07,"[0.04248910612849599, -0.49585091220079036, 0.18756181636252478, -0.11786832319931051]","[0.20173075165097273, 0.18443735119043236, 0.148515321513792, 0.2289134307941965]","[0.6885551349281189, 0.7771642374984017, 0.6443958349159763, 0.8824391805207462]","[-0.9087152582653603, -1.037376391962945, -0.8358549553011885, -1.2569016407271247]","[-1.2977882065792912, -1.4791537224228828, -1.2418550744937358, -1.6905790019984217]",-0.79091744
2014-03-14,"[-0.28119154492847187, -0.685635369873161, -0.26865776356981286, 0.3885549818190448]","[-0.023973563065074997, -0.08878097998227555, -0.008915104190846568, -0.10394270763508844]","[0.6902579731005893, 0.7898895943411788, 0.6522706984028509, 0.8490640029115766]","[-1.102576239871446, -1.413205768190742, -1.0774856445337457, -1.4399957882417458]","[-1.5920872630395535, -1.8904643787163897, -1.4619062035763863, -1.8541451733162537]",-2.24373421
2014-03-21,"[-0.3885208732461898, -1.2105543541585995, -0.1733190149728614, 0.0588520864537756]","[0.10191759843101185, 0.11117605741353688, 0.06338038838334517, 0.10582722413432634]","[0.6933769460213746, 0.7713939267663918, 0.6584436027016307, 0.870121492894288]","[-1.0066558511286647, -1.211467006403239, -1.0118587718668914, -1.3042189675796727]","[-1.462592167944439, -1.6023274097567097, -1.4123787930002336, -1.778785340635841]",-3.87998138
2014-03-28,"[0.49181395758521873, 0.19662038150585204, 0.3610558823893939, 0.30260349560586874]","[0.18863100849275474, 0.19177557010618937, 0.14138415277638072, 0.2044035493688629]","[0.7010711963276155, 0.8111299543640823, 0.6572906534848941, 0.8526617618638357]","[-0.9595354117760639, -1.1110531091790439, -0.9503566515454338, -1.13659474991865]","[-1.3784774824453248, -1.5725548437559973, -1.3066989983580124, -1.6022663008236275]",-0.57382942
2014-04-04,"[-1.1892208513498481, -2.6957481723817622, -0.9691670939490749, -1.90330939059411]","[0.030921864467679527, -0.04158268304396705, 0.05921807649646951, 0.06305065758108144]","[0.6912921076965703, 0.7856236212409362, 0.6502947169547177, 0.8533217481148061]","[-1.0755945423414661, -1.3077840749138678, -0.98606704041025, -1.264277536591577]","[-1.3750773871235282, -1.6708315776393001, -1.2291291390057373, -1.650188993359774]",-11.01398272
2014-04-11,"[-0.9049495365291982, -1.1701858020159328, -0.8912059173470155, -1.129717897883431]","[-0.02910738240997291, -0.3630819934418508, 0.007219662985175455, -0.1285776474873409]","[0.7031878829433256, 0.830142592111292, 0.6552716935325679, 0.8971065888626891]","[-1.1855265456058763, -1.6957597728599139, -1.0821840048876026, -1.5267282410115972]","[-1.5762395936280884, -2.3130143322792502, -1.3849788425698437, -2.0896338275925417]",-0.65201931
2014-04-21,"[0.3481167761051118, 0.7396830127103904, 0.2478007312559427, 0.23187682212215677]","[0.017699952432628632, 0.0012613033925646697, 0.010573527570619882, 0.0041589513345693515]","[0.7166791228805981, 0.8242251377485266, 0.6730411328402052, 0.8876376507254806]","[-1.0866136837254174, -1.268594232842436, -1.0512787194607125, -1.4256516717213048]","[-1.5083818926852752, -1.754144410009026, -1.393874823134556, -1.9050503428574732]",-0.48854011
2014-04-28,"[0.29741225581076947, 0.324376062609133, 0.5320321445525522, -0.47956876336208154]","[-0.12671928225098078, -0.29953780833106564, -0.1045359970214077, -0.2045244421400976]","[0.7350990037955506, 0.8496673916680093, 0.6919792466533025, 0.9083069202154996]","[-1.2991314653060466, -1.626107154752056, -1.2628707559268089, -1.6807759911069726]","[-1.7590014109812993, -2.1559219585470255, -1.6223759298239417, -2.2842542672687345]",-2.76771911
2014-05-05,"[0.19124043107092703, 0.5243730119937062, 0.10689081362755815, -0.23440532085512444]","[0.07579245876142651, 0.050512045482513465, 0.03912591981087982, 0.042792395138698786]","[0.7161458904291925, 0.8456628545185197, 0.6674350607596862, 0.882788427693252]","[-1.0624308994753484, -1.2918833070129685, -1.032943435504001, -1.3896970695528739]","[-1.494995547429792, -1.8545379595146556, -1.3771610354195725, -1.9301143478367229]",-0.80773144
2014-05-12,"[0.9636608927900525, 1.6340471977579263, 0.673890218208939, 1.9147157341809162]","[0.15703896875412107, 0.18357627411439123, 0.1167298270412931, 0.10194585801387021]","[0.7161753466670876, 0.835409579393411, 0.6753182001698224, 0.9009695106294946]","[-1.0060811728018368, -1.1524713985581487, -0.955838223270035, -1.2962243716016124]","[-1.4440101904031182, -1.646991661429628, -1.3881298945556213, -1.867157109147234]",-3.92918888
2014-05-19,"[0.36626671461439386, 0.693061119485705, 0.12452684222559185, 0.8367382464513184]","[0.1870515466205514, 0.1874024229877943, 0.13229662550099608, 0.18703160847024045]","[0.7196898595439136, 0.8495305471843951, 0.6810101752144095, 0.8917998263034632]","[-0.9648031714222813, -1.1080087175954438, -0.9715879343737769, -1.183627964815461]","[-1.359468458122395, -1.6394114011965102, -1.3630516273280793, -1.751023446651291]",-0.70386487
2014-05-27,"[0.6127704422048019, 1.2395227864154812, 0.4160271577665853, 1.357406112730608]","[0.14925172599619577, 0.14016035990382245, 0.11068147188969019, 0.1456872771628692]","[0.6959058745529884, 0.8234165811132448, 0.6612033057592479, 0.8743707137117762]","[-0.9705131881672643, -1.1685191071189107, -0.9687017706058384, -1.26560177268762]","[-1.3519119238802415, -1.6272136479052912, -1.300019526282463, -1.6943296857742352]",-2.56884357
2014-06-03,"[-0.05186797700007517, -0.04385764144680948, -0.12724031263520175, -0.21325015679236614]","[0.04311946463217446, 0.02680822264177447, 0.03726033326548328, 0.04093198804769557]","[0.6810694413881366, 0.8289480679289676, 0.635639399125224, 0.8907651864812238]","[-1.0692479927272895, -1.2599163843734165, -1.0251567153457752, -1.4081651350158828]","[-1.393839135283162, -1.7002051172034505, -1.2773481141072203, -1.7926448776754713]",0.16621411
2014-06-10,"[0.010236147941711238, 0.1723502334581184, 0.016644329332216046, -0.28371082261458014]","[0.1379526067003862, 0.13404333936444368, 0.12563645403490675, 0.16228046868429535]","[0.7025236080505559, 0.8390945043977982, 0.6700846640192679, 0.890208458905157]","[-1.0137884710153648, -1.2350449679570246, -0.9782043406164884, -1.1973948916926676]","[-1.340079694194887, -1.6454941930113836, -1.2895153164944437, -1.6162509223716532]",-0.12515981
2014-06-17,"[0.2775226763612082, 0.05407035151199224, 0.1636249788246502, 0.7300831853173761]","[0.1045983532726301, 0.13910290696152855, 0.07625814042752073, 0.14344231142316016]","[0.6996764614184788, 0.8188632934894334, 0.6506546522168198, 0.8816750328967847]","[-1.083888690556958, -1.1730454580693637, -1.0210281809986899, -1.2940930366090255]","[-1.4297293069065895, -1.6314970955593038, -1.342742703111543, -1.6844209155732113]",-0.66375505
2014-06-24,"[-0.6042546829371886, -0.09700038083755302, -0.7058392281740211, -0.9314317727658228]","[0.02263014055247478, 0.030832020311631174, 0.007958792117796912, 0.03047765650634405]","[0.6721850612856463, 0.7968451764495917, 0.6246393664976644, 0.8652193782925034]","[-1.1442368713371243, -1.3450255212691486, -1.0423714175838297, -1.4489888927686538]","[-1.5268556420834858, -1.8255523089147263, -1.383918489103452, -1.9074612981379777]",-1.52077992
2014-07-01,"[0.6671038844054955, 1.0908164522451358, 0.7664955686822239, 0.9733530236993637]","[0.09178926238404357, 0.09178360588236799, 0.05649905343237825, 0.0717182565877465]","[0.6812297140447784, 0.7859885207508577, 0.6254896354965863, 0.8772217026889201]","[-1.0160739456298424, -1.164276747438297, -0.9276845619203163, -1.3731881047943866]","[-1.5004224024136985, -1.7609158317474802, -1.328653098623627, -1.9541170424403875]",-2.34895770
2014-07-09,"[0.44743536180273935, 0.7399210980130633, 0.46612717143386106, 0.08861582742287766]","[0.06711299334004124, 0.027184828242832276, 0.04250950678225493, 0.017841126909490725]","[0.6658756595511227, 0.7904722939255233, 0.6295783290162372, 0.8649783464140199]","[-1.0329761288017905, -1.243565904418371, -0.9838172571568135, -1.422205915175727]","[-1.3972479709378718, -1.7778088204749452, -1.3005250629247505, -1.777804832020091]",-0.74360084
2014-07-16,"[0.36942294001631737, 0.39705647577958914, 0.45334604677176316, -0.15004866310235343]","[-0.014236808011482804, -0.09274724969620464, -0.019293211651035064, -0.045203280731774605]","[0.6960504388016542, 0.8394013437545171, 0.6498572239629793, 0.8802253941248319]","[-1.1360798469063187, -1.464228575992802, -1.0577719398876357, -1.5009448121476592]","[-1.4927477445633415, -1.8836460721619823, -1.3650859518534266, -1.860294039183319]",-0.91595079
2014-07-23,"[0.22173621790742004, 0.6366347633781189, -0.15735714502209674, -0.1202287188223572]","[0.09211149155185885, 0.13446398381598557, 0.047950809958882235, 0.0791350460723526]","[0.724146240331036, 0.8371220064134927, 0.6717761651401786, 0.9191763451176928]","[-1.105035187225466, -1.206928830240323, -1.051772048927605, -1.3632826963876485]","[-1.5469661320920027, -1.7389299139431347, -1.4401881578809996, -1.873970407873895]",-1.94314812
2014-07-30,"[0.01521325306841348, 0.3926328624351605, -0.18791174761787488, 0.17313624664616611]","[0.14583051961064628, 0.2108457424889813, 0.09643115769543605, 0.16091181913291575]","[0.6567218956066022, 0.7710014006541782, 0.620059251017473, 0.8569072774574487]","[-0.9618307252391237, -1.0509015904312282, -0.9283159124273463, -1.3642739319017718]","[-1.3701506686782332, -1.5428898277538097, -1.3099694603317276, -1.70860729770878]",-0.16074102
2014-08-06,"[0.031246714211263793, -0.0740005554445311, 0.08438037765543527, 0.5073822279624274]","[0.27627090665160564, 0.3374715990447076, 0.2024441370445383, 0.3507325840410099]","[0.7159436455110062, 0.830551289829939, 0.6561580282306642, 0.928930363531931]","[-0.9283915857786824, -1.0216554251830499, -0.9163506886818987, -1.176535208037934]","[-1.3276551019852227, -1.5104873851279936, -1.2682715773346798, -1.6343154565667242]",-0.59765783
2014-08-13,"[0.6745879967651192, 1.0529168001947475, 0.5495663959093733, 0.56325673412152]","[0.02909662971213549, -0.044548717247415714, 0.020855729607063805, -0.02423162529268167]","[0.638285574390929, 0.7418004932446296, 0.607846988406215, 0.8272358307234206]","[-1.0066526036869525, -1.2406943498142085, -0.9590787485942275, -1.3892637547743685]","[-1.429503447247639, -1.7405020604637438, -1.3377343142676557, -1.7374354451185312]",-0.88865352
2014-08-20,"[0.26680261797213944, 0.0, 0.35128854423049916, -0.24110980883280675]","[-0.013910891270141711, 0.0033680064035818058, -0.007350228853666573, -0.00654666616048547]","[0.6659662236285545, 0.784542601415295, 0.6394601401442566, 0.8607070397957454]","[-1.0449941861550904, -1.2808398695802345, -1.0010183317587784, -1.3964197999667467]","[-1.4708169927705945, -1.7333431228666094, -1.396406988522442, -1.7676371185896749]",-0.77198373
2014-08-27,"[-0.039946218535025224, 0.020090220036905748, 0.08946058129808421, -0.21868797258814965]","[0.19573736087410704, 0.27926955298394274, 0.1523288394712405, 0.23055562332976945]","[0.6661369377850522, 0.7720549007408242, 0.6165688220436186, 0.8609443285423583]","[-0.9048784988166496, -0.9922902138552185, -0.8580047796953084, -1.2668795301852351]","[-1.317447721647342, -1.5223236585035107, -1.213724626362236, -1.6588472094097393]",0.11338942
2014-09-04,"[-0.14473891577431175, -0.09052071901889391, -0.05095019331236017, -0.3787179939570784]","[0.05512443142206168, -0.041124928423197094, 0.05013930849882106, -0.07104072628174207]","[0.667568389389774, 0.7663596676699458, 0.6206891394539065, 0.8518058828963444]","[-0.9780720652907486, -1.2996897360085298, -0.9542641764946002, -1.4771431107299378]","[-1.430639540803737, -1.7724295396481073, -1.2800238657134577, -1.9066939152234164]",0.18697845
2014-09-11,"[0.11488645938548814, -0.07998940069660065, -0.11554645181668377, 0.6496965106783215]","[0.07515194979953056, 0.16854639557229206, 0.024221465212140844, 0.07590211665552948]","[0.6801486401543119, 0.7888946702299222, 0.6370510320402697, 0.890032488343052]","[-1.0913941003762466, -1.1191588327174014, -0.994398046640002, -1.3648948176661182]","[-1.5134296263788094, -1.6263982653817797, -1.411173426767572, -1.8615796545245151]",-1.35681308
2014-09-18,"[0.5315836097456561, 0.7507323331803484, 0.6341194762121916, 0.4544260412705725]","[0.035862207499383805, 0.07113609861342415, 0.006294686527619219, 0.04364149177479112]","[0.6438993552838894, 0.7480799553775712, 0.6180672290465324, 0.8458428058884293]","[-1.0066634994444426, -1.1255094035494606, -0.97845960926294, -1.3324598065556015]","[-1.3101557231409635, -1.4536952392831157, -1.246322811428131, -1.7133065447488858]",-0.56140226
2014-09-25,"[-1.6267419988920118, -2.1258200980883935, -1.5474062894538676, -1.428443645278854]","[0.02396060469273548, 0.020994345695722068, -0.002762468349316431, -0.07055621073674644]","[0.6203008062589317, 0.7263460061306402, 0.5944230253948571, 0.8130458299182381]","[-0.9132232194242323, -1.1290989364808337, -0.924436329572915, -1.3964392416877809]","[-1.3030859143904405, -1.499360997313608, -1.266337021470284, -1.7223018764735243]",-4.99631644
2014-10-02,"[0.01542348961276474, 0.0, -0.02178257435208053, 0.6570101203307033]","[0.10705172733637139, 0.0992577924579236, 0.0691840637257973, 0.0339863392505999]","[0.6639164844188047, 0.7779113180531019, 0.6235931842337786, 0.8720779222217844]","[-0.9727063955413403, -1.1619263760078913, -0.9964621005922332, -1.419596669678345]","[-1.3228991854750742, -1.6111757687598105, -1.2371196524790187, -1.7558067708777207]",-1.18540340
2014-10-09,"[-2.003222935932225, -1.6282238553185557, -1.9907709715434763, -2.4644634819298794]","[-0.07452425610840872, -0.051725967903999165, -0.10875740453982555, -0.20427903817257595]","[0.6224120402051179, 0.7564119144672697, 0.5855494372758524, 0.8267246301364468]","[-1.0758740759449188, -1.238467616534332, -1.0343555544340015, -1.543773861066401]","[-1.4417076603766146, -1.7211042370485807, -1.373252455408719, -1.9223927601878605]",-5.67971754
2014-10-16,"[-0.08587844594165617, -0.6298907327792591, -0.15189571652189926, 1.1110620334098265]","[0.3095179092281634, 0.38409550736356146, 0.25702879676342016, 0.49521909649971324]","[0.7108131357622377, 0.8228186377002527, 0.6749092951592968, 0.8906302270256812]","[-0.8377681538279081, -0.9806165088696341, -0.8064629381169343, -0.8697001937462594]","[-1.271957993648675, -1.5766645333594607, -1.242530551902373, -1.3507779709227463]",-4.82615148
2014-10-23,"[1.155796942681775, 1.493390783349735, 1.3071109039122675, 1.4244539723403449]","[-0.03748082729975425, -0.033881128374049725, -0.05154377285444626, -0.08399136501946149]","[0.6630606574871007, 0.7858558903737474, 0.6387477476862046, 0.8523567919681266]","[-1.0835471273368906, -1.354302182804871, -1.1026611779577482, -1.452061990303938]","[-1.5380093891774578, -1.763500355821234, -1.4355637851146281, -1.924827371911868]",-3.36238576
2014-10-30,"[0.6390009010330822, 0.21019443439422858, 1.2942009412467925, 0.7623140055246225]","[0.04652974263891719, -0.04805895413510067, 0.06074993540608996, 0.020048729639440706]","[0.6816465357826212, 0.7847744071361312, 0.6559027640028252, 0.8769240708391101]","[-1.0527836863042166, -1.3073885003198105, -0.9914122701765329, -1.4180338126894743]","[-1.4089527719311077, -1.7463849154874516, -1.3420472703217712, -1.7594696409438613]",-7.04077763
2014-11-06,"[0.3995233914988461, 0.3152102334813556, 0.3992208276047293, 0.20987669278378362]","[0.0009908929827436384, 0.010722051640780285, 0.015340673000000344, -0.11216297867514016]","[0.6720015359949061, 0.7844737814413181, 0.6367290183690699, 0.8811005216860698]","[-1.0854459887565044, -1.189617799626418, -1.0005797549045143, -1.5892767966118]","[-1.5345512775555294, -1.7212544111380825, -1.4081774844737012, -2.0245049793631495]",0.06944362
2014-11-13,"[0.11269527328758855, 0.4284928218066142, 0.23019952582501446, -0.8524933392658696]","[0.09219268124759092, 0.14427927736474497, 0.05117271943507921, 0.127413130821952]","[0.6749051008490392, 0.8083333747109382, 0.646924317747781, 0.8654260359219512]","[-1.0370636195124148, -1.1643179609940963, -1.0491667121795416, -1.27521815637156]","[-1.3480932514680084, -1.5818942576162536, -1.2901016178911164, -1.6811561735879836]",-3.13196835
2014-11-20,"[0.17528703089979558, 0.4447149536099815, 0.18793821798777088, 1.0263773448628832]","[0.057590757773249734, 0.04405393313744538, 0.03694661835108298, -0.049468059832230724]","[0.7029184469498995, 0.829275318652984, 0.6776926538418141, 0.8783076368485188]","[-1.0364141949834982, -1.316779908405411, -0.9762785721551052, -1.4604348055801448]","[-1.3616280192039927, -1.7104283886458203, -1.273181019986671, -1.8441856950022077]",-2.65672792
2014-11-28,"[-0.2121574040347518, 0.46331219112616395, 0.002749608115060198, -1.5130561563402978]","[-0.05811689550484281, -0.025745949343768715, -0.10038775744472715, -0.13402385393837704]","[0.6746100115913459, 0.7856980294470145, 0.6501502150356289, 0.8563241286992457]","[-1.1217159786198556, -1.2978554680129002, -1.1297134606192294, -1.5385553666217513]","[-1.5857374689732462, -1.8092899242717504, -1.5538704202173983, -1.9136010897050972]",-7.47462608
2014-12-05,"[0.16358467244295127, 0.009507317246004732, 0.32733614750473095, 0.6196855394779988]","[0.14102364635237177, 0.14937959662330066, 0.12273112484088419, 0.16576475329767154]","[0.6634622530204227, 0.7686008519940455, 0.6419582258206543, 0.807452756569941]","[-1.0104470882389156, -1.194531693575568, -0.9891074581630167, -1.1645071275289443]","[-1.3981392460153783, -1.606316056103283, -1.3534668765851783, -1.5377306491223257]",-0.89245132
2014-12-12,"[-1.6293469192757648, -1.0945952497599443, -1.80931140905507, -1.333692273488385]","[-0.03848011760655243, 0.019506110010109094, -0.12388174753292018, -0.2094258233157332]","[0.7137106843258878, 0.8191911793720107, 0.6737227535289546, 0.8898799595511642]","[-1.2222390874879392, -1.3475088460223228, -1.213810803564506, -1.6746950863064896]","[-1.6135979575008415, -1.792130587654439, -1.6030784637088766, -1.9881163999521443]",-4.27599345
2014-12-19,"[0.4730535513184364, 0.43878906486094493, 0.1497931120630014, 0.38617493824482096]","[0.11949033232800002, 0.2704014105926597, 0.07557487551014117, -0.06593720840105875]","[0.64284526095673, 0.7697617611665044, 0.6303222781215733, 0.8172583159428537]","[-1.0187010417692992, -0.9895446323674896, -0.9439266913286652, -1.4173668329680167]","[-1.351743934908833, -1.3918548140123574, -1.3357546787201415, -1.7968264732515198]",-1.30446868
2014-12-29,"[0.13424219471573906, -0.019050117412877654, -0.08578314354306116, 0.6234881484395771]","[0.0012634620475112704, 0.06398962627516779, -0.031777971297382246, 0.0006926315526645123]","[0.6770505528663738, 0.8067700747195008, 0.6449306566706041, 0.8377216661959626]","[-1.1858000366455361, -1.3350690908145944, -1.197113890090376, -1.4086150799267203]","[-1.5780321256779295, -1.7700816376144144, -1.5315167858386731, -1.755138949527637]",-1.04066636
2015-01-06,"[-0.9463686944672034, -1.3498655819648597, -0.7456159059751499, -1.6874954787000185]","[0.14711188712200685, 0.1422685213569224, 0.13483587251683224, 0.28672246552081654]","[0.6621295371794501, 0.8001130319353718, 0.6407067307422811, 0.8463801781459195]","[-0.9247305398483185, -1.143621871298961, -0.8745259545348739, -1.1232869962544854]","[-1.3208554284308567, -1.5762610674943793, -1.268735526931791, -1.5232626618168807]",-2.73323785
2015-01-13,"[-0.28167850016158624, -0.029536128970431008, -0.1540801336028963, 0.15150313163738716]","[0.04974752680852596, 0.015120143343130736, 0.05021515239555922, 0.08511875669355136]","[0.6937653946620546, 0.8468702151329369, 0.6593624738194421, 0.8551070623440958]","[-1.0720637866654457, -1.396600096402036, -0.9981944960283977, -1.3357489499458697]","[-1.4734875079262333, -1.783375812250429, -1.3843355482198776, -1.8115465997292373]",-1.19645068
2015-01-21,"[0.5059833811764669, 0.5104376068725713, 0.22269382355464273, -0.09176483782669109]","[0.006823349652391205, 0.03749293640534112, -0.05939864122793128, -0.04958747018811432]","[0.6820048509591021, 0.7866813636083096, 0.6621671654242094, 0.8413952061372892]","[-1.1174748044740868, -1.2152411604179922, -1.1386534051762411, -1.3967852234090117]","[-1.5516741176300834, -1.7775503405026571, -1.5751522439800316, -1.8242539170283798]",-1.73320468
2015-01-28,"[-1.2907141763212948, -0.5139235181680135, -1.1327468858425505, -1.8565753757297188]","[0.3307739588095534, 0.25119181313509886, 0.44232605263723274, 0.6336316401983684]","[0.6632458489049786, 0.8005836299219464, 0.650228418275433, 0.8455561170687925]","[-0.7532741801882119, -1.061617190657444, -0.6394798081621059, -0.7527998431052693]","[-1.2442295091888478, -1.6569229143319775, -1.0802826783160537, -1.2301717283080655]",-8.91042756
2015-02-04,"[-0.3815123138440235, -0.08746492407647466, 0.03746015127656932, -0.49847507571145755]","[0.36641931805637873, 0.47219126004611517, 0.3657907968870324, 0.3796697613377282]","[0.6875211793361844, 0.8181168773316921, 0.6701514973417543, 0.8799387805996604]","[-0.8649858771556763, -0.9043428232169298, -0.8057899756082864, -1.0911967342438256]","[-1.2143879046656425, -1.3898560484296854, -1.1607453027369197, -1.5153504894277932]",-3.50540430
2015-02-11,"[0.05801317157008157, 0.36334331285274857, -0.037050284216988416, -0.2887577742679781]","[-0.02102619810874559, 0.08714944720284451, -0.16238602808224978, -0.1959527430988685]","[0.715424829040888, 0.8404998907893647, 0.6883322019083349, 0.8724845882361977]","[-1.097695778604608, -1.24516568864142, -1.2279609258544752, -1.6016186701353576]","[-1.5352947088782947, -1.7550332328025149, -1.6292678748424962, -2.00703333094268]",-0.08833517
2015-02-19,"[-0.07143497193577986, 0.49338138435919277, -0.24478336406144052, -0.18653598020739182]","[0.04860572216570939, 0.09288602265126857, 0.023987939495571715, 0.004816447979995145]","[0.7168983220901362, 0.839838969191945, 0.6955502477514454, 0.8779918002206606]","[-1.2018431511272827, -1.3336843182821687, -1.2173575452338454, -1.4000001942251559]","[-1.6282131527292714, -1.8562511215759818, -1.5752046540291877, -1.8616063886594743]",-1.07942575
2015-02-26,"[-0.11821816211892155, 0.506401604470863, -0.05571175384844196, 0.1566345090629362]","[0.18263870080625577, 0.19541782710555794, 0.17672180181615693, 0.2009633149663719]","[0.703768006051623, 0.8417315192133786, 0.6691770111298481, 0.8910575238677813]","[-0.9883202630273826, -1.1678248023643547, -0.8833884030188239, -1.2323890681439995]","[-1.3360592371281768, -1.6396297489226563, -1.2998701182065275, -1.7617999309976213]",-2.28453526
2015-03-05,"[0.10934894833223296, 0.17505202318908175, 0.21428377895880146, -0.029558064604984224]","[0.023638876810311644, 0.046111068180747235, -0.011725115864338014, 0.007420066904295143]","[0.7043813112269292, 0.8211750415573844, 0.6863205792586298, 0.8923684873833446]","[-1.1595017864662787, -1.3352548037836753, -1.2041115502560018, -1.4856974560742577]","[-1.570684297808661, -1.8597001481357884, -1.588885357840703, -1.9574904451171327]",-0.16517290
2015-03-12,"[1.263368705873802, 0.6542991091446737, 1.4625964617893672, 1.8111162014064597]","[0.12733315311635143, 0.18404954694187628, 0.11092551393822289, 0.234707274500461]","[0.7326723875103238, 0.8616928390597107, 0.7260547429486507, 0.8990685017912623]","[-1.029206715281969, -1.178155384646609, -1.1024563551707527, -1.1798380201402163]","[-1.5004339728174214, -1.737593594434425, -1.4855799906277485, -1.6652698199923666]",-4.42870331
2015-03-19,"[-0.4571961315158468, 0.14816732455269488, -0.6502561478907154, -0.18432812511477437]","[-0.09451731596693601, -0.05500177638400518, -0.16369000251598415, -0.18407475847107396]","[0.7410311983644637, 0.845984500091836, 0.7332039908902375, 0.9263205956961198]","[-1.3274246987473513, -1.4223369119027374, -1.3568502781102965, -1.7538684766454837]","[-1.7510767336419482, -1.904476937595364, -1.7905964561723764, -2.227147433522562]",-1.48904223
2015-03-26,"[-0.2384242499352318, -0.3419568256320282, -0.22775308526394866, -0.20596946371034264]","[0.033782492237696936, -0.05445213817667159, 0.08315233122802174, 0.12752223581131808]","[0.7330248023495851, 0.8558193472692831, 0.7261532718829007, 0.9157270716952896]","[-1.178503219049267, -1.5549431494547648, -1.1373400400282239, -1.3463631026094305]","[-1.5694305333436276, -2.001823320171356, -1.4895407540959242, -1.8523724894807467]",0.10460562
2015-04-02,"[0.35667765007341146, 0.0665967243741683, 0.36693721335989693, 0.41502259011556575]","[0.09923212661820069, 0.11122073729034757, 0.10445955858137379, 0.1933130868173745]","[0.7158499892212543, 0.8217759383054344, 0.7179445177469297, 0.8676970635343219]","[-1.1003160570143944, -1.1563773443357646, -1.1328597315992248, -1.1817606700692969]","[-1.5322373465646706, -1.7209595636446615, -1.5363197415774243, -1.7255864228232596]",-0.21393226
2015-04-10,"[0.5442099061724548, 0.40918791070909677, 0.5493064336841158, 0.4054766810700272]","[-0.061664020535240366, -0.04370920591650008, -0.11926089617812924, -0.22814615272668737]","[0.700818219121923, 0.8232408024687536, 0.6965065808670152, 0.8630229399321508]","[-1.213931058755241, -1.3480112074867772, -1.2869725519864759, -1.5826459659146603]","[-1.5614910709753909, -1.8393719213982513, -1.6250841273398107, -2.0123591011848077]",-0.30114370
2015-04-17,"[-1.157023585842154, -1.5723384350423864, -1.5555704590855868, -1.5745428630849823]","[-0.017617032112022916, -0.023003445728159065, -0.026929056495177597, -0.05007128831622487]","[0.7533216388582353, 0.8834192652382463, 0.7512032703754159, 0.8799112203340751]","[-1.2790552230317442, -1.554979982675561, -1.2307888045825637, -1.626071667282304]","[-1.8389141294415665, -2.150187624386922, -1.8249787906583896, -2.1103944503537706]",-6.27641020
2015-04-24,"[0.23178144050968186, 1.3478999732408958, 0.11871498031315042, -0.16367909165095895]","[0.07711436768103598, 0.13694087441703667, 0.05655253607399155, 0.013432411567286936]","[0.6920430211369426, 0.8290224131784716, 0.6924844774761506, 0.8412912128197582]","[-1.0959625784008753, -1.188018133125759, -1.0563555460958818, -1.2825751904763931]","[-1.4963643457045606, -1.7427934743588411, -1.5146486195959188, -1.8180476464978719]",-5.60348464
2015-05-01,"[1.0782913960624363, 1.3107431204727682, 1.0235313076863761, 0.33617840046220593]","[0.14545296136269914, 0.13259324117973822, 0.15141719919657232, 0.12675851949950268]","[0.6905004530427247, 0.8143078114274347, 0.6926012687418506, 0.8389960957034125]","[-0.9668832394042473, -1.1463488371905637, -1.0014778114093583, -1.2039253985656606]","[-1.4122533079104247, -1.7147390524190018, -1.4006597635385225, -1.7754117612280322]",-2.12526729
2015-05-08,"[1.3080365049137122, 1.2405320144280196, 1.4789007944100874, 0.6519313435949137]","[0.10927209459755105, 0.13015480823509656, 0.055982119599196634, 0.06817776485028859]","[0.7231264522519637, 0.8563443243604166, 0.7383304344379138, 0.8848003907035086]","[-1.098792447196727, -1.2851147089962895, -1.2296370874713003, -1.334964099986986]","[-1.4384654719547458, -1.7515337648098284, -1.5493189162101877, -1.729751536667642]",-2.55595459
2015-05-15,"[0.1083101360911165, 0.0, 0.11126851732008447, -0.18578016976720235]","[-0.07228144754594311, -0.01400239786567589, -0.14038570519990656, -0.15481649551677473]","[0.7236583867836924, 0.8567200090906325, 0.7227444225845504, 0.8781642830787879]","[-1.2604695218935864, -1.406310063608715, -1.296856915303902, -1.5350787224422917]","[-1.7465661667314527, -2.0545197518521787, -1.8157636404140192, -2.0706818179794357]",-0.01091023
2015-05-22,"[-0.23916682361324604, -0.09952478467365466, -0.294217055994217, -0.5457798175370066]","[0.06090691785824137, 0.10348612322179424, 0.032444517520400805, -0.11892820788350822]","[0.6917827886278491, 0.8563186949353508, 0.6803217195509762, 0.8763345468177626]","[-0.9889517476462125, -1.2381944174433233, -0.9847350154977321, -1.5666555827628457]","[-1.5339216135725484, -1.87494858579641, -1.52154903742702, -2.091575549605434]",0.12128153
2015-06-01,"[0.20817603782550265, 0.3356196788830701, 0.1647075893778549, 0.3237934732092107]","[0.13031437491652115, 0.10403837897735603, 0.1423659188955647, 0.16748751391450825]","[0.6680139151753416, 0.8014541476591838, 0.6763781176760496, 0.8384975865238791]","[-0.965898842079135, -1.1723939460967658, -0.934590234097609, -1.2095613850132907]","[-1.3130860107247877, -1.5941720444620415, -1.325994804713787, -1.6129459173727323]",0.26122813
2015-06-08,"[-0.6456345985385248, -1.0207473071839779, -0.46557851824573504, -0.4198696078195674]","[-0.022415063119106543, -0.0038967413515614588, -0.008760745823224579, -0.010462815283150836]","[0.7286262925642368, 0.8742732184123042, 0.7134741232461396, 0.8838936274059043]","[-1.2773187089056732, -1.5165864812177337, -1.2274951033921766, -1.5136325330861269]","[-1.718185358976813, -2.065101859883636, -1.624125821440674, -1.962228281714042]",-0.84696561
2015-06-15,"[-0.39615575760736377, -0.49778380684060153, -0.6033633924230841, -0.4266054332767055]","[0.10717751766793608, 0.07383621882091419, 0.15946685777023695, 0.23481975301406466]","[0.7177932320170363, 0.8642215184153095, 0.7258658909171524, 0.8559809479291521]","[-1.052667379330405, -1.3135861587985955, -1.0257305319021366, -1.1755287477886467]","[-1.4555464439721642, -1.7935463719908713, -1.4308198791450906, -1.6160673744852945]",-1.32803520
2015-06-22,"[0.658148562856109, 0.7343855359158269, 0.5746688391461419, 0.5352698534167644]","[-0.0387979974375419, -0.0966875211332634, 0.0033378876467802677, 0.051430716975556456]","[0.7142792850478358, 0.8625516109763137, 0.7232245912280206, 0.8864247691619204]","[-1.2018527288770342, -1.5721539635921142, -1.1934444489136316, -1.414771744454064]","[-1.5860588871536416, -1.984102547549008, -1.5868207530563725, -1.8657747754224838]",-0.60723407
2015-06-29,"[-2.133136771138844, -2.3894434041461743, -1.9713651452995862, -2.344603096110731]","[0.02171587607555744, 0.02462305205361034, 0.013209424591398065, 0.08678727883271653]","[0.6951723021518316, 0.832203373529933, 0.7003901882400063, 0.8364758913992073]","[-1.1935718978056316, -1.2948566940036281, -1.2109521668591645, -1.2991382657951744]","[-1.4920870253806546, -1.8078876699957052, -1.5250038444658887, -1.6839407733254463]",-4.77177205
2015-07-07,"[0.6462796477853416, 0.25037859629959414, 0.526390440261082, -0.009917146979532276]","[-0.007660171085022087, -0.005755848128932774, -0.01888644654271031, 0.02652540269832432]","[0.6800981887634019, 0.8228856867725806, 0.6795680491374586, 0.8327610649568752]","[-1.1062948123911505, -1.3337391226709467, -1.109014572761554, -1.3699935893331445]","[-1.481212043093706, -1.783870656841706, -1.4983737097511969, -1.776283964362773]",-3.23391400
2015-07-14,"[0.45661845160474, 0.6551188235695449, 0.42130368290518305, 0.49975680740850237]","[-0.016983310264343087, 0.055914227656417466, -0.07700724090561942, -0.0910720159129077]","[0.7485369314686487, 0.9074887778593241, 0.7470824095509669, 0.8701679577782797]","[-1.3273179664669468, -1.5434879827858037, -1.3536605065470109, -1.544320443826676]","[-1.6821316457002105, -1.9236680170123832, -1.7795509098385205, -1.9323481567187155]",-0.11882581
2015-07-21,"[-0.40527772966987285, -0.061438107661970776, -1.0056864997451953, -0.34847181074528777]","[-0.3557646555029218, -0.37116761768591977, -0.36899631308183034, -0.4461033006067279]","[0.7468307667380876, 0.8715481450006574, 0.74176125054947, 0.9050952302301918]","[-1.6283489287980826, -1.8134102364964806, -1.6416849331399725, -1.9415584668941603]","[-1.9396117204321373, -2.211136809714127, -1.95838409530496, -2.279738271350769]",-5.02061998
2015-07-28,"[1.2354571863734343, 0.8585278026944643, 1.0817046020173748, 0.657428241458291]","[0.04262649228254647, 0.034986874718066316, 0.044264176354615166, -0.025718733191413337]","[0.713463837245809, 0.874289764456899, 0.7179847750066367, 0.8591301631296532]","[-1.1083704650377286, -1.4182045837731259, -1.1272983006814628, -1.4571719754301555]","[-1.5803463722243465, -1.9383398600862716, -1.5178518868196678, -1.9205469481116697]",-4.33892279
2015-08-04,"[-0.19567445665495953, -0.18832343145156472, -0.2703341738005349, -0.3677592863693846]","[0.06226516383964327, 0.0629332177073887, 0.055274787432266666, -0.015847356377450546]","[0.6893368851394369, 0.8330494619840896, 0.6958862600243597, 0.8142211869196012]","[-1.0385410141147842, -1.2853930110040572, -1.1036311107070895, -1.3431971047198537]","[-1.4978663601016355, -1.769009013381406, -1.5087266569582607, -1.7748641446028766]",0.16297255
2015-08-11,"[-0.9349643605894187, -1.2900009942652169, -1.2127057135206343, -0.5436741848221516]","[-0.04362198646979777, 0.0980682415401578, -0.12245531336348157, -0.1418472243444348]","[0.7221316618372964, 0.8670365308435038, 0.7217091254972068, 0.8481539357062806]","[-1.2167000398913104, -1.3371576606760518, -1.3414334841465534, -1.5371740824041233]","[-1.6570853245212023, -1.8301068625109587, -1.732892828594142, -2.0561242418990644]",-3.12847365
2015-08-18,"[-0.29963838483348937, -0.5128272349096186, -0.19305915700282839, -0.5623429665006618]","[0.11791979498623942, 0.1676439887806967, 0.09207472350940078, 0.03795428429144076]","[0.694102194080427, 0.8401502366184059, 0.6911149990246335, 0.8539449139118203]","[-0.9976294877127925, -1.1815135086135986, -1.0633313292298396, -1.3443010423667103]","[-1.3545438436115373, -1.6468074195912943, -1.372712005527485, -1.7477381767952036]",-0.15658027
2015-08-25,"[-2.2968032862805465, -0.3764854371259396, -1.2994701495859573, -1.3843985377486767]","[0.2016729020530543, -0.1662669859989399, 0.23483910737908165, 0.06053807161491068]","[0.753622689623638, 0.9206916080942897, 0.7646057789130132, 0.8700320765227733]","[-1.0012455451723723, -1.6894586714560673, -1.0607225306140373, -1.4245244587380241]","[-1.5783469042289349, -2.2993789325105327, -1.5525487070513548, -1.891248622032792]",-69.86543824
2015-09-01,"[-2.886254918862896, -3.1751799178219464, -2.8828746519645065, -2.803063931626504]","[-0.21615985704234833, -0.35226522261494403, -0.18433936578606877, -0.09841573331849898]","[0.7596684507793688, 0.9141854189976402, 0.7613602447716878, 0.8786404833074446]","[-1.3718429932039693, -1.7470084070630751, -1.2952713575832884, -1.4872269658701787]","[-1.9124648515462397, -2.429270830714954, -1.8048596024784183, -2.0224858409537942]",-6.41724007
2015-09-09,"[-1.3768259425678053, -1.1297613591267464, -1.4604032505184605, -0.9375574844799672]","[0.15455370804295407, 0.31449399799641314, 0.055731183115793816, -0.057629976653291906]","[0.7603161853111327, 0.9286477260670187, 0.7662232996301116, 0.8884165162138281]","[-1.0809020265659222, -1.2783696559326754, -1.207137377377047, -1.411273621223432]","[-1.6456629906991116, -1.9486977353553012, -1.7105303569501538, -2.1124090207530934]",-3.06390151
2015-09-16,"[0.8479954695343572, 0.5618665529246059, 0.8404395328684089, 1.1056890320411128]","[0.04707863323104422, 0.11818723488519337, -0.03461763966537877, -0.0005787686709542039]","[0.7666285771565737, 0.9478240578246429, 0.7723444249269986, 0.8834888294747802]","[-1.1574235918780245, -1.2496741281835628, -1.2916013632437313, -1.4170125782648844]","[-1.6585825750166985, -1.9602375386275157, -1.7500003924900813, -1.8940800678983587]",-1.63258268
2015-09-23,"[-0.15482543556908368, 0.07679597582335163, -0.31020903569665137, -0.2823736492737261]","[0.08061687520244254, 0.034012989542226736, 0.1014988349957602, 0.11145778705731163]","[0.7875479803001817, 0.9515394200242191, 0.7964502579383224, 0.8740864764945108]","[-1.1606298054182649, -1.4213799836400158, -1.1309862081893625, -1.2425672059577917]","[-1.7081303966764299, -2.1729323675112586, -1.7107301990686927, -1.929294398391412]",-0.76576461
2015-09-30,"[1.8490096257010258, 2.276108409923694, 1.4571392710866604, 1.0824247017263033]","[-0.001614969831359226, 0.05275525177941338, -0.016299862004888893, -0.021724669887687453]","[0.8433433395623441, 1.0223138132363236, 0.8372343646847417, 0.9270369571039377]","[-1.3081239775672777, -1.6195538211736704, -1.2849834242508102, -1.5372535299602312]","[-1.923411886783154, -2.4054582665259843, -1.8775457379198084, -2.029105123085637]",-4.95290222
2015-10-07,"[0.8156073581371714, 0.598190650194308, 0.7245765846830565, 1.6156904435172592]","[-0.05689316024806917, -0.11788272068542262, -0.006640922903821615, -0.014101568463511559]","[0.8083571038196095, 0.9927483057954838, 0.8026789167281518, 0.9141655632422638]","[-1.3938127846634645, -1.743154508073341, -1.3067690599727415, -1.5205110767362207]","[-1.8582726966163967, -2.379906026070231, -1.8190714310954388, -2.012621241344]",-2.37691165
2015-10-14,"[-0.44059052660516684, -0.16035372583402818, -0.9241790335732247, -0.9729403321622421]","[0.15834371643695086, 0.10819225339564814, 0.13908771060517594, 0.17829593918483005]","[0.7954725292113431, 0.9668320256261068, 0.7974214955110378, 0.8902524026096568]","[-1.0652215260806006, -1.3806452765670019, -1.0510278327219362, -1.275287355638576]","[-1.5574792350233242, -2.0650594398035995, -1.561071051906962, -1.7772079076946816]",-4.73335092
2015-10-21,"[-0.612462015499915, -0.6119542494507968, -0.28209403300198943, -1.4866352355151768]","[-0.32911720767533964, -0.40489613741486224, -0.33207037446846105, -0.2652368542854802]","[0.7936381295036077, 0.9869447839746948, 0.8068904419051998, 0.8909457056747953]","[-1.603749047307485, -1.9968683253416961, -1.6538698973806636, -1.6406975658740117]","[-2.1264709408273093, -2.711717317808308, -2.170108629328549, -2.212610671330528]",-3.20167728
2015-10-28,"[1.1310420430719503, 0.8278500313501524, 1.120400171242153, 2.6209842843276654]","[0.36697256970981396, 0.509114125532863, 0.31965821492822566, 0.1928703803341105]","[0.8420711639795839, 1.0031415930115708, 0.8403502572435486, 0.9284021622386975]","[-0.9242639762577386, -1.0031791997075625, -1.0247136139105517, -1.2760442972254873]","[-1.5151399186522547, -1.7215374984730467, -1.5643480156486966, -1.8589787481742617]",-7.34555957
2015-11-04,"[-0.3037902267368331, 0.008696800357288481, -0.28262681052968475, -0.15424054938737441]","[-0.15925518667339997, -0.18498529116879245, -0.12856977395596791, -0.16307183302327274]","[0.8384757629110258, 1.0151963673797444, 0.8315513287876876, 0.930825658939812]","[-1.3739221893655313, -1.6119266339248144, -1.3842292065936315, -1.6189972339663117]","[-1.9581849374135485, -2.4345451274099505, -1.9138407323218845, -2.208943601077205]",-0.71251823
2015-11-11,"[-0.3939444697167005, -0.12365611302094237, -0.31578887525558486, -0.7337436544405662]","[-0.13913428139758022, -0.0843344188606129, -0.1628033190236262, -0.1233847680348852]","[0.8431909643177571, 0.996882519646369, 0.8329392913986244, 0.9257339124420406]","[-1.4869165635917792, -1.6989479523672493, -1.470785676120701, -1.578223457373028]","[-2.1172407484667706, -2.3986352996063953, -2.099000806695107, -2.1442516531652935]",-0.73215069
2015-11-18,"[1.57415794243434, 1.901277722577177, 1.4061173016537865, 1.5047455169485247]","[0.08849972328802919, 0.14540376082457396, 0.08960023447641002, 0.051919796285840314]","[0.839134190410877, 1.0046380459081221, 0.8412166799971986, 0.9256937176260244]","[-1.24650459295223, -1.529789382230445, -1.2674521059200485, -1.4256375101750218]","[-1.8454381655967673, -2.2055325846236142, -1.8542247490940107, -2.0896405536237945]",-2.02034605
2015-11-25,"[-0.014322720198300942, 0.08766543909395352, 0.006736732429146741, 0.4718468100444184]","[-0.17125884055173204, -0.16761917539225454, -0.15596504258012675, -0.15392305513522697]","[0.817075527285977, 0.9551238066707093, 0.8208780473318131, 0.9401211726474855]","[-1.4610226782463167, -1.6343226813052383, -1.4860401504053393, -1.7216281379299907]","[-1.9243194588006467, -2.3158363515714457, -1.948250091811541, -2.1964598159779305]",-0.61484560
2015-12-03,"[-1.4097269061463358, -1.7096002136645971, -1.4316005269595422, -1.3799121928130376]","[0.2549487466804772, 0.24873419191363014, 0.2569745883952619, 0.2206933758471308]","[0.7850526736945221, 0.8849644562218278, 0.7943272773689298, 0.8905843558218158]","[-1.048950480407857, -1.1554860953779709, -1.0444424536758439, -1.2502222517048514]","[-1.5784316260186886, -1.8371316144863956, -1.568333838238383, -1.733277672800026]",-2.51833056
2015-12-10,"[0.2577950381854599, 0.4507470619436127, 0.4702428743424747, 0.16079849775216815]","[-0.390031090587393, -0.45047880373026467, -0.37671950951813327, -0.22450176277664435]","[0.8401835550077429, 0.9803391520267003, 0.8449741405774808, 0.9162448915941462]","[-1.729810938473016, -1.9709211080702351, -1.7113038005509325, -1.662103910139584]","[-2.239486951649983, -2.731296619987591, -2.2078153169306125, -2.194537138681183]",-1.26144518
2015-12-17,"[-1.5355438832407309, -1.4671273469443413, -1.4371108616327177, -1.0420465900534914]","[-0.034639522235714156, 0.14826619235113442, -0.046676681725957424, -0.04228152668140299]","[0.8161765777030039, 0.9692456110054541, 0.8091099167286144, 0.8952062740108598]","[-1.3539989771753538, -1.328101237665353, -1.3885416751373634, -1.4548382800200332]","[-1.863178479132101, -2.0646953090816185, -1.8513197543483344, -2.019277600409929]",-2.14494014
2015-12-24,"[-0.16515506987593298, -0.01775299283117704, -0.2869597512072275, 0.141048360362106]","[-0.26628535781042517, -0.1689964507650697, -0.28222858638383824, -0.15280876313487934]","[0.8577683673923068, 0.9806793939046373, 0.8527294006052687, 0.939295368343187]","[-1.608260241498871, -1.7268926405182903, -1.6503147466865675, -1.6628468182796758]","[-2.102129516050138, -2.3094768337792506, -2.140404612902852, -2.110949429092676]",-0.34907671
2016-01-04,"[-1.4083276390277177, -2.132343797867886, -1.5971314187774865, -1.988310246149183]","[0.04184382214125667, 0.08881152159945141, 0.029607839454624505, 0.025832892675352163]","[0.8467620712556643, 0.9739046681517526, 0.8556743313476416, 0.9231077906070527]","[-1.3656244625322085, -1.5343724797790208, -1.3827735063560749, -1.524000101935571]","[-1.8696324641828759, -2.249633843081303, -1.9351727421179592, -1.9878181422250727]",-5.72566869
2016-01-11,"[0.09739096737053643, 0.30720969744111315, 0.31833875206146445, -0.035035285480589096]","[0.4141734161464222, 0.49924748270201325, 0.392748414642451, 0.19113906670457823]","[0.8745400362260422, 1.021896261881164, 0.8760796730475753, 0.9454570849787411]","[-0.9904483493088055, -1.0812777330664132, -1.0069358127815085, -1.3860634867278527]","[-1.5022709145559525, -1.7710645783563481, -1.494319345380405, -1.879727570594965]",-1.20470220
2016-01-19,"[0.13300432909710835, 0.21795473168797486, 0.1746026733959738, -1.0354181614484759]","[-0.4098952754229438, -0.46318484434213913, -0.36437957639333074, -0.19929758212401003]","[0.9128887928403845, 1.0786145004413383, 0.9096679066361874, 0.9658414504039939]","[-1.83669897958768, -2.0891445296159783, -1.864243191588434, -1.715781355579753]","[-2.361416062055812, -2.8766880974013747, -2.3081205058553182, -2.292646599000686]",-4.13138130
2016-01-26,"[1.3551152653849208, 0.8959403666422006, 1.7597236859897336, 2.5489714091852633]","[-0.04598004566196375, 0.05913161808688783, 0.014724441004909845, 0.03254038069562651]","[0.8637695561059187, 1.0118150626247473, 0.8570812241893199, 0.9672420228680846]","[-1.3745536405294978, -1.4398871926594023, -1.2924504554255576, -1.5990067074416332]","[-1.9079742357295801, -2.2644881779642083, -1.8220396869080195, -2.0391854353473597]",-7.03619555
2016-02-02,"[-1.8186319284003716, -2.1883072107706347, -1.8136407249230047, -2.011174187617115]","[0.050537270561085805, 0.21050571549426927, 0.09729486862748975, 0.11067554698628904]","[0.896706920655262, 1.060535520676243, 0.8924870295263002, 0.9601266341141573]","[-1.3762645145507564, -1.3860959397004247, -1.3561220732507162, -1.478074131997768]","[-1.8399788808162987, -2.0824174028941926, -1.8325609652740562, -1.9907694776104576]",-3.54775469
2016-02-09,"[0.005411430023816166, -0.31100906103320725, -0.07908511361929271, -0.7823083467690672]","[0.038772170710128465, -0.0917820231344605, 0.07042350235476533, -0.050766164783120765]","[0.9090113406954946, 1.0731908755835933, 0.91279726152865, 0.9612981904073138]","[-1.4534734141408447, -1.7303862069793472, -1.4563745427452177, -1.5853012243821372]","[-1.8745777923173939, -2.432598201464869, -1.8414852582512962, -2.029012032609622]",-1.82640905
2016-02-17,"[1.6202883759143916, 2.2395368558484563, 1.57686641170951, 1.0840563286449445]","[-0.16320391845000695, -0.11403268839760221, -0.1508210692703972, -0.22652641646260047]","[0.9341916359550924, 1.110936796519916, 0.9284677943674892, 1.0088454597004217]","[-1.6784920517198176, -1.9025654546500572, -1.664861294269355, -1.877968662767553]","[-2.3208699577797605, -2.689186928878105, -2.2948663690997164, -2.456646925489002]",-2.80368170
2016-02-24,"[0.4565434463677853, 0.9503690150908461, 0.32330053250877455, 0.6943252933095501]","[-0.21783287789220696, -0.3129455649162961, -0.1547103797098994, -0.16903425267029884]","[0.9479246877630361, 1.1446945066041299, 0.930700823905087, 1.024901895195886]","[-1.652322651404225, -2.1368868821241405, -1.559631584376473, -1.8613545558161249]","[-2.3232685621952296, -3.0123927315943195, -2.209654059602869, -2.5024833825599764]",-1.75347088
2016-03-02,"[0.4482723594580129, 0.03778447060192036, 0.20281723790223083, 1.1841180913296334]","[0.18282789651653392, 0.3119064289609523, 0.10733182868033019, 0.03513950956119026]","[0.9761205045663963, 1.158943694396452, 0.9732388384354506, 1.0347227539066954]","[-1.4409721230240073, -1.6953691930962327, -1.4166541441080804, -1.6997597361077874]","[-2.0052835040261776, -2.424231071022806, -2.0752295410379373, -2.150803415529913]",-3.35865968
2016-03-09,"[0.4927363733609802, 0.6412446230156021, 0.2135173871492313, 0.555496227083907]","[0.20953679503226208, 0.30188799147953765, 0.26007281815132144, 0.21718588139572872]","[0.9275657887481327, 1.1139167613591678, 0.9224657324213571, 0.9999781317734784]","[-1.2405735852644275, -1.3558400716024315, -1.2159214953235975, -1.3612347207644169]","[-1.7999348697787299, -2.2271163342380875, -1.7168648365320356, -1.8509041285458918]",-1.74589629
2016-03-16,"[0.5770434305821581, 0.886983257668561, 0.42935761613787093, 0.7739245118737692]","[0.1998618280347519, 0.22818507809901878, 0.1439856739983107, 0.17507606852721744]","[1.0021571786258239, 1.1891175239371845, 0.9936272060988436, 1.0408134310316182]","[-1.395303539588396, -1.76353626656043, -1.4840223011136793, -1.5662443006267224]","[-2.0237901941694805, -2.5675810289344394, -2.0499298017133616, -2.049715953110702]",-0.98607335
2016-03-23,"[-0.6626256508370787, -0.8265910699918777, -0.4559200444900213, -1.8003713163280644]","[0.13647147907082097, 0.11960820956739686, 0.10472088063952009, 0.03730984086352764]","[0.9098141254155314, 1.089094204103365, 0.896845773778691, 0.9968157149989559]","[-1.375919730109068, -1.6739538496360442, -1.3435112071624697, -1.6781938770105225]","[-1.8408866157034978, -2.315823728468835, -1.8546907875788319, -2.1181406406707577]",-3.58828343
2016-03-31,"[-0.24299968726309018, -0.14640427303689307, -0.17835281232478906, 0.010745486772911761]","[-0.0542900544871615, 0.06826305406321177, -0.02420649619680392, 0.12156622838429909]","[0.9795000472819863, 1.1791965227313896, 0.9683692140615779, 1.0534473547444538]","[-1.6243686402694937, -1.7233112432555548, -1.524884829331069, -1.6081088771864758]","[-2.164663056995288, -2.635128983563645, -2.1551138386178543, -2.026324182767936]",-0.56831398
2016-04-07,"[-1.20380888791205, -1.447131619955666, -0.9875283079603392, -1.348780971884267]","[0.12650007274018574, 0.20007994878264143, 0.03824426479898597, -0.08993324034343377]","[0.9468699140751781, 1.1136405684849606, 0.947655250766287, 1.0380268004103304]","[-1.3836648298680594, -1.5429785910080525, -1.4820024348371161, -1.7004044154986435]","[-1.9327188259713768, -2.333587237702446, -2.067763724071036, -2.2640732556731655]",-2.28117924
2016-04-14,"[0.004337079219585149, 0.009005148085439174, 0.10129844249906483, -0.010602817544214105]","[0.018442507970511217, -0.03450945976264414, 0.04786806567340045, -0.038056467532615657]","[0.9880941924159642, 1.1736124523983642, 0.9800177127392943, 1.0670409027581185]","[-1.5796154458612108, -1.8151569325796855, -1.5164333209760845, -1.8380337132563829]","[-2.246267747108787, -2.7606947724741735, -2.1830487590941887, -2.313223023327885]",-0.57711197
2016-04-21,"[-0.5393082120312087, 0.009027122405669274, -0.630566473569516, -0.9261270683881939]","[-0.05176210823690231, 0.0036162253771466002, -0.019970357102636577, -0.029065828736023147]","[0.9906758716709362, 1.1903942583133504, 0.9840178613263256, 1.0745292251551049]","[-1.5213070640578357, -1.7253223141446679, -1.4752723514277102, -1.6916042986155193]","[-2.145514185473334, -2.6775021381700452, -2.0580754800587395, -2.364118706772411]",-1.81987123
2016-04-28,"[-0.9126569656038086, -1.2157978631399224, -1.1752375364615375, -0.9455949866508995]","[-0.3910673500372546, -0.25396852137703974, -0.34956489789873035, -0.10696964821846278]","[0.9619446659172514, 1.1335839481242131, 0.95598137546922, 1.0568598184036013]","[-1.8233005369900588, -1.9006323266216663, -1.8080614266416644, -1.764427636420488]","[-2.4612410924983563, -2.779519113067589, -2.428498188024295, -2.262357161405495]",-3.22514377
2016-05-05,"[-0.019515380147350214, -0.02857102740057016, 0.05352292848908036, -0.38296828674653227]","[0.05758406043965644, -0.012611789706553017, 0.0382829880287672, -0.04672613224419191]","[0.9351047671352398, 1.0819125194424215, 0.9392649256923228, 1.0587325747328418]","[-1.352753708845228, -1.6603009033891456, -1.3663819545831684, -1.8205103541833545]","[-1.9255277655230785, -2.3264601904038584, -1.9508492800142372, -2.2612715950987994]",-0.76514787
2016-05-12,"[0.029072692318177218, -0.4429019516394739, 0.052947058131280755, -0.3070616566973605]","[-0.010770116611873999, -0.00863555999447769, 0.011646060640816273, -0.04589757231136549]","[0.8970879900511358, 1.0869201906162265, 0.8859813760378341, 1.0224585848457817]","[-1.4022839010499448, -1.755146976125714, -1.4231744506306865, -1.7226158102604905]","[-1.9508057220120014, -2.4225444011138557, -1.9254440923898786, -2.2326414126655267]",-1.55436054
2016-05-19,"[-0.34710784627476343, -0.5208884835156802, -0.5218245798953802, -0.8605927347574927]","[0.18151235967605828, 0.09935411774082738, 0.1625273270237749, -0.020568773214979092]","[0.9281076798434201, 1.1076639911284158, 0.9226067933613457, 1.0213738385413706]","[-1.2732873102455318, -1.6386802651404586, -1.2499952047101501, -1.6108820536325241]","[-1.8008703640773984, -2.3334040665542624, -1.7869579339461383, -2.170850912676112]",-1.19317759
2016-05-26,"[0.028686558565738096, 0.2925289806089637, -0.13015769863109483, -0.1562666309302685]","[0.043690120608574454, 0.09361655240531155, 0.03119741745113514, 0.19015484779356326]","[0.9167725707698823, 1.0898654444999494, 0.9098790674309799, 1.0180059319776884]","[-1.4609926673894331, -1.7778170629187935, -1.483116714188451, -1.5030012364924665]","[-1.990347893137192, -2.307874297528995, -2.0038654841894328, -2.055037335957912]",-0.84813035
2016-06-03,"[-0.29916046766915727, -0.4713701482590871, -0.1767398530294173, -0.42991986239035995]","[-0.130038613652805, -0.08282085578904495, -0.11606636754939918, -0.06935002394875552]","[0.9639671311793531, 1.1398280379524819, 0.9632223391657401, 1.049501293022246]","[-1.7145522760529421, -1.9311267258854345, -1.718451101047823, -1.7804894581835846]","[-2.435257877106196, -2.87004519144492, -2.3753214497271875, -2.5469538683192017]",-0.71743035
2016-06-10,"[-0.952270371319397, -1.1408928623182213, -0.6686118530614849, -1.1668790195776602]","[-0.0506706818476476, 0.06460242919561024, -0.06264982436811535, 0.04425871615672619]","[0.9187153153836963, 1.1121987622848546, 0.9036867288050284, 1.0153530276379448]","[-1.4897616674792167, -1.69779379606412, -1.4133287541235728, -1.580911370664112]","[-2.0890644810283026, -2.4929534593435703, -2.0493653234822338, -2.086837409154739]",-1.96264732
2016-06-17,"[-0.3731381442204196, -1.1790350826579754, -0.32726856227167644, 0.12422008097718873]","[0.03683861692577314, 0.1083651400843849, 0.012757241453559021, 0.08036831680247382]","[0.9056595886666371, 1.073513748764174, 0.8902687040946372, 1.0206405532753517]","[-1.4375628855819238, -1.593213187569418, -1.4252427302829107, -1.598241760283781]","[-1.9992539437002748, -2.310013676598986, -1.9847766268328308, -2.228055505512011]",-2.67548565
2016-06-24,"[-3.711101231842129, -4.206021161898654, -3.4524408650062455, -3.7266494011561235]","[-0.0032488719827870913, -0.08221522286608941, -0.021901355451514035, -0.09076876475864831]","[0.9475511469983365, 1.1074715139886542, 0.939045435651439, 1.0477877409095808]","[-1.5636373679907485, -1.8696229669070414, -1.5456455071642403, -1.7005186341425842]","[-2.099142338170601, -2.5941179947272297, -2.1138619121322457, -2.348220009803121]",-8.28285476
2016-07-01,"[0.2126930776784164, 0.500887026568364, 0.1080286932918284, 0.3591061634504733]","[-0.28093163901698115, -0.2926459443893891, -0.2739371728053048, -0.1348926698211096]","[0.9758496989321769, 1.1634368740997814, 0.9641318458105739, 1.0550379830835424]","[-1.802648414610382, -2.1034808159916487, -1.7751489554322628, -1.768507445325761]","[-2.590514969477358, -3.101948116421778, -2.532403114272968, -2.4072724683878817]",-0.78654278
2016-07-11,"[0.35206020725002674, 0.5695226819424803, 0.4409240525749425, 1.2339381490622081]","[-0.03719299735649224, -0.14824807594890166, -0.07560267282471837, -0.0700775577444386]","[0.9599255407396918, 1.1406592723227942, 0.949620959325656, 1.0854970352717521]","[-1.4933323851837366, -2.0595302411502097, -1.5195355546566414, -1.717430136066142]","[-1.9613999844158878, -2.6375442950307475, -2.000063123937019, -2.302312429884409]",-3.18328794
2016-07-18,"[0.26791439297984, 0.6597201507686279, 0.0890697934167406, 0.19710327768640568]","[0.015609580801403553, -0.11018682564699936, 0.005777438184280014, -0.08266259676693487]","[0.9410499780420953, 1.0918860270579613, 0.943425081425249, 1.0661693331752387]","[-1.440099022187305, -1.8464396752881416, -1.4390950361334185, -1.8168650589613158]","[-2.026480195019255, -2.548065571376378, -1.9950818418414382, -2.359264841544801]",-1.39429690
2016-07-25,"[-0.2719473569474218, 0.008804544106588708, -0.419762050046657, -0.18716510344534143]","[-0.01421552574537791, -0.03633842067456467, -0.039638141875338206, -0.02757759256865651]","[0.9846579908791345, 1.1619094234579663, 0.9739334934953587, 1.1137867165205972]","[-1.5379281842519692, -1.9424196314739575, -1.5528636073398865, -1.8964432393428978]","[-2.119022044698705, -2.6868982553643868, -2.1062459125818767, -2.4047266044014326]",-0.91608138
2016-08-01,"[-0.08294191745230606, 0.5279470639175443, -0.150556198568097, -0.29489940201834486]","[0.08785078527510591, 0.10802045671874849, 0.05682417074260334, 0.08494358445227489]","[0.9070078102724828, 1.0844697398507435, 0.8996677771162475, 0.9996676425138136]","[-1.295156628660134, -1.5855455912599776, -1.337960660664355, -1.5752715820850556]","[-1.8740810667963188, -2.1930332093196294, -1.889468212696754, -2.0452834577451555]",-1.40563770
2016-08-08,"[-0.05959514936293431, -0.11138064055717933, -0.07682178318422217, 0.05820175385977677]","[0.007432898650767097, -0.11508727906557571, -0.0013548535865046745, -0.01871049343353569]","[0.9528583876920509, 1.1501018219798889, 0.9397136302968004, 1.102913675221893]","[-1.4966820161991277, -1.9533915543748386, -1.4951376299216756, -1.8161853621259076]","[-2.0894732031165915, -2.7501938731765416, -2.0530893097821097, -2.420213128958365]",-0.43691483
2016-08-15,"[0.2879645726475921, 0.42573343989564805, 0.3202150830416528, 1.063843114952867]","[0.037763536540556863, 0.01252021548903335, 0.025409189304520772, -0.041893707558415795]","[0.956408581140279, 1.133074149615565, 0.9640388637793493, 1.074545035015073]","[-1.487986516027696, -1.749091016002024, -1.5253971561995963, -1.7184678653398673]","[-1.99277759165734, -2.4954510962983165, -2.0300551497702237, -2.290243802554526]",-2.32324023
2016-08-22,"[-0.004578020922352266, 0.07673667269934015, -0.12485847176755271, 0.14432143950431353]","[0.08292002341486995, 0.15002547351820458, 0.10187120506464349, 0.0997958859906412]","[0.9250446536444775, 1.1050764256673902, 0.9374274129493437, 1.0605124516631756]","[-1.4513571010029285, -1.5490538092536246, -1.3905057294641574, -1.5435698731701961]","[-2.0255508958669743, -2.3805180244184982, -2.0449407446264365, -2.3064499259463194]",-0.52107253
2016-08-29,"[0.4916811137571919, 0.13693165244763605, 0.5831707286802157, 0.5752118647818882]","[0.21302964487458215, 0.2919296704446066, 0.20592425747743967, 0.17701143389554747]","[0.8831548051821329, 1.0804400721071203, 0.8763541606819159, 1.011296249823759]","[-1.0326313329982628, -1.3232712372239128, -1.1094513673211386, -1.3849154778514154]","[-1.5936869448888107, -1.9126237475996621, -1.6218016881131192, -1.9159926759946426]",-1.08370665
2016-09-06,"[0.30225730268353956, 0.6213567621713878, 0.2493109596809262, -0.08557193200919855]","[-0.0020836621608456996, -0.0821341598274583, -0.02158286175728007, -0.04947875950574885]","[0.9171587006393497, 1.128491372048609, 0.9020930463721968, 1.0305407166966543]","[-1.3592376641021484, -1.8155396468114782, -1.4115716500985693, -1.624648723330558]","[-2.025920116502016, -2.7164197297679262, -2.0608117051529384, -2.226906779926661]",-0.74594062
2016-09-13,"[-1.4479969422132477, -0.8980140194630337, -1.4196835370585248, -1.986826517794782]","[0.2610663624045846, 0.19950831491946364, 0.17177829351231133, 0.13814746722434007]","[0.8870439190618439, 1.0720009579038596, 0.8825996126313961, 1.0176040517067375]","[-1.2078724557045861, -1.5308077708839305, -1.2759638650840153, -1.559430977615417]","[-1.7779807960747005, -2.3297087374596894, -1.828842872212933, -2.221359197634017]",-4.43916645
2016-09-20,"[0.004698588143714488, 0.18821638417056974, 0.054013600712643495, -0.48680999531107716]","[-0.1248340749707224, -0.15497182066636228, -0.12644540270183255, -0.08129612536097006]","[0.8928137048619448, 1.0727926985825806, 0.8850762855168818, 0.9822544680250562]","[-1.5884122602592547, -1.9289044713287649, -1.577199603035038, -1.7234632411715205]","[-2.192514118514569, -2.7416984241304196, -2.1709103695641234, -2.2933026565778607]",-0.82491594
2016-09-27,"[0.6188785802437202, 0.9837352381689257, 0.7349069351267445, 0.18338877649695107]","[0.027597973931484044, 0.09402287984767625, 0.018087112268699926, -0.017217069618032228]","[0.9495785868940163, 1.1411927309101497, 0.9440220491823141, 1.0388507110925298]","[-1.4444330620707528, -1.6814495100670965, -1.4174483557137643, -1.698349795392851]","[-2.1473044912797095, -2.6379606961605697, -2.1312956982504843, -2.230501217328077]",-1.13020880
2016-10-04,"[-0.5110931079141956, -0.1519403374692807, -0.4689443363089296, -0.5192341236675446]","[-0.032975484304291744, -0.01725257986356233, -0.02586419936439349, 0.010376061158779934]","[0.9040655975256676, 1.0563569619442221, 0.9117641715305147, 1.0242269371808883]","[-1.5223734604544459, -1.756176479949123, -1.5252883535463753, -1.6136086591713215]","[-2.1153533191518807, -2.4708707813554494, -2.150531481740479, -2.2841606898358284]",-0.88307051
2016-10-11,"[-1.2710149063372533, -1.4362179869580771, -1.0992575931441095, -1.567587327972575]","[0.052851941229491016, -0.08648790542064867, 0.0301214912567003, -0.0913310394969217]","[0.9470786663917881, 1.1231623920098543, 0.9272192961854941, 1.069899159532761]","[-1.5298789309302698, -1.896288717433238, -1.505235375836802, -1.9195871310232857]","[-2.147988779118057, -2.6977312092097296, -2.122494695355181, -2.5225574057829263]",-1.57537649
2016-10-18,"[0.6242817361330033, 0.8863223995713376, 0.41679210332929983, 0.6246217659001019]","[0.09207414049944085, 0.01972609693152912, 0.08125910703912755, -0.014366398888518676]","[0.9395443798409268, 1.130044268711562, 0.9290296135110562, 1.059172732508744]","[-1.4241255129433108, -1.8558632306069516, -1.4145005540436568, -1.750884933536424]","[-2.0850239300346063, -2.5979200939372578, -2.0754437481448473, -2.2612811244751536]",-1.06851392
2016-10-25,"[-0.3356192713478201, -0.31829960518088285, -0.295447328723597, -0.6480098117561006]","[0.3388763924318784, 0.2933566940055926, 0.31291313862551284, 0.2050561401959556]","[0.9036072484295767, 1.0959442934652537, 0.8708335566334774, 1.0470866138880446]","[-1.0786666741428759, -1.4055553411330695, -1.0337548608434561, -1.5326455352446335]","[-1.6435503353156136, -2.261788601042379, -1.577015139604343, -1.9755799559637603]",-0.62652758
2016-11-01,"[-0.7271675983080428, -0.7550651036691391, -0.5822094792890198, -1.2294494704844006]","[-0.1993432459199112, -0.2925444227235211, -0.19294486088339471, -0.30838248966555515]","[0.9103315276568598, 1.0584256282324693, 0.8973049901360768, 1.0639787666296003]","[-1.688589805212434, -1.8784304447821272, -1.6303435227930279, -1.9408037228136157]","[-2.2638502850038673, -2.6353193023961228, -2.208634413715731, -2.588066356960788]",-0.87935889
2016-11-08,"[0.44937782628000633, 0.6510917537841721, 0.3997563282435834, 0.17679139043158543]","[-0.16134404006889885, -0.11996638326250038, -0.1520467981764362, 0.07122985990610226]","[0.9139608302036724, 1.1051379529327126, 0.8865193808055449, 1.0713327600601237]","[-1.6353892657690052, -2.0121311878939414, -1.637561339096416, -1.6454400388082322]","[-2.2762016988352043, -2.7956223227801473, -2.194443227029605, -2.2947020424105196]",-0.93742402
2016-11-15,"[0.77723009807249, 1.3775364380061106, 0.2877349554408326, 0.3670360335307876]","[-0.2490711409274268, -0.3052994157364997, -0.12640477689996674, 0.1431005117614575]","[0.8920706029001929, 1.0541278772097813, 0.8788008421221846, 1.0739603417215056]","[-1.7136023695496074, -2.0011000032888933, -1.5109965030145425, -1.5121019109883935]","[-2.240901108240353, -2.657520142862728, -2.08929128218401, -2.18679336913969]",-6.81180832
2016-11-22,"[0.1951358822633864, 0.303253441981699, 0.3537602924289729, 1.2142485400156389]","[0.0675139050480021, 0.1998713159425701, 0.04771867467733009, 0.17481728878315692]","[0.9162381634515538, 1.092776576875248, 0.8999019205968544, 1.1109747466241011]","[-1.407828584821324, -1.5089183343914634, -1.41445324593609, -1.6636527803438301]","[-2.0655926499383868, -2.356434038478043, -2.0157012890199635, -2.3669761824397573]",-2.40256813
2016-11-30,"[-0.24020192348972458, -1.2180815052102112, 0.010354245956101238, -0.008699507991671851]","[0.07415711008131194, 0.03738345350354261, 0.0324266089244056, -0.04814908619390793]","[0.8838287162541306, 1.0658139012255492, 0.8742587088692247, 1.0608996963003146]","[-1.2837943462945978, -1.6891004129486515, -1.2888014590471502, -1.7064684226193552]","[-1.7870957199340496, -2.208493411517816, -1.7987808997809742, -2.2968712927063093]",-3.40806993
2016-12-07,"[1.2817626688278239, 1.2582810781005094, 1.535232491091243, 1.1438280481668173]","[-0.008959424924404536, 0.08625883701177545, 0.015237308947482795, 0.18218547085431905]","[0.9007665113785729, 1.108626247276478, 0.8750244510939007, 1.0455068461282235]","[-1.5169475162336434, -1.7426140424005558, -1.4053808822462899, -1.5028154270218137]","[-2.0309329760927044, -2.4942222652906065, -2.013683909614309, -2.0982844890598837]",-2.96167004
2016-12-14,"[-0.7981164457475209, -0.20775057594066837, -0.5978295922178134, -1.477792570313774]","[0.09384989848143732, 0.033941429198667904, 0.03864575315532305, 0.014828098043752628]","[0.9291188913472671, 1.1019401777228335, 0.9166070698410107, 1.1062719386921303]","[-1.314641815301369, -1.6892087498394814, -1.4077241466236083, -1.7802425612185309]","[-1.9835211274574025, -2.4957155515889995, -2.05029560248779, -2.3813071471241956]",-4.13884004
2016-12-21,"[-0.24770813565488936, -0.07466633130936984, -0.16364131039399155, -0.5519247408623862]","[0.17937945152312515, 0.11390511465482385, 0.198388152955407, 0.2555591240660199]","[0.9073648137898721, 1.0972083696572257, 0.8899420042327788, 1.0838452496173747]","[-1.2627121476920518, -1.6375134947587893, -1.1467881700169762, -1.6160943581605063]","[-1.9529112448008146, -2.5716558621037833, -1.8671287026256365, -2.2148895288021633]",-0.85236062
2016-12-29,"[-0.04903390020540854, -0.1419099281304348, -0.07010737811707912, 0.09215298045823772]","[0.25882804225242556, 0.30606606781939383, 0.2599391285674081, 0.2035949705349896]","[0.9290142571707914, 1.1257722171936229, 0.9075110846605038, 1.0871231648185529]","[-1.1968561881910358, -1.3073078211974927, -1.209235283777879, -1.5140842407809476]","[-1.799672794447706, -2.224811351696479, -1.7960208538161666, -2.0542725606944288]",-0.47014466
2017-01-06,"[0.3923653799319915, 0.8731483382807603, 0.32365808227243775, -0.33462981188332463]","[0.22323913780942223, 0.5617655462277527, 0.2072301798526396, 0.3547906810917202]","[0.915549311965685, 1.1214282313195183, 0.8901015621792471, 1.1209501811895115]","[-1.217698528984288, -1.105394351884611, -1.1866080693281924, -1.535167590145021]","[-1.8268317603460706, -1.9368240004684916, -1.8219690744205752, -2.125973426966866]",-1.72280277
2017-01-13,"[0.2116521732741461, 0.3415872793154584, -0.026497904834421604, 0.6406985347547689]","[0.005494412152629482, 0.14593277816218936, -0.03258604646151927, 0.03259474365228428]","[0.9233257926358855, 1.1157129529316316, 0.8967986127433297, 1.0784110236970672]","[-1.493970574176416, -1.5920629573356724, -1.4565560110813696, -1.7296248024172998]","[-1.9093381627024095, -2.1993606284273, -1.9282513668961858, -2.2695864045994694]",-1.13553012
2017-01-23,"[-0.2516897516576577, 0.08108197393044136, -0.13828922311560632, -0.34951245529590835]","[0.1250770882545777, 0.054272499241225625, 0.11097455882123568, 0.12779877731676245]","[0.9016315140880131, 1.0920870634727158, 0.8812419440485147, 1.0958400258196017]","[-1.3011984228727222, -1.6318924290971928, -1.3172454262783733, -1.6281707200309068]","[-1.805527129830852, -2.2700329818457634, -1.7882136469659466, -2.1337703113034334]",-1.48718630
2017-01-30,"[-0.6088714626752534, -0.782077181002272, -0.6122583734157416, -1.5382266516016152]","[0.23763083629633835, 0.23060644378791545, 0.20558031012929967, 0.15933209655139724]","[0.8912599742790114, 1.0968849698147738, 0.8652696008942377, 1.093296533157931]","[-1.2041585837734352, -1.5099180122623848, -1.2221777056398013, -1.632015038418613]","[-1.7961684889379805, -2.3703827678543834, -1.738415336476972, -2.1843372126903917]",-2.05336483
2017-02-06,"[-0.16581250478866494, 0.11928442940769557, -0.09490608300666281, -0.7480514669492955]","[-0.10751882288640144, -0.2668574465514008, -0.06019080102978686, 0.02035990440582642]","[0.8914876271653046, 1.098991679257025, 0.8730862777556686, 1.1098447286747684]","[-1.5749608388920324, -1.930371521969701, -1.4502565233222817, -1.780408540232797]","[-2.1068920811593923, -2.7651337687501014, -2.0155635002165546, -2.384826761887475]",-1.51607464
2017-02-13,"[0.542819246223214, 0.5636411632896632, 0.7019922130863776, 0.3992311291078465]","[0.028577005802238348, 0.01091096570595316, 0.07766393575371117, 0.17256881880779407]","[0.8697428230424384, 1.0587730985946815, 0.8543096604822477, 1.0677662401926866]","[-1.352427235066345, -1.639033468698268, -1.3002023825791973, -1.5179348468994807]","[-1.8372006373450804, -2.2666157723728144, -1.8005611833002286, -2.180080646105419]",-0.91328665
2017-02-21,"[0.5854075782104395, 0.491793122084605, 0.575096981014589, 0.832005429771776]","[0.12574605318847254, 0.16103291688148214, 0.0939480356752116, 0.11078047874148512]","[0.8266409640041692, 0.9926348869803356, 0.8141465748097236, 1.042984903088725]","[-1.1996179066990407, -1.3622857226357046, -1.2148272310602617, -1.5784830891249158]","[-1.737286934534085, -2.0946777026638164, -1.7911275528813144, -2.1832197486351252]",-0.49483914
2017-02-28,"[-0.24918055150626728, -0.3071622129001028, -0.12100934785124196, -1.5268745704759112]","[-0.04698054704448586, -0.12778895980832325, -0.02433731142957528, -0.04047330619863228]","[0.9005205132295232, 1.0866855762188485, 0.870175232159141, 1.10106829720474]","[-1.4933372938942655, -1.786720447981677, -1.3505762054518402, -1.9193720819488118]","[-2.2220830860377645, -2.816534509346056, -2.0898487796342753, -2.4218233560878444]",-3.23975537
2017-03-07,"[-0.3075320117686964, -0.16841831979519384, -0.14126380423178375, -0.7071904064194889]","[0.12454577458167539, 0.1559594388032607, 0.12243066504537835, 0.1085405448071438]","[0.8713100128372491, 1.0376087031725651, 0.8643187304311639, 1.0980844279306243]","[-1.2139116339657792, -1.3522016988703294, -1.2181032171309774, -1.6432759116188358]","[-1.7975110276835327, -2.1737376215691073, -1.8000451687178067, -2.1639874415429134]",-0.99861383
2017-03-14,"[-0.36230518694555514, -0.2434440745062716, -0.21146324233356495, -0.4960709796088203]","[0.010384670209621529, 0.03727174758859821, 0.02948252228166937, 0.02140318714013711]","[0.8559515524396978, 1.0313485600396268, 0.8468182882929164, 1.0636476127393746]","[-1.2819528520550763, -1.4387856087452695, -1.2237804079663472, -1.7343889806095145]","[-1.8937501157647532, -2.2195254070620085, -1.893216537631006, -2.2928922893835635]",-0.73750907
2017-03-21,"[-1.2625251314485553, -1.5058804348570654, -1.1442408181407515, -2.9223605552846976]","[0.25726831229998637, 0.32423221742210173, 0.23996214354299064, 0.24808104270926892]","[0.8603943091216195, 1.0222119495029987, 0.8399424112893655, 1.1009910248228771]","[-1.0601708870607258, -1.21493487186688, -0.9968662617624247, -1.5649897103177548]","[-1.7723531493187454, -2.1227618050901182, -1.7348048238080822, -2.2216344240974513]",-6.19604231
2017-03-28,"[0.712365986925434, 0.6095876077060858, 0.7297533044409832, 0.9676038883681848]","[0.17468422464240074, 0.17115060104885138, 0.17628170098783802, 0.14296026116597665]","[0.8319768135157176, 1.0012092386092368, 0.8043680168379375, 1.0904334497648172]","[-1.248964506818999, -1.5161106606775723, -1.1955138162012713, -1.5889003774807389]","[-1.7534987936762028, -2.1867266423248486, -1.71777321037496, -2.319955535465046]",-0.40750743
2017-04-04,"[0.07644060439018219, 0.15860749166973775, 0.18882695148096929, 0.05134241383011329]","[0.1280290683110475, 0.22441691087533197, 0.07661764951363098, 0.1706455744010194]","[0.7731757626434296, 0.9131818030552199, 0.7499149660235102, 1.0363891484765273]","[-1.113821875034042, -1.4629349212354745, -1.1251367452591188, -1.4435617240808343]","[-1.720820710596347, -2.0155366320713037, -1.7028026810545642, -2.071770673525297]",-0.38182067
2017-04-11,"[-0.11054099352429958, -0.43266696262325155, -0.03253503112272682, 0.9376007313439239]","[0.07030655133776165, 0.0569955187171446, 0.07301428323460123, 0.04647426110618642]","[0.7755873853037967, 0.9286730008205835, 0.7466943842283066, 1.0700406860100349]","[-1.2749282080990765, -1.4863840567404918, -1.264948999925092, -1.6625635032509942]","[-1.8449796273615424, -2.1949121154056046, -1.7506095748378678, -2.371134921205564]",-2.17179382
2017-04-19,"[-0.16265594480637802, 0.15983883388130948, -0.5804876912083756, 0.1635569387147484]","[0.07279885675670056, 0.07080748322689298, 0.0943283476431703, 0.07649066373469672]","[0.7860007095659884, 0.9389075862933495, 0.7516757015201543, 1.0702633846475504]","[-1.2930651797982349, -1.5815025827730627, -1.1561753563533255, -1.6770193391958403]","[-1.752286325567657, -2.1590240116520594, -1.6740350659252445, -2.2104777546636414]",-3.30550227
2017-04-26,"[-0.03353910496608492, -0.14070869170828004, -0.10021155816044569, 0.7375738779932028]","[-0.12625290364339523, -0.2912985411303598, -0.027760647529456773, -0.0022733518865650465]","[0.7965015578557378, 0.9711518755159864, 0.7615490818912759, 1.0592853030051304]","[-1.4034179941572293, -1.912470447385412, -1.249939497303472, -1.6894148394949426]","[-1.9946510912004078, -2.546648962668033, -1.7896196645092517, -2.3003003657776815]",-1.19606366
2017-05-03,"[-0.10058021937586759, -0.3206487248095691, 0.038226783600592285, -0.4230462612159869]","[0.3242373517944275, 0.4593405344449126, 0.2763667788609172, 0.3082115569387718]","[0.7649520246564719, 0.9050058647255954, 0.7442273397087471, 1.0603759147191512]","[-0.9177165606930248, -0.9300090975967876, -0.8997492537302265, -1.5006646396371026]","[-1.479811365274564, -1.6883584528878592, -1.4652597666549732, -2.0861331385365016]",-0.92815726
2017-05-10,"[0.17525091555317118, 0.05781514774954033, -0.15587247951778238, 0.5003578746679338]","[0.12346545760166959, 0.1170458662697697, 0.10062589714053004, 0.0735582736125704]","[0.7743620064775791, 0.904763741477, 0.7681204083944927, 1.0771267674987592]","[-1.2528032133998526, -1.375351434578909, -1.160512561281287, -1.6710593939291423]","[-1.6302710240955833, -1.9658869926900047, -1.621704143273721, -2.27181767319712]",-1.89309434
2017-05-17,"[-1.7563627753300892, -2.5754866770163254, -1.7930259796452575, -2.686652279210744]","[0.017665764754136712, -0.04101925285436956, 0.04337968210713478, 0.01406170276649011]","[0.7307208789379797, 0.8869286487166764, 0.7039898710949309, 1.0390120321118064]","[-1.1698543452518069, -1.3955206387399095, -1.0868324452057037, -1.664573471109214]","[-1.7380576070099059, -2.26707863312164, -1.6700622360967936, -2.292874318749314]",-7.15105252
2017-05-24,"[0.22057865894282713, 0.4589382760227245, 0.35522999867918514, -0.19747014701279042]","[0.08351701850415438, 0.10961365245651157, 0.10612143632438867, 0.13746883230263307]","[0.7441074902097983, 0.9134708389350693, 0.728018890785049, 1.0505738058358909]","[-1.145432844470723, -1.4149426772266527, -1.1079936376902788, -1.5926070213803891]","[-1.7446514152245518, -2.1623707858753387, -1.6358472935876585, -2.1356379888381283]",-0.71556270
2017-06-01,"[0.7757043673983333, 0.3884967085853397, 0.6430432643250938, 1.8613234680928237]","[0.0886436233937797, 0.15570140662958942, 0.07631322463706776, 0.066570890618258]","[0.7114578602045508, 0.8750286230668582, 0.6896327582847545, 1.0179249784279727]","[-1.0555347626774398, -1.25649820200314, -1.018659671409001, -1.5872860446567432]","[-1.6068618261351464, -1.9580509571731561, -1.554014081747158, -2.206157254585562]",-2.77641456
2017-06-08,"[0.03695529447451662, 0.1045085165264581, 0.04174121358495597, 1.5963598649538113]","[0.01583512414061467, -0.02309800657472855, 0.006499073336889358, -7.755721239946553e-05]","[0.731511265310531, 0.8377675300650286, 0.7161325428205799, 1.0648066121828668]","[-1.1217000283669771, -1.341547082907426, -1.188963766852288, -1.5974707461936133]","[-1.7377896729359725, -2.081486994809876, -1.7141235428363688, -2.3027326679329594]",-5.30227182
2017-06-15,"[-0.18849357870118766, -0.444629955698872, -0.06860973825357775, -0.4514034465273653]","[0.06359879053004544, 0.08775536418744971, 0.05596532634533453, 0.10388558156116301]","[0.7471153389634114, 0.9023613891622446, 0.7413988827560754, 1.060481124328052]","[-1.1912761076703822, -1.3978113432854824, -1.0950048618280237, -1.6592078445449496]","[-1.7540943567530431, -2.154273548750482, -1.7643048894926898, -2.291964197733087]",-0.61318275
2017-06-22,"[-0.04526793574326504, -0.028409154435937722, -0.05952253201613189, 0.24776983074472625]","[-0.04135901941246604, -0.06413468524000027, -0.08276303359856163, -0.2463402672683573]","[0.7370172881003462, 0.89801551732646, 0.7218607005116088, 1.0598735486185102]","[-1.3262089386376792, -1.5509641134290308, -1.2891483468617437, -1.9551283856213824]","[-1.824671655152775, -2.210236195147486, -1.8005587127332703, -2.6270664329255915]",-0.55182055
2017-06-29,"[-0.8374394937236573, -1.7507124352102998, -0.7841573636895305, -0.1256413063690509]","[-0.13280131640329662, -0.2710932185458987, -0.10143873426118497, -0.08012931545758208]","[0.7408312063016962, 0.9146223767162105, 0.7156732238338988, 1.0252677908498204]","[-1.3897708348425537, -1.731388201872281, -1.3704162680578056, -1.8061603321418165]","[-1.973671781206969, -2.5111208677323225, -1.882111664041029, -2.482381498801231]",-2.83371763
2017-09-11,"[1.060964293345279, 1.144525534859131, 1.1815718810023412, 1.2050392225317452]","[0.07042465300473906, 0.10792635221550455, 0.08455781310836197, 0.1320241916766082]","[0.7241477729403786, 0.9105706326787917, 0.7135703658812429, 1.0233144743803624]","[-1.1746127573321052, -1.3728634869458514, -1.0636694767103885, -1.5087321794245663]","[-1.6522201414904714, -2.1373696640475677, -1.5761274647140189, -2.006665338926894]",-1.37532567
2017-09-18,"[0.21244530954067642, -0.13083189724163446, 0.2847137556404533, 0.6293833774031476]","[-0.04061081488917142, -0.20358553409570987, 0.005187315250646398, -0.005511590913949807]","[0.7150642313416873, 0.8741848648517331, 0.7154152251767484, 1.0048260111150553]","[-1.1946745680039332, -1.4946111859603801, -1.1110454669098335, -1.5789589502767036]","[-1.6057659981318786, -2.1167488249356974, -1.5988623614403406, -2.011158963274824]",-0.33484186
2017-09-25,"[-0.20467170361166964, -1.0587841842096601, -0.24118990291075448, 0.5700008292047087]","[0.07129678697129187, 0.04020463504933269, 0.09474029295245581, 0.13013592687314024]","[0.6944136732375694, 0.8677680552495469, 0.6835579314280474, 1.0448391845668719]","[-0.9618926467823514, -1.2429306775871238, -0.9081302100570662, -1.5554528598281607]","[-1.423200230330977, -1.8482055148302736, -1.423185241365075, -2.008566228395238]",-3.40137134
2017-10-02,"[0.43294354227372267, 0.08933789600957809, 0.6888318809282978, 1.1933091883036262]","[0.012495264658023432, 0.05908994563810164, -0.0037483106366191315, 0.0554071430245475]","[0.7263130445414411, 0.9012414955351421, 0.7221982147220051, 1.0423602665011074]","[-1.0744595739303138, -1.3006474680794926, -1.1452345783434335, -1.601944808687524]","[-1.7905932246009297, -2.057206803487784, -1.8496704454097646, -2.3445500735097737]",-1.96001346
2017-10-09,"[-0.1573590652392376, -0.1152120292181813, -0.055342361992494205, -0.2877946070872106]","[0.12815087815419235, 0.13313667547964433, 0.12571549020007206, 0.08652373194890689]","[0.7078706511322187, 0.8834043620930747, 0.6995953692944697, 1.0575308412273723]","[-0.892617733218094, -1.1615174552370338, -0.9732609464418186, -1.4941895819317517]","[-1.5968772317939675, -2.0192466116438186, -1.633771840622325, -2.212739026699735]",-0.28135748
2017-10-16,"[0.15290142301385146, 0.34320362373359004, 0.3683647258263534, -0.0719811873459264]","[0.09796495067356088, 0.07692016941598555, 0.08660157515630315, 0.10809787450860753]","[0.6704050025084977, 0.8304448643590624, 0.6574157064745266, 1.003932533322458]","[-0.8748201599144512, -1.2906883789706876, -0.849496929956935, -1.37785700825529]","[-1.471226326637446, -1.8600200018232187, -1.456910250115934, -2.049686738169535]",-1.22460259
2017-10-23,"[-0.35460574031462855, -0.6543921778044748, -0.2328176849724528, -0.8165284643531834]","[-0.03209936209323063, -0.04849228907737292, 0.026576456886685737, 0.07617687135541999]","[0.6270133854104419, 0.816983583199169, 0.6079827110789517, 0.9355712065692365]","[-1.0343540861781895, -1.2426177955069644, -0.9037303563687191, -1.4371980277666798]","[-1.5454531659158204, -2.1067957319696307, -1.3846478469753363, -1.9989319820044151]",-0.89986337
2017-10-30,"[-0.35372353944085333, 0.22455827695182506, -0.36530458877059857, -1.2468391721808025]","[0.16134500069200866, 0.06786514531076264, 0.1345503652826293, 0.18677802971847934]","[0.6048691155106708, 0.7972198434189465, 0.5947998593060896, 0.9496674817117285]","[-0.769030967188513, -1.1884837338399166, -0.7561395868003282, -1.3441405376668556]","[-1.2618986470295142, -1.9010801577683827, -1.250888721617157, -1.889153307501861]",-2.39462612
2017-11-06,"[0.1546612240725942, 0.3386964427559924, 0.03920351921973264, 0.22628975668093076]","[0.11072464496089954, 0.16931400728401733, 0.10020214060335192, 0.15610494835775957]","[0.5980289853691694, 0.7522963287632123, 0.5850096709088378, 0.9483759417039627]","[-0.8533334184106969, -1.0312984126501017, -0.8318588300948336, -1.4129024327940085]","[-1.3486412134159744, -1.7071403193849592, -1.352680226059479, -1.929779003171778]",0.11257617
2017-11-13,"[0.0929381911276117, 0.12356614766764196, 0.07464484828769713, 0.01644705557817261]","[0.12954426079200113, 0.18811808903291807, 0.12296894909326951, 0.12742777806198094]","[0.5997102162981625, 0.7929783885454308, 0.591215612643642, 0.9462193019615924]","[-0.7847581667540623, -1.0076264170255618, -0.7331768111421718, -1.422556262267299]","[-1.240470537894769, -1.6411879758546584, -1.2722966903385398, -1.9448173666992974]",0.09911763
2017-11-20,"[0.17048643622690207, -0.07799568920008326, 0.30815242716748514, 0.7687616956328469]","[0.11135761311870797, 0.039346759773222384, 0.13338410461268707, 0.18313097662172192]","[0.5718771306135236, 0.7212882466756108, 0.5737845648358091, 0.887851469529384]","[-0.7499724470216828, -1.038485593054868, -0.7722071224315146, -1.2447320627710574]","[-1.1929193710272548, -1.6302766783947518, -1.1649723203135676, -1.73467246483658]",-0.30581151
2017-11-28,"[1.009383255025842, 0.2557534449835863, 1.0794855875566611, 1.8136202709793103]","[0.05747031080067232, 0.09555986285217734, 0.04852030331167604, 0.015231238371448975]","[0.5670567305656573, 0.7323097501306733, 0.5546610440759975, 0.9157585286477028]","[-0.7758493077792036, -0.9832209261000284, -0.7734123945137293, -1.42820374084923]","[-1.2447806373600152, -1.6090612702157063, -1.3071451971553711, -2.0778442789724303]",-4.29993080
2017-12-05,"[-0.3603069197179565, 0.06548695727746079, -0.45144884803622887, -1.2133835196924458]","[0.13032842599951053, 0.10018432329270437, 0.19220688466419208, 0.18158203783002505]","[0.5341475514399439, 0.691963973753517, 0.5424774509112684, 0.9102053612878688]","[-0.7202497655326485, -1.013982689023616, -0.6571672067822053, -1.3262175095283162]","[-1.154548047466316, -1.5158452734546888, -1.0731644331421932, -1.9256233180376952]",-1.46483833
2017-12-12,"[0.17632271805636535, -0.13479477845521615, 0.48585893771573296, -0.007960806746609705]","[0.045478298592405646, 0.10248483044214815, 0.06355479337936785, 0.04312648862875073]","[0.5489606240725554, 0.7178086929524957, 0.5351945080079095, 0.918254216593625]","[-0.7668980774438237, -0.9894489320799676, -0.7787371483946978, -1.386105961706352]","[-1.1754818048029367, -1.5190319218967239, -1.128936577831262, -1.8930180439715454]",-1.34079007
2017-12-19,"[-0.35482382100919807, -0.5943035729425006, -0.15116977788469654, -0.9968293259884575]","[0.029276954920846684, -0.016824184521746263, 0.06142273462985434, 0.16679060353023847]","[0.5720653025719512, 0.7437226088908112, 0.5623782820696073, 0.9501017127796465]","[-0.8014584342994413, -1.0005142157135083, -0.7622812459611882, -1.3320252087917281]","[-1.2574795019627012, -1.7587199622648186, -1.2048684718355194, -1.9234780399681055]",-1.26106794
2017-12-27,"[0.04863399596093387, 0.01277234606353872, 0.11344795525225493, -0.221493642987447]","[0.09980039315579228, 0.1426895026402281, 0.11947602520672165, 0.09980371918607156]","[0.5541717029377566, 0.7137923703082938, 0.54496231731096, 0.9279009796261031]","[-0.7704846823019179, -0.9562294809719732, -0.7143354322282823, -1.4005961607385906]","[-1.1716485194975668, -1.423181204811059, -1.1565398712247148, -1.989160202967532]",0.21218566
2018-01-04,"[0.4206127197340592, 0.17480495621269299, 0.6098286003172859, 0.2207776156208041]","[0.127928017882377, 0.347762531396554, 0.09621310041471359, 0.14013491459398517]","[0.5565233352114657, 0.7217786439797512, 0.5648624950881808, 0.9145789375088355]","[-0.7107719461384562, -0.6447610445576758, -0.7025771911574155, -1.2857837402113221]","[-1.0168373163390947, -1.1330510564717509, -1.073570651940851, -1.6987666686965774]",-1.50504108
2018-01-11,"[0.7269485649562313, 0.6820860468472745, 0.807167404544451, 1.8907372177882742]","[0.071211901724361, -0.005821635602182208, 0.10804855009427544, 0.0935718793111006]","[0.54108468528126, 0.6988050466629898, 0.5323927671319868, 0.8894861224628504]","[-0.7713887738223901, -1.0256046632403788, -0.7131331488593222, -1.3287280250513998]","[-1.1112116439759785, -1.53558148703285, -1.0697421114556211, -1.8318612074282752]",-2.26991271
2018-01-19,"[0.43962001755275537, 0.31312016264362086, 0.2069898470884013, 1.1892911376689241]","[0.20283158926754166, 0.23291095724671318, 0.24229825144246772, 0.25292109345576685]","[0.5590065579115231, 0.7331063141754278, 0.570306873987136, 0.8819336647562154]","[-0.5862922602317155, -0.8808982051553238, -0.5682761692605014, -1.1942037845534643]","[-1.0914704530988486, -1.543920927796377, -1.068625678620728, -1.7730029650598822]",-1.65116455
2018-01-26,"[1.151146272928294, 1.520909656609426, 0.8448347252771882, 0.05387450358158574]","[0.0247368612907553, -0.03953876521761964, 0.08236424321586237, -0.01182679956533321]","[0.5654133341443828, 0.7260497327888482, 0.5722254881730835, 0.9125572347344169]","[-0.7875513443725448, -1.1136601565639312, -0.7643460566446648, -1.4313967225216047]","[-1.1826716988243213, -1.6125659714031264, -1.1476961057624038, -1.9895674197401454]",-6.67154941
2018-02-02,"[-2.2010604237540754, -2.014683145929297, -2.575195483895598, -1.8834199958258857]","[0.08063912557284009, -0.005367465031116627, 0.14175713309588694, 0.12795883285222703]","[0.5253456228300386, 0.6982972827648282, 0.5307500857542394, 0.8557865260561696]","[-0.7064397242163993, -0.9984572752452846, -0.7155750918790967, -1.1970126871809765]","[-1.182928819035819, -1.6588577035191923, -1.0956291125381987, -1.752683848820982]",-15.93871713
2018-02-09,"[1.490971043646283, 1.7122016460813683, 1.3753833774451607, 1.1329889418743022]","[0.16968745774968053, 0.24470366601889126, 0.10262200023892966, 0.012704049784320633]","[0.6609903129256524, 0.8146912383177769, 0.7066040986251905, 0.9247578231804928]","[-0.7344419172480633, -0.8960982046761619, -0.8241688299715076, -1.4704591624435635]","[-1.368110092130765, -1.7544000711719554, -1.5225042433098788, -1.9809644273951603]",-2.38425512
2018-02-16,"[0.029275198574651995, -0.4475857666418115, 0.07540696215588838, 0.5074845503985514]","[0.0005424687560687411, 0.07223997242700393, 0.007881387471240005, 0.07516758360629404]","[0.6697711542821492, 0.8520787747722899, 0.7107830130730672, 0.9511983160886435]","[-1.0017267152619727, -1.1211662950488543, -1.0056336542531645, -1.4520135299767194]","[-1.5972556820910093, -2.0395000221710937, -1.7626413013415136, -1.9480438465615466]",-1.08497147
2018-02-26,"[1.1545205887109056, 1.31730835921946, 1.565244779732744, 0.5849576129801193]","[-0.06774013007438984, -0.09989114338572724, -0.06204284465765203, 0.16458609090386384]","[0.629858224602446, 0.798666680017802, 0.6440850745261866, 0.9168512953765516]","[-0.9497990639518864, -1.250331285646692, -0.9125641830938308, -1.179718354658898]","[-1.492253062912047, -1.8409059816501874, -1.5327170875782736, -1.7778176374674137]",-5.85350867
2018-03-05,"[1.1491696490232073, 1.1023922949993548, 1.3628253203847862, 1.0488295484916144]","[0.48589218995947353, 0.6395578985806275, 0.5641647668289946, 0.6304187083131115]","[0.6456401602399403, 0.8048771026546562, 0.6673127511677286, 0.9181493128422817]","[-0.3962425122918907, -0.46059607906868344, -0.28836064846646164, -0.8035567743571832]","[-1.035069447725136, -1.2302773132455123, -1.0050131811092868, -1.2628868487263032]",-1.12037033
2018-03-12,"[-0.1255707737521483, 0.5299025183379769, -0.6221222555222283, 0.27530060781533194]","[-0.026518832622824753, -0.014840368426356037, 0.01611572578790793, 0.10301448537644582]","[0.6667236934447819, 0.8237160477478465, 0.6900008428890443, 0.9629210964730318]","[-0.9030770411998605, -1.2276105325798465, -0.9091991364929357, -1.3809349072013357]","[-1.6438470401132679, -2.042044939850644, -1.6237851079861552, -1.9866530726218534]",-3.78925067
2018-03-19,"[-1.3622653946097962, -2.1571056985973946, -1.3544092095902016, -0.7546048246774184]","[-0.14234332232310326, -0.2929225975715592, -0.11465258584852114, -0.043362440255116985]","[0.6826248340994358, 0.8287267379325087, 0.7235673348410463, 0.950425687748662]","[-1.1629402388598047, -1.5571677571770959, -1.2097997527262259, -1.4058100198504881]","[-1.8446610283917864, -2.3469954060506617, -1.9626433942895563, -2.0536179014117995]",-3.09081738
2018-03-26,"[2.6991461269070705, 3.648459708866536, 2.80478753154636, 2.0813276410495796]","[0.46580696240672587, 0.5918626558206243, 0.49070571811306, 0.13086636585309486]","[0.6406930125984853, 0.8076100701946847, 0.6485232340682499, 0.914224479548167]","[-0.443797262820374, -0.5342712202026523, -0.46497094808536, -1.2361183144616081]","[-0.9827321016196087, -1.2184306183886562, -1.014539338890053, -1.7766563205321657]",-8.55039913
2018-04-03,"[1.2735649450204, 1.1190430166331033, 1.6325446397047472, 1.4142165606654267]","[0.1299848291508901, 0.32965550104598973, 0.001776193798138055, 0.04957693598441622]","[0.6730057904798626, 0.8574134625929322, 0.6873478651863469, 0.9369168456120456]","[-0.8029700874501886, -0.9948154214362314, -0.9842141077996837, -1.4461568133818659]","[-1.4785699369877727, -1.7640071600479243, -1.6725317183869168, -1.928550906679226]",-4.41651124
2018-04-10,"[1.5775267188459452, 2.1823087329632784, 1.7728329795380304, 1.8341702595780163]","[0.43669329291495984, 0.6383385464044662, 0.5467412682698389, 0.27520670260906]","[0.6534511741161666, 0.8388898232028636, 0.7034115943700279, 0.8742897699333765]","[-0.5405079748569271, -0.6318030028848519, -0.48796531479805577, -1.2249669774138343]","[-1.1994488111532542, -1.4936223667771429, -1.26284724211667, -1.6457313458594611]",-2.54456471
2018-04-17,"[1.064140788962309, 2.1296786677048374, 0.865448789097556, 0.6386199552300909]","[0.12365795902167456, 0.20031847003305336, 0.15762518453980012, 0.12984397192808755]","[0.6567681113999666, 0.8387475732308719, 0.6812943985653583, 0.9043028183010761]","[-0.8586335915003297, -1.0121680515631928, -0.8472743796174526, -1.4115813204518426]","[-1.5389016195951672, -1.8851957307427996, -1.5650902755039764, -1.943495700152663]",-3.69314689
2018-04-24,"[-1.3558894459356985, -2.1414898696264117, -1.7517893831582754, 0.007988212529230765]","[0.295899244750698, 0.4071132729721021, 0.34804628396287635, 0.30372499389776986]","[0.7155524223425916, 0.8902477914220909, 0.7625311002195142, 0.9243283261343633]","[-0.7965238473085147, -0.956823033835719, -0.7751090988020628, -1.1352195132871312]","[-1.4901253594128385, -1.770611271339437, -1.5875555744732714, -1.7134678566481083]",-10.17324356
2018-05-01,"[0.17752514376008222, 1.1367950296540918, -0.265632472995847, 0.32173289842054587]","[0.13207337815025577, 0.2142305897943072, 0.10110973072625024, 0.04984818296164588]","[0.7215257856422206, 0.9529683331307902, 0.7569372788254646, 0.9483935163607767]","[-1.0225698856942906, -1.2475073224013074, -1.0921345342315685, -1.478161902462638]","[-1.6495694535872343, -2.1264132052163194, -1.7987619803917363, -1.944109827930366]",-3.35390966
2018-05-08,"[0.0, -0.10229847992784258, 0.011864312510923014, 0.5035356392109946]","[-0.27711982819679576, -0.4373875909890929, -0.2641588952202559, -0.18297267099522696]","[0.6506503436316651, 0.8233860435248244, 0.712081743894712, 0.8731188935638787]","[-1.2502937191048604, -1.6197004714662055, -1.2148069501755696, -1.5708340965995715]","[-1.8481110190093548, -2.492805873970275, -2.0353562909934526, -2.0262192674417348]",-0.50068977
2018-05-15,"[-0.6910611692654278, -1.1136933066239862, -0.7781384274824887, 0.14022024814739353]","[0.010439531178838354, 0.05917454710722076, -0.0023977418426769158, -0.00913713580790215]","[0.6785376249132393, 0.8517846625765904, 0.7116011019695896, 0.8947516752056556]","[-0.9861127289218898, -1.199099456971525, -1.025815606076687, -1.438448931726527]","[-1.5855490565690746, -1.9762485568291188, -1.6578390270513688, -1.9573188480488373]",-1.96247177
2018-05-22,"[-0.2783887138314789, -0.13073167376189687, -0.7177092136705809, -0.4107465820442968]","[-0.03415221714741153, -0.18311932472748288, 0.0076828764640883, 0.08606673796908436]","[0.6461455276613626, 0.8411869527441932, 0.6936535952287577, 0.852507857726833]","[-0.9181282897270364, -1.348739794515365, -0.9525850097718709, -1.1940147502152652]","[-1.4483707728017592, -2.101603053539661, -1.5937450933938373, -1.6531518630634963]",-2.47987069
2018-05-30,"[1.325647871225577, 0.713552319169164, 1.249597377288758, 1.5808242118771076]","[0.048097355681138924, 0.039612548775795835, 0.023141225359159953, 0.06532049609184562]","[0.6984603883332738, 0.889213767662358, 0.7354101523476556, 0.9162483089625588]","[-0.9798976160960539, -1.3450138454587508, -1.0414029129449276, -1.4226549059792046]","[-1.6145413010388223, -2.077966455568939, -1.7666846219215242, -1.900102464433587]",-4.38005314
2018-06-06,"[0.8325718937072679, 0.581682762849578, 1.3871500756678756, 0.6272492205364522]","[-0.11635546087891349, -0.19776947442860024, -0.09201747635121957, -0.03730536109045887]","[0.6886511368162779, 0.8939914573146522, 0.7193418563909632, 0.8778336463394122]","[-1.1817188463778834, -1.5218682107128518, -1.1218445963835082, -1.4243959309363583]","[-1.8487866875269818, -2.3614877358780206, -1.9017992019494248, -1.9609281164517218]",-3.98526421
2018-06-13,"[-0.31959809803838723, -0.005676169945090237, -0.47318153927911055, -0.5754738173374463]","[0.07821890735755725, 0.1573499776446737, 0.07745411122665169, 0.04457661535311288]","[0.6894551643439278, 0.88815469376068, 0.7352704265020118, 0.9165119902865155]","[-0.9100376818702891, -1.1599127757017642, -0.9589045302581787, -1.3460033102430593]","[-1.6816675987931178, -1.953220729013719, -1.7891487042167944, -2.0433000941849104]",-0.69715384
2018-06-20,"[0.17043199642481355, 0.7076953039161005, -0.17184651665189676, 0.7028455626798547]","[0.38513251703076257, 0.598718114797911, 0.3945494120515339, 0.41009370280658436]","[0.706218487203508, 0.9218224353779896, 0.7474489056804583, 0.9111126647728139]","[-0.6004839770876029, -0.8162205373148844, -0.6904710348110413, -1.0466145388976398]","[-1.331757381054202, -1.5539356997040796, -1.4431582037124255, -1.499602923176133]",-1.78359225
2018-06-27,"[-0.8318941692475157, -1.3692459799495182, -0.6839597165035016, -1.307415452568339]","[0.24423682763895754, 0.3279766396128493, 0.24848574934814766, 0.27672353518472753]","[0.6539962076872797, 0.8633042345998594, 0.7049373007703483, 0.8678286443962729]","[-0.7315723726598694, -0.9558595410907501, -0.8256090612250425, -1.1448767074320576]","[-1.2921867984562985, -1.6753289487256513, -1.467672492331219, -1.5892031986898467]",-2.74266947
2018-07-05,"[0.8124875569359702, 1.2335647422920815, 0.7497012338772535, 1.125025810513769]","[0.22614384140238744, 0.29654328195869245, 0.2691948535250417, 0.26821368814155844]","[0.6684861161323943, 0.8835455549338801, 0.7214245685884682, 0.8321819627096477]","[-0.7187655984587814, -0.9979624887060949, -0.8012456743156973, -1.0469155570168653]","[-1.3582511847295677, -1.7227862907007578, -1.5046170065855542, -1.5276158258556831]",-1.02997081
2018-07-12,"[0.902512646019904, 1.7084630708716908, 0.9045440506987745, -0.03721678626131819]","[-0.07831676275169715, -0.056214098584259506, -0.15241108092861305, -0.03323570135994645]","[0.6875866453121319, 0.9171913494249563, 0.7425055823634763, 0.8818641697899294]","[-1.2055715864394778, -1.5562540920804568, -1.3648281055501443, -1.4631736885038016]","[-1.8255971526456296, -2.29153455597504, -2.098614487113423, -1.9292716842713649]",-3.25833040
2018-07-19,"[-0.37785128135077173, -0.5014640227398282, -0.536331713564131, 0.7217996049821984]","[0.0470110349137157, 0.09250877347994435, 0.04457020452089985, 0.04878132090378244]","[0.6852397615566819, 0.885395085025985, 0.7383889051587036, 0.8595690173242746]","[-1.0764290499160536, -1.1877792793260826, -1.1230813958846733, -1.3874812360756603]","[-1.5926388763834054, -1.9319189932905585, -1.7213172537523065, -1.765914159867129]",-2.31165810
2018-07-26,"[-0.2361926570021211, -1.5267531991447036, 0.44353196126447614, 0.7531996563206356]","[-0.1553747890050548, -0.10621004875066672, -0.16863158612793192, -0.21105081963870945]","[0.6620506413609026, 0.8520994746978069, 0.7265210924319899, 0.880654928959281]","[-1.0898291949109222, -1.362435752889826, -1.2408055548719068, -1.5755749878082388]","[-1.7307880698898714, -2.1011178167930753, -1.8787883120681008, -2.047300250709493]",-7.54776122
2018-08-02,"[0.5432756837350894, 1.3515009593146665, -0.03024083332991978, 0.41863260360077703]","[0.05116108067210577, 0.09300499524449372, 0.030529921992216137, 0.039721899019142415]","[0.663906845897027, 0.8821176855112329, 0.7270488479220564, 0.8683177179272166]","[-0.8453299669873933, -1.2569156512228306, -0.9898211995867363, -1.3393364149406461]","[-1.5478406616141482, -2.0020986882788376, -1.770515663864239, -1.9090137207991413]",-3.27504213
2018-08-09,"[-0.13672780610569646, -0.06047083138644993, -0.2917036854828581, 0.089098528217324]","[-0.006084413654842045, -0.01850736009451489, -0.025399114490357595, 0.03198364251713694]","[0.7040883006559854, 0.9249361180231487, 0.7680219675958193, 0.8663698416355751]","[-1.119600887230945, -1.5921065447823268, -1.3735599560324103, -1.34756534524792]","[-1.7627612966625583, -2.290064122518404, -2.0219381153833518, -1.8872930369170628]",-0.49802990
2018-08-16,"[0.8058823300364892, 0.32865305354263796, 1.5627727055543161, 0.8815255727586013]","[0.16726336029042066, 0.37619147771712086, 0.1359079255933838, -0.010089395667280806]","[0.701457938904865, 0.9404415718077119, 0.7631229584665514, 0.8193837593226045]","[-0.9565542516118584, -1.0376115855881443, -1.0564188726949777, -1.2968831493412227]","[-1.5767610649726405, -1.8798180087215541, -1.75052441583431, -1.732481308801588]",-6.13519699
2018-08-23,"[-0.132871737708129, -0.14369954529520612, -0.2981871649341272, -0.4972347060644644]","[0.14285301298040265, 0.16113360696228113, 0.19106600632547646, 0.15740771635418108]","[0.6993196054779801, 0.9375140586686932, 0.7700807208057944, 0.8503526480125002]","[-0.9187446034827838, -1.2563614694987255, -0.9016889636853986, -1.2379207964085646]","[-1.5953957749531273, -2.129571659327803, -1.671662344551988, -1.655970838381396]",-1.23074447
2018-08-30,"[-0.405658354871985, -0.17685859786107372, -0.5282916306622809, -0.18278147125476707]","[0.06457051051124821, 0.12009286747984951, 0.08704236499971646, 0.09754635176928388]","[0.6651392699884133, 0.8919749745776129, 0.7285791732752506, 0.8025030056160362]","[-1.0196713986786983, -1.3035971252654084, -1.0090641085274232, -1.1762359151959247]","[-1.5533103114831648, -2.068311460132886, -1.698210093050012, -1.6070861316818208]",-0.63220383
2018-09-07,"[-0.19451351341448486, -0.385763294650765, -0.3056304330765869, -0.3180742132839143]","[0.12987005908626628, 0.14455826074459444, 0.13159308471981732, 0.07136852556142621]","[0.6331675966910573, 0.8484886652419213, 0.6992661297586598, 0.8036532822724338]","[-0.816973167207412, -1.1758846350824008, -0.8942033826316509, -1.1948638832875982]","[-1.3578805997750463, -1.8304080068279651, -1.552648253540728, -1.607455808757004]",-0.58294211
2018-09-14,"[0.017179203958939127, -0.29306309328500646, 0.033192698064254955, 0.47411347153882843]","[0.03296598063843107, 0.09677103560318133, 0.02456333920409228, -0.0174714617012284]","[0.6942929876269794, 0.933335257238499, 0.7563307963799825, 0.8065734136731265]","[-0.9632886225081696, -1.3480331221526218, -1.1421412468735366, -1.324208245984872]","[-1.6870685867369173, -2.1580600588581778, -1.8357237765203365, -1.8252542558463254]",-0.79098048
2018-09-21,"[-0.09143251941923225, -0.5482830036618758, 0.32404231462876965, -0.33171999465038127]","[-0.19528868689391085, -0.38976351366933715, -0.1610084361170862, -0.12685488830884664]","[0.6146959038346952, 0.8382366069875744, 0.6577422737757627, 0.7733840252247771]","[-1.1089885498778829, -1.6852053485582545, -1.1083313047988166, -1.4691256050074502]","[-1.6535221493765, -2.3303003096282255, -1.7478739556556786, -1.7234823228308513]",-1.34310833
2018-09-28,"[0.010324534544725594, -0.0215195913302324, 0.0694919178394926, 0.406854999957762]","[0.016857378441241615, 0.07423913268894823, 9.746070257158421e-05, 0.002702598320930555]","[0.6808345849366706, 0.8726186784028315, 0.7427608457902373, 0.8189091954050378]","[-1.075976375311438, -1.3354918273848504, -1.1291215489057453, -1.2595426433091335]","[-1.5732863272471846, -1.9609404842792788, -1.7555048872160544, -1.6649114895772907]",-0.44584149
2018-10-05,"[-0.5612659723255753, -1.2302609624460281, -0.6799144338403451, -0.6679078827902529]","[0.3449862786611914, 0.4168929582593382, 0.42110184039724374, 0.3043566452231548]","[0.679262824567642, 0.890177891296763, 0.7478838385074215, 0.8282469800000029]","[-0.6380056075771551, -0.8802728049382026, -0.5606127922772565, -1.0705902479728329]","[-1.2871234355896795, -1.7892262899739597, -1.3427098133174638, -1.5189907543565362]",-4.13719947
2018-10-12,"[1.379280085631951, 2.745011858791724, 1.1396985058242493, -0.6291333267485655]","[0.2836785917592649, 0.4716998432176323, 0.2186275253065438, 0.2003121668453834]","[0.6995455923770331, 0.9314844833594063, 0.7488973900452904, 0.8326387137034738]","[-0.6979992895546459, -0.8458107670299869, -0.7137431166666545, -1.1147191330251824]","[-1.4681529143283667, -1.8149154900211608, -1.6391309003171692, -1.6309719929342459]",-8.45987279
2018-10-19,"[-0.0542836339509023, -0.09242437466774334, 0.2553529961449641, -0.6208499328763217]","[0.31482510553315174, 0.6151906235945929, 0.2850977319691978, 0.14743358588099242]","[0.7185197754679399, 0.9476125949189624, 0.7749678760145894, 0.8347952419192418]","[-0.6634949284719932, -0.768497129339983, -0.8002728399605383, -1.1819658454291584]","[-1.4542646541280098, -1.7135343423895868, -1.654179180850568, -1.7322909518245524]",-1.69445439
2018-10-26,"[-1.7743962926734191, -2.605861170462287, -1.1927781577805163, -1.0032802812206754]","[-0.002419380264753404, -0.19823673117567472, 0.009600176706929786, 0.058935803272435125]","[0.7398615755945641, 1.0000733076903885, 0.7871717296131521, 0.8200817014418775]","[-0.9819302613548864, -1.5498748895928132, -1.0233809706117347, -1.1430397179443343]","[-1.723326253149351, -2.4437039709716033, -1.8107878268444983, -1.765271848162441]",-7.52292983
2018-11-02,"[-0.59405299280062, -1.5698590398151246, -0.4339852545799161, 0.4139446432046334]","[-0.21127268636866522, -0.46319094330355276, -0.18794361031284948, -0.06162328338213527]","[0.733927287577572, 1.0157889110074332, 0.7778129096667676, 0.8312535951830378]","[-1.2030776866405133, -1.874751551286564, -1.2315091283280095, -1.2726399216795188]","[-2.0813753988826855, -2.9518309097597712, -2.0934460116765803, -1.8918390952661386]",-2.13434276
2018-11-09,"[-0.9816311576695824, -1.6995502085811687, -0.7739325245070816, -1.2950907936952305]","[-0.10617009621294571, -0.17606062044381762, -0.13075313741204664, -0.10191221865058557]","[0.7241554806885034, 1.002206936097359, 0.775730300593507, 0.8263955228135266]","[-1.2500345808177233, -1.608989466224574, -1.2205834501309412, -1.4242126719324626]","[-1.8546871028190168, -2.541043745269195, -2.088292099504927, -1.8949840147526331]",-2.30007671
2018-11-16,"[0.25970844126659287, -0.35160530363622655, 0.488931596546216, 0.21973324315771592]","[0.027065778651283595, 0.022776625152344014, 0.05427866602038533, 0.05104587467701427]","[0.752512899022111, 1.0163934503732093, 0.7853605776775912, 0.8457488021345104]","[-1.0886129771280653, -1.5013374113171103, -1.0820804358601637, -1.2184667526914024]","[-1.8955711907342823, -2.4679040625231496, -1.9178132052300623, -1.937459115446056]",-1.64033263
2018-11-26,"[1.601542232554376, 2.285105444892821, 1.448288504742301, 0.9018407384773219]","[0.13265067348846282, 0.2316303534397687, 0.09261414500162002, 0.06917804145739434]","[0.7700378161405428, 1.0662867197360573, 0.8096007936307925, 0.8300701688604966]","[-1.028347030152678, -1.3522475414462114, -1.102752627657135, -1.2843086975047024]","[-1.6626702473613968, -2.080847542315213, -1.772562068748426, -1.6827412860653355]",-2.60431043
2018-12-03,"[1.315454630962254, 1.7325547728258783, 1.1212834959575702, 0.6399202336978327]","[-0.021996264241862986, -0.07901747320907336, 0.01935577902761756, -0.06010932302297183]","[0.7704652294555909, 1.0562532354176164, 0.8128889752320733, 0.8639355585951192]","[-1.1250073342723916, -1.7472657806270795, -1.3039154058231113, -1.4344190649296125]","[-1.8843943320081502, -2.652264703873517, -1.927395182162358, -1.9851872857682493]",-2.97690826
2018-12-11,"[0.022702544609920494, 0.3306018965787416, -0.21732411434989274, -0.11228921775083833]","[0.19053629694458749, 0.3660790657451613, 0.24343245558498738, 0.03920566538889903]","[0.7753084829188835, 1.0761075329364767, 0.8314041930778178, 0.8486563435453641]","[-0.967787956515775, -1.2721847429402777, -0.9788203644427643, -1.258238661700518]","[-1.5986477116086997, -2.065652128179686, -1.7218085473635107, -1.7594334758236103]",-1.07637840
2018-12-18,"[-0.10970504139518056, 0.6268873033076439, 0.3497461286565695, -0.3075812221480234]","[0.29521113591663, 0.7172333108482992, 0.23040933589087315, 0.1524270136587394]","[0.8356647236934517, 1.168762617353278, 0.8806750252945588, 0.8807574549243364]","[-0.9878639202191161, -1.0008020979752232, -1.2689845697287645, -1.1879429718724055]","[-1.6477038195400047, -1.9758207044811849, -1.8325473934736625, -1.6871609262136988]",-5.78131395
2018-12-26,"[4.928992895455675, 6.056729762409319, 4.864331185670423, 4.071227321530557]","[-0.162896878621202, 0.15498470350297447, -0.281427207952852, -0.19611444133670178]","[0.7990648121666443, 1.1095950995277466, 0.8501169026999903, 0.8413275696886581]","[-1.405317088841697, -1.548065783320095, -1.668109768868255, -1.4276298931230265]","[-2.0741065943911994, -2.317937998696988, -2.365506241457605, -2.0655855934089935]",-22.27276636
2019-01-03,"[-2.4152347946648334, -3.3215915748510128, -2.867825161058235, -1.1318310954775868]","[-0.12245471418444627, -0.2951498324623574, -0.14041016879503593, -0.07943769988923584]","[0.8905484947412697, 1.2084927406657986, 0.9581795925220531, 0.924350930348302]","[-1.5454971957482695, -2.2544106566815345, -1.724724921641365, -1.5543245755413615]","[-2.2474551967148177, -3.1953181474515047, -2.4152365113111607, -2.156945686489541]",-6.28911606
2019-01-10,"[0.3521226316547832, 0.28562965268577045, 0.5129390223999053, 0.35703983079322654]","[0.05932868831964187, -0.03358645214530116, 0.04404293533754183, 0.06451820559776267]","[0.900333699686355, 1.192939059747598, 0.956462528445466, 0.9303038337767073]","[-1.3297901519087887, -1.8929266280886838, -1.3695168503877857, -1.5107105745480038]","[-2.1099406082524466, -2.723148819316131, -2.285677180419087, -1.9784799907117503]",-0.82767691
2019-01-17,"[0.7558153362690945, 0.7853058274901237, 0.6708513863523891, 0.7475255576293804]","[0.04268918806921742, 0.018263128084486675, 0.00829328145044092, -0.009605892332118083]","[0.8876944104937871, 1.2526059868532102, 0.9325518009847819, 0.9052133497250204]","[-1.3961282753034354, -1.983807456666981, -1.414281137897494, -1.3698236918256632]","[-2.157522610174196, -2.9824309682209535, -2.281344411414535, -2.0827979025186]",-1.06246968
2019-01-25,"[0.8425778332139089, 1.1877934161770298, 0.74643624255053, 1.0986729252755012]","[-0.23839837032208885, -0.5014189789149068, -0.22843989599572453, -0.08926176349001942]","[0.9095502468604949, 1.2286037972369046, 0.9520430797371663, 0.9132040429244054]","[-1.7585295137816759, -2.494724402618655, -1.821532728573863, -1.5630192236649951]","[-2.6003482286542923, -3.5503111568875143, -2.6699729100436915, -2.24830949931045]",-1.83470230
2019-02-01,"[0.04815126230663935, -0.42310446330811047, 0.2565540094417784, 0.1173026217219153]","[-0.14213992492857064, -0.3513069898674345, -0.050245744183469845, 0.1416278300176563]","[0.9110405512864401, 1.2377705590023, 0.9734113420908957, 0.9001775832446423]","[-1.638841968302497, -2.2789916640713797, -1.7089445672470656, -1.325527954074886]","[-2.3885085223573075, -3.278510431605381, -2.47576806000553, -1.8669394949538105]",-0.91636006
2019-02-08,"[0.1220799978928433, 0.19596309804335021, -0.25141303715070507, -0.20846547503996504]","[0.036535708674372336, 0.10770867258031841, -0.006292268812733344, 0.013876214578995568]","[0.8839991271139667, 1.2247150421374884, 0.9201462704874231, 0.8907418372510368]","[-1.3808933774680445, -1.8862917167882893, -1.517018086481476, -1.4807961241509566]","[-2.2788645915986963, -2.9895469880699217, -2.3958324020917003, -2.0892919062092354]",-2.11779267
2019-02-15,"[1.0838341510368998, 0.41962435742064486, 1.7297281149364352, 1.4862052092541767]","[0.02594268896268728, 0.03803721099281646, -0.005595999894714117, 0.02161918636402574]","[0.9019352747210133, 1.250897080442023, 0.9407064137917963, 0.9037098261413152]","[-1.4209415402698098, -1.865511179873719, -1.4439823615073089, -1.3346178692777686]","[-2.288876577387387, -3.04928277954007, -2.352064455551037, -2.2285779544744564]",-5.89243442
2019-02-25,"[0.136040335054588, 0.3637456046623022, 0.23075858950640793, -0.26265978692787684]","[0.06630500156004145, 0.03778803002592289, 0.08125446024916612, 0.06490215070948573]","[0.8932947356627482, 1.2297421100683406, 0.9610590012983855, 0.9048205944950242]","[-1.3445732742219627, -1.844006496296078, -1.396385144173658, -1.396328312474946]","[-2.1093525972849223, -2.864266737375755, -2.2054687444316, -2.024745251280611]",-0.97795166
2019-03-04,"[-0.3644085253406537, 0.01720322724612089, -0.7972503732689873, -0.4504707945913289]","[0.12190815312559097, 0.1372970165343307, 0.16511314804771549, 0.11341406036160959]","[0.9305730027946512, 1.2279765163063843, 0.9883376316367751, 0.9362520649680194]","[-1.34514575775378, -1.6740096558110535, -1.3719069158985078, -1.441377663659795]","[-2.163617405437977, -2.6693894072947946, -2.241027795663208, -2.0596563046224445]",-2.34760068
2019-03-11,"[1.4397185037213767, 2.0584664642639083, 0.7852705813006011, 1.55068567588037]","[0.03296310193687076, 0.12018802702148931, 0.014958124546822812, -0.025375062612313242]","[0.8970380151342129, 1.2050419052668206, 0.9625559385834872, 0.9043655021206493]","[-1.4804971184343663, -1.861964790237184, -1.593324985548802, -1.471169657475502]","[-2.1482792355044915, -2.6551775492109444, -2.3148204755820343, -2.0478227164672465]",-5.45996515
2019-03-18,"[0.3619351349980704, 0.23808759121521916, 0.25203358512442264, 0.6957735473435811]","[-0.052636818882288695, -0.07056947411763188, -0.03234692967027042, -0.07238169325408172]","[0.9482318441527138, 1.2512067822129034, 1.0202847544156637, 0.9647266422883404]","[-1.5145084950665946, -2.042387972094629, -1.5934036048440539, -1.4749127101520378]","[-2.2905203065800195, -2.7838342374815426, -2.4577813927333674, -2.2345699423671412]",-1.27049504
2019-03-25,"[-0.07522418021288502, -0.1905898448084642, 0.0568806042092973, 0.41799797757677837]","[0.1446131881664828, 0.5889348530207198, 0.14639687795559408, -0.08606565442099343]","[0.9123606948316071, 1.223982982886438, 0.9445807753100415, 0.9283086367796791]","[-1.3021720738209803, -1.296190544276397, -1.3193998718675728, -1.4307381223300424]","[-2.077463665472152, -2.312270648697288, -2.1215692498068734, -2.233259511796511]",-1.92402769
2019-04-01,"[1.178943704077362, 1.316024754741374, 1.2637007540645229, 1.3173846475488915]","[0.07675144505733342, 0.11621873428619671, 0.11228604829764756, 0.018807744575490167]","[0.9587372314936176, 1.2653688924527757, 1.02620368961336, 0.9553437620201046]","[-1.3891255731418177, -1.8218499358143183, -1.512318025326548, -1.4134445883035722]","[-2.2686332590543534, -2.9066820621909084, -2.377682015986712, -2.2760117768378354]",-1.50040841
2019-04-08,"[0.07621829141628567, 0.2541940376040053, -0.3182733387770753, -0.12139621352043051]","[0.10849580987975033, -0.016562507640974583, 0.11892263150151128, 0.1831156634465132]","[0.8848657666334824, 1.1795729811383033, 0.9375362497474751, 0.9082388482842538]","[-1.2042386240357306, -1.9370418439943564, -1.305887356993614, -1.1956706483577748]","[-1.8575044736450779, -2.5925831544550935, -1.9963776453755187, -1.7632647279146365]",-2.08293425
2019-04-15,"[-0.06549201226766499, 0.016138664198095398, -0.104286099569606, -0.5167649244322448]","[0.05915642986510346, 0.030711279802890942, 0.07440801036166303, 0.01411170375787369]","[0.9102561898276972, 1.2090288091361159, 0.9730358365683435, 0.9295223717564307]","[-1.371816612048043, -1.7922376469973524, -1.4605284301745247, -1.5028632318898174]","[-2.1547882670445686, -2.954139900000369, -2.2254048658971506, -2.0788478259621668]",-0.83522647
2019-04-23,"[0.8951399284505612, 1.2637871189594918, 0.5467269517962947, 1.4786282512599946]","[-0.07974615675087687, -0.060895140514060045, -0.04087196280503884, -0.07425796273518337]","[0.9029931158202436, 1.2263789911992606, 0.9629616131879576, 0.9109769625108778]","[-1.3609621590104113, -1.806383110746533, -1.414025374004285, -1.4612961254041807]","[-2.2385023458226594, -3.013457901509962, -2.3146691919069067, -2.1077575883105952]",-3.21908494
2019-04-30,"[0.05100924872678547, -0.7777988904449806, 0.14495564871559452, -0.2811092051146602]","[0.23168818681204995, 0.3922755040205284, 0.15637102517394824, 0.07929806660609748]","[0.949077322355486, 1.2540234590291925, 0.9993991018688065, 0.9795013119156611]","[-1.4287599942055085, -1.777692364956651, -1.5179503466082405, -1.5070636849230798]","[-2.064071360493454, -2.621827534625668, -2.2662562286880803, -2.1991768928763453]",-4.04800340
2019-05-07,"[-1.6840582915853552, -1.967203096047676, -1.8067581182613424, -1.7202527349684082]","[0.21441167334641809, 0.2283231171037239, 0.20617758131567424, 0.07873462555262876]","[0.9131920774510432, 1.2025660335375317, 0.9746061498982295, 0.9102495062297309]","[-1.197327686341903, -1.6499822858056885, -1.295016932218361, -1.3345645575713088]","[-1.9405482659232416, -2.606647112145925, -2.0415430749186676, -1.9486058746357802]",-2.72045770
2019-05-14,"[0.9003139538752869, 1.0915474133592618, 0.8142870450761563, 1.1527383569142735]","[0.1136487246398962, 0.4627859363766678, 0.05894798527228992, -0.03039752139870942]","[0.9375129138870832, 1.255275083931426, 0.9750836991985895, 0.9299275556152184]","[-1.422124665983975, -1.604223403401631, -1.567259661527036, -1.5729704570710665]","[-2.2954630521071104, -2.651121361776673, -2.440706769275814, -2.2598864840962722]",-1.61345193
2019-05-21,"[0.8975217928016477, 1.0392969153301124, 0.7658711107424665, 1.0150676074696996]","[-0.17834550322742387, -0.18855720471341286, -0.15903498479291897, -0.15368853840362495]","[0.9284827612342476, 1.2590570467309696, 0.9852048225908614, 0.9627948340925618]","[-1.7970296955851002, -2.1972691372542434, -1.8846491320101428, -1.6967460404924641]","[-2.4661333559745775, -3.1047849061038106, -2.592334001355896, -2.444672743129149]",-1.68939955
2019-05-29,"[-0.6733157545260937, -0.8259712118292128, -0.8771273518338063, -0.6086354060187205]","[0.14276655936747346, 0.29154644274734953, 0.07236008312286266, 0.04881584546540076]","[0.9710444613459023, 1.2975890314912073, 1.003856351636311, 0.9900278688321752]","[-1.3275136714183065, -1.7162850273670172, -1.515040803732085, -1.4682264604964241]","[-2.1116741829569583, -2.6642547275995008, -2.2515645353315854, -2.182556064019525]",-1.18244364
2019-06-05,"[0.8624840097708919, 0.7404833845971126, 0.8153489861422614, -0.3234105712549784]","[0.3832732241938293, 0.5024481740814761, 0.2835595430551305, 0.19616355326539467]","[0.9488080214027264, 1.2990130265767919, 1.0004565106666368, 0.9538674180680273]","[-1.1536132067234588, -1.46851969465639, -1.2653898419584924, -1.3354613453622672]","[-1.8760456471510403, -2.4697966646943077, -2.0667499145548827, -2.012454146346468]",-3.99107573
2019-06-12,"[-0.1766884586207773, -0.579648054830173, -0.167827886750338, -0.16925087430541552]","[-0.054410617767900925, -0.09494028328951817, -0.045645579704190475, -0.06169493822404527]","[1.0257990960122623, 1.3848852186265255, 1.0530980380275743, 1.0217620163651475]","[-1.786471645457577, -2.294205178353764, -1.7523644686100524, -1.6921641100877944]","[-2.658246998267206, -3.498912440503521, -2.6643404393924293, -2.5292732199151873]",-0.97411955
2019-06-19,"[0.22546763571735795, 0.37481100240555065, 0.14521555882325288, 0.2845639923540588]","[-0.1913821635931608, -0.4091647906793331, -0.16059300377902636, -0.1261894244885852]","[0.9562960950167024, 1.2859424162049533, 0.9993060527851396, 0.9784535999172413]","[-1.8744273883895763, -2.5508658303865253, -1.8476539307409214, -1.6910052591350386]","[-2.3750782563031696, -3.2848592818166016, -2.4318554527382754, -2.1777733791744156]",-0.81980302
2019-06-26,"[-0.0997747390012016, 0.463956745969174, -0.042949954168669535, -0.24704692848525056]","[-0.155614887650717, -0.1775450873895849, -0.16824824199779234, -0.04192647239414049]","[0.9788563463067447, 1.2802590723473866, 1.0221839492799503, 1.0317669993021388]","[-1.636386683769339, -2.274420335376031, -1.7018152412448628, -1.6297763020992404]","[-2.5196986277739986, -3.2434886620648244, -2.594466103797522, -2.317670054000705]",-1.97964495
2019-07-03,"[0.7963345917438858, 0.7497788052217125, 0.6672064173303127, 0.6556352994575576]","[0.05836350648307977, 0.15965336693055607, 0.10820734144490624, -0.07514286610605996]","[1.0102392490338046, 1.3263814409436987, 1.0583859362903283, 1.0034091999697543]","[-1.4876400749389802, -1.8935710086263595, -1.5597305424411494, -1.681809202792809]","[-2.30813776171244, -2.8645017934077193, -2.3828113514673994, -2.3577485785093986]",-2.06506546
2019-07-11,"[0.23414033342268326, -0.07272158076849777, 0.8448141639936679, -0.5665212192597302]","[0.029715478309677256, 0.027452062293683285, 0.05093201126246234, -0.007200683471829736]","[0.926134435792, 1.2574592688441084, 0.9471908272320091, 0.9816838797202014]","[-1.3893655015320134, -1.9048076851858229, -1.404086169082538, -1.5525622650831223]","[-2.0483724519738997, -2.7666989762395464, -2.017637836936799, -2.110372700307102]",-4.03827374
2019-07-18,"[0.3654305222813292, 0.11440993277336275, 0.011461566478132568, 0.1598537138399081]","[-0.019049108720500828, -0.003459743240558756, -0.03320891970287606, -0.044217728673091]","[0.9286242643170958, 1.211221581789172, 0.9774293568132841, 0.962672860420096]","[-1.3528897533003803, -1.7686189419705642, -1.5090718802096073, -1.565259235800266]","[-2.1939896809125368, -2.6980356809590376, -2.2933427138658296, -2.277714938713651]",-3.33870048
2019-07-25,"[-0.4788570146064153, -0.9525098298840184, -0.4741333927963609, -1.1848244146873022]","[0.31454797035014426, 0.3468137325751778, 0.2091334350314799, 0.20491942397419496]","[1.0238161348665984, 1.3418484690148718, 1.083441774754045, 1.0208585049699277]","[-1.3293457939104985, -1.819370305682648, -1.5032817955241577, -1.4744656177424738]","[-2.086086572558256, -2.7585542829782623, -2.2782067374022814, -2.0825069891277]",-2.56685849
2019-08-01,"[-0.8746073564148027, -0.49835618658136127, -1.0509437730432225, -2.096904924494414]","[0.1993947245100104, 0.2720552012174658, 0.12751116580624536, 0.11239885359614679]","[0.9739562936562735, 1.29266682187285, 1.0118471375601008, 1.0173576803283226]","[-1.2275374555957441, -1.683624027106417, -1.377210289465304, -1.3815340358509842]","[-2.0721083143448893, -2.7233153804861376, -2.1666798923076613, -2.1045400019168268]",-4.50055222
2019-08-08,"[1.943008033048521, 2.153055877266663, 1.4169108215899229, 2.1418928576016683]","[0.06939557376357254, 0.12027162093582579, 0.04609641331679028, 0.008005795619562453]","[0.9960401258674165, 1.3086396602665222, 1.0342729114277838, 1.0260075643910238]","[-1.5928402870058693, -1.9429643650684076, -1.6665933414725953, -1.6581856159637935]","[-2.452370652974098, -3.089748847052963, -2.56516559627968, -2.3606392534983587]",-6.08190807
2019-08-15,"[0.2638132953730832, -0.11495588229788467, 0.391588161753198, -0.4034686534845733]","[0.04426904988674319, 0.20944500059443907, -0.014233749433379152, 0.04735760559369375]","[1.052029782018196, 1.3794505420008347, 1.0814974283696803, 1.0852471518842743]","[-1.5711516202476126, -1.8017429545068362, -1.629143721677015, -1.58034189422502]","[-2.3125698016413176, -2.8483060829331275, -2.428804825879666, -2.2022110929964036]",-2.89921941
2019-08-22,"[-0.0307602848226729, -0.3239063279687038, 0.18877149182348063, -0.06949198076950935]","[-0.1532251832797228, -0.2394798417655713, -0.15035933660327513, -0.11127775446149178]","[1.0346069198721286, 1.370237539286714, 1.062702987620095, 1.0414739266607984]","[-1.8147693073531121, -2.4355559370110127, -1.8149655624648806, -1.7915884840373786]","[-2.759919033846919, -3.6970628524778437, -2.7801180541690553, -2.571832201359757]",-1.06690381
2019-08-29,"[1.2692206081021062, 1.517416181922293, 1.244902605401954, 1.9058292840879787]","[-0.19927719313607953, -0.2298464664113524, -0.217455675624363, -0.11516571684862636]","[0.9416935892145005, 1.2745864870653156, 0.97635344579316, 1.0017629439217028]","[-1.683206556233379, -2.34777588713985, -1.7386500945565873, -1.7645910266606868]","[-2.399098478795712, -3.091821305257413, -2.5046722573661406, -2.3031076295568766]",-2.72811873
2019-09-06,"[0.07719712857863215, -0.09912447761593057, 0.2589789774972928, -0.24976909857530316]","[0.013153787299633228, -0.07032879273818991, -0.042156617325518474, -0.006015586161556103]","[0.9571459142707882, 1.29491843402298, 1.0179966816682813, 0.9782617846070956]","[-1.5374652061192235, -2.199485125354071, -1.630607924037063, -1.6022484148615244]","[-2.310569522811327, -3.1332315489966858, -2.452346626782409, -2.1930006081949465]",-1.13720044
2019-09-13,"[-0.06640848558276957, -0.3577222904422861, 0.13628185059264553, 0.30838215017876536]","[0.029858711439028154, -0.07318114543632744, 0.02623776648035862, -0.02651862862947494]","[0.9315309439687005, 1.241471386197377, 0.9607282547522555, 0.9889598898559291]","[-1.5445123083043975, -2.12255749313259, -1.5794135633534543, -1.5927314512247088]","[-2.186358169059023, -2.942082090559728, -2.2594080968797936, -2.14270671177495]",-1.26446434
2019-09-20,"[-0.4737564805252781, -1.06350969725586, -0.5912303502368488, -0.21409150057758453]","[0.04853561805854194, 0.0804179201347778, 0.06844074045597129, -0.007514935793263322]","[0.9474765391185591, 1.2651067367861952, 0.969311198440168, 1.038062864135501]","[-1.2704534262029628, -1.6516643562191236, -1.2725753563902413, -1.5628218327804206]","[-2.006368382591781, -2.643338961942399, -2.043464355841229, -2.239863027721216]",-2.11618042
2019-09-27,"[-0.5401857683152933, -1.2486348249854728, -0.263892137279953, -0.38379410718576423]","[-0.12641208543710722, -0.21965906110978564, -0.10298584289899788, -0.11348190836575696]","[0.9607328037608246, 1.2731691272852155, 0.9950475404123167, 1.0362982459155052]","[-1.6123301837348423, -2.3062805593257503, -1.6602737038461515, -1.7850000462306137]","[-2.4094389692610894, -3.3175150684190147, -2.4507753951766977, -2.422978663378851]",-1.66669095
2019-10-04,"[1.3441320448886351, 1.4618207682518758, 1.4123652863142766, 0.9929137877840333]","[-0.08453004997206667, -0.0866288486857606, -0.07408382836878315, -0.1670659404725814]","[0.9314655772671481, 1.2711583414695475, 0.9536754144124818, 0.9978424322688798]","[-1.6495237194546277, -2.2037003607290426, -1.5919458411224041, -1.79880391907034]","[-2.284024600991249, -3.100654734403972, -2.3198244214310586, -2.3982184181828283]",-2.13967701
2019-10-11,"[1.0313526809996532, 1.2796812781386002, 1.200166112872303, 1.6095828322090888]","[0.033987149041947017, 0.03255113082051611, 0.05570106301409251, -0.038981791032619936]","[0.9487481996677201, 1.2816581200687167, 0.9683160321452491, 1.0264599169837798]","[-1.3787843953089252, -1.9331081826670642, -1.433570416518717, -1.6036036727537322]","[-2.1601948732450684, -2.8660895423846147, -2.1723718871967717, -2.290564669500153]",-2.59560044
2019-10-18,"[-0.43868359070469154, -0.9656394904506982, -0.9505596883276013, -0.0996628746906758]","[0.15300036141207707, 0.15782361647619, 0.10431119392928136, 0.11927835087181742]","[0.9338608323426384, 1.268741542079641, 0.9432181283452395, 1.0000267531524851]","[-1.2957293791728548, -1.776755238798996, -1.3512985959601653, -1.5214793351948077]","[-2.05860420713612, -2.7588765489732485, -2.1819367224774924, -2.037912590074672]",-4.22015027
2019-10-25,"[0.4086421772929505, 0.7954192370837276, 0.567411548345298, 0.5646164901858874]","[0.08483824401214228, 0.11531292529783746, 0.06151342608529183, -0.016087927155236614]","[0.8575812237440932, 1.1546681579151536, 0.8838225934938835, 0.9665561628060714]","[-1.2980845603660367, -1.7315973524801602, -1.3456525804399948, -1.538891930973201]","[-1.9029667998054252, -2.512682321441698, -1.969191761386967, -2.2114521019697606]",-1.73784223
2019-11-01,"[0.9221228858222297, 0.9041700126265262, 1.1072373655601098, 1.6209071918944495]","[-0.0017179602034329377, -0.0011374190198391238, 0.018066298818884278, -0.032232118115976476]","[0.9500859015021322, 1.2905549779154233, 0.967142331445539, 1.0386730127732855]","[-1.5465472992112568, -2.16283145574273, -1.566117565670534, -1.6544486589614271]","[-2.37512648677441, -3.2168662296341375, -2.4161083763105715, -2.384075329446522]",-2.51511393
2019-11-08,"[0.24629895343251107, 0.39833591537652424, 0.02326756042894118, 0.07178731262014182]","[0.007521431784225889, 0.04463464568518356, 0.022702550134980574, -0.022718545341651727]","[0.8607294769646918, 1.1563523268225047, 0.879112159921145, 0.9584792941620495]","[-1.4133687043331054, -1.9318130720967726, -1.378562820015721, -1.4823243668937012]","[-1.9391945448675423, -2.542880933869546, -1.9692353988881004, -2.0562214093897295]",-1.10514174
2019-11-15,"[0.7210283871884826, 0.7320622278615296, 0.7992248591051521, 0.2171795264450438]","[-0.015690780016090172, -0.10385179010605564, 0.04147935092628923, 0.01656984361727007]","[0.9360790272300484, 1.2856356119314933, 0.9505064286198974, 1.0035541940283166]","[-1.5022687429408446, -2.030684669288743, -1.3934809480952484, -1.6383704040857243]","[-2.330863119250191, -3.1147896403968605, -2.337818698198917, -2.365355739340427]",-1.38251768
2019-11-22,"[0.22213967720894345, 0.06444289494869082, 0.3929776698891274, 0.21129583340977476]","[0.009989279636411533, 0.08791595593810059, -0.008922250505762536, -0.08936694567171254]","[0.8721973981065694, 1.170388366066445, 0.8649178237621333, 0.955286355973215]","[-1.4898320884787948, -1.9627884935241515, -1.507781999185479, -1.5778971117810023]","[-2.2234360268410684, -2.7870275887528377, -2.2487408085896585, -2.3114081993626066]",-0.92708182
2019-12-02,"[-0.8531243236026498, -1.0291632790757177, -0.9613135500487147, -0.8104960279273321]","[0.05063973048211876, 0.1250768625275755, 0.01866834614897744, -0.012668289608926174]","[0.836446730377291, 1.1586108100477017, 0.8422867802883283, 0.954654450479647]","[-1.2265912104412329, -1.7022610184391123, -1.2406775218346575, -1.6465090261197501]","[-1.9295598231748485, -2.587356696375015, -1.9719066637507894, -2.1312067297238153]",-1.08656837
2019-12-09,"[-0.3149188788194479, -0.45469076439337286, -0.37715070599482203, -0.0951284305453548]","[-0.01899002229983966, -0.053727501973634115, -0.03154263088002946, -0.05117948723171483]","[0.9361501172002562, 1.2770202668566153, 0.936336062894564, 1.0226898354562957]","[-1.5723946216030142, -2.3620865924795056, -1.6795348360577946, -1.7231935582646878]","[-2.343369809979072, -3.149760982762096, -2.2858014479880437, -2.3011538424341906]",-0.69542648
2019-12-16,"[0.6846470784222625, 0.998913034363369, 0.35660046867960205, 0.7214983127783903]","[0.06400363050741846, 0.10498400119603032, 0.051170053695809535, -0.031152862389113096]","[0.8879506886642609, 1.199893547433816, 0.9020257324476618, 1.0036259644551844]","[-1.4082882554274792, -1.7814205304920043, -1.4710217640907306, -1.7040437514811522]","[-2.0494050173821154, -2.670357695533631, -2.089202580023652, -2.2192033650473353]",-1.53822793
2019-12-23,"[0.15266403583389376, 0.2635156441909814, 0.33834699199051244, 0.031077094127596183]","[-0.03319168939857582, -0.12890980859585843, 0.004444777469936719, -0.018841443056103465]","[0.927092283517392, 1.2568930751841563, 0.9230761973433013, 1.000908412167052]","[-1.5275440012694266, -2.1718437308569833, -1.37647116119202, -1.5820605290071086]","[-2.1595391883893886, -2.9454573658967105, -2.074535056587307, -2.1825136331077077]",-0.93822326
2019-12-31,"[0.2426289789881686, 0.1883264243903504, 0.2677167340108255, 0.12451014916834424]","[0.1201900954569542, 0.15999142284845957, 0.08724941449593061, 0.06105294621891418]","[0.8667235559579971, 1.2047469967795539, 0.8689254104715959, 0.9498804743990593]","[-1.1725670984365908, -1.6770422475255686, -1.2355407422908078, -1.4586930964046874]","[-1.9471129071587259, -2.7377769940838874, -1.9638721324240016, -1.960898900682201]",-0.52480074
2020-01-08,"[0.5315580975069345, 0.7488150504958213, 0.5631044465376434, 0.05492159329572033]","[0.07579419813889857, 0.11633451402894078, 0.06482378781857784, 0.010464550999982176]","[0.9203145979954707, 1.2282644515021406, 0.9383213538129361, 1.0503531290323849]","[-1.3595270025714017, -1.8702832671283496, -1.3719591453824376, -1.6765498713232942]","[-2.0771368621037185, -2.621650608083786, -2.1074936876663415, -2.2685330023981765]",-0.95385408
2020-01-15,"[0.22574539875659383, 0.040895298537790836, 0.31240381392620975, 0.18779388938003905]","[0.02378324236759681, 0.07826988855305168, -0.017231382785233222, 0.0026609958498817815]","[0.8950952676939551, 1.2093195313058465, 0.9088562934522809, 0.9758446024534224]","[-1.2780690497141158, -1.6191625784842978, -1.286544856786379, -1.5352639557510057]","[-2.123027235110347, -2.761996647088464, -2.1632573306661023, -2.2288094365553177]",-0.76017156
2020-01-23,"[0.11462659696066524, 0.32109498883663434, -0.08973996580756705, 0.0704929037418367]","[0.008107179260090311, 0.06906191506737282, 0.035644683545836185, -0.0855406519183262]","[0.818757363615951, 1.1006421176045273, 0.822752125196519, 0.957080292142267]","[-1.3825002932519481, -1.8444250353639833, -1.2987969694245707, -1.6270154023489452]","[-1.969151544405873, -2.551958627774712, -1.9046866945644674, -2.2118517645401656]",-0.81007057
2020-01-30,"[0.32400355940964687, 0.3555265909140459, 0.43403977826237394, 0.20118087457783318]","[-0.008648075444366387, 0.06673585686591822, -0.007265150035865774, -0.04013604499294833]","[0.9213158570925042, 1.255597015963516, 0.9266571462420069, 1.0158062743921328]","[-1.3786779270447471, -1.7703120364170513, -1.4200126271097622, -1.7005663646266542]","[-2.140351415788026, -2.7537093301350604, -2.174949209390441, -2.261368150564967]",-0.71606570
2020-02-06,"[0.33591029231150316, 0.8595026373346748, 0.30311616983986767, -0.56981355858019]","[-0.0824323759498597, -0.2612202425736555, -0.031875107288796646, 0.04961297408562054]","[0.9070698206648684, 1.2280428705739346, 0.8985828734207514, 1.0029239623836645]","[-1.4769627180574436, -2.226760961555768, -1.4333532601626617, -1.5377829824755327]","[-2.270351244859447, -3.185789242500011, -2.1929519496910763, -2.19150473081443]",-2.98226901
2020-02-13,"[-0.10675389005685432, -0.1281377636414227, -0.4344579500752843, 0.19738454210003198]","[0.036139609490804275, 0.06450300274427839, -0.004260894086309581, -0.06819576731586284]","[0.8960677536303958, 1.1795539665220256, 0.9031866512017263, 1.0076457655431468]","[-1.302005291948498, -1.7031114172599557, -1.382068891891545, -1.650348813820994]","[-2.1166612188241016, -2.8055118827055323, -2.1532201527947272, -2.254548442001615]",-1.53103553
2020-02-21,"[-1.0351553196406904, -1.9396528660800882, -0.7818650266820271, -0.9421774772214064]","[0.10885543684385718, 0.08844512778087005, 0.07691583465606587, 0.06536771189578139]","[0.8784402613249052, 1.196723443381111, 0.884594609792151, 0.9781425289182916]","[-1.365580560063163, -1.819804627976742, -1.2603624951178063, -1.560314691251675]","[-2.153712912415704, -2.847708751245286, -2.221085732015171, -2.212190485808009]",-2.43664083
2020-02-28,"[-0.4210580309758072, 0.07776749448407116, -1.3963021915284202, -1.523151498616926]","[-0.32302199543458704, -0.14024589750462332, -0.41440818067142826, -0.33299679314136693]","[0.9510083899454775, 1.2710376613669228, 0.9598087649956453, 1.044966469579731]","[-1.7656543521771872, -2.1050861768693117, -1.8815109400241274, -2.008225718306398]","[-2.7229438757138347, -3.2633970850344967, -2.789274691224401, -2.8645842254752183]",-11.21079975
2020-03-06,"[-1.6669338715019855, -1.7016093963195367, -0.9868110085108128, -2.0687903815446163]","[0.8861400488694043, 0.9929929923946138, 0.8373212332868101, 0.6400072246470448]","[1.0278056153817645, 1.3509589908133903, 1.0506761907944004, 1.0818559984646035]","[-0.6537480723134032, -0.964197003917285, -0.6891895791224726, -1.0647420968396621]","[-1.4498524223913258, -2.0431523731760968, -1.499523611151735, -1.6733497427947364]",-11.09356240
2020-03-13,"[8.202827281024216, 8.130860668056883, 8.950183238017573, 8.218700147228741]","[-1.3929488505273935, -0.42580498651642507, -1.7430100729422044, -2.866699031814186]","[1.2503582151587644, 1.4963115401511027, 1.270912387274246, 1.3774613129286102]","[-2.9330038208666243, -2.4756581033699603, -3.364915956657108, -4.750153816303278]","[-4.430792717115222, -3.9783949978751694, -4.836875666594318, -6.198276666420399]",-53.05553870
2020-03-20,"[-4.407543500291045, -3.996396191598439, -4.652814688657081, -4.82261694585695]","[-2.591667333353892, -2.683271993983926, -3.0780165354877336, -4.882004543563633]","[1.543994109732273, 1.7175271766034053, 1.6252823971688215, 1.770340526013217]","[-4.441332300570245, -4.869033465527399, -5.162621101803152, -7.0025790294666255]","[-6.726003287600801, -7.1057799495339795, -7.44913849198269, -9.645483310413303]",-11.86189220
2020-03-27,"[-3.0238267052340007, -3.4998270215018223, -4.143664753206444, -3.602453593319499]","[-0.41646791320171966, -0.689449540937174, -0.5762534039701063, -0.6349331086252373]","[1.5679372881798275, 1.74375216806232, 1.676767894130931, 1.7252696403837235]","[-2.122616728721473, -2.9229903229373937, -2.4137845940038454, -2.727400318735603]","[-3.9989134682145324, -4.6742704688646945, -4.3831200060756945, -4.517701291329097]",-8.11543351
2020-04-03,"[-1.4559552097648698, -1.4294513465816117, -1.6998019348140048, -3.5369346675452107]","[-2.0258695431414173, -2.098035151893906, -2.3529629588751564, -2.6336278909786848]","[1.6801608186194266, 1.8262947784085568, 1.8026497346708392, 1.8744546545046834]","[-3.782663173245697, -4.33843478304589, -4.338613367093348, -4.861683102546257]","[-6.06882426116478, -6.242642001722851, -6.785037946453496, -7.172572024789094]",-4.45029628
2020-04-13,"[-0.9172165271799315, 1.074566716097447, -1.3950513806173959, -3.4159416692434164]","[0.7124044740723586, 0.7923389245179507, 0.517250600524916, 0.7687739978592829]","[1.4826114965457755, 1.6638670717022783, 1.575655015451751, 1.6871654798381774]","[-1.1994694315365655, -1.4920471070157026, -1.4321952470480812, -1.3734195692105426]","[-3.0744598754733903, -3.228319960773453, -3.5836374378986733, -3.520023685457979]",-15.36252528
2020-04-20,"[-1.7774920783141468, -1.1915210843459256, -2.472515928172747, -2.0233528547560553]","[-1.5957710375258483, -1.9744834899113162, -1.7467011698089965, -1.5238226094964493]","[1.5777521460583601, 1.7084817289126977, 1.7160787854281787, 1.8544032625874023]","[-3.7640235320279487, -4.496501156105934, -4.006719600614609, -3.9447722313348605]","[-5.6028666231370154, -6.1157417263344716, -6.119508481641244, -6.201389577226326]",-4.17530853
2020-04-27,"[1.4315435004124133, 0.801117042009114, 1.4966554005731325, 4.591667926171716]","[0.03576769394827066, -0.016558889742873145, 0.011468308581733267, 0.10864459644989177]","[1.66370460026631, 1.8130467416241784, 1.769787500241267, 1.961391545622735]","[-2.203481894223616, -2.828578411266858, -2.367547172289584, -2.5156152106537304]","[-4.104229557489027, -4.448540715768718, -4.343948340460669, -4.439318504148349]",-9.63457593
2020-05-04,"[0.2754496560406494, 1.158986224808789, 0.10982982117617723, -0.23742511577058423]","[-0.26338182148188055, -0.19340352766612168, -0.22577031072558534, -0.6094728300254718]","[1.5956679011520023, 1.7445791656066718, 1.7248237289786374, 1.924454673088704]","[-2.6540823792365402, -2.8899465705842355, -2.753781072468048, -3.350652177476199]","[-4.359359879217208, -4.380568422701636, -4.700290237296389, -5.431431905614118]",-3.10255905
2020-05-11,"[0.020517192217184288, 0.8899070688464406, -0.4503511080184097, -2.198860879870068]","[-0.20821458164353307, -0.3093289004240514, -0.2714741793845582, -0.1350364312283148]","[1.6694662202713209, 1.8256369324232349, 1.7877778645434697, 1.9482023093991758]","[-2.4992493136245213, -2.7679677384881654, -2.836724007020667, -2.806124640248216]","[-4.257546605545112, -4.655581556589669, -4.634702678056947, -4.826269803366716]",-6.28765986
2020-05-18,"[3.000510216758645, 1.8460576045240984, 3.7779857693134744, 7.527030680191782]","[0.2513677276389385, 0.16729247069146472, 0.276889678116675, 0.22717644492880046]","[1.5936192233600561, 1.7697004155399867, 1.7040352336244662, 1.9141631366129794]","[-1.9150246729745968, -2.5234957695637235, -2.170884993435397, -2.41859400840219]","[-4.038563320306469, -4.406220771157905, -4.321835321373725, -4.764582814084646]",-17.54975526
2020-05-26,"[1.2245221291622421, -0.27033097613493595, 2.14301410612876, 4.106777712483645]","[0.20708292278702772, 0.27027055543047523, 0.15316441095342886, 0.12344674463960523]","[1.6565152459496921, 1.8039675551376104, 1.7609625984336483, 1.9774429279778956]","[-2.1748485690551838, -2.6939318191301997, -2.4473148839304453, -2.902055288026447]","[-3.9403472163143105, -4.148195288530413, -4.258117876742845, -4.904682675781237]",-11.27708825
2020-06-02,"[0.8246004271978968, 0.6685391645320671, 1.0450785279781272, 1.04779064322571]","[-0.5224800601034004, -0.5915468914414321, -0.4994845499359761, -0.4870489458972827]","[1.7365826213053894, 1.7886446795643431, 1.9066484912055213, 2.278973721686677]","[-2.958999015749378, -3.282728782955251, -3.3629524999665263, -4.09021616126865]","[-4.949503287055574, -4.993035151080469, -5.379957917744086, -6.150518879008397]",-2.46866979
2020-06-09,"[-0.7484529796042416, 0.7218720445719029, -1.0945188046116883, -2.561860400950522]","[0.7364230084906932, 0.5803030263276365, 0.740394131049997, 1.138128507108639]","[1.6723116150086041, 1.747205883311499, 1.823115709266688, 2.109522467420862]","[-2.1953458572327147, -2.3881321457866185, -2.5669757937495095, -2.5878706608304287]","[-3.7172091132491385, -3.857972762673276, -4.164312527763971, -4.25972742772783]",-7.87335972
2020-06-16,"[1.9064687111254308, 1.7027043894659144, 2.024231347581207, 2.644381518936445]","[0.7259216494908209, 0.6919325609443971, 0.7703627341096198, 0.8316420321695428]","[1.643324950352339, 1.746573960934056, 1.777372227639639, 2.127231913773685]","[-1.776326704800175, -1.774552981092188, -1.984182118389184, -2.3394908951664997]","[-3.322925149916315, -3.421789601685607, -3.6899061706051515, -4.546271211330565]",-2.38049806
2020-06-23,"[0.4593252622891342, 0.8474991106986351, 0.5026355390098658, 0.11375882022486294]","[-0.23181633118451525, -0.2586145545380896, -0.22407058332402535, -0.39049396532395647]","[1.6360635682591975, 1.7031112848053125, 1.773672205573169, 2.1650469611062073]","[-2.62953482896011, -2.967462343983423, -2.8357141170773685, -3.6970297599243014]","[-4.525311850359096, -4.514401415696782, -4.826983449805296, -5.74907930306929]",-2.51872573
2020-06-30,"[1.2728249879890186, 1.9411753136885146, 0.8445316636734645, 1.1973727610010698]","[-0.42588250491104396, -0.46622713537843175, -0.540091013698131, -0.7265070210524951]","[1.6414326231523781, 1.6779806955564673, 1.7967806614972814, 2.189728719824034]","[-2.781731215292601, -2.9349661275745165, -3.1085898605216777, -4.033465441529436]","[-4.342730120910297, -4.338930005827301, -4.868451573870338, -6.122315336284214]",-4.39152720
2020-07-08,"[0.7619637933261814, 1.3085603656138645, 0.6817141787520242, 0.36092938597516167]","[0.28760707752639836, 0.25617713040684764, 0.3684286092921095, 0.4272167224106034]","[1.771438020304367, 1.826020906391996, 1.9459663147171056, 2.282028025302095]","[-3.10961629711197, -2.819655739609227, -3.3773045151427428, -3.232848412135898]","[-4.557470967307374, -4.447513236466499, -5.005509272855271, -5.658669506505476]",-2.77509908
2020-07-15,"[0.9145391840203132, 0.20334825275378776, 0.8503081074465513, 4.0935464483315975]","[0.22047764471311465, 0.045626957711388555, 0.056907097105557615, -0.060739332799766656]","[1.5655203242498978, 1.6094066942559087, 1.72808884218514, 2.131914108772117]","[-2.0110713288428674, -2.316015966755184, -2.462382433654274, -3.8454393908437]","[-3.487212804395399, -3.601741825207962, -4.112215908281678, -5.544557119501477]",-7.81046713
2020-07-22,"[0.5675823594128104, 0.35164018264612906, 0.6144923789866752, 0.050066813950255806]","[-0.3259535788767841, -0.49261081386367156, -0.22828894876656927, 0.15828632306144944]","[1.6895057360211332, 1.7800163959716953, 1.8377431138712201, 2.2634909614983907]","[-2.9567767262325644, -3.2875527037267127, -3.094751612737816, -3.0706353577961547]","[-4.401527951932701, -4.630706607287439, -4.710793995726985, -5.240319872628527]",-3.39288515
2020-07-29,"[1.2223840008542375, 1.1460168341684174, 0.6057973300899633, 2.6363115504405954]","[0.19211217923308077, 0.2374211676350872, 0.19194954153600335, 0.3903705674767966]","[1.5744379841467273, 1.691901577278377, 1.73144517012282, 2.100307743946177]","[-2.4987525335841494, -2.7086548689107377, -2.937569990855824, -3.238104206592496]","[-3.9477703767560643, -4.211412905266415, -4.4138702767443645, -5.0150201783339785]",-6.58991457
2020-08-05,"[0.6191775541176447, 0.2474906588931347, 1.3809216999506546, 2.1914623262870414]","[0.2172076646778523, 0.07011138995488454, 0.27380428165136855, 0.3740030201454787]","[1.5801483268933003, 1.6316769641379754, 1.7483395165789855, 2.08017074843367]","[-2.5991355031432857, -2.6130189426808617, -2.716657250038174, -3.269278563964409]","[-3.911592463820571, -4.01249244076194, -4.3011966842296445, -5.225169598111387]",-5.22440959
2020-08-12,"[1.3846013309430916, 2.484064282600329, 1.041728672342579, -0.027724890413871606]","[1.0447765137506213, 0.9097309037861044, 1.011325605244628, 1.427055967152799]","[1.4865679435859025, 1.5978550130928475, 1.6452121694391169, 2.0410287700646]","[-1.4180227170956807, -1.6040144804370562, -1.8329822053986509, -1.812918100930694]","[-2.9690260663755303, -3.1122479587327128, -3.4683443753548033, -3.7833496678875544]",-5.03671497
2020-08-19,"[-0.41725019720324497, -0.6750019552913322, -0.30715200289588296, -0.2175624374245011]","[-0.5452361478500151, -0.3717747023090816, -0.5785115175687839, -0.7425747202552357]","[1.5780676106857576, 1.6650955506949823, 1.722668504671839, 2.1261150800707282]","[-3.046784779730196, -3.0848652331167212, -3.512108716259272, -4.372621041756721]","[-4.752408658837737, -4.539231299912005, -5.173470292581217, -6.384118208525219]",-2.35416105
2020-08-26,"[0.9975728944538353, 2.1114586749482633, 0.2950849396336608, -1.1468681290143223]","[0.3494702832789388, 0.49514791420574855, 0.28369051826782415, 0.2257047949988265]","[1.5319277379168101, 1.635019587759323, 1.6648570792351742, 2.045940265339889]","[-2.297520120677044, -1.9895388251901311, -2.6050557482118277, -3.106277932234334]","[-3.5444687419384415, -3.3876179924350556, -3.9652463578736286, -4.978767661195896]",-5.45684564
2020-09-02,"[1.4360531463095683, 0.9424633927170412, 1.575340789503521, 0.8555583361657959]","[-0.46687499491756135, -0.48260606225603164, -0.427554267773836, -0.6523510451803894]","[1.5744573796630357, 1.631010667172873, 1.7367609795030186, 2.1498339255913748]","[-3.0776795242820825, -3.0247277256675136, -3.2698821597087813, -4.211500980866658]","[-4.414055210477649, -4.334327851300889, -4.837002488979529, -6.4467875728124815]",-4.39619074
2020-09-10,"[-1.7516166018585189, -2.013807443176585, -1.4633506164100751, -1.4986754421903115]","[-0.6062901930891926, -0.4163161853756082, -0.9497000000971574, -1.5040793882829797]","[1.5669931850625045, 1.606300342277045, 1.728237910049091, 2.265318782863687]","[-3.08289792432774, -2.805084224777657, -3.8210806085812035, -5.227806510620488]","[-4.442976844258176, -4.03679410605945, -5.266941623560314, -7.122952609590514]",-5.01963918
2020-09-17,"[-0.883425324576681, -1.5745430459688237, -0.46626165470087244, -0.6314549770478628]","[0.0898357519487286, 0.05238327045638594, 0.0986768646755463, 0.37882553361650945]","[1.5548649847093248, 1.6631548464151424, 1.7181355003954066, 2.1259235716207057]","[-2.5831163478872865, -2.599585576089745, -2.673774170472913, -3.213797631065749]","[-3.8479228286944775, -4.090625485058378, -4.210902801026016, -4.720573304223913]",-3.62876686
2020-09-24,"[0.26619090134065715, 0.46454019769042176, 0.1952646986314477, 0.2928051315654656]","[0.39844602654925493, 0.42830670432517354, 0.4957092594500605, 0.6716777650910565]","[1.6407555328849328, 1.7447735723271096, 1.804640924267426, 2.1370093013069664]","[-2.076783426102204, -2.252951848083912, -2.5324431464464348, -2.858588313885337]","[-3.7952259999368723, -3.9968963221168328, -4.220049781475163, -4.3923330712646695]",-2.36217096
2020-10-01,"[0.6399468295649413, 1.5747667049149427, 0.1266219102747712, 1.5682461636664868]","[-0.2526694610900133, -0.3599915999928088, -0.2959597368131988, -0.28713027106152644]","[1.5928929544970922, 1.709125844763458, 1.7193039632805882, 2.2092588066218113]","[-2.9121264826676785, -3.1426984230463146, -3.19346219160591, -3.586828026306709]","[-4.345334768809806, -4.523346721522515, -4.7629087236800265, -5.717280608402843]",-6.49788198
2020-10-08,"[0.8823508616647935, 0.5308877950635171, 0.43029227681863347, 1.5888936512272522]","[-0.4036981404142818, -0.3897095299831095, -0.5508201377652406, -0.6037895374905435]","[1.6172402562324792, 1.7057894795204638, 1.7842672275442257, 2.2732208667017657]","[-3.068943524507439, -2.985996145596832, -3.5122161960682017, -4.341387522116268]","[-4.308975377877437, -4.3422238839281215, -4.907904720415243, -6.245187880807439]",-4.58831219
2020-10-15,"[-0.12367172652636427, -0.6733548378937471, -0.06946369398139751, 1.4392767031156772]","[0.18963704472270645, 0.1369056720946573, 0.20375037071935778, 0.21728105648636456]","[1.6357264764109924, 1.7514620113874184, 1.7476748241586335, 2.1998488150118445]","[-2.661065586016749, -2.6825365041529756, -2.831135536586318, -3.5894547122953155]","[-4.195946357469314, -4.303431597502993, -4.540840140147503, -5.4928545499125185]",-3.47292232
2020-10-22,"[0.547031640898954, -0.003518039902150605, 0.5403156046163815, 2.085907865882586]","[0.22295063477578678, 0.3284138900020516, 0.18727917469789152, 0.19094609159876488]","[1.6320921314841494, 1.7691163902544336, 1.7693108420938986, 2.193204189149117]","[-2.354066752573205, -2.3449069147544668, -2.7647948838056697, -2.9452349317367967]","[-3.7871055668293887, -3.850376590666605, -4.21807572982908, -5.063566105326587]",-3.66664961
2020-10-29,"[1.0112080643676968, 1.7335319724336884, 0.5233650901137921, 1.6121504435010259]","[0.7683665363437624, 0.9473876093053564, 0.8668078048371697, 0.7272968728868442]","[1.6684078693179791, 1.7668232854462944, 1.8183695737674783, 2.2943922665365726]","[-1.838778761132037, -1.7062320859956879, -2.173502071857605, -3.038463310871654]","[-3.249484802032979, -3.1902670815500085, -3.57765289560808, -4.924057570962466]",-5.08992920
2020-11-05,"[1.9315240343763307, 2.573688724736467, 1.929436942613627, 3.1174230293043337]","[-0.3995383557745492, -0.3352168770138225, -0.43732131894557, -0.5330990756664314]","[1.6056639843910885, 1.7075930870859197, 1.753627997349493, 2.195098004630763]","[-2.784211805188495, -2.9747399120941243, -3.0292949858694946, -3.8413212068784883]","[-4.403670285420864, -4.405122268397293, -4.93432679750293, -6.1382523228121855]",-5.17402491
2020-11-12,"[-0.9748177439357519, -0.470458333277346, -1.085756025993767, -2.1046147809654414]","[0.3914994554133421, 0.6936006138740392, 0.22090724160217745, -0.06170101648769548]","[1.643318031701562, 1.7558212363974803, 1.8061844042374573, 2.279995269346476]","[-2.2615070951286262, -2.1233983386185376, -2.638969354291961, -3.6640006611228606]","[-3.9549450411700087, -3.7274186601028236, -4.6072637671973204, -5.8903237973123215]",-3.12400410
2020-11-19,"[0.42012521644387846, 0.7794202791804317, 0.1521003184357994, 0.5205580337147353]","[0.47346846692739636, 0.5148558099781639, 0.5475127746506172, 0.4147287410269543]","[1.6152489263909962, 1.7810992821099767, 1.7205626206169102, 2.105841448606036]","[-2.0253224945609603, -2.2411981324237535, -2.029231410807135, -2.559180020477024]","[-3.1776085865769863, -3.419675223601847, -3.4195875586135234, -4.533768831362762]",-2.98158305
2020-11-27,"[0.2781199641187726, 0.9172046184687588, 0.1267922536882793, -0.4901166411187319]","[0.38920323278834307, 0.6192419891932218, 0.3811340159535099, 0.3482324813088392]","[1.537500620148724, 1.7156340585797494, 1.656392711746496, 2.0974479068056624]","[-1.8156333318829139, -1.9664924848959626, -1.965886988502469, -2.7319915295269195]","[-3.022503815258964, -3.0352651039579626, -3.3172512640231395, -4.4394346178818225]",-2.57050710
2020-12-04,"[0.8580593745770138, 0.40669964757489296, 0.8265512239562511, 2.754267805750299]","[0.09103684522922073, 0.13353750651805663, 0.1029785075415982, -0.005506566355643059]","[1.5890495741154866, 1.696419673016027, 1.7575522531502084, 2.2705936843611814]","[-2.409784658965157, -2.6341637008459733, -2.806362002685179, -3.824099142997918]","[-4.076595600290397, -4.166647677839292, -4.605482726103816, -5.913487487726666]",-4.41568388
2020-12-11,"[-0.11732811692404255, -0.22171183377039938, 0.15691403243227597, -0.8384923812182699]","[0.23990579081136498, 0.49085692083589993, 0.10088001984593542, -0.3388776603709872]","[1.6216776239887967, 1.6930512531074016, 1.7684072181243595, 2.172611152805117]","[-2.313581098884489, -2.2997833097171205, -2.4477404301693086, -3.621705442122041]","[-3.970652295242429, -3.7800739226375657, -4.515886995781816, -5.659274399019506]",-3.41392733
2020-12-18,"[-0.40009769835327447, -0.30271043010836607, -0.4110952408426627, -1.2573113893575183]","[-0.03125519858251005, 0.03326513881037919, -0.061319716635413565, -0.08398121615880777]","[1.6041427973358535, 1.7015465450700085, 1.7516389313044203, 2.2795319327026538]","[-2.122214606860659, -2.254347266716077, -2.313908603694202, -3.1103871744725815]","[-3.6912127214212545, -3.799171473315531, -4.070834784927846, -5.207770337163842]",-2.71297584
2020-12-28,"[0.8553990116378252, 1.0028443148084598, 0.6735572255236022, 0.21944963261386619]","[0.15393447218075754, 0.2972803292734723, 0.04279932859698866, 0.08094667242014364]","[1.6037238897885047, 1.7281093784238386, 1.7409411729921438, 2.2199308620964358]","[-2.3055284715221642, -2.5814788808112867, -2.5251647927903944, -3.566494876529108]","[-3.768748896551764, -3.719769704050737, -4.367859702888025, -5.24148926498519]",-2.76583167
2021-01-05,"[0.6863718288744991, 0.8210373280297389, 0.5533583179724744, 2.0857880350249935]","[0.524641357584464, 0.6606385011069684, 0.5266585768175162, 0.4228592557352042]","[1.7621345684334175, 1.8124769552313111, 1.9367524447911764, 2.5964025971305933]","[-2.00206214390387, -1.8443679674674807, -2.251106928833576, -3.3683108273446263]","[-3.920756674240447, -3.7989773763648413, -4.37997508876724, -6.013129607826292]",-4.07395500
2021-01-12,"[0.021115604269361654, -0.15914519671298422, 0.1933071875257042, 2.008826323900781]","[0.1839025716864503, 0.17204791215212306, 0.20926110473423873, 0.3528941857196787]","[1.6862622857784342, 1.8129501426186796, 1.8137325874219075, 2.26596532855253]","[-2.372807576565045, -2.529251684604584, -2.684905101013403, -3.3856131198204378]","[-4.2770492346761095, -4.289755916425275, -4.642401260593964, -5.411162360897373]",-4.02924503
2021-01-20,"[1.374366597824217, 2.299452347336217, 0.8302190834388767, 0.5162951756277678]","[-0.07120358289678548, -0.042943612227249024, -0.1229040050728059, -0.30876378404804256]","[1.6546728596667624, 1.778941597866572, 1.7749110259079288, 2.240525786623215]","[-2.2376951307732926, -2.5912875788588674, -2.3434515007909433, -3.6853415828493525]","[-4.091277351659377, -4.363656191379455, -4.489465199253592, -5.560780238042565]",-4.08586564
2021-01-27,"[-2.474417941856366, -2.827260205743176, -2.0701844026470795, -1.197452053277992]","[-0.09416636640699672, -0.004436944089130733, -0.08949989752695027, -0.1272136674370393]","[1.7776516532103357, 1.8672289072610158, 1.9327393903964794, 2.379227407636953]","[-2.532989683920069, -2.4545368465616253, -2.792106317895495, -3.607539399191591]","[-4.595171814167532, -4.647758010843687, -5.111447227599885, -5.902615696387957]",-4.92784065
2021-02-03,"[0.07858949506527324, -0.3975093967548915, 0.11763350901858871, 0.6234049009805176]","[-0.6068399251193465, -0.548307648761659, -0.6191169168074616, -0.31904870610869507]","[1.5530958772717023, 1.7563575770610027, 1.663053228658219, 2.1018486256076994]","[-2.8746084775231973, -3.1478504722212306, -3.1285847497254617, -3.491945362396955]","[-4.570642529613033, -4.9157032660554, -4.992349252157141, -5.4723032557950395]",-3.13460832
2021-02-10,"[-0.04357072064653522, -0.22813356388819983, 0.19731392726551888, -0.44154984769511074]","[0.342758574056143, 0.4475466565846288, 0.3471456310291844, 0.446555618935049]","[1.7213247685146795, 1.861765560473094, 1.8469195458309682, 2.354577383297718]","[-2.2308319644170647, -2.266014961361732, -2.63220509345072, -3.216118131929375]","[-4.186872122579888, -4.183523811198911, -4.583893728041239, -5.398443458444337]",-3.18108752
2021-02-18,"[-0.4265086001828067, -0.4381749914258215, -0.37929661442124285, -1.557332925928101]","[0.06746747988203343, 0.07190727547253616, -0.04446324836206098, 0.18824994429194591]","[1.5518698903685204, 1.6446253481213635, 1.7129311259258586, 2.194061330572182]","[-2.14940349018652, -2.3492690909848917, -2.559896418716175, -3.2347483499204372]","[-4.172494554087006, -4.146421260768126, -4.7814259856735575, -5.368947579675204]",-3.37350919
2021-02-25,"[-2.439073856561791, -3.548477491036639, -1.767141334750022, -3.268200422240053]","[-0.15844534841266752, -0.1436857154759722, -0.22999335091126016, -0.3038431639613983]","[1.5746156072703632, 1.732278947473172, 1.7180600157468473, 2.1894078318914207]","[-2.4220325737647395, -2.638610186379548, -2.6160515484720652, -3.734066636931392]","[-3.9796730369263753, -4.272196020659231, -4.432492270437315, -5.342531874491198]",-8.50723534
2021-03-04,"[-1.2451973318565734, -1.6502357688200853, -1.1124940947564, -1.711102042792767]","[0.39235934830941016, 0.39763018728958477, 0.27919500421850046, 0.4531370373742433]","[1.737171761567802, 1.8968255784803996, 1.8808990098821436, 2.4076403372485022]","[-2.3418401768805106, -2.1835640373777196, -2.6364421425332725, -3.044550568064723]","[-3.826484971655599, -4.054815311339322, -4.305765675185024, -5.070323950135599]",-3.69845857
2021-03-11,"[1.0087982797943873, 2.2770197318965124, 0.5821640485812907, 1.1913576735040898]","[-0.3716698147860733, -0.6660735962706947, -0.20169209843486252, 0.08774534403852154]","[1.6036893683296003, 1.7688799956050838, 1.7451947649496204, 2.1993701079363697]","[-2.741946104591805, -3.2419833593963023, -2.5213439814769507, -3.1659197323594714]","[-4.0880528173901585, -4.725008164385761, -4.243366963186649, -4.828083764194104]",-6.57439177
2021-03-18,"[-1.4656522520607673, -3.110959057558027, -0.4647106537609247, -2.2194944443189257]","[-0.06505074922778907, -0.17314980625047682, -0.03701319935144534, 0.015824755117008704]","[1.5834205733684943, 1.728517954546335, 1.6837079049446766, 2.232139951830432]","[-2.2651248481244477, -2.7408854355978445, -2.2760605619927703, -3.148245279583866]","[-3.6265195826318473, -3.848384441058776, -3.999499367446599, -4.907260047868272]",-10.23055766
2021-03-25,"[0.5609797047543275, -0.1733021468498741, 0.61322889101465, 2.6712624858069134]","[-0.3380984489041675, -0.39984333682361006, -0.500844030281593, -0.2588960100380445]","[1.4622526741964934, 1.6384931376260983, 1.5842743035752935, 2.1906971960943284]","[-2.5682295640894726, -3.1168437521103494, -2.876101434699193, -3.6630121758466707]","[-3.840699249475242, -4.142846970626625, -4.366256378573633, -5.359951365985649]",-3.84048556
2021-04-01,"[1.0741159871777484, 1.6902703781650708, 0.5191230315297446, 1.1534261111139088]","[0.05343034291134125, 0.29611805559626675, 0.05414561886270859, -0.3448199340525824]","[1.6562436568077787, 1.8031696760636935, 1.7876969787279944, 2.289834293050308]","[-2.6754929885588306, -2.517660214736172, -3.081232928577351, -4.068353283960652]","[-4.435125726146165, -4.196244242392012, -4.841529557088039, -6.186946407456377]",-4.31065067
2021-04-09,"[0.7243978484789082, 0.6039935688440856, 0.8826553493385347, 0.15573477396060298]","[0.04153172305975779, 0.028048014676325627, 0.05264809399020026, 0.06979174944293311]","[1.6421850232940989, 1.8463531851080548, 1.7759169457767197, 2.2630035362732395]","[-2.2059060860391395, -2.6413533026741196, -2.5013136987219196, -3.2931520202679874]","[-3.763031751041085, -4.28954263362145, -4.124477792308728, -4.937920806073757]",-3.05188276
2021-04-16,"[0.3336932260918246, 0.11702140509370906, 0.482674033923125, 0.3148301375594187]","[0.04100214536339261, 0.11008443400784942, -0.06912143518598211, -0.07251952628263707]","[1.7213813419656956, 1.8433311180228598, 1.880930550771245, 2.413735479352857]","[-2.285422175795746, -2.4117139761947124, -2.553648165101187, -3.9092111089819968]","[-4.124532345216664, -3.978764095271964, -4.717813710729401, -5.7941606650087625]",-2.86317466
2021-04-23,"[1.0784087392879727, 1.2510944810583347, 0.6707718809096264, 1.9043495930947785]","[0.5304366436579744, 0.7612031347236433, 0.48938794118948364, 0.5674970999456294]","[1.6251920027661868, 1.7754069847009648, 1.767389965462464, 2.3588296575987804]","[-1.921416814982927, -1.8292892994971535, -2.013116391663275, -2.918238644462968]","[-3.4776518129995138, -3.3504224843704122, -4.012922852541357, -5.0824427722672665]",-3.96712129
2021-04-30,"[-0.6592291358931135, -0.657610300636069, -0.5461393615991739, -1.2545615307613112]","[-0.5140350014305245, -0.29735890850761676, -0.6977105131525254, -0.6623271309953462]","[1.5901624630582436, 1.7518803752843308, 1.740920681002138, 2.3346967576242643]","[-2.689692948279043, -2.7531347008116622, -3.162135660443827, -4.233628953037262]","[-4.713979975988671, -4.630662885774378, -5.387468538856772, -6.201887454700329]",-3.20539459
2021-05-07,"[0.7251583139267659, 0.8081749434887264, 0.6613099746450857, 1.0899430148182176]","[0.03169668608297249, 0.01706924589140582, -0.028134896704297748, 0.052777343193194985]","[1.6863561111896368, 1.818382644000681, 1.83330588144902, 2.3599964462837186]","[-2.2214164992102905, -2.5105963533277285, -2.5254887824653394, -3.408323293368934]","[-4.069657423148819, -4.31035755292021, -4.5026363174422945, -5.268676772488802]",-2.69020830
2021-05-14,"[1.5238782781405114, 2.1836690138685277, 1.0545744613885688, 2.179184847849669]","[-0.37362203919617165, -0.4414656582775876, -0.5192909854995071, -0.5605705369237025]","[1.556099159661274, 1.6857630431657087, 1.7122621519191856, 2.3776767145601263]","[-2.6077983983862523, -2.940403862469392, -2.932960024798974, -3.987479474218562]","[-4.158072088114363, -4.234120332590859, -4.785309006745681, -6.085233854766141]",-4.78901204
2021-05-21,"[-0.08189670228020418, -0.5550086979081215, 0.3622390715282364, 0.5399440203471606]","[-0.36368306082898816, -0.3398523263497507, -0.39640494563459866, -0.5126892233556656]","[1.570891047126991, 1.771303956304069, 1.6966941082160185, 2.2153681688958007]","[-3.062707875898404, -3.2346645852020024, -3.1631929557804264, -3.9812010560000197]","[-4.4376831309047855, -4.6427648502431875, -4.999713786933527, -5.874759659691299]",-3.18343413
2021-05-28,"[0.17871730644634098, 0.31492857245316586, 0.18787121929584316, -0.10142015953906736]","[0.2147959609613145, 0.3526403519592681, 0.18033743997965596, 0.20485393405384347]","[1.5276614814225138, 1.6931784516678108, 1.6591545005504609, 2.2205926980183825]","[-1.76011681839956, -2.148579824417366, -1.8527058741135933, -2.9225875814468356]","[-3.6132395544851623, -3.7077994933352305, -3.9881998495128155, -4.898327958765613]",-2.46093538
2021-06-07,"[-0.09706202244448292, 0.2975368272153389, -0.36361512006575225, 1.0915002034167287]","[-0.19390387659390534, -0.21539841170436946, -0.24485434132177414, -0.3369563866612794]","[1.6529685004811308, 1.8733123313164382, 1.738461058550839, 2.2402299341729894]","[-2.3244152911741196, -2.879668504261978, -2.461577535134858, -3.6846247781685753]","[-4.513785758720296, -5.0243610878766765, -4.7868779718389005, -5.7117732651590405]",-4.43710472
2021-06-14,"[0.22364145373705568, 0.9537078741004734, -0.24929829741946463, -0.7371088708416629]","[0.05778450199646134, 0.035227680525994814, 0.09845619221124928, 0.10692739089212112]","[1.5192215675448995, 1.6683578244169124, 1.6593327814520071, 2.2559062552779023]","[-2.15818070892544, -2.5851495114766876, -2.1575716159442604, -3.1292318983726672]","[-3.5383953278361173, -3.805185852792974, -3.896690937547504, -5.133316509498309]",-3.25344222
2021-06-21,"[1.4214460211336544, 0.6195497307472486, 1.7475977782371643, 2.4504536514241337]","[0.09002637865795841, 0.120273896601414, 0.1417802976019909, 0.1343028228125604]","[1.611917506421256, 1.755064303655854, 1.7719432080816546, 2.256540830283494]","[-2.1863297695043835, -2.3843410692450124, -2.3411183419393384, -3.1208708227712467]","[-3.8898771661274116, -4.0459638155184665, -4.374000638571612, -4.914009906700705]",-3.75144188
2021-06-28,"[0.2013875172155899, 1.2088232602018856, -0.43823216945959587, -1.3222395848104362]","[0.19004971728816963, 0.043482068855676105, 0.16701549295981666, 0.5042498881380855]","[1.664038854541809, 1.8401050070129443, 1.7991024602503434, 2.3392515565645815]","[-1.892625525907219, -2.6492899817430433, -2.079707196240216, -2.911439414297224]","[-4.082980540398648, -4.446800792020345, -4.52497568416864, -5.053910714327479]",-4.12398240
2021-07-06,"[-0.18231319944108648, 0.4312646587357527, -0.6025646614993718, -1.7368430517591626]","[-0.39262156000659826, -0.17969170492781478, -0.537173843669522, -0.532571036881663]","[1.5936766019821984, 1.7983809272806281, 1.7234623145264982, 2.2672963419018535]","[-2.720974711674071, -2.7288254271339865, -2.969347996664704, -3.9558366877352684]","[-4.1981293670134345, -4.3318115537420345, -4.845004235398341, -5.532514520267807]",-3.23222434
2021-07-13,"[-0.3414903555992055, 0.0, -0.30733385026433524, -2.021393218954426]","[0.2555124113724437, 0.3413096065141677, 0.22097840384078402, 0.2679801286641192]","[1.4688952528570687, 1.651308664088163, 1.6012156896430876, 2.2189432021348203]","[-1.6609580172861649, -2.124133820883758, -1.7558047576627014, -2.7381892885523227]","[-3.4632126456100303, -3.570798663148426, -3.8630731433659036, -4.836635305857941]",-3.68948037
2021-07-20,"[1.4228628936352905, 1.1549484729454385, 1.6063369582116849, 2.9116466398024343]","[0.34951821812844575, 0.5611344901719062, 0.3474219077819802, 0.1593458429557404]","[1.509664615555761, 1.6603112768847186, 1.6363071330351022, 2.2208282299619055]","[-1.7567138098832609, -1.8661371419578674, -1.7784478973020115, -3.0000099203940005]","[-3.403238570159804, -3.2189932314978393, -3.7677653674836424, -4.886736820638705]",-3.39112164
2021-07-27,"[-0.45680015892610726, -1.1079105941363743, -0.24440622323940175, -0.7823934996466164]","[0.10332131613698602, 0.20826347383168564, 0.08707761495949855, 0.05776949264963525]","[1.5453318117790213, 1.7088980347567342, 1.6799537870467227, 2.284837138961995]","[-1.8923905838460666, -2.065010186316287, -2.191925020744812, -3.4296136836017057]","[-3.5541677935348726, -3.5453280254600457, -3.8633429999962408, -4.961721572585642]",-3.80006627
2021-08-03,"[0.8102476452989116, 0.6043164205538076, 0.7954920087216877, 0.8279576657148624]","[-0.024654284159998725, 0.029597789427277827, -0.08036314498909372, -0.1437353273127807]","[1.6842035335798673, 1.8561725663571707, 1.8075302133537112, 2.407242070024909]","[-2.613023543491876, -2.846095513861545, -3.01944049327543, -3.753457877586895]","[-4.398280652957568, -4.596606624257959, -4.9081380801636065, -5.698120196101867]",-3.00171843
2021-08-10,"[0.12431644048644941, -0.5138870679294527, 0.4627777260653332, 0.7634868477082613]","[0.17047553806667143, 0.35542165090155364, 0.07260152477899806, 0.02641149054559949]","[1.740605630945337, 1.8736390996989523, 1.9135724344571692, 2.4454056485766635]","[-2.6153908448068264, -2.360242520409216, -2.978305437077766, -3.6724166502456903]","[-4.406940108431186, -4.178734599298542, -5.043429353031226, -5.941260303005857]",-3.44119520
2021-08-17,"[-0.6576974041974992, -0.8847078168660261, -0.7950591334381585, -1.060128466031518]","[-0.2651725112252701, -0.28094472001374227, -0.33721401893279074, -0.13270613143247123]","[1.6519588113037003, 1.8330417348301722, 1.7945182262435908, 2.27949107086109]","[-2.5623723300970784, -3.050531519759792, -2.926100212304484, -3.831269035119487]","[-4.779842625667566, -5.096333625726824, -5.2609855687564595, -5.526085648578817]",-2.97827782
2021-08-24,"[0.15862339220467092, 0.3049822312012118, 0.08641909667108649, 0.8714661549491076]","[0.19287813763339345, 0.2528435028369979, 0.22244927922785573, 0.1611555801542317]","[1.5888560612750835, 1.7956165018032726, 1.713409824130575, 2.2446930983853015]","[-1.8160041891409882, -2.219585506998426, -1.8855927211993035, -3.1170994853754954]","[-3.4582262087830493, -3.845050270979481, -3.767468489303619, -4.553646357337534]",-3.01425738
2021-08-31,"[-0.1482634951848638, -0.08154871168635225, -0.1105418002781633, 0.2136326364094998]","[0.01583285499894694, 0.2542546166077313, -0.03872546353357802, -0.07357091836355636]","[1.6030392017064266, 1.7687535475655063, 1.735053130069668, 2.454135618579751]","[-2.010595828363348, -2.3763315544944597, -2.2524957378543586, -3.4792258638007167]","[-4.169703169563567, -4.139534847412479, -4.628000500585684, -6.100677966767119]",-2.69976512
2021-09-08,"[-0.1218972580807609, -0.34866432466671426, -0.19657484819894933, -1.0062747680983364]","[0.1612721550549004, 0.30288702771444564, 0.1405038524754446, 0.06365286298215092]","[1.7128137800302612, 1.8779056818077253, 1.84563279828887, 2.387537610559898]","[-2.5892282726070777, -2.991652842534348, -2.9525909007283113, -3.8534386418759765]","[-4.432939811897793, -4.4339206369983595, -4.833912343230573, -5.548548950682499]",-3.73040093
2021-09-15,"[0.8318002934426971, 0.7407335259461689, 0.6825601105081347, 1.1850699466032566]","[0.536995984389037, 0.5887884715908503, 0.5295159459382401, 0.6151996973726492]","[1.6190556122602229, 1.7650472309021832, 1.7574842417973375, 2.3362407816936432]","[-1.740629717161112, -1.9094559334764794, -1.9797097974993514, -3.1276034086767863]","[-3.4537677401151337, -3.6152957455614954, -3.8256873536583, -4.538228424841529]",-2.93214394
2021-09-22,"[0.9707625072267412, 0.9297007251879208, 0.9929360984603619, 1.3872015539107885]","[-0.23146359668195254, -0.08678204092932004, -0.3439275806725299, -0.514894562966976]","[1.7725216921495734, 1.959887206062432, 1.9257371384541053, 2.4912072049596157]","[-2.607338791756072, -2.7804597879219677, -2.7425074635514264, -4.256434860938699]","[-4.981931921135814, -4.975982960865278, -5.633705960252616, -6.668443176457323]",-3.11936133
2021-09-29,"[0.16817194725913254, -0.16407869456864788, 0.2641697917047381, 0.203990765709694]","[0.9546100265455599, 1.142868909276904, 0.8939853459805145, 1.069359079862051]","[1.517771957522778, 1.7294576994157966, 1.6217373052260895, 2.199566740332132]","[-0.970770694159543, -1.4246153741002343, -1.3116147389590438, -2.2799560943670363]","[-2.7719330028656355, -2.7960307085112674, -3.1669407683532182, -3.7340201069842593]",-3.03930332
2021-10-06,"[0.41474573676012483, 0.6387258723581368, 0.29773782733322207, -0.6201917496287734]","[-0.17695875153921012, -0.09757765146302234, -0.34716860667956984, -0.3877231595354271]","[1.464021659697448, 1.6448013244315378, 1.579347509888616, 2.1892682785077793]","[-2.102664042462742, -2.4327016392329672, -2.3269724018021343, -3.4408886589213195]","[-3.5000371395956313, -3.6482379432064294, -3.981945661901497, -5.235263944455372]",-2.92149811
2021-10-13,"[0.3591162550430127, 0.7976153313297374, -0.0015416802714440792, 0.16470366959335792]","[0.0998338432807574, 0.13446764130750424, 0.07727689604691812, 0.10619287392137462]","[1.251283193862592, 1.490961962275833, 1.3435659295363978, 1.9536169594578576]","[-1.6204962703534185, -2.18060774926605, -1.9205264406297573, -2.759274182108584]","[-2.768100514221526, -3.26320176919457, -3.206562937985398, -4.235361395116244]",-2.65042368
2021-10-20,"[0.3920023267010464, -0.13059343625387854, 0.4278525353843321, 0.9362113561087959]","[-0.02424579546135677, 0.01320382339987137, -0.07812040155829117, 0.09665512071661832]","[1.3516393099880244, 1.5581153292710592, 1.4802002555069558, 2.055644277386513]","[-2.0473845037491127, -2.341304566579698, -2.301797851559054, -3.042116862669314]","[-3.289335208791583, -3.5474746767661594, -3.739851636174905, -4.463673746785452]",-2.98653838
2021-10-27,"[-0.44400685605898715, 0.23184349103262392, -0.7472289611033744, -2.0224634688446486]","[0.09905588396633476, 0.19334908422717798, 0.05973751587828472, 0.085285114357994]","[1.0660981484211924, 1.3671178684958842, 1.1049491170907164, 1.8499682292387718]","[-1.5452107243122495, -1.909812163082284, -1.5904592784628913, -2.815217713641346]","[-2.2204026015600045, -2.9214976447944894, -2.3120251690079177, -3.8809901176390285]",-2.62435718
2021-11-03,"[0.6086631308689583, 1.0559732075340555, 0.2906793205488256, 1.592347013251949]","[0.14538838489745676, 0.17412930089938602, 0.10995023317292855, 0.1699089375366206]","[1.0102596089042843, 1.3100767380539644, 1.0456911504401558, 1.8075193277453383]","[-1.4787897565888928, -1.9508082045104977, -1.5452996695694594, -2.7087733204677673]","[-2.1724103272379587, -2.781825809849331, -2.307939899470078, -4.0018907930838825]",-3.10032963
2021-11-10,"[-0.8077347124634038, -1.4806050230037116, -0.6630970850281415, -0.9158646458674369]","[0.23059261223420874, 0.2879046187483149, 0.1663273171311479, 0.4134188099548223]","[0.9946137375326966, 1.261745255178111, 1.0710424611178853, 1.8314440084280055]","[-1.393417710954872, -1.7341699161510715, -1.57689680104242, -2.7068620685317955]","[-2.0653942424633662, -2.5449910484732534, -2.298886866011909, -3.7582902699139202]",-3.22180695
2021-11-17,"[-0.24322624106494217, 0.05282893260618593, -0.5859886869776787, -1.1343117354170928]","[0.09555311821446916, 0.15292821437429058, 0.06029180845123891, 0.087261096847305]","[0.991152453857463, 1.2754569845424824, 1.0357562515379495, 1.7996852220267123]","[-1.4595398758805316, -1.935640261355465, -1.5432807823131829, -2.7950042484588793]","[-2.0630942972379054, -2.6274213277894387, -2.195725118259603, -3.79667528841599]",-2.22628519
2021-11-24,"[0.26663648876761314, 0.3215068058151971, -0.026306169898049347, -0.2156184792457161]","[0.07483471656470476, 0.1971541871179788, -0.04247668456908302, 0.05653352969011598]","[0.982101522636006, 1.3261413781151523, 0.9963616252463133, 1.7594832707400945]","[-1.507574792514776, -1.9564033658077526, -1.5431510891198905, -2.6087683838694016]","[-2.1204215353887377, -2.811081519301634, -2.332462071942781, -3.73401635903351]",-2.38585470
2021-12-02,"[1.520012958620054, 0.7181198266888345, 1.7994471423664393, 2.9871535331468024]","[0.25499804055846154, 0.20955402483506694, 0.20955920490973942, 0.6664661845531684]","[0.9280583765022931, 1.2035948859025034, 0.9918978782383929, 1.7073777499494545]","[-1.2248094585963951, -1.7401749969513844, -1.2950942755355381, -2.1651351467274016]","[-1.7061027382030671, -2.4981000284675536, -1.9263695609908325, -3.124271320346303]",-3.73260465
2021-12-09,"[-0.6774447468044897, -1.482359946438283, -0.0001678100122859405, -1.6454270557522577]","[0.19182684170334713, 0.20851043932105998, 0.24228532662028485, 0.17526968758807004]","[0.9840331044011459, 1.29496772384702, 1.0586269100260386, 1.7469136457884251]","[-1.4545023231971772, -1.914824577420988, -1.4344687097823934, -2.6765637401971283]","[-2.041004813564339, -2.6241284571707144, -2.282133367627747, -3.7777842887437516]",-5.02470062
2021-12-16,"[-0.8857680502242893, -2.6051099611954953, -0.0829515424300098, -1.0961817889871384]","[0.041662787823576096, 0.03621529909625951, -0.005121001299559377, -0.01968442979896319]","[0.948740662544804, 1.2700678745887999, 0.9938471320768162, 1.6849443095667571]","[-1.5279996613954048, -1.9816148370637099, -1.5500674786129138, -2.74123775349334]","[-1.979224833588473, -2.6712052883615485, -2.206031302396653, -3.554168316516201]",-6.93327016
2021-12-23,"[0.6202777449188623, 0.7510692605676716, 0.5485586826955213, 0.6330589496919004]","[0.24428734093062515, 0.2790862383363402, 0.26635755616731205, 0.15545434089023324]","[0.9778832104615571, 1.327455412828512, 1.0006075305240743, 1.6664403314532747]","[-1.3946249662828807, -1.910818518929989, -1.3924166811153067, -2.573691259547545]","[-1.8055716496094636, -2.553040914828802, -1.9016299482206016, -3.3957296611769237]",-1.71894986
2021-12-31,"[-0.25233981456187493, -0.626414670313924, -0.16437445322399213, 0.08434610000751519]","[0.1881852620022638, 0.21050910346059254, 0.1533338898748398, 0.23487983882223276]","[1.0151334094140079, 1.35244923368139, 1.0479781808990878, 1.7078996554044288]","[-1.4652823415500926, -2.0613131627149834, -1.5025466445685882, -2.6069501325776985]","[-1.9369461757322883, -2.6100911095563935, -2.130406545870281, -3.492482316960385]",-1.83919906
2022-01-07,"[-0.3961237636724846, -1.0891931849381642, -0.01327480095625333, -0.45048138869487886]","[0.2461569233667607, 0.26092984695748017, 0.13510714248021066, 0.17745354387916656]","[0.9300204068779345, 1.271717941517291, 0.9625589036340803, 1.60319103628089]","[-1.2577673659192101, -1.7861522566118235, -1.471533566246947, -2.4751891108865576]","[-1.8662192176707375, -2.527464402481946, -2.123263261202875, -3.496009622883763]",-2.67614713
2022-01-14,"[0.04089397759514668, 0.6203231631329409, -0.560386874817631, 0.6080551823973046]","[0.185968228424192, 0.19034734967564923, 0.12997752939210985, 0.4934695689201312]","[0.9204478563897983, 1.3367652588853915, 0.8875566046617144, 1.530005808628987]","[-1.3413343770141395, -1.8488059944773896, -1.3312604399467276, -1.9314741675756504]","[-1.838241579810241, -2.6403356738434307, -1.8304601876897197, -2.573060858328901]",-3.25358964
2022-01-24,"[0.42378027245009164, 0.45674607358812125, 0.2888831610478704, 1.7773374396646169]","[0.055912333278119654, 0.012961233253898786, -0.026545092258998457, 0.35997091634845424]","[0.9103297205925095, 1.3222154338794965, 0.88802344041196, 1.4854266272158103]","[-1.4536076291068154, -2.1039915385561905, -1.5254389933429218, -2.1231678520794177]","[-1.8839661584616738, -2.727932319885209, -1.9390572473713348, -2.822940252800425]",-2.22469936
2022-01-31,"[1.7850750939094162, 3.1477710805353887, 1.1634987609946634, 1.9310165109181376]","[0.09134493021567254, 0.03849265894504865, 0.1307793774561062, -0.04180372395198973]","[0.860710459285905, 1.2656768983657884, 0.8376237381472791, 1.4952591909764765]","[-1.324840337038135, -1.958866292649873, -1.2921328748146024, -2.488664815230394]","[-1.7700702274253846, -2.826073513641122, -1.7093527934978336, -3.266750526031113]",-5.39073933
2022-02-07,"[-0.32143842630913966, -0.807695089343774, 0.003961193413992703, 0.25778171063652877]","[-0.0816923863565461, -0.06747117569541596, -0.1426227064645084, -0.3484381528375266]","[0.9306170041754708, 1.3094426239405546, 0.8970414504887175, 1.5338200485613294]","[-1.729827076168821, -2.314906174927017, -1.6554985870610284, -2.8572987404682118]","[-2.167834060862373, -3.0664715221366254, -2.151665308512986, -3.558386169324848]",-2.01868010
2022-02-14,"[-0.3274616748306869, 0.1238143876761022, -0.49604577516344506, -0.4535999289419834]","[0.10300734895080599, 0.10445352627854214, -0.02044498990373767, 0.22168582877756773]","[0.8900640067511784, 1.2945546113843445, 0.8297228977208366, 1.382277104131262]","[-1.4130286571997552, -2.2033930635575945, -1.3533837305852363, -2.037386780199128]","[-1.9351005347189647, -2.7738711361056767, -1.838103425018201, -2.8436337229997064]",-2.23563074
2022-02-22,"[-1.0789602905948215, -1.0094434164582111, -1.4261471616791255, -1.3435974458843702]","[-0.03282981432460778, -0.032844197691921345, -0.10981737300338537, -0.043286451997364896]","[0.9413491929866271, 1.3479065635428842, 0.8690975220537159, 1.4531826441779057]","[-1.6517117601652913, -2.3970040817429954, -1.535933723747402, -2.305509224937605]","[-2.113655517614278, -2.9256420215727252, -2.032736414080373, -3.159223772643314]",-2.98809496
2022-03-01,"[-1.5347446387005803, -1.5429835585499596, -1.779096763785759, -1.8566161815173565]","[0.24073652558156716, 0.39566807407644555, 0.1953180170757193, -0.07988731622918378]","[1.0075023017886495, 1.465785369719265, 0.9140180862172771, 1.4777309099729796]","[-1.4613023069098376, -2.154999209098507, -1.37615482046984, -2.723652929856289]","[-2.1065210579624276, -2.9416749194621015, -1.8945554303592287, -3.3518049684597226]",-4.51031459
2022-03-08,"[-0.7610559174838549, -0.46589661888640777, -0.5645238629986338, 0.4454368255581542]","[0.06843218793710967, 0.11489758784352588, -0.0938451730324176, 0.2756974723276211]","[0.9758114841498341, 1.3737710039813305, 0.9072604428930793, 1.500562307523933]","[-1.578536658491266, -2.168909876064763, -1.5523045936847766, -2.090241827949794]","[-2.0961977066715898, -2.962340576916746, -2.012744767358235, -2.8643995620165703]",-6.73076760
2022-03-15,"[2.1752083084996876, 3.088503138547072, 1.8021356549978051, 0.7815135227762227]","[-0.03541228342917948, 0.026886152628835275, -0.14877643431511867, 0.11212212290412459]","[0.9665739557858118, 1.4123431750210653, 0.8731730745114665, 1.413611245386689]","[-1.6923071832138672, -2.328130550729151, -1.5906066158838505, -2.213556960299255]","[-2.15898198298935, -3.0735229332514002, -2.046895435666949, -2.951037482628761]",-5.81933168
2022-03-22,"[1.1633455209691057, 1.9462075038130244, 0.7337643909247404, 0.6464504726426235]","[0.09177324946510501, -0.0992623052948294, 0.17557028598496868, 0.2862211931711759]","[0.9725743185716237, 1.3973300860556266, 0.8868430719624747, 1.424237763896156]","[-1.5400788117103403, -2.3872084803957248, -1.3756469409934269, -2.1477191365149997]","[-2.0491724397884656, -3.2012534838405178, -1.8267448544315057, -2.886515194735439]",-2.53618664
2022-03-29,"[1.2295017086247029, 1.706327749377845, 0.9631380210619156, 2.0443631115892202]","[-0.10266070647378632, 0.000203554665066355, -0.14612875423764077, -0.2905665958446359]","[0.9502958740941955, 1.3378615396413949, 0.8627397067913354, 1.411965791768102]","[-1.646875754504621, -2.3611281474382504, -1.5539929198320954, -2.557281438646306]","[-2.2942964409725857, -3.0442990859328942, -2.039216105076022, -3.2109907651977734]",-2.91525045
2022-04-05,"[-1.2711692845467581, -2.245432604345954, -0.8070419085546732, -2.2593152579914566]","[0.006051326787539319, 0.01176982909203464, 0.006958244069493764, -0.161594917315588]","[0.9224584325349041, 1.3385154199445695, 0.8339233036497095, 1.427663215081388]","[-1.4962667515026222, -2.276517126368449, -1.37368620472678, -2.498599536119747]","[-2.050801239353465, -3.0662170351804874, -1.7830363721329383, -3.136922273590501]",-3.98888201
2022-04-12,"[-0.3712199653387316, -0.42331578073397935, -0.25601063707494376, 0.43101849196816033]","[0.19581572810772335, 0.3388172637218296, 0.036697499983288286, 0.20546377365664945]","[0.9850710806704372, 1.3961080986918053, 0.9019602681242792, 1.4204791844213447]","[-1.4689441495673512, -1.9287783189064078, -1.350667873542466, -2.050777940095527]","[-1.8696840112268314, -2.563005089908565, -1.8931295691011476, -2.8305948100584333]",-2.22450994
2022-04-20,"[-0.07417041776207611, -1.4691806398986706, 0.7123846647996146, 0.6712603894801994]","[0.05546493463085424, 0.014295983406025182, 0.08501390505344622, -0.034701353550625286]","[0.9466162504469403, 1.3392549558533096, 0.8649014915686929, 1.4414512302253737]","[-1.49852200994655, -2.139566790722084, -1.3429149925528132, -2.2398906101035956]","[-1.9604820014382909, -2.828719488563745, -1.7692465758427909, -3.010733174417007]",-3.93798017
2022-04-27,"[0.28079189186911435, -0.1198994125775954, 0.18559681298171427, -0.2260390197976747]","[0.28792813179101645, 0.3036157884906323, 0.17158329999712219, 0.796241155164779]","[0.9562805748184982, 1.3819363429071427, 0.8560313919550073, 1.4110812743539158]","[-1.3179580273242464, -1.8716973409247863, -1.1661214848321493, -1.4876836868381553]","[-1.6447168576831948, -2.475052094308012, -1.6109452569514906, -2.045394843540363]",-3.18729677
2022-05-04,"[2.999856254218791, 3.325321049640717, 2.7752103444663945, 2.6126105850501347]","[0.3520737136097154, 0.28498460415881727, 0.3665891713429215, 0.46990907980970054]","[0.9667651156135094, 1.375528672092204, 0.8968961923928266, 1.4462332600869607]","[-1.363763461036219, -1.943168633713373, -1.1280318540552867, -1.9165544510549055]","[-1.773678162913889, -2.7124713649371213, -1.595779531868716, -2.514787485380466]",-5.79732554
2022-05-11,"[-1.6013647324518487, -3.0106873165571812, -1.0208097569579522, -1.6159609113919338]","[0.6886407429657174, 0.5219929993248401, 0.6861898077863587, 0.9839741262200327]","[1.0580926468645329, 1.4909693392695997, 0.946215529146797, 1.5062763025975554]","[-1.052939262922644, -1.9854542831535484, -0.8411176230982044, -1.5089024376867601]","[-1.6629373305648738, -2.7624287753625425, -1.4024031298538406, -2.1699561890014905]",-4.92962405
2022-05-18,"[-4.114648174006241, -5.033626365869193, -3.631316973290666, -3.1640466875840545]","[0.25672965520913615, 0.14514282417228744, 0.330018817209374, 0.053226779079265006]","[1.063220717952255, 1.5101109556497563, 0.9279352669330032, 1.4528494629384214]","[-1.486207957877283, -2.3536290019172745, -1.1881004647546216, -2.4271988380406553]","[-2.1189222405074415, -3.2550833175955978, -1.7559449697166487, -3.0085190988428225]",-12.37578369
2022-05-25,"[0.8796092590151794, 1.3898243599523852, 0.5984820100701782, 1.8874231718456258]","[-0.07992620791098695, 0.0791192108813982, -0.18427142793569756, -0.1559043083185303]","[1.0490094300981017, 1.4691175644362269, 0.9346934036341902, 1.4351560943927846]","[-1.7060700551752606, -2.193480170437085, -1.6809199984054117, -2.3016858921399783]","[-2.3973856660656305, -3.035665485285024, -2.2771600315285205, -3.2204684743389334]",-2.77222623
2022-06-02,"[1.8864383506612903, 2.701734569817571, 1.3171248717132045, 1.7092189936746216]","[0.21749987149761146, 0.18834492974677916, 0.16751662252418997, 0.3701241187242131]","[1.0754134835137132, 1.5013502657005269, 0.9466577193215493, 1.4778848009255636]","[-1.6567847125068322, -2.314516466139171, -1.616103900663506, -2.141619867803101]","[-2.224326744100369, -3.103417452200516, -2.029783078323764, -2.779410545319391]",-2.85354596
2022-06-09,"[-2.4070259021178764, -2.714979674886031, -1.9579449555036987, -1.9223971562811748]","[-0.09502221439956499, 0.030725079870635188, -0.19366710604153092, -0.021136228762108834]","[1.0276010367707225, 1.4662210056875709, 0.8836832121010704, 1.419270931061043]","[-1.8678520477193823, -2.4686569520664556, -1.7292969922549608, -2.3986933298890736]","[-2.453733022086177, -3.3126133242950253, -2.158976947953914, -2.996296090833898]",-4.80193909
2022-06-16,"[-3.3656181834923693, -4.1183157023147565, -2.4473625420599276, -4.599934219623059]","[0.11750940493581287, -0.05886725991165189, 0.1970643841060254, 0.2781667588405619]","[1.0521738442465312, 1.446710897681212, 0.9129977828243719, 1.4146144330168777]","[-1.6598544649344282, -2.4693163487651844, -1.4049818632996427, -2.1401845293465915]","[-2.3225359994719623, -3.331295663997149, -1.87503423879992, -2.7416589283793886]",-9.73298120
2022-06-24,"[3.1298933075026625, 3.3689692450660225, 2.6484209647268386, 2.7081488822010336]","[0.03347813965281061, -0.11323341934671757, 0.0871677211069015, 0.013690203199200736]","[1.0602834704258985, 1.499084726732258, 0.9067183593799347, 1.4246323991680012]","[-1.7204637614243858, -2.5359407101131497, -1.3860836282881484, -2.1853545429826893]","[-2.3934039315498303, -3.3750769631733886, -1.9827063068540314, -2.996331891182002]",-7.04524575
2022-07-01,"[1.0521078963985353, 0.6578795097961887, 1.040306805692559, 1.4365778284999742]","[0.36511204149554416, 0.4240498043133987, 0.25463356934141496, 0.3288006739023005]","[1.1086392864184218, 1.494413649268847, 0.9501815359503311, 1.4068451763516354]","[-1.4623663679982948, -2.01742681333057, -1.3094031128535388, -2.0401349560784516]","[-2.163532297609459, -2.948956505925165, -1.877192107373048, -2.594314112319216]",-2.28429767
2022-07-11,"[-1.1489358556223017, -2.159602116010273, -0.5256923620425624, -1.7134019561220626]","[0.046271116047069565, 0.04272945468515869, 0.028713396005421166, 0.06560945433046793]","[1.1344142794730896, 1.5796667448822372, 0.9574475965488399, 1.4154300948600793]","[-1.8245553568620378, -2.490213007656194, -1.5970304495209229, -2.242781383456833]","[-2.440592580595393, -3.244750599370006, -2.085374340755826, -2.7188481175976733]",-3.47335518
2022-07-18,"[-0.8291313351629803, -0.8498691401880087, -0.6916223574778613, -0.02170640979315408]","[0.021255114506873143, -0.07016251738006153, 0.02964032708314981, -0.015395571392135479]","[1.0563995172477918, 1.4943623960122308, 0.899006668316511, 1.348117773175287]","[-1.7030062498720908, -2.3849202267267544, -1.4223344901783481, -2.228500705884726]","[-2.381692117794776, -3.2439934579155807, -2.046767640562921, -2.8902602682017777]",-2.80134659
2022-07-25,"[0.12141657714845877, -0.5711907273591166, 0.28408518615776757, 0.7657466583234296]","[-0.29814907128395246, -0.27864609734524654, -0.3401552488633616, -0.17386286821957006]","[1.1766977587268777, 1.609629085590784, 0.9912563737848907, 1.489006332758446]","[-2.259084242612678, -2.885867084515666, -1.9688617728778621, -2.5356969958413687]","[-2.849471431699413, -3.6908234300259335, -2.475498127105188, -3.2952979217871223]",-2.92706238
2022-08-01,"[-0.29655995565569526, -0.06025192890772857, -0.1423750608589458, 0.04689471291108305]","[-0.20037462959776173, -0.3420329953351744, -0.12584267178511116, -0.22756601490684192]","[1.0851851832272992, 1.4961700873674777, 0.9377282375925745, 1.4002024348807336]","[-2.0732766994126344, -2.8505637531817163, -1.684357396147078, -2.501233130710452]","[-2.6040839814520105, -3.4401658296717454, -2.2316761391694975, -3.236093299413049]",-2.79928559
2022-08-08,"[-0.11617314654888133, -0.32375404446742806, 0.0885794304096521, 1.0037780329771984]","[0.06989713468461917, 0.0991892210692196, 0.020828926007241257, 0.05051666101777343]","[1.153471784882388, 1.594543770544092, 0.9691851062802006, 1.4219236093114025]","[-1.8931625130860692, -2.5217519325467643, -1.6568440513454692, -2.2370638705801484]","[-2.5630513362730842, -3.4173485224858338, -2.190976714533069, -2.8621356534349314]",-2.33653019
2022-08-15,"[0.4112366029886516, 0.8048887819211537, 0.4474137584525195, 0.3779083666069383]","[0.008778339548732458, -0.10677878439587117, 0.07269213481164949, 0.03527622558971304]","[1.1505699771119478, 1.5861372157546094, 0.9653796588848658, 1.427574493475854]","[-1.888063647039781, -2.655747221038255, -1.5456430706699085, -2.373517062917044]","[-2.546604480683839, -3.5578222366610737, -2.049231630035734, -3.00870610077132]",-2.48604059
2022-08-22,"[-2.1042300832641025, -2.6680038422985497, -1.9264535527188542, -2.288251569393207]","[-0.23544144210986676, -0.17565087535830295, -0.2947101419332035, -0.17574336661472614]","[1.1648394223246805, 1.6073323110204536, 0.9882102444144948, 1.4585724474663844]","[-2.127699746939488, -2.736621841487389, -1.8797292283979103, -2.4671694075920314]","[-2.9168261861389015, -3.7431444387806443, -2.4726503598249994, -3.1751210477776963]",-3.02393017
2022-08-29,"[-0.6634194621134348, -0.9904510375149833, -0.5728600765300129, -0.9426280992459901]","[0.0116438627883838, 0.20178082009728085, -0.13711644198832096, 0.07787866919589105]","[1.1562972047978555, 1.58956939499707, 0.9868660493418818, 1.397070929620595]","[-2.000133458740556, -2.436282090495873, -1.82194877279286, -2.226141088120066]","[-2.60455103782956, -3.1063286220317434, -2.4013252780356797, -2.9239531266602943]",-1.95413023
2022-09-06,"[-0.3780291927327539, -0.7208296814820159, -0.5543710428540294, -1.1935520483623563]","[0.037111076931499405, -0.018289149467552977, 0.017969517295651136, 0.0023711848673468364]","[1.1266577716598016, 1.5651707691217394, 0.9604613481966938, 1.3802288528846718]","[-1.9363546322880738, -2.6409868114639194, -1.6609501680870782, -2.3249585057831577]","[-2.5548950096455227, -3.450698897388199, -2.239181087442266, -2.8573110640880004]",-3.25594686
2022-09-13,"[-4.445632497807228, -5.639768980066862, -4.021471747196337, -3.822562125190565]","[0.16497526169150883, 0.07983400553427362, 0.1740639785179017, 0.10385921947394079]","[1.1311788679389676, 1.5586248108452034, 0.9595576355507608, 1.3624531169485623]","[-1.8311249639003724, -2.4934055554015107, -1.4756707780137226, -2.096232284826902]","[-2.32697650110449, -3.2702031892302084, -1.9048574616558676, -2.6282141569956012]",-12.36450429
2022-09-20,"[-1.1544871606188778, -0.8002960011375571, -1.0156276168562073, -1.3378513934230618]","[0.27935015742406455, 0.19504301016756487, 0.28394687257388374, 0.20599105875379636]","[1.1822085333558938, 1.6576785376461185, 0.9861094635383583, 1.4060284107683987]","[-1.7598955115889139, -2.5677548890219275, -1.386711900699006, -2.229858323691694]","[-2.3004301511134218, -3.2527985961294514, -1.893262031352252, -2.737920576969509]",-4.70983147
2022-09-27,"[-0.2556016685696605, 0.04008600065450452, -0.43092206871016003, -0.2003677401940962]","[0.09281701489292901, 0.038120898645307176, 0.10661878492301782, 0.14150467343492343]","[1.1686606058259694, 1.5999672156903824, 0.9982186197275745, 1.4233209456578015]","[-1.8590490973405638, -2.601641603063036, -1.55876670524556, -2.264499012176646]","[-2.5739207834069764, -3.465676904668224, -2.2044105462614176, -2.818607011385676]",-1.75067407
2022-10-04,"[3.0516198948656204, 3.0956717851202242, 2.7604779282603076, 3.8443476875665183]","[-0.27747213632238976, -0.34713801727453325, -0.22083135413209828, -0.23229135739156742]","[1.1678772651754419, 1.598260907064249, 0.9872401902373523, 1.4129106043299826]","[-2.3162588803915085, -3.059227380189936, -1.8616740980063513, -2.567656137185988]","[-2.9915693011165505, -3.944240647569164, -2.4568452098903624, -3.1382674188931445]",-6.90368987
2022-10-11,"[-0.6353169215271848, -1.3833375685845972, 0.12425981718990897, 0.3876231969018207]","[-0.008081561508632889, 0.05685738179335355, -0.04364319252325572, 0.005544347256723462]","[1.2209466575570618, 1.6306575846781481, 1.0374739145978402, 1.4303466014597137]","[-2.124416521340984, -2.7251084636535894, -1.842530119283724, -2.370255180919993]","[-2.717728324722504, -3.5469045632720118, -2.3472037926937745, -2.9146401165077833]",-4.24131349
2022-10-18,"[1.1681118058886497, 0.7876787787483686, 1.1134429494479292, 1.139866656707511]","[0.24478285647825226, 0.04752608708027688, 0.36055706685563155, 0.05137062531428209]","[1.1771558067882568, 1.5575761710113232, 1.0078179695722675, 1.438101629349713]","[-1.7328201218832955, -2.428642354416554, -1.265529760131784, -2.2896576584265147]","[-2.3948549993330497, -3.332880958448319, -1.900433110186271, -2.941835974333179]",-2.45300690
2022-10-25,"[1.5842450767334704, 2.0474947752996187, 1.0645486532849802, 2.3674528903636194]","[-0.11973636059954987, -0.13789736475080078, -0.14228813903238965, -0.2607436678720201]","[1.3051067050798373, 1.7259442841825883, 1.1005329056338808, 1.4912971412574803]","[-2.3940040813787364, -3.128082063956604, -1.9762560069658885, -2.582568969731739]","[-3.0480539079855333, -3.9529878189907937, -2.582615334820068, -3.39942830083314]",-3.46573293
2022-11-01,"[-0.43854579235818036, -1.0270231009045006, -0.24393557212256667, 0.17875364313990616]","[0.17163379757706035, 0.06333098175879352, 0.17368651535751634, 0.032690486989936235]","[1.2891110742530965, 1.6657236066224999, 1.1165239471595207, 1.4672889330757024]","[-1.9932684053119507, -2.729383975801036, -1.6538451397775635, -2.432597936740645]","[-2.7770131416270925, -3.649148432846638, -2.339478852104898, -3.1243750469982334]",-2.07477741
2022-11-08,"[0.5380912328620369, 0.7260787245687794, 1.0118012608067772, -0.08363907332515907]","[-0.06568121718203025, -0.06983665127329365, -0.04735210437355431, -0.0027747530442169327]","[1.2053475520783137, 1.595325164748095, 1.0476889704483985, 1.405112611696785]","[-2.193249821417527, -2.8057428853592388, -1.850839866185706, -2.2446571594470655]","[-2.6439903652104366, -3.3448019705559737, -2.3654031029526026, -2.834032608757464]",-5.63288923
2022-11-15,"[0.8492866631699236, 1.3743518325997073, 0.16749689077304453, 1.0854732593322147]","[-0.20935650949285464, -0.1688447342509358, -0.21693409115024684, -0.09782650833069056]","[1.2691492029729416, 1.6933057307623405, 1.0623703378310398, 1.489335129770182]","[-2.2513514144645344, -2.8713236686165224, -1.9366726572239774, -2.4497479321720976]","[-2.919675847659261, -3.7913740318257294, -2.5047302702618093, -3.1429500445032055]",-3.33175921
2022-11-22,"[1.3367185586901087, 1.4300024705489633, 1.1735518332924855, 1.0958165923447893]","[-0.19836038700844028, -0.18608818067734545, -0.21691425113131543, -0.2834701658523345]","[1.295679323610273, 1.7229801463389995, 1.0852133623984555, 1.4377220567508584]","[-2.368599269772484, -3.0146853052603615, -2.0650328084357605, -2.5757081262374415]","[-3.102385620547913, -3.970573493098801, -2.6218285324468975, -3.402297512624931]",-2.26602218
2022-11-30,"[3.1014763512970944, 4.457727634263797, 2.15442355344333, 2.321980951552316]","[0.2224739292974414, 0.1497427742620097, 0.24505582618678945, 0.2732787627107512]","[1.2180496054441798, 1.6147109422314316, 1.0213360062488013, 1.4182335195463067]","[-1.8558810487464543, -2.6100921975575555, -1.5175975152535603, -2.10126424821873]","[-2.433963675650646, -3.1285396773426526, -2.0626694696565617, -2.748115288208732]",-5.23235587
2022-12-07,"[-0.17027124449962017, -0.40909754735789505, 0.004702782649168569, -0.4869240301204947]","[0.4351503251260981, 0.4049420818752969, 0.3943353600548393, 0.42780903379252644]","[1.3312879682463128, 1.7778735830478571, 1.1137423583493018, 1.5073228263517005]","[-1.9252637122486824, -2.5383917227204247, -1.4949965368899336, -2.1599021367944644]","[-2.4490560970372677, -3.386919516483815, -2.016035539912067, -2.865061300975246]",-1.65165667
2022-12-14,"[-0.6413932135311384, -0.7441452138801985, -0.4180395978558238, -0.6218431758912679]","[0.12879980341122577, 0.09116164443785572, 0.08238757651831322, 0.00399285611887705]","[1.2809687031272854, 1.6842144782664594, 1.084625015265518, 1.4372280415529257]","[-2.01404309170675, -2.6262922908290602, -1.7642708509956286, -2.3271710605804867]","[-2.6847036033643352, -3.5142435903093587, -2.34811764304691, -3.099981369509808]",-1.94946537
2022-12-21,"[1.484167739465292, 1.4401924155874823, 1.5907630171293263, 1.4668383431819976]","[0.056651668532651654, 0.04584614291484, 0.05701459918659474, -0.02104049287528398]","[1.251460044051275, 1.6483798552700804, 1.0495333317577424, 1.4163949034105836]","[-1.962358948525055, -2.5526166565672264, -1.6906389795706993, -2.1471859411251866]","[-2.6506908779046525, -3.4117893967214155, -2.259324148283615, -2.9766503087368568]",-2.68061928
2022-12-29,"[1.7840079811240805, 2.408292208783269, 1.0442098550679901, 2.310479494777251]","[-0.08273675044706211, -0.05679673583446848, -0.11345524364299575, -0.14810829894569938]","[1.281004920629675, 1.6854292669828712, 1.071013995049915, 1.4326864601955835]","[-2.2546881998139816, -2.940395194439819, -2.0363304455291664, -2.5459510692884493]","[-3.029223941909706, -3.7885474767233682, -2.606055246097044, -3.261566682499524]",-3.89628856
2023-01-06,"[2.267326546051951, 2.7227505745869074, 2.1050138373421845, 2.1941386443359967]","[-0.4305190373741391, -0.39231333575910493, -0.41810628514986903, -0.45534239607777527]","[1.2754433589923229, 1.6960526884486304, 1.073742292643703, 1.4695699845699517]","[-2.6912143934769124, -3.2523609580105477, -2.215351555620438, -2.9780255002329064]","[-3.2945238321370782, -4.126227539150636, -2.80186392156771, -3.7122480168652046]",-4.26691793
2023-01-13,"[0.38719691808779544, 0.6856962371755593, 0.3289118370128463, 0.47291121572721195]","[-0.08659217078584495, -0.13654399072529566, -0.02955629035628308, -0.0017793122739077868]","[1.3332965629509776, 1.7763909577718584, 1.0936659435105136, 1.484933278601972]","[-2.298175670571929, -3.0266723612702973, -1.8027563382357514, -2.4872991355990113]","[-3.0570973473208216, -4.0181439694543215, -2.4412452925556165, -3.230816973155101]",-1.52486664
2023-01-23,"[1.1927197459146832, 2.197271188131289, 0.7583643849660149, 0.8957654532437687]","[-0.007361456729675617, -0.13289490001979823, 0.028383325885633574, -0.02988612875912648]","[1.2954534622484342, 1.7143368916053738, 1.0934601273519484, 1.4423091717892682]","[-2.1780102634316, -2.9700267085280494, -1.806682966491755, -2.283327104666698]","[-2.8318557645267983, -3.8316356620719905, -2.377757268908165, -3.0341872392792406]",-3.42772833
2023-01-30,"[-1.262621956707477, -2.042600192678723, -0.7710780344300616, -1.099205540700865]","[0.11271982497072432, 0.05943026576977951, 0.10529740344780665, 0.12717646248985232]","[1.329356794950319, 1.7507292898398876, 1.1283004316242575, 1.4330069786650808]","[-2.211208727194604, -2.8622114072067997, -1.8726867778877025, -2.2826665112383857]","[-2.9284934141960672, -3.8474746081595743, -2.5264597232009844, -3.0374482296863046]",-2.12328829
2023-02-06,"[-0.6130063723492896, -0.8495083955067706, -0.10318942927707297, -1.4040267043994525]","[-0.40380980589516774, -0.4027779634155034, -0.3125695441399137, -0.20137448965482338]","[1.3292996333465934, 1.7807855253904452, 1.103203467508283, 1.4580573980988702]","[-2.554468744033763, -3.263988388963556, -2.1447245589323853, -2.4173623176443986]","[-3.2276376403864218, -4.12638519224977, -2.633480085716578, -3.2099024799843234]",-3.75115538
2023-02-13,"[1.1670642809708198, 1.5889200860298658, 1.1059611929690405, 1.1398657263401724]","[0.03821442402237829, -0.015541334140818056, 0.04605859351287039, 0.014080808382589505]","[1.269219287425733, 1.6958066367526128, 1.04879830172662, 1.4246704710622755]","[-2.0212957596383987, -2.655696974098352, -1.7415001724828836, -2.2336846017798564]","[-2.6459264505160656, -3.5596612975287663, -2.1954322386571503, -2.8800649600050368]",-2.33569309
2023-02-21,"[-2.0264835863800457, -2.3959853531429154, -2.082329510909098, -2.813159698488654]","[-0.17492898661191575, -0.18847166705822066, -0.09226081898682996, -0.15678387043130357]","[1.236485002645965, 1.6850613924412408, 1.0169094054915366, 1.3844025326811316]","[-2.2491675689151944, -2.9549097588187645, -1.812473194961422, -2.5748664492317297]","[-2.9094704277511507, -3.8702005159053483, -2.306745233120695, -3.1770667577602025]",-5.59781902
2023-02-28,"[-0.37028357801824896, -0.12935816069825634, -0.7090950425460818, -0.04710269067196293]","[-0.1459817996933367, -0.1551904365514136, -0.11540594739399353, -0.1662822268310499]","[1.3319930459143299, 1.7918205420867737, 1.1002233581146175, 1.4056873800656478]","[-2.275103639727933, -3.01224177925243, -1.8746605674910608, -2.450156465793495]","[-2.997314351466142, -3.9069322297560864, -2.452090168608214, -3.2276664908032235]",-2.44801467
2023-03-07,"[-1.5447469010053894, -1.234166714664564, -1.7348397543338834, -1.29156563087367]","[-0.22348247170829538, -0.2611014890076782, -0.21807764947580355, -0.2065628244621469]","[1.3179090253852999, 1.7892815681720835, 1.0678083667712839, 1.3909292422983563]","[-2.337263767295484, -3.215456975697497, -1.9460027854957127, -2.5165892174892694]","[-3.099311833065976, -4.025104631612997, -2.5500847208498154, -3.186450447070927]",-3.33343684
2023-03-14,"[1.6394925538465444, 2.271973734548993, 1.051240373706186, 1.6468423098083385]","[0.10519146383969763, 0.11409449321508337, 0.0363679692130789, -0.18017277813385202]","[1.3135668443076214, 1.7615577024078897, 1.0963024433524096, 1.3914876487525463]","[-2.0772473144374, -2.8077949576101235, -1.7567989658904586, -2.5814199557276205]","[-2.7325140297977386, -3.69016919058863, -2.3695479703001534, -3.137424153804274]",-2.42811331
2023-03-21,"[1.304504802855977, 1.4181407591085105, 0.9753001380708781, 2.039229454776681]","[0.16415756775308588, 0.17289258291952256, 0.13434537465642846, -0.1733138682269308]","[1.3877281016949161, 1.857628249005619, 1.1442855937207477, 1.4913236781092902]","[-2.1637828202786213, -2.9393002375720463, -1.7160081036882777, -2.6835976318716823]","[-2.955510868737408, -3.927964866072236, -2.4415277703902962, -3.44246968704375]",-3.33161088
2023-03-28,"[-0.22473062358825402, -0.5325694635782696, -0.11671184931874024, 0.0]","[-0.38722465527203814, -0.43013309823345136, -0.30098311584157517, -0.2704785447598758]","[1.3355647891661715, 1.7700632836867431, 1.1048338475531114, 1.4937434130124092]","[-2.591102189976244, -3.4466960087666765, -2.0154429036574495, -2.64443113383561]","[-3.212378022042156, -4.11600484665318, -2.6709431265884245, -3.3211145589992186]",-1.61838803
2023-04-04,"[-0.5563463969187055, -0.3379124966509828, -0.5933137644941411, -1.9479654505530242]","[-0.05185168766972671, -0.06254754693648473, -0.03038899777252053, 0.0021880998085594032]","[1.3265413798377135, 1.7864378156832768, 1.0954686103421174, 1.4364118864279787]","[-2.2226492855407676, -3.041140176910002, -1.845867641563974, -2.3292354774411357]","[-2.7807047994388427, -3.762084650793382, -2.273756425493666, -2.9136595288839957]",-3.78981641
2023-04-12,"[-0.4084276413318655, -0.8873171224792031, -0.11373613702527763, -0.7169034961430398]","[0.0160238856384068, -0.08727022754015326, 0.07498136685434416, 0.14940658117631142]","[1.3366357150548722, 1.795342139485835, 1.1072756283486656, 1.4893885976240917]","[-2.1995189437895046, -3.1211119920192485, -1.711099916222693, -2.276464636851227]","[-2.791988727957242, -3.8399348264747664, -2.2675724258901457, -2.9296156106527156]",-1.93208720
2023-04-19,"[-0.016897640533741765, -0.04706119768478345, -0.23461254331156312, 0.4632528609167075]","[-0.17490665171891986, -0.21556510673105986, -0.14485142843960327, -0.08989104720821411]","[1.3635285171107634, 1.7814608719241638, 1.1605095353360726, 1.4693665427285454]","[-2.460264440562452, -3.1835680446292267, -2.0157162452610957, -2.5957622727499814]","[-3.0407208584229988, -3.937950834714863, -2.679513944540052, -3.1157569045759153]",-2.01635363
2023-04-26,"[-0.4244627774126819, 0.6046488798819638, -0.6851762557591456, -0.9689860000234418]","[-0.053119088062611744, 0.0049686704678386425, -0.0776326099300891, -0.1344203092617802]","[1.3351028892388432, 1.7689659650018041, 1.116060538858968, 1.4554451677997555]","[-2.1729635958902676, -2.8997064413939304, -1.9595480916354362, -2.5405258603001992]","[-3.0090254634540874, -3.8159074833392865, -2.603138825694052, -3.3034726091935624]",-3.88667469
2023-05-03,"[-0.6887644578029928, -0.6565361141732673, -0.8056525089443767, 0.15346858665639118]","[0.0026004357224377926, 0.09664391570692674, -0.0507882229274381, -0.10186335318045624]","[1.2943429844946253, 1.745108770651333, 1.0684653279514393, 1.4166478600956034]","[-2.0898648381799663, -2.7881312837286307, -1.7143761671011142, -2.4236412149693867]","[-2.686833314255474, -3.5728155365694776, -2.270431581096365, -3.100027610328858]",-2.88301942
2023-05-10,"[0.466138500707558, 1.0822912816243146, -0.09085877362977612, 0.25125716000200526]","[-0.011125364135445067, 0.002488070887727209, -0.009045362811439221, -0.11706162017194048]","[1.3269928948763094, 1.7783177333533853, 1.1002422391268627, 1.4860509016055108]","[-2.1633855374714512, -2.7700146349905803, -1.7471308532697907, -2.478660840016878]","[-2.8010132192618427, -3.7315815030411894, -2.3472678068086323, -3.2068255448174665]",-2.38233611
2023-05-17,"[1.2065914715125636, 1.2031468812481627, 1.2302190394031243, 2.779434394926472]","[0.02276205297305084, 0.08368405430590362, -0.002886414422108313, 0.06689103738653818]","[1.3218398094782677, 1.751618509370819, 1.09536532968152, 1.4646464356432842]","[-2.182196084087479, -2.7765345324797606, -1.7406276210037677, -2.384077969591572]","[-2.793714723851612, -3.598633346010097, -2.367241918631625, -3.0666218736355173]",-4.81369660
2023-05-24,"[-0.7271144757983627, -0.5142710273202233, -0.7762193134521311, -1.3445092257984292]","[-0.15362198449804843, -0.11591598787291675, -0.07705728903800667, -0.027080432768245916]","[1.3296198682215372, 1.7930553481868523, 1.0825414771135884, 1.4663822416966503]","[-2.312615133238027, -3.0474704833109754, -1.842256464661238, -2.449372838985925]","[-3.0394078016334585, -3.9246990449632397, -2.481135085076165, -3.1241961876205107]",-2.13415367
2023-06-01,"[0.9456159516939344, 1.1485838952336458, 0.4647586713586449, 0.9562908338185849]","[0.024355246813226823, 0.0703057930905119, -0.012702743586541951, -0.05037229874126494]","[1.34400199162335, 1.8145666526827469, 1.102811801906829, 1.4959098659790588]","[-2.3018130533524523, -2.9956349095701236, -1.9702575012804913, -2.6035324521688086]","[-2.837464162579959, -3.682556854233698, -2.4520247981431798, -3.2173787157803964]",-2.45657051
2023-06-08,"[0.6030177001357551, 1.2336924304578112, 0.49953710343153546, -0.6555604064720555]","[-0.4467477237758996, -0.6905614149903331, -0.2259022886710111, -0.1604977176510441]","[1.3636115711839105, 1.8143220614443174, 1.1352792786816526, 1.5224553618751442]","[-2.7370558621633947, -3.6619843072530407, -2.090595432628188, -2.7858183351029813]","[-3.2290251973779833, -4.389637157341684, -2.5815299811610775, -3.409252636068907]",-4.47285601
2023-06-15,"[1.2321527278307265, 1.1845458091098493, 1.2538440691908903, 0.8367138201444746]","[-0.23249135150844802, -0.2683160021149321, -0.2355449325988666, -0.18665434001495756]","[1.3570854604577385, 1.823928452910231, 1.1168399721060527, 1.4963197555877616]","[-2.3904726902642506, -3.2814144020181373, -2.0868894729714804, -2.6250607026784714]","[-3.085566300545035, -3.980282664263126, -2.6692958052904197, -3.4814576790151817]",-2.93442473
2023-06-23,"[-0.7588648817206334, -0.9962970032303176, -0.6480489221432961, -1.3604608329898404]","[-0.1423953149409789, -0.13370986015771144, -0.1511573792058058, -0.20557817648431928]","[1.3931360004028823, 1.86640881612581, 1.1380934442827448, 1.515378414166477]","[-2.247773960804241, -3.0220542477302454, -1.8981474576696078, -2.595012465712296]","[-2.9964318877458505, -3.9439955133128435, -2.472454372805015, -3.3810345822587204]",-1.91541234
2023-06-30,"[1.1731572078778285, 1.5302433925127978, 0.8322823959057146, 0.03551811687385609]","[-0.2070729859569745, -0.2553471512075814, -0.15046458452112887, -0.23044736860100612]","[1.3006719578823018, 1.7577100418847282, 1.0790813423299326, 1.4706082776996858]","[-2.2980261431048934, -2.9827773851338217, -1.9255639659089883, -2.549524303506899]","[-2.9182042144246645, -3.923343164800697, -2.4472920843973975, -3.356912572532475]",-3.53798710
2023-07-10,"[0.25277976623501175, 0.03276725853620377, 0.6191575009047767, 1.3710023762990353]","[-0.08823768375495757, -0.09843419641945136, -0.08559307558040569, -0.13220619854131713]","[1.3785638001816114, 1.8136003654309916, 1.1599374857440847, 1.5643593374560048]","[-2.394349976082679, -3.0689805619890578, -2.0022267699751692, -2.740552382332849]","[-3.1514438237521984, -4.12450619699925, -2.6465045451907314, -3.5727345845958185]",-3.84277128
2023-07-17,"[0.34662174944237734, 0.9295330530204815, 0.2209153075520831, 0.8556366928641701]","[-0.13157038482606875, -0.09308344380440459, -0.12128611603873554, -0.2782276831998686]","[1.2998137046420317, 1.7460094107983106, 1.0636627953536677, 1.4455304704497625]","[-2.267305759148252, -3.0558456357409356, -1.8513938773035794, -2.642742230626082]","[-2.9951636289946357, -3.8727152239008316, -2.5412776430046535, -3.4845924581684016]",-2.88412909
2023-07-24,"[0.44572815732140114, 0.15960516049791096, 0.5196862780913136, 0.6145157776509258]","[0.21965146562481852, 0.18359988001951189, 0.1514506842492854, 0.279154113409353]","[1.3003614940678234, 1.767880094346407, 1.0577130287222247, 1.451491929550515]","[-1.7970866566349726, -2.5874851352670016, -1.5303623297170605, -2.053675650024363]","[-2.44637515427878, -3.4576688541192664, -2.0540266950962893, -2.8289879571037875]",-1.56706238
2023-07-31,"[0.19022916995714567, 0.05214066996845901, 0.2822915575517726, 0.9366578296572392]","[0.20696705508957605, 0.18408299560092456, 0.2124523111577482, 0.133688154901076]","[1.3470017718087428, 1.7917877134905285, 1.1104575186379186, 1.4874180061844313]","[-2.129898471982162, -2.8046542729672845, -1.6304608956792135, -2.2583229289571833]","[-2.760830840249018, -3.7860758638316616, -2.2471242274611383, -3.043648863343177]",-2.16306893
2023-08-07,"[0.869069192870775, 0.8431095142240608, 1.1554345197126281, 0.38869034769684063]","[0.114657229376926, 0.1059211836544027, 0.12041257414963326, 0.0634526972437192]","[1.3018411735829891, 1.760568178002661, 1.061157140414755, 1.4748303500315467]","[-2.3236841140066637, -2.866201444553589, -1.8093080994304052, -2.4661374383291004]","[-2.8344549793459146, -3.7343529020071107, -2.389656948723588, -3.2278367368654908]",-2.95515250
2023-08-14,"[0.5504873864161652, 1.1159662174327956, 0.07431750006254845, -0.5375787802780252]","[0.0672916562049687, 0.04651533361206105, 0.06682698817746999, -0.006918424133485296]","[1.279058424502903, 1.7442984624886322, 1.0413751748057627, 1.4275285907825008]","[-1.8870067325312145, -2.6837243515744307, -1.64597305000974, -2.4341240885733364]","[-2.608455322947251, -3.456122011474767, -2.1857783688571084, -3.0655363629236287]",-2.87905652
2023-08-21,"[0.6485364987211639, 1.5983013774873989, -0.10721482488094125, -0.46544491979796376]","[-0.11754423880089643, -0.09830294679033619, -0.10580177128520409, -0.15025772824793054]","[1.3279058074835173, 1.7627495260824053, 1.1004676531846251, 1.445501859652353]","[-2.287713767785671, -3.0155598761946525, -1.9849901656070372, -2.553703324881052]","[-3.207291544340326, -4.103458073333883, -2.637495386797897, -3.368768887329172]",-4.05167167
2023-08-28,"[0.6321416287469184, 0.7498880848170408, 0.6184598088864846, 1.017752302596886]","[-0.09108903197128053, -0.09696947082950694, -0.09309608304314247, -0.16325214816402236]","[1.3363959322985892, 1.801349147084501, 1.1110357607429209, 1.4213293783868721]","[-2.2629249899087274, -3.121852284750525, -1.9931898441230167, -2.4617374560055474]","[-2.913373051936808, -3.936530569742632, -2.456752998532023, -3.19606547947026]",-1.81238608
2023-09-05,"[-0.4331282628137423, 0.12704657211832782, -0.56344680300775, -2.3566377970086094]","[-0.06361982166791429, -0.08983993692884308, -0.01852820225570665, -0.14215769017668256]","[1.291517627330103, 1.7358231296213469, 1.0692095188051005, 1.410113813724109]","[-2.1301332683808782, -2.805006266251407, -1.795226459058337, -2.3638686238145312]","[-2.850466318618098, -3.7065771297947934, -2.3996089966686664, -3.1868742266064976]",-5.26775062
2023-09-12,"[-0.550068816448146, -1.115029018768432, -0.05116166374588005, 0.14199683797029294]","[0.066350631964737, 0.07619876987077459, 0.025595668763442117, 0.11806519358550764]","[1.3033125302105746, 1.7478838078351302, 1.0870849049199882, 1.4326131420073158]","[-2.1272233063908597, -2.902016724332299, -1.802902660125564, -2.2546718437289814]","[-2.7644563359441823, -3.672927521878553, -2.373789420447933, -2.989003542680374]",-2.54871604
2023-09-19,"[-0.20759138789028242, -0.21335228937555684, -0.3082642623937204, -0.27199250265521613]","[0.12188584702050381, 0.16583851326370252, 0.07809222839010829, 0.06238848950960756]","[1.2632010872424044, 1.6955290660193767, 1.0484890910943343, 1.361258751833217]","[-2.010059660909024, -2.8016379590351663, -1.6608984024906268, -2.075916667418083]","[-2.6896941851559006, -3.520952826372069, -2.219043426917748, -2.8517225322082096]",-1.31583828
2023-09-26,"[-1.480033886600296, -1.513010630447642, -1.1475043165047438, -1.4895982037460342]","[0.10419066027446945, 0.11405176903294555, 0.08796063139309264, 0.08133976333748294]","[1.231669404548386, 1.6389094063447365, 1.0353224216346422, 1.4152230028115387]","[-1.8544300476266842, -2.524263026396437, -1.5020508321854396, -2.2864637617113344]","[-2.56041561514564, -3.3832643699195004, -2.145747371163105, -3.023865164044943]",-2.92982349
2023-10-03,"[-1.3476415580442769, -1.7705575580496458, -1.2974224726150396, -1.5674269279725372]","[-0.11904698501076123, -0.05339146951025735, -0.1628729194330802, -0.16042589963119996]","[1.297441130123855, 1.6888960737043424, 1.100232377653653, 1.4874181448747037]","[-2.2532161462431657, -2.821821585601486, -1.9553035792451916, -2.4766498446852623]","[-2.9314850270395603, -3.6351330658548062, -2.5758103057419715, -3.1864920947642617]",-2.42349704
2023-10-10,"[0.5191303137797476, 0.5522764567289506, 0.3998879763742025, 1.0610512989708276]","[0.018580396660548264, -0.00203528939786578, 0.024585920885524654, 0.000799960930393411]","[1.2687401098101012, 1.6759723716279067, 1.0584080368123339, 1.400913669309196]","[-2.1852682703529207, -2.851215278839868, -1.7719486116412047, -2.3685032177023757]","[-2.9426574036923383, -3.8058817287646947, -2.490090888920987, -3.208317933131495]",-1.59892249
2023-10-17,"[-0.004593215405446216, -0.3280774237198081, 0.038568925662829656, 1.2172184086694848]","[0.2015637273903946, 0.12165498202770984, 0.20769235497129476, 0.2616940483040392]","[1.1951154820321626, 1.619371882946147, 0.9842327739311494, 1.3366764674030913]","[-1.6527323554008508, -2.5182146336688684, -1.2788438527227, -1.8723563538257544]","[-2.5397305539749815, -3.5663172712975753, -2.0272550484727843, -2.5678963339757828]",-2.62453005
2023-10-24,"[0.7511002370275577, 0.9681156917745959, 0.6203919877384223, 0.4468554299360328]","[0.18843038861987713, 0.22725525233846688, 0.13596486022603183, 0.19682835912321467]","[1.3148766865029569, 1.7188736544939733, 1.0921788040975735, 1.4998253607413061]","[-1.979099558349795, -2.4804754148598325, -1.7927334650646125, -2.2149543902469366]","[-2.801152024207359, -3.5782802240308715, -2.3667514421689937, -2.954869939367423]",-1.33211460
2023-10-31,"[0.6260506933633003, 0.47709534484452476, 0.37558869059335365, 0.7563956424724516]","[-0.4453770465941849, -0.5805143490198046, -0.32135088126089795, -0.6310183984897548]","[1.222700980429133, 1.609728737670067, 1.0172901371581078, 1.4099368692873067]","[-2.4741685582745014, -3.1763329425014852, -1.9427053730937045, -2.876223104898524]","[-3.1252282974341954, -3.995647071939619, -2.5366130996847542, -3.4716067415103997]",-2.58046609
2023-11-07,"[0.2841956989534822, 0.9408168713013865, 0.1662748524218216, -0.8078321128162536]","[-0.006055219846671221, 0.05909956193833195, -0.021163713247064713, -0.018927570536070325]","[1.2803307953280922, 1.6818223684137787, 1.0730905335357246, 1.4271727039972062]","[-2.0071424629323706, -2.557246733972551, -1.6609224477371045, -2.2620037661261594]","[-2.8602797063443655, -3.6522703808556094, -2.3889775848972326, -3.019751911602371]",-2.79605102
2023-11-14,"[1.9214937892132689, 2.1297973949858218, 1.4164220415551654, 5.495608769321247]","[-0.07037911718811721, -0.07868805239535959, -0.06622831869689381, -0.11112788075144613]","[1.1983766543573466, 1.577281086456679, 1.0070611871797155, 1.3911309724031247]","[-1.9848302428835736, -2.6447544971477344, -1.6774920090362915, -2.403207751967117]","[-2.7707757410232023, -3.528686703133246, -2.3535401311264317, -3.0309053110037087]",-17.92065497
2023-11-21,"[-0.21817082049278014, -0.5826394894524078, -0.17867487259337622, -1.313181264967156]","[-0.20159217777201865, -0.21322547344600046, -0.16828738018479894, -0.29554511079440376]","[1.2425617369178164, 1.6303230583676798, 1.0325077872504935, 1.4704370155637554]","[-2.227383721729554, -3.0187363522879034, -1.8699247180524388, -2.76146743216479]","[-3.2258653117038887, -4.131044251388513, -2.640709382000519, -3.7137421674473563]",-3.63177690
2023-11-29,"[-0.07036327592553349, -0.09743662238816952, 0.0379407011724453, 0.5503235404320073]","[0.011141652668719474, 0.04171368919639621, 0.004287105223010594, -0.03233569703445863]","[1.1452727355384464, 1.5090528324651593, 0.9711696556752236, 1.3612059170164001]","[-1.8028203075731246, -2.3764968085152085, -1.562458745860055, -2.198808449222624]","[-2.5012071670362337, -3.231810533749591, -2.1166277513085534, -2.9506621743162604]",-1.76040677
2023-12-06,"[-0.40379917734600923, -0.5800630514521288, -0.1943225364287926, -0.1890644397260388]","[0.12135263264555607, 0.18360375234127013, 0.08330522286169931, -0.04508429071666295]","[1.1650081960606906, 1.523435921055495, 0.9756729103487534, 1.3847686736328308]","[-1.8607422076213764, -2.337178657352136, -1.5777075903396969, -2.3390780440133265]","[-2.636507373005957, -3.418643119722396, -2.193526627481117, -3.1963246565933554]",-1.43699139
2023-12-13,"[1.3695945755792138, 1.2637110809635033, 1.390853577661133, 3.8429807145952566]","[0.1226838992464759, 0.11872498540360645, 0.10808298346711498, 0.1751510771931131]","[1.1581223175794655, 1.5653363069429314, 0.9407166336652607, 1.383477114650906]","[-1.7557945294913067, -2.45046640509004, -1.4483008802777386, -1.961447952834262]","[-2.3595765520405725, -3.1710432583656907, -1.9454092684247868, -2.7575528105070166]",-7.33665713
2023-12-20,"[-1.3954249010317277, -1.497118725991875, -1.2752598069210919, -1.7632604237467042]","[-0.274479352876374, -0.2737168156182366, -0.2122373286728401, -0.35346128986680214]","[1.130797967709449, 1.485441887995148, 0.9585342499407923, 1.414622069738847]","[-2.1076011408710307, -2.6869315925318062, -1.7163611533753225, -2.5420791222988623]","[-2.796937360777268, -3.5981566046064444, -2.3257110390810003, -3.511783885504203]",-1.83197721
2023-12-28,"[0.03776203381233856, -0.04860892769498193, 0.14218498594384954, -0.30387593387457557]","[0.022598752218112028, 0.04233186778631359, 0.03640316498877058, -0.041821949305310975]","[1.1117871010062625, 1.4749510118987634, 0.9359279623906859, 1.3503896126321615]","[-1.7034505286482347, -2.3164756982387553, -1.5192734619780612, -2.2026777828212545]","[-2.2938810353895995, -2.9239055524949165, -2.0473860956530614, -2.7997541649498685]",-1.26712979
2024-01-05,"[0.13686459129091944, 0.11853049471524102, 0.06880582651209721, -0.226101134408907]","[-0.003479725061219601, -0.07120911158918106, -0.004534913728382732, 0.09635090320004247]","[1.1609703121434183, 1.5011017020166537, 0.9782173256801469, 1.444712492524633]","[-1.817888751312366, -2.4430824837035456, -1.5753208254666649, -2.157056935477292]","[-2.536800452653139, -3.2931091888716235, -2.2312381739437064, -3.183039907737613]",-1.32491963
2024-01-12,"[0.06925178012151534, 0.05128338851756453, -0.3135028595526279, -0.10711701434980014]","[0.027723209061400418, 0.0332208087395204, 0.0013689335462918608, -0.003237225734338874]","[1.0898703134648176, 1.4429752140346337, 0.9199668087159312, 1.3800681676587632]","[-1.6799960938769232, -2.42584379263285, -1.4555306688047855, -2.108089826273226]","[-2.288459191983332, -3.0219324953296756, -1.9797528173585885, -3.007129797918389]",-2.75333646
2024-01-22,"[0.21120695518783705, 0.1304980654366794, 0.3638279643105591, 2.0283531995370474]","[0.004651729639416301, 0.0197719415171627, -0.006548800369117072, -0.04784165014347622]","[1.055142512852357, 1.398629398142109, 0.8943117397282692, 1.2897825296526664]","[-1.7295848902305928, -2.3407491539010143, -1.475921907439911, -2.0549719247221363]","[-2.4808220660763824, -3.2470716924509846, -2.1127493604592757, -2.955454647921897]",-4.80366372
2024-01-29,"[0.7888243610299384, 1.0188409418750766, 0.5861125099130504, 1.2875452728724035]","[-0.005967818052593836, -0.00799967798738421, 0.022139985236868016, -0.009712554750322004]","[1.0931031165915392, 1.4162994582038386, 0.937004619136063, 1.383674982774335]","[-1.7936010211430677, -2.3141725749855335, -1.453129210391183, -2.1602143267124787]","[-2.3604424612383963, -3.0966777292773093, -2.003609854457693, -2.92984815516366]",-1.53472123
2024-02-05,"[-0.3647783254549175, -0.13061738433721715, -0.7121510929522401, -1.5155518695517678]","[-0.06391208615678495, -0.034750739254130386, -0.12203391410593593, -0.04948966314524837]","[1.041710833523727, 1.392377368109975, 0.869184928661022, 1.3329787594614955]","[-1.6905257210181364, -2.2645776068753127, -1.4654537096331979, -2.230016683402958]","[-2.386833889087196, -3.1682041894128874, -1.9870848012197653, -2.958826789157279]",-2.80772506
2024-02-12,"[-0.04390363686148646, -0.39202776175661924, 0.32449107827723367, 2.0085665311758483]","[0.18236083207601636, 0.3644393604889151, 0.12401184171522237, 0.04972455122524752]","[1.013805769068444, 1.3223894292251392, 0.8782337039689185, 1.3213223570417925]","[-1.4091510627868888, -1.8144502280264976, -1.2088743953081436, -2.2412222218338185]","[-1.9875748686834314, -2.4157258101948433, -1.8034493832065397, -2.8943310113170124]",-5.28241627
2024-02-20,"[-0.5520653503708672, -0.7576770996013948, -0.16631306203880314, -1.1953225782074917]","[0.06468310800940497, 0.14150827606117455, 0.04465971561027957, -0.07615820905361625]","[1.044017683502072, 1.3794158173632944, 0.8861140180470443, 1.3645313049670575]","[-1.6448818468187512, -2.0846332664913265, -1.3284105361657057, -2.2007201595743444]","[-2.2484565973426895, -2.8590213137637748, -1.9858040339015415, -3.180505016312267]",-1.98445464
2024-02-27,"[0.18559352123945771, 0.2402426942277991, -0.24812407753884713, 1.0070772351356894]","[-0.05188424265095289, -0.07443874648027823, -0.026325789016907377, -0.0713747435356506]","[1.0851208709925855, 1.4231336791716853, 0.9082312558004768, 1.4507091852837315]","[-1.8308442521977226, -2.3670151450583017, -1.4760738292040805, -2.3588192872826226]","[-2.498212692927569, -3.3492146060970316, -1.9891462033796266, -3.181877772865961]",-3.26805857
2024-03-05,"[-1.0044467031744553, -1.8112616108934887, -1.0432318801885998, -0.23541482913049805]","[-0.13523303514982724, -0.09509408522995587, -0.12937966937825116, -0.28403179471812484]","[0.981393669544268, 1.2709106883409045, 0.8658148297861159, 1.4115940065153159]","[-1.7318007275381901, -2.1248675020748853, -1.5808600673552735, -2.503762026360525]","[-2.3032384815378593, -2.9346284854774303, -2.001605160373078, -3.27647888057451]",-5.75432399
2024-03-12,"[1.0699833039894635, 1.4233284705802873, 0.6064423476241032, -0.45546676032657274]","[0.1765889842301752, 0.212008667316488, 0.13440768522639499, 0.07722666310572747]","[1.0358683722180726, 1.3675724980014587, 0.88334217848873, 1.4356353493742686]","[-1.5288755884995568, -1.956788211673987, -1.2769219645258145, -2.1574001268277954]","[-2.1827761667602408, -2.7546090057960275, -1.9747161885588866, -3.1846475089333808]",-3.92875388
2024-03-19,"[0.5541686117385147, 0.24884139242162817, 0.8224054227149225, 0.8384209715003088]","[0.10068772749116445, 0.15184353403254786, 0.044153873864503514, -0.009382889920190133]","[1.0087858899165147, 1.31080514379646, 0.8695620282516247, 1.348683100995553]","[-1.4407169688458852, -1.908336140343784, -1.239290607204465, -2.0537286583125445]","[-2.016317692304236, -2.6152080819526926, -1.7620881432638742, -2.9078717810906745]",-1.96722589
2024-03-26,"[-0.18487115716832037, -0.3242874524884698, -0.0796733004408523, -0.3758345009046593]","[-0.0892485508693463, -0.07683441494476588, -0.09226079880012465, -0.17437594016226327]","[1.0360117456332174, 1.385016652325809, 0.8726517722040157, 1.3903813817017212]","[-1.711662616129919, -2.2654282461078306, -1.4459442983364057, -2.3747230373959494]","[-2.2535875019746983, -2.9153558369690944, -1.9877905231993684, -3.0892303225692506]",-1.17984111
2024-04-03,"[0.109807541663276, 0.2241877303918116, -0.11009309469436346, 0.6455414762951861]","[-0.0036360330232857296, 0.017220293962392462, -0.05199339322047117, -0.05869440420986766]","[0.9908889044240845, 1.3345121121995944, 0.8384334871438783, 1.3462064654416217]","[-1.4992356028275131, -2.09428662862325, -1.33641922648156, -2.15948076454924]","[-2.188125906715746, -3.013681460079133, -1.8335939369470395, -2.813103712203601]",-1.60835736
2024-04-10,"[-1.0063513774420052, -0.8766815316692878, -1.09163671812329, -3.1686912791196065]","[-0.006857110577512532, 0.030369811436895617, -0.012474886581453173, -0.05859913424382228]","[0.9770144566262278, 1.3077821226556336, 0.8297160242075804, 1.3649653827074444]","[-1.4829073987128107, -2.043218064400568, -1.2629895740273729, -2.288270348260386]","[-2.1186447094279894, -2.839259179332647, -1.8535817748700973, -3.0201797597478697]",-4.69879529
2024-04-17,"[-0.5935910856992521, -1.2276393991122347, -0.1208699606653596, -0.8659168149048213]","[0.38600084765099446, 0.4257311348444017, 0.32245117204897167, 0.3904916346796186]","[0.9847942636509971, 1.3102124761136815, 0.8310943547484498, 1.361543177049042]","[-1.1976684430365805, -1.7937731530112488, -1.0358277818940058, -1.7819069315276785]","[-1.7990844348100234, -2.394649803414117, -1.596323690684656, -2.538177850309512]",-2.37300386
2024-04-24,"[-0.047469409759681724, 0.3381869272754301, -0.11114200254560558, -0.30360672153868506]","[-0.05056917419999312, -0.016815276236832433, -0.06709204119998154, -0.07779540782616866]","[0.9705510612447223, 1.3034365962583798, 0.819758112457735, 1.3455584939066483]","[-1.580493979370393, -2.0801401751206328, -1.363464703000709, -2.1961607446022375]","[-2.154292633879123, -2.768486517602599, -1.8999209968518218, -3.004126612509781]",-1.55752742
2024-05-01,"[-0.32524158052380514, -0.725685323436398, 0.23077377266673693, 0.5219824350590763]","[0.11878257183936441, 0.1513555533670568, 0.08574236470323097, 0.1646592887069423]","[0.9441257387757378, 1.2552635324425991, 0.8205476282776781, 1.357354581244923]","[-1.38248117018288, -1.9684981297465634, -1.2386610385003582, -2.0345533861678846]","[-1.9407703030537704, -2.514667212009122, -1.7396721827626829, -2.9468953962595053]",-2.67493705
2024-05-08,"[0.009668525739581213, -0.05906692189938667, 0.44169577710135854, -0.1672064367342685]","[-0.18311445248160996, -0.1858788788825737, -0.1743211230715046, -0.29406504653228904]","[0.9030924857157547, 1.2083125938067272, 0.7751106982807305, 1.2848965003148003]","[-1.6634603213580625, -2.0710359224964243, -1.4813735908517327, -2.451872479458929]","[-2.1820174846200233, -2.815196292443334, -1.9160451913982377, -3.187281778555978]",-2.53921207
2024-05-15,"[1.2306827017288136, 1.5509376567683475, 0.8806074968877198, 0.7072062396652257]","[-0.0092363388147948, 0.026382841530816326, -0.015388932102202673, -0.1315098299462479]","[0.8772455410736105, 1.2094288559154391, 0.7489076296904738, 1.2268875493564544]","[-1.3960651851985968, -1.9532487732810309, -1.1563772112882602, -2.2303699714307337]","[-1.7767898490886365, -2.41237345868993, -1.5941782146868835, -2.663192903051636]",-2.28296485
2024-05-22,"[-0.2883540691244413, -0.019750482512836953, -0.5077701844051319, -0.8510728685442004]","[-0.054355831384488525, -0.02768198389267226, -0.08117726376958453, -0.28313245498758444]","[0.9193905040107225, 1.2445167571022073, 0.7760514468964006, 1.3201690270969577]","[-1.5742848096103765, -2.092510373608904, -1.3742028124836831, -2.3963065605399683]","[-2.010669804496258, -2.6447224670946308, -1.7153106243720424, -3.2673447130312128]",-1.29102834
2024-05-30,"[-0.6655798735826224, -1.077113883038372, -0.8623096651408702, 1.2473590217321195]","[-0.0921990099391347, -0.08287093013124211, -0.131566868632077, -0.20973233209598835]","[0.8478730978263459, 1.1449150243030999, 0.7371950837391441, 1.2387770947964551]","[-1.4352749966802425, -1.9217908631705078, -1.332069698042436, -2.2011388829083716]","[-1.8184806620350182, -2.3484518043838647, -1.699197488480207, -2.836745063400437]",-6.39099621
2024-06-06,"[-0.0018776352340488245, -0.034523860158319764, 0.20295141050752363, -0.5522631623060548]","[0.2917942372932245, 0.3951520848695668, 0.1764214596097427, 0.5955960151643249]","[0.8469107031998515, 1.1480039831160582, 0.7162105119945669, 1.2614083894346366]","[-1.1210300199756627, -1.5309572130942368, -1.0050369603938554, -1.4389497651649126]","[-1.4955689426925287, -2.0025028532712366, -1.3475437227510108, -2.234059186539229]",-2.06779566
2024-06-13,"[0.2011323199504922, 0.5405600139555489, -0.16833142739862694, -1.059883483280366]","[-0.0941369908215768, -0.019308599660543806, -0.1358174602269677, -0.09195570440753492]","[0.8469141957479501, 1.1770598681927429, 0.6997422150795962, 1.2698591077406371]","[-1.5516727464611209, -2.0184289541892295, -1.2270483334823141, -2.0709694726272447]","[-1.9050970867492354, -2.456670948150058, -1.6299695439600614, -2.930145394528738]",-2.50473147
2024-06-21,"[-0.13414876276023335, -0.26828876735445206, 0.03977768999252618, 0.15361909896416392]","[0.02108087211639501, -0.04034758172214179, 0.03873293354536834, -0.1837984708149867]","[0.7863922845692976, 1.0778499212895862, 0.7051523756649187, 1.258990996828968]","[-1.252478282388471, -1.7830184272605891, -1.124868144290858, -2.2852400987691]","[-1.5662845157779488, -2.184850859917471, -1.3666786857783424, -2.812854210458432]",-1.20010026
2024-06-28,"[-0.3942790778695304, -0.5204477399230356, -0.11547858721403514, 0.9500010756053001]","[0.02441936695979112, 0.07045418322963824, -0.009227099371884389, -0.02808061326892575]","[0.8472730815835712, 1.1406147475095574, 0.7321495167413682, 1.2735963975895033]","[-1.3571760821225312, -1.7991162650815287, -1.242663717581155, -2.170714833577628]","[-1.668580934012108, -2.183083502578207, -1.5242602807089893, -2.7891810212589405]",-3.39130258
2024-07-08,"[0.11532086209529169, 0.23754509230800025, -0.07896275670180586, 0.7304155816053814]","[0.01571429152224677, 0.06736704853923, -0.07385505540778534, -0.08235586670853624]","[0.7895593879607884, 1.0725325234347196, 0.6779215758235898, 1.2586685121926107]","[-1.3695493383232706, -1.7318051211480587, -1.2443526654517814, -2.3006596621394766]","[-1.6955257261905894, -2.246601210318734, -1.5468704213010396, -3.019233377036309]",-1.33313551
2024-07-15,"[0.2746305089436518, 0.2684303428106105, 0.5256541562522088, 1.7967131809226267]","[0.312453996566197, 0.5677582869694511, 0.14384031500134964, -0.16651402795631637]","[0.7649714047280242, 1.0680082569053908, 0.6583921877983637, 1.2289139432524232]","[-0.9249187061231223, -1.160461096803859, -0.9380492990902111, -2.0763419894940607]","[-1.2957965144573984, -1.6900816562649743, -1.2316255478138571, -2.757755243359059]",-4.23377626
2024-07-22,"[1.0257148768495483, 1.4787824430148255, 0.31698983843106987, 1.476065711774499]","[0.014253887140003831, 0.10166925364904933, -0.08017790897310262, -0.1613485624427745]","[0.7848239002046823, 1.0825526345887801, 0.7094755088888169, 1.2568158798381328]","[-1.2275135927980128, -1.6210988424959745, -1.2313002113395166, -2.183343739183921]","[-1.6162738262384166, -2.145588531299486, -1.6123798330272248, -2.9270592310492525]",-3.10894033
2024-07-29,"[0.058763200663403126, 0.20067609551990273, -0.12180562233314873, -1.1032958032586748]","[0.21569482069140397, 0.2856921645199169, 0.21915205398348436, 0.10214250709019958]","[0.7670269060875832, 1.0540001631471534, 0.6728077398365939, 1.2894742176744844]","[-1.0724705498989258, -1.4671540749922576, -0.8772608927371331, -1.894430923284327]","[-1.3299796314144263, -1.8717319740484495, -1.2124895733083776, -2.622868333990412]",-1.70957480
2024-08-05,"[-2.955616731181987, -3.0269682487720218, -2.636519399340642, -3.6737519215576775]","[0.24584852659917844, 0.3233213243423273, 0.06443565347188024, 0.21602175180126282]","[0.7539547146787315, 1.0624629444897236, 0.6763313555708802, 1.2448152573316695]","[-1.0626350856062206, -1.5340971173687836, -1.039599486296023, -1.6966349888846213]","[-1.4163980229216504, -2.011414545134548, -1.3752602523018609, -2.6021724615225277]",-12.49608567
2024-08-12,"[0.05251951509430697, 0.21513568019297935, -0.35642876353012554, -1.1020772711411553]","[-0.07621816448861773, -0.07812512096673424, -0.09694651050021079, -0.11619176247069793]","[0.7932195920938313, 1.1232600521242437, 0.686705697822814, 1.3357906607317693]","[-1.3828621889225265, -1.9482234707356638, -1.2109915368938786, -2.219595170836891]","[-1.6889235302704029, -2.394580928711234, -1.5347843217481636, -2.8718226129268793]",-2.32937427
2024-08-19,"[0.9516013464608619, 1.30505334965898, 0.5806312797957958, 1.1325201514226002]","[-0.013806808101357025, 0.0009628543142840244, 0.020837991393031094, -0.12523390906409118]","[0.7713075839127044, 1.0905414548552548, 0.6904499325531809, 1.2438523213678527]","[-1.264908519149107, -1.6792965404865496, -1.134827778320584, -2.242700322823503]","[-1.616148344208624, -2.2705662549701957, -1.4729258862422745, -2.8341845104864647]",-1.93608926
2024-08-26,"[-0.2386653428609442, -0.9755747393301206, 0.15880491982773748, 0.13120746960142426]","[0.10778092984574376, 0.07025836000796677, 0.1790599036064948, 0.22910142484853602]","[0.751728408975295, 1.082667761968791, 0.6539740584172588, 1.2959693738917413]","[-1.0838471951195932, -1.6217976648113217, -0.8800318176218209, -1.9361622630115218]","[-1.4789498725815324, -2.162186304671816, -1.2223080638898516, -2.637145279623191]",-2.24632548
2024-09-03,"[-2.0793696401325334, -3.0831330586996053, -1.5179683571510338, -2.7501583138382024]","[0.24692870481261758, 0.30360304356002465, 0.17714704347758806, 0.20510247531316853]","[0.7521905161492378, 1.0740004132291965, 0.6538038536508235, 1.2417807672924575]","[-0.9347253154653273, -1.409774511831433, -0.8111646089787052, -1.7285455539246342]","[-1.2546237846610884, -1.8465152763888437, -1.1836462833850592, -2.443820512872623]",-6.53530245
2024-09-10,"[0.4346260957662551, 0.9199244853443034, -0.2271275169068332, 0.006285568529396102]","[0.21632506544909097, 0.2270575236511387, 0.08650284214407676, 0.14394263711177682]","[0.8012925106012685, 1.1023150018479855, 0.7095273329668649, 1.333236300946925]","[-1.0754419818232392, -1.6589235519324341, -0.9790791608015359, -2.1012334511867663]","[-1.3754585188079362, -2.0022433305258964, -1.3782365515973265, -2.8465824564464803]",-1.98068966
2024-09-17,"[0.040860733153813555, 0.05281373294190317, -0.03820817638970908, 0.7388152058672937]","[0.010863187780968684, -0.0012333131509741514, 0.05712998248136146, -0.17780840293985753]","[0.7559419547448264, 1.0561732684226652, 0.6513939040865424, 1.294398689579202]","[-1.1812391346211557, -1.6605362778509078, -0.9423791494948485, -2.1959250268128607]","[-1.561894140769095, -2.1747726661334337, -1.2941915542817433, -2.949444443089158]",-1.60039416
2024-09-24,"[0.2857213977382145, 0.4812027857719059, 0.19819087706842708, 0.011935900945658773]","[0.11339765218703815, 0.13206121958523903, 0.04547856069557931, 0.16998451039975107]","[0.7541792280564636, 1.0327727922407395, 0.6727442683735779, 1.3411844716803958]","[-1.132667620377413, -1.5818391924100936, -1.1133171355092957, -2.1283894285930756]","[-1.4932263345998755, -2.0534059529982813, -1.4100326958281821, -2.8163700823895716]",-1.04273887
2024-10-01,"[-0.8998853759545788, -1.4030404992187329, -0.4099565532470706, -1.4734567780112506]","[0.09543134787872384, 0.07464438435452202, 0.06453634837141231, 0.05717520473821027]","[0.7881415691638521, 1.0640504309047958, 0.6959962360149713, 1.3365535256582373]","[-1.1116942601305104, -1.551384062238672, -1.0739901052695913, -2.25653615448663]","[-1.5814338339884626, -2.1749891523547866, -1.3912928809319516, -2.94815548623638]",-2.38561182
2024-10-08,"[0.9413064314769848, 1.482420098622672, 0.3001860655148292, -0.25058598383376207]","[0.039630836861658525, 0.0933469186526511, 0.036516740133151, -0.07462070201978456]","[0.7913784650972226, 1.1038832687268743, 0.6920524312447432, 1.2993963908452384]","[-1.1755744449666348, -1.6790897275280274, -1.1209194982783541, -2.202280581022858]","[-1.5784244710208462, -2.1266604861498846, -1.4322084219264999, -2.826880768098493]",-2.85670748
2024-10-15,"[-0.7800074670508472, -1.3456925880261927, -0.7570634082117778, 0.17908357626268412]","[0.05322719612281384, 0.05646952136433508, 0.0337120638080263, -0.10881071397083113]","[0.7733707034969238, 1.0776801459059417, 0.6711010791900454, 1.2102971896243542]","[-1.2591598380047209, -1.7758276024221402, -1.0647180504585774, -2.1051106085465747]","[-1.6861790079148853, -2.344446508539803, -1.4355399357892242, -2.719351562127953]",-3.94768136
2024-10-22,"[-0.053132128070476625, 0.10893944280310208, -0.015630734528393475, -0.29431203216585544]","[0.08010989251701038, 0.15179209619519823, -0.064282425531502, -0.045330285131635846]","[0.7636139491551572, 1.0630882025518236, 0.6768006756953054, 1.306451031103687]","[-1.1558180854108615, -1.6521642173465196, -1.1657161670051042, -2.2677672028723705]","[-1.5849960091999447, -2.178974120757808, -1.5068700014408072, -2.9359225993952056]",-1.31563353
2024-10-29,"[0.16170891305611335, 0.9562553889032266, -0.36520690050227955, -0.4427982242911632]","[0.15546469183122139, 0.21472284547458048, 0.1332022645517583, 0.0935689688147299]","[0.7895809667683965, 1.0887141369171214, 0.7095309359255959, 1.3508338976308152]","[-1.1281636518837697, -1.553435310175374, -1.1130907277335176, -2.0991121923828135]","[-1.5834863658012575, -2.1262675565200575, -1.4852765744865686, -2.9248877448993955]",-2.83049309
2024-11-05,"[1.201930695131903, 1.2676289277516517, 1.0171425505674847, 1.8543959489266904]","[0.14845481999694365, 0.19602237223000907, 0.130102655968033, 0.17138697354472987]","[0.7566077016450939, 1.0981008429632162, 0.6584250476877831, 1.2434547355287193]","[-1.0653923273213668, -1.634690158321718, -0.9488275761070397, -1.942997220862281]","[-1.4709469800606751, -2.1051781524708577, -1.2405735744704094, -2.4660948057280336]",-2.26991722
2024-11-12,"[-0.31112751370780956, -0.18114928403125674, -0.8665183315249791, -1.774899105836436]","[0.07920979251979773, 0.0716834329820269, 0.12444672156449374, 0.054080176725317515]","[0.7531329276805667, 1.0685151929351588, 0.6559736292561034, 1.281722030704088]","[-1.1157889932016953, -1.6196878311211014, -0.9013109115466237, -1.9074519881142842]","[-1.5663730092686166, -2.295999576119481, -1.2606392272416005, -2.6415468952501455]",-3.95795637
2024-11-19,"[0.3648772655235888, 0.6856210260835383, -0.27847244593175446, 0.10991602294598835]","[0.04505973748388074, -0.0011750779389497236, 0.011363029175054787, 0.050731348074664596]","[0.7570067079797532, 1.0751569765502467, 0.6707247205898493, 1.2570228654743316]","[-1.1813306891167294, -1.7064755548247312, -1.0463257510288746, -1.9469963611142571]","[-1.5574838672256377, -2.2338603691614605, -1.4298056885805766, -2.739908111972409]",-2.18968329
2024-11-26,"[0.5207827528682429, 0.5354824043708462, 0.27621515095770377, -0.8861812297570992]","[0.2584971809705698, 0.29156575600824103, 0.277612564422697, 0.22214093604999233]","[0.7720378162561098, 1.078061984440978, 0.6907988141405359, 1.3154485938005334]","[-0.9481522907398896, -1.3615406534898697, -0.7210723000355485, -1.676342771708819]","[-1.4749723094690148, -2.185132266755553, -1.2333024737598692, -2.57737616653724]",-2.99633238
2024-12-04,"[0.6190254477070667, 1.2287041139005694, 0.6877233494286372, 0.12857415660780802]","[0.13511496739969192, 0.2193240120706211, 0.06129853147197466, 0.10766803783169764]","[0.7494305320126914, 1.0858886132773096, 0.6694520744090905, 1.2506207932514524]","[-1.093409753309938, -1.580666575577443, -1.0487200821404565, -1.874000520325991]","[-1.550112843919964, -2.185502280776276, -1.441414499688233, -2.619842675906495]",-3.66925020
2024-12-11,"[0.7700925666738634, 1.774400435692236, -0.22460202669254414, 0.4177746668026394]","[0.06182533972727403, 0.10063444119177642, 0.0365019812097438, -0.02080103596229879]","[0.7183091748828613, 1.0584645527976755, 0.6289613818980945, 1.263740463751347]","[-1.0574155034887334, -1.547831600515725, -0.9602700082548893, -2.0613663638569424]","[-1.4658069862125311, -2.183657410199624, -1.3350928649527092, -2.8478298548341336]",-3.95924238
2024-12-18,"[-3.025676422998469, -3.67437825999124, -2.6186441243998715, -4.505945522883081]","[0.07962214246805642, 0.21245600027191083, -0.018782668845270457, -0.11031130571651204]","[0.7531485944255805, 1.0782952700763206, 0.6719046682591503, 1.2947503461843042]","[-1.1182368522698922, -1.4838874374858078, -1.1037484286116914, -2.125556640484606]","[-1.4942384726393527, -2.0787322919903857, -1.4710682982987964, -2.83976396612817]",-9.83592215
2024-12-26,"[0.006645380607128715, -0.06794791274664647, 0.06642590886922761, 0.8312377081878708]","[0.13598248786421224, 0.16640258014413664, 0.09392938899062933, 0.13766729401182196]","[0.769841301046476, 1.0952513120161418, 0.6983909540850357, 1.3302767990132651]","[-1.129327788652566, -1.5383502375867477, -1.0005839367671732, -1.8769546606892644]","[-1.6050249071050886, -2.334896382289162, -1.445152616869194, -2.7596233298119177]",-1.40377338
2025-01-03,"[1.2425904710140934, 1.6232727360673493, 0.7985061999189469, 1.0860777492641027]","[0.03745817136705215, 0.01522705634340459, 0.025220572295816923, -0.007242149813140428]","[0.7832910071789385, 1.1090811775070342, 0.6969835462873244, 1.3402255972848074]","[-1.1598253333588582, -1.623706205499209, -1.0159329167954976, -2.0794898085656337]","[-1.620401898889063, -2.3247605968139284, -1.4754025843563485, -2.9378476634403365]",-2.26746142
2025-01-13,"[0.1549145518120909, -0.3219005379009765, 0.851593139554474, 0.4989061851220278]","[-0.07104344830638165, -0.08871716808120537, -0.09855016111773829, -0.2915870192559425]","[0.713376262808561, 1.0194362771184737, 0.6337220510439734, 1.2126488842171006]","[-1.1673580585054455, -1.65575556721944, -1.094006034434858, -2.122004103110392]","[-1.5552776710543714, -2.212147730410143, -1.3917662747796549, -2.7728004082558875]",-3.39646979
2025-01-21,"[0.9112044316371026, 0.5847889602305756, 1.2294924013419362, 1.4568368699294787]","[0.09331922920804528, 0.08715352583002053, 0.02584465182206365, 0.07574974984077217]","[0.78070838461969, 1.1265675013166945, 0.6844173243952852, 1.3011122160845854]","[-1.1000398338099544, -1.5860699217845609, -1.0174408524683018, -1.9425593591554944]","[-1.6052678654844355, -2.400900005850777, -1.3998137555300751, -2.82365691453131]",-3.09857546
2025-01-28,"[0.85556453596487, 1.46718196868445, 0.3054133652080182, -0.3981189342725955]","[0.13782464301624966, 0.1830123975859602, 0.19932034729334136, 0.20373126926644522]","[0.7952712492327288, 1.1282010982583306, 0.6946577511972297, 1.308440566267027]","[-1.1267871369064903, -1.6392840161366924, -0.8997517384482454, -1.840814168524179]","[-1.66990887610609, -2.3318686886375923, -1.3637170698725976, -2.7990631481030612]",-2.56363499
2025-02-04,"[0.6685794630473474, 1.2200684635128134, 0.30149065380733475, 1.3588474783657212]","[-0.012625423682722105, -0.0011311479543559412, -0.04349263273339444, -0.01396268507742917]","[0.7553163359334985, 1.072239656815742, 0.6622059650361745, 1.2281495150715336]","[-1.2586051409806167, -1.7135636610040477, -1.038679500680333, -1.9659511931899223]","[-1.6673350821413797, -2.3022757934887155, -1.4602885726808148, -2.674356018073381]",-2.38457104
2025-02-11,"[0.0760259831020349, -0.23835172605801702, 0.27674480291040027, 0.17882283050836278]","[0.04391495654378909, 0.019694196684217322, -0.008061589389140788, 0.046244456504901776]","[0.7633739522952068, 1.0768927295094863, 0.6855938340500992, 1.2517946335870507]","[-1.1372036543765613, -1.7047193243051635, -1.0966800136387427, -1.9594388221265902]","[-1.6851149912730614, -2.413314014977007, -1.5579717936619812, -2.8258109136764684]",-1.21962951
2025-02-19,"[0.23521774201675782, 0.02780635276842247, 0.15978218308756453, -0.5067120544810955]","[0.0035572738248488807, 0.0509383813293351, -0.036214981819423064, -0.07272296149863486]","[0.761665911233723, 1.0779714534927627, 0.6736793144559733, 1.2690528170284088]","[-1.2644712599054835, -1.7462270722181195, -1.1671826507820418, -2.1354223566158805]","[-1.7341230694627905, -2.342817589951883, -1.5280777468847015, -2.94899127511433]",-2.48779542
2025-02-26,"[0.05046969247759492, 0.2412728374658002, -0.4320070017216793, -0.16727428035201442]","[0.16637146686627566, 0.14547735228431435, 0.20329372383778294, 0.29551318124967907]","[0.7772534905655628, 1.0708066997893377, 0.6850613225807426, 1.2615506129342766]","[-1.056573153731989, -1.5346382823289053, -0.9166620039330207, -1.7420155088970801]","[-1.4619833248999654, -2.0087641873205833, -1.2547153626212073, -2.3470114501199864]",-2.10958104
2025-03-05,"[1.069057368299653, 1.2951843578649758, 1.1355523401480383, 0.8075361301784767]","[-0.11169468322365382, -0.19360567806496687, -0.1526770247320808, -0.24664758872925246]","[0.787783635826239, 1.1226429027574991, 0.6875135051074459, 1.2493823399999378]","[-1.3351212968792423, -1.979431215453726, -1.295163928741714, -2.1399018934996676]","[-1.7414848073655518, -2.555916281331133, -1.5718072339391105, -3.0215184137674003]",-3.28696826
2025-03-12,"[0.5292542166868586, 1.121760314712894, -0.19943375174396039, 0.03965208837071188]","[-0.09489541350304415, -0.23716635630086294, -0.03179639805610502, -0.11753048561264652]","[0.8206339318188297, 1.1418210509345565, 0.7155659918918582, 1.2454700751173962]","[-1.4844966145722147, -2.1143382369408443, -1.1974655255922961, -2.170799028039027]","[-2.0550030111514324, -2.9401523226549724, -1.6316409151873636, -2.928626539320976]",-2.67820100
2025-03-19,"[1.0831985690482604, 1.3292608608984402, 0.917633315963684, 1.252729990796908]","[0.08685547405153732, 0.1371427110056934, 0.10966180232224575, 0.007979700700472046]","[0.8349242025320434, 1.1766390890279694, 0.6928342107048864, 1.2588949332707515]","[-1.2455267411155284, -1.8174020890988325, -1.0103952183404927, -1.9841873658613183]","[-1.6266887475740537, -2.283150867321234, -1.3412156255760124, -2.8216971641804793]",-1.64224093
2025-03-26,"[-1.2010084533726761, -1.8572048068108415, -0.31210379618418216, -0.43894404198008274]","[0.15080839829272163, 0.2086542815656233, 0.09431797916875777, -0.02169643594123233]","[0.7927745271558739, 1.0939686576374175, 0.7085772503265502, 1.185273233947884]","[-1.0884855631455368, -1.4973556791759486, -1.0365944590531744, -1.8549229278135342]","[-1.5317702992825901, -2.0767944335414192, -1.4260899777598337, -2.5216311088931356]",-4.04560450
2025-04-02,"[0.6308444693588378, 0.7272000704073633, 0.5589499026047662, 1.3030835391561801]","[0.13669742973775176, 0.07382516811488972, 0.14366863263776794, 0.13165847616909734]","[0.8348961783423282, 1.1588229577153482, 0.7281269249583027, 1.3007414884383757]","[-1.197298699768698, -1.7678694964448567, -1.0610907246139423, -1.8578620087239952]","[-1.675680369896437, -2.4232279288181324, -1.460324584593399, -2.719405720437789]",-1.43037430
2025-04-09,"[9.986284647394594, 11.335616169988505, 7.5760357119488475, 7.282855052513604]","[-0.06808380301252029, 0.0033931234700334896, -0.15890226516381017, -0.07640387172714627]","[0.8930372906105071, 1.2225293452073778, 0.7948791469502691, 1.289510978844128]","[-1.4282334185402903, -1.9150647036887685, -1.2852067119635608, -2.168522501596006]","[-2.0594188985995197, -2.669010006242382, -1.9530954225684578, -2.8379186539293806]",-98.09343962
2025-04-16,"[-2.247869829353988, -3.061743943809603, -1.7481315279850307, -0.4171490683781087]","[0.27304769514933147, 0.28174882534752305, 0.21737990410270533, 0.12702695719399207]","[1.0597948180621508, 1.3682873579927495, 0.8738916613753149, 1.3744143101575932]","[-1.1494745531582335, -1.7925442887468586, -0.976349773585308, -1.9846103772146853]","[-2.155848323536859, -2.7226482618170547, -1.8189609153610342, -2.9231542583787324]",-6.91918336
2025-04-24,"[2.0830443451120395, 2.774858691802251, 1.221671864771423, 1.5576469491623612]","[0.03482596533094942, 0.007156166507656162, 0.15205186338716326, 0.09086374755296914]","[1.0674005662806174, 1.3922418156210725, 0.9112273435162623, 1.424475476069533]","[-1.474680736701522, -2.1240319007147384, -1.1783616414043738, -2.0904186745797992]","[-2.324550804751779, -3.0579311993999374, -1.7919824874834276, -3.0544307410965024]",-4.11641587
2025-05-01,"[0.7061977074293679, 1.2976183328777147, 0.20534917054000346, 0.5440891225508615]","[0.15294232873757393, 0.1880165908515562, 0.10514849012087216, 0.11608938010207247]","[1.0481382800112269, 1.3577398877806668, 0.8720629019069912, 1.3492003922177798]","[-1.297394555651216, -1.7998739484507016, -1.1375171551356964, -2.0524053711371777]","[-2.6010952146741513, -3.2299571578622537, -2.123869170402332, -3.070649855183433]",-2.14743114
2025-05-08,"[0.6943659343901842, 1.027191722825549, 0.6170546583309289, 1.6635514239207616]","[0.2678307317418891, 0.3094077630238522, 0.21861621468823458, 0.16945276120404515]","[0.9856913104169561, 1.307922982271597, 0.8096982439261319, 1.297735590407422]","[-1.1331758261855693, -1.719932895511116, -0.9818250539361688, -1.9058753076017283]","[-1.8502371575407202, -2.5414735838235107, -1.4988891372599864, -2.572975823225934]",-2.70452346
2025-05-15,"[0.4872499972443656, 0.1098407419837244, 0.6440172348421314, 0.7689755817071209]","[0.2547746660954141, 0.3339519097280289, 0.15712904898307298, 0.0852989305456387]","[1.0808041451738395, 1.364023095439392, 0.9446200080619754, 1.479568720215686]","[-1.2353642405857173, -1.7097914972233041, -1.183304014261454, -2.1006022886872397]","[-2.2213215664899475, -2.787009461059512, -2.0006643051959294, -3.0529539341066836]",-2.23822822
2025-05-22,"[0.03945594876304526, 0.1869513035653192, -0.0032250539392819633, -0.17391262632440174]","[0.06557690582246267, 0.03736453535639792, -0.09934697713547606, -0.1524883891100032]","[0.943621550640588, 1.2460757720765965, 0.8386602931701448, 1.3071976808545467]","[-1.3673358500860646, -1.8281241998030422, -1.401826199597481, -2.363891405976744]","[-2.0447067900509697, -2.7261686681035453, -1.964730104076523, -3.107627998715426]",-1.73279867
2025-05-30,"[-0.11191753642867397, -0.15783309913572907, 0.1286370194595321, -0.6080975280910117]","[-0.034985689438239986, -0.0036050813810962834, -0.04540381986093944, -0.04583673225917949]","[1.0762779140074423, 1.3912590904912034, 0.8930359797797747, 1.4099631498801954]","[-1.4229208996621694, -1.8553152024844646, -1.3365739613437952, -2.2312367947138494]","[-2.6370492620088624, -3.3463467218073037, -2.1868312071064473, -3.2781663800411462]",-1.99236971
2025-06-06,"[1.021661605257762, 0.9727902494784502, 1.0416558843223456, 1.5384888507548489]","[0.197060695477658, 0.22394325733905676, 0.12212282157347144, 0.18616392032413653]","[1.0154980547185875, 1.2893998746994533, 0.8919054318034827, 1.3808017523800813]","[-1.1843671193370018, -1.723237058174199, -1.0818202204817824, -1.9707011086882844]","[-2.137266812209735, -2.7117735341474054, -1.8686972028051934, -2.708489127006026]",-1.93425925
2025-06-13,"[-1.1243020574250195, -1.2634329597394078, -1.8078958770942677, -1.763208226237989]","[-0.11536651823509463, -0.08300683121438711, -0.11853634402713582, -0.13796732500163847]","[1.152971854635485, 1.4365661081700545, 1.0021900486604627, 1.464081257823931]","[-1.7092073058355468, -2.208317682250189, -1.4316913333229193, -2.4609390215603826]","[-2.8043322612741886, -3.3703237055600948, -2.4306001542751017, -3.4728876644480495]",-6.39153808
2025-06-23,"[0.9828986092323966, 1.0230246112025831, 0.8844642896614019, 1.4580708109777518]","[0.21978769633348333, 0.277992213608363, 0.1381483073775208, 0.1081661280418019]","[1.0877416443223726, 1.3694709978663986, 0.9406574758253338, 1.3480106542420685]","[-1.161900693237335, -1.646216436772927, -0.9961014403566782, -1.8939546589407656]","[-2.0082455524759073, -2.6316238943109034, -1.7718619697104854, -2.6172533315444815]",-1.84082819
2025-06-30,"[0.47697782077937845, 0.6456148860425337, 0.6267506346889107, 0.04438876468473296]","[0.13780127105636222, 0.17486785034346558, 0.12394606961885515, 0.08150003440445258]","[1.0582080990582434, 1.3756976533400738, 0.8758729407569364, 1.3064617381905268]","[-1.2993636765945116, -1.8503500340082624, -1.1767827179053703, -2.031987712389752]","[-2.342461251641039, -2.9616510776169735, -1.8823341801447002, -2.8043298365070815]",-1.98475334
2025-07-08,"[-0.054796723348893295, 0.05614570021572618, -0.3736166333057511, 0.9132490536467586]","[0.0033193473286882193, 0.0024843276856076233, -0.042646844665712884, -0.03155496485297771]","[1.0653470355422794, 1.3256356579122586, 0.9542092285803877, 1.411041230277263]","[-1.4189432295658346, -1.900173252086521, -1.3140772189776218, -2.0812346836142535]","[-2.6287730027985026, -3.2050068368263864, -2.2776437249559778, -3.1586716013711382]",-2.87847459
2025-07-15,"[-0.42824189621679665, 0.09165018036778605, -0.986322419972474, -2.4600374663481084]","[0.18709997619199226, 0.20428450048046717, 0.12568005108892535, 0.13418365793123505]","[1.0136590774645056, 1.2914739737200454, 0.9267226020821814, 1.3312808677687218]","[-1.2091184061617788, -1.6776889388039093, -1.110524242923137, -1.849873679916598]","[-2.25254875681875, -2.9060200365673454, -2.0692305267525715, -2.729256687743549]",-4.41302637
2025-07-22,"[0.014306625876248091, -0.5189223736905113, 0.40387101365642053, 1.4770033269336125]","[0.18558465866083965, 0.2014126045180608, 0.11218216927872733, 0.08958171775908719]","[0.9971695409947915, 1.2847437662850034, 0.8661427991050442, 1.2834190292375673]","[-1.1819979948380979, -1.6301421502119882, -1.1153735627618764, -1.869439813314105]","[-1.9295618901866414, -2.493508333882513, -1.7762915755839181, -2.6345905201440685]",-3.20481063
2025-07-29,"[-0.2641115587798559, -0.1550144657240793, -0.4572909331365338, -0.6673243731001754]","[0.27299289247627145, 0.2739224603970116, 0.21642565052732587, 0.22335290883247583]","[1.064429531740592, 1.3610889885364423, 0.9318445511608984, 1.3704825374266199]","[-1.1390095044278257, -1.632019026543524, -1.0314150555537354, -1.8599531150360085]","[-1.945064645804297, -2.7010404089659237, -1.5578732876706851, -2.479800899051791]",-1.67741700
2025-08-05,"[-0.5082835524253149, -0.6812749974829835, -0.1402270911517789, 0.7168870820266626]","[-0.045186188038846664, -0.05408979872649188, -0.017747983558215098, -0.10582328313927518]","[1.128861218014724, 1.4429059708156589, 0.9910073426127016, 1.4314980436927611]","[-1.5424550311140932, -2.1718707299507143, -1.3231435163806284, -2.176784684846009]","[-2.688879679935481, -3.3317609255570697, -2.30124395332318, -3.3024586272051284]",-2.61189586
2025-08-12,"[1.0589780443045704, 1.2490410984297817, 1.0935306750816665, 3.115593994245458]","[0.10361310579590147, 0.1257749211255046, 0.060885038586805065, 0.03114490630559014]","[1.160282076703858, 1.4288956744906116, 1.0124348988114928, 1.4104727667266077]","[-1.3346417092812737, -1.8351013707493722, -1.314404368492662, -1.8523395375759184]","[-2.3287913255871873, -2.8398109008780272, -1.9998332454273111, -2.6614833509055362]",-5.63369764
2025-08-19,"[-0.5439963234563194, -1.3660524656604167, 0.023265110265136002, -0.041884692465643525]","[0.14160777476341121, 0.12303648845122667, 0.11720216172175646, 0.15269996507419178]","[0.96584016789547, 1.2719423624767683, 0.8490708445372728, 1.269293877582811]","[-1.207142907822008, -1.705310091449715, -1.0857179497733764, -1.7564762438143644]","[-1.8794424394961176, -2.6030526621560925, -1.5883985054630003, -2.4388354486242863]",-2.81585768
2025-08-26,"[0.4178219989409371, 0.40072545687186434, 0.29900616033220473, 0.5620414640302052]","[-0.1826029225923083, -0.2612248921320199, -0.20543862424533302, -0.2510221103311331]","[1.0081742997593897, 1.2714503575099692, 0.9079472313577293, 1.3735144975791733]","[-1.459171407686606, -1.987334574995625, -1.3958474468171576, -2.325215378164603]","[-2.336487005622227, -2.8962890838862436, -2.2615526829143495, -3.159946276634443]",-1.36977025
2025-09-03,"[0.54049667648286, 0.7836654896156148, -0.05428023396483184, -0.08088953250364739]","[0.11440693306219785, 0.059017471890865855, 0.06189151395846088, 0.16278612034477294]","[1.023314845341965, 1.3310599329144508, 0.8957302506866089, 1.2704416968612964]","[-1.2668529699424105, -1.9249976206200266, -1.1723417193268533, -1.7657918084668356]","[-2.246344664637404, -2.9639959892729326, -1.9342731202736618, -2.6908259330338984]",-2.04090822
2025-09-10,"[0.2886700569388445, 0.03271897601635487, -0.48336615597648347, -0.034339216762635516]","[0.026004183783203766, 0.06289705509994449, -0.026618888792023065, -0.1161984895016118]","[1.0450274041054528, 1.316550259606628, 0.9236429465163759, 1.309167730543342]","[-1.3338722514816512, -1.7583656472866542, -1.2543530632864004, -2.098776750829855]","[-2.428347876107019, -2.9097224131406456, -2.1799694879660354, -3.1196815794843142]",-7.15279580
2025-09-17,"[-0.12432723326343265, -0.19979986468570132, 0.5675123663751336, 0.045706351953622715]","[0.12947467009819993, 0.1488364311564324, 0.07571901959167966, 0.08236405077776601]","[1.1039440877738065, 1.3859482660311953, 0.9706631140313589, 1.3192839285518771]","[-1.2960056005608007, -1.812466336699856, -1.1706493895086383, -1.8801668102424753]","[-2.472217620543361, -3.0585015459447153, -2.0471716208158437, -2.750702144777886]",-3.89074508
2025-09-24,"[-0.318652604115055, -0.3516667927137007, -0.37115607057511824, -0.2766730584746746]","[0.3762589437034518, 0.43415107569721095, 0.2663709825259172, 0.3348127891178645]","[1.1315941051953269, 1.4273272019338816, 0.9815904128081328, 1.3561273536552807]","[-1.065502698426901, -1.4796229450490817, -1.0308507109278158, -1.74735846476683]","[-2.0065446856146423, -2.5349093856701113, -1.894120068579259, -2.5963158842471983]",-1.59551474
2025-10-01,"[0.34017003417501357, 0.4785596517094426, 0.09308589660470545, 0.41765699688340874]","[-0.04445732595104237, -0.04650749862141882, -0.02150223130736207, -0.008327926848196145]","[1.059192030716413, 1.324837045768911, 0.9402202823008181, 1.2988733335563813]","[-1.464505583772566, -1.9931199147751746, -1.3176425557852356, -1.9117461937878302]","[-2.384325691929563, -2.9672227998597696, -2.0858811966585673, -2.978256892238514]",-1.45125787
2025-10-08,"[0.5945309976645774, 1.1398655682268277, -0.0025749757845972, 0.7621318666011234]","[0.13022113496543283, 0.2180143919282334, 0.0332853983371086, 0.028969942090093178]","[1.016330982376049, 1.3028952712847799, 0.9210228884053214, 1.3650738726205833]","[-1.332765015422388, -1.6364271667843362, -1.3259735013313478, -2.066444243323083]","[-2.301774676317947, -2.799859930722943, -2.1835878553823425, -3.112558749244737]",-2.32894064
2025-10-15,"[0.4429736586470945, 0.7032112604131058, -0.037071555117940136, 0.743740993193498]","[0.3333500687816033, 0.33522039814174703, 0.319544331958405, 0.2983710691608672]","[1.0393025756062289, 1.300163189330533, 0.9252451457716915, 1.3220829588784895]","[-1.04438379293351, -1.6257495781186087, -0.9115427294076125, -1.776796386310932]","[-2.1308534819598153, -2.6000779558346636, -1.863308692241781, -2.8164276437758233]",-2.41255142
2025-10-22,"[-0.5212477332015908, -0.9680695730904354, -0.715031573900049, -0.9130461118155964]","[0.24983225753701854, 0.32441565220461344, 0.11812168396817732, 0.05708454775883208]","[0.9979556797377469, 1.288044998785827, 0.8688222143056473, 1.275485907271649]","[-1.1520839230451063, -1.7117857716334544, -1.0917635562451966, -1.858444590909021]","[-2.0805522566671746, -2.74639711049756, -1.8154578462560127, -2.7370222713903236]",-3.37478482
2025-10-29,"[0.04801648924965818, 0.4492817786066361, -0.15601276817456267, -1.2783044256486242]","[0.3680717393324811, 0.4572743994655746, 0.2372380990763171, 0.16787983753745933]","[1.130976122200829, 1.4018716980019859, 0.9940653900242441, 1.4082955709396385]","[-0.9925639393499847, -1.3790038539309117, -0.9813881578221056, -1.8887807205273863]","[-2.194386254691909, -2.6666393715841927, -1.9842675260253655, -3.0913446419651045]",-2.76256638
2025-11-05,"[0.34594515599390974, 0.6486754016578722, 0.4783250486230628, 1.1938746354697827]","[0.23422414221760504, 0.33666157974417094, 0.15700534413749767, 0.31515628228377407]","[1.0555884609427373, 1.344670222580162, 0.9167209844275469, 1.3068233661424817]","[-1.2723509892497178, -1.7658578972829846, -1.2409684195976154, -1.6705542827092852]","[-2.46871990116959, -3.0563616150379773, -2.0827917032205594, -2.655742776291723]",-2.44734616
2025-11-12,"[0.0556241560036419, -0.07886645895816002, 0.6796668972677722, -0.07876642999660177]","[0.49888773805250614, 0.6910210593758086, 0.3774197707259908, 0.3836482411733304]","[1.0952884219881454, 1.3781425498891726, 0.949139528690689, 1.3297649636856963]","[-0.966655824882175, -1.2467426834627153, -0.892862675400923, -1.6720241788792096]","[-2.0244293005131175, -2.379164736452393, -1.8572564752918301, -2.597016924068742]",-3.12847123
2025-11-19,"[0.38557412715283235, 0.5952284529088026, 0.10198361491475794, -0.2916327959184173]","[0.13043585314621473, 0.0981048549578868, 0.14055738197692597, 0.38559817250440576]","[1.1599417566200454, 1.446747744601625, 0.9926610493779479, 1.3455935933892857]","[-1.3245631082154492, -1.842215407540637, -1.1791375334692737, -1.6104800463619995]","[-2.5948770046376253, -3.16816889604831, -2.210906827245071, -2.504011556906431]",-1.92121315
2025-11-26,"[0.6879754009474937, 0.8796982971533751, 0.6656919680050777, 0.7631104108980935]","[0.44227369051251947, 0.5648311792813502, 0.43082550037466055, 0.40391084045847125]","[1.0240903583844967, 1.334417337146304, 0.8958077395529385, 1.271631062747174]","[-1.065565607719022, -1.4613566801992912, -0.9846015952079731, -1.6024247546590726]","[-2.014666047105291, -2.57364574128825, -1.6130493190190058, -2.319076390900345]",-1.24094283
2025-12-04,"[0.07308367620897371, -0.09306360260854518, -0.0667684513382838, 0.18498613606823255]","[0.346279577904007, 0.40519892176504124, 0.2384815326563867, 0.29712883885065255]","[1.0623459023817952, 1.3629379344891484, 0.9226703098162292, 1.3113259662258072]","[-1.0985798094179748, -1.5585099022025872, -1.094158434892779, -1.7287537664746475]","[-2.0366759356783897, -2.610591034689995, -1.8840307766148847, -2.6091772390192447]",-1.72459498
2025-12-11,"[0.23243258048468718, -0.3239702675942091, 1.3357954828148166, 0.9386745619474723]","[0.2395654831844814, 0.29487005131261645, 0.21160931976855624, 0.22814105267716792]","[1.047225370422606, 1.3386516507697608, 0.9144500915779682, 1.333802168803392]","[-1.1777127434404093, -1.5809310377903945, -1.0488514037648096, -1.8475443684927204]","[-2.2109792541549154, -2.757471024192697, -1.9354573335791119, -2.885616107937599]",-5.11906165
2025-12-18,"[0.7523033055512052, 1.4386056418773663, 0.1374822807465037, 0.4183943010323432]","[0.26514076736642894, 0.32051160423272135, 0.17322297190595504, 0.35581836386239896]","[1.0454397703787675, 1.3379381371580628, 0.9273140692066459, 1.3573871955949814]","[-1.0760128110856306, -1.5857872492188712, -1.1092316003600202, -1.7436986897070965]","[-2.0891154985645817, -2.7088602127768184, -1.9700534763338922, -2.622166391979148]",-2.32209662
2025-12-26,"[-0.010146739009186945, -0.006412285561729902, -0.04143998143089078, -0.3354479138589106]","[0.2751294728017626, 0.37588984232680306, 0.22477836596430956, 0.28480994251892844]","[1.126523515485531, 1.4211319784976153, 0.9885801047007385, 1.3571482179107905]","[-1.2771479837376947, -1.5852301027171665, -1.1477401153919582, -1.6592573842579275]","[-2.4215973473659687, -2.847391285209811, -2.1800423593055043, -2.7979170332784626]",-1.56567406
2026-01-05,"[0.6638049808604052, 0.7911624128658978, 1.2218570805867301, 1.2606807381536633]","[0.11966327821499909, 0.16404980810836045, 0.08079045928808865, 0.1376373529242221]","[1.1251675803923686, 1.4267289202120959, 0.979380953407076, 1.3685710789406567]","[-1.399060479928636, -1.9051380559273083, -1.3278938712364436, -1.8190107191686604]","[-2.654944612710462, -3.070227134365418, -2.3672408962302773, -3.1779545821546464]",-3.88543162
2026-01-12,"[0.15692434469736227, 0.08294057340183514, 0.17383451472881006, 0.25605423103041147]","[-0.10608606604259227, -0.2111463038347832, -0.045650870049242995, -0.08045099794125476]","[1.0796505604413413, 1.3666169454802515, 0.9440900585841852, 1.3494717798783051]","[-1.5373271417398644, -2.182155621614111, -1.322930218230632, -2.068142036904228]","[-2.4149260707847704, -3.071886245112101, -2.1357433734176614, -2.9117232912441757]",-1.30602311
2026-01-20,"[-2.056695507888584, -2.1476097009911044, -1.7798293227048845, -1.3189978096280086]","[-0.07606266632501517, -0.13092911562834325, -0.060342336744391545, -0.09496585648834108]","[1.0716576143830343, 1.3795589780916144, 0.9171461816498315, 1.3603322330588656]","[-1.486291146748843, -2.0499698890296036, -1.3513075657483398, -2.0929304314494965]","[-2.4360399284018897, -3.160419397692638, -2.027438104604993, -3.127761726754957]",-4.77860049
2026-01-27,"[0.39763349376231716, 0.9024457580757428, -0.8311517315386041, 0.384053096912762]","[0.22409212468033765, 0.35672661420171353, 0.20794772141401388, 0.15908791308509918]","[1.0399003861680156, 1.3341787588456733, 0.9186980934725957, 1.3294481293660059]","[-1.2316980706766594, -1.642467366056682, -1.083301117592125, -1.8386166909059374]","[-2.1082530131702244, -2.6379577368985254, -1.77129164247296, -2.7250823656243783]",-7.31962790
2026-02-03,"[-0.849142508404821, -1.548323826338649, -0.33790661826138546, 0.8438464921460387]","[0.41624341569831846, 0.47707704163942255, 0.3717682644349001, 0.43522159515393855]","[1.0778213542451018, 1.3792378800419567, 0.9355940971351242, 1.381098228673073]","[-1.0668416825938873, -1.5283309124066315, -0.8899688480604387, -1.629694837457763]","[-2.1166085382190376, -2.6533776211096973, -1.7724625227989474, -2.572217050828739]",-4.40992624
2026-02-10,"[-0.26405479604045823, -0.46500785414256285, 0.10420238331700915, -0.06470835640710604]","[-0.10340805724437631, -0.1778638699552614, -0.0644745503145844, -0.19397437333220666]","[1.067520697604839, 1.3529806641614215, 0.9560649945600005, 1.3954536550294]","[-1.5896566944808017, -2.232987236251809, -1.3932772807151892, -2.3135881395269515]","[-2.3832729457828807, -3.1189051526946345, -2.0348541668577576, -3.02444856278155]",-1.57384596
2026-02-18,"[0.5025081639237428, 0.7439468779856462, 0.2610392945248563, 0.04506753879010006]","[-0.23021437454802532, -0.2822934290624234, -0.15481404420987, -0.2572781696555504]","[1.1613102053507183, 1.472900439560375, 0.993990155675754, 1.3690819113639192]","[-1.7468977131052505, -2.2819004973191497, -1.6132892224878856, -2.311082071698814]","[-3.007968197886355, -3.8337034598533144, -2.424086861295518, -3.3798982986755415]",-1.67089635
