date,y_true,pred_mean,pred_std,var_alpha,es_alpha,lps
2003-08-08,"[0.2853693352768083, -0.7949694069274038, 0.7057701887285717, -0.09197853900091424]","[0.08818865507262053, -0.007800215805469788, 0.15705725513485813, 0.6164476203831507]","[1.4634311126419364, 2.267329640251184, 1.4360187472183104, 1.2892049581403455]","[-2.40483588015053, -3.675628868095653, -2.3091993899707006, -1.526563002078366]","[-3.072218438020566, -4.916642709970863, -2.977384931767463, -2.11274515864942]",-4.21952070
2003-08-15,"[0.20094012177391818, 0.8699909875545586, 0.11947887479095698, 0.5996655546881335]","[-0.13050513671240363, -0.17444419347038934, -0.11195882618475005, -0.0985421586993096]","[1.5289759787742567, 2.3614365648633737, 1.4819516772484476, 1.3408692212501871]","[-2.6613851408931617, -4.118736667881205, -2.6179785751997997, -2.3013171991779373]","[-3.47463590159555, -5.2009701724010275, -3.3045531213991866, -2.8996993221209397]",-3.32214314
2003-08-22,"[-0.9973841707885178, -0.614630084869372, -0.7970147562160079, -1.417499541836298]","[-0.06808992698467219, -0.04700704955313552, -0.05575786557840124, -0.1384704181837552]","[1.5025682400483062, 2.2664408599643617, 1.4594867662791209, 1.3222276664846369]","[-2.6317218921846597, -3.7943858067737453, -2.4943099691574804, -2.3149584651195796]","[-3.1063068201501722, -4.526377244620517, -3.009399995128159, -2.9141492713583346]",-3.81943627
2003-08-29,"[0.6726160983689944, 0.9025332022042143, 0.4428983599732206, 1.2572363609473225]","[-0.01521634061510611, -0.12041619496720139, 0.0034154804541142664, 0.10377907682526857]","[1.4369511292752883, 2.2419296098782, 1.3736316360304013, 1.2646656520053494]","[-2.3354514159347746, -3.6700652782903984, -2.196043274126967, -1.9146005889980164]","[-2.9238420165328067, -4.50375584126898, -2.87292573817773, -2.4163905587464685]",-3.47709434
2003-09-08,"[0.8232241538226326, 1.6365064231234072, 0.8690658012099561, 1.07754762459229]","[0.0762419496140364, 0.00753459072071978, 0.09117589556300988, 0.1264170543569224]","[1.4626678673251692, 2.2381541796342086, 1.4309130654698474, 1.2860254829142133]","[-2.3920219744874816, -3.865805827057397, -2.3344782475595607, -1.9112480677275234]","[-2.9964458836356855, -4.652906681982277, -2.922409231573551, -2.4727087416981237]",-3.40203568
2003-09-15,"[-0.35206012792929897, -0.9805456664321532, -0.24037821342588472, 0.104265412289406]","[-0.12937463092204257, -0.12976109508696926, -0.1268360833981719, -0.23504212579924766]","[1.485037641914803, 2.2215553873833334, 1.465164194574382, 1.282361191295917]","[-2.6397419141972347, -3.9009193907667283, -2.5695079552921487, -2.357499687821531]","[-3.3745922614248296, -4.864993630803837, -3.298814916739996, -2.9218201844446567]",-3.26702274
2003-09-22,"[-1.0861853300025537, -1.9270669331442392, -1.140875619088355, -0.8887573020976536]","[-0.06800473011060466, -0.04814744620927329, -0.1543183903300995, -0.07425972180617123]","[1.500739918464035, 2.3036158497579504, 1.4365874145553579, 1.3203723539718397]","[-2.549945480207854, -3.9260585599255684, -2.4669717862369156, -2.2085295121994433]","[-3.2055224725662352, -4.897059486862815, -3.133729441677953, -2.780115676891108]",-3.34250009
2003-09-29,"[0.9756987759632629, 1.704240882451824, 0.7185495983145884, 0.950463153119907]","[0.34875166560115256, 0.430483433040408, 0.3282287909554232, 0.514348471867783]","[1.4766177686985291, 2.210262200157936, 1.4467752674885352, 1.3209939872580894]","[-1.9593907360216893, -3.1602554118871855, -2.0843917444134936, -1.6132514082009828]","[-2.6219916514871664, -3.9002594489135176, -2.6438626225607607, -2.142344837721181]",-3.20288465
2003-10-06,"[0.4534901309160233, 0.7285475908319405, 0.23655832883910932, 0.5755086615775618]","[0.02583269560245342, 0.005137954047325168, -0.008281077804066991, -0.04613460701076737]","[1.4968232781569197, 2.2563389189753655, 1.4696137390467177, 1.2763198789434662]","[-2.4662902114546363, -3.700695360722896, -2.413104651411373, -2.1788877756019107]","[-3.0148750919830163, -4.544765333832807, -2.9873084485464396, -2.7796203841390166]",-3.11642997
2003-10-13,"[0.3150409571064827, 0.6548066101404793, 0.9228927583459168, 1.3324416945601936]","[0.021112362324080834, -0.048749676995099626, 0.04167574284690726, 0.050561325568480774]","[1.4508332253747733, 2.1360585938155396, 1.4130783861298408, 1.3025708071291218]","[-2.3965770663493715, -3.5787081897646402, -2.25969314193257, -2.1120660524925396]","[-2.9328663370012875, -4.453526076702202, -2.77626946718856, -2.6221737524021136]",-5.31095018
2003-10-20,"[0.7453570302637047, 1.234760842093774, 0.5759110925618316, 0.24214359453527123]","[0.012314350889606513, 0.05705163817493217, -0.057303708337834214, 0.10237254363242979]","[1.5067238824283933, 2.279373093278451, 1.450076953350474, 1.3484736267486683]","[-2.4928767654538553, -3.672576648154218, -2.4008516295787596, -2.1553684827484725]","[-3.256744536063622, -4.646070115656861, -3.145658571175714, -2.6110041952252225]",-3.16603735
2003-10-27,"[0.04818452287063124, 0.02923549209539189, 0.26784142561719904, 0.8021847367841062]","[0.07695614138000952, -0.017476344238195347, 0.18570306002517067, 0.28940945572617266]","[1.4824424926256725, 2.205524466296097, 1.4483339966968334, 1.3099313343871901]","[-2.2670477546834302, -3.422612948020452, -2.1299888244707614, -1.901769145102171]","[-3.0128050416331273, -4.5979519064939005, -2.8182039030875035, -2.4023929425808026]",-3.20656361
2003-11-03,"[0.6530988142659844, 1.6352210995902006, 0.5833294739955974, 1.4829871813897277]","[-0.06070388706913677, 0.0038392091481245743, -0.10023256847334047, 0.056327924974954084]","[1.4315359160722634, 2.143337470144338, 1.415037494813704, 1.2771515409553056]","[-2.411611741222168, -3.49679761815454, -2.4870232308522695, -2.099864306860563]","[-3.0596148297437775, -4.4574363793202965, -3.0283286885313627, -2.65094995181912]",-3.89321965
2003-11-10,"[-0.4553297501261433, -1.242602828425099, -0.5444031450329234, -1.527095372202325]","[0.009865367931044382, 0.09297218791087263, -0.03899897079414637, -0.04178192385383505]","[1.4706949367427387, 2.199772929426088, 1.4231695965445208, 1.2913308070147353]","[-2.362557141394637, -3.5740885848652986, -2.345558884567931, -2.1928886642576564]","[-3.104278388142619, -4.675389251412461, -3.017297678580312, -2.7931248321462037]",-4.13636416
2003-11-17,"[-0.5038504426115864, -1.0327114155849415, -0.5939550908960811, -1.1094466445574103]","[-0.009732135725448924, -0.009836200233969144, -0.023218197752932473, 0.08090590187015802]","[1.4919371035513351, 2.2031494875540085, 1.4306735606038075, 1.3815850921928914]","[-2.4342223907783533, -3.669515440435973, -2.3469105249379325, -2.1621824165951358]","[-2.9423597442741722, -4.43887463962904, -2.87575621177036, -2.7780666024141407]",-3.58640798
2003-11-24,"[1.2771711526338159, 2.7316860194895654, 1.2309995309845334, 1.9134415056394793]","[-0.03815624800269842, 0.03314140284421209, -0.0029108682751417475, 0.04195033230492468]","[1.4885532721438786, 2.2425777474650253, 1.4583345871946622, 1.3276180784878706]","[-2.4628573477044844, -3.564283974591408, -2.39175295100026, -2.0555276694485]","[-3.0928485040979528, -4.603600493002333, -2.996799902123604, -2.654275650867331]",-4.31322455
2003-12-02,"[-0.19542357786228592, -0.5586606708638975, -0.4597883263391722, -0.36022356268459177]","[-0.06297454211181645, -0.025244274765251117, -0.11633970438368457, 0.005624022147335677]","[1.4468035256299865, 2.0913009971227274, 1.4085419032072848, 1.295804412358953]","[-2.3666751564019686, -3.37875448464778, -2.4684120771125717, -2.2310889268267364]","[-3.0238037005157645, -4.340882151124917, -3.071195873940058, -2.678640379515012]",-3.10855112
2003-12-09,"[-0.7745214622021379, -2.311162942855294, -0.42083880866332635, -0.5392549986354744]","[0.01629766967830239, 0.11644751169378287, -0.07953071180448924, -0.01560861687940468]","[1.444937531748419, 2.1305741224843673, 1.409882239096478, 1.281088591818454]","[-2.440013557314626, -3.5397017954618164, -2.397133116571213, -2.162289252259133]","[-3.0136358591475063, -4.40987553920887, -2.9956607564722297, -2.6690303462198433]",-4.16807390
2003-12-16,"[0.5190755401501157, 0.20106282803959985, 1.0593319370125087, -0.32746028132288885]","[-0.06044850059877108, -0.07472841529448644, -0.16378569973899446, -0.0857962712490749]","[1.4120199204217907, 2.0359293630667175, 1.3866457853528493, 1.2856498632205828]","[-2.412314827313945, -3.411674903279374, -2.3335336649728164, -2.240325354946004]","[-3.0128883174133163, -4.371948674321647, -3.042528127862261, -2.7918572149542977]",-4.77081619
2003-12-23,"[0.0637584276114822, 0.756200214636582, 0.031527240902562426, 0.8301841898926909]","[-0.11003640493893344, -0.07423291039697036, -0.050088805502294276, -0.06292157103961153]","[1.4285404199244782, 2.0819255377538015, 1.3999701377828508, 1.2952553125697561]","[-2.3833730978486187, -3.3437846601530636, -2.31457237404188, -2.2017182136503832]","[-2.948350277997771, -4.341229883551739, -2.855048144114079, -2.7070601959562213]",-3.39461371
2003-12-31,"[0.08993590652499606, -0.2737912465379466, 0.27664135145215596, -0.6828327028755687]","[0.12221962268842208, 0.10821573176202064, 0.13982977476274625, 0.19381375707723972]","[1.4049728928068044, 2.030006770886921, 1.3652605265923192, 1.3006732348072074]","[-2.23178051010612, -3.268397868892693, -2.0666928046682878, -1.9759230081905887]","[-2.8646092044498226, -4.325517398938901, -2.725419558392353, -2.6066920445573594]",-3.42496049
2004-01-08,"[0.39770163612393716, 0.7903497945403792, 0.6004344243486059, 1.1483434008727755]","[0.19765102406716456, 0.24919769665571997, 0.2816141275287244, 0.3850389474951752]","[1.4043491776614825, 2.0043736423490333, 1.3801104371335209, 1.2638129358402093]","[-2.1915335691698616, -3.054840266277032, -1.9970665332385702, -1.7748694388907262]","[-2.7550886101765655, -3.925511660022588, -2.598434319268398, -2.241688693925958]",-3.11016850
2004-01-15,"[0.21991765909827876, 0.26228998916284496, 0.14677926741963887, 0.358915659821335]","[-0.1671744030454136, -0.1224373745941666, -0.193057435426831, -0.10678373101921732]","[1.3882550115602594, 1.9824519442668331, 1.3680987375468665, 1.2261945579050308]","[-2.4946258573147633, -3.3921601835732975, -2.5338360494157945, -2.0984058407677435]","[-3.0271194654038975, -4.245830951480324, -2.998833478754875, -2.559062238115216]",-2.77776940
2004-01-23,"[-0.3576444873549356, -0.3676356506119305, -0.5180369604346424, -0.2301404805331586]","[0.03278673929202434, 0.026147452844502865, -0.017881422011888373, -0.01658899948112943]","[1.3878206769756634, 1.936261156285769, 1.3690852200394779, 1.2599724591372887]","[-2.242679097974116, -3.0967185270580573, -2.3416343002623363, -2.0785834505473173]","[-2.7891916583975878, -4.026062114789635, -2.8815091442377474, -2.6107833006222587]",-2.65503391
2004-01-30,"[0.0, -0.457634688880848, -0.21163279394933454, -0.18060455501203165]","[-0.0228957571209794, -0.004046209663734432, -0.04278773814702661, -0.029096142758071736]","[1.3867193761166894, 1.9843270580906542, 1.3922098217379093, 1.2948940625031273]","[-2.301943866365839, -3.269462894333938, -2.3464613654666215, -2.1406508684095984]","[-2.8951495904178275, -4.098662999760743, -3.00939787832556, -2.598936552785296]",-2.99710355
2004-02-06,"[1.1158481164216916, 1.7961997058132617, 0.9244927238428957, 2.4818125563701443]","[-0.23564876136873836, -0.334754865225785, -0.14549136895772088, -0.08329117619830675]","[1.4227855690817228, 1.973573496094946, 1.4063502186445267, 1.3283358216331151]","[-2.4900697804589487, -3.4839986271682517, -2.3749508375214603, -2.2067343374460187]","[-3.1148570147346337, -4.22781553219394, -3.0318143126658224, -2.732148438106922]",-5.18499140
2004-02-13,"[-0.45061044704945985, -0.8089375775697683, -0.6211533785641876, -1.3442928377105368]","[0.16291866353635615, 0.2190018070161295, 0.1418257006387646, 0.1622693783283414]","[1.380616386176295, 1.9157472570777507, 1.3938830413813847, 1.3018211212386865]","[-2.2170303509677423, -3.0610050576449392, -2.2809198775824022, -1.9599574505296729]","[-2.7241580290038274, -3.7434763579418946, -2.83576420318774, -2.506031862235646]",-3.67975033
2004-02-23,"[-0.26147169764652034, -1.1186601244776995, -0.08865566523592605, -1.2260130297016225]","[0.09384658911454229, 0.12289092347676753, 0.11962162465244655, 0.13298693027803393]","[1.2823248506828215, 1.8467891135299734, 1.2996823403228692, 1.268953049811335]","[-2.060390845858871, -2.8991749948857364, -2.079943117471434, -2.0164546779136523]","[-2.5366640661124866, -3.676746642621239, -2.5868249732599655, -2.5558965282854573]",-3.68476656
2004-03-01,"[0.8909534391919216, 1.3040486987858202, 0.886276484501991, 0.45911089804313576]","[0.06638918904242692, 0.06134899654308582, 0.08072020486605871, 0.005656385940377313]","[1.2986289975297496, 1.8493392255269914, 1.2807793483970489, 1.219884189166902]","[-2.0475742430659585, -2.885131481529696, -2.016348371217758, -1.9313839329885578]","[-2.567116873164667, -3.746341671405554, -2.5611663439412267, -2.407920013523616]",-2.50116699
2004-03-08,"[-1.2276417561339237, -2.3758454947397034, -0.625509307978156, -0.7131279796593226]","[0.1325868315508576, 0.17584717991710883, 0.20418652961625952, 0.23901825045039796]","[1.2584134534845695, 1.8020321012554354, 1.242738084036627, 1.1973540083648304]","[-1.8593908440582834, -2.702758722033731, -1.7919336366290526, -1.6367830963127685]","[-2.5273783854777534, -3.6756115096911235, -2.410403715358493, -2.155216189558618]",-4.21230800
2004-03-15,"[-1.2333361805515253, -1.7614351150744056, -1.34879599077955, -1.8392096299228555]","[0.09977409452278076, 0.17854480178778828, 0.08000192734903001, 0.3209718657366373]","[1.174225254077428, 1.7166848574779368, 1.1647606102556163, 1.1453465619915877]","[-1.831172180268133, -2.702110703973305, -1.777279451469008, -1.486416184355049]","[-2.3372822237420245, -3.4322183647767126, -2.327193260282348, -2.083746198739519]",-4.15111116
2004-03-22,"[-1.3047384094498682, -1.2742105198284115, -1.2033871605058977, -1.7983165937716095]","[0.0033143998818103673, -0.02334299969422704, -0.08125321164833865, -0.30221951327840496]","[1.2140053340943162, 1.730069707504302, 1.1974899381946151, 1.1505732481963422]","[-2.0805116283810206, -2.9025589579085875, -2.045989503685139, -2.1378338187997237]","[-2.5986380239636038, -3.6691420191153643, -2.680699402283365, -2.7600403379194716]",-3.27882831
2004-03-29,"[1.39523003976052, 1.6053815055104614, 1.1358003018818508, 1.2363123100342932]","[0.05309808285570591, 0.21600954959435356, 0.06469894272072427, -0.003548789514586646]","[1.1777660541186954, 1.7079546430879586, 1.1865517121166207, 1.1181492338132561]","[-1.9070734032063208, -2.4963559064527243, -1.8184348523310048, -1.8236588032685048]","[-2.3360336420066927, -3.2869078428929543, -2.3403720467999753, -2.2602993689858986]",-3.24336159
2004-04-05,"[0.5393608529510097, 0.9388770880377706, 0.8348564100485234, -0.3953416904740159]","[0.12148193395488531, -0.07877081594763365, 0.07402860711962908, 0.17081680006432193]","[1.2055686013181335, 1.7610736374388767, 1.1914306368241094, 1.1305882328147303]","[-1.8711407570507417, -2.973684486025728, -1.8992974464001786, -1.6778801534008543]","[-2.3625175167169483, -3.643829538662107, -2.3751601279711547, -2.146889937285552]",-4.09257389
2004-04-13,"[-1.41217081349847, -1.4634136606572312, -1.2851813850353722, -1.9419148458063695]","[0.04124839523298984, 0.03349962988589754, -0.062179693080546466, 0.1288138884729716]","[1.1663778965941967, 1.6592585460523959, 1.1747918513561952, 1.1110177858273325]","[-1.8898214210320876, -2.7088501656862936, -2.0260277371345166, -1.8234693403179247]","[-2.3313475165864586, -3.3977600975173647, -2.4519107970265064, -2.1411429196652163]",-4.26469790
2004-04-20,"[-1.692147413328815, -2.3544081835172648, -1.1887911975895449, -1.9463326804974201]","[0.12381793232281131, 0.02693846318345658, 0.15515454939388446, 0.16682551432874995]","[1.1220881811438046, 1.5858046849094447, 1.1154182563229251, 1.112905506114536]","[-1.629745560113513, -2.5585204139378033, -1.578159960417655, -1.5795413322575422]","[-2.171091007198334, -3.1266370410259556, -2.126041813320522, -2.0711499435852025]",-4.66318326
2004-04-27,"[-0.017501496340077694, -0.18960252813311484, 0.31955171898694346, 0.26511013773511394]","[0.27033778264876585, 0.37307071501960876, 0.3170861925420194, 0.37145546418918857]","[1.100314326501443, 1.6263709530177453, 1.1079787334098292, 1.0770082500666744]","[-1.5497745328233032, -2.2495216325365237, -1.5115254949429282, -1.3989682189213413]","[-1.992470040880489, -2.879250568932798, -1.982219506850741, -1.7404718670107988]",-2.35512177
2004-05-04,"[-0.053497258279744386, 0.42641624717107973, 0.03102291669545565, 0.7497569731841125]","[-0.15296190079734462, 0.0966500440915237, -0.10674703167013709, 0.08197678156944824]","[1.087038644459879, 1.6116834482268187, 1.0627218539863144, 1.1129335700445309]","[-1.9640468347509792, -2.6198828636308145, -1.8260247441752682, -1.6896087036024352]","[-2.377769096964161, -3.2018757201646997, -2.276217632955473, -2.1962951619258506]",-2.13110214
2004-05-11,"[0.8417961264568952, 1.4858289436368466, 0.29436254939803064, 1.4937598204533664]","[0.12623398522317253, 0.2742450668024663, 0.1672706945916088, 0.1948187160106821]","[1.0683606421384264, 1.6027111061714692, 1.0451654328029067, 1.0965554054742277]","[-1.6041921733976185, -2.258551627080217, -1.5936790139635097, -1.6520373591777844]","[-2.0706577618474036, -3.035970168778477, -1.966261949767398, -2.1453894905923656]",-4.42338786
2004-05-18,"[0.5027863829492496, 0.896548059095803, 0.6198590745174926, 1.2706747788047146]","[0.1046632762552826, 0.05560632888174424, 0.14746457370379334, 0.16682899476258334]","[1.0217273833978673, 1.561135361598746, 1.00237787222754, 0.9914110863599271]","[-1.5873789108299734, -2.4925312177452983, -1.4449831721676973, -1.372067742585309]","[-2.0234364266650653, -3.16871830009281, -1.9678597809104454, -1.7921165883960264]",-2.55753709
2004-05-25,"[1.4227409345701325, 1.9658811541535925, 1.5859069694613481, 2.0627277753153983]","[0.21591297119242847, 0.3346764936736272, 0.2847830573847408, 0.32095916355241466]","[1.0237774854004713, 1.5884877524944432, 0.9989076432846615, 1.0375689960981263]","[-1.4503210835101872, -2.231238544554582, -1.3757021785241073, -1.419703722443041]","[-1.9188798574414299, -2.9052902308928275, -1.8111556290359467, -1.9239608521169709]",-3.29544775
2004-06-02,"[0.3719117295513996, -0.21947043937693422, 0.589471263200636, 0.1447490505111837]","[0.0011749300682311757, 0.021838338874847932, -0.086246568215665, -0.15824002724870703]","[1.0096237910577852, 1.5842876313648697, 0.9766104355136697, 1.031697000052643]","[-1.6262819483946565, -2.63936580929265, -1.6611128322059294, -1.7604937850367164]","[-2.041488390882724, -3.3105899909185905, -2.0168144511619928, -2.2178408834934937]",-2.77841464
2004-06-09,"[-0.9359709187568122, -1.4197836772687822, -0.616118708104807, -1.352899314922329]","[0.05435512336997481, -0.060017610898489324, -0.02663269187331062, 0.05636413839477947]","[1.0116767359873635, 1.5215355506277564, 0.9798390177654115, 1.0401841858761127]","[-1.5658174410654468, -2.579819488887058, -1.5498610767479155, -1.7314059209928685]","[-2.0278874397197852, -3.1886795154224092, -2.01657562869888, -2.122221192160407]",-3.19879752
2004-06-17,"[-0.14927000809938917, -0.930033245551698, -0.019854411709552267, 0.07234833489837555]","[0.11922546372802934, 0.1292513352601643, 0.09767779459643573, 0.009845395521387046]","[0.9666793801980831, 1.4876263698378223, 0.9579948369529677, 1.003965737768398]","[-1.5293018544349195, -2.3012136385692292, -1.5725960271049846, -1.6639451749500778]","[-1.8960586759340385, -2.9143890567784347, -1.9034062293596934, -2.123498795080677]",-2.34865181
2004-06-24,"[-0.29671251746652416, -0.1888169986779431, -0.34182560361966097, -0.40789451311136204]","[-0.04105233345465246, -0.03795931734137559, -0.03622859915033386, 0.16757737575935022]","[0.9762008577493466, 1.538082351979934, 0.956010947191463, 1.0678618266887239]","[-1.6089331461601852, -2.509467804345557, -1.5082625575709354, -1.5438519861822824]","[-1.9662269405520576, -3.20062506482146, -1.9417097841074549, -1.9659195497461313]",-1.85744923
2004-07-01,"[-1.3980244558170263, -1.872154379167501, -0.9756654455893354, -0.8056491194968984]","[0.12535105391221135, 0.1498397245008412, 0.15628339924873957, 0.3652819778559428]","[0.9587932338211037, 1.4854014320346953, 0.9382927668329104, 1.0110309525108674]","[-1.4275227816358056, -2.337715061844009, -1.3272613632187638, -1.3001210023186724]","[-1.8317431801346218, -2.831145199728269, -1.7783177953103353, -1.7012722845728374]",-3.42821510
2004-07-09,"[0.2778379623928906, 0.13990360127316137, 0.4087378861157731, 0.4879362438959589]","[0.11412204518839873, 0.04755280781247776, 0.1008285827891241, 0.20078742787362713]","[0.9451950804076411, 1.4433669660327133, 0.9232167554494902, 0.9921309925906944]","[-1.4352755017160614, -2.2942669732503584, -1.4505716076570274, -1.4601754247976524]","[-1.907792613370676, -2.9556723256361437, -1.8194893196752355, -1.898042917642405]",-1.64095858
2004-07-16,"[-0.06322467245736263, -1.1471140439896388, -0.23031058318352393, -0.8698635539935218]","[0.14269793758696764, 0.15607223323175762, 0.03620096618346142, -0.17691584767732105]","[0.9122758735522741, 1.3998138283156443, 0.8977565637634888, 0.9777563567735362]","[-1.4378480571909484, -2.1379224972395434, -1.4714545221537658, -1.7684823178621778]","[-1.7914056117686687, -2.8071921291251924, -1.858229452489632, -2.227232369460203]",-2.88490084
2004-07-23,"[-0.804393476135079, -1.9108672736795285, -0.8805571524451494, -1.0350303385361137]","[0.13059389069954153, 0.18869148162050692, 0.09710732059005975, 0.23409340252523253]","[0.9361475122529231, 1.3946617536449621, 0.9020875555278437, 0.9892902342661146]","[-1.3960869550425536, -2.075428524582794, -1.3331835921225008, -1.4136390144847069]","[-1.7731128075124578, -2.686599877870258, -1.7426951028597657, -1.8205349983490704]",-3.10035089
2004-07-30,"[0.22588788983251007, 0.3157955507666621, 0.1033087636791663, 0.0549644842253727]","[0.12348014541836475, 0.18981739305692233, 0.15783333977571964, 0.3225874811997149]","[0.9149695298611391, 1.4029673413752695, 0.89406030876954, 0.973492802623707]","[-1.3822330845849073, -2.1072365251422087, -1.3063485444347933, -1.3292530120039832]","[-1.7589725318454739, -2.686526160480729, -1.7213744383782055, -1.7615986172845925]",-1.73763773
2004-08-06,"[-1.4493874078649327, -2.6539806185028603, -1.493581295223656, -2.0393534803157642]","[0.18564451526054523, 0.1687462514789855, 0.14722220012955556, -0.08688756956263119]","[0.9367806226010649, 1.4503867664267087, 0.9108185270046308, 1.0103833318431115]","[-1.3240222531538866, -2.170016493276212, -1.319773903173642, -1.7774173862891904]","[-1.6163147102050703, -2.6969582642342766, -1.6539394384828017, -2.1256954438340228]",-3.77170558
2004-08-13,"[0.21474442749527256, 0.1538099796733583, 0.1095706138125152, -0.019140519195826045]","[0.07420784363377973, 0.034207790656057745, 0.09750323895189478, 0.08612023927869626]","[0.9026704022947151, 1.3593718030283721, 0.8980295284776623, 1.0016621480071342]","[-1.3970082342610042, -2.163565086430393, -1.3413616365567433, -1.5858002517381506]","[-1.7871491378800857, -2.8054422340572183, -1.7399289787725944, -2.0008258065325335]",-1.51654169
2004-08-20,"[0.6632143177287553, 0.9987041771780447, 0.6880026934519279, 1.6687901165142627]","[0.1466400876255764, 0.1357122558230529, 0.16915912019942836, 0.219331477231156]","[0.9306367389746453, 1.3893835806023476, 0.9217240254119061, 1.017576973295135]","[-1.4249551169947494, -2.253591060074636, -1.3453905767684362, -1.4675634246030795]","[-1.795090940801788, -2.721860590774159, -1.7504277692237216, -1.905035099593541]",-2.71628719
2004-08-27,"[0.31456113450767376, 0.4640023052329134, 0.21208918606916427, 0.7064542035776]","[0.19093349885275002, 0.2423842577730832, 0.2205726476548867, 0.3824453722577501]","[0.90559269855901, 1.3728094407265048, 0.8860363013525938, 1.009893519395408]","[-1.2869938402520944, -2.0115285549115556, -1.2300611423126684, -1.3333521767863232]","[-1.7600022078088196, -2.6334281705036178, -1.645546129321076, -1.819581279979352]",-1.52505088
2004-09-03,"[-0.4094914602811528, -1.854355850027023, -0.2927437291008417, -0.46293253306464166]","[-0.06880547186831679, -0.028279746595295845, -0.11150118212359876, 0.08167839060619725]","[0.8836026154818969, 1.367119388572051, 0.8547014790079169, 0.9736939186289214]","[-1.493393101579895, -2.2088843833454606, -1.5510927003552855, -1.531066964589164]","[-1.9707499563406827, -2.9165749717662037, -1.9747387365157039, -1.8684512311158923]",-3.54321306
2004-09-13,"[0.36196439210112175, 1.3013509444244953, 0.016380782618341527, 0.19209600568288465]","[0.030368499423107816, 0.10191639266856523, 0.0425237617147692, 0.27524061728697485]","[0.8955680144852162, 1.3570281067182512, 0.8861771209244315, 0.9916035955281715]","[-1.43741478494116, -2.2186960558053594, -1.4400270086465976, -1.3084057661226614]","[-1.8486187138990342, -2.84423653321486, -1.7981784888374193, -1.6882743745321407]",-2.97239794
2004-09-20,"[-0.60280948064797, 0.008463745551079427, -0.7767040103537681, -0.41950803760100186]","[-0.02345970700155467, 0.018214812156131684, 0.008012466148926776, 0.12234554954295797]","[0.8941039499999064, 1.3770849691087643, 0.8929070366437035, 1.0050015355337136]","[-1.4914094592541276, -2.259462815850253, -1.4240331072854469, -1.5504292879313026]","[-1.967276812416658, -2.92313948924056, -1.95108709623395, -2.0477628640251813]",-2.46446101
2004-09-27,"[-0.639012100681402, -0.8630299527770724, -0.5859553994586264, -1.068619116708458]","[0.009500309870983133, 0.1354812411616373, 0.12596358994902412, 0.42494852646749004]","[0.8962163997665461, 1.3835302884879934, 0.8719200703042413, 1.024933128941383]","[-1.44006473640916, -2.1473743629845203, -1.2891134907207396, -1.1511694400061576]","[-1.8156591742875658, -2.6982848040343743, -1.5889642771593264, -1.6852822540689807]",-2.55437321
2004-10-04,"[0.14069942264685054, 0.5882032912614577, 0.2341064044435015, 0.8381617915223849]","[0.027022184526066008, 0.15667097475157246, 0.1341415471003867, 0.5999536873230086]","[0.8577649378221709, 1.3619957083875978, 0.8351483582874596, 0.9625207725307124]","[-1.4348867999913517, -2.1565167278290645, -1.2292516083939107, -0.9935713731680362]","[-1.767001457482762, -2.75179072917857, -1.613514058234032, -1.4364385207414252]",-1.19616333
2004-10-11,"[0.4080425456719716, 0.4766134635834085, 0.26587167811467083, -0.03467687346576653]","[0.08930786168036187, 0.07219326548143766, 0.0863694193766477, -0.06173509608626736]","[0.8438558568868851, 1.3309645177057352, 0.8278970057943571, 0.9948155739616293]","[-1.3078089723947404, -2.1762067171930726, -1.30488957351908, -1.7239386120873086]","[-1.6428916401201852, -2.6875893950220946, -1.6150582565348985, -2.1270439379995874]",-1.34646369
2004-10-18,"[0.3946910764860867, 1.4212354064825128, 0.2306762790970751, 0.07007565680501315]","[0.13185332162788457, 0.18033347159656588, 0.17811113560008923, 0.23099121610467624]","[0.7856438430583619, 1.2280659593316845, 0.7657881753358814, 0.955168293051287]","[-1.1397016179862958, -1.7291927920483183, -1.041407830605392, -1.2773873136617235]","[-1.4313478035753462, -2.2262008455044766, -1.382616841101094, -1.6713593302816598]",-2.83705285
2004-10-25,"[-0.07276828304974003, -0.4899751240089678, -0.08016691271137688, 0.7213848328453842]","[-0.005590528107756483, 0.02548285590921135, 0.06808820246654775, -0.12488563223050006]","[0.8083312875452932, 1.3268158152368712, 0.7585602825642592, 1.0051460134744254]","[-1.304981144805893, -2.116798160940702, -1.175927095381924, -1.759874237220587]","[-1.6478170150561025, -2.621834743103417, -1.4892913443430076, -2.273649037095631]",-2.84089199
2004-11-01,"[0.27349679552566286, 0.3732762634385267, 0.268101829841072, 0.5148826546712115]","[-0.061192982963230114, -0.13683305044613286, -0.10376889541435742, 0.0573357491927182]","[0.7852776750864786, 1.2715357086887995, 0.746062850491662, 0.9666977016935244]","[-1.3738010892496269, -2.2661866805317135, -1.3941638784897623, -1.4689391986746851]","[-1.7088623074289924, -2.7955818519628775, -1.6627835690968726, -1.9657558175277863]",-1.05909645
2004-11-08,"[-0.14508314881629403, 0.10540924037139021, 0.036283048522278705, -0.634536008376152]","[-0.06348527085872817, 0.05593905395058672, -0.14429382948887828, 0.17303473182875548]","[0.7957176539928187, 1.2638607906276385, 0.755815036305767, 0.9883345383112156]","[-1.3407855853482633, -1.997449408394238, -1.3624161320551713, -1.4712429289021212]","[-1.734566050572196, -2.618266435006797, -1.7166495993971307, -1.8194314046015034]",-2.51648308
2004-11-15,"[0.24492797966244595, 0.4387253449844586, 0.10650356045438514, 0.12951108736976025]","[0.0775747121686663, 0.10519450960026612, 0.06513016511792837, 0.32362067454661403]","[0.7719010370871436, 1.2248207068470995, 0.7540681354461354, 0.9622103340948749]","[-1.2546095098227492, -1.988246631104986, -1.2397192564739021, -1.2986682386929858]","[-1.5426162660861882, -2.4656914189748695, -1.4986629943319907, -1.6699790518534094]",-1.17663754
2004-11-22,"[0.4757825643078917, 0.9520360229745783, 0.3104097562532715, 1.5633257998867833]","[0.07531083264490378, 0.01897694952164226, 0.04131298192306523, -0.04382664248468208]","[0.7360781810539917, 1.208133649908514, 0.7032191273374988, 0.9517481875092288]","[-1.1190854761106517, -1.9289532891484116, -1.0694047668256175, -1.6522007783758752]","[-1.4172781313378409, -2.4299245299458327, -1.3730493268922834, -1.990852977130842]",-3.22414382
2004-11-30,"[0.05090172554345074, -0.20687783404165216, -0.45810531196952553, 0.17409683381472973]","[0.13945918929290754, 0.2231421051321068, 0.06402164721870426, -0.00048600208235890266]","[0.7722817248786978, 1.2466520648518105, 0.7428869577826677, 0.9876100909606887]","[-1.1056511890755745, -1.8329678953430661, -1.0895407155715446, -1.5461854208663266]","[-1.398094255166485, -2.305916232112467, -1.449504619384985, -1.9818099999630931]",-3.24829036
2004-12-07,"[-0.9354978845357742, -1.7282376239855957, -1.0146964129594593, -1.8659483822107248]","[0.09036570267032365, 0.12649481031917836, 0.13705037240095577, 0.40896067935456915]","[0.7432878700693076, 1.1962539087207602, 0.7164739009324781, 0.968111675907274]","[-1.1443164104082904, -1.9159970362579652, -1.015487766075405, -1.2028640265047326]","[-1.443744919385661, -2.4032471282040118, -1.3078602965795705, -1.6126449728621768]",-4.48280486
2004-12-14,"[0.3483523347878936, 0.48794230621940216, 0.3577795095083047, 0.6595172325498666]","[0.06019090056528237, 0.10789196627678675, 0.06788796414848738, 0.053916586800329486]","[0.7274786894199049, 1.1915825425916926, 0.6983457672919496, 0.9676626917870277]","[-1.1137193090600817, -1.8167569974091784, -1.0725245464573543, -1.5024572192789298]","[-1.388041798135675, -2.301204898744777, -1.3318651001095843, -1.9144091462219428]",-0.96408578
2004-12-21,"[0.7671078720719926, 1.217100921920533, 0.913408770469637, 1.1107017582096645]","[0.1432262401758553, 0.17832156905810695, 0.1451881721733138, 0.05727101129757492]","[0.7643960095883632, 1.2656031161978814, 0.7277233082891047, 0.99760570912131]","[-1.110712673000225, -1.8583797361463597, -1.0552600356670396, -1.5897687308863933]","[-1.4114520512423925, -2.3906598983654503, -1.357808888412354, -1.9426470561160967]",-1.71689778
2004-12-29,"[0.14840229079151612, 0.12502059516652508, -0.23381227381857883, 0.07744559259741379]","[-0.028994649505115076, -0.12372044316970184, -0.08899376969376778, 0.02673751829113934]","[0.7294900179265471, 1.18530028513475, 0.6996840715280389, 0.9614341707602222]","[-1.245380631714846, -2.0594075568604104, -1.2251460023261695, -1.5684974666451172]","[-1.5362245090024422, -2.5976910336487187, -1.5167489281380608, -2.007531389937608]",-1.69778402
2005-01-05,"[-0.6082322448086153, -0.6206948714234883, -0.3104322500661283, -1.9909129398358871]","[0.017019203269923268, -0.08911896464082149, -0.09169180958475591, -0.21307448359729841]","[0.7182587063652729, 1.1735372115197498, 0.682807433329907, 0.9713471158289863]","[-1.1677891312104682, -2.009479176291137, -1.251667796232396, -1.8292489968620527]","[-1.490274444850247, -2.5929231453063624, -1.5224557315698732, -2.179878361586223]",-4.87101919
2005-01-12,"[0.3294805429763237, 0.8355244961226305, 0.5814751436075127, 0.2633027362723972]","[0.037044548526860274, 0.11586482990559008, -0.011803000534708475, -0.11048430789281234]","[0.7459742099216911, 1.215388910482938, 0.7090045951914903, 1.0000915257817231]","[-1.176670981308234, -1.8712840696471205, -1.190578624389364, -1.754524136532992]","[-1.411940938743113, -2.325572737551297, -1.4093409115212492, -2.104782359543033]",-2.14254533
2005-01-20,"[-0.6108641860739006, -1.9355735152415399, -0.6520280822289948, -0.8850800005133941]","[0.10254052483614688, 0.16669560878957984, 0.054695267820882486, -0.1513394518576848]","[0.7054137281742314, 1.1722137666203438, 0.6624865794276621, 0.9708698157515829]","[-1.023664742059497, -1.7095754856297483, -0.9791191552498973, -1.657619984092088]","[-1.3174953310004227, -2.1763397349033395, -1.3176684870656918, -2.1171756734115665]",-3.34053604
2005-01-27,"[0.17048129864116746, -0.1346853633942935, -0.2975239681980213, 0.16333194661894979]","[0.05334207529875381, 0.10279643413139843, -0.09477765719960288, 0.06248741642423863]","[0.7028881860994097, 1.1581131402565532, 0.659588487561293, 0.9737097785079448]","[-1.0927923303965728, -1.748662396181072, -1.1637638804277897, -1.6027620186714808]","[-1.3582911625764362, -2.2352061770846605, -1.4224914458486972, -1.966567420307792]",-2.05984188
2005-02-03,"[-0.2602316577915431, -1.1399411184514818, -0.034831706129523354, -0.4158164466004699]","[0.11061859859121834, 0.1518379024171818, 0.06938669317008395, 0.0610045107160493]","[0.7261267442237647, 1.1874522272469892, 0.7038692972932694, 0.9960688458094278]","[-1.07086792161067, -1.768171318185708, -1.039950024350637, -1.5818189656282753]","[-1.4362572057255776, -2.3941073566352875, -1.4488741977942339, -2.0517061577062545]",-1.99434816
2005-02-10,"[0.35971848699158926, 0.10773377468851209, 0.7985576645486603, 0.2572905338404041]","[0.06860503643882478, 0.07888099884696875, 0.07618076104383321, 0.017031159580885396]","[0.691766611149613, 1.152685086661687, 0.6526593061680149, 0.9715535720425461]","[-1.0769051977349409, -1.7574728984005445, -1.016701270377239, -1.5637519401250377]","[-1.3603652974885907, -2.2490415914636372, -1.2683778631661975, -1.9298645605201576]",-2.92369999
2005-02-17,"[-0.7953083739380418, -1.3519624832019517, -0.7468613929997758, -0.8878170400061336]","[0.20534355079007433, 0.22824584692931366, 0.19722658166136625, 0.2255082503421802]","[0.7038879424308758, 1.187978828922519, 0.6688008168219374, 0.9781534148568971]","[-0.9025880226084149, -1.739527050566841, -0.9097835690796185, -1.4027646017716207]","[-1.2584430374161168, -2.2629302794679607, -1.1754897379366311, -1.858674249623056]",-1.71902289
2005-02-25,"[0.9847715581798866, 0.5596673768584637, 0.8597359601569821, 1.8772726427029873]","[0.01235070314323789, 0.02960883890741601, -0.006602562427425617, 0.11109574962914809]","[0.6788139981831833, 1.1260645404289438, 0.6506334081753264, 0.9729107011945882]","[-1.1344879442146962, -1.8705525417125342, -1.0566822277507288, -1.4911502555665597]","[-1.3661324744877839, -2.33573039370389, -1.3206692483536329, -1.861014239504049]",-3.92588001
2005-03-04,"[1.2379278941745397, 0.5879703699616101, 0.9876223703889409, 1.3881220371869674]","[0.1692449225555979, 0.1795600020514182, 0.15759853848821748, 0.10288777727969207]","[0.6656037031856179, 1.1423151006191061, 0.6433976658160241, 0.9660400957467766]","[-0.8924834841949091, -1.7602997433658671, -0.9091362896251486, -1.5075697322067603]","[-1.1493688835285252, -2.1950607743784807, -1.1181999406226795, -1.8686417691860544]",-4.47362863
2005-03-11,"[-0.7035329655631806, -0.9371180658906297, -0.7134947780262024, -0.1431523146982805]","[-0.13272088129157641, -0.15914709747230385, -0.1936604204872124, 0.021143580408515588]","[0.702060403559455, 1.1392061066283123, 0.6738454020612374, 0.9849361830962012]","[-1.2423388971449003, -2.0087917416979497, -1.2774544806013184, -1.5435595293272526]","[-1.6054078862425494, -2.5705265713087817, -1.5722944047405136, -1.9664116966918783]",-1.34897312
2005-03-18,"[-0.2974836096362843, -0.5463216079657052, 0.03124103294140923, -0.5113750313514132]","[0.05301551711748626, 0.09566162753000466, 0.0879880859703591, 0.12101144234144498]","[0.6975920238327573, 1.1255906847926016, 0.6705547359281682, 0.9663516757304395]","[-1.1477154884062224, -1.7454536247421535, -1.0533790242583227, -1.468580045002459]","[-1.4255508621038475, -2.1796004451656223, -1.3204503720326346, -1.9722038332548515]",-1.40932395
2005-03-28,"[0.1450318566736719, 0.19281859213737818, 0.4088235437819776, 0.09771556830173722]","[0.31284239483795384, 0.3035159912276114, 0.34676586992990255, 0.44847392952411747]","[0.6712133832735421, 1.095720631966767, 0.65184616221177, 0.9522796157105737]","[-0.7171684981196802, -1.4099138582145947, -0.69008030599848, -1.093875175338253]","[-1.0824525219973749, -1.924661154552719, -1.0218366571851332, -1.5098834788363376]",-1.07683057
2005-04-04,"[0.21269987984915417, 0.7156933239953922, 0.16172339365194688, 0.5549379559986356]","[0.24562441459171405, 0.2967947672400093, 0.33966542906541625, 0.26329112740332394]","[0.6640176870639501, 1.1013841975833891, 0.6531415303375291, 0.9232293073639198]","[-0.820588313051686, -1.4861554449243015, -0.7356191190322933, -1.1605096198661795]","[-1.1012760942473123, -1.8950227730453806, -0.9996016246299899, -1.5930432815365163]",-1.20367937
2005-04-11,"[0.07624361496070264, -0.4376546459230468, -0.12224067985169285, -0.4435794549701555]","[-0.11041331157219811, -0.2137420539754282, -0.21167184174211312, -0.15434437895546974]","[0.6877887185119821, 1.1218024672068667, 0.6682987823198607, 0.97830906202482]","[-1.263961566964511, -2.0379907474272794, -1.3055332777031579, -1.7935207752760252]","[-1.598504807945391, -2.5919708127603966, -1.6733739363849431, -2.2471864013710463]",-1.51462255
2005-04-18,"[0.3061600053515967, 0.028782227031154406, -0.1613174985706678, 0.5465959472812365]","[0.2396857684438319, 0.2317076558632365, 0.28315739832114045, 0.23237666958640463]","[0.706462560675277, 1.120504966236277, 0.6852892274127191, 0.9821314309884921]","[-0.9505250530345289, -1.5843680814694912, -0.8590836349510089, -1.3576473623095682]","[-1.194873324655781, -2.044360210098519, -1.1282170732957875, -1.7177281705052645]",-3.76725307
2005-04-25,"[0.6554345519414362, 0.8089484633212685, 0.8309749127798582, 1.1105382728525015]","[0.12642096545521533, 0.28349263556758064, 0.2829950355476804, 0.32073191236386195]","[0.679571184227507, 1.0694165694571152, 0.6551385859550171, 0.941017637057166]","[-0.9463796876201319, -1.5569945192048216, -0.7556634974047557, -1.1472769682016661]","[-1.2514502737258573, -1.8563852916956067, -1.0482530580604257, -1.5531575043686892]",-0.91452440
2005-05-02,"[0.5599773334005853, 0.3994457147530106, 0.5790447797613396, 1.076259414889691]","[0.05366670150679123, 0.04566608377355909, 0.14575884819709045, 0.2700000223892197]","[0.6979308200536483, 1.0915808972795327, 0.6768650270884161, 0.955769589498486]","[-1.0647322216299149, -1.7602503809330219, -0.9775552471750453, -1.2793159003285304]","[-1.3860699919364061, -2.252734205804639, -1.2139997741289037, -1.6879763148525373]",-1.09435077
2005-05-09,"[0.6215201367159473, 0.48138566481670253, 0.37568677102264303, 1.030443446718099]","[-0.03805572321269533, -0.12667437506511858, -0.19332761890659048, -0.2219003350480431]","[0.6839212785718981, 1.0694898934268378, 0.6776358885246422, 0.9570815616317022]","[-1.1818790277105917, -1.8740099068484684, -1.3638011815257916, -1.8689914508047345]","[-1.4410893904593411, -2.3599098129152676, -1.5913468730374136, -2.1666721236448265]",-1.63315305
2005-05-16,"[0.9203440303034327, 0.6710863482155105, 1.1001252990874733, 1.577002720256715]","[-0.10687338034090339, -0.27711543509551595, -0.1873402437841879, 0.01969612195395142]","[0.7004608398860521, 1.0650614223935004, 0.6959899649822681, 0.9639011518156163]","[-1.243779415030078, -2.029524716601747, -1.348658891609273, -1.5921645267613498]","[-1.5662193000928415, -2.475624058888859, -1.6449820821619345, -2.015587063307779]",-2.97280414
2005-05-23,"[0.5358367815882836, 0.5032654622166177, 0.4920061773493245, 0.897362750372821]","[0.0002189860898595406, -0.04121193784253588, -0.04003287096659267, 0.03298485254965061]","[0.6874074294909314, 1.057697681326477, 0.6688223728291793, 0.9909458981952703]","[-1.1120787767134366, -1.7512337638589845, -1.1420202838792568, -1.5178393751738222]","[-1.3926208312790507, -2.2396317072189946, -1.3934759776847006, -2.0027772391688505]",-1.00230802
2005-05-31,"[-0.6423610021371928, -0.3408184231136424, -0.7146074364252186, -0.4526397115539815]","[0.0329787389270248, 0.05577059538592117, -0.02000848005030833, 0.0687576529589007]","[0.6953265252099614, 1.0581063718509678, 0.6770498089576512, 0.9907575349365095]","[-1.064447670802433, -1.6850316455796241, -1.1375729583072187, -1.4957998199852447]","[-1.4445488186163533, -2.1255260401947784, -1.4819252700613514, -1.8530345718691013]",-1.58208011
2005-06-07,"[0.06662653915947558, -0.8432527529750544, 0.15312578627089124, 0.223432512745525]","[0.03591570815280885, 0.013299870905539832, -0.033443415307001866, -0.10077667067405606]","[0.6847435123500105, 1.034174526821003, 0.6764424223085497, 0.9639541099569447]","[-1.0760579134524348, -1.7039644066008153, -1.1814755127494916, -1.6052955778560736]","[-1.3553403920403633, -2.0880045352668337, -1.4512249973020532, -1.9650037524918331]",-2.33094656
2005-06-14,"[0.2070861250413003, -0.39836971120656983, 0.23740443808915046, 0.9411505930897235]","[0.1021395927720181, 0.14944001105103172, 0.10950709813506275, 0.9646137131124405]","[0.7105284524867291, 1.0423139951319758, 0.6981889572529418, 5.5215345455244345]","[-1.109037478714381, -1.5618245246058406, -1.0553529223413451, -8.220713011950973]","[-1.3403580145062333, -1.9712175978546425, -1.3251220913893125, -10.210596770466191]",-3.71643482
2005-06-21,"[0.11520699281417635, -0.052779480981524074, -0.0890244558146236, -0.2016801649047828]","[0.0603813788301351, 0.06671189109836528, 0.0817142052893058, 0.7039261076573351]","[0.6922989033872211, 1.0564674409071002, 0.673467911857258, 5.522434805486657]","[-1.0861765559928698, -1.6926566461504944, -1.0095145876346394, -8.639247296488167]","[-1.347682485905262, -2.104398720250788, -1.2475233010403197, -10.881659822742938]",-3.48701785
2005-06-28,"[0.8357373160121639, 0.9465582287389473, 1.1098618341291555, 2.0019606342926544]","[0.0649100626439611, 0.04775219244059997, 0.14962522810507883, 0.04189928281594616]","[0.700884986689604, 1.0713248483041709, 0.6963559834723247, 5.477436032271263]","[-1.081986688763871, -1.6874871095663808, -1.0090396547709004, -8.914247261548097]","[-1.395357382130986, -2.200938341238835, -1.3258281763223252, -11.092318889038909]",-4.04828459
2005-07-06,"[-0.8085836858132467, -0.48619571221530933, -0.9797360715385395, -0.7651051216357452]","[0.0842296803249847, 0.12642015470936196, 0.109249368710646, 1.1621019103361725]","[0.6877753243875855, 1.0246103099893342, 0.6690428086057486, 5.753552824992748]","[-1.023644038433057, -1.5677170101647246, -0.980796949649086, -7.844859341803898]","[-1.3183584701807072, -1.969137920684405, -1.2788894565138431, -10.597970744672716]",-4.86718024
2005-07-13,"[0.13900667452189097, 0.2346327347347632, 0.4128848693417453, -0.2831424372855551]","[0.08158346362067247, 0.11767782656490147, 0.08513792221060679, 0.14702714522423432]","[0.6748106093836969, 1.010042902191098, 0.6734350360983582, 5.648637851038993]","[-1.0199205431871605, -1.5335784435900905, -0.9910992702464715, -9.58543132881134]","[-1.3028943992498196, -1.9088628340414147, -1.2597517749874192, -11.759443646896239]",-3.65380274
2005-07-20,"[0.3408345326890938, 0.7121084878861872, 0.3992448020103012, 1.2744781274721007]","[-0.02133298115033363, -0.04451107239688321, -0.07921834228022358, -0.24770589999886347]","[0.6979919572659325, 1.01574686654078, 0.6895578033582339, 5.791635505550904]","[-1.214555915523027, -1.7449783930208722, -1.267216568183689, -10.01849251763312]","[-1.4686124760053982, -2.1179784161069257, -1.5071711524193185, -12.67925055239033]",-3.45591410
2005-07-27,"[0.37225386788231063, 0.758108256801826, 0.5403291660432075, 0.10325372282311562]","[0.0572960625921339, 0.02160510990420805, 0.08386275365836975, 0.09453534789974541]","[0.6728964094776588, 0.9967111666588914, 0.6761218847191591, 5.607792362953176]","[-1.0242097299803203, -1.627975484129386, -1.0400601513529075, -9.61871956844303]","[-1.3604131480993942, -2.0064438249896117, -1.3687351527293807, -11.66276465874985]",-3.50096343
2005-08-03,"[0.2568719046906587, -0.04999194678321217, 0.12954855415401312, -0.7732481070735986]","[-0.023937851176147003, -0.04163008808325807, -0.04450765960739355, -0.24221884186575846]","[0.6835269889990113, 0.9999650449600948, 0.669865059340068, 5.487681510333642]","[-1.1264825679704853, -1.700769044709227, -1.1909617093936822, -8.824769017240367]","[-1.5289353184592562, -2.1943319851361007, -1.4978804285376415, -11.46856856386392]",-3.27030821
2005-08-10,"[-0.02434730925715556, -0.8655762351940766, -0.20046795692927333, -0.19707747735715486]","[-0.017040200953708985, -0.020164235943920833, -0.04277250547755018, 0.7328324566387503]","[0.6706022132532758, 0.9951547950468203, 0.6602836376262454, 5.4286929580784316]","[-1.0992845217023262, -1.6240445010971916, -1.087789977661199, -8.161724810371874]","[-1.3441724328132352, -2.101520568578549, -1.3437102426739116, -10.294660407335382]",-4.37065777
2005-08-17,"[0.024580454741496283, 0.5908673180870849, 0.35377473877069576, -0.10732274085114568]","[0.06963054523405483, 0.013361843217565256, -0.006256332972014908, 0.5203158290394245]","[0.6843793432822524, 1.0269166976411261, 0.6690669188632565, 5.398971203074478]","[-1.0349760613099497, -1.7201608614665773, -1.1285307601948154, -8.498396698935252]","[-1.3098757213305103, -2.0957352590561737, -1.3224878416217691, -10.789717837034605]",-5.20963409
2005-08-24,"[-0.8875171864255016, -0.5956111588582225, -0.8085200103266743, -0.4429725004181151]","[0.06947723594553899, 0.06898892223185546, 0.06786764339551303, 0.6217231682809201]","[0.6789269169255432, 0.9839385170519834, 0.6739374975649631, 5.601692405408395]","[-0.9800834174209995, -1.512317506878281, -1.001795532331372, -8.810288630631957]","[-1.2669203225593852, -1.9211060217613962, -1.254641158237159, -11.283791137908306]",-4.33911175
2005-08-31,"[1.2560659027606391, 0.9279137932593606, 0.6583532709070639, 2.1405355975804063]","[0.016090608983708204, -0.03637594046523663, -0.03572410483598541, 0.2199723847900582]","[0.6651543807209364, 0.9783392243020607, 0.6491189266168464, 5.757494274016683]","[-1.0820678550297624, -1.614096668171871, -1.1129611827906831, -9.377571447513583]","[-1.377475100180475, -2.058266479533142, -1.379215516111132, -12.067129317297951]",-7.51421495
2005-09-08,"[-0.33140824341240105, -0.022844949419909, -0.35394581723160456, -0.7599952299433888]","[0.01130323015695819, 0.031055063478188955, -0.050624758325316696, 0.5484679619008441]","[0.7080960909380455, 1.0355449270303974, 0.7007090068585584, 5.591561823940797]","[-1.1758651414937817, -1.6743804874135866, -1.264464906255371, -8.289034056125017]","[-1.4860901095481716, -2.0725203000977537, -1.509691884337264, -10.898346212705356]",-3.31848100
2005-09-15,"[-0.04868900648329344, -0.05101435331242854, 0.13125314081463557, -0.12067539901687852]","[0.043971595727732696, 0.05575275649551984, 0.061502895730188634, 0.02492731240693]","[0.7007187135743423, 1.0068323080644739, 0.6864691244651699, 5.599869322366129]","[-1.0913105980877236, -1.5741130528133218, -1.0648992556347254, -8.69261159160308]","[-1.3378512850302533, -2.0479282270700514, -1.31767839353629, -11.025289066841214]",-3.12979600
2005-09-22,"[0.3549832162764055, 0.3630405748813459, 0.4232634250108447, 0.5252363017182127]","[0.00990425573844698, -0.07169206915259435, -0.07910095950344076, -0.36890779683370845]","[0.6899024701712385, 0.9831298391806558, 0.6768793515544685, 5.501911216323713]","[-1.145387998343489, -1.6610584127223145, -1.181415025837312, -9.483967483313112]","[-1.434426492890422, -2.0926306632659473, -1.48794920252366, -11.575143617889571]",-3.31287531
2005-09-29,"[0.8104081203072155, 1.3353693898094932, 0.7580269563973729, 1.33141528681886]","[-0.024988540995554236, -0.012546609866186895, -0.07889329322261794, 0.3696865273323054]","[0.6720031164554545, 0.9735761285400798, 0.65948526436384, 5.775343595604941]","[-1.1218546280396697, -1.5727642791889334, -1.1878941630425799, -8.896708579616188]","[-1.382524057808583, -2.012625412550295, -1.3890924604864625, -11.674484709303433]",-3.87721791
2005-10-06,"[-0.36006647155044647, -1.3245073619469139, -0.29373079184757955, -0.5033053477989213]","[-0.03370227660117956, -0.18371622576824498, -0.17613070702244912, -0.11413980130186906]","[0.7041370914268487, 0.9709604110344017, 0.6838465776816022, 5.716952655367717]","[-1.1631192557093772, -1.7259304205645287, -1.2715572102381658, -9.98480603094084]","[-1.497297740587991, -2.232550993742239, -1.627584491753333, -11.775133533214722]",-4.37476947
2005-10-13,"[-0.05958849751293016, 0.778455426425495, -0.0031360266232738354, 0.5507055763918522]","[-0.033658195740949845, -0.1295205593940526, -0.14150726038380015, 0.9441983722207097]","[0.6731314839592665, 0.9743839244660848, 0.6610598728861845, 5.735501476148714]","[-1.150553907469032, -1.774328108165088, -1.1566067174730534, -8.642944251869695]","[-1.4275575196720596, -2.1753782438018328, -1.4727011197385327, -10.798836790859566]",-4.83080470
2005-10-20,"[-1.777228383582674, -0.9457170731977271, -1.2856308968933305, -1.624003450673417]","[-0.05926914374006323, -0.05837813245673412, -0.017171665325748382, -0.624100864686502]","[0.6550238607790215, 0.9636871640379128, 0.6367871826396418, 5.400903105061521]","[-1.073111671702937, -1.6364180117026184, -1.0302030910300752, -9.118208567552598]","[-1.3594837697136193, -1.9713666548645725, -1.3081188577758471, -11.49692807058406]",-10.28682622
2005-10-27,"[-1.1031304338410486, -2.0302691133958106, -1.1181714310650293, -1.6426507984044214]","[0.04163607964583404, 0.014553396937388496, 0.009722864388048045, 0.6962925601461434]","[0.6968725676516014, 0.9727037523900158, 0.6683849010147282, 5.367047580467344]","[-1.1158075390332687, -1.6427119476945822, -1.0902933207843934, -7.724748082981741]","[-1.3889019123402435, -2.0389004240247695, -1.3701082012965764, -10.381566290559999]",-5.22552964
2005-11-03,"[0.4262436504744116, 1.4958342306297112, 0.4749572096686805, 0.07650839803954312]","[0.05219004006720751, 0.12489929088155192, 0.18585336842615632, 0.43154783229486154]","[0.6660115770474269, 0.9444628881013185, 0.6502183975006995, 5.529914993091574]","[-1.0318624089182213, -1.3510687026447938, -0.9137237880759782, -8.60503766927014]","[-1.2948204158701595, -1.7625961343111212, -1.1240368148844295, -10.765701316965135]",-4.67416401
2005-11-10,"[0.7731617216518494, 1.0921386182053183, 0.8863291098787585, 0.6858378304944068]","[0.07504403517486678, 0.11520151480334645, 0.09120634020360315, -0.06339332281693082]","[0.6543102970677781, 0.9394934870878112, 0.6407642167968508, 5.950474316999549]","[-0.991392714553893, -1.4334747081333794, -1.0128494582391112, -9.622781903784114]","[-1.261196598134133, -1.7787479598510894, -1.2460881627610425, -12.153858159220766]",-3.68124138
2005-11-17,"[0.9268818388334488, 1.3135199355770233, 0.4249592145059822, 1.6041970781671466]","[0.0032716508401227293, -0.0634612811612123, -0.031027037038431952, 0.420805710339172]","[0.6361995300846702, 0.892089711280561, 0.6301469880645827, 5.641799623565032]","[-1.069055442392855, -1.5551928233716756, -1.0730620958603119, -8.807327607251022]","[-1.2949444424721872, -1.908387841053293, -1.3152668149937252, -11.268420310440195]",-5.54866143
2005-11-25,"[0.07868565057069787, 0.21512578374904834, 0.1421687003983152, 0.0444074038328246]","[0.042681361377745294, 0.1901554921746266, 0.11419329206352483, 0.638636554646091]","[0.6361987595148254, 0.9073371624636368, 0.6183837181355181, 5.65650176641623]","[-0.9641109785711242, -1.3103857532775096, -0.9098486070936411, -8.41712996289284]","[-1.2591252059954237, -1.7264699058895987, -1.161983754759345, -11.260366626279286]",-2.72681734
2005-12-02,"[0.12620489705925664, 0.23779769715384091, -0.32180267438590704, 0.07337727040566122]","[-0.062127130726683626, -0.07638226337819921, -0.10576320729569032, -0.5745673247572236]","[0.6825238839809523, 0.9409440657552595, 0.6557219507177029, 5.747559175484972]","[-1.2189428083749867, -1.7063170323046826, -1.2180358901267758, -9.973822470434136]","[-1.4938345095576144, -2.089020948296782, -1.4645721233414872, -12.60716463974659]",-4.42128598
2005-12-09,"[0.2615460328739161, 0.3699079567879515, 0.2178911108055459, 0.4574175756090426]","[0.0507231752956611, 0.0629035804106728, 0.1247057489317288, 0.044231080313203]","[0.6497269876572175, 0.924138396802166, 0.6463995211558652, 5.845772108141254]","[-1.0208004938727975, -1.4358693212663294, -0.9468560371796511, -9.3596368732022]","[-1.2855713773676567, -1.8081011561269091, -1.2246745185747578, -11.889743517485165]",-2.93479078
2005-12-16,"[-0.322796181637397, -0.6925156812767952, -0.055890311942974336, -0.25230798931490384]","[0.03449075166189416, -0.05234805945530142, -0.09410433943165294, 1.033241724243858]","[0.6456835719364362, 0.9058056695806589, 0.6405850973374178, 5.524030739412688]","[-1.0352537713475152, -1.4542616979347012, -1.1611137070018116, -8.214261451905946]","[-1.292873830547803, -1.9038219677431645, -1.3961899252795302, -10.539295039557521]",-4.40473190
2005-12-23,"[0.055231294143887055, 0.014540427180431692, -0.0566847231565859, 0.4022250438469932]","[-0.011984315007745501, 0.036038794431557365, -0.033269291240285256, -0.3462935972062539]","[0.6478571623107642, 0.9354831030972082, 0.6323429728884274, 5.514984008837168]","[-1.0448848563685555, -1.5134672508433333, -1.0773938203994882, -9.224434939118082]","[-1.345552574387671, -1.8834002467422888, -1.3425668678028657, -11.588187727943192]",-2.79364223
2006-01-03,"[1.7436095127375317, 2.19784820309048, 1.2048440760946022, 1.713572656233442]","[0.07538313314390979, -0.03314387335164971, 0.009022970702303198, 1.0804818173733106]","[0.6473137361349848, 0.8891925388149402, 0.641641030653917, 5.40476811452992]","[-0.9622101139907995, -1.4816623207017465, -0.9864546868123895, -7.899356783668666]","[-1.2328942642225902, -1.83570607551179, -1.28587829582657, -9.72103470650286]",-7.65774176
2006-01-10,"[0.10086215323124037, 0.07229026928694537, -0.0029087137251693207, 0.6935560884014258]","[-0.0764310751153449, 0.021855307684297214, -0.12421214069946039, -0.870279766952475]","[0.6426769707792143, 0.9182426277767346, 0.6358291793767303, 5.786115267588708]","[-1.172806769687581, -1.468209062638014, -1.190738675374335, -10.824801585095491]","[-1.4610748660760746, -1.8610115227654935, -1.4659931239948174, -13.330439124884446]",-2.81532848
2006-01-18,"[-0.39821940697528646, -1.1540990071330803, -0.3812202269184439, 0.05812038320058832]","[0.08061587179572212, 0.07851986355589397, 0.10426712627339764, 0.4021602413966015]","[0.6421376538711635, 0.9147657674558032, 0.6344181245169649, 5.59205559932989]","[-0.9643902323818628, -1.4154375513763089, -0.9084353082571132, -8.73873780840599]","[-1.2365170830792007, -1.8368583032393662, -1.192199021372487, -11.23355314747754]",-3.89984120
2006-01-25,"[0.08685370670695747, -0.4353093771103822, -0.023149142493394947, 0.02849862229101774]","[0.03217428857608055, 0.03768526269617362, -0.028011726840042477, 0.4839009221555785]","[0.6555629996165335, 0.9279620352771024, 0.6546479631643054, 5.462611109261395]","[-1.0825628207892417, -1.486134200702991, -1.1295587765336468, -8.76104207985976]","[-1.2742569496113147, -1.7864221169360293, -1.3140950418896296, -10.947230145977564]",-3.36692302
2006-02-01,"[0.6956149139951684, 0.35650661644961446, 0.8166375037292894, 0.9383167649072988]","[0.012302677516272224, -0.1221715400205957, -0.13273184510288993, 0.28446411404865085]","[0.6462192184259988, 0.8972175932707794, 0.6393857543770788, 5.552267608776867]","[-1.0474884122891923, -1.5850633866505213, -1.1797114241255269, -9.004858296281713]","[-1.2899640149048508, -1.998879537664172, -1.425176542992884, -11.20646937620852]",-4.50613072
2006-02-08,"[0.9044384481400769, 1.1502221119835454, 1.0075833679559665, 0.6964771918664958]","[0.15005017176481303, 0.043081876657824814, 0.00029270864163606224, 1.0383127420021996]","[0.6499633702651819, 0.8845545763474666, 0.64356454717321, 5.685867093441813]","[-0.8881195437802516, -1.4384063750643343, -1.0178208240212878, -8.866543208654322]","[-1.1819237963581921, -1.799221639862299, -1.2957394173957888, -11.530314067889183]",-4.44024562
2006-02-15,"[0.35161100782863386, 0.6337652189710496, 0.2769015446700607, 0.6497416819417623]","[0.02352536118102373, 0.13464891228358278, 0.05938280073726792, 0.7582111507079556]","[0.6401968844542434, 0.8978910719303331, 0.6475937151016851, 5.5664600585679285]","[-1.0046023502059547, -1.3150314861909487, -0.9636861009322414, -8.278572090432304]","[-1.3299835143102685, -1.7389471277515471, -1.2944180900562565, -10.691717367557388]",-2.94526574
2006-02-23,"[-0.1470802509353497, -0.26691829579332804, -0.611989731810425, -0.2510748495100579]","[0.09192358288826188, 0.122565785337983, 0.05104874780178253, 1.026942129265982]","[0.6572452499419288, 0.8951006065416219, 0.6629821167410943, 5.337179188779356]","[-0.9864370732167277, -1.3104146541530117, -1.0354127417409609, -7.720728163153744]","[-1.2410975603881687, -1.7237584795589718, -1.2667863882701136, -10.554710437351481]",-4.80234716
2006-03-02,"[-0.007759396633222337, 0.07198563439763106, -0.25382004757918963, -0.2344007841740492]","[0.08148454642836732, 0.07742916998112707, 0.05887299173963528, 0.8100888810034123]","[0.6632306630633901, 0.914650445107124, 0.6498561877459739, 5.670787290812527]","[-1.0280594462713486, -1.471897490948615, -0.9950309553610907, -8.509605582849819]","[-1.31292163889485, -1.8484663489587438, -1.265753455759635, -10.957897605093972]",-3.33292913
2006-03-09,"[-0.672930590340659, -0.8600219240217477, -0.3044853457200958, -0.43882742872254354]","[0.04592594223712337, 0.030251078622178827, 0.018214760607681377, 0.9025254509445472]","[0.6348432538789573, 0.8569722157146804, 0.6422588954196922, 5.665804137743766]","[-1.0163365937856232, -1.3340444386324857, -0.9893234286877042, -8.677264562565856]","[-1.2482383246895123, -1.7706076384820801, -1.2748328421279322, -10.125037365087433]",-4.65043135
2006-03-16,"[0.20628805717564092, -0.842425542694869, 0.3870430084596421, 0.17797396493710593]","[-0.011293413280150193, 0.12001106867452306, -0.006370307899066986, -0.7031255992523316]","[0.629451977473555, 0.8604741113446377, 0.6085733212766833, 5.66037768476805]","[-1.0237981355205543, -1.3226160869711783, -0.9979151343193137, -9.84253034620642]","[-1.2748802750710366, -1.6440454959978337, -1.2404172781929312, -12.616909097949897]",-6.80240575
2006-03-23,"[-0.20726350601902865, -0.29165124638392825, -0.41739289369466803, 0.24646796682956662]","[-0.03460670904389895, -0.03678203479251447, 0.0016601556351202053, 0.5940971808967053]","[0.6437853869738474, 0.8913888561061856, 0.6423838967396054, 5.719659808187658]","[-1.033636067486688, -1.5020036249626278, -1.010799206313918, -8.67471527071254]","[-1.3285636796414304, -1.8294646815747324, -1.3036119213906074, -11.107271412217331]",-3.41239815
2006-03-30,"[-0.17707620475979624, 0.30969139606993323, -0.5812306122413347, -0.36208479492092494]","[-0.04179209571689196, -0.09619704331836151, -0.16361442116306757, -0.6243744254028629]","[0.6429299151376471, 0.8606800676514693, 0.6230170850974859, 5.422396671773886]","[-1.1292292942360191, -1.4861399523447993, -1.1917654514210687, -9.506820184789186]","[-1.354116008050172, -1.7837848040716024, -1.4316223963949812, -11.790977102991764]",-4.35531882
2006-04-06,"[-0.10696892014774306, 0.281261957621215, -0.2052881811382079, 0.1472257457471038]","[0.05224110420982997, 0.11586366309481504, -0.014579327057304688, 0.5026483938220369]","[0.6419283082845207, 0.8550226446854358, 0.6389985900175293, 5.5801677871253865]","[-1.0186348718519396, -1.2699045920758518, -1.1107948969582033, -8.53467661375884]","[-1.2994433614713563, -1.6362696319064969, -1.3881474077415208, -10.75311120958793]",-2.96869442
2006-04-13,"[-0.1319684088418427, 0.4046469442355871, 0.06898537221413648, 0.34179914838734504]","[-0.06876969064295779, -0.15101715326199375, -0.08539783115360837, 0.21495854228173614]","[0.6530725076534987, 0.8840617988339721, 0.6515245211929706, 5.489096688996461]","[-1.1273752968343562, -1.5288084279509622, -1.1401047821059556, -9.070101898061218]","[-1.426940519434323, -1.9578759839800164, -1.4140271113228613, -10.957653998773624]",-4.06673246
2006-04-21,"[0.01524806525798894, -1.1833932805502378, 0.04019860523563068, -0.2520316986050375]","[-0.03427747538276738, 0.006754022980719811, 0.008068033435854282, -0.29493819165948987]","[0.6407474775768253, 0.8936124152195692, 0.6425724602413467, 5.5383828045982]","[-1.1086529140821995, -1.4999924142841472, -1.0524155004306481, -9.563155284247635]","[-1.388468389659841, -1.93406268748568, -1.3111921035391845, -11.749115194207507]",-6.44692284
2006-04-28,"[0.3352457907501716, -0.9749014239975651, -0.13512474032815192, 0.7882940559521323]","[-0.006447783680726168, -0.027484128143923457, -0.08412675291858893, 0.6048427095537818]","[0.6169262546843899, 0.8502117376974355, 0.6179361142814463, 5.824532558779945]","[-1.005430257551031, -1.3853932771211985, -1.1171922524637854, -8.923456978918159]","[-1.2580763908164334, -1.7812520296711278, -1.3766682777244168, -11.334106916774518]",-7.96314942
2006-05-05,"[0.8792378257330036, 0.7858473580852454, 1.2067940691304457, 0.9539448281446816]","[0.015239477943846485, -0.017497194314849696, -0.053837432144588374, 0.044412517071658004]","[0.6189842193804228, 0.8506496409117557, 0.6160447200833691, 5.542155700258908]","[-1.021814132080926, -1.3559238241831117, -1.0813351319250137, -9.089350878310755]","[-1.251214699565953, -1.7440352215742587, -1.2982505909162885, -11.309183980204208]",-5.88762035
2006-05-12,"[-1.3144106148680557, -1.359281968217374, -1.0466117875795433, -2.052437810459651]","[0.2162708786035931, 0.12843041764039345, 0.22364894269909374, 1.8737662713148397]","[0.6260153795923252, 0.8434091198466683, 0.6232350521949636, 5.715740284063542]","[-0.8194183441713069, -1.2776465807813655, -0.785236245526589, -7.337710445594339]","[-1.0884878881222229, -1.6559936582787698, -1.0569805612025005, -9.662088248324578]",-5.98638080
2006-05-19,"[0.7027131198779735, 0.7652761650222217, 0.1416069962836275, 1.0219178412391727]","[0.10836991399801883, -0.056713775021525414, 0.0775532232369088, -0.5519309232286006]","[0.6274430072459414, 0.8493861279154528, 0.6305876439577035, 5.6687166738166574]","[-0.909575393672228, -1.4948381535385107, -0.9530805674077072, -10.100928020559946]","[-1.1371476294022036, -1.7573925440686065, -1.1774571064165222, -12.173175098391985]",-5.57322641
2006-05-26,"[0.50757296763555, 0.32980071152683976, 0.6008165764438189, 0.1379420874584092]","[0.06158213987407612, 0.40487948092208526, 0.1846652163092614, 0.14439531299667663]","[0.6292998455755612, 0.8506637336342142, 0.6287684265072571, 5.529795905668908]","[-0.9785241612376744, -0.9762495106386495, -0.8504110098378281, -9.031423126098883]","[-1.2900366449012237, -1.3918039207576347, -1.165873456536077, -11.531640407646869]",-3.71214042
2006-06-05,"[-1.4681012054755804, -2.1984351900151466, -1.7864229284262123, -3.0814172881179047]","[0.07007821815607142, 0.15036513947254415, 0.17522566395638306, -1.2154308371334628]","[0.6564646695202346, 0.86030493284904, 0.6515377330467088, 5.52217016766206]","[-1.0013817756122145, -1.3235425143173591, -0.9146699436452169, -10.447627167579292]","[-1.3107663472288997, -1.6774186752566302, -1.172001769281805, -13.151887018989115]",-8.89948361
2006-06-12,"[-1.090908642354016, -1.9854172084980526, -0.9162350522510465, -2.215911687740224]","[0.0459307190050202, 0.018427383211006607, 0.022737398548888503, 0.23994318640257933]","[0.624368491785691, 0.8467342964331186, 0.6312595313694465, 5.637403604268555]","[-0.9663690622899477, -1.3829525809699468, -1.007130454258064, -9.154152271674906]","[-1.2067182945646968, -1.7188636116821718, -1.2576129433063705, -11.44047487367238]",-5.82891192
2006-06-19,"[-0.7892561588122682, -0.8119309534312613, -0.6598422726344921, -1.7965882953340007]","[-0.05233538112679846, -0.19017411316456762, -0.06275140286989163, -0.6208864077986509]","[0.6398296390358036, 0.8427352351138334, 0.6213614418153348, 5.750836764267073]","[-1.1095857080978981, -1.5881768890189587, -1.1169444987976156, -9.91185037463295]","[-1.4102346735932185, -2.0201265180663333, -1.3789467640565354, -12.102690895617334]",-3.50165882
2006-06-26,"[0.41694613521388035, 0.2617216681541912, 0.5100270309588595, 1.3081520402081992]","[0.037023914110790715, 0.09303704491421551, 0.054572056677331865, 1.4865992349819783]","[0.6153240679235875, 0.8554064872186438, 0.6206362092440534, 5.412602055603733]","[-0.9757970749881542, -1.3152056344416851, -0.9500046583281706, -6.939503434633307]","[-1.2008146703465, -1.6372342062957188, -1.2279452445128711, -8.91506241987617]",-3.09255458
2006-07-03,"[0.4470130394966354, 0.591522000300948, 0.6953193479851905, 1.1187168143369064]","[-0.1104107009511599, -0.0825442971092935, -0.06249642669966632, -0.540244045217464]","[0.6861952198379817, 0.9299382172307051, 0.6852286884735082, 5.673074606276424]","[-1.2431733020885845, -1.6461561808941894, -1.243199425897536, -10.125084816225979]","[-1.5560213076491118, -2.027939663576488, -1.5006637830767615, -12.35802764042936]",-3.64410039
2006-07-11,"[0.4404656916678462, 0.7466084652039129, 0.28077410067410824, 0.7388302764113064]","[-0.08902876073662062, 0.09477038404958539, 0.05918362964638357, -0.031671980033796544]","[0.665600495223005, 0.8933099653566204, 0.651441957510211, 5.573849431842921]","[-1.175153501467032, -1.3478549281331842, -1.0283354182638478, -9.221208812888914]","[-1.444149751103141, -1.6539878945011675, -1.258413457992971, -11.826248208743857]",-3.73161153
2006-07-18,"[0.5094860700085135, 0.33245551179605926, 0.4814701355055462, 1.1271711045761634]","[0.03288981227154748, 0.0163403375642747, -0.032567093456350935, 0.33473215268936907]","[0.6485087545578232, 0.9127856053218014, 0.6432168953762968, 5.430531513702524]","[-1.0309939016321703, -1.5338666818549291, -1.0779727580486549, -8.405174284947623]","[-1.2795587100636139, -1.8339830889955508, -1.3462266241253877, -11.127962379244737]",-3.16858430
2006-07-25,"[0.35592689585577375, 0.5751275880876427, 0.47538587326982906, 0.6373590162969123]","[-0.08387867757129687, 0.031272788582922255, -0.05238248083969087, 0.5505223009414784]","[0.6640219235573648, 0.9097782036770631, 0.6681526914969312, 5.67416225745656]","[-1.2085990713955301, -1.4512388143555082, -1.1632891597948907, -8.800280172776931]","[-1.550973238896603, -1.9417951190358709, -1.4907771260202274, -10.993059060394971]",-3.09777490
2006-08-01,"[-0.49398584156143954, -1.6851983779822888, -0.5373873164703724, -1.3105466647563624]","[0.04152946995598257, 0.01991760282759602, 0.04836194462800941, -0.94880375682021]","[0.6822663381773834, 0.9239209853996814, 0.6779184489238902, 5.630199625479719]","[-1.088535837497041, -1.498766790957862, -1.0880952919487534, -10.46603457686782]","[-1.389121397108733, -1.9133062178728821, -1.3760265559731195, -13.085724181709663]",-5.70780752
2006-08-08,"[-0.422975958708971, -0.6284031862969108, -0.408969104460688, -1.3286520429172555]","[0.026048893760471783, -0.036619034061218504, 0.04117525759621975, 0.7686311497283296]","[0.696268977476882, 0.9274839078662603, 0.6922938712555208, 5.7183389754471845]","[-1.1304615457505904, -1.5562326704974963, -1.0740551366786986, -8.641931414248434]","[-1.380343095391813, -2.00498923482699, -1.3725326886904503, -10.994531317811633]",-3.02479396
2006-08-15,"[1.188713812213571, 2.4977908621250933, 1.1858695920487605, 2.218088562910747]","[0.11042257759005934, 0.03221096015417443, 0.025498764323376413, 0.5879621367585912]","[0.6817491566785949, 0.9457400905342168, 0.6804137229737963, 5.724960572789659]","[-1.023245153944797, -1.4401292913308223, -1.0697562316234879, -9.071484728212516]","[-1.2763235662237573, -1.8909532674051, -1.3495003071711988, -12.14352863038897]",-7.31326304
2006-08-22,"[-0.007649640887841258, 0.026031731930409308, -0.04593366054219672, 0.19396027847120578]","[-0.06838313800263139, -0.1432785322549929, -0.045003346936577225, 0.33491596679508445]","[0.6902740493259534, 0.924536891007361, 0.6772859360651535, 5.684771949790418]","[-1.1639208955591798, -1.6693194563760445, -1.1265403577054716, -9.077845770716658]","[-1.5074156576823763, -2.077869490045216, -1.4374513777641513, -11.286562280573543]",-2.83203278
2006-08-29,"[0.1149652561315051, 0.31027453265934923, 0.157826274277717, 1.2382952063378028]","[-0.02371328246235239, -0.019126774266776777, -0.026901055134073485, -0.46413955441100385]","[0.6467021958513361, 0.8895044792162523, 0.6540586713991734, 5.4936823499723095]","[-1.0371127160649227, -1.471086905876277, -1.1119518536513113, -9.373472375736993]","[-1.3643483054421872, -1.8061235057920737, -1.364489995034619, -12.081344423286104]",-2.82627605
2006-09-06,"[-0.8848356824546322, -2.022253408104646, -0.5515098132130802, -1.9045668379643388]","[0.06893296662091668, 0.022466839684230806, -0.014506988513674442, 0.7074402717010656]","[0.688337560579199, 0.9017964844269422, 0.6818180386627515, 5.75658675816103]","[-1.0356042097622609, -1.4301469800898163, -1.0916998346823839, -8.794366985917843]","[-1.3593126766680064, -1.8671031643770015, -1.4354429686882588, -11.365449612093155]",-7.59932873
2006-09-13,"[0.4016605334804524, 0.7032326443614068, 0.3926023442225812, 0.6441843025698724]","[0.05829364737495253, 0.10751021963961897, 0.0410285692025671, -0.37724519989720323]","[0.6846837038387426, 0.9278951465730515, 0.6782487500393648, 5.341007290792665]","[-1.0732231416118616, -1.3815028258183273, -1.114896644693928, -9.50437792982167]","[-1.3438101952356385, -1.7836134236317835, -1.3615906922469503, -11.600875215897236]",-2.88974113
2006-09-20,"[0.5296235114452763, 1.4448935967756427, 0.6243424095005778, 1.2986484355758776]","[-0.07130725303026822, -0.05713460132185798, -0.05720283849621194, 0.27535987584622584]","[0.6910948127046271, 0.9386501275871099, 0.6836011457938996, 5.693724372466987]","[-1.2309516858616838, -1.6595226769651763, -1.1338737844361912, -9.433624293967522]","[-1.5423783392109027, -2.044038680258211, -1.4931269315750193, -11.599312925033816]",-4.55735095
2006-09-27,"[0.11971334939193667, -0.12267693453891226, 0.1699637774013496, 0.4291305809131174]","[-0.0739267630717264, -0.005859235886256456, 0.014815987378407058, -0.8866453457491483]","[0.7072284121564095, 0.9369993406590389, 0.7068004786451471, 5.577912849193222]","[-1.1969155485749223, -1.5570131257927273, -1.0959695271354861, -9.924089900109433]","[-1.549529399579611, -1.972055665284455, -1.4296018159608732, -12.281440637438438]",-3.13339677
2006-10-04,"[1.1629744511478357, 2.4262726718090377, 1.045652587624879, 1.9984296613617225]","[0.0044704577753050265, -0.07697974838714837, -0.0669941082846947, 1.3503144623268508]","[0.6636056485838915, 0.9260174336036884, 0.6665632714642202, 5.5618711696360945]","[-1.1097201808742891, -1.623355018358142, -1.1890754291134227, -8.024598694411873]","[-1.398668749230201, -2.0245445893201675, -1.4794169711614165, -9.9771226313184]",-7.19030879
2006-10-11,"[-0.11835850943802129, -0.19245978350870274, -0.1268165767326579, -0.622808974858291]","[0.04984527699797575, 0.002229205592566097, 0.03737987879826181, 0.0060339480891940175]","[0.639655263965126, 0.8912598097461879, 0.6428525018052407, 5.846493963609956]","[-1.0304623971151572, -1.4731421821776032, -1.0267639698097748, -9.360856781670103]","[-1.2888603009248945, -1.872947662110195, -1.3222856511925147, -11.892571379450827]",-2.77499221
2006-10-18,"[0.1318754621621565, -0.47729926343995643, 0.35635284716946103, -0.20669313400354383]","[-0.042104609761690504, -0.05179509185216913, 0.001308172379366706, 0.5241875762638957]","[0.6450022019398295, 0.8872563719852647, 0.6395957891497461, 5.481827242134226]","[-1.0364696735168575, -1.5400381653336506, -0.9886860452829501, -8.476158772741982]","[-1.4294519753064276, -1.9912578001049703, -1.3973619329164233, -10.748249128349439]",-4.23776748
2006-10-25,"[0.34031532693008515, 0.709573915085393, 0.05605179577194974, 0.4131198981461637]","[-0.07755232582710848, -0.1293242083463384, 0.05936255471702965, 0.005250683808972563]","[0.6557374876845216, 0.907408319205569, 0.6678863194994998, 5.548842038665048]","[-1.110689569268405, -1.5838238377566847, -1.0445668048555972, -9.477239030047906]","[-1.3741251513650017, -1.967791056764833, -1.3020064337541515, -11.598222524466433]",-4.85998409
2006-11-01,"[-0.6772000847125703, -1.3715498846234908, -0.41233896696510897, -1.6139893840310116]","[0.12653334744384792, 0.0692065675524137, 0.09425304877633765, -0.33976797980245005]","[0.6270759939614983, 0.8994198627134764, 0.630146833327417, 5.74764392693892]","[-0.91417998656843, -1.4133365750033209, -0.9438574998554387, -9.868043104682599]","[-1.1794255494533332, -1.79568390282155, -1.1795914060562382, -12.275631160858577]",-4.78831536
2006-11-08,"[0.21614779179612853, 0.46584781270668785, 0.16249745518930325, 1.0174647507620094]","[-0.05411896225342252, -0.08092571909152729, -0.05344229662373632, -0.2186325222457584]","[0.6478768442737998, 0.9402265618525515, 0.6405115355115746, 5.651089596077653]","[-1.1383243009102204, -1.5955371657782342, -1.1691701138506698, -9.144592959228998]","[-1.415098301935056, -2.0303135074953427, -1.4040043215501448, -11.4908084368998]",-2.85776478
2006-11-15,"[0.2860981540579566, 0.4088923722288307, 0.27544427629138113, 0.7372116819890806]","[0.03591353516980523, 0.037585047506323105, 0.057239452936065874, -0.6557139901573684]","[0.6363492979880898, 0.8743409145790473, 0.6365905777105131, 5.476889528367367]","[-1.0002626329606212, -1.4182768650077826, -0.9909767763770707, -9.933792631978744]","[-1.240122055723367, -1.771211858360909, -1.2379342779233353, -12.284016845268502]",-2.74393412
2006-11-22,"[0.19890302742515686, 0.6279743295285023, 0.043494666089927136, 0.024889752725876235]","[0.08176748254819696, 0.13667401229538967, 0.08620076590719374, -0.0011928128709581536]","[0.6162131155433814, 0.8818447597433994, 0.6210877192842487, 5.631900744796309]","[-0.9146308170695456, -1.2900750793408338, -0.8972061864225866, -9.654283799226297]","[-1.1199370476334274, -1.6363224876483757, -1.111303333876365, -11.766150548484566]",-3.21390678
2006-11-30,"[0.042707009407827456, -0.06807584291577129, -0.039272500189646564, 0.0502105687961496]","[-0.06575643991760706, 0.12779071327436275, 0.04407778619627538, 0.2270366965071449]","[0.6297734069202446, 0.8943224717858628, 0.622876830255179, 5.6040392844928135]","[-1.101406342972984, -1.3649958365319967, -1.0144416515343193, -9.022102109777697]","[-1.3701116002912344, -1.7554474893778056, -1.2828047983053668, -11.611966295408635]",-3.15643839
2006-12-07,"[-0.4382804440332677, -1.2732692235659648, -0.2508560466649712, -0.5604317659964941]","[0.007699359564005746, 0.01962508021698435, 0.013089750716626882, 0.4153475746414167]","[0.6137151546980172, 0.8812244248229573, 0.6132675932999236, 5.510302492464896]","[-1.0777205353668629, -1.4407825061945216, -1.0491039443823884, -8.959729832519278]","[-1.2840132720499242, -1.7873038605613394, -1.256602690596729, -10.694198994310705]",-4.55612096
2006-12-14,"[0.8772146916117052, 1.1104876107900452, 0.8026141364489092, 0.6085150190907385]","[0.062073371888712835, 0.10730816957508531, 0.03719874743377891, 1.0293423118163374]","[0.6332009242190073, 0.9167517300822856, 0.6260030212387029, 5.719961157347546]","[-1.0149954402723538, -1.410173937022001, -0.9850139271204656, -8.362149338623176]","[-1.2653733123817146, -1.7769661986342766, -1.2362822861305833, -10.74015854673301]",-3.46783606
2006-12-21,"[-0.36651659314914653, -0.712119094565189, -0.3425351495241813, -0.4023840444883575]","[-0.03498111796244379, -0.09034382341936847, -0.0495642273851986, 1.1946802124428852]","[0.6090525534126776, 0.8762917845186372, 0.596263576965022, 5.558483161871135]","[-1.0732963931038964, -1.6027618624104123, -1.0493484271186415, -7.40186772056979]","[-1.3824508949226626, -2.030017454099436, -1.344921860693474, -9.945176579684802]",-2.81287799
2006-12-29,"[-0.4157335498565118, 0.09269420982898069, -0.3073874428558554, -0.9576629074003584]","[-0.05506926556242223, -0.1836426110206565, -0.0781913941358672, 0.6147632500848743]","[0.6054740257098313, 0.8840024233176734, 0.6104636097236558, 5.441273344968714]","[-1.0358507967880937, -1.5778347664005061, -1.068447840168164, -8.516137163300018]","[-1.2456208883296793, -1.9581703026963282, -1.302486265275401, -10.590427013184557]",-4.09874739
2007-01-09,"[-0.08506921591653338, 0.5001360554876655, -0.05547967203209936, 0.45617640278576843]","[0.18825207868765997, 0.27860631305637856, 0.25778105654954225, 0.09121476292959282]","[0.625763469320608, 0.912829721987135, 0.6172260768572687, 5.464995117880398]","[-0.8245992321162198, -1.2268723722102255, -0.7628280118343287, -9.088509907766294]","[-1.1426725137729954, -1.636950475575114, -1.0831599582010407, -10.937247914046143]",-3.53258320
2007-01-17,"[0.041981318303641046, -0.8205542293897139, -0.04323892092301662, -0.4752359762742131]","[-0.07783857517464983, -0.13292013990605261, -0.1009015955697, -0.2644742954448734]","[0.6215053264183863, 0.8937032733658183, 0.5936483422454407, 1.0175181895117296]","[-1.0777162110206957, -1.644691036743366, -1.0703618301867224, -1.9180062055049574]","[-1.379013912640635, -2.0056526078474666, -1.353369209658917, -2.3833524146303025]",-1.69737674
2007-01-24,"[0.802131475109924, 1.6386028560328114, 0.6994082109859079, 1.0743470453299153]","[-0.0033220612422565575, 0.06912666835361045, 0.018019732811460513, 0.09082671042434343]","[0.5936425385375698, 0.8669071560546434, 0.5848713144427579, 0.9588340021068273]","[-1.0002289863631062, -1.3173513123329725, -0.9551834391326308, -1.4491033053842612]","[-1.2452787631692246, -1.6694263578976563, -1.224888398363512, -1.873481498068344]",-2.14523619
2007-01-31,"[0.6700780228261038, 1.0033594641939203, 0.7825118473482107, -0.2951541250060252]","[-0.03321370241647147, -0.12375808595221345, -0.020106661834706434, 0.032063875006771825]","[0.582753292050362, 0.8705525812947577, 0.5596791219241802, 0.9622508608459577]","[-0.9858231919426037, -1.554064054382226, -0.9122894921939839, -1.5302484779082315]","[-1.2260691739622334, -1.9318822127091047, -1.1419820749323306, -1.8755962364387955]",-6.01092860
2007-02-07,"[0.22063828487022263, 0.9263786641557914, 0.004425026836152313, 1.1115478163144843]","[0.03971729588851439, 0.043769059835744285, 0.026296818134113373, 0.05526235012359523]","[0.5932400916970999, 0.8517872380558769, 0.5682830606134319, 0.9748185953131956]","[-0.939105782136262, -1.417442261373699, -0.9327565063858531, -1.5250677914161495]","[-1.1600017534385227, -1.753699661736199, -1.1222278855044505, -1.8770859007353664]",-2.48549161
2007-02-14,"[0.6546150919561455, 1.6731213093053476, 0.6852158444502265, 0.0]","[-0.023128030715784946, -0.07002723704821605, 0.05654446789553446, -0.019918087516985653]","[0.6248429153166564, 0.8945818008670052, 0.5972287319009951, 0.9946588160695846]","[-1.0589574187983604, -1.5215889714255395, -0.933095963946667, -1.6080224033404609]","[-1.307236862076195, -1.960195423736532, -1.1792080485469458, -2.0084573663018825]",-5.87541368
2007-02-22,"[-0.07539728214753794, 0.5076582892044712, -0.41212939501971135, 0.27505204032900465]","[0.04730073977683149, 0.040813471738668367, 0.03977941650853558, 0.10903955665441513]","[0.6188761363793157, 0.898762323646939, 0.598541553071723, 1.0021722500526995]","[-0.9127870505147847, -1.4480749281710625, -0.9258307024840002, -1.5330024837890126]","[-1.2478158425159005, -1.8132464328026803, -1.1995832242748097, -1.9637716729495995]",-2.52691086
2007-03-01,"[-0.2984825966261262, -0.46262087475055225, -0.27988544086170464, -0.5366666815538323]","[0.3803562637695539, 0.6587950943489533, 0.4588400185728302, 0.9490195928037689]","[0.6354195770784504, 0.925001895636158, 0.5973169410216842, 0.9982935591838792]","[-0.7237447149186096, -0.8726920827299686, -0.5723404110230855, -0.6741801588555999]","[-0.9825797473888808, -1.2585973445798015, -0.8332649078579099, -1.119230884508597]",-1.65736725
2007-03-08,"[0.8419420040267411, 0.6771798977553978, 0.5582117322813218, 0.963895656670033]","[-0.2482734962669139, -0.35714988473620807, -0.16954271519530795, -0.42528418755281355]","[0.6331147663076528, 0.9239111908811807, 0.5948423479285738, 1.0217880467483182]","[-1.240101555568927, -1.9077887028672629, -1.0822330116653838, -2.003195216025007]","[-1.5498156920840356, -2.2794295863402856, -1.3618769395914094, -2.503767878483472]",-2.40666527
2007-03-15,"[0.1362818416120959, -0.23287218080598748, 0.21635222987406166, 1.1494876049410685]","[0.261243163590865, 0.576371470462585, 0.24737043382348983, 0.6084944842304826]","[0.6147856663863543, 0.8830830755639162, 0.5811478692438754, 0.9712992055250429]","[-0.7901227397942286, -0.9209039398467992, -0.719921398327555, -0.9929576947522079]","[-1.0606176353793064, -1.273020350440166, -0.9903977383261139, -1.3982097403377451]",-3.75770576
2007-03-22,"[-0.07675936317710352, -0.36084813431545015, 0.10936037385835817, -0.21970826953898737]","[-0.04401245050630696, 0.09513936536082099, 0.07507278053769803, 0.010205386447503793]","[0.6545909207161597, 0.9398384278805143, 0.6309997824332217, 1.042276836722717]","[-1.101507989853189, -1.471644156264978, -0.9389309585415515, -1.7080459730117816]","[-1.4053386786856765, -1.7907279316147386, -1.2314791857477037, -2.1363696345326537]",-0.62551478
2007-03-29,"[0.10572324704156699, 0.11480260464136194, 0.39262806144275686, 0.397433371736966]","[0.1340801106843639, 0.2137166241693283, 0.11536182693937332, 0.3190946555744506]","[0.6790243660674466, 0.9434986239261673, 0.6277306418368044, 1.0389202452474486]","[-0.9744827876677761, -1.3274556790511192, -0.91700696768402, -1.2746112563608911]","[-1.210042520699407, -1.691025718049859, -1.1439944990761666, -1.79757127361868]",-1.26142180
2007-04-05,"[0.27080248939821416, 0.49498044175546596, 0.24033570420947115, 0.0]","[-0.045761365468356824, -0.17348472135063184, -0.026642831003706582, -0.21225958851274912]","[0.650010113785708, 0.9163055101747314, 0.6202287395467821, 0.9997898346153794]","[-1.1252047386782376, -1.6487673040796087, -1.1142052016122577, -1.8068713478811955]","[-1.3457653218909942, -2.043109739905243, -1.291551036965231, -2.1783374694886675]",-0.62111764
2007-04-13,"[0.4552283322180273, 0.20177793978657377, 0.47025470026209604, 0.5960672400181721]","[0.0849547503748565, 0.2311373236191758, 0.05355543642411382, 0.19472318877233838]","[0.6337207198685173, 0.9041175618498893, 0.6112422412052894, 1.0173293959185252]","[-0.9562749295588802, -1.2590228206736185, -0.9523183220729495, -1.4946703467090443]","[-1.243734165126661, -1.6556805169294122, -1.2302600521741232, -1.9243996968999317]",-0.99817142
2007-04-20,"[0.9396957363414948, 0.5521894727322341, 1.1901340921941284, 1.1701506377495008]","[0.11438625906286806, 0.1367465216665964, 0.08266769050519007, 0.164092318991059]","[0.6374051286554138, 0.9321803348945749, 0.6162426682535265, 1.0091152009345163]","[-0.9250830636514151, -1.4089109418613006, -0.8950764807669345, -1.4105652820137313]","[-1.190336376064097, -1.8110798107993886, -1.1675975241926617, -1.927122360030363]",-3.67981631
2007-04-27,"[-0.08018007537184957, 0.04296850116078943, 0.11774683524290452, -0.45458785496483856]","[0.11148750846089807, 0.13142105043345154, 0.11342026879503746, 0.0849279420478978]","[0.6520223154159188, 0.9396641374115858, 0.6238338169290504, 1.0192570760721182]","[-0.9791454211833363, -1.453056346906044, -0.9190456349727694, -1.6347225910672019]","[-1.2699030726266933, -1.8584217228518665, -1.1850919859152271, -2.021483861292475]",-0.78831946
2007-05-04,"[0.37839146323097594, 0.08584488126084366, 0.17535807707975692, 0.5278269282835701]","[-0.09750771248647194, -0.12485453369194562, -0.00775883290006578, -0.14137372361221737]","[0.6876903349518131, 0.9737199180184871, 0.6502088318385789, 1.0791409437305068]","[-1.1958317284845519, -1.6980847409704367, -1.0512576715347217, -1.8193395661411074]","[-1.4723447219144463, -2.051693416994389, -1.285351631698072, -2.256334108232373]",-1.31581957
2007-05-11,"[0.8520882678943131, 1.2692631216738803, 0.8371122825181487, 1.184150123934824]","[0.14391081140840015, 0.07421479616417222, 0.11621250914167637, 0.1749351320844322]","[0.6602514762853766, 0.9296313580615725, 0.6425679264500642, 1.018669923099753]","[-0.9542977120219914, -1.401522361058988, -0.9473975277792257, -1.5625437211704296]","[-1.2078113578488188, -1.847842497545912, -1.2184862829135086, -1.993234740406696]",-1.03920282
2007-05-18,"[0.8686420207324019, 0.8168969176160168, 0.590464201541252, 0.7051579105178618]","[-0.00018145620182354573, -0.11230055627500726, 0.038584390543060294, -0.17964697405394647]","[0.6354348769607423, 0.9106656348639929, 0.6077228716564276, 0.9741490036173058]","[-1.0273676887901746, -1.6438458053706642, -1.0122634691111725, -1.8040529143690582]","[-1.3457033254508586, -1.9663643471164816, -1.2553140357076804, -2.214645391313778]",-1.78433950
2007-05-25,"[0.41615915472510423, 0.6262112197449099, 0.49094200640649177, 0.7003891975726262]","[0.049885552930478055, 0.005845016204674226, 0.03333721560493775, 0.04821951127878787]","[0.6373987446105789, 0.956592913848432, 0.6129282023814178, 0.9948189057745814]","[-0.9751540765287845, -1.5340858025974131, -0.9417667043720463, -1.5422422030982135]","[-1.2859704330764214, -1.9417242455747767, -1.1823864388530911, -2.059036351997806]",-0.44182856
2007-06-04,"[0.013031002510821565, 0.29466195228531333, 0.06004806124337847, 0.011722789534918121]","[0.07857874408594417, 0.14816382938963238, 0.13063609712777682, 0.1808925246676233]","[0.6301043665621405, 0.9200493890238115, 0.5949513712356402, 0.9973629710893614]","[-1.0249679213841563, -1.4056202227606096, -0.866303553665759, -1.5876125096862053]","[-1.2563221465289631, -1.7470119325945257, -1.1270010446108463, -1.9384919830181073]",-0.26313628
2007-06-11,"[0.17196685449647475, -0.1919426649437561, 0.004248892495084533, -0.2758157423446761]","[0.2002077235187474, 0.32160947591394695, 0.21199168472336666, 0.39223800815755483]","[0.6508134695460888, 0.9348417164988857, 0.6152320527074058, 0.9901381564379077]","[-0.8660137927561659, -1.2725753383417704, -0.7719365485215645, -1.249147471134865]","[-1.1175425348122396, -1.5953365958540595, -1.031232799547619, -1.628665126219916]",-1.51843568
2007-06-18,"[-0.11762257409086985, 0.08372987217883932, -0.19447791047042529, -0.71930958380646]","[-0.0015395190169075566, 0.011444826799796557, 0.010504294490424582, -0.031902969758955825]","[0.6526929503417774, 0.9292444795513778, 0.6186026025947394, 1.0116899735300822]","[-1.0615772976634172, -1.545853294119504, -1.0056863148095705, -1.718851343077368]","[-1.322992334973037, -1.8967047598644096, -1.2402606833739014, -2.1124950256582773]",-1.33100280
2007-06-25,"[-0.4794086606043635, -0.423722170535612, -0.061469789632084826, -0.35123266781527107]","[0.05957537865049214, 0.1762864142637834, 0.09499266100364122, 0.28376570296216724]","[0.6377689163485365, 0.8982106424919598, 0.6131472924035755, 0.9800847006975812]","[-0.980826700845394, -1.2741092672513539, -0.8790619546013528, -1.388614597827215]","[-1.226964399495004, -1.6763747394375728, -1.112327148876876, -1.745511545249696]",-1.75804003
2007-07-02,"[0.9000018704999668, 0.8576088466222487, 0.9412878705434835, 1.158883284909873]","[0.08428808995618085, 0.08916354304078616, 0.09860477795799893, 0.16673232737254368]","[0.6683883588506296, 0.9428130155509492, 0.6324415859296839, 1.044462873697063]","[-1.0328110364828675, -1.484043651380045, -0.9626255295035985, -1.5994708563219138]","[-1.3051400214753932, -1.7909454347915246, -1.2129292780653864, -1.9254549724856929]",-1.16537307
2007-07-10,"[-1.36880620079749, -0.8422079422692796, -1.0921683593030806, -1.8561401366545383]","[0.06376115891119116, 0.052291318226607465, 0.07043995074649471, -0.010958294984707038]","[0.6451713147934146, 0.9056303336100463, 0.6073896957936025, 0.9883560945956984]","[-0.9851307323065818, -1.38741110912389, -0.9077065478312288, -1.6886568103084867]","[-1.2883957970022188, -1.809075947949531, -1.1773326512996483, -2.0918545534990525]",-4.32125227
2007-07-17,"[-0.051665406797329894, 0.7594283638037602, 0.14733123037018458, 0.03607160323557679]","[0.12907120158431976, 0.11705104945668467, 0.18297774251932564, -0.030111968192866753]","[0.6756253850510469, 0.9429098431380951, 0.6397236403144254, 1.0320960653803877]","[-1.020671124882261, -1.4657264651474065, -0.8635688951596713, -1.7866466397500673]","[-1.2920596470226096, -1.883548654111408, -1.1687682750856088, -2.1828603051527113]",-1.98039154
2007-07-24,"[-1.7493340767146037, -1.4889465930618684, -1.6375396271328668, -2.903115799203615]","[0.22536977806536118, 0.4158828708989052, 0.27589361018418745, 0.2890075859614686]","[0.6471289435542329, 0.9259460324939683, 0.6126037469013315, 1.0050305310387115]","[-0.8650252100857148, -1.1019907901269577, -0.6941135393971817, -1.4108698104294592]","[-1.116777671586522, -1.4345080565295052, -1.0211148923862607, -1.7904528969191498]",-7.02754787
2007-07-31,"[-1.1327111948390645, -2.123324480480715, -1.101386737883736, -1.377513926926266]","[0.1192084827395176, 0.38260562963643613, 0.20681365679718344, 0.636592237837884]","[0.6926419898313304, 0.9497687417964917, 0.6563188220574874, 1.0395450566405997]","[-0.9770922584014772, -1.0805038725880944, -0.8551617433489418, -1.0860219842518217]","[-1.3575262054591386, -1.6304014974159455, -1.1866087007552009, -1.553966688740391]",-4.33987294
2007-08-07,"[1.0613097578917596, 0.7062473111875356, 0.26337014830861705, 0.6893362811271508]","[0.22753397968805134, 0.6450387279474835, 0.2174331535708327, 0.2469730293496253]","[0.6954149880990149, 0.9339004539506939, 0.6616966108889762, 1.0471309431212898]","[-0.8727566709805646, -0.904463043472612, -0.8312693913918466, -1.474018749221318]","[-1.2343820806367318, -1.2544356067827396, -1.154469019572961, -1.927046874548804]",-7.51229179
2007-08-14,"[-1.540384838407327, -1.716291233114564, -1.5808959853286453, -2.2176942913743503]","[0.057018089657308514, -0.41893580610103665, 0.01937169955209066, 0.003990318775122517]","[0.7016587453818082, 0.9400270099325092, 0.657281932304794, 1.0493426661614633]","[-1.048904192327204, -1.9206383911292633, -1.0151524811146804, -1.763861096129485]","[-1.3820314537871872, -2.3357050081015474, -1.3511585321781536, -2.1907835640041595]",-4.15079812
2007-08-21,"[0.20025985843696859, 1.0475533225271505, -0.2326336753004199, 0.33967876228873095]","[-0.028540007409732695, -0.13348988113048682, 0.017912991667150793, -0.31202877155811015]","[0.7444403212965175, 0.9688014936273827, 0.7063841281272861, 1.1035324597879277]","[-1.2647514431387075, -1.7488965042554359, -1.1630549999053235, -2.0604382378005464]","[-1.5609550853142813, -2.081477781851266, -1.4291785423064303, -2.495703367253144]",-4.88930703
2007-08-28,"[-2.2225541947330285, -2.409752655883235, -2.126316780072557, -2.807775836444648]","[0.04471077428927489, -0.04814795302123784, 0.0592112669899056, -0.15624996504419753]","[0.7361254492244209, 0.9636494397053992, 0.6989284565296515, 1.1293063671840975]","[-1.1818710195122335, -1.7026549500140522, -1.0626104440021946, -1.9251344814863214]","[-1.4613628071876323, -2.0338740951007095, -1.3642657781129137, -2.518431734860065]",-5.79807585
2007-09-05,"[-0.8691073946316408, -1.0115569701790506, -1.0719167509256167, -1.601476076325259]","[-0.042276993190162024, 0.0724917979001577, 0.05773688284862769, 0.027830013616533655]","[0.7344279531891715, 0.9548665060015387, 0.6828740878620566, 1.1433781384288866]","[-1.2545236942770417, -1.509661961894912, -1.0520543486632723, -1.8842947179259097]","[-1.559853781492138, -1.909814862404023, -1.3375713184999014, -2.423647429570446]",-3.31323117
2007-09-12,"[0.2573463472841375, 0.020475760384641717, -0.1258584739694868, -1.01200955319527]","[0.11627897566045826, 0.20466124826690632, 0.054219441672486546, -0.06321825045270935]","[0.7590534482643605, 0.9469366152871622, 0.716919307066644, 1.1460672115172919]","[-1.189734256840067, -1.393082320328398, -1.1434100057513366, -2.009379122840539]","[-1.50574790263677, -1.7499728745180199, -1.4652602966262749, -2.415860068134317]",-3.96433806
2007-09-19,"[0.5885579753027059, 0.2593811404228319, 0.5528603479634242, 1.4263806086747266]","[-0.0334464451049376, 0.18800032811994294, -0.013362290947507653, -0.09104673588135687]","[0.7601589407383077, 0.9869053967819634, 0.7265076550388219, 1.1498848974919036]","[-1.253385183147096, -1.4572744083215248, -1.166961592304274, -1.871136242428424]","[-1.5833047126695226, -1.8939024114604752, -1.4571886643090872, -2.365034868115344]",-3.22891996
2007-09-26,"[0.5270022285523979, 0.4883716030287033, 0.7195367967991473, 0.7918337095064842]","[0.010320770968997429, 0.15600003827676454, -0.026041404830423803, -0.12129283886460795]","[0.7465882135598032, 0.9348591298831879, 0.7004639208169473, 1.1503892795899113]","[-1.2343222881214297, -1.3768232594747354, -1.216882715042265, -2.0240793163621835]","[-1.5820379246904346, -1.8194015478011807, -1.492962752942343, -2.554360950767514]",-1.95498122
2007-10-03,"[-0.20137094120089571, -0.6945534629182681, -0.5658325516202822, -0.3419795745867482]","[-0.011667275690934283, -0.23479894233161552, -0.01859320927393751, -0.23925601256693982]","[0.7860168807053559, 0.9865656006036896, 0.7550498801423999, 1.1784909911635406]","[-1.3362243086778123, -1.779462292789677, -1.2911319064314228, -2.190100023565751]","[-1.6838459184143404, -2.3040065104468552, -1.6331291242032122, -2.710333437545578]",-2.03073477
2007-10-10,"[-0.1663012947499709, 0.2432286665663419, -0.6078638497067246, -0.5367040636000908]","[0.09027737343834781, 0.11904409261881219, 0.08415053374950278, -0.15128821195518272]","[0.7508717676953621, 0.9780359776315113, 0.7103266186895864, 1.1349709543262043]","[-1.146089905098131, -1.5728534448315687, -1.1374306268883418, -1.988435609696667]","[-1.4002772109586183, -1.8729941743525698, -1.4124624808170378, -2.4976001079945065]",-3.41881037
2007-10-17,"[0.30514404024106767, 1.2779938881041453, -0.1467365667989995, 0.03863154725989304]","[0.2794409724816027, 0.3385886334805991, 0.16868211204015518, 0.3299406323571327]","[0.7593024877741895, 1.00574332943999, 0.71372634943677, 1.1661248635495503]","[-0.9507789193274431, -1.3771276679121163, -0.9779684944289422, -1.5974664700207948]","[-1.2486475957158063, -1.775507187215017, -1.2601362001483716, -1.9990880965567441]",-4.35627804
2007-10-24,"[-0.18467182844119634, -0.7595414166924996, -0.007169630180747788, -1.301716089469096]","[-0.10679202932354559, -0.012081184282899473, -0.09945933222473931, -0.32511230984040446]","[0.7484825197983247, 0.9798166187643619, 0.714378491532591, 1.10831187333839]","[-1.3193933176419563, -1.5637637929711763, -1.2100770291376328, -2.0406714552326775]","[-1.5720645866908058, -1.9287805665611018, -1.521672490243287, -2.5060756438263523]",-2.73150048
2007-10-31,"[1.0334265504845064, 1.4091098348462339, 0.9922721993129713, 1.5349107843275256]","[0.14779890073503668, 0.25468404294148694, 0.14230282647023548, 0.1670139752440387]","[0.7986294082050434, 0.9910959580992199, 0.745055500214744, 1.1624593523690623]","[-1.1641364227179114, -1.366083871113183, -1.0668181066881337, -1.8133657666659648]","[-1.472529981109097, -1.7721750362771609, -1.3498677477325214, -2.241719638375261]",-1.33515422
2007-11-07,"[-2.7736471455858336, -2.4624539967023296, -2.6775193719217327, -3.196154784382088]","[0.06643221601536231, 0.15760693707915027, 0.08474680740603174, 0.0643570719231068]","[0.7951327829783045, 0.9841429832373351, 0.7563336570278894, 1.194340434294756]","[-1.261302759104663, -1.5398954465891552, -1.1657767391351086, -1.8743875675958497]","[-1.6280133195589075, -1.9720906384248296, -1.5188482005127368, -2.526816881462155]",-8.08413506
2007-11-14,"[-0.27726494514324074, -1.2893491105902655, -0.573365912202739, -0.43284045839611096]","[0.11752451374487327, 0.3720165058526565, 0.17540649378892134, -0.08811209018370401]","[0.7959661982998064, 1.0699513885390495, 0.7574501685922621, 1.2116197740869812]","[-1.2238600003019366, -1.430467541767822, -1.0545397318564949, -2.094235503415146]","[-1.507853517659767, -1.845633522548911, -1.3763121300544032, -2.5512169455094282]",-4.75974622
2007-11-21,"[-2.067676472231472, -1.1894646389853492, -1.63588545614477, -1.798016518004708]","[-0.05256458418054303, 0.20868196732300842, -0.03446507641648528, 0.1019342497858411]","[0.8066119122549974, 1.04450153956497, 0.7759388742564888, 1.169789061476284]","[-1.2817135883839055, -1.4694176572533375, -1.259623563165578, -1.700460982990152]","[-1.6338634449173488, -1.8922792673846147, -1.5664777329101685, -2.2327493972519057]",-6.18664648
2007-12-03,"[-0.661403218738954, -0.8415541896708234, -0.42830597557941275, -1.1615929202362985]","[-0.24889802540743663, -0.16884283887577975, -0.12344854980246081, -0.04921150258939419]","[0.8396962130158191, 1.0698120348346793, 0.7951109130537474, 1.2430800283152394]","[-1.5182413980427052, -1.8430705885096443, -1.368465904862883, -2.0189918498192894]","[-1.9481381767445762, -2.273732446411269, -1.7418487950552393, -2.5228046382595513]",-1.52527492
2007-12-10,"[0.7723421035516154, 0.400519581133274, 0.7417987805951043, 1.52056148910944]","[-0.08193330454855788, -0.2866692611823429, -0.019115975732015036, -0.39103671913239096]","[0.8563105480939905, 1.034389973856222, 0.8177659980044426, 1.2344624715770707]","[-1.4847587220929561, -1.9526980332095767, -1.316043065657514, -2.4123304609729046]","[-1.7984867356187184, -2.336549948017198, -1.671008257388077, -2.8637136669202876]",-2.57404259
2007-12-17,"[-1.4371963693343481, -2.4628734452790013, -1.302686212412496, -1.3085333086469753]","[0.3854704739376109, 0.365818125943854, 0.3731693965821254, 0.4481550148841604]","[0.8261487417498411, 1.0318012219768817, 0.7847825572128754, 1.2062658745009702]","[-0.9987576736036057, -1.249004912874727, -0.9297498025317482, -1.4799145343506235]","[-1.3563596164821512, -1.7809177648615488, -1.316065387049548, -2.0601502099366407]",-5.65363291
2007-12-24,"[0.7398447561392629, 0.7493855000368477, 0.736203759485754, 0.691452851614649]","[-0.3036014140387832, -0.23832060812098008, -0.3434088238591048, -0.7616579025038507]","[0.8582796415701187, 1.0777009839491758, 0.8015483905969635, 1.2428894631187997]","[-1.690684720990017, -1.9538742568579173, -1.6682740096044142, -2.7463376459212734]","[-2.0776141694137222, -2.429739723993778, -1.9992002529160482, -3.250641434464261]",-1.77277673
2008-01-02,"[-0.8793585797338466, -1.5146915506643488, -1.6790249191570794, -1.0985118488711088]","[0.13751923424488102, 0.0800230390336958, 0.10668889969593232, 0.18759009574198832]","[0.8266068394687827, 1.062222729295515, 0.7713063072872363, 1.2270146981610321]","[-1.2318572167191308, -1.6876375781208006, -1.1595092991751659, -1.7719938049841504]","[-1.5703079454870277, -2.078497844268542, -1.4637320011998154, -2.3366457665933646]",-9.29830149
2008-01-09,"[1.0456008218578283, 2.108946744601603, 1.1549418081235885, 1.008564533782419]","[0.14490226107146265, -0.10680542358380464, 0.2317837849768016, 0.2833721618806554]","[0.8628466410407764, 1.121140093109228, 0.8173803129337857, 1.2546231270545307]","[-1.3011927575633, -1.9727793891553396, -1.1361408761623528, -1.833051629443744]","[-1.611966641923929, -2.3928049764393235, -1.452201350046067, -2.293070111647565]",-4.30821710
2008-01-16,"[-0.864981901485784, -1.0799522410869677, -0.2799683104244721, 1.268000805932168]","[0.4065549379449511, 0.30412481870620767, 0.31123534834390276, 0.4017949720132993]","[0.8518247609141091, 1.1026496673168709, 0.8076411618003805, 1.2511215973095744]","[-0.9361497862153324, -1.5003833554289878, -0.9994778067438157, -1.6861328592857652]","[-1.2735609521578215, -1.9023636736558844, -1.2994228157385266, -2.1769948258334675]",-15.96986173
2008-01-24,"[0.8406185292816559, 2.001595432129921, 0.8798909991375226, -0.5211341299113492]","[-0.010567989535414936, -0.3005918059074538, -0.20997391649990546, -0.13905098742705907]","[0.8963759672124073, 1.1437113438551678, 0.8492579083360945, 1.3120117441111154]","[-1.412883307705953, -2.101751601635686, -1.5647349098909147, -2.2441866022348393]","[-1.797081187590986, -2.490822797233233, -1.908142039625553, -2.6638563667835715]",-8.78432782
2008-01-31,"[1.807039076100292, 1.6983077575921435, 1.6541143449437357, 3.089142802965572]","[0.12141670942366682, 0.0745325540517956, 0.054351841201518494, -0.009285101793080513]","[0.915290787345768, 1.1478235514505768, 0.8689879881907087, 1.2992052251919999]","[-1.3531056265398735, -1.7867064786063591, -1.3346107366400475, -2.1666551520647737]","[-1.7067335243563344, -2.2479482728968496, -1.685299550295923, -2.609810542112641]",-4.20391768
2008-02-07,"[0.659212330398784, 0.6983903147025572, 0.38368933988373044, 1.6365153807510247]","[-0.033951976334589594, -0.12349779061290364, -0.09574321778008305, 0.12473528653833121]","[0.8818526007482694, 1.124450487177836, 0.8233163759141914, 1.249182143412435]","[-1.4820181782988355, -1.8979178291978904, -1.461929358287776, -1.966202177910392]","[-1.8887342601625285, -2.418490860194914, -1.83340137166772, -2.491717079495008]",-2.17973235
2008-02-14,"[-0.8838032310342747, -1.8253927356047583, -1.4060815586544706, -2.421512439226614]","[0.14418564557991823, 0.4036269413751805, 0.0017662312882352346, -0.13277698839832866]","[0.9086604522363522, 1.1319237123130959, 0.8625332511805857, 1.2867174619732766]","[-1.3472791506808093, -1.4868561073978614, -1.3801328243090198, -2.2708011054688932]","[-1.7718494631691117, -1.963310352384664, -1.7872732039353383, -2.8055216556130818]",-6.25277200
2008-02-22,"[0.6138930444194557, 0.36701375233656464, 0.7842606419462328, 0.12074495072997848]","[0.19107645719234792, 0.06333307172937655, 0.30145398608182394, 0.15898735955994664]","[0.8910088261310971, 1.1485271459162532, 0.8568425377354962, 1.2675124102127797]","[-1.2333511443823197, -1.789693408772358, -1.070315504954311, -1.8483528783868846]","[-1.546771186073378, -2.172658673470601, -1.368502523504351, -2.344488433629472]",-1.84337958
2008-02-29,"[-2.253575850446854, -2.687651282952608, -2.5418534058740505, -2.245263148515697]","[0.16665521965580468, 0.12799804941613027, 0.1640989004931522, 0.13959174534978544]","[0.8996475771751972, 1.0962675778823685, 0.8635580753898319, 1.277288280577814]","[-1.2726708873616541, -1.6498529291210506, -1.2155685532117007, -2.0263260664875986]","[-1.7161503915500638, -2.217504905794609, -1.616110283908215, -2.518443587421744]",-7.51960831
2008-03-07,"[-1.0354130989418842, -0.23751625169694535, -1.2258757146568655, 0.22257812185708659]","[0.02852416652123661, -0.10712194236266326, 0.09940227493819465, 0.21850083348650187]","[0.9033870709392509, 1.1443065999376991, 0.8580102579191297, 1.2813717431616582]","[-1.4538124302351305, -1.9980310221964468, -1.334204789346484, -1.8735890557065613]","[-1.7777339568160195, -2.3312485488604167, -1.5955185560758398, -2.3282911401492075]",-7.78980204
2008-03-14,"[-1.5920731606724026, -1.8525255960996745, -1.6156036616598257, -2.278288046111676]","[0.25208198287850797, 0.29726921200962797, 0.03015181951031013, 0.15963706367868297]","[0.9062146513185428, 1.152455370884821, 0.8745779275953608, 1.2866955852617323]","[-1.2027456448822125, -1.6113467066076033, -1.4093619544177691, -1.8884752390338302]","[-1.6300824637027471, -2.1037529949431915, -1.812816789961475, -2.441932847002653]",-3.27004835
2008-03-24,"[2.0236202931383396, 3.3972320660329736, 1.503999458288341, 2.6236635111792417]","[0.037669476716385854, 0.1834632683407091, -0.20683707840258156, -0.2433409441711319]","[0.977393954286976, 1.170838578865321, 0.9248037104929292, 1.315104687145649]","[-1.6269680167942173, -1.7525150184618186, -1.6916141756453702, -2.428274661105202]","[-2.0156148164527004, -2.2992173402184997, -2.0872460872841376, -2.949250905609067]",-5.89585114
2008-03-31,"[0.25053609192946524, 0.5274963740947491, 0.3798251982843226, 0.48923080144529507]","[-0.23829249910200317, -0.18091273744944844, -0.06810309155129755, -0.07512341579706533]","[0.9535253088340087, 1.1556150399151695, 0.9019623312148407, 1.3461207036177252]","[-1.7800299038045415, -2.0483284389158647, -1.5172818567244584, -2.202283773748893]","[-2.178292069069739, -2.5228268619483187, -1.881622955312985, -2.7046641779467553]",-1.36202582
2008-04-07,"[0.03651281554049035, -0.21832049571699486, 0.02386660821489528, -0.4386044234935049]","[-0.15987119355186966, -0.08330500412402232, -0.1360489633567286, -0.2602166250112017]","[1.0043784247826923, 1.2427854567446488, 0.9566272964109946, 1.3927881996914688]","[-1.7592379628004708, -2.1091321241384535, -1.6846019288897731, -2.496136017564975]","[-2.199343973080573, -2.6177808642871567, -2.0380096778670445, -3.0450533232816714]",-1.68625194
2008-04-14,"[-0.36050148892599054, -0.4527514388715126, -0.18970927988029018, -0.5929197546853615]","[0.4485973625148404, 0.2589896452067719, 0.4495061620608527, 0.6746007738971679]","[0.9863651569320147, 1.2012688794958408, 0.9317836063202678, 1.3279230549417058]","[-1.109894899233857, -1.7681033853673782, -1.0543354595749936, -1.4709135768817845]","[-1.5940083277312318, -2.1759418529032355, -1.4336569313472725, -2.022359629500819]",-1.76268399
2008-04-21,"[0.07936463218518597, 0.7039558737116813, -0.18961242598667383, -0.33367468036189507]","[0.005557739624431206, 0.17967088407050247, -0.2317376410488733, -0.33226490997445757]","[0.9989325512180196, 1.2170780235651726, 0.9581655844607451, 1.3997112042375943]","[-1.5955905035425033, -1.8343713670770085, -1.8182322851945896, -2.6727260695957664]","[-2.0250298848869503, -2.313739644761959, -2.1942545366651696, -3.184777417565844]",-1.49027778
2008-04-28,"[0.07883599104916428, 0.19073265477045354, -0.15611479736072909, 0.6384341055916565]","[0.05846391464107865, 0.10171815134968361, 0.19000764178215473, 0.03684749166065917]","[0.9674979023318224, 1.1888082057467784, 0.9160816889427142, 1.348480133538271]","[-1.617529854968768, -1.7779507499562988, -1.3605746875437514, -2.2356521246117946]","[-1.987442556071732, -2.379026599325082, -1.7485417621863053, -2.8453835757350587]",-2.95872943
2008-05-05,"[-0.5313128540906042, -0.28747058434417383, -0.6812773006062756, -0.3621102517829655]","[-0.040958525822289184, 0.11293893092431015, 0.06283063473533892, -0.07326947275227551]","[1.0118943215144163, 1.2433675153074195, 0.9487447399760948, 1.3750966362257901]","[-1.7290663095952221, -1.9343293729719535, -1.4544285948988376, -2.3852674647697105]","[-2.201535561418511, -2.496385319273421, -1.9542762525706447, -2.938675797536592]",-2.42560127
2008-05-12,"[1.1168615923815572, 1.8089344072288682, 1.018108359811265, 1.3649341972387319]","[-0.07229309627670975, -0.29001984813744397, -0.044108907781673284, -0.1714214115523539]","[0.9892431305806527, 1.2198182553850867, 0.9441546607156104, 1.3521193363050057]","[-1.6529501140121048, -2.2437930550926404, -1.544380130963076, -2.341848120432566]","[-2.1075678901055186, -2.827677677279756, -2.0133952334328225, -2.907249848500004]",-3.06018816
2008-05-19,"[0.26594090298308615, -0.7204336042001103, 0.31797423366217714, -0.32989938889098624]","[-0.22211730901051452, -0.07336641830075291, -0.036032271378554706, -0.23871996795553307]","[1.0306065197606853, 1.2808653552808478, 0.9760937771907683, 1.3953676574461085]","[-2.007610066162071, -2.1377799122313412, -1.636348861863779, -2.6214697936663267]","[-2.297320780392396, -2.6356373284217316, -2.003271504282031, -3.1245647679368784]",-3.96405957
2008-05-27,"[0.8105726150393622, 1.7480851984820411, 0.5491443901195936, 1.2029990505403987]","[0.09175035969296791, -0.025165651119770635, 0.006864257266494984, -0.0454205751439112]","[1.0050011314756542, 1.2061661666702024, 0.9440177430091561, 1.3662394014501538]","[-1.57122862782709, -2.0115043473109093, -1.5772928036285623, -2.292636999433232]","[-1.958798582368784, -2.421429762725341, -1.935878264030614, -2.7785795414830297]",-3.44050746
2008-06-03,"[-0.5198569763520844, -0.5480572158197639, -0.810796895360788, -0.4875341447871939]","[-0.06603678742654251, -0.09608632753860705, -0.024031711831150965, 0.0728322987336693]","[1.000435745502125, 1.228767983906618, 0.9476724540272633, 1.3786168020644942]","[-1.7085237362054364, -2.123912719385098, -1.637345286094793, -2.142698599691318]","[-2.1071708838839744, -2.544771768841818, -1.9655390122160927, -2.6563352640302793]",-2.47942299
2008-06-10,"[-0.5133788312055465, -0.4727465012041243, 0.07683736012253917, -0.2313515232019725]","[0.357868577404647, 0.4511312804273065, 0.2613954539032008, 0.5263591658833927]","[1.0237191215420103, 1.2683009906915574, 0.9668480032441049, 1.396713530548544]","[-1.2391356961390125, -1.6384330983950859, -1.3237561766944979, -1.7248891763759076]","[-1.7150057558149376, -2.1356528551183134, -1.742676698012655, -2.3039808088566773]",-4.54687589
2008-06-17,"[-0.4856149848873059, -0.5342184550551465, -0.8905753597812094, -0.9407349689107392]","[-0.2127482262665257, -0.23757194682972993, -0.2096413758324347, -0.36868112583634377]","[1.0287574907927914, 1.241892517196015, 0.9770851268870308, 1.4010822534150686]","[-1.9915891595084518, -2.335562136509866, -1.8457326823133662, -2.6890148307683694]","[-2.3877332130995392, -2.856635064155274, -2.2384758355734995, -3.288392623076844]",-2.78840839
2008-06-24,"[-0.19799261259798584, -0.511380372416248, -0.2953998767265986, -1.2775397029960445]","[0.058511611741567146, 0.19287197207536874, 0.20197849803445866, 0.25683344930279584]","[1.0430338378933817, 1.2724702961095964, 0.9869106752047478, 1.3917811034526377]","[-1.6674740778056172, -1.9775923086976055, -1.3623492767927285, -2.148881880431798]","[-2.1538556085575875, -2.591881529111063, -1.9019885345106937, -2.6446655343791474]",-4.08109109
2008-07-01,"[0.29636796290448686, 1.406941110529747, 0.2837378071241403, -0.10945956411330116]","[-0.014787100966568836, 0.1916003505604155, 0.22781272396023056, 0.15670578250706743]","[1.0140582641925822, 1.263299029357949, 0.9748467380672363, 1.3519228515202943]","[-1.7035728174027696, -1.9167919586837154, -1.4415826546551072, -2.090500048867345]","[-2.1373531259777026, -2.4004850448105914, -1.8347689635843074, -2.6873710649266087]",-3.50457033
2008-07-09,"[-1.9128158910056037, -2.6897120447044287, -2.1017396545529365, -3.5781648448143244]","[-0.23656888207159735, -0.3632697181927069, -0.5667582402254389, -0.5131099100628159]","[1.0734763456531624, 1.3140514777115744, 1.0170453568908469, 1.3859454247642642]","[-2.037226141398773, -2.478361259343645, -2.230307476236221, -2.8334001025445046]","[-2.467628636584769, -3.225652137826786, -2.683637721070084, -3.3118392555594904]",-4.69037183
2008-07-16,"[2.4250763391451713, 2.456048218886675, 2.49308056720281, 4.611954351274505]","[0.2734645886067196, 0.0013693399508297073, -0.016049232152340227, 0.2765553229499369]","[1.0484668124151817, 1.3089557572552224, 0.987488259803462, 1.4038963956431516]","[-1.5279631774056661, -2.17935303181162, -1.6873727852727474, -2.1237725728630883]","[-1.9045776898208748, -2.646304369089656, -2.0518178294191043, -2.651020193312347]",-9.48344302
2008-07-23,"[0.5869165037603707, 1.3088640375256588, 0.2571988028361005, 0.9975397952453058]","[0.03444591056886372, 0.0393785726476554, -0.09260570561166276, -0.059600966620165265]","[1.0648284052825998, 1.2968838938184677, 1.0175473984025005, 1.472753784143472]","[-1.79053956873494, -2.069916484725674, -1.8022377452846918, -2.5524332701390273]","[-2.1475066408982513, -2.613235217316612, -2.1611534282915463, -3.1867344680287175]",-2.68121893
2008-07-30,"[1.766111895909095, 0.5059980104412887, 1.6198846458143734, 0.14954054764686475]","[-0.43728681956055143, -0.2793227110647037, -0.5211093902135239, -0.53904307938242]","[1.1209816395872516, 1.3788937647148363, 1.06790062691336, 1.521359695784442]","[-2.2661351429550156, -2.4969870611200533, -2.232679509305017, -2.8967361431197634]","[-2.7748252630279664, -3.1399660069100257, -2.7272667158587227, -3.5542507601832547]",-11.08354460
2008-08-06,"[0.4430843813136853, 1.5125439861374268, 0.34634855372672746, 0.3688718601832619]","[-0.009274954831337756, 0.05292234134477142, -0.21027856314432858, -0.3728679440760686]","[1.08602630567184, 1.30609906918491, 1.0690440178862868, 1.4384436702983345]","[-1.7924898320609486, -2.0603094207491606, -1.9223909619934432, -2.6686801619229996]","[-2.2393560115125766, -2.6394729234799343, -2.448514149204213, -3.194907509148763]",-2.96418873
2008-08-13,"[-0.597105012808985, -0.20940719390400986, -0.945057040773456, -0.15674605272861797]","[-0.32139744800833275, -0.28977445876453317, -0.19325391927578334, -0.3690166548642348]","[1.1117633631393538, 1.3319325875469612, 1.0707301689273638, 1.5156816355328997]","[-2.1463474551082316, -2.400970444412171, -1.9362676240839363, -2.737371605490835]","[-2.6306960854261767, -2.9500178735898044, -2.4236891383286068, -3.5437248330363604]",-3.78574390
2008-08-20,"[0.43201133463828256, 0.17005974921904254, 0.6051144004358022, 0.33458507406347593]","[0.06389571657790223, 0.0769039747560617, 0.1438717588572968, 0.19482422629261234]","[1.1183290538409052, 1.3377717930377053, 1.0882336307631908, 1.5415184318975352]","[-1.8019413431963238, -2.151248700547066, -1.5839249126660955, -2.3246644677804102]","[-2.291126921628645, -2.7760302234745047, -2.1907306664539217, -3.0545499185973615]",-2.15260528
2008-08-27,"[0.8203742675305215, 0.6441085280591174, 0.7823580286776988, 1.185174577177328]","[-0.05909871453392553, 0.07013898985322502, 0.0015422668278764731, -0.0574795777232178]","[1.0673749207179868, 1.2766490173927116, 1.0505506605569588, 1.4708613591056672]","[-1.8593866255714144, -2.0111248785753073, -1.7029369162429824, -2.497751229856734]","[-2.277972172425482, -2.5404398488349944, -2.2084499793560757, -3.1107384385010715]",-2.22127373
2008-09-04,"[-3.056863736472959, -3.289368908458279, -3.0339700035147743, -2.9943088367208937]","[0.24588464427586318, 0.2160242922251778, 0.15392830261198143, 0.2713184448471]","[1.081522578752312, 1.3010842001409546, 1.052211460098092, 1.4774728393301138]","[-1.5602156984356612, -1.941547352831485, -1.506649909205512, -2.1448371551527474]","[-1.9342985914981883, -2.4627049742693083, -1.9744098784043265, -2.7712214966763424]",-7.04696182
2008-09-11,"[1.43642970136737, 1.8518680394572051, 1.4517524617971844, 0.8188056830871204]","[0.13083053078374635, -0.0258831164509797, -0.034722341340704836, 0.007130374792462543]","[1.1420228190212092, 1.3572208839282158, 1.1181996898260134, 1.5359662937728586]","[-1.7611597185661885, -2.321807319985117, -1.8857329772447593, -2.4952829146301023]","[-2.164136957368861, -2.9285581370518146, -2.356048456919033, -3.0348909131017576]",-3.72397952
2008-09-18,"[2.9239957427975583, 3.3262491274907546, 3.7918783233410025, 7.190114746514009]","[0.5562558828716934, 0.4289365975052558, 0.668376868588707, 1.0706626019526306]","[1.2282842043498823, 1.4506214997824758, 1.1930545413650517, 1.629813084850789]","[-1.542644751621871, -1.9404686750351998, -1.2834520932515203, -1.6784817588387833]","[-1.9895056758644964, -2.667407819610702, -1.7923219187722788, -2.3467659130417986]",-19.37997033
2008-09-25,"[1.5518862791492616, 1.5786633352782964, 1.8024713898006084, 0.2347405434585781]","[0.06288849180521727, 0.01586703415510436, 0.08757726139043416, -0.18613892900173812]","[1.186258786076952, 1.3823952382054037, 1.1570997276791486, 1.6484856691589747]","[-1.810732827756912, -2.230859158205668, -1.7602174862949214, -2.908005475776422]","[-2.467630535375328, -2.9236698006988577, -2.3205575568526897, -3.6119203605594277]",-5.37174607
2008-10-02,"[-3.6948209193045756, -4.65201972111986, -3.267833313183388, -4.786964676132932]","[-0.261495694876362, 0.1822419566751199, -0.02406839758862719, -0.2246476418587787]","[1.2103430536021602, 1.3802440162377336, 1.1759773265229854, 1.6001033111648668]","[-2.203723727911046, -2.1293623010969296, -1.9106467077836253, -2.751994291323827]","[-2.7929598456753486, -2.7620069631063053, -2.492123406177591, -3.6709068141690055]",-8.41161052
2008-10-09,"[-7.239824738131251, -2.722784876950879, -7.615925074090946, -9.586634492445611]","[0.3443963091638437, 0.31262931132027844, 0.4321659993878217, 0.8839990345980466]","[1.3632114606983068, 1.578609141124868, 1.3326176435220274, 1.8109536747032504]","[-1.8808368842329595, -2.232353748995174, -1.820967393055448, -2.011605730108125]","[-2.3813309443362454, -2.8162537502798473, -2.239445271563765, -2.6816510240499465]",-48.70553597
2008-10-16,"[4.081295089602399, 5.2828523762001645, 4.57271339006553, 6.017318215986922]","[1.2116698163138764, 1.433489469691402, 1.0844557923573466, 2.609136719752906]","[1.5541022916068041, 1.637254729444789, 1.4643283508074365, 1.9209765666161513]","[-1.3643756803230864, -1.2391212030687104, -1.369457674091473, -0.7160723868919392]","[-2.052589099276477, -1.9771895749403745, -1.9794234510080373, -1.3549151238076762]",-8.44967846
2008-10-23,"[1.1517933666544522, -0.39276039597311296, 1.9993158893603535, -3.103695549554697]","[0.8619640419375164, 1.3765994885294122, 0.8677037205964075, 1.8732614115599464]","[1.5718170640091766, 1.6741449720623678, 1.5102361847254546, 1.9379493996927117]","[-1.8592901649533604, -1.4530707132267133, -1.645338559244289, -1.3210414039265514]","[-2.5071059552707213, -2.2090585331823904, -2.3374983898583945, -2.1565273959170557]",-28.34481848
2008-10-30,"[3.400848625284958, 3.2809392962396267, 2.0882780676773294, 5.581730176734467]","[-2.6635142609753366, -2.6195154012138455, -2.5349612595036053, -2.626939825276874]","[1.5759777420531706, 1.7121547919763103, 1.481230281101424, 1.9070075163418079]","[-5.376270831510701, -5.422966345275324, -4.966071113086266, -5.874564899473221]","[-6.08248671393005, -6.107479043679198, -5.748815318438895, -6.707408047542709]",-17.74011408
2008-11-06,"[-5.700504457751787, -4.573049717717925, -4.974145836516719, -3.226712613615934]","[-1.8454197037865543, -1.23197588691542, -1.0828202076373268, -0.6364472566797262]","[1.7238866356298987, 1.7861873372272061, 1.633846681857406, 2.0221069907665736]","[-4.784683808289518, -4.212999695575659, -4.052275363872427, -3.945162193911714]","[-5.544632547137674, -4.980885550653665, -4.625713933810097, -4.802925459737445]",-7.03946283
2008-11-13,"[6.047335401026999, 5.916906429207192, 6.458520492816611, 9.062167330396953]","[1.2649418780857296, 1.2887413368467724, 1.5023240085393366, 1.6046457106284144]","[1.7642262799926636, 1.8287249995621524, 1.6535530978228252, 2.089257974610017]","[-1.6831244648181363, -1.67886672018789, -1.3307294270573329, -1.83236997153409]","[-2.492947199033369, -2.557803606544131, -2.0822967069603933, -2.8750525987685602]",-10.31210563
2008-11-20,"[-7.713286672261344, -4.960960150099325, -5.725063032857669, -7.104162017765514]","[-0.7856127840719181, 0.0029464700228840905, -0.4911373587601239, 0.29979712247686485]","[1.7346821340665337, 1.8041999978264962, 1.6514865686878983, 2.159015653777002]","[-3.6812279411900555, -3.008200664091034, -3.161687936576069, -3.2559475097415884]","[-4.357367603479628, -3.601154422770603, -3.918158679785007, -4.039474223936707]",-16.82856076
2008-11-28,"[1.2509921279433733, -0.7867097358515984, 1.166926431071147, 2.1866297861777184]","[-0.7742787759190074, -1.003180607515424, -0.8369360026269123, -1.134269923610442]","[1.8322561037202483, 1.8435575829273168, 1.6914033911816357, 2.222727323588935]","[-3.7632853336487773, -4.087811622045887, -3.7180936234965056, -4.7603350862984355]","[-4.685748853547021, -4.872363365691055, -4.442269144156641, -5.838304598191283]",-6.69725751
2008-12-05,"[3.0367448791608354, 3.982915084881533, 3.0473187764481935, 4.382834161026139]","[0.20296683727789966, 0.17864958438783807, 0.3207821039822157, 0.4586680424325312]","[1.9259533988284185, 1.983840786315601, 1.7802765515806451, 2.3464073721916736]","[-2.8507439648968793, -3.0694333792736477, -2.5110583795177033, -3.4734085306775784]","[-3.752765027413363, -3.895486156247149, -3.2719595499237966, -4.475493939247188]",-5.49829530
2008-12-12,"[1.1869470970665041, 2.007751128639601, 0.7512773439277254, 3.5765305565940153]","[-0.7809332537876974, -0.3719910957466189, -0.3125663201588669, 0.07981575565668513]","[2.000691522275589, 2.021110338417446, 1.851053957688204, 2.4332270987759457]","[-4.153293005691578, -3.775364760170738, -3.4772474704862915, -4.0023060150568455]","[-4.995027903750859, -4.622192750642678, -4.213150567308234, -5.003797281537671]",-6.97103640
2008-12-19,"[-0.42905463015365797, 0.8171264797936395, -0.3012065649370399, 0.9829836772257572]","[0.4794906331279717, 0.5047002112032032, 0.49267074387433274, 0.28444059225774776]","[1.9275682886429277, 1.9362207357249166, 1.78447431771314, 2.369964507208446]","[-2.626599711981906, -2.6533282780733427, -2.445683666643462, -3.5860893585877687]","[-3.4688706526491684, -3.3556569335246254, -3.180084117398305, -4.516630010500452]",-5.32794793
2008-12-29,"[-0.28732943246545517, -0.8272034003461215, -0.3720129956548135, -2.259419973157417]","[-0.20064261945197862, -0.29542185286089845, -0.25267104108609256, -0.40246606878726454]","[1.9760833067249661, 1.9755920792372756, 1.8308435001157148, 2.4300286763354486]","[-3.2171816836186538, -3.4064848825044747, -3.099905252890495, -4.122317043812871]","[-4.155891342956734, -4.2772810230593565, -3.9650796130592028, -5.269334960098431]",-4.66426952
2009-01-06,"[0.6655185864191893, 0.9943702357538164, 0.6924564333383287, 1.7451167029119752]","[-0.747324294817194, -0.8553499543057766, -0.6946579671087869, -0.44074555881501915]","[1.9111005052141967, 1.950810366106977, 1.7894362390343985, 2.440202941019978]","[-3.8416031252242666, -4.054868071927986, -3.659596806479535, -4.321988144986368]","[-4.69097544271325, -4.794396300347258, -4.379434470173817, -5.349467781943562]",-3.97439038
2009-01-13,"[0.18389734178372308, 0.03376197837541284, -0.30031112544293137, 1.1942620241820912]","[0.16329059821461925, 0.36133411101109203, 0.1442465309558713, 0.2462173660955607]","[1.9413401410896685, 1.952158441016535, 1.7974612056084007, 2.4433421370289494]","[-3.00083971091223, -2.848927794682626, -2.8438821395252427, -3.875715520127272]","[-3.850379997364132, -3.804360367265146, -3.610617342372243, -4.887739196337801]",-4.64504016
2009-01-21,"[4.228586217202057, 4.168104221249536, 3.449764517907994, 5.099510978608635]","[0.29426455540682456, 0.8210219342974282, 0.43796561661826694, 1.0449837407131821]","[1.9679696917301688, 2.002200230843915, 1.8176710096588713, 2.4578968111669908]","[-2.9737291121472738, -2.3908324753206194, -2.4611256477221337, -3.009391118807792]","[-3.822263483753746, -3.3200619585525533, -3.3211260583868154, -3.9827078985429782]",-6.16906127
2009-01-28,"[3.327477410236579, 3.4526653116742523, 2.4257142775290674, 4.031915862162272]","[-0.5630792694549972, -0.5744952363666493, -0.5098156443138455, -0.5930734934892912]","[2.0118422901438557, 2.0617307875996107, 1.854268404885634, 2.5234468208296965]","[-3.808635193011658, -3.935806419240125, -3.5603965421805763, -4.7478122088241435]","[-4.6719781983233375, -4.799913442657957, -4.2836136190940035, -5.697105240389367]",-6.40758306
2009-02-04,"[-0.4907546188024803, 0.13388929079516387, -1.5179530309319844, -1.146582444875932]","[-0.0369900970793215, 0.054170207748480324, -0.14241419928792828, -0.17534837609657597]","[2.079557114133984, 2.0651940193115372, 1.9089663683686469, 2.6221793161458162]","[-3.348564299598966, -3.385291689563851, -3.1595992682705067, -4.3866500092374014]","[-4.331604404234371, -4.324628226354721, -4.005143270636518, -5.484374341750789]",-6.46660822
2009-02-11,"[0.5878689941257953, -0.46248810192910383, 0.6399894094116121, 0.2833985278135387]","[0.42721048261757183, 0.5958475251088329, 0.6256289173907216, 0.9370437108696332]","[2.1035000057903437, 2.1663745140984023, 1.9261149992178386, 2.577776321566299]","[-2.887649473169095, -2.880462999497884, -2.4491791544708303, -3.2367493482693392]","[-3.7072383982217234, -3.5861932151439238, -3.1436696620350375, -4.168596463155568]",-4.63306306
2009-02-19,"[-1.0813279204945125, -1.5509095496422098, -1.1940257265628418, -1.8363251443383355]","[0.7098630545199149, 0.7501749635572112, 0.7417546950262747, 0.7580246719811015]","[2.0934343064088514, 2.1159111213709925, 1.9337864217343093, 2.642399029482923]","[-2.719844454490872, -2.7494248249035254, -2.3799752097381317, -3.579970719197588]","[-3.6837332214980147, -3.677153579314616, -3.228815788760298, -4.698220546002185]",-4.47043782
2009-02-26,"[-1.6395426096392107, -2.8380730599076642, -1.228967009001103, -1.8837617963522568]","[-1.1390410369319606, -0.9816400409472443, -0.9778586113406726, -0.538723396786873]","[2.0916245521752876, 2.1004768263232574, 1.9026226548140381, 2.530557469932888]","[-4.6951956514131234, -4.59113355410519, -4.088908802504841, -4.668890716159199]","[-5.4902422943126306, -5.265605545715016, -4.873031217145604, -5.723827563958157]",-5.29408727
2009-03-05,"[-4.170480418569245, -3.0462396255134916, -4.178693423291691, -6.297080962895318]","[-0.7385247476630876, -0.607773703774123, -0.731095959711879, -0.7038227520494073]","[2.1055088367748436, 2.0899161776934467, 1.9244052960223135, 2.606004967409629]","[-4.231970356616024, -4.009203307162418, -3.9820263603379304, -4.877032081325757]","[-4.9745771859457575, -4.792320988156054, -4.5958843714453606, -6.123597096538872]",-6.85196550
2009-03-12,"[3.8616242761374764, 3.261576644782771, 3.399651955962568, 6.686276789082157]","[-0.8769206969272231, -0.9837412753507948, -0.9639939803817043, -0.4372617423418566]","[2.206570232339011, 2.2176038131068245, 2.0467161174901083, 2.6737566850587515]","[-4.370155853019037, -4.60089808534205, -4.2665725346776, -5.011313475798335]","[-5.374217695385488, -5.265673974796819, -5.066150278117969, -6.075810472464366]",-7.34292211
2009-03-19,"[-1.2463174595614745, -0.0673133048187502, -1.1524022346199203, -1.0479386162889348]","[-0.051275557125581975, -0.4409470990603744, -0.14645204170310053, -0.44765519815011]","[2.0389081613537816, 2.0731811384127576, 1.8583641690998767, 2.6414109952887586]","[-3.4014033724420565, -3.8376551561458534, -3.281033666114522, -4.742905256881407]","[-4.134385208387733, -4.670582252571723, -3.9464010080372613, -5.843988866410737]",-5.28672211
2009-03-26,"[2.017627488105589, 3.038379650081513, 2.2298470497048584, 4.723689267375963]","[-0.25980809762734813, -0.3210633314356932, -0.33575979772421355, -0.6996760810960373]","[2.1724332292085626, 2.1454245831812897, 1.9893171819362052, 2.6804018727252226]","[-3.960482746139525, -3.8883221509776984, -3.8064931341775297, -5.332404118583558]","[-4.696965933194066, -4.790307394211899, -4.456025891312122, -6.225201855782323]",-8.13358499
2009-04-02,"[2.881801711978138, 3.166605531613431, 2.7509282150360193, 5.6617092348737685]","[-0.42607381921767207, -0.4285913458029479, -0.5396426924552863, -0.4822887981938379]","[2.237694076236076, 2.1865054875648817, 2.0804169181403775, 2.807675179556464]","[-3.8968902479411316, -4.071666547145163, -3.8214257800560048, -4.8189288282615514]","[-4.741431391055671, -4.717194064944942, -4.5498574835371635, -6.006352668308164]",-6.85293148
2009-04-09,"[3.8973749567705163, 3.051571496760186, 3.0939958327955708, 6.349878901760331]","[-0.2824258570919324, -0.2878096641221691, -0.21108266611595192, -0.5006784778076946]","[2.2697650660603372, 2.2557614148189673, 2.0934144081946906, 2.8637947077955235]","[-4.023068874168829, -4.07659248170625, -3.5953217279989507, -5.341339633740939]","[-5.024144662505212, -4.79754524607308, -4.537099680299163, -6.4365424557744975]",-8.27611382
2009-04-17,"[0.668303871629039, 0.21037963309966656, 0.07258396076643692, 0.9356489757697872]","[-0.010065018784737242, -0.26528347726430884, -0.16884181761003647, -0.345482697891379]","[2.1568854059831377, 2.1947776833491264, 1.9795451192228546, 2.7956055229104506]","[-3.562132443489324, -3.6891887032028188, -3.3602577767567126, -5.083276183864972]","[-4.383671756925852, -4.687211040534144, -4.137958704124368, -6.110759350616137]",-4.17481281
2009-04-24,"[1.499801520885402, 1.7365196369313551, 1.4873011206884001, 1.8030709229654995]","[-0.5318271280795451, -0.40314259915163675, -0.45535051059699244, -0.37011668044359025]","[2.3052432926389055, 2.2552200019250215, 2.0969910576954227, 2.904395814535322]","[-4.333386933909876, -4.078442092722287, -3.863592259076574, -5.08742114273568]","[-5.171811442869784, -4.90337452869615, -4.683662158608064, -5.975997898531965]",-4.21560520
2009-05-01,"[0.5361781392072551, 0.26221387361085036, 0.5407664723849237, 0.1097542117810768]","[-0.2730540757545744, -0.3579570184902057, -0.2896108026805338, 0.0367463433842636]","[2.1867720143752436, 2.173544354593565, 1.979494348252816, 2.8327557516556294]","[-4.072943745040966, -4.106019077275507, -3.7112922149916923, -4.4320202822050305]","[-4.7276626284457866, -4.863371534188035, -4.375168341264609, -5.777503462577317]",-4.01527152
2009-05-08,"[2.306421184248997, 0.05844852134826439, 1.9406632188708528, 3.913805333279363]","[-1.557420777808464, -1.135675551382473, -1.2582475789578902, -1.079478528632412]","[2.311192023283712, 2.2828099860881976, 2.1224376545958883, 2.8740960528687354]","[-5.547283092379795, -5.10221166341789, -4.8949274530613955, -6.0786263453433556]","[-6.569952961105602, -5.9497059656056335, -5.796187228406334, -7.197479990348536]",-9.25104844
2009-05-15,"[-0.8195056081397034, -0.059919359106519465, -0.7551945700734919, -0.4215723433681262]","[-0.18549748595650423, -0.1030359892640603, -0.15012277394609866, -0.09978963265480817]","[2.2687841375168976, 2.2233713022701536, 2.0764327156642253, 2.9273428128948136]","[-4.078232496797877, -3.8033977215889734, -3.698812207804461, -4.932224530049545]","[-4.908571193509602, -4.8059145757759385, -4.502197499122205, -6.31506960180614]",-3.99413170
2009-05-22,"[-0.2132541872522431, -0.3274480370754951, -0.17875794024355685, -0.5549309167148131]","[-0.037017385857544494, 0.03175133713232452, 0.07490783279683334, 0.15795490493961004]","[2.224514457105282, 2.1856689957346007, 2.034651149432711, 2.8543257322430526]","[-3.561625241836821, -3.405317730034025, -3.156006715905595, -4.304183078236026]","[-4.35167402294701, -4.238773687488507, -3.9506408794126657, -5.453043615701397]",-3.76488226
2009-06-01,"[2.3920698266129747, 2.8147513102664945, 2.5679409729519875, 3.974841487799896]","[-1.0123681813307308, -0.9316592796591996, -0.9123109893514876, -0.8106851937113655]","[2.230804942214722, 2.216496080589374, 2.048075269294782, 2.878302369333337]","[-4.4673247865076355, -4.657155216228817, -4.28699566625157, -5.6340460281843825]","[-5.543708411590496, -5.461559099580401, -5.043609937768377, -6.6921046475644745]",-5.66613467
2009-06-08,"[-0.413309272634077, -0.2995400219131916, 0.01552178784081093, -0.9804477712995308]","[-0.21842694493362644, -0.23461066401107675, -0.28262110880472846, -0.21367920680078395]","[2.3053214138881457, 2.2379779243657483, 2.0972618692124065, 2.8872056326868267]","[-3.982596142326746, -3.7001190721138655, -3.7306032755873106, -4.885295318763785]","[-4.991212349712647, -4.7771013658396395, -4.59523051825754, -6.104264592956297]",-4.52893744
2009-06-15,"[-2.3195185363915627, -2.067591408575087, -2.149594131741317, -2.4213189697858795]","[-0.8082155409126721, -0.6618985519035427, -0.7299834119019368, -0.6562908096259779]","[2.269485719407954, 2.2302555577850844, 2.0732938248907957, 2.8614765476467494]","[-4.498262310399506, -4.301430863869094, -4.1040906505758805, -5.4017518827546365]","[-5.533597869134727, -5.432897711039472, -5.047369971673432, -6.679674476359285]",-3.89712858
2009-06-22,"[-3.0445603035733626, -3.0322306563536294, -2.378496962046306, -3.2139096190841876]","[-0.6534820905944183, -0.6864932977324152, -0.5606479138695605, -0.4395300391900782]","[2.233261048108371, 2.196989798487518, 2.063882152728837, 2.824310014666563]","[-4.527580690736885, -4.40174041782554, -4.1860647969490765, -5.081130602106799]","[-5.397076717745913, -5.230995760451002, -4.9125337831226865, -6.334802894540071]",-4.59382253
2009-06-29,"[0.9320239126565433, 0.21972942789343364, 1.0725177780370743, -0.12804274634579116]","[-0.03855657720138664, -0.13280419711699082, -0.12490877100592727, -0.09452971395953641]","[2.2421167699362323, 2.205894609288289, 2.0288346102015695, 2.8583635083675847]","[-3.635143881515111, -3.8459794440426935, -3.3792131166455652, -4.779503089717805]","[-4.847565119483989, -4.767035145794221, -4.390907678273675, -6.262212099004924]",-4.76501115
2009-07-07,"[-1.9566146372968163, -2.516685055884782, -1.9562171734790468, -2.3472367168938746]","[-0.1273078704605064, 0.056117531033894795, -0.07671013373915062, -0.07212531679838902]","[2.3798955965642428, 2.2494244121849802, 2.180238297787543, 2.9651837846862708]","[-3.851847936313853, -3.5754574860301496, -3.4945927393605034, -4.770424823476032]","[-4.932782527815556, -4.586334841307731, -4.448240639628485, -6.022251344090076]",-4.72627215
2009-07-14,"[0.5644553616311221, 0.364587366999114, 0.333236386689606, 0.5958546145575561]","[-0.44280646930612555, -0.47098958006194847, -0.5299176594309973, -0.7607334976764707]","[2.361066923118292, 2.3105125615603637, 2.181917445243897, 3.005841979606441]","[-4.370987528241456, -4.377207204501122, -4.147969585397465, -5.472848206867301]","[-5.242846122184055, -5.269142719818208, -4.979162844960258, -6.830951843788545]",-3.80916782
2009-07-21,"[0.46140851682867634, 0.6832800336271205, 0.7632288062152881, -0.3521994601467071]","[0.03582707650902647, -0.00036446650271775407, -0.10743008591638903, 0.06042110673978081]","[2.373552578855705, 2.3295237177537436, 2.1599369022171158, 3.018622131954294]","[-3.710569008252991, -3.8267969393729917, -3.5530710147260676, -4.937829038345444]","[-4.850584093496939, -4.839035468404762, -4.431018432266273, -6.2978739054725565]",-4.88556121
2009-07-28,"[-0.4687833422919674, -0.6885756650201635, -0.1295243396773671, -0.019662464809133695]","[-0.4232505365538649, -0.43246789432207133, -0.3627603942738575, -0.4908800229607173]","[2.349327798659331, 2.2735217125685514, 2.158822945838741, 2.9988094233554916]","[-4.317042781532126, -4.292846861417023, -3.896373256972158, -5.518052008159327]","[-5.378800324496926, -5.38787973099589, -4.971590038014546, -6.835295928047122]",-4.02435155
2009-08-04,"[0.258494727147518, 0.0, 0.3614907130227607, 1.1327618916854298]","[-0.4698872891638345, -0.47889303673681416, -0.45093907735190314, -0.5408682395144916]","[2.306319472402715, 2.2456236720737235, 2.101758747590777, 2.9749976419082116]","[-4.372742905435136, -4.254923587911442, -3.9300109571223785, -5.401455513013212]","[-5.197988044008217, -5.106492761687805, -4.80261893306267, -6.562608274552145]",-4.01645661
2009-08-11,"[-1.2555563860896513, -0.8623922870167888, -1.03879420962798, -2.031214833940176]","[0.19180216329413965, 0.09450241771861802, 0.16679030573537776, -0.053376862422874385]","[2.239417565702105, 2.204567168255942, 2.0637554248021046, 2.818082211871923]","[-3.323877189146875, -3.452882290704831, -3.075911332144848, -4.4999580040470555]","[-4.228875046504885, -4.234176704091093, -3.894002244789492, -5.6329115146791455]",-4.01100115
2009-08-18,"[0.7902659149340074, 1.419162578857236, 0.900124193681684, 1.4620860179458184]","[-0.3866137811635113, 0.010075489009354833, -0.2200621496009814, -0.011447224899390455]","[2.2712150124303188, 2.191894180208081, 2.074430849734343, 2.863368375866676]","[-4.103953899442037, -3.633780383055123, -3.67559282228865, -4.687915482910804]","[-5.10301319852453, -4.459618225594905, -4.487526726479109, -5.910792574455095]",-3.75830230
2009-08-25,"[0.19406311411360733, 0.2977061437182016, 0.3150863750429167, 0.5082787179082615]","[-0.48652695975554694, -0.44243614597042397, -0.48681020882196635, -0.37621964198409996]","[2.156861767470986, 2.134907257778382, 1.9726856244145965, 2.784271027396901]","[-4.052334412577672, -3.9351090386357597, -3.716494788276943, -4.824833332090587]","[-4.85896069134522, -4.774635143577294, -4.506582583217678, -6.0552858278800406]",-3.61974936
2009-09-01,"[-2.23049545934062, -1.8913590050150475, -1.9746681481443318, -2.793298158828783]","[-0.4334929756033493, -0.19800221434565318, -0.38479815872161743, -0.22579146026965202]","[2.2300105927834295, 2.2207779045727762, 2.0450764519391784, 2.8455207934629536]","[-4.162900475059466, -3.832852563022601, -3.8712494097727292, -5.0556259471527945]","[-5.036264373161819, -4.62642787652637, -4.635781383988762, -6.0993221148523284]",-4.00900843
2009-09-09,"[0.7645047417592643, 0.8553854596491384, 0.523824287511232, 1.3567865556581182]","[-0.07836235481664525, -0.13930110729210327, -0.15744410207308443, -0.20174081521696152]","[2.2478370502258493, 2.206130849125507, 2.0459062038334177, 2.8969695661542376]","[-3.5286753574168306, -3.7039051134750633, -3.451566919842959, -4.919841786914081]","[-4.589205475412105, -4.6781023726435285, -4.264958812238259, -6.185032558277162]",-3.76375824
2009-09-16,"[1.5021041079083197, 1.4484740845237098, 1.1121976682165524, 2.1997984573163265]","[-0.15071887489191618, -0.13449916919736507, -0.21434189225451938, -0.43720008798071885]","[2.240806271609176, 2.2000254017466054, 2.0817336131946775, 2.9113047820382]","[-3.9067382454809483, -3.6502062687079855, -3.6887625161270297, -5.170953577315347]","[-4.783726261639397, -4.524626105062331, -4.486371473756722, -6.269523592297236]",-4.14468272
2009-09-23,"[-0.8347009042537046, -0.4700593740170511, -0.8307183937171558, -1.3614985933751989]","[-0.19685288701855944, -0.10035120345289554, -0.23557599356680692, -0.36233366631979985]","[2.1690087867874315, 2.1398998732337025, 1.9787969093776494, 2.8305101888451962]","[-3.607110889656114, -3.386488088688268, -3.288582064704454, -4.847470785482944]","[-4.8158925554677365, -4.611299834364603, -4.489018636116281, -6.389766621086468]",-3.61482391
2009-09-30,"[-0.38754898348187794, 0.07099432689354757, -0.3075890264929271, -1.6695097860773167]","[-0.44145885197164475, -0.4115777026814186, -0.37572082516227573, -0.4199038709886882]","[2.2926600260971193, 2.2094841640794765, 2.0887524940895403, 2.885349425702393]","[-4.338260126456951, -4.052923870557887, -3.8554386159284055, -4.9546412204898145]","[-5.057473724785441, -4.826943223087517, -4.535365800028696, -6.1403645558584685]",-4.49896061
2009-10-07,"[0.2745278984381372, 0.28568219488303015, -0.05828184890717125, 0.2307625861838858]","[-0.5865472644223623, -0.6107162136895592, -0.6080740352497305, -0.6093573106047527]","[2.268161760547827, 2.2046531979153383, 2.0569010375405057, 2.9157481517611212]","[-4.0556492713175425, -4.196416528747465, -3.905111225827454, -5.237203405515057]","[-4.89463058255274, -4.9065283801407835, -4.532152743076772, -6.3010719855269315]",-3.77472152
2009-10-14,"[1.7069694740843744, 1.3528902454497782, 1.4562673254644665, 1.881770438765784]","[-0.30916252357256097, -0.2351324667055334, -0.3092353733066269, -0.13966180603450853]","[2.1916955726352874, 2.109811430944102, 2.0085355449478337, 2.823654426387128]","[-3.7743217850298727, -3.6868288916119316, -3.414960321427036, -4.479356063512832]","[-4.863181790920379, -4.528696380592067, -4.460408376007732, -5.879507343047555]",-3.93380160
2009-10-21,"[-0.9013872139910895, -0.18532531352919435, -0.9216295854438172, -1.3660518482336848]","[0.1297936317610931, 0.10967143717468145, 0.09023158945120864, 0.3755269262020621]","[2.21798550071335, 2.1127994705512574, 2.0455059448548605, 2.850327765051341]","[-3.476381678833181, -3.361916675388349, -3.2901768814419152, -4.354282260313013]","[-4.402864207318133, -4.159101834078248, -4.103510578401157, -5.670938640950672]",-4.10790404
2009-10-28,"[-1.9067476784161208, -2.269322048468503, -1.2164094975053885, -3.31889162969059]","[-0.18977889072313028, 0.08559792205104609, -0.17972955741678917, -0.3539334910517702]","[2.1882939710749336, 2.120019497424612, 2.002850170231703, 2.8560190278396007]","[-3.859653904858936, -3.575082452177616, -3.418122413353467, -5.120094083488035]","[-4.7943767518067855, -4.403385473931108, -4.272465666830514, -6.192334678414616]",-5.28750768
2009-11-04,"[0.2576336841674909, 0.16950275404141735, 0.3088724545179389, -1.4002111182616517]","[-0.2989207727315425, -0.2611470025683816, -0.2571940035245207, -0.12914309938137647]","[2.2896142988141177, 2.222198868816618, 2.092473686984407, 2.9214297880054603]","[-4.092588645122445, -3.916388357148553, -3.746245354637667, -4.862947904759223]","[-4.826946349045704, -4.633744365309806, -4.373544230120857, -5.793191991880535]",-5.03312514
2009-11-11,"[0.5096299222082656, 0.6399322397981244, 0.4312949045123915, 0.8903173202252646]","[-0.5785733961805422, -0.4650785434177884, -0.5911944295219304, -0.30322228967171755]","[2.233078460430476, 2.1597419524215744, 2.027113163367888, 2.877707892705172]","[-4.136401747764641, -3.9441625751060414, -3.868024135660253, -5.226623405724669]","[-5.190312346652374, -4.9384221904621945, -4.748865223098708, -6.380889836136422]",-3.53622493
2009-11-18,"[-0.06287283550854283, -0.5554204846898614, -0.10650349977172624, 0.14218519775370808]","[-0.125236202441087, -0.1434030168952189, -0.1768525865238767, -0.13747339535719844]","[2.187073902358159, 2.0309522051154465, 2.027179584844893, 2.8852044421651653]","[-3.708379413971813, -3.552072982242395, -3.4800800619900505, -4.640128145122331]","[-4.761765151726809, -4.365458925681235, -4.473674046960241, -6.038419239475717]",-3.70504252
2009-11-25,"[0.3507675299656121, 0.43094686602138665, 0.2937148046019189, -0.0540184103796193]","[-0.14200734098402004, -0.11910895261766911, -0.1346744797328293, 0.06634583095763634]","[2.294864386234732, 2.162855810237581, 2.0753667739721138, 2.9207602288392422]","[-3.991943179122604, -3.7806601367270183, -3.6812298076535526, -4.582132922090902]","[-5.025376340773299, -4.637771871942349, -4.538842891407808, -5.964395402921599]",-3.70275716
2009-12-03,"[-0.7850855038684657, -0.40928687697014965, -0.8312647526217631, -1.462488923740679]","[0.1738361714327705, 0.11845420423629456, 0.07771053512456053, -0.04865085278863146]","[2.1944788625892393, 2.1091531750474295, 2.040520863643399, 2.8458238773444053]","[-3.4811626685728525, -3.404917173332167, -3.3259939930527413, -4.76880394952152]","[-4.380289315855682, -4.278212671556845, -4.144827918267026, -5.943342493329293]",-3.66473203
2009-12-10,"[0.5619821299369221, 0.49777678860749575, 0.663172639576004, -0.42940576632579663]","[0.35467391082986094, 0.27418307714140805, 0.28661338058037295, 0.3129468167591934]","[2.257094484379097, 2.145316126721757, 2.055189514814562, 2.845424070043559]","[-3.419885195825549, -3.221390770495613, -2.9714028196818694, -4.4062320428645565]","[-4.396046061575953, -4.135522263988736, -3.980451919067818, -5.663298449775495]",-3.99220792
2009-12-17,"[-1.2088682752805724, -1.2248106269865389, -1.2806369773670667, -0.9470587756585047]","[0.12442285607123858, 0.07586160024454167, 0.1365124361219482, 0.015174204610572842]","[2.2945380715391153, 2.178129194045745, 2.08579293840898, 2.8614505386027536]","[-3.6909036778125817, -3.448832370353879, -3.2908067456622407, -4.594794064588074]","[-4.771426675015412, -4.520145714996494, -4.314458724310601, -5.900956243393187]",-3.97261147
2009-12-24,"[0.47228769785041536, 0.9176514372803979, 0.5112757216769737, 0.5087724665961524]","[0.671538301871274, 0.4403939725742071, 0.5504003058230026, 0.4114156338456755]","[2.269765531325575, 2.1630025668589967, 2.0658237774905146, 2.9386640132268127]","[-2.9864036744226694, -3.190661950346959, -2.8187971160658485, -4.285895324789912]","[-4.059253238207574, -4.000077027828079, -3.7315183623974293, -5.627374419879791]",-3.82162068
2010-01-04,"[1.6817716647153702, 1.453919215909849, 1.4840375852024579, 2.6019414264077056]","[0.2009802770640733, 0.2551228519176418, 0.2746509040554044, 0.43584705011015135]","[2.251150031941364, 2.061269471921569, 2.063950773165133, 2.891932705708555]","[-3.577336640675468, -3.2077297095318356, -3.1562447921282297, -4.504394683990371]","[-4.541869421009337, -4.063940868705745, -4.0759456468603465, -5.574346539165138]",-3.76343139
2010-01-11,"[0.13958494427006585, -0.4090117881934141, 0.4304058081633144, -0.5658088545806628]","[0.06504016221800177, 0.0034436398369359074, 0.051477191807302564, -0.049746352454618246]","[2.233128044474747, 2.151403619522228, 2.0324728965067824, 2.84494144739321]","[-3.599228225780607, -3.3790627589962288, -3.3155166545550805, -4.804294823056469]","[-4.45288633329412, -4.331121300701167, -4.034367151277751, -5.654581802430321]",-4.04778140
2010-01-19,"[1.2418068623427203, 1.6010805382181026, 1.085352724365407, 1.8959598865745164]","[0.0038059610834357467, 0.0958934636852158, 0.01892425705542592, 0.04856203408062084]","[2.210472328504888, 2.060192308785889, 2.015742881565535, 2.780714990721998]","[-3.6741537361794268, -3.254043320712205, -3.3803732814496232, -4.426842249536863]","[-4.589971544723476, -4.319448651888843, -4.241368967315786, -5.607165646994401]",-3.70430476
2010-01-26,"[-0.41989396494086506, 0.09032760813010299, -0.02521093673681918, -0.9547918335653272]","[-0.2518239229007444, -0.2175580075856276, -0.12157313358990801, -0.2061066997177121]","[2.083568666335772, 2.0011926550078125, 1.9102572823283728, 2.71950432362588]","[-3.8179725524504997, -3.459585483776437, -3.267224905951221, -4.654966102816665]","[-4.62658376806819, -4.437659523946483, -4.209356783236983, -5.792171664207461]",-3.98506327
2010-02-02,"[1.2030658729542232, 0.897538983811863, 1.086986928377165, 1.0633807574401466]","[-0.4357812862422512, -0.397231561793161, -0.3380425538564853, -0.24171501857543404]","[2.2337733112180387, 2.1108103904385818, 2.005794090876756, 2.873939382810887]","[-4.058418261743595, -3.9034382198033053, -3.675979709065364, -4.998856901574543]","[-5.033963924914351, -4.680988753307601, -4.419158921077166, -6.302057388351537]",-3.78396310
2010-02-09,"[1.2481782388562124, 1.0259521614351286, 1.5050094284921656, 1.3571185138162356]","[0.18051309416292724, 0.19209683673823413, 0.24480983379411927, 0.32023145909679035]","[2.2483639066508374, 2.1163536366229874, 2.061633794463565, 2.87641554666309]","[-3.6069849984595677, -3.412138293135693, -3.2386664330204176, -4.214642791225525]","[-4.440736377274191, -4.210173699841458, -3.977298623779872, -5.411246432715554]",-3.81274445
2010-02-17,"[0.47271451068580106, 0.5625415624089136, 0.39294930682665097, 0.6869692018247164]","[-0.27332296469197703, -0.3840697849932208, -0.33728411630262795, -0.7050974768729418]","[2.2285893058608486, 2.1074295239970606, 2.0291684684392126, 2.8214579320046074]","[-3.9543407334287997, -3.8841893494117707, -3.7769959206732366, -5.320856198872192]","[-4.880889227527475, -4.903061094832499, -4.570281934377005, -6.526458220281936]",-3.58206317
2010-02-24,"[0.9155616635702302, 1.0138399260400277, 0.8883430462658382, 0.9316638550230572]","[-0.24999908425788325, -0.15187391221871377, -0.1973892554557281, -0.2985915978071848]","[2.196111569199032, 2.013617867489048, 2.0055720899018543, 2.8161243414754367]","[-3.8409859456039803, -3.546820370574518, -3.583601537588799, -5.01260650553087]","[-4.936674051442082, -4.517990945358253, -4.490339142502281, -6.469789421165794]",-3.50128215
2010-03-03,"[0.08908713212907315, 0.1096118379628308, -0.08864890366240274, 0.3282396850965874]","[0.3319105754994763, 0.24454980546430727, 0.2653795211713138, 0.0791907276417058]","[2.1802760520821094, 2.066596130501677, 1.9741934096719307, 2.8075978264756163]","[-3.2601971766054003, -3.154747822874386, -3.0027046697588435, -4.620137556046094]","[-4.124099051540772, -3.919541675995938, -3.7475563183757483, -5.639768854454823]",-3.45420208
2010-03-10,"[0.4445749722579606, 0.8087821137840123, 0.027922018796999737, 0.8380223051640101]","[0.045435226540568176, 0.025782365130369585, 0.012301749752577777, -0.09990394616852248]","[2.1612080210910216, 2.070124854330432, 1.9569803712438967, 2.7964644380445645]","[-3.2942579305407707, -3.357984138568635, -2.9821488324919314, -4.584354915539089]","[-4.285778746519297, -4.1408465610236656, -3.9355010881115, -5.843514970989554]",-3.90246220
2010-03-17,"[0.5909921720933298, 0.27306286639685595, 0.4452871817088422, 0.7940945045104009]","[-0.33212138289232673, -0.3369718464285457, -0.26204518124954607, -0.37319434157507786]","[2.0947244071921207, 2.0114939398159972, 1.9032428962698393, 2.770917969238326]","[-3.7298716224034854, -3.600014313615619, -3.2922621007400292, -4.914958100630963]","[-4.611426807486166, -4.436221005313354, -4.1270963050449145, -6.093791146479403]",-3.45802595
2010-03-24,"[-0.48668705811643065, -0.4819432238016397, -0.48496985532686665, -0.9338883790838359]","[0.2555920588320771, 0.16457208794487177, 0.09770249536126352, -0.09254877356624072]","[2.2311173821766905, 2.03227382890289, 2.0187855575033478, 2.8374480961467294]","[-3.4764868318658046, -3.110510983071308, -3.2454668490409926, -4.7900681460282675]","[-4.247173022288846, -3.9402412597106276, -3.957732697395939, -5.760915427662406]",-3.34836113
2010-03-31,"[-0.3412545241642029, -0.4764327105173827, -0.4667338355469397, -0.7490563498079972]","[-0.2625668038984977, -0.23664521494964422, -0.2728972373947844, -0.29869263607104946]","[2.108697473711524, 1.9996826763497346, 1.9058508549743602, 2.7159518910772262]","[-3.7610388536829675, -3.455945913107729, -3.496271633733924, -4.659022985347186]","[-4.536329813641757, -4.222234630921877, -4.0910644585227045, -5.781702076364115]",-3.33150739
2010-04-08,"[0.3457889071500908, 0.22593990000938646, 0.27080296426973405, -0.0301953020014345]","[0.14636205636820773, 0.11108425896920901, 0.1386006445921919, -0.05758933728378877]","[2.098817480297347, 1.9765200079934264, 1.8940768570212176, 2.6124579832894113]","[-3.236539576351091, -2.9227459746484143, -2.9863915792105544, -4.496302878924606]","[-4.160989010093294, -3.9617976518685025, -3.6166277496280954, -5.402946540453981]",-3.21813359
2010-04-15,"[0.08248794012706284, 0.439819657309215, 0.19274487480629432, 0.3353628130299491]","[0.29273649408282243, 0.16194013532102675, 0.16930371144851386, -0.055069715289804456]","[2.1624022291146936, 2.0601215585773147, 1.95853369613275, 2.8704494575286006]","[-3.002200482324804, -2.9657758761546082, -2.8726175492650596, -4.429539095550572]","[-3.942664220325975, -3.9299944024297213, -3.714134374452807, -5.8834654923019265]",-3.61792425
2010-04-22,"[0.29789822293411206, 0.5580974202040956, 0.08419077402628261, 1.3262487577827997]","[-0.13766360952483694, -0.10631454713653245, -0.18986028473445968, -0.6288990576796902]","[2.1452035562663108, 2.0054137476837965, 1.9425665848766203, 2.699822463044152]","[-3.6924389705947447, -3.400439874949794, -3.3656283228760975, -4.764231225573829]","[-4.6312224291712605, -4.272631815902886, -4.31813924505657, -6.223790020230661]",-4.17519460
2010-04-29,"[1.2321642264899957, 1.7269303477356779, 1.0989446022723115, 2.269533847756744]","[0.03502035730929987, 0.10314397027180221, 0.07060857815926301, 0.10087397363990666]","[2.0960588719937134, 1.957553130878924, 1.879608143147139, 2.675600569803337]","[-3.401833350364164, -3.107211211985203, -3.021167613151714, -4.071612140835436]","[-4.334852343017517, -3.9532111532456433, -3.8913523596998925, -5.50770612847629]",-3.70824428
2010-05-06,"[-3.377765294274493, -3.398705703839866, -3.2406385854622854, -4.003905309573597]","[-0.5685228360058338, -0.312406375342898, -0.4005799140364654, -0.31106713327999674]","[2.080565871778782, 1.9469291212643527, 1.8739883150712635, 2.6601782814295416]","[-4.120624356297587, -3.44290622128861, -3.6439857402931044, -4.657976343008749]","[-4.819256372088665, -4.234722698565328, -4.249176757519404, -5.650070821780009]",-4.83466204
2010-05-13,"[-1.2508634611750225, -1.5963674257301719, -1.0513079652087143, -1.1497809324737318]","[0.7089738280453217, 0.6740628151287795, 0.5288656810213109, 0.021176326521904383]","[2.0049476917326534, 1.9112847376517081, 1.7846710849075544, 2.616494312666653]","[-2.4998929390174647, -2.4026562168641163, -2.37082200489534, -4.400399676152588]","[-3.3701515998086835, -3.2191750030853905, -3.113105178384592, -5.387532428467199]",-4.83932040
2010-05-20,"[-3.8490854420761167, -3.7832833192208426, -3.6700036169738937, -5.562347765572184]","[0.34801350377307877, 0.3640354896851492, 0.34980121113645896, 0.5804328143469694]","[1.9280447233409261, 1.855782277497495, 1.7570773758768454, 2.5913537690275152]","[-2.7191999125853936, -2.587910718928317, -2.4830456213326713, -3.7158191483096705]","[-3.6167208071821535, -3.4069145339092644, -3.2547643597538944, -4.85414471237163]",-5.86756522
2010-05-27,"[3.2949483778359934, 3.7087177955339, 2.8127570383922773, 4.522729454979402]","[-0.21999051943914943, -0.07946373177720256, -0.12573907569956397, -0.28804099517603515]","[2.021833571861547, 1.9416224806384752, 1.8217657509311889, 2.7243580441817388]","[-3.4555322156007424, -3.1614087040649537, -3.0072801780214444, -4.80297244752076]","[-4.214197585695525, -3.867130316882872, -3.7159654423381836, -5.731363087742659]",-4.74763946
2010-06-04,"[-3.5769375507756607, -3.4824971810181182, -3.203390726289257, -5.470501674634054]","[-0.2417987247559365, -0.2792177142111246, -0.19018684701137945, -0.21593770953966518]","[1.908699723508093, 1.8049889861823412, 1.722398024276828, 2.637562111039378]","[-3.4867121074193546, -3.2931157607863493, -3.0885142717060132, -4.595117373464724]","[-4.28533357358317, -3.967548330712798, -3.8475514057208136, -5.747331942848838]",-4.55498372
2010-06-11,"[0.48437458572792025, 0.949537728739891, 0.37814757737564264, 1.3056805835296892]","[-0.14062748368671457, 0.00258029245648152, -0.28026065684593926, -0.3513609061445107]","[1.8143055658846803, 1.756771791920231, 1.6413757720653188, 2.5106881380301114]","[-3.1409717819148035, -2.8078966458943904, -2.9685509615932375, -4.46254995243658]","[-3.9237163511131183, -3.7618079579734234, -3.702776501718601, -5.606856863632839]",-3.10242446
2010-06-18,"[0.10836118570338726, 0.08302020755417416, 0.15771945072398097, 0.11164462539312581]","[0.21408950689887887, 0.22211422623398633, 0.15297041095368788, 0.2736710058199616]","[1.8036141862735386, 1.7038606291374045, 1.6219996198261821, 2.459802843933097]","[-2.711374977310918, -2.6286354327850905, -2.576865905657453, -3.865228399498037]","[-3.559861258542443, -3.3619463788812465, -3.2499311092156966, -4.839217309722787]",-2.22421474
2010-06-25,"[0.4180294254464201, -0.1765463363253339, -0.08858820121897537, 1.9644484712815213]","[0.28944950290131183, 0.3553972901214445, 0.2624818092272342, 0.335380436267578]","[1.6138430052869368, 1.5852311922318794, 1.4474640235876708, 2.242498362910026]","[-2.2155644168479625, -2.0627425396705825, -2.0101689154455666, -3.292561303701353]","[-3.056622905898675, -2.8938012132137056, -2.7520554943728825, -4.3721856393501]",-6.35017053
2010-07-02,"[-0.5464572131607781, -0.2820728514963733, -0.4742763346067491, -1.167700930555604]","[0.3259317272051398, 0.2939268163243738, 0.2713864672438363, 0.5474601614828117]","[1.5486462898035536, 1.539887402879004, 1.4243577981771252, 2.2054923138333593]","[-2.2204266643484236, -2.2282483885711883, -2.048859630769608, -3.0298892654627]","[-2.9124165934854402, -2.890604018232929, -2.682493545423627, -4.157093293130349]",-2.39758732
2010-07-12,"[0.06488617789921491, 0.29091426408234256, 0.1786904770860076, -1.0283021891212663]","[-0.13658399232192028, 0.021483782707714075, -0.13452020847518642, -0.2844136459511958]","[1.5443614793913658, 1.5448752485554265, 1.3985371814415528, 2.1607037713172863]","[-2.6765251781505626, -2.488141352797967, -2.4768361271747414, -3.7903070244052204]","[-3.2287582960454597, -3.1076038991045185, -2.908541358245991, -4.564168876817306]",-2.95672468
2010-07-19,"[0.588922980392681, 0.8533710669072825, 0.5582512879211521, 0.29832398064835175]","[0.48480902091678346, 0.370570223006277, 0.5099124764476839, 0.9074075812529422]","[1.5243915471375105, 1.5125873726351835, 1.3849190998161016, 2.103985571907039]","[-1.904363400128331, -2.0827578241131057, -1.680588926854553, -2.670578666847486]","[-2.6804220334770856, -2.696152937596861, -2.3787909307213324, -3.4716954019172332]",-2.69921634
2010-07-26,"[1.0362390726503357, 0.8216341262998306, 0.9623879564522042, 2.0288408058528162]","[-0.33632004134375204, -0.04839110036373848, -0.2939280303836729, -0.707058967012859]","[1.4875616778125869, 1.5063070187220493, 1.3458488369189552, 2.0948180157720935]","[-2.853256287656054, -2.498959996279665, -2.602806884228762, -4.215820425980054]","[-3.538661279506025, -3.283836780014093, -3.240213840396452, -5.195574385065648]",-3.48200265
2010-08-02,"[2.2330069222900484, 1.8599387752904484, 1.9720255130913245, 1.6647987457190538]","[-0.10744239721705583, 0.003734458568464846, -0.11499611300781432, -0.31146707500501536]","[1.5333248159782948, 1.514173828685644, 1.3850415798248352, 2.1120511126825607]","[-2.7779425597141585, -2.496391067013853, -2.3810845461942844, -3.7818760979547146]","[-3.366017505532395, -3.2253970120867286, -3.0183291828484, -4.792997087773844]",-4.03560041
2010-08-09,"[0.5323955956502147, 0.6820593885693782, 0.42328411604533045, 1.0939440124120736]","[0.27057081066690697, 0.23385351182296144, 0.22876168862902996, 0.5003018985312144]","[1.485046370528654, 1.4615381312137312, 1.3528875242147604, 2.0675483800006353]","[-2.1230782263009846, -2.0931579212372924, -1.9439461171875847, -2.826484234801654]","[-2.7204243241518316, -2.715383209046875, -2.4705070745110853, -3.768315791009436]",-1.71484317
2010-08-16,"[-0.04619021149396829, 0.17871577319796828, -0.011071013184071887, 0.7329694173853873]","[0.16694480886583626, 0.2134484070449019, 0.120385595437912, 0.28035390705102725]","[1.482406703987378, 1.4803236434947658, 1.341683431639282, 2.091782972387782]","[-2.23676799860235, -2.193956743783854, -2.0490718742473946, -3.1831721873733674]","[-2.784174019297587, -2.723888531927593, -2.545911220681553, -3.942424417462439]",-2.26287390
2010-08-23,"[-0.38205499065959714, -0.9843176325370351, -0.3846369439727937, -1.5037855088229968]","[0.28356588294016355, 0.2897879426216343, 0.24130858225254462, 0.2983744631502726]","[1.4721113802608103, 1.4826774165944385, 1.343826197916587, 2.0539309929758383]","[-2.1829756306495947, -2.1589977875197808, -2.009158608658677, -3.0355330091518624]","[-2.678707770254192, -2.699211639100712, -2.4949712318297967, -3.8000313647554753]",-3.21078500
2010-08-30,"[-1.4611466530359607, -1.049273296523534, -1.3980112364796682, -2.1854675399899826]","[-0.09722964621948858, 0.05026280229456065, -0.1606184623204743, -0.054738833879330415]","[1.447302269830963, 1.4217543417514256, 1.3356975974919607, 2.0268369340755505]","[-2.389705338403116, -2.346860050787911, -2.3223221260441838, -3.2964407548099577]","[-2.9546448361586988, -2.795732545648518, -2.821226748542983, -3.9399966266388775]",-2.15903976
2010-09-07,"[-1.1336543704761226, -0.6761340976111363, -1.0317207273752516, -2.1103250056299316]","[0.10870776237671666, 0.05533034092336522, 0.08777675616050823, 0.16745560903410225]","[1.4149503685209301, 1.3889757981883197, 1.296973602081894, 1.982336996240735]","[-2.18475031929251, -2.118110479643994, -1.9766170668696086, -3.0106155341502774]","[-2.7078755004078277, -2.70311406301911, -2.493782804858641, -3.8521600870859793]",-2.77807803
2010-09-14,"[-0.062111734430381205, 0.42240223907361596, -0.16743412426620807, -0.5460092023244378]","[0.1627368470540111, 0.20260186418862186, 0.13443491564113833, 0.21354699725428145]","[1.4184170475507103, 1.408080194999359, 1.2916024027232722, 2.0273641074286557]","[-2.2641077952586333, -2.060768282276355, -1.9796225416060935, -3.0037287263228185]","[-2.7541378597095183, -2.6222122579951423, -2.4620294002489325, -3.994987009004296]",-2.27346090
2010-09-21,"[-0.20155343670555936, -0.018414711228231795, 0.06888515644227766, -0.5674783147064488]","[-0.08851678502365994, 0.07907135596968656, -0.11459349491013383, -0.275583724567147]","[1.3832341792866953, 1.385051667759339, 1.241050049352026, 2.003505335041547]","[-2.4804056656576576, -2.2571223821939004, -2.325450126752157, -3.6691482332367453]","[-2.9525788672597924, -2.8056204762027868, -2.7047913376684374, -4.341114419988397]",-2.20034476
2010-09-28,"[0.3494299652242461, -0.0404286222527972, 0.42546642799283774, 0.9575536868755563]","[-0.1228624424393723, -0.052561447761949695, -0.03482825259374325, -0.19934781142408717]","[1.437519595287395, 1.4449229672483694, 1.3072987607241806, 2.0818961232849786]","[-2.5303299727408, -2.336001628171913, -2.186592263507717, -3.702078820188513]","[-3.0760501059471017, -2.973991865581796, -2.755848445179039, -4.506590659883176]",-2.29996876
2010-10-05,"[1.993208435924565, 2.404807651329577, 1.7833280154873066, 2.5996272294627865]","[0.20309021957687276, 0.21400145655705483, 0.21438650235717704, 0.3610629874551417]","[1.3165099200718824, 1.3507741303152612, 1.1923019606967327, 1.9094243639294937]","[-1.9130866431501734, -2.00469939079188, -1.7135318459643936, -2.6436860225213046]","[-2.4810021843367247, -2.5180290632989077, -2.2406046648840388, -3.6351713797962835]",-2.84334907
2010-10-12,"[0.3081483122066686, 0.6808403488164139, 0.09133238927088172, 0.2349866039231152]","[-0.060681266705062, 0.011196811963540547, -0.029368920844454024, -0.1603696221620962]","[1.3429018352658526, 1.375889350367387, 1.2115806268319902, 1.9509287250789435]","[-2.168346694621873, -2.152698066822941, -1.9633604732391703, -3.295673932434031]","[-2.7099810632541135, -2.717690291388328, -2.453079189740843, -3.984164785651323]",-1.95902827
2010-10-19,"[-1.5387419830984683, -0.9400727560885613, -1.4923700094501058, -2.0514217405366963]","[0.14051025025461908, 0.41916271590108006, 0.1180791277530278, 0.23314218786866608]","[1.2772987844730745, 1.2986190249530334, 1.1539749601901417, 1.828904499903772]","[-1.9471181939137936, -1.7640645324983202, -1.7630197685711788, -2.8758008907158175]","[-2.497021425430996, -2.3436357358253392, -2.282420095265423, -3.570251264147067]",-2.26724154
2010-10-26,"[0.016875342166677854, 0.2695067112435723, 0.048449170365749694, -0.10786371136557449]","[0.03026818895156652, 0.020356298344512375, 0.03332821916786846, 0.014080868010277114]","[1.2400797522953713, 1.2817100230635132, 1.1185873212030606, 1.82168152402885]","[-2.020727150612148, -2.0634327161478896, -1.771712675738659, -2.984581015184756]","[-2.526034687958798, -2.66848147021585, -2.25779412343614, -3.705413361550819]",-1.29769718
2010-11-02,"[0.7982741441848518, 1.06667211527105, 0.5745421967404241, 2.0887091401211144]","[0.13148345689142327, 0.06475731275875012, 0.12133876466960522, 0.17313724388268015]","[1.2151303827664808, 1.276831322023441, 1.0910676514133129, 1.773805906525512]","[-1.839528336397374, -1.9277052819954323, -1.635217923892254, -2.785564754206508]","[-2.2514882152158178, -2.4254816990878636, -2.0312826954101215, -3.374850307816286]",-3.00511226
2010-11-09,"[-0.7210453694577623, -0.5354833960927508, -0.5281798628161027, -1.4601001258847113]","[0.1268539522698941, 0.035923713868806134, 0.14584908894289167, 0.17418022456895715]","[1.175787876319453, 1.2203949324743988, 1.0637403415393378, 1.7342555746203632]","[-1.8899544004079778, -2.0665132333781226, -1.5819999152050923, -2.80079296531155]","[-2.2495927135308618, -2.378514068065406, -2.0460888722103086, -3.308046453184568]",-1.80596378
2010-11-16,"[-1.5702041387612553, -1.6672883683625628, -1.6060271254954017, -2.0808576790635414]","[-0.05060832811402568, 0.034479860216323495, -0.09457500610715838, -0.060466624517973536]","[1.191810579457258, 1.2458559484024212, 1.0744232948194214, 1.7291423061342424]","[-1.9457577455388615, -2.001254026489587, -1.8152755636569327, -2.904215478319393]","[-2.4536982511931726, -2.465555068163452, -2.306145704648981, -3.5603896937680224]",-2.30265234
2010-11-23,"[-1.4583161064866346, -1.600377468848535, -1.2803264589425822, -1.0016633087439608]","[0.24117606521877416, 0.11631577094403141, 0.27055804574454595, 0.21581212990170223]","[1.1630570293084985, 1.2272012180334322, 1.05334153738003, 1.6530476538809997]","[-1.691963216868062, -1.898289992451186, -1.431259263515424, -2.4820728826968113]","[-2.1911799242079586, -2.428665191853607, -1.9172848761647074, -3.199592018941095]",-3.69906322
2010-12-01,"[2.1044472610530995, 2.0992677284287, 2.24394507457113, 2.097127025840617]","[-0.003503770442442119, -0.04066488049175501, 0.024892355095204672, 0.26833736237916483]","[1.1362882833049655, 1.1844181373626195, 1.0353267644706738, 1.6275867457840614]","[-1.8296242411443044, -1.914528054681646, -1.6453546739840872, -2.3557694306862356]","[-2.2592514645670585, -2.346500086133973, -2.038878673660436, -2.9763438548073378]",-5.18219610
2010-12-08,"[0.36568326440615806, 0.37046150311264014, 0.11719612939860014, 0.10093831794559804]","[-0.06572514650602419, -0.07681032580234637, -0.05677994939134675, -0.09973152292581668]","[1.1722892936367162, 1.2376967259833407, 1.061001865148313, 1.6572436704214784]","[-2.0198514309077105, -2.1025175116802997, -1.8674800106082678, -2.7704130616190654]","[-2.3841922134637823, -2.55960798709945, -2.1930181561128546, -3.3030791137942344]",-1.79113586
2010-12-15,"[-0.45820642586349436, -0.4329978774366694, -0.1663058893301539, -0.57117585551687]","[0.0046483002182711765, 0.117969996770493, -0.01583484257980095, 0.03443326863745399]","[1.1279997353611146, 1.2039531655110518, 1.0145335536032063, 1.6071702971708866]","[-1.8458940335631755, -1.810685608984756, -1.6920975580020718, -2.6160552792468637]","[-2.394948857804429, -2.393192225016352, -2.1750795193709123, -3.425655898383557]",-1.60200899
2010-12-22,"[0.31054194680129044, -0.009053015077675752, 0.22803802035618048, 0.31838183512871154]","[-0.08583763411688486, -0.052986273306245724, -0.05720399509428403, 0.011292645805112784]","[1.1063908919077192, 1.1590375998687905, 1.0003702960294507, 1.562274748280529]","[-1.9620208376811676, -1.9133671203752873, -1.7593843823606232, -2.518603300108496]","[-2.4121972754763745, -2.393395229175283, -2.1463974411437543, -3.2067329985453443]",-1.26700935
2010-12-30,"[-0.1589732328503679, -0.23757597403690767, -0.1353473682010886, -0.09774745753485803]","[0.07938069490242922, 0.12183490218007373, 0.06874027940448464, 0.11314318796443033]","[1.0939703789324389, 1.153023189873744, 0.985855879198606, 1.509790678741477]","[-1.7284640460639018, -1.7486038084636466, -1.5376095239895158, -2.339411927170709]","[-2.1412824265311334, -2.1555900448740446, -1.874016332967317, -2.9421140238747023]",-0.71990188
2011-01-06,"[-0.19605899413956962, 0.3223943076505975, -0.21844400172170708, -0.44575693439083963]","[0.28085849493385007, 0.23349503571864952, 0.26072766943915654, 0.2876190339520985]","[1.1487816975093463, 1.207772071341468, 1.0288788854407753, 1.61971696310085]","[-1.6866170984402953, -1.8314176202830985, -1.4684725019650613, -2.612782238511241]","[-2.097776156371823, -2.323209876973436, -1.827865832948218, -3.1340419069505527]",-1.70892137
2011-01-13,"[-0.163443554150966, 0.03530871709962469, -0.20044847207127958, -0.27644143495235696]","[0.07942959825622936, 0.14329542325654424, 0.07607445997902998, 0.20071670327882568]","[1.052956570898012, 1.1158239889920274, 0.9592149777372377, 1.496637156307656]","[-1.6147035534954588, -1.6126429291814104, -1.4460807806371583, -2.1051897710042415]","[-2.0021726594130285, -2.0401470376941138, -1.8676814208482133, -2.7241369005166147]",-0.72286314
2011-01-21,"[0.22618457870926534, -0.7692767216106233, 0.4139338757568112, -0.552854526538038]","[0.4147609961162646, 0.44710947564751896, 0.3260629426001508, 0.34836722544067383]","[1.0932931334344045, 1.1567320120450488, 0.9790359017816966, 1.5804140705795724]","[-1.4035782791425082, -1.4628422157205152, -1.2847860307428305, -2.1311359806692547]","[-1.7909711972329976, -1.9342114784995836, -1.6655254336709822, -2.849516946633801]",-4.71452815
2011-01-28,"[-1.7616910758285087, -2.5685142195267296, -1.3952790122585768, -2.5002932682550494]","[0.0023647578561542476, -0.024541054239790396, 0.02740608657551014, 0.07593781892101649]","[1.0554579975094092, 1.124982393298931, 0.9537500618995459, 1.5085255025160476]","[-1.7533622313297799, -1.8705971959526113, -1.5568593897285725, -2.405782726583218]","[-2.1647337146777423, -2.3394004072955386, -1.9128007929839783, -3.0615424923521974]",-4.00880942
2011-02-04,"[0.2825058680261172, 0.5558150882976953, 0.24749613019103833, -0.221053784380576]","[0.2153639548216776, 0.20259924225803655, 0.17961380487772796, 0.2526912302394271]","[1.074099736893944, 1.1545389038235914, 0.9734628710698354, 1.5451040053059466]","[-1.5188913878032135, -1.707858819471177, -1.3928142673619834, -2.2220903275688264]","[-1.9510707133572232, -2.18944798903126, -1.7805123087236852, -2.940645867904458]",-1.45063526
2011-02-11,"[0.5952878662943917, 0.719532763079922, 0.3589001761577393, 1.0313460615348546]","[0.2516006277550188, 0.19930289626739062, 0.20899270484819943, 0.2563567519194404]","[1.0687280891936028, 1.1371522796205524, 0.9584360377922573, 1.5274268462846252]","[-1.601252878540871, -1.7403281744898664, -1.3754691321771444, -2.2734016097822507]","[-2.0542528762674634, -2.260550034644983, -1.843495324699541, -3.0777980293207374]",-1.00324987
2011-02-18,"[0.2083330257200089, -0.22113020035696707, 0.5917638155731098, 0.21263020684862965]","[0.07835219304582317, 0.1764733893210053, 0.07764798578984404, 0.09375818365224207]","[1.0542930652765177, 1.1206228773610525, 0.9365620614341724, 1.5156754346329904]","[-1.610266257891864, -1.6049369332966907, -1.4486428490518413, -2.296731572165355]","[-2.1192497738166134, -2.1610897689340303, -1.887087529670495, -3.043786655773402]",-3.41315605
2011-02-28,"[0.6176950845945939, 0.20439245939973816, 0.7873787588705383, 0.29523323738667173]","[-0.013043080774245456, -0.02105207249779446, -0.01882671703327529, 0.06610810246299596]","[1.009038374048788, 1.095824772290412, 0.9099582533843692, 1.4297051035965482]","[-1.6499757668320099, -1.8157224939404435, -1.4372190747761593, -2.163974838581325]","[-1.9963594372017701, -2.2259186810142593, -1.8088989248420884, -2.769462159395214]",-2.25738705
2011-03-07,"[-0.7882105646641158, -1.3494708034447633, -0.65828675945383, -1.4899381409957613]","[0.10534591187410217, 0.1752958417055002, 0.10304500275626956, 0.0625485247603171]","[1.097403033459575, 1.167723855282469, 0.9849263280859963, 1.5752188308201724]","[-1.7150126637569443, -1.7646665398270358, -1.5324552461307095, -2.597455513929449]","[-2.168543688574397, -2.3058777182582624, -1.9453922167009614, -3.2348256491396183]",-2.28593572
2011-03-14,"[-0.6055840267932489, -0.3546110591121199, -0.42633508836580347, -0.6915455796711711]","[0.14005406709068652, 0.0615725683402634, 0.14440872023101645, 0.21339037789195017]","[1.0444181127598144, 1.117397171824294, 0.9332350418243456, 1.5109090741369844]","[-1.5883989750251892, -1.836965187532745, -1.4132734096561959, -2.3820115491580673]","[-2.0127239854641834, -2.2223119461957355, -1.7609179293725175, -2.956091927732234]",-1.29367232
2011-03-21,"[1.537884910396503, 1.9099509008191795, 1.4899662873849806, 2.2534447655557344]","[0.03350043788847314, 0.23338765625120836, 0.003116278439341904, -0.059754156378308845]","[1.0513226040050037, 1.1389230317369703, 0.9435571789768772, 1.5298872164400894]","[-1.7398475244545337, -1.6487725965010083, -1.5283260033536543, -2.6079997980217358]","[-2.136642617845945, -2.114911930775632, -1.9416599177022769, -3.2262111006564043]",-2.18023309
2011-03-28,"[-0.24402081689345323, -0.5468885466473061, -0.18600597684201858, -0.3523714631584518]","[0.03614744384605949, 0.1507297858251694, 0.057474776056965625, 0.02098413873290849]","[1.0534263665069987, 1.1313066723485705, 0.9491242991045757, 1.4731658015642752]","[-1.6194540874815413, -1.6380526377193891, -1.4597907189333246, -2.4321226342163]","[-2.0400488534860743, -2.13984837978083, -1.804388639235132, -2.9795326803508977]",-1.09634233
2011-04-04,"[0.08260291980421997, -0.33121316836037806, 0.18816516999056176, 0.29006183511528505]","[-0.022537836699979958, 0.020927393141180244, 0.005969909205075602, 0.019972970735208904]","[1.0898700767787393, 1.1828527292151576, 0.9684326042649336, 1.5417787077724399]","[-1.8032560641939555, -1.9321916135202037, -1.5278706952075303, -2.408020416973984]","[-2.2584224680241562, -2.442215381378031, -1.9539738114504663, -3.167766573755403]",-1.34330775
2011-04-11,"[-0.301484845410549, -0.3341843562654212, 0.008566642209650865, -1.030171197024199]","[0.16361043309295328, 0.14266920565899555, 0.15714493453900824, 0.15189152810961953]","[1.056138803525404, 1.1402856464100568, 0.9454736676930371, 1.5090353087956068]","[-1.5987684243284488, -1.7553860510796264, -1.4305267224628775, -2.311484748591818]","[-2.0964716121400184, -2.2379564577940974, -1.897069879165475, -3.0269640410509875]",-1.84533384
2011-04-18,"[-1.127209262720097, -0.7085821665834047, -1.1428059077037034, -1.4638482538066988]","[-0.01883053663206852, 0.0623509866727135, -0.03573940878313626, -0.018571736170835518]","[1.051730682004641, 1.134377318037899, 0.9447890393601631, 1.5236643371037377]","[-1.674521964347134, -1.800586229735831, -1.5057631069920754, -2.3946478986307773]","[-2.1103562771152453, -2.2607565050497893, -1.9096816953581088, -3.0096474408704084]",-1.60896717
2011-04-26,"[0.8568379423234518, 0.5626057916465754, 0.9211554551770362, 1.1167480853770506]","[0.1024138210310314, 0.10940001951949882, 0.1054947631430889, 0.12188002256618087]","[1.048464290507184, 1.1198870746517557, 0.9490667981165798, 1.4888251519661044]","[-1.6577146249447972, -1.776519012058699, -1.4486858242962544, -2.2561921070581614]","[-2.0518895956067853, -2.154675282669457, -1.871308549797282, -2.8523640867706006]",-1.27748064
2011-05-03,"[-0.36040268758741334, -0.47593206358538254, 0.0011665099126645373, -0.8608874685447354]","[0.17944104546892325, 0.20979566043458467, 0.1740265830789532, 0.22128465728319008]","[1.0682113264690287, 1.1763073474462238, 0.9673244243315455, 1.528189691886451]","[-1.5383300385468481, -1.8035526527810328, -1.3832426338907555, -2.2459541567160906]","[-2.0511777738941874, -2.2567622199219826, -1.840791420731178, -2.992137639684658]",-2.00393441
2011-05-10,"[0.84999823939782, 0.848330974192546, 0.5948579595054682, 1.5934754022166153]","[0.03679420252559671, 0.10133068346822634, 0.02988028439595119, 0.05786186823626626]","[1.0469534275074082, 1.1308903694193209, 0.9544779771569654, 1.4889529286216485]","[-1.7797945141483982, -1.9256985914690592, -1.6314233159795086, -2.4828446126676935]","[-2.2240665618616964, -2.3590373617417497, -2.0286852573570986, -3.1186977612571734]",-1.46315265
2011-05-17,"[-0.015021531916659114, 0.28009884624680126, -0.5497068091754542, -0.31449325125691985]","[0.18576597074855158, 0.16901282118173577, 0.18952185088240733, 0.19543121221593907]","[1.075491341513914, 1.1582343764531018, 0.9762412903349277, 1.5380621135928978]","[-1.5777478825200744, -1.7170170289563569, -1.419205006054979, -2.3564695573476904]","[-1.9705833439126572, -2.146049751915083, -1.7602618227711866, -2.89712237150904]",-5.43826275
2011-05-24,"[-0.08335383500295279, -0.6167752165596951, -0.20252522804184991, -0.45659240126321166]","[0.09458700495840668, -0.008485897700420391, 0.06696613609750736, 0.044550610330772386]","[1.0250417737553104, 1.1037908721155563, 0.9315325800700405, 1.4556550552202934]","[-1.5857343500332755, -1.8313294878899802, -1.4654730547147843, -2.3644135310014596]","[-2.0207611650850867, -2.291039760213129, -1.86504575090878, -3.010880113890433]",-1.58523111
2011-06-01,"[-2.2716856881051406, -2.20021852833705, -2.249903367694017, -3.0750917814835077]","[-0.11541365942461745, -0.04324960451859398, -0.10354200381892155, -0.07842868362257548]","[1.0111802684699744, 1.0849668598327562, 0.9221517304146992, 1.4337480761586252]","[-1.7937447129550559, -1.8316165611475335, -1.624247953302685, -2.4271256381349513]","[-2.1725436191833416, -2.31852258761159, -1.9840057651911909, -3.0724287839862656]",-3.53450266
2011-06-08,"[-0.4196051832711767, -0.7195444629465086, -0.18133857932056685, -0.9183837652580351]","[0.24195971261252983, 0.1519616253837296, 0.14193344341143255, 0.21036650331267506]","[1.0122620926730657, 1.1396398031207842, 0.9197153892137508, 1.4432303258263741]","[-1.380992401816418, -1.6663245556530435, -1.339939095963396, -2.2011101827826978]","[-1.7680801148104288, -2.104560854746317, -1.707021203127404, -2.687631379762377]",-1.67122343
2011-06-15,"[-1.7945366237732685, -1.9156145153530701, -1.4920233895413304, -1.651032285616516]","[0.0373836309228305, 0.11805360643028621, 0.03495011738543954, 0.13914658338976374]","[0.9934318808289709, 1.1107164662630291, 0.9105211473191455, 1.4423092317664095]","[-1.5795286936683381, -1.6860530504833058, -1.4186577155484346, -2.272447269350149]","[-1.9872659437307256, -2.172632263621547, -1.8265977272097749, -2.8542107435869815]",-3.32859904
2011-06-22,"[-0.6044056241444551, -0.7250589138127594, -0.6612448701108775, -0.7375941922225238]","[-0.07692779143350265, -0.046333197802437984, -0.07280319572691231, -0.012669113789633521]","[0.9688974063895168, 1.078554599533784, 0.8893770820753342, 1.3905272181340715]","[-1.724879593556045, -1.835593350387863, -1.5417339617457888, -2.265477897347283]","[-2.0768888125790346, -2.1964627809419874, -1.885683153518209, -2.899856361631642]",-0.82197100
2011-06-29,"[0.8527514587417961, 0.40936137423068786, 0.5949234062294195, 0.3856796089682035]","[0.025207317759242835, 0.1257113521324854, 0.038749782869940796, 0.096470414598722]","[1.0396324063547986, 1.1491317623035522, 0.9444179454966002, 1.472945047343173]","[-1.730639897081825, -1.855157614727556, -1.50042222507816, -2.408099019692827]","[-2.1463743044542842, -2.3209920581895016, -1.922310801716975, -2.983965928608606]",-4.35007106
2011-07-07,"[1.0322461233573499, 1.3608355268773131, 0.737575411609015, 1.5084369689397192]","[-10.600612869238594, 4.8007801488098005, 2.449521675189093, 5.076508715556426]","[1.3673360587571242, 1.0916975091255372, 0.9039699401527818, 1.4038308813313984]","[-12.896437007737225, 2.993612420618534, 0.9908813972975301, 2.8625497882291255]","[-13.415082453357224, 2.5215512224846277, 0.5452178964373353, 2.0509879127354353]",-116.09602196
2011-07-14,"[-0.6926313110838578, -1.1667560029625434, -0.43716936795910044, -1.5700996491212038]","[-0.012071425632390397, 0.014324943412252867, 0.002085637763080614, 0.04465445408718388]","[1.3942254419032258, 1.1095236841318539, 0.9145356400926572, 1.4194928328710144]","[-2.3260253295008773, -1.7430801472059558, -1.42106208553908, -2.289517842270331]","[-2.865436619049943, -2.2996377131455312, -1.891513784105043, -2.9072976327483393]",-4.07123102
2011-07-21,"[1.3775831053670196, 0.6633471975691307, 1.2057235604434169, 1.3554064234176266]","[0.2056311442685924, 0.1722948912279452, 0.05270305498683718, 0.047974590238602496]","[1.3880567463498212, 1.1494891868422017, 0.9215577161258298, 1.4529843821741861]","[-1.936987190239406, -1.6724874720602825, -1.4714001835698012, -2.3482027208329983]","[-2.5829838405508725, -2.1959614480335072, -1.9181157457856524, -3.013207908444226]",-4.53579954
2011-07-28,"[-0.29134740693042005, 0.1720448666861607, -0.5088245056187546, -0.22578583221530835]","[0.0481019288443607, 0.12796750272447907, 0.16625003160333526, 0.10570501494035395]","[1.4550621762156652, 1.1666172853493089, 0.9485216814254752, 1.464082982408688]","[-2.306746485982751, -1.7920891220572925, -1.3328480921544439, -2.2541570628848713]","[-2.8893127513242898, -2.270119139920649, -1.7358531350758286, -2.8223968414926217]",-4.04424954
2011-08-04,"[-6.844963160695183, -4.758456881864603, -4.4058504908539575, -5.699541897026084]","[-0.025904075678763697, -0.02492931756639067, 0.014865581856146759, 0.14842389046631554]","[1.3849841707957948, 1.1248137220271928, 0.908863599478206, 1.4049974842736999]","[-2.2537123261726286, -1.8232822427601427, -1.4779497281329954, -2.2121206568183984]","[-2.8260853053023585, -2.329621615658425, -1.7886216887055688, -2.722264099092757]",-16.81591254
2011-08-11,"[4.39061528378053, 4.310028999297177, 3.873368601241012, 4.576879906261855]","[0.7819112465432537, 0.8211918244540183, 0.9709972425575901, 1.0004206794632196]","[1.5193167059509751, 1.1847577545304528, 0.9936623856772994, 1.54366953757536]","[-1.720599530355748, -1.1373913095169326, -0.6094960951839424, -1.4405119393726498]","[-2.3242740982657524, -1.5713827617730964, -0.9601984367657128, -2.0652368999340114]",-7.77961602
2011-08-18,"[-4.407568877860513, -5.033055333298719, -3.7470017240696762, -5.332187133205579]","[0.053681680051933175, -0.016574306556152316, -0.046172000149367794, -0.05567089683533124]","[1.4847578245770503, 1.2310765603154705, 1.0379237048045442, 1.5709640608608653]","[-2.4321720203454804, -2.058702080783919, -1.8126371392902922, -2.7066124649259065]","[-3.148383568061271, -2.6660808169908523, -2.2220144542299836, -3.3344996745189577]",-11.15717444
2011-08-25,"[-1.5361550413237168, -1.645582246177213, -1.5210410471897973, -2.4334952782035124]","[0.8596846494623929, 0.577498100222178, 0.4193836651397046, 0.5298673701803402]","[1.5089446929034886, 1.2239189303543847, 1.020010091994014, 1.543370311380096]","[-1.4942280906477858, -1.4086214912798314, -1.2518443037520488, -2.0011261287231035]","[-2.2236103068397797, -1.8908374430463308, -1.7197522576797375, -2.677510147070883]",-4.37502636
2011-09-01,"[-1.0528161290723759, -0.9122304093412303, -1.0383048898463088, -2.408622284198625]","[0.2578615842137651, 0.13190515768569372, 0.07690882478491345, 0.03927127293859928]","[1.5383537928738402, 1.22059773753045, 1.04961817272328, 1.5807454671727155]","[-2.2922656791769023, -1.8513644561701337, -1.6012297405677327, -2.3858628583137174]","[-2.9615929953880933, -2.368156026971613, -2.0655907410060665, -3.0638997249664017]",-4.46985339
2011-09-09,"[-2.6559372400794423, -2.2498524868887593, -2.72522719889956, -2.8259243484129115]","[0.6366879213374941, 0.5060356008564538, 0.4755059052111874, 0.5692392306785006]","[1.5385660345397711, 1.259573610739281, 1.0801677812860926, 1.6311421641342239]","[-1.8016135357371266, -1.5487835905297973, -1.2985668250852085, -2.0007137797549714]","[-2.5183042077024003, -2.097378908244916, -1.7653659542389988, -2.790339149436592]",-9.13320657
2011-09-16,"[0.5901117258728661, 0.9124122137005308, 0.6617512449473395, 0.19049671021624803]","[0.37178940979028546, 0.13933127374710508, 0.02592227321688866, 0.02966735335681087]","[1.5781655248956974, 1.2790199276035001, 1.0836393489718281, 1.6454808227132292]","[-2.152375424344972, -1.958917598346744, -1.753062671623763, -2.655220717079135]","[-2.752768376598283, -2.4272938650576803, -2.1757454571538544, -3.327306298405483]",-3.65646421
2011-09-23,"[0.600716957195413, 1.0582552338552986, 0.3501501481942171, 0.9937510044672138]","[-0.26990137433039435, -0.011398662667158013, 0.05829585832729796, 0.08746750332001262]","[1.5731125937884356, 1.2727454280418449, 1.1115631766591505, 1.6728815469616185]","[-2.877287383034779, -2.129112533000323, -1.737221578749766, -2.60320473647521]","[-3.4828989990726105, -2.6134981843903855, -2.2449906190240103, -3.271789167585835]",-3.87528754
2011-09-30,"[-2.530661754540109, -2.6136906313885433, -2.180687949656779, -3.1244741694739453]","[-0.2591190587167474, -0.13879241071152362, -0.37675896758041744, -0.5943695083206232]","[1.6013576930078748, 1.3261929338210166, 1.1275622814294373, 1.7211229294857544]","[-2.9077142920203216, -2.3138054775735823, -2.1886076842041793, -3.3268820590281565]","[-3.4848529148813387, -2.917775159669629, -2.6660435960478384, -4.089346784739625]",-4.52838706
2011-10-07,"[-0.6718425718248433, -0.6636433337930292, -0.18185545049185237, -2.8844038302326958]","[0.4185811421369739, 0.2630847704722731, 0.06809513910378777, 0.055735117862843006]","[1.6208348094166773, 1.3128176035347219, 1.1392271261257425, 1.7344620575060592]","[-2.2998731533837, -1.8829272737272866, -1.8370214671539704, -2.731385307444244]","[-2.9890413607189936, -2.4271815557007854, -2.344139219503248, -3.6525598024120685]",-9.98661560
2011-10-14,"[1.6949524354692436, 1.8387699137909053, 1.4389647007519102, 1.8532320144362124]","[0.18141136338533873, 0.10749016914176775, 0.17729030582300845, 0.3054226533585571]","[1.6244925870815152, 1.3431347781254153, 1.138008202350946, 1.778318373286219]","[-2.570889755557485, -2.126528918297686, -1.6741281273786817, -2.6015713548135633]","[-3.194902680404015, -2.6072247812369183, -2.157923536194895, -3.3176060726434455]",-3.85371404
2011-10-21,"[1.8809891373416932, 1.246789267979942, 2.2870648135903338, 2.244045260006544]","[-0.3319241430614139, -0.28410788084866506, -0.3029388285478564, -0.4014205929725641]","[1.7020566523076897, 1.3809292287753923, 1.196389008388133, 1.8612941389319004]","[-3.2194018325242792, -2.5699658533150185, -2.345401550696944, -3.6391254510171356]","[-3.888799517602882, -3.1301892424994047, -2.8408133519263448, -4.3254030925550335]",-8.01867804
2011-10-28,"[-0.023349888720769485, 0.15282501092617196, 0.18462291393284147, -0.5498618339633055]","[-0.08154620482738244, -0.14470315457178765, -0.2316633067917311, -0.3893529876400094]","[1.6570256561682613, 1.376129824022568, 1.1735075885570745, 1.8276766621713534]","[-2.7798043093661744, -2.3559301680358145, -2.249135950978185, -3.3973132329061295]","[-3.366478200499774, -2.9664580360788166, -2.676529043986845, -4.192055751616656]",-3.47393485
2011-11-04,"[-0.6117867794093179, -0.5176972471840458, -0.5096584967276385, -0.7596842597091147]","[0.07898969364241797, -0.010496813461340064, -0.046704460689804314, -0.1301647855221124]","[1.6588267861080062, 1.3595849160555686, 1.1635983631715892, 1.824638366474124]","[-2.435536692839074, -2.2072051635730774, -1.8559698338792852, -3.0938709071179797]","[-3.167245142570035, -2.7616568076941412, -2.3898000266502577, -3.8335905236707184]",-2.92733314
2011-11-11,"[1.8646950246679062, 1.8669302740923932, 2.1609645696759827, 2.4250312974945842]","[-0.3485373479017431, -0.28097874688129015, -0.30707557172351074, -0.3816941273060887]","[1.7027493455373366, 1.367607718014037, 1.1949941324175135, 1.812126147774993]","[-3.2025813474103266, -2.507466349064479, -2.2709590195603475, -3.321837037483523]","[-3.8662039278564073, -2.8884189449491573, -2.6858688933904036, -4.0104072713104255]",-5.65323165
2011-11-18,"[-0.10654111519246001, -0.773221184406836, 0.2158087818481036, 0.34553158790080474]","[-0.12346608719635717, -0.0485804193356894, 0.11805263696523348, 0.019050740669262232]","[1.7417176702947772, 1.4478896733205708, 1.2566437513141386, 1.924684104102173]","[-3.068640757343656, -2.4875097981209016, -2.0079347842235875, -3.2832661142371187]","[-3.684388904302101, -3.019696491556955, -2.511476617385407, -3.916407771373763]",-4.54882414
2011-11-28,"[2.855535096115158, 3.420399818355424, 2.5610167061556055, 4.165501120872772]","[-0.14314157723216123, -0.1678566344328779, -0.08422083558111462, -0.08416768744052179]","[1.7535890049393816, 1.4343484073161354, 1.2469030824363254, 1.928497970425014]","[-3.050358547525535, -2.4989163411866584, -2.1790892042755288, -3.166969400705955]","[-3.788891041079334, -3.170132073397678, -2.741423278211529, -4.135055721509242]",-6.22867613
2011-12-05,"[1.0832815091346149, 1.089096604536266, 0.6502439231361734, 1.5774891985704365]","[0.09406383956287967, 0.10651995972478462, 0.03538342873615458, -0.003128051994983995]","[1.707556039838786, 1.3837491891422162, 1.2268036803694664, 1.8160083171829917]","[-2.8440569836413334, -2.291360697536019, -1.9993616561819438, -3.0777580259017654]","[-3.5892759463365733, -2.8456446802915125, -2.571086358072149, -3.9089944162547554]",-3.62026767
2011-12-12,"[-1.4705260211451687, -1.1287163507692988, -1.3457408665965787, -1.3178538239992932]","[-0.1785107849512964, -0.1139553336549959, -0.3224077448635451, -0.44567207850739377]","[1.686133140780734, 1.365660876678784, 1.1973551104312026, 1.8210821014941139]","[-3.045464584680622, -2.412861250968688, -2.283986693836029, -3.5842056689799167]","[-3.7977565685184804, -3.0715181303581756, -2.9231703202450916, -4.41363683344751]",-3.61413512
2011-12-19,"[-1.0749812167600403, -0.9891648459487534, -0.8473903833062124, -1.8997545973236996]","[-0.04349568592315437, -0.029954254202982214, 0.005709866117684585, -0.12380830280486232]","[1.6947087711148234, 1.3819786653150785, 1.2399354925825243, 1.872492929548871]","[-2.868430629135367, -2.28726702652223, -1.9712172054998438, -3.16832873049694]","[-3.5216987262637565, -2.961123902088817, -2.613598290826829, -4.042806677209886]",-3.48892859
2011-12-27,"[0.07909803145746963, 0.28492510929210013, -0.02156080798840776, 0.315937104764874]","[0.18981383813813654, 0.0857250105113975, 0.06009008239497868, 0.04468072231156365]","[1.665374077525811, 1.3730710618561606, 1.197384516591832, 1.8638242714624147]","[-2.496328855653512, -2.0928981627646404, -1.9555537598633512, -3.0813130746388544]","[-3.1754788726787986, -2.781882451540058, -2.43711089150738, -3.8878977398064394]",-3.10463120
2012-01-04,"[0.15675797444991701, 0.4208999465697971, 0.16956942924313267, -0.46459166434873467]","[-0.06356996071406372, -0.14780994222652988, -0.1606700075243656, -0.29389116661880466]","[1.6131212523729175, 1.3627477130345322, 1.2084019979556784, 1.8249445808568099]","[-2.7809747658113078, -2.3499712825131307, -2.1546947157855194, -3.278496283078426]","[-3.3960779417650144, -3.052488297652069, -2.7157995126904315, -4.151225434982397]",-3.57779113
2012-01-11,"[0.05420050948785615, 0.2065788967883897, -0.10452426980833707, 0.4418598620924641]","[-0.08952380375198364, -0.07313558375433807, -0.07338033193535733, -0.24408082664805997]","[1.6290387913897388, 1.3640754154606183, 1.1939895920280528, 1.8208658707843302]","[-2.684201284722994, -2.242337820371475, -1.9838200607646255, -3.335156270612068]","[-3.556445047363821, -2.961265868170157, -2.574441635516754, -4.143746838158462]",-3.41860385
2012-01-19,"[0.5262562990771436, 0.6199753239222616, 0.3573421555872258, 0.3331169371030285]","[0.05993738256195293, 0.05870026957094639, -0.10583144609266247, -0.19829455708019725]","[1.5895344860279175, 1.3478482390620177, 1.1514450271478327, 1.7372230306361094]","[-2.464174619682478, -2.1926504216626452, -2.009488847772981, -3.1220695597828345]","[-3.1604372573268025, -2.7552646813862918, -2.536341822264033, -3.839431225490566]",-2.86420043
2012-01-26,"[-0.5142939413183001, -0.34811991120502483, -0.1900070744492055, -0.18509039184610998]","[-0.00738857279886731, -0.035428550137514454, 0.08473749531561595, 0.042362472471258704]","[1.6546616719905527, 1.3958679961256901, 1.2369071109026681, 1.8494309043968178]","[-2.7468290921110254, -2.3827436160150635, -1.9739339351672545, -3.0202128806040776]","[-3.428131619934396, -2.9042228546460613, -2.512129799874198, -3.760860166826341]",-2.87225725
2012-02-02,"[0.15841924784920636, 0.3109017630622546, -0.08693145397202784, 0.5444983094301747]","[-0.03874919341591214, -0.03924168989487813, -0.05140852685053131, -0.22002184304960234]","[1.6379482297928922, 1.3002575647457906, 1.1350371644524078, 1.748577992383733]","[-2.7037312360184775, -2.1535781420309084, -1.930946511632994, -3.1687286145092304]","[-3.321232294800061, -2.6986218321970314, -2.426183111395582, -3.866925468136641]",-3.59575037
2012-02-09,"[0.1256844841388549, 0.717877953565349, 0.05051366908421784, -0.5210528625696043]","[0.14989987841333652, 0.14186462392204227, 0.024762402407921717, 0.09269521481397076]","[1.6290512464851783, 1.3134183017310967, 1.1274013299560484, 1.7256084025367349]","[-2.6514896831425374, -2.0536598727703783, -1.8387088713130264, -2.7549145743189176]","[-3.333461020368958, -2.6339038670622115, -2.3120595620704862, -3.5031235355610035]",-4.23305000
2012-02-16,"[1.101235028961156, 1.360793833880436, 0.958775144794366, 1.9651908943928653]","[0.13268434784528227, 0.1356073786028316, 0.044146905611857946, 0.13811771744732113]","[1.6141019683270414, 1.3147225476061275, 1.1481188770674151, 1.7612509802434924]","[-2.548410074540614, -2.038163037101267, -1.8589455091338114, -2.7026164169573885]","[-3.1697183947488936, -2.4191940837175654, -2.243872807856539, -3.357262927965451]",-3.46998053
2012-02-24,"[0.21935574839346828, 0.34448458451921127, -0.01340283493149741, -0.37161877525653253]","[0.10494701096135799, 0.04809371112817403, -0.0811286702562061, -0.07195869352718352]","[1.606880977348232, 1.2687840528563847, 1.1174331137844056, 1.66179454377902]","[-2.4817114985627926, -1.9377564933399716, -1.8418285257171327, -2.67608665837342]","[-3.1308682298027772, -2.432011329463922, -2.2915173671454654, -3.2922087141490355]",-3.17284660
2012-03-02,"[-0.32714519749479365, -0.07703112843762128, -0.021030230905338954, -1.4256991424982601]","[0.04198509825743615, 0.055223050445461844, -0.13785443196931876, -0.0382243042218151]","[1.5165735738046484, 1.2482319318622404, 1.0728838069914848, 1.681797988688018]","[-2.4088522245887702, -1.9189936698494594, -1.8235795040053895, -2.775164987753203]","[-2.9822506446473165, -2.423291776455782, -2.281040770941599, -3.447438755082067]",-5.35786355
2012-03-09,"[0.4006441504940561, 0.41610664697495636, 0.10901373017073723, 1.4053060104908255]","[0.15852829242477215, 0.07012622412694886, 0.03627787751649669, 0.0020855928400655903]","[1.6337254729716708, 1.3140753399691307, 1.1545397906487618, 1.7458536636024709]","[-2.462298853159586, -2.127877329191556, -1.796969636483082, -2.7587046830781454]","[-3.1296672564021724, -2.659444204251936, -2.2604607133726753, -3.544689560645383]",-4.70495310
2012-03-16,"[0.13826420513103344, -0.07061777205912279, -0.15208166888882602, -0.04100012231660344]","[0.04998408580655577, 0.06430400474597098, -0.15169671701241055, -0.18836841528295684]","[1.5347103337394041, 1.2512138724119393, 1.0982488074031416, 1.636267474389589]","[-2.575367087667765, -2.075396073563765, -2.062644861322146, -2.9126921262564536]","[-3.153402833560836, -2.562076977079713, -2.4804904250244584, -3.6245021844074596]",-2.77053614
2012-03-23,"[0.38013136100047973, -0.06119270328914794, 0.2647919178890845, 0.9385794141675952]","[0.13791374341532603, 0.19418743392373902, 0.18183457827823662, 0.31819765183783005]","[1.6233259103505686, 1.2800467685383579, 1.1131579861037568, 1.698109016147239]","[-2.543597420235164, -1.9515479789951615, -1.621924512176356, -2.5515315648729726]","[-3.2316179058572176, -2.4903524467302645, -2.101400083657712, -3.14831777168428]",-3.47763674
2012-03-30,"[0.35597998441065926, -0.19225152017021685, 0.5024674883996383, -0.3966323401159322]","[0.045955477832824096, 0.09339842381577054, 0.16188966227226476, 0.1336243310038606]","[1.6082593640063971, 1.29555571955021, 1.1137733767865508, 1.683362540113319]","[-2.710480970356931, -2.1298957554433686, -1.6024900044208212, -2.634975942880696]","[-3.3597187873020213, -2.625627018909124, -2.1096515694656706, -3.33972273990413]",-4.22437425
2012-04-09,"[-1.1294659366832605, -0.7559957943396256, -1.0046345309040916, -1.5134814441700506]","[0.001681770564384413, 0.017642393661944897, -0.03797136659795741, 0.11137815003636506]","[1.574045046552674, 1.2668505301099129, 1.1042253631620085, 1.6857017364714975]","[-2.5700145782077097, -2.169259821120621, -1.8540778969849092, -2.631959104683927]","[-3.319550800878817, -2.635814236552057, -2.2940591804539414, -3.3643175086378676]",-3.39036137
2012-04-16,"[-0.06560338655026143, -1.12432230019186, 0.5573752352274752, 0.5409164213222795]","[0.38207932051702853, 0.28444151139062684, 0.19558012757150212, 0.20410808551118706]","[1.585428327937087, 1.2393349317526194, 1.0969218028669383, 1.6784295202403905]","[-2.1909529033368567, -1.811501710127222, -1.630091778647943, -2.6231465714302287]","[-2.7627077043234256, -2.27956408197803, -2.0765785644013737, -3.262517930199584]",-8.42222969
2012-04-23,"[-0.8444191551669533, -0.9177210947621361, -0.7866291906140077, -1.3777550092116009]","[-0.053440853238091696, -0.0674896362611818, 0.0024232973506641427, -0.16839515703020183]","[1.5975225126031225, 1.3058787826563254, 1.1536545071096067, 1.7518649391196213]","[-2.7710595758399217, -2.2173452867110965, -1.8305000096408106, -2.992906123367424]","[-3.3599860080638226, -2.752479441037078, -2.3117031955989513, -3.70564995484649]",-3.04760544
2012-04-30,"[-0.3710556006325305, -0.7164800396478377, -0.11103347020480214, -1.1621640538857392]","[0.10770300034861029, 0.06831387078638146, -0.00244782070243777, -0.11006483000533344]","[1.5232415405753121, 1.2398610078679648, 1.0740028450467676, 1.6289255313332882]","[-2.379444921859129, -1.978817858362607, -1.7902826218780878, -2.7310806773010623]","[-3.022216478839017, -2.461629119711254, -2.1918862926084146, -3.4413295573595017]",-3.91786418
2012-05-07,"[0.07294914362168115, 0.09266350680237068, -0.22835214422656236, 0.3577855870383395]","[0.01723772071107102, 0.12806146835129312, 0.09301045517918978, 0.09638338518238516]","[1.5380407434771775, 1.2779673436287005, 1.109705759499472, 1.6397676927593867]","[-2.540541620199281, -1.970273841355607, -1.6951125629174704, -2.5740233416320204]","[-3.172655607685144, -2.466480598124969, -2.1777672064961147, -3.3108580714699225]",-3.45345179
2012-05-14,"[-1.1122562519751078, -0.9392709691105949, -0.9817467891224396, -1.194895294557874]","[0.007159914179837535, 0.04135466572909698, 0.06295928300837579, 0.044038056289420695]","[1.6030355489157748, 1.2978034552953108, 1.129721710912671, 1.6913459156225878]","[-2.561843530423226, -2.034656388211878, -1.7670850927688253, -2.81014816176022]","[-3.2599292978872705, -2.6749640710530445, -2.281196273729721, -3.5854944649024647]",-3.25682553
2012-05-21,"[1.7042209355828675, 2.7572367426946798, 1.0862964281296072, 1.8209389095952488]","[-0.10614937722071853, -0.026154636389448403, -0.051891766133766205, -0.011794362051100639]","[1.5951156884351285, 1.2629565237449936, 1.1116362834056446, 1.661017593022481]","[-2.824384881956844, -2.1789637182137445, -1.9728113394887694, -2.874794432272689]","[-3.4814761033288084, -2.63444376684304, -2.353957718745612, -3.384281851603671]",-7.95661119
2012-05-29,"[1.203889611342568, 1.2647591572847006, 1.0054623016403141, 1.2751982904058323]","[-0.10687300693785329, -0.028219059608355926, -0.011066427893639916, -0.10746088692049661]","[1.6148359784823267, 1.2885288531480017, 1.117358973896188, 1.687091768140406]","[-2.7678264107142794, -2.2032389655736404, -1.837929543245681, -2.8973793494721476]","[-3.3758939424610763, -2.6621382126629562, -2.2489811240459296, -3.5440054076669543]",-3.34198782
2012-06-05,"[0.7543496226803725, 0.40987145468642794, 0.21866162103094666, 1.0947207373231294]","[-0.28219586546912445, -0.12931085209657636, -0.15239969005860335, -0.03388857748011921]","[1.6041295515447824, 1.2771895137979465, 1.1315109445272373, 1.6846694637878032]","[-2.953669648636321, -2.205014114766516, -1.9672181603620738, -2.6626432536644784]","[-3.511615711406839, -2.6087610983177005, -2.3683044628693035, -3.299184734232447]",-3.37957957
2012-06-12,"[1.1425320963046381, 1.2142092407088079, 1.3013519881607039, 1.17762756718518]","[0.20908544922888259, 0.18488234804731735, 0.22876855413310188, 0.32155866692574747]","[1.5808605090656693, 1.3116324182277352, 1.1206121275456833, 1.6822586909708477]","[-2.379526030045336, -1.9653865691901269, -1.577199258538088, -2.2832708716969203]","[-2.884307326566343, -2.4698782643105215, -1.9825400149296157, -3.08504485685189]",-3.63569612
2012-06-19,"[0.9626359958317288, 1.0312213495199174, 0.7467819874745985, 1.7976805907632176]","[0.12113082065211045, 0.021356571195410387, -0.03217716363530859, 0.010703819190997443]","[1.6294578710259418, 1.304060866507702, 1.1408414693299405, 1.69336886203225]","[-2.5645112970554806, -2.136622731596206, -1.9257775666043335, -2.7573727638587178]","[-3.2703479607159314, -2.612286183699958, -2.310179672905203, -3.300698487972632]",-3.61061530
2012-06-26,"[0.501361556436386, 0.6257290144326078, 0.2556959333301023, 0.293217691808767]","[0.254116960286333, 0.19135307223553216, 0.29196325798424505, 0.28279279452352013]","[1.6137808681399268, 1.3444444555850434, 1.1540789822702304, 1.7354387334365005]","[-2.2730544070701466, -2.0253776167100512, -1.5068626109002816, -2.5684516804162656]","[-2.876769881532979, -2.5232874861790946, -2.0065143645771273, -3.1903291572321293]",-3.19270616
2012-07-03,"[0.6570898828709204, 0.8356939642461647, 0.5599120618994036, 1.371220605615786]","[0.40518773596809127, 0.2484197932191176, 0.22145418212946077, 0.11015193315865593]","[1.5462158361321134, 1.277688095047718, 1.0861455390758508, 1.630150542895105]","[-2.070128656760006, -1.8765565268967908, -1.5559217566389936, -2.596434262161233]","[-2.6626625998382276, -2.4025495869293443, -2.037919095480953, -3.1892315510107103]",-3.51179791
2012-07-11,"[0.014887953291253808, -0.5538572203074743, -0.3847536027478782, -0.22804565525254006]","[0.0796232888869267, 0.07678566806619218, 0.0612486607104608, 0.11284972864370767]","[1.6120062899764436, 1.3206014095270528, 1.132428644768676, 1.690169845116976]","[-2.5386530142941073, -2.115863303436886, -1.7164978841378014, -2.5858727460980817]","[-3.21568426019981, -2.616931708763508, -2.1960950138400324, -3.2481384188312625]",-3.07825826
2012-07-18,"[0.7379814364245618, 1.3446329436955118, 0.8023628358417412, 0.4520216177152925]","[0.005432439177272808, -0.002166062338443693, 0.017716840368493164, 0.030491706729616177]","[1.5946947390470865, 1.2989166980948341, 1.1309078640538306, 1.692918822755669]","[-2.6398823543667436, -2.2277496293351606, -1.8736379968786196, -2.7508615743446385]","[-3.265570517741775, -2.6998889711483156, -2.388871789526092, -3.5243582875411357]",-4.34235554
2012-07-25,"[0.02236611429697888, -0.6693274828526441, 0.4643873498258344, 0.044193750854937264]","[-0.12208328992898632, -0.06337195104920013, -0.09419561620557486, -0.004010866756125834]","[1.6160719396819543, 1.2876308428846905, 1.1099749698422234, 1.6630837225844397]","[-2.8067776219644105, -2.3361333597129, -1.9789318277789434, -2.855895656545989]","[-3.2931836188182717, -2.7459964611602703, -2.3729807004911665, -3.3983250767106465]",-5.28164164
2012-08-01,"[-0.08717247759104652, -0.29366088127158463, -0.25052957882678584, -1.6682890422011099]","[0.14082500525473327, -0.0062512618560680855, -0.018157274089018245, 0.034481941929250026]","[1.6533541989795535, 1.3627491904045637, 1.1581524729045602, 1.7293816140095462]","[-2.50296825373818, -2.2359700655922663, -1.8593760354939413, -2.8513082073135103]","[-3.248460903957481, -2.781974352443578, -2.4403362919320672, -3.5647621174213038]",-5.27218854
2012-08-08,"[0.1210806825114652, -0.04504707495431859, 0.05344622111973507, 0.26875766989027383]","[0.14589793753636712, 0.07618494889967094, 0.07302757024549655, 0.008211119565196384]","[1.576129045772007, 1.3120224754005003, 1.1127621291117855, 1.6397525981585501]","[-2.350564459068453, -1.9981585761126714, -1.7103591085585876, -2.5360048204715113]","[-3.063085079821335, -2.4655311044204846, -2.1333181755052175, -3.239151434113192]",-2.96637317
2012-08-15,"[0.11359213483013164, 0.2532238046266677, -0.05588580759994244, 0.7907434329393226]","[0.16280631004530186, 0.05578295841261864, 0.059342695351819345, 0.10347416465754679]","[1.5942537324022945, 1.2973988590209875, 1.1037835695367322, 1.6413631915892537]","[-2.462340671717761, -2.1881642469468594, -1.752625194977769, -2.5757499087544304]","[-3.0590423878481747, -2.607897256777393, -2.224486887339545, -3.240803006806964]",-3.59033093
2012-08-22,"[0.04231361437447845, 0.40997160553990497, -0.2336966701498966, -0.6366701484518345]","[0.011773681229087798, 0.034333238176249885, 0.03959455335096951, -0.05859287907879245]","[1.6678982212231594, 1.3517494131434276, 1.1775306641401928, 1.7141828804496533]","[-2.7292199739008955, -2.1662339554377303, -1.8767392206699949, -2.8653172535323623]","[-3.4352466306545764, -2.6826894988267727, -2.4477403417383243, -3.5239724685752116]",-3.80898644
2012-08-29,"[0.07776807716037837, 0.0, 0.03426340637151526, 0.318930240782489]","[0.003894301584092345, 0.04819561353245195, 0.10413999169978955, -0.01845233353737335]","[1.566222012790557, 1.3491748300021256, 1.1452301670840137, 1.7069719518153719]","[-2.607393298118975, -2.168361409009599, -1.8098151090872503, -2.8621019974793542]","[-3.2772356758396537, -2.6951967876895417, -2.3180586122923823, -3.607218415608991]",-3.06100802
2012-09-06,"[2.016299741929828, 2.195659789992721, 1.8567300497217332, 1.775771759234246]","[0.17282692553160436, 0.10000172321937778, 0.246197819336331, 0.1747691566929229]","[1.563262883762162, 1.2966200432743418, 1.1024476045124347, 1.6497394028305574]","[-2.4768784698331983, -2.110260628166583, -1.5901061477052605, -2.5180280850020145]","[-3.0172939374952303, -2.701372591607006, -2.062361354932015, -3.2766098260689684]",-4.77432639
2012-09-13,"[1.5871602169437615, 1.3430869700249204, 1.5369571793872439, 1.4836716735563193]","[0.00682231849722273, -0.028024808753240378, -0.05949273598171004, -0.17156502529762557]","[1.644540597977253, 1.3527107685611872, 1.1981522679813965, 1.7598960194863054]","[-2.8037015184631695, -2.343685729068431, -2.1042112038707965, -3.139790989405696]","[-3.6605771029186642, -2.927971623286475, -2.61967285292972, -4.017211054282822]",-4.04691285
2012-09-20,"[0.006805067219062266, -0.09947032369312936, 0.13961199688878878, -0.3827873639533408]","[0.1380271000208887, 0.030458584338177316, -0.06711977589182043, -0.014416392641514356]","[1.5381905986402342, 1.2826385193553975, 1.1007582286663098, 1.6335942509275656]","[-2.319686020784798, -2.065645850089542, -1.7580257722944843, -2.6715095900245927]","[-2.9733500781407742, -2.5821804139959013, -2.2679248928135443, -3.2831810459518267]",-3.30637826
2012-09-27,"[0.9930591218401119, 1.3688868636485552, 0.5387470434980557, 0.888275319070253]","[-0.006624999951703371, 0.0017185264392027722, -0.014709384066387674, 0.01689784135389752]","[1.6078913759962323, 1.3497537726120032, 1.1386047763970188, 1.6838222615232545]","[-2.6530413129641195, -2.1901228873539993, -1.8111738166651352, -2.7474177215913302]","[-3.2317581678156957, -2.8362409729866367, -2.3341778803658833, -3.409457199490262]",-3.85807426
2012-10-04,"[0.8237799671520385, 0.3467059577248577, 0.5966038169145094, 0.7652288194451629]","[0.09095553296532534, 0.03925263390664358, 0.03940891215280586, 0.07862096300640593]","[1.6088359884594818, 1.322455818663142, 1.1227944480367937, 1.6704299251487411]","[-2.551367359792029, -2.0922661573929933, -1.7896233782525355, -2.6637491324988445]","[-3.325944431312742, -2.730112753123038, -2.342559648635658, -3.4401032486628385]",-3.00512865
2012-10-11,"[0.05583363164829436, -0.31429728933023426, -0.13932625477846017, 0.4619616793086756]","[-0.21753187837031177, -0.1059609474307225, -0.11488456779102237, -0.1594399182477018]","[1.5866653850474326, 1.300173952895667, 1.1212054668204736, 1.6453935974950806]","[-2.860261539325665, -2.2436411441009025, -1.8580904773472624, -2.831558536693389]","[-3.3986321232647567, -2.7818900242373785, -2.3896616623631552, -3.55893571683463]",-3.51664447
2012-10-18,"[-0.20545069078243827, -1.1671975976766724, -0.05946740912570192, -0.4966071162112229]","[0.1358480670554419, 0.06929204352914084, 0.023805743606148327, -0.1503567028996254]","[1.6185920321047307, 1.3000131653151692, 1.0971828716327845, 1.6379942917762949]","[-2.5928882559185573, -2.0870647632283594, -1.8043249397999246, -2.8737542045765747]","[-3.236698431290398, -2.644528211008926, -2.3090074180217655, -3.5813418542138584]",-4.76544028
2012-10-25,"[0.26904528839404307, -0.0061245872302606585, 0.2012137753983012, 0.3713025523750524]","[-0.044319280660158236, 0.0464567657882014, 0.20835251273424252, 0.18532925453353424]","[1.5803923382479423, 1.231848759258828, 1.0717107219367603, 1.5846005219379535]","[-2.608376789668943, -1.932684616931981, -1.502280147949521, -2.347515363122244]","[-3.290955225621362, -2.4404717938544476, -1.9976750276872235, -3.0738946708307715]",-2.80446983
2012-11-05,"[0.23991307584134702, 0.6576031080389733, 0.1471456714391195, 0.4524659725341884]","[0.3332153033540835, 0.24673880740989174, 0.24971163603860355, 0.2667537598502389]","[1.642668544176648, 1.3319379510648803, 1.1287981551156132, 1.6791693318002772]","[-2.423135193348782, -1.9880324182888711, -1.6273967670372458, -2.4160695247834245]","[-3.160105392899868, -2.6617213306369663, -2.084563374103083, -3.2112506639875993]",-3.23209526
2012-11-12,"[0.05790213321539284, -0.015730796662438706, -0.002415094250274308, -0.29701724658988127]","[-0.3006131714305987, -0.25180478415287827, -0.28472118167626953, -0.3459405746938549]","[1.5705169186021672, 1.2996725422452733, 1.1358891088118255, 1.6504375428834872]","[-2.9517530873352906, -2.3861849351444917, -2.0920656778542766, -3.2118500067185023]","[-3.6439406391657228, -2.9635442709976645, -2.6669270519926496, -3.856506334035253]",-2.91379552
2012-11-19,"[2.032746495871418, 2.3478354640299237, 1.6360922353566565, 2.1216186354635624]","[-0.04834414862728038, -0.029291444946757086, -0.11052470169315985, -0.21256806876569997]","[1.5643669146375, 1.2830826025488486, 1.1116074945553671, 1.6090643345648887]","[-2.640576387228574, -2.241619810959504, -1.952127546602979, -2.885152385011799]","[-3.2596643429766057, -2.7690568103812154, -2.409770725722758, -3.583907793832061]",-4.46788209
2012-11-27,"[-0.5117279065534497, -0.33966278151869034, -0.6905693807029323, -0.1391845480889664]","[0.17619443328689047, 0.05877289871202213, -0.017754795794798932, -0.07822840070092361]","[1.6242979594311624, 1.3605852915418104, 1.1648795310234312, 1.6983253336843296]","[-2.595787441920083, -2.2834949964094036, -1.9959313014123912, -2.9927616728388577]","[-3.193580971383739, -2.7975986561631085, -2.4583850011513806, -3.6466169698442785]",-3.86874883
2012-12-04,"[-0.1415013828272471, -0.060862975154485355, -0.10664119106937875, 0.21817887717725526]","[-0.03141565585514589, -0.03845150949786063, -0.06850919953020047, -0.13894140004411504]","[1.631028318287772, 1.3284662919748425, 1.1101148306915545, 1.619396873807877]","[-2.7293927748787596, -2.249304934075775, -1.9354736254932612, -2.801286906972518]","[-3.4087008803474714, -2.7053245481894606, -2.381818574743774, -3.4871668853077464]",-3.00015231
2012-12-11,"[0.6785539711688493, 1.296859792612537, 0.5947443340716063, 0.874995757760999]","[-0.04610816837368645, -0.13472069161311498, -0.16743770145780051, -0.2440678599872252]","[1.5715639125515974, 1.2904747307765863, 1.1096151455258696, 1.621187572356469]","[-2.745090024421664, -2.219038223258368, -1.9764696315104804, -2.882238438854487]","[-3.2366011950425535, -2.6848717217722937, -2.4572958636079125, -3.5811996914558204]",-3.63842542
2012-12-18,"[1.1066988565207048, 1.509473480698098, 0.8694020028805483, 1.2999502132387875]","[-0.09781255724860602, -0.1288314717844782, -0.11657223604290788, -0.20061927159077445]","[1.6371776371164033, 1.3403424370900159, 1.1362542750070395, 1.660402010879098]","[-2.777881385919813, -2.3097341506638416, -1.930568591632751, -2.7675523956774986]","[-3.475118869339218, -2.784167338854465, -2.327467083232119, -3.5256488347141044]",-3.63448339
2012-12-26,"[-0.42238148062141434, -0.8799057046680048, -0.18542204959342, -0.5346456771793129]","[-0.010225898878317664, 0.027396195568179762, 0.08490300590650803, 0.12318042631037993]","[1.6242221280510156, 1.340040834213426, 1.1439324230530272, 1.6845677176658376]","[-2.730558833932322, -2.1791384933325566, -1.683610974477183, -2.519589370442169]","[-3.491095470707437, -2.800019672336999, -2.3425222084807245, -3.4902633984201685]",-3.41799388
2013-01-03,"[-0.2261764079382722, -0.519171522744788, -0.15810681543069194, -0.24428951756370054]","[0.3492714019440407, 0.10488829796456123, 0.007180363948230397, -0.13002497624303969]","[1.6969444279468986, 1.3705376148434774, 1.1602850319855857, 1.706490196318866]","[-2.4593120038273875, -2.1760537462939418, -1.9298411927566048, -2.8453732361176027]","[-3.204413242515273, -2.68927053504577, -2.3462902066919527, -3.589291993936433]",-3.25188665
2013-01-10,"[0.7917991135196978, 0.5972824764107543, 0.6009303524631804, 0.2819425351874294]","[0.06967932537758993, 0.06264835690389482, 0.05518336712298495, 0.06941847292480621]","[1.6251620872789614, 1.3327804721534542, 1.144097081795096, 1.7091307403586886]","[-2.7754759355309426, -2.133623412780366, -1.8454615192350186, -2.8190222621639127]","[-3.374497438655464, -2.7196283231455705, -2.4011132176818135, -3.5866427694616556]",-3.31450474
2013-01-17,"[0.6439702666463099, 0.47712777284862895, 0.6255837572716416, 0.9179130929895862]","[-0.005875663336776357, -0.05979486912175853, -0.08086993368251408, -0.07912135888678434]","[1.5968085117018298, 1.3144775006656901, 1.1237085727140064, 1.6244144832477254]","[-2.7306524294926264, -2.209718159846139, -1.9458161715264588, -2.776610469951404]","[-3.4593205224594654, -2.749876536507964, -2.413122547935308, -3.3968516095015553]",-2.99477230
2013-01-25,"[0.5605978858670646, 0.5087461245466329, 0.5097201498594828, 0.376140231562605]","[0.1807432778655135, 0.12880048100678299, 0.05710154765243976, -0.05779909119444992]","[1.660853076672388, 1.3710127571012212, 1.1744655648617885, 1.7037064183997155]","[-2.4522213843053895, -2.141221234385607, -1.8702858503465496, -2.892477716269928]","[-3.1511678833322105, -2.7325983873379855, -2.3706510194263295, -3.5473410601720063]",-2.93783240
2013-02-01,"[1.02345882021595, 1.1744446166405353, 1.070752380046791, 0.9454116567261472]","[-0.0021894155066022676, 0.04706662615936939, -0.036740475391170486, -0.11848424936990254]","[1.6216313532567934, 1.3165285384500918, 1.139401331591259, 1.7100234177280045]","[-2.735093941028452, -2.083206378010319, -1.866687034834627, -2.856503929388411]","[-3.2948799329011167, -2.5646450952918243, -2.3042385355533144, -3.55053473920926]",-3.53387799
2013-02-08,"[0.5548577980708735, 1.0200471064450767, 0.350215956291855, 0.6315512932088652]","[0.10055409046191337, 0.08717073072534856, 0.0990583868440368, 0.14028150735801848]","[1.2426392423676578, 1.3242416367115688, 1.1096972572254316, 1.630126267218464]","[-1.9833129080971177, -2.123948161333383, -1.7437289533555764, -2.6849545299079893]","[-2.4596839133766646, -2.6204496028962474, -2.2071631715260924, -3.249952056033078]",-1.91847469
2013-02-15,"[-0.11825354239887176, -0.29476721136445505, 0.05988306576636404, 0.06094938093488267]","[0.13465740197369983, 0.1575479469205384, 0.17730004650631442, 0.16301132946645888]","[1.2458263934668585, 1.3116367075995847, 1.121198855584869, 1.6023393811865319]","[-2.0048755654298347, -2.0476607070811568, -1.6703654286014546, -2.3718786120009168]","[-2.530713033253963, -2.654320852586613, -2.165984499997189, -3.2412284919527803]",-1.37704373
2013-02-25,"[-1.9210577642065907, -1.2424499239094722, -1.5577239465118353, -2.15171533069638]","[-0.22196416146385442, -0.1222114986792239, -0.24431125377798962, -0.28638180270678437]","[1.2175936381147574, 1.2668819177410553, 1.0890022368106926, 1.5912750797211572]","[-2.2541416937143572, -2.246129841073084, -2.0566519052813166, -2.9156153102437603]","[-2.84519989715904, -2.8011021184771407, -2.586660557514573, -3.608866242399645]",-3.06199642
2013-03-04,"[0.5311205672261288, 0.4442114902240668, 0.2704715133111435, 0.09853382990154813]","[0.05571390123207826, 0.03090844949170658, 0.026849589115101144, 0.009008395502683252]","[1.2450315721231386, 1.2926199339771827, 1.1225037830219053, 1.6321186840609896]","[-2.0395309918708553, -2.0860427268290107, -1.8547169691138088, -2.7431868565168935]","[-2.461363046755657, -2.585689159172422, -2.287966272142155, -3.2914094924715487]",-1.87116960
2013-03-11,"[0.3788306495279947, 0.2904016241932261, 0.3482119223386704, -0.07208925684603074]","[-0.09183104797745761, -0.055671531067043145, -0.07081615240859002, -0.21196353578632543]","[1.1916983275078588, 1.2807627211617063, 1.0792334123352383, 1.5938880492471568]","[-2.051077091488682, -2.1522868671428665, -1.8471735823030069, -2.7174749910840155]","[-2.535786259751009, -2.668172419242663, -2.2929659991630063, -3.5605633723425614]",-1.26567383
2013-03-18,"[-0.5534285103527381, -0.21917884930759968, -0.4284370002393345, -0.5699422614464211]","[0.02032794188103191, -0.013076872548254027, 0.03831490498027041, -0.04032354334835024]","[1.055762270000494, 1.1391113263280566, 0.969270800519554, 1.3960739409889458]","[-1.715738488075204, -1.912843378598608, -1.5842501930737707, -2.3183325515655886]","[-2.1166147107107283, -2.306274776218149, -1.942890456514471, -2.886142423900576]",-1.34703795
2013-03-25,"[-0.4186429707047523, -0.3651842818422679, -0.44392882059121064, 0.17592495303322409]","[0.15006381397062107, 0.17382276248703354, 0.12199110743778886, 0.3353891137013533]","[1.0593939270609103, 1.1362077707648615, 0.9787069683677604, 1.422824357273921]","[-1.5180373972887253, -1.6729810206902818, -1.4101393322724523, -1.969668883276446]","[-2.024168225668411, -2.1413641842587543, -1.8819467682433548, -2.6093706745758825]",-1.27548581
2013-04-02,"[0.49221900790064055, 0.7851903007235705, 0.6099600152994711, -0.5926810623978263]","[-0.014491772651217014, -0.01007938021246327, -0.042681517910375194, 0.08310227053369934]","[1.0091044295263507, 1.0592547465709683, 0.9418443297706018, 1.3657401723538327]","[-1.6824066481831093, -1.802274912958964, -1.6036123439874543, -2.190847329218211]","[-2.1257728743586806, -2.2132820338933548, -2.028068397550256, -2.7904116127561207]",-4.30751781
2013-04-09,"[0.34508638052548335, 0.6719943530554495, 0.4095995200126268, -0.3151878635313743]","[0.18240320724885004, 0.2318662803724627, 0.17596056240963, 0.20442174002193783]","[0.9700565074620953, 1.047322251507256, 0.8866565535369242, 1.3247765943475462]","[-1.4676781592627173, -1.4347132345308555, -1.3332037863112043, -2.0692394575492723]","[-1.8278696078226875, -1.9007373062093256, -1.6487597675570833, -2.599951279341786]",-1.71506066
2013-04-16,"[1.4655179017222686, 1.3185887383521333, 1.073591212880487, 1.6065810879013043]","[-0.06858973826430857, -0.2972948101551311, -0.131271500137978, 0.24489025773353068]","[0.9968294775583034, 1.0866253457275885, 0.905089616169248, 1.3551197045628565]","[-1.6594395100802732, -2.0931279072365587, -1.6689631090613586, -1.9503211280439174]","[-2.072809014473391, -2.5410800882248794, -1.9864958274181057, -2.548747450381228]",-2.76985847
2013-04-23,"[1.025646937048652, 0.9548501618831473, 1.0400068097759174, 1.65535966378636]","[0.29609156834365924, 0.22363024668913944, 0.3254884151755067, 0.33340792681949777]","[0.997150138159952, 1.0788835135764618, 0.9121405009984086, 1.3339280711013155]","[-1.423714663101186, -1.5688090005244282, -1.2335335579845275, -1.856458673459756]","[-1.7308579602816847, -2.0057116049838912, -1.544904836790613, -2.3271591031405205]",-1.26119643
2013-04-30,"[0.2382427029468559, 0.7237559167027285, 0.14194762506196668, 0.6821918436735075]","[-0.09136649193817908, -0.09250316741938114, -0.14509198292332545, -0.18364281393049034]","[0.9921553683353737, 1.0820480174968905, 0.90461547680438, 1.311782026335837]","[-1.6882862889285741, -1.753982061012294, -1.6455666729415437, -2.3111152138566013]","[-2.242749392048667, -2.3405150266649195, -2.154180127869308, -2.9081212247265653]",-2.01776982
2013-05-07,"[0.5056062522005078, -0.05522731912757095, 0.581585911532656, 0.913563049194277]","[-0.07266831224280855, -0.07713696568705547, -0.04023989247620002, -0.1230419695449648]","[0.9761137786952606, 1.0841043726126487, 0.8783159349952084, 1.2992953272821344]","[-1.6986916156129512, -1.9112954218544382, -1.476878501203005, -2.2351526024433817]","[-2.12727373046497, -2.3983261848120505, -1.898299266673908, -2.7963237765971662]",-1.65578353
2013-05-14,"[1.0280620022767195, 0.5181850025944179, 0.8154635655152731, 1.123807890738604]","[0.12231534745731666, 0.08675469857493427, 0.15221422015748828, 0.25515840551848273]","[0.9300568441021712, 1.0286083265213455, 0.8499889748763096, 1.2322200301566533]","[-1.3840254018536224, -1.5382947006742116, -1.2424603092903912, -1.7397361617587783]","[-1.7886662578419998, -2.0044737587176393, -1.5924837722808034, -2.248956191203975]",-2.62915712
2013-05-21,"[0.14366186871033193, 0.10782884075268839, 0.3404621173826783, -0.03404890272937777]","[0.10363911397015384, 0.08266019851411466, 0.12003680126802244, 0.05582347976688925]","[0.9104214851249326, 1.0181828281702046, 0.8172218393863645, 1.193683075174483]","[-1.3171663016656139, -1.5621649262917205, -1.1481122224134044, -1.8005637350574335]","[-1.6713013080896308, -1.9560096909666729, -1.4838622294201742, -2.3494970824286607]",-0.54584723
2013-05-29,"[-0.651535407484527, -0.4748081314666308, -0.6941232783882256, -1.0316343334955569]","[-0.04978519261052972, -0.06431080562313894, -0.09833495022488764, -0.10710878057968067]","[0.9169750230518164, 1.0314985273295296, 0.8258449470737241, 1.19380212252472]","[-1.559470613413433, -1.7348406238983656, -1.4910625080912594, -2.1475601556102184]","[-1.9487080607468141, -2.1563241523790664, -1.7973536254443716, -2.6785042694038372]",-0.57402255
2013-06-05,"[-1.409974466496955, -1.309955113419825, -1.439730659626015, -1.3405774221952882]","[-0.057956058138905, -0.050489986170278604, -0.07178039980056188, -0.04761137991108024]","[0.8763514920713462, 1.0031131108705156, 0.7872005091109578, 1.12794596753089]","[-1.5842966242635415, -1.766926050056938, -1.3979939237661834, -2.02760857370169]","[-1.825400464530986, -2.079507270651274, -1.6660288002138295, -2.413443580823042]",-1.93986129
2013-06-12,"[-0.8311915552919658, -1.1622694617956064, -0.8419742773790873, -1.028536720238904]","[0.061585827435870925, -0.048765732345478985, 0.03648568928155145, 0.08306856291272849]","[0.8754078480682829, 0.9903417588064987, 0.8002613878648258, 1.1178515040916928]","[-1.2909374914147387, -1.5965530825858296, -1.1791570144007497, -1.6255655291426618]","[-1.665241872774003, -1.9409753798764, -1.5470698375666239, -2.1674859551204335]",-0.90056084
2013-06-19,"[-1.3912993164724163, -1.120721212247222, -1.3541925651832543, -1.389942301460323]","[0.04189303469383087, 0.011634719180696244, 0.0017652534093006366, -0.008021064176074396]","[0.8581981223246778, 0.9576753520637328, 0.7801737593557084, 1.12364721575512]","[-1.2798766074558747, -1.563503383841388, -1.2425624424979667, -1.8181069855935887]","[-1.719475858386552, -1.970853297212823, -1.614323826517203, -2.259034225333516]",-2.17793535
2013-06-26,"[0.9789409454395326, 0.8929162962747483, 1.009969701444824, 0.4021814999013884]","[-0.038378852292093965, 0.018253691982350682, -0.07204660792381061, 0.0027548864373498475]","[0.8477817262076995, 0.9641014814576381, 0.7659245570722705, 1.1084751601431388]","[-1.4632131708587985, -1.6682098155530958, -1.3951385770333347, -1.8322068515632088]","[-1.8770890110277838, -2.0762139349441737, -1.7311250664205806, -2.437498517693476]",-2.96522561
2013-07-03,"[0.04342166673660941, 0.4048221989484624, 0.3740541836577904, 0.16174807373721123]","[0.09303142412024576, 0.04098020057139629, 0.09571334257110085, 0.12379164152477748]","[0.8152095801322794, 0.9308557797821959, 0.7526959186621236, 1.0649084743839128]","[-1.2426194811389306, -1.4455993642703626, -1.1489575086417287, -1.5831965431407085]","[-1.591141753983554, -1.8604459871607537, -1.4690647488669548, -2.121912422334832]",-3.18341565
2013-07-11,"[1.3528415151584205, 1.9666236294742845, 1.100794851134701, 1.0716865802710807]","[0.11236528334392441, 0.06756441365377885, 0.10239109301980004, 0.10590732192115472]","[0.798047920677275, 0.9082335217011274, 0.7148460665366376, 1.0346734718619235]","[-1.177668651519859, -1.480578583924188, -1.0944381237945522, -1.6498623023995878]","[-1.5204530388261466, -1.8028722294219763, -1.3586579201889988, -2.0764048961784036]",-3.03550174
2013-07-18,"[0.5462672692290838, -0.2517458678949147, 0.5030498396097371, 0.9514160398664373]","[0.004484173553121063, -0.009710776677647503, -0.03301678905405562, 0.012022527802132293]","[0.7895059383097703, 0.9089561530787343, 0.7237130821965287, 1.0114765153702259]","[-1.2908458534761518, -1.5579406156917086, -1.1837307186334147, -1.6381406556819882]","[-1.5877573967480376, -1.8613621446755588, -1.4983967833771155, -2.02332810133943]",-2.65346176
2013-07-25,"[0.2430058320927131, 0.6288806918888667, 0.08598794171206237, 0.771702675118835]","[-0.1323691911137032, -0.23414652596539942, -0.18792421475895973, -0.214150041424014]","[0.7819933711880009, 0.9172152802391325, 0.7112818994862383, 0.9948299720934172]","[-1.3903365142982091, -1.7250744609827782, -1.339422003498225, -1.8303523112903852]","[-1.6992199077790422, -2.086692791911741, -1.6293029411755304, -2.1675503279784722]",-1.79916041
2013-08-01,"[1.1491753888803302, 1.011133955188992, 0.8255078887014378, 1.0714029993522445]","[0.04025177327393003, 0.014886718846600935, 0.050977594207983055, 0.0917713600742505]","[0.7736764102899474, 0.8880547578431577, 0.7113822184590632, 0.995484251041086]","[-1.1999879277250094, -1.4618583976769857, -1.1387739809038784, -1.5265484175477015]","[-1.595889715628662, -1.8584821196710386, -1.4566544003248116, -2.005631522200213]",-2.36380886
2013-08-08,"[0.36579126346403257, 0.49602871657148384, 0.1785683496215995, 0.3963376877068825]","[0.1335579839956576, 0.14824491941027224, 0.08709447386868986, 0.1309939862887871]","[0.764947244782788, 0.8785575781392534, 0.7031356417342219, 0.973630138003745]","[-1.109606226192748, -1.2806292930737273, -1.0748752802656871, -1.3886831114090707]","[-1.4217422186298088, -1.605162467749682, -1.3682486679670416, -1.874526473250565]",-0.06900505
2013-08-15,"[-1.4085015766006848, -1.7070015712140396, -1.4809525591550354, -1.6465106423955156]","[0.19453199578233507, 0.2083915153173652, 0.19422116485275126, 0.2171295270851428]","[0.7692527348047229, 0.885649416599545, 0.6993817330752595, 0.9685299400834709]","[-1.0644333162106805, -1.315844455288448, -0.9595584155903959, -1.3187664748372838]","[-1.415674558811437, -1.6802626491805663, -1.255050990330946, -1.784666787861988]",-3.86725472
2013-08-22,"[0.9074014308042777, 0.9763844987507042, 0.44331981910126217, 1.3849333750584059]","[0.08762993956894564, 0.029678817976407392, 0.10767745559424033, 0.1739987157386629]","[0.759591166573494, 0.8778230485877205, 0.6993003529397436, 0.9525217468559081]","[-1.1849050714225429, -1.4414705570995172, -1.0336878835186982, -1.360486121970926]","[-1.455132039048805, -1.8055543783359533, -1.322924920318198, -1.7255888870908145]",-2.49598497
2013-08-29,"[0.15853254046485077, 0.7001789443368267, 0.11083867692001093, 0.7614799268745642]","[-0.015401890414055508, 0.03087459703268905, -0.07528146939158946, -0.11067747025767354]","[0.7527901905618719, 0.8838895553158728, 0.6768850092464421, 0.9660502768428405]","[-1.2693793013641546, -1.4152037421620043, -1.1886090948695527, -1.7322055021428913]","[-1.5965042631441468, -1.853496932632944, -1.5050407309648415, -2.158896071538875]",-2.68391090
2013-09-06,"[0.04815621347038501, 0.11710025448783412, -0.10033831908788926, 0.22660879066762618]","[0.10266604595338011, 0.09528797994305652, 0.09703315261702682, 0.13457989295834666]","[0.7763021778769872, 0.9004901916211058, 0.7009705221302206, 0.990845038204035]","[-1.1951739393633496, -1.36320858693296, -1.0334449518277617, -1.4649087053783363]","[-1.489331328771389, -1.7255066184587313, -1.3066696481510391, -1.9099323259838425]",-0.18525001
2013-09-13,"[0.22466889513088617, 0.06407021929577539, 0.4917096944881294, 0.3886181221018248]","[-0.08784906237039844, -0.13805304399974205, -0.13510484056237249, -0.12861500798895556]","[0.7740379594583, 0.9128553582190824, 0.7121301486517116, 0.9857686760289254]","[-1.3716087837162274, -1.6630604404620641, -1.2941804133309749, -1.7339447061909434]","[-1.6960538403760892, -2.016626278974786, -1.6066189340699373, -2.2076727442065316]",-1.93786273
2013-09-20,"[-0.7017362427502505, -0.3500508933288238, -1.193157168521175, -0.18469113791761416]","[-0.00019048671165655315, -0.055803901820795504, 0.011233636074748558, 0.04142798785460404]","[0.7307989529743283, 0.85339623242857, 0.6614282472491525, 0.9189927197244473]","[-1.2151139863085407, -1.5142741239881936, -1.108610657809546, -1.4677581500431578]","[-1.4789971780690436, -1.847833145438301, -1.3120512772111612, -1.818301551530627]",-5.62125786
2013-09-27,"[-0.460699919990315, -0.12636013485973763, -0.45810819088618615, -0.45742337469967254]","[0.07677815833827344, 0.07218223023604035, 0.03922428130455803, 0.0695460228018144]","[0.8192011138366664, 0.9533417090628348, 0.7404063045566674, 1.0171786362339146]","[-1.2141214236956572, -1.419702567316697, -1.1826616061017694, -1.517563105923519]","[-1.6066740567531341, -1.809458684160584, -1.501259418286951, -2.027064075494444]",-0.65966964
2013-10-04,"[0.754779862172672, 0.8601312788670157, 0.5061665443280461, 0.5472925541328166]","[0.2058374365372654, 0.20246706452105265, 0.205414483581562, 0.26967886537222296]","[0.7533767186038272, 0.8816399463623042, 0.6934919681799543, 0.9578027190252622]","[-1.0282653347729556, -1.2451970303505286, -0.944034328388565, -1.3040214187424926]","[-1.3621421506695566, -1.638779800948613, -1.2513443600728156, -1.6716285953562768]",-1.10122414
2013-10-11,"[0.6422583747907495, 0.7856121091506019, 0.7314160932098801, 1.6332555306744823]","[0.09241023823352595, 0.18806541251565195, 0.06498331987254122, 0.07054454907345595]","[0.7813058071338673, 0.8974486200759435, 0.7166563114199311, 0.9501250457990822]","[-1.2037522132191736, -1.3130578137172404, -1.1575028039532935, -1.5003065362276105]","[-1.534158512972064, -1.668209409666033, -1.4081824100278098, -1.8894724291356422]",-4.00376072
2013-10-18,"[0.673184177806263, 1.607490468252415, 0.1819878068197056, 1.0411906387622238]","[0.16134116738606064, 0.22083050161471612, 0.19143282690559885, 0.3169500234948605]","[0.7694224195503303, 0.8810766513398858, 0.7175938782499561, 0.9482145390972582]","[-1.1177961708685455, -1.1742988307450235, -0.9806141253415877, -1.253853026644298]","[-1.353118640362435, -1.5517222216818294, -1.223091064529886, -1.6088286577250943]",-3.99491319
2013-10-25,"[0.4557265523896348, 0.7142676855176333, 0.3929947242406584, 0.23949209525921944]","[-0.029300520148405524, -0.05158629628680764, -0.08291286023604413, -0.1088689144945108]","[0.7539141998212627, 0.8571458265287724, 0.6950145417118865, 0.947340677122373]","[-1.2951098659423044, -1.4172374992645391, -1.2472942648410434, -1.684642461849887]","[-1.6328373625064863, -1.8835550404060135, -1.5670397466076795, -2.0813192449942823]",-0.46678947
2013-11-01,"[0.23863560074248724, 0.024160131430939202, 0.44799104777908383, -0.2646792321701952]","[0.03339807657821344, -0.02287786775131636, 0.025357749289516462, 0.05153809330385557]","[0.7539558140685682, 0.8658533232451345, 0.6802257974298804, 0.9566864829602548]","[-1.185785698425608, -1.4290107712342384, -1.1471793742054348, -1.4762951007812555]","[-1.5669667703826904, -1.8440034135082146, -1.406076122900434, -1.898010936860119]",-1.35812736
2013-11-08,"[1.3401095463259516, 1.341612486087751, 1.0703066842168596, 1.669110382890704]","[0.19153640975282352, 0.13459526623621654, 0.1914318978432968, 0.1698295598861661]","[0.7647669453862218, 0.8937301267470477, 0.701525878085148, 0.9513198059922913]","[-1.0871359022050189, -1.2855032341571953, -0.9471408514458087, -1.3444842494279674]","[-1.4078235296302535, -1.707305674910598, -1.2476538349391035, -1.8265147724010524]",-1.23918047
2013-11-15,"[0.43413385035995233, 0.19073673425458182, 0.5369741846497078, 0.27177381503760145]","[0.08946513667300618, 0.07346882950805357, 0.11743831954204169, 0.18809963391981774]","[0.7662493013286897, 0.9184541937461295, 0.6958630065257962, 0.9414433781272842]","[-1.1912442764915876, -1.4688593091739623, -1.0657870774346963, -1.3864126229609144]","[-1.477730814547909, -1.8644660293024504, -1.258073152944246, -1.7344041977323916]",-0.44608039
2013-11-22,"[0.49897650364920665, 0.53720194795428, 0.34157296124721626, 0.5489835923085273]","[0.06490569849682616, 0.10995230372450679, 0.023307928239051954, 0.014240404923115669]","[0.7759518227460531, 0.9028683243458413, 0.7039302826080029, 0.9306858393838487]","[-1.1614171308191086, -1.3463068477781486, -1.0966342482789624, -1.3825714930271273]","[-1.5001597847938166, -1.6890734161691012, -1.420496441927807, -1.8470454561891387]",0.06697194
2013-12-02,"[-0.2600062293461214, -0.2920242196065459, -0.48381627506444147, -0.9417724062497967]","[-0.047533776383447746, -0.0766828530190317, -0.08639740273353178, -0.05309369700506867]","[0.7678609622164128, 0.8868205806625614, 0.6968210405765998, 0.9401618508073345]","[-1.2729613343414201, -1.4590497759947239, -1.210552274692792, -1.5891027894047178]","[-1.5387006767341773, -1.8629510289448183, -1.4544510345796424, -1.9486188427150204]",-2.50180434
2013-12-09,"[0.2539308909556226, 0.4061626312210187, 0.03326558618574893, -0.07189827947859939]","[-0.11976485459006873, -0.11562930176341468, -0.12128989254131499, -0.13385624533578674]","[0.7752349917306057, 0.8835058479874348, 0.706071786422001, 0.9421510290130624]","[-1.4330811891165947, -1.5599130907440633, -1.310239743225135, -1.7268522086743479]","[-1.7638752985457404, -1.9970547782433876, -1.592842992744251, -2.077810947175041]",-0.84354014
2013-12-16,"[0.6212708596435412, 0.5523792944330808, 0.8167566453572306, 1.0816510640689003]","[0.0720860743762104, 0.07080212019169056, 0.04373342074046637, 0.05984861019115375]","[0.7704440716110373, 0.8872551226723377, 0.7063297506941023, 0.9502804118254252]","[-1.1755408872960385, -1.4185234835039617, -1.1035760634809968, -1.5135568167908058]","[-1.5496625717975945, -1.8177529068272746, -1.4124757515748398, -1.9205485498367085]",-2.26637305
2013-12-23,"[0.5328159269630817, 1.0465422877500075, 0.4519097670296901, 1.0028881840844939]","[0.20210075480296896, 0.2194193076910715, 0.1572620562253661, 0.17594883514348703]","[0.7659559631056313, 0.8621819103299904, 0.707463459390508, 0.9232161731822088]","[-1.0726219139364297, -1.2156142163545551, -0.9890643796938673, -1.2235616492811225]","[-1.4072372258670145, -1.6141842738674117, -1.3202708911313463, -1.6969892340065469]",-1.72928076
2013-12-31,"[0.4721915182861025, 0.6501119774146247, 0.43754013707708594, 0.2616562977863168]","[0.13913800227578726, 0.12533237777261655, 0.11088865112429008, 0.15240952096647217]","[0.7629605798430948, 0.8813366683716942, 0.7060392810137518, 0.9346738439007067]","[-1.1417437013561345, -1.3443166091312215, -1.0891005403365743, -1.418013645203437]","[-1.4634969178642014, -1.7055257002099764, -1.3814149717940751, -1.7551099984699365]",-0.16259241
2014-01-08,"[0.021791005795979146, 0.21788198392549418, -0.4134088574003769, -0.23340439391761336]","[0.15168056733912857, 0.17295565864305962, 0.11424938124164631, 0.14765183023966738]","[0.7312673575091129, 0.8495672410422035, 0.675899676218741, 0.9111044684900688]","[-1.0979825460263295, -1.2321757581322028, -1.0290116732291967, -1.3329243968479796]","[-1.3851171059003278, -1.5932034566986855, -1.288545411247951, -1.6784346782201518]",-2.78775276
2014-01-15,"[0.5375596122141779, 0.8180784937139585, 0.6579020457001761, 0.6483035472326648]","[-0.02423930974948109, 0.06589346173649349, -0.09330842999766918, 0.041961904217474914]","[0.7362462831228017, 0.8423634055594338, 0.6755614124977777, 0.9090291814067337]","[-1.134364507327742, -1.3169515826510225, -1.0985029578769838, -1.4177174534506798]","[-1.4875658468979893, -1.670326456125765, -1.4569538775479174, -1.769822222491741]",-1.45316986
2014-01-23,"[-0.8226767291887427, -0.33849307147484353, -1.080676620652099, -0.8029790879292342]","[0.11882709885798427, 0.12886971837980188, 0.09255621222999685, 0.16719190467467743]","[0.7373300472424467, 0.8414592363708325, 0.6961482997107126, 0.880330202921628]","[-1.0836327978495073, -1.2571105614729745, -1.053681100434438, -1.3138068117639983]","[-1.427950754639697, -1.6435391156214125, -1.3598373240553736, -1.6663572842578902]",-2.35147148
2014-01-30,"[1.0544626505808452, 1.8316895510997355, 0.6953458727151585, 1.3043531089229177]","[0.032892766344875424, 0.05544590240833655, 0.019811895050029307, 0.11542160779795785]","[0.7166228430024867, 0.8164674379939276, 0.6647959879794226, 0.8969235967270194]","[-1.1284433783243046, -1.2868090744096723, -1.0898227972421275, -1.3999248044573918]","[-1.4620120293739844, -1.5855785061360084, -1.3796069204140209, -1.7547251604474783]",-3.08577552
2014-02-06,"[1.3101067494022622, 1.2671804572796042, 1.212163606037464, 0.8256773086920077]","[0.03764496822214903, -0.01540472785105244, 0.034794992421479404, 0.09771135673415966]","[0.7137709369534105, 0.804541723686905, 0.6719783550574809, 0.8895288619701502]","[-1.086631782406541, -1.309516702144351, -1.018714180152652, -1.3851989693203097]","[-1.4189899056508506, -1.6990937424874577, -1.3093470968145489, -1.7684457184131468]",-2.77609697
2014-02-13,"[0.5149311637944187, 0.7391107094010252, 0.3979145954279062, 1.1108092086230315]","[-0.015190017335897156, 0.025262508210052447, -0.00603006840407753, -0.045967482067135315]","[0.6964890772805055, 0.7893923993721914, 0.649008909185639, 0.8624445214692417]","[-1.135746283877309, -1.2551203913716473, -1.0932386013702837, -1.428389240471639]","[-1.4814978122712161, -1.6485098360991433, -1.3734396647023501, -1.835681346412044]",-0.99078979
2014-02-21,"[-0.11412654403164524, -0.13331975643922078, -0.1856943555781143, 0.2349327430329673]","[0.1945698345018228, 0.19532876334829063, 0.1458810796245497, 0.16319313229344018]","[0.7439847768532873, 0.8349896369003238, 0.6913631393610316, 0.9071097287116592]","[-1.0381761559112763, -1.1634916789338212, -0.987836552374544, -1.3255882454381005]","[-1.3247968223079354, -1.5485389985116607, -1.2730913426642807, -1.6985517817086946]",-0.34309653
2014-02-28,"[0.25262180647720456, -0.11067386378877941, 0.3010314449866769, 0.1401181831965026]","[0.011669286692476176, 0.051261549727730636, 0.00039191692153056666, 0.021685616427271043]","[0.7208367400478656, 0.8301858697459885, 0.6758223704639004, 0.9086429433704059]","[-1.1845814879742111, -1.3537797553483928, -1.097152131866089, -1.467679637862617]","[-1.4960899273593233, -1.7272687170877012, -1.3766882225024946, -1.8153862453209348]",-0.45212454
2014-03-07,"[0.04248910612849599, -0.49585091220079036, 0.18756181636252478, -0.11786832319931051]","[0.22744872783594683, 0.20291289036536117, 0.17339714831647177, 0.25767109545697925]","[0.7236375151160382, 0.8239618016020679, 0.6677990065794696, 0.9040347627855887]","[-0.9724768630606587, -1.1965995314158149, -0.8899561160936118, -1.2201893687953758]","[-1.2522753080004003, -1.4772182314181148, -1.2096897667521131, -1.6355669771381864]",-0.84808435
2014-03-14,"[-0.28119154492847187, -0.685635369873161, -0.26865776356981286, 0.3885549818190448]","[-0.025205712758398925, -0.10029155796864009, -0.01878738402110027, -0.10535813640204864]","[0.7604434974988763, 0.8677906014217129, 0.7087801048449723, 0.9328862731233639]","[-1.2957093535723048, -1.5421097446099217, -1.2134077097525886, -1.733942048823741]","[-1.6159538703156944, -1.92189675658861, -1.5038765486147496, -2.054787638976671]",-2.34791938
2014-03-21,"[-0.3885208732461898, -1.2105543541585995, -0.1733190149728614, 0.0588520864537756]","[0.1233821987852099, 0.12507151255347748, 0.08353777087362069, 0.13152832462511804]","[0.7011148853440013, 0.8048447552230555, 0.6596123195726026, 0.8660939564908714]","[-1.0935665381773716, -1.2662142996234667, -1.0068886316808723, -1.2941261824448775]","[-1.3563041309497976, -1.587222739600312, -1.3106880476489766, -1.6100033309762778]",-3.72050202
2014-03-28,"[0.49181395758521873, 0.19662038150585204, 0.3610558823893939, 0.30260349560586874]","[0.1467174513024302, 0.14956455657106746, 0.10224377358251101, 0.15822522901643438]","[0.7081450802114636, 0.8049826029621304, 0.6676613620090742, 0.8825481240994154]","[-1.0160634063206948, -1.200442143226243, -0.9996115379795145, -1.304974531661637]","[-1.278023625936093, -1.5235626836179486, -1.2747536150783731, -1.6361854095310782]",-0.55273641
2014-04-04,"[-1.1892208513498481, -2.6957481723817622, -0.9691670939490749, -1.90330939059411]","[0.010243502468125689, -0.05644191573458714, 0.03184805817004647, 0.03502223622450198]","[0.7124275528193976, 0.8144483621349018, 0.6651876249685965, 0.8795580086428734]","[-1.097581227330066, -1.3591216802464905, -1.0410514213820472, -1.4095218447425335]","[-1.3928419122915716, -1.6772539986190018, -1.2725976154672176, -1.7152761221646347]",-10.64862579
2014-04-11,"[-0.9049495365291982, -1.1701858020159328, -0.8912059173470155, -1.129717897883431]","[-0.010210204163849147, -0.3311650115230971, 0.019845076197684094, -0.12421808795080375]","[0.7202797076802744, 0.8394223724247581, 0.6646024914940362, 0.9010022690634646]","[-1.2059581622262217, -1.7256370309916573, -1.0878580617725024, -1.580533880958451]","[-1.5006567614374955, -2.1228898217621914, -1.3199419411064768, -1.9613019825538323]",-0.67036808
2014-04-21,"[0.3481167761051118, 0.7396830127103904, 0.2478007312559427, 0.23187682212215677]","[-0.023488798245961912, -0.02715450226215154, -0.029581810829526302, -0.028154189149455836]","[0.7350012046689939, 0.8399214864940211, 0.6841301796112864, 0.8962394676007134]","[-1.2488010032036116, -1.4527006495116777, -1.1761698686365314, -1.4735109375958406]","[-1.5452618763385704, -1.7298705108548673, -1.4384322456595302, -1.8737429850887422]",-0.40859086
2014-04-28,"[0.29741225581076947, 0.324376062609133, 0.5320321445525522, -0.47956876336208154]","[-0.09565608221595485, -0.255647417088821, -0.07810025170366344, -0.19263188878330076]","[0.7183287715534279, 0.8524935421451562, 0.6655813767065357, 0.8783088021033387]","[-1.2642150971408188, -1.6302068066366953, -1.1753269017463444, -1.6257890108857995]","[-1.534454163267508, -1.9854971281882603, -1.4310380555319453, -1.9608414352372434]",-2.49132314
2014-05-05,"[0.19124043107092703, 0.5243730119937062, 0.10689081362755815, -0.23440532085512444]","[0.07496058025941944, 0.04717558934562884, 0.049312504648796045, 0.024765521463409417]","[0.7009128235527354, 0.8332986656280231, 0.6627108931934343, 0.8662985546709385]","[-1.0824766800728565, -1.3935897821716516, -1.0265864899811057, -1.3861267523780134]","[-1.3652178408613858, -1.7225805939138683, -1.296590287524408, -1.7512100680356886]",-0.78721153
2014-05-12,"[0.9636608927900525, 1.6340471977579263, 0.673890218208939, 1.9147157341809162]","[0.17592202122980846, 0.19941814213682763, 0.1416430555130572, 0.1349790241019295]","[0.717797384117189, 0.8503981863326014, 0.6684338347778785, 0.9131328449253251]","[-0.9861726040993851, -1.1354472192692044, -0.9761592926892039, -1.2770265016671951]","[-1.2412100266800499, -1.4740294009235315, -1.1943701164416702, -1.64171779135837]",-3.98573556
2014-05-19,"[0.36626671461439386, 0.693061119485705, 0.12452684222559185, 0.8367382464513184]","[0.17842196814652186, 0.19521170239638577, 0.1323409765853872, 0.16801207078818503]","[0.7412768579270785, 0.8644529036561248, 0.6857780551110081, 0.9226539806653661]","[-1.0314697592876927, -1.2803632355996293, -0.9957824032457744, -1.3874148272419466]","[-1.4306451197608125, -1.7216879550853532, -1.3256248763445244, -1.8011308386406595]",-0.76246423
2014-05-27,"[0.6127704422048019, 1.2395227864154812, 0.4160271577665853, 1.357406112730608]","[0.15966406686206724, 0.1633729468600228, 0.1279324935425501, 0.16163603668071672]","[0.7120211035578704, 0.8288090682979118, 0.6725920693596728, 0.893459323179263]","[-0.9962275932282294, -1.2358408296558951, -0.9537333913380193, -1.269736165299352]","[-1.285416549723048, -1.5247686769118571, -1.2451523592416, -1.670727165726392]",-2.55637393
2014-06-03,"[-0.05186797700007517, -0.04385764144680948, -0.12724031263520175, -0.21325015679236614]","[0.01991305390598426, 0.026340127718508598, 0.011651269640960867, 0.00400647860251404]","[0.7249385674406449, 0.8508741530867135, 0.6732116251030059, 0.9227611847520958]","[-1.1612438643304182, -1.367197565409086, -1.064144738976562, -1.4778592766506784]","[-1.5238746862874168, -1.6899637062142907, -1.3741164792199367, -1.9576012457503134]",0.13197113
2014-06-10,"[0.010236147941711238, 0.1723502334581184, 0.016644329332216046, -0.28371082261458014]","[0.12702312204145103, 0.1323770549142336, 0.11273878124783035, 0.14715473039410426]","[0.6860589352733747, 0.8295108359400623, 0.6525400636120593, 0.8647338270495146]","[-1.025789878178967, -1.2053991035302352, -0.9670267609277035, -1.319283303702097]","[-1.3038431231729057, -1.5966914840633868, -1.244377745639973, -1.7378253919411324]",-0.07730825
2014-06-17,"[0.2775226763612082, 0.05407035151199224, 0.1636249788246502, 0.7300831853173761]","[0.08499068012506006, 0.10671520247454928, 0.06300323276154637, 0.1215830960961408]","[0.6840429313658852, 0.8063754198086874, 0.6522026914825448, 0.8625416256578157]","[-1.0146220500327576, -1.2403738052629594, -0.9877482780852697, -1.2108497825597895]","[-1.312497145191997, -1.5202468777399616, -1.2699802432406824, -1.5831046742519277]",-0.58098221
2014-06-24,"[-0.6042546829371886, -0.09700038083755302, -0.7058392281740211, -0.9314317727658228]","[0.0738031110771325, 0.07419328607325136, 0.057884088040441255, 0.10580652221039673]","[0.7041831248546561, 0.8365654328919675, 0.6586449068599548, 0.8925263179701857]","[-1.0799105626546477, -1.2923843352902233, -1.0159391257693522, -1.28565807663665]","[-1.3595591462750218, -1.6748431923425826, -1.2757429091465375, -1.7106304609524603]",-1.70092914
2014-07-01,"[0.6671038844054955, 1.0908164522451358, 0.7664955686822239, 0.9733530236993637]","[0.06946168900555312, 0.06580665278559752, 0.034634457887243696, 0.06026390714472441]","[0.6459716305522823, 0.7786926631473585, 0.6064411146359177, 0.8395201407515247]","[-1.0029276975512484, -1.2361574346247888, -0.9982750358467438, -1.3676039828391913]","[-1.2930859048995405, -1.6484778444242065, -1.2109500242403868, -1.7767034703803695]",-2.20071657
2014-07-09,"[0.44743536180273935, 0.7399210980130633, 0.46612717143386106, 0.08861582742287766]","[0.07467542450435251, 0.04241223025632073, 0.05460837176914572, 0.026324292018271918]","[0.6667210161853853, 0.7753870714548796, 0.6197512361974465, 0.8657193420727559]","[-1.0307156943599463, -1.2605955890674942, -0.9845721306411342, -1.3814176025232725]","[-1.265684551273339, -1.5160891714878364, -1.2147656975081453, -1.8237321342463855]",-0.70527538
2014-07-16,"[0.36942294001631737, 0.39705647577958914, 0.45334604677176316, -0.15004866310235343]","[0.020746339927471692, -0.06151784068908148, 0.02714815157276686, 0.009789538635609007]","[0.6974632337302121, 0.8117970145649468, 0.6493581122398647, 0.8963528804995118]","[-1.1370564781071733, -1.4453463026307507, -1.0133851963730496, -1.4797620339745572]","[-1.4395744645732313, -1.7690350783551776, -1.3114962739321272, -1.8999823509433837]",-0.86835368
2014-07-23,"[0.22173621790742004, 0.6366347633781189, -0.15735714502209674, -0.1202287188223572]","[0.0787331890501039, 0.12920124750435982, 0.04286395899483007, 0.05724839821939651]","[0.699634767704765, 0.8166018985747826, 0.6473603591232577, 0.902782800923934]","[-1.095696489784476, -1.2296743711895572, -0.9982613397740522, -1.479133368727977]","[-1.4144454797016845, -1.5539320987694205, -1.3476973370919203, -1.8726823417338496]",-2.03391903
2014-07-30,"[0.01521325306841348, 0.3926328624351605, -0.18791174761787488, 0.17313624664616611]","[0.12982609398060563, 0.18376463492036596, 0.07979278345025209, 0.16886081354807447]","[0.6639679645754801, 0.7789929289721605, 0.6158450383626605, 0.8857137786033566]","[-0.9930433585013412, -1.0872161621005634, -0.9592586485602415, -1.3505237845397629]","[-1.293743805151032, -1.435596901604218, -1.2306635746444423, -1.76574735406088]",-0.19333711
2014-08-06,"[0.031246714211263793, -0.0740005554445311, 0.08438037765543527, 0.5073822279624274]","[0.30438056155970317, 0.36038284606231563, 0.23150717525433873, 0.40134901542827733]","[0.6857120211037113, 0.7966662827510801, 0.6445757059906988, 0.8892334448311593]","[-0.7580918603110127, -0.8758645136255011, -0.7916656249690909, -1.0860014879938606]","[-1.1111423561134681, -1.2474060091191113, -1.0837917316254733, -1.4510121906260087]",-0.59733682
2014-08-13,"[0.6745879967651192, 1.0529168001947475, 0.5495663959093733, 0.56325673412152]","[0.014493842704597007, -0.04088459402213108, -0.006885616714712687, -0.035660869052729284]","[0.6404784247366839, 0.7597557269452482, 0.6034656166760961, 0.8628637110993393]","[-1.0592074813939703, -1.2718268248751659, -1.037294641485056, -1.4041838530429687]","[-1.2950478193519281, -1.636236053279764, -1.2456455433442597, -1.7676484143049374]",-0.81920253
2014-08-20,"[0.26680261797213944, 0.0, 0.35128854423049916, -0.24110980883280675]","[-0.013885195876991654, 0.00642201295900867, -0.000854044030348111, 0.005312322301929363]","[0.6633400403487582, 0.7683966337169249, 0.624673774565439, 0.8753259631003601]","[-1.1226671150895207, -1.214114089278359, -1.0402591676115154, -1.3893364827324624]","[-1.3879360542821388, -1.546471935911604, -1.2805452004972588, -1.7664759849552656]",-0.84107271
2014-08-27,"[-0.039946218535025224, 0.020090220036905748, 0.08946058129808421, -0.21868797258814965]","[0.2058599983194355, 0.2936175619392022, 0.16095128963377864, 0.24088804406200295]","[0.6782483904641249, 0.7989770328411399, 0.6308624307234452, 0.8573077307923047]","[-0.8716010428487085, -1.0253135564292168, -0.8866166426744791, -1.1374465780964793]","[-1.2076843350452935, -1.3617208855651475, -1.1722411685287537, -1.4644995320827892]",0.01495306
2014-09-04,"[-0.14473891577431175, -0.09052071901889391, -0.05095019331236017, -0.3787179939570784]","[0.07873447856966223, -0.053261468760830474, 0.07482066719333107, 0.0013873314341071308]","[0.6598903625742547, 0.7872447214999033, 0.604843720895382, 0.8720100882070493]","[-0.9924808198806407, -1.2943573291074484, -0.9177665426978402, -1.472223250992112]","[-1.2418863752618747, -1.5899765764572793, -1.127943740849615, -1.7278535677222238]",0.03458448
2014-09-11,"[0.11488645938548814, -0.07998940069660065, -0.11554645181668377, 0.6496965106783215]","[0.06258981165184475, 0.15931345437359212, 0.014466961530512818, 0.05917110082189034]","[0.6502825743428989, 0.7651619578894514, 0.6147070381220434, 0.8657233832107086]","[-1.0474466864488157, -1.0429807529242734, -1.0161359560175052, -1.345243309201441]","[-1.2693934831972693, -1.4104609317263441, -1.232218293260835, -1.707318711743997]",-1.51517976
2014-09-18,"[0.5315836097456561, 0.7507323331803484, 0.6341194762121916, 0.4544260412705725]","[0.036906042116775534, 0.08871566970509007, 0.007006928649031538, 0.01965235124413086]","[0.6841054866497414, 0.808505308266983, 0.6338229424053993, 0.90255564857481]","[-1.0554811837677045, -1.2207662765578253, -1.0283445081611748, -1.433631503283619]","[-1.34451263471466, -1.5261146514445978, -1.3102534440637206, -1.7791607858309757]",-0.64316510
2014-09-25,"[-1.6267419988920118, -2.1258200980883935, -1.5474062894538676, -1.428443645278854]","[-0.013815395785724816, -0.005655856534778525, -0.05060580925761099, -0.12578821279865746]","[0.6496231242473952, 0.7729151776892496, 0.61438651941167, 0.8766734560004862]","[-1.1290056241559205, -1.2986414757821916, -1.0994256266017262, -1.6419288849325357]","[-1.388385583772748, -1.6493722483114133, -1.339155680476609, -1.9896643977803399]",-4.62816222
2014-10-02,"[0.01542348961276474, 0.0, -0.02178257435208053, 0.6570101203307033]","[0.04164127502438519, 0.031049356938486615, -0.0012009324489668596, -0.039356410931997196]","[0.6538166164777028, 0.7734184141000765, 0.6184965298172279, 0.8526344796498524]","[-1.05389188447433, -1.2331458907353865, -1.0220874015558257, -1.456221503799231]","[-1.3036149171638751, -1.5671456225356273, -1.277512520496004, -1.7756245436231413]",-1.17316015
2014-10-09,"[-2.003222935932225, -1.6282238553185557, -1.9907709715434763, -2.4644634819298794]","[-0.010752642162729899, 0.02789527282224209, -0.04158095640149152, -0.10853627464396877]","[0.6781604315617878, 0.78657783883884, 0.6402268218589657, 0.8581223013774103]","[-1.1162011470790825, -1.2965241403292893, -1.131841407806566, -1.5291632464545812]","[-1.446179110934289, -1.6454398769530973, -1.3823817500080116, -1.9095316643370135]",-4.95177023
2014-10-16,"[-0.08587844594165617, -0.6298907327792591, -0.15189571652189926, 1.1110620334098265]","[0.358162442068395, 0.4397575304994146, 0.3088929907412098, 0.5297644676907948]","[0.6897868956609394, 0.8071249873857339, 0.6534433799733096, 0.8837469417685369]","[-0.7350943385984807, -0.8801994637991337, -0.7691607509946998, -0.8621174661859186]","[-1.0544972427051034, -1.1864037815349193, -1.039521545247218, -1.2501875974534304]",-4.99702947
2014-10-23,"[1.155796942681775, 1.493390783349735, 1.3071109039122675, 1.4244539723403449]","[-0.06291859615112962, -0.059927297795426375, -0.07482266613607703, -0.09563844129101035]","[0.7012498302649581, 0.8254915674633742, 0.6668800018574674, 0.9042193426015306]","[-1.252110275068601, -1.4413128271520979, -1.1690147688527266, -1.584517217341556]","[-1.4962828314400067, -1.7550689073319157, -1.44242996611407, -1.9178870025584376]",-3.23168230
2014-10-30,"[0.6390009010330822, 0.21019443439422858, 1.2942009412467925, 0.7623140055246225]","[0.027554496405417014, -0.06120391135931047, 0.046715618060280156, -0.014879447293777735]","[0.6923095186401685, 0.8217968737499787, 0.643569556083049, 0.8823284283921569]","[-1.08045462088981, -1.3456586240443076, -0.994978218999387, -1.3733002502023326]","[-1.3761603174424784, -1.7122945045324343, -1.2899605057438557, -1.7581237701168266]",-7.54517549
2014-11-06,"[0.3995233914988461, 0.3152102334813556, 0.3992208276047293, 0.20987669278378362]","[-0.002110898425513949, 0.03242825444731937, 0.0019419466419968502, -0.1372169013192299]","[0.7027994588262014, 0.7968593636839377, 0.6759130504494939, 0.8917448207602745]","[-1.145329889444408, -1.2799199513057509, -1.1542038775280858, -1.573638304674024]","[-1.5115718754487728, -1.6302040995990654, -1.4890681070435121, -2.0018574489812737]",0.05300129
2014-11-13,"[0.11269527328758855, 0.4284928218066142, 0.23019952582501446, -0.8524933392658696]","[0.09711432565031758, 0.13398472973182662, 0.05792035404251394, 0.15112078610960744]","[0.7123858327532603, 0.8359053275247028, 0.6745875380730866, 0.8895402144358316]","[-1.0800045581227664, -1.3284864034272377, -1.0564250737788177, -1.278068901987651]","[-1.4067465297072599, -1.6140044765365236, -1.3703165438089022, -1.7090999844211154]",-3.12144427
2014-11-20,"[0.17528703089979558, 0.4447149536099815, 0.18793821798777088, 1.0263773448628832]","[0.037928655746960464, 0.022700799131029605, 0.01951416985333166, -0.07032672536867565]","[0.7096364374599742, 0.8207099560980617, 0.6759519700906319, 0.8968923791003521]","[-1.2026326865365404, -1.2824511088552908, -1.1125970125852283, -1.4952818355095157]","[-1.4000692945872097, -1.65232151204266, -1.3628680670498414, -1.8894074412127693]",-2.59425059
2014-11-28,"[-0.2121574040347518, 0.46331219112616395, 0.002749608115060198, -1.5130561563402978]","[-0.018382997427158196, 0.01708143869985227, -0.061009106217581446, -0.08296370686882908]","[0.6698450444756165, 0.7917126906683335, 0.6514585338685286, 0.8471542009810982]","[-1.085815385449222, -1.2120611966567978, -1.1019351933479955, -1.491726886180453]","[-1.3349070913795853, -1.5512112799908104, -1.3731147003347466, -1.7721195764361175]",-7.51060740
2014-12-05,"[0.16358467244295127, 0.009507317246004732, 0.32733614750473095, 0.6196855394779988]","[0.10272308290085735, 0.09357894969934098, 0.08253447748153468, 0.15307074299370196]","[0.6757655898501029, 0.7986842177078426, 0.6366894786408546, 0.8351026023525479]","[-0.9956186999085197, -1.2151983235341202, -0.9585965264306457, -1.247921517349904]","[-1.2779518219806327, -1.5119156304506176, -1.216065014228517, -1.6244070416771053]",-0.87189001
2014-12-12,"[-1.6293469192757648, -1.0945952497599443, -1.80931140905507, -1.333692273488385]","[-0.0012214384560568273, 0.03318699141781465, -0.0752111524440801, -0.15536078259217664]","[0.6797260792015247, 0.7905959925284366, 0.6600885008343356, 0.8520376567362566]","[-1.1180517320481946, -1.232265843636808, -1.137595799834669, -1.5240481925607314]","[-1.4873366796030578, -1.6055412997231435, -1.5138496550062184, -1.93686626611459]",-4.41873599
2014-12-19,"[0.4730535513184364, 0.43878906486094493, 0.1497931120630014, 0.38617493824482096]","[0.14125503171595818, 0.2814312085154419, 0.09386333418465168, -0.03659317568062328]","[0.7027013722928559, 0.8245062318575714, 0.6666432281834241, 0.8743069319061896]","[-0.9754288024243992, -1.0244944586176388, -0.9708328843553019, -1.46183831985006]","[-1.2901802330229553, -1.4423146807197298, -1.2294450351757644, -1.859839742813059]",-1.25597001
2014-12-29,"[0.13424219471573906, -0.019050117412877654, -0.08578314354306116, 0.6234881484395771]","[0.0755805171457805, 0.13735690521438332, 0.04682164185527525, 0.006751086432743907]","[0.66237648345877, 0.7913127698872142, 0.6418894853591942, 0.825737396144858]","[-0.9882232031703855, -1.1652799023920954, -0.9610998847044744, -1.3433689246453495]","[-1.2670577729979515, -1.451411930187179, -1.244371948799887, -1.5958903926623054]",-1.32550627
2015-01-06,"[-0.9463686944672034, -1.3498655819648597, -0.7456159059751499, -1.6874954787000185]","[0.13819667997707458, 0.11232418715957429, 0.13407513984397465, 0.27273387462779125]","[0.7040562066466788, 0.8261595820720469, 0.666887335275831, 0.8797172302537339]","[-1.072618708913081, -1.2936350595843982, -0.939105317545384, -1.2658288576042567]","[-1.3785680363028194, -1.6791662544364876, -1.2889753871121479, -1.6213513838355647]",-2.68958001
2015-01-13,"[-0.28167850016158624, -0.029536128970431008, -0.1540801336028963, 0.15150313163738716]","[0.06180919173176147, 0.020538143077455388, 0.06424943238497151, 0.11558074128657356]","[0.7182381501511335, 0.8474053427888286, 0.6937009980131045, 0.8676875780627233]","[-1.1511328894844501, -1.3499065185206438, -1.091139589737801, -1.328892063685172]","[-1.4837835904480416, -1.7954575089636997, -1.3987783384246923, -1.7176708340654037]",-1.23121341
2015-01-21,"[0.5059833811764669, 0.5104376068725713, 0.22269382355464273, -0.09176483782669109]","[0.021164816675915042, 0.07289046467114207, -0.039630949250108495, -0.04990433813553393]","[0.6807969241421745, 0.7997209513371322, 0.6559122308716624, 0.8323081922297577]","[-1.1435985624140923, -1.1952054284649327, -1.1336754489947456, -1.4722720017866613]","[-1.3888171669076774, -1.5596304461526478, -1.402601731379413, -1.7444395321669959]",-1.65072066
2015-01-28,"[-1.2907141763212948, -0.5139235181680135, -1.1327468858425505, -1.8565753757297188]","[0.35376503727778846, 0.28313935141053465, 0.46249329261943495, 0.6588757299534962]","[0.6748108109322528, 0.8161564606290338, 0.6649953642392553, 0.8378767122135344]","[-0.7046015126553734, -1.0575519670085127, -0.6135308545285214, -0.6921194418538872]","[-1.0145412639486389, -1.4223303147724249, -0.8612901886676779, -1.093153373141657]",-8.76207841
2015-02-04,"[-0.3815123138440235, -0.08746492407647466, 0.03746015127656932, -0.49847507571145755]","[0.38189108491257445, 0.5018388348117391, 0.3782555061178374, 0.40873147786147884]","[0.6828966009218295, 0.8226720968674256, 0.6782545827356387, 0.8833948046906096]","[-0.7302206945168905, -0.8921106909134812, -0.6809952471063395, -1.0584868812996984]","[-1.0257608088474597, -1.243188152854845, -0.9680093998774362, -1.433794699237729]",-3.47739689
2015-02-11,"[0.05801317157008157, 0.36334331285274857, -0.037050284216988416, -0.2887577742679781]","[-0.01900114695132501, 0.09880988049854081, -0.15309044118851758, -0.2224864210620955]","[0.7026562922450332, 0.8242599352917654, 0.675713888126279, 0.8811495156872533]","[-1.152650457603827, -1.2574155796204298, -1.2432924409017294, -1.6323070099497554]","[-1.4985320022569013, -1.6398589557388084, -1.5244975518820811, -2.0726357860143763]",-0.04878862
2015-02-19,"[-0.07143497193577986, 0.49338138435919277, -0.24478336406144052, -0.18653598020739182]","[0.058709129118301326, 0.09237147605118842, 0.031058505712822274, 0.024005780163910282]","[0.7096570314582215, 0.8328305460466131, 0.6960684790257049, 0.8880064582429569]","[-1.1195681000160214, -1.2346736760288313, -1.1641008936091872, -1.4283913326424624]","[-1.4286603793280852, -1.6444639225556508, -1.478097751231, -1.7795082391253618]",-1.09467374
2015-02-26,"[-0.11821816211892155, 0.506401604470863, -0.05571175384844196, 0.1566345090629362]","[0.1561065526265518, 0.16092969643510416, 0.14931888274845578, 0.18155179678482322]","[0.6868136250762039, 0.8133511884387905, 0.6667848087745356, 0.8485832333239569]","[-0.9620941006413565, -1.1492388237296918, -0.9228215441131887, -1.2336831407530744]","[-1.260130277064847, -1.4923519361791109, -1.2037412512298065, -1.626662150836139]",-2.50596847
2015-03-05,"[0.10934894833223296, 0.17505202318908175, 0.21428377895880146, -0.029558064604984224]","[0.02019679883072825, 0.07072203200652516, -0.007598217288093169, -0.021351822893170516]","[0.7081654519614412, 0.824036245841678, 0.6876693574849214, 0.8740154561516943]","[-1.1357606988351348, -1.2948059396756975, -1.1283963842242397, -1.4796651498209936]","[-1.4396162035934865, -1.574350299698598, -1.4283715021972312, -1.906458489732922]",-0.07756357
2015-03-12,"[1.263368705873802, 0.6542991091446737, 1.4625964617893672, 1.8111162014064597]","[0.09948109638754316, 0.15171490032714138, 0.08459958263214538, 0.20412964602041272]","[0.6948350850285789, 0.8231925228689161, 0.6842533312754913, 0.853376958940596]","[-1.0315471862461123, -1.1981613596963927, -1.020564933776203, -1.2109109217827205]","[-1.3433998997213896, -1.5441266041398791, -1.3095112763992294, -1.6058601565095796]",-4.34859949
2015-03-19,"[-0.4571961315158468, 0.14816732455269488, -0.6502561478907154, -0.18432812511477437]","[-0.12125327948770313, -0.07398932874311706, -0.18540499823440112, -0.23061136804896823]","[0.7218714852755651, 0.837051180487266, 0.7052553324845153, 0.893785327751391]","[-1.3207386288291212, -1.4618609663123188, -1.3137478176941966, -1.7677314159289963]","[-1.5927624523329746, -1.867604380159399, -1.633260713504039, -2.0682795425369935]",-1.70043932
2015-03-26,"[-0.2384242499352318, -0.3419568256320282, -0.22775308526394866, -0.20596946371034264]","[0.075988702329499, -0.011652364642587091, 0.1239386273027968, 0.16560149006637853]","[0.6907830417311321, 0.8168102344363025, 0.6845484869391454, 0.8538358811706254]","[-1.05184833735235, -1.3669891090702733, -1.001046819979046, -1.2230862174497064]","[-1.3237981713899794, -1.7187159667769238, -1.293594901374864, -1.5864536660423059]",0.13677801
2015-04-02,"[0.35667765007341146, 0.0665967243741683, 0.36693721335989693, 0.41502259011556575]","[0.11018983335451603, 0.1265427169517325, 0.11180836698725165, 0.2079795483411493]","[0.6976855764445177, 0.822840284339974, 0.7020209046519449, 0.8525758282597897]","[-1.0227389556873705, -1.1955914934337075, -1.0308528569655666, -1.1579391212115682]","[-1.3569494709344587, -1.5500757556737228, -1.3645264117612348, -1.492490101821633]",-0.29623707
2015-04-10,"[0.5442099061724548, 0.40918791070909677, 0.5493064336841158, 0.4054766810700272]","[-0.11745032741156125, -0.11017573206349546, -0.18094518486428995, -0.2653099645199033]","[0.6727922745503485, 0.809366275055273, 0.6733287428727944, 0.8316551478207577]","[-1.2179947336105243, -1.427820223617568, -1.2743883352463425, -1.6677794276344915]","[-1.5256000742191316, -1.7948087682943177, -1.5899031048639127, -2.0294995345334965]",-0.42447353
2015-04-17,"[-1.157023585842154, -1.5723384350423864, -1.5555704590855868, -1.5745428630849823]","[0.019346638033080277, 0.04160707253985639, 0.0189239036615537, -0.003241122159618027]","[0.7058262679347167, 0.8307641345836452, 0.7046679155889654, 0.8903874533964432]","[-1.156970312582184, -1.3319453583265102, -1.1483056621434706, -1.4880579610604563]","[-1.4700221292419382, -1.6916795312100794, -1.4693275111327244, -1.8626095039346375]",-6.59416262
2015-04-24,"[0.23178144050968186, 1.3478999732408958, 0.11871498031315042, -0.16367909165095895]","[0.06267341151579195, 0.12444167830272886, 0.045027806014654566, 0.03159929397740302]","[0.7180137653882982, 0.8480744484367854, 0.7037591040826258, 0.8682232875786221]","[-1.1501201292347745, -1.2370443441856795, -1.1047291100135317, -1.4009736176959495]","[-1.4563504642825655, -1.5905033970147466, -1.4512636835640036, -1.8415394945344719]",-5.11355126
2015-05-01,"[1.0782913960624363, 1.3107431204727682, 1.0235313076863761, 0.33617840046220593]","[0.1406106655765686, 0.13812873117634555, 0.1464925959234775, 0.10616537711964644]","[0.657497278350277, 0.7730253756224671, 0.6705677539146572, 0.8059199186268297]","[-0.8845702131959827, -1.1167977486435678, -0.941589994412904, -1.2646797618847254]","[-1.2339198843019596, -1.4879557947009656, -1.2525729853896315, -1.5976438471254184]",-2.20323386
2015-05-08,"[1.3080365049137122, 1.2405320144280196, 1.4789007944100874, 0.6519313435949137]","[0.07103969061964478, 0.09491709161450794, 0.010250872189334374, 0.021533896810951806]","[0.707014818086912, 0.8291743543027916, 0.7084497509510115, 0.8658626749382108]","[-1.0599770965297857, -1.223878346566604, -1.1148653141473388, -1.343828069638557]","[-1.3976368528340617, -1.5673689609627273, -1.4688263767566696, -1.7682053045796209]",-2.97984407
2015-05-15,"[0.1083101360911165, 0.0, 0.11126851732008447, -0.18578016976720235]","[-0.02804371288008907, 0.05509389853628845, -0.10592140558999716, -0.1531712813681981]","[0.7188962437532853, 0.8636504866700521, 0.7000839761513344, 0.8793625699357888]","[-1.2370446709629528, -1.3719479957192215, -1.2808400500994026, -1.6214591288412046]","[-1.5555442772774328, -1.8349672072823915, -1.5742302792777112, -2.032698064232717]",-0.00448680
2015-05-22,"[-0.23916682361324604, -0.09952478467365466, -0.294217055994217, -0.5457798175370066]","[0.04882069985875617, 0.09506121315893058, 0.024038545373065885, -0.10995533922448728]","[0.6924467802005376, 0.8478115152570818, 0.6822163316038646, 0.8655955832188121]","[-1.1317745204553706, -1.3258574757366544, -1.148166358897264, -1.5972706976426574]","[-1.411011145537575, -1.714781398994817, -1.4311990818721916, -1.9128287529531693]",0.15960016
2015-06-01,"[0.20817603782550265, 0.3356196788830701, 0.1647075893778549, 0.3237934732092107]","[0.11332373519726922, 0.10696528283163598, 0.10955722799948815, 0.11642236857895752]","[0.6882053141126949, 0.820106442914947, 0.6896722050593491, 0.8353925342950991]","[-1.0254300696978365, -1.18981786422052, -1.0762296877670596, -1.2678870237094415]","[-1.2878769334657612, -1.499783495317282, -1.3384186823377844, -1.5989518238237885]",0.26701881
2015-06-08,"[-0.6456345985385248, -1.0207473071839779, -0.46557851824573504, -0.4198696078195674]","[-0.0005626635200744743, 0.025949926169108538, 0.009238662797093122, 0.00019741627937945843]","[0.7146451713807404, 0.8615133626144473, 0.7176715943910756, 0.8763995331074518]","[-1.1072980403409824, -1.3625198948805572, -1.185336325960994, -1.461384090547214]","[-1.413667504729019, -1.6516213984109358, -1.4105633492906886, -1.762257083825319]",-0.96161949
2015-06-15,"[-0.39615575760736377, -0.49778380684060153, -0.6033633924230841, -0.4266054332767055]","[0.13658903394652172, 0.104894989506328, 0.1914762941540533, 0.26049000970497727]","[0.7259605705577423, 0.8600000040990607, 0.7285761488470696, 0.8648248796499585]","[-1.0988558011495377, -1.3293284556337537, -1.042660569772298, -1.1977972939625734]","[-1.3415793906679054, -1.6613547579941053, -1.2965349362174543, -1.5226040734214066]",-1.53654504
2015-06-22,"[0.658148562856109, 0.7343855359158269, 0.5746688391461419, 0.5352698534167644]","[-0.04341876698225281, -0.11518908262104505, -0.001663290660080794, 0.04827380794801078]","[0.7028338082090806, 0.859541691355225, 0.7055273803650485, 0.8592735934386239]","[-1.1913396486560777, -1.5052836628825534, -1.1923962665718837, -1.3499201511062662]","[-1.4569561540320926, -1.849045630325128, -1.4501816298944172, -1.6697992168011746]",-0.55687019
2015-06-29,"[-2.133136771138844, -2.3894434041461743, -1.9713651452995862, -2.344603096110731]","[-0.011079438477965619, -0.01646935257016304, -0.017177560741997108, 0.06523770621202164]","[0.6912461971958309, 0.8331663014139211, 0.6977187229111559, 0.8685574787451318]","[-1.1817067357062583, -1.3644606688755014, -1.1417551094350986, -1.3176456015311908]","[-1.4871388221233313, -1.7959053131482552, -1.492300507327255, -1.7456335673554109]",-4.64229541
2015-07-07,"[0.6462796477853416, 0.25037859629959414, 0.526390440261082, -0.009917146979532276]","[-0.02245956987484425, -0.029554728868703226, -0.028937986954951873, 0.029231474879613494]","[0.6964095497942732, 0.8369545763448456, 0.6989533135374889, 0.8314942142649966]","[-1.1864708934813584, -1.4038433581496597, -1.1783826896000196, -1.355187597108386]","[-1.4748939952600253, -1.751551346400602, -1.4852989004500075, -1.732882930850705]",-3.24834228
2015-07-14,"[0.45661845160474, 0.6551188235695449, 0.42130368290518305, 0.49975680740850237]","[-0.03963087537715739, 0.0018853845434479552, -0.10232102951436331, -0.11304221690089573]","[0.7193665717026712, 0.8576938800048244, 0.7312790175408143, 0.8566286991962482]","[-1.2322432389652054, -1.4130580136679998, -1.3025594187002745, -1.4504862236717087]","[-1.5151088910187154, -1.7583962171256837, -1.6090585928221262, -1.828684573123199]",-0.10907174
2015-07-21,"[-0.40527772966987285, -0.061438107661970776, -1.0056864997451953, -0.34847181074528777]","[-0.3327530356698838, -0.3428891617063932, -0.3573175575881154, -0.45282465298139757]","[0.7010221610583907, 0.8410128070063879, 0.7062145549250858, 0.8208205539262434]","[-1.5517503471877265, -1.767537134812846, -1.544313803519228, -1.7936113857989093]","[-1.788606343642503, -2.133209998169367, -1.8246507035064576, -2.1816789880279064]",-4.56896491
2015-07-28,"[1.2354571863734343, 0.8585278026944643, 1.0817046020173748, 0.657428241458291]","[0.04390746965147073, 0.03535453403756167, 0.043209956479366374, 0.005496974847217344]","[0.684860361351418, 0.8330858142453217, 0.6696846482260044, 0.8167514852094313]","[-1.0739399744480718, -1.3727066627023856, -1.025657667242021, -1.3065685984650808]","[-1.4152327495893098, -1.733410240546066, -1.370502401257702, -1.6650953792311802]",-3.94393474
2015-08-04,"[-0.19567445665495953, -0.18832343145156472, -0.2703341738005349, -0.3677592863693846]","[0.07717888758537508, 0.07397123699516636, 0.07244899295364735, -0.004413117385298989]","[0.7004699091710939, 0.8519188606469555, 0.7051721817771761, 0.839433223941676]","[-1.1288006873806717, -1.3400347434427717, -1.0878734167765922, -1.397066596808456]","[-1.4194298863763066, -1.7318328486826298, -1.418922105804054, -1.742077301560005]",0.12028014
2015-08-11,"[-0.9349643605894187, -1.2900009942652169, -1.2127057135206343, -0.5436741848221516]","[-0.013397615571185916, 0.12807015288162682, -0.09332878095576982, -0.06997699220797972]","[0.7028621198308148, 0.8441194889601402, 0.7080888956006343, 0.8470856504819129]","[-1.1354322893891593, -1.2822816578208307, -1.2216096323266916, -1.4266710147740553]","[-1.4133012532084392, -1.6219980615722955, -1.5112296233596048, -1.7504099286450394]",-3.13719370
2015-08-18,"[-0.29963838483348937, -0.5128272349096186, -0.19305915700282839, -0.5623429665006618]","[0.14258145530478822, 0.1891548651544761, 0.11987502557366131, 0.06673912831798548]","[0.684789408760205, 0.8331885510346039, 0.6847524119539019, 0.8577882842003011]","[-0.9783206987239379, -1.1549082736568983, -0.9925282331490553, -1.3535634312288576]","[-1.273695908055302, -1.4958941843110087, -1.304677161305808, -1.6875590049655913]",-0.22190978
2015-08-25,"[-2.2968032862805465, -0.3764854371259396, -1.2994701495859573, -1.3843985377486767]","[0.19006961389967253, -0.1714642849853956, 0.22878153892644346, 0.04822014954767808]","[0.7488657179587078, 0.9192760671476564, 0.7603748824949473, 0.8773769844091419]","[-1.055189319242718, -1.7538423271064247, -0.9991797842179754, -1.3892688563049822]","[-1.3416111958297463, -2.06719437501225, -1.3128950846848688, -1.8140708565637764]",-71.68243181
2015-09-01,"[-2.886254918862896, -3.1751799178219464, -2.8828746519645065, -2.803063931626504]","[-0.19373710427082583, -0.3193854954588136, -0.1648115951483471, -0.054463863255304626]","[0.7542993938125919, 0.929427572199046, 0.7498290189389621, 0.8852804037036793]","[-1.4141070491743601, -1.8353616733500349, -1.384059746139721, -1.5585827436106539]","[-1.7092760175825203, -2.1588254776130094, -1.665162437952206, -1.9160657943943107]",-6.67754119
2015-09-09,"[-1.3768259425678053, -1.1297613591267464, -1.4604032505184605, -0.9375574844799672]","[0.08748977454280701, 0.2441972233670542, -0.019535594804111243, -0.12873613505672277]","[0.7997897519177694, 0.9660695395664743, 0.8055672156504678, 0.9045235740988906]","[-1.203506584114646, -1.3081782387683114, -1.3719555309277918, -1.6177306048357374]","[-1.5419277564872345, -1.6552295944096813, -1.6665046710314448, -2.0450229232400026]",-2.67452438
2015-09-16,"[0.8479954695343572, 0.5618665529246059, 0.8404395328684089, 1.1056890320411128]","[0.027771000621893333, 0.0943763726522247, -0.0523255132615672, -0.018320885284566966]","[0.8142627822938204, 0.975871610295832, 0.8225848328991742, 0.9125764327182362]","[-1.3172320752845021, -1.4914987134284095, -1.3697536239735046, -1.575001363290122]","[-1.6702101680973072, -1.86053210064332, -1.749956143235058, -1.9477947007493461]",-1.63397465
2015-09-23,"[-0.15482543556908368, 0.07679597582335163, -0.31020903569665137, -0.2823736492737261]","[0.08867034693770408, 0.05133314425154899, 0.10270961011804346, 0.1283449663522321]","[0.783143652851407, 0.9348555873093335, 0.7903117824587954, 0.8766907887693883]","[-1.2040597073537096, -1.531228177994468, -1.2123079136604327, -1.35879593501876]","[-1.5471321762194694, -1.9466673022912266, -1.5620243045651818, -1.7241030509003974]",-0.71981887
2015-09-30,"[1.8490096257010258, 2.276108409923694, 1.4571392710866604, 1.0824247017263033]","[0.02333979891747989, 0.08440340482583496, 0.008146309407979654, 0.009178299432579909]","[0.8262843765910811, 1.009009029855995, 0.8302076908532906, 0.9264072410040441]","[-1.3889122161836907, -1.6729636299188047, -1.4377235544276914, -1.564372327508901]","[-1.760418117469314, -2.0450515402593545, -1.7894175711063953, -1.943670978806457]",-5.30498843
2015-10-07,"[0.8156073581371714, 0.598190650194308, 0.7245765846830565, 1.6156904435172592]","[-0.08242777624333084, -0.14447405160465826, -0.03736800375483285, -0.04184179704232105]","[0.8341672750730653, 0.9937242199296665, 0.8327964977181554, 0.9164141345420103]","[-1.384022459204062, -1.7545736503122722, -1.4062053378166979, -1.554698773712434]","[-1.8452540142528704, -2.231831161540507, -1.8295317527556754, -1.985440725568251]",-2.51848044
2015-10-14,"[-0.44059052660516684, -0.16035372583402818, -0.9241790335732247, -0.9729403321622421]","[0.16348514865529742, 0.11154018841551931, 0.1429567333970257, 0.1662585571774375]","[0.83660186229637, 1.012779789206079, 0.8364967603874872, 0.9048395300809338]","[-1.117345208426407, -1.4210618936967296, -1.1811764183680316, -1.304639300381019]","[-1.5105676555393663, -1.884577175800834, -1.5393374028804927, -1.7456570341753255]",-4.40997237
2015-10-21,"[-0.612462015499915, -0.6119542494507968, -0.28209403300198943, -1.4866352355151768]","[-0.29378660410755253, -0.38122551035083724, -0.2960347346956472, -0.2097508751407137]","[0.8322828748294967, 1.0021790844406055, 0.8249494052932456, 0.929505787087205]","[-1.637324470454782, -1.966951298063051, -1.6496178037889602, -1.720595707458154]","[-1.95686896316777, -2.4005844646772467, -1.9454106369457955, -2.1803758786394978]",-3.51896938
2015-10-28,"[1.1310420430719503, 0.8278500313501524, 1.120400171242153, 2.6209842843276654]","[0.36531564295345215, 0.48172149684238624, 0.3055963951344946, 0.2202735451750119]","[0.7918294143973835, 0.9551266729156015, 0.7990406036985378, 0.8950055048369737]","[-0.9365100598207278, -1.0820334359401689, -1.0047719177131142, -1.3076838491229503]","[-1.2530689494583267, -1.5059511819612315, -1.344789577383253, -1.6690657846757997]",-6.84843799
2015-11-04,"[-0.3037902267368331, 0.008696800357288481, -0.28262681052968475, -0.15424054938737441]","[-0.14653992230422977, -0.17669110854105563, -0.11375696840704552, -0.15544300337909522]","[0.8341042895055089, 0.9814457045739757, 0.8422555360869566, 0.9083632773365546]","[-1.5036420717870116, -1.8280965472157629, -1.4864392892892841, -1.5927823232160332]","[-1.8098966551194382, -2.169656924096938, -1.8072106631542615, -1.973294956840188]",-0.65358193
2015-11-11,"[-0.3939444697167005, -0.12365611302094237, -0.31578887525558486, -0.7337436544405662]","[-0.12918711126105464, -0.05909084271619882, -0.14868049300672895, -0.14109512654245854]","[0.8522685092508491, 1.0309818370638777, 0.8387060694005503, 0.9219737239313923]","[-1.4956571289407299, -1.7195064477372817, -1.5405005301097006, -1.6320831143340009]","[-1.8655503369369546, -2.1209087778282996, -1.8662165989791635, -1.9705367434594812]",-0.73786697
2015-11-18,"[1.57415794243434, 1.901277722577177, 1.4061173016537865, 1.5047455169485247]","[0.14645538642810743, 0.20769181597972275, 0.15180662100376896, 0.1389198239403852]","[0.830777930187081, 0.9789034650250805, 0.831444681125383, 0.9412796627582931]","[-1.228365900360547, -1.3704620918888737, -1.1954304631851047, -1.475511087719971]","[-1.6011786314804632, -1.8462547238747522, -1.5399223330947702, -1.8058770663481196]",-1.91797273
2015-11-25,"[-0.014322720198300942, 0.08766543909395352, 0.006736732429146741, 0.4718468100444184]","[-0.21813296674705396, -0.21838067246774906, -0.20811270302827994, -0.2062438423647272]","[0.8291670248035806, 0.9607816228495858, 0.8367030406476288, 0.9503351979085884]","[-1.6077238411085895, -1.808721497380295, -1.579794403460922, -1.7371179994857335]","[-1.9226994621128193, -2.1377981049401433, -1.9341861539157004, -2.161510671239685]",-0.62040822
2015-12-03,"[-1.4097269061463358, -1.7096002136645971, -1.4316005269595422, -1.3799121928130376]","[0.3091615081904416, 0.3259142958401096, 0.29449795154522207, 0.23823224252374028]","[0.8143073019576444, 0.9436562759067968, 0.8158526332035461, 0.9160177370711805]","[-1.000941943609417, -1.2131267882852024, -0.9663987609497401, -1.281739998859806]","[-1.371353711885487, -1.606636844112798, -1.372896299382668, -1.6646741334025217]",-2.47041543
2015-12-10,"[0.2577950381854599, 0.4507470619436127, 0.4702428743424747, 0.16079849775216815]","[-0.3819318993999182, -0.4379731531999459, -0.3636461080028917, -0.2194329380161243]","[0.8404452525336298, 0.977320672886958, 0.8420547408090107, 0.9296609884281519]","[-1.7671673592417134, -2.0210428146470436, -1.7573967144259013, -1.7491880199953744]","[-2.0763018645286513, -2.3697174059281387, -2.0523798176394625, -2.147396342653467]",-1.25307613
2015-12-17,"[-1.5355438832407309, -1.4671273469443413, -1.4371108616327177, -1.0420465900534914]","[-0.06164230177098179, 0.11075215051451295, -0.08074694422737362, -0.05668715538717082]","[0.8381370496290933, 0.9866351737853276, 0.8349129913969271, 0.8994665092511042]","[-1.5097482869321563, -1.5472549975811385, -1.5153783693939418, -1.4766924692048096]","[-1.834633692264995, -1.980593820483923, -1.836508331082168, -1.9819105200904543]",-1.95663786
2015-12-24,"[-0.16515506987593298, -0.01775299283117704, -0.2869597512072275, 0.141048360362106]","[-0.17935227949846075, -0.06436996758959518, -0.19062823299893247, -0.07744732635789832]","[0.8799672801067369, 1.0038972084280595, 0.8834238656864895, 0.9718530784911874]","[-1.5819504958382289, -1.7133801892560325, -1.5802957056770752, -1.599205033779428]","[-1.9279966516588143, -2.067424322829234, -1.9205314155815265, -2.004234487449916]",-0.44721278
2016-01-04,"[-1.4083276390277177, -2.132343797867886, -1.5971314187774865, -1.988310246149183]","[0.08431018334560983, 0.1266508526204689, 0.07232555506453558, 0.07238938256511777]","[0.8896638033664955, 1.0407648017986009, 0.89799199373615, 0.962936741560781]","[-1.3532866560528551, -1.5269216199523914, -1.3907485298361522, -1.4862558948826006]","[-1.686376381801738, -1.9848058490956109, -1.700199963782481, -1.865196448937844]",-5.72511333
2016-01-11,"[0.09739096737053643, 0.30720969744111315, 0.31833875206146445, -0.035035285480589096]","[0.4162663191418266, 0.48565572029506393, 0.3886302778731307, 0.1691446116698165]","[0.8725050263899957, 1.0246783673467805, 0.8770212784957935, 0.963810202340522]","[-1.0299892037949943, -1.1759344357857804, -1.0734986008782392, -1.3658897594974644]","[-1.4356754849678013, -1.7456501699267932, -1.4993212510662295, -1.7993455218668797]",-1.33679432
2016-01-19,"[0.13300432909710835, 0.21795473168797486, 0.1746026733959738, -1.0354181614484759]","[-0.4522674391750378, -0.507086955627662, -0.407491852903209, -0.2167493643308723]","[0.9273607525976595, 1.0992473187153902, 0.9145353365211721, 0.9900721164135037]","[-2.032907947781766, -2.3636546480675733, -1.9824448997173474, -1.9283544414071203]","[-2.4205812545676837, -2.7663099855088613, -2.3703492243124846, -2.335918746950223]",-4.08720378
2016-01-26,"[1.3551152653849208, 0.8959403666422006, 1.7597236859897336, 2.5489714091852633]","[-0.04611224237064645, 0.060890993781691695, 0.008693805778580152, 0.041845059919111055]","[0.9524719436233638, 1.1186703202383064, 0.9478017843850721, 1.0030711089962936]","[-1.5594302708076149, -1.7498282072891287, -1.454229984100992, -1.682642750220849]","[-2.027619209337974, -2.22904462825715, -1.9451828306129582, -2.14024240876]",-7.31570822
2016-02-02,"[-1.8186319284003716, -2.1883072107706347, -1.8136407249230047, -2.011174187617115]","[0.027562617486184635, 0.1664789614164364, 0.08210261534684998, 0.08641813613167432]","[0.9129782472064425, 1.0832574440486302, 0.9085838974166326, 0.9769317970394038]","[-1.471281819234433, -1.6082960551602754, -1.4105799723279089, -1.5263306969764538]","[-1.889251456380879, -2.1077918376561366, -1.8167163699633029, -1.991168635540529]",-3.24594044
2016-02-09,"[0.005411430023816166, -0.31100906103320725, -0.07908511361929271, -0.7823083467690672]","[-0.016018133165384887, -0.1448674572269971, 0.01821301193645991, -0.08864037752076277]","[0.9216607750926593, 1.1059595177255728, 0.9246736655707132, 0.9910943773180835]","[-1.5423363609308058, -1.9251756705208383, -1.550835266135731, -1.6893545539030492]","[-1.9839165529234082, -2.504062898973973, -1.9248158895030136, -2.1664643636510035]",-2.04828861
2016-02-17,"[1.6202883759143916, 2.2395368558484563, 1.57686641170951, 1.0840563286449445]","[-0.14337759256750784, -0.090442274310322, -0.12987397647907872, -0.22769900185585873]","[0.9552882617342933, 1.128738755269738, 0.9371991318223537, 1.0360849561555283]","[-1.6693849065155202, -1.881782630038661, -1.63964536900903, -1.9709189397991633]","[-2.1166846875198027, -2.4147108179113332, -2.080015648837809, -2.3210570650378246]",-2.76401156
2016-02-24,"[0.4565434463677853, 0.9503690150908461, 0.32330053250877455, 0.6943252933095501]","[-0.16396512314527942, -0.23684094037180545, -0.11852940845104114, -0.1499829721831248]","[0.9600751209342913, 1.1531257443885718, 0.9435189802739351, 1.0088621188496583]","[-1.7241540665339306, -2.147216547714763, -1.6844543157245726, -1.8174235031561399]","[-2.131299116185099, -2.616022789305898, -2.056831973406888, -2.211491600820946]",-1.74776679
2016-03-02,"[0.4482723594580129, 0.03778447060192036, 0.20281723790223083, 1.1841180913296334]","[0.17911915680675825, 0.2964762401797372, 0.105210654210677, 0.015361603791923082]","[0.9671477607364041, 1.141406033053901, 0.9616827711801287, 1.0106599757048946]","[-1.4375115568718382, -1.6315781653334427, -1.502046878742523, -1.6259149299326159]","[-1.7739271550496378, -2.0483398212556465, -1.8154285481547663, -1.9971584647557221]",-3.31391324
2016-03-09,"[0.4927363733609802, 0.6412446230156021, 0.2135173871492313, 0.555496227083907]","[0.18288280554416445, 0.2573784729092423, 0.22183879787307542, 0.1844481523357512]","[0.9450000327735567, 1.1273377734221157, 0.9402810066999056, 1.026767869588628]","[-1.3103034971451963, -1.5531851859319772, -1.2544940969696508, -1.4941703046400312]","[-1.6920362881711006, -2.0136886823405193, -1.6718062665216595, -1.8926808358696658]",-1.68231978
2016-03-16,"[0.5770434305821581, 0.886983257668561, 0.42935761613787093, 0.7739245118737692]","[0.15774224505319656, 0.19172305449319335, 0.09655540607295222, 0.09167944226307373]","[0.9470999040885812, 1.131347056100192, 0.9361060710386964, 1.0256240943397459]","[-1.4148914651755669, -1.732671210945472, -1.4590461535299497, -1.6163598041708906]","[-1.8631043272328602, -2.196847890164457, -1.8592094227326017, -2.0388229559517885]",-0.95328383
2016-03-23,"[-0.6626256508370787, -0.8265910699918777, -0.4559200444900213, -1.8003713163280644]","[0.1292416915361687, 0.12534715375001493, 0.09408218181835554, 0.035800044502685154]","[0.9426941839157322, 1.131884426866643, 0.9432874983878949, 1.0052366015608702]","[-1.3688311574789214, -1.7089403616414063, -1.4101591322229208, -1.6288434085675128]","[-1.7952042869784453, -2.174882608437388, -1.7991476221519394, -1.9815569393943722]",-3.57702366
2016-03-31,"[-0.24299968726309018, -0.14640427303689307, -0.17835281232478906, 0.010745486772911761]","[-0.029812260696223045, 0.08861539075779913, 0.01092724312342907, 0.1386514124888328]","[0.9468634864989577, 1.1308066372073275, 0.9470790202688705, 1.0560924840765054]","[-1.5391926536442027, -1.7629912758324824, -1.5162441575961962, -1.618089482274583]","[-1.9834513283377406, -2.215417691242463, -1.974159963770824, -2.146343086128937]",-0.48418717
2016-04-07,"[-1.20380888791205, -1.447131619955666, -0.9875283079603392, -1.348780971884267]","[0.1846358413911946, 0.2580617558425294, 0.10717302775784958, 0.009345344255295854]","[0.924849289539959, 1.1143083127532667, 0.9269850791790223, 1.0168439050066573]","[-1.2811304582501746, -1.5661744890341114, -1.3841571209377883, -1.7450929151699959]","[-1.7648173440087922, -2.0791964023398406, -1.8371623603134777, -2.1059902235611916]",-2.38052878
2016-04-14,"[0.004337079219585149, 0.009005148085439174, 0.10129844249906483, -0.010602817544214105]","[0.11537308355470377, 0.05315617573559038, 0.1304575348481497, 0.0959520040544517]","[0.965279745735387, 1.1541215236986127, 0.9647952044076882, 1.0796821093499676]","[-1.454869322029197, -1.773053099758997, -1.4367683485151954, -1.6241322307532067]","[-1.808178815249038, -2.2203713182425684, -1.7836406000947407, -2.098771037819253]",-0.57407610
2016-04-21,"[-0.5393082120312087, 0.009027122405669274, -0.630566473569516, -0.9261270683881939]","[-0.04625080158721882, 0.016384522392285633, -0.019107368704205926, -0.006239482552106003]","[0.984991982292797, 1.1960280254973585, 0.9698135624626006, 1.0831370293422473]","[-1.6932635841337746, -1.9651250930431308, -1.6000216001168894, -1.8564866808637723]","[-2.2124421556699234, -2.599586168475634, -2.102783748588388, -2.350774847804359]",-1.72470325
2016-04-28,"[-0.9126569656038086, -1.2157978631399224, -1.1752375364615375, -0.9455949866508995]","[-0.4250476615630605, -0.29159689036568043, -0.3789537127566514, -0.13589399451534478]","[0.964309068207903, 1.1374533137342784, 0.9523418076914417, 1.061134179008489]","[-1.9638661309551957, -2.1796471808121307, -1.8768800485110617, -1.8043886562697744]","[-2.388425252231145, -2.5942430300817314, -2.3065697029354744, -2.3091573942712658]",-3.36576657
2016-05-05,"[-0.019515380147350214, -0.02857102740057016, 0.05352292848908036, -0.38296828674653227]","[0.058147101719797964, -0.022185576573167203, 0.0354217161791443, -0.08617963955548141]","[0.9729581826582677, 1.1622840116272404, 0.9681421578592238, 1.060136739230941]","[-1.552707467561932, -1.9619426681229721, -1.5443728139964175, -1.9005976728251612]","[-1.9837446830203787, -2.3960356534067135, -2.0017156665245346, -2.3006975384240786]",-0.66872505
2016-05-12,"[0.029072692318177218, -0.4429019516394739, 0.052947058131280755, -0.3070616566973605]","[-0.04172960915357317, -0.05027886832112705, -0.015186774009639002, -0.07528294456238764]","[0.9808998051039101, 1.1447680365793336, 0.9825513097229354, 1.069513464976167]","[-1.6340689940113173, -1.8855072684294603, -1.633251337046518, -1.7733926445695845]","[-2.1598670310897488, -2.5041397775415764, -2.125077183762393, -2.3350392262045334]",-1.53693791
2016-05-19,"[-0.34710784627476343, -0.5208884835156802, -0.5218245798953802, -0.8605927347574927]","[0.12440696227548252, 0.030179772303581754, 0.11836300904709664, -0.07901280058615444]","[0.8687837848518204, 1.0582069865617694, 0.8603361562522017, 0.9690359328462087]","[-1.2854884481151756, -1.7432464411024147, -1.3231091658806895, -1.693905281493556]","[-1.6654266037897165, -2.1381021175304697, -1.683268359021545, -2.0936176108267484]",-1.16276223
2016-05-26,"[0.028686558565738096, 0.2925289806089637, -0.13015769863109483, -0.1562666309302685]","[0.0628450828533625, 0.09650450727886244, 0.05645107850653596, 0.2291380252951217]","[0.9473750288997289, 1.1332191755479626, 0.9473598502570835, 1.0615597047598526]","[-1.5027842711954504, -1.7903226250011552, -1.5350753507751798, -1.5276538333066942]","[-1.9141241010633965, -2.2495749306048585, -1.9242482957366291, -1.9662837502912176]",-1.00006403
2016-06-03,"[-0.29916046766915727, -0.4713701482590871, -0.1767398530294173, -0.42991986239035995]","[-0.09037517452273838, -0.039808232976228985, -0.08803198888358164, -0.02734905777601627]","[0.8973068187914599, 1.0804867503217324, 0.8984178813399579, 0.9837229343800069]","[-1.5811428439261819, -1.8499229686163907, -1.6124941226017704, -1.685422006256383]","[-1.9513449814939365, -2.246184134751416, -1.9724867608954013, -2.0996910631372776]",-0.64860220
2016-06-10,"[-0.952270371319397, -1.1408928623182213, -0.6686118530614849, -1.1668790195776602]","[-0.027146344310319884, 0.08687885923242765, -0.02216668391357743, 0.03881023100720602]","[0.9017381230814159, 1.0872537868253744, 0.89839815570963, 0.989211557019139]","[-1.410734975835997, -1.6161477046561146, -1.3939074191225753, -1.4944468661020291]","[-1.846732145429971, -2.0809976011577844, -1.7992363924429187, -1.905370488302471]",-2.00911944
2016-06-17,"[-0.3731381442204196, -1.1790350826579754, -0.32726856227167644, 0.12422008097718873]","[0.01131184941070429, 0.059958820890769635, -0.01175424095338943, 0.04801257253845799]","[0.90853162752857, 1.082110574112924, 0.8994269164364427, 1.0269386909198048]","[-1.5238437359879593, -1.7848243528936476, -1.5449429114249065, -1.6302847553290116]","[-1.865484646521311, -2.239770328164619, -1.8643300870211752, -2.0900723005655144]",-2.44697322
2016-06-24,"[-3.711101231842129, -4.206021161898654, -3.4524408650062455, -3.7266494011561235]","[0.016886090479394565, -0.0590732548275286, -0.00392442401656903, -0.04573847846086205]","[0.9610472597926384, 1.1432416837868036, 0.9495860021765553, 1.0615202281552625]","[-1.5855522369086998, -1.8502145443122484, -1.5773462693876465, -1.763384541963213]","[-1.9327757013825293, -2.338593708230416, -1.942719536443949, -2.2316153863866903]",-8.25357320
2016-07-01,"[0.2126930776784164, 0.500887026568364, 0.1080286932918284, 0.3591061634504733]","[-0.23513904055108809, -0.26664184214953346, -0.22005016276016326, -0.0873102665967598]","[0.953527045459152, 1.1202026013744417, 0.9414832389457267, 1.0575471146376592]","[-1.690106625410307, -2.043274051881355, -1.6758712218068472, -1.7708029626250996]","[-2.1264986097274017, -2.561772295197756, -2.0897922728570775, -2.2653597078955574]",-0.79091177
2016-07-11,"[0.35206020725002674, 0.5695226819424803, 0.4409240525749425, 1.2339381490622081]","[-0.03647782723236528, -0.11650439862319723, -0.06630599895846848, -0.05937281609873383]","[0.9952483697483977, 1.1720967279377321, 0.9887276352465698, 1.0960202903293474]","[-1.6568825587130165, -1.9855816009154095, -1.6868253703749987, -1.9004437300091248]","[-2.108978452597473, -2.547112044878938, -2.142697916847803, -2.3060929157614645]",-3.19513732
2016-07-18,"[0.26791439297984, 0.6597201507686279, 0.0890697934167406, 0.19710327768640568]","[-0.01753870559491243, -0.13400886218766112, -0.02416606775058541, -0.14835696866803177]","[0.9675747236715259, 1.149880556169601, 0.9670754001454873, 1.0767905692995505]","[-1.6182413191879, -2.0445698437653603, -1.6574251973294483, -1.8476811790021967]","[-2.0429824120678224, -2.52489123268575, -2.087353280735605, -2.385882641162594]",-1.39137224
2016-07-25,"[-0.2719473569474218, 0.008804544106588708, -0.419762050046657, -0.18716510344534143]","[-0.02150937519281314, -0.05086664525008258, -0.05003616783340794, 0.0009146665137511412]","[0.967829625646926, 1.1621547729581385, 0.9700574059138591, 1.062559582726659]","[-1.6641839214579823, -2.0723872884669303, -1.6928870084740666, -1.7015948755961123]","[-2.0806587736343607, -2.4591626849670902, -2.1340836138078543, -2.2915414767161817]",-0.89427369
2016-08-01,"[-0.08294191745230606, 0.5279470639175443, -0.150556198568097, -0.29489940201834486]","[0.030165771863253577, 0.026678086427107676, 0.002093229837622675, 0.035496744389231956]","[0.9375561810961318, 1.1192417358809128, 0.9349620102303394, 1.0696266150692233]","[-1.488140888794167, -1.828729634117561, -1.4593034540018668, -1.6580360991292027]","[-1.9126493982536303, -2.319691995564108, -1.9718412297161547, -2.1314215657821824]",-1.58576781
2016-08-08,"[-0.05959514936293431, -0.11138064055717933, -0.07682178318422217, 0.05820175385977677]","[0.042835903698894735, -0.07092804195026685, 0.022085657948367546, -0.011796763644116793]","[0.985850420990158, 1.1811013719508214, 0.9895692994184425, 1.1082186000605092]","[-1.6102994939214643, -2.047988963528318, -1.5921702737456493, -1.7797091871226831]","[-1.9764862812102169, -2.480604177834209, -2.0235315141890506, -2.247670113959101]",-0.48445136
2016-08-15,"[0.2879645726475921, 0.42573343989564805, 0.3202150830416528, 1.063843114952867]","[0.0169551112798185, -0.02279374370721862, 0.011240621499479554, -0.04592883618098405]","[0.9217867721426782, 1.115500877804623, 0.9235336373841215, 1.0470847976835431]","[-1.4504130302480966, -1.7632227778067768, -1.4828122942540292, -1.6945338242654502]","[-1.9059135342927587, -2.321162191737221, -1.940830615079521, -2.165955390254326]",-2.18048942
2016-08-22,"[-0.004578020922352266, 0.07673667269934015, -0.12485847176755271, 0.14432143950431353]","[0.07172656646421469, 0.11053386941065885, 0.10163494625222495, 0.12724772764131315]","[0.9413421968240894, 1.1339509691282321, 0.9399155049620901, 1.0658557595421452]","[-1.4697137213769111, -1.7663047001256142, -1.4348348962367716, -1.6513109434719835]","[-1.8491393328907473, -2.2225831905880193, -1.8021068468905548, -1.9943094895230558]",-0.60690918
2016-08-29,"[0.4916811137571919, 0.13693165244763605, 0.5831707286802157, 0.5752118647818882]","[0.16784444486239375, 0.24637428771200118, 0.1659022297234727, 0.14881606208228593]","[0.9232651662792176, 1.0972265826276006, 0.908111654270334, 1.0405085695963006]","[-1.3220989629894873, -1.561604541725666, -1.290472248115511, -1.6114100433707008]","[-1.801286343650942, -2.076686289232027, -1.7715862332440502, -2.104638627936115]",-0.95366369
2016-09-06,"[0.30225730268353956, 0.6213567621713878, 0.2493109596809262, -0.08557193200919855]","[-0.024669437427295424, -0.12352977239596127, -0.04755874938613283, -0.09035065290124032]","[0.8890286322505827, 1.05930808156141, 0.8849272109315975, 1.0010135750137614]","[-1.5114172511324788, -1.9770993239577843, -1.504523467906292, -1.7534087123327697]","[-1.889068456602583, -2.4091403229702077, -1.9146711259369738, -2.2132748933076507]",-0.79932590
2016-09-13,"[-1.4479969422132477, -0.8980140194630337, -1.4196835370585248, -1.986826517794782]","[0.27480707717695, 0.21366720711014836, 0.19656142471449842, 0.17331237894253432]","[0.8836975375710362, 1.065527426683787, 0.8771467590135661, 0.9992200400609916]","[-1.1584131931493022, -1.4772293774236542, -1.256370032473452, -1.4422666082652926]","[-1.4782759241399404, -1.8981992474020606, -1.5702055665381607, -1.8570912881456485]",-4.49448142
2016-09-20,"[0.004698588143714488, 0.18821638417056974, 0.054013600712643495, -0.48680999531107716]","[-0.10137736819089181, -0.12474545228598091, -0.09332165659739511, -0.09648495957296413]","[0.9304198279327176, 1.1189629633756453, 0.9170454961670841, 1.0476783694580152]","[-1.604183611473592, -1.9234368574576988, -1.5895039533435618, -1.774347981767167]","[-2.011967493561434, -2.4187204192922978, -1.9756755361744178, -2.237611278894466]",-0.72869696
2016-09-27,"[0.6188785802437202, 0.9837352381689257, 0.7349069351267445, 0.18338877649695107]","[0.02661026473743031, 0.0985029824863753, 0.015208763477036136, -0.014047041261514494]","[0.9592632670931007, 1.141048191197411, 0.9476591324994814, 1.0927612451470867]","[-1.5397378091269518, -1.7937698793428216, -1.5394997157892816, -1.7735962513576895]","[-1.9293102757011413, -2.270541019005403, -1.9170937621201158, -2.2727280287623617]",-1.19594624
2016-10-04,"[-0.5110931079141956, -0.1519403374692807, -0.4689443363089296, -0.5192341236675446]","[-0.018424863840016802, 0.012273921724845094, -0.012762987757784557, -0.009788337228054854]","[0.880620303017698, 1.0359724764759455, 0.8839699268501535, 0.996005615575712]","[-1.483942062270913, -1.7235584032993418, -1.4385838862870752, -1.6669021427861794]","[-1.8421432169672318, -2.1220818659130254, -1.8012624292015946, -2.067462132574376]",-0.88752457
2016-10-11,"[-1.2710149063372533, -1.4362179869580771, -1.0992575931441095, -1.567587327972575]","[0.08851772515587503, -0.04097317510359751, 0.06602150955304552, -0.08547909699040251]","[0.9112684816793558, 1.0737821599433077, 0.9001783735371798, 1.0380155526565926]","[-1.4337126833571743, -1.8877084477648542, -1.4662366709218226, -1.7907678232409163]","[-1.8714206633178367, -2.3841905190346315, -1.8422210181707042, -2.2604882138237135]",-1.71081715
2016-10-18,"[0.6242817361330033, 0.8863223995713376, 0.41679210332929983, 0.6246217659001019]","[0.06948920269975334, -0.011476365648533824, 0.04920456042690915, -0.06656546653434434]","[0.8655016646859407, 1.0633100759404024, 0.8594454835554536, 0.9847417104984897]","[-1.42001199544226, -1.8450901335508534, -1.393037038806058, -1.7537878233570217]","[-1.7369888282572072, -2.216424617195454, -1.7664692107940494, -2.073053783152847]",-0.92585766
2016-10-25,"[-0.3356192713478201, -0.31829960518088285, -0.295447328723597, -0.6480098117561006]","[0.41919972729837945, 0.3773669867791099, 0.3856710703870257, 0.2813037268068542]","[0.89466010075214, 1.0702062887180992, 0.8875422292738124, 1.0401269365997334]","[-0.9572520188356324, -1.3423170946860157, -1.0041025973467737, -1.3617003793905484]","[-1.2899977164170562, -1.7403418606758168, -1.3085275383216988, -1.689511889719737]",-0.64546845
2016-11-01,"[-0.7271675983080428, -0.7550651036691391, -0.5822094792890198, -1.2294494704844006]","[-0.12306221165989557, -0.2018720791746699, -0.11044190323212957, -0.24646618274029924]","[0.8519867880709566, 1.0358232409650057, 0.8457909171810646, 0.9799761924606836]","[-1.4800928156285642, -1.876074958724688, -1.4700498653482108, -1.8957495952079197]","[-1.8179539154626179, -2.256024625990168, -1.8385363150636738, -2.275265629135069]",-0.93863306
2016-11-08,"[0.44937782628000633, 0.6510917537841721, 0.3997563282435834, 0.17679139043158543]","[-0.14350359887908784, -0.09651035808605106, -0.1343952360787446, 0.04211485980692693]","[0.9076097542075224, 1.0777715127531242, 0.8904205320896124, 1.0412512977028334]","[-1.6035515056854077, -1.8215634155229916, -1.5099493677859197, -1.5756588628540649]","[-1.9255002983226333, -2.199255029727195, -1.8797434053988797, -2.0652152441310268]",-0.90468379
2016-11-15,"[0.77723009807249, 1.3775364380061106, 0.2877349554408326, 0.3670360335307876]","[-0.23226080554846376, -0.30649364958345326, -0.09777036348743573, 0.17422303533612465]","[0.8951113831248283, 1.080963471809046, 0.8798544774461049, 1.0632680603044435]","[-1.6500465840232752, -2.029730739380877, -1.463183309139438, -1.5897270013030802]","[-2.094535050282456, -2.5363228857641626, -1.9040935581752316, -2.0958312221727806]",-6.72070901
2016-11-22,"[0.1951358822633864, 0.303253441981699, 0.3537602924289729, 1.2142485400156389]","[0.07636262632516877, 0.20762607417074616, 0.05601103905702006, 0.1738118779550343]","[0.8942496009500546, 1.0839521278654745, 0.8751139737223016, 1.0634190255709137]","[-1.436301131830313, -1.5478679764954448, -1.3917438301935676, -1.600752663289409]","[-1.7742812476867038, -2.0669229637800286, -1.7137829476962358, -2.0183712527841946]",-2.34828378
2016-11-30,"[-0.24020192348972458, -1.2180815052102112, 0.010354245956101238, -0.008699507991671851]","[0.04684173104987866, 0.011592584799494403, 0.006108788711164587, -0.08266506791220482]","[0.9153118036751506, 1.088928361447261, 0.9030892820536579, 1.0885824753559685]","[-1.4481289844891232, -1.6969324261155585, -1.4507102001813692, -1.8351974108510498]","[-1.819111358950839, -2.2280719139784932, -1.8402078056594968, -2.32595940564282]",-3.34566816
2016-12-07,"[1.2817626688278239, 1.2582810781005094, 1.535232491091243, 1.1438280481668173]","[-0.005117294979781258, 0.08383064997610541, 0.021675459250309826, 0.2072348796797459]","[0.9025106847647915, 1.1077097136603764, 0.8694697775342808, 1.0457620269826389]","[-1.4225070721878752, -1.7312177461060128, -1.383217484540188, -1.492519015955207]","[-1.8685631095291486, -2.212904021012368, -1.7646305133645634, -1.9339031480876534]",-3.03624671
2016-12-14,"[-0.7981164457475209, -0.20775057594066837, -0.5978295922178134, -1.477792570313774]","[0.07860415658772905, 0.02173104730298347, 0.01826462942783088, -0.004867517050847763]","[0.9305682879233235, 1.1170588195822817, 0.9080679828355188, 1.0955425916477979]","[-1.4439341573856608, -1.804803488721575, -1.5329693125981025, -1.8182737035414136]","[-1.8566914472539344, -2.2977516528000486, -1.8815110476325172, -2.322470378091722]",-4.09449960
2016-12-21,"[-0.24770813565488936, -0.07466633130936984, -0.16364131039399155, -0.5519247408623862]","[0.186633513502065, 0.14306588550076554, 0.19459859428261744, 0.29077942574159593]","[0.9057893431997343, 1.1084412123498055, 0.8824925869741184, 1.0639764731221792]","[-1.3019506200428457, -1.8199782116766186, -1.3367788802129061, -1.4493950216075064]","[-1.7610169597290188, -2.28580757172342, -1.7264654424143617, -1.9718605599170727]",-0.89098501
2016-12-29,"[-0.04903390020540854, -0.1419099281304348, -0.07010737811707912, 0.09215298045823772]","[0.2551950037930177, 0.3158586249652154, 0.2533105395012506, 0.2138658231718569]","[0.8894959041349888, 1.0873666501864925, 0.8702094250423219, 1.068846105635735]","[-1.249673596490931, -1.577258551692694, -1.2521878767220316, -1.5290690245689378]","[-1.585274810529896, -1.9491120658010541, -1.5848883925426827, -2.0786219322428816]",-0.40879244
2017-01-06,"[0.3923653799319915, 0.8731483382807603, 0.32365808227243775, -0.33462981188332463]","[0.14695273259013816, 0.4976202337603367, 0.14086925846917328, 0.26227680884918686]","[0.882224276664339, 1.0518097023904898, 0.864180153521061, 1.0443121182122714]","[-1.2809794262548944, -1.1747437382919323, -1.2720982902520583, -1.4601443968316208]","[-1.6902900269807615, -1.7537982648466584, -1.6668749868565513, -1.8950571663419007]",-1.61207087
2017-01-13,"[0.2116521732741461, 0.3415872793154584, -0.026497904834421604, 0.6406985347547689]","[-0.058648214422321494, 0.06795246090209203, -0.0861315177403982, -0.02760066279617651]","[0.9124790931676026, 1.0953515887899747, 0.8843412969540193, 1.1170190674231502]","[-1.551869730687217, -1.6821066272712333, -1.4995847370224573, -1.8214107061570481]","[-1.899958406490511, -2.171210280981728, -1.8544347036837945, -2.2398783888332385]",-1.20689128
2017-01-23,"[-0.2516897516576577, 0.08108197393044136, -0.13828922311560632, -0.34951245529590835]","[0.12314014711393236, 0.0459303973464404, 0.12646813598070658, 0.10005161492286355]","[0.9205848471908835, 1.1031110631535384, 0.9039887563584323, 1.1070366156083482]","[-1.3784567205082823, -1.729873005417297, -1.3584305389163853, -1.686027052345941]","[-1.8144415852013345, -2.2829389948958574, -1.7825488761851154, -2.187930699449291]",-1.41303455
2017-01-30,"[-0.6088714626752534, -0.782077181002272, -0.6122583734157416, -1.5382266516016152]","[0.23708789771944377, 0.21547154635345073, 0.2137163235211456, 0.1593188791320087]","[0.8874547323474181, 1.0682822204610087, 0.877366511144971, 1.0822342425234766]","[-1.2060110710831755, -1.578491383834655, -1.1850021825844141, -1.6063936113661057]","[-1.5728552217279852, -1.9122630135374994, -1.6090940643628406, -2.0151052584444558]",-2.06247314
2017-02-06,"[-0.16581250478866494, 0.11928442940769557, -0.09490608300666281, -0.7480514669492955]","[-0.11635885436753053, -0.26480168629291323, -0.07540875465158049, -0.00568525049080221]","[0.9068683532870996, 1.09440261034899, 0.8938438580076049, 1.0773750621083054]","[-1.6073835061486017, -2.0256844907856446, -1.5510596452918954, -1.7839351179440803]","[-1.9259788891055007, -2.4566658024132395, -1.8846349910729707, -2.1418346290094585]",-1.50275160
2017-02-13,"[0.542819246223214, 0.5636411632896632, 0.7019922130863776, 0.3992311291078465]","[0.011565273997449686, -0.030523184005876725, 0.0664126619738916, 0.17461342625046727]","[0.8663950109098971, 1.0417841197705295, 0.851555825431653, 1.082745268564707]","[-1.365100705183851, -1.744373142620549, -1.3011730989979946, -1.6097187330501297]","[-1.7397813096986001, -2.093073444000417, -1.6429377367448925, -2.0710831523035607]",-0.95413241
2017-02-21,"[0.5854075782104395, 0.491793122084605, 0.575096981014589, 0.832005429771776]","[0.16907578389439554, 0.2043437169853594, 0.13847235620611856, 0.14175114759559668]","[0.8740401944837226, 1.0464303318962767, 0.8558459203047672, 1.054987136338426]","[-1.2382748411237383, -1.4573228561796903, -1.284346907295699, -1.5275606026264266]","[-1.5953581932515535, -1.9190949607609895, -1.6130695346224586, -2.0058209947949313]",-0.57435099
2017-02-28,"[-0.24918055150626728, -0.3071622129001028, -0.12100934785124196, -1.5268745704759112]","[0.002396326388391405, -0.06573111399052149, 0.019889832225680876, -0.011009698053690686]","[0.91221469072375, 1.0957774065343222, 0.8807989196950612, 1.113674160309879]","[-1.5628637164481622, -1.878116200645592, -1.4362614549456876, -1.8167698780223613]","[-1.9056956041657158, -2.365177586100282, -1.8200190055934506, -2.3610257742788634]",-3.34876629
2017-03-07,"[-0.3075320117686964, -0.16841831979519384, -0.14126380423178375, -0.7071904064194889]","[0.1123777396884191, 0.14233258136669039, 0.09920151653878409, 0.05746603683664099]","[0.8835451603811881, 1.0619203145201135, 0.8692308844361545, 1.0941709612100323]","[-1.4143436071698716, -1.6817245821915032, -1.390842832188837, -1.7474874010810477]","[-1.7607852023811805, -2.119000451917678, -1.7355274384678128, -2.2183629301071806]",-1.03522208
2017-03-14,"[-0.36230518694555514, -0.2434440745062716, -0.21146324233356495, -0.4960709796088203]","[0.012657492059489519, 0.02236895694904992, 0.02793991793658376, 0.01364740578632165]","[0.877521252568967, 1.064055802052447, 0.8654115302046306, 1.089533812762194]","[-1.3948634225717553, -1.763343882965405, -1.3767753463235495, -1.7209626001389737]","[-1.7072505229021773, -2.1722659343301634, -1.664858757584095, -2.1350742857975757]",-0.76156735
2017-03-21,"[-1.2625251314485553, -1.5058804348570654, -1.1442408181407515, -2.9223605552846976]","[0.2806616961100158, 0.360920378682842, 0.2654635711486169, 0.26342341815857423]","[0.8855311074562074, 1.0623933639416832, 0.873347282501235, 1.0450850442031538]","[-1.2135338482469036, -1.3824450406958255, -1.1657825595401905, -1.465764550118127]","[-1.575262738678005, -1.8317090780846996, -1.5712564942572123, -1.841907656231197]",-7.17694340
2017-03-28,"[0.712365986925434, 0.6095876077060858, 0.7297533044409832, 0.9676038883681848]","[0.20142003265364142, 0.2146966579669168, 0.2027810291577483, 0.1400719645597073]","[0.8153767325641225, 0.9768452083252159, 0.7897966029159411, 1.056052980614785]","[-1.1660309192421219, -1.4583815622229837, -1.127234404258729, -1.5828992524838463]","[-1.4646918050070263, -1.8620606598424023, -1.4125672064148567, -2.010655338158848]",-0.44018406
2017-04-04,"[0.07644060439018219, 0.15860749166973775, 0.18882695148096929, 0.05134241383011329]","[0.11341780630169218, 0.24651337014414015, 0.06360991378608324, 0.13172116523854738]","[0.7926901281454657, 0.9651107798239371, 0.769071267672866, 1.0588178396131593]","[-1.1996763229501544, -1.3710973963361077, -1.200665597319595, -1.5349671676079941]","[-1.5418583767571092, -1.7578739627876638, -1.5006407946953424, -2.005038525719877]",-0.42037930
2017-04-11,"[-0.11054099352429958, -0.43266696262325155, -0.03253503112272682, 0.9376007313439239]","[0.11819605942213607, 0.12102889299737407, 0.11938665024091033, 0.10102321422155981]","[0.7884232301361649, 0.957251628230927, 0.7587892965479635, 1.062896378492992]","[-1.2021350506869946, -1.4958515760118862, -1.1384467060431482, -1.7372376550834858]","[-1.5195049180641975, -1.9329493067228385, -1.4414174796127528, -2.1605384740650124]",-2.22395860
2017-04-19,"[-0.16265594480637802, 0.15983883388130948, -0.5804876912083756, 0.1635569387147484]","[0.08854300079201398, 0.09339590560243563, 0.10649589457973702, 0.0686589188407275]","[0.7794409253393171, 0.9347982068059835, 0.7531184135122838, 1.1012679205580087]","[-1.1857791173466883, -1.4163365624762831, -1.1128485751394974, -1.694662566429108]","[-1.532804094828079, -1.8059103169813269, -1.4706108971489178, -2.211198300779756]",-3.58774502
2017-04-26,"[-0.03353910496608492, -0.14070869170828004, -0.10021155816044569, 0.7375738779932028]","[-0.10080868848519617, -0.28334048436098835, 0.00924836870905655, 0.06340927442282894]","[0.7997360540303385, 0.9361998413902932, 0.7703285745899282, 1.1040485641119928]","[-1.4682586700369944, -1.8971094806642437, -1.2653811241063937, -1.8506423674755166]","[-1.8182720229763072, -2.2974626059244914, -1.609101799003027, -2.3480991960926665]",-1.16896152
2017-05-03,"[-0.10058021937586759, -0.3206487248095691, 0.038226783600592285, -0.4230462612159869]","[0.333250438658103, 0.4777323625165574, 0.27907760403506365, 0.32072471873554464]","[0.7712091494785519, 0.9368820767660618, 0.7498902996416286, 1.0422996260919875]","[-0.9429153085404947, -1.0912954515787874, -0.9716107779502313, -1.2985874883209276]","[-1.3019451378044102, -1.547631331469494, -1.2928168439690837, -1.9049430491570698]",-0.99023355
2017-05-10,"[0.17525091555317118, 0.05781514774954033, -0.15587247951778238, 0.5003578746679338]","[0.09801574979548386, 0.11347535180296685, 0.0859401233479611, -0.023649876042956722]","[0.7463872013799631, 0.9197403743088522, 0.7217104772953933, 1.059727294354189]","[-1.1066276242525366, -1.3812251284079051, -1.073189294811882, -1.722138290966578]","[-1.4674286401037266, -1.80618454316441, -1.4572686342125416, -2.162268348520479]",-2.23783961
2017-05-17,"[-1.7563627753300892, -2.5754866770163254, -1.7930259796452575, -2.686652279210744]","[0.06441354981571248, 0.02796864080558258, 0.08002933073426287, 0.09722821804073573]","[0.7455693385133707, 0.9032551572872062, 0.7246376396988047, 1.0340346512303178]","[-1.1970892526568904, -1.4455898247667869, -1.1457285525037282, -1.657166100724067]","[-1.4721472145685772, -1.8492090509606505, -1.4276747714550562, -2.0147379203104574]",-7.34438662
2017-05-24,"[0.22057865894282713, 0.4589382760227245, 0.35522999867918514, -0.19747014701279042]","[0.09486128497572095, 0.1387943786011432, 0.10925930861580817, 0.07528347117661667]","[0.7595865008432415, 0.9376292529331473, 0.7368434469082845, 1.0556470529350195]","[-1.1789829049291927, -1.4164189303783852, -1.1519279130221405, -1.6704530670300468]","[-1.44687770700601, -1.8329333069127134, -1.4009650049823295, -2.032535818432576]",-0.65589213
2017-06-01,"[0.7757043673983333, 0.3884967085853397, 0.6430432643250938, 1.8613234680928237]","[-0.0026060650077263645, 0.021692809667758696, -0.013932685937104998, -0.05847021478804624]","[0.7273616309873687, 0.8772155743697468, 0.7085699831896786, 1.0351348192187912]","[-1.1947908427413312, -1.403421550403248, -1.187252491188107, -1.9084456011133402]","[-1.5038809953790246, -1.7913250040770234, -1.4794212852501272, -2.2872353784548984]",-2.66037242
2017-06-08,"[0.03695529447451662, 0.1045085165264581, 0.04174121358495597, 1.5963598649538113]","[0.06944448632338288, 0.030745338584889165, 0.05172371615975859, 0.07411127302499268]","[0.7616959704846467, 0.9100631794854126, 0.7324007290122302, 1.0833889670771493]","[-1.190146081294079, -1.512005874736124, -1.1342034101700753, -1.6954070031629427]","[-1.5200051110819262, -1.8659986582721642, -1.4701520575462979, -2.062041666154919]",-5.11924284
2017-06-15,"[-0.18849357870118766, -0.444629955698872, -0.06860973825357775, -0.4514034465273653]","[0.05655435958764387, 0.09004977155085611, 0.046027167444242005, 0.11016399411586733]","[0.7310511586609418, 0.8922152313644455, 0.7184719981454242, 1.0091184610794255]","[-1.094596688847778, -1.3640564426530144, -1.0847965746234027, -1.5036741306010553]","[-1.470699593251327, -1.7934215146530292, -1.4082421907390354, -1.9797231633436192]",-0.56157065
2017-06-22,"[-0.04526793574326504, -0.028409154435937722, -0.05952253201613189, 0.24776983074472625]","[-0.100507112115231, -0.11353021548456364, -0.14952828124844442, -0.32649728026624025]","[0.7006130148732775, 0.8823814907293618, 0.6896474038123263, 1.0011100140494344]","[-1.2892886178444936, -1.56487273380133, -1.3059571057506674, -1.9977892504314563]","[-1.6054918170848793, -1.922942170138376, -1.6238617461802463, -2.4327229349030777]",-0.54096849
2017-06-29,"[-0.8374394937236573, -1.7507124352102998, -0.7841573636895305, -0.1256413063690509]","[-0.11163009043121679, -0.2574652453855931, -0.07834816732603435, -0.04361741588487432]","[0.712973193181808, 0.8593262695158012, 0.6968968936866535, 1.023419417894921]","[-1.294792025564184, -1.650788907669732, -1.2165129224492277, -1.764608217989963]","[-1.558790577839998, -2.0169101630259556, -1.5095979765930685, -2.0466072733274334]",-2.96561744
2017-09-11,"[1.060964293345279, 1.144525534859131, 1.1815718810023412, 1.2050392225317452]","[0.1000474025566965, 0.14281462205067205, 0.10674489253150547, 0.1395442862141006]","[0.7257568115753251, 0.9216151297097183, 0.7151601706503531, 1.0097102614286115]","[-1.0709236604339358, -1.4255055619683639, -1.0655429676403674, -1.5444667526312337]","[-1.3342481479626565, -1.6905465500408967, -1.3407705755686183, -1.8820954766657365]",-1.32307992
2017-09-18,"[0.21244530954067642, -0.13083189724163446, 0.2847137556404533, 0.6293833774031476]","[-0.04083311192544584, -0.1897771620341077, 0.010657087424448656, 0.014900080221560256]","[0.7110960153880879, 0.8967177749707975, 0.6969044376873282, 1.044246421573092]","[-1.2301790013384177, -1.6102856316710912, -1.1386334193953556, -1.684966474215672]","[-1.4697136514423759, -2.0286767151026894, -1.3457915579996615, -2.0962176209854495]",-0.28923936
2017-09-25,"[-0.20467170361166964, -1.0587841842096601, -0.24118990291075448, 0.5700008292047087]","[0.05428140690649227, 0.0466771112941577, 0.07877027485337493, 0.11741518109846588]","[0.7016716185157169, 0.8867378585692223, 0.6960706704070455, 1.0217582248051342]","[-1.0642675358886786, -1.3765206652546522, -0.9961707218249845, -1.4593912007179304]","[-1.3380845235426413, -1.654694839808897, -1.298085801365404, -1.9556841581282918]",-3.05894812
2017-10-02,"[0.43294354227372267, 0.08933789600957809, 0.6888318809282978, 1.1933091883036262]","[0.021289070495291617, 0.07760340338939788, 0.00673267077976365, 0.06780612034715688]","[0.6935036466286897, 0.8939317709369853, 0.6755661661334519, 1.0034621809795408]","[-1.0971217105343383, -1.4051058653617436, -1.1162993685557991, -1.516806657399954]","[-1.4110254663721074, -1.7405481543294306, -1.4012506484641565, -1.9932805365030726]",-2.16756064
2017-10-09,"[-0.1573590652392376, -0.1152120292181813, -0.055342361992494205, -0.2877946070872106]","[0.13773278927358854, 0.1409839932560044, 0.13212457237263553, 0.10176102277308613]","[0.6648922887189105, 0.8385924688740941, 0.6558708550011008, 1.001396193344821]","[-0.9111044595963231, -1.2013013681038618, -0.901712099661152, -1.5105999388621776]","[-1.1700760240366295, -1.4931638445954403, -1.1759896001205283, -1.8762865353893035]",-0.18559656
2017-10-16,"[0.15290142301385146, 0.34320362373359004, 0.3683647258263534, -0.0719811873459264]","[0.060427161705365134, 0.05272460372965298, 0.04922482227532269, 0.06567633383127487]","[0.6514780992002953, 0.8351301985870278, 0.6432989586950518, 0.9624578931282198]","[-0.9839036843397699, -1.3140913170641426, -0.9854385329434263, -1.5253239324823935]","[-1.2621065454078566, -1.7000711793216363, -1.2484637581380664, -1.8780417446488462]",-1.11986811
2017-10-23,"[-0.35460574031462855, -0.6543921778044748, -0.2328176849724528, -0.8165284643531834]","[-0.021974461659320824, -0.015691145758213558, 0.03464326732540205, 0.09992506764533296]","[0.6454849812251022, 0.8075099808336909, 0.6419599996044759, 0.9562770797620195]","[-1.075558777763651, -1.329245146588112, -1.0346123427118015, -1.4661230615007153]","[-1.3294087922420164, -1.6153739500695112, -1.315413889617632, -1.8612085794814857]",-1.11716642
2017-10-30,"[-0.35372353944085333, 0.22455827695182506, -0.36530458877059857, -1.2468391721808025]","[0.17513684087359732, 0.07604133717420389, 0.1423368093715431, 0.2308227975780021]","[0.629785318245378, 0.7877553930563215, 0.6211457941241484, 0.9635646906161192]","[-0.8573371226569544, -1.2034901439581143, -0.891004597727151, -1.4125148916293553]","[-1.1542223294989715, -1.6190448602063876, -1.1664463581789297, -1.8085056355977809]",-2.46582916
2017-11-06,"[0.1546612240725942, 0.3386964427559924, 0.03920351921973264, 0.22628975668093076]","[0.10179357911466037, 0.15109351071423927, 0.09017225524299556, 0.14086873306442083]","[0.6093043930287206, 0.7845491772749835, 0.5846666563439213, 0.9573199792656752]","[-0.9275969228779739, -1.1382871641774823, -0.8895639025281201, -1.4533841617774559]","[-1.1637720066680415, -1.4603218928184012, -1.1298370584264434, -1.8590829494726848]",0.16809580
2017-11-13,"[0.0929381911276117, 0.12356614766764196, 0.07464484828769713, 0.01644705557817261]","[0.14156953777701126, 0.18724078651164822, 0.14365607506852263, 0.1459569478148047]","[0.6242143110465029, 0.798074075911006, 0.607168323911015, 0.9644489252971594]","[-0.8744383009731158, -1.1643679114184682, -0.8582941449825836, -1.410991313003128]","[-1.1250130201070363, -1.452320278549729, -1.072643490006568, -1.8588373122460866]",0.13833209
2017-11-20,"[0.17048643622690207, -0.07799568920008326, 0.30815242716748514, 0.7687616956328469]","[0.10439280381508521, 0.07306661589961219, 0.11511664523375006, 0.14104217824141776]","[0.5757096282728305, 0.7573417953126063, 0.5637830896704804, 0.9190585287908145]","[-0.8602542688468238, -1.133505854302309, -0.8169370358854825, -1.3432796461239789]","[-1.0753156475512267, -1.4541097233250608, -1.0559835437873668, -1.6754303596235394]",-0.41473122
2017-11-28,"[1.009383255025842, 0.2557534449835863, 1.0794855875566611, 1.8136202709793103]","[0.06645371919393755, 0.08254596443392435, 0.06640315707429699, 0.047821456485874374]","[0.553992986557976, 0.7211717726439942, 0.5482501872046724, 0.885264888845505]","[-0.8335389628248652, -1.0907848136425677, -0.8152296540794804, -1.3799190264604737]","[-1.05504991111429, -1.3912656600012554, -1.0391046489084632, -1.7413824534492657]",-4.01075968
2017-12-05,"[-0.3603069197179565, 0.06548695727746079, -0.45144884803622887, -1.2133835196924458]","[0.13978864050054154, 0.090941523284439, 0.21076207698790858, 0.19353396040568033]","[0.5455918399442041, 0.6950220414644556, 0.5444342948456838, 0.9238406928321885]","[-0.7563061363690015, -1.0643857802954586, -0.6822209992849383, -1.2449432691569329]","[-1.0287206343923114, -1.344885176434474, -0.9431447017425612, -1.7326780863447413]",-1.56816295
2017-12-12,"[0.17632271805636535, -0.13479477845521615, 0.48585893771573296, -0.007960806746609705]","[0.03030506987409203, 0.09898445938039242, 0.05603837520538538, 0.004459330201451567]","[0.559359016336332, 0.7436083497124161, 0.5520090098785206, 0.9277396970196639]","[-0.8868879374403364, -1.1046540988349545, -0.8638581580774544, -1.4713958934419902]","[-1.0777862200944777, -1.4135976085126472, -1.100910969927185, -1.8452112283799977]",-1.22050545
2017-12-19,"[-0.35482382100919807, -0.5943035729425006, -0.15116977788469654, -0.9968293259884575]","[0.022198600100756312, 0.006824637430831149, 0.05012123694602475, 0.1679296953974834]","[0.5487076156163234, 0.7190587576315493, 0.539848360265014, 0.9179955020750735]","[-0.8747592310888865, -1.192094873714877, -0.8567747275104343, -1.3635570659795742]","[-1.1321211092526153, -1.498749541163936, -1.0904505098508843, -1.7258768651821534]",-1.23737088
2017-12-27,"[0.04863399596093387, 0.01277234606353872, 0.11344795525225493, -0.221493642987447]","[0.10465168311304125, 0.11306123063998114, 0.12798189163836238, 0.12110925659192805]","[0.5533220308345869, 0.7067368837411737, 0.5585804254603423, 0.9110447515246649]","[-0.7779327715383155, -1.0794649494557795, -0.8042901782854285, -1.3659847522306525]","[-1.0255668611084452, -1.398690604283321, -1.0039082492117997, -1.77815883333199]",0.19585280
2018-01-04,"[0.4206127197340592, 0.17480495621269299, 0.6098286003172859, 0.2207776156208041]","[0.06810680577947414, 0.27392485345966444, 0.0437332657009728, 0.05570614200804389]","[0.562891701085161, 0.7364451808659431, 0.5642082008986828, 0.8966515688206352]","[-0.8556354566058705, -0.937629747727676, -0.8951812162770275, -1.4709157488611233]","[-1.0821313966982753, -1.212106886239317, -1.1375090352908988, -1.773073888352397]",-1.56116981
2018-01-11,"[0.7269485649562313, 0.6820860468472745, 0.807167404544451, 1.8907372177882742]","[0.05337023784263289, -0.020024212140956784, 0.095989056824032, 0.06865619791634314]","[0.5496981033967718, 0.7133108554625597, 0.5546384996769753, 0.9180674382170168]","[-0.8516636724065343, -1.1605678671231459, -0.7802168966870798, -1.442684296415179]","[-1.082744386539896, -1.4767839758841215, -1.0309317107246507, -1.7979377466028585]",-2.17110107
2018-01-19,"[0.43962001755275537, 0.31312016264362086, 0.2069898470884013, 1.1892911376689241]","[0.2034723244521693, 0.2397591757352646, 0.23734622100648892, 0.2584324480088356]","[0.5514560662838662, 0.7295758669323937, 0.5553789976527904, 0.9029745597609786]","[-0.7001659445662859, -0.9638352502150339, -0.7184208166722049, -1.2197598092176454]","[-0.8885258231020957, -1.2711177434458056, -0.9176892749773251, -1.6421957247694698]",-1.50992783
2018-01-26,"[1.151146272928294, 1.520909656609426, 0.8448347252771882, 0.05387450358158574]","[0.010848852436666466, -0.08502287535953328, 0.07219473923710326, 0.0008177789459860387]","[0.5316866671498115, 0.678709914997048, 0.5415705192575178, 0.9013743625211721]","[-0.862921541812292, -1.1393765574054875, -0.8061391307148534, -1.4988029805179122]","[-1.0649078316357192, -1.455027683003105, -1.0225440132460166, -1.8243578639463651]",-7.48034508
2018-02-02,"[-2.2010604237540754, -2.014683145929297, -2.575195483895598, -1.8834199958258857]","[0.09768712219708328, 0.031341491365959845, 0.15383055799820078, 0.12309366836603064]","[0.5397708625791646, 0.6976406887822739, 0.5478049286577207, 0.9173523632182594]","[-0.8046711712420577, -1.169806943925798, -0.6801754035664268, -1.4023434014983855]","[-1.0258550193004219, -1.494465635794723, -0.9621107069364286, -1.7977506040427957]",-15.09029561
2018-02-09,"[1.490971043646283, 1.7122016460813683, 1.3753833774451607, 1.1329889418743022]","[0.14941910201992198, 0.2125728874090479, 0.07592112353565461, 0.016530664266456916]","[0.6666261615876379, 0.8149714921838319, 0.6928658351366267, 0.9776520077037589]","[-0.904360614542323, -1.0973421766051048, -1.0574508964277465, -1.597354780683923]","[-1.175712242256167, -1.4294365255061718, -1.3135910430495579, -1.9263714025358853]",-2.43650182
2018-02-16,"[0.029275198574651995, -0.4475857666418115, 0.07540696215588838, 0.5074845503985514]","[0.038109294017808784, 0.1187313897976344, 0.057036586149936945, 0.08831463974572694]","[0.6536855411093555, 0.8138952703374521, 0.6634525710037049, 0.9547078187166643]","[-1.0174200508127802, -1.1708479687354465, -1.0228824020877698, -1.4856092067298916]","[-1.271667409976886, -1.4829856190401653, -1.2707299934061418, -1.9098824261609895]",-1.15357512
2018-02-26,"[1.1545205887109056, 1.31730835921946, 1.565244779732744, 0.5849576129801193]","[-0.08236398955011712, -0.14277618377739662, -0.07057024465607573, 0.19636183426676557]","[0.6347175442038355, 0.781591484497285, 0.6662526679236191, 0.931230063491763]","[-1.0923044008987808, -1.407374963186014, -1.107006207993644, -1.3155377629935465]","[-1.352585913156842, -1.7119890894378218, -1.3983866623704844, -1.6184465613152954]",-5.73765928
2018-03-05,"[1.1491696490232073, 1.1023922949993548, 1.3628253203847862, 1.0488295484916144]","[0.5078787236808509, 0.6588323551865488, 0.6015195018602688, 0.6525094666494194]","[0.6394092846719216, 0.7880791702382005, 0.6642277836348295, 0.9246933970688405]","[-0.5433130992345482, -0.6014337535297102, -0.5157356098039516, -0.9348207875800578]","[-0.8269639821422221, -0.981320932344621, -0.7979889947390457, -1.2858232513762178]",-1.09856947
2018-03-12,"[-0.1255707737521483, 0.5299025183379769, -0.6221222555222283, 0.27530060781533194]","[-0.040169970037436366, -0.013890118730443865, -0.010536763941726243, 0.03821363392883491]","[0.6618980136528934, 0.8073708299591827, 0.6828089023400676, 0.9309770468975829]","[-1.1320769230435554, -1.332117554769939, -1.1663347451395727, -1.4964820101499725]","[-1.376896549635253, -1.6402661697506782, -1.402080531944983, -1.9085738491255546]",-3.47561928
2018-03-19,"[-1.3622653946097962, -2.1571056985973946, -1.3544092095902016, -0.7546048246774184]","[-0.09649800874637084, -0.2681468301071028, -0.05109561214851313, 0.044743417766014676]","[0.679989616706675, 0.821828330298486, 0.7041629470406452, 0.9553578586277255]","[-1.1973830851545915, -1.643110236844396, -1.1914061192790004, -1.5127986086190837]","[-1.50355153931804, -2.0183596519997598, -1.4921143009015367, -1.886416572094771]",-3.29301276
2018-03-26,"[2.6991461269070705, 3.648459708866536, 2.80478753154636, 2.0813276410495796]","[0.46733717001967545, 0.5914237372684117, 0.5161058295125092, 0.11144764028083042]","[0.6324096936147414, 0.8083734991655865, 0.655185659845111, 0.9248163226526095]","[-0.5650787393843192, -0.6970475873613464, -0.5512688558861643, -1.3708064097992498]","[-0.8082881693258088, -1.0471793757496597, -0.7937061455405389, -1.7998846702085678]",-8.16711618
2018-04-03,"[1.2735649450204, 1.1190430166331033, 1.6325446397047472, 1.4142165606654267]","[0.09182062824671292, 0.27050133447166846, -0.03137630408055504, -0.0008969432422832826]","[0.6484896379553049, 0.817023641423624, 0.6943624325174425, 0.8989081074343314]","[-0.977213642241407, -1.0274325464901208, -1.1607132479122062, -1.5049280066529895]","[-1.2230652308012733, -1.3392578762759024, -1.4386014433915222, -1.8488235246895135]",-3.95255148
2018-04-10,"[1.5775267188459452, 2.1823087329632784, 1.7728329795380304, 1.8341702595780163]","[0.45975084324496196, 0.6906294127904177, 0.5468956310190172, 0.31569401211386333]","[0.6572546385548168, 0.8232838465631575, 0.6953752528739874, 0.9064730228717597]","[-0.6404111564865747, -0.653610119007222, -0.6548842859386557, -1.0832550083592358]","[-0.934607757282688, -1.027302966181378, -0.9445610583127985, -1.4095660955066773]",-2.66605745
2018-04-17,"[1.064140788962309, 2.1296786677048374, 0.865448789097556, 0.6386199552300909]","[0.13684219616253704, 0.18576135872407534, 0.18899434997915895, 0.17710260745938955]","[0.6840145315575915, 0.874226319334134, 0.7237155345659482, 0.8827660491746008]","[-1.0206744729175325, -1.2556485446745183, -1.0089854562151743, -1.2744943629928605]","[-1.2802218114019845, -1.6095678168597178, -1.3283977951947668, -1.6414592147980727]",-3.58189393
2018-04-24,"[-1.3558894459356985, -2.1414898696264117, -1.7517893831582754, 0.007988212529230765]","[0.3176795960461547, 0.465760001066666, 0.36748717224771227, 0.32833485338807084]","[0.6627485349984288, 0.8528732440372847, 0.6983695956663588, 0.8910064879385957]","[-0.7177893403851286, -0.8652900765686758, -0.7311273455467384, -1.0828058874061044]","[-0.9624408713199359, -1.213808359430373, -1.0282966338755855, -1.4524961971991928]",-10.15670740
2018-05-01,"[0.17752514376008222, 1.1367950296540918, -0.265632472995847, 0.32173289842054587]","[0.13655673019632752, 0.2093732292008907, 0.10621434497908808, 0.04639951619816715]","[0.6831173821865326, 0.8754478924069223, 0.718753066544435, 0.9185281262823876]","[-0.9877316274265577, -1.1604639125156238, -1.1006155485577218, -1.4513415313035805]","[-1.2711147880829723, -1.5710872160409115, -1.344502578522766, -1.797162350290422]",-3.81486336
2018-05-08,"[0.0, -0.10229847992784258, 0.011864312510923014, 0.5035356392109946]","[-0.27233316599937984, -0.44311854059783673, -0.2539307338942139, -0.1767972992326555]","[0.6709615296377021, 0.8639886933105058, 0.7064245674516548, 0.911020862836372]","[-1.3936964227196886, -1.8331286760773335, -1.3617159522757942, -1.648324022807777]","[-1.6643894973804334, -2.1644059518666174, -1.746226935282626, -1.9902076795740677]",-0.40519099
2018-05-15,"[-0.6910611692654278, -1.1136933066239862, -0.7781384274824887, 0.14022024814739353]","[-0.00043488988950789506, 0.02186728282228273, -0.020387311094539763, 0.010672963438394254]","[0.6656013658461739, 0.8610603700247127, 0.7155834648547265, 0.8575739370127992]","[-1.074265382286088, -1.3676371659749869, -1.1577366406777918, -1.4071271714681894]","[-1.318939017521005, -1.7051171586280567, -1.4800425748725445, -1.7501560910116027]",-1.88498219
2018-05-22,"[-0.2783887138314789, -0.13073167376189687, -0.7177092136705809, -0.4107465820442968]","[-0.053006346741218346, -0.17052943313878344, 2.257975847257565e-05, 0.02309054708633714]","[0.6794038310556202, 0.8644558251088479, 0.7174007742282467, 0.8987990699184456]","[-1.1962125092851108, -1.620995973029338, -1.1556890753583726, -1.506528551547617]","[-1.463866583350544, -1.9114553169309514, -1.488843464722593, -1.867571584996798]",-2.55754985
2018-05-30,"[1.325647871225577, 0.713552319169164, 1.249597377288758, 1.5808242118771076]","[0.06816800896748261, 0.07055845619449883, 0.042448931854755574, 0.09745894105600783]","[0.6881938097885467, 0.8751245232206348, 0.7413881767338951, 0.9030814266207419]","[-1.0291844477650738, -1.339227852012102, -1.182177639513325, -1.3907630458083329]","[-1.305705098316768, -1.6882951553491197, -1.4192629630764386, -1.7731456066491136]",-4.79420258
2018-06-06,"[0.8325718937072679, 0.581682762849578, 1.3871500756678756, 0.6272492205364522]","[-0.08332313562810946, -0.1733780349278171, -0.05616062185936327, -0.0019525509979642307]","[0.6923071087638915, 0.8863260592105522, 0.7330092834679446, 0.8865837544850139]","[-1.1706964565770523, -1.599176974980153, -1.2069201885818313, -1.4239577607302865]","[-1.4773616023491423, -1.9654520845359664, -1.5260203389852296, -1.764644377549528]",-3.66514121
2018-06-13,"[-0.31959809803838723, -0.005676169945090237, -0.47318153927911055, -0.5754738173374463]","[0.07877463820581983, 0.1747964842434794, 0.0764188693618421, 0.031405038249892284]","[0.6941495820128344, 0.8900654107209363, 0.746826936329381, 0.9017906043646742]","[-1.1094797449119722, -1.3676218429724747, -1.147410009857866, -1.5374670314318122]","[-1.3759886402822528, -1.7919562251775043, -1.433974485698479, -1.8472692107453526]",-0.69210781
2018-06-20,"[0.17043199642481355, 0.7076953039161005, -0.17184651665189676, 0.7028455626798547]","[0.34659530689401813, 0.5394674343356827, 0.3647285427497059, 0.38320497571286843]","[0.6717243044102558, 0.8706309229371397, 0.7367021046457615, 0.9021202175838346]","[-0.7822493847094164, -0.9133354779527807, -0.8365442556097354, -1.0461970604547979]","[-1.0604932744282083, -1.3099247381588222, -1.153904935103794, -1.4849777489492864]",-1.82893017
2018-06-27,"[-0.8318941692475157, -1.3692459799495182, -0.6839597165035016, -1.307415452568339]","[0.2556621333877246, 0.31770083076307254, 0.25673295084690023, 0.30325012393389594]","[0.6989967558100508, 0.9095062410400097, 0.7504853241452857, 0.8907780114092326]","[-0.8981711886185154, -1.2262432489159527, -0.9764099356838917, -1.217268519576012]","[-1.2472159704484758, -1.5969392525130983, -1.343604021814874, -1.5551012642558648]",-2.88256089
2018-07-05,"[0.8124875569359702, 1.2335647422920815, 0.7497012338772535, 1.125025810513769]","[0.23113201191515742, 0.29057776564007526, 0.27819841802311085, 0.2697627516699335]","[0.6755487780938914, 0.8860367984295574, 0.723637701167195, 0.8988481702631465]","[-0.8631569944753463, -1.1733510430542573, -0.8677539565407622, -1.173403748314708]","[-1.1270851712662597, -1.525228805400173, -1.1661186938066945, -1.533033263993127]",-0.98629505
2018-07-12,"[0.902512646019904, 1.7084630708716908, 0.9045440506987745, -0.03721678626131819]","[-0.11559491643494613, -0.08296861300966536, -0.18569893577717772, -0.1033797522361566]","[0.7075796010410819, 0.9102753321812295, 0.7638409806657578, 0.9000011120845726]","[-1.248355329553225, -1.5759102820805078, -1.4382023079755784, -1.6029053262652555]","[-1.572663502420034, -2.00786033487357, -1.7728853236698956, -2.0179406727033604]",-3.55187047
2018-07-19,"[-0.37785128135077173, -0.5014640227398282, -0.536331713564131, 0.7217996049821984]","[0.1023508088347956, 0.17019046406695099, 0.09795240191369947, 0.1010633204047688]","[0.6544912905414172, 0.8730549488400455, 0.7158900576843839, 0.8598547030552492]","[-1.0238498276631538, -1.2635309433154067, -1.1392363627444615, -1.3388697646383863]","[-1.2774312047458478, -1.6499070049608908, -1.399390872164453, -1.68809741141157]",-2.38955815
2018-07-26,"[-0.2361926570021211, -1.5267531991447036, 0.44353196126447614, 0.7531996563206356]","[-0.15955697089835702, -0.09055598490630139, -0.17732133524056132, -0.2125956709596612]","[0.6667613453916431, 0.87028152306885, 0.7222562978833243, 0.8555151511150263]","[-1.2370323557925003, -1.5481852739674125, -1.3436156415388467, -1.6038851423066738]","[-1.5418947487489165, -1.9130464537577674, -1.6514379483423998, -1.9760384959942852]",-7.39500424
2018-08-02,"[0.5432756837350894, 1.3515009593146665, -0.03024083332991978, 0.41863260360077703]","[0.03968545599101757, 0.06740204598651144, 0.012769740777635676, 0.07383687370993984]","[0.6443085598973086, 0.8672743888231003, 0.6963875857178258, 0.8368251337206963]","[-1.055076725798276, -1.3555701732844267, -1.118475434360902, -1.2535013282739964]","[-1.263790660424607, -1.7381299679222888, -1.4221759388181274, -1.5958404861545827]",-3.13890388
2018-08-09,"[-0.13672780610569646, -0.06047083138644993, -0.2917036854828581, 0.089098528217324]","[-0.007068380674075338, -0.0383754980276512, -0.0025226710195818745, 0.053442527349297164]","[0.6783017684675314, 0.882221295762598, 0.7560435835735645, 0.8703538404481743]","[-1.2064584879337164, -1.465422523751932, -1.2584526570270036, -1.4122046835719115]","[-1.4689869432062181, -1.8591796357701313, -1.6582963462224356, -1.8220082616766504]",-0.48953341
2018-08-16,"[0.8058823300364892, 0.32865305354263796, 1.5627727055543161, 0.8815255727586013]","[0.19421456489942115, 0.39971926235241656, 0.16203753246200828, 0.0002627300330237794]","[0.6710497854336149, 0.8974290969093986, 0.7401059821219288, 0.8302043438217366]","[-0.9113730943374054, -1.0911193134703627, -1.0780261326262837, -1.3479726568881765]","[-1.1910947174779545, -1.473994252427013, -1.3735423871409949, -1.6196615511246801]",-5.37632472
2018-08-23,"[-0.132871737708129, -0.14369954529520612, -0.2981871649341272, -0.4972347060644644]","[0.1370572948457027, 0.2015699455994908, 0.1569956304534869, 0.15377492167345574]","[0.6494592225745836, 0.8845346993408008, 0.7122846346115225, 0.7850073500882755]","[-0.9678339145541986, -1.2645691592231185, -1.049543867980116, -1.1510808108757618]","[-1.2419093566784647, -1.575351629902137, -1.379455641916015, -1.4925246275243251]",-1.19997013
2018-08-30,"[-0.405658354871985, -0.17685859786107372, -0.5282916306622809, -0.18278147125476707]","[0.08588431156375514, 0.16373312830458414, 0.08929704762282221, 0.10519949777830381]","[0.6852640153102427, 0.9205716426823037, 0.7408046030133845, 0.8042905943267326]","[-1.0134432268207358, -1.3787888774722958, -1.095787395726276, -1.2359378682134832]","[-1.29701540188362, -1.7298735589815204, -1.393811548859175, -1.5268650806743522]",-0.64294479
2018-09-07,"[-0.19451351341448486, -0.385763294650765, -0.3056304330765869, -0.3180742132839143]","[0.1164666454913981, 0.11564166505877536, 0.11731073676274587, 0.05955434008725936]","[0.6481068622599448, 0.8620045457131666, 0.7014801171557699, 0.8030281531770749]","[-0.9708110850712003, -1.2812943182784837, -1.0300299657375993, -1.191892674569821]","[-1.2163957470471032, -1.6204298390110363, -1.3462780036355584, -1.571235060470478]",-0.55358433
2018-09-14,"[0.017179203958939127, -0.29306309328500646, 0.033192698064254955, 0.47411347153882843]","[0.03559487796549153, 0.1034392573502079, 0.027416699515544544, -0.007091011764305772]","[0.6678937373140196, 0.8968484764255623, 0.7280859729752069, 0.8205093863490134]","[-1.1036841096720922, -1.3946820269215108, -1.1633875651401955, -1.3864738693478622]","[-1.395277215427765, -1.736922847745389, -1.5161942345122974, -1.7137735230697364]",-0.74094218
2018-09-21,"[-0.09143251941923225, -0.5482830036618758, 0.32404231462876965, -0.33171999465038127]","[-0.19410775213308834, -0.4113130779568715, -0.14869438508228433, -0.1272196260831297]","[0.6737274430180186, 0.8820956414498977, 0.7421376685766353, 0.8110312382047715]","[-1.3479497666548936, -1.8549923120763043, -1.400194896238682, -1.4837716063879294]","[-1.573883012803435, -2.1649856573800723, -1.6732004220358965, -1.7883032205097444]",-1.28762690
2018-09-28,"[0.010324534544725594, -0.0215195913302324, 0.0694919178394926, 0.406854999957762]","[0.027998832119890606, 0.06827078638887571, 0.02518846907567328, 0.01595103090153805]","[0.6526792749675974, 0.868551867914274, 0.716318377799092, 0.7960366343025247]","[-1.0838261716351547, -1.3625072372563252, -1.1216387940331587, -1.343507053560579]","[-1.3586502350939875, -1.7346162489387669, -1.4580264145624218, -1.6663697631620698]",-0.46533883
2018-10-05,"[-0.5612659723255753, -1.2302609624460281, -0.6799144338403451, -0.6679078827902529]","[0.3462636209385039, 0.42129143345011766, 0.4136459508798857, 0.3077142571333098]","[0.6568434994049243, 0.8975275812204443, 0.7189187640046446, 0.8044188374406749]","[-0.7478678713251974, -1.030493448046376, -0.7808240872304784, -0.9684105339943353]","[-1.0255332146110367, -1.4264778174394295, -1.11562733067613, -1.267068200011016]",-3.72291339
2018-10-12,"[1.379280085631951, 2.745011858791724, 1.1396985058242493, -0.6291333267485655]","[0.28124673942058515, 0.46870788424499255, 0.2077647919075715, 0.16765692471651503]","[0.6852822710966632, 0.9004358697841062, 0.7511976996537075, 0.8099606464210296]","[-0.8534372087479019, -1.0504734868265142, -1.0225609525903125, -1.1662605788911033]","[-1.111890706829608, -1.4211841749065928, -1.2929148476004955, -1.5025473301843852]",-8.86937527
2018-10-19,"[-0.0542836339509023, -0.09242437466774334, 0.2553529961449641, -0.6208499328763217]","[0.3187111531451135, 0.6211926195518209, 0.2897029425652062, 0.16536816895322468]","[0.7151853387168079, 0.9473772886401706, 0.7737403142250586, 0.8263952417262059]","[-0.8352007714891562, -0.9568627008824288, -0.9530006312179388, -1.2317721589847068]","[-1.1574690900158613, -1.412372585403441, -1.2663835465301951, -1.5642746538549681]",-1.79656601
2018-10-26,"[-1.7743962926734191, -2.605861170462287, -1.1927781577805163, -1.0032802812206754]","[-0.04041554334257667, -0.22545576906691336, -0.05143852816027779, 0.05109489463156107]","[0.7151054681675577, 0.9898708048284413, 0.7626981869693601, 0.8124844630956386]","[-1.182862061367958, -1.8131078959039184, -1.2929661191858681, -1.2758691799284916]","[-1.5099477679177764, -2.2156399302303806, -1.6637876972006302, -1.7149599216778313]",-8.40704335
2018-11-02,"[-0.59405299280062, -1.5698590398151246, -0.4339852545799161, 0.4139446432046334]","[-0.2414519734284783, -0.4396267780863852, -0.24812468035832064, -0.06753725373969542]","[0.7438814040188607, 1.0134300612466838, 0.7917167506076968, 0.8287924483030705]","[-1.4551586717292555, -1.9939519639902863, -1.472110927536645, -1.3947384043455635]","[-1.788940377778383, -2.5342831037125464, -1.88973924675999, -1.684310078177771]",-2.43919108
2018-11-09,"[-0.9816311576695824, -1.6995502085811687, -0.7739325245070816, -1.2950907936952305]","[-0.09656397356170007, -0.2085622638018643, -0.08984103860149284, -0.09234021011513535]","[0.7297757487095953, 0.9972973941463289, 0.7869846039435272, 0.810567682255495]","[-1.2640985671082297, -1.8353551507119377, -1.4068446727575663, -1.39186058947849]","[-1.6081788437428899, -2.3266565407384387, -1.730673015827671, -1.789636163785148]",-2.06707368
2018-11-16,"[0.25970844126659287, -0.35160530363622655, 0.488931596546216, 0.21973324315771592]","[0.05763445038990159, 0.0723703538729904, 0.0812552227832097, 0.08516280691030026]","[0.7543363547843895, 1.0798561581133972, 0.7968093143115403, 0.8236214783488608]","[-1.1874519726716803, -1.7279811949549082, -1.1708651295385872, -1.2938192885773063]","[-1.484926546994625, -2.1723505816403725, -1.5433556833740394, -1.6329023045150448]",-1.68902877
2018-11-26,"[1.601542232554376, 2.285105444892821, 1.448288504742301, 0.9018407384773219]","[0.08462204216877507, 0.16308542757636857, 0.034818254625877725, 0.017133926721029664]","[0.7979140173026769, 1.1176845570880112, 0.8306324556218606, 0.8570104710628083]","[-1.2548941284652335, -1.6694145054329246, -1.3151921838645058, -1.3551806675217632]","[-1.5276270660499984, -2.132977033684657, -1.5857319513892687, -1.7075812624724824]",-2.59216455
2018-12-03,"[1.315454630962254, 1.7325547728258783, 1.1212834959575702, 0.6399202336978327]","[-0.05964122187739222, -0.14259002081803462, -0.010100882273021567, -0.06994585747084053]","[0.8120549108295794, 1.1219824238571032, 0.8591931149191232, 0.9056485026116632]","[-1.41797894635044, -2.054058546102832, -1.4561854714834332, -1.4935007435816903]","[-1.7899936543382673, -2.5633096192669194, -1.835750633591392, -1.99109715553555]",-3.38659636
2018-12-11,"[0.022702544609920494, 0.3306018965787416, -0.21732411434989274, -0.11228921775083833]","[0.13159855414099944, 0.31920562214985104, 0.1858388268605217, -5.552634144962365e-05]","[0.813938320108996, 1.1198269174679334, 0.8721019260308609, 0.8977985651841203]","[-1.212290719885047, -1.5429838295088525, -1.2614731346174692, -1.470648851679599]","[-1.5764685714394395, -1.994534204689538, -1.6333812881676402, -1.7840469803189731]",-1.19777313
2018-12-18,"[-0.10970504139518056, 0.6268873033076439, 0.3497461286565695, -0.3075812221480234]","[0.27444323745022553, 0.7087218266370158, 0.1988764710454451, 0.10461538054617671]","[0.7998367604944642, 1.1066006214802329, 0.8470068925317562, 0.8813484249691295]","[-1.056467406139995, -1.11267857794688, -1.23721335371588, -1.3626626916799014]","[-1.3267574848407242, -1.5508143158724024, -1.5053422239053424, -1.686251833298381]",-5.89335404
2018-12-26,"[4.928992895455675, 6.056729762409319, 4.864331185670423, 4.071227321530557]","[-0.194132636795873, 0.09298101201421936, -0.29599951201904506, -0.2520270965555208]","[0.8583033794017911, 1.1857427399981444, 0.9200021758570348, 0.8837178194314633]","[-1.539270377332624, -1.8220753621726162, -1.7518095219838936, -1.6484468278737447]","[-1.9418238994264287, -2.403460568662477, -2.203744077475044, -2.0590296495459413]",-20.16899805
2019-01-03,"[-2.4152347946648334, -3.3215915748510128, -2.867825161058235, -1.1318310954775868]","[-0.1685340915916861, -0.3584329123687195, -0.1846536246839205, -0.09565750651974946]","[0.8689738350146861, 1.1947403311958524, 0.9062197747307357, 0.931105995331158]","[-1.6175763104539134, -2.323299746008382, -1.6721498683714044, -1.5904310090180278]","[-1.9182873398679445, -2.756558247149572, -2.0125443950764415, -1.948411087099158]",-7.10093686
2019-01-10,"[0.3521226316547832, 0.28562965268577045, 0.5129390223999053, 0.35703983079322654]","[-0.016688485871642816, -0.1296600876312343, -0.026762786392189562, -0.02017020371755645]","[0.9145545152297421, 1.2374544087661545, 0.9724672094326763, 0.9483995749860287]","[-1.4664767784972976, -1.993027805084269, -1.5520066377528132, -1.478866378053711]","[-1.8053961678758923, -2.5391570091675235, -1.921674957861971, -1.864693492468472]",-0.86734209
2019-01-17,"[0.7558153362690945, 0.7853058274901237, 0.6708513863523891, 0.7475255576293804]","[-0.006842799889583682, -0.029197696259178823, -0.056458320000131235, -0.060195081229419724]","[0.925734666681129, 1.2375749731375136, 0.9788218979710569, 0.9588219056137102]","[-1.4622005920206547, -2.0364449167806056, -1.6511754282939712, -1.5978888936027733]","[-1.879936682474387, -2.531373224760747, -2.0512007494801194, -1.9141120931401503]",-1.00381508
2019-01-25,"[0.8425778332139089, 1.1877934161770298, 0.74643624255053, 1.0986729252755012]","[-0.23379931065419177, -0.49327523803291834, -0.2265211682479023, -0.0795899867460511]","[0.8895821226083962, 1.2165077868242284, 0.9458466509473268, 0.9020310962921527]","[-1.6677264102266753, -2.5301085543808766, -1.7510466151816535, -1.5649924023909247]","[-2.0450594924856573, -2.9906805132699517, -2.145265556783698, -1.9207140944258405]",-1.64298374
2019-02-01,"[0.04815126230663935, -0.42310446330811047, 0.2565540094417784, 0.1173026217219153]","[-0.07195703749777337, -0.2408219915291636, 0.03304833020818876, 0.1757114974057768]","[0.9085433310991323, 1.241100768900523, 0.9605234856542115, 0.924592832501657]","[-1.6351184234947973, -2.283516091125212, -1.5698803844060876, -1.3475562572929558]","[-1.99688913556096, -2.813681544447378, -1.9611841610556005, -1.736442593721807]",-0.96311521
2019-02-08,"[0.1220799978928433, 0.19596309804335021, -0.25141303715070507, -0.20846547503996504]","[0.05993050946945728, 0.12257276337006555, 0.023419772866600953, 0.03805774887440055]","[0.9082834985592305, 1.233671930310115, 0.9503106134530729, 0.9126889591481363]","[-1.5009351652978984, -1.9462895460827234, -1.5784753425689435, -1.4733400465328281]","[-1.9029375682232637, -2.516033111025612, -2.052339300341426, -1.8732955010319745]",-2.26880370
2019-02-15,"[1.0838341510368998, 0.41962435742064486, 1.7297281149364352, 1.4862052092541767]","[0.027894029809621725, 0.02846743893693277, -0.0011253534257867623, 0.01255527519314042]","[0.9095227681651418, 1.2362779594942186, 0.953144382793717, 0.9303711296405014]","[-1.4519975242822318, -2.073280049771104, -1.573626128390503, -1.5180162472458019]","[-1.828473731010121, -2.5355801696986977, -1.9501154730640642, -1.889372277754035]",-5.70064062
2019-02-25,"[0.136040335054588, 0.3637456046623022, 0.23075858950640793, -0.26265978692787684]","[0.08111173796506782, 0.04005792017677366, 0.10112969697069353, 0.09948456268162557]","[0.9216167264905619, 1.2589541469913452, 0.9811904572010764, 0.9583790985923857]","[-1.4745138627418015, -2.125273863809524, -1.4990456872678901, -1.4756343963130547]","[-1.8529277742427959, -2.6717042113901073, -1.9710977027321355, -1.874870910725892]",-1.02752188
2019-03-04,"[-0.3644085253406537, 0.01720322724612089, -0.7972503732689873, -0.4504707945913289]","[0.11728145423234042, 0.11584503794176859, 0.15996540125694092, 0.1236352857190407]","[0.9100038754225054, 1.2358027756763024, 0.9604300318594257, 0.9250452508966955]","[-1.350031662524828, -1.885929319385219, -1.4057333045857885, -1.3671984879594625]","[-1.6860209143613094, -2.381923898531639, -1.7306224186286137, -1.791950312019667]",-2.42423397
2019-03-11,"[1.4397185037213767, 2.0584664642639083, 0.7852705813006011, 1.55068567588037]","[0.013321689064470447, 0.04880882282222982, 0.0010520498747119591, -0.028978846981074367]","[0.9144823428841612, 1.2531556383006797, 0.9636940087947363, 0.903861646200677]","[-1.5324161874767588, -1.9906808139679544, -1.6043643814848283, -1.6166743100048877]","[-1.9222298342430648, -2.650194472630238, -2.0249945776889082, -1.9214911379505437]",-5.49887471
2019-03-18,"[0.3619351349980704, 0.23808759121521916, 0.25203358512442264, 0.6957735473435811]","[-0.051875103401185445, -0.09521701817313868, -0.02355438315095662, -0.059170696967814004]","[0.9554324187965494, 1.2783172776683207, 1.013783049903005, 0.9338322085958368]","[-1.5882648214423125, -2.2112361514639036, -1.7233581323542855, -1.5742520787186036]","[-1.974695620922593, -2.6155507137308494, -2.0775948756730043, -1.9093692640588698]",-1.29455844
2019-03-25,"[-0.07522418021288502, -0.1905898448084642, 0.0568806042092973, 0.41799797757677837]","[0.14092865388485687, 0.6039301397308428, 0.11926635484603802, -0.07883997513131541]","[0.9055585410703993, 1.229137200234003, 0.9519741255810807, 0.9204773790380172]","[-1.3563294740458467, -1.3620405356663454, -1.4350137724124268, -1.6194584009315298]","[-1.6685570530188718, -1.8194892057801406, -1.8611596491035085, -1.9353079132760431]",-1.90698889
2019-04-01,"[1.178943704077362, 1.316024754741374, 1.2637007540645229, 1.3173846475488915]","[0.06180638928384733, 0.10286936771231023, 0.09058584527738604, -0.026306156976812472]","[0.91266778563525, 1.256532515512264, 0.95613001046388, 0.9186587530311155]","[-1.3894122478535886, -1.9032598095508804, -1.4089549726884678, -1.5161053543951983]","[-1.795277720660207, -2.528826088185008, -1.8530736824935665, -1.8634416010770496]",-1.61447960
2019-04-08,"[0.07621829141628567, 0.2541940376040053, -0.3182733387770753, -0.12139621352043051]","[0.11847116438232967, 0.011795374064123844, 0.12973291368451584, 0.19556365223954017]","[0.9044224868457109, 1.209250529270677, 0.9440256636757122, 0.9327190556150301]","[-1.3552190792049672, -2.043386916557258, -1.4320759944741834, -1.329309853423911]","[-1.7207072393214145, -2.4891047878902786, -1.8267395192325377, -1.7720181787904776]",-2.02349833
2019-04-15,"[-0.06549201226766499, 0.016138664198095398, -0.104286099569606, -0.5167649244322448]","[0.021460873160128936, -0.010735255676739037, 0.022655713546954708, -0.01167282403322192]","[0.9207642364273119, 1.2438500983771128, 0.9593399569535839, 0.9280615023048882]","[-1.4090269857063005, -1.9793807312543845, -1.523866454223306, -1.5445185699935733]","[-1.7616326915863414, -2.4663770455550167, -1.8169748545692053, -1.9080650900751903]",-0.84650727
2019-04-23,"[0.8951399284505612, 1.2637871189594918, 0.5467269517962947, 1.4786282512599946]","[-0.1099401406498438, -0.10642858536674334, -0.05620625040787061, -0.07992245621538463]","[0.9204596424718705, 1.238001148504404, 0.9593862143549011, 0.9716700090278355]","[-1.626043724086361, -2.1578980910184966, -1.6277898173319039, -1.6665439446445118]","[-2.01052202249901, -2.6200781953691807, -2.0529575593902076, -2.0800280443500943]",-3.03472971
2019-04-30,"[0.05100924872678547, -0.7777988904449806, 0.14495564871559452, -0.2811092051146602]","[0.2401970175111216, 0.38276094449192954, 0.18090581880248505, 0.09357977729246385]","[0.8922747806168052, 1.1791145430476284, 0.9615792842494365, 0.9343546057337182]","[-1.2288324434982023, -1.4450310416801435, -1.3935629437039438, -1.4047377611551046]","[-1.4957347121283688, -1.8433741768928926, -1.7105365946354627, -1.7930860331013243]",-3.82660950
2019-05-07,"[-1.6840582915853552, -1.967203096047676, -1.8067581182613424, -1.7202527349684082]","[0.16292196440697673, 0.17899642651290718, 0.15992395819682986, 0.05588859598724667]","[0.9393629751794795, 1.2448196822413773, 0.9826367082985276, 0.9597551681747315]","[-1.387382122905214, -1.7945063616853114, -1.482736583707948, -1.4745505788718154]","[-1.7875783380576402, -2.4220840143703732, -1.841336315385893, -1.8979750026432172]",-2.52167950
2019-05-14,"[0.9003139538752869, 1.0915474133592618, 0.8142870450761563, 1.1527383569142735]","[0.1976787533789958, 0.5688908206862627, 0.1445053311607858, 0.03239669103346741]","[0.8970107832622127, 1.2172432988099517, 0.9405777605475799, 0.9350466580121128]","[-1.2867677406706859, -1.5040936971105126, -1.4109221565285277, -1.5352614479019537]","[-1.6060458847125423, -1.914672164067867, -1.7329120895233447, -1.9052559664768385]",-1.56394826
2019-05-21,"[0.8975217928016477, 1.0392969153301124, 0.7658711107424665, 1.0150676074696996]","[-0.17602330622127968, -0.19420874775150807, -0.1534264106888433, -0.1523479980431785]","[0.9249138185145734, 1.245539653700131, 0.9706878019471995, 0.9536055750509723]","[-1.662280921242045, -2.304382924828495, -1.7080203154871811, -1.6306612629017994]","[-2.076032874998137, -2.8167144935225803, -2.183412474938975, -2.024441864380717]",-1.65156198
2019-05-29,"[-0.6733157545260937, -0.8259712118292128, -0.8771273518338063, -0.6086354060187205]","[0.090995000367052, 0.21793818013331193, 0.006118112875315639, -0.007370224321328871]","[0.9688889899870428, 1.2928939053198423, 1.0132081652493696, 0.9641256821240719]","[-1.5203232813816645, -1.9492706807353437, -1.654582567037187, -1.6198546936310372]","[-1.8935831726996333, -2.405383207630869, -2.076409697527647, -1.9821395334029532]",-1.02023631
2019-06-05,"[0.8624840097708919, 0.7404833845971126, 0.8153489861422614, -0.3234105712549784]","[0.3407160079886859, 0.4405956186316997, 0.22480215068504678, 0.1720689247934366]","[0.915823466089058, 1.2049871603036248, 0.9790938671417201, 0.9393832052183765]","[-1.136783079435459, -1.5008784820370311, -1.3857273515735722, -1.3953871211621174]","[-1.4552025936030437, -1.9650374846562593, -1.7205211504716176, -1.742254616398321]",-3.72483136
2019-06-12,"[-0.1766884586207773, -0.579648054830173, -0.167827886750338, -0.16925087430541552]","[-0.025913503209706097, -0.08398880525581674, -0.01295382659594445, -0.03481969648977482]","[0.9479044018681954, 1.271310290427248, 1.0019690129066432, 0.9729903218001701]","[-1.5839644024825756, -2.2085807436752094, -1.7068612614121934, -1.6151460033559775]","[-1.9973611135724383, -2.734083777705783, -2.0856972137890835, -2.0369879219693106]",-0.87219494
2019-06-19,"[0.22546763571735795, 0.37481100240555065, 0.14521555882325288, 0.2845639923540588]","[-0.167323654468065, -0.37815113282227814, -0.13693982613600597, -0.11972496539935164]","[0.9416799254069393, 1.254343507653252, 0.9929659696548577, 0.9408857907918273]","[-1.6749476194145272, -2.340102312578261, -1.7811430735923888, -1.6395819743851285]","[-2.1998308636492894, -3.1097612300205344, -2.246015544128278, -2.116418958300794]",-0.84414098
2019-06-26,"[-0.0997747390012016, 0.463956745969174, -0.042949954168669535, -0.24704692848525056]","[-0.12658687095079296, -0.14928372166198517, -0.15059756059621743, -0.04375585150720989]","[0.9363103984855551, 1.2617148837998986, 0.9725688683607369, 0.9351801876322615]","[-1.7666758849669926, -2.2544333320842327, -1.8164424304986972, -1.660723970036193]","[-2.1395421196978663, -2.8803698302560643, -2.2108595610216852, -2.0243926723973935]",-1.89913646
2019-07-03,"[0.7963345917438858, 0.7497788052217125, 0.6672064173303127, 0.6556352994575576]","[0.03069604831761963, 0.10697774103934966, 0.08265845305907404, -0.07972759730726792]","[0.9314760110347202, 1.2155504835723252, 0.9921641405995137, 0.953554294406103]","[-1.495572931933099, -2.011060940438602, -1.5490611422249536, -1.606603218026454]","[-1.8703755950458754, -2.4225067509127185, -1.9259641281618933, -1.9261956051036078]",-1.95871694
2019-07-11,"[0.23414033342268326, -0.07272158076849777, 0.8448141639936679, -0.5665212192597302]","[0.0545954494221513, 0.05489948856443549, 0.08024929365151635, 0.021273068795660096]","[0.9759717942314926, 1.3025171518277707, 1.00966575190879, 0.9743855584379252]","[-1.590653983476602, -2.1682295302309065, -1.5920040468185717, -1.560080779897308]","[-1.9309280163707805, -2.598572099092093, -1.9444203226529506, -1.94939071593845]",-4.02653091
2019-07-18,"[0.3654305222813292, 0.11440993277336275, 0.011461566478132568, 0.1598537138399081]","[-0.026412909624151933, -0.022756693116800165, -0.03596245128861167, -0.05385827417311117]","[0.9397818845455119, 1.265434572372085, 0.9788679297550895, 0.9424535848972349]","[-1.5632114359732603, -2.019686387801281, -1.6438139789055466, -1.600943826038641]","[-1.9275545063554935, -2.6003060346663784, -2.0251564399856563, -1.9919320654354917]",-3.46155506
2019-07-25,"[-0.4788570146064153, -0.9525098298840184, -0.4741333927963609, -1.1848244146873022]","[0.31684159169062703, 0.38572330839828334, 0.19551196750383695, 0.2275184756339779]","[0.9636614858855327, 1.2960017432647153, 0.9991424287682502, 0.9958040235191191]","[-1.2661844490878476, -1.783405120533205, -1.4450065449283094, -1.4658147094226]","[-1.7095061766293551, -2.3444874854771602, -1.861027011113747, -1.8996806219868387]",-2.60358799
2019-08-01,"[-0.8746073564148027, -0.49835618658136127, -1.0509437730432225, -2.096904924494414]","[0.20512906330031605, 0.2797471603898585, 0.13559929278931893, 0.12267608521200465]","[0.97936156352646, 1.2962906525909763, 1.026741425154543, 1.00566680870296]","[-1.3925549359616236, -1.9152904112403626, -1.5837774780643954, -1.47840282502904]","[-1.7711765452355093, -2.43673762005017, -1.9004361418265083, -1.8880043131030022]",-4.64827125
2019-08-08,"[1.943008033048521, 2.153055877266663, 1.4169108215899229, 2.1418928576016683]","[0.07731128328989167, 0.1582749902761587, 0.04475285343149374, -0.005737298528021064]","[0.9624580368450842, 1.2669279879276363, 1.0093224293910539, 0.9927840096430769]","[-1.6062749865731807, -1.9805215279496384, -1.6325076495615738, -1.662461662489189]","[-1.9522489780904797, -2.499101299869009, -2.0641618599757607, -2.1068216687172354]",-6.17985932
2019-08-15,"[0.2638132953730832, -0.11495588229788467, 0.391588161753198, -0.4034686534845733]","[-0.0036215913047065633, 0.14465297548389275, -0.05988391057411358, 0.0032029139133287485]","[0.9986952129783427, 1.3244626847449321, 1.035220292762342, 1.0113607832962117]","[-1.639443846706339, -2.051692361771605, -1.7736920349745615, -1.5791375479565428]","[-1.9766693018494204, -2.5098224001399703, -2.106968039097739, -2.0029074245471925]",-3.02815288
2019-08-22,"[-0.0307602848226729, -0.3239063279687038, 0.18877149182348063, -0.06949198076950935]","[-0.14794401394556525, -0.23151555105405233, -0.13310913394184332, -0.11559758059940015]","[1.0153609072896506, 1.355539484594699, 1.039546865436767, 1.036268573377778]","[-1.8581878849538866, -2.4696401630748945, -1.9115060616141113, -1.817891588561024]","[-2.3035355910968383, -3.1488731412959083, -2.3502246214469436, -2.2824288967729465]",-1.02528834
2019-08-29,"[1.2692206081021062, 1.517416181922293, 1.244902605401954, 1.9058292840879787]","[-0.21287246844317065, -0.24291952495939834, -0.2222277624404104, -0.12051043312298249]","[0.9866637664415384, 1.3017185755038314, 1.0246771406368522, 1.030341708042673]","[-1.8093120698440186, -2.2475663704844524, -1.8270471719250088, -1.752908400803479]","[-2.2438111064344937, -2.9180355493411883, -2.3086707229569656, -2.2975429804694305]",-2.70102816
2019-09-06,"[0.07719712857863215, -0.09912447761593057, 0.2589789774972928, -0.24976909857530316]","[-0.03775274788751952, -0.13475752354864695, -0.11183326757985289, -0.06579237315870907]","[0.9449061255078028, 1.2627502250159033, 0.9752402146026969, 1.020354568326049]","[-1.5586122056425817, -2.2109102783143757, -1.7019214313885613, -1.7591162000653846]","[-1.947535038219692, -2.67804366945088, -2.092879097909311, -2.2049519707260585]",-1.13030094
2019-09-13,"[-0.06640848558276957, -0.3577222904422861, 0.13628185059264553, 0.30838215017876536]","[0.05820281277222053, -0.04802162308569726, 0.05202109142824207, -0.0072541723354715105]","[0.9232694411234701, 1.237451711730664, 0.9580639600824973, 0.9762266894562928]","[-1.4668488206131687, -2.113528479796774, -1.5053554240076714, -1.6151586536776166]","[-1.8235734684365408, -2.5943427503179803, -1.9290408990160735, -1.9856768173269668]",-1.32845362
2019-09-20,"[-0.4737564805252781, -1.06350969725586, -0.5912303502368488, -0.21409150057758453]","[0.02675591839085723, 0.04223441952395209, 0.061610096951070045, -0.03532450800166122]","[0.9437107850429698, 1.2670661654132038, 0.9634245321146682, 1.029628413980675]","[-1.5313524486942562, -1.9779433911459636, -1.5410147618401813, -1.719635490861496]","[-1.8764426936958885, -2.4946176868520102, -1.902850234410447, -2.0974354555362513]",-2.03820818
2019-09-27,"[-0.5401857683152933, -1.2486348249854728, -0.263892137279953, -0.38379410718576423]","[-0.0628570432852653, -0.12007105768114627, -0.038584463808733926, -0.08441918302736791]","[0.9409922492904567, 1.2787061602945473, 0.9598989935788026, 1.013089393430698]","[-1.5568084701158529, -2.1354932540955716, -1.5593128102039073, -1.724301874471798]","[-1.9416754894303074, -2.706756864816524, -1.9528941052480027, -2.0940090822112642]",-1.66535158
2019-10-04,"[1.3441320448886351, 1.4618207682518758, 1.4123652863142766, 0.9929137877840333]","[-0.05081078099912038, -0.016142386430506247, -0.057990170898832676, -0.13052307203137778]","[0.947421752694774, 1.288534420538472, 0.9694682529098939, 0.999623047905801]","[-1.6635018432489892, -2.187300975286877, -1.7007500664262216, -1.70215601644064]","[-2.0681232956912545, -2.752169384648273, -2.1331263842939294, -2.1998256761933033]",-2.05449057
2019-10-11,"[1.0313526809996532, 1.2796812781386002, 1.200166112872303, 1.6095828322090888]","[0.009763199276033963, 0.010815620843928076, 0.036383287805885726, -0.07016693774542052]","[0.9371825432429525, 1.24575667675031, 0.9680060133936682, 1.002311741928597]","[-1.4435283603214502, -1.8891344854757526, -1.504340579557204, -1.7093162246049038]","[-1.8836012828445865, -2.477901171487241, -1.9364607558182418, -2.1230123875774822]",-2.65052898
2019-10-18,"[-0.43868359070469154, -0.9656394904506982, -0.9505596883276013, -0.0996628746906758]","[0.1290311180585423, 0.12849724034884896, 0.09087978713022307, 0.10224532522520847]","[0.9831146663884524, 1.326940207242792, 0.996336052733128, 1.028223198016434]","[-1.4819987651343904, -2.081402299507747, -1.5736016946896707, -1.6553059175393963]","[-1.9886297712920324, -2.723157849962229, -2.047497314953715, -2.1675090664324252]",-4.47909272
2019-10-25,"[0.4086421772929505, 0.7954192370837276, 0.567411548345298, 0.5646164901858874]","[0.005019726720689218, 0.04116588553610786, -0.023040034897815885, -0.1104044458809466]","[0.9418521270997884, 1.2781937814366844, 0.9485059726788735, 1.0138211691877765]","[-1.579368706833123, -2.0944186273602536, -1.589474114430619, -1.8086238770402157]","[-2.0423868051767253, -2.7519873241056354, -2.040721245110339, -2.327453365348907]",-1.89905955
2019-11-01,"[0.9221228858222297, 0.9041700126265262, 1.1072373655601098, 1.6209071918944495]","[-0.018537192854918946, -0.04893399711518659, 0.02503596301954072, -0.04715922639127216]","[0.9043210068005088, 1.2239676736663267, 0.9260557126340151, 1.034420044823215]","[-1.466925776101815, -2.121370882209959, -1.520073885033257, -1.7191429168440002]","[-1.9558095647111784, -2.698898358217509, -1.9760970670394213, -2.176496105273469]",-2.34999117
2019-11-08,"[0.24629895343251107, 0.39833591537652424, 0.02326756042894118, 0.07178731262014182]","[-0.03376056630051563, 0.006729848747173646, -0.03104766889514602, -0.06936303418046817]","[0.8882337855290301, 1.2103427799725488, 0.9008436149787832, 0.9721956019882625]","[-1.4738903069029918, -2.0236910193170217, -1.469881046742006, -1.6021828104649007]","[-1.8148068018253312, -2.503945522437815, -1.8238628286247864, -2.0679985005763366]",-1.07813497
2019-11-15,"[0.7210283871884826, 0.7320622278615296, 0.7992248591051521, 0.2171795264450438]","[0.018126204435502263, -0.05365875519929787, 0.05554967626446928, 0.050972772213597174]","[0.9161148523271887, 1.2160095179880848, 0.9424672910531325, 0.9884394779856718]","[-1.427576460103455, -2.053677259413335, -1.4314171570431506, -1.5794561462272514]","[-1.8582722224446888, -2.555353359736231, -1.8335525072579513, -2.0448957682271605]",-1.33041287
2019-11-22,"[0.22213967720894345, 0.06444289494869082, 0.3929776698891274, 0.21129583340977476]","[0.054999681731753014, 0.13729732828367097, 0.037583259521632335, -0.05737333482028926]","[0.8856239864524138, 1.200496504082932, 0.9042944222066984, 0.9606054004588465]","[-1.4113010997487285, -1.8504488141672544, -1.4519013854935698, -1.6815863229540902]","[-1.7648020990833309, -2.328415082645248, -1.816262569328591, -2.0768199888575607]",-0.91847384
2019-12-02,"[-0.8531243236026498, -1.0291632790757177, -0.9613135500487147, -0.8104960279273321]","[0.05143992144975955, 0.12081299612224441, 0.020305869346409097, -0.0049370773624421655]","[0.8866412045068682, 1.2001798070940095, 0.9034679417507413, 0.9995356908734152]","[-1.3500951203883058, -1.845055402110455, -1.4081248574582306, -1.6280331821625595]","[-1.7835882851747125, -2.4184256363945185, -1.7958392817563102, -2.050382155411418]",-1.09769866
2019-12-09,"[-0.3149188788194479, -0.45469076439337286, -0.37715070599482203, -0.0951284305453548]","[-0.02660532670278272, -0.07337382338625421, -0.036129209184276596, -0.04268938597586357]","[0.862715654067538, 1.1563642165531443, 0.8722447158194572, 0.9721679106813611]","[-1.4639486932802679, -2.020047222581351, -1.4540674579600852, -1.6821504607498925]","[-1.8208181722659784, -2.5013373736942346, -1.823031455083918, -2.069971327515614]",-0.67341361
2019-12-16,"[0.6846470784222625, 0.998913034363369, 0.35660046867960205, 0.7214983127783903]","[0.08901461130099163, 0.11151859312727896, 0.07276501117554848, -5.764419064529591e-05]","[0.8968524579566921, 1.221946760820118, 0.914454293613107, 0.9999537166559995]","[-1.3792566350714965, -1.8219053352047387, -1.4143716538865816, -1.6846675159509445]","[-1.797803590985927, -2.4508045793647075, -1.8549521144459657, -2.096939241163353]",-1.52667211
2019-12-23,"[0.15266403583389376, 0.2635156441909814, 0.33834699199051244, 0.031077094127596183]","[0.012058961135883372, -0.05759595459730674, 0.06553386529889639, 0.0068039254098004286]","[0.86554583470263, 1.1580469208199944, 0.8912049498638132, 0.9877123775062191]","[-1.3965061567607089, -2.062439340211521, -1.3540596452571507, -1.6080622207379247]","[-1.7677062084528148, -2.450389990069708, -1.7743823277191755, -1.9636692741506068]",-0.83139897
2019-12-31,"[0.2426289789881686, 0.1883264243903504, 0.2677167340108255, 0.12451014916834424]","[0.0809739210938524, 0.08908390347774857, 0.06729926312192964, 0.030320070655517922]","[0.8689145572231355, 1.154843580347462, 0.8880757100928086, 0.9823973164154403]","[-1.3200316482852603, -1.8595058312922332, -1.3725972724845816, -1.5714537116070764]","[-1.733434642571886, -2.313420762701265, -1.8084859626018914, -1.9820380642033866]",-0.44920756
2020-01-08,"[0.5315580975069345, 0.7488150504958213, 0.5631044465376434, 0.05492159329572033]","[0.024287544438746835, 0.03879629005599488, 0.002483171356267644, 0.012372313433173073]","[0.8940432903667977, 1.2189661417173112, 0.8990299540700496, 0.9832682768354111]","[-1.4594509310981738, -1.995072674277353, -1.4718004702333478, -1.6193542145811761]","[-1.8531808799896328, -2.518969743533097, -1.897723865104991, -2.047946116231408]",-0.95902095
2020-01-15,"[0.22574539875659383, 0.040895298537790836, 0.31240381392620975, 0.18779388938003905]","[0.04084478142762082, 0.10504138073596002, 0.004640694987375072, 0.004716743960824876]","[0.8671430133551523, 1.187649970352598, 0.8711263364758373, 0.9623557507723585]","[-1.3804746151245657, -1.853507566671484, -1.477957037042113, -1.5989294075610967]","[-1.7488622798230276, -2.307439254185533, -1.7775683225082912, -1.9589731505736387]",-0.77416361
2020-01-23,"[0.11462659696066524, 0.32109498883663434, -0.08973996580756705, 0.0704929037418367]","[-0.012229995515362425, 0.037481261217834926, -0.005220843892504125, -0.09817814245965231]","[0.8603676838752887, 1.1701620059326454, 0.8685281068649809, 0.9818770119647754]","[-1.4396022031132663, -1.8144030423358934, -1.4570199714824343, -1.6646023696429262]","[-1.819554530370157, -2.383065920606528, -1.8159759917495941, -2.1471443934876704]",-0.75930269
2020-01-30,"[0.32400355940964687, 0.3555265909140459, 0.43403977826237394, 0.20118087457783318]","[-0.07900553740481446, -0.08304220667925415, -0.05062690109190189, -0.08157101863270803]","[0.8682458429846803, 1.1848996665844198, 0.8759674546113214, 0.9931355701806461]","[-1.4430042891234431, -2.0382834136071164, -1.4475574418861028, -1.7700887231815212]","[-1.919449421774853, -2.5508759056388537, -1.8758521933584047, -2.1862709616456537]",-0.59089975
2020-02-06,"[0.33591029231150316, 0.8595026373346748, 0.30311616983986767, -0.56981355858019]","[-0.11292844452921352, -0.28038388555186416, -0.060802281907073444, -0.00859852198172095]","[0.9078318355806079, 1.2282468883927207, 0.9050688227035676, 1.0005043737285872]","[-1.6040353286064288, -2.346315188108709, -1.5305776276214653, -1.6152439866442514]","[-1.9825920426643449, -2.8688116406216584, -1.890070472551264, -2.0244968858687824]",-2.74375649
2020-02-13,"[-0.10675389005685432, -0.1281377636414227, -0.4344579500752843, 0.19738454210003198]","[0.016343976183296843, 0.059071228524687616, -0.03208826728648325, -0.09219974757975005]","[0.8793721294141623, 1.1968786063856496, 0.8883386286267975, 0.9711398592674891]","[-1.4157718268307344, -1.9546948421709656, -1.5291827283124253, -1.7312589813334731]","[-1.8229422439695901, -2.401476784364345, -1.8914410248702467, -2.083101870289572]",-1.46110978
2020-02-21,"[-1.0351553196406904, -1.9396528660800882, -0.7818650266820271, -0.9421774772214064]","[0.17397309793538646, 0.20508527454240658, 0.14489706441632422, 0.15734664667360554]","[0.8325720032063252, 1.1401335796097731, 0.8501471261896434, 0.9497165737789675]","[-1.240981580052384, -1.6034602421495239, -1.3047825287741013, -1.4266348617023366]","[-1.5838579705986142, -2.1268598880412313, -1.6692089232494878, -1.787955775400329]",-2.73376893
2020-02-28,"[-0.4210580309758072, 0.07776749448407116, -1.3963021915284202, -1.523151498616926]","[-0.2860118387099658, -0.06371454984855213, -0.3932769225865808, -0.3171118740991325]","[0.9260412909004475, 1.2236309102583627, 0.945733435683738, 1.010324662290545]","[-1.8125842684816442, -2.1595022669828032, -1.927054893508108, -1.897143472051857]","[-2.212064190170089, -2.66326828094929, -2.3145830089835076, -2.3122137419660116]",-10.66472232
2020-03-06,"[-1.6669338715019855, -1.7016093963195367, -0.9868110085108128, -2.0687903815446163]","[0.8585209423231233, 0.9708899760084406, 0.8193471612256814, 0.5922181743506677]","[1.025934230642802, 1.3193799449425843, 1.0537229840087643, 1.1131834984259183]","[-0.8537805933443975, -1.185802268167559, -0.9005490830276169, -1.2002360288763565]","[-1.2221726267549011, -1.7386356934270488, -1.3260462560595678, -1.6722286587939397]",-11.02839429
2020-03-13,"[8.202827281024216, 8.130860668056883, 8.950183238017573, 8.218700147228741]","[-1.4554467843938492, -0.5042997857699858, -1.7957393367970231, -2.8949153525605373]","[1.2763247670191418, 1.508034966458521, 1.3087568697295942, 1.4082521592841055]","[-3.602468340372866, -2.9903624376333218, -4.035871410847419, -5.3538220955777875]","[-4.19098200060264, -3.671858247152646, -4.6022655378294886, -5.818207584662686]",-46.36865882
2020-03-20,"[-4.407543500291045, -3.996396191598439, -4.652814688657081, -4.82261694585695]","[-2.5610985079287207, -2.6495116344394942, -3.0546931150039685, -4.840665318997325]","[1.3813663730509214, 1.5962685067772637, 1.453426415801217, 1.5630976660114337]","[-4.853170651106447, -5.399864377719246, -5.386095622017945, -7.276169999283341]","[-5.426787057273934, -6.00267150672985, -6.046152458549581, -7.9388930482549105]",-12.01369318
2020-03-27,"[-3.0238267052340007, -3.4998270215018223, -4.143664753206444, -3.602453593319499]","[-0.4965127043281747, -0.7756513883147204, -0.6760824937369542, -0.7042151471546497]","[1.538017431295656, 1.6956946151545054, 1.6676503855952916, 1.7096220812952416]","[-2.9684755745247124, -3.5227146952161537, -3.385241549745683, -3.3631725327389863]","[-3.572425612943389, -4.180219723116326, -4.01518217993544, -4.191200017649993]",-7.72357577
2020-04-03,"[-1.4559552097648698, -1.4294513465816117, -1.6998019348140048, -3.5369346675452107]","[-2.081901115558075, -2.1535468349056046, -2.4097417858458776, -2.7051276805924127]","[1.5173215691435045, 1.6736577489503437, 1.6287555595347185, 1.7417342020503512]","[-4.621256875023356, -4.838012626521958, -5.079087786535184, -5.644792269505925]","[-5.0854281433390005, -5.425210933610533, -5.702725254544902, -6.192838317914439]",-4.24517640
2020-04-13,"[-0.9172165271799315, 1.074566716097447, -1.3950513806173959, -3.4159416692434164]","[0.7893377254723383, 0.8571795420315693, 0.5993755660081999, 0.8502175618307204]","[1.5867391874180095, 1.7093919666802369, 1.709470700741515, 1.8278623368975737]","[-1.7322897250201386, -1.836687572168152, -2.23228625242738, -2.072211236548586]","[-2.296317714384423, -2.423723505112918, -2.7292627453114036, -2.798455300232427]",-13.78638378
2020-04-20,"[-1.7774920783141468, -1.1915210843459256, -2.472515928172747, -2.0233528547560553]","[-1.6337184955316515, -1.9768085251063736, -1.8030884454754441, -1.5893420814139458]","[1.624759300185195, 1.7514047328528792, 1.737490862428753, 1.919393615327039]","[-4.371612033417053, -4.815556017372186, -4.759882329840194, -4.721143935002064]","[-4.9872025460279685, -5.571850932859628, -5.4515870921229785, -5.53590686726281]",-4.32401841
2020-04-27,"[1.4315435004124133, 0.801117042009114, 1.4966554005731325, 4.591667926171716]","[-0.03392305481159068, -0.09080604917223876, -0.07134585011435889, 0.0267071551092084]","[1.5302649504854084, 1.6972958330025887, 1.6377607504481466, 1.765506615405488]","[-2.565506671629593, -2.8561189866052246, -2.857323067028764, -2.8462486807556]","[-3.2050145112621657, -3.613567821580732, -3.474794552894821, -3.709905691358504]",-10.31838832
2020-05-04,"[0.2754496560406494, 1.158986224808789, 0.10982982117617723, -0.23742511577058423]","[-0.22064463559337114, -0.1275378455281855, -0.18946695173852848, -0.5672380206706499]","[1.5982634828375895, 1.7379575676170917, 1.718939292554839, 1.94045636211969]","[-2.8381136816121337, -3.1181632825313095, -3.0284667912215486, -3.865393911328762]","[-3.625866875421403, -3.8148270066712153, -3.871103364817377, -4.677871249308053]",-3.08403046
2020-05-11,"[0.020517192217184288, 0.8899070688464406, -0.4503511080184097, -2.198860879870068]","[-0.15757453546244066, -0.21876137461785536, -0.22230332718824342, -0.07344514857359109]","[1.6990586918993218, 1.8560260490395002, 1.7965929188859866, 2.0360433089513346]","[-3.0489020195918592, -3.297600359684393, -3.2045382672990823, -3.497792997832619]","[-3.6272842008704345, -3.9743926982425917, -3.8788845114900745, -4.3419527567508025]",-6.48747406
2020-05-18,"[3.000510216758645, 1.8460576045240984, 3.7779857693134744, 7.527030680191782]","[0.38362500408165773, 0.2942615175331143, 0.4185661181652828, 0.40464549400819794]","[1.5764571205283875, 1.7141701235638154, 1.6833766083165684, 1.9186254509075293]","[-2.2535171660466635, -2.538492313279323, -2.36874597204432, -2.7115364161459654]","[-2.8204801296276782, -3.2706811573708077, -2.984268800559544, -3.4678186874820884]",-17.76837117
2020-05-26,"[1.2245221291622421, -0.27033097613493595, 2.14301410612876, 4.106777712483645]","[0.2947875894712322, 0.37040665342724344, 0.24512484176277075, 0.2138628165891925]","[1.614072524430115, 1.746964949613657, 1.7359849331275725, 1.977086947750845]","[-2.378950400190119, -2.5859656760266367, -2.6851445408460397, -2.9872693303113134]","[-3.0313886194821023, -3.2219826724953218, -3.38263619972342, -3.86071662168711]",-11.07421384
2020-06-02,"[0.8246004271978968, 0.6685391645320671, 1.0450785279781272, 1.04779064322571]","[-0.5023935950651996, -0.5125016640570894, -0.49593178969062424, -0.5277005316672236]","[1.5757690377657376, 1.6714850934881749, 1.695148826592641, 2.002177308278426]","[-3.069808840761454, -3.314310003423497, -3.312774792906818, -3.9164182507407084]","[-3.7141960328883696, -3.924697133487714, -3.9308419697855483, -4.768593358203816]",-2.39488332
2020-06-09,"[-0.7484529796042416, 0.7218720445719029, -1.0945188046116883, -2.561860400950522]","[0.7996966201801934, 0.5997880099179604, 0.828898896473029, 1.2586453405062983]","[1.6471144176987318, 1.753197887577942, 1.7737836061763452, 2.103970386898554]","[-1.8493191398733726, -2.2895821790288085, -1.9849832297393817, -2.1181471111689083]","[-2.4906547531470546, -2.9231720732804636, -2.6770419391481757, -3.020352041667288]",-8.35091107
2020-06-16,"[1.9064687111254308, 1.7027043894659144, 2.024231347581207, 2.644381518936445]","[0.7391485784240235, 0.7068960074716595, 0.7826519890885554, 0.8264090425591544]","[1.5955849764315588, 1.6823846201368764, 1.7434867056167072, 2.1091120510897508]","[-1.908746472356814, -2.081469722901532, -2.1743173166607725, -2.6776008215588374]","[-2.553282531274438, -2.745457727134989, -2.857287755503537, -3.6806554105409726]",-2.40660329
2020-06-23,"[0.4593252622891342, 0.8474991106986351, 0.5026355390098658, 0.11375882022486294]","[-0.31915760228833945, -0.3266842737092547, -0.30729722323825087, -0.5422336821753458]","[1.607653712323783, 1.679926384791449, 1.7523538179317488, 2.140511929504344]","[-2.84702801361355, -3.0412231775898864, -3.20772294236679, -4.060121328022428]","[-3.672017715853912, -3.8409184856288827, -3.9621324099040542, -5.015059171405622]",-2.44666951
2020-06-30,"[1.2728249879890186, 1.9411753136885146, 0.8445316636734645, 1.1973727610010698]","[-0.5074098947956965, -0.5255489462375196, -0.6452556082141221, -0.8587129381243711]","[1.648373449108939, 1.7388656951533583, 1.7816015928530513, 2.095270034195543]","[-3.2816120269803566, -3.3847309476258687, -3.5558924347761827, -4.330485316163616]","[-3.8358302309611925, -4.064662325433846, -4.261274862387715, -5.198736907706985]",-4.31643303
2020-07-08,"[0.7619637933261814, 1.3085603656138645, 0.6817141787520242, 0.36092938597516167]","[0.3789771478623152, 0.3292129722151087, 0.4929182159818172, 0.5557914327642182]","[1.6188238085315891, 1.6917663757218748, 1.768949833741849, 2.1229285731219214]","[-2.2670806694763646, -2.338551312312489, -2.3744316635636675, -2.8687460704223433]","[-2.8709353838285523, -3.0227243265480905, -3.0700799118293842, -3.836123573969405]",-2.74550029
2020-07-15,"[0.9145391840203132, 0.20334825275378776, 0.8503081074465513, 4.0935464483315975]","[0.1298981457333591, -0.04673700591430226, -0.04130620661864886, -0.09617100659228181]","[1.6425687513178888, 1.719006571789638, 1.7982144159796636, 2.17696174678296]","[-2.5026490037822557, -2.8482223199716525, -2.980307116585071, -3.684947270621243]","[-3.200227608262088, -3.513828670667431, -3.7047847058107806, -4.42417827062528]",-8.48244388
2020-07-22,"[0.5675823594128104, 0.35164018264612906, 0.6144923789866752, 0.050066813950255806]","[-0.37519573605231715, -0.5251060205080131, -0.3047446177826303, 0.12992026327237963]","[1.6182064657061623, 1.690661810177056, 1.7562434494737433, 2.154298057087266]","[-2.990027701324994, -3.374623656752389, -3.1233939391883667, -3.4853152168168626]","[-3.7618156544226786, -4.0697659490169285, -3.971860726637516, -4.316186468525114]",-3.28851431
2020-07-29,"[1.2223840008542375, 1.1460168341684174, 0.6057973300899633, 2.6363115504405954]","[0.3083658092470029, 0.3661901972000055, 0.3435578412084245, 0.4996183295249327]","[1.6263729911762048, 1.701214840653535, 1.7761005529882297, 2.1781370415822363]","[-2.3685548998983763, -2.444541335960169, -2.520682130456475, -3.1108918052852665]","[-3.1045054552120956, -3.247527884831198, -3.383411055535137, -4.046749233545767]",-6.90559072
2020-08-05,"[0.6191775541176447, 0.2474906588931347, 1.3809216999506546, 2.1914623262870414]","[0.2433176158870893, 0.0771883055270212, 0.2882822351856054, 0.408876011561105]","[1.650446458442049, 1.7005567302799407, 1.7803174595615232, 2.2001963950903405]","[-2.477056514691695, -2.817907161111718, -2.7447405897149473, -3.21501363221109]","[-3.270370307615202, -3.517264969081304, -3.514335534533101, -4.421791056598579]",-5.70104892
2020-08-12,"[1.3846013309430916, 2.484064282600329, 1.041728672342579, -0.027724890413871606]","[1.009907509562048, 0.9051774909525769, 0.9820780669822722, 1.2881375683349212]","[1.6860581307351916, 1.7514907138168363, 1.8381958823204347, 2.229364555597628]","[-1.7825332848267936, -1.9802487527597536, -2.04506348741385, -2.446977366379026]","[-2.4295601913585827, -2.56364738417455, -2.8678921481399313, -3.3612273526691]",-4.90078644
2020-08-19,"[-0.41725019720324497, -0.6750019552913322, -0.30715200289588296, -0.2175624374245011]","[-0.5502836206552665, -0.3835942903393095, -0.5894015689560065, -0.7739165601346077]","[1.5017402283116397, 1.5604464927364166, 1.646349095244395, 2.108264441896062]","[-3.0139180279209774, -2.970851059712026, -3.357119211203818, -4.466305286929859]","[-3.749386949579316, -3.6392331677039085, -4.106702399980971, -5.273954988348539]",-2.38654623
2020-08-26,"[0.9975728944538353, 2.1114586749482633, 0.2950849396336608, -1.1468681290143223]","[0.31291726496440314, 0.442739128043802, 0.23797817575290675, 0.25249927867195887]","[1.6159283336437045, 1.7023648650384098, 1.7594791953817683, 2.146305902968868]","[-2.370417031646382, -2.507212777984525, -2.683773858202128, -3.3105755834725996]","[-3.0987266125597106, -3.217545874247053, -3.468797457778156, -4.280103196808628]",-5.52681929
2020-09-02,"[1.4360531463095683, 0.9424633927170412, 1.575340789503521, 0.8555583361657959]","[-0.3979968135600866, -0.41447902001013387, -0.36053321175317443, -0.5395280375171898]","[1.602217742311295, 1.6861253527098359, 1.736977007132282, 2.1411832452736372]","[-3.1478796072410953, -3.2205409297403533, -3.3599640888053512, -4.293848397542433]","[-3.78637511306947, -4.00573989500571, -4.002433470848188, -5.148488225768998]",-4.41321292
2020-09-10,"[-1.7516166018585189, -2.013807443176585, -1.4633506164100751, -1.4986754421903115]","[-0.67479381098354, -0.4932294685024431, -1.0151558590621237, -1.5262269628172296]","[1.5733670593558757, 1.6524513666192848, 1.7218696355214207, 2.1461334205070957]","[-3.1881954532679364, -3.172615150874585, -3.8356227321417955, -5.0324967164512895]","[-3.9041719524789658, -3.8580226708784675, -4.56661007587156, -5.952616236251219]",-5.05917044
2020-09-17,"[-0.883425324576681, -1.5745430459688237, -0.46626165470087244, -0.6314549770478628]","[0.017159495833185063, -0.00024174634882701367, 0.025256674410438617, 0.22825482212026063]","[1.589899128962119, 1.6620570784804538, 1.7521606392272264, 2.132983992784585]","[-2.6409117642606112, -2.7761892644159456, -2.9138487245568077, -3.43939648967453]","[-3.3992947953090504, -3.5636218143997507, -3.7345908104580103, -4.161677120736078]",-3.67582164
2020-09-24,"[0.26619090134065715, 0.46454019769042176, 0.1952646986314477, 0.2928051315654656]","[0.352703944204442, 0.38130352429731806, 0.4551490123134224, 0.6230270319709887]","[1.6066694945585456, 1.7181016241071205, 1.753127906655344, 2.153241655911529]","[-2.197412779749614, -2.37147592961656, -2.267793229954639, -2.9147366762929505]","[-2.830863441551324, -3.0259589723602303, -3.0568468500250416, -3.6993303624450182]",-2.32272701
2020-10-01,"[0.6399468295649413, 1.5747667049149427, 0.1266219102747712, 1.5682461636664868]","[-0.2129272359630877, -0.3333486882496291, -0.2415041268963089, -0.2355658070971614]","[1.6293821323897626, 1.7605564643604341, 1.747542106412994, 2.2001207550093183]","[-2.822041689542513, -3.2163085529275337, -3.129822281318331, -3.940521269947658]","[-3.545676498701874, -3.85196918974556, -3.865673818101298, -4.900723230627399]",-6.39571215
2020-10-08,"[0.8823508616647935, 0.5308877950635171, 0.43029227681863347, 1.5888936512272522]","[-0.4779382315780103, -0.5042210952457282, -0.6168544024551501, -0.6205286002831761]","[1.6371469862191161, 1.7467582958739891, 1.7531010287268762, 2.2188238712505246]","[-3.179996986031348, -3.4569852342172, -3.5141468221466217, -4.27628593395591]","[-3.8457606403154134, -4.1898787369063175, -4.254401057116112, -5.211710439692638]",-4.46080300
2020-10-15,"[-0.12367172652636427, -0.6733548378937471, -0.06946369398139751, 1.4392767031156772]","[0.2019694001601619, 0.1406116769176037, 0.224409301958684, 0.2314997374642773]","[1.5745628244009433, 1.6784371197311179, 1.7103296901695997, 2.1741304582524887]","[-2.2873116607444524, -2.546751787061118, -2.528191732054014, -3.289834609441126]","[-3.0554108731309686, -3.4071886049978457, -3.301890372959769, -4.185558497907731]",-3.42978877
2020-10-22,"[0.547031640898954, -0.003518039902150605, 0.5403156046163815, 2.085907865882586]","[0.14223558407139208, 0.27678315710917384, 0.08059187794106609, 0.05046356355320778]","[1.6783182661329314, 1.8028331452891024, 1.8205259849817967, 2.2146138316928043]","[-2.530199805255452, -2.6165154508132407, -2.9036667378705836, -3.617449103565265]","[-3.2591330724473853, -3.4057554287994583, -3.6136268978697537, -4.450574396894413]",-3.79095885
2020-10-29,"[1.0112080643676968, 1.7335319724336884, 0.5233650901137921, 1.6121504435010259]","[0.7272632514077283, 0.9272621005406361, 0.8276688002062877, 0.6941735274770902]","[1.5506073565131577, 1.6924218325455136, 1.6791755059755786, 2.0640554211507576]","[-1.7682085659720717, -1.9090871167319126, -1.8458100265179054, -2.626860188640772]","[-2.297702413015459, -2.4561037435093946, -2.3936231217216806, -3.37203850743879]",-4.95999746
2020-11-05,"[1.9315240343763307, 2.573688724736467, 1.929436942613627, 3.1174230293043337]","[-0.46173428031400393, -0.3753927237993002, -0.5245717787949208, -0.6266947890271675]","[1.6416891959341855, 1.7791923846150264, 1.7713236758509936, 2.203159520149806]","[-3.1913625311470724, -3.3510265081279, -3.4344719491742106, -4.343217831999592]","[-3.902103055655706, -4.160830651052231, -4.2069861785512686, -5.171305675971918]",-5.16732782
2020-11-12,"[-0.9748177439357519, -0.470458333277346, -1.085756025993767, -2.1046147809654414]","[0.4018067734718518, 0.734787105573134, 0.21025637623097426, -0.11185440687868513]","[1.6630543868655248, 1.7900868237418481, 1.814250841916578, 2.2648205019172605]","[-2.2586939192254567, -2.125331171511472, -2.7087252231338863, -3.8105535470766525]","[-2.942849343954876, -2.9651143271497435, -3.4104766080024365, -4.588801010057769]",-3.15246329
2020-11-19,"[0.42012521644387846, 0.7794202791804317, 0.1521003184357994, 0.5205580337147353]","[0.383581008327906, 0.4508934685392047, 0.455490628966141, 0.26831758934521305]","[1.7035655486492032, 1.8169679684118691, 1.8527468580845183, 2.3154349339963467]","[-2.352804823032269, -2.451402136232965, -2.5518209952944497, -3.53284534044028]","[-3.273382448182919, -3.2960959860351284, -3.542770475507613, -4.763175027074354]",-3.06516813
2020-11-27,"[0.2781199641187726, 0.9172046184687588, 0.1267922536882793, -0.4901166411187319]","[0.3092799172304078, 0.5316065322982194, 0.289977943975055, 0.2780065349353634]","[1.6096187138038596, 1.742317740600772, 1.755677796771449, 2.255327592072045]","[-2.3071845806566746, -2.2499805634614667, -2.6391185389328697, -3.386149077441153]","[-3.0368253823928444, -3.0572755516452066, -3.365181828526448, -4.533656406671837]",-2.66971911
2020-12-04,"[0.8580593745770138, 0.40669964757489296, 0.8265512239562511, 2.754267805750299]","[0.1764623561233734, 0.23228053880641839, 0.19243481691297057, 0.07068990513556345]","[1.6148429302293348, 1.7575393463222848, 1.7642393064931796, 2.208231657147998]","[-2.496332773732904, -2.8285028029265185, -2.76101139789065, -3.708117134680434]","[-3.197721404992048, -3.6330862772538914, -3.4904985297249413, -4.397329910559411]",-4.58668253
2020-12-11,"[-0.11732811692404255, -0.22171183377039938, 0.15691403243227597, -0.8384923812182699]","[0.2045909496436637, 0.4839878538857546, 0.04330371206852054, -0.41393448188420395]","[1.6400743871771304, 1.740918350548032, 1.7942364780520703, 2.3119012050615972]","[-2.4987443496669774, -2.3422644370584242, -2.8937598613363207, -4.18813069545535]","[-3.106225685539966, -3.065479276600298, -3.5635873282058195, -5.105160831450382]",-3.37050532
2020-12-18,"[-0.40009769835327447, -0.30271043010836607, -0.4110952408426627, -1.2573113893575183]","[-0.19596454659130058, -0.15551927892639614, -0.21025453586360196, -0.2614689198805167]","[1.6451539247035465, 1.759203396446459, 1.803247422408349, 2.2442704937960296]","[-2.8617130199286267, -3.0460641308134324, -3.0719017187431845, -3.933227842329431]","[-3.6104499419501765, -3.7479147562310247, -3.940630597188759, -4.948176806979282]",-2.68086358
2020-12-28,"[0.8553990116378252, 1.0028443148084598, 0.6735572255236022, 0.21944963261386619]","[0.1495120945466378, 0.288785220616116, 0.04279484758034196, 0.12905184786135213]","[1.6727063983471768, 1.7921453469063984, 1.808654958283476, 2.26778972526632]","[-2.5480327808623247, -2.638321394792355, -2.9292656356986844, -3.410463636368431]","[-3.234183401370422, -3.3359489359347156, -3.5748697538055785, -4.309247538103434]",-2.84417544
2021-01-05,"[0.6863718288744991, 0.8210373280297389, 0.5533583179724744, 2.0857880350249935]","[0.4301391754190361, 0.5785832875691763, 0.4308006628197034, 0.31003910188879547]","[1.6686023851214817, 1.7472882793477924, 1.8192646747488115, 2.2896951814122044]","[-2.2507512734460993, -2.222155058643641, -2.5797928484594523, -3.466392569179923]","[-2.955822998372444, -2.9475924701496052, -3.3055193334587627, -4.35318436448869]",-3.93081761
2021-01-12,"[0.021115604269361654, -0.15914519671298422, 0.1933071875257042, 2.008826323900781]","[0.22529020311347833, 0.20358416856664696, 0.2715569572628589, 0.4663736545092379]","[1.6128377972174137, 1.7170894653860251, 1.7610380177872829, 2.261556152486332]","[-2.433276611772181, -2.5880101746807362, -2.615476639247025, -3.2878828570093184]","[-3.0760731946896946, -3.233808602080365, -3.3581226692820803, -4.261327644492451]",-3.92954140
2021-01-20,"[1.374366597824217, 2.299452347336217, 0.8302190834388767, 0.5162951756277678]","[-0.12750455917821676, -0.08686384442468591, -0.18800069975549127, -0.415213831163244]","[1.6261013423660986, 1.7287728320056177, 1.7716691745988091, 2.289251647501419]","[-2.8428368981715724, -2.8112258873026774, -3.1049829945683873, -4.1622453428288955]","[-3.4008082446225116, -3.5077011709868815, -3.775439174705383, -5.146847515112893]",-4.24063384
2021-01-27,"[-2.474417941856366, -2.827260205743176, -2.0701844026470795, -1.197452053277992]","[-0.05386513788694814, 0.051682147255323746, -0.054827089566701154, -0.08547445579507158]","[1.603629931604479, 1.73742690028752, 1.743826825731129, 2.2847654560719004]","[-2.6035818821032026, -2.8386046613245313, -2.954360121867142, -4.0316574004270125]","[-3.2661235879505073, -3.4740711642896196, -3.5543430277015005, -4.807279049623719]",-5.20555386
2021-02-03,"[0.07858949506527324, -0.3975093967548915, 0.11763350901858871, 0.6234049009805176]","[-0.48340083229403835, -0.39294162369293256, -0.5010851592912642, -0.20913567591113916]","[1.6826769256072642, 1.8003282313468245, 1.8317321494331527, 2.3216738461601834]","[-3.1615174687280385, -3.3658277308298423, -3.4077445677623244, -3.981116530456525]","[-3.8510968947315023, -4.199139610435851, -4.16294700866905, -4.810996976894102]",-3.22607632
2021-02-10,"[-0.04357072064653522, -0.22813356388819983, 0.19731392726551888, -0.44154984769511074]","[0.35230220349948393, 0.48667308587588776, 0.3380087890851148, 0.4647765674926896]","[1.609942129230454, 1.7627435393738196, 1.7407378290757793, 2.224140452415429]","[-2.327446075093958, -2.3783105616423614, -2.555058610486193, -3.10188538472605]","[-2.957803439593554, -3.1185895154526873, -3.1708370057189668, -4.094482883001225]",-3.19193507
2021-02-18,"[-0.4265086001828067, -0.4381749914258215, -0.37929661442124285, -1.557332925928101]","[0.08052107738987326, 0.05758267881692422, -0.0032873012777382793, 0.2765783061062239]","[1.6437599834060332, 1.7320828771015482, 1.789543010992234, 2.262450319824787]","[-2.605579139085495, -2.807768163241353, -2.9049059021926946, -3.3103838033047523]","[-3.2698054551826368, -3.496861278361972, -3.630747809473221, -4.274933377602697]",-3.60026692
2021-02-25,"[-2.439073856561791, -3.548477491036639, -1.767141334750022, -3.268200422240053]","[-0.1430462119474047, -0.07870552329806768, -0.23532987383778056, -0.2851155585457497]","[1.6577544115814624, 1.7618750900544378, 1.8055491728590107, 2.3200897490067645]","[-2.839315965294188, -2.9526612026084695, -3.2101710087934587, -4.107619133825953]","[-3.608752264083766, -3.7652559882125805, -4.011116615508228, -5.1024165455656]",-8.87103883
2021-03-04,"[-1.2451973318565734, -1.6502357688200853, -1.1124940947564, -1.711102042792767]","[0.34300621954623356, 0.36516851849136756, 0.21265310960600164, 0.3531944323789944]","[1.661117180454288, 1.8130347118382304, 1.7902021437957545, 2.235708776317765]","[-2.4501485763748936, -2.753386715442563, -2.83960831858326, -3.3581356782267835]","[-3.125610539390914, -3.406717300357227, -3.558758432016161, -4.37471947945543]",-3.69182504
2021-03-11,"[1.0087982797943873, 2.2770197318965124, 0.5821640485812907, 1.1913576735040898]","[-0.46802776520082234, -0.7042538816091491, -0.3299811274770064, -0.11659768037985321]","[1.6053486559337595, 1.7503369208663337, 1.7510184784316722, 2.2810597699638264]","[-3.08305027927136, -3.5253116069161137, -3.2759722786447374, -3.8184163217191447]","[-3.8078527053487843, -4.325279922477284, -3.9799874536040534, -4.830909635700163]",-6.20557677
2021-03-18,"[-1.4656522520607673, -3.110959057558027, -0.4647106537609247, -2.2194944443189257]","[-0.058713209751959185, -0.15600842150931743, -0.03341046867781994, -0.05268747209838327]","[1.6196554010867887, 1.7682631714315329, 1.7691823876552235, 2.285391753482042]","[-2.6601286464567115, -3.006325045975793, -2.9187833907648137, -3.803656859137119]","[-3.4362559684200873, -3.8863002982545076, -3.6210425111433877, -4.544433966587834]",-9.59111391
2021-03-25,"[0.5609797047543275, -0.1733021468498741, 0.61322889101465, 2.6712624858069134]","[-0.28512168102683544, -0.32656636254489474, -0.447789233412753, -0.18360359181443256]","[1.633361167733194, 1.8186614577104738, 1.7619448482730444, 2.2777867107238188]","[-3.0199847944518665, -3.2809622853284313, -3.434404621106158, -3.735436443129143]","[-3.579526103064055, -3.9131295878510084, -4.001855066411494, -4.66684273013757]",-3.89528221
2021-04-01,"[1.0741159871777484, 1.6902703781650708, 0.5191230315297446, 1.1534261111139088]","[0.11125576054208587, 0.3662345435576428, 0.10355965718406702, -0.23399205218984756]","[1.5655977889640167, 1.6876911575139018, 1.7094562356770966, 2.3106805210722667]","[-2.4790764280417785, -2.380817153301529, -2.750904657557204, -4.185649647929164]","[-3.1781072075684693, -2.9989735620677487, -3.5793181413513713, -5.131556395702717]",-4.42890066
2021-04-09,"[0.7243978484789082, 0.6039935688440856, 0.8826553493385347, 0.15573477396060298]","[0.03668988621417781, 0.06343015413581553, 0.044680989595361674, 0.013400946871941793]","[1.6279808054939635, 1.7891443749226525, 1.752216319628502, 2.2468105622495074]","[-2.6349261829282757, -2.97378614208326, -2.885041956054413, -3.61524958066542]","[-3.2307242830074294, -3.564694697760284, -3.5364521150548383, -4.578422726575043]",-3.01833739
2021-04-16,"[0.3336932260918246, 0.11702140509370906, 0.482674033923125, 0.3148301375594187]","[-0.0035913171417451596, 0.08108690232915973, -0.12875639044983922, -0.11200418116417117]","[1.5624524267303157, 1.747879817745942, 1.689717089757091, 2.2024430562747055]","[-2.5683397923564124, -2.8046446250450656, -2.905881219727182, -3.540164773642652]","[-3.209080786874699, -3.511540859445587, -3.5132453308736076, -4.494485618485546]",-2.83133994
2021-04-23,"[1.0784087392879727, 1.2510944810583347, 0.6707718809096264, 1.9043495930947785]","[0.47042252715460314, 0.663630243398142, 0.4579994134455848, 0.5288129916688756]","[1.6631777319240308, 1.847247411085135, 1.8007955995215978, 2.300018153654983]","[-2.358099203940977, -2.5100455516988003, -2.4440797369672445, -3.245221329450916]","[-2.97452622283931, -3.147807988679287, -3.243556096763294, -4.200167921733048]",-4.04625320
2021-04-30,"[-0.6592291358931135, -0.657610300636069, -0.5461393615991739, -1.2545615307613112]","[-0.5127396223802821, -0.3274905093662899, -0.669315369016135, -0.6567224512080443]","[1.6067795182597326, 1.7660936144256727, 1.7495969142093044, 2.222407989975558]","[-3.2334142028647053, -3.1647459902566473, -3.463760254590165, -4.3003998748177565]","[-3.80062439305966, -4.024441989327652, -4.254586506839534, -5.181386079176543]",-3.07261042
2021-05-07,"[0.7251583139267659, 0.8081749434887264, 0.6613099746450857, 1.0899430148182176]","[0.029453064343771235, 0.021712882794452125, -0.02836357204583158, 0.003805031495270045]","[1.7150200017444726, 1.8793276005914583, 1.857630960174008, 2.370553252896363]","[-2.7637844060502443, -3.0197040475928056, -3.0669755881172387, -3.831510701422057]","[-3.504789081551187, -3.7806550971797526, -3.8974999210892998, -4.85934743513457]",-2.75822618
2021-05-14,"[1.5238782781405114, 2.1836690138685277, 1.0545744613885688, 2.179184847849669]","[-0.3618937677161293, -0.4269529191882623, -0.49866431095558095, -0.5453662503589115]","[1.6629041621387615, 1.7927198420323218, 1.8265984822668275, 2.4132842542631376]","[-2.9336025730149613, -3.2379676533193424, -3.4369393641692483, -4.545258071750674]","[-3.8460433737015745, -4.178467611363532, -4.3182971639664665, -5.709220369969955]",-4.87565305
2021-05-21,"[-0.08189670228020418, -0.5550086979081215, 0.3622390715282364, 0.5399440203471606]","[-0.2472977744294423, -0.2243514874045089, -0.2622127346730602, -0.3553606865175195]","[1.6105184908085042, 1.770753984233414, 1.7510425651805548, 2.310409023890671]","[-2.84496333296816, -3.1309579005198866, -3.1042004658766973, -4.0343790887750774]","[-3.575043036417513, -3.805413406728665, -3.9218533917181766, -5.075525164252799]",-3.16207239
2021-05-28,"[0.17871730644634098, 0.31492857245316586, 0.18787121929584316, -0.10142015953906736]","[0.15681154843672332, 0.24370994574569776, 0.14141752664016152, 0.16148303739048928]","[1.6708269374847335, 1.8297435995544133, 1.8117435685692167, 2.2978937688321857]","[-2.685220073218122, -2.723248590024401, -2.8788995478543282, -3.661299181242071]","[-3.2941593291800477, -3.488290990934168, -3.5587083585755352, -4.441983217077869]",-2.60057256
2021-06-07,"[-0.09706202244448292, 0.2975368272153389, -0.36361512006575225, 1.0915002034167287]","[-0.2316568648330089, -0.15813854914682632, -0.3207608702362434, -0.4719323359157938]","[1.5877957698935024, 1.732615107529816, 1.7417614730024233, 2.2902921628893784]","[-2.8780486240674583, -3.0197621132873653, -3.237566797361636, -4.281114420648638]","[-3.4979064586861783, -3.6936825561005664, -3.881293068456708, -5.125759118810577]",-4.27368470
2021-06-14,"[0.22364145373705568, 0.9537078741004734, -0.24929829741946463, -0.7371088708416629]","[0.016687128135259625, -0.001195718293041419, 0.05427195598439506, 0.017162993888127854]","[1.615133652508704, 1.7865694422505514, 1.7492307047686437, 2.318970192844354]","[-2.548752479714867, -2.8418978378657456, -2.692647910346976, -3.7340976965094597]","[-3.35477357607971, -3.6155704591416185, -3.5760171525566524, -4.783491112633836]",-3.35559722
2021-06-21,"[1.4214460211336544, 0.6195497307472486, 1.7475977782371643, 2.4504536514241337]","[0.10242176083488753, 0.17544722228797865, 0.14002484063831586, 0.08615276376677046]","[1.6446745382772174, 1.8075972321003009, 1.7853365724452364, 2.3184503729517454]","[-2.570317569538487, -2.7624084247817606, -2.626599792830413, -3.6626271226320823]","[-3.2606725774275613, -3.6144761300217767, -3.506989435278251, -4.659925808220618]",-3.82336744
2021-06-28,"[0.2013875172155899, 1.2088232602018856, -0.43823216945959587, -1.3222395848104362]","[0.13262862153813348, 0.006541265898192036, 0.10324691622244553, 0.4644259982319811]","[1.6504983968199165, 1.859249608594443, 1.7737809861085052, 2.3583929558287395]","[-2.6523197495117863, -3.008417532031252, -2.889234040558421, -3.4570662333887596]","[-3.2526882442467295, -3.8341880762492933, -3.5082663110899635, -4.3761765425162755]",-4.04578282
2021-07-06,"[-0.18231319944108648, 0.4312646587357527, -0.6025646614993718, -1.7368430517591626]","[-0.48860730400067187, -0.2734341427362426, -0.6587031398714437, -0.6549697575733199]","[1.5956797211741742, 1.7310950411627017, 1.7407094871696014, 2.3040003495533363]","[-3.081556711377846, -3.0388871282470276, -3.4387698324971123, -4.447334749495139]","[-3.910410005379156, -3.840583458450494, -4.417712243279464, -5.439313368517146]",-3.27869735
2021-07-13,"[-0.3414903555992055, 0.0, -0.30733385026433524, -2.021393218954426]","[0.31869127357452487, 0.4319293693228065, 0.2794870998451364, 0.3243977144544804]","[1.5859909204780818, 1.738500804742396, 1.7469833588171289, 2.332615102831679]","[-2.2001681044464965, -2.329786667261708, -2.519595729557242, -3.4400287613717304]","[-2.698701096580402, -3.075298369896657, -3.0573883171010077, -4.16216828973638]",-3.77441294
2021-07-20,"[1.4228628936352905, 1.1549484729454385, 1.6063369582116849, 2.9116466398024343]","[0.3251781485870497, 0.6233902878502012, 0.2782804837235888, -0.02323938612511841]","[1.629248030942467, 1.7719804335040268, 1.7859363148164409, 2.396157749780849]","[-2.28684864268243, -2.2267449981129728, -2.657248372948386, -3.902578676791237]","[-2.992365070575317, -2.9908068204699867, -3.3094625134166993, -4.913778314117471]",-3.64870405
2021-07-27,"[-0.45680015892610726, -1.1079105941363743, -0.24440622323940175, -0.7823934996466164]","[0.08560511034756155, 0.17862472259612086, 0.06672797399752721, 0.09026073001841693]","[1.6480527829711284, 1.7844384588385687, 1.7928141297734348, 2.3636524805471617]","[-2.6200636823095653, -2.7178600124806396, -2.9593996252224914, -3.745932230022029]","[-3.2709193641831837, -3.413868293777115, -3.552718533155182, -4.5763778898512495]",-3.83933576
2021-08-03,"[0.8102476452989116, 0.6043164205538076, 0.7954920087216877, 0.8279576657148624]","[0.1091710938139557, 0.17354820509367147, 0.05597176260067156, 0.0514844680943499]","[1.6584779374584457, 1.8193109049323677, 1.8028978961887208, 2.345223253955633]","[-2.6398044464320383, -2.771235540472861, -2.9133456858146194, -3.8342597449849314]","[-3.282758029371166, -3.4077364124590184, -3.64864219326996, -4.880978561416509]",-2.93820152
2021-08-10,"[0.12431644048644941, -0.5138870679294527, 0.4627777260653332, 0.7634868477082613]","[0.24575579161808858, 0.43660520776401124, 0.15443709835153577, 0.11069172556538572]","[1.6478754004919873, 1.8113428944305334, 1.7809062144256413, 2.368364281209556]","[-2.435744762246245, -2.465015913347846, -2.751246649843275, -3.670364389147119]","[-3.0458488024357098, -3.1702412630409276, -3.410748788240046, -4.551170538984497]",-3.29889708
2021-08-17,"[-0.6576974041974992, -0.8847078168660261, -0.7950591334381585, -1.060128466031518]","[-0.20619035872660849, -0.17599748513209668, -0.300291608751603, -0.18195162252229488]","[1.64376399311644, 1.8198883132192236, 1.7697421646061215, 2.3220345053618217]","[-2.9847938675945462, -3.26877560599196, -3.178484006935731, -4.0625626602960185]","[-3.6887351465414895, -4.171940416471865, -3.9658330524630263, -4.93724414713769]",-3.02017037
2021-08-24,"[0.15862339220467092, 0.3049822312012118, 0.08641909667108649, 0.8714661549491076]","[0.09245318355142053, 0.11355627772746223, 0.12926241099629834, 0.0475976116421678]","[1.6183731145782567, 1.7662253432007882, 1.7814474094338815, 2.40523947855956]","[-2.6257036969594427, -2.781904778740777, -2.712774177903744, -3.9031606054296764]","[-3.2318247225855363, -3.4796532226260224, -3.5042857306211106, -4.855990374511361]",-3.09164774
2021-08-31,"[-0.1482634951848638, -0.08154871168635225, -0.1105418002781633, 0.2136326364094998]","[0.09100209720846728, 0.33872002242061316, 0.032983703196251234, -0.013198541275534912]","[1.6848478752818616, 1.857741483553224, 1.8150011735786453, 2.380362351774807]","[-2.6349273748035915, -2.6566144903838915, -2.8938974021005572, -3.9411808803746076]","[-3.4496255940513647, -3.4462154526949353, -3.8349937893986703, -5.064208879474438]",-2.74765441
2021-09-08,"[-0.1218972580807609, -0.34866432466671426, -0.19657484819894933, -1.0062747680983364]","[0.2327134319075633, 0.35380063445644416, 0.21754562934014124, 0.13614222104831938]","[1.6389267216587822, 1.8109678395396427, 1.7854688560628555, 2.3449428273963218]","[-2.5248067818729667, -2.8128539915912563, -2.7676197014033224, -3.6691386229067087]","[-3.223171855076129, -3.4956803483144414, -3.56556599394364, -4.721218013137326]",-3.57216350
2021-09-15,"[0.8318002934426971, 0.7407335259461689, 0.6825601105081347, 1.1850699466032566]","[0.5039963668002981, 0.594648197216338, 0.47113416318734197, 0.5346460403073543]","[1.603840436503324, 1.7455430511314656, 1.7553291822378776, 2.338592984545292]","[-2.209792196369414, -2.292354742063256, -2.4304033861166014, -3.334156615886793]","[-2.8252045466467606, -3.1994553844265723, -3.1703119033547256, -4.315648854506625]",-2.93807757
2021-09-22,"[0.9707625072267412, 0.9297007251879208, 0.9929360984603619, 1.3872015539107885]","[-0.27034990505777834, -0.06121000173863115, -0.40231381416132794, -0.6806938107864703]","[1.67064781526295, 1.8207147499858691, 1.8209685091845995, 2.4433130791048945]","[-3.1582563553818783, -3.1992735665560663, -3.4628659765273664, -4.747176363726818]","[-3.8611569786231046, -3.827412255907018, -4.314271631728821, -5.854213040616113]",-3.00938738
2021-09-29,"[0.16817194725913254, -0.16407869456864788, 0.2641697917047381, 0.203990765709694]","[0.9545978792466899, 1.148231938153589, 0.8965950998137142, 1.0537674812913154]","[1.5660018884531353, 1.7208848985555312, 1.7064205533848724, 2.406559505941868]","[-1.5868691094694474, -1.781393114683115, -1.893325237156996, -2.982533584853277]","[-2.220221219010332, -2.402029955051157, -2.603969567707423, -4.106862639092705]",-3.12032468
2021-10-06,"[0.41474573676012483, 0.6387258723581368, 0.29773782733322207, -0.6201917496287734]","[-0.26080361160267607, -0.2196162352270081, -0.40969281182925205, -0.4523544220276464]","[1.5458359005803837, 1.722175093519833, 1.7006793622758727, 2.289360305392176]","[-2.7507124026188885, -2.9702847204459784, -3.0680619659529853, -4.263092376351937]","[-3.434265043700949, -3.7522534507974847, -3.951540486973932, -5.132507492907107]",-2.96825489
2021-10-13,"[0.3591162550430127, 0.7976153313297374, -0.0015416802714440792, 0.16470366959335792]","[0.09743215102986967, 0.16395558019291795, 0.059267444278965194, 0.09519741780255876]","[1.2272204924380674, 1.4242226863336938, 1.329762469371698, 1.9834808899420395]","[-1.9405985718856398, -2.3512533201723085, -2.0751076377372706, -3.164461593437063]","[-2.3357095846973057, -2.811667269899394, -2.519241416637285, -3.793519733263993]",-2.55085493
2021-10-20,"[0.3920023267010464, -0.13059343625387854, 0.4278525353843321, 0.9362113561087959]","[-0.02551660464855955, -0.04008338571901584, -0.050534758791711105, 0.08088740215059745]","[1.2315958671365932, 1.4520851162939308, 1.3367440027431547, 2.0196885872136376]","[-2.0798766146928394, -2.386888047685031, -2.2791819567398837, -3.210822839807607]","[-2.5904865328437188, -2.9720465980537547, -2.7608883406647764, -4.034371093633655]",-2.82744910
2021-10-27,"[-0.44400685605898715, 0.23184349103262392, -0.7472289611033744, -2.0224634688446486]","[0.012947657670804493, 0.10217568617629556, -0.03033919480386094, -0.05299519491876457]","[1.1635277527824286, 1.4046634530789777, 1.2176517397068938, 1.9954287046350192]","[-1.908130647858715, -2.1790540421916997, -2.0273618809130367, -3.3054869235641413]","[-2.3455807119039815, -2.7666346783409934, -2.477899700348147, -4.2197972143009865]",-2.59060478
2021-11-03,"[0.6086631308689583, 1.0559732075340555, 0.2906793205488256, 1.592347013251949]","[0.11796819534513575, 0.13671791117862775, 0.0797005249521624, 0.18905455111789635]","[1.0709540712966399, 1.3379038479151633, 1.1100054354238964, 1.8842238738846642]","[-1.571086099706636, -2.0162120810041673, -1.7146902724488657, -2.77370181676003]","[-2.0111514463756506, -2.59166760068327, -2.1643195382246194, -3.688198211986136]",-3.20671931
2021-11-10,"[-0.8077347124634038, -1.4806050230037116, -0.6630970850281415, -0.9158646458674369]","[0.30824581257193256, 0.3983023380251822, 0.2425751266849065, 0.4528337768322459]","[1.02495426765799, 1.2876090553669366, 1.090348595667475, 1.8774021952765785]","[-1.2992324703524905, -1.6657789822703217, -1.5132711070115814, -2.5732788070861767]","[-1.7116273283585681, -2.158299467518237, -1.9339108004520933, -3.3822930847576]",-3.32983591
2021-11-17,"[-0.24322624106494217, 0.05282893260618593, -0.5859886869776787, -1.1343117354170928]","[0.08097280866851381, 0.12697531674062706, 0.04238813126660175, 0.06945459994148369]","[0.9705934258492912, 1.2869158111983312, 1.017393762683802, 1.7694936460674386]","[-1.5040797700074762, -1.9033442194748722, -1.6130759344427301, -2.7433417589742364]","[-1.9038611184079246, -2.5787850002892556, -1.969011781137081, -3.4912382320690534]",-2.19426006
2021-11-24,"[0.26663648876761314, 0.3215068058151971, -0.026306169898049347, -0.2156184792457161]","[0.040743450654986586, 0.1596915904273015, -0.05232643683771934, 0.016763536825539497]","[0.932511548951793, 1.2266879881926067, 0.9799270911929712, 1.706233797025905]","[-1.5139083706948708, -1.8614750531720583, -1.6987716022712651, -2.9057580687030504]","[-1.8812705957753155, -2.341697224538695, -2.1035475936648065, -3.705892920423449]",-2.41191238
2021-12-02,"[1.520012958620054, 0.7181198266888345, 1.7994471423664393, 2.9871535331468024]","[0.24822814023189216, 0.20801804317802147, 0.19245506281885577, 0.6636905916190575]","[0.9611679106031564, 1.2744640634621671, 1.0165736599496509, 1.7204112921976142]","[-1.2920789536912065, -1.8605043623622057, -1.4352841272762717, -2.1848358693723426]","[-1.6336667271577878, -2.3340386521128855, -1.7912603782077994, -2.778892169313553]",-3.57421976
2021-12-09,"[-0.6774447468044897, -1.482359946438283, -0.0001678100122859405, -1.6454270557522577]","[0.20952530488659823, 0.2448304131664159, 0.252787149318343, 0.17834689303171683]","[0.9405861228894455, 1.2575182151426827, 0.9843003093530879, 1.6671372975404195]","[-1.3729426155850293, -1.9279022727593143, -1.4204848741182208, -2.5218576719646135]","[-1.7502715909612314, -2.402261039836803, -1.8088828034247026, -3.2179613040538233]",-5.10896257
2021-12-16,"[-0.8857680502242893, -2.6051099611954953, -0.0829515424300098, -1.0961817889871384]","[0.022634784924052482, 0.00902152707044841, -0.02005182522910079, -0.016455029779825037]","[0.9456489600150478, 1.2408978955202448, 0.9928424506287298, 1.6596351022514406]","[-1.5762636442776137, -2.043085749686835, -1.6585627211988576, -2.7391853336616663]","[-1.9756546310913765, -2.594707474706249, -2.1442058111105973, -3.411407205052256]",-7.44551218
2021-12-23,"[0.6202777449188623, 0.7510692605676716, 0.5485586826955213, 0.6330589496919004]","[0.2357969068839344, 0.30187585707635284, 0.24467202031872246, 0.10407817703118384]","[0.9563708346188574, 1.32620232437213, 0.9768359206204174, 1.6278821818096194]","[-1.397280549722024, -1.8638191833334188, -1.388963454304182, -2.4963510577487895]","[-1.7504267504262807, -2.447841019628306, -1.7770827085620788, -3.1921045507291863]",-1.70344091
2021-12-31,"[-0.25233981456187493, -0.626414670313924, -0.16437445322399213, 0.08434610000751519]","[0.1771741191517415, 0.2199032483683569, 0.12460234750585009, 0.19476134828620317]","[1.0181826680259525, 1.3484687817011702, 1.0531018847893219, 1.7238729571241074]","[-1.5122464974680832, -1.988001939114392, -1.649004788776714, -2.62800665842499]","[-1.8641673336666351, -2.5301874120174146, -1.9963958237966801, -3.286485594120982]",-1.83801909
2022-01-07,"[-0.3961237636724846, -1.0891931849381642, -0.01327480095625333, -0.45048138869487886]","[0.2869259581433129, 0.2867997863730521, 0.18084260916139017, 0.25075601389335217]","[0.9144866795677844, 1.2335121911711615, 0.9360031240932305, 1.6018017743061757]","[-1.1691335109845002, -1.742881712482565, -1.4027511432335853, -2.306237668556557]","[-1.579862920476879, -2.227844372416732, -1.7768964706128565, -3.066263176004858]",-2.59270323
2022-01-14,"[0.04089397759514668, 0.6203231631329409, -0.560386874817631, 0.6080551823973046]","[0.10939329083522711, 0.11133182480483739, 0.059919004012988636, 0.3329462860987553]","[0.8998715538106732, 1.2709558244097463, 0.8889322905877676, 1.5026924343950272]","[-1.383914568270523, -2.0219626356786162, -1.443141890880274, -1.9632974368486285]","[-1.8188081250950512, -2.584811427636575, -1.8017425869342036, -2.855096946275421]",-3.24706058
2022-01-24,"[0.42378027245009164, 0.45674607358812125, 0.2888831610478704, 1.7773374396646169]","[0.05240664431837263, -0.036914135416793156, -0.0073421419900454865, 0.4563522142501421]","[0.8974572702682014, 1.295638959118562, 0.8837722760686252, 1.5289422053322113]","[-1.426555222737719, -2.09460876996411, -1.453560250116683, -2.0740469092723246]","[-1.780785511395566, -2.677434907284601, -1.8218144158473455, -2.6944233440088396]",-2.19561393
2022-01-31,"[1.7850750939094162, 3.1477710805353887, 1.1634987609946634, 1.9310165109181376]","[0.0457125735269072, -0.00961689066180855, 0.10110051776171594, -0.18935325378240855]","[0.899897424642954, 1.3127860520124623, 0.8618370318558402, 1.461859860749748]","[-1.4020467973339288, -2.1270068614001185, -1.3587541171351782, -2.551029217589281]","[-1.8525617612991767, -2.8081774900549514, -1.729269389635585, -3.2097446660129934]",-5.66821144
2022-02-07,"[-0.32143842630913966, -0.807695089343774, 0.003961193413992703, 0.25778171063652877]","[-0.007255128000117013, 0.00288795851630821, -0.06859038928900764, -0.1772278807140123]","[0.9089967027073246, 1.3044708314839601, 0.8634918406979719, 1.4704460430160227]","[-1.4685506157701602, -2.1284306074644777, -1.433042228371779, -2.5948809011632235]","[-1.79264697211344, -2.729730557539487, -1.7447161104434867, -3.070030689004514]",-1.99941712
2022-02-14,"[-0.3274616748306869, 0.1238143876761022, -0.49604577516344506, -0.4535999289419834]","[0.1558367740479634, 0.12577698742777882, 0.04884898439955244, 0.31221991807055577]","[0.9337897154160263, 1.3604553712599525, 0.8625587548463229, 1.4103032012398489]","[-1.3250238363315185, -2.0983541805435237, -1.3240163885918095, -1.9282856642406527]","[-1.748142274019018, -2.648656783234999, -1.6787440032319945, -2.4734473307092903]",-2.44556683
2022-02-22,"[-1.0789602905948215, -1.0094434164582111, -1.4261471616791255, -1.3435974458843702]","[-0.02851089457472415, -0.02322239035358903, -0.1040114441029554, 0.01423349068646319]","[0.9671426615256903, 1.381519907327781, 0.8961940599632274, 1.4791290618560309]","[-1.7237046218719967, -2.4044473651491765, -1.5828883820012616, -2.4638301203637964]","[-2.0093415993025237, -2.8854394792199765, -1.9111529807806704, -3.1218267922356766]",-2.97767376
2022-03-01,"[-1.5347446387005803, -1.5429835585499596, -1.779096763785759, -1.8566161815173565]","[0.29074154935645663, 0.43313122493482586, 0.2398872956427887, 0.04793618028103896]","[0.9568936994806254, 1.3338869269785267, 0.889142726161112, 1.5006656432373504]","[-1.2501015983057895, -1.7700634284709622, -1.15362332711127, -2.376504256405429]","[-1.6330499014521362, -2.3412652243890495, -1.5311693052555564, -3.0233941141679206]",-4.79463018
2022-03-08,"[-0.7610559174838549, -0.46589661888640777, -0.5645238629986338, 0.4454368255581542]","[0.09718489759567887, 0.18202403900403688, -0.0815402684413325, 0.25041528468504415]","[0.9796768268286172, 1.3856201973285838, 0.9118444225130057, 1.4784691646703223]","[-1.5064524104284902, -2.157878941400932, -1.535286591390457, -2.1451688896983723]","[-1.8803732151942791, -2.737312539152308, -1.8375075096007212, -2.759580029402416]",-6.85699285
2022-03-15,"[2.1752083084996876, 3.088503138547072, 1.8021356549978051, 0.7815135227762227]","[-0.023725817702481247, 0.05862445724833297, -0.1523973468122378, 0.14574157270147847]","[0.9633381369689314, 1.3868060032681375, 0.8741458866566956, 1.4077726099840382]","[-1.6237813131285308, -2.1894119284224436, -1.6110884623166015, -2.265672811199442]","[-1.9837539091054117, -2.753972816874528, -1.9525669404989185, -2.712430747305645]",-6.13690135
2022-03-22,"[1.1633455209691057, 1.9462075038130244, 0.7337643909247404, 0.6464504726426235]","[0.11656730931006627, -0.10945244303970596, 0.20670762732656245, 0.3559913259039217]","[1.0146048463450195, 1.4560552547279864, 0.917065865364441, 1.4718952236363805]","[-1.5332152577703502, -2.652642575616828, -1.31959097011159, -2.082120648561421]","[-2.0043145925321615, -3.2800603060555176, -1.693715132768159, -2.6197685609039714]",-2.63571959
2022-03-29,"[1.2295017086247029, 1.706327749377845, 0.9631380210619156, 2.0443631115892202]","[-0.09011691285527082, -0.05823023030952808, -0.08772306062214097, -0.19779121750522088]","[0.9969521374123249, 1.398363010881677, 0.9133193259705937, 1.4297377218724168]","[-1.6686181245197178, -2.23424100564495, -1.5216953636614967, -2.5327092131465836]","[-2.0688208491092115, -2.870570008537574, -1.9573964758025868, -3.1432883687713904]",-2.82813105
2022-04-05,"[-1.2711692845467581, -2.245432604345954, -0.8070419085546732, -2.2593152579914566]","[0.010884300374571283, 0.033137639640434466, 0.005617892716741796, -0.17581013014130253]","[0.948777752116011, 1.3716936288338457, 0.8622806808387848, 1.466033769048675]","[-1.5122218587456484, -2.260869054951566, -1.3539209505648706, -2.5944814939703376]","[-1.853333794400461, -2.813554065064794, -1.7267660847413322, -3.146666420257675]",-3.94345237
2022-04-12,"[-0.3712199653387316, -0.42331578073397935, -0.25601063707494376, 0.43101849196816033]","[0.2412319315754795, 0.4003197229369949, 0.07245027483121014, 0.25762857059592276]","[0.9370186154544407, 1.3652960736464494, 0.858114178455072, 1.3726700300781314]","[-1.3675587434007084, -1.9351759371442243, -1.3799897335129816, -2.0255751486483042]","[-1.6969335439240538, -2.4693250889406198, -1.6411752598569254, -2.435062910738845]",-2.22885927
2022-04-20,"[-0.07417041776207611, -1.4691806398986706, 0.7123846647996146, 0.6712603894801994]","[0.02031009415750179, -0.08730494367485456, 0.07242603017780087, 0.0048545432477820494]","[0.9639941463440311, 1.395523587737918, 0.8635719445246045, 1.4633868048013776]","[-1.5060337172903753, -2.368068562242928, -1.322006660820835, -2.4235210912090825]","[-1.9896952397510743, -3.0155087154276234, -1.704734458378531, -2.9126828381289274]",-3.69817415
2022-04-27,"[0.28079189186911435, -0.1198994125775954, 0.18559681298171427, -0.2260390197976747]","[0.2561324534700524, 0.20974454948182536, 0.180400639931723, 0.7689306944070644]","[0.9584614165030922, 1.3527533844027566, 0.8789295319521422, 1.453185514207354]","[-1.2850258423402257, -2.022880601538717, -1.2324814245835936, -1.6318769736396483]","[-1.645546313974889, -2.5847500742840794, -1.5375625805067596, -2.22748503838388]",-3.21691832
2022-05-04,"[2.999856254218791, 3.325321049640717, 2.7752103444663945, 2.6126105850501347]","[0.32027047727113767, 0.1906248429290997, 0.3530508342642611, 0.4715450843247523]","[1.0244070645514687, 1.4732858857565678, 0.9261591311052162, 1.4330260165215152]","[-1.3760633688350532, -2.2827687809791253, -1.1873840707865442, -1.8982823514489022]","[-1.8084260428592922, -2.8162703464640293, -1.5340837207746918, -2.3839256678313827]",-5.43230743
2022-05-11,"[-1.6013647324518487, -3.0106873165571812, -1.0208097569579522, -1.6159609113919338]","[0.695495735762333, 0.5607688170186198, 0.6791514665772672, 0.9794484596930382]","[0.99902978616853, 1.4222285810034894, 0.8878824578248725, 1.4600990332624084]","[-1.0172926952311432, -1.86738639550404, -0.8577071421594884, -1.5121852385160188]","[-1.5019116831029158, -2.5538729882063267, -1.2096538633514415, -2.0106444056734034]",-5.18964325
2022-05-18,"[-4.114648174006241, -5.033626365869193, -3.631316973290666, -3.1640466875840545]","[0.2268365923103144, 0.09134256308993852, 0.3126849021053107, 0.08250685749127923]","[1.009283133175645, 1.4225217904362997, 0.9103157262001158, 1.4471114148764186]","[-1.4300265375685377, -2.1641901281062763, -1.109152075366314, -2.2674738534904146]","[-1.774231697606167, -2.730811348605452, -1.5365320181521727, -2.8800427148500116]",-12.74336204
2022-05-25,"[0.8796092590151794, 1.3898243599523852, 0.5984820100701782, 1.8874231718456258]","[-0.07427216436828744, 0.08304858130522141, -0.18055338751719505, -0.15829874687502846]","[1.0839112521294838, 1.485696224600372, 0.980848801747934, 1.5162715548056687]","[-1.8214366949067902, -2.229521805376378, -1.7946542004786512, -2.5767015669365136]","[-2.2208749904088223, -2.870323871145262, -2.165414883724555, -3.1586071812518632]",-2.63218535
2022-06-02,"[1.8864383506612903, 2.701734569817571, 1.3171248717132045, 1.7092189936746216]","[0.26156129804173417, 0.2908478385654895, 0.18064714211155775, 0.39480038707860815]","[1.0184541079830371, 1.4238853181414683, 0.9088075194602551, 1.4595599138401079]","[-1.3922437311038531, -2.0145264544366928, -1.3470513256643983, -2.0915355775285405]","[-1.8452655030044351, -2.56873540264531, -1.7434323590071588, -2.7444477516438246]",-2.78938122
2022-06-09,"[-2.4070259021178764, -2.714979674886031, -1.9579449555036987, -1.9223971562811748]","[-0.050068064868030525, 0.09570214462248668, -0.15868624201773027, 0.01707137813398746]","[1.0608329870531308, 1.4950634112687626, 0.9354077267628965, 1.4395663323259567]","[-1.7439878365031825, -2.386753655530198, -1.6680853667936462, -2.2285668234055924]","[-2.2818290519592597, -3.0639621495558447, -2.055287666940803, -2.9199735683789574]",-4.90667825
2022-06-16,"[-3.3656181834923693, -4.1183157023147565, -2.4473625420599276, -4.599934219623059]","[0.07803479685844052, -0.09120542893671009, 0.17187997807734504, 0.16680367573729565]","[1.0782556195454887, 1.4779533207028814, 0.9222649510604037, 1.4430090980072563]","[-1.6624330277498258, -2.4590446322479385, -1.3305725991917277, -2.127776511342307]","[-2.1144299018502117, -3.08185372692027, -1.7179292983652241, -2.823272351572829]",-8.93516812
2022-06-24,"[3.1298933075026625, 3.3689692450660225, 2.6484209647268386, 2.7081488822010336]","[0.002077873002591749, -0.12630093530504743, 0.03468804161474647, -0.028746050459029424]","[1.1298507823498456, 1.6012304239315016, 0.9495844607606725, 1.433273135274919]","[-1.7906255045306496, -2.7752096456633315, -1.5253547483209382, -2.2905013548885194]","[-2.3777343176305274, -3.537484328032981, -1.9363795218083297, -2.9753362867189663]",-6.69906131
2022-07-01,"[1.0521078963985353, 0.6578795097961887, 1.040306805692559, 1.4365778284999742]","[0.3124436915182381, 0.3365026534306907, 0.21488909723445457, 0.3079735818274826]","[1.1047172025024121, 1.5384441558838784, 0.9337518491442959, 1.38477050571686]","[-1.556966280380809, -2.186186115440152, -1.3439709675372369, -2.008224438085994]","[-1.9885021771805298, -2.8015023410329847, -1.7170972748527844, -2.643124947028862]",-2.35922319
2022-07-11,"[-1.1489358556223017, -2.159602116010273, -0.5256923620425624, -1.7134019561220626]","[0.008830927031810197, -0.01753052990196292, 0.004770124861770032, 0.006492434557631218]","[1.0769273222638243, 1.5268426356119347, 0.9101981954907884, 1.3938353383179247]","[-1.8254513167880964, -2.6156265081769816, -1.5096086885854698, -2.208498624752275]","[-2.266512072820821, -3.2739661184977296, -1.9011102954226058, -2.775089845677603]",-3.53126611
2022-07-18,"[-0.8291313351629803, -0.8498691401880087, -0.6916223574778613, -0.02170640979315408]","[0.04252716832974458, -0.08651321627357121, 0.07057793468875843, 0.10099946192714533]","[1.1094187271208442, 1.5440604284735617, 0.9581158771692002, 1.432132426999855]","[-1.777198489752266, -2.6816530734151356, -1.467660397008474, -2.2062523509089167]","[-2.235057730235053, -3.2632458639831357, -1.843324484205981, -2.8832595454745893]",-2.82800927
2022-07-25,"[0.12141657714845877, -0.5711907273591166, 0.28408518615776757, 0.7657466583234296]","[-0.27702547203927547, -0.22934266581829676, -0.33408380335822324, -0.1821572779947665]","[1.112762191457208, 1.5456110747059386, 0.9588184543261884, 1.4462895730728431]","[-2.090736939348796, -2.735204446687556, -1.8952810659539665, -2.485573503865816]","[-2.551411398742279, -3.3462712389307967, -2.3265513528595676, -3.2887536110927744]",-2.92299467
2022-08-01,"[-0.29655995565569526, -0.06025192890772857, -0.1423750608589458, 0.04689471291108305]","[-0.17828237815773063, -0.32968914349559036, -0.10328766654170576, -0.17004601732849295]","[1.142551479090921, 1.5759452189203367, 0.97170317909959, 1.4354365710517418]","[-2.071432480524013, -2.851820450948809, -1.7145740461728243, -2.5376332511714885]","[-2.496015047160547, -3.4813840238604934, -2.063751999542344, -3.1426816585316164]",-2.93471288
2022-08-08,"[-0.11617314654888133, -0.32375404446742806, 0.0885794304096521, 1.0037780329771984]","[0.07348080752538529, 0.12088532315067749, 0.004802018378052994, 0.05886501454727022]","[1.0846246259589611, 1.5125427492379562, 0.9269802269479314, 1.3795606819842297]","[-1.7791268158663827, -2.540320339408791, -1.5404642627962435, -2.246068962442187]","[-2.2014925745690808, -3.0971056104302166, -1.9008306123769954, -2.8081352921316904]",-2.26489877
2022-08-15,"[0.4112366029886516, 0.8048887819211537, 0.4474137584525195, 0.3779083666069383]","[-0.1200313394994816, -0.2717743687736669, -0.0488348176883598, -0.12384926750700649]","[1.1483318917415606, 1.59445333811216, 0.9774005727751086, 1.4370956002038546]","[-2.00878157603024, -2.7768853000912914, -1.6378406455517247, -2.519640712994295]","[-2.4483867528920085, -3.4738659776309073, -2.068860014552578, -3.1309324492917603]",-2.66387915
2022-08-22,"[-2.1042300832641025, -2.6680038422985497, -1.9264535527188542, -2.288251569393207]","[-0.1891246733828612, -0.08599182180493516, -0.2827351741916775, -0.11449531379079288]","[1.1632893743111097, 1.5911969387617955, 0.9986294626072675, 1.4719016445733262]","[-2.110178287043327, -2.511551343676108, -1.9559821609013928, -2.5319118934542364]","[-2.5402142324343284, -3.375135331436689, -2.331424520845169, -3.152452998437605]",-3.09641294
2022-08-29,"[-0.6634194621134348, -0.9904510375149833, -0.5728600765300129, -0.9426280992459901]","[0.060384867984652695, 0.2515386087802112, -0.08654937019875175, 0.132308534628122]","[1.1457768737243512, 1.5779412586481774, 0.9692070662075466, 1.4634175946143622]","[-1.748736007550862, -2.295220413956384, -1.6490497861236613, -2.3777724007803753]","[-2.238641273027372, -2.885937470441535, -2.0745755286685195, -2.92137555256256]",-1.95546597
2022-09-06,"[-0.3780291927327539, -0.7208296814820159, -0.5543710428540294, -1.1935520483623563]","[0.11186457032879712, 0.1006189220203234, 0.053478778770866625, 0.11850685526108591]","[1.1585271963875512, 1.5974514244594333, 0.9846917052114726, 1.3745894959615896]","[-1.7997294584673251, -2.562698570820815, -1.540497795243161, -2.069596881087112]","[-2.3484432937102753, -3.2439351710207727, -2.030791088485266, -2.649453200022577]",-3.35606405
2022-09-13,"[-4.445632497807228, -5.639768980066862, -4.021471747196337, -3.822562125190565]","[0.1058366794125762, -0.006077509499087855, 0.1383326133438229, 0.037416829827435535]","[1.1545597610737803, 1.6015075146302302, 0.9701774105432347, 1.4233657905832624]","[-1.752787948683886, -2.6448372305913606, -1.5038256126008727, -2.3251919428508954]","[-2.3783299719659476, -3.3737563549989154, -1.92906061385201, -2.981423566091479]",-12.05253482
2022-09-20,"[-1.1544871606188778, -0.8002960011375571, -1.0156276168562073, -1.3378513934230618]","[0.32213784776114085, 0.2434468490955733, 0.31855250726542655, 0.2807992359343501]","[1.2160438743854827, 1.6526746692061793, 1.0383045942409472, 1.472986693901966]","[-1.623273686015302, -2.491718542886763, -1.3475916187414962, -2.154288563962173]","[-2.1590701017505896, -3.180207899403713, -1.7710465206557071, -2.676034342669163]",-4.79026806
2022-09-27,"[-0.2556016685696605, 0.04008600065450452, -0.43092206871016003, -0.2003677401940962]","[0.08207474403447658, 0.007207867968636098, 0.11090676660620495, 0.10428324987255914]","[1.1976717376606603, 1.6366218206689003, 1.018674030771033, 1.4527577761914983]","[-1.8994531429772947, -2.5952233313846405, -1.5436111805034811, -2.242242750922893]","[-2.3197366086303375, -3.2530747124213066, -1.9936193197425367, -2.8723287856431265]",-1.85511686
2022-10-04,"[3.0516198948656204, 3.0956717851202242, 2.7604779282603076, 3.8443476875665183]","[-0.23410061813018176, -0.2975447387983838, -0.18555067079660767, -0.18177924432707296]","[1.1663922392121993, 1.5849654079350823, 0.994624601819076, 1.421802576484706]","[-2.142678609996456, -2.8471390190634684, -1.8362540517755908, -2.510227637859891]","[-2.680430722075792, -3.6232741996629096, -2.2629094029937766, -3.101220493712143]",-6.75351923
2022-10-11,"[-0.6353169215271848, -1.3833375685845972, 0.12425981718990897, 0.3876231969018207]","[-0.03288930447610726, 0.005638455814818188, -0.06024829048691953, -0.07285536086434237]","[1.1709332469516804, 1.572514645788752, 1.0043505928661205, 1.4012964113423925]","[-1.9122637215871012, -2.6494307497623573, -1.727545135474373, -2.413618164725982]","[-2.439146915887528, -3.274793757432315, -2.1044714410968015, -3.0058112186304946]",-4.23432942
2022-10-18,"[1.1681118058886497, 0.7876787787483686, 1.1134429494479292, 1.139866656707511]","[0.2784735660246848, 0.0769197810304052, 0.3956279174889296, 0.08418097135964994]","[1.2164445993446724, 1.6121516360325967, 1.0255016223467797, 1.4587158319466829]","[-1.6944432192597663, -2.524169962372986, -1.2702316270449057, -2.2124942927174907]","[-2.225976147870986, -3.2718659433337716, -1.7097886327821499, -2.9190644770674163]",-2.39794652
2022-10-25,"[1.5842450767334704, 2.0474947752996187, 1.0645486532849802, 2.3674528903636194]","[-0.09343052263535064, -0.10952604768760563, -0.14061908418444088, -0.23408509189438098]","[1.2187450173580119, 1.5858103341881196, 1.0602969899360635, 1.397365429348312]","[-2.142166879506777, -2.8159437500044584, -1.935574286330362, -2.50829846073105]","[-2.719724410570143, -3.5130622967535845, -2.3952929274840526, -3.182371253012401]",-3.57943078
2022-11-01,"[-0.43854579235818036, -1.0270231009045006, -0.24393557212256667, 0.17875364313990616]","[0.2426472177989252, 0.15198734784339307, 0.22499427912874428, 0.12445366047191206]","[1.220111231976223, 1.6109377964620402, 1.0582903703770352, 1.3915306635957323]","[-1.6863094683760886, -2.5376585315187468, -1.5588915308249045, -2.126517577653333]","[-2.3678960774349993, -3.3808867788160155, -2.0207755481966143, -2.892943356133011]",-1.95042253
2022-11-08,"[0.5380912328620369, 0.7260787245687794, 1.0118012608067772, -0.08363907332515907]","[-0.07989371416954269, -0.08193404361925351, -0.0640849996094366, 0.014900883661248815]","[1.2658857695398649, 1.6833514597832253, 1.0822598086271373, 1.47108084626587]","[-2.1261859706966812, -2.880690099507398, -1.7863373929432063, -2.412787794895831]","[-2.7827303552150515, -3.669645897666919, -2.3535206471455368, -2.9613420800612307]",-6.24309243
2022-11-15,"[0.8492866631699236, 1.3743518325997073, 0.16749689077304453, 1.0854732593322147]","[-0.241697971103658, -0.2100449154505357, -0.24504293747631364, -0.1419356395562935]","[1.302975433080512, 1.7255881704856033, 1.1033350513024816, 1.4890113001672118]","[-2.2428222434196545, -2.9890878161590844, -1.970061185209062, -2.5136857385037623]","[-2.8693514925925867, -3.681156953300219, -2.485201516401527, -3.2431812427034594]",-3.52732276
2022-11-22,"[1.3367185586901087, 1.4300024705489633, 1.1735518332924855, 1.0958165923447893]","[-0.1269985216619913, -0.14360574371092868, -0.1260682639471165, -0.1540802324611325]","[1.228776754819685, 1.6214897129596113, 1.0593011533586263, 1.4475397873174964]","[-2.143667776311394, -2.847208621908701, -1.8293212337224012, -2.4925063975714394]","[-2.6583699191367716, -3.50398545173719, -2.272042676428847, -3.149137292922107]",-2.26850295
2022-11-30,"[3.1014763512970944, 4.457727634263797, 2.15442355344333, 2.321980951552316]","[0.1738342200969683, 0.09642494264806603, 0.20037986176268954, 0.21073681171362657]","[1.2273159401395874, 1.6383087862477224, 1.0380804594280755, 1.3917737806083104]","[-1.80684552166924, -2.5489955163247067, -1.5210719081086561, -2.0693945877252973]","[-2.3058920332031594, -3.119654566833201, -2.0129631633354834, -2.676854089322487]",-5.15925969
2022-12-07,"[-0.17027124449962017, -0.40909754735789505, 0.004702782649168569, -0.4869240301204947]","[0.3387683835256183, 0.3337108911197425, 0.2949463766788212, 0.3015913521559457]","[1.26209770817544, 1.6823038166032618, 1.0607048536382278, 1.419904727603215]","[-1.7487681426490156, -2.4565247137347455, -1.4227855637903728, -2.004401916340533]","[-2.2834196132633098, -3.2646772830490174, -1.9090544773679725, -2.585537352807388]",-1.56872675
2022-12-14,"[-0.6413932135311384, -0.7441452138801985, -0.4180395978558238, -0.6218431758912679]","[0.046696134196398, -0.0316682640326721, 0.015171345890594969, -0.048816513427842684]","[1.2697754927545526, 1.6694796850518734, 1.07200087262945, 1.4455498387574246]","[-2.0298220024550826, -2.78362917970457, -1.740694288071475, -2.430409682955873]","[-2.5869869620116095, -3.5419883324299293, -2.1587363264632797, -3.032854854994008]",-1.92303232
2022-12-21,"[1.484167739465292, 1.4401924155874823, 1.5907630171293263, 1.4668383431819976]","[0.013705521670738192, -0.021385149543646696, 0.04116794340158715, -0.028493753919521178]","[1.227842933729266, 1.627189239053149, 1.03952053585312, 1.4057995751062524]","[-1.9631352185898021, -2.5527905539543827, -1.630231570205794, -2.2945209629168355]","[-2.4951665562610255, -3.3171811027032567, -2.084759007792746, -2.8868528550089265]",-2.63927660
2022-12-29,"[1.7840079811240805, 2.408292208783269, 1.0442098550679901, 2.310479494777251]","[0.03969724164988887, 0.0960010396393148, -0.0006987333461201988, -0.079511196228362]","[1.3055493982327089, 1.7172396457730696, 1.0982388373659238, 1.4258749342296138]","[-2.0195242096581074, -2.6909223338283716, -1.69162237781415, -2.4495276638580328]","[-2.7035291271162616, -3.513573877210178, -2.276681537828506, -3.005237921837921]",-3.81863824
2023-01-06,"[2.267326546051951, 2.7227505745869074, 2.1050138373421845, 2.1941386443359967]","[-0.41006935268969624, -0.3406441703769831, -0.4135348603887267, -0.42122535019099594]","[1.2653688658163698, 1.6735034765557897, 1.0759963152478313, 1.3987668642622095]","[-2.415552689234134, -3.1444841494167433, -2.0872890190854334, -2.748789556058635]","[-2.9489787057955645, -3.7401651844065533, -2.591874568781344, -3.226034303107009]",-4.08075028
2023-01-13,"[0.38719691808779544, 0.6856962371755593, 0.3289118370128463, 0.47291121572721195]","[-0.14912847875165336, -0.2248050546940158, -0.07981804939683955, -0.03215176191997947]","[1.317579027598489, 1.7707823284239437, 1.102869470527984, 1.4275956210779972]","[-2.3982914260320536, -3.1586090061928678, -1.9268137005628767, -2.3291831364408]","[-2.7727606328210737, -3.784904451233673, -2.3157872037469245, -2.8816352317302942]",-1.63099903
2023-01-23,"[1.1927197459146832, 2.197271188131289, 0.7583643849660149, 0.8957654532437687]","[-0.09333847016633304, -0.21112814090031587, -0.04639297375267017, -0.14943552886874684]","[1.3172988405626676, 1.755129329418141, 1.0983240035574569, 1.4775821636635802]","[-2.1562120870083126, -3.0048087888718653, -1.8043124992864468, -2.5225405570437593]","[-2.707012035162718, -3.749602137203157, -2.2249827092642804, -2.9656198627696826]",-3.21557866
2023-01-30,"[-1.262621956707477, -2.042600192678723, -0.7710780344300616, -1.099205540700865]","[0.13126311519181055, 0.0747492998868944, 0.12165849836364641, 0.16919044711430012]","[1.3069606935603748, 1.709672606635565, 1.1140385670108388, 1.470927943060859]","[-2.1526965902625523, -2.8081602744426806, -1.7787296230704295, -2.340296669111213]","[-2.6154625535741864, -3.5219758585422003, -2.2354565808071563, -2.8912988540049462]",-2.16242492
2023-02-06,"[-0.6130063723492896, -0.8495083955067706, -0.10318942927707297, -1.4040267043994525]","[-0.3959799529366581, -0.41280881789022844, -0.30280356542206965, -0.14139900436853062]","[1.3491188564190224, 1.8123338286377377, 1.1079913562957977, 1.458328736146814]","[-2.614257192503846, -3.3964914391011534, -2.0970276282905775, -2.482309780295652]","[-3.1435754624969636, -4.0685033169530085, -2.5726850517730253, -3.057742819382327]",-3.65726037
2023-02-13,"[1.1670642809708198, 1.5889200860298658, 1.1059611929690405, 1.1398657263401724]","[0.04047034481920559, 0.0019054417212949115, 0.020202567724543298, -0.061694265569150475]","[1.3207536550827952, 1.7700319878612372, 1.1032457491301773, 1.4428747946702314]","[-2.107922845477273, -2.84433593493092, -1.6888424493536718, -2.332852225998304]","[-2.647680843102758, -3.6728508321473057, -2.1733990536732417, -2.957586916690779]",-2.45373231
2023-02-21,"[-2.0264835863800457, -2.3959853531429154, -2.082329510909098, -2.813159698488654]","[-0.06714304819128278, -0.025966040023036333, -0.02244048060769087, -0.03844060126979411]","[1.3197830112434954, 1.7855042068636167, 1.0857299600069192, 1.413762353329449]","[-2.138882316781727, -2.828801389198664, -1.755929052450354, -2.2760894974629164]","[-2.707485556674586, -3.6582082038068244, -2.2515445403709067, -2.861862576387517]",-5.15660611
2023-02-28,"[-0.37028357801824896, -0.12935816069825634, -0.7090950425460818, -0.04710269067196293]","[-0.17207520498053744, -0.18605834992897582, -0.1317056688682591, -0.20274397724364027]","[1.332031375228829, 1.7971724376862828, 1.1008409283761973, 1.3847687313457713]","[-2.368270699859052, -3.1726939271406014, -1.91436130911728, -2.558303961490066]","[-2.998753152198824, -3.954583804363631, -2.4290526442514446, -3.1716998267670613]",-2.48694905
2023-03-07,"[-1.5447469010053894, -1.234166714664564, -1.7348397543338834, -1.29156563087367]","[-0.1939139641916889, -0.25194537556753077, -0.17874461610513473, -0.18074789444600167]","[1.3296660133566203, 1.807469549886894, 1.0748378568985182, 1.4210884800444776]","[-2.4063741201977464, -3.2206437272811814, -1.9198792638273665, -2.4054552827914386]","[-2.906528653329048, -3.9909218638971, -2.3287707626199565, -3.028576308587487]",-3.53169567
2023-03-14,"[1.6394925538465444, 2.271973734548993, 1.051240373706186, 1.6468423098083385]","[0.20844562980135659, 0.22813260432352345, 0.11694980890341522, -0.09784674381639173]","[1.323992828969617, 1.7876742928827476, 1.1003061375882006, 1.4281197923954825]","[-2.0823447630683765, -2.7917061479249594, -1.8108523684583853, -2.570849898757498]","[-2.607409382934114, -3.5794340060712777, -2.2205842620412226, -3.09431114994967]",-2.36804556
2023-03-21,"[1.304504802855977, 1.4181407591085105, 0.9753001380708781, 2.039229454776681]","[0.17233791626998374, 0.18419955853661285, 0.14220732858536825, -0.16589986978056906]","[1.2721333541954263, 1.7090746374255115, 1.068081261094274, 1.3991872634165492]","[-1.9136823784316745, -2.7714287324807025, -1.571715216593123, -2.4516873998508597]","[-2.4554064696789193, -3.432168408236306, -2.025239796388969, -2.925377958104964]",-3.35302666
2023-03-28,"[-0.22473062358825402, -0.5325694635782696, -0.11671184931874024, 0.0]","[-0.32592001768554385, -0.38007193754353463, -0.2449781102289115, -0.17339806357473644]","[1.3108332814754053, 1.7371593027549785, 1.1074132921340072, 1.4001478418243904]","[-2.460740656740661, -3.1729482930655077, -2.0334838981774435, -2.4466934498408004]","[-3.0141341882005115, -3.9290036308099094, -2.4672503768994845, -2.925173069496984]",-1.51314705
2023-04-04,"[-0.5563463969187055, -0.3379124966509828, -0.5933137644941411, -1.9479654505530242]","[-0.026317469096769693, -0.036022760977917956, -0.005729962151079556, 0.043266765724157594]","[1.277882437866142, 1.7233563418493867, 1.0667404364999848, 1.392067205754313]","[-2.101697171222265, -2.9043695995540415, -1.7206583448880581, -2.2440748498320975]","[-2.573543103121759, -3.5022403749823026, -2.1650686591450756, -2.749891909515992]",-3.83829129
2023-04-12,"[-0.4084276413318655, -0.8873171224792031, -0.11373613702527763, -0.7169034961430398]","[0.02661860353573067, -0.09126722612904012, 0.097032898143341, 0.1573538139764783]","[1.3243749838432128, 1.7842065717215883, 1.0928329191378237, 1.4610054906179497]","[-2.0835264677685603, -2.993024051341159, -1.6392579692722695, -2.191825717111254]","[-2.6473886659997095, -3.669715577032844, -2.138835206813505, -2.7972002738673103]",-1.89125869
2023-04-19,"[-0.016897640533741765, -0.04706119768478345, -0.23461254331156312, 0.4632528609167075]","[-0.20290580203815292, -0.21908372885666316, -0.16588996594817088, -0.12526573781090156]","[1.2935512010792722, 1.6911140047964979, 1.1135046743819068, 1.430511145226502]","[-2.2387686433475382, -2.9505288635187883, -1.9822387033605893, -2.5318698691031907]","[-2.848489543498553, -3.6411653917648716, -2.463211877687103, -3.169990587325576]",-2.04317454
2023-04-26,"[-0.4244627774126819, 0.6046488798819638, -0.6851762557591456, -0.9689860000234418]","[0.08948030573726817, 0.18808465037889915, 0.020969710695289745, -0.014498472157651501]","[1.320576798488485, 1.7631971429917075, 1.0967182950801617, 1.4420097503360223]","[-2.148501303130543, -2.89912053318286, -1.861100845491874, -2.4197474322921764]","[-2.731278494536146, -3.6063681777440273, -2.306079626958268, -3.0222910242359067]",-4.10082350
2023-05-03,"[-0.6887644578029928, -0.6565361141732673, -0.8056525089443767, 0.15346858665639118]","[0.024190042567056372, 0.1184228413688055, -0.024886473928709657, -0.05986902761224989]","[1.3046505634384664, 1.7400914788322763, 1.1018732548183416, 1.4290059420891954]","[-2.022719869419188, -2.8017821085889354, -1.7814799712090041, -2.348979156895275]","[-2.6448613258293125, -3.467454430556944, -2.277162440303881, -2.908738570652885]",-2.86721500
2023-05-10,"[0.466138500707558, 1.0822912816243146, -0.09085877362977612, 0.25125716000200526]","[-0.015542401839610304, 0.017294350969226376, -0.035567361913142255, -0.09619363105246186]","[1.2999759231102068, 1.7462341284665817, 1.0763530500979717, 1.4471598715223868]","[-2.091918143030944, -2.7840307052884774, -1.7566277092991969, -2.446790859363974]","[-2.737459538481533, -3.6149701753281756, -2.2525475450791546, -3.1070013508644325]",-2.25146943
2023-05-17,"[1.2065914715125636, 1.2031468812481627, 1.2302190394031243, 2.779434394926472]","[-0.013505262617165547, 0.027118752273173768, -0.04374849382126386, 0.01646511039627807]","[1.344011467493572, 1.7803357632117192, 1.1087797413384213, 1.4745538490698138]","[-2.2144647350120703, -2.8663331984439004, -1.8227106196753373, -2.3991257932361654]","[-2.7376970286932796, -3.616817754912196, -2.278117059594307, -2.9489898868554003]",-5.15739120
2023-05-24,"[-0.7271144757983627, -0.5142710273202233, -0.7762193134521311, -1.3445092257984292]","[-0.10417763639250556, -0.06762692537532065, -0.025536642583393204, 0.02460441355351558]","[1.3283173168836429, 1.782735999308613, 1.091994702146071, 1.4415854970076067]","[-2.206389416985459, -2.8825680503179325, -1.9522927204072995, -2.357211455445992]","[-2.7868773145493733, -3.6752156590126224, -2.2847054869114545, -2.8202096094420237]",-2.24453488
2023-06-01,"[0.9456159516939344, 1.1485838952336458, 0.4647586713586449, 0.9562908338185849]","[0.03666642671327822, 0.09497874660209908, -0.004780755079378567, -0.02674678548470222]","[1.3596370827284336, 1.827956446536019, 1.1258658225825409, 1.507230856466963]","[-2.3192147589822802, -3.0164854147450506, -1.9771756988480822, -2.567301476126317]","[-2.7846375934135263, -3.7119389908241835, -2.3316981328109994, -3.156430136614201]",-2.53837433
2023-06-08,"[0.6030177001357551, 1.2336924304578112, 0.49953710343153546, -0.6555604064720555]","[-0.3380177619984347, -0.5370349751925432, -0.15139406941612277, 0.024780517921526312]","[1.311068037576831, 1.7618571312571358, 1.0963434690715919, 1.4968450783335319]","[-2.5288049361819724, -3.4349958316447124, -1.9409928947702741, -2.3688226414565157]","[-3.0057838704273503, -4.070733646178806, -2.3647797054820154, -2.9279643436888056]",-4.69078436
2023-06-15,"[1.2321527278307265, 1.1845458091098493, 1.2538440691908903, 0.8367138201444746]","[-0.21496507472939813, -0.26602490717748783, -0.19761200602528353, -0.09296242917547706]","[1.3879795478073818, 1.8491211727496495, 1.1559645758098636, 1.5438241925413416]","[-2.481078782282875, -3.3450485218358823, -2.08685182936837, -2.5364074531053333]","[-3.192416852186983, -4.228385584913583, -2.6731826000544783, -3.241674335526483]",-2.99855759
2023-06-23,"[-0.7588648817206334, -0.9962970032303176, -0.6480489221432961, -1.3604608329898404]","[-0.1390869928659043, -0.08247058989079518, -0.16538773711809018, -0.19504075699952989]","[1.3023188821850664, 1.7649207872084107, 1.0744023072774818, 1.4692119924413012]","[-2.3024856637310367, -2.9849074777341125, -1.9260331386215068, -2.5192590056222888]","[-2.8846278069176154, -3.8300304135048457, -2.367708050257898, -3.2284968466889783]",-1.97629599
2023-06-30,"[1.1731572078778285, 1.5302433925127978, 0.8322823959057146, 0.03551811687385609]","[-0.2162232194212165, -0.28558026423742067, -0.16532967353726946, -0.20909002942004734]","[1.2951153247302396, 1.7518431546287474, 1.0729543544016524, 1.45324284090567]","[-2.2835759156612934, -3.1193304860026716, -1.896411412918583, -2.5107756703377997]","[-2.8560521393644307, -3.8438540962598258, -2.309008256387457, -3.1506692036062054]",-3.57200522
2023-07-10,"[0.25277976623501175, 0.03276725853620377, 0.6191575009047767, 1.3710023762990353]","[-0.21940190755346925, -0.29489762533935643, -0.17948348965152777, -0.17679815516981975]","[1.3542456820432323, 1.8104952286463525, 1.1208376805254878, 1.5370342080042874]","[-2.4170738775516627, -3.290183699086826, -1.9698118894509906, -2.7030391352933285]","[-3.039357685297666, -4.072728111980062, -2.519923804649538, -3.379667978529064]",-3.65933381
2023-07-17,"[0.34662174944237734, 0.9295330530204815, 0.2209153075520831, 0.8556366928641701]","[-0.18929323748326776, -0.16579938306035508, -0.16881241839791603, -0.33031307025601236]","[1.335242109000321, 1.8110072505172674, 1.103975946621482, 1.45650836765882]","[-2.381888368741077, -3.1330900406402056, -2.018867915993805, -2.7246316184750423]","[-2.8788225686277515, -3.827935889756538, -2.4390901968563607, -3.236538211689314]",-2.93007566
2023-07-24,"[0.44572815732140114, 0.15960516049791096, 0.5196862780913136, 0.6145157776509258]","[0.19057528601900886, 0.14445203243174767, 0.14434527748485423, 0.2710988794079967]","[1.3634976457796393, 1.8284426007692336, 1.1356972397354053, 1.4549334327165537]","[-1.9901673491997274, -2.6607228503774465, -1.7203136025535242, -1.9965165636602196]","[-2.5813751786304535, -3.6369851231362236, -2.1154010504251746, -2.566850982825087]",-1.62127681
2023-07-31,"[0.19022916995714567, 0.05214066996845901, 0.2822915575517726, 0.9366578296572392]","[0.2602772292283122, 0.24858835608047808, 0.2390987353047604, 0.21555662308035875]","[1.3305696302893368, 1.7842608792701797, 1.0987282575019415, 1.451243204419327]","[-1.9954249120947578, -2.8236147031755734, -1.6212949317349805, -2.2977031617864787]","[-2.5777316587518904, -3.509105456821067, -2.1184109325682163, -2.8580264244091897]",-2.08195519
2023-08-07,"[0.869069192870775, 0.8431095142240608, 1.1554345197126281, 0.38869034769684063]","[0.14523662008120897, 0.14862023482911865, 0.14828415569748962, 0.10565649290593984]","[1.313425598271177, 1.7651760592767378, 1.0739702761217025, 1.4874659639033312]","[-2.0456696100128395, -2.7184789926015314, -1.5842443021475034, -2.38747707979237]","[-2.5622300177529933, -3.452871606641685, -2.0413620634885867, -3.0112097228337995]",-2.86475119
2023-08-14,"[0.5504873864161652, 1.1159662174327956, 0.07431750006254845, -0.5375787802780252]","[0.20202389112439725, 0.22000413666420224, 0.15802287226469147, 0.11429783441703502]","[1.2454572339459564, 1.6685035623683246, 1.041814774326266, 1.3802012744389722]","[-1.8072071174318138, -2.547256249865215, -1.4568928616502281, -2.183567819944357]","[-2.413714517237524, -3.333642364362869, -1.9825978429428068, -2.822069796008611]",-2.78833776
2023-08-21,"[0.6485364987211639, 1.5983013774873989, -0.10721482488094125, -0.46544491979796376]","[-0.15602521634731614, -0.16833427339560228, -0.12865659789458134, -0.16703000054050487]","[1.2841838782463357, 1.742843105280797, 1.0495083419454927, 1.4298348628151034]","[-2.1859118158674224, -2.995684383490789, -1.8354788492415948, -2.51388041154783]","[-2.8750956967136325, -3.7590152620316575, -2.3945276562330022, -3.1763114246123694]",-3.88091548
2023-08-28,"[0.6321416287469184, 0.7498880848170408, 0.6184598088864846, 1.017752302596886]","[-0.0620891694159803, -0.03718383958562784, -0.0786934778302682, -0.12803369462396014]","[1.2537348700694257, 1.6569272378050042, 1.0496313377858393, 1.406965364584848]","[-2.133335464360114, -2.678099196580369, -1.8194750375129287, -2.473012596983427]","[-2.6508202971610397, -3.46646090948586, -2.238966162212248, -3.149885595965585]",-1.71700813
2023-09-05,"[-0.4331282628137423, 0.12704657211832782, -0.56344680300775, -2.3566377970086094]","[-0.01549419190828485, 0.00525560270779003, 0.004437879015056673, -0.09658696303566042]","[1.2592793436204937, 1.6824540136679154, 1.0586675687658307, 1.398438282679001]","[-2.114121428549657, -2.76661838201188, -1.6803192903297437, -2.437035243910567]","[-2.6063169958966137, -3.515641843541514, -2.144727869427601, -2.989009974430961]",-5.16708084
2023-09-12,"[-0.550068816448146, -1.115029018768432, -0.05116166374588005, 0.14199683797029294]","[0.05815876512595835, 0.05706369290320057, 0.015587282308927529, 0.0885190418322332]","[1.317323012526535, 1.7621996532015736, 1.0947589828896744, 1.4737505334811218]","[-2.0693752095622675, -2.8630776133299864, -1.7703914569988195, -2.1511154121065763]","[-2.6385309240831134, -3.582439019859842, -2.215529498192812, -2.9307124733273007]",-2.60040890
2023-09-19,"[-0.20759138789028242, -0.21335228937555684, -0.3082642623937204, -0.27199250265521613]","[0.09945958647457367, 0.1256632670224702, 0.053224704266376294, 0.08929634696852025]","[1.268430530614486, 1.6814685522493495, 1.0601613608994944, 1.385329044901155]","[-1.9363668448223492, -2.731393452915503, -1.6823897108152293, -2.237463395828258]","[-2.4778541057775136, -3.307298081908576, -2.1074737353461033, -2.643483374393666]",-1.22623189
2023-09-26,"[-1.480033886600296, -1.513010630447642, -1.1475043165047438, -1.4895982037460342]","[0.08273869349409665, 0.05517891736467762, 0.08840077383637036, 0.06355095987007688]","[1.2837247492234447, 1.7140374505465086, 1.056875732012113, 1.42719132953617]","[-2.0956749183487102, -2.7461667307982176, -1.6460627674100796, -2.2975078646493974]","[-2.5524707761457774, -3.4319636320478124, -2.0596155391526954, -2.83010251350143]",-2.82050343
2023-10-03,"[-1.3476415580442769, -1.7705575580496458, -1.2974224726150396, -1.5674269279725372]","[-0.1693325340293837, -0.06798199678770694, -0.21758448846013015, -0.2888322838159567]","[1.2525248642763058, 1.6762369685654577, 1.035213541942471, 1.4119967025501887]","[-2.2295138788496294, -2.8302621477387513, -1.9554971544616198, -2.6259327679158604]","[-2.7779801464912732, -3.552189512045025, -2.3361244034535136, -3.2411209619219763]",-2.45806939
2023-10-10,"[0.5191303137797476, 0.5522764567289506, 0.3998879763742025, 1.0610512989708276]","[0.015203950208145174, 0.0008035492117853442, 0.010324776969844586, -0.04208379824681102]","[1.2271940130249783, 1.6676149395656241, 1.0051382650856147, 1.3731977524782146]","[-2.01056117213733, -2.8296291359095678, -1.6835523980800464, -2.453143042739245]","[-2.5525819331066377, -3.5787913386787085, -2.057652560926478, -3.0109647663100385]",-1.63912259
2023-10-17,"[-0.004593215405446216, -0.3280774237198081, 0.038568925662829656, 1.2172184086694848]","[0.155178164088645, 0.06731757555945658, 0.1718192238889877, 0.20885828478087565]","[1.2298955947811736, 1.6473030028358198, 1.026269270612968, 1.4121074209708502]","[-1.8630418860700078, -2.6993060081269182, -1.4846992363106548, -2.1390873987013603]","[-2.329590248096936, -3.2736528717151274, -1.9033728048948564, -2.635360701910959]",-2.68074831
2023-10-24,"[0.7511002370275577, 0.9681156917745959, 0.6203919877384223, 0.4468554299360328]","[0.15335552620376408, 0.2072464791242712, 0.07953310677778563, 0.0984637972361829]","[1.2091911027495845, 1.6068385615950744, 1.0030347320979922, 1.3899316040354655]","[-1.8319566509841372, -2.2936527895748813, -1.5355613234338472, -2.1389492841176643]","[-2.3068544505297064, -3.086595732365059, -1.9805314899399067, -2.769217592723672]",-1.40879722
2023-10-31,"[0.6260506933633003, 0.47709534484452476, 0.37558869059335365, 0.7563956424724516]","[-0.4101237039002866, -0.5342396943395331, -0.2872149605674785, -0.5781143799334978]","[1.2317686074710965, 1.6157446172003613, 1.0289491909928403, 1.4251711262436575]","[-2.367568407238377, -3.1475290019592466, -1.8660830916851312, -2.813609465485424]","[-2.885031067711158, -3.880246481767433, -2.33239001642276, -3.332179360030378]",-2.64567035
2023-11-07,"[0.2841956989534822, 0.9408168713013865, 0.1662748524218216, -0.8078321128162536]","[-0.01789079298787241, 0.0412613554872752, -0.03171930267298527, -0.04532956330863799]","[1.213829306193243, 1.578876949631116, 1.0256732655259744, 1.3826163012708608]","[-2.027402021466767, -2.6228072809942162, -1.6954199986052196, -2.340519489063776]","[-2.5258337146835133, -3.265676893570464, -2.1219163326020216, -2.8790221449678977]",-2.82104815
2023-11-14,"[1.9214937892132689, 2.1297973949858218, 1.4164220415551654, 5.495608769321247]","[-0.05002506241171161, -0.048894365401797577, -0.044648913622405834, -0.10187864182895633]","[1.271535115583715, 1.6695815568347594, 1.0607452944103535, 1.4274253475387644]","[-2.103115088659081, -2.7843031171815666, -1.6985572076164388, -2.446076947553337]","[-2.6364925533717956, -3.519908783450815, -2.1604640535688153, -2.9930467148641724]",-18.34462286
2023-11-21,"[-0.21817082049278014, -0.5826394894524078, -0.17867487259337622, -1.313181264967156]","[-0.16445505246563524, -0.1443797819416908, -0.13963120170364915, -0.28563792572460833]","[1.1906443452971336, 1.5804316023030178, 0.9981760171077794, 1.3821658685762483]","[-2.1238078682045662, -2.7761492714908593, -1.823469034497779, -2.60498922236681]","[-2.7017876306786257, -3.474132356371973, -2.21810643563339, -3.1683034784780397]",-3.81812214
2023-11-29,"[-0.07036327592553349, -0.09743662238816952, 0.0379407011724453, 0.5503235404320073]","[0.01808776449606609, 0.025448506450734713, 0.00956613444389962, 0.015050032066001013]","[1.2389147472466946, 1.6189520931916088, 1.0319167787755628, 1.4826080218621152]","[-2.038451452678162, -2.592029635059786, -1.6903721607254565, -2.3421578349004797]","[-2.521806246163186, -3.350571116952044, -2.1330569026515063, -2.948618435080617]",-1.81215337
2023-12-06,"[-0.40379917734600923, -0.5800630514521288, -0.1943225364287926, -0.1890644397260388]","[0.197558925619199, 0.27560708042972915, 0.12925504254535303, 0.055047808103610714]","[1.1465261045133859, 1.5163294766247317, 0.9531117170096338, 1.4353240310370412]","[-1.7272411547006938, -2.2949174214568817, -1.4474384330250782, -2.3778569944831562]","[-2.120764927098611, -2.9008366616182975, -1.8306363143740605, -2.911844449792353]",-1.55566982
2023-12-13,"[1.3695945755792138, 1.2637110809635033, 1.390853577661133, 3.8429807145952566]","[0.17284487411460162, 0.18993131459341975, 0.15039208851607913, 0.20322719418480933]","[1.1474619847033802, 1.4950754138363032, 0.9684304062501203, 1.4325474128325286]","[-1.7268012995635524, -2.2443529592866547, -1.4674084245709984, -2.1533387445348064]","[-2.3212475546294953, -3.0759274431291628, -1.916366350481058, -2.7917152723787426]",-7.00801167
2023-12-20,"[-1.3954249010317277, -1.497118725991875, -1.2752598069210919, -1.7632604237467042]","[-0.2721386023178033, -0.30898910792205087, -0.19760563152377494, -0.3276990384749183]","[1.127204788326455, 1.4813975205299326, 0.950248861116612, 1.4152367812966902]","[-2.155741411806266, -2.8387591803789576, -1.7428247736971176, -2.5566825516687386]","[-2.6284338592657353, -3.3421976364313206, -2.2034540460851826, -3.3374144142435416]",-1.84102934
2023-12-28,"[0.03776203381233856, -0.04860892769498193, 0.14218498594384954, -0.30387593387457557]","[0.08946237745081514, 0.11840625239274462, 0.086615672233729, 0.0509455820300897]","[1.1527590355158692, 1.5261342239736662, 0.9510934166045567, 1.4303193668463705]","[-1.7173064906226838, -2.3275573486139125, -1.42931706497847, -2.3088842568662145]","[-2.138451672501413, -2.9344242004600902, -1.7753655226664873, -2.7863444395550743]",-1.31689820
2024-01-05,"[0.13686459129091944, 0.11853049471524102, 0.06880582651209721, -0.226101134408907]","[-0.014738819637562753, -0.06015815277975202, -0.0006428056798354041, 0.04333628227328773]","[1.075717075399211, 1.400694386036224, 0.9259141109753906, 1.3550867565804732]","[-1.7690666273529128, -2.3404480878966187, -1.5335620573426345, -2.244519760757845]","[-2.2551279070716053, -3.022117226877473, -1.910813118954674, -2.7185257644347107]",-1.29708329
2024-01-12,"[0.06925178012151534, 0.05128338851756453, -0.3135028595526279, -0.10711701434980014]","[0.03899025120924112, 0.041666916732224724, 0.01513803975366638, 0.03801418468098656]","[1.1009605842000014, 1.440187641595447, 0.9240601525934065, 1.3934799476427235]","[-1.774933204564648, -2.243279779497131, -1.451850452934347, -2.2066620683122373]","[-2.227614186481713, -3.0269973274497484, -1.8565170599855105, -2.766948476016685]",-2.73812165
2024-01-22,"[0.21120695518783705, 0.1304980654366794, 0.3638279643105591, 2.0283531995370474]","[0.0655793944876863, 0.09429072578977962, 0.05145997388716158, 0.015226494683813978]","[1.0850066291171165, 1.4335928303328576, 0.9076424987586617, 1.3348566414228862]","[-1.660076085512347, -2.2130254176874953, -1.4808292389509807, -2.2081687810613633]","[-2.3005592121907767, -2.9936303690252037, -1.9033985949917445, -2.7260411938454325]",-4.79911974
2024-01-29,"[0.7888243610299384, 1.0188409418750766, 0.5861125099130504, 1.2875452728724035]","[-0.0940769732841861, -0.11953243429565048, -0.06890041368706404, -0.11509823897583737]","[0.9879567141595071, 1.3153841555743604, 0.851106845932439, 1.3195103880778558]","[-1.7030269680222072, -2.409297564128669, -1.445521422826973, -2.323626282270933]","[-2.156234299694163, -2.978766793613924, -1.7968903587978624, -2.805146541853337]",-1.58260923
2024-02-05,"[-0.3647783254549175, -0.13061738433721715, -0.7121510929522401, -1.5155518695517678]","[-0.0662766577275474, -0.028336486641420543, -0.13308712045629686, -0.048781549292059585]","[1.0467461875100106, 1.3788204530266095, 0.892069387604227, 1.318931384492794]","[-1.7928221362927292, -2.4244280902314377, -1.586013537427939, -2.164457672506954]","[-2.157855431520405, -2.846048524618835, -1.909340634695691, -2.777683468247075]",-2.80706683
2024-02-12,"[-0.04390363686148646, -0.39202776175661924, 0.32449107827723367, 2.0085665311758483]","[0.19137205835413626, 0.3653871914458873, 0.1202922670350406, 0.07954740892346149]","[1.0657384806590724, 1.428816551530645, 0.884342160378679, 1.4123522170017155]","[-1.6270607498773924, -2.0514574794123868, -1.3731885401654047, -2.272700366834334]","[-2.081479207490883, -2.6412588878560848, -1.7407495265462247, -2.9478120092447613]",-5.15448095
2024-02-20,"[-0.5520653503708672, -0.7576770996013948, -0.16631306203880314, -1.1953225782074917]","[0.0891266288887278, 0.1661303014941467, 0.07471470230683505, -0.06443764120359168]","[1.047616640844905, 1.402986015030877, 0.8747091063278174, 1.3585753946690535]","[-1.6534403300500455, -2.108476794165364, -1.350211613519451, -2.3914101202533233]","[-2.0188154231436726, -2.6996600550337826, -1.6509159693999178, -2.9039125940738173]",-1.97485460
2024-02-27,"[0.18559352123945771, 0.2402426942277991, -0.24812407753884713, 1.0070772351356894]","[0.013327029082358763, 0.013459429034281786, 0.02959543280368034, -0.013095626268713127]","[1.0470195516223653, 1.4087730541037333, 0.8869370886229397, 1.38521963132088]","[-1.6795057135117217, -2.272528679735569, -1.365582734118033, -2.2879808101386]","[-2.099944501737005, -2.8717404267618507, -1.7352461327194926, -2.8469306953652476]",-3.37524054
2024-03-05,"[-1.0044467031744553, -1.8112616108934887, -1.0432318801885998, -0.23541482913049805]","[-0.18024604489144455, -0.1292533503628726, -0.18990281052585023, -0.3460111329611238]","[1.0559617679926068, 1.3953448788697866, 0.8737124897994414, 1.4250880449659467]","[-1.954039131425246, -2.519585983605134, -1.679614324011188, -2.774758566017679]","[-2.3483677689900917, -2.9732779732362062, -2.023629117862886, -3.266731184035284]",-5.53122030
2024-03-12,"[1.0699833039894635, 1.4233284705802873, 0.6064423476241032, -0.45546676032657274]","[0.1883354053353987, 0.21924699670452988, 0.15573222156054936, 0.10610834165904831]","[1.013382045316145, 1.353323064463969, 0.8513240074464906, 1.3554346765329717]","[-1.4717942701572662, -1.9700063414948827, -1.3193496308636643, -2.17946646114407]","[-1.9180526042676609, -2.545462202113406, -1.675312194752067, -2.7002718587861194]",-3.89609195
2024-03-19,"[0.5541686117385147, 0.24884139242162817, 0.8224054227149225, 0.8384209715003088]","[0.0849901169933564, 0.14624223858780047, 0.028224465763860004, -0.02671893019261042]","[1.0157179784433772, 1.3223200067414989, 0.8722648141331498, 1.3798462232388717]","[-1.5440387945055076, -2.0883021345235306, -1.2948703360562424, -2.2471730839450985]","[-1.939709508170499, -2.577316122722873, -1.6635043826040892, -2.7602684236718362]",-1.98493514
2024-03-26,"[-0.18487115716832037, -0.3242874524884698, -0.0796733004408523, -0.3758345009046593]","[-0.11906771937125864, -0.11704605760408296, -0.1023126519776114, -0.1784360346675242]","[1.022464074464996, 1.3485031305539337, 0.8656973478907519, 1.3881590706823517]","[-1.8511426483062896, -2.3046677063892864, -1.5504370956227844, -2.5053600080791565]","[-2.267949696119148, -2.924941955772578, -1.899380184617856, -3.0734182389153624]",-1.19684795
2024-04-03,"[0.109807541663276, 0.2241877303918116, -0.11009309469436346, 0.6455414762951861]","[0.011761778862227307, 0.044762977345222436, -0.04553489592699049, -0.02209471093562827]","[1.0243665362537109, 1.3637605807862123, 0.8590416542577494, 1.4113165228938565]","[-1.6753734122929609, -2.157964011822274, -1.4972195985620498, -2.354559183215391]","[-2.1250187371832023, -2.777709757414539, -1.8523115416908384, -3.0385935338981045]",-1.52828209
2024-04-10,"[-1.0063513774420052, -0.8766815316692878, -1.09163671812329, -3.1686912791196065]","[-0.03612002827513147, -0.0004923913025994183, -0.04260261488134537, -0.13396299231771197]","[1.0188941487561878, 1.3570415992687994, 0.8487959141224917, 1.3650416043558944]","[-1.662724501120269, -2.1961113107054544, -1.3761145376241122, -2.4446398324629945]","[-2.1443562311100655, -2.84839681397596, -1.746707996601735, -2.975625571219615]",-4.61476590
2024-04-17,"[-0.5935910856992521, -1.2276393991122347, -0.1208699606653596, -0.8659168149048213]","[0.32752389316425895, 0.3672406543283869, 0.2768724713509576, 0.2720443380878318]","[0.9558258169399467, 1.2690039410754104, 0.8245002618548665, 1.3478598205472547]","[-1.2487982258955217, -1.7420105787422666, -1.1036293210367736, -1.9233840730430805]","[-1.72951025224752, -2.3207451338542207, -1.4866464995029764, -2.5665183332700177]",-2.37242423
2024-04-24,"[-0.047469409759681724, 0.3381869272754301, -0.11114200254560558, -0.30360672153868506]","[-0.03301957639358935, 0.0024012995193532735, -0.043406909249665684, -0.06184259650000504]","[0.9845598797704703, 1.324323331472261, 0.8192464111920904, 1.34512899097904]","[-1.6533594262873295, -2.1890838321741746, -1.4136070972737462, -2.239057726177736]","[-2.03902816441896, -2.6799098309296148, -1.7194780604707127, -2.8294775121889844]",-1.53011269
2024-05-01,"[-0.32524158052380514, -0.725685323436398, 0.23077377266673693, 0.5219824350590763]","[0.13482225058185388, 0.1919929583376877, 0.09986406170204375, 0.14125306305804855]","[0.9552385008043004, 1.2936788308320541, 0.8002264365249282, 1.3105570754633002]","[-1.4255377336759014, -1.9050091513042564, -1.2115731563411347, -1.9805510815704581]","[-1.8654119865064143, -2.4866817470314966, -1.5565379196842084, -2.574236986752094]",-2.60631596
2024-05-08,"[0.009668525739581213, -0.05906692189938667, 0.44169577710135854, -0.1672064367342685]","[-0.1687940239666736, -0.17665673664405349, -0.1410279322203547, -0.2789910261899165]","[0.926164606385625, 1.254151438081639, 0.7635824975831168, 1.3072280100128846]","[-1.7272107878199214, -2.2779786138511993, -1.4132157513517702, -2.418070816171422]","[-2.0858867498697866, -2.759117080176556, -1.734364090335304, -2.8933939332283]",-2.36803300
2024-05-15,"[1.2306827017288136, 1.5509376567683475, 0.8806074968877198, 0.7072062396652257]","[0.01887769354710355, 0.07925816144508387, -0.009698832243079292, -0.08778529885448176]","[0.9158840098218792, 1.2620261237020716, 0.7480383510397196, 1.2794801669162013]","[-1.446383313559669, -1.914797512167906, -1.2224817626932778, -2.0594267242318387]","[-1.8557848353820057, -2.50303379995051, -1.4888492076341902, -2.5794677803628416]",-2.21685569
2024-05-22,"[-0.2883540691244413, -0.019750482512836953, -0.5077701844051319, -0.8510728685442004]","[-0.0656469702782277, -0.058704804108583815, -0.06642993759942324, -0.26799937370165094]","[0.9049209670602514, 1.2285120814509898, 0.7683402023732905, 1.2543398445803944]","[-1.5316245493740956, -2.1216432740636666, -1.3424050146999913, -2.4395927402917583]","[-1.9577801990583519, -2.689116985773384, -1.6313344347780785, -2.976216722129671]",-1.31607513
2024-05-30,"[-0.6655798735826224, -1.077113883038372, -0.8623096651408702, 1.2473590217321195]","[-0.1198396438908296, -0.09682502377901894, -0.1553883094337257, -0.2701042767346309]","[0.8809044275212808, 1.240199239132591, 0.7451571705514223, 1.24453850860021]","[-1.578012203898362, -2.1387276166046543, -1.3710905602134225, -2.3158703021607825]","[-1.9613024667539962, -2.721157300718579, -1.6605802114777168, -2.7896275907932613]",-6.42747973
2024-06-06,"[-0.0018776352340488245, -0.034523860158319764, 0.20295141050752363, -0.5522631623060548]","[0.3065347189512764, 0.37038669849724315, 0.2351576249270425, 0.6306247352442665]","[0.8366403525850167, 1.1617503230701078, 0.7172426581291065, 1.2352696888015955]","[-1.0771741537491986, -1.5836391724334267, -0.9104670662533029, -1.4087146935502455]","[-1.4607538207513824, -2.009680972381176, -1.2338623880954425, -1.9528593550762008]",-1.91532842
2024-06-13,"[0.2011323199504922, 0.5405600139555489, -0.16833142739862694, -1.059883483280366]","[-0.05079143589546287, 0.029518426266992373, -0.11049524300129654, -0.023711760939649777]","[0.81948251662164, 1.1459953872475082, 0.6932938240618411, 1.2279626564997068]","[-1.3749849868556796, -1.8474577145708448, -1.2188388584186889, -2.0112939959049987]","[-1.657633995734463, -2.2693396868398246, -1.4903157406905774, -2.5012106074484883]",-2.40231810
2024-06-21,"[-0.13414876276023335, -0.26828876735445206, 0.03977768999252618, 0.15361909896416392]","[-0.005813040027847173, -0.08603489298724429, 0.03470547068800719, -0.23064510068922847]","[0.7974587134774885, 1.0912244857795244, 0.7178443122576964, 1.28867130503084]","[-1.341125832102961, -1.9058103482326405, -1.1706630508396483, -2.279320424595068]","[-1.6315659651055037, -2.3370399203021535, -1.4520505525359206, -2.8260135116263188]",-1.21474923
2024-06-28,"[-0.3942790778695304, -0.5204477399230356, -0.11547858721403514, 0.9500010756053001]","[0.037991744266509975, 0.09189459715253841, -0.0023945561669333616, -0.036229092600516474]","[0.8319361532027095, 1.140803932897568, 0.7067019317479508, 1.248162203340079]","[-1.3563727075161138, -1.8537053509770742, -1.172096725806076, -2.120666727906111]","[-1.657871472537763, -2.2064980219129295, -1.475604801343613, -2.658388412702467]",-3.21315376
2024-07-08,"[0.11532086209529169, 0.23754509230800025, -0.07896275670180586, 0.7304155816053814]","[0.06291719873832036, 0.09616818002523626, -0.04012659203883462, 0.07602897231455553]","[0.7752793134490525, 1.0563656760610804, 0.6718084537762564, 1.2483777010981618]","[-1.230271124740124, -1.6242352452550788, -1.174362713748859, -1.8976923704624795]","[-1.5434748688138975, -2.103291435364336, -1.4334408449074871, -2.3768294486185506]",-1.23880210
2024-07-15,"[0.2746305089436518, 0.2684303428106105, 0.5256541562522088, 1.7967131809226267]","[0.274198657116079, 0.5190598331789206, 0.13030207463552612, -0.2672147866135272]","[0.7639483038142849, 1.051709835399748, 0.6806698360814882, 1.253234904879314]","[-0.9978876618478664, -1.267358876795657, -1.0197256172657683, -2.3583750355146273]","[-1.2653776089272524, -1.663659085734764, -1.2289136104894383, -2.878661578755856]",-4.17585124
2024-07-22,"[1.0257148768495483, 1.4787824430148255, 0.31698983843106987, 1.476065711774499]","[0.0015295043430659718, 0.04451336836540833, -0.0734816293763896, -0.1056723346335681]","[0.7815535052671196, 1.075099366545685, 0.7068129672883765, 1.275620789258844]","[-1.2316669183235271, -1.7216832363230088, -1.2076542083577158, -2.1898127768261206]","[-1.6275012499735027, -2.2306593733846403, -1.5067169983637732, -2.7477333405580624]",-3.07733765
2024-07-29,"[0.058763200663403126, 0.20067609551990273, -0.12180562233314873, -1.1032958032586748]","[0.2700122428186241, 0.366583899514184, 0.26621942340521143, 0.1627252423889864]","[0.7515333229201376, 1.0510488181795283, 0.6677267674588582, 1.2194259748442309]","[-0.9590137608834026, -1.3126020372904417, -0.7858604779036497, -1.8637904629687754]","[-1.290272142211723, -1.729811407673111, -1.1106347684278943, -2.370639045469693]",-1.84690775
2024-08-05,"[-2.955616731181987, -3.0269682487720218, -2.636519399340642, -3.6737519215576775]","[0.29164075572001635, 0.37076585349981467, 0.09063749723243755, 0.3174940589717245]","[0.7638333957112283, 1.0806722188898523, 0.6588037180383914, 1.2541481515105382]","[-1.0125249317802483, -1.4598111742250395, -0.9835985818879543, -1.783368466247464]","[-1.303387453616263, -1.930611417519856, -1.2911220437192543, -2.2680221519313917]",-12.12549061
2024-08-12,"[0.05251951509430697, 0.21513568019297935, -0.35642876353012554, -1.1020772711411553]","[-0.0767589746917011, -0.0825468752282233, -0.09157572023266378, -0.13758506622138583]","[0.7791041137029447, 1.0956257669991176, 0.6824718309240722, 1.313942631594986]","[-1.3399719532473564, -1.8537095774212347, -1.1734860736279282, -2.1882792879730015]","[-1.655645896542638, -2.324484545761085, -1.4661623332060625, -2.7715892465079572]",-2.27849525
2024-08-19,"[0.9516013464608619, 1.30505334965898, 0.5806312797957958, 1.1325201514226002]","[0.010792242303944983, 0.04810259370589699, 0.03630372079725916, -0.13843365145173078]","[0.786141974264529, 1.0919106158312195, 0.7018280176532437, 1.2800860496904365]","[-1.2575804287122287, -1.746200153827863, -1.1122661392828614, -2.176455606173214]","[-1.5651700594089544, -2.172694421934678, -1.3739889812189028, -2.750930239493118]",-1.87561248
2024-08-26,"[-0.2386653428609442, -0.9755747393301206, 0.15880491982773748, 0.13120746960142426]","[0.09274676949912396, 0.09437304031725609, 0.12626200214575173, 0.11251556873223868]","[0.787220103943666, 1.0957012265970612, 0.6947635655307354, 1.306928611956188]","[-1.2358544952976156, -1.786704749290129, -1.0536012984879186, -1.9911810612631307]","[-1.5575850747320716, -2.230754889600148, -1.3063075931997605, -2.4990412990551447]",-2.31417680
2024-09-03,"[-2.0793696401325334, -3.0831330586996053, -1.5179683571510338, -2.7501583138382024]","[0.30391546976067885, 0.3837272646093759, 0.23403146180795267, 0.2729512688257867]","[0.757674048069287, 1.0556261026440101, 0.665261189601672, 1.2973754096438497]","[-0.9218990551292532, -1.324312767604934, -0.897240330151704, -1.9139447724635532]","[-1.2662043078756697, -1.7953401816573937, -1.183746964364516, -2.481284782956805]",-6.99982048
2024-09-10,"[0.4346260957662551, 0.9199244853443034, -0.2271275169068332, 0.006285568529396102]","[0.24651922429918427, 0.2503692226609398, 0.12004182644268388, 0.2406158468275725]","[0.817176663718381, 1.135398996191149, 0.7016621763417851, 1.3063620926099895]","[-1.1069927609120385, -1.562892996788893, -1.0446197825426744, -1.8685397522730898]","[-1.4543030250268651, -2.0897488882010085, -1.3384781240347559, -2.4200999974208965]",-1.97190636
2024-09-17,"[0.040860733153813555, 0.05281373294190317, -0.03820817638970908, 0.7388152058672937]","[0.02853026955191613, 0.04537300733981732, 0.06602033896719373, -0.20479485048569726]","[0.824520315602732, 1.1422652860051292, 0.7041338342755099, 1.2965087506274269]","[-1.2897895668294594, -1.7744919175626304, -1.1290993739064767, -2.381067242973362]","[-1.6085339728534027, -2.185810468839522, -1.3939325194608907, -2.973875754962396]",-1.71250404
2024-09-24,"[0.2857213977382145, 0.4812027857719059, 0.19819087706842708, 0.011935900945658773]","[0.1032395427224598, 0.08130244179832218, 0.07476269011915797, 0.17799780899702708]","[0.7948236326659903, 1.1267523498025611, 0.684921458130907, 1.2787023133761233]","[-1.1897562319599715, -1.764089006754516, -1.0356170198395276, -1.9268521017342808]","[-1.447100814223443, -2.135473944676691, -1.3035673530947234, -2.4802211506679592]",-1.12157130
2024-10-01,"[-0.8998853759545788, -1.4030404992187329, -0.4099565532470706, -1.4734567780112506]","[0.09870485433961544, 0.13116791715448567, 0.039349234704563245, -0.0017351898310028944]","[0.8017976324784211, 1.1141591622324805, 0.7062324875187139, 1.299685577954905]","[-1.1937718342266042, -1.681810714221166, -1.1603693921554716, -2.149824097305071]","[-1.577447840857509, -2.1120582814111, -1.4539934978476625, -2.6994247076978737]",-2.49914261
2024-10-08,"[0.9413064314769848, 1.482420098622672, 0.3001860655148292, -0.25058598383376207]","[0.025923608249304432, 0.0793780737274905, 0.04497638987347252, -0.12598415726993778]","[0.8095246746783304, 1.1358105613821285, 0.6858998551147218, 1.2977326085195393]","[-1.2805647006160001, -1.7116583512161145, -1.0560954821241613, -2.2573587211124155]","[-1.54830545414166, -2.0970005124575484, -1.315353536814883, -2.6957123751775707]",-2.84275125
2024-10-15,"[-0.7800074670508472, -1.3456925880261927, -0.7570634082117778, 0.17908357626268412]","[0.05979816211618749, 0.06051589020058516, 0.03698435304966187, -0.05620200217782553]","[0.7835692558404952, 1.0972743333397201, 0.6757008157709133, 1.2447718287610385]","[-1.2115495705550798, -1.8882321984830965, -1.111649376875171, -1.9972545649037547]","[-1.6193543385468436, -2.293810122566239, -1.3831106222322984, -2.466413398338151]",-3.58603498
2024-10-22,"[-0.053132128070476625, 0.10893944280310208, -0.015630734528393475, -0.29431203216585544]","[0.09048494559243153, 0.15467520989175823, -0.052165706735445745, -0.01324069175212188]","[0.7361331724667128, 1.0335809486546474, 0.6658719525053709, 1.290956174869992]","[-1.1049261209549504, -1.5165460284229182, -1.1340887156233088, -2.127724920518038]","[-1.3528005576252673, -1.898675201883804, -1.3960340769791748, -2.712870800252418]",-1.38005442
2024-10-29,"[0.16170891305611335, 0.9562553889032266, -0.36520690050227955, -0.4427982242911632]","[0.1624708195499375, 0.17257794569403137, 0.17906391965352497, 0.1620718533389435]","[0.7761688648839924, 1.0893359003017706, 0.6733497657791316, 1.2881272091105693]","[-1.1562724184327515, -1.6455254055623443, -0.9236674530182876, -1.920696281577716]","[-1.440743373581373, -2.0965055301242357, -1.171713893707741, -2.4298867498144325]",-2.97462909
2024-11-05,"[1.201930695131903, 1.2676289277516517, 1.0171425505674847, 1.8543959489266904]","[0.1348997465901645, 0.15831784453286135, 0.12403234214204231, 0.14924430135291333]","[0.7587576415759637, 1.0687129997874665, 0.6667556062696977, 1.2289304829252927]","[-1.0615452563892191, -1.5144252326393852, -0.9631908569964597, -2.0321212074197654]","[-1.4058922187649725, -2.015679735427523, -1.2807339844872496, -2.3874524104514245]",-2.18887230
2024-11-12,"[-0.31112751370780956, -0.18114928403125674, -0.8665183315249791, -1.774899105836436]","[0.09154047102421464, 0.10562794481780473, 0.11823833862392037, 0.04679875774139021]","[0.7453044282483302, 1.0537571076959513, 0.6697426557944994, 1.3099731584113237]","[-1.101211593748206, -1.6389781119102, -0.9949023852681953, -2.060684725628545]","[-1.4299804860279661, -2.0466599968516195, -1.2548683786985835, -2.5916539650554244]",-3.72069481
2024-11-19,"[0.3648772655235888, 0.6856210260835383, -0.27847244593175446, 0.10991602294598835]","[0.05522153245260407, 0.019215069176538858, 0.01929985939273082, 0.07414581677304129]","[0.7854259278332848, 1.1434523755117665, 0.6644891961830074, 1.2657883507407037]","[-1.2268738473961536, -1.80316227051959, -1.0642809507641786, -1.9694548803865635]","[-1.5917551631073323, -2.4283176942296896, -1.3725533250907094, -2.5507241602635258]",-2.22289622
2024-11-26,"[0.5207827528682429, 0.5354824043708462, 0.27621515095770377, -0.8861812297570992]","[0.22210293282478874, 0.22938674761298242, 0.2645168493677924, 0.1810571516281341]","[0.7667890200008135, 1.0839746919902389, 0.6710953559314581, 1.2952343607345556]","[-1.0647206646503882, -1.5462219302379516, -0.825082992594431, -1.942406159682938]","[-1.3393087165280781, -1.9468909317074758, -1.087774396506386, -2.4949852660289262]",-2.98553865
2024-12-04,"[0.6190254477070667, 1.2287041139005694, 0.6877233494286372, 0.12857415660780802]","[0.15917848733261417, 0.27722089486017304, 0.05739215243025769, 0.08594798225506173]","[0.734632564890442, 1.046239377640921, 0.6651105795395984, 1.2649264123446382]","[-1.0394434903359437, -1.385284157697663, -1.0794732134199376, -2.014028534827529]","[-1.373847791711164, -1.9087891279973725, -1.3594269119625293, -2.495657677965374]",-3.42066393
2024-12-11,"[0.7700925666738634, 1.774400435692236, -0.22460202669254414, 0.4177746668026394]","[0.05850870941494022, 0.085477583847482, 0.0409132099987579, -0.030250405863941066]","[0.7571061999331985, 1.0741001370223637, 0.679051114451812, 1.3336184912448246]","[-1.1626640634557155, -1.6536547947715623, -1.0498832792695278, -2.2586815738996253]","[-1.5247096242598446, -2.1221253060851235, -1.385736979736512, -2.846496274302934]",-4.18581441
2024-12-18,"[-3.025676422998469, -3.67437825999124, -2.6186441243998715, -4.505945522883081]","[0.11415619845918062, 0.2795317129729014, 0.0039039289207373263, -0.058285675199471074]","[0.72889678132799, 1.0420129456175797, 0.6598811071725184, 1.2344662481799915]","[-1.1149954650758644, -1.539854906695782, -1.0389181734901185, -2.0792792344219695]","[-1.4036681952764993, -1.943861856749154, -1.282781971675452, -2.627327180634124]",-10.90304366
2024-12-26,"[0.006645380607128715, -0.06794791274664647, 0.06642590886922761, 0.8312377081878708]","[0.17084669870911842, 0.20286515943540084, 0.11901497371957827, 0.19685852639421453]","[0.7658183276671574, 1.1116732438620227, 0.6732654854377563, 1.2987069482426228]","[-1.0715066225391388, -1.5164825979013667, -1.003553395922587, -2.00871325642748]","[-1.3879270296699344, -1.988995244294404, -1.2343059728577892, -2.4589839229649106]",-1.38526029
2025-01-03,"[1.2425904710140934, 1.6232727360673493, 0.7985061999189469, 1.0860777492641027]","[0.040933087565907404, 0.055884852991855014, 0.014413971790273752, -0.03643588317927881]","[0.7403372321415986, 1.0668117330982239, 0.6681880409426562, 1.2922099483481762]","[-1.2538063490623312, -1.71049096591931, -1.1170532842611498, -2.1281758081723887]","[-1.5797007200678448, -2.2311745864992725, -1.352116664536986, -2.667368614626639]",-2.36344959
2025-01-13,"[0.1549145518120909, -0.3219005379009765, 0.851593139554474, 0.4989061851220278]","[-0.06211420458440592, -0.09969679377851004, -0.08842376766851014, -0.1586317836137985]","[0.7885700598193193, 1.1149891994170007, 0.6991323583900368, 1.2878428784368272]","[-1.291270441853908, -1.9411202950873743, -1.1932058527868985, -2.2470693560927972]","[-1.6894072359789885, -2.4088676285372883, -1.4818449900168955, -2.753391483482579]",-3.36485590
2025-01-21,"[0.9112044316371026, 0.5847889602305756, 1.2294924013419362, 1.4568368699294787]","[0.10440360323140167, 0.070281069986242, 0.04472323727077732, 0.19148434885503282]","[0.768617526057484, 1.10377763937944, 0.669072305722683, 1.252526226223123]","[-1.1793233897769213, -1.739392179381989, -1.078851223519724, -1.8178714396743731]","[-1.491294318551702, -2.2114095024683307, -1.3149465677569365, -2.2754118116993296]",-3.12313019
2025-01-28,"[0.85556453596487, 1.46718196868445, 0.3054133652080182, -0.3981189342725955]","[0.14721011479681537, 0.1749251130730513, 0.2425928625585032, 0.22675742254058026]","[0.7736557874430845, 1.0904413820216308, 0.6967698365448307, 1.2748235729983086]","[-1.1227283118507552, -1.5998759131004274, -0.9176602132529127, -1.814810809619347]","[-1.501462982417496, -2.114315707021116, -1.206552536132587, -2.393957856338758]",-2.60505850
2025-02-04,"[0.6685794630473474, 1.2200684635128134, 0.30149065380733475, 1.3588474783657212]","[-0.023648665275826278, -0.01857813202055842, -0.07247190840864248, -0.00954350749853595]","[0.7580607712423273, 1.0864176122988736, 0.6621769737505241, 1.2709209990293888]","[-1.3162260150601581, -1.856952565903484, -1.2051123597203914, -2.1931656911563597]","[-1.579714184002154, -2.2228405261544273, -1.4414334438301548, -2.5803629199479716]",-2.43660774
2025-02-11,"[0.0760259831020349, -0.23835172605801702, 0.27674480291040027, 0.17882283050836278]","[0.08552440211447673, 0.0776342774643909, 0.031332451284136434, 0.09472649916089089]","[0.768238529602128, 1.0854008995771505, 0.6834710560523664, 1.2463582002802585]","[-1.141355861830725, -1.6770348090484544, -1.0561313834009474, -1.8750521679785497]","[-1.4664561131418545, -2.064733451424365, -1.3910528603264012, -2.45212171050131]",-1.24074010
2025-02-19,"[0.23521774201675782, 0.02780635276842247, 0.15978218308756453, -0.5067120544810955]","[0.03567229544149297, 0.1024784874509191, -0.004028429277192001, -0.03133785762714647]","[0.7679104787594465, 1.1057425739444933, 0.6804564760569608, 1.2491702883353202]","[-1.2157067402019959, -1.6919521526050005, -1.1484569455595408, -2.0705283108652477]","[-1.5339247666773648, -2.116322533191131, -1.4239345998109403, -2.6229926150071763]",-2.56796213
2025-02-26,"[0.05046969247759492, 0.2412728374658002, -0.4320070017216793, -0.16727428035201442]","[0.1592680038679218, 0.13329734465209944, 0.2049362495940837, 0.23961294553585588]","[0.8170406074419844, 1.1279757984107135, 0.723806307061662, 1.3346595855552479]","[-1.154520268785582, -1.6854281445558759, -1.0144372424579948, -1.955688938010865]","[-1.4576478878679398, -2.1077698993360228, -1.2759638199108188, -2.5033887068899143]",-2.21986987
2025-03-05,"[1.069057368299653, 1.2951843578649758, 1.1355523401480383, 0.8075361301784767]","[-0.10843350627560128, -0.18523321026912304, -0.15403476987891979, -0.23701973417286495]","[0.792977866284655, 1.1379305550149263, 0.6888100412254136, 1.2551385862428885]","[-1.3653024923143073, -2.008882603898329, -1.2789876760139363, -2.337200920168583]","[-1.6486257793980652, -2.477541372013029, -1.523035396205511, -2.813342529849275]",-3.34688921
2025-03-12,"[0.5292542166868586, 1.121760314712894, -0.19943375174396039, 0.03965208837071188]","[-0.04607870779489813, -0.1527981846206635, -0.014891363779820838, -0.11515804478923601]","[0.8144440708737554, 1.1519921905397668, 0.7070357508577494, 1.2989148926338574]","[-1.3759376418262395, -2.021390109422761, -1.2184545700422422, -2.252931268631143]","[-1.7588035700439795, -2.569670739389441, -1.485750991073969, -2.7952326814825366]",-2.54070600
2025-03-19,"[1.0831985690482604, 1.3292608608984402, 0.917633315963684, 1.252729990796908]","[0.06319142044309219, 0.1313403066251727, 0.07395928553935455, -0.09408464620878165]","[0.8169769634105352, 1.1392294190312262, 0.7195577855047198, 1.2770686012449275]","[-1.3401273615327451, -1.8166846341065976, -1.1024586195919392, -2.185774227428077]","[-1.6682346834004955, -2.2700754162272694, -1.4059895592170517, -2.7088544139817907]",-1.71066581
2025-03-26,"[-1.2010084533726761, -1.8572048068108415, -0.31210379618418216, -0.43894404198008274]","[0.09133902160393058, 0.14253358151303458, 0.021114032814379596, -0.10057520989336625]","[0.8237718657330005, 1.1458555612003192, 0.7050042448116406, 1.2872401611509965]","[-1.294169517362201, -1.7541927933145656, -1.11903166432348, -2.121503761880239]","[-1.5541176781937511, -2.131614362736589, -1.3802038951378384, -2.6739698897983972]",-3.72640280
2025-04-02,"[0.6308444693588378, 0.7272000704073633, 0.5589499026047662, 1.3030835391561801]","[0.1539666639976853, 0.09535060669001948, 0.15877120156499258, 0.15283961112711544]","[0.8376913560625193, 1.1522254312363311, 0.7411919651271643, 1.286008746628688]","[-1.2771351317642707, -1.8466372694556834, -1.093913256197664, -2.0188146088612458]","[-1.5723307621967542, -2.2590979541229865, -1.398903423674647, -2.4223318467153843]",-1.43450562
2025-04-09,"[9.986284647394594, 11.335616169988505, 7.5760357119488475, 7.282855052513604]","[-0.06291044028861842, 0.02262292012779196, -0.1654774087144183, -0.10708025222214541]","[0.9136208793861899, 1.2239921759592218, 0.7955186616623946, 1.3424498548577148]","[-1.5132783429602146, -1.9670951727281885, -1.43474725459028, -2.162931577917043]","[-1.9496164720387892, -2.5566852295453972, -1.7810739777482576, -2.9639534451027747]",-92.76240073
2025-04-16,"[-2.247869829353988, -3.061743943809603, -1.7481315279850307, -0.4171490683781087]","[0.24902638979238406, 0.24710996113501588, 0.20361141034788097, 0.09824372613239978]","[1.0397658480198166, 1.358189345694275, 0.8683600413724182, 1.3831704695127076]","[-1.4895277849291428, -2.090191684450207, -1.2526405127573133, -2.2423854286739604]","[-1.9782194915789577, -2.637231269679873, -1.637925808738079, -2.884503394848972]",-7.07753137
2025-04-24,"[2.0830443451120395, 2.774858691802251, 1.221671864771423, 1.5576469491623612]","[0.055375190526344015, 0.032323347481477374, 0.12778406491760114, 0.15021067498951776]","[1.0773019294205268, 1.3887483319492138, 0.9149232899477018, 1.3958631343598036]","[-1.7690673272146344, -2.2656148318744997, -1.4786917376980262, -2.1352445824596877]","[-2.2277442915459384, -2.9861215940475843, -1.7924432621450035, -2.7319793217875787]",-3.88427649
2025-05-01,"[0.7061977074293679, 1.2976183328777147, 0.20534917054000346, 0.5440891225508615]","[0.14833795823352328, 0.14270098076048085, 0.12856790011661037, 0.1287221896818803]","[1.0233147065757051, 1.3112049218017434, 0.8727330797701689, 1.3767978892051624]","[-1.4836158300871407, -1.9768988064449076, -1.2968134075596989, -2.1981776782227187]","[-1.998372359687716, -2.571926113178817, -1.6436868992632565, -2.8599195913785866]",-2.30839367
2025-05-08,"[0.6943659343901842, 1.027191722825549, 0.6170546583309289, 1.6635514239207616]","[0.25615001794163955, 0.27719556059633926, 0.21749810746160736, 0.1848601070663972]","[1.062387373699018, 1.3683181605444659, 0.9095903301464239, 1.3818887807701623]","[-1.4095886974110883, -1.9113707544619039, -1.3172584581970874, -2.097830956081272]","[-1.91859625787962, -2.527143100941974, -1.717248909350697, -2.671828280511898]",-2.80267710
2025-05-15,"[0.4872499972443656, 0.1098407419837244, 0.6440172348421314, 0.7689755817071209]","[0.2113872789554551, 0.28267969672622223, 0.11692997486686314, -0.02844392646718319]","[1.0673020711626637, 1.3681871414795022, 0.9122040910620828, 1.442804440278016]","[-1.6396740196312811, -2.0413261628328843, -1.3892575886756102, -2.3129552845227233]","[-1.9738057463617062, -2.5507890658180488, -1.7078473897492827, -2.955253888533176]",-2.31186357
2025-05-22,"[0.03945594876304526, 0.1869513035653192, -0.0032250539392819633, -0.17391262632440174]","[0.08545903574891221, 0.08128587468536938, -0.08830334463256394, -0.1390197843607092]","[1.1223382263960828, 1.4469005285612067, 0.945201340520994, 1.4184269342077127]","[-1.7663160523952728, -2.2639194175122395, -1.629836232177129, -2.49813690399209]","[-2.196664853641157, -2.866904143509844, -2.0352684910360366, -3.114585027010635]",-1.81302193
2025-05-30,"[-0.11191753642867397, -0.15783309913572907, 0.1286370194595321, -0.6080975280910117]","[-0.023655711392677532, -0.018997711435899466, -0.03656896441504912, -0.026606911946020106]","[1.0472093326061913, 1.3358239745856177, 0.9130862484640554, 1.3637580910946743]","[-1.6713051416176297, -2.0967442267210927, -1.5327728155759361, -2.3048489389087505]","[-2.072790944943391, -2.612629154690454, -1.8451993296704203, -2.844467846604424]",-1.94054990
2025-06-06,"[1.021661605257762, 0.9727902494784502, 1.0416558843223456, 1.5384888507548489]","[0.23230625601240684, 0.277580721331077, 0.13493939889473583, 0.20651516190614502]","[1.0849192827902938, 1.3726730781363965, 0.9126630646197923, 1.42296640819258]","[-1.4290611425059483, -1.991385156018417, -1.3420820821971604, -2.114893924071413]","[-1.9644857880750712, -2.4782509801987116, -1.7333654508459317, -2.704833042004004]",-1.97541760
2025-06-13,"[-1.1243020574250195, -1.2634329597394078, -1.8078958770942677, -1.763208226237989]","[-0.0690405337774759, -0.06276911910767269, -0.061884436732769874, -0.016917005840962677]","[1.0502707017047705, 1.3350679987682366, 0.9005290785470255, 1.3944598253447464]","[-1.6712851534120758, -2.101177072739741, -1.418254603652725, -2.18797354856099]","[-2.1068949552907954, -2.6944927989494216, -1.82162161234355, -2.814659691008612]",-5.97605174
2025-06-23,"[0.9828986092323966, 1.0230246112025831, 0.8844642896614019, 1.4580708109777518]","[0.1827505163564234, 0.21475649412575515, 0.12619192980793106, 0.1468682562980035]","[1.068066047771299, 1.3622410728240961, 0.9125234619594456, 1.3338005632912084]","[-1.6122228968338548, -1.9767203763767667, -1.3439354160343957, -1.9876005243229797]","[-1.9255297646408718, -2.4761599708838924, -1.7053292156677, -2.6378935809760464]",-1.85820255
2025-06-30,"[0.47697782077937845, 0.6456148860425337, 0.6267506346889107, 0.04438876468473296]","[0.15375600280569826, 0.22077071856442793, 0.12908467063302997, 0.07413258979530034]","[1.0241528750567261, 1.2993923965552558, 0.8861367557701578, 1.3657305530654462]","[-1.5294074602105316, -1.8952450453008556, -1.3255926112695315, -2.115257645390297]","[-1.892943997701658, -2.42860984387138, -1.6691589488333594, -2.713695122739491]",-1.96881472
2025-07-08,"[-0.054796723348893295, 0.05614570021572618, -0.3736166333057511, 0.9132490536467586]","[0.046730527963951406, 0.03695663834915718, -0.010031314541031164, 0.001156419600944227]","[1.0305680591741093, 1.3343403326858625, 0.8831053629201916, 1.3303094148133916]","[-1.635715746651001, -2.259948985697184, -1.4615583227629247, -2.237831553094787]","[-2.1770852547939286, -2.851950924584132, -1.892363748736791, -2.758688697963227]",-2.84256008
2025-07-15,"[-0.42824189621679665, 0.09165018036778605, -0.986322419972474, -2.4600374663481084]","[0.23965613753438494, 0.26431091207446916, 0.1714942401486692, 0.18877417358190132]","[1.0716487746914085, 1.3458335167649669, 0.9410508606024841, 1.3482805136473446]","[-1.529622714370407, -1.8829358021530431, -1.3657479570472202, -2.0810750120459276]","[-2.103516536478483, -2.682831938045095, -1.8388694614129717, -2.580143695665649]",-4.50327072
2025-07-22,"[0.014306625876248091, -0.5189223736905113, 0.40387101365642053, 1.4770033269336125]","[0.14601509962884973, 0.1578064634042636, 0.07307110637689279, 0.04255392265272816]","[1.0414078925828416, 1.344895200327954, 0.8988068234690595, 1.369001318832431]","[-1.6212708147667043, -2.145318093954918, -1.4116157646914953, -2.1782051331913443]","[-2.007776778042088, -2.5954832033912125, -1.8162236964382152, -2.7558615561812165]",-3.00610334
2025-07-29,"[-0.2641115587798559, -0.1550144657240793, -0.4572909331365338, -0.6673243731001754]","[0.21047954743986655, 0.21630418275502775, 0.11729842319050718, 0.15219629123406436]","[1.0673592494027615, 1.3663752331501668, 0.9158222985551233, 1.3579799850862837]","[-1.5045253611088232, -2.0462218769227976, -1.3373149194488614, -2.1294904535108463]","[-1.9697076222357501, -2.564567157664894, -1.7631606907769508, -2.6380509543446693]",-1.59522938
2025-08-05,"[-0.5082835524253149, -0.6812749974829835, -0.1402270911517789, 0.7168870820266626]","[0.03418614374696299, 0.05110175023735246, 0.03417941811819968, -0.002979132385411038]","[1.0957827295386937, 1.3968519254139922, 0.9628778998129356, 1.3890876741437814]","[-1.7967625154904687, -2.295438182276663, -1.5552250841262762, -2.243050520985661]","[-2.198278641830372, -2.788047051581137, -1.9251098838890628, -2.8739477211588165]",-2.60137794
2025-08-12,"[1.0589780443045704, 1.2490410984297817, 1.0935306750816665, 3.115593994245458]","[0.0568033602847165, 0.06327239799468953, 0.015002475686130955, 0.013224612280108463]","[1.073097344026079, 1.3738790085610115, 0.9207411879472442, 1.3832177710349882]","[-1.7255490240757954, -2.2243357163812374, -1.518777082583862, -2.2393732589224085]","[-2.1611138228243316, -2.7310650254453868, -1.8746230856579544, -2.832800301186328]",-5.10375429
2025-08-19,"[-0.5439963234563194, -1.3660524656604167, 0.023265110265136002, -0.041884692465643525]","[0.1290543199476263, 0.12420304696910767, 0.08853953129168142, 0.1499824277317613]","[1.0735682982509125, 1.3765619551090917, 0.9315352876272194, 1.376757168728681]","[-1.5907284994995308, -2.0795480127949024, -1.3862590193239313, -2.066896005465621]","[-2.109009255320451, -2.7735263193034516, -1.7411875812156736, -2.5883376038010772]",-3.05630186
2025-08-26,"[0.4178219989409371, 0.40072545687186434, 0.29900616033220473, 0.5620414640302052]","[-0.2117476261888416, -0.2865467619143517, -0.2290523197049802, -0.34650361815789393]","[1.0884982495855766, 1.3664000259890692, 0.9573540106674863, 1.3595958348983912]","[-2.0138460688213238, -2.569417615851115, -1.8075350492297884, -2.6663799997829982]","[-2.5142409484628288, -3.212443965721635, -2.191708479415513, -3.1885042411383075]",-1.50153757
2025-09-03,"[0.54049667648286, 0.7836654896156148, -0.05428023396483184, -0.08088953250364739]","[0.120070912017224, 0.09737818035300791, 0.04861162432049945, 0.15084977206092712]","[1.0918569774932374, 1.3676730871361629, 0.959384692894098, 1.4276084978399075]","[-1.623212128562736, -2.1754725671446358, -1.448640973437975, -2.1229719991195104]","[-2.0612504668168947, -2.7142448296113195, -1.9214148549037002, -2.753481639201309]",-2.04662214
2025-09-10,"[0.2886700569388445, 0.03271897601635487, -0.48336615597648347, -0.034339216762635516]","[0.05097906747204503, 0.12197996787299924, -0.02021253815681591, -0.08446146471637486]","[1.0891155768558103, 1.4105121502524427, 0.931029999205015, 1.368159667827088]","[-1.7867676986924457, -2.288928008874442, -1.6154952949614396, -2.3846175775141494]","[-2.2510577067749313, -2.9462372542262343, -1.9373025154988017, -2.8598336780317153]",-7.00448507
2025-09-17,"[-0.12432723326343265, -0.19979986468570132, 0.5675123663751336, 0.045706351953622715]","[0.10785594972197984, 0.12838408742270738, 0.06015360200464729, 0.07972593545580889]","[1.0370398285565607, 1.313357755923678, 0.9225156566208405, 1.3007073917972556]","[-1.5961537549347706, -2.027460136590079, -1.423341484880625, -2.0865096208853173]","[-2.072851643061276, -2.574381201183602, -1.8222460974554073, -2.642653217188693]",-3.77347116
2025-09-24,"[-0.318652604115055, -0.3516667927137007, -0.37115607057511824, -0.2766730584746746]","[0.3122789245696814, 0.35639713682881063, 0.2074403816397301, 0.2651661065658198]","[1.05384061642495, 1.3395391066959113, 0.9310516468213249, 1.3208566423430443]","[-1.3895280414408122, -1.77462846667773, -1.3604062820662515, -1.9741517972973754]","[-1.8367993252012171, -2.378810357514636, -1.7404531283977926, -2.458415169556298]",-1.49031226
2025-10-01,"[0.34017003417501357, 0.4785596517094426, 0.09308589660470545, 0.41765699688340874]","[-0.0887846781764032, -0.09712061535998323, -0.04121374991170674, -0.036435475785708805]","[1.0325159711507574, 1.3283533505754108, 0.9165666066082365, 1.2974260697470765]","[-1.7144561336982955, -2.2031965506086513, -1.5209882738158436, -2.080979168831183]","[-2.1731966847159487, -2.769450011861808, -1.855397622898534, -2.665242831342976]",-1.50730576
2025-10-08,"[0.5945309976645774, 1.1398655682268277, -0.0025749757845972, 0.7621318666011234]","[0.13861860957657174, 0.22786351666178034, 0.03440895452238864, 0.06269460228095144]","[1.015965836761618, 1.2955467633636726, 0.9021593329487589, 1.3076462496650891]","[-1.6562544194120783, -1.9683507758932026, -1.5035136041404324, -2.046212180604289]","[-2.0162117410432217, -2.457719167668989, -1.9131164889157748, -2.5872596959545473]",-2.31138216
2025-10-15,"[0.4429736586470945, 0.7032112604131058, -0.037071555117940136, 0.743740993193498]","[0.35905719261830493, 0.3989040279913132, 0.3335946736533747, 0.29110999214518624]","[1.0610689035244671, 1.3459713600021532, 0.9304774988001215, 1.3337762736683005]","[-1.41131600010112, -1.8006991439425961, -1.1989400309374256, -1.8467916050358573]","[-1.830115321794209, -2.3650507146838415, -1.5669451041994429, -2.401257650473845]",-2.34033387
2025-10-22,"[-0.5212477332015908, -0.9680695730904354, -0.715031573900049, -0.9130461118155964]","[0.2314813125924313, 0.31047243151777604, 0.10810743056395683, 0.025228012602852835]","[1.0954923358422854, 1.3612150921022281, 0.9838660227323675, 1.4012855348739703]","[-1.6294227084725361, -2.158516023209707, -1.4674469863453385, -2.2413329347243955]","[-2.009630040611434, -2.540548459858266, -1.8674577928764098, -2.7983527077354613]",-3.46911793
2025-10-29,"[0.04801648924965818, 0.4492817786066361, -0.15601276817456267, -1.2783044256486242]","[0.30766121928328843, 0.41818679616454, 0.1717154526387495, 0.07047357876447718]","[1.0969439450657066, 1.3826713396108694, 0.9602229920964683, 1.3467110141551524]","[-1.5740646134427703, -1.9272692078702764, -1.374848317937349, -2.0805290302941737]","[-1.9760633811702124, -2.4932260576073992, -1.7946593927018604, -2.628987575445827]",-2.51989885
2025-11-05,"[0.34594515599390974, 0.6486754016578722, 0.4783250486230628, 1.1938746354697827]","[0.28530915022269526, 0.4241134617570888, 0.16308961636357858, 0.3091336869219803]","[1.0402580314909367, 1.3151045776327082, 0.9149300392862876, 1.311009355574384]","[-1.3910492786397006, -1.7706359759505206, -1.3123217990456402, -1.8575336477104165]","[-1.8336890395594438, -2.2178209686456962, -1.6906031520199867, -2.350741796804929]",-2.50217414
2025-11-12,"[0.0556241560036419, -0.07886645895816002, 0.6796668972677722, -0.07876642999660177]","[0.5241941573457615, 0.7021290175865709, 0.4176699923744693, 0.43803887815407]","[1.0629554065853797, 1.344632769230871, 0.9362978555526331, 1.3434360865272061]","[-1.2023897308244482, -1.490846975489393, -1.0739197356491275, -1.6852694398233392]","[-1.596830649861502, -2.00986012591322, -1.4545538152919142, -2.2112718714258164]",-3.10449457
2025-11-19,"[0.38557412715283235, 0.5952284529088026, 0.10198361491475794, -0.2916327959184173]","[0.1038250743082875, 0.05148073104428477, 0.1385438343097463, 0.3576084734994098]","[1.0616872390058043, 1.3543386174444416, 0.927143562459326, 1.3271365382346743]","[-1.6888857983735492, -2.221825887779831, -1.4657222689180702, -1.803437525938141]","[-2.085628048482798, -2.735811351677587, -1.830146469005104, -2.3362692977422075]",-1.89415739
2025-11-26,"[0.6879754009474937, 0.8796982971533751, 0.6656919680050777, 0.7631104108980935]","[0.5051177242067327, 0.6274780267720639, 0.4819906134041415, 0.4896325914651852]","[1.041700881285699, 1.3198117674989438, 0.9504366383915949, 1.3619993932152075]","[-1.16430737792795, -1.5483190155535722, -1.1107217775322469, -1.7058444370724974]","[-1.6644143338083308, -2.1078080031554687, -1.4952188702016123, -2.334162869876612]",-1.28463110
2025-12-04,"[0.07308367620897371, -0.09306360260854518, -0.0667684513382838, 0.18498613606823255]","[0.27927847367796105, 0.33404363052515146, 0.16855978370440136, 0.20958146742456782]","[1.0860723263063254, 1.3731776364210846, 0.9520643879894121, 1.3426397620283632]","[-1.5216519734575238, -1.8432877029812003, -1.4614919132144664, -2.119595338708294]","[-1.9890512127321172, -2.500546422583795, -1.8221274437523822, -2.6220372286100866]",-1.67550977
2025-12-11,"[0.23243258048468718, -0.3239702675942091, 1.3357954828148166, 0.9386745619474723]","[0.29593560571702654, 0.35015932923152276, 0.2577311179134039, 0.3311286415901066]","[1.0573527402071952, 1.331545613998475, 0.946357423241035, 1.31965776789969]","[-1.4697164423616604, -1.8657218918736673, -1.2976244646132578, -1.8877834965536533]","[-1.82555597952692, -2.3502216545525, -1.6806334746466407, -2.348864422645992]",-4.96597649
2025-12-18,"[0.7523033055512052, 1.4386056418773663, 0.1374822807465037, 0.4183943010323432]","[0.29515710201163264, 0.3419389422496591, 0.2146462795970917, 0.4201472589880876]","[1.0673078979379644, 1.3689973613294388, 0.9235437621626612, 1.36520789053679]","[-1.5003981792231083, -1.973349886978049, -1.266142581836194, -1.8153312725228445]","[-1.8802320493422897, -2.556942907955813, -1.625770078020879, -2.3034605781463915]",-2.41129405
2025-12-26,"[-0.010146739009186945, -0.006412285561729902, -0.04143998143089078, -0.3354479138589106]","[0.28214653348264485, 0.38185954955001805, 0.24401351253470072, 0.24067473414201354]","[1.0273624713653848, 1.3084710740853078, 0.9003797776399491, 1.2910612773014163]","[-1.4396154505059777, -1.7866914685740558, -1.2658509494697536, -1.879222337884669]","[-1.8187621597568713, -2.3089038717391963, -1.614049380123622, -2.3493022327196917]",-1.35434385
2026-01-05,"[0.6638049808604052, 0.7911624128658978, 1.2218570805867301, 1.2606807381536633]","[0.1746297781297315, 0.20221572178319863, 0.12795034627157065, 0.2067245269512722]","[1.059679630657771, 1.3253542322553882, 0.920121961248203, 1.3247337253880112]","[-1.5328597854020176, -1.9784541082321991, -1.3681870402016116, -1.9444850614329285]","[-1.990406639730527, -2.4771419849408405, -1.7510186362719407, -2.472257799757097]",-4.05853197
2026-01-12,"[0.15692434469736227, 0.08294057340183514, 0.17383451472881006, 0.25605423103041147]","[-0.11108241861646773, -0.19414727952071256, -0.06924421565081311, -0.0859223127891488]","[1.0640069361663018, 1.3478126084916036, 0.9299380150448024, 1.3730747381969923]","[-1.8410608292634776, -2.353472641151017, -1.5775473979033023, -2.390028172039129]","[-2.3132298861033855, -3.032170740501599, -2.0042193315005967, -2.933654236759553]",-1.30956736
2026-01-20,"[-2.056695507888584, -2.1476097009911044, -1.7798293227048845, -1.3189978096280086]","[-0.03783263778623653, -0.07462014806806734, -0.05080864294117986, -0.01296165657671253]","[1.0815963304533194, 1.3764630848526815, 0.9718283463067579, 1.3780624558229395]","[-1.8280829575705886, -2.3798967674567217, -1.7271653140350067, -2.2591736179392576]","[-2.269237568717019, -2.8570630461022053, -2.0574797994534904, -2.9048054610862515]",-4.65057928
2026-01-27,"[0.39763349376231716, 0.9024457580757428, -0.8311517315386041, 0.384053096912762]","[0.18813373892455806, 0.3130796778501887, 0.16790451783023524, 0.11786717735547882]","[1.081701946877127, 1.350081155473178, 0.9467440212551194, 1.368553651436829]","[-1.5660986918320408, -1.8799748184957148, -1.3308286443534556, -2.166919405873036]","[-1.8969715074380742, -2.292767915310265, -1.7755316432519919, -2.681449159304607]",-7.52628120
2026-02-03,"[-0.849142508404821, -1.548323826338649, -0.33790661826138546, 0.8438464921460387]","[0.4574134852952117, 0.4976472818157934, 0.43963793140741225, 0.5475613736554773]","[1.0698761151629548, 1.3160457151163605, 0.9729704432996923, 1.4120804873029618]","[-1.3154446450847939, -1.6716900215954886, -1.1745869094979473, -1.702933155308794]","[-1.7275594318192924, -2.2037090740471115, -1.5750736417709412, -2.2715084162937242]",-4.13528740
2026-02-10,"[-0.26405479604045823, -0.46500785414256285, 0.10420238331700915, -0.06470835640710604]","[-0.12023116123229731, -0.19522294359717487, -0.07038855463276865, -0.22572196151306753]","[1.0635359956889703, 1.3521064079973062, 0.947199443675746, 1.3434006795362936]","[-1.947133465212727, -2.4348933877780743, -1.6648922216845305, -2.504516987230543]","[-2.3807469206404908, -3.039616245630479, -2.078243668694208, -3.0270062831522893]",-1.58374717
2026-02-18,"[0.5025081639237428, 0.7439468779856462, 0.2610392945248563, 0.04506753879010006]","[-0.2806224807010188, -0.3604158155737664, -0.1820878147335287, -0.26506315097657657]","[1.11556930343398, 1.3986115881684513, 0.9918439832966338, 1.3574170597863373]","[-2.178543157720782, -2.6223735432411135, -1.8677580317289353, -2.5514369309655693]","[-2.697830178185796, -3.300804866911647, -2.375924206059316, -3.139344557713232]",-1.67041208
