date,series,y_true,pred_mean,pred_std,var_alpha,es_alpha,lps,violation
2003-08-08,SPY,0.28536934,0.08818866,1.46343111,-2.40483588,-3.07221844,-4.21952070,False
2003-08-08,QQQ,-0.79496941,-0.00780022,2.26732964,-3.67562887,-4.91664271,-4.21952070,False
2003-08-08,DIA,0.70577019,0.15705726,1.43601875,-2.30919939,-2.97738493,-4.21952070,False
2003-08-08,IWN,-0.09197854,0.61644762,1.28920496,-1.52656300,-2.11274516,-4.21952070,False
2003-08-15,SPY,0.20094012,-0.13050514,1.52897598,-2.66138514,-3.47463590,-3.32214314,False
2003-08-15,QQQ,0.86999099,-0.17444419,2.36143656,-4.11873667,-5.20097017,-3.32214314,False
2003-08-15,DIA,0.11947887,-0.11195883,1.48195168,-2.61797858,-3.30455312,-3.32214314,False
2003-08-15,IWN,0.59966555,-0.09854216,1.34086922,-2.30131720,-2.89969932,-3.32214314,False
2003-08-22,SPY,-0.99738417,-0.06808993,1.50256824,-2.63172189,-3.10630682,-3.81943627,False
2003-08-22,QQQ,-0.61463008,-0.04700705,2.26644086,-3.79438581,-4.52637724,-3.81943627,False
2003-08-22,DIA,-0.79701476,-0.05575787,1.45948677,-2.49430997,-3.00940000,-3.81943627,False
2003-08-22,IWN,-1.41749954,-0.13847042,1.32222767,-2.31495847,-2.91414927,-3.81943627,False
2003-08-29,SPY,0.67261610,-0.01521634,1.43695113,-2.33545142,-2.92384202,-3.47709434,False
2003-08-29,QQQ,0.90253320,-0.12041619,2.24192961,-3.67006528,-4.50375584,-3.47709434,False
2003-08-29,DIA,0.44289836,0.00341548,1.37363164,-2.19604327,-2.87292574,-3.47709434,False
2003-08-29,IWN,1.25723636,0.10377908,1.26466565,-1.91460059,-2.41639056,-3.47709434,False
2003-09-08,SPY,0.82322415,0.07624195,1.46266787,-2.39202197,-2.99644588,-3.40203568,False
2003-09-08,QQQ,1.63650642,0.00753459,2.23815418,-3.86580583,-4.65290668,-3.40203568,False
2003-09-08,DIA,0.86906580,0.09117590,1.43091307,-2.33447825,-2.92240923,-3.40203568,False
2003-09-08,IWN,1.07754762,0.12641705,1.28602548,-1.91124807,-2.47270874,-3.40203568,False
2003-09-15,SPY,-0.35206013,-0.12937463,1.48503764,-2.63974191,-3.37459226,-3.26702274,False
2003-09-15,QQQ,-0.98054567,-0.12976110,2.22155539,-3.90091939,-4.86499363,-3.26702274,False
2003-09-15,DIA,-0.24037821,-0.12683608,1.46516419,-2.56950796,-3.29881492,-3.26702274,False
2003-09-15,IWN,0.10426541,-0.23504213,1.28236119,-2.35749969,-2.92182018,-3.26702274,False
2003-09-22,SPY,-1.08618533,-0.06800473,1.50073992,-2.54994548,-3.20552247,-3.34250009,False
2003-09-22,QQQ,-1.92706693,-0.04814745,2.30361585,-3.92605856,-4.89705949,-3.34250009,False
2003-09-22,DIA,-1.14087562,-0.15431839,1.43658741,-2.46697179,-3.13372944,-3.34250009,False
2003-09-22,IWN,-0.88875730,-0.07425972,1.32037235,-2.20852951,-2.78011568,-3.34250009,False
2003-09-29,SPY,0.97569878,0.34875167,1.47661777,-1.95939074,-2.62199165,-3.20288465,False
2003-09-29,QQQ,1.70424088,0.43048343,2.21026220,-3.16025541,-3.90025945,-3.20288465,False
2003-09-29,DIA,0.71854960,0.32822879,1.44677527,-2.08439174,-2.64386262,-3.20288465,False
2003-09-29,IWN,0.95046315,0.51434847,1.32099399,-1.61325141,-2.14234484,-3.20288465,False
2003-10-06,SPY,0.45349013,0.02583270,1.49682328,-2.46629021,-3.01487509,-3.11642997,False
2003-10-06,QQQ,0.72854759,0.00513795,2.25633892,-3.70069536,-4.54476533,-3.11642997,False
2003-10-06,DIA,0.23655833,-0.00828108,1.46961374,-2.41310465,-2.98730845,-3.11642997,False
2003-10-06,IWN,0.57550866,-0.04613461,1.27631988,-2.17888778,-2.77962038,-3.11642997,False
2003-10-13,SPY,0.31504096,0.02111236,1.45083323,-2.39657707,-2.93286634,-5.31095018,False
2003-10-13,QQQ,0.65480661,-0.04874968,2.13605859,-3.57870819,-4.45352608,-5.31095018,False
2003-10-13,DIA,0.92289276,0.04167574,1.41307839,-2.25969314,-2.77626947,-5.31095018,False
2003-10-13,IWN,1.33244169,0.05056133,1.30257081,-2.11206605,-2.62217375,-5.31095018,False
2003-10-20,SPY,0.74535703,0.01231435,1.50672388,-2.49287677,-3.25674454,-3.16603735,False
2003-10-20,QQQ,1.23476084,0.05705164,2.27937309,-3.67257665,-4.64607012,-3.16603735,False
2003-10-20,DIA,0.57591109,-0.05730371,1.45007695,-2.40085163,-3.14565857,-3.16603735,False
2003-10-20,IWN,0.24214359,0.10237254,1.34847363,-2.15536848,-2.61100420,-3.16603735,False
2003-10-27,SPY,0.04818452,0.07695614,1.48244249,-2.26704775,-3.01280504,-3.20656361,False
2003-10-27,QQQ,0.02923549,-0.01747634,2.20552447,-3.42261295,-4.59795191,-3.20656361,False
2003-10-27,DIA,0.26784143,0.18570306,1.44833400,-2.12998882,-2.81820390,-3.20656361,False
2003-10-27,IWN,0.80218474,0.28940946,1.30993133,-1.90176915,-2.40239294,-3.20656361,False
2003-11-03,SPY,0.65309881,-0.06070389,1.43153592,-2.41161174,-3.05961483,-3.89321965,False
2003-11-03,QQQ,1.63522110,0.00383921,2.14333747,-3.49679762,-4.45743638,-3.89321965,False
2003-11-03,DIA,0.58332947,-0.10023257,1.41503749,-2.48702323,-3.02832869,-3.89321965,False
2003-11-03,IWN,1.48298718,0.05632792,1.27715154,-2.09986431,-2.65094995,-3.89321965,False
2003-11-10,SPY,-0.45532975,0.00986537,1.47069494,-2.36255714,-3.10427839,-4.13636416,False
2003-11-10,QQQ,-1.24260283,0.09297219,2.19977293,-3.57408858,-4.67538925,-4.13636416,False
2003-11-10,DIA,-0.54440315,-0.03899897,1.42316960,-2.34555888,-3.01729768,-4.13636416,False
2003-11-10,IWN,-1.52709537,-0.04178192,1.29133081,-2.19288866,-2.79312483,-4.13636416,False
2003-11-17,SPY,-0.50385044,-0.00973214,1.49193710,-2.43422239,-2.94235974,-3.58640798,False
2003-11-17,QQQ,-1.03271142,-0.00983620,2.20314949,-3.66951544,-4.43887464,-3.58640798,False
2003-11-17,DIA,-0.59395509,-0.02321820,1.43067356,-2.34691052,-2.87575621,-3.58640798,False
2003-11-17,IWN,-1.10944664,0.08090590,1.38158509,-2.16218242,-2.77806660,-3.58640798,False
2003-11-24,SPY,1.27717115,-0.03815625,1.48855327,-2.46285735,-3.09284850,-4.31322455,False
2003-11-24,QQQ,2.73168602,0.03314140,2.24257775,-3.56428397,-4.60360049,-4.31322455,False
2003-11-24,DIA,1.23099953,-0.00291087,1.45833459,-2.39175295,-2.99679990,-4.31322455,False
2003-11-24,IWN,1.91344151,0.04195033,1.32761808,-2.05552767,-2.65427565,-4.31322455,False
2003-12-02,SPY,-0.19542358,-0.06297454,1.44680353,-2.36667516,-3.02380370,-3.10855112,False
2003-12-02,QQQ,-0.55866067,-0.02524427,2.09130100,-3.37875448,-4.34088215,-3.10855112,False
2003-12-02,DIA,-0.45978833,-0.11633970,1.40854190,-2.46841208,-3.07119587,-3.10855112,False
2003-12-02,IWN,-0.36022356,0.00562402,1.29580441,-2.23108893,-2.67864038,-3.10855112,False
2003-12-09,SPY,-0.77452146,0.01629767,1.44493753,-2.44001356,-3.01363586,-4.16807390,False
2003-12-09,QQQ,-2.31116294,0.11644751,2.13057412,-3.53970180,-4.40987554,-4.16807390,False
2003-12-09,DIA,-0.42083881,-0.07953071,1.40988224,-2.39713312,-2.99566076,-4.16807390,False
2003-12-09,IWN,-0.53925500,-0.01560862,1.28108859,-2.16228925,-2.66903035,-4.16807390,False
2003-12-16,SPY,0.51907554,-0.06044850,1.41201992,-2.41231483,-3.01288832,-4.77081619,False
2003-12-16,QQQ,0.20106283,-0.07472842,2.03592936,-3.41167490,-4.37194867,-4.77081619,False
2003-12-16,DIA,1.05933194,-0.16378570,1.38664579,-2.33353366,-3.04252813,-4.77081619,False
2003-12-16,IWN,-0.32746028,-0.08579627,1.28564986,-2.24032535,-2.79185721,-4.77081619,False
2003-12-23,SPY,0.06375843,-0.11003640,1.42854042,-2.38337310,-2.94835028,-3.39461371,False
2003-12-23,QQQ,0.75620021,-0.07423291,2.08192554,-3.34378466,-4.34122988,-3.39461371,False
2003-12-23,DIA,0.03152724,-0.05008881,1.39997014,-2.31457237,-2.85504814,-3.39461371,False
2003-12-23,IWN,0.83018419,-0.06292157,1.29525531,-2.20171821,-2.70706020,-3.39461371,False
2003-12-31,SPY,0.08993591,0.12221962,1.40497289,-2.23178051,-2.86460920,-3.42496049,False
2003-12-31,QQQ,-0.27379125,0.10821573,2.03000677,-3.26839787,-4.32551740,-3.42496049,False
2003-12-31,DIA,0.27664135,0.13982977,1.36526053,-2.06669280,-2.72541956,-3.42496049,False
2003-12-31,IWN,-0.68283270,0.19381376,1.30067323,-1.97592301,-2.60669204,-3.42496049,False
2004-01-08,SPY,0.39770164,0.19765102,1.40434918,-2.19153357,-2.75508861,-3.11016850,False
2004-01-08,QQQ,0.79034979,0.24919770,2.00437364,-3.05484027,-3.92551166,-3.11016850,False
2004-01-08,DIA,0.60043442,0.28161413,1.38011044,-1.99706653,-2.59843432,-3.11016850,False
2004-01-08,IWN,1.14834340,0.38503895,1.26381294,-1.77486944,-2.24168869,-3.11016850,False
2004-01-15,SPY,0.21991766,-0.16717440,1.38825501,-2.49462586,-3.02711947,-2.77776940,False
2004-01-15,QQQ,0.26228999,-0.12243737,1.98245194,-3.39216018,-4.24583095,-2.77776940,False
2004-01-15,DIA,0.14677927,-0.19305744,1.36809874,-2.53383605,-2.99883348,-2.77776940,False
2004-01-15,IWN,0.35891566,-0.10678373,1.22619456,-2.09840584,-2.55906224,-2.77776940,False
2004-01-23,SPY,-0.35764449,0.03278674,1.38782068,-2.24267910,-2.78919166,-2.65503391,False
2004-01-23,QQQ,-0.36763565,0.02614745,1.93626116,-3.09671853,-4.02606211,-2.65503391,False
2004-01-23,DIA,-0.51803696,-0.01788142,1.36908522,-2.34163430,-2.88150914,-2.65503391,False
2004-01-23,IWN,-0.23014048,-0.01658900,1.25997246,-2.07858345,-2.61078330,-2.65503391,False
2004-01-30,SPY,0.00000000,-0.02289576,1.38671938,-2.30194387,-2.89514959,-2.99710355,False
2004-01-30,QQQ,-0.45763469,-0.00404621,1.98432706,-3.26946289,-4.09866300,-2.99710355,False
2004-01-30,DIA,-0.21163279,-0.04278774,1.39220982,-2.34646137,-3.00939788,-2.99710355,False
2004-01-30,IWN,-0.18060456,-0.02909614,1.29489406,-2.14065087,-2.59893655,-2.99710355,False
2004-02-06,SPY,1.11584812,-0.23564876,1.42278557,-2.49006978,-3.11485701,-5.18499140,False
2004-02-06,QQQ,1.79619971,-0.33475487,1.97357350,-3.48399863,-4.22781553,-5.18499140,False
2004-02-06,DIA,0.92449272,-0.14549137,1.40635022,-2.37495084,-3.03181431,-5.18499140,False
2004-02-06,IWN,2.48181256,-0.08329118,1.32833582,-2.20673434,-2.73214844,-5.18499140,False
2004-02-13,SPY,-0.45061045,0.16291866,1.38061639,-2.21703035,-2.72415803,-3.67975033,False
2004-02-13,QQQ,-0.80893758,0.21900181,1.91574726,-3.06100506,-3.74347636,-3.67975033,False
2004-02-13,DIA,-0.62115338,0.14182570,1.39388304,-2.28091988,-2.83576420,-3.67975033,False
2004-02-13,IWN,-1.34429284,0.16226938,1.30182112,-1.95995745,-2.50603186,-3.67975033,False
2004-02-23,SPY,-0.26147170,0.09384659,1.28232485,-2.06039085,-2.53666407,-3.68476656,False
2004-02-23,QQQ,-1.11866012,0.12289092,1.84678911,-2.89917499,-3.67674664,-3.68476656,False
2004-02-23,DIA,-0.08865567,0.11962162,1.29968234,-2.07994312,-2.58682497,-3.68476656,False
2004-02-23,IWN,-1.22601303,0.13298693,1.26895305,-2.01645468,-2.55589653,-3.68476656,False
2004-03-01,SPY,0.89095344,0.06638919,1.29862900,-2.04757424,-2.56711687,-2.50116699,False
2004-03-01,QQQ,1.30404870,0.06134900,1.84933923,-2.88513148,-3.74634167,-2.50116699,False
2004-03-01,DIA,0.88627648,0.08072020,1.28077935,-2.01634837,-2.56116634,-2.50116699,False
2004-03-01,IWN,0.45911090,0.00565639,1.21988419,-1.93138393,-2.40792001,-2.50116699,False
2004-03-08,SPY,-1.22764176,0.13258683,1.25841345,-1.85939084,-2.52737839,-4.21230800,False
2004-03-08,QQQ,-2.37584549,0.17584718,1.80203210,-2.70275872,-3.67561151,-4.21230800,False
2004-03-08,DIA,-0.62550931,0.20418653,1.24273808,-1.79193364,-2.41040372,-4.21230800,False
2004-03-08,IWN,-0.71312798,0.23901825,1.19735401,-1.63678310,-2.15521619,-4.21230800,False
2004-03-15,SPY,-1.23333618,0.09977409,1.17422525,-1.83117218,-2.33728222,-4.15111116,False
2004-03-15,QQQ,-1.76143512,0.17854480,1.71668486,-2.70211070,-3.43221836,-4.15111116,False
2004-03-15,DIA,-1.34879599,0.08000193,1.16476061,-1.77727945,-2.32719326,-4.15111116,False
2004-03-15,IWN,-1.83920963,0.32097187,1.14534656,-1.48641618,-2.08374620,-4.15111116,True
2004-03-22,SPY,-1.30473841,0.00331440,1.21400533,-2.08051163,-2.59863802,-3.27882831,False
2004-03-22,QQQ,-1.27421052,-0.02334300,1.73006971,-2.90255896,-3.66914202,-3.27882831,False
2004-03-22,DIA,-1.20338716,-0.08125321,1.19748994,-2.04598950,-2.68069940,-3.27882831,False
2004-03-22,IWN,-1.79831659,-0.30221951,1.15057325,-2.13783382,-2.76004034,-3.27882831,False
2004-03-29,SPY,1.39523004,0.05309808,1.17776605,-1.90707340,-2.33603364,-3.24336159,False
2004-03-29,QQQ,1.60538151,0.21600955,1.70795464,-2.49635591,-3.28690784,-3.24336159,False
2004-03-29,DIA,1.13580030,0.06469894,1.18655171,-1.81843485,-2.34037205,-3.24336159,False
2004-03-29,IWN,1.23631231,-0.00354879,1.11814923,-1.82365880,-2.26029937,-3.24336159,False
2004-04-05,SPY,0.53936085,0.12148193,1.20556860,-1.87114076,-2.36251752,-4.09257389,False
2004-04-05,QQQ,0.93887709,-0.07877082,1.76107364,-2.97368449,-3.64382954,-4.09257389,False
2004-04-05,DIA,0.83485641,0.07402861,1.19143064,-1.89929745,-2.37516013,-4.09257389,False
2004-04-05,IWN,-0.39534169,0.17081680,1.13058823,-1.67788015,-2.14688994,-4.09257389,False
2004-04-13,SPY,-1.41217081,0.04124840,1.16637790,-1.88982142,-2.33134752,-4.26469790,False
2004-04-13,QQQ,-1.46341366,0.03349963,1.65925855,-2.70885017,-3.39776010,-4.26469790,False
2004-04-13,DIA,-1.28518139,-0.06217969,1.17479185,-2.02602774,-2.45191080,-4.26469790,False
2004-04-13,IWN,-1.94191485,0.12881389,1.11101779,-1.82346934,-2.14114292,-4.26469790,True
2004-04-20,SPY,-1.69214741,0.12381793,1.12208818,-1.62974556,-2.17109101,-4.66318326,True
2004-04-20,QQQ,-2.35440818,0.02693846,1.58580468,-2.55852041,-3.12663704,-4.66318326,False
2004-04-20,DIA,-1.18879120,0.15515455,1.11541826,-1.57815996,-2.12604181,-4.66318326,False
2004-04-20,IWN,-1.94633268,0.16682551,1.11290551,-1.57954133,-2.07114994,-4.66318326,True
2004-04-27,SPY,-0.01750150,0.27033778,1.10031433,-1.54977453,-1.99247004,-2.35512177,False
2004-04-27,QQQ,-0.18960253,0.37307072,1.62637095,-2.24952163,-2.87925057,-2.35512177,False
2004-04-27,DIA,0.31955172,0.31708619,1.10797873,-1.51152549,-1.98221951,-2.35512177,False
2004-04-27,IWN,0.26511014,0.37145546,1.07700825,-1.39896822,-1.74047187,-2.35512177,False
2004-05-04,SPY,-0.05349726,-0.15296190,1.08703864,-1.96404683,-2.37776910,-2.13110214,False
2004-05-04,QQQ,0.42641625,0.09665004,1.61168345,-2.61988286,-3.20187572,-2.13110214,False
2004-05-04,DIA,0.03102292,-0.10674703,1.06272185,-1.82602474,-2.27621763,-2.13110214,False
2004-05-04,IWN,0.74975697,0.08197678,1.11293357,-1.68960870,-2.19629516,-2.13110214,False
2004-05-11,SPY,0.84179613,0.12623399,1.06836064,-1.60419217,-2.07065776,-4.42338786,False
2004-05-11,QQQ,1.48582894,0.27424507,1.60271111,-2.25855163,-3.03597017,-4.42338786,False
2004-05-11,DIA,0.29436255,0.16727069,1.04516543,-1.59367901,-1.96626195,-4.42338786,False
2004-05-11,IWN,1.49375982,0.19481872,1.09655541,-1.65203736,-2.14538949,-4.42338786,False
2004-05-18,SPY,0.50278638,0.10466328,1.02172738,-1.58737891,-2.02343643,-2.55753709,False
2004-05-18,QQQ,0.89654806,0.05560633,1.56113536,-2.49253122,-3.16871830,-2.55753709,False
2004-05-18,DIA,0.61985907,0.14746457,1.00237787,-1.44498317,-1.96785978,-2.55753709,False
2004-05-18,IWN,1.27067478,0.16682899,0.99141109,-1.37206774,-1.79211659,-2.55753709,False
2004-05-25,SPY,1.42274093,0.21591297,1.02377749,-1.45032108,-1.91887986,-3.29544775,False
2004-05-25,QQQ,1.96588115,0.33467649,1.58848775,-2.23123854,-2.90529023,-3.29544775,False
2004-05-25,DIA,1.58590697,0.28478306,0.99890764,-1.37570218,-1.81115563,-3.29544775,False
2004-05-25,IWN,2.06272778,0.32095916,1.03756900,-1.41970372,-1.92396085,-3.29544775,False
2004-06-02,SPY,0.37191173,0.00117493,1.00962379,-1.62628195,-2.04148839,-2.77841464,False
2004-06-02,QQQ,-0.21947044,0.02183834,1.58428763,-2.63936581,-3.31058999,-2.77841464,False
2004-06-02,DIA,0.58947126,-0.08624657,0.97661044,-1.66111283,-2.01681445,-2.77841464,False
2004-06-02,IWN,0.14474905,-0.15824003,1.03169700,-1.76049379,-2.21784088,-2.77841464,False
2004-06-09,SPY,-0.93597092,0.05435512,1.01167674,-1.56581744,-2.02788744,-3.19879752,False
2004-06-09,QQQ,-1.41978368,-0.06001761,1.52153555,-2.57981949,-3.18867952,-3.19879752,False
2004-06-09,DIA,-0.61611871,-0.02663269,0.97983902,-1.54986108,-2.01657563,-3.19879752,False
2004-06-09,IWN,-1.35289931,0.05636414,1.04018419,-1.73140592,-2.12222119,-3.19879752,False
2004-06-17,SPY,-0.14927001,0.11922546,0.96667938,-1.52930185,-1.89605868,-2.34865181,False
2004-06-17,QQQ,-0.93003325,0.12925134,1.48762637,-2.30121364,-2.91438906,-2.34865181,False
2004-06-17,DIA,-0.01985441,0.09767779,0.95799484,-1.57259603,-1.90340623,-2.34865181,False
2004-06-17,IWN,0.07234833,0.00984540,1.00396574,-1.66394517,-2.12349880,-2.34865181,False
2004-06-24,SPY,-0.29671252,-0.04105233,0.97620086,-1.60893315,-1.96622694,-1.85744923,False
2004-06-24,QQQ,-0.18881700,-0.03795932,1.53808235,-2.50946780,-3.20062506,-1.85744923,False
2004-06-24,DIA,-0.34182560,-0.03622860,0.95601095,-1.50826256,-1.94170978,-1.85744923,False
2004-06-24,IWN,-0.40789451,0.16757738,1.06786183,-1.54385199,-1.96591955,-1.85744923,False
2004-07-01,SPY,-1.39802446,0.12535105,0.95879323,-1.42752278,-1.83174318,-3.42821510,False
2004-07-01,QQQ,-1.87215438,0.14983972,1.48540143,-2.33771506,-2.83114520,-3.42821510,False
2004-07-01,DIA,-0.97566545,0.15628340,0.93829277,-1.32726136,-1.77831780,-3.42821510,False
2004-07-01,IWN,-0.80564912,0.36528198,1.01103095,-1.30012100,-1.70127228,-3.42821510,False
2004-07-09,SPY,0.27783796,0.11412205,0.94519508,-1.43527550,-1.90779261,-1.64095858,False
2004-07-09,QQQ,0.13990360,0.04755281,1.44336697,-2.29426697,-2.95567233,-1.64095858,False
2004-07-09,DIA,0.40873789,0.10082858,0.92321676,-1.45057161,-1.81948932,-1.64095858,False
2004-07-09,IWN,0.48793624,0.20078743,0.99213099,-1.46017542,-1.89804292,-1.64095858,False
2004-07-16,SPY,-0.06322467,0.14269794,0.91227587,-1.43784806,-1.79140561,-2.88490084,False
2004-07-16,QQQ,-1.14711404,0.15607223,1.39981383,-2.13792250,-2.80719213,-2.88490084,False
2004-07-16,DIA,-0.23031058,0.03620097,0.89775656,-1.47145452,-1.85822945,-2.88490084,False
2004-07-16,IWN,-0.86986355,-0.17691585,0.97775636,-1.76848232,-2.22723237,-2.88490084,False
2004-07-23,SPY,-0.80439348,0.13059389,0.93614751,-1.39608696,-1.77311281,-3.10035089,False
2004-07-23,QQQ,-1.91086727,0.18869148,1.39466175,-2.07542852,-2.68659988,-3.10035089,False
2004-07-23,DIA,-0.88055715,0.09710732,0.90208756,-1.33318359,-1.74269510,-3.10035089,False
2004-07-23,IWN,-1.03503034,0.23409340,0.98929023,-1.41363901,-1.82053500,-3.10035089,False
2004-07-30,SPY,0.22588789,0.12348015,0.91496953,-1.38223308,-1.75897253,-1.73763773,False
2004-07-30,QQQ,0.31579555,0.18981739,1.40296734,-2.10723653,-2.68652616,-1.73763773,False
2004-07-30,DIA,0.10330876,0.15783334,0.89406031,-1.30634854,-1.72137444,-1.73763773,False
2004-07-30,IWN,0.05496448,0.32258748,0.97349280,-1.32925301,-1.76159862,-1.73763773,False
2004-08-06,SPY,-1.44938741,0.18564452,0.93678062,-1.32402225,-1.61631471,-3.77170558,True
2004-08-06,QQQ,-2.65398062,0.16874625,1.45038677,-2.17001649,-2.69695826,-3.77170558,True
2004-08-06,DIA,-1.49358130,0.14722220,0.91081853,-1.31977390,-1.65393944,-3.77170558,True
2004-08-06,IWN,-2.03935348,-0.08688757,1.01038333,-1.77741739,-2.12569544,-3.77170558,True
2004-08-13,SPY,0.21474443,0.07420784,0.90267040,-1.39700823,-1.78714914,-1.51654169,False
2004-08-13,QQQ,0.15380998,0.03420779,1.35937180,-2.16356509,-2.80544223,-1.51654169,False
2004-08-13,DIA,0.10957061,0.09750324,0.89802953,-1.34136164,-1.73992898,-1.51654169,False
2004-08-13,IWN,-0.01914052,0.08612024,1.00166215,-1.58580025,-2.00082581,-1.51654169,False
2004-08-20,SPY,0.66321432,0.14664009,0.93063674,-1.42495512,-1.79509094,-2.71628719,False
2004-08-20,QQQ,0.99870418,0.13571226,1.38938358,-2.25359106,-2.72186059,-2.71628719,False
2004-08-20,DIA,0.68800269,0.16915912,0.92172403,-1.34539058,-1.75042777,-2.71628719,False
2004-08-20,IWN,1.66879012,0.21933148,1.01757697,-1.46756342,-1.90503510,-2.71628719,False
2004-08-27,SPY,0.31456113,0.19093350,0.90559270,-1.28699384,-1.76000221,-1.52505088,False
2004-08-27,QQQ,0.46400231,0.24238426,1.37280944,-2.01152855,-2.63342817,-1.52505088,False
2004-08-27,DIA,0.21208919,0.22057265,0.88603630,-1.23006114,-1.64554613,-1.52505088,False
2004-08-27,IWN,0.70645420,0.38244537,1.00989352,-1.33335218,-1.81958128,-1.52505088,False
2004-09-03,SPY,-0.40949146,-0.06880547,0.88360262,-1.49339310,-1.97074996,-3.54321306,False
2004-09-03,QQQ,-1.85435585,-0.02827975,1.36711939,-2.20888438,-2.91657497,-3.54321306,False
2004-09-03,DIA,-0.29274373,-0.11150118,0.85470148,-1.55109270,-1.97473874,-3.54321306,False
2004-09-03,IWN,-0.46293253,0.08167839,0.97369392,-1.53106696,-1.86845123,-3.54321306,False
2004-09-13,SPY,0.36196439,0.03036850,0.89556801,-1.43741478,-1.84861871,-2.97239794,False
2004-09-13,QQQ,1.30135094,0.10191639,1.35702811,-2.21869606,-2.84423653,-2.97239794,False
2004-09-13,DIA,0.01638078,0.04252376,0.88617712,-1.44002701,-1.79817849,-2.97239794,False
2004-09-13,IWN,0.19209601,0.27524062,0.99160360,-1.30840577,-1.68827437,-2.97239794,False
2004-09-20,SPY,-0.60280948,-0.02345971,0.89410395,-1.49140946,-1.96727681,-2.46446101,False
2004-09-20,QQQ,0.00846375,0.01821481,1.37708497,-2.25946282,-2.92313949,-2.46446101,False
2004-09-20,DIA,-0.77670401,0.00801247,0.89290704,-1.42403311,-1.95108710,-2.46446101,False
2004-09-20,IWN,-0.41950804,0.12234555,1.00500154,-1.55042929,-2.04776286,-2.46446101,False
2004-09-27,SPY,-0.63901210,0.00950031,0.89621640,-1.44006474,-1.81565917,-2.55437321,False
2004-09-27,QQQ,-0.86302995,0.13548124,1.38353029,-2.14737436,-2.69828480,-2.55437321,False
2004-09-27,DIA,-0.58595540,0.12596359,0.87192007,-1.28911349,-1.58896428,-2.55437321,False
2004-09-27,IWN,-1.06861912,0.42494853,1.02493313,-1.15116944,-1.68528225,-2.55437321,False
2004-10-04,SPY,0.14069942,0.02702218,0.85776494,-1.43488680,-1.76700146,-1.19616333,False
2004-10-04,QQQ,0.58820329,0.15667097,1.36199571,-2.15651673,-2.75179073,-1.19616333,False
2004-10-04,DIA,0.23410640,0.13414155,0.83514836,-1.22925161,-1.61351406,-1.19616333,False
2004-10-04,IWN,0.83816179,0.59995369,0.96252077,-0.99357137,-1.43643852,-1.19616333,False
2004-10-11,SPY,0.40804255,0.08930786,0.84385586,-1.30780897,-1.64289164,-1.34646369,False
2004-10-11,QQQ,0.47661346,0.07219327,1.33096452,-2.17620672,-2.68758940,-1.34646369,False
2004-10-11,DIA,0.26587168,0.08636942,0.82789701,-1.30488957,-1.61505826,-1.34646369,False
2004-10-11,IWN,-0.03467687,-0.06173510,0.99481557,-1.72393861,-2.12704394,-1.34646369,False
2004-10-18,SPY,0.39469108,0.13185332,0.78564384,-1.13970162,-1.43134780,-2.83705285,False
2004-10-18,QQQ,1.42123541,0.18033347,1.22806596,-1.72919279,-2.22620085,-2.83705285,False
2004-10-18,DIA,0.23067628,0.17811114,0.76578818,-1.04140783,-1.38261684,-2.83705285,False
2004-10-18,IWN,0.07007566,0.23099122,0.95516829,-1.27738731,-1.67135933,-2.83705285,False
2004-10-25,SPY,-0.07276828,-0.00559053,0.80833129,-1.30498114,-1.64781702,-2.84089199,False
2004-10-25,QQQ,-0.48997512,0.02548286,1.32681582,-2.11679816,-2.62183474,-2.84089199,False
2004-10-25,DIA,-0.08016691,0.06808820,0.75856028,-1.17592710,-1.48929134,-2.84089199,False
2004-10-25,IWN,0.72138483,-0.12488563,1.00514601,-1.75987424,-2.27364904,-2.84089199,False
2004-11-01,SPY,0.27349680,-0.06119298,0.78527768,-1.37380109,-1.70886231,-1.05909645,False
2004-11-01,QQQ,0.37327626,-0.13683305,1.27153571,-2.26618668,-2.79558185,-1.05909645,False
2004-11-01,DIA,0.26810183,-0.10376890,0.74606285,-1.39416388,-1.66278357,-1.05909645,False
2004-11-01,IWN,0.51488265,0.05733575,0.96669770,-1.46893920,-1.96575582,-1.05909645,False
2004-11-08,SPY,-0.14508315,-0.06348527,0.79571765,-1.34078559,-1.73456605,-2.51648308,False
2004-11-08,QQQ,0.10540924,0.05593905,1.26386079,-1.99744941,-2.61826644,-2.51648308,False
2004-11-08,DIA,0.03628305,-0.14429383,0.75581504,-1.36241613,-1.71664960,-2.51648308,False
2004-11-08,IWN,-0.63453601,0.17303473,0.98833454,-1.47124293,-1.81943140,-2.51648308,False
2004-11-15,SPY,0.24492798,0.07757471,0.77190104,-1.25460951,-1.54261627,-1.17663754,False
2004-11-15,QQQ,0.43872534,0.10519451,1.22482071,-1.98824663,-2.46569142,-1.17663754,False
2004-11-15,DIA,0.10650356,0.06513017,0.75406814,-1.23971926,-1.49866299,-1.17663754,False
2004-11-15,IWN,0.12951109,0.32362067,0.96221033,-1.29866824,-1.66997905,-1.17663754,False
2004-11-22,SPY,0.47578256,0.07531083,0.73607818,-1.11908548,-1.41727813,-3.22414382,False
2004-11-22,QQQ,0.95203602,0.01897695,1.20813365,-1.92895329,-2.42992453,-3.22414382,False
2004-11-22,DIA,0.31040976,0.04131298,0.70321913,-1.06940477,-1.37304933,-3.22414382,False
2004-11-22,IWN,1.56332580,-0.04382664,0.95174819,-1.65220078,-1.99085298,-3.22414382,False
2004-11-30,SPY,0.05090173,0.13945919,0.77228172,-1.10565119,-1.39809426,-3.24829036,False
2004-11-30,QQQ,-0.20687783,0.22314211,1.24665206,-1.83296790,-2.30591623,-3.24829036,False
2004-11-30,DIA,-0.45810531,0.06402165,0.74288696,-1.08954072,-1.44950462,-3.24829036,False
2004-11-30,IWN,0.17409683,-0.00048600,0.98761009,-1.54618542,-1.98181000,-3.24829036,False
2004-12-07,SPY,-0.93549788,0.09036570,0.74328787,-1.14431641,-1.44374492,-4.48280486,False
2004-12-07,QQQ,-1.72823762,0.12649481,1.19625391,-1.91599704,-2.40324713,-4.48280486,False
2004-12-07,DIA,-1.01469641,0.13705037,0.71647390,-1.01548777,-1.30786030,-4.48280486,False
2004-12-07,IWN,-1.86594838,0.40896068,0.96811168,-1.20286403,-1.61264497,-4.48280486,True
2004-12-14,SPY,0.34835233,0.06019090,0.72747869,-1.11371931,-1.38804180,-0.96408578,False
2004-12-14,QQQ,0.48794231,0.10789197,1.19158254,-1.81675700,-2.30120490,-0.96408578,False
2004-12-14,DIA,0.35777951,0.06788796,0.69834577,-1.07252455,-1.33186510,-0.96408578,False
2004-12-14,IWN,0.65951723,0.05391659,0.96766269,-1.50245722,-1.91440915,-0.96408578,False
2004-12-21,SPY,0.76710787,0.14322624,0.76439601,-1.11071267,-1.41145205,-1.71689778,False
2004-12-21,QQQ,1.21710092,0.17832157,1.26560312,-1.85837974,-2.39065990,-1.71689778,False
2004-12-21,DIA,0.91340877,0.14518817,0.72772331,-1.05526004,-1.35780889,-1.71689778,False
2004-12-21,IWN,1.11070176,0.05727101,0.99760571,-1.58976873,-1.94264706,-1.71689778,False
2004-12-29,SPY,0.14840229,-0.02899465,0.72949002,-1.24538063,-1.53622451,-1.69778402,False
2004-12-29,QQQ,0.12502060,-0.12372044,1.18530029,-2.05940756,-2.59769103,-1.69778402,False
2004-12-29,DIA,-0.23381227,-0.08899377,0.69968407,-1.22514600,-1.51674893,-1.69778402,False
2004-12-29,IWN,0.07744559,0.02673752,0.96143417,-1.56849747,-2.00753139,-1.69778402,False
2005-01-05,SPY,-0.60823224,0.01701920,0.71825871,-1.16778913,-1.49027444,-4.87101919,False
2005-01-05,QQQ,-0.62069487,-0.08911896,1.17353721,-2.00947918,-2.59292315,-4.87101919,False
2005-01-05,DIA,-0.31043225,-0.09169181,0.68280743,-1.25166780,-1.52245573,-4.87101919,False
2005-01-05,IWN,-1.99091294,-0.21307448,0.97134712,-1.82924900,-2.17987836,-4.87101919,True
2005-01-12,SPY,0.32948054,0.03704455,0.74597421,-1.17667098,-1.41194094,-2.14254533,False
2005-01-12,QQQ,0.83552450,0.11586483,1.21538891,-1.87128407,-2.32557274,-2.14254533,False
2005-01-12,DIA,0.58147514,-0.01180300,0.70900460,-1.19057862,-1.40934091,-2.14254533,False
2005-01-12,IWN,0.26330274,-0.11048431,1.00009153,-1.75452414,-2.10478236,-2.14254533,False
2005-01-20,SPY,-0.61086419,0.10254052,0.70541373,-1.02366474,-1.31749533,-3.34053604,False
2005-01-20,QQQ,-1.93557352,0.16669561,1.17221377,-1.70957549,-2.17633973,-3.34053604,True
2005-01-20,DIA,-0.65202808,0.05469527,0.66248658,-0.97911916,-1.31766849,-3.34053604,False
2005-01-20,IWN,-0.88508000,-0.15133945,0.97086982,-1.65761998,-2.11717567,-3.34053604,False
2005-01-27,SPY,0.17048130,0.05334208,0.70288819,-1.09279233,-1.35829116,-2.05984188,False
2005-01-27,QQQ,-0.13468536,0.10279643,1.15811314,-1.74866240,-2.23520618,-2.05984188,False
2005-01-27,DIA,-0.29752397,-0.09477766,0.65958849,-1.16376388,-1.42249145,-2.05984188,False
2005-01-27,IWN,0.16333195,0.06248742,0.97370978,-1.60276202,-1.96656742,-2.05984188,False
2005-02-03,SPY,-0.26023166,0.11061860,0.72612674,-1.07086792,-1.43625721,-1.99434816,False
2005-02-03,QQQ,-1.13994112,0.15183790,1.18745223,-1.76817132,-2.39410736,-1.99434816,False
2005-02-03,DIA,-0.03483171,0.06938669,0.70386930,-1.03995002,-1.44887420,-1.99434816,False
2005-02-03,IWN,-0.41581645,0.06100451,0.99606885,-1.58181897,-2.05170616,-1.99434816,False
2005-02-10,SPY,0.35971849,0.06860504,0.69176661,-1.07690520,-1.36036530,-2.92369999,False
2005-02-10,QQQ,0.10773377,0.07888100,1.15268509,-1.75747290,-2.24904159,-2.92369999,False
2005-02-10,DIA,0.79855766,0.07618076,0.65265931,-1.01670127,-1.26837786,-2.92369999,False
2005-02-10,IWN,0.25729053,0.01703116,0.97155357,-1.56375194,-1.92986456,-2.92369999,False
2005-02-17,SPY,-0.79530837,0.20534355,0.70388794,-0.90258802,-1.25844304,-1.71902289,False
2005-02-17,QQQ,-1.35196248,0.22824585,1.18797883,-1.73952705,-2.26293028,-1.71902289,False
2005-02-17,DIA,-0.74686139,0.19722658,0.66880082,-0.90978357,-1.17548974,-1.71902289,False
2005-02-17,IWN,-0.88781704,0.22550825,0.97815341,-1.40276460,-1.85867425,-1.71902289,False
2005-02-25,SPY,0.98477156,0.01235070,0.67881400,-1.13448794,-1.36613247,-3.92588001,False
2005-02-25,QQQ,0.55966738,0.02960884,1.12606454,-1.87055254,-2.33573039,-3.92588001,False
2005-02-25,DIA,0.85973596,-0.00660256,0.65063341,-1.05668223,-1.32066925,-3.92588001,False
2005-02-25,IWN,1.87727264,0.11109575,0.97291070,-1.49115026,-1.86101424,-3.92588001,False
2005-03-04,SPY,1.23792789,0.16924492,0.66560370,-0.89248348,-1.14936888,-4.47362863,False
2005-03-04,QQQ,0.58797037,0.17956000,1.14231510,-1.76029974,-2.19506077,-4.47362863,False
2005-03-04,DIA,0.98762237,0.15759854,0.64339767,-0.90913629,-1.11819994,-4.47362863,False
2005-03-04,IWN,1.38812204,0.10288778,0.96604010,-1.50756973,-1.86864177,-4.47362863,False
2005-03-11,SPY,-0.70353297,-0.13272088,0.70206040,-1.24233890,-1.60540789,-1.34897312,False
2005-03-11,QQQ,-0.93711807,-0.15914710,1.13920611,-2.00879174,-2.57052657,-1.34897312,False
2005-03-11,DIA,-0.71349478,-0.19366042,0.67384540,-1.27745448,-1.57229440,-1.34897312,False
2005-03-11,IWN,-0.14315231,0.02114358,0.98493618,-1.54355953,-1.96641170,-1.34897312,False
2005-03-18,SPY,-0.29748361,0.05301552,0.69759202,-1.14771549,-1.42555086,-1.40932395,False
2005-03-18,QQQ,-0.54632161,0.09566163,1.12559068,-1.74545362,-2.17960045,-1.40932395,False
2005-03-18,DIA,0.03124103,0.08798809,0.67055474,-1.05337902,-1.32045037,-1.40932395,False
2005-03-18,IWN,-0.51137503,0.12101144,0.96635168,-1.46858005,-1.97220383,-1.40932395,False
2005-03-28,SPY,0.14503186,0.31284239,0.67121338,-0.71716850,-1.08245252,-1.07683057,False
2005-03-28,QQQ,0.19281859,0.30351599,1.09572063,-1.40991386,-1.92466115,-1.07683057,False
2005-03-28,DIA,0.40882354,0.34676587,0.65184616,-0.69008031,-1.02183666,-1.07683057,False
2005-03-28,IWN,0.09771557,0.44847393,0.95227962,-1.09387518,-1.50988348,-1.07683057,False
2005-04-04,SPY,0.21269988,0.24562441,0.66401769,-0.82058831,-1.10127609,-1.20367937,False
2005-04-04,QQQ,0.71569332,0.29679477,1.10138420,-1.48615544,-1.89502277,-1.20367937,False
2005-04-04,DIA,0.16172339,0.33966543,0.65314153,-0.73561912,-0.99960162,-1.20367937,False
2005-04-04,IWN,0.55493796,0.26329113,0.92322931,-1.16050962,-1.59304328,-1.20367937,False
2005-04-11,SPY,0.07624361,-0.11041331,0.68778872,-1.26396157,-1.59850481,-1.51462255,False
2005-04-11,QQQ,-0.43765465,-0.21374205,1.12180247,-2.03799075,-2.59197081,-1.51462255,False
2005-04-11,DIA,-0.12224068,-0.21167184,0.66829878,-1.30553328,-1.67337394,-1.51462255,False
2005-04-11,IWN,-0.44357945,-0.15434438,0.97830906,-1.79352078,-2.24718640,-1.51462255,False
2005-04-18,SPY,0.30616001,0.23968577,0.70646256,-0.95052505,-1.19487332,-3.76725307,False
2005-04-18,QQQ,0.02878223,0.23170766,1.12050497,-1.58436808,-2.04436021,-3.76725307,False
2005-04-18,DIA,-0.16131750,0.28315740,0.68528923,-0.85908363,-1.12821707,-3.76725307,False
2005-04-18,IWN,0.54659595,0.23237667,0.98213143,-1.35764736,-1.71772817,-3.76725307,False
2005-04-25,SPY,0.65543455,0.12642097,0.67957118,-0.94637969,-1.25145027,-0.91452440,False
2005-04-25,QQQ,0.80894846,0.28349264,1.06941657,-1.55699452,-1.85638529,-0.91452440,False
2005-04-25,DIA,0.83097491,0.28299504,0.65513859,-0.75566350,-1.04825306,-0.91452440,False
2005-04-25,IWN,1.11053827,0.32073191,0.94101764,-1.14727697,-1.55315750,-0.91452440,False
2005-05-02,SPY,0.55997733,0.05366670,0.69793082,-1.06473222,-1.38606999,-1.09435077,False
2005-05-02,QQQ,0.39944571,0.04566608,1.09158090,-1.76025038,-2.25273421,-1.09435077,False
2005-05-02,DIA,0.57904478,0.14575885,0.67686503,-0.97755525,-1.21399977,-1.09435077,False
2005-05-02,IWN,1.07625941,0.27000002,0.95576959,-1.27931590,-1.68797631,-1.09435077,False
2005-05-09,SPY,0.62152014,-0.03805572,0.68392128,-1.18187903,-1.44108939,-1.63315305,False
2005-05-09,QQQ,0.48138566,-0.12667438,1.06948989,-1.87400991,-2.35990981,-1.63315305,False
2005-05-09,DIA,0.37568677,-0.19332762,0.67763589,-1.36380118,-1.59134687,-1.63315305,False
2005-05-09,IWN,1.03044345,-0.22190034,0.95708156,-1.86899145,-2.16667212,-1.63315305,False
2005-05-16,SPY,0.92034403,-0.10687338,0.70046084,-1.24377942,-1.56621930,-2.97280414,False
2005-05-16,QQQ,0.67108635,-0.27711544,1.06506142,-2.02952472,-2.47562406,-2.97280414,False
2005-05-16,DIA,1.10012530,-0.18734024,0.69598996,-1.34865889,-1.64498208,-2.97280414,False
2005-05-16,IWN,1.57700272,0.01969612,0.96390115,-1.59216453,-2.01558706,-2.97280414,False
2005-05-23,SPY,0.53583678,0.00021899,0.68740743,-1.11207878,-1.39262083,-1.00230802,False
2005-05-23,QQQ,0.50326546,-0.04121194,1.05769768,-1.75123376,-2.23963171,-1.00230802,False
2005-05-23,DIA,0.49200618,-0.04003287,0.66882237,-1.14202028,-1.39347598,-1.00230802,False
2005-05-23,IWN,0.89736275,0.03298485,0.99094590,-1.51783938,-2.00277724,-1.00230802,False
2005-05-31,SPY,-0.64236100,0.03297874,0.69532653,-1.06444767,-1.44454882,-1.58208011,False
2005-05-31,QQQ,-0.34081842,0.05577060,1.05810637,-1.68503165,-2.12552604,-1.58208011,False
2005-05-31,DIA,-0.71460744,-0.02000848,0.67704981,-1.13757296,-1.48192527,-1.58208011,False
2005-05-31,IWN,-0.45263971,0.06875765,0.99075753,-1.49579982,-1.85303457,-1.58208011,False
2005-06-07,SPY,0.06662654,0.03591571,0.68474351,-1.07605791,-1.35534039,-2.33094656,False
2005-06-07,QQQ,-0.84325275,0.01329987,1.03417453,-1.70396441,-2.08800454,-2.33094656,False
2005-06-07,DIA,0.15312579,-0.03344342,0.67644242,-1.18147551,-1.45122500,-2.33094656,False
2005-06-07,IWN,0.22343251,-0.10077667,0.96395411,-1.60529558,-1.96500375,-2.33094656,False
2005-06-14,SPY,0.20708613,0.10213959,0.71052845,-1.10903748,-1.34035801,-3.71643482,False
2005-06-14,QQQ,-0.39836971,0.14944001,1.04231400,-1.56182452,-1.97121760,-3.71643482,False
2005-06-14,DIA,0.23740444,0.10950710,0.69818896,-1.05535292,-1.32512209,-3.71643482,False
2005-06-14,IWN,0.94115059,0.96461371,5.52153455,-8.22071301,-10.21059677,-3.71643482,False
2005-06-21,SPY,0.11520699,0.06038138,0.69229890,-1.08617656,-1.34768249,-3.48701785,False
2005-06-21,QQQ,-0.05277948,0.06671189,1.05646744,-1.69265665,-2.10439872,-3.48701785,False
2005-06-21,DIA,-0.08902446,0.08171421,0.67346791,-1.00951459,-1.24752330,-3.48701785,False
2005-06-21,IWN,-0.20168016,0.70392611,5.52243481,-8.63924730,-10.88165982,-3.48701785,False
2005-06-28,SPY,0.83573732,0.06491006,0.70088499,-1.08198669,-1.39535738,-4.04828459,False
2005-06-28,QQQ,0.94655823,0.04775219,1.07132485,-1.68748711,-2.20093834,-4.04828459,False
2005-06-28,DIA,1.10986183,0.14962523,0.69635598,-1.00903965,-1.32582818,-4.04828459,False
2005-06-28,IWN,2.00196063,0.04189928,5.47743603,-8.91424726,-11.09231889,-4.04828459,False
2005-07-06,SPY,-0.80858369,0.08422968,0.68777532,-1.02364404,-1.31835847,-4.86718024,False
2005-07-06,QQQ,-0.48619571,0.12642015,1.02461031,-1.56771701,-1.96913792,-4.86718024,False
2005-07-06,DIA,-0.97973607,0.10924937,0.66904281,-0.98079695,-1.27888946,-4.86718024,False
2005-07-06,IWN,-0.76510512,1.16210191,5.75355282,-7.84485934,-10.59797074,-4.86718024,False
2005-07-13,SPY,0.13900667,0.08158346,0.67481061,-1.01992054,-1.30289440,-3.65380274,False
2005-07-13,QQQ,0.23463273,0.11767783,1.01004290,-1.53357844,-1.90886283,-3.65380274,False
2005-07-13,DIA,0.41288487,0.08513792,0.67343504,-0.99109927,-1.25975177,-3.65380274,False
2005-07-13,IWN,-0.28314244,0.14702715,5.64863785,-9.58543133,-11.75944365,-3.65380274,False
2005-07-20,SPY,0.34083453,-0.02133298,0.69799196,-1.21455592,-1.46861248,-3.45591410,False
2005-07-20,QQQ,0.71210849,-0.04451107,1.01574687,-1.74497839,-2.11797842,-3.45591410,False
2005-07-20,DIA,0.39924480,-0.07921834,0.68955780,-1.26721657,-1.50717115,-3.45591410,False
2005-07-20,IWN,1.27447813,-0.24770590,5.79163551,-10.01849252,-12.67925055,-3.45591410,False
2005-07-27,SPY,0.37225387,0.05729606,0.67289641,-1.02420973,-1.36041315,-3.50096343,False
2005-07-27,QQQ,0.75810826,0.02160511,0.99671117,-1.62797548,-2.00644382,-3.50096343,False
2005-07-27,DIA,0.54032917,0.08386275,0.67612188,-1.04006015,-1.36873515,-3.50096343,False
2005-07-27,IWN,0.10325372,0.09453535,5.60779236,-9.61871957,-11.66276466,-3.50096343,False
2005-08-03,SPY,0.25687190,-0.02393785,0.68352699,-1.12648257,-1.52893532,-3.27030821,False
2005-08-03,QQQ,-0.04999195,-0.04163009,0.99996504,-1.70076904,-2.19433199,-3.27030821,False
2005-08-03,DIA,0.12954855,-0.04450766,0.66986506,-1.19096171,-1.49788043,-3.27030821,False
2005-08-03,IWN,-0.77324811,-0.24221884,5.48768151,-8.82476902,-11.46856856,-3.27030821,False
2005-08-10,SPY,-0.02434731,-0.01704020,0.67060221,-1.09928452,-1.34417243,-4.37065777,False
2005-08-10,QQQ,-0.86557624,-0.02016424,0.99515480,-1.62404450,-2.10152057,-4.37065777,False
2005-08-10,DIA,-0.20046796,-0.04277251,0.66028364,-1.08778998,-1.34371024,-4.37065777,False
2005-08-10,IWN,-0.19707748,0.73283246,5.42869296,-8.16172481,-10.29466041,-4.37065777,False
2005-08-17,SPY,0.02458045,0.06963055,0.68437934,-1.03497606,-1.30987572,-5.20963409,False
2005-08-17,QQQ,0.59086732,0.01336184,1.02691670,-1.72016086,-2.09573526,-5.20963409,False
2005-08-17,DIA,0.35377474,-0.00625633,0.66906692,-1.12853076,-1.32248784,-5.20963409,False
2005-08-17,IWN,-0.10732274,0.52031583,5.39897120,-8.49839670,-10.78971784,-5.20963409,False
2005-08-24,SPY,-0.88751719,0.06947724,0.67892692,-0.98008342,-1.26692032,-4.33911175,False
2005-08-24,QQQ,-0.59561116,0.06898892,0.98393852,-1.51231751,-1.92110602,-4.33911175,False
2005-08-24,DIA,-0.80852001,0.06786764,0.67393750,-1.00179553,-1.25464116,-4.33911175,False
2005-08-24,IWN,-0.44297250,0.62172317,5.60169241,-8.81028863,-11.28379114,-4.33911175,False
2005-08-31,SPY,1.25606590,0.01609061,0.66515438,-1.08206786,-1.37747510,-7.51421495,False
2005-08-31,QQQ,0.92791379,-0.03637594,0.97833922,-1.61409667,-2.05826648,-7.51421495,False
2005-08-31,DIA,0.65835327,-0.03572410,0.64911893,-1.11296118,-1.37921552,-7.51421495,False
2005-08-31,IWN,2.14053560,0.21997238,5.75749427,-9.37757145,-12.06712932,-7.51421495,False
2005-09-08,SPY,-0.33140824,0.01130323,0.70809609,-1.17586514,-1.48609011,-3.31848100,False
2005-09-08,QQQ,-0.02284495,0.03105506,1.03554493,-1.67438049,-2.07252030,-3.31848100,False
2005-09-08,DIA,-0.35394582,-0.05062476,0.70070901,-1.26446491,-1.50969188,-3.31848100,False
2005-09-08,IWN,-0.75999523,0.54846796,5.59156182,-8.28903406,-10.89834621,-3.31848100,False
2005-09-15,SPY,-0.04868901,0.04397160,0.70071871,-1.09131060,-1.33785129,-3.12979600,False
2005-09-15,QQQ,-0.05101435,0.05575276,1.00683231,-1.57411305,-2.04792823,-3.12979600,False
2005-09-15,DIA,0.13125314,0.06150290,0.68646912,-1.06489926,-1.31767839,-3.12979600,False
2005-09-15,IWN,-0.12067540,0.02492731,5.59986932,-8.69261159,-11.02528907,-3.12979600,False
2005-09-22,SPY,0.35498322,0.00990426,0.68990247,-1.14538800,-1.43442649,-3.31287531,False
2005-09-22,QQQ,0.36304057,-0.07169207,0.98312984,-1.66105841,-2.09263066,-3.31287531,False
2005-09-22,DIA,0.42326343,-0.07910096,0.67687935,-1.18141503,-1.48794920,-3.31287531,False
2005-09-22,IWN,0.52523630,-0.36890780,5.50191122,-9.48396748,-11.57514362,-3.31287531,False
2005-09-29,SPY,0.81040812,-0.02498854,0.67200312,-1.12185463,-1.38252406,-3.87721791,False
2005-09-29,QQQ,1.33536939,-0.01254661,0.97357613,-1.57276428,-2.01262541,-3.87721791,False
2005-09-29,DIA,0.75802696,-0.07889329,0.65948526,-1.18789416,-1.38909246,-3.87721791,False
2005-09-29,IWN,1.33141529,0.36968653,5.77534360,-8.89670858,-11.67448471,-3.87721791,False
2005-10-06,SPY,-0.36006647,-0.03370228,0.70413709,-1.16311926,-1.49729774,-4.37476947,False
2005-10-06,QQQ,-1.32450736,-0.18371623,0.97096041,-1.72593042,-2.23255099,-4.37476947,False
2005-10-06,DIA,-0.29373079,-0.17613071,0.68384658,-1.27155721,-1.62758449,-4.37476947,False
2005-10-06,IWN,-0.50330535,-0.11413980,5.71695266,-9.98480603,-11.77513353,-4.37476947,False
2005-10-13,SPY,-0.05958850,-0.03365820,0.67313148,-1.15055391,-1.42755752,-4.83080470,False
2005-10-13,QQQ,0.77845543,-0.12952056,0.97438392,-1.77432811,-2.17537824,-4.83080470,False
2005-10-13,DIA,-0.00313603,-0.14150726,0.66105987,-1.15660672,-1.47270112,-4.83080470,False
2005-10-13,IWN,0.55070558,0.94419837,5.73550148,-8.64294425,-10.79883679,-4.83080470,False
2005-10-20,SPY,-1.77722838,-0.05926914,0.65502386,-1.07311167,-1.35948377,-10.28682622,True
2005-10-20,QQQ,-0.94571707,-0.05837813,0.96368716,-1.63641801,-1.97136665,-10.28682622,False
2005-10-20,DIA,-1.28563090,-0.01717167,0.63678718,-1.03020309,-1.30811886,-10.28682622,True
2005-10-20,IWN,-1.62400345,-0.62410086,5.40090311,-9.11820857,-11.49692807,-10.28682622,False
2005-10-27,SPY,-1.10313043,0.04163608,0.69687257,-1.11580754,-1.38890191,-5.22552964,False
2005-10-27,QQQ,-2.03026911,0.01455340,0.97270375,-1.64271195,-2.03890042,-5.22552964,True
2005-10-27,DIA,-1.11817143,0.00972286,0.66838490,-1.09029332,-1.37010820,-5.22552964,True
2005-10-27,IWN,-1.64265080,0.69629256,5.36704758,-7.72474808,-10.38156629,-5.22552964,False
2005-11-03,SPY,0.42624365,0.05219004,0.66601158,-1.03186241,-1.29482042,-4.67416401,False
2005-11-03,QQQ,1.49583423,0.12489929,0.94446289,-1.35106870,-1.76259613,-4.67416401,False
2005-11-03,DIA,0.47495721,0.18585337,0.65021840,-0.91372379,-1.12403681,-4.67416401,False
2005-11-03,IWN,0.07650840,0.43154783,5.52991499,-8.60503767,-10.76570132,-4.67416401,False
2005-11-10,SPY,0.77316172,0.07504404,0.65431030,-0.99139271,-1.26119660,-3.68124138,False
2005-11-10,QQQ,1.09213862,0.11520151,0.93949349,-1.43347471,-1.77874796,-3.68124138,False
2005-11-10,DIA,0.88632911,0.09120634,0.64076422,-1.01284946,-1.24608816,-3.68124138,False
2005-11-10,IWN,0.68583783,-0.06339332,5.95047432,-9.62278190,-12.15385816,-3.68124138,False
2005-11-17,SPY,0.92688184,0.00327165,0.63619953,-1.06905544,-1.29494444,-5.54866143,False
2005-11-17,QQQ,1.31351994,-0.06346128,0.89208971,-1.55519282,-1.90838784,-5.54866143,False
2005-11-17,DIA,0.42495921,-0.03102704,0.63014699,-1.07306210,-1.31526681,-5.54866143,False
2005-11-17,IWN,1.60419708,0.42080571,5.64179962,-8.80732761,-11.26842031,-5.54866143,False
2005-11-25,SPY,0.07868565,0.04268136,0.63619876,-0.96411098,-1.25912521,-2.72681734,False
2005-11-25,QQQ,0.21512578,0.19015549,0.90733716,-1.31038575,-1.72646991,-2.72681734,False
2005-11-25,DIA,0.14216870,0.11419329,0.61838372,-0.90984861,-1.16198375,-2.72681734,False
2005-11-25,IWN,0.04440740,0.63863655,5.65650177,-8.41712996,-11.26036663,-2.72681734,False
2005-12-02,SPY,0.12620490,-0.06212713,0.68252388,-1.21894281,-1.49383451,-4.42128598,False
2005-12-02,QQQ,0.23779770,-0.07638226,0.94094407,-1.70631703,-2.08902095,-4.42128598,False
2005-12-02,DIA,-0.32180267,-0.10576321,0.65572195,-1.21803589,-1.46457212,-4.42128598,False
2005-12-02,IWN,0.07337727,-0.57456732,5.74755918,-9.97382247,-12.60716464,-4.42128598,False
2005-12-09,SPY,0.26154603,0.05072318,0.64972699,-1.02080049,-1.28557138,-2.93479078,False
2005-12-09,QQQ,0.36990796,0.06290358,0.92413840,-1.43586932,-1.80810116,-2.93479078,False
2005-12-09,DIA,0.21789111,0.12470575,0.64639952,-0.94685604,-1.22467452,-2.93479078,False
2005-12-09,IWN,0.45741758,0.04423108,5.84577211,-9.35963687,-11.88974352,-2.93479078,False
2005-12-16,SPY,-0.32279618,0.03449075,0.64568357,-1.03525377,-1.29287383,-4.40473190,False
2005-12-16,QQQ,-0.69251568,-0.05234806,0.90580567,-1.45426170,-1.90382197,-4.40473190,False
2005-12-16,DIA,-0.05589031,-0.09410434,0.64058510,-1.16111371,-1.39618993,-4.40473190,False
2005-12-16,IWN,-0.25230799,1.03324172,5.52403074,-8.21426145,-10.53929504,-4.40473190,False
2005-12-23,SPY,0.05523129,-0.01198432,0.64785716,-1.04488486,-1.34555257,-2.79364223,False
2005-12-23,QQQ,0.01454043,0.03603879,0.93548310,-1.51346725,-1.88340025,-2.79364223,False
2005-12-23,DIA,-0.05668472,-0.03326929,0.63234297,-1.07739382,-1.34256687,-2.79364223,False
2005-12-23,IWN,0.40222504,-0.34629360,5.51498401,-9.22443494,-11.58818773,-2.79364223,False
2006-01-03,SPY,1.74360951,0.07538313,0.64731374,-0.96221011,-1.23289426,-7.65774176,False
2006-01-03,QQQ,2.19784820,-0.03314387,0.88919254,-1.48166232,-1.83570608,-7.65774176,False
2006-01-03,DIA,1.20484408,0.00902297,0.64164103,-0.98645469,-1.28587830,-7.65774176,False
2006-01-03,IWN,1.71357266,1.08048182,5.40476811,-7.89935678,-9.72103471,-7.65774176,False
2006-01-10,SPY,0.10086215,-0.07643108,0.64267697,-1.17280677,-1.46107487,-2.81532848,False
2006-01-10,QQQ,0.07229027,0.02185531,0.91824263,-1.46820906,-1.86101152,-2.81532848,False
2006-01-10,DIA,-0.00290871,-0.12421214,0.63582918,-1.19073868,-1.46599312,-2.81532848,False
2006-01-10,IWN,0.69355609,-0.87027977,5.78611527,-10.82480159,-13.33043912,-2.81532848,False
2006-01-18,SPY,-0.39821941,0.08061587,0.64213765,-0.96439023,-1.23651708,-3.89984120,False
2006-01-18,QQQ,-1.15409901,0.07851986,0.91476577,-1.41543755,-1.83685830,-3.89984120,False
2006-01-18,DIA,-0.38122023,0.10426713,0.63441812,-0.90843531,-1.19219902,-3.89984120,False
2006-01-18,IWN,0.05812038,0.40216024,5.59205560,-8.73873781,-11.23355315,-3.89984120,False
2006-01-25,SPY,0.08685371,0.03217429,0.65556300,-1.08256282,-1.27425695,-3.36692302,False
2006-01-25,QQQ,-0.43530938,0.03768526,0.92796204,-1.48613420,-1.78642212,-3.36692302,False
2006-01-25,DIA,-0.02314914,-0.02801173,0.65464796,-1.12955878,-1.31409504,-3.36692302,False
2006-01-25,IWN,0.02849862,0.48390092,5.46261111,-8.76104208,-10.94723015,-3.36692302,False
2006-02-01,SPY,0.69561491,0.01230268,0.64621922,-1.04748841,-1.28996401,-4.50613072,False
2006-02-01,QQQ,0.35650662,-0.12217154,0.89721759,-1.58506339,-1.99887954,-4.50613072,False
2006-02-01,DIA,0.81663750,-0.13273185,0.63938575,-1.17971142,-1.42517654,-4.50613072,False
2006-02-01,IWN,0.93831676,0.28446411,5.55226761,-9.00485830,-11.20646938,-4.50613072,False
2006-02-08,SPY,0.90443845,0.15005017,0.64996337,-0.88811954,-1.18192380,-4.44024562,False
2006-02-08,QQQ,1.15022211,0.04308188,0.88455458,-1.43840638,-1.79922164,-4.44024562,False
2006-02-08,DIA,1.00758337,0.00029271,0.64356455,-1.01782082,-1.29573942,-4.44024562,False
2006-02-08,IWN,0.69647719,1.03831274,5.68586709,-8.86654321,-11.53031407,-4.44024562,False
2006-02-15,SPY,0.35161101,0.02352536,0.64019688,-1.00460235,-1.32998351,-2.94526574,False
2006-02-15,QQQ,0.63376522,0.13464891,0.89789107,-1.31503149,-1.73894713,-2.94526574,False
2006-02-15,DIA,0.27690154,0.05938280,0.64759372,-0.96368610,-1.29441809,-2.94526574,False
2006-02-15,IWN,0.64974168,0.75821115,5.56646006,-8.27857209,-10.69171737,-2.94526574,False
2006-02-23,SPY,-0.14708025,0.09192358,0.65724525,-0.98643707,-1.24109756,-4.80234716,False
2006-02-23,QQQ,-0.26691830,0.12256579,0.89510061,-1.31041465,-1.72375848,-4.80234716,False
2006-02-23,DIA,-0.61198973,0.05104875,0.66298212,-1.03541274,-1.26678639,-4.80234716,False
2006-02-23,IWN,-0.25107485,1.02694213,5.33717919,-7.72072816,-10.55471044,-4.80234716,False
2006-03-02,SPY,-0.00775940,0.08148455,0.66323066,-1.02805945,-1.31292164,-3.33292913,False
2006-03-02,QQQ,0.07198563,0.07742917,0.91465045,-1.47189749,-1.84846635,-3.33292913,False
2006-03-02,DIA,-0.25382005,0.05887299,0.64985619,-0.99503096,-1.26575346,-3.33292913,False
2006-03-02,IWN,-0.23440078,0.81008888,5.67078729,-8.50960558,-10.95789761,-3.33292913,False
2006-03-09,SPY,-0.67293059,0.04592594,0.63484325,-1.01633659,-1.24823832,-4.65043135,False
2006-03-09,QQQ,-0.86002192,0.03025108,0.85697222,-1.33404444,-1.77060764,-4.65043135,False
2006-03-09,DIA,-0.30448535,0.01821476,0.64225890,-0.98932343,-1.27483284,-4.65043135,False
2006-03-09,IWN,-0.43882743,0.90252545,5.66580414,-8.67726456,-10.12503737,-4.65043135,False
2006-03-16,SPY,0.20628806,-0.01129341,0.62945198,-1.02379814,-1.27488028,-6.80240575,False
2006-03-16,QQQ,-0.84242554,0.12001107,0.86047411,-1.32261609,-1.64404550,-6.80240575,False
2006-03-16,DIA,0.38704301,-0.00637031,0.60857332,-0.99791513,-1.24041728,-6.80240575,False
2006-03-16,IWN,0.17797396,-0.70312560,5.66037768,-9.84253035,-12.61690910,-6.80240575,False
2006-03-23,SPY,-0.20726351,-0.03460671,0.64378539,-1.03363607,-1.32856368,-3.41239815,False
2006-03-23,QQQ,-0.29165125,-0.03678203,0.89138886,-1.50200362,-1.82946468,-3.41239815,False
2006-03-23,DIA,-0.41739289,0.00166016,0.64238390,-1.01079921,-1.30361192,-3.41239815,False
2006-03-23,IWN,0.24646797,0.59409718,5.71965981,-8.67471527,-11.10727141,-3.41239815,False
2006-03-30,SPY,-0.17707620,-0.04179210,0.64292992,-1.12922929,-1.35411601,-4.35531882,False
2006-03-30,QQQ,0.30969140,-0.09619704,0.86068007,-1.48613995,-1.78378480,-4.35531882,False
2006-03-30,DIA,-0.58123061,-0.16361442,0.62301709,-1.19176545,-1.43162240,-4.35531882,False
2006-03-30,IWN,-0.36208479,-0.62437443,5.42239667,-9.50682018,-11.79097710,-4.35531882,False
2006-04-06,SPY,-0.10696892,0.05224110,0.64192831,-1.01863487,-1.29944336,-2.96869442,False
2006-04-06,QQQ,0.28126196,0.11586366,0.85502264,-1.26990459,-1.63626963,-2.96869442,False
2006-04-06,DIA,-0.20528818,-0.01457933,0.63899859,-1.11079490,-1.38814741,-2.96869442,False
2006-04-06,IWN,0.14722575,0.50264839,5.58016779,-8.53467661,-10.75311121,-2.96869442,False
2006-04-13,SPY,-0.13196841,-0.06876969,0.65307251,-1.12737530,-1.42694052,-4.06673246,False
2006-04-13,QQQ,0.40464694,-0.15101715,0.88406180,-1.52880843,-1.95787598,-4.06673246,False
2006-04-13,DIA,0.06898537,-0.08539783,0.65152452,-1.14010478,-1.41402711,-4.06673246,False
2006-04-13,IWN,0.34179915,0.21495854,5.48909669,-9.07010190,-10.95765400,-4.06673246,False
2006-04-21,SPY,0.01524807,-0.03427748,0.64074748,-1.10865291,-1.38846839,-6.44692284,False
2006-04-21,QQQ,-1.18339328,0.00675402,0.89361242,-1.49999241,-1.93406269,-6.44692284,False
2006-04-21,DIA,0.04019861,0.00806803,0.64257246,-1.05241550,-1.31119210,-6.44692284,False
2006-04-21,IWN,-0.25203170,-0.29493819,5.53838280,-9.56315528,-11.74911519,-6.44692284,False
2006-04-28,SPY,0.33524579,-0.00644778,0.61692625,-1.00543026,-1.25807639,-7.96314942,False
2006-04-28,QQQ,-0.97490142,-0.02748413,0.85021174,-1.38539328,-1.78125203,-7.96314942,False
2006-04-28,DIA,-0.13512474,-0.08412675,0.61793611,-1.11719225,-1.37666828,-7.96314942,False
2006-04-28,IWN,0.78829406,0.60484271,5.82453256,-8.92345698,-11.33410692,-7.96314942,False
2006-05-05,SPY,0.87923783,0.01523948,0.61898422,-1.02181413,-1.25121470,-5.88762035,False
2006-05-05,QQQ,0.78584736,-0.01749719,0.85064964,-1.35592382,-1.74403522,-5.88762035,False
2006-05-05,DIA,1.20679407,-0.05383743,0.61604472,-1.08133513,-1.29825059,-5.88762035,False
2006-05-05,IWN,0.95394483,0.04441252,5.54215570,-9.08935088,-11.30918398,-5.88762035,False
2006-05-12,SPY,-1.31441061,0.21627088,0.62601538,-0.81941834,-1.08848789,-5.98638080,True
2006-05-12,QQQ,-1.35928197,0.12843042,0.84340912,-1.27764658,-1.65599366,-5.98638080,True
2006-05-12,DIA,-1.04661179,0.22364894,0.62323505,-0.78523625,-1.05698056,-5.98638080,True
2006-05-12,IWN,-2.05243781,1.87376627,5.71574028,-7.33771045,-9.66208825,-5.98638080,False
2006-05-19,SPY,0.70271312,0.10836991,0.62744301,-0.90957539,-1.13714763,-5.57322641,False
2006-05-19,QQQ,0.76527617,-0.05671378,0.84938613,-1.49483815,-1.75739254,-5.57322641,False
2006-05-19,DIA,0.14160700,0.07755322,0.63058764,-0.95308057,-1.17745711,-5.57322641,False
2006-05-19,IWN,1.02191784,-0.55193092,5.66871667,-10.10092802,-12.17317510,-5.57322641,False
2006-05-26,SPY,0.50757297,0.06158214,0.62929985,-0.97852416,-1.29003664,-3.71214042,False
2006-05-26,QQQ,0.32980071,0.40487948,0.85066373,-0.97624951,-1.39180392,-3.71214042,False
2006-05-26,DIA,0.60081658,0.18466522,0.62876843,-0.85041101,-1.16587346,-3.71214042,False
2006-05-26,IWN,0.13794209,0.14439531,5.52979591,-9.03142313,-11.53164041,-3.71214042,False
2006-06-05,SPY,-1.46810121,0.07007822,0.65646467,-1.00138178,-1.31076635,-8.89948361,True
2006-06-05,QQQ,-2.19843519,0.15036514,0.86030493,-1.32354251,-1.67741868,-8.89948361,True
2006-06-05,DIA,-1.78642293,0.17522566,0.65153773,-0.91466994,-1.17200177,-8.89948361,True
2006-06-05,IWN,-3.08141729,-1.21543084,5.52217017,-10.44762717,-13.15188702,-8.89948361,False
2006-06-12,SPY,-1.09090864,0.04593072,0.62436849,-0.96636906,-1.20671829,-5.82891192,True
2006-06-12,QQQ,-1.98541721,0.01842738,0.84673430,-1.38295258,-1.71886361,-5.82891192,True
2006-06-12,DIA,-0.91623505,0.02273740,0.63125953,-1.00713045,-1.25761294,-5.82891192,False
2006-06-12,IWN,-2.21591169,0.23994319,5.63740360,-9.15415227,-11.44047487,-5.82891192,False
2006-06-19,SPY,-0.78925616,-0.05233538,0.63982964,-1.10958571,-1.41023467,-3.50165882,False
2006-06-19,QQQ,-0.81193095,-0.19017411,0.84273524,-1.58817689,-2.02012652,-3.50165882,False
2006-06-19,DIA,-0.65984227,-0.06275140,0.62136144,-1.11694450,-1.37894676,-3.50165882,False
2006-06-19,IWN,-1.79658830,-0.62088641,5.75083676,-9.91185037,-12.10269090,-3.50165882,False
2006-06-26,SPY,0.41694614,0.03702391,0.61532407,-0.97579707,-1.20081467,-3.09255458,False
2006-06-26,QQQ,0.26172167,0.09303704,0.85540649,-1.31520563,-1.63723421,-3.09255458,False
2006-06-26,DIA,0.51002703,0.05457206,0.62063621,-0.95000466,-1.22794524,-3.09255458,False
2006-06-26,IWN,1.30815204,1.48659923,5.41260206,-6.93950343,-8.91506242,-3.09255458,False
2006-07-03,SPY,0.44701304,-0.11041070,0.68619522,-1.24317330,-1.55602131,-3.64410039,False
2006-07-03,QQQ,0.59152200,-0.08254430,0.92993822,-1.64615618,-2.02793966,-3.64410039,False
2006-07-03,DIA,0.69531935,-0.06249643,0.68522869,-1.24319943,-1.50066378,-3.64410039,False
2006-07-03,IWN,1.11871681,-0.54024405,5.67307461,-10.12508482,-12.35802764,-3.64410039,False
2006-07-11,SPY,0.44046569,-0.08902876,0.66560050,-1.17515350,-1.44414975,-3.73161153,False
2006-07-11,QQQ,0.74660847,0.09477038,0.89330997,-1.34785493,-1.65398789,-3.73161153,False
2006-07-11,DIA,0.28077410,0.05918363,0.65144196,-1.02833542,-1.25841346,-3.73161153,False
2006-07-11,IWN,0.73883028,-0.03167198,5.57384943,-9.22120881,-11.82624821,-3.73161153,False
2006-07-18,SPY,0.50948607,0.03288981,0.64850875,-1.03099390,-1.27955871,-3.16858430,False
2006-07-18,QQQ,0.33245551,0.01634034,0.91278561,-1.53386668,-1.83398309,-3.16858430,False
2006-07-18,DIA,0.48147014,-0.03256709,0.64321690,-1.07797276,-1.34622662,-3.16858430,False
2006-07-18,IWN,1.12717110,0.33473215,5.43053151,-8.40517428,-11.12796238,-3.16858430,False
2006-07-25,SPY,0.35592690,-0.08387868,0.66402192,-1.20859907,-1.55097324,-3.09777490,False
2006-07-25,QQQ,0.57512759,0.03127279,0.90977820,-1.45123881,-1.94179512,-3.09777490,False
2006-07-25,DIA,0.47538587,-0.05238248,0.66815269,-1.16328916,-1.49077713,-3.09777490,False
2006-07-25,IWN,0.63735902,0.55052230,5.67416226,-8.80028017,-10.99305906,-3.09777490,False
2006-08-01,SPY,-0.49398584,0.04152947,0.68226634,-1.08853584,-1.38912140,-5.70780752,False
2006-08-01,QQQ,-1.68519838,0.01991760,0.92392099,-1.49876679,-1.91330622,-5.70780752,True
2006-08-01,DIA,-0.53738732,0.04836194,0.67791845,-1.08809529,-1.37602656,-5.70780752,False
2006-08-01,IWN,-1.31054666,-0.94880376,5.63019963,-10.46603458,-13.08572418,-5.70780752,False
2006-08-08,SPY,-0.42297596,0.02604889,0.69626898,-1.13046155,-1.38034310,-3.02479396,False
2006-08-08,QQQ,-0.62840319,-0.03661903,0.92748391,-1.55623267,-2.00498923,-3.02479396,False
2006-08-08,DIA,-0.40896910,0.04117526,0.69229387,-1.07405514,-1.37253269,-3.02479396,False
2006-08-08,IWN,-1.32865204,0.76863115,5.71833898,-8.64193141,-10.99453132,-3.02479396,False
2006-08-15,SPY,1.18871381,0.11042258,0.68174916,-1.02324515,-1.27632357,-7.31326304,False
2006-08-15,QQQ,2.49779086,0.03221096,0.94574009,-1.44012929,-1.89095327,-7.31326304,False
2006-08-15,DIA,1.18586959,0.02549876,0.68041372,-1.06975623,-1.34950031,-7.31326304,False
2006-08-15,IWN,2.21808856,0.58796214,5.72496057,-9.07148473,-12.14352863,-7.31326304,False
2006-08-22,SPY,-0.00764964,-0.06838314,0.69027405,-1.16392090,-1.50741566,-2.83203278,False
2006-08-22,QQQ,0.02603173,-0.14327853,0.92453689,-1.66931946,-2.07786949,-2.83203278,False
2006-08-22,DIA,-0.04593366,-0.04500335,0.67728594,-1.12654036,-1.43745138,-2.83203278,False
2006-08-22,IWN,0.19396028,0.33491597,5.68477195,-9.07784577,-11.28656228,-2.83203278,False
2006-08-29,SPY,0.11496526,-0.02371328,0.64670220,-1.03711272,-1.36434831,-2.82627605,False
2006-08-29,QQQ,0.31027453,-0.01912677,0.88950448,-1.47108691,-1.80612351,-2.82627605,False
2006-08-29,DIA,0.15782627,-0.02690106,0.65405867,-1.11195185,-1.36449000,-2.82627605,False
2006-08-29,IWN,1.23829521,-0.46413955,5.49368235,-9.37347238,-12.08134442,-2.82627605,False
2006-09-06,SPY,-0.88483568,0.06893297,0.68833756,-1.03560421,-1.35931268,-7.59932873,False
2006-09-06,QQQ,-2.02225341,0.02246684,0.90179648,-1.43014698,-1.86710316,-7.59932873,True
2006-09-06,DIA,-0.55150981,-0.01450699,0.68181804,-1.09169983,-1.43544297,-7.59932873,False
2006-09-06,IWN,-1.90456684,0.70744027,5.75658676,-8.79436699,-11.36544961,-7.59932873,False
2006-09-13,SPY,0.40166053,0.05829365,0.68468370,-1.07322314,-1.34381020,-2.88974113,False
2006-09-13,QQQ,0.70323264,0.10751022,0.92789515,-1.38150283,-1.78361342,-2.88974113,False
2006-09-13,DIA,0.39260234,0.04102857,0.67824875,-1.11489664,-1.36159069,-2.88974113,False
2006-09-13,IWN,0.64418430,-0.37724520,5.34100729,-9.50437793,-11.60087522,-2.88974113,False
2006-09-20,SPY,0.52962351,-0.07130725,0.69109481,-1.23095169,-1.54237834,-4.55735095,False
2006-09-20,QQQ,1.44489360,-0.05713460,0.93865013,-1.65952268,-2.04403868,-4.55735095,False
2006-09-20,DIA,0.62434241,-0.05720284,0.68360115,-1.13387378,-1.49312693,-4.55735095,False
2006-09-20,IWN,1.29864844,0.27535988,5.69372437,-9.43362429,-11.59931293,-4.55735095,False
2006-09-27,SPY,0.11971335,-0.07392676,0.70722841,-1.19691555,-1.54952940,-3.13339677,False
2006-09-27,QQQ,-0.12267693,-0.00585924,0.93699934,-1.55701313,-1.97205567,-3.13339677,False
2006-09-27,DIA,0.16996378,0.01481599,0.70680048,-1.09596953,-1.42960182,-3.13339677,False
2006-09-27,IWN,0.42913058,-0.88664535,5.57791285,-9.92408990,-12.28144064,-3.13339677,False
2006-10-04,SPY,1.16297445,0.00447046,0.66360565,-1.10972018,-1.39866875,-7.19030879,False
2006-10-04,QQQ,2.42627267,-0.07697975,0.92601743,-1.62335502,-2.02454459,-7.19030879,False
2006-10-04,DIA,1.04565259,-0.06699411,0.66656327,-1.18907543,-1.47941697,-7.19030879,False
2006-10-04,IWN,1.99842966,1.35031446,5.56187117,-8.02459869,-9.97712263,-7.19030879,False
2006-10-11,SPY,-0.11835851,0.04984528,0.63965526,-1.03046240,-1.28886030,-2.77499221,False
2006-10-11,QQQ,-0.19245978,0.00222921,0.89125981,-1.47314218,-1.87294766,-2.77499221,False
2006-10-11,DIA,-0.12681658,0.03737988,0.64285250,-1.02676397,-1.32228565,-2.77499221,False
2006-10-11,IWN,-0.62280897,0.00603395,5.84649396,-9.36085678,-11.89257138,-2.77499221,False
2006-10-18,SPY,0.13187546,-0.04210461,0.64500220,-1.03646967,-1.42945198,-4.23776748,False
2006-10-18,QQQ,-0.47729926,-0.05179509,0.88725637,-1.54003817,-1.99125780,-4.23776748,False
2006-10-18,DIA,0.35635285,0.00130817,0.63959579,-0.98868605,-1.39736193,-4.23776748,False
2006-10-18,IWN,-0.20669313,0.52418758,5.48182724,-8.47615877,-10.74824913,-4.23776748,False
2006-10-25,SPY,0.34031533,-0.07755233,0.65573749,-1.11068957,-1.37412515,-4.85998409,False
2006-10-25,QQQ,0.70957392,-0.12932421,0.90740832,-1.58382384,-1.96779106,-4.85998409,False
2006-10-25,DIA,0.05605180,0.05936255,0.66788632,-1.04456680,-1.30200643,-4.85998409,False
2006-10-25,IWN,0.41311990,0.00525068,5.54884204,-9.47723903,-11.59822252,-4.85998409,False
2006-11-01,SPY,-0.67720008,0.12653335,0.62707599,-0.91417999,-1.17942555,-4.78831536,False
2006-11-01,QQQ,-1.37154988,0.06920657,0.89941986,-1.41333658,-1.79568390,-4.78831536,False
2006-11-01,DIA,-0.41233897,0.09425305,0.63014683,-0.94385750,-1.17959141,-4.78831536,False
2006-11-01,IWN,-1.61398938,-0.33976798,5.74764393,-9.86804310,-12.27563116,-4.78831536,False
2006-11-08,SPY,0.21614779,-0.05411896,0.64787684,-1.13832430,-1.41509830,-2.85776478,False
2006-11-08,QQQ,0.46584781,-0.08092572,0.94022656,-1.59553717,-2.03031351,-2.85776478,False
2006-11-08,DIA,0.16249746,-0.05344230,0.64051154,-1.16917011,-1.40400432,-2.85776478,False
2006-11-08,IWN,1.01746475,-0.21863252,5.65108960,-9.14459296,-11.49080844,-2.85776478,False
2006-11-15,SPY,0.28609815,0.03591354,0.63634930,-1.00026263,-1.24012206,-2.74393412,False
2006-11-15,QQQ,0.40889237,0.03758505,0.87434091,-1.41827687,-1.77121186,-2.74393412,False
2006-11-15,DIA,0.27544428,0.05723945,0.63659058,-0.99097678,-1.23793428,-2.74393412,False
2006-11-15,IWN,0.73721168,-0.65571399,5.47688953,-9.93379263,-12.28401685,-2.74393412,False
2006-11-22,SPY,0.19890303,0.08176748,0.61621312,-0.91463082,-1.11993705,-3.21390678,False
2006-11-22,QQQ,0.62797433,0.13667401,0.88184476,-1.29007508,-1.63632249,-3.21390678,False
2006-11-22,DIA,0.04349467,0.08620077,0.62108772,-0.89720619,-1.11130333,-3.21390678,False
2006-11-22,IWN,0.02488975,-0.00119281,5.63190074,-9.65428380,-11.76615055,-3.21390678,False
2006-11-30,SPY,0.04270701,-0.06575644,0.62977341,-1.10140634,-1.37011160,-3.15643839,False
2006-11-30,QQQ,-0.06807584,0.12779071,0.89432247,-1.36499584,-1.75544749,-3.15643839,False
2006-11-30,DIA,-0.03927250,0.04407779,0.62287683,-1.01444165,-1.28280480,-3.15643839,False
2006-11-30,IWN,0.05021057,0.22703670,5.60403928,-9.02210211,-11.61196630,-3.15643839,False
2006-12-07,SPY,-0.43828044,0.00769936,0.61371515,-1.07772054,-1.28401327,-4.55612096,False
2006-12-07,QQQ,-1.27326922,0.01962508,0.88122442,-1.44078251,-1.78730386,-4.55612096,False
2006-12-07,DIA,-0.25085605,0.01308975,0.61326759,-1.04910394,-1.25660269,-4.55612096,False
2006-12-07,IWN,-0.56043177,0.41534757,5.51030249,-8.95972983,-10.69419899,-4.55612096,False
2006-12-14,SPY,0.87721469,0.06207337,0.63320092,-1.01499544,-1.26537331,-3.46783606,False
2006-12-14,QQQ,1.11048761,0.10730817,0.91675173,-1.41017394,-1.77696620,-3.46783606,False
2006-12-14,DIA,0.80261414,0.03719875,0.62600302,-0.98501393,-1.23628229,-3.46783606,False
2006-12-14,IWN,0.60851502,1.02934231,5.71996116,-8.36214934,-10.74015855,-3.46783606,False
2006-12-21,SPY,-0.36651659,-0.03498112,0.60905255,-1.07329639,-1.38245089,-2.81287799,False
2006-12-21,QQQ,-0.71211909,-0.09034382,0.87629178,-1.60276186,-2.03001745,-2.81287799,False
2006-12-21,DIA,-0.34253515,-0.04956423,0.59626358,-1.04934843,-1.34492186,-2.81287799,False
2006-12-21,IWN,-0.40238404,1.19468021,5.55848316,-7.40186772,-9.94517658,-2.81287799,False
2006-12-29,SPY,-0.41573355,-0.05506927,0.60547403,-1.03585080,-1.24562089,-4.09874739,False
2006-12-29,QQQ,0.09269421,-0.18364261,0.88400242,-1.57783477,-1.95817030,-4.09874739,False
2006-12-29,DIA,-0.30738744,-0.07819139,0.61046361,-1.06844784,-1.30248627,-4.09874739,False
2006-12-29,IWN,-0.95766291,0.61476325,5.44127334,-8.51613716,-10.59042701,-4.09874739,False
2007-01-09,SPY,-0.08506922,0.18825208,0.62576347,-0.82459923,-1.14267251,-3.53258320,False
2007-01-09,QQQ,0.50013606,0.27860631,0.91282972,-1.22687237,-1.63695048,-3.53258320,False
2007-01-09,DIA,-0.05547967,0.25778106,0.61722608,-0.76282801,-1.08315996,-3.53258320,False
2007-01-09,IWN,0.45617640,0.09121476,5.46499512,-9.08850991,-10.93724791,-3.53258320,False
2007-01-17,SPY,0.04198132,-0.07783858,0.62150533,-1.07771621,-1.37901391,-1.69737674,False
2007-01-17,QQQ,-0.82055423,-0.13292014,0.89370327,-1.64469104,-2.00565261,-1.69737674,False
2007-01-17,DIA,-0.04323892,-0.10090160,0.59364834,-1.07036183,-1.35336921,-1.69737674,False
2007-01-17,IWN,-0.47523598,-0.26447430,1.01751819,-1.91800621,-2.38335241,-1.69737674,False
2007-01-24,SPY,0.80213148,-0.00332206,0.59364254,-1.00022899,-1.24527876,-2.14523619,False
2007-01-24,QQQ,1.63860286,0.06912667,0.86690716,-1.31735131,-1.66942636,-2.14523619,False
2007-01-24,DIA,0.69940821,0.01801973,0.58487131,-0.95518344,-1.22488840,-2.14523619,False
2007-01-24,IWN,1.07434705,0.09082671,0.95883400,-1.44910331,-1.87348150,-2.14523619,False
2007-01-31,SPY,0.67007802,-0.03321370,0.58275329,-0.98582319,-1.22606917,-6.01092860,False
2007-01-31,QQQ,1.00335946,-0.12375809,0.87055258,-1.55406405,-1.93188221,-6.01092860,False
2007-01-31,DIA,0.78251185,-0.02010666,0.55967912,-0.91228949,-1.14198207,-6.01092860,False
2007-01-31,IWN,-0.29515413,0.03206388,0.96225086,-1.53024848,-1.87559624,-6.01092860,False
2007-02-07,SPY,0.22063828,0.03971730,0.59324009,-0.93910578,-1.16000175,-2.48549161,False
2007-02-07,QQQ,0.92637866,0.04376906,0.85178724,-1.41744226,-1.75369966,-2.48549161,False
2007-02-07,DIA,0.00442503,0.02629682,0.56828306,-0.93275651,-1.12222789,-2.48549161,False
2007-02-07,IWN,1.11154782,0.05526235,0.97481860,-1.52506779,-1.87708590,-2.48549161,False
2007-02-14,SPY,0.65461509,-0.02312803,0.62484292,-1.05895742,-1.30723686,-5.87541368,False
2007-02-14,QQQ,1.67312131,-0.07002724,0.89458180,-1.52158897,-1.96019542,-5.87541368,False
2007-02-14,DIA,0.68521584,0.05654447,0.59722873,-0.93309596,-1.17920805,-5.87541368,False
2007-02-14,IWN,0.00000000,-0.01991809,0.99465882,-1.60802240,-2.00845737,-5.87541368,False
2007-02-22,SPY,-0.07539728,0.04730074,0.61887614,-0.91278705,-1.24781584,-2.52691086,False
2007-02-22,QQQ,0.50765829,0.04081347,0.89876232,-1.44807493,-1.81324643,-2.52691086,False
2007-02-22,DIA,-0.41212940,0.03977942,0.59854155,-0.92583070,-1.19958322,-2.52691086,False
2007-02-22,IWN,0.27505204,0.10903956,1.00217225,-1.53300248,-1.96377167,-2.52691086,False
2007-03-01,SPY,-0.29848260,0.38035626,0.63541958,-0.72374471,-0.98257975,-1.65736725,False
2007-03-01,QQQ,-0.46262087,0.65879509,0.92500190,-0.87269208,-1.25859734,-1.65736725,False
2007-03-01,DIA,-0.27988544,0.45884002,0.59731694,-0.57234041,-0.83326491,-1.65736725,False
2007-03-01,IWN,-0.53666668,0.94901959,0.99829356,-0.67418016,-1.11923088,-1.65736725,False
2007-03-08,SPY,0.84194200,-0.24827350,0.63311477,-1.24010156,-1.54981569,-2.40666527,False
2007-03-08,QQQ,0.67717990,-0.35714988,0.92391119,-1.90778870,-2.27942959,-2.40666527,False
2007-03-08,DIA,0.55821173,-0.16954272,0.59484235,-1.08223301,-1.36187694,-2.40666527,False
2007-03-08,IWN,0.96389566,-0.42528419,1.02178805,-2.00319522,-2.50376788,-2.40666527,False
2007-03-15,SPY,0.13628184,0.26124316,0.61478567,-0.79012274,-1.06061764,-3.75770576,False
2007-03-15,QQQ,-0.23287218,0.57637147,0.88308308,-0.92090394,-1.27302035,-3.75770576,False
2007-03-15,DIA,0.21635223,0.24737043,0.58114787,-0.71992140,-0.99039774,-3.75770576,False
2007-03-15,IWN,1.14948760,0.60849448,0.97129921,-0.99295769,-1.39820974,-3.75770576,False
2007-03-22,SPY,-0.07675936,-0.04401245,0.65459092,-1.10150799,-1.40533868,-0.62551478,False
2007-03-22,QQQ,-0.36084813,0.09513937,0.93983843,-1.47164416,-1.79072793,-0.62551478,False
2007-03-22,DIA,0.10936037,0.07507278,0.63099978,-0.93893096,-1.23147919,-0.62551478,False
2007-03-22,IWN,-0.21970827,0.01020539,1.04227684,-1.70804597,-2.13636963,-0.62551478,False
2007-03-29,SPY,0.10572325,0.13408011,0.67902437,-0.97448279,-1.21004252,-1.26142180,False
2007-03-29,QQQ,0.11480260,0.21371662,0.94349862,-1.32745568,-1.69102572,-1.26142180,False
2007-03-29,DIA,0.39262806,0.11536183,0.62773064,-0.91700697,-1.14399450,-1.26142180,False
2007-03-29,IWN,0.39743337,0.31909466,1.03892025,-1.27461126,-1.79757127,-1.26142180,False
2007-04-05,SPY,0.27080249,-0.04576137,0.65001011,-1.12520474,-1.34576532,-0.62111764,False
2007-04-05,QQQ,0.49498044,-0.17348472,0.91630551,-1.64876730,-2.04310974,-0.62111764,False
2007-04-05,DIA,0.24033570,-0.02664283,0.62022874,-1.11420520,-1.29155104,-0.62111764,False
2007-04-05,IWN,0.00000000,-0.21225959,0.99978983,-1.80687135,-2.17833747,-0.62111764,False
2007-04-13,SPY,0.45522833,0.08495475,0.63372072,-0.95627493,-1.24373417,-0.99817142,False
2007-04-13,QQQ,0.20177794,0.23113732,0.90411756,-1.25902282,-1.65568052,-0.99817142,False
2007-04-13,DIA,0.47025470,0.05355544,0.61124224,-0.95231832,-1.23026005,-0.99817142,False
2007-04-13,IWN,0.59606724,0.19472319,1.01732940,-1.49467035,-1.92439970,-0.99817142,False
2007-04-20,SPY,0.93969574,0.11438626,0.63740513,-0.92508306,-1.19033638,-3.67981631,False
2007-04-20,QQQ,0.55218947,0.13674652,0.93218033,-1.40891094,-1.81107981,-3.67981631,False
2007-04-20,DIA,1.19013409,0.08266769,0.61624267,-0.89507648,-1.16759752,-3.67981631,False
2007-04-20,IWN,1.17015064,0.16409232,1.00911520,-1.41056528,-1.92712236,-3.67981631,False
2007-04-27,SPY,-0.08018008,0.11148751,0.65202232,-0.97914542,-1.26990307,-0.78831946,False
2007-04-27,QQQ,0.04296850,0.13142105,0.93966414,-1.45305635,-1.85842172,-0.78831946,False
2007-04-27,DIA,0.11774684,0.11342027,0.62383382,-0.91904563,-1.18509199,-0.78831946,False
2007-04-27,IWN,-0.45458785,0.08492794,1.01925708,-1.63472259,-2.02148386,-0.78831946,False
2007-05-04,SPY,0.37839146,-0.09750771,0.68769033,-1.19583173,-1.47234472,-1.31581957,False
2007-05-04,QQQ,0.08584488,-0.12485453,0.97371992,-1.69808474,-2.05169342,-1.31581957,False
2007-05-04,DIA,0.17535808,-0.00775883,0.65020883,-1.05125767,-1.28535163,-1.31581957,False
2007-05-04,IWN,0.52782693,-0.14137372,1.07914094,-1.81933957,-2.25633411,-1.31581957,False
2007-05-11,SPY,0.85208827,0.14391081,0.66025148,-0.95429771,-1.20781136,-1.03920282,False
2007-05-11,QQQ,1.26926312,0.07421480,0.92963136,-1.40152236,-1.84784250,-1.03920282,False
2007-05-11,DIA,0.83711228,0.11621251,0.64256793,-0.94739753,-1.21848628,-1.03920282,False
2007-05-11,IWN,1.18415012,0.17493513,1.01866992,-1.56254372,-1.99323474,-1.03920282,False
2007-05-18,SPY,0.86864202,-0.00018146,0.63543488,-1.02736769,-1.34570333,-1.78433950,False
2007-05-18,QQQ,0.81689692,-0.11230056,0.91066563,-1.64384581,-1.96636435,-1.78433950,False
2007-05-18,DIA,0.59046420,0.03858439,0.60772287,-1.01226347,-1.25531404,-1.78433950,False
2007-05-18,IWN,0.70515791,-0.17964697,0.97414900,-1.80405291,-2.21464539,-1.78433950,False
2007-05-25,SPY,0.41615915,0.04988555,0.63739874,-0.97515408,-1.28597043,-0.44182856,False
2007-05-25,QQQ,0.62621122,0.00584502,0.95659291,-1.53408580,-1.94172425,-0.44182856,False
2007-05-25,DIA,0.49094201,0.03333722,0.61292820,-0.94176670,-1.18238644,-0.44182856,False
2007-05-25,IWN,0.70038920,0.04821951,0.99481891,-1.54224220,-2.05903635,-0.44182856,False
2007-06-04,SPY,0.01303100,0.07857874,0.63010437,-1.02496792,-1.25632215,-0.26313628,False
2007-06-04,QQQ,0.29466195,0.14816383,0.92004939,-1.40562022,-1.74701193,-0.26313628,False
2007-06-04,DIA,0.06004806,0.13063610,0.59495137,-0.86630355,-1.12700104,-0.26313628,False
2007-06-04,IWN,0.01172279,0.18089252,0.99736297,-1.58761251,-1.93849198,-0.26313628,False
2007-06-11,SPY,0.17196685,0.20020772,0.65081347,-0.86601379,-1.11754253,-1.51843568,False
2007-06-11,QQQ,-0.19194266,0.32160948,0.93484172,-1.27257534,-1.59533660,-1.51843568,False
2007-06-11,DIA,0.00424889,0.21199168,0.61523205,-0.77193655,-1.03123280,-1.51843568,False
2007-06-11,IWN,-0.27581574,0.39223801,0.99013816,-1.24914747,-1.62866513,-1.51843568,False
2007-06-18,SPY,-0.11762257,-0.00153952,0.65269295,-1.06157730,-1.32299233,-1.33100280,False
2007-06-18,QQQ,0.08372987,0.01144483,0.92924448,-1.54585329,-1.89670476,-1.33100280,False
2007-06-18,DIA,-0.19447791,0.01050429,0.61860260,-1.00568631,-1.24026068,-1.33100280,False
2007-06-18,IWN,-0.71930958,-0.03190297,1.01168997,-1.71885134,-2.11249503,-1.33100280,False
2007-06-25,SPY,-0.47940866,0.05957538,0.63776892,-0.98082670,-1.22696440,-1.75804003,False
2007-06-25,QQQ,-0.42372217,0.17628641,0.89821064,-1.27410927,-1.67637474,-1.75804003,False
2007-06-25,DIA,-0.06146979,0.09499266,0.61314729,-0.87906195,-1.11232715,-1.75804003,False
2007-06-25,IWN,-0.35123267,0.28376570,0.98008470,-1.38861460,-1.74551155,-1.75804003,False
2007-07-02,SPY,0.90000187,0.08428809,0.66838836,-1.03281104,-1.30514002,-1.16537307,False
2007-07-02,QQQ,0.85760885,0.08916354,0.94281302,-1.48404365,-1.79094543,-1.16537307,False
2007-07-02,DIA,0.94128787,0.09860478,0.63244159,-0.96262553,-1.21292928,-1.16537307,False
2007-07-02,IWN,1.15888328,0.16673233,1.04446287,-1.59947086,-1.92545497,-1.16537307,False
2007-07-10,SPY,-1.36880620,0.06376116,0.64517131,-0.98513073,-1.28839580,-4.32125227,True
2007-07-10,QQQ,-0.84220794,0.05229132,0.90563033,-1.38741111,-1.80907595,-4.32125227,False
2007-07-10,DIA,-1.09216836,0.07043995,0.60738970,-0.90770655,-1.17733265,-4.32125227,True
2007-07-10,IWN,-1.85614014,-0.01095829,0.98835609,-1.68865681,-2.09185455,-4.32125227,True
2007-07-17,SPY,-0.05166541,0.12907120,0.67562539,-1.02067112,-1.29205965,-1.98039154,False
2007-07-17,QQQ,0.75942836,0.11705105,0.94290984,-1.46572647,-1.88354865,-1.98039154,False
2007-07-17,DIA,0.14733123,0.18297774,0.63972364,-0.86356890,-1.16876828,-1.98039154,False
2007-07-17,IWN,0.03607160,-0.03011197,1.03209607,-1.78664664,-2.18286031,-1.98039154,False
2007-07-24,SPY,-1.74933408,0.22536978,0.64712894,-0.86502521,-1.11677767,-7.02754787,True
2007-07-24,QQQ,-1.48894659,0.41588287,0.92594603,-1.10199079,-1.43450806,-7.02754787,True
2007-07-24,DIA,-1.63753963,0.27589361,0.61260375,-0.69411354,-1.02111489,-7.02754787,True
2007-07-24,IWN,-2.90311580,0.28900759,1.00503053,-1.41086981,-1.79045290,-7.02754787,True
2007-07-31,SPY,-1.13271119,0.11920848,0.69264199,-0.97709226,-1.35752621,-4.33987294,True
2007-07-31,QQQ,-2.12332448,0.38260563,0.94976874,-1.08050387,-1.63040150,-4.33987294,True
2007-07-31,DIA,-1.10138674,0.20681366,0.65631882,-0.85516174,-1.18660870,-4.33987294,True
2007-07-31,IWN,-1.37751393,0.63659224,1.03954506,-1.08602198,-1.55396669,-4.33987294,True
2007-08-07,SPY,1.06130976,0.22753398,0.69541499,-0.87275667,-1.23438208,-7.51229179,False
2007-08-07,QQQ,0.70624731,0.64503873,0.93390045,-0.90446304,-1.25443561,-7.51229179,False
2007-08-07,DIA,0.26337015,0.21743315,0.66169661,-0.83126939,-1.15446902,-7.51229179,False
2007-08-07,IWN,0.68933628,0.24697303,1.04713094,-1.47401875,-1.92704687,-7.51229179,False
2007-08-14,SPY,-1.54038484,0.05701809,0.70165875,-1.04890419,-1.38203145,-4.15079812,True
2007-08-14,QQQ,-1.71629123,-0.41893581,0.94002701,-1.92063839,-2.33570501,-4.15079812,False
2007-08-14,DIA,-1.58089599,0.01937170,0.65728193,-1.01515248,-1.35115853,-4.15079812,True
2007-08-14,IWN,-2.21769429,0.00399032,1.04934267,-1.76386110,-2.19078356,-4.15079812,True
2007-08-21,SPY,0.20025986,-0.02854001,0.74444032,-1.26475144,-1.56095509,-4.88930703,False
2007-08-21,QQQ,1.04755332,-0.13348988,0.96880149,-1.74889650,-2.08147778,-4.88930703,False
2007-08-21,DIA,-0.23263368,0.01791299,0.70638413,-1.16305500,-1.42917854,-4.88930703,False
2007-08-21,IWN,0.33967876,-0.31202877,1.10353246,-2.06043824,-2.49570337,-4.88930703,False
2007-08-28,SPY,-2.22255419,0.04471077,0.73612545,-1.18187102,-1.46136281,-5.79807585,True
2007-08-28,QQQ,-2.40975266,-0.04814795,0.96364944,-1.70265495,-2.03387410,-5.79807585,True
2007-08-28,DIA,-2.12631678,0.05921127,0.69892846,-1.06261044,-1.36426578,-5.79807585,True
2007-08-28,IWN,-2.80777584,-0.15624997,1.12930637,-1.92513448,-2.51843173,-5.79807585,True
2007-09-05,SPY,-0.86910739,-0.04227699,0.73442795,-1.25452369,-1.55985378,-3.31323117,False
2007-09-05,QQQ,-1.01155697,0.07249180,0.95486651,-1.50966196,-1.90981486,-3.31323117,False
2007-09-05,DIA,-1.07191675,0.05773688,0.68287409,-1.05205435,-1.33757132,-3.31323117,True
2007-09-05,IWN,-1.60147608,0.02783001,1.14337814,-1.88429472,-2.42364743,-3.31323117,False
2007-09-12,SPY,0.25734635,0.11627898,0.75905345,-1.18973426,-1.50574790,-3.96433806,False
2007-09-12,QQQ,0.02047576,0.20466125,0.94693662,-1.39308232,-1.74997287,-3.96433806,False
2007-09-12,DIA,-0.12585847,0.05421944,0.71691931,-1.14341001,-1.46526030,-3.96433806,False
2007-09-12,IWN,-1.01200955,-0.06321825,1.14606721,-2.00937912,-2.41586007,-3.96433806,False
2007-09-19,SPY,0.58855798,-0.03344645,0.76015894,-1.25338518,-1.58330471,-3.22891996,False
2007-09-19,QQQ,0.25938114,0.18800033,0.98690540,-1.45727441,-1.89390241,-3.22891996,False
2007-09-19,DIA,0.55286035,-0.01336229,0.72650766,-1.16696159,-1.45718866,-3.22891996,False
2007-09-19,IWN,1.42638061,-0.09104674,1.14988490,-1.87113624,-2.36503487,-3.22891996,False
2007-09-26,SPY,0.52700223,0.01032077,0.74658821,-1.23432229,-1.58203792,-1.95498122,False
2007-09-26,QQQ,0.48837160,0.15600004,0.93485913,-1.37682326,-1.81940155,-1.95498122,False
2007-09-26,DIA,0.71953680,-0.02604140,0.70046392,-1.21688272,-1.49296275,-1.95498122,False
2007-09-26,IWN,0.79183371,-0.12129284,1.15038928,-2.02407932,-2.55436095,-1.95498122,False
2007-10-03,SPY,-0.20137094,-0.01166728,0.78601688,-1.33622431,-1.68384592,-2.03073477,False
2007-10-03,QQQ,-0.69455346,-0.23479894,0.98656560,-1.77946229,-2.30400651,-2.03073477,False
2007-10-03,DIA,-0.56583255,-0.01859321,0.75504988,-1.29113191,-1.63312912,-2.03073477,False
2007-10-03,IWN,-0.34197957,-0.23925601,1.17849099,-2.19010002,-2.71033344,-2.03073477,False
2007-10-10,SPY,-0.16630129,0.09027737,0.75087177,-1.14608991,-1.40027721,-3.41881037,False
2007-10-10,QQQ,0.24322867,0.11904409,0.97803598,-1.57285344,-1.87299417,-3.41881037,False
2007-10-10,DIA,-0.60786385,0.08415053,0.71032662,-1.13743063,-1.41246248,-3.41881037,False
2007-10-10,IWN,-0.53670406,-0.15128821,1.13497095,-1.98843561,-2.49760011,-3.41881037,False
2007-10-17,SPY,0.30514404,0.27944097,0.75930249,-0.95077892,-1.24864760,-4.35627804,False
2007-10-17,QQQ,1.27799389,0.33858863,1.00574333,-1.37712767,-1.77550719,-4.35627804,False
2007-10-17,DIA,-0.14673657,0.16868211,0.71372635,-0.97796849,-1.26013620,-4.35627804,False
2007-10-17,IWN,0.03863155,0.32994063,1.16612486,-1.59746647,-1.99908810,-4.35627804,False
2007-10-24,SPY,-0.18467183,-0.10679203,0.74848252,-1.31939332,-1.57206459,-2.73150048,False
2007-10-24,QQQ,-0.75954142,-0.01208118,0.97981662,-1.56376379,-1.92878057,-2.73150048,False
2007-10-24,DIA,-0.00716963,-0.09945933,0.71437849,-1.21007703,-1.52167249,-2.73150048,False
2007-10-24,IWN,-1.30171609,-0.32511231,1.10831187,-2.04067146,-2.50607564,-2.73150048,False
2007-10-31,SPY,1.03342655,0.14779890,0.79862941,-1.16413642,-1.47252998,-1.33515422,False
2007-10-31,QQQ,1.40910983,0.25468404,0.99109596,-1.36608387,-1.77217504,-1.33515422,False
2007-10-31,DIA,0.99227220,0.14230283,0.74505550,-1.06681811,-1.34986775,-1.33515422,False
2007-10-31,IWN,1.53491078,0.16701398,1.16245935,-1.81336577,-2.24171964,-1.33515422,False
2007-11-07,SPY,-2.77364715,0.06643222,0.79513278,-1.26130276,-1.62801332,-8.08413506,True
2007-11-07,QQQ,-2.46245400,0.15760694,0.98414298,-1.53989545,-1.97209064,-8.08413506,True
2007-11-07,DIA,-2.67751937,0.08474681,0.75633366,-1.16577674,-1.51884820,-8.08413506,True
2007-11-07,IWN,-3.19615478,0.06435707,1.19434043,-1.87438757,-2.52681688,-8.08413506,True
2007-11-14,SPY,-0.27726495,0.11752451,0.79596620,-1.22386000,-1.50785352,-4.75974622,False
2007-11-14,QQQ,-1.28934911,0.37201651,1.06995139,-1.43046754,-1.84563352,-4.75974622,False
2007-11-14,DIA,-0.57336591,0.17540649,0.75745017,-1.05453973,-1.37631213,-4.75974622,False
2007-11-14,IWN,-0.43284046,-0.08811209,1.21161977,-2.09423550,-2.55121695,-4.75974622,False
2007-11-21,SPY,-2.06767647,-0.05256458,0.80661191,-1.28171359,-1.63386344,-6.18664648,True
2007-11-21,QQQ,-1.18946464,0.20868197,1.04450154,-1.46941766,-1.89227927,-6.18664648,False
2007-11-21,DIA,-1.63588546,-0.03446508,0.77593887,-1.25962356,-1.56647773,-6.18664648,True
2007-11-21,IWN,-1.79801652,0.10193425,1.16978906,-1.70046098,-2.23274940,-6.18664648,True
2007-12-03,SPY,-0.66140322,-0.24889803,0.83969621,-1.51824140,-1.94813818,-1.52527492,False
2007-12-03,QQQ,-0.84155419,-0.16884284,1.06981203,-1.84307059,-2.27373245,-1.52527492,False
2007-12-03,DIA,-0.42830598,-0.12344855,0.79511091,-1.36846590,-1.74184880,-1.52527492,False
2007-12-03,IWN,-1.16159292,-0.04921150,1.24308003,-2.01899185,-2.52280464,-1.52527492,False
2007-12-10,SPY,0.77234210,-0.08193330,0.85631055,-1.48475872,-1.79848674,-2.57404259,False
2007-12-10,QQQ,0.40051958,-0.28666926,1.03438997,-1.95269803,-2.33654995,-2.57404259,False
2007-12-10,DIA,0.74179878,-0.01911598,0.81776600,-1.31604307,-1.67100826,-2.57404259,False
2007-12-10,IWN,1.52056149,-0.39103672,1.23446247,-2.41233046,-2.86371367,-2.57404259,False
2007-12-17,SPY,-1.43719637,0.38547047,0.82614874,-0.99875767,-1.35635962,-5.65363291,True
2007-12-17,QQQ,-2.46287345,0.36581813,1.03180122,-1.24900491,-1.78091776,-5.65363291,True
2007-12-17,DIA,-1.30268621,0.37316940,0.78478256,-0.92974980,-1.31606539,-5.65363291,True
2007-12-17,IWN,-1.30853331,0.44815501,1.20626587,-1.47991453,-2.06015021,-5.65363291,False
2007-12-24,SPY,0.73984476,-0.30360141,0.85827964,-1.69068472,-2.07761417,-1.77277673,False
2007-12-24,QQQ,0.74938550,-0.23832061,1.07770098,-1.95387426,-2.42973972,-1.77277673,False
2007-12-24,DIA,0.73620376,-0.34340882,0.80154839,-1.66827401,-1.99920025,-1.77277673,False
2007-12-24,IWN,0.69145285,-0.76165790,1.24288946,-2.74633765,-3.25064143,-1.77277673,False
2008-01-02,SPY,-0.87935858,0.13751923,0.82660684,-1.23185722,-1.57030795,-9.29830149,False
2008-01-02,QQQ,-1.51469155,0.08002304,1.06222273,-1.68763758,-2.07849784,-9.29830149,False
2008-01-02,DIA,-1.67902492,0.10668890,0.77130631,-1.15950930,-1.46373200,-9.29830149,True
2008-01-02,IWN,-1.09851185,0.18759010,1.22701470,-1.77199380,-2.33664577,-9.29830149,False
2008-01-09,SPY,1.04560082,0.14490226,0.86284664,-1.30119276,-1.61196664,-4.30821710,False
2008-01-09,QQQ,2.10894674,-0.10680542,1.12114009,-1.97277939,-2.39280498,-4.30821710,False
2008-01-09,DIA,1.15494181,0.23178378,0.81738031,-1.13614088,-1.45220135,-4.30821710,False
2008-01-09,IWN,1.00856453,0.28337216,1.25462313,-1.83305163,-2.29307011,-4.30821710,False
2008-01-16,SPY,-0.86498190,0.40655494,0.85182476,-0.93614979,-1.27356095,-15.96986173,False
2008-01-16,QQQ,-1.07995224,0.30412482,1.10264967,-1.50038336,-1.90236367,-15.96986173,False
2008-01-16,DIA,-0.27996831,0.31123535,0.80764116,-0.99947781,-1.29942282,-15.96986173,False
2008-01-16,IWN,1.26800081,0.40179497,1.25112160,-1.68613286,-2.17699483,-15.96986173,False
2008-01-24,SPY,0.84061853,-0.01056799,0.89637597,-1.41288331,-1.79708119,-8.78432782,False
2008-01-24,QQQ,2.00159543,-0.30059181,1.14371134,-2.10175160,-2.49082280,-8.78432782,False
2008-01-24,DIA,0.87989100,-0.20997392,0.84925791,-1.56473491,-1.90814204,-8.78432782,False
2008-01-24,IWN,-0.52113413,-0.13905099,1.31201174,-2.24418660,-2.66385637,-8.78432782,False
2008-01-31,SPY,1.80703908,0.12141671,0.91529079,-1.35310563,-1.70673352,-4.20391768,False
2008-01-31,QQQ,1.69830776,0.07453255,1.14782355,-1.78670648,-2.24794827,-4.20391768,False
2008-01-31,DIA,1.65411434,0.05435184,0.86898799,-1.33461074,-1.68529955,-4.20391768,False
2008-01-31,IWN,3.08914280,-0.00928510,1.29920523,-2.16665515,-2.60981054,-4.20391768,False
2008-02-07,SPY,0.65921233,-0.03395198,0.88185260,-1.48201818,-1.88873426,-2.17973235,False
2008-02-07,QQQ,0.69839031,-0.12349779,1.12445049,-1.89791783,-2.41849086,-2.17973235,False
2008-02-07,DIA,0.38368934,-0.09574322,0.82331638,-1.46192936,-1.83340137,-2.17973235,False
2008-02-07,IWN,1.63651538,0.12473529,1.24918214,-1.96620218,-2.49171708,-2.17973235,False
2008-02-14,SPY,-0.88380323,0.14418565,0.90866045,-1.34727915,-1.77184946,-6.25277200,False
2008-02-14,QQQ,-1.82539274,0.40362694,1.13192371,-1.48685611,-1.96331035,-6.25277200,True
2008-02-14,DIA,-1.40608156,0.00176623,0.86253325,-1.38013282,-1.78727320,-6.25277200,True
2008-02-14,IWN,-2.42151244,-0.13277699,1.28671746,-2.27080111,-2.80552166,-6.25277200,True
2008-02-22,SPY,0.61389304,0.19107646,0.89100883,-1.23335114,-1.54677119,-1.84337958,False
2008-02-22,QQQ,0.36701375,0.06333307,1.14852715,-1.78969341,-2.17265867,-1.84337958,False
2008-02-22,DIA,0.78426064,0.30145399,0.85684254,-1.07031550,-1.36850252,-1.84337958,False
2008-02-22,IWN,0.12074495,0.15898736,1.26751241,-1.84835288,-2.34448843,-1.84337958,False
2008-02-29,SPY,-2.25357585,0.16665522,0.89964758,-1.27267089,-1.71615039,-7.51960831,True
2008-02-29,QQQ,-2.68765128,0.12799805,1.09626758,-1.64985293,-2.21750491,-7.51960831,True
2008-02-29,DIA,-2.54185341,0.16409890,0.86355808,-1.21556855,-1.61611028,-7.51960831,True
2008-02-29,IWN,-2.24526315,0.13959175,1.27728828,-2.02632607,-2.51844359,-7.51960831,True
2008-03-07,SPY,-1.03541310,0.02852417,0.90338707,-1.45381243,-1.77773396,-7.78980204,False
2008-03-07,QQQ,-0.23751625,-0.10712194,1.14430660,-1.99803102,-2.33124855,-7.78980204,False
2008-03-07,DIA,-1.22587571,0.09940227,0.85801026,-1.33420479,-1.59551856,-7.78980204,False
2008-03-07,IWN,0.22257812,0.21850083,1.28137174,-1.87358906,-2.32829114,-7.78980204,False
2008-03-14,SPY,-1.59207316,0.25208198,0.90621465,-1.20274564,-1.63008246,-3.27004835,True
2008-03-14,QQQ,-1.85252560,0.29726921,1.15245537,-1.61134671,-2.10375299,-3.27004835,True
2008-03-14,DIA,-1.61560366,0.03015182,0.87457793,-1.40936195,-1.81281679,-3.27004835,True
2008-03-14,IWN,-2.27828805,0.15963706,1.28669559,-1.88847524,-2.44193285,-3.27004835,True
2008-03-24,SPY,2.02362029,0.03766948,0.97739395,-1.62696802,-2.01561482,-5.89585114,False
2008-03-24,QQQ,3.39723207,0.18346327,1.17083858,-1.75251502,-2.29921734,-5.89585114,False
2008-03-24,DIA,1.50399946,-0.20683708,0.92480371,-1.69161418,-2.08724609,-5.89585114,False
2008-03-24,IWN,2.62366351,-0.24334094,1.31510469,-2.42827466,-2.94925091,-5.89585114,False
2008-03-31,SPY,0.25053609,-0.23829250,0.95352531,-1.78002990,-2.17829207,-1.36202582,False
2008-03-31,QQQ,0.52749637,-0.18091274,1.15561504,-2.04832844,-2.52282686,-1.36202582,False
2008-03-31,DIA,0.37982520,-0.06810309,0.90196233,-1.51728186,-1.88162296,-1.36202582,False
2008-03-31,IWN,0.48923080,-0.07512342,1.34612070,-2.20228377,-2.70466418,-1.36202582,False
2008-04-07,SPY,0.03651282,-0.15987119,1.00437842,-1.75923796,-2.19934397,-1.68625194,False
2008-04-07,QQQ,-0.21832050,-0.08330500,1.24278546,-2.10913212,-2.61778086,-1.68625194,False
2008-04-07,DIA,0.02386661,-0.13604896,0.95662730,-1.68460193,-2.03800968,-1.68625194,False
2008-04-07,IWN,-0.43860442,-0.26021663,1.39278820,-2.49613602,-3.04505332,-1.68625194,False
2008-04-14,SPY,-0.36050149,0.44859736,0.98636516,-1.10989490,-1.59400833,-1.76268399,False
2008-04-14,QQQ,-0.45275144,0.25898965,1.20126888,-1.76810339,-2.17594185,-1.76268399,False
2008-04-14,DIA,-0.18970928,0.44950616,0.93178361,-1.05433546,-1.43365693,-1.76268399,False
2008-04-14,IWN,-0.59291975,0.67460077,1.32792305,-1.47091358,-2.02235963,-1.76268399,False
2008-04-21,SPY,0.07936463,0.00555774,0.99893255,-1.59559050,-2.02502988,-1.49027778,False
2008-04-21,QQQ,0.70395587,0.17967088,1.21707802,-1.83437137,-2.31373964,-1.49027778,False
2008-04-21,DIA,-0.18961243,-0.23173764,0.95816558,-1.81823229,-2.19425454,-1.49027778,False
2008-04-21,IWN,-0.33367468,-0.33226491,1.39971120,-2.67272607,-3.18477742,-1.49027778,False
2008-04-28,SPY,0.07883599,0.05846391,0.96749790,-1.61752985,-1.98744256,-2.95872943,False
2008-04-28,QQQ,0.19073265,0.10171815,1.18880821,-1.77795075,-2.37902660,-2.95872943,False
2008-04-28,DIA,-0.15611480,0.19000764,0.91608169,-1.36057469,-1.74854176,-2.95872943,False
2008-04-28,IWN,0.63843411,0.03684749,1.34848013,-2.23565212,-2.84538358,-2.95872943,False
2008-05-05,SPY,-0.53131285,-0.04095853,1.01189432,-1.72906631,-2.20153556,-2.42560127,False
2008-05-05,QQQ,-0.28747058,0.11293893,1.24336752,-1.93432937,-2.49638532,-2.42560127,False
2008-05-05,DIA,-0.68127730,0.06283063,0.94874474,-1.45442859,-1.95427625,-2.42560127,False
2008-05-05,IWN,-0.36211025,-0.07326947,1.37509664,-2.38526746,-2.93867580,-2.42560127,False
2008-05-12,SPY,1.11686159,-0.07229310,0.98924313,-1.65295011,-2.10756789,-3.06018816,False
2008-05-12,QQQ,1.80893441,-0.29001985,1.21981826,-2.24379306,-2.82767768,-3.06018816,False
2008-05-12,DIA,1.01810836,-0.04410891,0.94415466,-1.54438013,-2.01339523,-3.06018816,False
2008-05-12,IWN,1.36493420,-0.17142141,1.35211934,-2.34184812,-2.90724985,-3.06018816,False
2008-05-19,SPY,0.26594090,-0.22211731,1.03060652,-2.00761007,-2.29732078,-3.96405957,False
2008-05-19,QQQ,-0.72043360,-0.07336642,1.28086536,-2.13777991,-2.63563733,-3.96405957,False
2008-05-19,DIA,0.31797423,-0.03603227,0.97609378,-1.63634886,-2.00327150,-3.96405957,False
2008-05-19,IWN,-0.32989939,-0.23871997,1.39536766,-2.62146979,-3.12456477,-3.96405957,False
2008-05-27,SPY,0.81057262,0.09175036,1.00500113,-1.57122863,-1.95879858,-3.44050746,False
2008-05-27,QQQ,1.74808520,-0.02516565,1.20616617,-2.01150435,-2.42142976,-3.44050746,False
2008-05-27,DIA,0.54914439,0.00686426,0.94401774,-1.57729280,-1.93587826,-3.44050746,False
2008-05-27,IWN,1.20299905,-0.04542058,1.36623940,-2.29263700,-2.77857954,-3.44050746,False
2008-06-03,SPY,-0.51985698,-0.06603679,1.00043575,-1.70852374,-2.10717088,-2.47942299,False
2008-06-03,QQQ,-0.54805722,-0.09608633,1.22876798,-2.12391272,-2.54477177,-2.47942299,False
2008-06-03,DIA,-0.81079690,-0.02403171,0.94767245,-1.63734529,-1.96553901,-2.47942299,False
2008-06-03,IWN,-0.48753414,0.07283230,1.37861680,-2.14269860,-2.65633526,-2.47942299,False
2008-06-10,SPY,-0.51337883,0.35786858,1.02371912,-1.23913570,-1.71500576,-4.54687589,False
2008-06-10,QQQ,-0.47274650,0.45113128,1.26830099,-1.63843310,-2.13565286,-4.54687589,False
2008-06-10,DIA,0.07683736,0.26139545,0.96684800,-1.32375618,-1.74267670,-4.54687589,False
2008-06-10,IWN,-0.23135152,0.52635917,1.39671353,-1.72488918,-2.30398081,-4.54687589,False
2008-06-17,SPY,-0.48561498,-0.21274823,1.02875749,-1.99158916,-2.38773321,-2.78840839,False
2008-06-17,QQQ,-0.53421846,-0.23757195,1.24189252,-2.33556214,-2.85663506,-2.78840839,False
2008-06-17,DIA,-0.89057536,-0.20964138,0.97708513,-1.84573268,-2.23847584,-2.78840839,False
2008-06-17,IWN,-0.94073497,-0.36868113,1.40108225,-2.68901483,-3.28839262,-2.78840839,False
2008-06-24,SPY,-0.19799261,0.05851161,1.04303384,-1.66747408,-2.15385561,-4.08109109,False
2008-06-24,QQQ,-0.51138037,0.19287197,1.27247030,-1.97759231,-2.59188153,-4.08109109,False
2008-06-24,DIA,-0.29539988,0.20197850,0.98691068,-1.36234928,-1.90198853,-4.08109109,False
2008-06-24,IWN,-1.27753970,0.25683345,1.39178110,-2.14888188,-2.64466553,-4.08109109,False
2008-07-01,SPY,0.29636796,-0.01478710,1.01405826,-1.70357282,-2.13735313,-3.50457033,False
2008-07-01,QQQ,1.40694111,0.19160035,1.26329903,-1.91679196,-2.40048504,-3.50457033,False
2008-07-01,DIA,0.28373781,0.22781272,0.97484674,-1.44158265,-1.83476896,-3.50457033,False
2008-07-01,IWN,-0.10945956,0.15670578,1.35192285,-2.09050005,-2.68737106,-3.50457033,False
2008-07-09,SPY,-1.91281589,-0.23656888,1.07347635,-2.03722614,-2.46762864,-4.69037183,False
2008-07-09,QQQ,-2.68971204,-0.36326972,1.31405148,-2.47836126,-3.22565214,-4.69037183,True
2008-07-09,DIA,-2.10173965,-0.56675824,1.01704536,-2.23030748,-2.68363772,-4.69037183,False
2008-07-09,IWN,-3.57816484,-0.51310991,1.38594542,-2.83340010,-3.31183926,-4.69037183,True
2008-07-16,SPY,2.42507634,0.27346459,1.04846681,-1.52796318,-1.90457769,-9.48344302,False
2008-07-16,QQQ,2.45604822,0.00136934,1.30895576,-2.17935303,-2.64630437,-9.48344302,False
2008-07-16,DIA,2.49308057,-0.01604923,0.98748826,-1.68737279,-2.05181783,-9.48344302,False
2008-07-16,IWN,4.61195435,0.27655532,1.40389640,-2.12377257,-2.65102019,-9.48344302,False
2008-07-23,SPY,0.58691650,0.03444591,1.06482841,-1.79053957,-2.14750664,-2.68121893,False
2008-07-23,QQQ,1.30886404,0.03937857,1.29688389,-2.06991648,-2.61323522,-2.68121893,False
2008-07-23,DIA,0.25719880,-0.09260571,1.01754740,-1.80223775,-2.16115343,-2.68121893,False
2008-07-23,IWN,0.99753980,-0.05960097,1.47275378,-2.55243327,-3.18673447,-2.68121893,False
2008-07-30,SPY,1.76611190,-0.43728682,1.12098164,-2.26613514,-2.77482526,-11.08354460,False
2008-07-30,QQQ,0.50599801,-0.27932271,1.37889376,-2.49698706,-3.13996601,-11.08354460,False
2008-07-30,DIA,1.61988465,-0.52110939,1.06790063,-2.23267951,-2.72726672,-11.08354460,False
2008-07-30,IWN,0.14954055,-0.53904308,1.52135970,-2.89673614,-3.55425076,-11.08354460,False
2008-08-06,SPY,0.44308438,-0.00927495,1.08602631,-1.79248983,-2.23935601,-2.96418873,False
2008-08-06,QQQ,1.51254399,0.05292234,1.30609907,-2.06030942,-2.63947292,-2.96418873,False
2008-08-06,DIA,0.34634855,-0.21027856,1.06904402,-1.92239096,-2.44851415,-2.96418873,False
2008-08-06,IWN,0.36887186,-0.37286794,1.43844367,-2.66868016,-3.19490751,-2.96418873,False
2008-08-13,SPY,-0.59710501,-0.32139745,1.11176336,-2.14634746,-2.63069609,-3.78574390,False
2008-08-13,QQQ,-0.20940719,-0.28977446,1.33193259,-2.40097044,-2.95001787,-3.78574390,False
2008-08-13,DIA,-0.94505704,-0.19325392,1.07073017,-1.93626762,-2.42368914,-3.78574390,False
2008-08-13,IWN,-0.15674605,-0.36901665,1.51568164,-2.73737161,-3.54372483,-3.78574390,False
2008-08-20,SPY,0.43201133,0.06389572,1.11832905,-1.80194134,-2.29112692,-2.15260528,False
2008-08-20,QQQ,0.17005975,0.07690397,1.33777179,-2.15124870,-2.77603022,-2.15260528,False
2008-08-20,DIA,0.60511440,0.14387176,1.08823363,-1.58392491,-2.19073067,-2.15260528,False
2008-08-20,IWN,0.33458507,0.19482423,1.54151843,-2.32466447,-3.05454992,-2.15260528,False
2008-08-27,SPY,0.82037427,-0.05909871,1.06737492,-1.85938663,-2.27797217,-2.22127373,False
2008-08-27,QQQ,0.64410853,0.07013899,1.27664902,-2.01112488,-2.54043985,-2.22127373,False
2008-08-27,DIA,0.78235803,0.00154227,1.05055066,-1.70293692,-2.20844998,-2.22127373,False
2008-08-27,IWN,1.18517458,-0.05747958,1.47086136,-2.49775123,-3.11073844,-2.22127373,False
2008-09-04,SPY,-3.05686374,0.24588464,1.08152258,-1.56021570,-1.93429859,-7.04696182,True
2008-09-04,QQQ,-3.28936891,0.21602429,1.30108420,-1.94154735,-2.46270497,-7.04696182,True
2008-09-04,DIA,-3.03397000,0.15392830,1.05221146,-1.50664991,-1.97440988,-7.04696182,True
2008-09-04,IWN,-2.99430884,0.27131844,1.47747284,-2.14483716,-2.77122150,-7.04696182,True
2008-09-11,SPY,1.43642970,0.13083053,1.14202282,-1.76115972,-2.16413696,-3.72397952,False
2008-09-11,QQQ,1.85186804,-0.02588312,1.35722088,-2.32180732,-2.92855814,-3.72397952,False
2008-09-11,DIA,1.45175246,-0.03472234,1.11819969,-1.88573298,-2.35604846,-3.72397952,False
2008-09-11,IWN,0.81880568,0.00713037,1.53596629,-2.49528291,-3.03489091,-3.72397952,False
2008-09-18,SPY,2.92399574,0.55625588,1.22828420,-1.54264475,-1.98950568,-19.37997033,False
2008-09-18,QQQ,3.32624913,0.42893660,1.45062150,-1.94046868,-2.66740782,-19.37997033,False
2008-09-18,DIA,3.79187832,0.66837687,1.19305454,-1.28345209,-1.79232192,-19.37997033,False
2008-09-18,IWN,7.19011475,1.07066260,1.62981308,-1.67848176,-2.34676591,-19.37997033,False
2008-09-25,SPY,1.55188628,0.06288849,1.18625879,-1.81073283,-2.46763054,-5.37174607,False
2008-09-25,QQQ,1.57866334,0.01586703,1.38239524,-2.23085916,-2.92366980,-5.37174607,False
2008-09-25,DIA,1.80247139,0.08757726,1.15709973,-1.76021749,-2.32055756,-5.37174607,False
2008-09-25,IWN,0.23474054,-0.18613893,1.64848567,-2.90800548,-3.61192036,-5.37174607,False
2008-10-02,SPY,-3.69482092,-0.26149569,1.21034305,-2.20372373,-2.79295985,-8.41161052,True
2008-10-02,QQQ,-4.65201972,0.18224196,1.38024402,-2.12936230,-2.76200696,-8.41161052,True
2008-10-02,DIA,-3.26783331,-0.02406840,1.17597733,-1.91064671,-2.49212341,-8.41161052,True
2008-10-02,IWN,-4.78696468,-0.22464764,1.60010331,-2.75199429,-3.67090681,-8.41161052,True
2008-10-09,SPY,-7.23982474,0.34439631,1.36321146,-1.88083688,-2.38133094,-48.70553597,True
2008-10-09,QQQ,-2.72278488,0.31262931,1.57860914,-2.23235375,-2.81625375,-48.70553597,True
2008-10-09,DIA,-7.61592507,0.43216600,1.33261764,-1.82096739,-2.23944527,-48.70553597,True
2008-10-09,IWN,-9.58663449,0.88399903,1.81095367,-2.01160573,-2.68165102,-48.70553597,True
2008-10-16,SPY,4.08129509,1.21166982,1.55410229,-1.36437568,-2.05258910,-8.44967846,False
2008-10-16,QQQ,5.28285238,1.43348947,1.63725473,-1.23912120,-1.97718957,-8.44967846,False
2008-10-16,DIA,4.57271339,1.08445579,1.46432835,-1.36945767,-1.97942345,-8.44967846,False
2008-10-16,IWN,6.01731822,2.60913672,1.92097657,-0.71607239,-1.35491512,-8.44967846,False
2008-10-23,SPY,1.15179337,0.86196404,1.57181706,-1.85929016,-2.50710596,-28.34481848,False
2008-10-23,QQQ,-0.39276040,1.37659949,1.67414497,-1.45307071,-2.20905853,-28.34481848,False
2008-10-23,DIA,1.99931589,0.86770372,1.51023618,-1.64533856,-2.33749839,-28.34481848,False
2008-10-23,IWN,-3.10369555,1.87326141,1.93794940,-1.32104140,-2.15652740,-28.34481848,True
2008-10-30,SPY,3.40084863,-2.66351426,1.57597774,-5.37627083,-6.08248671,-17.74011408,False
2008-10-30,QQQ,3.28093930,-2.61951540,1.71215479,-5.42296635,-6.10747904,-17.74011408,False
2008-10-30,DIA,2.08827807,-2.53496126,1.48123028,-4.96607111,-5.74881532,-17.74011408,False
2008-10-30,IWN,5.58173018,-2.62693983,1.90700752,-5.87456490,-6.70740805,-17.74011408,False
2008-11-06,SPY,-5.70050446,-1.84541970,1.72388664,-4.78468381,-5.54463255,-7.03946283,True
2008-11-06,QQQ,-4.57304972,-1.23197589,1.78618734,-4.21299970,-4.98088555,-7.03946283,True
2008-11-06,DIA,-4.97414584,-1.08282021,1.63384668,-4.05227536,-4.62571393,-7.03946283,True
2008-11-06,IWN,-3.22671261,-0.63644726,2.02210699,-3.94516219,-4.80292546,-7.03946283,False
2008-11-13,SPY,6.04733540,1.26494188,1.76422628,-1.68312446,-2.49294720,-10.31210563,False
2008-11-13,QQQ,5.91690643,1.28874134,1.82872500,-1.67886672,-2.55780361,-10.31210563,False
2008-11-13,DIA,6.45852049,1.50232401,1.65355310,-1.33072943,-2.08229671,-10.31210563,False
2008-11-13,IWN,9.06216733,1.60464571,2.08925797,-1.83236997,-2.87505260,-10.31210563,False
2008-11-20,SPY,-7.71328667,-0.78561278,1.73468213,-3.68122794,-4.35736760,-16.82856076,True
2008-11-20,QQQ,-4.96096015,0.00294647,1.80420000,-3.00820066,-3.60115442,-16.82856076,True
2008-11-20,DIA,-5.72506303,-0.49113736,1.65148657,-3.16168794,-3.91815868,-16.82856076,True
2008-11-20,IWN,-7.10416202,0.29979712,2.15901565,-3.25594751,-4.03947422,-16.82856076,True
2008-11-28,SPY,1.25099213,-0.77427878,1.83225610,-3.76328533,-4.68574885,-6.69725751,False
2008-11-28,QQQ,-0.78670974,-1.00318061,1.84355758,-4.08781162,-4.87236337,-6.69725751,False
2008-11-28,DIA,1.16692643,-0.83693600,1.69140339,-3.71809362,-4.44226914,-6.69725751,False
2008-11-28,IWN,2.18662979,-1.13426992,2.22272732,-4.76033509,-5.83830460,-6.69725751,False
2008-12-05,SPY,3.03674488,0.20296684,1.92595340,-2.85074396,-3.75276503,-5.49829530,False
2008-12-05,QQQ,3.98291508,0.17864958,1.98384079,-3.06943338,-3.89548616,-5.49829530,False
2008-12-05,DIA,3.04731878,0.32078210,1.78027655,-2.51105838,-3.27195955,-5.49829530,False
2008-12-05,IWN,4.38283416,0.45866804,2.34640737,-3.47340853,-4.47549394,-5.49829530,False
2008-12-12,SPY,1.18694710,-0.78093325,2.00069152,-4.15329301,-4.99502790,-6.97103640,False
2008-12-12,QQQ,2.00775113,-0.37199110,2.02111034,-3.77536476,-4.62219275,-6.97103640,False
2008-12-12,DIA,0.75127734,-0.31256632,1.85105396,-3.47724747,-4.21315057,-6.97103640,False
2008-12-12,IWN,3.57653056,0.07981576,2.43322710,-4.00230602,-5.00379728,-6.97103640,False
2008-12-19,SPY,-0.42905463,0.47949063,1.92756829,-2.62659971,-3.46887065,-5.32794793,False
2008-12-19,QQQ,0.81712648,0.50470021,1.93622074,-2.65332828,-3.35565693,-5.32794793,False
2008-12-19,DIA,-0.30120656,0.49267074,1.78447432,-2.44568367,-3.18008412,-5.32794793,False
2008-12-19,IWN,0.98298368,0.28444059,2.36996451,-3.58608936,-4.51663001,-5.32794793,False
2008-12-29,SPY,-0.28732943,-0.20064262,1.97608331,-3.21718168,-4.15589134,-4.66426952,False
2008-12-29,QQQ,-0.82720340,-0.29542185,1.97559208,-3.40648488,-4.27728102,-4.66426952,False
2008-12-29,DIA,-0.37201300,-0.25267104,1.83084350,-3.09990525,-3.96507961,-4.66426952,False
2008-12-29,IWN,-2.25941997,-0.40246607,2.43002868,-4.12231704,-5.26933496,-4.66426952,False
2009-01-06,SPY,0.66551859,-0.74732429,1.91110051,-3.84160313,-4.69097544,-3.97439038,False
2009-01-06,QQQ,0.99437024,-0.85534995,1.95081037,-4.05486807,-4.79439630,-3.97439038,False
2009-01-06,DIA,0.69245643,-0.69465797,1.78943624,-3.65959681,-4.37943447,-3.97439038,False
2009-01-06,IWN,1.74511670,-0.44074556,2.44020294,-4.32198814,-5.34946778,-3.97439038,False
2009-01-13,SPY,0.18389734,0.16329060,1.94134014,-3.00083971,-3.85038000,-4.64504016,False
2009-01-13,QQQ,0.03376198,0.36133411,1.95215844,-2.84892779,-3.80436037,-4.64504016,False
2009-01-13,DIA,-0.30031113,0.14424653,1.79746121,-2.84388214,-3.61061734,-4.64504016,False
2009-01-13,IWN,1.19426202,0.24621737,2.44334214,-3.87571552,-4.88773920,-4.64504016,False
2009-01-21,SPY,4.22858622,0.29426456,1.96796969,-2.97372911,-3.82226348,-6.16906127,False
2009-01-21,QQQ,4.16810422,0.82102193,2.00220023,-2.39083248,-3.32006196,-6.16906127,False
2009-01-21,DIA,3.44976452,0.43796562,1.81767101,-2.46112565,-3.32112606,-6.16906127,False
2009-01-21,IWN,5.09951098,1.04498374,2.45789681,-3.00939112,-3.98270790,-6.16906127,False
2009-01-28,SPY,3.32747741,-0.56307927,2.01184229,-3.80863519,-4.67197820,-6.40758306,False
2009-01-28,QQQ,3.45266531,-0.57449524,2.06173079,-3.93580642,-4.79991344,-6.40758306,False
2009-01-28,DIA,2.42571428,-0.50981564,1.85426840,-3.56039654,-4.28361362,-6.40758306,False
2009-01-28,IWN,4.03191586,-0.59307349,2.52344682,-4.74781221,-5.69710524,-6.40758306,False
2009-02-04,SPY,-0.49075462,-0.03699010,2.07955711,-3.34856430,-4.33160440,-6.46660822,False
2009-02-04,QQQ,0.13388929,0.05417021,2.06519402,-3.38529169,-4.32462823,-6.46660822,False
2009-02-04,DIA,-1.51795303,-0.14241420,1.90896637,-3.15959927,-4.00514327,-6.46660822,False
2009-02-04,IWN,-1.14658244,-0.17534838,2.62217932,-4.38665001,-5.48437434,-6.46660822,False
2009-02-11,SPY,0.58786899,0.42721048,2.10350001,-2.88764947,-3.70723840,-4.63306306,False
2009-02-11,QQQ,-0.46248810,0.59584753,2.16637451,-2.88046300,-3.58619322,-4.63306306,False
2009-02-11,DIA,0.63998941,0.62562892,1.92611500,-2.44917915,-3.14366966,-4.63306306,False
2009-02-11,IWN,0.28339853,0.93704371,2.57777632,-3.23674935,-4.16859646,-4.63306306,False
2009-02-19,SPY,-1.08132792,0.70986305,2.09343431,-2.71984445,-3.68373322,-4.47043782,False
2009-02-19,QQQ,-1.55090955,0.75017496,2.11591112,-2.74942482,-3.67715358,-4.47043782,False
2009-02-19,DIA,-1.19402573,0.74175470,1.93378642,-2.37997521,-3.22881579,-4.47043782,False
2009-02-19,IWN,-1.83632514,0.75802467,2.64239903,-3.57997072,-4.69822055,-4.47043782,False
2009-02-26,SPY,-1.63954261,-1.13904104,2.09162455,-4.69519565,-5.49024229,-5.29408727,False
2009-02-26,QQQ,-2.83807306,-0.98164004,2.10047683,-4.59113355,-5.26560555,-5.29408727,False
2009-02-26,DIA,-1.22896701,-0.97785861,1.90262265,-4.08890880,-4.87303122,-5.29408727,False
2009-02-26,IWN,-1.88376180,-0.53872340,2.53055747,-4.66889072,-5.72382756,-5.29408727,False
2009-03-05,SPY,-4.17048042,-0.73852475,2.10550884,-4.23197036,-4.97457719,-6.85196550,False
2009-03-05,QQQ,-3.04623963,-0.60777370,2.08991618,-4.00920331,-4.79232099,-6.85196550,False
2009-03-05,DIA,-4.17869342,-0.73109596,1.92440530,-3.98202636,-4.59588437,-6.85196550,True
2009-03-05,IWN,-6.29708096,-0.70382275,2.60600497,-4.87703208,-6.12359710,-6.85196550,True
2009-03-12,SPY,3.86162428,-0.87692070,2.20657023,-4.37015585,-5.37421770,-7.34292211,False
2009-03-12,QQQ,3.26157664,-0.98374128,2.21760381,-4.60089809,-5.26567397,-7.34292211,False
2009-03-12,DIA,3.39965196,-0.96399398,2.04671612,-4.26657253,-5.06615028,-7.34292211,False
2009-03-12,IWN,6.68627679,-0.43726174,2.67375669,-5.01131348,-6.07581047,-7.34292211,False
2009-03-19,SPY,-1.24631746,-0.05127556,2.03890816,-3.40140337,-4.13438521,-5.28672211,False
2009-03-19,QQQ,-0.06731330,-0.44094710,2.07318114,-3.83765516,-4.67058225,-5.28672211,False
2009-03-19,DIA,-1.15240223,-0.14645204,1.85836417,-3.28103367,-3.94640101,-5.28672211,False
2009-03-19,IWN,-1.04793862,-0.44765520,2.64141100,-4.74290526,-5.84398887,-5.28672211,False
2009-03-26,SPY,2.01762749,-0.25980810,2.17243323,-3.96048275,-4.69696593,-8.13358499,False
2009-03-26,QQQ,3.03837965,-0.32106333,2.14542458,-3.88832215,-4.79030739,-8.13358499,False
2009-03-26,DIA,2.22984705,-0.33575980,1.98931718,-3.80649313,-4.45602589,-8.13358499,False
2009-03-26,IWN,4.72368927,-0.69967608,2.68040187,-5.33240412,-6.22520186,-8.13358499,False
2009-04-02,SPY,2.88180171,-0.42607382,2.23769408,-3.89689025,-4.74143139,-6.85293148,False
2009-04-02,QQQ,3.16660553,-0.42859135,2.18650549,-4.07166655,-4.71719406,-6.85293148,False
2009-04-02,DIA,2.75092822,-0.53964269,2.08041692,-3.82142578,-4.54985748,-6.85293148,False
2009-04-02,IWN,5.66170923,-0.48228880,2.80767518,-4.81892883,-6.00635267,-6.85293148,False
2009-04-09,SPY,3.89737496,-0.28242586,2.26976507,-4.02306887,-5.02414466,-8.27611382,False
2009-04-09,QQQ,3.05157150,-0.28780966,2.25576141,-4.07659248,-4.79754525,-8.27611382,False
2009-04-09,DIA,3.09399583,-0.21108267,2.09341441,-3.59532173,-4.53709968,-8.27611382,False
2009-04-09,IWN,6.34987890,-0.50067848,2.86379471,-5.34133963,-6.43654246,-8.27611382,False
2009-04-17,SPY,0.66830387,-0.01006502,2.15688541,-3.56213244,-4.38367176,-4.17481281,False
2009-04-17,QQQ,0.21037963,-0.26528348,2.19477768,-3.68918870,-4.68721104,-4.17481281,False
2009-04-17,DIA,0.07258396,-0.16884182,1.97954512,-3.36025778,-4.13795870,-4.17481281,False
2009-04-17,IWN,0.93564898,-0.34548270,2.79560552,-5.08327618,-6.11075935,-4.17481281,False
2009-04-24,SPY,1.49980152,-0.53182713,2.30524329,-4.33338693,-5.17181144,-4.21560520,False
2009-04-24,QQQ,1.73651964,-0.40314260,2.25522000,-4.07844209,-4.90337453,-4.21560520,False
2009-04-24,DIA,1.48730112,-0.45535051,2.09699106,-3.86359226,-4.68366216,-4.21560520,False
2009-04-24,IWN,1.80307092,-0.37011668,2.90439581,-5.08742114,-5.97599790,-4.21560520,False
2009-05-01,SPY,0.53617814,-0.27305408,2.18677201,-4.07294375,-4.72766263,-4.01527152,False
2009-05-01,QQQ,0.26221387,-0.35795702,2.17354435,-4.10601908,-4.86337153,-4.01527152,False
2009-05-01,DIA,0.54076647,-0.28961080,1.97949435,-3.71129221,-4.37516834,-4.01527152,False
2009-05-01,IWN,0.10975421,0.03674634,2.83275575,-4.43202028,-5.77750346,-4.01527152,False
2009-05-08,SPY,2.30642118,-1.55742078,2.31119202,-5.54728309,-6.56995296,-9.25104844,False
2009-05-08,QQQ,0.05844852,-1.13567555,2.28280999,-5.10221166,-5.94970597,-9.25104844,False
2009-05-08,DIA,1.94066322,-1.25824758,2.12243765,-4.89492745,-5.79618723,-9.25104844,False
2009-05-08,IWN,3.91380533,-1.07947853,2.87409605,-6.07862635,-7.19747999,-9.25104844,False
2009-05-15,SPY,-0.81950561,-0.18549749,2.26878414,-4.07823250,-4.90857119,-3.99413170,False
2009-05-15,QQQ,-0.05991936,-0.10303599,2.22337130,-3.80339772,-4.80591458,-3.99413170,False
2009-05-15,DIA,-0.75519457,-0.15012277,2.07643272,-3.69881221,-4.50219750,-3.99413170,False
2009-05-15,IWN,-0.42157234,-0.09978963,2.92734281,-4.93222453,-6.31506960,-3.99413170,False
2009-05-22,SPY,-0.21325419,-0.03701739,2.22451446,-3.56162524,-4.35167402,-3.76488226,False
2009-05-22,QQQ,-0.32744804,0.03175134,2.18566900,-3.40531773,-4.23877369,-3.76488226,False
2009-05-22,DIA,-0.17875794,0.07490783,2.03465115,-3.15600672,-3.95064088,-3.76488226,False
2009-05-22,IWN,-0.55493092,0.15795490,2.85432573,-4.30418308,-5.45304362,-3.76488226,False
2009-06-01,SPY,2.39206983,-1.01236818,2.23080494,-4.46732479,-5.54370841,-5.66613467,False
2009-06-01,QQQ,2.81475131,-0.93165928,2.21649608,-4.65715522,-5.46155910,-5.66613467,False
2009-06-01,DIA,2.56794097,-0.91231099,2.04807527,-4.28699567,-5.04360994,-5.66613467,False
2009-06-01,IWN,3.97484149,-0.81068519,2.87830237,-5.63404603,-6.69210465,-5.66613467,False
2009-06-08,SPY,-0.41330927,-0.21842694,2.30532141,-3.98259614,-4.99121235,-4.52893744,False
2009-06-08,QQQ,-0.29954002,-0.23461066,2.23797792,-3.70011907,-4.77710137,-4.52893744,False
2009-06-08,DIA,0.01552179,-0.28262111,2.09726187,-3.73060328,-4.59523052,-4.52893744,False
2009-06-08,IWN,-0.98044777,-0.21367921,2.88720563,-4.88529532,-6.10426459,-4.52893744,False
2009-06-15,SPY,-2.31951854,-0.80821554,2.26948572,-4.49826231,-5.53359787,-3.89712858,False
2009-06-15,QQQ,-2.06759141,-0.66189855,2.23025556,-4.30143086,-5.43289771,-3.89712858,False
2009-06-15,DIA,-2.14959413,-0.72998341,2.07329382,-4.10409065,-5.04736997,-3.89712858,False
2009-06-15,IWN,-2.42131897,-0.65629081,2.86147655,-5.40175188,-6.67967448,-3.89712858,False
2009-06-22,SPY,-3.04456030,-0.65348209,2.23326105,-4.52758069,-5.39707672,-4.59382253,False
2009-06-22,QQQ,-3.03223066,-0.68649330,2.19698980,-4.40174042,-5.23099576,-4.59382253,False
2009-06-22,DIA,-2.37849696,-0.56064791,2.06388215,-4.18606480,-4.91253378,-4.59382253,False
2009-06-22,IWN,-3.21390962,-0.43953004,2.82431001,-5.08113060,-6.33480289,-4.59382253,False
2009-06-29,SPY,0.93202391,-0.03855658,2.24211677,-3.63514388,-4.84756512,-4.76501115,False
2009-06-29,QQQ,0.21972943,-0.13280420,2.20589461,-3.84597944,-4.76703515,-4.76501115,False
2009-06-29,DIA,1.07251778,-0.12490877,2.02883461,-3.37921312,-4.39090768,-4.76501115,False
2009-06-29,IWN,-0.12804275,-0.09452971,2.85836351,-4.77950309,-6.26221210,-4.76501115,False
2009-07-07,SPY,-1.95661464,-0.12730787,2.37989560,-3.85184794,-4.93278253,-4.72627215,False
2009-07-07,QQQ,-2.51668506,0.05611753,2.24942441,-3.57545749,-4.58633484,-4.72627215,False
2009-07-07,DIA,-1.95621717,-0.07671013,2.18023830,-3.49459274,-4.44824064,-4.72627215,False
2009-07-07,IWN,-2.34723672,-0.07212532,2.96518378,-4.77042482,-6.02225134,-4.72627215,False
2009-07-14,SPY,0.56445536,-0.44280647,2.36106692,-4.37098753,-5.24284612,-3.80916782,False
2009-07-14,QQQ,0.36458737,-0.47098958,2.31051256,-4.37720720,-5.26914272,-3.80916782,False
2009-07-14,DIA,0.33323639,-0.52991766,2.18191745,-4.14796959,-4.97916284,-3.80916782,False
2009-07-14,IWN,0.59585461,-0.76073350,3.00584198,-5.47284821,-6.83095184,-3.80916782,False
2009-07-21,SPY,0.46140852,0.03582708,2.37355258,-3.71056901,-4.85058409,-4.88556121,False
2009-07-21,QQQ,0.68328003,-0.00036447,2.32952372,-3.82679694,-4.83903547,-4.88556121,False
2009-07-21,DIA,0.76322881,-0.10743009,2.15993690,-3.55307101,-4.43101843,-4.88556121,False
2009-07-21,IWN,-0.35219946,0.06042111,3.01862213,-4.93782904,-6.29787391,-4.88556121,False
2009-07-28,SPY,-0.46878334,-0.42325054,2.34932780,-4.31704278,-5.37880032,-4.02435155,False
2009-07-28,QQQ,-0.68857567,-0.43246789,2.27352171,-4.29284686,-5.38787973,-4.02435155,False
2009-07-28,DIA,-0.12952434,-0.36276039,2.15882295,-3.89637326,-4.97159004,-4.02435155,False
2009-07-28,IWN,-0.01966246,-0.49088002,2.99880942,-5.51805201,-6.83529593,-4.02435155,False
2009-08-04,SPY,0.25849473,-0.46988729,2.30631947,-4.37274291,-5.19798804,-4.01645661,False
2009-08-04,QQQ,0.00000000,-0.47889304,2.24562367,-4.25492359,-5.10649276,-4.01645661,False
2009-08-04,DIA,0.36149071,-0.45093908,2.10175875,-3.93001096,-4.80261893,-4.01645661,False
2009-08-04,IWN,1.13276189,-0.54086824,2.97499764,-5.40145551,-6.56260827,-4.01645661,False
2009-08-11,SPY,-1.25555639,0.19180216,2.23941757,-3.32387719,-4.22887505,-4.01100115,False
2009-08-11,QQQ,-0.86239229,0.09450242,2.20456717,-3.45288229,-4.23417670,-4.01100115,False
2009-08-11,DIA,-1.03879421,0.16679031,2.06375542,-3.07591133,-3.89400224,-4.01100115,False
2009-08-11,IWN,-2.03121483,-0.05337686,2.81808221,-4.49995800,-5.63291151,-4.01100115,False
2009-08-18,SPY,0.79026591,-0.38661378,2.27121501,-4.10395390,-5.10301320,-3.75830230,False
2009-08-18,QQQ,1.41916258,0.01007549,2.19189418,-3.63378038,-4.45961823,-3.75830230,False
2009-08-18,DIA,0.90012419,-0.22006215,2.07443085,-3.67559282,-4.48752673,-3.75830230,False
2009-08-18,IWN,1.46208602,-0.01144722,2.86336838,-4.68791548,-5.91079257,-3.75830230,False
2009-08-25,SPY,0.19406311,-0.48652696,2.15686177,-4.05233441,-4.85896069,-3.61974936,False
2009-08-25,QQQ,0.29770614,-0.44243615,2.13490726,-3.93510904,-4.77463514,-3.61974936,False
2009-08-25,DIA,0.31508638,-0.48681021,1.97268562,-3.71649479,-4.50658258,-3.61974936,False
2009-08-25,IWN,0.50827872,-0.37621964,2.78427103,-4.82483333,-6.05528583,-3.61974936,False
2009-09-01,SPY,-2.23049546,-0.43349298,2.23001059,-4.16290048,-5.03626437,-4.00900843,False
2009-09-01,QQQ,-1.89135901,-0.19800221,2.22077790,-3.83285256,-4.62642788,-4.00900843,False
2009-09-01,DIA,-1.97466815,-0.38479816,2.04507645,-3.87124941,-4.63578138,-4.00900843,False
2009-09-01,IWN,-2.79329816,-0.22579146,2.84552079,-5.05562595,-6.09932211,-4.00900843,False
2009-09-09,SPY,0.76450474,-0.07836235,2.24783705,-3.52867536,-4.58920548,-3.76375824,False
2009-09-09,QQQ,0.85538546,-0.13930111,2.20613085,-3.70390511,-4.67810237,-3.76375824,False
2009-09-09,DIA,0.52382429,-0.15744410,2.04590620,-3.45156692,-4.26495881,-3.76375824,False
2009-09-09,IWN,1.35678656,-0.20174082,2.89696957,-4.91984179,-6.18503256,-3.76375824,False
2009-09-16,SPY,1.50210411,-0.15071887,2.24080627,-3.90673825,-4.78372626,-4.14468272,False
2009-09-16,QQQ,1.44847408,-0.13449917,2.20002540,-3.65020627,-4.52462611,-4.14468272,False
2009-09-16,DIA,1.11219767,-0.21434189,2.08173361,-3.68876252,-4.48637147,-4.14468272,False
2009-09-16,IWN,2.19979846,-0.43720009,2.91130478,-5.17095358,-6.26952359,-4.14468272,False
2009-09-23,SPY,-0.83470090,-0.19685289,2.16900879,-3.60711089,-4.81589256,-3.61482391,False
2009-09-23,QQQ,-0.47005937,-0.10035120,2.13989987,-3.38648809,-4.61129983,-3.61482391,False
2009-09-23,DIA,-0.83071839,-0.23557599,1.97879691,-3.28858206,-4.48901864,-3.61482391,False
2009-09-23,IWN,-1.36149859,-0.36233367,2.83051019,-4.84747079,-6.38976662,-3.61482391,False
2009-09-30,SPY,-0.38754898,-0.44145885,2.29266003,-4.33826013,-5.05747372,-4.49896061,False
2009-09-30,QQQ,0.07099433,-0.41157770,2.20948416,-4.05292387,-4.82694322,-4.49896061,False
2009-09-30,DIA,-0.30758903,-0.37572083,2.08875249,-3.85543862,-4.53536580,-4.49896061,False
2009-09-30,IWN,-1.66950979,-0.41990387,2.88534943,-4.95464122,-6.14036456,-4.49896061,False
2009-10-07,SPY,0.27452790,-0.58654726,2.26816176,-4.05564927,-4.89463058,-3.77472152,False
2009-10-07,QQQ,0.28568219,-0.61071621,2.20465320,-4.19641653,-4.90652838,-3.77472152,False
2009-10-07,DIA,-0.05828185,-0.60807404,2.05690104,-3.90511123,-4.53215274,-3.77472152,False
2009-10-07,IWN,0.23076259,-0.60935731,2.91574815,-5.23720341,-6.30107199,-3.77472152,False
2009-10-14,SPY,1.70696947,-0.30916252,2.19169557,-3.77432179,-4.86318179,-3.93380160,False
2009-10-14,QQQ,1.35289025,-0.23513247,2.10981143,-3.68682889,-4.52869638,-3.93380160,False
2009-10-14,DIA,1.45626733,-0.30923537,2.00853554,-3.41496032,-4.46040838,-3.93380160,False
2009-10-14,IWN,1.88177044,-0.13966181,2.82365443,-4.47935606,-5.87950734,-3.93380160,False
2009-10-21,SPY,-0.90138721,0.12979363,2.21798550,-3.47638168,-4.40286421,-4.10790404,False
2009-10-21,QQQ,-0.18532531,0.10967144,2.11279947,-3.36191668,-4.15910183,-4.10790404,False
2009-10-21,DIA,-0.92162959,0.09023159,2.04550594,-3.29017688,-4.10351058,-4.10790404,False
2009-10-21,IWN,-1.36605185,0.37552693,2.85032777,-4.35428226,-5.67093864,-4.10790404,False
2009-10-28,SPY,-1.90674768,-0.18977889,2.18829397,-3.85965390,-4.79437675,-5.28750768,False
2009-10-28,QQQ,-2.26932205,0.08559792,2.12001950,-3.57508245,-4.40338547,-5.28750768,False
2009-10-28,DIA,-1.21640950,-0.17972956,2.00285017,-3.41812241,-4.27246567,-5.28750768,False
2009-10-28,IWN,-3.31889163,-0.35393349,2.85601903,-5.12009408,-6.19233468,-5.28750768,False
2009-11-04,SPY,0.25763368,-0.29892077,2.28961430,-4.09258865,-4.82694635,-5.03312514,False
2009-11-04,QQQ,0.16950275,-0.26114700,2.22219887,-3.91638836,-4.63374437,-5.03312514,False
2009-11-04,DIA,0.30887245,-0.25719400,2.09247369,-3.74624535,-4.37354423,-5.03312514,False
2009-11-04,IWN,-1.40021112,-0.12914310,2.92142979,-4.86294790,-5.79319199,-5.03312514,False
2009-11-11,SPY,0.50962992,-0.57857340,2.23307846,-4.13640175,-5.19031235,-3.53622493,False
2009-11-11,QQQ,0.63993224,-0.46507854,2.15974195,-3.94416258,-4.93842219,-3.53622493,False
2009-11-11,DIA,0.43129490,-0.59119443,2.02711316,-3.86802414,-4.74886522,-3.53622493,False
2009-11-11,IWN,0.89031732,-0.30322229,2.87770789,-5.22662341,-6.38088984,-3.53622493,False
2009-11-18,SPY,-0.06287284,-0.12523620,2.18707390,-3.70837941,-4.76176515,-3.70504252,False
2009-11-18,QQQ,-0.55542048,-0.14340302,2.03095221,-3.55207298,-4.36545893,-3.70504252,False
2009-11-18,DIA,-0.10650350,-0.17685259,2.02717958,-3.48008006,-4.47367405,-3.70504252,False
2009-11-18,IWN,0.14218520,-0.13747340,2.88520444,-4.64012815,-6.03841924,-3.70504252,False
2009-11-25,SPY,0.35076753,-0.14200734,2.29486439,-3.99194318,-5.02537634,-3.70275716,False
2009-11-25,QQQ,0.43094687,-0.11910895,2.16285581,-3.78066014,-4.63777187,-3.70275716,False
2009-11-25,DIA,0.29371480,-0.13467448,2.07536677,-3.68122981,-4.53884289,-3.70275716,False
2009-11-25,IWN,-0.05401841,0.06634583,2.92076023,-4.58213292,-5.96439540,-3.70275716,False
2009-12-03,SPY,-0.78508550,0.17383617,2.19447886,-3.48116267,-4.38028932,-3.66473203,False
2009-12-03,QQQ,-0.40928688,0.11845420,2.10915318,-3.40491717,-4.27821267,-3.66473203,False
2009-12-03,DIA,-0.83126475,0.07771054,2.04052086,-3.32599399,-4.14482792,-3.66473203,False
2009-12-03,IWN,-1.46248892,-0.04865085,2.84582388,-4.76880395,-5.94334249,-3.66473203,False
2009-12-10,SPY,0.56198213,0.35467391,2.25709448,-3.41988520,-4.39604606,-3.99220792,False
2009-12-10,QQQ,0.49777679,0.27418308,2.14531613,-3.22139077,-4.13552226,-3.99220792,False
2009-12-10,DIA,0.66317264,0.28661338,2.05518951,-2.97140282,-3.98045192,-3.99220792,False
2009-12-10,IWN,-0.42940577,0.31294682,2.84542407,-4.40623204,-5.66329845,-3.99220792,False
2009-12-17,SPY,-1.20886828,0.12442286,2.29453807,-3.69090368,-4.77142668,-3.97261147,False
2009-12-17,QQQ,-1.22481063,0.07586160,2.17812919,-3.44883237,-4.52014571,-3.97261147,False
2009-12-17,DIA,-1.28063698,0.13651244,2.08579294,-3.29080675,-4.31445872,-3.97261147,False
2009-12-17,IWN,-0.94705878,0.01517420,2.86145054,-4.59479406,-5.90095624,-3.97261147,False
2009-12-24,SPY,0.47228770,0.67153830,2.26976553,-2.98640367,-4.05925324,-3.82162068,False
2009-12-24,QQQ,0.91765144,0.44039397,2.16300257,-3.19066195,-4.00007703,-3.82162068,False
2009-12-24,DIA,0.51127572,0.55040031,2.06582378,-2.81879712,-3.73151836,-3.82162068,False
2009-12-24,IWN,0.50877247,0.41141563,2.93866401,-4.28589532,-5.62737442,-3.82162068,False
2010-01-04,SPY,1.68177166,0.20098028,2.25115003,-3.57733664,-4.54186942,-3.76343139,False
2010-01-04,QQQ,1.45391922,0.25512285,2.06126947,-3.20772971,-4.06394087,-3.76343139,False
2010-01-04,DIA,1.48403759,0.27465090,2.06395077,-3.15624479,-4.07594565,-3.76343139,False
2010-01-04,IWN,2.60194143,0.43584705,2.89193271,-4.50439468,-5.57434654,-3.76343139,False
2010-01-11,SPY,0.13958494,0.06504016,2.23312804,-3.59922823,-4.45288633,-4.04778140,False
2010-01-11,QQQ,-0.40901179,0.00344364,2.15140362,-3.37906276,-4.33112130,-4.04778140,False
2010-01-11,DIA,0.43040581,0.05147719,2.03247290,-3.31551665,-4.03436715,-4.04778140,False
2010-01-11,IWN,-0.56580885,-0.04974635,2.84494145,-4.80429482,-5.65458180,-4.04778140,False
2010-01-19,SPY,1.24180686,0.00380596,2.21047233,-3.67415374,-4.58997154,-3.70430476,False
2010-01-19,QQQ,1.60108054,0.09589346,2.06019231,-3.25404332,-4.31944865,-3.70430476,False
2010-01-19,DIA,1.08535272,0.01892426,2.01574288,-3.38037328,-4.24136897,-3.70430476,False
2010-01-19,IWN,1.89595989,0.04856203,2.78071499,-4.42684225,-5.60716565,-3.70430476,False
2010-01-26,SPY,-0.41989396,-0.25182392,2.08356867,-3.81797255,-4.62658377,-3.98506327,False
2010-01-26,QQQ,0.09032761,-0.21755801,2.00119266,-3.45958548,-4.43765952,-3.98506327,False
2010-01-26,DIA,-0.02521094,-0.12157313,1.91025728,-3.26722491,-4.20935678,-3.98506327,False
2010-01-26,IWN,-0.95479183,-0.20610670,2.71950432,-4.65496610,-5.79217166,-3.98506327,False
2010-02-02,SPY,1.20306587,-0.43578129,2.23377331,-4.05841826,-5.03396392,-3.78396310,False
2010-02-02,QQQ,0.89753898,-0.39723156,2.11081039,-3.90343822,-4.68098875,-3.78396310,False
2010-02-02,DIA,1.08698693,-0.33804255,2.00579409,-3.67597971,-4.41915892,-3.78396310,False
2010-02-02,IWN,1.06338076,-0.24171502,2.87393938,-4.99885690,-6.30205739,-3.78396310,False
2010-02-09,SPY,1.24817824,0.18051309,2.24836391,-3.60698500,-4.44073638,-3.81274445,False
2010-02-09,QQQ,1.02595216,0.19209684,2.11635364,-3.41213829,-4.21017370,-3.81274445,False
2010-02-09,DIA,1.50500943,0.24480983,2.06163379,-3.23866643,-3.97729862,-3.81274445,False
2010-02-09,IWN,1.35711851,0.32023146,2.87641555,-4.21464279,-5.41124643,-3.81274445,False
2010-02-17,SPY,0.47271451,-0.27332296,2.22858931,-3.95434073,-4.88088923,-3.58206317,False
2010-02-17,QQQ,0.56254156,-0.38406978,2.10742952,-3.88418935,-4.90306109,-3.58206317,False
2010-02-17,DIA,0.39294931,-0.33728412,2.02916847,-3.77699592,-4.57028193,-3.58206317,False
2010-02-17,IWN,0.68696920,-0.70509748,2.82145793,-5.32085620,-6.52645822,-3.58206317,False
2010-02-24,SPY,0.91556166,-0.24999908,2.19611157,-3.84098595,-4.93667405,-3.50128215,False
2010-02-24,QQQ,1.01383993,-0.15187391,2.01361787,-3.54682037,-4.51799095,-3.50128215,False
2010-02-24,DIA,0.88834305,-0.19738926,2.00557209,-3.58360154,-4.49033914,-3.50128215,False
2010-02-24,IWN,0.93166386,-0.29859160,2.81612434,-5.01260651,-6.46978942,-3.50128215,False
2010-03-03,SPY,0.08908713,0.33191058,2.18027605,-3.26019718,-4.12409905,-3.45420208,False
2010-03-03,QQQ,0.10961184,0.24454981,2.06659613,-3.15474782,-3.91954168,-3.45420208,False
2010-03-03,DIA,-0.08864890,0.26537952,1.97419341,-3.00270467,-3.74755632,-3.45420208,False
2010-03-03,IWN,0.32823969,0.07919073,2.80759783,-4.62013756,-5.63976885,-3.45420208,False
2010-03-10,SPY,0.44457497,0.04543523,2.16120802,-3.29425793,-4.28577875,-3.90246220,False
2010-03-10,QQQ,0.80878211,0.02578237,2.07012485,-3.35798414,-4.14084656,-3.90246220,False
2010-03-10,DIA,0.02792202,0.01230175,1.95698037,-2.98214883,-3.93550109,-3.90246220,False
2010-03-10,IWN,0.83802231,-0.09990395,2.79646444,-4.58435492,-5.84351497,-3.90246220,False
2010-03-17,SPY,0.59099217,-0.33212138,2.09472441,-3.72987162,-4.61142681,-3.45802595,False
2010-03-17,QQQ,0.27306287,-0.33697185,2.01149394,-3.60001431,-4.43622101,-3.45802595,False
2010-03-17,DIA,0.44528718,-0.26204518,1.90324290,-3.29226210,-4.12709631,-3.45802595,False
2010-03-17,IWN,0.79409450,-0.37319434,2.77091797,-4.91495810,-6.09379115,-3.45802595,False
2010-03-24,SPY,-0.48668706,0.25559206,2.23111738,-3.47648683,-4.24717302,-3.34836113,False
2010-03-24,QQQ,-0.48194322,0.16457209,2.03227383,-3.11051098,-3.94024126,-3.34836113,False
2010-03-24,DIA,-0.48496986,0.09770250,2.01878556,-3.24546685,-3.95773270,-3.34836113,False
2010-03-24,IWN,-0.93388838,-0.09254877,2.83744810,-4.79006815,-5.76091543,-3.34836113,False
2010-03-31,SPY,-0.34125452,-0.26256680,2.10869747,-3.76103885,-4.53632981,-3.33150739,False
2010-03-31,QQQ,-0.47643271,-0.23664521,1.99968268,-3.45594591,-4.22223463,-3.33150739,False
2010-03-31,DIA,-0.46673384,-0.27289724,1.90585085,-3.49627163,-4.09106446,-3.33150739,False
2010-03-31,IWN,-0.74905635,-0.29869264,2.71595189,-4.65902299,-5.78170208,-3.33150739,False
2010-04-08,SPY,0.34578891,0.14636206,2.09881748,-3.23653958,-4.16098901,-3.21813359,False
2010-04-08,QQQ,0.22593990,0.11108426,1.97652001,-2.92274597,-3.96179765,-3.21813359,False
2010-04-08,DIA,0.27080296,0.13860064,1.89407686,-2.98639158,-3.61662775,-3.21813359,False
2010-04-08,IWN,-0.03019530,-0.05758934,2.61245798,-4.49630288,-5.40294654,-3.21813359,False
2010-04-15,SPY,0.08248794,0.29273649,2.16240223,-3.00220048,-3.94266422,-3.61792425,False
2010-04-15,QQQ,0.43981966,0.16194014,2.06012156,-2.96577588,-3.92999440,-3.61792425,False
2010-04-15,DIA,0.19274487,0.16930371,1.95853370,-2.87261755,-3.71413437,-3.61792425,False
2010-04-15,IWN,0.33536281,-0.05506972,2.87044946,-4.42953910,-5.88346549,-3.61792425,False
2010-04-22,SPY,0.29789822,-0.13766361,2.14520356,-3.69243897,-4.63122243,-4.17519460,False
2010-04-22,QQQ,0.55809742,-0.10631455,2.00541375,-3.40043987,-4.27263182,-4.17519460,False
2010-04-22,DIA,0.08419077,-0.18986028,1.94256658,-3.36562832,-4.31813925,-4.17519460,False
2010-04-22,IWN,1.32624876,-0.62889906,2.69982246,-4.76423123,-6.22379002,-4.17519460,False
2010-04-29,SPY,1.23216423,0.03502036,2.09605887,-3.40183335,-4.33485234,-3.70824428,False
2010-04-29,QQQ,1.72693035,0.10314397,1.95755313,-3.10721121,-3.95321115,-3.70824428,False
2010-04-29,DIA,1.09894460,0.07060858,1.87960814,-3.02116761,-3.89135236,-3.70824428,False
2010-04-29,IWN,2.26953385,0.10087397,2.67560057,-4.07161214,-5.50770613,-3.70824428,False
2010-05-06,SPY,-3.37776529,-0.56852284,2.08056587,-4.12062436,-4.81925637,-4.83466204,False
2010-05-06,QQQ,-3.39870570,-0.31240638,1.94692912,-3.44290622,-4.23472270,-4.83466204,False
2010-05-06,DIA,-3.24063859,-0.40057991,1.87398832,-3.64398574,-4.24917676,-4.83466204,False
2010-05-06,IWN,-4.00390531,-0.31106713,2.66017828,-4.65797634,-5.65007082,-4.83466204,False
2010-05-13,SPY,-1.25086346,0.70897383,2.00494769,-2.49989294,-3.37015160,-4.83932040,False
2010-05-13,QQQ,-1.59636743,0.67406282,1.91128474,-2.40265622,-3.21917500,-4.83932040,False
2010-05-13,DIA,-1.05130797,0.52886568,1.78467108,-2.37082200,-3.11310518,-4.83932040,False
2010-05-13,IWN,-1.14978093,0.02117633,2.61649431,-4.40039968,-5.38753243,-4.83932040,False
2010-05-20,SPY,-3.84908544,0.34801350,1.92804472,-2.71919991,-3.61672081,-5.86756522,True
2010-05-20,QQQ,-3.78328332,0.36403549,1.85578228,-2.58791072,-3.40691453,-5.86756522,True
2010-05-20,DIA,-3.67000362,0.34980121,1.75707738,-2.48304562,-3.25476436,-5.86756522,True
2010-05-20,IWN,-5.56234777,0.58043281,2.59135377,-3.71581915,-4.85414471,-5.86756522,True
2010-05-27,SPY,3.29494838,-0.21999052,2.02183357,-3.45553222,-4.21419759,-4.74763946,False
2010-05-27,QQQ,3.70871780,-0.07946373,1.94162248,-3.16140870,-3.86713032,-4.74763946,False
2010-05-27,DIA,2.81275704,-0.12573908,1.82176575,-3.00728018,-3.71596544,-4.74763946,False
2010-05-27,IWN,4.52272945,-0.28804100,2.72435804,-4.80297245,-5.73136309,-4.74763946,False
2010-06-04,SPY,-3.57693755,-0.24179872,1.90869972,-3.48671211,-4.28533357,-4.55498372,True
2010-06-04,QQQ,-3.48249718,-0.27921771,1.80498899,-3.29311576,-3.96754833,-4.55498372,True
2010-06-04,DIA,-3.20339073,-0.19018685,1.72239802,-3.08851427,-3.84755141,-4.55498372,True
2010-06-04,IWN,-5.47050167,-0.21593771,2.63756211,-4.59511737,-5.74733194,-4.55498372,True
2010-06-11,SPY,0.48437459,-0.14062748,1.81430557,-3.14097178,-3.92371635,-3.10242446,False
2010-06-11,QQQ,0.94953773,0.00258029,1.75677179,-2.80789665,-3.76180796,-3.10242446,False
2010-06-11,DIA,0.37814758,-0.28026066,1.64137577,-2.96855096,-3.70277650,-3.10242446,False
2010-06-11,IWN,1.30568058,-0.35136091,2.51068814,-4.46254995,-5.60685686,-3.10242446,False
2010-06-18,SPY,0.10836119,0.21408951,1.80361419,-2.71137498,-3.55986126,-2.22421474,False
2010-06-18,QQQ,0.08302021,0.22211423,1.70386063,-2.62863543,-3.36194638,-2.22421474,False
2010-06-18,DIA,0.15771945,0.15297041,1.62199962,-2.57686591,-3.24993111,-2.22421474,False
2010-06-18,IWN,0.11164463,0.27367101,2.45980284,-3.86522840,-4.83921731,-2.22421474,False
2010-06-25,SPY,0.41802943,0.28944950,1.61384301,-2.21556442,-3.05662291,-6.35017053,False
2010-06-25,QQQ,-0.17654634,0.35539729,1.58523119,-2.06274254,-2.89380121,-6.35017053,False
2010-06-25,DIA,-0.08858820,0.26248181,1.44746402,-2.01016892,-2.75205549,-6.35017053,False
2010-06-25,IWN,1.96444847,0.33538044,2.24249836,-3.29256130,-4.37218564,-6.35017053,False
2010-07-02,SPY,-0.54645721,0.32593173,1.54864629,-2.22042666,-2.91241659,-2.39758732,False
2010-07-02,QQQ,-0.28207285,0.29392682,1.53988740,-2.22824839,-2.89060402,-2.39758732,False
2010-07-02,DIA,-0.47427633,0.27138647,1.42435780,-2.04885963,-2.68249355,-2.39758732,False
2010-07-02,IWN,-1.16770093,0.54746016,2.20549231,-3.02988927,-4.15709329,-2.39758732,False
2010-07-12,SPY,0.06488618,-0.13658399,1.54436148,-2.67652518,-3.22875830,-2.95672468,False
2010-07-12,QQQ,0.29091426,0.02148378,1.54487525,-2.48814135,-3.10760390,-2.95672468,False
2010-07-12,DIA,0.17869048,-0.13452021,1.39853718,-2.47683613,-2.90854136,-2.95672468,False
2010-07-12,IWN,-1.02830219,-0.28441365,2.16070377,-3.79030702,-4.56416888,-2.95672468,False
2010-07-19,SPY,0.58892298,0.48480902,1.52439155,-1.90436340,-2.68042203,-2.69921634,False
2010-07-19,QQQ,0.85337107,0.37057022,1.51258737,-2.08275782,-2.69615294,-2.69921634,False
2010-07-19,DIA,0.55825129,0.50991248,1.38491910,-1.68058893,-2.37879093,-2.69921634,False
2010-07-19,IWN,0.29832398,0.90740758,2.10398557,-2.67057867,-3.47169540,-2.69921634,False
2010-07-26,SPY,1.03623907,-0.33632004,1.48756168,-2.85325629,-3.53866128,-3.48200265,False
2010-07-26,QQQ,0.82163413,-0.04839110,1.50630702,-2.49896000,-3.28383678,-3.48200265,False
2010-07-26,DIA,0.96238796,-0.29392803,1.34584884,-2.60280688,-3.24021384,-3.48200265,False
2010-07-26,IWN,2.02884081,-0.70705897,2.09481802,-4.21582043,-5.19557439,-3.48200265,False
2010-08-02,SPY,2.23300692,-0.10744240,1.53332482,-2.77794256,-3.36601751,-4.03560041,False
2010-08-02,QQQ,1.85993878,0.00373446,1.51417383,-2.49639107,-3.22539701,-4.03560041,False
2010-08-02,DIA,1.97202551,-0.11499611,1.38504158,-2.38108455,-3.01832918,-4.03560041,False
2010-08-02,IWN,1.66479875,-0.31146708,2.11205111,-3.78187610,-4.79299709,-4.03560041,False
2010-08-09,SPY,0.53239560,0.27057081,1.48504637,-2.12307823,-2.72042432,-1.71484317,False
2010-08-09,QQQ,0.68205939,0.23385351,1.46153813,-2.09315792,-2.71538321,-1.71484317,False
2010-08-09,DIA,0.42328412,0.22876169,1.35288752,-1.94394612,-2.47050707,-1.71484317,False
2010-08-09,IWN,1.09394401,0.50030190,2.06754838,-2.82648423,-3.76831579,-1.71484317,False
2010-08-16,SPY,-0.04619021,0.16694481,1.48240670,-2.23676800,-2.78417402,-2.26287390,False
2010-08-16,QQQ,0.17871577,0.21344841,1.48032364,-2.19395674,-2.72388853,-2.26287390,False
2010-08-16,DIA,-0.01107101,0.12038560,1.34168343,-2.04907187,-2.54591122,-2.26287390,False
2010-08-16,IWN,0.73296942,0.28035391,2.09178297,-3.18317219,-3.94242442,-2.26287390,False
2010-08-23,SPY,-0.38205499,0.28356588,1.47211138,-2.18297563,-2.67870777,-3.21078500,False
2010-08-23,QQQ,-0.98431763,0.28978794,1.48267742,-2.15899779,-2.69921164,-3.21078500,False
2010-08-23,DIA,-0.38463694,0.24130858,1.34382620,-2.00915861,-2.49497123,-3.21078500,False
2010-08-23,IWN,-1.50378551,0.29837446,2.05393099,-3.03553301,-3.80003136,-3.21078500,False
2010-08-30,SPY,-1.46114665,-0.09722965,1.44730227,-2.38970534,-2.95464484,-2.15903976,False
2010-08-30,QQQ,-1.04927330,0.05026280,1.42175434,-2.34686005,-2.79573255,-2.15903976,False
2010-08-30,DIA,-1.39801124,-0.16061846,1.33569760,-2.32232213,-2.82122675,-2.15903976,False
2010-08-30,IWN,-2.18546754,-0.05473883,2.02683693,-3.29644075,-3.93999663,-2.15903976,False
2010-09-07,SPY,-1.13365437,0.10870776,1.41495037,-2.18475032,-2.70787550,-2.77807803,False
2010-09-07,QQQ,-0.67613410,0.05533034,1.38897580,-2.11811048,-2.70311406,-2.77807803,False
2010-09-07,DIA,-1.03172073,0.08777676,1.29697360,-1.97661707,-2.49378280,-2.77807803,False
2010-09-07,IWN,-2.11032501,0.16745561,1.98233700,-3.01061553,-3.85216009,-2.77807803,False
2010-09-14,SPY,-0.06211173,0.16273685,1.41841705,-2.26410780,-2.75413786,-2.27346090,False
2010-09-14,QQQ,0.42240224,0.20260186,1.40808019,-2.06076828,-2.62221226,-2.27346090,False
2010-09-14,DIA,-0.16743412,0.13443492,1.29160240,-1.97962254,-2.46202940,-2.27346090,False
2010-09-14,IWN,-0.54600920,0.21354700,2.02736411,-3.00372873,-3.99498701,-2.27346090,False
2010-09-21,SPY,-0.20155344,-0.08851679,1.38323418,-2.48040567,-2.95257887,-2.20034476,False
2010-09-21,QQQ,-0.01841471,0.07907136,1.38505167,-2.25712238,-2.80562048,-2.20034476,False
2010-09-21,DIA,0.06888516,-0.11459349,1.24105005,-2.32545013,-2.70479134,-2.20034476,False
2010-09-21,IWN,-0.56747831,-0.27558372,2.00350534,-3.66914823,-4.34111442,-2.20034476,False
2010-09-28,SPY,0.34942997,-0.12286244,1.43751960,-2.53032997,-3.07605011,-2.29996876,False
2010-09-28,QQQ,-0.04042862,-0.05256145,1.44492297,-2.33600163,-2.97399187,-2.29996876,False
2010-09-28,DIA,0.42546643,-0.03482825,1.30729876,-2.18659226,-2.75584845,-2.29996876,False
2010-09-28,IWN,0.95755369,-0.19934781,2.08189612,-3.70207882,-4.50659066,-2.29996876,False
2010-10-05,SPY,1.99320844,0.20309022,1.31650992,-1.91308664,-2.48100218,-2.84334907,False
2010-10-05,QQQ,2.40480765,0.21400146,1.35077413,-2.00469939,-2.51802906,-2.84334907,False
2010-10-05,DIA,1.78332802,0.21438650,1.19230196,-1.71353185,-2.24060466,-2.84334907,False
2010-10-05,IWN,2.59962723,0.36106299,1.90942436,-2.64368602,-3.63517138,-2.84334907,False
2010-10-12,SPY,0.30814831,-0.06068127,1.34290184,-2.16834669,-2.70998106,-1.95902827,False
2010-10-12,QQQ,0.68084035,0.01119681,1.37588935,-2.15269807,-2.71769029,-1.95902827,False
2010-10-12,DIA,0.09133239,-0.02936892,1.21158063,-1.96336047,-2.45307919,-1.95902827,False
2010-10-12,IWN,0.23498660,-0.16036962,1.95092873,-3.29567393,-3.98416479,-1.95902827,False
2010-10-19,SPY,-1.53874198,0.14051025,1.27729878,-1.94711819,-2.49702143,-2.26724154,False
2010-10-19,QQQ,-0.94007276,0.41916272,1.29861902,-1.76406453,-2.34363574,-2.26724154,False
2010-10-19,DIA,-1.49237001,0.11807913,1.15397496,-1.76301977,-2.28242010,-2.26724154,False
2010-10-19,IWN,-2.05142174,0.23314219,1.82890450,-2.87580089,-3.57025126,-2.26724154,False
2010-10-26,SPY,0.01687534,0.03026819,1.24007975,-2.02072715,-2.52603469,-1.29769718,False
2010-10-26,QQQ,0.26950671,0.02035630,1.28171002,-2.06343272,-2.66848147,-1.29769718,False
2010-10-26,DIA,0.04844917,0.03332822,1.11858732,-1.77171268,-2.25779412,-1.29769718,False
2010-10-26,IWN,-0.10786371,0.01408087,1.82168152,-2.98458102,-3.70541336,-1.29769718,False
2010-11-02,SPY,0.79827414,0.13148346,1.21513038,-1.83952834,-2.25148822,-3.00511226,False
2010-11-02,QQQ,1.06667212,0.06475731,1.27683132,-1.92770528,-2.42548170,-3.00511226,False
2010-11-02,DIA,0.57454220,0.12133876,1.09106765,-1.63521792,-2.03128270,-3.00511226,False
2010-11-02,IWN,2.08870914,0.17313724,1.77380591,-2.78556475,-3.37485031,-3.00511226,False
2010-11-09,SPY,-0.72104537,0.12685395,1.17578788,-1.88995440,-2.24959271,-1.80596378,False
2010-11-09,QQQ,-0.53548340,0.03592371,1.22039493,-2.06651323,-2.37851407,-1.80596378,False
2010-11-09,DIA,-0.52817986,0.14584909,1.06374034,-1.58199992,-2.04608887,-1.80596378,False
2010-11-09,IWN,-1.46010013,0.17418022,1.73425557,-2.80079297,-3.30804645,-1.80596378,False
2010-11-16,SPY,-1.57020414,-0.05060833,1.19181058,-1.94575775,-2.45369825,-2.30265234,False
2010-11-16,QQQ,-1.66728837,0.03447986,1.24585595,-2.00125403,-2.46555507,-2.30265234,False
2010-11-16,DIA,-1.60602713,-0.09457501,1.07442329,-1.81527556,-2.30614570,-2.30265234,False
2010-11-16,IWN,-2.08085768,-0.06046662,1.72914231,-2.90421548,-3.56038969,-2.30265234,False
2010-11-23,SPY,-1.45831611,0.24117607,1.16305703,-1.69196322,-2.19117992,-3.69906322,False
2010-11-23,QQQ,-1.60037747,0.11631577,1.22720122,-1.89828999,-2.42866519,-3.69906322,False
2010-11-23,DIA,-1.28032646,0.27055805,1.05334154,-1.43125926,-1.91728488,-3.69906322,False
2010-11-23,IWN,-1.00166331,0.21581213,1.65304765,-2.48207288,-3.19959202,-3.69906322,False
2010-12-01,SPY,2.10444726,-0.00350377,1.13628828,-1.82962424,-2.25925146,-5.18219610,False
2010-12-01,QQQ,2.09926773,-0.04066488,1.18441814,-1.91452805,-2.34650009,-5.18219610,False
2010-12-01,DIA,2.24394507,0.02489236,1.03532676,-1.64535467,-2.03887867,-5.18219610,False
2010-12-01,IWN,2.09712703,0.26833736,1.62758675,-2.35576943,-2.97634385,-5.18219610,False
2010-12-08,SPY,0.36568326,-0.06572515,1.17228929,-2.01985143,-2.38419221,-1.79113586,False
2010-12-08,QQQ,0.37046150,-0.07681033,1.23769673,-2.10251751,-2.55960799,-1.79113586,False
2010-12-08,DIA,0.11719613,-0.05677995,1.06100187,-1.86748001,-2.19301816,-1.79113586,False
2010-12-08,IWN,0.10093832,-0.09973152,1.65724367,-2.77041306,-3.30307911,-1.79113586,False
2010-12-15,SPY,-0.45820643,0.00464830,1.12799974,-1.84589403,-2.39494886,-1.60200899,False
2010-12-15,QQQ,-0.43299788,0.11797000,1.20395317,-1.81068561,-2.39319223,-1.60200899,False
2010-12-15,DIA,-0.16630589,-0.01583484,1.01453355,-1.69209756,-2.17507952,-1.60200899,False
2010-12-15,IWN,-0.57117586,0.03443327,1.60717030,-2.61605528,-3.42565590,-1.60200899,False
2010-12-22,SPY,0.31054195,-0.08583763,1.10639089,-1.96202084,-2.41219728,-1.26700935,False
2010-12-22,QQQ,-0.00905302,-0.05298627,1.15903760,-1.91336712,-2.39339523,-1.26700935,False
2010-12-22,DIA,0.22803802,-0.05720400,1.00037030,-1.75938438,-2.14639744,-1.26700935,False
2010-12-22,IWN,0.31838184,0.01129265,1.56227475,-2.51860330,-3.20673300,-1.26700935,False
2010-12-30,SPY,-0.15897323,0.07938069,1.09397038,-1.72846405,-2.14128243,-0.71990188,False
2010-12-30,QQQ,-0.23757597,0.12183490,1.15302319,-1.74860381,-2.15559004,-0.71990188,False
2010-12-30,DIA,-0.13534737,0.06874028,0.98585588,-1.53760952,-1.87401633,-0.71990188,False
2010-12-30,IWN,-0.09774746,0.11314319,1.50979068,-2.33941193,-2.94211402,-0.71990188,False
2011-01-06,SPY,-0.19605899,0.28085849,1.14878170,-1.68661710,-2.09777616,-1.70892137,False
2011-01-06,QQQ,0.32239431,0.23349504,1.20777207,-1.83141762,-2.32320988,-1.70892137,False
2011-01-06,DIA,-0.21844400,0.26072767,1.02887889,-1.46847250,-1.82786583,-1.70892137,False
2011-01-06,IWN,-0.44575693,0.28761903,1.61971696,-2.61278224,-3.13404191,-1.70892137,False
2011-01-13,SPY,-0.16344355,0.07942960,1.05295657,-1.61470355,-2.00217266,-0.72286314,False
2011-01-13,QQQ,0.03530872,0.14329542,1.11582399,-1.61264293,-2.04014704,-0.72286314,False
2011-01-13,DIA,-0.20044847,0.07607446,0.95921498,-1.44608078,-1.86768142,-0.72286314,False
2011-01-13,IWN,-0.27644143,0.20071670,1.49663716,-2.10518977,-2.72413690,-0.72286314,False
2011-01-21,SPY,0.22618458,0.41476100,1.09329313,-1.40357828,-1.79097120,-4.71452815,False
2011-01-21,QQQ,-0.76927672,0.44710948,1.15673201,-1.46284222,-1.93421148,-4.71452815,False
2011-01-21,DIA,0.41393388,0.32606294,0.97903590,-1.28478603,-1.66552543,-4.71452815,False
2011-01-21,IWN,-0.55285453,0.34836723,1.58041407,-2.13113598,-2.84951695,-4.71452815,False
2011-01-28,SPY,-1.76169108,0.00236476,1.05545800,-1.75336223,-2.16473371,-4.00880942,True
2011-01-28,QQQ,-2.56851422,-0.02454105,1.12498239,-1.87059720,-2.33940041,-4.00880942,True
2011-01-28,DIA,-1.39527901,0.02740609,0.95375006,-1.55685939,-1.91280079,-4.00880942,False
2011-01-28,IWN,-2.50029327,0.07593782,1.50852550,-2.40578273,-3.06154249,-4.00880942,True
2011-02-04,SPY,0.28250587,0.21536395,1.07409974,-1.51889139,-1.95107071,-1.45063526,False
2011-02-04,QQQ,0.55581509,0.20259924,1.15453890,-1.70785882,-2.18944799,-1.45063526,False
2011-02-04,DIA,0.24749613,0.17961380,0.97346287,-1.39281427,-1.78051231,-1.45063526,False
2011-02-04,IWN,-0.22105378,0.25269123,1.54510401,-2.22209033,-2.94064587,-1.45063526,False
2011-02-11,SPY,0.59528787,0.25160063,1.06872809,-1.60125288,-2.05425288,-1.00324987,False
2011-02-11,QQQ,0.71953276,0.19930290,1.13715228,-1.74032817,-2.26055003,-1.00324987,False
2011-02-11,DIA,0.35890018,0.20899270,0.95843604,-1.37546913,-1.84349532,-1.00324987,False
2011-02-11,IWN,1.03134606,0.25635675,1.52742685,-2.27340161,-3.07779803,-1.00324987,False
2011-02-18,SPY,0.20833303,0.07835219,1.05429307,-1.61026626,-2.11924977,-3.41315605,False
2011-02-18,QQQ,-0.22113020,0.17647339,1.12062288,-1.60493693,-2.16108977,-3.41315605,False
2011-02-18,DIA,0.59176382,0.07764799,0.93656206,-1.44864285,-1.88708753,-3.41315605,False
2011-02-18,IWN,0.21263021,0.09375818,1.51567543,-2.29673157,-3.04378666,-3.41315605,False
2011-02-28,SPY,0.61769508,-0.01304308,1.00903837,-1.64997577,-1.99635944,-2.25738705,False
2011-02-28,QQQ,0.20439246,-0.02105207,1.09582477,-1.81572249,-2.22591868,-2.25738705,False
2011-02-28,DIA,0.78737876,-0.01882672,0.90995825,-1.43721907,-1.80889892,-2.25738705,False
2011-02-28,IWN,0.29523324,0.06610810,1.42970510,-2.16397484,-2.76946216,-2.25738705,False
2011-03-07,SPY,-0.78821056,0.10534591,1.09740303,-1.71501266,-2.16854369,-2.28593572,False
2011-03-07,QQQ,-1.34947080,0.17529584,1.16772386,-1.76466654,-2.30587772,-2.28593572,False
2011-03-07,DIA,-0.65828676,0.10304500,0.98492633,-1.53245525,-1.94539222,-2.28593572,False
2011-03-07,IWN,-1.48993814,0.06254852,1.57521883,-2.59745551,-3.23482565,-2.28593572,False
2011-03-14,SPY,-0.60558403,0.14005407,1.04441811,-1.58839898,-2.01272399,-1.29367232,False
2011-03-14,QQQ,-0.35461106,0.06157257,1.11739717,-1.83696519,-2.22231195,-1.29367232,False
2011-03-14,DIA,-0.42633509,0.14440872,0.93323504,-1.41327341,-1.76091793,-1.29367232,False
2011-03-14,IWN,-0.69154558,0.21339038,1.51090907,-2.38201155,-2.95609193,-1.29367232,False
2011-03-21,SPY,1.53788491,0.03350044,1.05132260,-1.73984752,-2.13664262,-2.18023309,False
2011-03-21,QQQ,1.90995090,0.23338766,1.13892303,-1.64877260,-2.11491193,-2.18023309,False
2011-03-21,DIA,1.48996629,0.00311628,0.94355718,-1.52832600,-1.94165992,-2.18023309,False
2011-03-21,IWN,2.25344477,-0.05975416,1.52988722,-2.60799980,-3.22621110,-2.18023309,False
2011-03-28,SPY,-0.24402082,0.03614744,1.05342637,-1.61945409,-2.04004885,-1.09634233,False
2011-03-28,QQQ,-0.54688855,0.15072979,1.13130667,-1.63805264,-2.13984838,-1.09634233,False
2011-03-28,DIA,-0.18600598,0.05747478,0.94912430,-1.45979072,-1.80438864,-1.09634233,False
2011-03-28,IWN,-0.35237146,0.02098414,1.47316580,-2.43212263,-2.97953268,-1.09634233,False
2011-04-04,SPY,0.08260292,-0.02253784,1.08987008,-1.80325606,-2.25842247,-1.34330775,False
2011-04-04,QQQ,-0.33121317,0.02092739,1.18285273,-1.93219161,-2.44221538,-1.34330775,False
2011-04-04,DIA,0.18816517,0.00596991,0.96843260,-1.52787070,-1.95397381,-1.34330775,False
2011-04-04,IWN,0.29006184,0.01997297,1.54177871,-2.40802042,-3.16776657,-1.34330775,False
2011-04-11,SPY,-0.30148485,0.16361043,1.05613880,-1.59876842,-2.09647161,-1.84533384,False
2011-04-11,QQQ,-0.33418436,0.14266921,1.14028565,-1.75538605,-2.23795646,-1.84533384,False
2011-04-11,DIA,0.00856664,0.15714493,0.94547367,-1.43052672,-1.89706988,-1.84533384,False
2011-04-11,IWN,-1.03017120,0.15189153,1.50903531,-2.31148475,-3.02696404,-1.84533384,False
2011-04-18,SPY,-1.12720926,-0.01883054,1.05173068,-1.67452196,-2.11035628,-1.60896717,False
2011-04-18,QQQ,-0.70858217,0.06235099,1.13437732,-1.80058623,-2.26075651,-1.60896717,False
2011-04-18,DIA,-1.14280591,-0.03573941,0.94478904,-1.50576311,-1.90968170,-1.60896717,False
2011-04-18,IWN,-1.46384825,-0.01857174,1.52366434,-2.39464790,-3.00964744,-1.60896717,False
2011-04-26,SPY,0.85683794,0.10241382,1.04846429,-1.65771462,-2.05188960,-1.27748064,False
2011-04-26,QQQ,0.56260579,0.10940002,1.11988707,-1.77651901,-2.15467528,-1.27748064,False
2011-04-26,DIA,0.92115546,0.10549476,0.94906680,-1.44868582,-1.87130855,-1.27748064,False
2011-04-26,IWN,1.11674809,0.12188002,1.48882515,-2.25619211,-2.85236409,-1.27748064,False
2011-05-03,SPY,-0.36040269,0.17944105,1.06821133,-1.53833004,-2.05117777,-2.00393441,False
2011-05-03,QQQ,-0.47593206,0.20979566,1.17630735,-1.80355265,-2.25676222,-2.00393441,False
2011-05-03,DIA,0.00116651,0.17402658,0.96732442,-1.38324263,-1.84079142,-2.00393441,False
2011-05-03,IWN,-0.86088747,0.22128466,1.52818969,-2.24595416,-2.99213764,-2.00393441,False
2011-05-10,SPY,0.84999824,0.03679420,1.04695343,-1.77979451,-2.22406656,-1.46315265,False
2011-05-10,QQQ,0.84833097,0.10133068,1.13089037,-1.92569859,-2.35903736,-1.46315265,False
2011-05-10,DIA,0.59485796,0.02988028,0.95447798,-1.63142332,-2.02868526,-1.46315265,False
2011-05-10,IWN,1.59347540,0.05786187,1.48895293,-2.48284461,-3.11869776,-1.46315265,False
2011-05-17,SPY,-0.01502153,0.18576597,1.07549134,-1.57774788,-1.97058334,-5.43826275,False
2011-05-17,QQQ,0.28009885,0.16901282,1.15823438,-1.71701703,-2.14604975,-5.43826275,False
2011-05-17,DIA,-0.54970681,0.18952185,0.97624129,-1.41920501,-1.76026182,-5.43826275,False
2011-05-17,IWN,-0.31449325,0.19543121,1.53806211,-2.35646956,-2.89712237,-5.43826275,False
2011-05-24,SPY,-0.08335384,0.09458700,1.02504177,-1.58573435,-2.02076117,-1.58523111,False
2011-05-24,QQQ,-0.61677522,-0.00848590,1.10379087,-1.83132949,-2.29103976,-1.58523111,False
2011-05-24,DIA,-0.20252523,0.06696614,0.93153258,-1.46547305,-1.86504575,-1.58523111,False
2011-05-24,IWN,-0.45659240,0.04455061,1.45565506,-2.36441353,-3.01088011,-1.58523111,False
2011-06-01,SPY,-2.27168569,-0.11541366,1.01118027,-1.79374471,-2.17254362,-3.53450266,True
2011-06-01,QQQ,-2.20021853,-0.04324960,1.08496686,-1.83161656,-2.31852259,-3.53450266,True
2011-06-01,DIA,-2.24990337,-0.10354200,0.92215173,-1.62424795,-1.98400577,-3.53450266,True
2011-06-01,IWN,-3.07509178,-0.07842868,1.43374808,-2.42712564,-3.07242878,-3.53450266,True
2011-06-08,SPY,-0.41960518,0.24195971,1.01226209,-1.38099240,-1.76808011,-1.67122343,False
2011-06-08,QQQ,-0.71954446,0.15196163,1.13963980,-1.66632456,-2.10456085,-1.67122343,False
2011-06-08,DIA,-0.18133858,0.14193344,0.91971539,-1.33993910,-1.70702120,-1.67122343,False
2011-06-08,IWN,-0.91838377,0.21036650,1.44323033,-2.20111018,-2.68763138,-1.67122343,False
2011-06-15,SPY,-1.79453662,0.03738363,0.99343188,-1.57952869,-1.98726594,-3.32859904,True
2011-06-15,QQQ,-1.91561452,0.11805361,1.11071647,-1.68605305,-2.17263226,-3.32859904,True
2011-06-15,DIA,-1.49202339,0.03495012,0.91052115,-1.41865772,-1.82659773,-3.32859904,True
2011-06-15,IWN,-1.65103229,0.13914658,1.44230923,-2.27244727,-2.85421074,-3.32859904,False
2011-06-22,SPY,-0.60440562,-0.07692779,0.96889741,-1.72487959,-2.07688881,-0.82197100,False
2011-06-22,QQQ,-0.72505891,-0.04633320,1.07855460,-1.83559335,-2.19646278,-0.82197100,False
2011-06-22,DIA,-0.66124487,-0.07280320,0.88937708,-1.54173396,-1.88568315,-0.82197100,False
2011-06-22,IWN,-0.73759419,-0.01266911,1.39052722,-2.26547790,-2.89985636,-0.82197100,False
2011-06-29,SPY,0.85275146,0.02520732,1.03963241,-1.73063990,-2.14637430,-4.35007106,False
2011-06-29,QQQ,0.40936137,0.12571135,1.14913176,-1.85515761,-2.32099206,-4.35007106,False
2011-06-29,DIA,0.59492341,0.03874978,0.94441795,-1.50042223,-1.92231080,-4.35007106,False
2011-06-29,IWN,0.38567961,0.09647041,1.47294505,-2.40809902,-2.98396593,-4.35007106,False
2011-07-07,SPY,1.03224612,-10.60061287,1.36733606,-12.89643701,-13.41508245,-116.09602196,False
2011-07-07,QQQ,1.36083553,4.80078015,1.09169751,2.99361242,2.52155122,-116.09602196,True
2011-07-07,DIA,0.73757541,2.44952168,0.90396994,0.99088140,0.54521790,-116.09602196,True
2011-07-07,IWN,1.50843697,5.07650872,1.40383088,2.86254979,2.05098791,-116.09602196,True
2011-07-14,SPY,-0.69263131,-0.01207143,1.39422544,-2.32602533,-2.86543662,-4.07123102,False
2011-07-14,QQQ,-1.16675600,0.01432494,1.10952368,-1.74308015,-2.29963771,-4.07123102,False
2011-07-14,DIA,-0.43716937,0.00208564,0.91453564,-1.42106209,-1.89151378,-4.07123102,False
2011-07-14,IWN,-1.57009965,0.04465445,1.41949283,-2.28951784,-2.90729763,-4.07123102,False
2011-07-21,SPY,1.37758311,0.20563114,1.38805675,-1.93698719,-2.58298384,-4.53579954,False
2011-07-21,QQQ,0.66334720,0.17229489,1.14948919,-1.67248747,-2.19596145,-4.53579954,False
2011-07-21,DIA,1.20572356,0.05270305,0.92155772,-1.47140018,-1.91811575,-4.53579954,False
2011-07-21,IWN,1.35540642,0.04797459,1.45298438,-2.34820272,-3.01320791,-4.53579954,False
2011-07-28,SPY,-0.29134741,0.04810193,1.45506218,-2.30674649,-2.88931275,-4.04424954,False
2011-07-28,QQQ,0.17204487,0.12796750,1.16661729,-1.79208912,-2.27011914,-4.04424954,False
2011-07-28,DIA,-0.50882451,0.16625003,0.94852168,-1.33284809,-1.73585314,-4.04424954,False
2011-07-28,IWN,-0.22578583,0.10570501,1.46408298,-2.25415706,-2.82239684,-4.04424954,False
2011-08-04,SPY,-6.84496316,-0.02590408,1.38498417,-2.25371233,-2.82608531,-16.81591254,True
2011-08-04,QQQ,-4.75845688,-0.02492932,1.12481372,-1.82328224,-2.32962162,-16.81591254,True
2011-08-04,DIA,-4.40585049,0.01486558,0.90886360,-1.47794973,-1.78862169,-16.81591254,True
2011-08-04,IWN,-5.69954190,0.14842389,1.40499748,-2.21212066,-2.72226410,-16.81591254,True
2011-08-11,SPY,4.39061528,0.78191125,1.51931671,-1.72059953,-2.32427410,-7.77961602,False
2011-08-11,QQQ,4.31002900,0.82119182,1.18475775,-1.13739131,-1.57138276,-7.77961602,False
2011-08-11,DIA,3.87336860,0.97099724,0.99366239,-0.60949610,-0.96019844,-7.77961602,False
2011-08-11,IWN,4.57687991,1.00042068,1.54366954,-1.44051194,-2.06523690,-7.77961602,False
2011-08-18,SPY,-4.40756888,0.05368168,1.48475782,-2.43217202,-3.14838357,-11.15717444,True
2011-08-18,QQQ,-5.03305533,-0.01657431,1.23107656,-2.05870208,-2.66608082,-11.15717444,True
2011-08-18,DIA,-3.74700172,-0.04617200,1.03792370,-1.81263714,-2.22201445,-11.15717444,True
2011-08-18,IWN,-5.33218713,-0.05567090,1.57096406,-2.70661246,-3.33449967,-11.15717444,True
2011-08-25,SPY,-1.53615504,0.85968465,1.50894469,-1.49422809,-2.22361031,-4.37502636,True
2011-08-25,QQQ,-1.64558225,0.57749810,1.22391893,-1.40862149,-1.89083744,-4.37502636,True
2011-08-25,DIA,-1.52104105,0.41938367,1.02001009,-1.25184430,-1.71975226,-4.37502636,True
2011-08-25,IWN,-2.43349528,0.52986737,1.54337031,-2.00112613,-2.67751015,-4.37502636,True
2011-09-01,SPY,-1.05281613,0.25786158,1.53835379,-2.29226568,-2.96159300,-4.46985339,False
2011-09-01,QQQ,-0.91223041,0.13190516,1.22059774,-1.85136446,-2.36815603,-4.46985339,False
2011-09-01,DIA,-1.03830489,0.07690882,1.04961817,-1.60122974,-2.06559074,-4.46985339,False
2011-09-01,IWN,-2.40862228,0.03927127,1.58074547,-2.38586286,-3.06389972,-4.46985339,True
2011-09-09,SPY,-2.65593724,0.63668792,1.53856603,-1.80161354,-2.51830421,-9.13320657,True
2011-09-09,QQQ,-2.24985249,0.50603560,1.25957361,-1.54878359,-2.09737891,-9.13320657,True
2011-09-09,DIA,-2.72522720,0.47550591,1.08016778,-1.29856683,-1.76536595,-9.13320657,True
2011-09-09,IWN,-2.82592435,0.56923923,1.63114216,-2.00071378,-2.79033915,-9.13320657,True
2011-09-16,SPY,0.59011173,0.37178941,1.57816552,-2.15237542,-2.75276838,-3.65646421,False
2011-09-16,QQQ,0.91241221,0.13933127,1.27901993,-1.95891760,-2.42729387,-3.65646421,False
2011-09-16,DIA,0.66175124,0.02592227,1.08363935,-1.75306267,-2.17574546,-3.65646421,False
2011-09-16,IWN,0.19049671,0.02966735,1.64548082,-2.65522072,-3.32730630,-3.65646421,False
2011-09-23,SPY,0.60071696,-0.26990137,1.57311259,-2.87728738,-3.48289900,-3.87528754,False
2011-09-23,QQQ,1.05825523,-0.01139866,1.27274543,-2.12911253,-2.61349818,-3.87528754,False
2011-09-23,DIA,0.35015015,0.05829586,1.11156318,-1.73722158,-2.24499062,-3.87528754,False
2011-09-23,IWN,0.99375100,0.08746750,1.67288155,-2.60320474,-3.27178917,-3.87528754,False
2011-09-30,SPY,-2.53066175,-0.25911906,1.60135769,-2.90771429,-3.48485291,-4.52838706,False
2011-09-30,QQQ,-2.61369063,-0.13879241,1.32619293,-2.31380548,-2.91777516,-4.52838706,True
2011-09-30,DIA,-2.18068795,-0.37675897,1.12756228,-2.18860768,-2.66604360,-4.52838706,False
2011-09-30,IWN,-3.12447417,-0.59436951,1.72112293,-3.32688206,-4.08934678,-4.52838706,False
2011-10-07,SPY,-0.67184257,0.41858114,1.62083481,-2.29987315,-2.98904136,-9.98661560,False
2011-10-07,QQQ,-0.66364333,0.26308477,1.31281760,-1.88292727,-2.42718156,-9.98661560,False
2011-10-07,DIA,-0.18185545,0.06809514,1.13922713,-1.83702147,-2.34413922,-9.98661560,False
2011-10-07,IWN,-2.88440383,0.05573512,1.73446206,-2.73138531,-3.65255980,-9.98661560,True
2011-10-14,SPY,1.69495244,0.18141136,1.62449259,-2.57088976,-3.19490268,-3.85371404,False
2011-10-14,QQQ,1.83876991,0.10749017,1.34313478,-2.12652892,-2.60722478,-3.85371404,False
2011-10-14,DIA,1.43896470,0.17729031,1.13800820,-1.67412813,-2.15792354,-3.85371404,False
2011-10-14,IWN,1.85323201,0.30542265,1.77831837,-2.60157135,-3.31760607,-3.85371404,False
2011-10-21,SPY,1.88098914,-0.33192414,1.70205665,-3.21940183,-3.88879952,-8.01867804,False
2011-10-21,QQQ,1.24678927,-0.28410788,1.38092923,-2.56996585,-3.13018924,-8.01867804,False
2011-10-21,DIA,2.28706481,-0.30293883,1.19638901,-2.34540155,-2.84081335,-8.01867804,False
2011-10-21,IWN,2.24404526,-0.40142059,1.86129414,-3.63912545,-4.32540309,-8.01867804,False
2011-10-28,SPY,-0.02334989,-0.08154620,1.65702566,-2.77980431,-3.36647820,-3.47393485,False
2011-10-28,QQQ,0.15282501,-0.14470315,1.37612982,-2.35593017,-2.96645804,-3.47393485,False
2011-10-28,DIA,0.18462291,-0.23166331,1.17350759,-2.24913595,-2.67652904,-3.47393485,False
2011-10-28,IWN,-0.54986183,-0.38935299,1.82767666,-3.39731323,-4.19205575,-3.47393485,False
2011-11-04,SPY,-0.61178678,0.07898969,1.65882679,-2.43553669,-3.16724514,-2.92733314,False
2011-11-04,QQQ,-0.51769725,-0.01049681,1.35958492,-2.20720516,-2.76165681,-2.92733314,False
2011-11-04,DIA,-0.50965850,-0.04670446,1.16359836,-1.85596983,-2.38980003,-2.92733314,False
2011-11-04,IWN,-0.75968426,-0.13016479,1.82463837,-3.09387091,-3.83359052,-2.92733314,False
2011-11-11,SPY,1.86469502,-0.34853735,1.70274935,-3.20258135,-3.86620393,-5.65323165,False
2011-11-11,QQQ,1.86693027,-0.28097875,1.36760772,-2.50746635,-2.88841894,-5.65323165,False
2011-11-11,DIA,2.16096457,-0.30707557,1.19499413,-2.27095902,-2.68586889,-5.65323165,False
2011-11-11,IWN,2.42503130,-0.38169413,1.81212615,-3.32183704,-4.01040727,-5.65323165,False
2011-11-18,SPY,-0.10654112,-0.12346609,1.74171767,-3.06864076,-3.68438890,-4.54882414,False
2011-11-18,QQQ,-0.77322118,-0.04858042,1.44788967,-2.48750980,-3.01969649,-4.54882414,False
2011-11-18,DIA,0.21580878,0.11805264,1.25664375,-2.00793478,-2.51147662,-4.54882414,False
2011-11-18,IWN,0.34553159,0.01905074,1.92468410,-3.28326611,-3.91640777,-4.54882414,False
2011-11-28,SPY,2.85553510,-0.14314158,1.75358900,-3.05035855,-3.78889104,-6.22867613,False
2011-11-28,QQQ,3.42039982,-0.16785663,1.43434841,-2.49891634,-3.17013207,-6.22867613,False
2011-11-28,DIA,2.56101671,-0.08422084,1.24690308,-2.17908920,-2.74142328,-6.22867613,False
2011-11-28,IWN,4.16550112,-0.08416769,1.92849797,-3.16696940,-4.13505572,-6.22867613,False
2011-12-05,SPY,1.08328151,0.09406384,1.70755604,-2.84405698,-3.58927595,-3.62026767,False
2011-12-05,QQQ,1.08909660,0.10651996,1.38374919,-2.29136070,-2.84564468,-3.62026767,False
2011-12-05,DIA,0.65024392,0.03538343,1.22680368,-1.99936166,-2.57108636,-3.62026767,False
2011-12-05,IWN,1.57748920,-0.00312805,1.81600832,-3.07775803,-3.90899442,-3.62026767,False
2011-12-12,SPY,-1.47052602,-0.17851078,1.68613314,-3.04546458,-3.79775657,-3.61413512,False
2011-12-12,QQQ,-1.12871635,-0.11395533,1.36566088,-2.41286125,-3.07151813,-3.61413512,False
2011-12-12,DIA,-1.34574087,-0.32240774,1.19735511,-2.28398669,-2.92317032,-3.61413512,False
2011-12-12,IWN,-1.31785382,-0.44567208,1.82108210,-3.58420567,-4.41363683,-3.61413512,False
2011-12-19,SPY,-1.07498122,-0.04349569,1.69470877,-2.86843063,-3.52169873,-3.48892859,False
2011-12-19,QQQ,-0.98916485,-0.02995425,1.38197867,-2.28726703,-2.96112390,-3.48892859,False
2011-12-19,DIA,-0.84739038,0.00570987,1.23993549,-1.97121721,-2.61359829,-3.48892859,False
2011-12-19,IWN,-1.89975460,-0.12380830,1.87249293,-3.16832873,-4.04280668,-3.48892859,False
2011-12-27,SPY,0.07909803,0.18981384,1.66537408,-2.49632886,-3.17547887,-3.10463120,False
2011-12-27,QQQ,0.28492511,0.08572501,1.37307106,-2.09289816,-2.78188245,-3.10463120,False
2011-12-27,DIA,-0.02156081,0.06009008,1.19738452,-1.95555376,-2.43711089,-3.10463120,False
2011-12-27,IWN,0.31593710,0.04468072,1.86382427,-3.08131307,-3.88789774,-3.10463120,False
2012-01-04,SPY,0.15675797,-0.06356996,1.61312125,-2.78097477,-3.39607794,-3.57779113,False
2012-01-04,QQQ,0.42089995,-0.14780994,1.36274771,-2.34997128,-3.05248830,-3.57779113,False
2012-01-04,DIA,0.16956943,-0.16067001,1.20840200,-2.15469472,-2.71579951,-3.57779113,False
2012-01-04,IWN,-0.46459166,-0.29389117,1.82494458,-3.27849628,-4.15122543,-3.57779113,False
2012-01-11,SPY,0.05420051,-0.08952380,1.62903879,-2.68420128,-3.55644505,-3.41860385,False
2012-01-11,QQQ,0.20657890,-0.07313558,1.36407542,-2.24233782,-2.96126587,-3.41860385,False
2012-01-11,DIA,-0.10452427,-0.07338033,1.19398959,-1.98382006,-2.57444164,-3.41860385,False
2012-01-11,IWN,0.44185986,-0.24408083,1.82086587,-3.33515627,-4.14374684,-3.41860385,False
2012-01-19,SPY,0.52625630,0.05993738,1.58953449,-2.46417462,-3.16043726,-2.86420043,False
2012-01-19,QQQ,0.61997532,0.05870027,1.34784824,-2.19265042,-2.75526468,-2.86420043,False
2012-01-19,DIA,0.35734216,-0.10583145,1.15144503,-2.00948885,-2.53634182,-2.86420043,False
2012-01-19,IWN,0.33311694,-0.19829456,1.73722303,-3.12206956,-3.83943123,-2.86420043,False
2012-01-26,SPY,-0.51429394,-0.00738857,1.65466167,-2.74682909,-3.42813162,-2.87225725,False
2012-01-26,QQQ,-0.34811991,-0.03542855,1.39586800,-2.38274362,-2.90422285,-2.87225725,False
2012-01-26,DIA,-0.19000707,0.08473750,1.23690711,-1.97393394,-2.51212980,-2.87225725,False
2012-01-26,IWN,-0.18509039,0.04236247,1.84943090,-3.02021288,-3.76086017,-2.87225725,False
2012-02-02,SPY,0.15841925,-0.03874919,1.63794823,-2.70373124,-3.32123229,-3.59575037,False
2012-02-02,QQQ,0.31090176,-0.03924169,1.30025756,-2.15357814,-2.69862183,-3.59575037,False
2012-02-02,DIA,-0.08693145,-0.05140853,1.13503716,-1.93094651,-2.42618311,-3.59575037,False
2012-02-02,IWN,0.54449831,-0.22002184,1.74857799,-3.16872861,-3.86692547,-3.59575037,False
2012-02-09,SPY,0.12568448,0.14989988,1.62905125,-2.65148968,-3.33346102,-4.23305000,False
2012-02-09,QQQ,0.71787795,0.14186462,1.31341830,-2.05365987,-2.63390387,-4.23305000,False
2012-02-09,DIA,0.05051367,0.02476240,1.12740133,-1.83870887,-2.31205956,-4.23305000,False
2012-02-09,IWN,-0.52105286,0.09269521,1.72560840,-2.75491457,-3.50312354,-4.23305000,False
2012-02-16,SPY,1.10123503,0.13268435,1.61410197,-2.54841007,-3.16971839,-3.46998053,False
2012-02-16,QQQ,1.36079383,0.13560738,1.31472255,-2.03816304,-2.41919408,-3.46998053,False
2012-02-16,DIA,0.95877514,0.04414691,1.14811888,-1.85894551,-2.24387281,-3.46998053,False
2012-02-16,IWN,1.96519089,0.13811772,1.76125098,-2.70261642,-3.35726293,-3.46998053,False
2012-02-24,SPY,0.21935575,0.10494701,1.60688098,-2.48171150,-3.13086823,-3.17284660,False
2012-02-24,QQQ,0.34448458,0.04809371,1.26878405,-1.93775649,-2.43201133,-3.17284660,False
2012-02-24,DIA,-0.01340283,-0.08112867,1.11743311,-1.84182853,-2.29151737,-3.17284660,False
2012-02-24,IWN,-0.37161878,-0.07195869,1.66179454,-2.67608666,-3.29220871,-3.17284660,False
2012-03-02,SPY,-0.32714520,0.04198510,1.51657357,-2.40885222,-2.98225064,-5.35786355,False
2012-03-02,QQQ,-0.07703113,0.05522305,1.24823193,-1.91899367,-2.42329178,-5.35786355,False
2012-03-02,DIA,-0.02103023,-0.13785443,1.07288381,-1.82357950,-2.28104077,-5.35786355,False
2012-03-02,IWN,-1.42569914,-0.03822430,1.68179799,-2.77516499,-3.44743876,-5.35786355,False
2012-03-09,SPY,0.40064415,0.15852829,1.63372547,-2.46229885,-3.12966726,-4.70495310,False
2012-03-09,QQQ,0.41610665,0.07012622,1.31407534,-2.12787733,-2.65944420,-4.70495310,False
2012-03-09,DIA,0.10901373,0.03627788,1.15453979,-1.79696964,-2.26046071,-4.70495310,False
2012-03-09,IWN,1.40530601,0.00208559,1.74585366,-2.75870468,-3.54468956,-4.70495310,False
2012-03-16,SPY,0.13826421,0.04998409,1.53471033,-2.57536709,-3.15340283,-2.77053614,False
2012-03-16,QQQ,-0.07061777,0.06430400,1.25121387,-2.07539607,-2.56207698,-2.77053614,False
2012-03-16,DIA,-0.15208167,-0.15169672,1.09824881,-2.06264486,-2.48049043,-2.77053614,False
2012-03-16,IWN,-0.04100012,-0.18836842,1.63626747,-2.91269213,-3.62450218,-2.77053614,False
2012-03-23,SPY,0.38013136,0.13791374,1.62332591,-2.54359742,-3.23161791,-3.47763674,False
2012-03-23,QQQ,-0.06119270,0.19418743,1.28004677,-1.95154798,-2.49035245,-3.47763674,False
2012-03-23,DIA,0.26479192,0.18183458,1.11315799,-1.62192451,-2.10140008,-3.47763674,False
2012-03-23,IWN,0.93857941,0.31819765,1.69810902,-2.55153156,-3.14831777,-3.47763674,False
2012-03-30,SPY,0.35597998,0.04595548,1.60825936,-2.71048097,-3.35971879,-4.22437425,False
2012-03-30,QQQ,-0.19225152,0.09339842,1.29555572,-2.12989576,-2.62562702,-4.22437425,False
2012-03-30,DIA,0.50246749,0.16188966,1.11377338,-1.60249000,-2.10965157,-4.22437425,False
2012-03-30,IWN,-0.39663234,0.13362433,1.68336254,-2.63497594,-3.33972274,-4.22437425,False
2012-04-09,SPY,-1.12946594,0.00168177,1.57404505,-2.57001458,-3.31955080,-3.39036137,False
2012-04-09,QQQ,-0.75599579,0.01764239,1.26685053,-2.16925982,-2.63581424,-3.39036137,False
2012-04-09,DIA,-1.00463453,-0.03797137,1.10422536,-1.85407790,-2.29405918,-3.39036137,False
2012-04-09,IWN,-1.51348144,0.11137815,1.68570174,-2.63195910,-3.36431751,-3.39036137,False
2012-04-16,SPY,-0.06560339,0.38207932,1.58542833,-2.19095290,-2.76270770,-8.42222969,False
2012-04-16,QQQ,-1.12432230,0.28444151,1.23933493,-1.81150171,-2.27956408,-8.42222969,False
2012-04-16,DIA,0.55737524,0.19558013,1.09692180,-1.63009178,-2.07657856,-8.42222969,False
2012-04-16,IWN,0.54091642,0.20410809,1.67842952,-2.62314657,-3.26251793,-8.42222969,False
2012-04-23,SPY,-0.84441916,-0.05344085,1.59752251,-2.77105958,-3.35998601,-3.04760544,False
2012-04-23,QQQ,-0.91772109,-0.06748964,1.30587878,-2.21734529,-2.75247944,-3.04760544,False
2012-04-23,DIA,-0.78662919,0.00242330,1.15365451,-1.83050001,-2.31170320,-3.04760544,False
2012-04-23,IWN,-1.37775501,-0.16839516,1.75186494,-2.99290612,-3.70564995,-3.04760544,False
2012-04-30,SPY,-0.37105560,0.10770300,1.52324154,-2.37944492,-3.02221648,-3.91786418,False
2012-04-30,QQQ,-0.71648004,0.06831387,1.23986101,-1.97881786,-2.46162912,-3.91786418,False
2012-04-30,DIA,-0.11103347,-0.00244782,1.07400285,-1.79028262,-2.19188629,-3.91786418,False
2012-04-30,IWN,-1.16216405,-0.11006483,1.62892553,-2.73108068,-3.44132956,-3.91786418,False
2012-05-07,SPY,0.07294914,0.01723772,1.53804074,-2.54054162,-3.17265561,-3.45345179,False
2012-05-07,QQQ,0.09266351,0.12806147,1.27796734,-1.97027384,-2.46648060,-3.45345179,False
2012-05-07,DIA,-0.22835214,0.09301046,1.10970576,-1.69511256,-2.17776721,-3.45345179,False
2012-05-07,IWN,0.35778559,0.09638339,1.63976769,-2.57402334,-3.31085807,-3.45345179,False
2012-05-14,SPY,-1.11225625,0.00715991,1.60303555,-2.56184353,-3.25992930,-3.25682553,False
2012-05-14,QQQ,-0.93927097,0.04135467,1.29780346,-2.03465639,-2.67496407,-3.25682553,False
2012-05-14,DIA,-0.98174679,0.06295928,1.12972171,-1.76708509,-2.28119627,-3.25682553,False
2012-05-14,IWN,-1.19489529,0.04403806,1.69134592,-2.81014816,-3.58549446,-3.25682553,False
2012-05-21,SPY,1.70422094,-0.10614938,1.59511569,-2.82438488,-3.48147610,-7.95661119,False
2012-05-21,QQQ,2.75723674,-0.02615464,1.26295652,-2.17896372,-2.63444377,-7.95661119,False
2012-05-21,DIA,1.08629643,-0.05189177,1.11163628,-1.97281134,-2.35395772,-7.95661119,False
2012-05-21,IWN,1.82093891,-0.01179436,1.66101759,-2.87479443,-3.38428185,-7.95661119,False
2012-05-29,SPY,1.20388961,-0.10687301,1.61483598,-2.76782641,-3.37589394,-3.34198782,False
2012-05-29,QQQ,1.26475916,-0.02821906,1.28852885,-2.20323897,-2.66213821,-3.34198782,False
2012-05-29,DIA,1.00546230,-0.01106643,1.11735897,-1.83792954,-2.24898112,-3.34198782,False
2012-05-29,IWN,1.27519829,-0.10746089,1.68709177,-2.89737935,-3.54400541,-3.34198782,False
2012-06-05,SPY,0.75434962,-0.28219587,1.60412955,-2.95366965,-3.51161571,-3.37957957,False
2012-06-05,QQQ,0.40987145,-0.12931085,1.27718951,-2.20501411,-2.60876110,-3.37957957,False
2012-06-05,DIA,0.21866162,-0.15239969,1.13151094,-1.96721816,-2.36830446,-3.37957957,False
2012-06-05,IWN,1.09472074,-0.03388858,1.68466946,-2.66264325,-3.29918473,-3.37957957,False
2012-06-12,SPY,1.14253210,0.20908545,1.58086051,-2.37952603,-2.88430733,-3.63569612,False
2012-06-12,QQQ,1.21420924,0.18488235,1.31163242,-1.96538657,-2.46987826,-3.63569612,False
2012-06-12,DIA,1.30135199,0.22876855,1.12061213,-1.57719926,-1.98254001,-3.63569612,False
2012-06-12,IWN,1.17762757,0.32155867,1.68225869,-2.28327087,-3.08504486,-3.63569612,False
2012-06-19,SPY,0.96263600,0.12113082,1.62945787,-2.56451130,-3.27034796,-3.61061530,False
2012-06-19,QQQ,1.03122135,0.02135657,1.30406087,-2.13662273,-2.61228618,-3.61061530,False
2012-06-19,DIA,0.74678199,-0.03217716,1.14084147,-1.92577757,-2.31017967,-3.61061530,False
2012-06-19,IWN,1.79768059,0.01070382,1.69336886,-2.75737276,-3.30069849,-3.61061530,False
2012-06-26,SPY,0.50136156,0.25411696,1.61378087,-2.27305441,-2.87676988,-3.19270616,False
2012-06-26,QQQ,0.62572901,0.19135307,1.34444446,-2.02537762,-2.52328749,-3.19270616,False
2012-06-26,DIA,0.25569593,0.29196326,1.15407898,-1.50686261,-2.00651436,-3.19270616,False
2012-06-26,IWN,0.29321769,0.28279279,1.73543873,-2.56845168,-3.19032916,-3.19270616,False
2012-07-03,SPY,0.65708988,0.40518774,1.54621584,-2.07012866,-2.66266260,-3.51179791,False
2012-07-03,QQQ,0.83569396,0.24841979,1.27768810,-1.87655653,-2.40254959,-3.51179791,False
2012-07-03,DIA,0.55991206,0.22145418,1.08614554,-1.55592176,-2.03791910,-3.51179791,False
2012-07-03,IWN,1.37122061,0.11015193,1.63015054,-2.59643426,-3.18923155,-3.51179791,False
2012-07-11,SPY,0.01488795,0.07962329,1.61200629,-2.53865301,-3.21568426,-3.07825826,False
2012-07-11,QQQ,-0.55385722,0.07678567,1.32060141,-2.11586330,-2.61693171,-3.07825826,False
2012-07-11,DIA,-0.38475360,0.06124866,1.13242864,-1.71649788,-2.19609501,-3.07825826,False
2012-07-11,IWN,-0.22804566,0.11284973,1.69016985,-2.58587275,-3.24813842,-3.07825826,False
2012-07-18,SPY,0.73798144,0.00543244,1.59469474,-2.63988235,-3.26557052,-4.34235554,False
2012-07-18,QQQ,1.34463294,-0.00216606,1.29891670,-2.22774963,-2.69988897,-4.34235554,False
2012-07-18,DIA,0.80236284,0.01771684,1.13090786,-1.87363800,-2.38887179,-4.34235554,False
2012-07-18,IWN,0.45202162,0.03049171,1.69291882,-2.75086157,-3.52435829,-4.34235554,False
2012-07-25,SPY,0.02236611,-0.12208329,1.61607194,-2.80677762,-3.29318362,-5.28164164,False
2012-07-25,QQQ,-0.66932748,-0.06337195,1.28763084,-2.33613336,-2.74599646,-5.28164164,False
2012-07-25,DIA,0.46438735,-0.09419562,1.10997497,-1.97893183,-2.37298070,-5.28164164,False
2012-07-25,IWN,0.04419375,-0.00401087,1.66308372,-2.85589566,-3.39832508,-5.28164164,False
2012-08-01,SPY,-0.08717248,0.14082501,1.65335420,-2.50296825,-3.24846090,-5.27218854,False
2012-08-01,QQQ,-0.29366088,-0.00625126,1.36274919,-2.23597007,-2.78197435,-5.27218854,False
2012-08-01,DIA,-0.25052958,-0.01815727,1.15815247,-1.85937604,-2.44033629,-5.27218854,False
2012-08-01,IWN,-1.66828904,0.03448194,1.72938161,-2.85130821,-3.56476212,-5.27218854,False
2012-08-08,SPY,0.12108068,0.14589794,1.57612905,-2.35056446,-3.06308508,-2.96637317,False
2012-08-08,QQQ,-0.04504707,0.07618495,1.31202248,-1.99815858,-2.46553110,-2.96637317,False
2012-08-08,DIA,0.05344622,0.07302757,1.11276213,-1.71035911,-2.13331818,-2.96637317,False
2012-08-08,IWN,0.26875767,0.00821112,1.63975260,-2.53600482,-3.23915143,-2.96637317,False
2012-08-15,SPY,0.11359213,0.16280631,1.59425373,-2.46234067,-3.05904239,-3.59033093,False
2012-08-15,QQQ,0.25322380,0.05578296,1.29739886,-2.18816425,-2.60789726,-3.59033093,False
2012-08-15,DIA,-0.05588581,0.05934270,1.10378357,-1.75262519,-2.22448689,-3.59033093,False
2012-08-15,IWN,0.79074343,0.10347416,1.64136319,-2.57574991,-3.24080301,-3.59033093,False
2012-08-22,SPY,0.04231361,0.01177368,1.66789822,-2.72921997,-3.43524663,-3.80898644,False
2012-08-22,QQQ,0.40997161,0.03433324,1.35174941,-2.16623396,-2.68268950,-3.80898644,False
2012-08-22,DIA,-0.23369667,0.03959455,1.17753066,-1.87673922,-2.44774034,-3.80898644,False
2012-08-22,IWN,-0.63667015,-0.05859288,1.71418288,-2.86531725,-3.52397247,-3.80898644,False
2012-08-29,SPY,0.07776808,0.00389430,1.56622201,-2.60739330,-3.27723568,-3.06100802,False
2012-08-29,QQQ,0.00000000,0.04819561,1.34917483,-2.16836141,-2.69519679,-3.06100802,False
2012-08-29,DIA,0.03426341,0.10413999,1.14523017,-1.80981511,-2.31805861,-3.06100802,False
2012-08-29,IWN,0.31893024,-0.01845233,1.70697195,-2.86210200,-3.60721842,-3.06100802,False
2012-09-06,SPY,2.01629974,0.17282693,1.56326288,-2.47687847,-3.01729394,-4.77432639,False
2012-09-06,QQQ,2.19565979,0.10000172,1.29662004,-2.11026063,-2.70137259,-4.77432639,False
2012-09-06,DIA,1.85673005,0.24619782,1.10244760,-1.59010615,-2.06236135,-4.77432639,False
2012-09-06,IWN,1.77577176,0.17476916,1.64973940,-2.51802809,-3.27660983,-4.77432639,False
2012-09-13,SPY,1.58716022,0.00682232,1.64454060,-2.80370152,-3.66057710,-4.04691285,False
2012-09-13,QQQ,1.34308697,-0.02802481,1.35271077,-2.34368573,-2.92797162,-4.04691285,False
2012-09-13,DIA,1.53695718,-0.05949274,1.19815227,-2.10421120,-2.61967285,-4.04691285,False
2012-09-13,IWN,1.48367167,-0.17156503,1.75989602,-3.13979099,-4.01721105,-4.04691285,False
2012-09-20,SPY,0.00680507,0.13802710,1.53819060,-2.31968602,-2.97335008,-3.30637826,False
2012-09-20,QQQ,-0.09947032,0.03045858,1.28263852,-2.06564585,-2.58218041,-3.30637826,False
2012-09-20,DIA,0.13961200,-0.06711978,1.10075823,-1.75802577,-2.26792489,-3.30637826,False
2012-09-20,IWN,-0.38278736,-0.01441639,1.63359425,-2.67150959,-3.28318105,-3.30637826,False
2012-09-27,SPY,0.99305912,-0.00662500,1.60789138,-2.65304131,-3.23175817,-3.85807426,False
2012-09-27,QQQ,1.36888686,0.00171853,1.34975377,-2.19012289,-2.83624097,-3.85807426,False
2012-09-27,DIA,0.53874704,-0.01470938,1.13860478,-1.81117382,-2.33417788,-3.85807426,False
2012-09-27,IWN,0.88827532,0.01689784,1.68382226,-2.74741772,-3.40945720,-3.85807426,False
2012-10-04,SPY,0.82377997,0.09095553,1.60883599,-2.55136736,-3.32594443,-3.00512865,False
2012-10-04,QQQ,0.34670596,0.03925263,1.32245582,-2.09226616,-2.73011275,-3.00512865,False
2012-10-04,DIA,0.59660382,0.03940891,1.12279445,-1.78962338,-2.34255965,-3.00512865,False
2012-10-04,IWN,0.76522882,0.07862096,1.67042993,-2.66374913,-3.44010325,-3.00512865,False
2012-10-11,SPY,0.05583363,-0.21753188,1.58666539,-2.86026154,-3.39863212,-3.51664447,False
2012-10-11,QQQ,-0.31429729,-0.10596095,1.30017395,-2.24364114,-2.78189002,-3.51664447,False
2012-10-11,DIA,-0.13932625,-0.11488457,1.12120547,-1.85809048,-2.38966166,-3.51664447,False
2012-10-11,IWN,0.46196168,-0.15943992,1.64539360,-2.83155854,-3.55893572,-3.51664447,False
2012-10-18,SPY,-0.20545069,0.13584807,1.61859203,-2.59288826,-3.23669843,-4.76544028,False
2012-10-18,QQQ,-1.16719760,0.06929204,1.30001317,-2.08706476,-2.64452821,-4.76544028,False
2012-10-18,DIA,-0.05946741,0.02380574,1.09718287,-1.80432494,-2.30900742,-4.76544028,False
2012-10-18,IWN,-0.49660712,-0.15035670,1.63799429,-2.87375420,-3.58134185,-4.76544028,False
2012-10-25,SPY,0.26904529,-0.04431928,1.58039234,-2.60837679,-3.29095523,-2.80446983,False
2012-10-25,QQQ,-0.00612459,0.04645677,1.23184876,-1.93268462,-2.44047179,-2.80446983,False
2012-10-25,DIA,0.20121378,0.20835251,1.07171072,-1.50228015,-1.99767503,-2.80446983,False
2012-10-25,IWN,0.37130255,0.18532925,1.58460052,-2.34751536,-3.07389467,-2.80446983,False
2012-11-05,SPY,0.23991308,0.33321530,1.64266854,-2.42313519,-3.16010539,-3.23209526,False
2012-11-05,QQQ,0.65760311,0.24673881,1.33193795,-1.98803242,-2.66172133,-3.23209526,False
2012-11-05,DIA,0.14714567,0.24971164,1.12879816,-1.62739677,-2.08456337,-3.23209526,False
2012-11-05,IWN,0.45246597,0.26675376,1.67916933,-2.41606952,-3.21125066,-3.23209526,False
2012-11-12,SPY,0.05790213,-0.30061317,1.57051692,-2.95175309,-3.64394064,-2.91379552,False
2012-11-12,QQQ,-0.01573080,-0.25180478,1.29967254,-2.38618494,-2.96354427,-2.91379552,False
2012-11-12,DIA,-0.00241509,-0.28472118,1.13588911,-2.09206568,-2.66692705,-2.91379552,False
2012-11-12,IWN,-0.29701725,-0.34594057,1.65043754,-3.21185001,-3.85650633,-2.91379552,False
2012-11-19,SPY,2.03274650,-0.04834415,1.56436691,-2.64057639,-3.25966434,-4.46788209,False
2012-11-19,QQQ,2.34783546,-0.02929144,1.28308260,-2.24161981,-2.76905681,-4.46788209,False
2012-11-19,DIA,1.63609224,-0.11052470,1.11160749,-1.95212755,-2.40977073,-4.46788209,False
2012-11-19,IWN,2.12161864,-0.21256807,1.60906433,-2.88515239,-3.58390779,-4.46788209,False
2012-11-27,SPY,-0.51172791,0.17619443,1.62429796,-2.59578744,-3.19358097,-3.86874883,False
2012-11-27,QQQ,-0.33966278,0.05877290,1.36058529,-2.28349500,-2.79759866,-3.86874883,False
2012-11-27,DIA,-0.69056938,-0.01775480,1.16487953,-1.99593130,-2.45838500,-3.86874883,False
2012-11-27,IWN,-0.13918455,-0.07822840,1.69832533,-2.99276167,-3.64661697,-3.86874883,False
2012-12-04,SPY,-0.14150138,-0.03141566,1.63102832,-2.72939277,-3.40870088,-3.00015231,False
2012-12-04,QQQ,-0.06086298,-0.03845151,1.32846629,-2.24930493,-2.70532455,-3.00015231,False
2012-12-04,DIA,-0.10664119,-0.06850920,1.11011483,-1.93547363,-2.38181857,-3.00015231,False
2012-12-04,IWN,0.21817888,-0.13894140,1.61939687,-2.80128691,-3.48716689,-3.00015231,False
2012-12-11,SPY,0.67855397,-0.04610817,1.57156391,-2.74509002,-3.23660120,-3.63842542,False
2012-12-11,QQQ,1.29685979,-0.13472069,1.29047473,-2.21903822,-2.68487172,-3.63842542,False
2012-12-11,DIA,0.59474433,-0.16743770,1.10961515,-1.97646963,-2.45729586,-3.63842542,False
2012-12-11,IWN,0.87499576,-0.24406786,1.62118757,-2.88223844,-3.58119969,-3.63842542,False
2012-12-18,SPY,1.10669886,-0.09781256,1.63717764,-2.77788139,-3.47511887,-3.63448339,False
2012-12-18,QQQ,1.50947348,-0.12883147,1.34034244,-2.30973415,-2.78416734,-3.63448339,False
2012-12-18,DIA,0.86940200,-0.11657224,1.13625428,-1.93056859,-2.32746708,-3.63448339,False
2012-12-18,IWN,1.29995021,-0.20061927,1.66040201,-2.76755240,-3.52564883,-3.63448339,False
2012-12-26,SPY,-0.42238148,-0.01022590,1.62422213,-2.73055883,-3.49109547,-3.41799388,False
2012-12-26,QQQ,-0.87990570,0.02739620,1.34004083,-2.17913849,-2.80001967,-3.41799388,False
2012-12-26,DIA,-0.18542205,0.08490301,1.14393242,-1.68361097,-2.34252221,-3.41799388,False
2012-12-26,IWN,-0.53464568,0.12318043,1.68456772,-2.51958937,-3.49026340,-3.41799388,False
2013-01-03,SPY,-0.22617641,0.34927140,1.69694443,-2.45931200,-3.20441324,-3.25188665,False
2013-01-03,QQQ,-0.51917152,0.10488830,1.37053761,-2.17605375,-2.68927054,-3.25188665,False
2013-01-03,DIA,-0.15810682,0.00718036,1.16028503,-1.92984119,-2.34629021,-3.25188665,False
2013-01-03,IWN,-0.24428952,-0.13002498,1.70649020,-2.84537324,-3.58929199,-3.25188665,False
2013-01-10,SPY,0.79179911,0.06967933,1.62516209,-2.77547594,-3.37449744,-3.31450474,False
2013-01-10,QQQ,0.59728248,0.06264836,1.33278047,-2.13362341,-2.71962832,-3.31450474,False
2013-01-10,DIA,0.60093035,0.05518337,1.14409708,-1.84546152,-2.40111322,-3.31450474,False
2013-01-10,IWN,0.28194254,0.06941847,1.70913074,-2.81902226,-3.58664277,-3.31450474,False
2013-01-17,SPY,0.64397027,-0.00587566,1.59680851,-2.73065243,-3.45932052,-2.99477230,False
2013-01-17,QQQ,0.47712777,-0.05979487,1.31447750,-2.20971816,-2.74987654,-2.99477230,False
2013-01-17,DIA,0.62558376,-0.08086993,1.12370857,-1.94581617,-2.41312255,-2.99477230,False
2013-01-17,IWN,0.91791309,-0.07912136,1.62441448,-2.77661047,-3.39685161,-2.99477230,False
2013-01-25,SPY,0.56059789,0.18074328,1.66085308,-2.45222138,-3.15116788,-2.93783240,False
2013-01-25,QQQ,0.50874612,0.12880048,1.37101276,-2.14122123,-2.73259839,-2.93783240,False
2013-01-25,DIA,0.50972015,0.05710155,1.17446556,-1.87028585,-2.37065102,-2.93783240,False
2013-01-25,IWN,0.37614023,-0.05779909,1.70370642,-2.89247772,-3.54734106,-2.93783240,False
2013-02-01,SPY,1.02345882,-0.00218942,1.62163135,-2.73509394,-3.29487993,-3.53387799,False
2013-02-01,QQQ,1.17444462,0.04706663,1.31652854,-2.08320638,-2.56464510,-3.53387799,False
2013-02-01,DIA,1.07075238,-0.03674048,1.13940133,-1.86668703,-2.30423854,-3.53387799,False
2013-02-01,IWN,0.94541166,-0.11848425,1.71002342,-2.85650393,-3.55053474,-3.53387799,False
2013-02-08,SPY,0.55485780,0.10055409,1.24263924,-1.98331291,-2.45968391,-1.91847469,False
2013-02-08,QQQ,1.02004711,0.08717073,1.32424164,-2.12394816,-2.62044960,-1.91847469,False
2013-02-08,DIA,0.35021596,0.09905839,1.10969726,-1.74372895,-2.20716317,-1.91847469,False
2013-02-08,IWN,0.63155129,0.14028151,1.63012627,-2.68495453,-3.24995206,-1.91847469,False
2013-02-15,SPY,-0.11825354,0.13465740,1.24582639,-2.00487557,-2.53071303,-1.37704373,False
2013-02-15,QQQ,-0.29476721,0.15754795,1.31163671,-2.04766071,-2.65432085,-1.37704373,False
2013-02-15,DIA,0.05988307,0.17730005,1.12119886,-1.67036543,-2.16598450,-1.37704373,False
2013-02-15,IWN,0.06094938,0.16301133,1.60233938,-2.37187861,-3.24122849,-1.37704373,False
2013-02-25,SPY,-1.92105776,-0.22196416,1.21759364,-2.25414169,-2.84519990,-3.06199642,False
2013-02-25,QQQ,-1.24244992,-0.12221150,1.26688192,-2.24612984,-2.80110212,-3.06199642,False
2013-02-25,DIA,-1.55772395,-0.24431125,1.08900224,-2.05665191,-2.58666056,-3.06199642,False
2013-02-25,IWN,-2.15171533,-0.28638180,1.59127508,-2.91561531,-3.60886624,-3.06199642,False
2013-03-04,SPY,0.53112057,0.05571390,1.24503157,-2.03953099,-2.46136305,-1.87116960,False
2013-03-04,QQQ,0.44421149,0.03090845,1.29261993,-2.08604273,-2.58568916,-1.87116960,False
2013-03-04,DIA,0.27047151,0.02684959,1.12250378,-1.85471697,-2.28796627,-1.87116960,False
2013-03-04,IWN,0.09853383,0.00900840,1.63211868,-2.74318686,-3.29140949,-1.87116960,False
2013-03-11,SPY,0.37883065,-0.09183105,1.19169833,-2.05107709,-2.53578626,-1.26567383,False
2013-03-11,QQQ,0.29040162,-0.05567153,1.28076272,-2.15228687,-2.66817242,-1.26567383,False
2013-03-11,DIA,0.34821192,-0.07081615,1.07923341,-1.84717358,-2.29296600,-1.26567383,False
2013-03-11,IWN,-0.07208926,-0.21196354,1.59388805,-2.71747499,-3.56056337,-1.26567383,False
2013-03-18,SPY,-0.55342851,0.02032794,1.05576227,-1.71573849,-2.11661471,-1.34703795,False
2013-03-18,QQQ,-0.21917885,-0.01307687,1.13911133,-1.91284338,-2.30627478,-1.34703795,False
2013-03-18,DIA,-0.42843700,0.03831490,0.96927080,-1.58425019,-1.94289046,-1.34703795,False
2013-03-18,IWN,-0.56994226,-0.04032354,1.39607394,-2.31833255,-2.88614242,-1.34703795,False
2013-03-25,SPY,-0.41864297,0.15006381,1.05939393,-1.51803740,-2.02416823,-1.27548581,False
2013-03-25,QQQ,-0.36518428,0.17382276,1.13620777,-1.67298102,-2.14136418,-1.27548581,False
2013-03-25,DIA,-0.44392882,0.12199111,0.97870697,-1.41013933,-1.88194677,-1.27548581,False
2013-03-25,IWN,0.17592495,0.33538911,1.42282436,-1.96966888,-2.60937067,-1.27548581,False
2013-04-02,SPY,0.49221901,-0.01449177,1.00910443,-1.68240665,-2.12577287,-4.30751781,False
2013-04-02,QQQ,0.78519030,-0.01007938,1.05925475,-1.80227491,-2.21328203,-4.30751781,False
2013-04-02,DIA,0.60996002,-0.04268152,0.94184433,-1.60361234,-2.02806840,-4.30751781,False
2013-04-02,IWN,-0.59268106,0.08310227,1.36574017,-2.19084733,-2.79041161,-4.30751781,False
2013-04-09,SPY,0.34508638,0.18240321,0.97005651,-1.46767816,-1.82786961,-1.71506066,False
2013-04-09,QQQ,0.67199435,0.23186628,1.04732225,-1.43471323,-1.90073731,-1.71506066,False
2013-04-09,DIA,0.40959952,0.17596056,0.88665655,-1.33320379,-1.64875977,-1.71506066,False
2013-04-09,IWN,-0.31518786,0.20442174,1.32477659,-2.06923946,-2.59995128,-1.71506066,False
2013-04-16,SPY,1.46551790,-0.06858974,0.99682948,-1.65943951,-2.07280901,-2.76985847,False
2013-04-16,QQQ,1.31858874,-0.29729481,1.08662535,-2.09312791,-2.54108009,-2.76985847,False
2013-04-16,DIA,1.07359121,-0.13127150,0.90508962,-1.66896311,-1.98649583,-2.76985847,False
2013-04-16,IWN,1.60658109,0.24489026,1.35511970,-1.95032113,-2.54874745,-2.76985847,False
2013-04-23,SPY,1.02564694,0.29609157,0.99715014,-1.42371466,-1.73085796,-1.26119643,False
2013-04-23,QQQ,0.95485016,0.22363025,1.07888351,-1.56880900,-2.00571160,-1.26119643,False
2013-04-23,DIA,1.04000681,0.32548842,0.91214050,-1.23353356,-1.54490484,-1.26119643,False
2013-04-23,IWN,1.65535966,0.33340793,1.33392807,-1.85645867,-2.32715910,-1.26119643,False
2013-04-30,SPY,0.23824270,-0.09136649,0.99215537,-1.68828629,-2.24274939,-2.01776982,False
2013-04-30,QQQ,0.72375592,-0.09250317,1.08204802,-1.75398206,-2.34051503,-2.01776982,False
2013-04-30,DIA,0.14194763,-0.14509198,0.90461548,-1.64556667,-2.15418013,-2.01776982,False
2013-04-30,IWN,0.68219184,-0.18364281,1.31178203,-2.31111521,-2.90812122,-2.01776982,False
2013-05-07,SPY,0.50560625,-0.07266831,0.97611378,-1.69869162,-2.12727373,-1.65578353,False
2013-05-07,QQQ,-0.05522732,-0.07713697,1.08410437,-1.91129542,-2.39832618,-1.65578353,False
2013-05-07,DIA,0.58158591,-0.04023989,0.87831593,-1.47687850,-1.89829927,-1.65578353,False
2013-05-07,IWN,0.91356305,-0.12304197,1.29929533,-2.23515260,-2.79632378,-1.65578353,False
2013-05-14,SPY,1.02806200,0.12231535,0.93005684,-1.38402540,-1.78866626,-2.62915712,False
2013-05-14,QQQ,0.51818500,0.08675470,1.02860833,-1.53829470,-2.00447376,-2.62915712,False
2013-05-14,DIA,0.81546357,0.15221422,0.84998897,-1.24246031,-1.59248377,-2.62915712,False
2013-05-14,IWN,1.12380789,0.25515841,1.23222003,-1.73973616,-2.24895619,-2.62915712,False
2013-05-21,SPY,0.14366187,0.10363911,0.91042149,-1.31716630,-1.67130131,-0.54584723,False
2013-05-21,QQQ,0.10782884,0.08266020,1.01818283,-1.56216493,-1.95600969,-0.54584723,False
2013-05-21,DIA,0.34046212,0.12003680,0.81722184,-1.14811222,-1.48386223,-0.54584723,False
2013-05-21,IWN,-0.03404890,0.05582348,1.19368308,-1.80056374,-2.34949708,-0.54584723,False
2013-05-29,SPY,-0.65153541,-0.04978519,0.91697502,-1.55947061,-1.94870806,-0.57402255,False
2013-05-29,QQQ,-0.47480813,-0.06431081,1.03149853,-1.73484062,-2.15632415,-0.57402255,False
2013-05-29,DIA,-0.69412328,-0.09833495,0.82584495,-1.49106251,-1.79735363,-0.57402255,False
2013-05-29,IWN,-1.03163433,-0.10710878,1.19380212,-2.14756016,-2.67850427,-0.57402255,False
2013-06-05,SPY,-1.40997447,-0.05795606,0.87635149,-1.58429662,-1.82540046,-1.93986129,False
2013-06-05,QQQ,-1.30995511,-0.05048999,1.00311311,-1.76692605,-2.07950727,-1.93986129,False
2013-06-05,DIA,-1.43973066,-0.07178040,0.78720051,-1.39799392,-1.66602880,-1.93986129,True
2013-06-05,IWN,-1.34057742,-0.04761138,1.12794597,-2.02760857,-2.41344358,-1.93986129,False
2013-06-12,SPY,-0.83119156,0.06158583,0.87540785,-1.29093749,-1.66524187,-0.90056084,False
2013-06-12,QQQ,-1.16226946,-0.04876573,0.99034176,-1.59655308,-1.94097538,-0.90056084,False
2013-06-12,DIA,-0.84197428,0.03648569,0.80026139,-1.17915701,-1.54706984,-0.90056084,False
2013-06-12,IWN,-1.02853672,0.08306856,1.11785150,-1.62556553,-2.16748596,-0.90056084,False
2013-06-19,SPY,-1.39129932,0.04189303,0.85819812,-1.27987661,-1.71947586,-2.17793535,True
2013-06-19,QQQ,-1.12072121,0.01163472,0.95767535,-1.56350338,-1.97085330,-2.17793535,False
2013-06-19,DIA,-1.35419257,0.00176525,0.78017376,-1.24256244,-1.61432383,-2.17793535,True
2013-06-19,IWN,-1.38994230,-0.00802106,1.12364722,-1.81810699,-2.25903423,-2.17793535,False
2013-06-26,SPY,0.97894095,-0.03837885,0.84778173,-1.46321317,-1.87708901,-2.96522561,False
2013-06-26,QQQ,0.89291630,0.01825369,0.96410148,-1.66820982,-2.07621393,-2.96522561,False
2013-06-26,DIA,1.00996970,-0.07204661,0.76592456,-1.39513858,-1.73112507,-2.96522561,False
2013-06-26,IWN,0.40218150,0.00275489,1.10847516,-1.83220685,-2.43749852,-2.96522561,False
2013-07-03,SPY,0.04342167,0.09303142,0.81520958,-1.24261948,-1.59114175,-3.18341565,False
2013-07-03,QQQ,0.40482220,0.04098020,0.93085578,-1.44559936,-1.86044599,-3.18341565,False
2013-07-03,DIA,0.37405418,0.09571334,0.75269592,-1.14895751,-1.46906475,-3.18341565,False
2013-07-03,IWN,0.16174807,0.12379164,1.06490847,-1.58319654,-2.12191242,-3.18341565,False
2013-07-11,SPY,1.35284152,0.11236528,0.79804792,-1.17766865,-1.52045304,-3.03550174,False
2013-07-11,QQQ,1.96662363,0.06756441,0.90823352,-1.48057858,-1.80287223,-3.03550174,False
2013-07-11,DIA,1.10079485,0.10239109,0.71484607,-1.09443812,-1.35865792,-3.03550174,False
2013-07-11,IWN,1.07168658,0.10590732,1.03467347,-1.64986230,-2.07640490,-3.03550174,False
2013-07-18,SPY,0.54626727,0.00448417,0.78950594,-1.29084585,-1.58775740,-2.65346176,False
2013-07-18,QQQ,-0.25174587,-0.00971078,0.90895615,-1.55794062,-1.86136214,-2.65346176,False
2013-07-18,DIA,0.50304984,-0.03301679,0.72371308,-1.18373072,-1.49839678,-2.65346176,False
2013-07-18,IWN,0.95141604,0.01202253,1.01147652,-1.63814066,-2.02332810,-2.65346176,False
2013-07-25,SPY,0.24300583,-0.13236919,0.78199337,-1.39033651,-1.69921991,-1.79916041,False
2013-07-25,QQQ,0.62888069,-0.23414653,0.91721528,-1.72507446,-2.08669279,-1.79916041,False
2013-07-25,DIA,0.08598794,-0.18792421,0.71128190,-1.33942200,-1.62930294,-1.79916041,False
2013-07-25,IWN,0.77170268,-0.21415004,0.99482997,-1.83035231,-2.16755033,-1.79916041,False
2013-08-01,SPY,1.14917539,0.04025177,0.77367641,-1.19998793,-1.59588972,-2.36380886,False
2013-08-01,QQQ,1.01113396,0.01488672,0.88805476,-1.46185840,-1.85848212,-2.36380886,False
2013-08-01,DIA,0.82550789,0.05097759,0.71138222,-1.13877398,-1.45665440,-2.36380886,False
2013-08-01,IWN,1.07140300,0.09177136,0.99548425,-1.52654842,-2.00563152,-2.36380886,False
2013-08-08,SPY,0.36579126,0.13355798,0.76494724,-1.10960623,-1.42174222,-0.06900505,False
2013-08-08,QQQ,0.49602872,0.14824492,0.87855758,-1.28062929,-1.60516247,-0.06900505,False
2013-08-08,DIA,0.17856835,0.08709447,0.70313564,-1.07487528,-1.36824867,-0.06900505,False
2013-08-08,IWN,0.39633769,0.13099399,0.97363014,-1.38868311,-1.87452647,-0.06900505,False
2013-08-15,SPY,-1.40850158,0.19453200,0.76925273,-1.06443332,-1.41567456,-3.86725472,True
2013-08-15,QQQ,-1.70700157,0.20839152,0.88564942,-1.31584446,-1.68026265,-3.86725472,True
2013-08-15,DIA,-1.48095256,0.19422116,0.69938173,-0.95955842,-1.25505099,-3.86725472,True
2013-08-15,IWN,-1.64651064,0.21712953,0.96852994,-1.31876647,-1.78466679,-3.86725472,True
2013-08-22,SPY,0.90740143,0.08762994,0.75959117,-1.18490507,-1.45513204,-2.49598497,False
2013-08-22,QQQ,0.97638450,0.02967882,0.87782305,-1.44147056,-1.80555438,-2.49598497,False
2013-08-22,DIA,0.44331982,0.10767746,0.69930035,-1.03368788,-1.32292492,-2.49598497,False
2013-08-22,IWN,1.38493338,0.17399872,0.95252175,-1.36048612,-1.72558889,-2.49598497,False
2013-08-29,SPY,0.15853254,-0.01540189,0.75279019,-1.26937930,-1.59650426,-2.68391090,False
2013-08-29,QQQ,0.70017894,0.03087460,0.88388956,-1.41520374,-1.85349693,-2.68391090,False
2013-08-29,DIA,0.11083868,-0.07528147,0.67688501,-1.18860909,-1.50504073,-2.68391090,False
2013-08-29,IWN,0.76147993,-0.11067747,0.96605028,-1.73220550,-2.15889607,-2.68391090,False
2013-09-06,SPY,0.04815621,0.10266605,0.77630218,-1.19517394,-1.48933133,-0.18525001,False
2013-09-06,QQQ,0.11710025,0.09528798,0.90049019,-1.36320859,-1.72550662,-0.18525001,False
2013-09-06,DIA,-0.10033832,0.09703315,0.70097052,-1.03344495,-1.30666965,-0.18525001,False
2013-09-06,IWN,0.22660879,0.13457989,0.99084504,-1.46490871,-1.90993233,-0.18525001,False
2013-09-13,SPY,0.22466890,-0.08784906,0.77403796,-1.37160878,-1.69605384,-1.93786273,False
2013-09-13,QQQ,0.06407022,-0.13805304,0.91285536,-1.66306044,-2.01662628,-1.93786273,False
2013-09-13,DIA,0.49170969,-0.13510484,0.71213015,-1.29418041,-1.60661893,-1.93786273,False
2013-09-13,IWN,0.38861812,-0.12861501,0.98576868,-1.73394471,-2.20767274,-1.93786273,False
2013-09-20,SPY,-0.70173624,-0.00019049,0.73079895,-1.21511399,-1.47899718,-5.62125786,False
2013-09-20,QQQ,-0.35005089,-0.05580390,0.85339623,-1.51427412,-1.84783315,-5.62125786,False
2013-09-20,DIA,-1.19315717,0.01123364,0.66142825,-1.10861066,-1.31205128,-5.62125786,True
2013-09-20,IWN,-0.18469114,0.04142799,0.91899272,-1.46775815,-1.81830155,-5.62125786,False
2013-09-27,SPY,-0.46069992,0.07677816,0.81920111,-1.21412142,-1.60667406,-0.65966964,False
2013-09-27,QQQ,-0.12636013,0.07218223,0.95334171,-1.41970257,-1.80945868,-0.65966964,False
2013-09-27,DIA,-0.45810819,0.03922428,0.74040630,-1.18266161,-1.50125942,-0.65966964,False
2013-09-27,IWN,-0.45742337,0.06954602,1.01717864,-1.51756311,-2.02706408,-0.65966964,False
2013-10-04,SPY,0.75477986,0.20583744,0.75337672,-1.02826533,-1.36214215,-1.10122414,False
2013-10-04,QQQ,0.86013128,0.20246706,0.88163995,-1.24519703,-1.63877980,-1.10122414,False
2013-10-04,DIA,0.50616654,0.20541448,0.69349197,-0.94403433,-1.25134436,-1.10122414,False
2013-10-04,IWN,0.54729255,0.26967887,0.95780272,-1.30402142,-1.67162860,-1.10122414,False
2013-10-11,SPY,0.64225837,0.09241024,0.78130581,-1.20375221,-1.53415851,-4.00376072,False
2013-10-11,QQQ,0.78561211,0.18806541,0.89744862,-1.31305781,-1.66820941,-4.00376072,False
2013-10-11,DIA,0.73141609,0.06498332,0.71665631,-1.15750280,-1.40818241,-4.00376072,False
2013-10-11,IWN,1.63325553,0.07054455,0.95012505,-1.50030654,-1.88947243,-4.00376072,False
2013-10-18,SPY,0.67318418,0.16134117,0.76942242,-1.11779617,-1.35311864,-3.99491319,False
2013-10-18,QQQ,1.60749047,0.22083050,0.88107665,-1.17429883,-1.55172222,-3.99491319,False
2013-10-18,DIA,0.18198781,0.19143283,0.71759388,-0.98061413,-1.22309106,-3.99491319,False
2013-10-18,IWN,1.04119064,0.31695002,0.94821454,-1.25385303,-1.60882866,-3.99491319,False
2013-10-25,SPY,0.45572655,-0.02930052,0.75391420,-1.29510987,-1.63283736,-0.46678947,False
2013-10-25,QQQ,0.71426769,-0.05158630,0.85714583,-1.41723750,-1.88355504,-0.46678947,False
2013-10-25,DIA,0.39299472,-0.08291286,0.69501454,-1.24729426,-1.56703975,-0.46678947,False
2013-10-25,IWN,0.23949210,-0.10886891,0.94734068,-1.68464246,-2.08131924,-0.46678947,False
2013-11-01,SPY,0.23863560,0.03339808,0.75395581,-1.18578570,-1.56696677,-1.35812736,False
2013-11-01,QQQ,0.02416013,-0.02287787,0.86585332,-1.42901077,-1.84400341,-1.35812736,False
2013-11-01,DIA,0.44799105,0.02535775,0.68022580,-1.14717937,-1.40607612,-1.35812736,False
2013-11-01,IWN,-0.26467923,0.05153809,0.95668648,-1.47629510,-1.89801094,-1.35812736,False
2013-11-08,SPY,1.34010955,0.19153641,0.76476695,-1.08713590,-1.40782353,-1.23918047,False
2013-11-08,QQQ,1.34161249,0.13459527,0.89373013,-1.28550323,-1.70730567,-1.23918047,False
2013-11-08,DIA,1.07030668,0.19143190,0.70152588,-0.94714085,-1.24765383,-1.23918047,False
2013-11-08,IWN,1.66911038,0.16982956,0.95131981,-1.34448425,-1.82651477,-1.23918047,False
2013-11-15,SPY,0.43413385,0.08946514,0.76624930,-1.19124428,-1.47773081,-0.44608039,False
2013-11-15,QQQ,0.19073673,0.07346883,0.91845419,-1.46885931,-1.86446603,-0.44608039,False
2013-11-15,DIA,0.53697418,0.11743832,0.69586301,-1.06578708,-1.25807315,-0.44608039,False
2013-11-15,IWN,0.27177382,0.18809963,0.94144338,-1.38641262,-1.73440420,-0.44608039,False
2013-11-22,SPY,0.49897650,0.06490570,0.77595182,-1.16141713,-1.50015978,0.06697194,False
2013-11-22,QQQ,0.53720195,0.10995230,0.90286832,-1.34630685,-1.68907342,0.06697194,False
2013-11-22,DIA,0.34157296,0.02330793,0.70393028,-1.09663425,-1.42049644,0.06697194,False
2013-11-22,IWN,0.54898359,0.01424040,0.93068584,-1.38257149,-1.84704546,0.06697194,False
2013-12-02,SPY,-0.26000623,-0.04753378,0.76786096,-1.27296133,-1.53870068,-2.50180434,False
2013-12-02,QQQ,-0.29202422,-0.07668285,0.88682058,-1.45904978,-1.86295103,-2.50180434,False
2013-12-02,DIA,-0.48381628,-0.08639740,0.69682104,-1.21055227,-1.45445103,-2.50180434,False
2013-12-02,IWN,-0.94177241,-0.05309370,0.94016185,-1.58910279,-1.94861884,-2.50180434,False
2013-12-09,SPY,0.25393089,-0.11976485,0.77523499,-1.43308119,-1.76387530,-0.84354014,False
2013-12-09,QQQ,0.40616263,-0.11562930,0.88350585,-1.55991309,-1.99705478,-0.84354014,False
2013-12-09,DIA,0.03326559,-0.12128989,0.70607179,-1.31023974,-1.59284299,-0.84354014,False
2013-12-09,IWN,-0.07189828,-0.13385625,0.94215103,-1.72685221,-2.07781095,-0.84354014,False
2013-12-16,SPY,0.62127086,0.07208607,0.77044407,-1.17554089,-1.54966257,-2.26637305,False
2013-12-16,QQQ,0.55237929,0.07080212,0.88725512,-1.41852348,-1.81775291,-2.26637305,False
2013-12-16,DIA,0.81675665,0.04373342,0.70632975,-1.10357606,-1.41247575,-2.26637305,False
2013-12-16,IWN,1.08165106,0.05984861,0.95028041,-1.51355682,-1.92054855,-2.26637305,False
2013-12-23,SPY,0.53281593,0.20210075,0.76595596,-1.07262191,-1.40723723,-1.72928076,False
2013-12-23,QQQ,1.04654229,0.21941931,0.86218191,-1.21561422,-1.61418427,-1.72928076,False
2013-12-23,DIA,0.45190977,0.15726206,0.70746346,-0.98906438,-1.32027089,-1.72928076,False
2013-12-23,IWN,1.00288818,0.17594884,0.92321617,-1.22356165,-1.69698923,-1.72928076,False
2013-12-31,SPY,0.47219152,0.13913800,0.76296058,-1.14174370,-1.46349692,-0.16259241,False
2013-12-31,QQQ,0.65011198,0.12533238,0.88133667,-1.34431661,-1.70552570,-0.16259241,False
2013-12-31,DIA,0.43754014,0.11088865,0.70603928,-1.08910054,-1.38141497,-0.16259241,False
2013-12-31,IWN,0.26165630,0.15240952,0.93467384,-1.41801365,-1.75511000,-0.16259241,False
2014-01-08,SPY,0.02179101,0.15168057,0.73126736,-1.09798255,-1.38511711,-2.78775276,False
2014-01-08,QQQ,0.21788198,0.17295566,0.84956724,-1.23217576,-1.59320346,-2.78775276,False
2014-01-08,DIA,-0.41340886,0.11424938,0.67589968,-1.02901167,-1.28854541,-2.78775276,False
2014-01-08,IWN,-0.23340439,0.14765183,0.91110447,-1.33292440,-1.67843468,-2.78775276,False
2014-01-15,SPY,0.53755961,-0.02423931,0.73624628,-1.13436451,-1.48756585,-1.45316986,False
2014-01-15,QQQ,0.81807849,0.06589346,0.84236341,-1.31695158,-1.67032646,-1.45316986,False
2014-01-15,DIA,0.65790205,-0.09330843,0.67556141,-1.09850296,-1.45695388,-1.45316986,False
2014-01-15,IWN,0.64830355,0.04196190,0.90902918,-1.41771745,-1.76982222,-1.45316986,False
2014-01-23,SPY,-0.82267673,0.11882710,0.73733005,-1.08363280,-1.42795075,-2.35147148,False
2014-01-23,QQQ,-0.33849307,0.12886972,0.84145924,-1.25711056,-1.64353912,-2.35147148,False
2014-01-23,DIA,-1.08067662,0.09255621,0.69614830,-1.05368110,-1.35983732,-2.35147148,True
2014-01-23,IWN,-0.80297909,0.16719190,0.88033020,-1.31380681,-1.66635728,-2.35147148,False
2014-01-30,SPY,1.05446265,0.03289277,0.71662284,-1.12844338,-1.46201203,-3.08577552,False
2014-01-30,QQQ,1.83168955,0.05544590,0.81646744,-1.28680907,-1.58557851,-3.08577552,False
2014-01-30,DIA,0.69534587,0.01981190,0.66479599,-1.08982280,-1.37960692,-3.08577552,False
2014-01-30,IWN,1.30435311,0.11542161,0.89692360,-1.39992480,-1.75472516,-3.08577552,False
2014-02-06,SPY,1.31010675,0.03764497,0.71377094,-1.08663178,-1.41898991,-2.77609697,False
2014-02-06,QQQ,1.26718046,-0.01540473,0.80454172,-1.30951670,-1.69909374,-2.77609697,False
2014-02-06,DIA,1.21216361,0.03479499,0.67197836,-1.01871418,-1.30934710,-2.77609697,False
2014-02-06,IWN,0.82567731,0.09771136,0.88952886,-1.38519897,-1.76844572,-2.77609697,False
2014-02-13,SPY,0.51493116,-0.01519002,0.69648908,-1.13574628,-1.48149781,-0.99078979,False
2014-02-13,QQQ,0.73911071,0.02526251,0.78939240,-1.25512039,-1.64850984,-0.99078979,False
2014-02-13,DIA,0.39791460,-0.00603007,0.64900891,-1.09323860,-1.37343966,-0.99078979,False
2014-02-13,IWN,1.11080921,-0.04596748,0.86244452,-1.42838924,-1.83568135,-0.99078979,False
2014-02-21,SPY,-0.11412654,0.19456983,0.74398478,-1.03817616,-1.32479682,-0.34309653,False
2014-02-21,QQQ,-0.13331976,0.19532876,0.83498964,-1.16349168,-1.54853900,-0.34309653,False
2014-02-21,DIA,-0.18569436,0.14588108,0.69136314,-0.98783655,-1.27309134,-0.34309653,False
2014-02-21,IWN,0.23493274,0.16319313,0.90710973,-1.32558825,-1.69855178,-0.34309653,False
2014-02-28,SPY,0.25262181,0.01166929,0.72083674,-1.18458149,-1.49608993,-0.45212454,False
2014-02-28,QQQ,-0.11067386,0.05126155,0.83018587,-1.35377976,-1.72726872,-0.45212454,False
2014-02-28,DIA,0.30103144,0.00039192,0.67582237,-1.09715213,-1.37668822,-0.45212454,False
2014-02-28,IWN,0.14011818,0.02168562,0.90864294,-1.46767964,-1.81538625,-0.45212454,False
2014-03-07,SPY,0.04248911,0.22744873,0.72363752,-0.97247686,-1.25227531,-0.84808435,False
2014-03-07,QQQ,-0.49585091,0.20291289,0.82396180,-1.19659953,-1.47721823,-0.84808435,False
2014-03-07,DIA,0.18756182,0.17339715,0.66779901,-0.88995612,-1.20968977,-0.84808435,False
2014-03-07,IWN,-0.11786832,0.25767110,0.90403476,-1.22018937,-1.63556698,-0.84808435,False
2014-03-14,SPY,-0.28119154,-0.02520571,0.76044350,-1.29570935,-1.61595387,-2.34791938,False
2014-03-14,QQQ,-0.68563537,-0.10029156,0.86779060,-1.54210974,-1.92189676,-2.34791938,False
2014-03-14,DIA,-0.26865776,-0.01878738,0.70878010,-1.21340771,-1.50387655,-2.34791938,False
2014-03-14,IWN,0.38855498,-0.10535814,0.93288627,-1.73394205,-2.05478764,-2.34791938,False
2014-03-21,SPY,-0.38852087,0.12338220,0.70111489,-1.09356654,-1.35630413,-3.72050202,False
2014-03-21,QQQ,-1.21055435,0.12507151,0.80484476,-1.26621430,-1.58722274,-3.72050202,False
2014-03-21,DIA,-0.17331901,0.08353777,0.65961232,-1.00688863,-1.31068805,-3.72050202,False
2014-03-21,IWN,0.05885209,0.13152832,0.86609396,-1.29412618,-1.61000333,-3.72050202,False
2014-03-28,SPY,0.49181396,0.14671745,0.70814508,-1.01606341,-1.27802363,-0.55273641,False
2014-03-28,QQQ,0.19662038,0.14956456,0.80498260,-1.20044214,-1.52356268,-0.55273641,False
2014-03-28,DIA,0.36105588,0.10224377,0.66766136,-0.99961154,-1.27475362,-0.55273641,False
2014-03-28,IWN,0.30260350,0.15822523,0.88254812,-1.30497453,-1.63618541,-0.55273641,False
2014-04-04,SPY,-1.18922085,0.01024350,0.71242755,-1.09758123,-1.39284191,-10.64862579,True
2014-04-04,QQQ,-2.69574817,-0.05644192,0.81444836,-1.35912168,-1.67725400,-10.64862579,True
2014-04-04,DIA,-0.96916709,0.03184806,0.66518762,-1.04105142,-1.27259762,-10.64862579,False
2014-04-04,IWN,-1.90330939,0.03502224,0.87955801,-1.40952184,-1.71527612,-10.64862579,True
2014-04-11,SPY,-0.90494954,-0.01021020,0.72027971,-1.20595816,-1.50065676,-0.67036808,False
2014-04-11,QQQ,-1.17018580,-0.33116501,0.83942237,-1.72563703,-2.12288982,-0.67036808,False
2014-04-11,DIA,-0.89120592,0.01984508,0.66460249,-1.08785806,-1.31994194,-0.67036808,False
2014-04-11,IWN,-1.12971790,-0.12421809,0.90100227,-1.58053388,-1.96130198,-0.67036808,False
2014-04-21,SPY,0.34811678,-0.02348880,0.73500120,-1.24880100,-1.54526188,-0.40859086,False
2014-04-21,QQQ,0.73968301,-0.02715450,0.83992149,-1.45270065,-1.72987051,-0.40859086,False
2014-04-21,DIA,0.24780073,-0.02958181,0.68413018,-1.17616987,-1.43843225,-0.40859086,False
2014-04-21,IWN,0.23187682,-0.02815419,0.89623947,-1.47351094,-1.87374299,-0.40859086,False
2014-04-28,SPY,0.29741226,-0.09565608,0.71832877,-1.26421510,-1.53445416,-2.49132314,False
2014-04-28,QQQ,0.32437606,-0.25564742,0.85249354,-1.63020681,-1.98549713,-2.49132314,False
2014-04-28,DIA,0.53203214,-0.07810025,0.66558138,-1.17532690,-1.43103806,-2.49132314,False
2014-04-28,IWN,-0.47956876,-0.19263189,0.87830880,-1.62578901,-1.96084144,-2.49132314,False
2014-05-05,SPY,0.19124043,0.07496058,0.70091282,-1.08247668,-1.36521784,-0.78721153,False
2014-05-05,QQQ,0.52437301,0.04717559,0.83329867,-1.39358978,-1.72258059,-0.78721153,False
2014-05-05,DIA,0.10689081,0.04931250,0.66271089,-1.02658649,-1.29659029,-0.78721153,False
2014-05-05,IWN,-0.23440532,0.02476552,0.86629855,-1.38612675,-1.75121007,-0.78721153,False
2014-05-12,SPY,0.96366089,0.17592202,0.71779738,-0.98617260,-1.24121003,-3.98573556,False
2014-05-12,QQQ,1.63404720,0.19941814,0.85039819,-1.13544722,-1.47402940,-3.98573556,False
2014-05-12,DIA,0.67389022,0.14164306,0.66843383,-0.97615929,-1.19437012,-3.98573556,False
2014-05-12,IWN,1.91471573,0.13497902,0.91313284,-1.27702650,-1.64171779,-3.98573556,False
2014-05-19,SPY,0.36626671,0.17842197,0.74127686,-1.03146976,-1.43064512,-0.76246423,False
2014-05-19,QQQ,0.69306112,0.19521170,0.86445290,-1.28036324,-1.72168796,-0.76246423,False
2014-05-19,DIA,0.12452684,0.13234098,0.68577806,-0.99578240,-1.32562488,-0.76246423,False
2014-05-19,IWN,0.83673825,0.16801207,0.92265398,-1.38741483,-1.80113084,-0.76246423,False
2014-05-27,SPY,0.61277044,0.15966407,0.71202110,-0.99622759,-1.28541655,-2.55637393,False
2014-05-27,QQQ,1.23952279,0.16337295,0.82880907,-1.23584083,-1.52476868,-2.55637393,False
2014-05-27,DIA,0.41602716,0.12793249,0.67259207,-0.95373339,-1.24515236,-2.55637393,False
2014-05-27,IWN,1.35740611,0.16163604,0.89345932,-1.26973617,-1.67072717,-2.55637393,False
2014-06-03,SPY,-0.05186798,0.01991305,0.72493857,-1.16124386,-1.52387469,0.13197113,False
2014-06-03,QQQ,-0.04385764,0.02634013,0.85087415,-1.36719757,-1.68996371,0.13197113,False
2014-06-03,DIA,-0.12724031,0.01165127,0.67321163,-1.06414474,-1.37411648,0.13197113,False
2014-06-03,IWN,-0.21325016,0.00400648,0.92276118,-1.47785928,-1.95760125,0.13197113,False
2014-06-10,SPY,0.01023615,0.12702312,0.68605894,-1.02578988,-1.30384312,-0.07730825,False
2014-06-10,QQQ,0.17235023,0.13237705,0.82951084,-1.20539910,-1.59669148,-0.07730825,False
2014-06-10,DIA,0.01664433,0.11273878,0.65254006,-0.96702676,-1.24437775,-0.07730825,False
2014-06-10,IWN,-0.28371082,0.14715473,0.86473383,-1.31928330,-1.73782539,-0.07730825,False
2014-06-17,SPY,0.27752268,0.08499068,0.68404293,-1.01462205,-1.31249715,-0.58098221,False
2014-06-17,QQQ,0.05407035,0.10671520,0.80637542,-1.24037381,-1.52024688,-0.58098221,False
2014-06-17,DIA,0.16362498,0.06300323,0.65220269,-0.98774828,-1.26998024,-0.58098221,False
2014-06-17,IWN,0.73008319,0.12158310,0.86254163,-1.21084978,-1.58310467,-0.58098221,False
2014-06-24,SPY,-0.60425468,0.07380311,0.70418312,-1.07991056,-1.35955915,-1.70092914,False
2014-06-24,QQQ,-0.09700038,0.07419329,0.83656543,-1.29238434,-1.67484319,-1.70092914,False
2014-06-24,DIA,-0.70583923,0.05788409,0.65864491,-1.01593913,-1.27574291,-1.70092914,False
2014-06-24,IWN,-0.93143177,0.10580652,0.89252632,-1.28565808,-1.71063046,-1.70092914,False
2014-07-01,SPY,0.66710388,0.06946169,0.64597163,-1.00292770,-1.29308590,-2.20071657,False
2014-07-01,QQQ,1.09081645,0.06580665,0.77869266,-1.23615743,-1.64847784,-2.20071657,False
2014-07-01,DIA,0.76649557,0.03463446,0.60644111,-0.99827504,-1.21095002,-2.20071657,False
2014-07-01,IWN,0.97335302,0.06026391,0.83952014,-1.36760398,-1.77670347,-2.20071657,False
2014-07-09,SPY,0.44743536,0.07467542,0.66672102,-1.03071569,-1.26568455,-0.70527538,False
2014-07-09,QQQ,0.73992110,0.04241223,0.77538707,-1.26059559,-1.51608917,-0.70527538,False
2014-07-09,DIA,0.46612717,0.05460837,0.61975124,-0.98457213,-1.21476570,-0.70527538,False
2014-07-09,IWN,0.08861583,0.02632429,0.86571934,-1.38141760,-1.82373213,-0.70527538,False
2014-07-16,SPY,0.36942294,0.02074634,0.69746323,-1.13705648,-1.43957446,-0.86835368,False
2014-07-16,QQQ,0.39705648,-0.06151784,0.81179701,-1.44534630,-1.76903508,-0.86835368,False
2014-07-16,DIA,0.45334605,0.02714815,0.64935811,-1.01338520,-1.31149627,-0.86835368,False
2014-07-16,IWN,-0.15004866,0.00978954,0.89635288,-1.47976203,-1.89998235,-0.86835368,False
2014-07-23,SPY,0.22173622,0.07873319,0.69963477,-1.09569649,-1.41444548,-2.03391903,False
2014-07-23,QQQ,0.63663476,0.12920125,0.81660190,-1.22967437,-1.55393210,-2.03391903,False
2014-07-23,DIA,-0.15735715,0.04286396,0.64736036,-0.99826134,-1.34769734,-2.03391903,False
2014-07-23,IWN,-0.12022872,0.05724840,0.90278280,-1.47913337,-1.87268234,-2.03391903,False
2014-07-30,SPY,0.01521325,0.12982609,0.66396796,-0.99304336,-1.29374381,-0.19333711,False
2014-07-30,QQQ,0.39263286,0.18376463,0.77899293,-1.08721616,-1.43559690,-0.19333711,False
2014-07-30,DIA,-0.18791175,0.07979278,0.61584504,-0.95925865,-1.23066357,-0.19333711,False
2014-07-30,IWN,0.17313625,0.16886081,0.88571378,-1.35052378,-1.76574735,-0.19333711,False
2014-08-06,SPY,0.03124671,0.30438056,0.68571202,-0.75809186,-1.11114236,-0.59733682,False
2014-08-06,QQQ,-0.07400056,0.36038285,0.79666628,-0.87586451,-1.24740601,-0.59733682,False
2014-08-06,DIA,0.08438038,0.23150718,0.64457571,-0.79166562,-1.08379173,-0.59733682,False
2014-08-06,IWN,0.50738223,0.40134902,0.88923344,-1.08600149,-1.45101219,-0.59733682,False
2014-08-13,SPY,0.67458800,0.01449384,0.64047842,-1.05920748,-1.29504782,-0.81920253,False
2014-08-13,QQQ,1.05291680,-0.04088459,0.75975573,-1.27182682,-1.63623605,-0.81920253,False
2014-08-13,DIA,0.54956640,-0.00688562,0.60346562,-1.03729464,-1.24564554,-0.81920253,False
2014-08-13,IWN,0.56325673,-0.03566087,0.86286371,-1.40418385,-1.76764841,-0.81920253,False
2014-08-20,SPY,0.26680262,-0.01388520,0.66334004,-1.12266712,-1.38793605,-0.84107271,False
2014-08-20,QQQ,0.00000000,0.00642201,0.76839663,-1.21411409,-1.54647194,-0.84107271,False
2014-08-20,DIA,0.35128854,-0.00085404,0.62467377,-1.04025917,-1.28054520,-0.84107271,False
2014-08-20,IWN,-0.24110981,0.00531232,0.87532596,-1.38933648,-1.76647598,-0.84107271,False
2014-08-27,SPY,-0.03994622,0.20586000,0.67824839,-0.87160104,-1.20768434,0.01495306,False
2014-08-27,QQQ,0.02009022,0.29361756,0.79897703,-1.02531356,-1.36172089,0.01495306,False
2014-08-27,DIA,0.08946058,0.16095129,0.63086243,-0.88661664,-1.17224117,0.01495306,False
2014-08-27,IWN,-0.21868797,0.24088804,0.85730773,-1.13744658,-1.46449953,0.01495306,False
2014-09-04,SPY,-0.14473892,0.07873448,0.65989036,-0.99248082,-1.24188638,0.03458448,False
2014-09-04,QQQ,-0.09052072,-0.05326147,0.78724472,-1.29435733,-1.58997658,0.03458448,False
2014-09-04,DIA,-0.05095019,0.07482067,0.60484372,-0.91776654,-1.12794374,0.03458448,False
2014-09-04,IWN,-0.37871799,0.00138733,0.87201009,-1.47222325,-1.72785357,0.03458448,False
2014-09-11,SPY,0.11488646,0.06258981,0.65028257,-1.04744669,-1.26939348,-1.51517976,False
2014-09-11,QQQ,-0.07998940,0.15931345,0.76516196,-1.04298075,-1.41046093,-1.51517976,False
2014-09-11,DIA,-0.11554645,0.01446696,0.61470704,-1.01613596,-1.23221829,-1.51517976,False
2014-09-11,IWN,0.64969651,0.05917110,0.86572338,-1.34524331,-1.70731871,-1.51517976,False
2014-09-18,SPY,0.53158361,0.03690604,0.68410549,-1.05548118,-1.34451263,-0.64316510,False
2014-09-18,QQQ,0.75073233,0.08871567,0.80850531,-1.22076628,-1.52611465,-0.64316510,False
2014-09-18,DIA,0.63411948,0.00700693,0.63382294,-1.02834451,-1.31025344,-0.64316510,False
2014-09-18,IWN,0.45442604,0.01965235,0.90255565,-1.43363150,-1.77916079,-0.64316510,False
2014-09-25,SPY,-1.62674200,-0.01381540,0.64962312,-1.12900562,-1.38838558,-4.62816222,True
2014-09-25,QQQ,-2.12582010,-0.00565586,0.77291518,-1.29864148,-1.64937225,-4.62816222,True
2014-09-25,DIA,-1.54740629,-0.05060581,0.61438652,-1.09942563,-1.33915568,-4.62816222,True
2014-09-25,IWN,-1.42844365,-0.12578821,0.87667346,-1.64192888,-1.98966440,-4.62816222,False
2014-10-02,SPY,0.01542349,0.04164128,0.65381662,-1.05389188,-1.30361492,-1.17316015,False
2014-10-02,QQQ,0.00000000,0.03104936,0.77341841,-1.23314589,-1.56714562,-1.17316015,False
2014-10-02,DIA,-0.02178257,-0.00120093,0.61849653,-1.02208740,-1.27751252,-1.17316015,False
2014-10-02,IWN,0.65701012,-0.03935641,0.85263448,-1.45622150,-1.77562454,-1.17316015,False
2014-10-09,SPY,-2.00322294,-0.01075264,0.67816043,-1.11620115,-1.44617911,-4.95177023,True
2014-10-09,QQQ,-1.62822386,0.02789527,0.78657784,-1.29652414,-1.64543988,-4.95177023,True
2014-10-09,DIA,-1.99077097,-0.04158096,0.64022682,-1.13184141,-1.38238175,-4.95177023,True
2014-10-09,IWN,-2.46446348,-0.10853627,0.85812230,-1.52916325,-1.90953166,-4.95177023,True
2014-10-16,SPY,-0.08587845,0.35816244,0.68978690,-0.73509434,-1.05449724,-4.99702947,False
2014-10-16,QQQ,-0.62989073,0.43975753,0.80712499,-0.88019946,-1.18640378,-4.99702947,False
2014-10-16,DIA,-0.15189572,0.30889299,0.65344338,-0.76916075,-1.03952155,-4.99702947,False
2014-10-16,IWN,1.11106203,0.52976447,0.88374694,-0.86211747,-1.25018760,-4.99702947,False
2014-10-23,SPY,1.15579694,-0.06291860,0.70124983,-1.25211028,-1.49628283,-3.23168230,False
2014-10-23,QQQ,1.49339078,-0.05992730,0.82549157,-1.44131283,-1.75506891,-3.23168230,False
2014-10-23,DIA,1.30711090,-0.07482267,0.66688000,-1.16901477,-1.44242997,-3.23168230,False
2014-10-23,IWN,1.42445397,-0.09563844,0.90421934,-1.58451722,-1.91788700,-3.23168230,False
2014-10-30,SPY,0.63900090,0.02755450,0.69230952,-1.08045462,-1.37616032,-7.54517549,False
2014-10-30,QQQ,0.21019443,-0.06120391,0.82179687,-1.34565862,-1.71229450,-7.54517549,False
2014-10-30,DIA,1.29420094,0.04671562,0.64356956,-0.99497822,-1.28996051,-7.54517549,False
2014-10-30,IWN,0.76231401,-0.01487945,0.88232843,-1.37330025,-1.75812377,-7.54517549,False
2014-11-06,SPY,0.39952339,-0.00211090,0.70279946,-1.14532989,-1.51157188,0.05300129,False
2014-11-06,QQQ,0.31521023,0.03242825,0.79685936,-1.27991995,-1.63020410,0.05300129,False
2014-11-06,DIA,0.39922083,0.00194195,0.67591305,-1.15420388,-1.48906811,0.05300129,False
2014-11-06,IWN,0.20987669,-0.13721690,0.89174482,-1.57363830,-2.00185745,0.05300129,False
2014-11-13,SPY,0.11269527,0.09711433,0.71238583,-1.08000456,-1.40674653,-3.12144427,False
2014-11-13,QQQ,0.42849282,0.13398473,0.83590533,-1.32848640,-1.61400448,-3.12144427,False
2014-11-13,DIA,0.23019953,0.05792035,0.67458754,-1.05642507,-1.37031654,-3.12144427,False
2014-11-13,IWN,-0.85249334,0.15112079,0.88954021,-1.27806890,-1.70909998,-3.12144427,False
2014-11-20,SPY,0.17528703,0.03792866,0.70963644,-1.20263269,-1.40006929,-2.59425059,False
2014-11-20,QQQ,0.44471495,0.02270080,0.82070996,-1.28245111,-1.65232151,-2.59425059,False
2014-11-20,DIA,0.18793822,0.01951417,0.67595197,-1.11259701,-1.36286807,-2.59425059,False
2014-11-20,IWN,1.02637734,-0.07032673,0.89689238,-1.49528184,-1.88940744,-2.59425059,False
2014-11-28,SPY,-0.21215740,-0.01838300,0.66984504,-1.08581539,-1.33490709,-7.51060740,False
2014-11-28,QQQ,0.46331219,0.01708144,0.79171269,-1.21206120,-1.55121128,-7.51060740,False
2014-11-28,DIA,0.00274961,-0.06100911,0.65145853,-1.10193519,-1.37311470,-7.51060740,False
2014-11-28,IWN,-1.51305616,-0.08296371,0.84715420,-1.49172689,-1.77211958,-7.51060740,True
2014-12-05,SPY,0.16358467,0.10272308,0.67576559,-0.99561870,-1.27795182,-0.87189001,False
2014-12-05,QQQ,0.00950732,0.09357895,0.79868422,-1.21519832,-1.51191563,-0.87189001,False
2014-12-05,DIA,0.32733615,0.08253448,0.63668948,-0.95859653,-1.21606501,-0.87189001,False
2014-12-05,IWN,0.61968554,0.15307074,0.83510260,-1.24792152,-1.62440704,-0.87189001,False
2014-12-12,SPY,-1.62934692,-0.00122144,0.67972608,-1.11805173,-1.48733668,-4.41873599,True
2014-12-12,QQQ,-1.09459525,0.03318699,0.79059599,-1.23226584,-1.60554130,-4.41873599,False
2014-12-12,DIA,-1.80931141,-0.07521115,0.66008850,-1.13759580,-1.51384966,-4.41873599,True
2014-12-12,IWN,-1.33369227,-0.15536078,0.85203766,-1.52404819,-1.93686627,-4.41873599,False
2014-12-19,SPY,0.47305355,0.14125503,0.70270137,-0.97542880,-1.29018023,-1.25597001,False
2014-12-19,QQQ,0.43878906,0.28143121,0.82450623,-1.02449446,-1.44231468,-1.25597001,False
2014-12-19,DIA,0.14979311,0.09386333,0.66664323,-0.97083288,-1.22944504,-1.25597001,False
2014-12-19,IWN,0.38617494,-0.03659318,0.87430693,-1.46183832,-1.85983974,-1.25597001,False
2014-12-29,SPY,0.13424219,0.07558052,0.66237648,-0.98822320,-1.26705777,-1.32550627,False
2014-12-29,QQQ,-0.01905012,0.13735691,0.79131277,-1.16527990,-1.45141193,-1.32550627,False
2014-12-29,DIA,-0.08578314,0.04682164,0.64188949,-0.96109988,-1.24437195,-1.32550627,False
2014-12-29,IWN,0.62348815,0.00675109,0.82573740,-1.34336892,-1.59589039,-1.32550627,False
2015-01-06,SPY,-0.94636869,0.13819668,0.70405621,-1.07261871,-1.37856804,-2.68958001,False
2015-01-06,QQQ,-1.34986558,0.11232419,0.82615958,-1.29363506,-1.67916625,-2.68958001,True
2015-01-06,DIA,-0.74561591,0.13407514,0.66688734,-0.93910532,-1.28897539,-2.68958001,False
2015-01-06,IWN,-1.68749548,0.27273387,0.87971723,-1.26582886,-1.62135138,-2.68958001,True
2015-01-13,SPY,-0.28167850,0.06180919,0.71823815,-1.15113289,-1.48378359,-1.23121341,False
2015-01-13,QQQ,-0.02953613,0.02053814,0.84740534,-1.34990652,-1.79545751,-1.23121341,False
2015-01-13,DIA,-0.15408013,0.06424943,0.69370100,-1.09113959,-1.39877834,-1.23121341,False
2015-01-13,IWN,0.15150313,0.11558074,0.86768758,-1.32889206,-1.71767083,-1.23121341,False
2015-01-21,SPY,0.50598338,0.02116482,0.68079692,-1.14359856,-1.38881717,-1.65072066,False
2015-01-21,QQQ,0.51043761,0.07289046,0.79972095,-1.19520543,-1.55963045,-1.65072066,False
2015-01-21,DIA,0.22269382,-0.03963095,0.65591223,-1.13367545,-1.40260173,-1.65072066,False
2015-01-21,IWN,-0.09176484,-0.04990434,0.83230819,-1.47227200,-1.74443953,-1.65072066,False
2015-01-28,SPY,-1.29071418,0.35376504,0.67481081,-0.70460151,-1.01454126,-8.76207841,True
2015-01-28,QQQ,-0.51392352,0.28313935,0.81615646,-1.05755197,-1.42233031,-8.76207841,False
2015-01-28,DIA,-1.13274689,0.46249329,0.66499536,-0.61353085,-0.86129019,-8.76207841,True
2015-01-28,IWN,-1.85657538,0.65887573,0.83787671,-0.69211944,-1.09315337,-8.76207841,True
2015-02-04,SPY,-0.38151231,0.38189108,0.68289660,-0.73022069,-1.02576081,-3.47739689,False
2015-02-04,QQQ,-0.08746492,0.50183883,0.82267210,-0.89211069,-1.24318815,-3.47739689,False
2015-02-04,DIA,0.03746015,0.37825551,0.67825458,-0.68099525,-0.96800940,-3.47739689,False
2015-02-04,IWN,-0.49847508,0.40873148,0.88339480,-1.05848688,-1.43379470,-3.47739689,False
2015-02-11,SPY,0.05801317,-0.01900115,0.70265629,-1.15265046,-1.49853200,-0.04878862,False
2015-02-11,QQQ,0.36334331,0.09880988,0.82425994,-1.25741558,-1.63985896,-0.04878862,False
2015-02-11,DIA,-0.03705028,-0.15309044,0.67571389,-1.24329244,-1.52449755,-0.04878862,False
2015-02-11,IWN,-0.28875777,-0.22248642,0.88114952,-1.63230701,-2.07263579,-0.04878862,False
2015-02-19,SPY,-0.07143497,0.05870913,0.70965703,-1.11956810,-1.42866038,-1.09467374,False
2015-02-19,QQQ,0.49338138,0.09237148,0.83283055,-1.23467368,-1.64446392,-1.09467374,False
2015-02-19,DIA,-0.24478336,0.03105851,0.69606848,-1.16410089,-1.47809775,-1.09467374,False
2015-02-19,IWN,-0.18653598,0.02400578,0.88800646,-1.42839133,-1.77950824,-1.09467374,False
2015-02-26,SPY,-0.11821816,0.15610655,0.68681363,-0.96209410,-1.26013028,-2.50596847,False
2015-02-26,QQQ,0.50640160,0.16092970,0.81335119,-1.14923882,-1.49235194,-2.50596847,False
2015-02-26,DIA,-0.05571175,0.14931888,0.66678481,-0.92282154,-1.20374125,-2.50596847,False
2015-02-26,IWN,0.15663451,0.18155180,0.84858323,-1.23368314,-1.62666215,-2.50596847,False
2015-03-05,SPY,0.10934895,0.02019680,0.70816545,-1.13576070,-1.43961620,-0.07756357,False
2015-03-05,QQQ,0.17505202,0.07072203,0.82403625,-1.29480594,-1.57435030,-0.07756357,False
2015-03-05,DIA,0.21428378,-0.00759822,0.68766936,-1.12839638,-1.42837150,-0.07756357,False
2015-03-05,IWN,-0.02955806,-0.02135182,0.87401546,-1.47966515,-1.90645849,-0.07756357,False
2015-03-12,SPY,1.26336871,0.09948110,0.69483509,-1.03154719,-1.34339990,-4.34859949,False
2015-03-12,QQQ,0.65429911,0.15171490,0.82319252,-1.19816136,-1.54412660,-4.34859949,False
2015-03-12,DIA,1.46259646,0.08459958,0.68425333,-1.02056493,-1.30951128,-4.34859949,False
2015-03-12,IWN,1.81111620,0.20412965,0.85337696,-1.21091092,-1.60586016,-4.34859949,False
2015-03-19,SPY,-0.45719613,-0.12125328,0.72187149,-1.32073863,-1.59276245,-1.70043932,False
2015-03-19,QQQ,0.14816732,-0.07398933,0.83705118,-1.46186097,-1.86760438,-1.70043932,False
2015-03-19,DIA,-0.65025615,-0.18540500,0.70525533,-1.31374782,-1.63326071,-1.70043932,False
2015-03-19,IWN,-0.18432813,-0.23061137,0.89378533,-1.76773142,-2.06827954,-1.70043932,False
2015-03-26,SPY,-0.23842425,0.07598870,0.69078304,-1.05184834,-1.32379817,0.13677801,False
2015-03-26,QQQ,-0.34195683,-0.01165236,0.81681023,-1.36698911,-1.71871597,0.13677801,False
2015-03-26,DIA,-0.22775309,0.12393863,0.68454849,-1.00104682,-1.29359490,0.13677801,False
2015-03-26,IWN,-0.20596946,0.16560149,0.85383588,-1.22308622,-1.58645367,0.13677801,False
2015-04-02,SPY,0.35667765,0.11018983,0.69768558,-1.02273896,-1.35694947,-0.29623707,False
2015-04-02,QQQ,0.06659672,0.12654272,0.82284028,-1.19559149,-1.55007576,-0.29623707,False
2015-04-02,DIA,0.36693721,0.11180837,0.70202090,-1.03085286,-1.36452641,-0.29623707,False
2015-04-02,IWN,0.41502259,0.20797955,0.85257583,-1.15793912,-1.49249010,-0.29623707,False
2015-04-10,SPY,0.54420991,-0.11745033,0.67279227,-1.21799473,-1.52560007,-0.42447353,False
2015-04-10,QQQ,0.40918791,-0.11017573,0.80936628,-1.42782022,-1.79480877,-0.42447353,False
2015-04-10,DIA,0.54930643,-0.18094518,0.67332874,-1.27438834,-1.58990310,-0.42447353,False
2015-04-10,IWN,0.40547668,-0.26530996,0.83165515,-1.66777943,-2.02949953,-0.42447353,False
2015-04-17,SPY,-1.15702359,0.01934664,0.70582627,-1.15697031,-1.47002213,-6.59416262,True
2015-04-17,QQQ,-1.57233844,0.04160707,0.83076413,-1.33194536,-1.69167953,-6.59416262,True
2015-04-17,DIA,-1.55557046,0.01892390,0.70466792,-1.14830566,-1.46932751,-6.59416262,True
2015-04-17,IWN,-1.57454286,-0.00324112,0.89038745,-1.48805796,-1.86260950,-6.59416262,True
2015-04-24,SPY,0.23178144,0.06267341,0.71801377,-1.15012013,-1.45635046,-5.11355126,False
2015-04-24,QQQ,1.34789997,0.12444168,0.84807445,-1.23704434,-1.59050340,-5.11355126,False
2015-04-24,DIA,0.11871498,0.04502781,0.70375910,-1.10472911,-1.45126368,-5.11355126,False
2015-04-24,IWN,-0.16367909,0.03159929,0.86822329,-1.40097362,-1.84153949,-5.11355126,False
2015-05-01,SPY,1.07829140,0.14061067,0.65749728,-0.88457021,-1.23391988,-2.20323386,False
2015-05-01,QQQ,1.31074312,0.13812873,0.77302538,-1.11679775,-1.48795579,-2.20323386,False
2015-05-01,DIA,1.02353131,0.14649260,0.67056775,-0.94158999,-1.25257299,-2.20323386,False
2015-05-01,IWN,0.33617840,0.10616538,0.80591992,-1.26467976,-1.59764385,-2.20323386,False
2015-05-08,SPY,1.30803650,0.07103969,0.70701482,-1.05997710,-1.39763685,-2.97984407,False
2015-05-08,QQQ,1.24053201,0.09491709,0.82917435,-1.22387835,-1.56736896,-2.97984407,False
2015-05-08,DIA,1.47890079,0.01025087,0.70844975,-1.11486531,-1.46882638,-2.97984407,False
2015-05-08,IWN,0.65193134,0.02153390,0.86586267,-1.34382807,-1.76820530,-2.97984407,False
2015-05-15,SPY,0.10831014,-0.02804371,0.71889624,-1.23704467,-1.55554428,-0.00448680,False
2015-05-15,QQQ,0.00000000,0.05509390,0.86365049,-1.37194800,-1.83496721,-0.00448680,False
2015-05-15,DIA,0.11126852,-0.10592141,0.70008398,-1.28084005,-1.57423028,-0.00448680,False
2015-05-15,IWN,-0.18578017,-0.15317128,0.87936257,-1.62145913,-2.03269806,-0.00448680,False
2015-05-22,SPY,-0.23916682,0.04882070,0.69244678,-1.13177452,-1.41101115,0.15960016,False
2015-05-22,QQQ,-0.09952478,0.09506121,0.84781152,-1.32585748,-1.71478140,0.15960016,False
2015-05-22,DIA,-0.29421706,0.02403855,0.68221633,-1.14816636,-1.43119908,0.15960016,False
2015-05-22,IWN,-0.54577982,-0.10995534,0.86559558,-1.59727070,-1.91282875,0.15960016,False
2015-06-01,SPY,0.20817604,0.11332374,0.68820531,-1.02543007,-1.28787693,0.26701881,False
2015-06-01,QQQ,0.33561968,0.10696528,0.82010644,-1.18981786,-1.49978350,0.26701881,False
2015-06-01,DIA,0.16470759,0.10955723,0.68967221,-1.07622969,-1.33841868,0.26701881,False
2015-06-01,IWN,0.32379347,0.11642237,0.83539253,-1.26788702,-1.59895182,0.26701881,False
2015-06-08,SPY,-0.64563460,-0.00056266,0.71464517,-1.10729804,-1.41366750,-0.96161949,False
2015-06-08,QQQ,-1.02074731,0.02594993,0.86151336,-1.36251989,-1.65162140,-0.96161949,False
2015-06-08,DIA,-0.46557852,0.00923866,0.71767159,-1.18533633,-1.41056335,-0.96161949,False
2015-06-08,IWN,-0.41986961,0.00019742,0.87639953,-1.46138409,-1.76225708,-0.96161949,False
2015-06-15,SPY,-0.39615576,0.13658903,0.72596057,-1.09885580,-1.34157939,-1.53654504,False
2015-06-15,QQQ,-0.49778381,0.10489499,0.86000000,-1.32932846,-1.66135476,-1.53654504,False
2015-06-15,DIA,-0.60336339,0.19147629,0.72857615,-1.04266057,-1.29653494,-1.53654504,False
2015-06-15,IWN,-0.42660543,0.26049001,0.86482488,-1.19779729,-1.52260407,-1.53654504,False
2015-06-22,SPY,0.65814856,-0.04341877,0.70283381,-1.19133965,-1.45695615,-0.55687019,False
2015-06-22,QQQ,0.73438554,-0.11518908,0.85954169,-1.50528366,-1.84904563,-0.55687019,False
2015-06-22,DIA,0.57466884,-0.00166329,0.70552738,-1.19239627,-1.45018163,-0.55687019,False
2015-06-22,IWN,0.53526985,0.04827381,0.85927359,-1.34992015,-1.66979922,-0.55687019,False
2015-06-29,SPY,-2.13313677,-0.01107944,0.69124620,-1.18170674,-1.48713882,-4.64229541,True
2015-06-29,QQQ,-2.38944340,-0.01646935,0.83316630,-1.36446067,-1.79590531,-4.64229541,True
2015-06-29,DIA,-1.97136515,-0.01717756,0.69771872,-1.14175511,-1.49230051,-4.64229541,True
2015-06-29,IWN,-2.34460310,0.06523771,0.86855748,-1.31764560,-1.74563357,-4.64229541,True
2015-07-07,SPY,0.64627965,-0.02245957,0.69640955,-1.18647089,-1.47489400,-3.24834228,False
2015-07-07,QQQ,0.25037860,-0.02955473,0.83695458,-1.40384336,-1.75155135,-3.24834228,False
2015-07-07,DIA,0.52639044,-0.02893799,0.69895331,-1.17838269,-1.48529890,-3.24834228,False
2015-07-07,IWN,-0.00991715,0.02923147,0.83149421,-1.35518760,-1.73288293,-3.24834228,False
2015-07-14,SPY,0.45661845,-0.03963088,0.71936657,-1.23224324,-1.51510889,-0.10907174,False
2015-07-14,QQQ,0.65511882,0.00188538,0.85769388,-1.41305801,-1.75839622,-0.10907174,False
2015-07-14,DIA,0.42130368,-0.10232103,0.73127902,-1.30255942,-1.60905859,-0.10907174,False
2015-07-14,IWN,0.49975681,-0.11304222,0.85662870,-1.45048622,-1.82868457,-0.10907174,False
2015-07-21,SPY,-0.40527773,-0.33275304,0.70102216,-1.55175035,-1.78860634,-4.56896491,False
2015-07-21,QQQ,-0.06143811,-0.34288916,0.84101281,-1.76753713,-2.13321000,-4.56896491,False
2015-07-21,DIA,-1.00568650,-0.35731756,0.70621455,-1.54431380,-1.82465070,-4.56896491,False
2015-07-21,IWN,-0.34847181,-0.45282465,0.82082055,-1.79361139,-2.18167899,-4.56896491,False
2015-07-28,SPY,1.23545719,0.04390747,0.68486036,-1.07393997,-1.41523275,-3.94393474,False
2015-07-28,QQQ,0.85852780,0.03535453,0.83308581,-1.37270666,-1.73341024,-3.94393474,False
2015-07-28,DIA,1.08170460,0.04320996,0.66968465,-1.02565767,-1.37050240,-3.94393474,False
2015-07-28,IWN,0.65742824,0.00549697,0.81675149,-1.30656860,-1.66509538,-3.94393474,False
2015-08-04,SPY,-0.19567446,0.07717889,0.70046991,-1.12880069,-1.41942989,0.12028014,False
2015-08-04,QQQ,-0.18832343,0.07397124,0.85191886,-1.34003474,-1.73183285,0.12028014,False
2015-08-04,DIA,-0.27033417,0.07244899,0.70517218,-1.08787342,-1.41892211,0.12028014,False
2015-08-04,IWN,-0.36775929,-0.00441312,0.83943322,-1.39706660,-1.74207730,0.12028014,False
2015-08-11,SPY,-0.93496436,-0.01339762,0.70286212,-1.13543229,-1.41330125,-3.13719370,False
2015-08-11,QQQ,-1.29000099,0.12807015,0.84411949,-1.28228166,-1.62199806,-3.13719370,True
2015-08-11,DIA,-1.21270571,-0.09332878,0.70808890,-1.22160963,-1.51122962,-3.13719370,False
2015-08-11,IWN,-0.54367418,-0.06997699,0.84708565,-1.42667101,-1.75040993,-3.13719370,False
2015-08-18,SPY,-0.29963838,0.14258146,0.68478941,-0.97832070,-1.27369591,-0.22190978,False
2015-08-18,QQQ,-0.51282723,0.18915487,0.83318855,-1.15490827,-1.49589418,-0.22190978,False
2015-08-18,DIA,-0.19305916,0.11987503,0.68475241,-0.99252823,-1.30467716,-0.22190978,False
2015-08-18,IWN,-0.56234297,0.06673913,0.85778828,-1.35356343,-1.68755900,-0.22190978,False
2015-08-25,SPY,-2.29680329,0.19006961,0.74886572,-1.05518932,-1.34161120,-71.68243181,True
2015-08-25,QQQ,-0.37648544,-0.17146428,0.91927607,-1.75384233,-2.06719438,-71.68243181,False
2015-08-25,DIA,-1.29947015,0.22878154,0.76037488,-0.99917978,-1.31289508,-71.68243181,True
2015-08-25,IWN,-1.38439854,0.04822015,0.87737698,-1.38926886,-1.81407086,-71.68243181,False
2015-09-01,SPY,-2.88625492,-0.19373710,0.75429939,-1.41410705,-1.70927602,-6.67754119,True
2015-09-01,QQQ,-3.17517992,-0.31938550,0.92942757,-1.83536167,-2.15882548,-6.67754119,True
2015-09-01,DIA,-2.88287465,-0.16481160,0.74982902,-1.38405975,-1.66516244,-6.67754119,True
2015-09-01,IWN,-2.80306393,-0.05446386,0.88528040,-1.55858274,-1.91606579,-6.67754119,True
2015-09-09,SPY,-1.37682594,0.08748977,0.79978975,-1.20350658,-1.54192776,-2.67452438,True
2015-09-09,QQQ,-1.12976136,0.24419722,0.96606954,-1.30817824,-1.65522959,-2.67452438,False
2015-09-09,DIA,-1.46040325,-0.01953559,0.80556722,-1.37195553,-1.66650467,-2.67452438,True
2015-09-09,IWN,-0.93755748,-0.12873614,0.90452357,-1.61773060,-2.04502292,-2.67452438,False
2015-09-16,SPY,0.84799547,0.02777100,0.81426278,-1.31723208,-1.67021017,-1.63397465,False
2015-09-16,QQQ,0.56186655,0.09437637,0.97587161,-1.49149871,-1.86053210,-1.63397465,False
2015-09-16,DIA,0.84043953,-0.05232551,0.82258483,-1.36975362,-1.74995614,-1.63397465,False
2015-09-16,IWN,1.10568903,-0.01832089,0.91257643,-1.57500136,-1.94779470,-1.63397465,False
2015-09-23,SPY,-0.15482544,0.08867035,0.78314365,-1.20405971,-1.54713218,-0.71981887,False
2015-09-23,QQQ,0.07679598,0.05133314,0.93485559,-1.53122818,-1.94666730,-0.71981887,False
2015-09-23,DIA,-0.31020904,0.10270961,0.79031178,-1.21230791,-1.56202430,-0.71981887,False
2015-09-23,IWN,-0.28237365,0.12834497,0.87669079,-1.35879594,-1.72410305,-0.71981887,False
2015-09-30,SPY,1.84900963,0.02333980,0.82628438,-1.38891222,-1.76041812,-5.30498843,False
2015-09-30,QQQ,2.27610841,0.08440340,1.00900903,-1.67296363,-2.04505154,-5.30498843,False
2015-09-30,DIA,1.45713927,0.00814631,0.83020769,-1.43772355,-1.78941757,-5.30498843,False
2015-09-30,IWN,1.08242470,0.00917830,0.92640724,-1.56437233,-1.94367098,-5.30498843,False
2015-10-07,SPY,0.81560736,-0.08242778,0.83416728,-1.38402246,-1.84525401,-2.51848044,False
2015-10-07,QQQ,0.59819065,-0.14447405,0.99372422,-1.75457365,-2.23183116,-2.51848044,False
2015-10-07,DIA,0.72457658,-0.03736800,0.83279650,-1.40620534,-1.82953175,-2.51848044,False
2015-10-07,IWN,1.61569044,-0.04184180,0.91641413,-1.55469877,-1.98544073,-2.51848044,False
2015-10-14,SPY,-0.44059053,0.16348515,0.83660186,-1.11734521,-1.51056766,-4.40997237,False
2015-10-14,QQQ,-0.16035373,0.11154019,1.01277979,-1.42106189,-1.88457718,-4.40997237,False
2015-10-14,DIA,-0.92417903,0.14295673,0.83649676,-1.18117642,-1.53933740,-4.40997237,False
2015-10-14,IWN,-0.97294033,0.16625856,0.90483953,-1.30463930,-1.74565703,-4.40997237,False
2015-10-21,SPY,-0.61246202,-0.29378660,0.83228287,-1.63732447,-1.95686896,-3.51896938,False
2015-10-21,QQQ,-0.61195425,-0.38122551,1.00217908,-1.96695130,-2.40058446,-3.51896938,False
2015-10-21,DIA,-0.28209403,-0.29603473,0.82494941,-1.64961780,-1.94541064,-3.51896938,False
2015-10-21,IWN,-1.48663524,-0.20975088,0.92950579,-1.72059571,-2.18037588,-3.51896938,False
2015-10-28,SPY,1.13104204,0.36531564,0.79182941,-0.93651006,-1.25306895,-6.84843799,False
2015-10-28,QQQ,0.82785003,0.48172150,0.95512667,-1.08203344,-1.50595118,-6.84843799,False
2015-10-28,DIA,1.12040017,0.30559640,0.79904060,-1.00477192,-1.34478958,-6.84843799,False
2015-10-28,IWN,2.62098428,0.22027355,0.89500550,-1.30768385,-1.66906578,-6.84843799,False
2015-11-04,SPY,-0.30379023,-0.14653992,0.83410429,-1.50364207,-1.80989666,-0.65358193,False
2015-11-04,QQQ,0.00869680,-0.17669111,0.98144570,-1.82809655,-2.16965692,-0.65358193,False
2015-11-04,DIA,-0.28262681,-0.11375697,0.84225554,-1.48643929,-1.80721066,-0.65358193,False
2015-11-04,IWN,-0.15424055,-0.15544300,0.90836328,-1.59278232,-1.97329496,-0.65358193,False
2015-11-11,SPY,-0.39394447,-0.12918711,0.85226851,-1.49565713,-1.86555034,-0.73786697,False
2015-11-11,QQQ,-0.12365611,-0.05909084,1.03098184,-1.71950645,-2.12090878,-0.73786697,False
2015-11-11,DIA,-0.31578888,-0.14868049,0.83870607,-1.54050053,-1.86621660,-0.73786697,False
2015-11-11,IWN,-0.73374365,-0.14109513,0.92197372,-1.63208311,-1.97053674,-0.73786697,False
2015-11-18,SPY,1.57415794,0.14645539,0.83077793,-1.22836590,-1.60117863,-1.91797273,False
2015-11-18,QQQ,1.90127772,0.20769182,0.97890347,-1.37046209,-1.84625472,-1.91797273,False
2015-11-18,DIA,1.40611730,0.15180662,0.83144468,-1.19543046,-1.53992233,-1.91797273,False
2015-11-18,IWN,1.50474552,0.13891982,0.94127966,-1.47551109,-1.80587707,-1.91797273,False
2015-11-25,SPY,-0.01432272,-0.21813297,0.82916702,-1.60772384,-1.92269946,-0.62040822,False
2015-11-25,QQQ,0.08766544,-0.21838067,0.96078162,-1.80872150,-2.13779810,-0.62040822,False
2015-11-25,DIA,0.00673673,-0.20811270,0.83670304,-1.57979440,-1.93418615,-0.62040822,False
2015-11-25,IWN,0.47184681,-0.20624384,0.95033520,-1.73711800,-2.16151067,-0.62040822,False
2015-12-03,SPY,-1.40972691,0.30916151,0.81430730,-1.00094194,-1.37135371,-2.47041543,True
2015-12-03,QQQ,-1.70960021,0.32591430,0.94365628,-1.21312679,-1.60663684,-2.47041543,True
2015-12-03,DIA,-1.43160053,0.29449795,0.81585263,-0.96639876,-1.37289630,-2.47041543,True
2015-12-03,IWN,-1.37991219,0.23823224,0.91601774,-1.28174000,-1.66467413,-2.47041543,True
2015-12-10,SPY,0.25779504,-0.38193190,0.84044525,-1.76716736,-2.07630186,-1.25307613,False
2015-12-10,QQQ,0.45074706,-0.43797315,0.97732067,-2.02104281,-2.36971741,-1.25307613,False
2015-12-10,DIA,0.47024287,-0.36364611,0.84205474,-1.75739671,-2.05237982,-1.25307613,False
2015-12-10,IWN,0.16079850,-0.21943294,0.92966099,-1.74918802,-2.14739634,-1.25307613,False
2015-12-17,SPY,-1.53554388,-0.06164230,0.83813705,-1.50974829,-1.83463369,-1.95663786,True
2015-12-17,QQQ,-1.46712735,0.11075215,0.98663517,-1.54725500,-1.98059382,-1.95663786,False
2015-12-17,DIA,-1.43711086,-0.08074694,0.83491299,-1.51537837,-1.83650833,-1.95663786,False
2015-12-17,IWN,-1.04204659,-0.05668716,0.89946651,-1.47669247,-1.98191052,-1.95663786,False
2015-12-24,SPY,-0.16515507,-0.17935228,0.87996728,-1.58195050,-1.92799665,-0.44721278,False
2015-12-24,QQQ,-0.01775299,-0.06436997,1.00389721,-1.71338019,-2.06742432,-0.44721278,False
2015-12-24,DIA,-0.28695975,-0.19062823,0.88342387,-1.58029571,-1.92053142,-0.44721278,False
2015-12-24,IWN,0.14104836,-0.07744733,0.97185308,-1.59920503,-2.00423449,-0.44721278,False
2016-01-04,SPY,-1.40832764,0.08431018,0.88966380,-1.35328666,-1.68637638,-5.72511333,True
2016-01-04,QQQ,-2.13234380,0.12665085,1.04076480,-1.52692162,-1.98480585,-5.72511333,True
2016-01-04,DIA,-1.59713142,0.07232556,0.89799199,-1.39074853,-1.70019996,-5.72511333,True
2016-01-04,IWN,-1.98831025,0.07238938,0.96293674,-1.48625589,-1.86519645,-5.72511333,True
2016-01-11,SPY,0.09739097,0.41626632,0.87250503,-1.02998920,-1.43567548,-1.33679432,False
2016-01-11,QQQ,0.30720970,0.48565572,1.02467837,-1.17593444,-1.74565017,-1.33679432,False
2016-01-11,DIA,0.31833875,0.38863028,0.87702128,-1.07349860,-1.49932125,-1.33679432,False
2016-01-11,IWN,-0.03503529,0.16914461,0.96381020,-1.36588976,-1.79934552,-1.33679432,False
2016-01-19,SPY,0.13300433,-0.45226744,0.92736075,-2.03290795,-2.42058125,-4.08720378,False
2016-01-19,QQQ,0.21795473,-0.50708696,1.09924732,-2.36365465,-2.76630999,-4.08720378,False
2016-01-19,DIA,0.17460267,-0.40749185,0.91453534,-1.98244490,-2.37034922,-4.08720378,False
2016-01-19,IWN,-1.03541816,-0.21674936,0.99007212,-1.92835444,-2.33591875,-4.08720378,False
2016-01-26,SPY,1.35511527,-0.04611224,0.95247194,-1.55943027,-2.02761921,-7.31570822,False
2016-01-26,QQQ,0.89594037,0.06089099,1.11867032,-1.74982821,-2.22904463,-7.31570822,False
2016-01-26,DIA,1.75972369,0.00869381,0.94780178,-1.45422998,-1.94518283,-7.31570822,False
2016-01-26,IWN,2.54897141,0.04184506,1.00307111,-1.68264275,-2.14024241,-7.31570822,False
2016-02-02,SPY,-1.81863193,0.02756262,0.91297825,-1.47128182,-1.88925146,-3.24594044,True
2016-02-02,QQQ,-2.18830721,0.16647896,1.08325744,-1.60829606,-2.10779184,-3.24594044,True
2016-02-02,DIA,-1.81364072,0.08210262,0.90858390,-1.41057997,-1.81671637,-3.24594044,True
2016-02-02,IWN,-2.01117419,0.08641814,0.97693180,-1.52633070,-1.99116864,-3.24594044,True
2016-02-09,SPY,0.00541143,-0.01601813,0.92166078,-1.54233636,-1.98391655,-2.04828861,False
2016-02-09,QQQ,-0.31100906,-0.14486746,1.10595952,-1.92517567,-2.50406290,-2.04828861,False
2016-02-09,DIA,-0.07908511,0.01821301,0.92467367,-1.55083527,-1.92481589,-2.04828861,False
2016-02-09,IWN,-0.78230835,-0.08864038,0.99109438,-1.68935455,-2.16646436,-2.04828861,False
2016-02-17,SPY,1.62028838,-0.14337759,0.95528826,-1.66938491,-2.11668469,-2.76401156,False
2016-02-17,QQQ,2.23953686,-0.09044227,1.12873876,-1.88178263,-2.41471082,-2.76401156,False
2016-02-17,DIA,1.57686641,-0.12987398,0.93719913,-1.63964537,-2.08001565,-2.76401156,False
2016-02-17,IWN,1.08405633,-0.22769900,1.03608496,-1.97091894,-2.32105707,-2.76401156,False
2016-02-24,SPY,0.45654345,-0.16396512,0.96007512,-1.72415407,-2.13129912,-1.74776679,False
2016-02-24,QQQ,0.95036902,-0.23684094,1.15312574,-2.14721655,-2.61602279,-1.74776679,False
2016-02-24,DIA,0.32330053,-0.11852941,0.94351898,-1.68445432,-2.05683197,-1.74776679,False
2016-02-24,IWN,0.69432529,-0.14998297,1.00886212,-1.81742350,-2.21149160,-1.74776679,False
2016-03-02,SPY,0.44827236,0.17911916,0.96714776,-1.43751156,-1.77392716,-3.31391324,False
2016-03-02,QQQ,0.03778447,0.29647624,1.14140603,-1.63157817,-2.04833982,-3.31391324,False
2016-03-02,DIA,0.20281724,0.10521065,0.96168277,-1.50204688,-1.81542855,-3.31391324,False
2016-03-02,IWN,1.18411809,0.01536160,1.01065998,-1.62591493,-1.99715846,-3.31391324,False
2016-03-09,SPY,0.49273637,0.18288281,0.94500003,-1.31030350,-1.69203629,-1.68231978,False
2016-03-09,QQQ,0.64124462,0.25737847,1.12733777,-1.55318519,-2.01368868,-1.68231978,False
2016-03-09,DIA,0.21351739,0.22183880,0.94028101,-1.25449410,-1.67180627,-1.68231978,False
2016-03-09,IWN,0.55549623,0.18444815,1.02676787,-1.49417030,-1.89268084,-1.68231978,False
2016-03-16,SPY,0.57704343,0.15774225,0.94709990,-1.41489147,-1.86310433,-0.95328383,False
2016-03-16,QQQ,0.88698326,0.19172305,1.13134706,-1.73267121,-2.19684789,-0.95328383,False
2016-03-16,DIA,0.42935762,0.09655541,0.93610607,-1.45904615,-1.85920942,-0.95328383,False
2016-03-16,IWN,0.77392451,0.09167944,1.02562409,-1.61635980,-2.03882296,-0.95328383,False
2016-03-23,SPY,-0.66262565,0.12924169,0.94269418,-1.36883116,-1.79520429,-3.57702366,False
2016-03-23,QQQ,-0.82659107,0.12534715,1.13188443,-1.70894036,-2.17488261,-3.57702366,False
2016-03-23,DIA,-0.45592004,0.09408218,0.94328750,-1.41015913,-1.79914762,-3.57702366,False
2016-03-23,IWN,-1.80037132,0.03580004,1.00523660,-1.62884341,-1.98155694,-3.57702366,True
2016-03-31,SPY,-0.24299969,-0.02981226,0.94686349,-1.53919265,-1.98345133,-0.48418717,False
2016-03-31,QQQ,-0.14640427,0.08861539,1.13080664,-1.76299128,-2.21541769,-0.48418717,False
2016-03-31,DIA,-0.17835281,0.01092724,0.94707902,-1.51624416,-1.97415996,-0.48418717,False
2016-03-31,IWN,0.01074549,0.13865141,1.05609248,-1.61808948,-2.14634309,-0.48418717,False
2016-04-07,SPY,-1.20380889,0.18463584,0.92484929,-1.28113046,-1.76481734,-2.38052878,False
2016-04-07,QQQ,-1.44713162,0.25806176,1.11430831,-1.56617449,-2.07919640,-2.38052878,False
2016-04-07,DIA,-0.98752831,0.10717303,0.92698508,-1.38415712,-1.83716236,-2.38052878,False
2016-04-07,IWN,-1.34878097,0.00934534,1.01684391,-1.74509292,-2.10599022,-2.38052878,False
2016-04-14,SPY,0.00433708,0.11537308,0.96527975,-1.45486932,-1.80817882,-0.57407610,False
2016-04-14,QQQ,0.00900515,0.05315618,1.15412152,-1.77305310,-2.22037132,-0.57407610,False
2016-04-14,DIA,0.10129844,0.13045753,0.96479520,-1.43676835,-1.78364060,-0.57407610,False
2016-04-14,IWN,-0.01060282,0.09595200,1.07968211,-1.62413223,-2.09877104,-0.57407610,False
2016-04-21,SPY,-0.53930821,-0.04625080,0.98499198,-1.69326358,-2.21244216,-1.72470325,False
2016-04-21,QQQ,0.00902712,0.01638452,1.19602803,-1.96512509,-2.59958617,-1.72470325,False
2016-04-21,DIA,-0.63056647,-0.01910737,0.96981356,-1.60002160,-2.10278375,-1.72470325,False
2016-04-21,IWN,-0.92612707,-0.00623948,1.08313703,-1.85648668,-2.35077485,-1.72470325,False
2016-04-28,SPY,-0.91265697,-0.42504766,0.96430907,-1.96386613,-2.38842525,-3.36576657,False
2016-04-28,QQQ,-1.21579786,-0.29159689,1.13745331,-2.17964718,-2.59424303,-3.36576657,False
2016-04-28,DIA,-1.17523754,-0.37895371,0.95234181,-1.87688005,-2.30656970,-3.36576657,False
2016-04-28,IWN,-0.94559499,-0.13589399,1.06113418,-1.80438866,-2.30915739,-3.36576657,False
2016-05-05,SPY,-0.01951538,0.05814710,0.97295818,-1.55270747,-1.98374468,-0.66872505,False
2016-05-05,QQQ,-0.02857103,-0.02218558,1.16228401,-1.96194267,-2.39603565,-0.66872505,False
2016-05-05,DIA,0.05352293,0.03542172,0.96814216,-1.54437281,-2.00171567,-0.66872505,False
2016-05-05,IWN,-0.38296829,-0.08617964,1.06013674,-1.90059767,-2.30069754,-0.66872505,False
2016-05-12,SPY,0.02907269,-0.04172961,0.98089981,-1.63406899,-2.15986703,-1.53693791,False
2016-05-12,QQQ,-0.44290195,-0.05027887,1.14476804,-1.88550727,-2.50413978,-1.53693791,False
2016-05-12,DIA,0.05294706,-0.01518677,0.98255131,-1.63325134,-2.12507718,-1.53693791,False
2016-05-12,IWN,-0.30706166,-0.07528294,1.06951346,-1.77339264,-2.33503923,-1.53693791,False
2016-05-19,SPY,-0.34710785,0.12440696,0.86878378,-1.28548845,-1.66542660,-1.16276223,False
2016-05-19,QQQ,-0.52088848,0.03017977,1.05820699,-1.74324644,-2.13810212,-1.16276223,False
2016-05-19,DIA,-0.52182458,0.11836301,0.86033616,-1.32310917,-1.68326836,-1.16276223,False
2016-05-19,IWN,-0.86059273,-0.07901280,0.96903593,-1.69390528,-2.09361761,-1.16276223,False
2016-05-26,SPY,0.02868656,0.06284508,0.94737503,-1.50278427,-1.91412410,-1.00006403,False
2016-05-26,QQQ,0.29252898,0.09650451,1.13321918,-1.79032263,-2.24957493,-1.00006403,False
2016-05-26,DIA,-0.13015770,0.05645108,0.94735985,-1.53507535,-1.92424830,-1.00006403,False
2016-05-26,IWN,-0.15626663,0.22913803,1.06155970,-1.52765383,-1.96628375,-1.00006403,False
2016-06-03,SPY,-0.29916047,-0.09037517,0.89730682,-1.58114284,-1.95134498,-0.64860220,False
2016-06-03,QQQ,-0.47137015,-0.03980823,1.08048675,-1.84992297,-2.24618413,-0.64860220,False
2016-06-03,DIA,-0.17673985,-0.08803199,0.89841788,-1.61249412,-1.97248676,-0.64860220,False
2016-06-03,IWN,-0.42991986,-0.02734906,0.98372293,-1.68542201,-2.09969106,-0.64860220,False
2016-06-10,SPY,-0.95227037,-0.02714634,0.90173812,-1.41073498,-1.84673215,-2.00911944,False
2016-06-10,QQQ,-1.14089286,0.08687886,1.08725379,-1.61614770,-2.08099760,-2.00911944,False
2016-06-10,DIA,-0.66861185,-0.02216668,0.89839816,-1.39390742,-1.79923639,-2.00911944,False
2016-06-10,IWN,-1.16687902,0.03881023,0.98921156,-1.49444687,-1.90537049,-2.00911944,False
2016-06-17,SPY,-0.37313814,0.01131185,0.90853163,-1.52384374,-1.86548465,-2.44697322,False
2016-06-17,QQQ,-1.17903508,0.05995882,1.08211057,-1.78482435,-2.23977033,-2.44697322,False
2016-06-17,DIA,-0.32726856,-0.01175424,0.89942692,-1.54494291,-1.86433009,-2.44697322,False
2016-06-17,IWN,0.12422008,0.04801257,1.02693869,-1.63028476,-2.09007230,-2.44697322,False
2016-06-24,SPY,-3.71110123,0.01688609,0.96104726,-1.58555224,-1.93277570,-8.25357320,True
2016-06-24,QQQ,-4.20602116,-0.05907325,1.14324168,-1.85021454,-2.33859371,-8.25357320,True
2016-06-24,DIA,-3.45244087,-0.00392442,0.94958600,-1.57734627,-1.94271954,-8.25357320,True
2016-06-24,IWN,-3.72664940,-0.04573848,1.06152023,-1.76338454,-2.23161539,-8.25357320,True
2016-07-01,SPY,0.21269308,-0.23513904,0.95352705,-1.69010663,-2.12649861,-0.79091177,False
2016-07-01,QQQ,0.50088703,-0.26664184,1.12020260,-2.04327405,-2.56177230,-0.79091177,False
2016-07-01,DIA,0.10802869,-0.22005016,0.94148324,-1.67587122,-2.08979227,-0.79091177,False
2016-07-01,IWN,0.35910616,-0.08731027,1.05754711,-1.77080296,-2.26535971,-0.79091177,False
2016-07-11,SPY,0.35206021,-0.03647783,0.99524837,-1.65688256,-2.10897845,-3.19513732,False
2016-07-11,QQQ,0.56952268,-0.11650440,1.17209673,-1.98558160,-2.54711204,-3.19513732,False
2016-07-11,DIA,0.44092405,-0.06630600,0.98872764,-1.68682537,-2.14269792,-3.19513732,False
2016-07-11,IWN,1.23393815,-0.05937282,1.09602029,-1.90044373,-2.30609292,-3.19513732,False
2016-07-18,SPY,0.26791439,-0.01753871,0.96757472,-1.61824132,-2.04298241,-1.39137224,False
2016-07-18,QQQ,0.65972015,-0.13400886,1.14988056,-2.04456984,-2.52489123,-1.39137224,False
2016-07-18,DIA,0.08906979,-0.02416607,0.96707540,-1.65742520,-2.08735328,-1.39137224,False
2016-07-18,IWN,0.19710328,-0.14835697,1.07679057,-1.84768118,-2.38588264,-1.39137224,False
2016-07-25,SPY,-0.27194736,-0.02150938,0.96782963,-1.66418392,-2.08065877,-0.89427369,False
2016-07-25,QQQ,0.00880454,-0.05086665,1.16215477,-2.07238729,-2.45916268,-0.89427369,False
2016-07-25,DIA,-0.41976205,-0.05003617,0.97005741,-1.69288701,-2.13408361,-0.89427369,False
2016-07-25,IWN,-0.18716510,0.00091467,1.06255958,-1.70159488,-2.29154148,-0.89427369,False
2016-08-01,SPY,-0.08294192,0.03016577,0.93755618,-1.48814089,-1.91264940,-1.58576781,False
2016-08-01,QQQ,0.52794706,0.02667809,1.11924174,-1.82872963,-2.31969200,-1.58576781,False
2016-08-01,DIA,-0.15055620,0.00209323,0.93496201,-1.45930345,-1.97184123,-1.58576781,False
2016-08-01,IWN,-0.29489940,0.03549674,1.06962662,-1.65803610,-2.13142157,-1.58576781,False
2016-08-08,SPY,-0.05959515,0.04283590,0.98585042,-1.61029949,-1.97648628,-0.48445136,False
2016-08-08,QQQ,-0.11138064,-0.07092804,1.18110137,-2.04798896,-2.48060418,-0.48445136,False
2016-08-08,DIA,-0.07682178,0.02208566,0.98956930,-1.59217027,-2.02353151,-0.48445136,False
2016-08-08,IWN,0.05820175,-0.01179676,1.10821860,-1.77970919,-2.24767011,-0.48445136,False
2016-08-15,SPY,0.28796457,0.01695511,0.92178677,-1.45041303,-1.90591353,-2.18048942,False
2016-08-15,QQQ,0.42573344,-0.02279374,1.11550088,-1.76322278,-2.32116219,-2.18048942,False
2016-08-15,DIA,0.32021508,0.01124062,0.92353364,-1.48281229,-1.94083062,-2.18048942,False
2016-08-15,IWN,1.06384311,-0.04592884,1.04708480,-1.69453382,-2.16595539,-2.18048942,False
2016-08-22,SPY,-0.00457802,0.07172657,0.94134220,-1.46971372,-1.84913933,-0.60690918,False
2016-08-22,QQQ,0.07673667,0.11053387,1.13395097,-1.76630470,-2.22258319,-0.60690918,False
2016-08-22,DIA,-0.12485847,0.10163495,0.93991550,-1.43483490,-1.80210685,-0.60690918,False
2016-08-22,IWN,0.14432144,0.12724773,1.06585576,-1.65131094,-1.99430949,-0.60690918,False
2016-08-29,SPY,0.49168111,0.16784444,0.92326517,-1.32209896,-1.80128634,-0.95366369,False
2016-08-29,QQQ,0.13693165,0.24637429,1.09722658,-1.56160454,-2.07668629,-0.95366369,False
2016-08-29,DIA,0.58317073,0.16590223,0.90811165,-1.29047225,-1.77158623,-0.95366369,False
2016-08-29,IWN,0.57521186,0.14881606,1.04050857,-1.61141004,-2.10463863,-0.95366369,False
2016-09-06,SPY,0.30225730,-0.02466944,0.88902863,-1.51141725,-1.88906846,-0.79932590,False
2016-09-06,QQQ,0.62135676,-0.12352977,1.05930808,-1.97709932,-2.40914032,-0.79932590,False
2016-09-06,DIA,0.24931096,-0.04755875,0.88492721,-1.50452347,-1.91467113,-0.79932590,False
2016-09-06,IWN,-0.08557193,-0.09035065,1.00101358,-1.75340871,-2.21327489,-0.79932590,False
2016-09-13,SPY,-1.44799694,0.27480708,0.88369754,-1.15841319,-1.47827592,-4.49448142,True
2016-09-13,QQQ,-0.89801402,0.21366721,1.06552743,-1.47722938,-1.89819925,-4.49448142,False
2016-09-13,DIA,-1.41968354,0.19656142,0.87714676,-1.25637003,-1.57020557,-4.49448142,True
2016-09-13,IWN,-1.98682652,0.17331238,0.99922004,-1.44226661,-1.85709129,-4.49448142,True
2016-09-20,SPY,0.00469859,-0.10137737,0.93041983,-1.60418361,-2.01196749,-0.72869696,False
2016-09-20,QQQ,0.18821638,-0.12474545,1.11896296,-1.92343686,-2.41872042,-0.72869696,False
2016-09-20,DIA,0.05401360,-0.09332166,0.91704550,-1.58950395,-1.97567554,-0.72869696,False
2016-09-20,IWN,-0.48681000,-0.09648496,1.04767837,-1.77434798,-2.23761128,-0.72869696,False
2016-09-27,SPY,0.61887858,0.02661026,0.95926327,-1.53973781,-1.92931028,-1.19594624,False
2016-09-27,QQQ,0.98373524,0.09850298,1.14104819,-1.79376988,-2.27054102,-1.19594624,False
2016-09-27,DIA,0.73490694,0.01520876,0.94765913,-1.53949972,-1.91709376,-1.19594624,False
2016-09-27,IWN,0.18338878,-0.01404704,1.09276125,-1.77359625,-2.27272803,-1.19594624,False
2016-10-04,SPY,-0.51109311,-0.01842486,0.88062030,-1.48394206,-1.84214322,-0.88752457,False
2016-10-04,QQQ,-0.15194034,0.01227392,1.03597248,-1.72355840,-2.12208187,-0.88752457,False
2016-10-04,DIA,-0.46894434,-0.01276299,0.88396993,-1.43858389,-1.80126243,-0.88752457,False
2016-10-04,IWN,-0.51923412,-0.00978834,0.99600562,-1.66690214,-2.06746213,-0.88752457,False
2016-10-11,SPY,-1.27101491,0.08851773,0.91126848,-1.43371268,-1.87142066,-1.71081715,False
2016-10-11,QQQ,-1.43621799,-0.04097318,1.07378216,-1.88770845,-2.38419052,-1.71081715,False
2016-10-11,DIA,-1.09925759,0.06602151,0.90017837,-1.46623667,-1.84222102,-1.71081715,False
2016-10-11,IWN,-1.56758733,-0.08547910,1.03801555,-1.79076782,-2.26048821,-1.71081715,False
2016-10-18,SPY,0.62428174,0.06948920,0.86550166,-1.42001200,-1.73698883,-0.92585766,False
2016-10-18,QQQ,0.88632240,-0.01147637,1.06331008,-1.84509013,-2.21642462,-0.92585766,False
2016-10-18,DIA,0.41679210,0.04920456,0.85944548,-1.39303704,-1.76646921,-0.92585766,False
2016-10-18,IWN,0.62462177,-0.06656547,0.98474171,-1.75378782,-2.07305378,-0.92585766,False
2016-10-25,SPY,-0.33561927,0.41919973,0.89466010,-0.95725202,-1.28999772,-0.64546845,False
2016-10-25,QQQ,-0.31829961,0.37736699,1.07020629,-1.34231709,-1.74034186,-0.64546845,False
2016-10-25,DIA,-0.29544733,0.38567107,0.88754223,-1.00410260,-1.30852754,-0.64546845,False
2016-10-25,IWN,-0.64800981,0.28130373,1.04012694,-1.36170038,-1.68951189,-0.64546845,False
2016-11-01,SPY,-0.72716760,-0.12306221,0.85198679,-1.48009282,-1.81795392,-0.93863306,False
2016-11-01,QQQ,-0.75506510,-0.20187208,1.03582324,-1.87607496,-2.25602463,-0.93863306,False
2016-11-01,DIA,-0.58220948,-0.11044190,0.84579092,-1.47004987,-1.83853632,-0.93863306,False
2016-11-01,IWN,-1.22944947,-0.24646618,0.97997619,-1.89574960,-2.27526563,-0.93863306,False
2016-11-08,SPY,0.44937783,-0.14350360,0.90760975,-1.60355151,-1.92550030,-0.90468379,False
2016-11-08,QQQ,0.65109175,-0.09651036,1.07777151,-1.82156342,-2.19925503,-0.90468379,False
2016-11-08,DIA,0.39975633,-0.13439524,0.89042053,-1.50994937,-1.87974341,-0.90468379,False
2016-11-08,IWN,0.17679139,0.04211486,1.04125130,-1.57565886,-2.06521524,-0.90468379,False
2016-11-15,SPY,0.77723010,-0.23226081,0.89511138,-1.65004658,-2.09453505,-6.72070901,False
2016-11-15,QQQ,1.37753644,-0.30649365,1.08096347,-2.02973074,-2.53632289,-6.72070901,False
2016-11-15,DIA,0.28773496,-0.09777036,0.87985448,-1.46318331,-1.90409356,-6.72070901,False
2016-11-15,IWN,0.36703603,0.17422304,1.06326806,-1.58972700,-2.09583122,-6.72070901,False
2016-11-22,SPY,0.19513588,0.07636263,0.89424960,-1.43630113,-1.77428125,-2.34828378,False
2016-11-22,QQQ,0.30325344,0.20762607,1.08395213,-1.54786798,-2.06692296,-2.34828378,False
2016-11-22,DIA,0.35376029,0.05601104,0.87511397,-1.39174383,-1.71378295,-2.34828378,False
2016-11-22,IWN,1.21424854,0.17381188,1.06341903,-1.60075266,-2.01837125,-2.34828378,False
2016-11-30,SPY,-0.24020192,0.04684173,0.91531180,-1.44812898,-1.81911136,-3.34566816,False
2016-11-30,QQQ,-1.21808151,0.01159258,1.08892836,-1.69693243,-2.22807191,-3.34566816,False
2016-11-30,DIA,0.01035425,0.00610879,0.90308928,-1.45071020,-1.84020781,-3.34566816,False
2016-11-30,IWN,-0.00869951,-0.08266507,1.08858248,-1.83519741,-2.32595941,-3.34566816,False
2016-12-07,SPY,1.28176267,-0.00511729,0.90251068,-1.42250707,-1.86856311,-3.03624671,False
2016-12-07,QQQ,1.25828108,0.08383065,1.10770971,-1.73121775,-2.21290402,-3.03624671,False
2016-12-07,DIA,1.53523249,0.02167546,0.86946978,-1.38321748,-1.76463051,-3.03624671,False
2016-12-07,IWN,1.14382805,0.20723488,1.04576203,-1.49251902,-1.93390315,-3.03624671,False
2016-12-14,SPY,-0.79811645,0.07860416,0.93056829,-1.44393416,-1.85669145,-4.09449960,False
2016-12-14,QQQ,-0.20775058,0.02173105,1.11705882,-1.80480349,-2.29775165,-4.09449960,False
2016-12-14,DIA,-0.59782959,0.01826463,0.90806798,-1.53296931,-1.88151105,-4.09449960,False
2016-12-14,IWN,-1.47779257,-0.00486752,1.09554259,-1.81827370,-2.32247038,-4.09449960,False
2016-12-21,SPY,-0.24770814,0.18663351,0.90578934,-1.30195062,-1.76101696,-0.89098501,False
2016-12-21,QQQ,-0.07466633,0.14306589,1.10844121,-1.81997821,-2.28580757,-0.89098501,False
2016-12-21,DIA,-0.16364131,0.19459859,0.88249259,-1.33677888,-1.72646544,-0.89098501,False
2016-12-21,IWN,-0.55192474,0.29077943,1.06397647,-1.44939502,-1.97186056,-0.89098501,False
2016-12-29,SPY,-0.04903390,0.25519500,0.88949590,-1.24967360,-1.58527481,-0.40879244,False
2016-12-29,QQQ,-0.14190993,0.31585862,1.08736665,-1.57725855,-1.94911207,-0.40879244,False
2016-12-29,DIA,-0.07010738,0.25331054,0.87020943,-1.25218788,-1.58488839,-0.40879244,False
2016-12-29,IWN,0.09215298,0.21386582,1.06884611,-1.52906902,-2.07862193,-0.40879244,False
2017-01-06,SPY,0.39236538,0.14695273,0.88222428,-1.28097943,-1.69029003,-1.61207087,False
2017-01-06,QQQ,0.87314834,0.49762023,1.05180970,-1.17474374,-1.75379826,-1.61207087,False
2017-01-06,DIA,0.32365808,0.14086926,0.86418015,-1.27209829,-1.66687499,-1.61207087,False
2017-01-06,IWN,-0.33462981,0.26227681,1.04431212,-1.46014440,-1.89505717,-1.61207087,False
2017-01-13,SPY,0.21165217,-0.05864821,0.91247909,-1.55186973,-1.89995841,-1.20689128,False
2017-01-13,QQQ,0.34158728,0.06795246,1.09535159,-1.68210663,-2.17121028,-1.20689128,False
2017-01-13,DIA,-0.02649790,-0.08613152,0.88434130,-1.49958474,-1.85443470,-1.20689128,False
2017-01-13,IWN,0.64069853,-0.02760066,1.11701907,-1.82141071,-2.23987839,-1.20689128,False
2017-01-23,SPY,-0.25168975,0.12314015,0.92058485,-1.37845672,-1.81444159,-1.41303455,False
2017-01-23,QQQ,0.08108197,0.04593040,1.10311106,-1.72987301,-2.28293899,-1.41303455,False
2017-01-23,DIA,-0.13828922,0.12646814,0.90398876,-1.35843054,-1.78254888,-1.41303455,False
2017-01-23,IWN,-0.34951246,0.10005161,1.10703662,-1.68602705,-2.18793070,-1.41303455,False
2017-01-30,SPY,-0.60887146,0.23708790,0.88745473,-1.20601107,-1.57285522,-2.06247314,False
2017-01-30,QQQ,-0.78207718,0.21547155,1.06828222,-1.57849138,-1.91226301,-2.06247314,False
2017-01-30,DIA,-0.61225837,0.21371632,0.87736651,-1.18500218,-1.60909406,-2.06247314,False
2017-01-30,IWN,-1.53822665,0.15931888,1.08223424,-1.60639361,-2.01510526,-2.06247314,False
2017-02-06,SPY,-0.16581250,-0.11635885,0.90686835,-1.60738351,-1.92597889,-1.50275160,False
2017-02-06,QQQ,0.11928443,-0.26480169,1.09440261,-2.02568449,-2.45666580,-1.50275160,False
2017-02-06,DIA,-0.09490608,-0.07540875,0.89384386,-1.55105965,-1.88463499,-1.50275160,False
2017-02-06,IWN,-0.74805147,-0.00568525,1.07737506,-1.78393512,-2.14183463,-1.50275160,False
2017-02-13,SPY,0.54281925,0.01156527,0.86639501,-1.36510071,-1.73978131,-0.95413241,False
2017-02-13,QQQ,0.56364116,-0.03052318,1.04178412,-1.74437314,-2.09307344,-0.95413241,False
2017-02-13,DIA,0.70199221,0.06641266,0.85155583,-1.30117310,-1.64293774,-0.95413241,False
2017-02-13,IWN,0.39923113,0.17461343,1.08274527,-1.60971873,-2.07108315,-0.95413241,False
2017-02-21,SPY,0.58540758,0.16907578,0.87404019,-1.23827484,-1.59535819,-0.57435099,False
2017-02-21,QQQ,0.49179312,0.20434372,1.04643033,-1.45732286,-1.91909496,-0.57435099,False
2017-02-21,DIA,0.57509698,0.13847236,0.85584592,-1.28434691,-1.61306953,-0.57435099,False
2017-02-21,IWN,0.83200543,0.14175115,1.05498714,-1.52756060,-2.00582099,-0.57435099,False
2017-02-28,SPY,-0.24918055,0.00239633,0.91221469,-1.56286372,-1.90569560,-3.34876629,False
2017-02-28,QQQ,-0.30716221,-0.06573111,1.09577741,-1.87811620,-2.36517759,-3.34876629,False
2017-02-28,DIA,-0.12100935,0.01988983,0.88079892,-1.43626145,-1.82001901,-3.34876629,False
2017-02-28,IWN,-1.52687457,-0.01100970,1.11367416,-1.81676988,-2.36102577,-3.34876629,False
2017-03-07,SPY,-0.30753201,0.11237774,0.88354516,-1.41434361,-1.76078520,-1.03522208,False
2017-03-07,QQQ,-0.16841832,0.14233258,1.06192031,-1.68172458,-2.11900045,-1.03522208,False
2017-03-07,DIA,-0.14126380,0.09920152,0.86923088,-1.39084283,-1.73552744,-1.03522208,False
2017-03-07,IWN,-0.70719041,0.05746604,1.09417096,-1.74748740,-2.21836293,-1.03522208,False
2017-03-14,SPY,-0.36230519,0.01265749,0.87752125,-1.39486342,-1.70725052,-0.76156735,False
2017-03-14,QQQ,-0.24344407,0.02236896,1.06405580,-1.76334388,-2.17226593,-0.76156735,False
2017-03-14,DIA,-0.21146324,0.02793992,0.86541153,-1.37677535,-1.66485876,-0.76156735,False
2017-03-14,IWN,-0.49607098,0.01364741,1.08953381,-1.72096260,-2.13507429,-0.76156735,False
2017-03-21,SPY,-1.26252513,0.28066170,0.88553111,-1.21353385,-1.57526274,-7.17694340,True
2017-03-21,QQQ,-1.50588043,0.36092038,1.06239336,-1.38244504,-1.83170908,-7.17694340,True
2017-03-21,DIA,-1.14424082,0.26546357,0.87334728,-1.16578256,-1.57125649,-7.17694340,False
2017-03-21,IWN,-2.92236056,0.26342342,1.04508504,-1.46576455,-1.84190766,-7.17694340,True
2017-03-28,SPY,0.71236599,0.20142003,0.81537673,-1.16603092,-1.46469181,-0.44018406,False
2017-03-28,QQQ,0.60958761,0.21469666,0.97684521,-1.45838156,-1.86206066,-0.44018406,False
2017-03-28,DIA,0.72975330,0.20278103,0.78979660,-1.12723440,-1.41256721,-0.44018406,False
2017-03-28,IWN,0.96760389,0.14007196,1.05605298,-1.58289925,-2.01065534,-0.44018406,False
2017-04-04,SPY,0.07644060,0.11341781,0.79269013,-1.19967632,-1.54185838,-0.42037930,False
2017-04-04,QQQ,0.15860749,0.24651337,0.96511078,-1.37109740,-1.75787396,-0.42037930,False
2017-04-04,DIA,0.18882695,0.06360991,0.76907127,-1.20066560,-1.50064079,-0.42037930,False
2017-04-04,IWN,0.05134241,0.13172117,1.05881784,-1.53496717,-2.00503853,-0.42037930,False
2017-04-11,SPY,-0.11054099,0.11819606,0.78842323,-1.20213505,-1.51950492,-2.22395860,False
2017-04-11,QQQ,-0.43266696,0.12102889,0.95725163,-1.49585158,-1.93294931,-2.22395860,False
2017-04-11,DIA,-0.03253503,0.11938665,0.75878930,-1.13844671,-1.44141748,-2.22395860,False
2017-04-11,IWN,0.93760073,0.10102321,1.06289638,-1.73723766,-2.16053847,-2.22395860,False
2017-04-19,SPY,-0.16265594,0.08854300,0.77944093,-1.18577912,-1.53280409,-3.58774502,False
2017-04-19,QQQ,0.15983883,0.09339591,0.93479821,-1.41633656,-1.80591032,-3.58774502,False
2017-04-19,DIA,-0.58048769,0.10649589,0.75311841,-1.11284858,-1.47061090,-3.58774502,False
2017-04-19,IWN,0.16355694,0.06865892,1.10126792,-1.69466257,-2.21119830,-3.58774502,False
2017-04-26,SPY,-0.03353910,-0.10080869,0.79973605,-1.46825867,-1.81827202,-1.16896152,False
2017-04-26,QQQ,-0.14070869,-0.28334048,0.93619984,-1.89710948,-2.29746261,-1.16896152,False
2017-04-26,DIA,-0.10021156,0.00924837,0.77032857,-1.26538112,-1.60910180,-1.16896152,False
2017-04-26,IWN,0.73757388,0.06340927,1.10404856,-1.85064237,-2.34809920,-1.16896152,False
2017-05-03,SPY,-0.10058022,0.33325044,0.77120915,-0.94291531,-1.30194514,-0.99023355,False
2017-05-03,QQQ,-0.32064872,0.47773236,0.93688208,-1.09129545,-1.54763133,-0.99023355,False
2017-05-03,DIA,0.03822678,0.27907760,0.74989030,-0.97161078,-1.29281684,-0.99023355,False
2017-05-03,IWN,-0.42304626,0.32072472,1.04229963,-1.29858749,-1.90494305,-0.99023355,False
2017-05-10,SPY,0.17525092,0.09801575,0.74638720,-1.10662762,-1.46742864,-2.23783961,False
2017-05-10,QQQ,0.05781515,0.11347535,0.91974037,-1.38122513,-1.80618454,-2.23783961,False
2017-05-10,DIA,-0.15587248,0.08594012,0.72171048,-1.07318929,-1.45726863,-2.23783961,False
2017-05-10,IWN,0.50035787,-0.02364988,1.05972729,-1.72213829,-2.16226835,-2.23783961,False
2017-05-17,SPY,-1.75636278,0.06441355,0.74556934,-1.19708925,-1.47214721,-7.34438662,True
2017-05-17,QQQ,-2.57548668,0.02796864,0.90325516,-1.44558982,-1.84920905,-7.34438662,True
2017-05-17,DIA,-1.79302598,0.08002933,0.72463764,-1.14572855,-1.42767477,-7.34438662,True
2017-05-17,IWN,-2.68665228,0.09722822,1.03403465,-1.65716610,-2.01473792,-7.34438662,True
2017-05-24,SPY,0.22057866,0.09486128,0.75958650,-1.17898290,-1.44687771,-0.65589213,False
2017-05-24,QQQ,0.45893828,0.13879438,0.93762925,-1.41641893,-1.83293331,-0.65589213,False
2017-05-24,DIA,0.35523000,0.10925931,0.73684345,-1.15192791,-1.40096500,-0.65589213,False
2017-05-24,IWN,-0.19747015,0.07528347,1.05564705,-1.67045307,-2.03253582,-0.65589213,False
2017-06-01,SPY,0.77570437,-0.00260607,0.72736163,-1.19479084,-1.50388100,-2.66037242,False
2017-06-01,QQQ,0.38849671,0.02169281,0.87721557,-1.40342155,-1.79132500,-2.66037242,False
2017-06-01,DIA,0.64304326,-0.01393269,0.70856998,-1.18725249,-1.47942129,-2.66037242,False
2017-06-01,IWN,1.86132347,-0.05847021,1.03513482,-1.90844560,-2.28723538,-2.66037242,False
2017-06-08,SPY,0.03695529,0.06944449,0.76169597,-1.19014608,-1.52000511,-5.11924284,False
2017-06-08,QQQ,0.10450852,0.03074534,0.91006318,-1.51200587,-1.86599866,-5.11924284,False
2017-06-08,DIA,0.04174121,0.05172372,0.73240073,-1.13420341,-1.47015206,-5.11924284,False
2017-06-08,IWN,1.59635986,0.07411127,1.08338897,-1.69540700,-2.06204167,-5.11924284,False
2017-06-15,SPY,-0.18849358,0.05655436,0.73105116,-1.09459669,-1.47069959,-0.56157065,False
2017-06-15,QQQ,-0.44462996,0.09004977,0.89221523,-1.36405644,-1.79342151,-0.56157065,False
2017-06-15,DIA,-0.06860974,0.04602717,0.71847200,-1.08479657,-1.40824219,-0.56157065,False
2017-06-15,IWN,-0.45140345,0.11016399,1.00911846,-1.50367413,-1.97972316,-0.56157065,False
2017-06-22,SPY,-0.04526794,-0.10050711,0.70061301,-1.28928862,-1.60549182,-0.54096849,False
2017-06-22,QQQ,-0.02840915,-0.11353022,0.88238149,-1.56487273,-1.92294217,-0.54096849,False
2017-06-22,DIA,-0.05952253,-0.14952828,0.68964740,-1.30595711,-1.62386175,-0.54096849,False
2017-06-22,IWN,0.24776983,-0.32649728,1.00111001,-1.99778925,-2.43272293,-0.54096849,False
2017-06-29,SPY,-0.83743949,-0.11163009,0.71297319,-1.29479203,-1.55879058,-2.96561744,False
2017-06-29,QQQ,-1.75071244,-0.25746525,0.85932627,-1.65078891,-2.01691016,-2.96561744,True
2017-06-29,DIA,-0.78415736,-0.07834817,0.69689689,-1.21651292,-1.50959798,-2.96561744,False
2017-06-29,IWN,-0.12564131,-0.04361742,1.02341942,-1.76460822,-2.04660727,-2.96561744,False
2017-09-11,SPY,1.06096429,0.10004740,0.72575681,-1.07092366,-1.33424815,-1.32307992,False
2017-09-11,QQQ,1.14452553,0.14281462,0.92161513,-1.42550556,-1.69054655,-1.32307992,False
2017-09-11,DIA,1.18157188,0.10674489,0.71516017,-1.06554297,-1.34077058,-1.32307992,False
2017-09-11,IWN,1.20503922,0.13954429,1.00971026,-1.54446675,-1.88209548,-1.32307992,False
2017-09-18,SPY,0.21244531,-0.04083311,0.71109602,-1.23017900,-1.46971365,-0.28923936,False
2017-09-18,QQQ,-0.13083190,-0.18977716,0.89671777,-1.61028563,-2.02867672,-0.28923936,False
2017-09-18,DIA,0.28471376,0.01065709,0.69690444,-1.13863342,-1.34579156,-0.28923936,False
2017-09-18,IWN,0.62938338,0.01490008,1.04424642,-1.68496647,-2.09621762,-0.28923936,False
2017-09-25,SPY,-0.20467170,0.05428141,0.70167162,-1.06426754,-1.33808452,-3.05894812,False
2017-09-25,QQQ,-1.05878418,0.04667711,0.88673786,-1.37652067,-1.65469484,-3.05894812,False
2017-09-25,DIA,-0.24118990,0.07877027,0.69607067,-0.99617072,-1.29808580,-3.05894812,False
2017-09-25,IWN,0.57000083,0.11741518,1.02175822,-1.45939120,-1.95568416,-3.05894812,False
2017-10-02,SPY,0.43294354,0.02128907,0.69350365,-1.09712171,-1.41102547,-2.16756064,False
2017-10-02,QQQ,0.08933790,0.07760340,0.89393177,-1.40510587,-1.74054815,-2.16756064,False
2017-10-02,DIA,0.68883188,0.00673267,0.67556617,-1.11629937,-1.40125065,-2.16756064,False
2017-10-02,IWN,1.19330919,0.06780612,1.00346218,-1.51680666,-1.99328054,-2.16756064,False
2017-10-09,SPY,-0.15735907,0.13773279,0.66489229,-0.91110446,-1.17007602,-0.18559656,False
2017-10-09,QQQ,-0.11521203,0.14098399,0.83859247,-1.20130137,-1.49316384,-0.18559656,False
2017-10-09,DIA,-0.05534236,0.13212457,0.65587086,-0.90171210,-1.17598960,-0.18559656,False
2017-10-09,IWN,-0.28779461,0.10176102,1.00139619,-1.51059994,-1.87628654,-0.18559656,False
2017-10-16,SPY,0.15290142,0.06042716,0.65147810,-0.98390368,-1.26210655,-1.11986811,False
2017-10-16,QQQ,0.34320362,0.05272460,0.83513020,-1.31409132,-1.70007118,-1.11986811,False
2017-10-16,DIA,0.36836473,0.04922482,0.64329896,-0.98543853,-1.24846376,-1.11986811,False
2017-10-16,IWN,-0.07198119,0.06567633,0.96245789,-1.52532393,-1.87804174,-1.11986811,False
2017-10-23,SPY,-0.35460574,-0.02197446,0.64548498,-1.07555878,-1.32940879,-1.11716642,False
2017-10-23,QQQ,-0.65439218,-0.01569115,0.80750998,-1.32924515,-1.61537395,-1.11716642,False
2017-10-23,DIA,-0.23281768,0.03464327,0.64196000,-1.03461234,-1.31541389,-1.11716642,False
2017-10-23,IWN,-0.81652846,0.09992507,0.95627708,-1.46612306,-1.86120858,-1.11716642,False
2017-10-30,SPY,-0.35372354,0.17513684,0.62978532,-0.85733712,-1.15422233,-2.46582916,False
2017-10-30,QQQ,0.22455828,0.07604134,0.78775539,-1.20349014,-1.61904486,-2.46582916,False
2017-10-30,DIA,-0.36530459,0.14233681,0.62114579,-0.89100460,-1.16644636,-2.46582916,False
2017-10-30,IWN,-1.24683917,0.23082280,0.96356469,-1.41251489,-1.80850564,-2.46582916,False
2017-11-06,SPY,0.15466122,0.10179358,0.60930439,-0.92759692,-1.16377201,0.16809580,False
2017-11-06,QQQ,0.33869644,0.15109351,0.78454918,-1.13828716,-1.46032189,0.16809580,False
2017-11-06,DIA,0.03920352,0.09017226,0.58466666,-0.88956390,-1.12983706,0.16809580,False
2017-11-06,IWN,0.22628976,0.14086873,0.95731998,-1.45338416,-1.85908295,0.16809580,False
2017-11-13,SPY,0.09293819,0.14156954,0.62421431,-0.87443830,-1.12501302,0.13833209,False
2017-11-13,QQQ,0.12356615,0.18724079,0.79807408,-1.16436791,-1.45232028,0.13833209,False
2017-11-13,DIA,0.07464485,0.14365608,0.60716832,-0.85829414,-1.07264349,0.13833209,False
2017-11-13,IWN,0.01644706,0.14595695,0.96444893,-1.41099131,-1.85883731,0.13833209,False
2017-11-20,SPY,0.17048644,0.10439280,0.57570963,-0.86025427,-1.07531565,-0.41473122,False
2017-11-20,QQQ,-0.07799569,0.07306662,0.75734180,-1.13350585,-1.45410972,-0.41473122,False
2017-11-20,DIA,0.30815243,0.11511665,0.56378309,-0.81693704,-1.05598354,-0.41473122,False
2017-11-20,IWN,0.76876170,0.14104218,0.91905853,-1.34327965,-1.67543036,-0.41473122,False
2017-11-28,SPY,1.00938326,0.06645372,0.55399299,-0.83353896,-1.05504991,-4.01075968,False
2017-11-28,QQQ,0.25575344,0.08254596,0.72117177,-1.09078481,-1.39126566,-4.01075968,False
2017-11-28,DIA,1.07948559,0.06640316,0.54825019,-0.81522965,-1.03910465,-4.01075968,False
2017-11-28,IWN,1.81362027,0.04782146,0.88526489,-1.37991903,-1.74138245,-4.01075968,False
2017-12-05,SPY,-0.36030692,0.13978864,0.54559184,-0.75630614,-1.02872063,-1.56816295,False
2017-12-05,QQQ,0.06548696,0.09094152,0.69502204,-1.06438578,-1.34488518,-1.56816295,False
2017-12-05,DIA,-0.45144885,0.21076208,0.54443429,-0.68222100,-0.94314470,-1.56816295,False
2017-12-05,IWN,-1.21338352,0.19353396,0.92384069,-1.24494327,-1.73267809,-1.56816295,False
2017-12-12,SPY,0.17632272,0.03030507,0.55935902,-0.88688794,-1.07778622,-1.22050545,False
2017-12-12,QQQ,-0.13479478,0.09898446,0.74360835,-1.10465410,-1.41359761,-1.22050545,False
2017-12-12,DIA,0.48585894,0.05603838,0.55200901,-0.86385816,-1.10091097,-1.22050545,False
2017-12-12,IWN,-0.00796081,0.00445933,0.92773970,-1.47139589,-1.84521123,-1.22050545,False
2017-12-19,SPY,-0.35482382,0.02219860,0.54870762,-0.87475923,-1.13212111,-1.23737088,False
2017-12-19,QQQ,-0.59430357,0.00682464,0.71905876,-1.19209487,-1.49874954,-1.23737088,False
2017-12-19,DIA,-0.15116978,0.05012124,0.53984836,-0.85677473,-1.09045051,-1.23737088,False
2017-12-19,IWN,-0.99682933,0.16792970,0.91799550,-1.36355707,-1.72587687,-1.23737088,False
2017-12-27,SPY,0.04863400,0.10465168,0.55332203,-0.77793277,-1.02556686,0.19585280,False
2017-12-27,QQQ,0.01277235,0.11306123,0.70673688,-1.07946495,-1.39869060,0.19585280,False
2017-12-27,DIA,0.11344796,0.12798189,0.55858043,-0.80429018,-1.00390825,0.19585280,False
2017-12-27,IWN,-0.22149364,0.12110926,0.91104475,-1.36598475,-1.77815883,0.19585280,False
2018-01-04,SPY,0.42061272,0.06810681,0.56289170,-0.85563546,-1.08213140,-1.56116981,False
2018-01-04,QQQ,0.17480496,0.27392485,0.73644518,-0.93762975,-1.21210689,-1.56116981,False
2018-01-04,DIA,0.60982860,0.04373327,0.56420820,-0.89518122,-1.13750904,-1.56116981,False
2018-01-04,IWN,0.22077762,0.05570614,0.89665157,-1.47091575,-1.77307389,-1.56116981,False
2018-01-11,SPY,0.72694856,0.05337024,0.54969810,-0.85166367,-1.08274439,-2.17110107,False
2018-01-11,QQQ,0.68208605,-0.02002421,0.71331086,-1.16056787,-1.47678398,-2.17110107,False
2018-01-11,DIA,0.80716740,0.09598906,0.55463850,-0.78021690,-1.03093171,-2.17110107,False
2018-01-11,IWN,1.89073722,0.06865620,0.91806744,-1.44268430,-1.79793775,-2.17110107,False
2018-01-19,SPY,0.43962002,0.20347232,0.55145607,-0.70016594,-0.88852582,-1.50992783,False
2018-01-19,QQQ,0.31312016,0.23975918,0.72957587,-0.96383525,-1.27111774,-1.50992783,False
2018-01-19,DIA,0.20698985,0.23734622,0.55537900,-0.71842082,-0.91768927,-1.50992783,False
2018-01-19,IWN,1.18929114,0.25843245,0.90297456,-1.21975981,-1.64219572,-1.50992783,False
2018-01-26,SPY,1.15114627,0.01084885,0.53168667,-0.86292154,-1.06490783,-7.48034508,False
2018-01-26,QQQ,1.52090966,-0.08502288,0.67870991,-1.13937656,-1.45502768,-7.48034508,False
2018-01-26,DIA,0.84483473,0.07219474,0.54157052,-0.80613913,-1.02254401,-7.48034508,False
2018-01-26,IWN,0.05387450,0.00081778,0.90137436,-1.49880298,-1.82435786,-7.48034508,False
2018-02-02,SPY,-2.20106042,0.09768712,0.53977086,-0.80467117,-1.02585502,-15.09029561,True
2018-02-02,QQQ,-2.01468315,0.03134149,0.69764069,-1.16980694,-1.49446564,-15.09029561,True
2018-02-02,DIA,-2.57519548,0.15383056,0.54780493,-0.68017540,-0.96211071,-15.09029561,True
2018-02-02,IWN,-1.88342000,0.12309367,0.91735236,-1.40234340,-1.79775060,-15.09029561,True
2018-02-09,SPY,1.49097104,0.14941910,0.66662616,-0.90436061,-1.17571224,-2.43650182,False
2018-02-09,QQQ,1.71220165,0.21257289,0.81497149,-1.09734218,-1.42943653,-2.43650182,False
2018-02-09,DIA,1.37538338,0.07592112,0.69286584,-1.05745090,-1.31359104,-2.43650182,False
2018-02-09,IWN,1.13298894,0.01653066,0.97765201,-1.59735478,-1.92637140,-2.43650182,False
2018-02-16,SPY,0.02927520,0.03810929,0.65368554,-1.01742005,-1.27166741,-1.15357512,False
2018-02-16,QQQ,-0.44758577,0.11873139,0.81389527,-1.17084797,-1.48298562,-1.15357512,False
2018-02-16,DIA,0.07540696,0.05703659,0.66345257,-1.02288240,-1.27072999,-1.15357512,False
2018-02-16,IWN,0.50748455,0.08831464,0.95470782,-1.48560921,-1.90988243,-1.15357512,False
2018-02-26,SPY,1.15452059,-0.08236399,0.63471754,-1.09230440,-1.35258591,-5.73765928,False
2018-02-26,QQQ,1.31730836,-0.14277618,0.78159148,-1.40737496,-1.71198909,-5.73765928,False
2018-02-26,DIA,1.56524478,-0.07057024,0.66625267,-1.10700621,-1.39838666,-5.73765928,False
2018-02-26,IWN,0.58495761,0.19636183,0.93123006,-1.31553776,-1.61844656,-5.73765928,False
2018-03-05,SPY,1.14916965,0.50787872,0.63940928,-0.54331310,-0.82696398,-1.09856947,False
2018-03-05,QQQ,1.10239229,0.65883236,0.78807917,-0.60143375,-0.98132093,-1.09856947,False
2018-03-05,DIA,1.36282532,0.60151950,0.66422778,-0.51573561,-0.79798899,-1.09856947,False
2018-03-05,IWN,1.04882955,0.65250947,0.92469340,-0.93482079,-1.28582325,-1.09856947,False
2018-03-12,SPY,-0.12557077,-0.04016997,0.66189801,-1.13207692,-1.37689655,-3.47561928,False
2018-03-12,QQQ,0.52990252,-0.01389012,0.80737083,-1.33211755,-1.64026617,-3.47561928,False
2018-03-12,DIA,-0.62212226,-0.01053676,0.68280890,-1.16633475,-1.40208053,-3.47561928,False
2018-03-12,IWN,0.27530061,0.03821363,0.93097705,-1.49648201,-1.90857385,-3.47561928,False
2018-03-19,SPY,-1.36226539,-0.09649801,0.67998962,-1.19738309,-1.50355154,-3.29301276,True
2018-03-19,QQQ,-2.15710570,-0.26814683,0.82182833,-1.64311024,-2.01835965,-3.29301276,True
2018-03-19,DIA,-1.35440921,-0.05109561,0.70416295,-1.19140612,-1.49211430,-3.29301276,True
2018-03-19,IWN,-0.75460482,0.04474342,0.95535786,-1.51279861,-1.88641657,-3.29301276,False
2018-03-26,SPY,2.69914613,0.46733717,0.63240969,-0.56507874,-0.80828817,-8.16711618,False
2018-03-26,QQQ,3.64845971,0.59142374,0.80837350,-0.69704759,-1.04717938,-8.16711618,False
2018-03-26,DIA,2.80478753,0.51610583,0.65518566,-0.55126886,-0.79370615,-8.16711618,False
2018-03-26,IWN,2.08132764,0.11144764,0.92481632,-1.37080641,-1.79988467,-8.16711618,False
2018-04-03,SPY,1.27356495,0.09182063,0.64848964,-0.97721364,-1.22306523,-3.95255148,False
2018-04-03,QQQ,1.11904302,0.27050133,0.81702364,-1.02743255,-1.33925788,-3.95255148,False
2018-04-03,DIA,1.63254464,-0.03137630,0.69436243,-1.16071325,-1.43860144,-3.95255148,False
2018-04-03,IWN,1.41421656,-0.00089694,0.89890811,-1.50492801,-1.84882352,-3.95255148,False
2018-04-10,SPY,1.57752672,0.45975084,0.65725464,-0.64041116,-0.93460776,-2.66605745,False
2018-04-10,QQQ,2.18230873,0.69062941,0.82328385,-0.65361012,-1.02730297,-2.66605745,False
2018-04-10,DIA,1.77283298,0.54689563,0.69537525,-0.65488429,-0.94456106,-2.66605745,False
2018-04-10,IWN,1.83417026,0.31569401,0.90647302,-1.08325501,-1.40956610,-2.66605745,False
2018-04-17,SPY,1.06414079,0.13684220,0.68401453,-1.02067447,-1.28022181,-3.58189393,False
2018-04-17,QQQ,2.12967867,0.18576136,0.87422632,-1.25564854,-1.60956782,-3.58189393,False
2018-04-17,DIA,0.86544879,0.18899435,0.72371553,-1.00898546,-1.32839780,-3.58189393,False
2018-04-17,IWN,0.63861996,0.17710261,0.88276605,-1.27449436,-1.64145921,-3.58189393,False
2018-04-24,SPY,-1.35588945,0.31767960,0.66274853,-0.71778934,-0.96244087,-10.15670740,True
2018-04-24,QQQ,-2.14148987,0.46576000,0.85287324,-0.86529008,-1.21380836,-10.15670740,True
2018-04-24,DIA,-1.75178938,0.36748717,0.69836960,-0.73112735,-1.02829663,-10.15670740,True
2018-04-24,IWN,0.00798821,0.32833485,0.89100649,-1.08280589,-1.45249620,-10.15670740,False
2018-05-01,SPY,0.17752514,0.13655673,0.68311738,-0.98773163,-1.27111479,-3.81486336,False
2018-05-01,QQQ,1.13679503,0.20937323,0.87544789,-1.16046391,-1.57108722,-3.81486336,False
2018-05-01,DIA,-0.26563247,0.10621434,0.71875307,-1.10061555,-1.34450258,-3.81486336,False
2018-05-01,IWN,0.32173290,0.04639952,0.91852813,-1.45134153,-1.79716235,-3.81486336,False
2018-05-08,SPY,0.00000000,-0.27233317,0.67096153,-1.39369642,-1.66438950,-0.40519099,False
2018-05-08,QQQ,-0.10229848,-0.44311854,0.86398869,-1.83312868,-2.16440595,-0.40519099,False
2018-05-08,DIA,0.01186431,-0.25393073,0.70642457,-1.36171595,-1.74622694,-0.40519099,False
2018-05-08,IWN,0.50353564,-0.17679730,0.91102086,-1.64832402,-1.99020768,-0.40519099,False
2018-05-15,SPY,-0.69106117,-0.00043489,0.66560137,-1.07426538,-1.31893902,-1.88498219,False
2018-05-15,QQQ,-1.11369331,0.02186728,0.86106037,-1.36763717,-1.70511716,-1.88498219,False
2018-05-15,DIA,-0.77813843,-0.02038731,0.71558346,-1.15773664,-1.48004257,-1.88498219,False
2018-05-15,IWN,0.14022025,0.01067296,0.85757394,-1.40712717,-1.75015609,-1.88498219,False
2018-05-22,SPY,-0.27838871,-0.05300635,0.67940383,-1.19621251,-1.46386658,-2.55754985,False
2018-05-22,QQQ,-0.13073167,-0.17052943,0.86445583,-1.62099597,-1.91145532,-2.55754985,False
2018-05-22,DIA,-0.71770921,0.00002258,0.71740077,-1.15568908,-1.48884346,-2.55754985,False
2018-05-22,IWN,-0.41074658,0.02309055,0.89879907,-1.50652855,-1.86757158,-2.55754985,False
2018-05-30,SPY,1.32564787,0.06816801,0.68819381,-1.02918445,-1.30570510,-4.79420258,False
2018-05-30,QQQ,0.71355232,0.07055846,0.87512452,-1.33922785,-1.68829516,-4.79420258,False
2018-05-30,DIA,1.24959738,0.04244893,0.74138818,-1.18217764,-1.41926296,-4.79420258,False
2018-05-30,IWN,1.58082421,0.09745894,0.90308143,-1.39076305,-1.77314561,-4.79420258,False
2018-06-06,SPY,0.83257189,-0.08332314,0.69230711,-1.17069646,-1.47736160,-3.66514121,False
2018-06-06,QQQ,0.58168276,-0.17337803,0.88632606,-1.59917697,-1.96545208,-3.66514121,False
2018-06-06,DIA,1.38715008,-0.05616062,0.73300928,-1.20692019,-1.52602034,-3.66514121,False
2018-06-06,IWN,0.62724922,-0.00195255,0.88658375,-1.42395776,-1.76464438,-3.66514121,False
2018-06-13,SPY,-0.31959810,0.07877464,0.69414958,-1.10947974,-1.37598864,-0.69210781,False
2018-06-13,QQQ,-0.00567617,0.17479648,0.89006541,-1.36762184,-1.79195623,-0.69210781,False
2018-06-13,DIA,-0.47318154,0.07641887,0.74682694,-1.14741001,-1.43397449,-0.69210781,False
2018-06-13,IWN,-0.57547382,0.03140504,0.90179060,-1.53746703,-1.84726921,-0.69210781,False
2018-06-20,SPY,0.17043200,0.34659531,0.67172430,-0.78224938,-1.06049327,-1.82893017,False
2018-06-20,QQQ,0.70769530,0.53946743,0.87063092,-0.91333548,-1.30992474,-1.82893017,False
2018-06-20,DIA,-0.17184652,0.36472854,0.73670210,-0.83654426,-1.15390494,-1.82893017,False
2018-06-20,IWN,0.70284556,0.38320498,0.90212022,-1.04619706,-1.48497775,-1.82893017,False
2018-06-27,SPY,-0.83189417,0.25566213,0.69899676,-0.89817119,-1.24721597,-2.88256089,False
2018-06-27,QQQ,-1.36924598,0.31770083,0.90950624,-1.22624325,-1.59693925,-2.88256089,True
2018-06-27,DIA,-0.68395972,0.25673295,0.75048532,-0.97640994,-1.34360402,-2.88256089,False
2018-06-27,IWN,-1.30741545,0.30325012,0.89077801,-1.21726852,-1.55510126,-2.88256089,True
2018-07-05,SPY,0.81248756,0.23113201,0.67554878,-0.86315699,-1.12708517,-0.98629505,False
2018-07-05,QQQ,1.23356474,0.29057777,0.88603680,-1.17335104,-1.52522881,-0.98629505,False
2018-07-05,DIA,0.74970123,0.27819842,0.72363770,-0.86775396,-1.16611869,-0.98629505,False
2018-07-05,IWN,1.12502581,0.26976275,0.89884817,-1.17340375,-1.53303326,-0.98629505,False
2018-07-12,SPY,0.90251265,-0.11559492,0.70757960,-1.24835533,-1.57266350,-3.55187047,False
2018-07-12,QQQ,1.70846307,-0.08296861,0.91027533,-1.57591028,-2.00786033,-3.55187047,False
2018-07-12,DIA,0.90454405,-0.18569894,0.76384098,-1.43820231,-1.77288532,-3.55187047,False
2018-07-12,IWN,-0.03721679,-0.10337975,0.90000111,-1.60290533,-2.01794067,-3.55187047,False
2018-07-19,SPY,-0.37785128,0.10235081,0.65449129,-1.02384983,-1.27743120,-2.38955815,False
2018-07-19,QQQ,-0.50146402,0.17019046,0.87305495,-1.26353094,-1.64990700,-2.38955815,False
2018-07-19,DIA,-0.53633171,0.09795240,0.71589006,-1.13923636,-1.39939087,-2.38955815,False
2018-07-19,IWN,0.72179960,0.10106332,0.85985470,-1.33886976,-1.68809741,-2.38955815,False
2018-07-26,SPY,-0.23619266,-0.15955697,0.66676135,-1.23703236,-1.54189475,-7.39500424,False
2018-07-26,QQQ,-1.52675320,-0.09055598,0.87028152,-1.54818527,-1.91304645,-7.39500424,False
2018-07-26,DIA,0.44353196,-0.17732134,0.72225630,-1.34361564,-1.65143795,-7.39500424,False
2018-07-26,IWN,0.75319966,-0.21259567,0.85551515,-1.60388514,-1.97603850,-7.39500424,False
2018-08-02,SPY,0.54327568,0.03968546,0.64430856,-1.05507673,-1.26379066,-3.13890388,False
2018-08-02,QQQ,1.35150096,0.06740205,0.86727439,-1.35557017,-1.73812997,-3.13890388,False
2018-08-02,DIA,-0.03024083,0.01276974,0.69638759,-1.11847543,-1.42217594,-3.13890388,False
2018-08-02,IWN,0.41863260,0.07383687,0.83682513,-1.25350133,-1.59584049,-3.13890388,False
2018-08-09,SPY,-0.13672781,-0.00706838,0.67830177,-1.20645849,-1.46898694,-0.48953341,False
2018-08-09,QQQ,-0.06047083,-0.03837550,0.88222130,-1.46542252,-1.85917964,-0.48953341,False
2018-08-09,DIA,-0.29170369,-0.00252267,0.75604358,-1.25845266,-1.65829635,-0.48953341,False
2018-08-09,IWN,0.08909853,0.05344253,0.87035384,-1.41220468,-1.82200826,-0.48953341,False
2018-08-16,SPY,0.80588233,0.19421456,0.67104979,-0.91137309,-1.19109472,-5.37632472,False
2018-08-16,QQQ,0.32865305,0.39971926,0.89742910,-1.09111931,-1.47399425,-5.37632472,False
2018-08-16,DIA,1.56277271,0.16203753,0.74010598,-1.07802613,-1.37354239,-5.37632472,False
2018-08-16,IWN,0.88152557,0.00026273,0.83020434,-1.34797266,-1.61966155,-5.37632472,False
2018-08-23,SPY,-0.13287174,0.13705729,0.64945922,-0.96783391,-1.24190936,-1.19997013,False
2018-08-23,QQQ,-0.14369955,0.20156995,0.88453470,-1.26456916,-1.57535163,-1.19997013,False
2018-08-23,DIA,-0.29818716,0.15699563,0.71228463,-1.04954387,-1.37945564,-1.19997013,False
2018-08-23,IWN,-0.49723471,0.15377492,0.78500735,-1.15108081,-1.49252463,-1.19997013,False
2018-08-30,SPY,-0.40565835,0.08588431,0.68526402,-1.01344323,-1.29701540,-0.64294479,False
2018-08-30,QQQ,-0.17685860,0.16373313,0.92057164,-1.37878888,-1.72987356,-0.64294479,False
2018-08-30,DIA,-0.52829163,0.08929705,0.74080460,-1.09578740,-1.39381155,-0.64294479,False
2018-08-30,IWN,-0.18278147,0.10519950,0.80429059,-1.23593787,-1.52686508,-0.64294479,False
2018-09-07,SPY,-0.19451351,0.11646665,0.64810686,-0.97081109,-1.21639575,-0.55358433,False
2018-09-07,QQQ,-0.38576329,0.11564167,0.86200455,-1.28129432,-1.62042984,-0.55358433,False
2018-09-07,DIA,-0.30563043,0.11731074,0.70148012,-1.03002997,-1.34627800,-0.55358433,False
2018-09-07,IWN,-0.31807421,0.05955434,0.80302815,-1.19189267,-1.57123506,-0.55358433,False
2018-09-14,SPY,0.01717920,0.03559488,0.66789374,-1.10368411,-1.39527722,-0.74094218,False
2018-09-14,QQQ,-0.29306309,0.10343926,0.89684848,-1.39468203,-1.73692285,-0.74094218,False
2018-09-14,DIA,0.03319270,0.02741670,0.72808597,-1.16338757,-1.51619423,-0.74094218,False
2018-09-14,IWN,0.47411347,-0.00709101,0.82050939,-1.38647387,-1.71377352,-0.74094218,False
2018-09-21,SPY,-0.09143252,-0.19410775,0.67372744,-1.34794977,-1.57388301,-1.28762690,False
2018-09-21,QQQ,-0.54828300,-0.41131308,0.88209564,-1.85499231,-2.16498566,-1.28762690,False
2018-09-21,DIA,0.32404231,-0.14869439,0.74213767,-1.40019490,-1.67320042,-1.28762690,False
2018-09-21,IWN,-0.33171999,-0.12721963,0.81103124,-1.48377161,-1.78830322,-1.28762690,False
2018-09-28,SPY,0.01032453,0.02799883,0.65267927,-1.08382617,-1.35865024,-0.46533883,False
2018-09-28,QQQ,-0.02151959,0.06827079,0.86855187,-1.36250724,-1.73461625,-0.46533883,False
2018-09-28,DIA,0.06949192,0.02518847,0.71631838,-1.12163879,-1.45802641,-0.46533883,False
2018-09-28,IWN,0.40685500,0.01595103,0.79603663,-1.34350705,-1.66636976,-0.46533883,False
2018-10-05,SPY,-0.56126597,0.34626362,0.65684350,-0.74786787,-1.02553321,-3.72291339,False
2018-10-05,QQQ,-1.23026096,0.42129143,0.89752758,-1.03049345,-1.42647782,-3.72291339,True
2018-10-05,DIA,-0.67991443,0.41364595,0.71891876,-0.78082409,-1.11562733,-3.72291339,False
2018-10-05,IWN,-0.66790788,0.30771426,0.80441884,-0.96841053,-1.26706820,-3.72291339,False
2018-10-12,SPY,1.37928009,0.28124674,0.68528227,-0.85343721,-1.11189071,-8.86937527,False
2018-10-12,QQQ,2.74501186,0.46870788,0.90043587,-1.05047349,-1.42118417,-8.86937527,False
2018-10-12,DIA,1.13969851,0.20776479,0.75119770,-1.02256095,-1.29291485,-8.86937527,False
2018-10-12,IWN,-0.62913333,0.16765692,0.80996065,-1.16626058,-1.50254733,-8.86937527,False
2018-10-19,SPY,-0.05428363,0.31871115,0.71518534,-0.83520077,-1.15746909,-1.79656601,False
2018-10-19,QQQ,-0.09242437,0.62119262,0.94737729,-0.95686270,-1.41237259,-1.79656601,False
2018-10-19,DIA,0.25535300,0.28970294,0.77374031,-0.95300063,-1.26638355,-1.79656601,False
2018-10-19,IWN,-0.62084993,0.16536817,0.82639524,-1.23177216,-1.56427465,-1.79656601,False
2018-10-26,SPY,-1.77439629,-0.04041554,0.71510547,-1.18286206,-1.50994777,-8.40704335,True
2018-10-26,QQQ,-2.60586117,-0.22545577,0.98987080,-1.81310790,-2.21563993,-8.40704335,True
2018-10-26,DIA,-1.19277816,-0.05143853,0.76269819,-1.29296612,-1.66378770,-8.40704335,False
2018-10-26,IWN,-1.00328028,0.05109489,0.81248446,-1.27586918,-1.71495992,-8.40704335,False
2018-11-02,SPY,-0.59405299,-0.24145197,0.74388140,-1.45515867,-1.78894038,-2.43919108,False
2018-11-02,QQQ,-1.56985904,-0.43962678,1.01343006,-1.99395196,-2.53428310,-2.43919108,False
2018-11-02,DIA,-0.43398525,-0.24812468,0.79171675,-1.47211093,-1.88973925,-2.43919108,False
2018-11-02,IWN,0.41394464,-0.06753725,0.82879245,-1.39473840,-1.68431008,-2.43919108,False
2018-11-09,SPY,-0.98163116,-0.09656397,0.72977575,-1.26409857,-1.60817884,-2.06707368,False
2018-11-09,QQQ,-1.69955021,-0.20856226,0.99729739,-1.83535515,-2.32665654,-2.06707368,False
2018-11-09,DIA,-0.77393252,-0.08984104,0.78698460,-1.40684467,-1.73067302,-2.06707368,False
2018-11-09,IWN,-1.29509079,-0.09234021,0.81056768,-1.39186059,-1.78963616,-2.06707368,False
2018-11-16,SPY,0.25970844,0.05763445,0.75433635,-1.18745197,-1.48492655,-1.68902877,False
2018-11-16,QQQ,-0.35160530,0.07237035,1.07985616,-1.72798119,-2.17235058,-1.68902877,False
2018-11-16,DIA,0.48893160,0.08125522,0.79680931,-1.17086513,-1.54335568,-1.68902877,False
2018-11-16,IWN,0.21973324,0.08516281,0.82362148,-1.29381929,-1.63290230,-1.68902877,False
2018-11-26,SPY,1.60154223,0.08462204,0.79791402,-1.25489413,-1.52762707,-2.59216455,False
2018-11-26,QQQ,2.28510544,0.16308543,1.11768456,-1.66941451,-2.13297703,-2.59216455,False
2018-11-26,DIA,1.44828850,0.03481825,0.83063246,-1.31519218,-1.58573195,-2.59216455,False
2018-11-26,IWN,0.90184074,0.01713393,0.85701047,-1.35518067,-1.70758126,-2.59216455,False
2018-12-03,SPY,1.31545463,-0.05964122,0.81205491,-1.41797895,-1.78999365,-3.38659636,False
2018-12-03,QQQ,1.73255477,-0.14259002,1.12198242,-2.05405855,-2.56330962,-3.38659636,False
2018-12-03,DIA,1.12128350,-0.01010088,0.85919311,-1.45618547,-1.83575063,-3.38659636,False
2018-12-03,IWN,0.63992023,-0.06994586,0.90564850,-1.49350074,-1.99109716,-3.38659636,False
2018-12-11,SPY,0.02270254,0.13159855,0.81393832,-1.21229072,-1.57646857,-1.19777313,False
2018-12-11,QQQ,0.33060190,0.31920562,1.11982692,-1.54298383,-1.99453420,-1.19777313,False
2018-12-11,DIA,-0.21732411,0.18583883,0.87210193,-1.26147313,-1.63338129,-1.19777313,False
2018-12-11,IWN,-0.11228922,-0.00005553,0.89779857,-1.47064885,-1.78404698,-1.19777313,False
2018-12-18,SPY,-0.10970504,0.27444324,0.79983676,-1.05646741,-1.32675748,-5.89335404,False
2018-12-18,QQQ,0.62688730,0.70872183,1.10660062,-1.11267858,-1.55081432,-5.89335404,False
2018-12-18,DIA,0.34974613,0.19887647,0.84700689,-1.23721335,-1.50534222,-5.89335404,False
2018-12-18,IWN,-0.30758122,0.10461538,0.88134842,-1.36266269,-1.68625183,-5.89335404,False
2018-12-26,SPY,4.92899290,-0.19413264,0.85830338,-1.53927038,-1.94182390,-20.16899805,False
2018-12-26,QQQ,6.05672976,0.09298101,1.18574274,-1.82207536,-2.40346057,-20.16899805,False
2018-12-26,DIA,4.86433119,-0.29599951,0.92000218,-1.75180952,-2.20374408,-20.16899805,False
2018-12-26,IWN,4.07122732,-0.25202710,0.88371782,-1.64844683,-2.05902965,-20.16899805,False
2019-01-03,SPY,-2.41523479,-0.16853409,0.86897384,-1.61757631,-1.91828734,-7.10093686,True
2019-01-03,QQQ,-3.32159157,-0.35843291,1.19474033,-2.32329975,-2.75655825,-7.10093686,True
2019-01-03,DIA,-2.86782516,-0.18465362,0.90621977,-1.67214987,-2.01254440,-7.10093686,True
2019-01-03,IWN,-1.13183110,-0.09565751,0.93110600,-1.59043101,-1.94841109,-7.10093686,False
2019-01-10,SPY,0.35212263,-0.01668849,0.91455452,-1.46647678,-1.80539617,-0.86734209,False
2019-01-10,QQQ,0.28562965,-0.12966009,1.23745441,-1.99302781,-2.53915701,-0.86734209,False
2019-01-10,DIA,0.51293902,-0.02676279,0.97246721,-1.55200664,-1.92167496,-0.86734209,False
2019-01-10,IWN,0.35703983,-0.02017020,0.94839957,-1.47886638,-1.86469349,-0.86734209,False
2019-01-17,SPY,0.75581534,-0.00684280,0.92573467,-1.46220059,-1.87993668,-1.00381508,False
2019-01-17,QQQ,0.78530583,-0.02919770,1.23757497,-2.03644492,-2.53137322,-1.00381508,False
2019-01-17,DIA,0.67085139,-0.05645832,0.97882190,-1.65117543,-2.05120075,-1.00381508,False
2019-01-17,IWN,0.74752556,-0.06019508,0.95882191,-1.59788889,-1.91411209,-1.00381508,False
2019-01-25,SPY,0.84257783,-0.23379931,0.88958212,-1.66772641,-2.04505949,-1.64298374,False
2019-01-25,QQQ,1.18779342,-0.49327524,1.21650779,-2.53010855,-2.99068051,-1.64298374,False
2019-01-25,DIA,0.74643624,-0.22652117,0.94584665,-1.75104662,-2.14526556,-1.64298374,False
2019-01-25,IWN,1.09867293,-0.07958999,0.90203110,-1.56499240,-1.92071409,-1.64298374,False
2019-02-01,SPY,0.04815126,-0.07195704,0.90854333,-1.63511842,-1.99688914,-0.96311521,False
2019-02-01,QQQ,-0.42310446,-0.24082199,1.24110077,-2.28351609,-2.81368154,-0.96311521,False
2019-02-01,DIA,0.25655401,0.03304833,0.96052349,-1.56988038,-1.96118416,-0.96311521,False
2019-02-01,IWN,0.11730262,0.17571150,0.92459283,-1.34755626,-1.73644259,-0.96311521,False
2019-02-08,SPY,0.12208000,0.05993051,0.90828350,-1.50093517,-1.90293757,-2.26880370,False
2019-02-08,QQQ,0.19596310,0.12257276,1.23367193,-1.94628955,-2.51603311,-2.26880370,False
2019-02-08,DIA,-0.25141304,0.02341977,0.95031061,-1.57847534,-2.05233930,-2.26880370,False
2019-02-08,IWN,-0.20846548,0.03805775,0.91268896,-1.47334005,-1.87329550,-2.26880370,False
2019-02-15,SPY,1.08383415,0.02789403,0.90952277,-1.45199752,-1.82847373,-5.70064062,False
2019-02-15,QQQ,0.41962436,0.02846744,1.23627796,-2.07328005,-2.53558017,-5.70064062,False
2019-02-15,DIA,1.72972811,-0.00112535,0.95314438,-1.57362613,-1.95011547,-5.70064062,False
2019-02-15,IWN,1.48620521,0.01255528,0.93037113,-1.51801625,-1.88937228,-5.70064062,False
2019-02-25,SPY,0.13604034,0.08111174,0.92161673,-1.47451386,-1.85292777,-1.02752188,False
2019-02-25,QQQ,0.36374560,0.04005792,1.25895415,-2.12527386,-2.67170421,-1.02752188,False
2019-02-25,DIA,0.23075859,0.10112970,0.98119046,-1.49904569,-1.97109770,-1.02752188,False
2019-02-25,IWN,-0.26265979,0.09948456,0.95837910,-1.47563440,-1.87487091,-1.02752188,False
2019-03-04,SPY,-0.36440853,0.11728145,0.91000388,-1.35003166,-1.68602091,-2.42423397,False
2019-03-04,QQQ,0.01720323,0.11584504,1.23580278,-1.88592932,-2.38192390,-2.42423397,False
2019-03-04,DIA,-0.79725037,0.15996540,0.96043003,-1.40573330,-1.73062242,-2.42423397,False
2019-03-04,IWN,-0.45047079,0.12363529,0.92504525,-1.36719849,-1.79195031,-2.42423397,False
2019-03-11,SPY,1.43971850,0.01332169,0.91448234,-1.53241619,-1.92222983,-5.49887471,False
2019-03-11,QQQ,2.05846646,0.04880882,1.25315564,-1.99068081,-2.65019447,-5.49887471,False
2019-03-11,DIA,0.78527058,0.00105205,0.96369401,-1.60436438,-2.02499458,-5.49887471,False
2019-03-11,IWN,1.55068568,-0.02897885,0.90386165,-1.61667431,-1.92149114,-5.49887471,False
2019-03-18,SPY,0.36193513,-0.05187510,0.95543242,-1.58826482,-1.97469562,-1.29455844,False
2019-03-18,QQQ,0.23808759,-0.09521702,1.27831728,-2.21123615,-2.61555071,-1.29455844,False
2019-03-18,DIA,0.25203359,-0.02355438,1.01378305,-1.72335813,-2.07759488,-1.29455844,False
2019-03-18,IWN,0.69577355,-0.05917070,0.93383221,-1.57425208,-1.90936926,-1.29455844,False
2019-03-25,SPY,-0.07522418,0.14092865,0.90555854,-1.35632947,-1.66855705,-1.90698889,False
2019-03-25,QQQ,-0.19058984,0.60393014,1.22913720,-1.36204054,-1.81948921,-1.90698889,False
2019-03-25,DIA,0.05688060,0.11926635,0.95197413,-1.43501377,-1.86115965,-1.90698889,False
2019-03-25,IWN,0.41799798,-0.07883998,0.92047738,-1.61945840,-1.93530791,-1.90698889,False
2019-04-01,SPY,1.17894370,0.06180639,0.91266779,-1.38941225,-1.79527772,-1.61447960,False
2019-04-01,QQQ,1.31602475,0.10286937,1.25653252,-1.90325981,-2.52882609,-1.61447960,False
2019-04-01,DIA,1.26370075,0.09058585,0.95613001,-1.40895497,-1.85307368,-1.61447960,False
2019-04-01,IWN,1.31738465,-0.02630616,0.91865875,-1.51610535,-1.86344160,-1.61447960,False
2019-04-08,SPY,0.07621829,0.11847116,0.90442249,-1.35521908,-1.72070724,-2.02349833,False
2019-04-08,QQQ,0.25419404,0.01179537,1.20925053,-2.04338692,-2.48910479,-2.02349833,False
2019-04-08,DIA,-0.31827334,0.12973291,0.94402566,-1.43207599,-1.82673952,-2.02349833,False
2019-04-08,IWN,-0.12139621,0.19556365,0.93271906,-1.32930985,-1.77201818,-2.02349833,False
2019-04-15,SPY,-0.06549201,0.02146087,0.92076424,-1.40902699,-1.76163269,-0.84650727,False
2019-04-15,QQQ,0.01613866,-0.01073526,1.24385010,-1.97938073,-2.46637705,-0.84650727,False
2019-04-15,DIA,-0.10428610,0.02265571,0.95933996,-1.52386645,-1.81697485,-0.84650727,False
2019-04-15,IWN,-0.51676492,-0.01167282,0.92806150,-1.54451857,-1.90806509,-0.84650727,False
2019-04-23,SPY,0.89513993,-0.10994014,0.92045964,-1.62604372,-2.01052202,-3.03472971,False
2019-04-23,QQQ,1.26378712,-0.10642859,1.23800115,-2.15789809,-2.62007820,-3.03472971,False
2019-04-23,DIA,0.54672695,-0.05620625,0.95938621,-1.62778982,-2.05295756,-3.03472971,False
2019-04-23,IWN,1.47862825,-0.07992246,0.97167001,-1.66654394,-2.08002804,-3.03472971,False
2019-04-30,SPY,0.05100925,0.24019702,0.89227478,-1.22883244,-1.49573471,-3.82660950,False
2019-04-30,QQQ,-0.77779889,0.38276094,1.17911454,-1.44503104,-1.84337418,-3.82660950,False
2019-04-30,DIA,0.14495565,0.18090582,0.96157928,-1.39356294,-1.71053659,-3.82660950,False
2019-04-30,IWN,-0.28110921,0.09357978,0.93435461,-1.40473776,-1.79308603,-3.82660950,False
2019-05-07,SPY,-1.68405829,0.16292196,0.93936298,-1.38738212,-1.78757834,-2.52167950,True
2019-05-07,QQQ,-1.96720310,0.17899643,1.24481968,-1.79450636,-2.42208401,-2.52167950,True
2019-05-07,DIA,-1.80675812,0.15992396,0.98263671,-1.48273658,-1.84133632,-2.52167950,True
2019-05-07,IWN,-1.72025273,0.05588860,0.95975517,-1.47455058,-1.89797500,-2.52167950,True
2019-05-14,SPY,0.90031395,0.19767875,0.89701078,-1.28676774,-1.60604588,-1.56394826,False
2019-05-14,QQQ,1.09154741,0.56889082,1.21724330,-1.50409370,-1.91467216,-1.56394826,False
2019-05-14,DIA,0.81428705,0.14450533,0.94057776,-1.41092216,-1.73291209,-1.56394826,False
2019-05-14,IWN,1.15273836,0.03239669,0.93504666,-1.53526145,-1.90525597,-1.56394826,False
2019-05-21,SPY,0.89752179,-0.17602331,0.92491382,-1.66228092,-2.07603287,-1.65156198,False
2019-05-21,QQQ,1.03929692,-0.19420875,1.24553965,-2.30438292,-2.81671449,-1.65156198,False
2019-05-21,DIA,0.76587111,-0.15342641,0.97068780,-1.70802032,-2.18341247,-1.65156198,False
2019-05-21,IWN,1.01506761,-0.15234800,0.95360558,-1.63066126,-2.02444186,-1.65156198,False
2019-05-29,SPY,-0.67331575,0.09099500,0.96888899,-1.52032328,-1.89358317,-1.02023631,False
2019-05-29,QQQ,-0.82597121,0.21793818,1.29289391,-1.94927068,-2.40538321,-1.02023631,False
2019-05-29,DIA,-0.87712735,0.00611811,1.01320817,-1.65458257,-2.07640970,-1.02023631,False
2019-05-29,IWN,-0.60863541,-0.00737022,0.96412568,-1.61985469,-1.98213953,-1.02023631,False
2019-06-05,SPY,0.86248401,0.34071601,0.91582347,-1.13678308,-1.45520259,-3.72483136,False
2019-06-05,QQQ,0.74048338,0.44059562,1.20498716,-1.50087848,-1.96503748,-3.72483136,False
2019-06-05,DIA,0.81534899,0.22480215,0.97909387,-1.38572735,-1.72052115,-3.72483136,False
2019-06-05,IWN,-0.32341057,0.17206892,0.93938321,-1.39538712,-1.74225462,-3.72483136,False
2019-06-12,SPY,-0.17668846,-0.02591350,0.94790440,-1.58396440,-1.99736111,-0.87219494,False
2019-06-12,QQQ,-0.57964805,-0.08398881,1.27131029,-2.20858074,-2.73408378,-0.87219494,False
2019-06-12,DIA,-0.16782789,-0.01295383,1.00196901,-1.70686126,-2.08569721,-0.87219494,False
2019-06-12,IWN,-0.16925087,-0.03481970,0.97299032,-1.61514600,-2.03698792,-0.87219494,False
2019-06-19,SPY,0.22546764,-0.16732365,0.94167993,-1.67494762,-2.19983086,-0.84414098,False
2019-06-19,QQQ,0.37481100,-0.37815113,1.25434351,-2.34010231,-3.10976123,-0.84414098,False
2019-06-19,DIA,0.14521556,-0.13693983,0.99296597,-1.78114307,-2.24601554,-0.84414098,False
2019-06-19,IWN,0.28456399,-0.11972497,0.94088579,-1.63958197,-2.11641896,-0.84414098,False
2019-06-26,SPY,-0.09977474,-0.12658687,0.93631040,-1.76667588,-2.13954212,-1.89913646,False
2019-06-26,QQQ,0.46395675,-0.14928372,1.26171488,-2.25443333,-2.88036983,-1.89913646,False
2019-06-26,DIA,-0.04294995,-0.15059756,0.97256887,-1.81644243,-2.21085956,-1.89913646,False
2019-06-26,IWN,-0.24704693,-0.04375585,0.93518019,-1.66072397,-2.02439267,-1.89913646,False
2019-07-03,SPY,0.79633459,0.03069605,0.93147601,-1.49557293,-1.87037560,-1.95871694,False
2019-07-03,QQQ,0.74977881,0.10697774,1.21555048,-2.01106094,-2.42250675,-1.95871694,False
2019-07-03,DIA,0.66720642,0.08265845,0.99216414,-1.54906114,-1.92596413,-1.95871694,False
2019-07-03,IWN,0.65563530,-0.07972760,0.95355429,-1.60660322,-1.92619561,-1.95871694,False
2019-07-11,SPY,0.23414033,0.05459545,0.97597179,-1.59065398,-1.93092802,-4.02653091,False
2019-07-11,QQQ,-0.07272158,0.05489949,1.30251715,-2.16822953,-2.59857210,-4.02653091,False
2019-07-11,DIA,0.84481416,0.08024929,1.00966575,-1.59200405,-1.94442032,-4.02653091,False
2019-07-11,IWN,-0.56652122,0.02127307,0.97438556,-1.56008078,-1.94939072,-4.02653091,False
2019-07-18,SPY,0.36543052,-0.02641291,0.93978188,-1.56321144,-1.92755451,-3.46155506,False
2019-07-18,QQQ,0.11440993,-0.02275669,1.26543457,-2.01968639,-2.60030603,-3.46155506,False
2019-07-18,DIA,0.01146157,-0.03596245,0.97886793,-1.64381398,-2.02515644,-3.46155506,False
2019-07-18,IWN,0.15985371,-0.05385827,0.94245358,-1.60094383,-1.99193207,-3.46155506,False
2019-07-25,SPY,-0.47885701,0.31684159,0.96366149,-1.26618445,-1.70950618,-2.60358799,False
2019-07-25,QQQ,-0.95250983,0.38572331,1.29600174,-1.78340512,-2.34448749,-2.60358799,False
2019-07-25,DIA,-0.47413339,0.19551197,0.99914243,-1.44500654,-1.86102701,-2.60358799,False
2019-07-25,IWN,-1.18482441,0.22751848,0.99580402,-1.46581471,-1.89968062,-2.60358799,False
2019-08-01,SPY,-0.87460736,0.20512906,0.97936156,-1.39255494,-1.77117655,-4.64827125,False
2019-08-01,QQQ,-0.49835619,0.27974716,1.29629065,-1.91529041,-2.43673762,-4.64827125,False
2019-08-01,DIA,-1.05094377,0.13559929,1.02674143,-1.58377748,-1.90043614,-4.64827125,False
2019-08-01,IWN,-2.09690492,0.12267609,1.00566681,-1.47840283,-1.88800431,-4.64827125,True
2019-08-08,SPY,1.94300803,0.07731128,0.96245804,-1.60627499,-1.95224898,-6.17985932,False
2019-08-08,QQQ,2.15305588,0.15827499,1.26692799,-1.98052153,-2.49910130,-6.17985932,False
2019-08-08,DIA,1.41691082,0.04475285,1.00932243,-1.63250765,-2.06416186,-6.17985932,False
2019-08-08,IWN,2.14189286,-0.00573730,0.99278401,-1.66246166,-2.10682167,-6.17985932,False
2019-08-15,SPY,0.26381330,-0.00362159,0.99869521,-1.63944385,-1.97666930,-3.02815288,False
2019-08-15,QQQ,-0.11495588,0.14465298,1.32446268,-2.05169236,-2.50982240,-3.02815288,False
2019-08-15,DIA,0.39158816,-0.05988391,1.03522029,-1.77369203,-2.10696804,-3.02815288,False
2019-08-15,IWN,-0.40346865,0.00320291,1.01136078,-1.57913755,-2.00290742,-3.02815288,False
2019-08-22,SPY,-0.03076028,-0.14794401,1.01536091,-1.85818788,-2.30353559,-1.02528834,False
2019-08-22,QQQ,-0.32390633,-0.23151555,1.35553948,-2.46964016,-3.14887314,-1.02528834,False
2019-08-22,DIA,0.18877149,-0.13310913,1.03954687,-1.91150606,-2.35022462,-1.02528834,False
2019-08-22,IWN,-0.06949198,-0.11559758,1.03626857,-1.81789159,-2.28242890,-1.02528834,False
2019-08-29,SPY,1.26922061,-0.21287247,0.98666377,-1.80931207,-2.24381111,-2.70102816,False
2019-08-29,QQQ,1.51741618,-0.24291952,1.30171858,-2.24756637,-2.91803555,-2.70102816,False
2019-08-29,DIA,1.24490261,-0.22222776,1.02467714,-1.82704717,-2.30867072,-2.70102816,False
2019-08-29,IWN,1.90582928,-0.12051043,1.03034171,-1.75290840,-2.29754298,-2.70102816,False
2019-09-06,SPY,0.07719713,-0.03775275,0.94490613,-1.55861221,-1.94753504,-1.13030094,False
2019-09-06,QQQ,-0.09912448,-0.13475752,1.26275023,-2.21091028,-2.67804367,-1.13030094,False
2019-09-06,DIA,0.25897898,-0.11183327,0.97524021,-1.70192143,-2.09287910,-1.13030094,False
2019-09-06,IWN,-0.24976910,-0.06579237,1.02035457,-1.75911620,-2.20495197,-1.13030094,False
2019-09-13,SPY,-0.06640849,0.05820281,0.92326944,-1.46684882,-1.82357347,-1.32845362,False
2019-09-13,QQQ,-0.35772229,-0.04802162,1.23745171,-2.11352848,-2.59434275,-1.32845362,False
2019-09-13,DIA,0.13628185,0.05202109,0.95806396,-1.50535542,-1.92904090,-1.32845362,False
2019-09-13,IWN,0.30838215,-0.00725417,0.97622669,-1.61515865,-1.98567682,-1.32845362,False
2019-09-20,SPY,-0.47375648,0.02675592,0.94371079,-1.53135245,-1.87644269,-2.03820818,False
2019-09-20,QQQ,-1.06350970,0.04223442,1.26706617,-1.97794339,-2.49461769,-2.03820818,False
2019-09-20,DIA,-0.59123035,0.06161010,0.96342453,-1.54101476,-1.90285023,-2.03820818,False
2019-09-20,IWN,-0.21409150,-0.03532451,1.02962841,-1.71963549,-2.09743546,-2.03820818,False
2019-09-27,SPY,-0.54018577,-0.06285704,0.94099225,-1.55680847,-1.94167549,-1.66535158,False
2019-09-27,QQQ,-1.24863482,-0.12007106,1.27870616,-2.13549325,-2.70675686,-1.66535158,False
2019-09-27,DIA,-0.26389214,-0.03858446,0.95989899,-1.55931281,-1.95289411,-1.66535158,False
2019-09-27,IWN,-0.38379411,-0.08441918,1.01308939,-1.72430187,-2.09400908,-1.66535158,False
2019-10-04,SPY,1.34413204,-0.05081078,0.94742175,-1.66350184,-2.06812330,-2.05449057,False
2019-10-04,QQQ,1.46182077,-0.01614239,1.28853442,-2.18730098,-2.75216938,-2.05449057,False
2019-10-04,DIA,1.41236529,-0.05799017,0.96946825,-1.70075007,-2.13312638,-2.05449057,False
2019-10-04,IWN,0.99291379,-0.13052307,0.99962305,-1.70215602,-2.19982568,-2.05449057,False
2019-10-11,SPY,1.03135268,0.00976320,0.93718254,-1.44352836,-1.88360128,-2.65052898,False
2019-10-11,QQQ,1.27968128,0.01081562,1.24575668,-1.88913449,-2.47790117,-2.65052898,False
2019-10-11,DIA,1.20016611,0.03638329,0.96800601,-1.50434058,-1.93646076,-2.65052898,False
2019-10-11,IWN,1.60958283,-0.07016694,1.00231174,-1.70931622,-2.12301239,-2.65052898,False
2019-10-18,SPY,-0.43868359,0.12903112,0.98311467,-1.48199877,-1.98862977,-4.47909272,False
2019-10-18,QQQ,-0.96563949,0.12849724,1.32694021,-2.08140230,-2.72315785,-4.47909272,False
2019-10-18,DIA,-0.95055969,0.09087979,0.99633605,-1.57360169,-2.04749731,-4.47909272,False
2019-10-18,IWN,-0.09966287,0.10224533,1.02822320,-1.65530592,-2.16750907,-4.47909272,False
2019-10-25,SPY,0.40864218,0.00501973,0.94185213,-1.57936871,-2.04238681,-1.89905955,False
2019-10-25,QQQ,0.79541924,0.04116589,1.27819378,-2.09441863,-2.75198732,-1.89905955,False
2019-10-25,DIA,0.56741155,-0.02304003,0.94850597,-1.58947411,-2.04072125,-1.89905955,False
2019-10-25,IWN,0.56461649,-0.11040445,1.01382117,-1.80862388,-2.32745337,-1.89905955,False
2019-11-01,SPY,0.92212289,-0.01853719,0.90432101,-1.46692578,-1.95580956,-2.34999117,False
2019-11-01,QQQ,0.90417001,-0.04893400,1.22396767,-2.12137088,-2.69889836,-2.34999117,False
2019-11-01,DIA,1.10723737,0.02503596,0.92605571,-1.52007389,-1.97609707,-2.34999117,False
2019-11-01,IWN,1.62090719,-0.04715923,1.03442004,-1.71914292,-2.17649611,-2.34999117,False
2019-11-08,SPY,0.24629895,-0.03376057,0.88823379,-1.47389031,-1.81480680,-1.07813497,False
2019-11-08,QQQ,0.39833592,0.00672985,1.21034278,-2.02369102,-2.50394552,-1.07813497,False
2019-11-08,DIA,0.02326756,-0.03104767,0.90084361,-1.46988105,-1.82386283,-1.07813497,False
2019-11-08,IWN,0.07178731,-0.06936303,0.97219560,-1.60218281,-2.06799850,-1.07813497,False
2019-11-15,SPY,0.72102839,0.01812620,0.91611485,-1.42757646,-1.85827222,-1.33041287,False
2019-11-15,QQQ,0.73206223,-0.05365876,1.21600952,-2.05367726,-2.55535336,-1.33041287,False
2019-11-15,DIA,0.79922486,0.05554968,0.94246729,-1.43141716,-1.83355251,-1.33041287,False
2019-11-15,IWN,0.21717953,0.05097277,0.98843948,-1.57945615,-2.04489577,-1.33041287,False
2019-11-22,SPY,0.22213968,0.05499968,0.88562399,-1.41130110,-1.76480210,-0.91847384,False
2019-11-22,QQQ,0.06444289,0.13729733,1.20049650,-1.85044881,-2.32841508,-0.91847384,False
2019-11-22,DIA,0.39297767,0.03758326,0.90429442,-1.45190139,-1.81626257,-0.91847384,False
2019-11-22,IWN,0.21129583,-0.05737333,0.96060540,-1.68158632,-2.07681999,-0.91847384,False
2019-12-02,SPY,-0.85312432,0.05143992,0.88664120,-1.35009512,-1.78358829,-1.09769866,False
2019-12-02,QQQ,-1.02916328,0.12081300,1.20017981,-1.84505540,-2.41842564,-1.09769866,False
2019-12-02,DIA,-0.96131355,0.02030587,0.90346794,-1.40812486,-1.79583928,-1.09769866,False
2019-12-02,IWN,-0.81049603,-0.00493708,0.99953569,-1.62803318,-2.05038216,-1.09769866,False
2019-12-09,SPY,-0.31491888,-0.02660533,0.86271565,-1.46394869,-1.82081817,-0.67341361,False
2019-12-09,QQQ,-0.45469076,-0.07337382,1.15636422,-2.02004722,-2.50133737,-0.67341361,False
2019-12-09,DIA,-0.37715071,-0.03612921,0.87224472,-1.45406746,-1.82303146,-0.67341361,False
2019-12-09,IWN,-0.09512843,-0.04268939,0.97216791,-1.68215046,-2.06997133,-0.67341361,False
2019-12-16,SPY,0.68464708,0.08901461,0.89685246,-1.37925664,-1.79780359,-1.52667211,False
2019-12-16,QQQ,0.99891303,0.11151859,1.22194676,-1.82190534,-2.45080458,-1.52667211,False
2019-12-16,DIA,0.35660047,0.07276501,0.91445429,-1.41437165,-1.85495211,-1.52667211,False
2019-12-16,IWN,0.72149831,-0.00005764,0.99995372,-1.68466752,-2.09693924,-1.52667211,False
2019-12-23,SPY,0.15266404,0.01205896,0.86554583,-1.39650616,-1.76770621,-0.83139897,False
2019-12-23,QQQ,0.26351564,-0.05759595,1.15804692,-2.06243934,-2.45038999,-0.83139897,False
2019-12-23,DIA,0.33834699,0.06553387,0.89120495,-1.35405965,-1.77438233,-0.83139897,False
2019-12-23,IWN,0.03107709,0.00680393,0.98771238,-1.60806222,-1.96366927,-0.83139897,False
2019-12-31,SPY,0.24262898,0.08097392,0.86891456,-1.32003165,-1.73343464,-0.44920756,False
2019-12-31,QQQ,0.18832642,0.08908390,1.15484358,-1.85950583,-2.31342076,-0.44920756,False
2019-12-31,DIA,0.26771673,0.06729926,0.88807571,-1.37259727,-1.80848596,-0.44920756,False
2019-12-31,IWN,0.12451015,0.03032007,0.98239732,-1.57145371,-1.98203806,-0.44920756,False
2020-01-08,SPY,0.53155810,0.02428754,0.89404329,-1.45945093,-1.85318088,-0.95902095,False
2020-01-08,QQQ,0.74881505,0.03879629,1.21896614,-1.99507267,-2.51896974,-0.95902095,False
2020-01-08,DIA,0.56310445,0.00248317,0.89902995,-1.47180047,-1.89772387,-0.95902095,False
2020-01-08,IWN,0.05492159,0.01237231,0.98326828,-1.61935421,-2.04794612,-0.95902095,False
2020-01-15,SPY,0.22574540,0.04084478,0.86714301,-1.38047462,-1.74886228,-0.77416361,False
2020-01-15,QQQ,0.04089530,0.10504138,1.18764997,-1.85350757,-2.30743925,-0.77416361,False
2020-01-15,DIA,0.31240381,0.00464069,0.87112634,-1.47795704,-1.77756832,-0.77416361,False
2020-01-15,IWN,0.18779389,0.00471674,0.96235575,-1.59892941,-1.95897315,-0.77416361,False
2020-01-23,SPY,0.11462660,-0.01223000,0.86036768,-1.43960220,-1.81955453,-0.75930269,False
2020-01-23,QQQ,0.32109499,0.03748126,1.17016201,-1.81440304,-2.38306592,-0.75930269,False
2020-01-23,DIA,-0.08973997,-0.00522084,0.86852811,-1.45701997,-1.81597599,-0.75930269,False
2020-01-23,IWN,0.07049290,-0.09817814,0.98187701,-1.66460237,-2.14714439,-0.75930269,False
2020-01-30,SPY,0.32400356,-0.07900554,0.86824584,-1.44300429,-1.91944942,-0.59089975,False
2020-01-30,QQQ,0.35552659,-0.08304221,1.18489967,-2.03828341,-2.55087591,-0.59089975,False
2020-01-30,DIA,0.43403978,-0.05062690,0.87596745,-1.44755744,-1.87585219,-0.59089975,False
2020-01-30,IWN,0.20118087,-0.08157102,0.99313557,-1.77008872,-2.18627096,-0.59089975,False
2020-02-06,SPY,0.33591029,-0.11292844,0.90783184,-1.60403533,-1.98259204,-2.74375649,False
2020-02-06,QQQ,0.85950264,-0.28038389,1.22824689,-2.34631519,-2.86881164,-2.74375649,False
2020-02-06,DIA,0.30311617,-0.06080228,0.90506882,-1.53057763,-1.89007047,-2.74375649,False
2020-02-06,IWN,-0.56981356,-0.00859852,1.00050437,-1.61524399,-2.02449689,-2.74375649,False
2020-02-13,SPY,-0.10675389,0.01634398,0.87937213,-1.41577183,-1.82294224,-1.46110978,False
2020-02-13,QQQ,-0.12813776,0.05907123,1.19687861,-1.95469484,-2.40147678,-1.46110978,False
2020-02-13,DIA,-0.43445795,-0.03208827,0.88833863,-1.52918273,-1.89144102,-1.46110978,False
2020-02-13,IWN,0.19738454,-0.09219975,0.97113986,-1.73125898,-2.08310187,-1.46110978,False
2020-02-21,SPY,-1.03515532,0.17397310,0.83257200,-1.24098158,-1.58385797,-2.73376893,False
2020-02-21,QQQ,-1.93965287,0.20508527,1.14013358,-1.60346024,-2.12685989,-2.73376893,True
2020-02-21,DIA,-0.78186503,0.14489706,0.85014713,-1.30478253,-1.66920892,-2.73376893,False
2020-02-21,IWN,-0.94217748,0.15734665,0.94971657,-1.42663486,-1.78795578,-2.73376893,False
2020-02-28,SPY,-0.42105803,-0.28601184,0.92604129,-1.81258427,-2.21206419,-10.66472232,False
2020-02-28,QQQ,0.07776749,-0.06371455,1.22363091,-2.15950227,-2.66326828,-10.66472232,False
2020-02-28,DIA,-1.39630219,-0.39327692,0.94573344,-1.92705489,-2.31458301,-10.66472232,False
2020-02-28,IWN,-1.52315150,-0.31711187,1.01032466,-1.89714347,-2.31221374,-10.66472232,False
2020-03-06,SPY,-1.66693387,0.85852094,1.02593423,-0.85378059,-1.22217263,-11.02839429,True
2020-03-06,QQQ,-1.70160940,0.97088998,1.31937994,-1.18580227,-1.73863569,-11.02839429,True
2020-03-06,DIA,-0.98681101,0.81934716,1.05372298,-0.90054908,-1.32604626,-11.02839429,True
2020-03-06,IWN,-2.06879038,0.59221817,1.11318350,-1.20023603,-1.67222866,-11.02839429,True
2020-03-13,SPY,8.20282728,-1.45544678,1.27632477,-3.60246834,-4.19098200,-46.36865882,False
2020-03-13,QQQ,8.13086067,-0.50429979,1.50803497,-2.99036244,-3.67185825,-46.36865882,False
2020-03-13,DIA,8.95018324,-1.79573934,1.30875687,-4.03587141,-4.60226554,-46.36865882,False
2020-03-13,IWN,8.21870015,-2.89491535,1.40825216,-5.35382210,-5.81820758,-46.36865882,False
2020-03-20,SPY,-4.40754350,-2.56109851,1.38136637,-4.85317065,-5.42678706,-12.01369318,False
2020-03-20,QQQ,-3.99639619,-2.64951163,1.59626851,-5.39986438,-6.00267151,-12.01369318,False
2020-03-20,DIA,-4.65281469,-3.05469312,1.45342642,-5.38609562,-6.04615246,-12.01369318,False
2020-03-20,IWN,-4.82261695,-4.84066532,1.56309767,-7.27617000,-7.93889305,-12.01369318,False
2020-03-27,SPY,-3.02382671,-0.49651270,1.53801743,-2.96847557,-3.57242561,-7.72357577,True
2020-03-27,QQQ,-3.49982702,-0.77565139,1.69569462,-3.52271470,-4.18021972,-7.72357577,False
2020-03-27,DIA,-4.14366475,-0.67608249,1.66765039,-3.38524155,-4.01518218,-7.72357577,True
2020-03-27,IWN,-3.60245359,-0.70421515,1.70962208,-3.36317253,-4.19120002,-7.72357577,True
2020-04-03,SPY,-1.45595521,-2.08190112,1.51732157,-4.62125688,-5.08542814,-4.24517640,False
2020-04-03,QQQ,-1.42945135,-2.15354683,1.67365775,-4.83801263,-5.42521093,-4.24517640,False
2020-04-03,DIA,-1.69980193,-2.40974179,1.62875556,-5.07908779,-5.70272525,-4.24517640,False
2020-04-03,IWN,-3.53693467,-2.70512768,1.74173420,-5.64479227,-6.19283832,-4.24517640,False
2020-04-13,SPY,-0.91721653,0.78933773,1.58673919,-1.73228973,-2.29631771,-13.78638378,False
2020-04-13,QQQ,1.07456672,0.85717954,1.70939197,-1.83668757,-2.42372351,-13.78638378,False
2020-04-13,DIA,-1.39505138,0.59937557,1.70947070,-2.23228625,-2.72926275,-13.78638378,False
2020-04-13,IWN,-3.41594167,0.85021756,1.82786234,-2.07221124,-2.79845530,-13.78638378,True
2020-04-20,SPY,-1.77749208,-1.63371850,1.62475930,-4.37161203,-4.98720255,-4.32401841,False
2020-04-20,QQQ,-1.19152108,-1.97680853,1.75140473,-4.81555602,-5.57185093,-4.32401841,False
2020-04-20,DIA,-2.47251593,-1.80308845,1.73749086,-4.75988233,-5.45158709,-4.32401841,False
2020-04-20,IWN,-2.02335285,-1.58934208,1.91939362,-4.72114394,-5.53590687,-4.32401841,False
2020-04-27,SPY,1.43154350,-0.03392305,1.53026495,-2.56550667,-3.20501451,-10.31838832,False
2020-04-27,QQQ,0.80111704,-0.09080605,1.69729583,-2.85611899,-3.61356782,-10.31838832,False
2020-04-27,DIA,1.49665540,-0.07134585,1.63776075,-2.85732307,-3.47479455,-10.31838832,False
2020-04-27,IWN,4.59166793,0.02670716,1.76550662,-2.84624868,-3.70990569,-10.31838832,False
2020-05-04,SPY,0.27544966,-0.22064464,1.59826348,-2.83811368,-3.62586688,-3.08403046,False
2020-05-04,QQQ,1.15898622,-0.12753785,1.73795757,-3.11816328,-3.81482701,-3.08403046,False
2020-05-04,DIA,0.10982982,-0.18946695,1.71893929,-3.02846679,-3.87110336,-3.08403046,False
2020-05-04,IWN,-0.23742512,-0.56723802,1.94045636,-3.86539391,-4.67787125,-3.08403046,False
2020-05-11,SPY,0.02051719,-0.15757454,1.69905869,-3.04890202,-3.62728420,-6.48747406,False
2020-05-11,QQQ,0.88990707,-0.21876137,1.85602605,-3.29760036,-3.97439270,-6.48747406,False
2020-05-11,DIA,-0.45035111,-0.22230333,1.79659292,-3.20453827,-3.87888451,-6.48747406,False
2020-05-11,IWN,-2.19886088,-0.07344515,2.03604331,-3.49779300,-4.34195276,-6.48747406,False
2020-05-18,SPY,3.00051022,0.38362500,1.57645712,-2.25351717,-2.82048013,-17.76837117,False
2020-05-18,QQQ,1.84605760,0.29426152,1.71417012,-2.53849231,-3.27068116,-17.76837117,False
2020-05-18,DIA,3.77798577,0.41856612,1.68337661,-2.36874597,-2.98426880,-17.76837117,False
2020-05-18,IWN,7.52703068,0.40464549,1.91862545,-2.71153642,-3.46781869,-17.76837117,False
2020-05-26,SPY,1.22452213,0.29478759,1.61407252,-2.37895040,-3.03138862,-11.07421384,False
2020-05-26,QQQ,-0.27033098,0.37040665,1.74696495,-2.58596568,-3.22198267,-11.07421384,False
2020-05-26,DIA,2.14301411,0.24512484,1.73598493,-2.68514454,-3.38263620,-11.07421384,False
2020-05-26,IWN,4.10677771,0.21386282,1.97708695,-2.98726933,-3.86071662,-11.07421384,False
2020-06-02,SPY,0.82460043,-0.50239360,1.57576904,-3.06980884,-3.71419603,-2.39488332,False
2020-06-02,QQQ,0.66853916,-0.51250166,1.67148509,-3.31431000,-3.92469713,-2.39488332,False
2020-06-02,DIA,1.04507853,-0.49593179,1.69514883,-3.31277479,-3.93084197,-2.39488332,False
2020-06-02,IWN,1.04779064,-0.52770053,2.00217731,-3.91641825,-4.76859336,-2.39488332,False
2020-06-09,SPY,-0.74845298,0.79969662,1.64711442,-1.84931914,-2.49065475,-8.35091107,False
2020-06-09,QQQ,0.72187204,0.59978801,1.75319789,-2.28958218,-2.92317207,-8.35091107,False
2020-06-09,DIA,-1.09451880,0.82889890,1.77378361,-1.98498323,-2.67704194,-8.35091107,False
2020-06-09,IWN,-2.56186040,1.25864534,2.10397039,-2.11814711,-3.02035204,-8.35091107,True
2020-06-16,SPY,1.90646871,0.73914858,1.59558498,-1.90874647,-2.55328253,-2.40660329,False
2020-06-16,QQQ,1.70270439,0.70689601,1.68238462,-2.08146972,-2.74545773,-2.40660329,False
2020-06-16,DIA,2.02423135,0.78265199,1.74348671,-2.17431732,-2.85728776,-2.40660329,False
2020-06-16,IWN,2.64438152,0.82640904,2.10911205,-2.67760082,-3.68065541,-2.40660329,False
2020-06-23,SPY,0.45932526,-0.31915760,1.60765371,-2.84702801,-3.67201772,-2.44666951,False
2020-06-23,QQQ,0.84749911,-0.32668427,1.67992638,-3.04122318,-3.84091849,-2.44666951,False
2020-06-23,DIA,0.50263554,-0.30729722,1.75235382,-3.20772294,-3.96213241,-2.44666951,False
2020-06-23,IWN,0.11375882,-0.54223368,2.14051193,-4.06012133,-5.01505917,-2.44666951,False
2020-06-30,SPY,1.27282499,-0.50740989,1.64837345,-3.28161203,-3.83583023,-4.31643303,False
2020-06-30,QQQ,1.94117531,-0.52554895,1.73886570,-3.38473095,-4.06466233,-4.31643303,False
2020-06-30,DIA,0.84453166,-0.64525561,1.78160159,-3.55589243,-4.26127486,-4.31643303,False
2020-06-30,IWN,1.19737276,-0.85871294,2.09527003,-4.33048532,-5.19873691,-4.31643303,False
2020-07-08,SPY,0.76196379,0.37897715,1.61882381,-2.26708067,-2.87093538,-2.74550029,False
2020-07-08,QQQ,1.30856037,0.32921297,1.69176638,-2.33855131,-3.02272433,-2.74550029,False
2020-07-08,DIA,0.68171418,0.49291822,1.76894983,-2.37443166,-3.07007991,-2.74550029,False
2020-07-08,IWN,0.36092939,0.55579143,2.12292857,-2.86874607,-3.83612357,-2.74550029,False
2020-07-15,SPY,0.91453918,0.12989815,1.64256875,-2.50264900,-3.20022761,-8.48244388,False
2020-07-15,QQQ,0.20334825,-0.04673701,1.71900657,-2.84822232,-3.51382867,-8.48244388,False
2020-07-15,DIA,0.85030811,-0.04130621,1.79821442,-2.98030712,-3.70478471,-8.48244388,False
2020-07-15,IWN,4.09354645,-0.09617101,2.17696175,-3.68494727,-4.42417827,-8.48244388,False
2020-07-22,SPY,0.56758236,-0.37519574,1.61820647,-2.99002770,-3.76181565,-3.28851431,False
2020-07-22,QQQ,0.35164018,-0.52510602,1.69066181,-3.37462366,-4.06976595,-3.28851431,False
2020-07-22,DIA,0.61449238,-0.30474462,1.75624345,-3.12339394,-3.97186073,-3.28851431,False
2020-07-22,IWN,0.05006681,0.12992026,2.15429806,-3.48531522,-4.31618647,-3.28851431,False
2020-07-29,SPY,1.22238400,0.30836581,1.62637299,-2.36855490,-3.10450546,-6.90559072,False
2020-07-29,QQQ,1.14601683,0.36619020,1.70121484,-2.44454134,-3.24752788,-6.90559072,False
2020-07-29,DIA,0.60579733,0.34355784,1.77610055,-2.52068213,-3.38341106,-6.90559072,False
2020-07-29,IWN,2.63631155,0.49961833,2.17813704,-3.11089181,-4.04674923,-6.90559072,False
2020-08-05,SPY,0.61917755,0.24331762,1.65044646,-2.47705651,-3.27037031,-5.70104892,False
2020-08-05,QQQ,0.24749066,0.07718831,1.70055673,-2.81790716,-3.51726497,-5.70104892,False
2020-08-05,DIA,1.38092170,0.28828224,1.78031746,-2.74474059,-3.51433553,-5.70104892,False
2020-08-05,IWN,2.19146233,0.40887601,2.20019640,-3.21501363,-4.42179106,-5.70104892,False
2020-08-12,SPY,1.38460133,1.00990751,1.68605813,-1.78253328,-2.42956019,-4.90078644,False
2020-08-12,QQQ,2.48406428,0.90517749,1.75149071,-1.98024875,-2.56364738,-4.90078644,False
2020-08-12,DIA,1.04172867,0.98207807,1.83819588,-2.04506349,-2.86789215,-4.90078644,False
2020-08-12,IWN,-0.02772489,1.28813757,2.22936456,-2.44697737,-3.36122735,-4.90078644,False
2020-08-19,SPY,-0.41725020,-0.55028362,1.50174023,-3.01391803,-3.74938695,-2.38654623,False
2020-08-19,QQQ,-0.67500196,-0.38359429,1.56044649,-2.97085106,-3.63923317,-2.38654623,False
2020-08-19,DIA,-0.30715200,-0.58940157,1.64634910,-3.35711921,-4.10670240,-2.38654623,False
2020-08-19,IWN,-0.21756244,-0.77391656,2.10826444,-4.46630529,-5.27395499,-2.38654623,False
2020-08-26,SPY,0.99757289,0.31291726,1.61592833,-2.37041703,-3.09872661,-5.52681929,False
2020-08-26,QQQ,2.11145867,0.44273913,1.70236487,-2.50721278,-3.21754587,-5.52681929,False
2020-08-26,DIA,0.29508494,0.23797818,1.75947920,-2.68377386,-3.46879746,-5.52681929,False
2020-08-26,IWN,-1.14686813,0.25249928,2.14630590,-3.31057558,-4.28010320,-5.52681929,False
2020-09-02,SPY,1.43605315,-0.39799681,1.60221774,-3.14787961,-3.78637511,-4.41321292,False
2020-09-02,QQQ,0.94246339,-0.41447902,1.68612535,-3.22054093,-4.00573990,-4.41321292,False
2020-09-02,DIA,1.57534079,-0.36053321,1.73697701,-3.35996409,-4.00243347,-4.41321292,False
2020-09-02,IWN,0.85555834,-0.53952804,2.14118325,-4.29384840,-5.14848823,-4.41321292,False
2020-09-10,SPY,-1.75161660,-0.67479381,1.57336706,-3.18819545,-3.90417195,-5.05917044,False
2020-09-10,QQQ,-2.01380744,-0.49322947,1.65245137,-3.17261515,-3.85802267,-5.05917044,False
2020-09-10,DIA,-1.46335062,-1.01515586,1.72186964,-3.83562273,-4.56661008,-5.05917044,False
2020-09-10,IWN,-1.49867544,-1.52622696,2.14613342,-5.03249672,-5.95261624,-5.05917044,False
2020-09-17,SPY,-0.88342532,0.01715950,1.58989913,-2.64091176,-3.39929480,-3.67582164,False
2020-09-17,QQQ,-1.57454305,-0.00024175,1.66205708,-2.77618926,-3.56362181,-3.67582164,False
2020-09-17,DIA,-0.46626165,0.02525667,1.75216064,-2.91384872,-3.73459081,-3.67582164,False
2020-09-17,IWN,-0.63145498,0.22825482,2.13298399,-3.43939649,-4.16167712,-3.67582164,False
2020-09-24,SPY,0.26619090,0.35270394,1.60666949,-2.19741278,-2.83086344,-2.32272701,False
2020-09-24,QQQ,0.46454020,0.38130352,1.71810162,-2.37147593,-3.02595897,-2.32272701,False
2020-09-24,DIA,0.19526470,0.45514901,1.75312791,-2.26779323,-3.05684685,-2.32272701,False
2020-09-24,IWN,0.29280513,0.62302703,2.15324166,-2.91473668,-3.69933036,-2.32272701,False
2020-10-01,SPY,0.63994683,-0.21292724,1.62938213,-2.82204169,-3.54567650,-6.39571215,False
2020-10-01,QQQ,1.57476670,-0.33334869,1.76055646,-3.21630855,-3.85196919,-6.39571215,False
2020-10-01,DIA,0.12662191,-0.24150413,1.74754211,-3.12982228,-3.86567382,-6.39571215,False
2020-10-01,IWN,1.56824616,-0.23556581,2.20012076,-3.94052127,-4.90072323,-6.39571215,False
2020-10-08,SPY,0.88235086,-0.47793823,1.63714699,-3.17999699,-3.84576064,-4.46080300,False
2020-10-08,QQQ,0.53088780,-0.50422110,1.74675830,-3.45698523,-4.18987874,-4.46080300,False
2020-10-08,DIA,0.43029228,-0.61685440,1.75310103,-3.51414682,-4.25440106,-4.46080300,False
2020-10-08,IWN,1.58889365,-0.62052860,2.21882387,-4.27628593,-5.21171044,-4.46080300,False
2020-10-15,SPY,-0.12367173,0.20196940,1.57456282,-2.28731166,-3.05541087,-3.42978877,False
2020-10-15,QQQ,-0.67335484,0.14061168,1.67843712,-2.54675179,-3.40718860,-3.42978877,False
2020-10-15,DIA,-0.06946369,0.22440930,1.71032969,-2.52819173,-3.30189037,-3.42978877,False
2020-10-15,IWN,1.43927670,0.23149974,2.17413046,-3.28983461,-4.18555850,-3.42978877,False
2020-10-22,SPY,0.54703164,0.14223558,1.67831827,-2.53019981,-3.25913307,-3.79095885,False
2020-10-22,QQQ,-0.00351804,0.27678316,1.80283315,-2.61651545,-3.40575543,-3.79095885,False
2020-10-22,DIA,0.54031560,0.08059188,1.82052598,-2.90366674,-3.61362690,-3.79095885,False
2020-10-22,IWN,2.08590787,0.05046356,2.21461383,-3.61744910,-4.45057440,-3.79095885,False
2020-10-29,SPY,1.01120806,0.72726325,1.55060736,-1.76820857,-2.29770241,-4.95999746,False
2020-10-29,QQQ,1.73353197,0.92726210,1.69242183,-1.90908712,-2.45610374,-4.95999746,False
2020-10-29,DIA,0.52336509,0.82766880,1.67917551,-1.84581003,-2.39362312,-4.95999746,False
2020-10-29,IWN,1.61215044,0.69417353,2.06405542,-2.62686019,-3.37203851,-4.95999746,False
2020-11-05,SPY,1.93152403,-0.46173428,1.64168920,-3.19136253,-3.90210306,-5.16732782,False
2020-11-05,QQQ,2.57368872,-0.37539272,1.77919238,-3.35102651,-4.16083065,-5.16732782,False
2020-11-05,DIA,1.92943694,-0.52457178,1.77132368,-3.43447195,-4.20698618,-5.16732782,False
2020-11-05,IWN,3.11742303,-0.62669479,2.20315952,-4.34321783,-5.17130568,-5.16732782,False
2020-11-12,SPY,-0.97481774,0.40180677,1.66305439,-2.25869392,-2.94284934,-3.15246329,False
2020-11-12,QQQ,-0.47045833,0.73478711,1.79008682,-2.12533117,-2.96511433,-3.15246329,False
2020-11-12,DIA,-1.08575603,0.21025638,1.81425084,-2.70872522,-3.41047661,-3.15246329,False
2020-11-12,IWN,-2.10461478,-0.11185441,2.26482050,-3.81055355,-4.58880101,-3.15246329,False
2020-11-19,SPY,0.42012522,0.38358101,1.70356555,-2.35280482,-3.27338245,-3.06516813,False
2020-11-19,QQQ,0.77942028,0.45089347,1.81696797,-2.45140214,-3.29609599,-3.06516813,False
2020-11-19,DIA,0.15210032,0.45549063,1.85274686,-2.55182100,-3.54277048,-3.06516813,False
2020-11-19,IWN,0.52055803,0.26831759,2.31543493,-3.53284534,-4.76317503,-3.06516813,False
2020-11-27,SPY,0.27811996,0.30927992,1.60961871,-2.30718458,-3.03682538,-2.66971911,False
2020-11-27,QQQ,0.91720462,0.53160653,1.74231774,-2.24998056,-3.05727555,-2.66971911,False
2020-11-27,DIA,0.12679225,0.28997794,1.75567780,-2.63911854,-3.36518183,-2.66971911,False
2020-11-27,IWN,-0.49011664,0.27800653,2.25532759,-3.38614908,-4.53365641,-2.66971911,False
2020-12-04,SPY,0.85805937,0.17646236,1.61484293,-2.49633277,-3.19772140,-4.58668253,False
2020-12-04,QQQ,0.40669965,0.23228054,1.75753935,-2.82850280,-3.63308628,-4.58668253,False
2020-12-04,DIA,0.82655122,0.19243482,1.76423931,-2.76101140,-3.49049853,-4.58668253,False
2020-12-04,IWN,2.75426781,0.07068991,2.20823166,-3.70811713,-4.39732991,-4.58668253,False
2020-12-11,SPY,-0.11732812,0.20459095,1.64007439,-2.49874435,-3.10622569,-3.37050532,False
2020-12-11,QQQ,-0.22171183,0.48398785,1.74091835,-2.34226444,-3.06547928,-3.37050532,False
2020-12-11,DIA,0.15691403,0.04330371,1.79423648,-2.89375986,-3.56358733,-3.37050532,False
2020-12-11,IWN,-0.83849238,-0.41393448,2.31190121,-4.18813070,-5.10516083,-3.37050532,False
2020-12-18,SPY,-0.40009770,-0.19596455,1.64515392,-2.86171302,-3.61044994,-2.68086358,False
2020-12-18,QQQ,-0.30271043,-0.15551928,1.75920340,-3.04606413,-3.74791476,-2.68086358,False
2020-12-18,DIA,-0.41109524,-0.21025454,1.80324742,-3.07190172,-3.94063060,-2.68086358,False
2020-12-18,IWN,-1.25731139,-0.26146892,2.24427049,-3.93322784,-4.94817681,-2.68086358,False
2020-12-28,SPY,0.85539901,0.14951209,1.67270640,-2.54803278,-3.23418340,-2.84417544,False
2020-12-28,QQQ,1.00284431,0.28878522,1.79214535,-2.63832139,-3.33594894,-2.84417544,False
2020-12-28,DIA,0.67355723,0.04279485,1.80865496,-2.92926564,-3.57486975,-2.84417544,False
2020-12-28,IWN,0.21944963,0.12905185,2.26778973,-3.41046364,-4.30924754,-2.84417544,False
2021-01-05,SPY,0.68637183,0.43013918,1.66860239,-2.25075127,-2.95582300,-3.93081761,False
2021-01-05,QQQ,0.82103733,0.57858329,1.74728828,-2.22215506,-2.94759247,-3.93081761,False
2021-01-05,DIA,0.55335832,0.43080066,1.81926467,-2.57979285,-3.30551933,-3.93081761,False
2021-01-05,IWN,2.08578804,0.31003910,2.28969518,-3.46639257,-4.35318436,-3.93081761,False
2021-01-12,SPY,0.02111560,0.22529020,1.61283780,-2.43327661,-3.07607319,-3.92954140,False
2021-01-12,QQQ,-0.15914520,0.20358417,1.71708947,-2.58801017,-3.23380860,-3.92954140,False
2021-01-12,DIA,0.19330719,0.27155696,1.76103802,-2.61547664,-3.35812267,-3.92954140,False
2021-01-12,IWN,2.00882632,0.46637365,2.26155615,-3.28788286,-4.26132764,-3.92954140,False
2021-01-20,SPY,1.37436660,-0.12750456,1.62610134,-2.84283690,-3.40080824,-4.24063384,False
2021-01-20,QQQ,2.29945235,-0.08686384,1.72877283,-2.81122589,-3.50770117,-4.24063384,False
2021-01-20,DIA,0.83021908,-0.18800070,1.77166917,-3.10498299,-3.77543917,-4.24063384,False
2021-01-20,IWN,0.51629518,-0.41521383,2.28925165,-4.16224534,-5.14684752,-4.24063384,False
2021-01-27,SPY,-2.47441794,-0.05386514,1.60362993,-2.60358188,-3.26612359,-5.20555386,False
2021-01-27,QQQ,-2.82726021,0.05168215,1.73742690,-2.83860466,-3.47407116,-5.20555386,False
2021-01-27,DIA,-2.07018440,-0.05482709,1.74382683,-2.95436012,-3.55434303,-5.20555386,False
2021-01-27,IWN,-1.19745205,-0.08547446,2.28476546,-4.03165740,-4.80727905,-5.20555386,False
2021-02-03,SPY,0.07858950,-0.48340083,1.68267693,-3.16151747,-3.85109689,-3.22607632,False
2021-02-03,QQQ,-0.39750940,-0.39294162,1.80032823,-3.36582773,-4.19913961,-3.22607632,False
2021-02-03,DIA,0.11763351,-0.50108516,1.83173215,-3.40774457,-4.16294701,-3.22607632,False
2021-02-03,IWN,0.62340490,-0.20913568,2.32167385,-3.98111653,-4.81099698,-3.22607632,False
2021-02-10,SPY,-0.04357072,0.35230220,1.60994213,-2.32744608,-2.95780344,-3.19193507,False
2021-02-10,QQQ,-0.22813356,0.48667309,1.76274354,-2.37831056,-3.11858952,-3.19193507,False
2021-02-10,DIA,0.19731393,0.33800879,1.74073783,-2.55505861,-3.17083701,-3.19193507,False
2021-02-10,IWN,-0.44154985,0.46477657,2.22414045,-3.10188538,-4.09448288,-3.19193507,False
2021-02-18,SPY,-0.42650860,0.08052108,1.64375998,-2.60557914,-3.26980546,-3.60026692,False
2021-02-18,QQQ,-0.43817499,0.05758268,1.73208288,-2.80776816,-3.49686128,-3.60026692,False
2021-02-18,DIA,-0.37929661,-0.00328730,1.78954301,-2.90490590,-3.63074781,-3.60026692,False
2021-02-18,IWN,-1.55733293,0.27657831,2.26245032,-3.31038380,-4.27493338,-3.60026692,False
2021-02-25,SPY,-2.43907386,-0.14304621,1.65775441,-2.83931597,-3.60875226,-8.87103883,False
2021-02-25,QQQ,-3.54847749,-0.07870552,1.76187509,-2.95266120,-3.76525599,-8.87103883,True
2021-02-25,DIA,-1.76714133,-0.23532987,1.80554917,-3.21017101,-4.01111662,-8.87103883,False
2021-02-25,IWN,-3.26820042,-0.28511556,2.32008975,-4.10761913,-5.10241655,-8.87103883,False
2021-03-04,SPY,-1.24519733,0.34300622,1.66111718,-2.45014858,-3.12561054,-3.69182504,False
2021-03-04,QQQ,-1.65023577,0.36516852,1.81303471,-2.75338672,-3.40671730,-3.69182504,False
2021-03-04,DIA,-1.11249409,0.21265311,1.79020214,-2.83960832,-3.55875843,-3.69182504,False
2021-03-04,IWN,-1.71110204,0.35319443,2.23570878,-3.35813568,-4.37471948,-3.69182504,False
2021-03-11,SPY,1.00879828,-0.46802777,1.60534866,-3.08305028,-3.80785271,-6.20557677,False
2021-03-11,QQQ,2.27701973,-0.70425388,1.75033692,-3.52531161,-4.32527992,-6.20557677,False
2021-03-11,DIA,0.58216405,-0.32998113,1.75101848,-3.27597228,-3.97998745,-6.20557677,False
2021-03-11,IWN,1.19135767,-0.11659768,2.28105977,-3.81841632,-4.83090964,-6.20557677,False
2021-03-18,SPY,-1.46565225,-0.05871321,1.61965540,-2.66012865,-3.43625597,-9.59111391,False
2021-03-18,QQQ,-3.11095906,-0.15600842,1.76826317,-3.00632505,-3.88630030,-9.59111391,True
2021-03-18,DIA,-0.46471065,-0.03341047,1.76918239,-2.91878339,-3.62104251,-9.59111391,False
2021-03-18,IWN,-2.21949444,-0.05268747,2.28539175,-3.80365686,-4.54443397,-9.59111391,False
2021-03-25,SPY,0.56097970,-0.28512168,1.63336117,-3.01998479,-3.57952610,-3.89528221,False
2021-03-25,QQQ,-0.17330215,-0.32656636,1.81866146,-3.28096229,-3.91312959,-3.89528221,False
2021-03-25,DIA,0.61322889,-0.44778923,1.76194485,-3.43440462,-4.00185507,-3.89528221,False
2021-03-25,IWN,2.67126249,-0.18360359,2.27778671,-3.73543644,-4.66684273,-3.89528221,False
2021-04-01,SPY,1.07411599,0.11125576,1.56559779,-2.47907643,-3.17810721,-4.42890066,False
2021-04-01,QQQ,1.69027038,0.36623454,1.68769116,-2.38081715,-2.99897356,-4.42890066,False
2021-04-01,DIA,0.51912303,0.10355966,1.70945624,-2.75090466,-3.57931814,-4.42890066,False
2021-04-01,IWN,1.15342611,-0.23399205,2.31068052,-4.18564965,-5.13155640,-4.42890066,False
2021-04-09,SPY,0.72439785,0.03668989,1.62798081,-2.63492618,-3.23072428,-3.01833739,False
2021-04-09,QQQ,0.60399357,0.06343015,1.78914437,-2.97378614,-3.56469470,-3.01833739,False
2021-04-09,DIA,0.88265535,0.04468099,1.75221632,-2.88504196,-3.53645212,-3.01833739,False
2021-04-09,IWN,0.15573477,0.01340095,2.24681056,-3.61524958,-4.57842273,-3.01833739,False
2021-04-16,SPY,0.33369323,-0.00359132,1.56245243,-2.56833979,-3.20908079,-2.83133994,False
2021-04-16,QQQ,0.11702141,0.08108690,1.74787982,-2.80464463,-3.51154086,-2.83133994,False
2021-04-16,DIA,0.48267403,-0.12875639,1.68971709,-2.90588122,-3.51324533,-2.83133994,False
2021-04-16,IWN,0.31483014,-0.11200418,2.20244306,-3.54016477,-4.49448562,-2.83133994,False
2021-04-23,SPY,1.07840874,0.47042253,1.66317773,-2.35809920,-2.97452622,-4.04625320,False
2021-04-23,QQQ,1.25109448,0.66363024,1.84724741,-2.51004555,-3.14780799,-4.04625320,False
2021-04-23,DIA,0.67077188,0.45799941,1.80079560,-2.44407974,-3.24355610,-4.04625320,False
2021-04-23,IWN,1.90434959,0.52881299,2.30001815,-3.24522133,-4.20016792,-4.04625320,False
2021-04-30,SPY,-0.65922914,-0.51273962,1.60677952,-3.23341420,-3.80062439,-3.07261042,False
2021-04-30,QQQ,-0.65761030,-0.32749051,1.76609361,-3.16474599,-4.02444199,-3.07261042,False
2021-04-30,DIA,-0.54613936,-0.66931537,1.74959691,-3.46376025,-4.25458651,-3.07261042,False
2021-04-30,IWN,-1.25456153,-0.65672245,2.22240799,-4.30039987,-5.18138608,-3.07261042,False
2021-05-07,SPY,0.72515831,0.02945306,1.71502000,-2.76378441,-3.50478908,-2.75822618,False
2021-05-07,QQQ,0.80817494,0.02171288,1.87932760,-3.01970405,-3.78065510,-2.75822618,False
2021-05-07,DIA,0.66130997,-0.02836357,1.85763096,-3.06697559,-3.89749992,-2.75822618,False
2021-05-07,IWN,1.08994301,0.00380503,2.37055325,-3.83151070,-4.85934744,-2.75822618,False
2021-05-14,SPY,1.52387828,-0.36189377,1.66290416,-2.93360257,-3.84604337,-4.87565305,False
2021-05-14,QQQ,2.18366901,-0.42695292,1.79271984,-3.23796765,-4.17846761,-4.87565305,False
2021-05-14,DIA,1.05457446,-0.49866431,1.82659848,-3.43693936,-4.31829716,-4.87565305,False
2021-05-14,IWN,2.17918485,-0.54536625,2.41328425,-4.54525807,-5.70922037,-4.87565305,False
2021-05-21,SPY,-0.08189670,-0.24729777,1.61051849,-2.84496333,-3.57504304,-3.16207239,False
2021-05-21,QQQ,-0.55500870,-0.22435149,1.77075398,-3.13095790,-3.80541341,-3.16207239,False
2021-05-21,DIA,0.36223907,-0.26221273,1.75104257,-3.10420047,-3.92185339,-3.16207239,False
2021-05-21,IWN,0.53994402,-0.35536069,2.31040902,-4.03437909,-5.07552516,-3.16207239,False
2021-05-28,SPY,0.17871731,0.15681155,1.67082694,-2.68522007,-3.29415933,-2.60057256,False
2021-05-28,QQQ,0.31492857,0.24370995,1.82974360,-2.72324859,-3.48829099,-2.60057256,False
2021-05-28,DIA,0.18787122,0.14141753,1.81174357,-2.87889955,-3.55870836,-2.60057256,False
2021-05-28,IWN,-0.10142016,0.16148304,2.29789377,-3.66129918,-4.44198322,-2.60057256,False
2021-06-07,SPY,-0.09706202,-0.23165686,1.58779577,-2.87804862,-3.49790646,-4.27368470,False
2021-06-07,QQQ,0.29753683,-0.15813855,1.73261511,-3.01976211,-3.69368256,-4.27368470,False
2021-06-07,DIA,-0.36361512,-0.32076087,1.74176147,-3.23756680,-3.88129307,-4.27368470,False
2021-06-07,IWN,1.09150020,-0.47193234,2.29029216,-4.28111442,-5.12575912,-4.27368470,False
2021-06-14,SPY,0.22364145,0.01668713,1.61513365,-2.54875248,-3.35477358,-3.35559722,False
2021-06-14,QQQ,0.95370787,-0.00119572,1.78656944,-2.84189784,-3.61557046,-3.35559722,False
2021-06-14,DIA,-0.24929830,0.05427196,1.74923070,-2.69264791,-3.57601715,-3.35559722,False
2021-06-14,IWN,-0.73710887,0.01716299,2.31897019,-3.73409770,-4.78349111,-3.35559722,False
2021-06-21,SPY,1.42144602,0.10242176,1.64467454,-2.57031757,-3.26067258,-3.82336744,False
2021-06-21,QQQ,0.61954973,0.17544722,1.80759723,-2.76240842,-3.61447613,-3.82336744,False
2021-06-21,DIA,1.74759778,0.14002484,1.78533657,-2.62659979,-3.50698944,-3.82336744,False
2021-06-21,IWN,2.45045365,0.08615276,2.31845037,-3.66262712,-4.65992581,-3.82336744,False
2021-06-28,SPY,0.20138752,0.13262862,1.65049840,-2.65231975,-3.25268824,-4.04578282,False
2021-06-28,QQQ,1.20882326,0.00654127,1.85924961,-3.00841753,-3.83418808,-4.04578282,False
2021-06-28,DIA,-0.43823217,0.10324692,1.77378099,-2.88923404,-3.50826631,-4.04578282,False
2021-06-28,IWN,-1.32223958,0.46442600,2.35839296,-3.45706623,-4.37617654,-4.04578282,False
2021-07-06,SPY,-0.18231320,-0.48860730,1.59567972,-3.08155671,-3.91041001,-3.27869735,False
2021-07-06,QQQ,0.43126466,-0.27343414,1.73109504,-3.03888713,-3.84058346,-3.27869735,False
2021-07-06,DIA,-0.60256466,-0.65870314,1.74070949,-3.43876983,-4.41771224,-3.27869735,False
2021-07-06,IWN,-1.73684305,-0.65496976,2.30400035,-4.44733475,-5.43931337,-3.27869735,False
2021-07-13,SPY,-0.34149036,0.31869127,1.58599092,-2.20016810,-2.69870110,-3.77441294,False
2021-07-13,QQQ,0.00000000,0.43192937,1.73850080,-2.32978667,-3.07529837,-3.77441294,False
2021-07-13,DIA,-0.30733385,0.27948710,1.74698336,-2.51959573,-3.05738832,-3.77441294,False
2021-07-13,IWN,-2.02139322,0.32439771,2.33261510,-3.44002876,-4.16216829,-3.77441294,False
2021-07-20,SPY,1.42286289,0.32517815,1.62924803,-2.28684864,-2.99236507,-3.64870405,False
2021-07-20,QQQ,1.15494847,0.62339029,1.77198043,-2.22674500,-2.99080682,-3.64870405,False
2021-07-20,DIA,1.60633696,0.27828048,1.78593631,-2.65724837,-3.30946251,-3.64870405,False
2021-07-20,IWN,2.91164664,-0.02323939,2.39615775,-3.90257868,-4.91377831,-3.64870405,False
2021-07-27,SPY,-0.45680016,0.08560511,1.64805278,-2.62006368,-3.27091936,-3.83933576,False
2021-07-27,QQQ,-1.10791059,0.17862472,1.78443846,-2.71786001,-3.41386829,-3.83933576,False
2021-07-27,DIA,-0.24440622,0.06672797,1.79281413,-2.95939963,-3.55271853,-3.83933576,False
2021-07-27,IWN,-0.78239350,0.09026073,2.36365248,-3.74593223,-4.57637789,-3.83933576,False
2021-08-03,SPY,0.81024765,0.10917109,1.65847794,-2.63980445,-3.28275803,-2.93820152,False
2021-08-03,QQQ,0.60431642,0.17354821,1.81931090,-2.77123554,-3.40773641,-2.93820152,False
2021-08-03,DIA,0.79549201,0.05597176,1.80289790,-2.91334569,-3.64864219,-2.93820152,False
2021-08-03,IWN,0.82795767,0.05148447,2.34522325,-3.83425974,-4.88097856,-2.93820152,False
2021-08-10,SPY,0.12431644,0.24575579,1.64787540,-2.43574476,-3.04584880,-3.29889708,False
2021-08-10,QQQ,-0.51388707,0.43660521,1.81134289,-2.46501591,-3.17024126,-3.29889708,False
2021-08-10,DIA,0.46277773,0.15443710,1.78090621,-2.75124665,-3.41074879,-3.29889708,False
2021-08-10,IWN,0.76348685,0.11069173,2.36836428,-3.67036439,-4.55117054,-3.29889708,False
2021-08-17,SPY,-0.65769740,-0.20619036,1.64376399,-2.98479387,-3.68873515,-3.02017037,False
2021-08-17,QQQ,-0.88470782,-0.17599749,1.81988831,-3.26877561,-4.17194042,-3.02017037,False
2021-08-17,DIA,-0.79505913,-0.30029161,1.76974216,-3.17848401,-3.96583305,-3.02017037,False
2021-08-17,IWN,-1.06012847,-0.18195162,2.32203451,-4.06256266,-4.93724415,-3.02017037,False
2021-08-24,SPY,0.15862339,0.09245318,1.61837311,-2.62570370,-3.23182472,-3.09164774,False
2021-08-24,QQQ,0.30498223,0.11355628,1.76622534,-2.78190478,-3.47965322,-3.09164774,False
2021-08-24,DIA,0.08641910,0.12926241,1.78144741,-2.71277418,-3.50428573,-3.09164774,False
2021-08-24,IWN,0.87146615,0.04759761,2.40523948,-3.90316061,-4.85599037,-3.09164774,False
2021-08-31,SPY,-0.14826350,0.09100210,1.68484788,-2.63492737,-3.44962559,-2.74765441,False
2021-08-31,QQQ,-0.08154871,0.33872002,1.85774148,-2.65661449,-3.44621545,-2.74765441,False
2021-08-31,DIA,-0.11054180,0.03298370,1.81500117,-2.89389740,-3.83499379,-2.74765441,False
2021-08-31,IWN,0.21363264,-0.01319854,2.38036235,-3.94118088,-5.06420888,-2.74765441,False
2021-09-08,SPY,-0.12189726,0.23271343,1.63892672,-2.52480678,-3.22317186,-3.57216350,False
2021-09-08,QQQ,-0.34866432,0.35380063,1.81096784,-2.81285399,-3.49568035,-3.57216350,False
2021-09-08,DIA,-0.19657485,0.21754563,1.78546886,-2.76761970,-3.56556599,-3.57216350,False
2021-09-08,IWN,-1.00627477,0.13614222,2.34494283,-3.66913862,-4.72121801,-3.57216350,False
2021-09-15,SPY,0.83180029,0.50399637,1.60384044,-2.20979220,-2.82520455,-2.93807757,False
2021-09-15,QQQ,0.74073353,0.59464820,1.74554305,-2.29235474,-3.19945538,-2.93807757,False
2021-09-15,DIA,0.68256011,0.47113416,1.75532918,-2.43040339,-3.17031190,-2.93807757,False
2021-09-15,IWN,1.18506995,0.53464604,2.33859298,-3.33415662,-4.31564885,-2.93807757,False
2021-09-22,SPY,0.97076251,-0.27034991,1.67064782,-3.15825636,-3.86115698,-3.00938738,False
2021-09-22,QQQ,0.92970073,-0.06121000,1.82071475,-3.19927357,-3.82741226,-3.00938738,False
2021-09-22,DIA,0.99293610,-0.40231381,1.82096851,-3.46286598,-4.31427163,-3.00938738,False
2021-09-22,IWN,1.38720155,-0.68069381,2.44331308,-4.74717636,-5.85421304,-3.00938738,False
2021-09-29,SPY,0.16817195,0.95459788,1.56600189,-1.58686911,-2.22022122,-3.12032468,False
2021-09-29,QQQ,-0.16407869,1.14823194,1.72088490,-1.78139311,-2.40202996,-3.12032468,False
2021-09-29,DIA,0.26416979,0.89659510,1.70642055,-1.89332524,-2.60396957,-3.12032468,False
2021-09-29,IWN,0.20399077,1.05376748,2.40655951,-2.98253358,-4.10686264,-3.12032468,False
2021-10-06,SPY,0.41474574,-0.26080361,1.54583590,-2.75071240,-3.43426504,-2.96825489,False
2021-10-06,QQQ,0.63872587,-0.21961624,1.72217509,-2.97028472,-3.75225345,-2.96825489,False
2021-10-06,DIA,0.29773783,-0.40969281,1.70067936,-3.06806197,-3.95154049,-2.96825489,False
2021-10-06,IWN,-0.62019175,-0.45235442,2.28936031,-4.26309238,-5.13250749,-2.96825489,False
2021-10-13,SPY,0.35911626,0.09743215,1.22722049,-1.94059857,-2.33570958,-2.55085493,False
2021-10-13,QQQ,0.79761533,0.16395558,1.42422269,-2.35125332,-2.81166727,-2.55085493,False
2021-10-13,DIA,-0.00154168,0.05926744,1.32976247,-2.07510764,-2.51924142,-2.55085493,False
2021-10-13,IWN,0.16470367,0.09519742,1.98348089,-3.16446159,-3.79351973,-2.55085493,False
2021-10-20,SPY,0.39200233,-0.02551660,1.23159587,-2.07987661,-2.59048653,-2.82744910,False
2021-10-20,QQQ,-0.13059344,-0.04008339,1.45208512,-2.38688805,-2.97204660,-2.82744910,False
2021-10-20,DIA,0.42785254,-0.05053476,1.33674400,-2.27918196,-2.76088834,-2.82744910,False
2021-10-20,IWN,0.93621136,0.08088740,2.01968859,-3.21082284,-4.03437109,-2.82744910,False
2021-10-27,SPY,-0.44400686,0.01294766,1.16352775,-1.90813065,-2.34558071,-2.59060478,False
2021-10-27,QQQ,0.23184349,0.10217569,1.40466345,-2.17905404,-2.76663468,-2.59060478,False
2021-10-27,DIA,-0.74722896,-0.03033919,1.21765174,-2.02736188,-2.47789970,-2.59060478,False
2021-10-27,IWN,-2.02246347,-0.05299519,1.99542870,-3.30548692,-4.21979721,-2.59060478,False
2021-11-03,SPY,0.60866313,0.11796820,1.07095407,-1.57108610,-2.01115145,-3.20671931,False
2021-11-03,QQQ,1.05597321,0.13671791,1.33790385,-2.01621208,-2.59166760,-3.20671931,False
2021-11-03,DIA,0.29067932,0.07970052,1.11000544,-1.71469027,-2.16431954,-3.20671931,False
2021-11-03,IWN,1.59234701,0.18905455,1.88422387,-2.77370182,-3.68819821,-3.20671931,False
2021-11-10,SPY,-0.80773471,0.30824581,1.02495427,-1.29923247,-1.71162733,-3.32983591,False
2021-11-10,QQQ,-1.48060502,0.39830234,1.28760906,-1.66577898,-2.15829947,-3.32983591,False
2021-11-10,DIA,-0.66309709,0.24257513,1.09034860,-1.51327111,-1.93391080,-3.32983591,False
2021-11-10,IWN,-0.91586465,0.45283378,1.87740220,-2.57327881,-3.38229308,-3.32983591,False
2021-11-17,SPY,-0.24322624,0.08097281,0.97059343,-1.50407977,-1.90386112,-2.19426006,False
2021-11-17,QQQ,0.05282893,0.12697532,1.28691581,-1.90334422,-2.57878500,-2.19426006,False
2021-11-17,DIA,-0.58598869,0.04238813,1.01739376,-1.61307593,-1.96901178,-2.19426006,False
2021-11-17,IWN,-1.13431174,0.06945460,1.76949365,-2.74334176,-3.49123823,-2.19426006,False
2021-11-24,SPY,0.26663649,0.04074345,0.93251155,-1.51390837,-1.88127060,-2.41191238,False
2021-11-24,QQQ,0.32150681,0.15969159,1.22668799,-1.86147505,-2.34169722,-2.41191238,False
2021-11-24,DIA,-0.02630617,-0.05232644,0.97992709,-1.69877160,-2.10354759,-2.41191238,False
2021-11-24,IWN,-0.21561848,0.01676354,1.70623380,-2.90575807,-3.70589292,-2.41191238,False
2021-12-02,SPY,1.52001296,0.24822814,0.96116791,-1.29207895,-1.63366673,-3.57421976,False
2021-12-02,QQQ,0.71811983,0.20801804,1.27446406,-1.86050436,-2.33403865,-3.57421976,False
2021-12-02,DIA,1.79944714,0.19245506,1.01657366,-1.43528413,-1.79126038,-3.57421976,False
2021-12-02,IWN,2.98715353,0.66369059,1.72041129,-2.18483587,-2.77889217,-3.57421976,False
2021-12-09,SPY,-0.67744475,0.20952530,0.94058612,-1.37294262,-1.75027159,-5.10896257,False
2021-12-09,QQQ,-1.48235995,0.24483041,1.25751822,-1.92790227,-2.40226104,-5.10896257,False
2021-12-09,DIA,-0.00016781,0.25278715,0.98430031,-1.42048487,-1.80888280,-5.10896257,False
2021-12-09,IWN,-1.64542706,0.17834689,1.66713730,-2.52185767,-3.21796130,-5.10896257,False
2021-12-16,SPY,-0.88576805,0.02263478,0.94564896,-1.57626364,-1.97565463,-7.44551218,False
2021-12-16,QQQ,-2.60510996,0.00902153,1.24089790,-2.04308575,-2.59470747,-7.44551218,True
2021-12-16,DIA,-0.08295154,-0.02005183,0.99284245,-1.65856272,-2.14420581,-7.44551218,False
2021-12-16,IWN,-1.09618179,-0.01645503,1.65963510,-2.73918533,-3.41140721,-7.44551218,False
2021-12-23,SPY,0.62027774,0.23579691,0.95637083,-1.39728055,-1.75042675,-1.70344091,False
2021-12-23,QQQ,0.75106926,0.30187586,1.32620232,-1.86381918,-2.44784102,-1.70344091,False
2021-12-23,DIA,0.54855868,0.24467202,0.97683592,-1.38896345,-1.77708271,-1.70344091,False
2021-12-23,IWN,0.63305895,0.10407818,1.62788218,-2.49635106,-3.19210455,-1.70344091,False
2021-12-31,SPY,-0.25233981,0.17717412,1.01818267,-1.51224650,-1.86416733,-1.83801909,False
2021-12-31,QQQ,-0.62641467,0.21990325,1.34846878,-1.98800194,-2.53018741,-1.83801909,False
2021-12-31,DIA,-0.16437445,0.12460235,1.05310188,-1.64900479,-1.99639582,-1.83801909,False
2021-12-31,IWN,0.08434610,0.19476135,1.72387296,-2.62800666,-3.28648559,-1.83801909,False
2022-01-07,SPY,-0.39612376,0.28692596,0.91448668,-1.16913351,-1.57986292,-2.59270323,False
2022-01-07,QQQ,-1.08919318,0.28679979,1.23351219,-1.74288171,-2.22784437,-2.59270323,False
2022-01-07,DIA,-0.01327480,0.18084261,0.93600312,-1.40275114,-1.77689647,-2.59270323,False
2022-01-07,IWN,-0.45048139,0.25075601,1.60180177,-2.30623767,-3.06626318,-2.59270323,False
2022-01-14,SPY,0.04089398,0.10939329,0.89987155,-1.38391457,-1.81880813,-3.24706058,False
2022-01-14,QQQ,0.62032316,0.11133182,1.27095582,-2.02196264,-2.58481143,-3.24706058,False
2022-01-14,DIA,-0.56038687,0.05991900,0.88893229,-1.44314189,-1.80174259,-3.24706058,False
2022-01-14,IWN,0.60805518,0.33294629,1.50269243,-1.96329744,-2.85509695,-3.24706058,False
2022-01-24,SPY,0.42378027,0.05240664,0.89745727,-1.42655522,-1.78078551,-2.19561393,False
2022-01-24,QQQ,0.45674607,-0.03691414,1.29563896,-2.09460877,-2.67743491,-2.19561393,False
2022-01-24,DIA,0.28888316,-0.00734214,0.88377228,-1.45356025,-1.82181442,-2.19561393,False
2022-01-24,IWN,1.77733744,0.45635221,1.52894221,-2.07404691,-2.69442334,-2.19561393,False
2022-01-31,SPY,1.78507509,0.04571257,0.89989742,-1.40204680,-1.85256176,-5.66821144,False
2022-01-31,QQQ,3.14777108,-0.00961689,1.31278605,-2.12700686,-2.80817749,-5.66821144,False
2022-01-31,DIA,1.16349876,0.10110052,0.86183703,-1.35875412,-1.72926939,-5.66821144,False
2022-01-31,IWN,1.93101651,-0.18935325,1.46185986,-2.55102922,-3.20974467,-5.66821144,False
2022-02-07,SPY,-0.32143843,-0.00725513,0.90899670,-1.46855062,-1.79264697,-1.99941712,False
2022-02-07,QQQ,-0.80769509,0.00288796,1.30447083,-2.12843061,-2.72973056,-1.99941712,False
2022-02-07,DIA,0.00396119,-0.06859039,0.86349184,-1.43304223,-1.74471611,-1.99941712,False
2022-02-07,IWN,0.25778171,-0.17722788,1.47044604,-2.59488090,-3.07003069,-1.99941712,False
2022-02-14,SPY,-0.32746167,0.15583677,0.93378972,-1.32502384,-1.74814227,-2.44556683,False
2022-02-14,QQQ,0.12381439,0.12577699,1.36045537,-2.09835418,-2.64865678,-2.44556683,False
2022-02-14,DIA,-0.49604578,0.04884898,0.86255875,-1.32401639,-1.67874400,-2.44556683,False
2022-02-14,IWN,-0.45359993,0.31221992,1.41030320,-1.92828566,-2.47344733,-2.44556683,False
2022-02-22,SPY,-1.07896029,-0.02851089,0.96714266,-1.72370462,-2.00934160,-2.97767376,False
2022-02-22,QQQ,-1.00944342,-0.02322239,1.38151991,-2.40444737,-2.88543948,-2.97767376,False
2022-02-22,DIA,-1.42614716,-0.10401144,0.89619406,-1.58288838,-1.91115298,-2.97767376,False
2022-02-22,IWN,-1.34359745,0.01423349,1.47912906,-2.46383012,-3.12182679,-2.97767376,False
2022-03-01,SPY,-1.53474464,0.29074155,0.95689370,-1.25010160,-1.63304990,-4.79463018,True
2022-03-01,QQQ,-1.54298356,0.43313122,1.33388693,-1.77006343,-2.34126522,-4.79463018,False
2022-03-01,DIA,-1.77909676,0.23988730,0.88914273,-1.15362333,-1.53116931,-4.79463018,True
2022-03-01,IWN,-1.85661618,0.04793618,1.50066564,-2.37650426,-3.02339411,-4.79463018,False
2022-03-08,SPY,-0.76105592,0.09718490,0.97967683,-1.50645241,-1.88037322,-6.85699285,False
2022-03-08,QQQ,-0.46589662,0.18202404,1.38562020,-2.15787894,-2.73731254,-6.85699285,False
2022-03-08,DIA,-0.56452386,-0.08154027,0.91184442,-1.53528659,-1.83750751,-6.85699285,False
2022-03-08,IWN,0.44543683,0.25041528,1.47846916,-2.14516889,-2.75958003,-6.85699285,False
2022-03-15,SPY,2.17520831,-0.02372582,0.96333814,-1.62378131,-1.98375391,-6.13690135,False
2022-03-15,QQQ,3.08850314,0.05862446,1.38680600,-2.18941193,-2.75397282,-6.13690135,False
2022-03-15,DIA,1.80213565,-0.15239735,0.87414589,-1.61108846,-1.95256694,-6.13690135,False
2022-03-15,IWN,0.78151352,0.14574157,1.40777261,-2.26567281,-2.71243075,-6.13690135,False
2022-03-22,SPY,1.16334552,0.11656731,1.01460485,-1.53321526,-2.00431459,-2.63571959,False
2022-03-22,QQQ,1.94620750,-0.10945244,1.45605525,-2.65264258,-3.28006031,-2.63571959,False
2022-03-22,DIA,0.73376439,0.20670763,0.91706587,-1.31959097,-1.69371513,-2.63571959,False
2022-03-22,IWN,0.64645047,0.35599133,1.47189522,-2.08212065,-2.61976856,-2.63571959,False
2022-03-29,SPY,1.22950171,-0.09011691,0.99695214,-1.66861812,-2.06882085,-2.82813105,False
2022-03-29,QQQ,1.70632775,-0.05823023,1.39836301,-2.23424101,-2.87057001,-2.82813105,False
2022-03-29,DIA,0.96313802,-0.08772306,0.91331933,-1.52169536,-1.95739648,-2.82813105,False
2022-03-29,IWN,2.04436311,-0.19779122,1.42973772,-2.53270921,-3.14328837,-2.82813105,False
2022-04-05,SPY,-1.27116928,0.01088430,0.94877775,-1.51222186,-1.85333379,-3.94345237,False
2022-04-05,QQQ,-2.24543260,0.03313764,1.37169363,-2.26086905,-2.81355407,-3.94345237,False
2022-04-05,DIA,-0.80704191,0.00561789,0.86228068,-1.35392095,-1.72676608,-3.94345237,False
2022-04-05,IWN,-2.25931526,-0.17581013,1.46603377,-2.59448149,-3.14666642,-3.94345237,False
2022-04-12,SPY,-0.37121997,0.24123193,0.93701862,-1.36755874,-1.69693354,-2.22885927,False
2022-04-12,QQQ,-0.42331578,0.40031972,1.36529607,-1.93517594,-2.46932509,-2.22885927,False
2022-04-12,DIA,-0.25601064,0.07245027,0.85811418,-1.37998973,-1.64117526,-2.22885927,False
2022-04-12,IWN,0.43101849,0.25762857,1.37267003,-2.02557515,-2.43506291,-2.22885927,False
2022-04-20,SPY,-0.07417042,0.02031009,0.96399415,-1.50603372,-1.98969524,-3.69817415,False
2022-04-20,QQQ,-1.46918064,-0.08730494,1.39552359,-2.36806856,-3.01550872,-3.69817415,False
2022-04-20,DIA,0.71238466,0.07242603,0.86357194,-1.32200666,-1.70473446,-3.69817415,False
2022-04-20,IWN,0.67126039,0.00485454,1.46338680,-2.42352109,-2.91268284,-3.69817415,False
2022-04-27,SPY,0.28079189,0.25613245,0.95846142,-1.28502584,-1.64554631,-3.21691832,False
2022-04-27,QQQ,-0.11989941,0.20974455,1.35275338,-2.02288060,-2.58475007,-3.21691832,False
2022-04-27,DIA,0.18559681,0.18040064,0.87892953,-1.23248142,-1.53756258,-3.21691832,False
2022-04-27,IWN,-0.22603902,0.76893069,1.45318551,-1.63187697,-2.22748504,-3.21691832,False
2022-05-04,SPY,2.99985625,0.32027048,1.02440706,-1.37606337,-1.80842604,-5.43230743,False
2022-05-04,QQQ,3.32532105,0.19062484,1.47328589,-2.28276878,-2.81627035,-5.43230743,False
2022-05-04,DIA,2.77521034,0.35305083,0.92615913,-1.18738407,-1.53408372,-5.43230743,False
2022-05-04,IWN,2.61261059,0.47154508,1.43302602,-1.89828235,-2.38392567,-5.43230743,False
2022-05-11,SPY,-1.60136473,0.69549574,0.99902979,-1.01729270,-1.50191168,-5.18964325,True
2022-05-11,QQQ,-3.01068732,0.56076882,1.42222858,-1.86738640,-2.55387299,-5.18964325,True
2022-05-11,DIA,-1.02080976,0.67915147,0.88788246,-0.85770714,-1.20965386,-5.18964325,True
2022-05-11,IWN,-1.61596091,0.97944846,1.46009903,-1.51218524,-2.01064441,-5.18964325,True
2022-05-18,SPY,-4.11464817,0.22683659,1.00928313,-1.43002654,-1.77423170,-12.74336204,True
2022-05-18,QQQ,-5.03362637,0.09134256,1.42252179,-2.16419013,-2.73081135,-12.74336204,True
2022-05-18,DIA,-3.63131697,0.31268490,0.91031573,-1.10915208,-1.53653202,-12.74336204,True
2022-05-18,IWN,-3.16404669,0.08250686,1.44711141,-2.26747385,-2.88004271,-12.74336204,True
2022-05-25,SPY,0.87960926,-0.07427216,1.08391125,-1.82143669,-2.22087499,-2.63218535,False
2022-05-25,QQQ,1.38982436,0.08304858,1.48569622,-2.22952181,-2.87032387,-2.63218535,False
2022-05-25,DIA,0.59848201,-0.18055339,0.98084880,-1.79465420,-2.16541488,-2.63218535,False
2022-05-25,IWN,1.88742317,-0.15829875,1.51627155,-2.57670157,-3.15860718,-2.63218535,False
2022-06-02,SPY,1.88643835,0.26156130,1.01845411,-1.39224373,-1.84526550,-2.78938122,False
2022-06-02,QQQ,2.70173457,0.29084784,1.42388532,-2.01452645,-2.56873540,-2.78938122,False
2022-06-02,DIA,1.31712487,0.18064714,0.90880752,-1.34705133,-1.74343236,-2.78938122,False
2022-06-02,IWN,1.70921899,0.39480039,1.45955991,-2.09153558,-2.74444775,-2.78938122,False
2022-06-09,SPY,-2.40702590,-0.05006806,1.06083299,-1.74398784,-2.28182905,-4.90667825,True
2022-06-09,QQQ,-2.71497967,0.09570214,1.49506341,-2.38675366,-3.06396215,-4.90667825,True
2022-06-09,DIA,-1.95794496,-0.15868624,0.93540773,-1.66808537,-2.05528767,-4.90667825,True
2022-06-09,IWN,-1.92239716,0.01707138,1.43956633,-2.22856682,-2.91997357,-4.90667825,False
2022-06-16,SPY,-3.36561818,0.07803480,1.07825562,-1.66243303,-2.11442990,-8.93516812,True
2022-06-16,QQQ,-4.11831570,-0.09120543,1.47795332,-2.45904463,-3.08185373,-8.93516812,True
2022-06-16,DIA,-2.44736254,0.17187998,0.92226495,-1.33057260,-1.71792930,-8.93516812,True
2022-06-16,IWN,-4.59993422,0.16680368,1.44300910,-2.12777651,-2.82327235,-8.93516812,True
2022-06-24,SPY,3.12989331,0.00207787,1.12985078,-1.79062550,-2.37773432,-6.69906131,False
2022-06-24,QQQ,3.36896925,-0.12630094,1.60123042,-2.77520965,-3.53748433,-6.69906131,False
2022-06-24,DIA,2.64842096,0.03468804,0.94958446,-1.52535475,-1.93637952,-6.69906131,False
2022-06-24,IWN,2.70814888,-0.02874605,1.43327314,-2.29050135,-2.97533629,-6.69906131,False
2022-07-01,SPY,1.05210790,0.31244369,1.10471720,-1.55696628,-1.98850218,-2.35922319,False
2022-07-01,QQQ,0.65787951,0.33650265,1.53844416,-2.18618612,-2.80150234,-2.35922319,False
2022-07-01,DIA,1.04030681,0.21488910,0.93375185,-1.34397097,-1.71709727,-2.35922319,False
2022-07-01,IWN,1.43657783,0.30797358,1.38477051,-2.00822444,-2.64312495,-2.35922319,False
2022-07-11,SPY,-1.14893586,0.00883093,1.07692732,-1.82545132,-2.26651207,-3.53126611,False
2022-07-11,QQQ,-2.15960212,-0.01753053,1.52684264,-2.61562651,-3.27396612,-3.53126611,False
2022-07-11,DIA,-0.52569236,0.00477012,0.91019820,-1.50960869,-1.90111030,-3.53126611,False
2022-07-11,IWN,-1.71340196,0.00649243,1.39383534,-2.20849862,-2.77508985,-3.53126611,False
2022-07-18,SPY,-0.82913134,0.04252717,1.10941873,-1.77719849,-2.23505773,-2.82800927,False
2022-07-18,QQQ,-0.84986914,-0.08651322,1.54406043,-2.68165307,-3.26324586,-2.82800927,False
2022-07-18,DIA,-0.69162236,0.07057793,0.95811588,-1.46766040,-1.84332448,-2.82800927,False
2022-07-18,IWN,-0.02170641,0.10099946,1.43213243,-2.20625235,-2.88325955,-2.82800927,False
2022-07-25,SPY,0.12141658,-0.27702547,1.11276219,-2.09073694,-2.55141140,-2.92299467,False
2022-07-25,QQQ,-0.57119073,-0.22934267,1.54561107,-2.73520445,-3.34627124,-2.92299467,False
2022-07-25,DIA,0.28408519,-0.33408380,0.95881845,-1.89528107,-2.32655135,-2.92299467,False
2022-07-25,IWN,0.76574666,-0.18215728,1.44628957,-2.48557350,-3.28875361,-2.92299467,False
2022-08-01,SPY,-0.29655996,-0.17828238,1.14255148,-2.07143248,-2.49601505,-2.93471288,False
2022-08-01,QQQ,-0.06025193,-0.32968914,1.57594522,-2.85182045,-3.48138402,-2.93471288,False
2022-08-01,DIA,-0.14237506,-0.10328767,0.97170318,-1.71457405,-2.06375200,-2.93471288,False
2022-08-01,IWN,0.04689471,-0.17004602,1.43543657,-2.53763325,-3.14268166,-2.93471288,False
2022-08-08,SPY,-0.11617315,0.07348081,1.08462463,-1.77912682,-2.20149257,-2.26489877,False
2022-08-08,QQQ,-0.32375404,0.12088532,1.51254275,-2.54032034,-3.09710561,-2.26489877,False
2022-08-08,DIA,0.08857943,0.00480202,0.92698023,-1.54046426,-1.90083061,-2.26489877,False
2022-08-08,IWN,1.00377803,0.05886501,1.37956068,-2.24606896,-2.80813529,-2.26489877,False
2022-08-15,SPY,0.41123660,-0.12003134,1.14833189,-2.00878158,-2.44838675,-2.66387915,False
2022-08-15,QQQ,0.80488878,-0.27177437,1.59445334,-2.77688530,-3.47386598,-2.66387915,False
2022-08-15,DIA,0.44741376,-0.04883482,0.97740057,-1.63784065,-2.06886001,-2.66387915,False
2022-08-15,IWN,0.37790837,-0.12384927,1.43709560,-2.51964071,-3.13093245,-2.66387915,False
2022-08-22,SPY,-2.10423008,-0.18912467,1.16328937,-2.11017829,-2.54021423,-3.09641294,False
2022-08-22,QQQ,-2.66800384,-0.08599182,1.59119694,-2.51155134,-3.37513533,-3.09641294,True
2022-08-22,DIA,-1.92645355,-0.28273517,0.99862946,-1.95598216,-2.33142452,-3.09641294,False
2022-08-22,IWN,-2.28825157,-0.11449531,1.47190164,-2.53191189,-3.15245300,-3.09641294,False
2022-08-29,SPY,-0.66341946,0.06038487,1.14577687,-1.74873601,-2.23864127,-1.95546597,False
2022-08-29,QQQ,-0.99045104,0.25153861,1.57794126,-2.29522041,-2.88593747,-1.95546597,False
2022-08-29,DIA,-0.57286008,-0.08654937,0.96920707,-1.64904979,-2.07457553,-1.95546597,False
2022-08-29,IWN,-0.94262810,0.13230853,1.46341759,-2.37777240,-2.92137555,-1.95546597,False
2022-09-06,SPY,-0.37802919,0.11186457,1.15852720,-1.79972946,-2.34844329,-3.35606405,False
2022-09-06,QQQ,-0.72082968,0.10061892,1.59745142,-2.56269857,-3.24393517,-3.35606405,False
2022-09-06,DIA,-0.55437104,0.05347878,0.98469171,-1.54049780,-2.03079109,-3.35606405,False
2022-09-06,IWN,-1.19355205,0.11850686,1.37458950,-2.06959688,-2.64945320,-3.35606405,False
2022-09-13,SPY,-4.44563250,0.10583668,1.15455976,-1.75278795,-2.37832997,-12.05253482,True
2022-09-13,QQQ,-5.63976898,-0.00607751,1.60150751,-2.64483723,-3.37375635,-12.05253482,True
2022-09-13,DIA,-4.02147175,0.13833261,0.97017741,-1.50382561,-1.92906061,-12.05253482,True
2022-09-13,IWN,-3.82256213,0.03741683,1.42336579,-2.32519194,-2.98142357,-12.05253482,True
2022-09-20,SPY,-1.15448716,0.32213785,1.21604387,-1.62327369,-2.15907010,-4.79026806,False
2022-09-20,QQQ,-0.80029600,0.24344685,1.65267467,-2.49171854,-3.18020790,-4.79026806,False
2022-09-20,DIA,-1.01562762,0.31855251,1.03830459,-1.34759162,-1.77104652,-4.79026806,False
2022-09-20,IWN,-1.33785139,0.28079924,1.47298669,-2.15428856,-2.67603434,-4.79026806,False
2022-09-27,SPY,-0.25560167,0.08207474,1.19767174,-1.89945314,-2.31973661,-1.85511686,False
2022-09-27,QQQ,0.04008600,0.00720787,1.63662182,-2.59522333,-3.25307471,-1.85511686,False
2022-09-27,DIA,-0.43092207,0.11090677,1.01867403,-1.54361118,-1.99361932,-1.85511686,False
2022-09-27,IWN,-0.20036774,0.10428325,1.45275778,-2.24224275,-2.87232879,-1.85511686,False
2022-10-04,SPY,3.05161989,-0.23410062,1.16639224,-2.14267861,-2.68043072,-6.75351923,False
2022-10-04,QQQ,3.09567179,-0.29754474,1.58496541,-2.84713902,-3.62327420,-6.75351923,False
2022-10-04,DIA,2.76047793,-0.18555067,0.99462460,-1.83625405,-2.26290940,-6.75351923,False
2022-10-04,IWN,3.84434769,-0.18177924,1.42180258,-2.51022764,-3.10122049,-6.75351923,False
2022-10-11,SPY,-0.63531692,-0.03288930,1.17093325,-1.91226372,-2.43914692,-4.23432942,False
2022-10-11,QQQ,-1.38333757,0.00563846,1.57251465,-2.64943075,-3.27479376,-4.23432942,False
2022-10-11,DIA,0.12425982,-0.06024829,1.00435059,-1.72754514,-2.10447144,-4.23432942,False
2022-10-11,IWN,0.38762320,-0.07285536,1.40129641,-2.41361816,-3.00581122,-4.23432942,False
2022-10-18,SPY,1.16811181,0.27847357,1.21644460,-1.69444322,-2.22597615,-2.39794652,False
2022-10-18,QQQ,0.78767878,0.07691978,1.61215164,-2.52416996,-3.27186594,-2.39794652,False
2022-10-18,DIA,1.11344295,0.39562792,1.02550162,-1.27023163,-1.70978863,-2.39794652,False
2022-10-18,IWN,1.13986666,0.08418097,1.45871583,-2.21249429,-2.91906448,-2.39794652,False
2022-10-25,SPY,1.58424508,-0.09343052,1.21874502,-2.14216688,-2.71972441,-3.57943078,False
2022-10-25,QQQ,2.04749478,-0.10952605,1.58581033,-2.81594375,-3.51306230,-3.57943078,False
2022-10-25,DIA,1.06454865,-0.14061908,1.06029699,-1.93557429,-2.39529293,-3.57943078,False
2022-10-25,IWN,2.36745289,-0.23408509,1.39736543,-2.50829846,-3.18237125,-3.57943078,False
2022-11-01,SPY,-0.43854579,0.24264722,1.22011123,-1.68630947,-2.36789608,-1.95042253,False
2022-11-01,QQQ,-1.02702310,0.15198735,1.61093780,-2.53765853,-3.38088678,-1.95042253,False
2022-11-01,DIA,-0.24393557,0.22499428,1.05829037,-1.55889153,-2.02077555,-1.95042253,False
2022-11-01,IWN,0.17875364,0.12445366,1.39153066,-2.12651758,-2.89294336,-1.95042253,False
2022-11-08,SPY,0.53809123,-0.07989371,1.26588577,-2.12618597,-2.78273036,-6.24309243,False
2022-11-08,QQQ,0.72607872,-0.08193404,1.68335146,-2.88069010,-3.66964590,-6.24309243,False
2022-11-08,DIA,1.01180126,-0.06408500,1.08225981,-1.78633739,-2.35352065,-6.24309243,False
2022-11-08,IWN,-0.08363907,0.01490088,1.47108085,-2.41278779,-2.96134208,-6.24309243,False
2022-11-15,SPY,0.84928666,-0.24169797,1.30297543,-2.24282224,-2.86935149,-3.52732276,False
2022-11-15,QQQ,1.37435183,-0.21004492,1.72558817,-2.98908782,-3.68115695,-3.52732276,False
2022-11-15,DIA,0.16749689,-0.24504294,1.10333505,-1.97006119,-2.48520152,-3.52732276,False
2022-11-15,IWN,1.08547326,-0.14193564,1.48901130,-2.51368574,-3.24318124,-3.52732276,False
2022-11-22,SPY,1.33671856,-0.12699852,1.22877675,-2.14366778,-2.65836992,-2.26850295,False
2022-11-22,QQQ,1.43000247,-0.14360574,1.62148971,-2.84720862,-3.50398545,-2.26850295,False
2022-11-22,DIA,1.17355183,-0.12606826,1.05930115,-1.82932123,-2.27204268,-2.26850295,False
2022-11-22,IWN,1.09581659,-0.15408023,1.44753979,-2.49250640,-3.14913729,-2.26850295,False
2022-11-30,SPY,3.10147635,0.17383422,1.22731594,-1.80684552,-2.30589203,-5.15925969,False
2022-11-30,QQQ,4.45772763,0.09642494,1.63830879,-2.54899552,-3.11965457,-5.15925969,False
2022-11-30,DIA,2.15442355,0.20037986,1.03808046,-1.52107191,-2.01296316,-5.15925969,False
2022-11-30,IWN,2.32198095,0.21073681,1.39177378,-2.06939459,-2.67685409,-5.15925969,False
2022-12-07,SPY,-0.17027124,0.33876838,1.26209771,-1.74876814,-2.28341961,-1.56872675,False
2022-12-07,QQQ,-0.40909755,0.33371089,1.68230382,-2.45652471,-3.26467728,-1.56872675,False
2022-12-07,DIA,0.00470278,0.29494638,1.06070485,-1.42278556,-1.90905448,-1.56872675,False
2022-12-07,IWN,-0.48692403,0.30159135,1.41990473,-2.00440192,-2.58553735,-1.56872675,False
2022-12-14,SPY,-0.64139321,0.04669613,1.26977549,-2.02982200,-2.58698696,-1.92303232,False
2022-12-14,QQQ,-0.74414521,-0.03166826,1.66947969,-2.78362918,-3.54198833,-1.92303232,False
2022-12-14,DIA,-0.41803960,0.01517135,1.07200087,-1.74069429,-2.15873633,-1.92303232,False
2022-12-14,IWN,-0.62184318,-0.04881651,1.44554984,-2.43040968,-3.03285485,-1.92303232,False
2022-12-21,SPY,1.48416774,0.01370552,1.22784293,-1.96313522,-2.49516656,-2.63927660,False
2022-12-21,QQQ,1.44019242,-0.02138515,1.62718924,-2.55279055,-3.31718110,-2.63927660,False
2022-12-21,DIA,1.59076302,0.04116794,1.03952054,-1.63023157,-2.08475901,-2.63927660,False
2022-12-21,IWN,1.46683834,-0.02849375,1.40579958,-2.29452096,-2.88685286,-2.63927660,False
2022-12-29,SPY,1.78400798,0.03969724,1.30554940,-2.01952421,-2.70352913,-3.81863824,False
2022-12-29,QQQ,2.40829221,0.09600104,1.71723965,-2.69092233,-3.51357388,-3.81863824,False
2022-12-29,DIA,1.04420986,-0.00069873,1.09823884,-1.69162238,-2.27668154,-3.81863824,False
2022-12-29,IWN,2.31047949,-0.07951120,1.42587493,-2.44952766,-3.00523792,-3.81863824,False
2023-01-06,SPY,2.26732655,-0.41006935,1.26536887,-2.41555269,-2.94897871,-4.08075028,False
2023-01-06,QQQ,2.72275057,-0.34064417,1.67350348,-3.14448415,-3.74016518,-4.08075028,False
2023-01-06,DIA,2.10501384,-0.41353486,1.07599632,-2.08728902,-2.59187457,-4.08075028,False
2023-01-06,IWN,2.19413864,-0.42122535,1.39876686,-2.74878956,-3.22603430,-4.08075028,False
2023-01-13,SPY,0.38719692,-0.14912848,1.31757903,-2.39829143,-2.77276063,-1.63099903,False
2023-01-13,QQQ,0.68569624,-0.22480505,1.77078233,-3.15860901,-3.78490445,-1.63099903,False
2023-01-13,DIA,0.32891184,-0.07981805,1.10286947,-1.92681370,-2.31578720,-1.63099903,False
2023-01-13,IWN,0.47291122,-0.03215176,1.42759562,-2.32918314,-2.88163523,-1.63099903,False
2023-01-23,SPY,1.19271975,-0.09333847,1.31729884,-2.15621209,-2.70701204,-3.21557866,False
2023-01-23,QQQ,2.19727119,-0.21112814,1.75512933,-3.00480879,-3.74960214,-3.21557866,False
2023-01-23,DIA,0.75836438,-0.04639297,1.09832400,-1.80431250,-2.22498271,-3.21557866,False
2023-01-23,IWN,0.89576545,-0.14943553,1.47758216,-2.52254056,-2.96561986,-3.21557866,False
2023-01-30,SPY,-1.26262196,0.13126312,1.30696069,-2.15269659,-2.61546255,-2.16242492,False
2023-01-30,QQQ,-2.04260019,0.07474930,1.70967261,-2.80816027,-3.52197586,-2.16242492,False
2023-01-30,DIA,-0.77107803,0.12165850,1.11403857,-1.77872962,-2.23545658,-2.16242492,False
2023-01-30,IWN,-1.09920554,0.16919045,1.47092794,-2.34029667,-2.89129885,-2.16242492,False
2023-02-06,SPY,-0.61300637,-0.39597995,1.34911886,-2.61425719,-3.14357546,-3.65726037,False
2023-02-06,QQQ,-0.84950840,-0.41280882,1.81233383,-3.39649144,-4.06850332,-3.65726037,False
2023-02-06,DIA,-0.10318943,-0.30280357,1.10799136,-2.09702763,-2.57268505,-3.65726037,False
2023-02-06,IWN,-1.40402670,-0.14139900,1.45832874,-2.48230978,-3.05774282,-3.65726037,False
2023-02-13,SPY,1.16706428,0.04047034,1.32075366,-2.10792285,-2.64768084,-2.45373231,False
2023-02-13,QQQ,1.58892009,0.00190544,1.77003199,-2.84433593,-3.67285083,-2.45373231,False
2023-02-13,DIA,1.10596119,0.02020257,1.10324575,-1.68884245,-2.17339905,-2.45373231,False
2023-02-13,IWN,1.13986573,-0.06169427,1.44287479,-2.33285223,-2.95758692,-2.45373231,False
2023-02-21,SPY,-2.02648359,-0.06714305,1.31978301,-2.13888232,-2.70748556,-5.15660611,False
2023-02-21,QQQ,-2.39598535,-0.02596604,1.78550421,-2.82880139,-3.65820820,-5.15660611,False
2023-02-21,DIA,-2.08232951,-0.02244048,1.08572996,-1.75592905,-2.25154454,-5.15660611,True
2023-02-21,IWN,-2.81315970,-0.03844060,1.41376235,-2.27608950,-2.86186258,-5.15660611,True
2023-02-28,SPY,-0.37028358,-0.17207520,1.33203138,-2.36827070,-2.99875315,-2.48694905,False
2023-02-28,QQQ,-0.12935816,-0.18605835,1.79717244,-3.17269393,-3.95458380,-2.48694905,False
2023-02-28,DIA,-0.70909504,-0.13170567,1.10084093,-1.91436131,-2.42905264,-2.48694905,False
2023-02-28,IWN,-0.04710269,-0.20274398,1.38476873,-2.55830396,-3.17169983,-2.48694905,False
2023-03-07,SPY,-1.54474690,-0.19391396,1.32966601,-2.40637412,-2.90652865,-3.53169567,False
2023-03-07,QQQ,-1.23416671,-0.25194538,1.80746955,-3.22064373,-3.99092186,-3.53169567,False
2023-03-07,DIA,-1.73483975,-0.17874462,1.07483786,-1.91987926,-2.32877076,-3.53169567,False
2023-03-07,IWN,-1.29156563,-0.18074789,1.42108848,-2.40545528,-3.02857631,-3.53169567,False
2023-03-14,SPY,1.63949255,0.20844563,1.32399283,-2.08234476,-2.60740938,-2.36804556,False
2023-03-14,QQQ,2.27197373,0.22813260,1.78767429,-2.79170615,-3.57943401,-2.36804556,False
2023-03-14,DIA,1.05124037,0.11694981,1.10030614,-1.81085237,-2.22058426,-2.36804556,False
2023-03-14,IWN,1.64684231,-0.09784674,1.42811979,-2.57084990,-3.09431115,-2.36804556,False
2023-03-21,SPY,1.30450480,0.17233792,1.27213335,-1.91368238,-2.45540647,-3.35302666,False
2023-03-21,QQQ,1.41814076,0.18419956,1.70907464,-2.77142873,-3.43216841,-3.35302666,False
2023-03-21,DIA,0.97530014,0.14220733,1.06808126,-1.57171522,-2.02523980,-3.35302666,False
2023-03-21,IWN,2.03922945,-0.16589987,1.39918726,-2.45168740,-2.92537796,-3.35302666,False
2023-03-28,SPY,-0.22473062,-0.32592002,1.31083328,-2.46074066,-3.01413419,-1.51314705,False
2023-03-28,QQQ,-0.53256946,-0.38007194,1.73715930,-3.17294829,-3.92900363,-1.51314705,False
2023-03-28,DIA,-0.11671185,-0.24497811,1.10741329,-2.03348390,-2.46725038,-1.51314705,False
2023-03-28,IWN,0.00000000,-0.17339806,1.40014784,-2.44669345,-2.92517307,-1.51314705,False
2023-04-04,SPY,-0.55634640,-0.02631747,1.27788244,-2.10169717,-2.57354310,-3.83829129,False
2023-04-04,QQQ,-0.33791250,-0.03602276,1.72335634,-2.90436960,-3.50224037,-3.83829129,False
2023-04-04,DIA,-0.59331376,-0.00572996,1.06674044,-1.72065834,-2.16506866,-3.83829129,False
2023-04-04,IWN,-1.94796545,0.04326677,1.39206721,-2.24407485,-2.74989191,-3.83829129,False
2023-04-12,SPY,-0.40842764,0.02661860,1.32437498,-2.08352647,-2.64738867,-1.89125869,False
2023-04-12,QQQ,-0.88731712,-0.09126723,1.78420657,-2.99302405,-3.66971558,-1.89125869,False
2023-04-12,DIA,-0.11373614,0.09703290,1.09283292,-1.63925797,-2.13883521,-1.89125869,False
2023-04-12,IWN,-0.71690350,0.15735381,1.46100549,-2.19182572,-2.79720027,-1.89125869,False
2023-04-19,SPY,-0.01689764,-0.20290580,1.29355120,-2.23876864,-2.84848954,-2.04317454,False
2023-04-19,QQQ,-0.04706120,-0.21908373,1.69111400,-2.95052886,-3.64116539,-2.04317454,False
2023-04-19,DIA,-0.23461254,-0.16588997,1.11350467,-1.98223870,-2.46321188,-2.04317454,False
2023-04-19,IWN,0.46325286,-0.12526574,1.43051115,-2.53186987,-3.16999059,-2.04317454,False
2023-04-26,SPY,-0.42446278,0.08948031,1.32057680,-2.14850130,-2.73127849,-4.10082350,False
2023-04-26,QQQ,0.60464888,0.18808465,1.76319714,-2.89912053,-3.60636818,-4.10082350,False
2023-04-26,DIA,-0.68517626,0.02096971,1.09671830,-1.86110085,-2.30607963,-4.10082350,False
2023-04-26,IWN,-0.96898600,-0.01449847,1.44200975,-2.41974743,-3.02229102,-4.10082350,False
2023-05-03,SPY,-0.68876446,0.02419004,1.30465056,-2.02271987,-2.64486133,-2.86721500,False
2023-05-03,QQQ,-0.65653611,0.11842284,1.74009148,-2.80178211,-3.46745443,-2.86721500,False
2023-05-03,DIA,-0.80565251,-0.02488647,1.10187325,-1.78147997,-2.27716244,-2.86721500,False
2023-05-03,IWN,0.15346859,-0.05986903,1.42900594,-2.34897916,-2.90873857,-2.86721500,False
2023-05-10,SPY,0.46613850,-0.01554240,1.29997592,-2.09191814,-2.73745954,-2.25146943,False
2023-05-10,QQQ,1.08229128,0.01729435,1.74623413,-2.78403071,-3.61497018,-2.25146943,False
2023-05-10,DIA,-0.09085877,-0.03556736,1.07635305,-1.75662771,-2.25254755,-2.25146943,False
2023-05-10,IWN,0.25125716,-0.09619363,1.44715987,-2.44679086,-3.10700135,-2.25146943,False
2023-05-17,SPY,1.20659147,-0.01350526,1.34401147,-2.21446474,-2.73769703,-5.15739120,False
2023-05-17,QQQ,1.20314688,0.02711875,1.78033576,-2.86633320,-3.61681775,-5.15739120,False
2023-05-17,DIA,1.23021904,-0.04374849,1.10877974,-1.82271062,-2.27811706,-5.15739120,False
2023-05-17,IWN,2.77943439,0.01646511,1.47455385,-2.39912579,-2.94898989,-5.15739120,False
2023-05-24,SPY,-0.72711448,-0.10417764,1.32831732,-2.20638942,-2.78687731,-2.24453488,False
2023-05-24,QQQ,-0.51427103,-0.06762693,1.78273600,-2.88256805,-3.67521566,-2.24453488,False
2023-05-24,DIA,-0.77621931,-0.02553664,1.09199470,-1.95229272,-2.28470549,-2.24453488,False
2023-05-24,IWN,-1.34450923,0.02460441,1.44158550,-2.35721146,-2.82020961,-2.24453488,False
2023-06-01,SPY,0.94561595,0.03666643,1.35963708,-2.31921476,-2.78463759,-2.53837433,False
2023-06-01,QQQ,1.14858390,0.09497875,1.82795645,-3.01648541,-3.71193899,-2.53837433,False
2023-06-01,DIA,0.46475867,-0.00478076,1.12586582,-1.97717570,-2.33169813,-2.53837433,False
2023-06-01,IWN,0.95629083,-0.02674679,1.50723086,-2.56730148,-3.15643014,-2.53837433,False
2023-06-08,SPY,0.60301770,-0.33801776,1.31106804,-2.52880494,-3.00578387,-4.69078436,False
2023-06-08,QQQ,1.23369243,-0.53703498,1.76185713,-3.43499583,-4.07073365,-4.69078436,False
2023-06-08,DIA,0.49953710,-0.15139407,1.09634347,-1.94099289,-2.36477971,-4.69078436,False
2023-06-08,IWN,-0.65556041,0.02478052,1.49684508,-2.36882264,-2.92796434,-4.69078436,False
2023-06-15,SPY,1.23215273,-0.21496507,1.38797955,-2.48107878,-3.19241685,-2.99855759,False
2023-06-15,QQQ,1.18454581,-0.26602491,1.84912117,-3.34504852,-4.22838558,-2.99855759,False
2023-06-15,DIA,1.25384407,-0.19761201,1.15596458,-2.08685183,-2.67318260,-2.99855759,False
2023-06-15,IWN,0.83671382,-0.09296243,1.54382419,-2.53640745,-3.24167434,-2.99855759,False
2023-06-23,SPY,-0.75886488,-0.13908699,1.30231888,-2.30248566,-2.88462781,-1.97629599,False
2023-06-23,QQQ,-0.99629700,-0.08247059,1.76492079,-2.98490748,-3.83003041,-1.97629599,False
2023-06-23,DIA,-0.64804892,-0.16538774,1.07440231,-1.92603314,-2.36770805,-1.97629599,False
2023-06-23,IWN,-1.36046083,-0.19504076,1.46921199,-2.51925901,-3.22849685,-1.97629599,False
2023-06-30,SPY,1.17315721,-0.21622322,1.29511532,-2.28357592,-2.85605214,-3.57200522,False
2023-06-30,QQQ,1.53024339,-0.28558026,1.75184315,-3.11933049,-3.84385410,-3.57200522,False
2023-06-30,DIA,0.83228240,-0.16532967,1.07295435,-1.89641141,-2.30900826,-3.57200522,False
2023-06-30,IWN,0.03551812,-0.20909003,1.45324284,-2.51077567,-3.15066920,-3.57200522,False
2023-07-10,SPY,0.25277977,-0.21940191,1.35424568,-2.41707388,-3.03935769,-3.65933381,False
2023-07-10,QQQ,0.03276726,-0.29489763,1.81049523,-3.29018370,-4.07272811,-3.65933381,False
2023-07-10,DIA,0.61915750,-0.17948349,1.12083768,-1.96981189,-2.51992380,-3.65933381,False
2023-07-10,IWN,1.37100238,-0.17679816,1.53703421,-2.70303914,-3.37966798,-3.65933381,False
2023-07-17,SPY,0.34662175,-0.18929324,1.33524211,-2.38188837,-2.87882257,-2.93007566,False
2023-07-17,QQQ,0.92953305,-0.16579938,1.81100725,-3.13309004,-3.82793589,-2.93007566,False
2023-07-17,DIA,0.22091531,-0.16881242,1.10397595,-2.01886792,-2.43909020,-2.93007566,False
2023-07-17,IWN,0.85563669,-0.33031307,1.45650837,-2.72463162,-3.23653821,-2.93007566,False
2023-07-24,SPY,0.44572816,0.19057529,1.36349765,-1.99016735,-2.58137518,-1.62127681,False
2023-07-24,QQQ,0.15960516,0.14445203,1.82844260,-2.66072285,-3.63698512,-1.62127681,False
2023-07-24,DIA,0.51968628,0.14434528,1.13569724,-1.72031360,-2.11540105,-1.62127681,False
2023-07-24,IWN,0.61451578,0.27109888,1.45493343,-1.99651656,-2.56685098,-1.62127681,False
2023-07-31,SPY,0.19022917,0.26027723,1.33056963,-1.99542491,-2.57773166,-2.08195519,False
2023-07-31,QQQ,0.05214067,0.24858836,1.78426088,-2.82361470,-3.50910546,-2.08195519,False
2023-07-31,DIA,0.28229156,0.23909874,1.09872826,-1.62129493,-2.11841093,-2.08195519,False
2023-07-31,IWN,0.93665783,0.21555662,1.45124320,-2.29770316,-2.85802642,-2.08195519,False
2023-08-07,SPY,0.86906919,0.14523662,1.31342560,-2.04566961,-2.56223002,-2.86475119,False
2023-08-07,QQQ,0.84310951,0.14862023,1.76517606,-2.71847899,-3.45287161,-2.86475119,False
2023-08-07,DIA,1.15543452,0.14828416,1.07397028,-1.58424430,-2.04136206,-2.86475119,False
2023-08-07,IWN,0.38869035,0.10565649,1.48746596,-2.38747708,-3.01120972,-2.86475119,False
2023-08-14,SPY,0.55048739,0.20202389,1.24545723,-1.80720712,-2.41371452,-2.78833776,False
2023-08-14,QQQ,1.11596622,0.22000414,1.66850356,-2.54725625,-3.33364236,-2.78833776,False
2023-08-14,DIA,0.07431750,0.15802287,1.04181477,-1.45689286,-1.98259784,-2.78833776,False
2023-08-14,IWN,-0.53757878,0.11429783,1.38020127,-2.18356782,-2.82206980,-2.78833776,False
2023-08-21,SPY,0.64853650,-0.15602522,1.28418388,-2.18591182,-2.87509570,-3.88091548,False
2023-08-21,QQQ,1.59830138,-0.16833427,1.74284311,-2.99568438,-3.75901526,-3.88091548,False
2023-08-21,DIA,-0.10721482,-0.12865660,1.04950834,-1.83547885,-2.39452766,-3.88091548,False
2023-08-21,IWN,-0.46544492,-0.16703000,1.42983486,-2.51388041,-3.17631142,-3.88091548,False
2023-08-28,SPY,0.63214163,-0.06208917,1.25373487,-2.13333546,-2.65082030,-1.71700813,False
2023-08-28,QQQ,0.74988808,-0.03718384,1.65692724,-2.67809920,-3.46646091,-1.71700813,False
2023-08-28,DIA,0.61845981,-0.07869348,1.04963134,-1.81947504,-2.23896616,-1.71700813,False
2023-08-28,IWN,1.01775230,-0.12803369,1.40696536,-2.47301260,-3.14988560,-1.71700813,False
2023-09-05,SPY,-0.43312826,-0.01549419,1.25927934,-2.11412143,-2.60631700,-5.16708084,False
2023-09-05,QQQ,0.12704657,0.00525560,1.68245401,-2.76661838,-3.51564184,-5.16708084,False
2023-09-05,DIA,-0.56344680,0.00443788,1.05866757,-1.68031929,-2.14472787,-5.16708084,False
2023-09-05,IWN,-2.35663780,-0.09658696,1.39843828,-2.43703524,-2.98900997,-5.16708084,False
2023-09-12,SPY,-0.55006882,0.05815877,1.31732301,-2.06937521,-2.63853092,-2.60040890,False
2023-09-12,QQQ,-1.11502902,0.05706369,1.76219965,-2.86307761,-3.58243902,-2.60040890,False
2023-09-12,DIA,-0.05116166,0.01558728,1.09475898,-1.77039146,-2.21552950,-2.60040890,False
2023-09-12,IWN,0.14199684,0.08851904,1.47375053,-2.15111541,-2.93071247,-2.60040890,False
2023-09-19,SPY,-0.20759139,0.09945959,1.26843053,-1.93636684,-2.47785411,-1.22623189,False
2023-09-19,QQQ,-0.21335229,0.12566327,1.68146855,-2.73139345,-3.30729808,-1.22623189,False
2023-09-19,DIA,-0.30826426,0.05322470,1.06016136,-1.68238971,-2.10747374,-1.22623189,False
2023-09-19,IWN,-0.27199250,0.08929635,1.38532904,-2.23746340,-2.64348337,-1.22623189,False
2023-09-26,SPY,-1.48003389,0.08273869,1.28372475,-2.09567492,-2.55247078,-2.82050343,False
2023-09-26,QQQ,-1.51301063,0.05517892,1.71403745,-2.74616673,-3.43196363,-2.82050343,False
2023-09-26,DIA,-1.14750432,0.08840077,1.05687573,-1.64606277,-2.05961554,-2.82050343,False
2023-09-26,IWN,-1.48959820,0.06355096,1.42719133,-2.29750786,-2.83010251,-2.82050343,False
2023-10-03,SPY,-1.34764156,-0.16933253,1.25252486,-2.22951388,-2.77798015,-2.45806939,False
2023-10-03,QQQ,-1.77055756,-0.06798200,1.67623697,-2.83026215,-3.55218951,-2.45806939,False
2023-10-03,DIA,-1.29742247,-0.21758449,1.03521354,-1.95549715,-2.33612440,-2.45806939,False
2023-10-03,IWN,-1.56742693,-0.28883228,1.41199670,-2.62593277,-3.24112096,-2.45806939,False
2023-10-10,SPY,0.51913031,0.01520395,1.22719401,-2.01056117,-2.55258193,-1.63912259,False
2023-10-10,QQQ,0.55227646,0.00080355,1.66761494,-2.82962914,-3.57879134,-1.63912259,False
2023-10-10,DIA,0.39988798,0.01032478,1.00513827,-1.68355240,-2.05765256,-1.63912259,False
2023-10-10,IWN,1.06105130,-0.04208380,1.37319775,-2.45314304,-3.01096477,-1.63912259,False
2023-10-17,SPY,-0.00459322,0.15517816,1.22989559,-1.86304189,-2.32959025,-2.68074831,False
2023-10-17,QQQ,-0.32807742,0.06731758,1.64730300,-2.69930601,-3.27365287,-2.68074831,False
2023-10-17,DIA,0.03856893,0.17181922,1.02626927,-1.48469924,-1.90337280,-2.68074831,False
2023-10-17,IWN,1.21721841,0.20885828,1.41210742,-2.13908740,-2.63536070,-2.68074831,False
2023-10-24,SPY,0.75110024,0.15335553,1.20919110,-1.83195665,-2.30685445,-1.40879722,False
2023-10-24,QQQ,0.96811569,0.20724648,1.60683856,-2.29365279,-3.08659573,-1.40879722,False
2023-10-24,DIA,0.62039199,0.07953311,1.00303473,-1.53556132,-1.98053149,-1.40879722,False
2023-10-24,IWN,0.44685543,0.09846380,1.38993160,-2.13894928,-2.76921759,-1.40879722,False
2023-10-31,SPY,0.62605069,-0.41012370,1.23176861,-2.36756841,-2.88503107,-2.64567035,False
2023-10-31,QQQ,0.47709534,-0.53423969,1.61574462,-3.14752900,-3.88024648,-2.64567035,False
2023-10-31,DIA,0.37558869,-0.28721496,1.02894919,-1.86608309,-2.33239002,-2.64567035,False
2023-10-31,IWN,0.75639564,-0.57811438,1.42517113,-2.81360947,-3.33217936,-2.64567035,False
2023-11-07,SPY,0.28419570,-0.01789079,1.21382931,-2.02740202,-2.52583371,-2.82104815,False
2023-11-07,QQQ,0.94081687,0.04126136,1.57887695,-2.62280728,-3.26567689,-2.82104815,False
2023-11-07,DIA,0.16627485,-0.03171930,1.02567327,-1.69542000,-2.12191633,-2.82104815,False
2023-11-07,IWN,-0.80783211,-0.04532956,1.38261630,-2.34051949,-2.87902214,-2.82104815,False
2023-11-14,SPY,1.92149379,-0.05002506,1.27153512,-2.10311509,-2.63649255,-18.34462286,False
2023-11-14,QQQ,2.12979739,-0.04889437,1.66958156,-2.78430312,-3.51990878,-18.34462286,False
2023-11-14,DIA,1.41642204,-0.04464891,1.06074529,-1.69855721,-2.16046405,-18.34462286,False
2023-11-14,IWN,5.49560877,-0.10187864,1.42742535,-2.44607695,-2.99304671,-18.34462286,False
2023-11-21,SPY,-0.21817082,-0.16445505,1.19064435,-2.12380787,-2.70178763,-3.81812214,False
2023-11-21,QQQ,-0.58263949,-0.14437978,1.58043160,-2.77614927,-3.47413236,-3.81812214,False
2023-11-21,DIA,-0.17867487,-0.13963120,0.99817602,-1.82346903,-2.21810644,-3.81812214,False
2023-11-21,IWN,-1.31318126,-0.28563793,1.38216587,-2.60498922,-3.16830348,-3.81812214,False
2023-11-29,SPY,-0.07036328,0.01808776,1.23891475,-2.03845145,-2.52180625,-1.81215337,False
2023-11-29,QQQ,-0.09743662,0.02544851,1.61895209,-2.59202964,-3.35057112,-1.81215337,False
2023-11-29,DIA,0.03794070,0.00956613,1.03191678,-1.69037216,-2.13305690,-1.81215337,False
2023-11-29,IWN,0.55032354,0.01505003,1.48260802,-2.34215783,-2.94861844,-1.81215337,False
2023-12-06,SPY,-0.40379918,0.19755893,1.14652610,-1.72724115,-2.12076493,-1.55566982,False
2023-12-06,QQQ,-0.58006305,0.27560708,1.51632948,-2.29491742,-2.90083666,-1.55566982,False
2023-12-06,DIA,-0.19432254,0.12925504,0.95311172,-1.44743843,-1.83063631,-1.55566982,False
2023-12-06,IWN,-0.18906444,0.05504781,1.43532403,-2.37785699,-2.91184445,-1.55566982,False
2023-12-13,SPY,1.36959458,0.17284487,1.14746198,-1.72680130,-2.32124755,-7.00801167,False
2023-12-13,QQQ,1.26371108,0.18993131,1.49507541,-2.24435296,-3.07592744,-7.00801167,False
2023-12-13,DIA,1.39085358,0.15039209,0.96843041,-1.46740842,-1.91636635,-7.00801167,False
2023-12-13,IWN,3.84298071,0.20322719,1.43254741,-2.15333874,-2.79171527,-7.00801167,False
2023-12-20,SPY,-1.39542490,-0.27213860,1.12720479,-2.15574141,-2.62843386,-1.84102934,False
2023-12-20,QQQ,-1.49711873,-0.30898911,1.48139752,-2.83875918,-3.34219764,-1.84102934,False
2023-12-20,DIA,-1.27525981,-0.19760563,0.95024886,-1.74282477,-2.20345405,-1.84102934,False
2023-12-20,IWN,-1.76326042,-0.32769904,1.41523678,-2.55668255,-3.33741441,-1.84102934,False
2023-12-28,SPY,0.03776203,0.08946238,1.15275904,-1.71730649,-2.13845167,-1.31689820,False
2023-12-28,QQQ,-0.04860893,0.11840625,1.52613422,-2.32755735,-2.93442420,-1.31689820,False
2023-12-28,DIA,0.14218499,0.08661567,0.95109342,-1.42931706,-1.77536552,-1.31689820,False
2023-12-28,IWN,-0.30387593,0.05094558,1.43031937,-2.30888426,-2.78634444,-1.31689820,False
2024-01-05,SPY,0.13686459,-0.01473882,1.07571708,-1.76906663,-2.25512791,-1.29708329,False
2024-01-05,QQQ,0.11853049,-0.06015815,1.40069439,-2.34044809,-3.02211723,-1.29708329,False
2024-01-05,DIA,0.06880583,-0.00064281,0.92591411,-1.53356206,-1.91081312,-1.29708329,False
2024-01-05,IWN,-0.22610113,0.04333628,1.35508676,-2.24451976,-2.71852576,-1.29708329,False
2024-01-12,SPY,0.06925178,0.03899025,1.10096058,-1.77493320,-2.22761419,-2.73812165,False
2024-01-12,QQQ,0.05128339,0.04166692,1.44018764,-2.24327978,-3.02699733,-2.73812165,False
2024-01-12,DIA,-0.31350286,0.01513804,0.92406015,-1.45185045,-1.85651706,-2.73812165,False
2024-01-12,IWN,-0.10711701,0.03801418,1.39347995,-2.20666207,-2.76694848,-2.73812165,False
2024-01-22,SPY,0.21120696,0.06557939,1.08500663,-1.66007609,-2.30055921,-4.79911974,False
2024-01-22,QQQ,0.13049807,0.09429073,1.43359283,-2.21302542,-2.99363037,-4.79911974,False
2024-01-22,DIA,0.36382796,0.05145997,0.90764250,-1.48082924,-1.90339859,-4.79911974,False
2024-01-22,IWN,2.02835320,0.01522649,1.33485664,-2.20816878,-2.72604119,-4.79911974,False
2024-01-29,SPY,0.78882436,-0.09407697,0.98795671,-1.70302697,-2.15623430,-1.58260923,False
2024-01-29,QQQ,1.01884094,-0.11953243,1.31538416,-2.40929756,-2.97876679,-1.58260923,False
2024-01-29,DIA,0.58611251,-0.06890041,0.85110685,-1.44552142,-1.79689036,-1.58260923,False
2024-01-29,IWN,1.28754527,-0.11509824,1.31951039,-2.32362628,-2.80514654,-1.58260923,False
2024-02-05,SPY,-0.36477833,-0.06627666,1.04674619,-1.79282214,-2.15785543,-2.80706683,False
2024-02-05,QQQ,-0.13061738,-0.02833649,1.37882045,-2.42442809,-2.84604852,-2.80706683,False
2024-02-05,DIA,-0.71215109,-0.13308712,0.89206939,-1.58601354,-1.90934063,-2.80706683,False
2024-02-05,IWN,-1.51555187,-0.04878155,1.31893138,-2.16445767,-2.77768347,-2.80706683,False
2024-02-12,SPY,-0.04390364,0.19137206,1.06573848,-1.62706075,-2.08147921,-5.15448095,False
2024-02-12,QQQ,-0.39202776,0.36538719,1.42881655,-2.05145748,-2.64125889,-5.15448095,False
2024-02-12,DIA,0.32449108,0.12029227,0.88434216,-1.37318854,-1.74074953,-5.15448095,False
2024-02-12,IWN,2.00856653,0.07954741,1.41235222,-2.27270037,-2.94781201,-5.15448095,False
2024-02-20,SPY,-0.55206535,0.08912663,1.04761664,-1.65344033,-2.01881542,-1.97485460,False
2024-02-20,QQQ,-0.75767710,0.16613030,1.40298602,-2.10847679,-2.69966006,-1.97485460,False
2024-02-20,DIA,-0.16631306,0.07471470,0.87470911,-1.35021161,-1.65091597,-1.97485460,False
2024-02-20,IWN,-1.19532258,-0.06443764,1.35857539,-2.39141012,-2.90391259,-1.97485460,False
2024-02-27,SPY,0.18559352,0.01332703,1.04701955,-1.67950571,-2.09994450,-3.37524054,False
2024-02-27,QQQ,0.24024269,0.01345943,1.40877305,-2.27252868,-2.87174043,-3.37524054,False
2024-02-27,DIA,-0.24812408,0.02959543,0.88693709,-1.36558273,-1.73524613,-3.37524054,False
2024-02-27,IWN,1.00707724,-0.01309563,1.38521963,-2.28798081,-2.84693070,-3.37524054,False
2024-03-05,SPY,-1.00444670,-0.18024604,1.05596177,-1.95403913,-2.34836777,-5.53122030,False
2024-03-05,QQQ,-1.81126161,-0.12925335,1.39534488,-2.51958598,-2.97327797,-5.53122030,False
2024-03-05,DIA,-1.04323188,-0.18990281,0.87371249,-1.67961432,-2.02362912,-5.53122030,False
2024-03-05,IWN,-0.23541483,-0.34601113,1.42508804,-2.77475857,-3.26673118,-5.53122030,False
2024-03-12,SPY,1.06998330,0.18833541,1.01338205,-1.47179427,-1.91805260,-3.89609195,False
2024-03-12,QQQ,1.42332847,0.21924700,1.35332306,-1.97000634,-2.54546220,-3.89609195,False
2024-03-12,DIA,0.60644235,0.15573222,0.85132401,-1.31934963,-1.67531219,-3.89609195,False
2024-03-12,IWN,-0.45546676,0.10610834,1.35543468,-2.17946646,-2.70027186,-3.89609195,False
2024-03-19,SPY,0.55416861,0.08499012,1.01571798,-1.54403879,-1.93970951,-1.98493514,False
2024-03-19,QQQ,0.24884139,0.14624224,1.32232001,-2.08830213,-2.57731612,-1.98493514,False
2024-03-19,DIA,0.82240542,0.02822447,0.87226481,-1.29487034,-1.66350438,-1.98493514,False
2024-03-19,IWN,0.83842097,-0.02671893,1.37984622,-2.24717308,-2.76026842,-1.98493514,False
2024-03-26,SPY,-0.18487116,-0.11906772,1.02246407,-1.85114265,-2.26794970,-1.19684795,False
2024-03-26,QQQ,-0.32428745,-0.11704606,1.34850313,-2.30466771,-2.92494196,-1.19684795,False
2024-03-26,DIA,-0.07967330,-0.10231265,0.86569735,-1.55043710,-1.89938018,-1.19684795,False
2024-03-26,IWN,-0.37583450,-0.17843603,1.38815907,-2.50536001,-3.07341824,-1.19684795,False
2024-04-03,SPY,0.10980754,0.01176178,1.02436654,-1.67537341,-2.12501874,-1.52828209,False
2024-04-03,QQQ,0.22418773,0.04476298,1.36376058,-2.15796401,-2.77770976,-1.52828209,False
2024-04-03,DIA,-0.11009309,-0.04553490,0.85904165,-1.49721960,-1.85231154,-1.52828209,False
2024-04-03,IWN,0.64554148,-0.02209471,1.41131652,-2.35455918,-3.03859353,-1.52828209,False
2024-04-10,SPY,-1.00635138,-0.03612003,1.01889415,-1.66272450,-2.14435623,-4.61476590,False
2024-04-10,QQQ,-0.87668153,-0.00049239,1.35704160,-2.19611131,-2.84839681,-4.61476590,False
2024-04-10,DIA,-1.09163672,-0.04260261,0.84879591,-1.37611454,-1.74670800,-4.61476590,False
2024-04-10,IWN,-3.16869128,-0.13396299,1.36504160,-2.44463983,-2.97562557,-4.61476590,True
2024-04-17,SPY,-0.59359109,0.32752389,0.95582582,-1.24879823,-1.72951025,-2.37242423,False
2024-04-17,QQQ,-1.22763940,0.36724065,1.26900394,-1.74201058,-2.32074513,-2.37242423,False
2024-04-17,DIA,-0.12086996,0.27687247,0.82450026,-1.10362932,-1.48664650,-2.37242423,False
2024-04-17,IWN,-0.86591681,0.27204434,1.34785982,-1.92338407,-2.56651833,-2.37242423,False
2024-04-24,SPY,-0.04746941,-0.03301958,0.98455988,-1.65335943,-2.03902816,-1.53011269,False
2024-04-24,QQQ,0.33818693,0.00240130,1.32432333,-2.18908383,-2.67990983,-1.53011269,False
2024-04-24,DIA,-0.11114200,-0.04340691,0.81924641,-1.41360710,-1.71947806,-1.53011269,False
2024-04-24,IWN,-0.30360672,-0.06184260,1.34512899,-2.23905773,-2.82947751,-1.53011269,False
2024-05-01,SPY,-0.32524158,0.13482225,0.95523850,-1.42553773,-1.86541199,-2.60631596,False
2024-05-01,QQQ,-0.72568532,0.19199296,1.29367883,-1.90500915,-2.48668175,-2.60631596,False
2024-05-01,DIA,0.23077377,0.09986406,0.80022644,-1.21157316,-1.55653792,-2.60631596,False
2024-05-01,IWN,0.52198244,0.14125306,1.31055708,-1.98055108,-2.57423699,-2.60631596,False
2024-05-08,SPY,0.00966853,-0.16879402,0.92616461,-1.72721079,-2.08588675,-2.36803300,False
2024-05-08,QQQ,-0.05906692,-0.17665674,1.25415144,-2.27797861,-2.75911708,-2.36803300,False
2024-05-08,DIA,0.44169578,-0.14102793,0.76358250,-1.41321575,-1.73436409,-2.36803300,False
2024-05-08,IWN,-0.16720644,-0.27899103,1.30722801,-2.41807082,-2.89339393,-2.36803300,False
2024-05-15,SPY,1.23068270,0.01887769,0.91588401,-1.44638331,-1.85578484,-2.21685569,False
2024-05-15,QQQ,1.55093766,0.07925816,1.26202612,-1.91479751,-2.50303380,-2.21685569,False
2024-05-15,DIA,0.88060750,-0.00969883,0.74803835,-1.22248176,-1.48884921,-2.21685569,False
2024-05-15,IWN,0.70720624,-0.08778530,1.27948017,-2.05942672,-2.57946778,-2.21685569,False
2024-05-22,SPY,-0.28835407,-0.06564697,0.90492097,-1.53162455,-1.95778020,-1.31607513,False
2024-05-22,QQQ,-0.01975048,-0.05870480,1.22851208,-2.12164327,-2.68911699,-1.31607513,False
2024-05-22,DIA,-0.50777018,-0.06642994,0.76834020,-1.34240501,-1.63133443,-1.31607513,False
2024-05-22,IWN,-0.85107287,-0.26799937,1.25433984,-2.43959274,-2.97621672,-1.31607513,False
2024-05-30,SPY,-0.66557987,-0.11983964,0.88090443,-1.57801220,-1.96130247,-6.42747973,False
2024-05-30,QQQ,-1.07711388,-0.09682502,1.24019924,-2.13872762,-2.72115730,-6.42747973,False
2024-05-30,DIA,-0.86230967,-0.15538831,0.74515717,-1.37109056,-1.66058021,-6.42747973,False
2024-05-30,IWN,1.24735902,-0.27010428,1.24453851,-2.31587030,-2.78962759,-6.42747973,False
2024-06-06,SPY,-0.00187764,0.30653472,0.83664035,-1.07717415,-1.46075382,-1.91532842,False
2024-06-06,QQQ,-0.03452386,0.37038670,1.16175032,-1.58363917,-2.00968097,-1.91532842,False
2024-06-06,DIA,0.20295141,0.23515762,0.71724266,-0.91046707,-1.23386239,-1.91532842,False
2024-06-06,IWN,-0.55226316,0.63062474,1.23526969,-1.40871469,-1.95285936,-1.91532842,False
2024-06-13,SPY,0.20113232,-0.05079144,0.81948252,-1.37498499,-1.65763400,-2.40231810,False
2024-06-13,QQQ,0.54056001,0.02951843,1.14599539,-1.84745771,-2.26933969,-2.40231810,False
2024-06-13,DIA,-0.16833143,-0.11049524,0.69329382,-1.21883886,-1.49031574,-2.40231810,False
2024-06-13,IWN,-1.05988348,-0.02371176,1.22796266,-2.01129400,-2.50121061,-2.40231810,False
2024-06-21,SPY,-0.13414876,-0.00581304,0.79745871,-1.34112583,-1.63156597,-1.21474923,False
2024-06-21,QQQ,-0.26828877,-0.08603489,1.09122449,-1.90581035,-2.33703992,-1.21474923,False
2024-06-21,DIA,0.03977769,0.03470547,0.71784431,-1.17066305,-1.45205055,-1.21474923,False
2024-06-21,IWN,0.15361910,-0.23064510,1.28867131,-2.27932042,-2.82601351,-1.21474923,False
2024-06-28,SPY,-0.39427908,0.03799174,0.83193615,-1.35637271,-1.65787147,-3.21315376,False
2024-06-28,QQQ,-0.52044774,0.09189460,1.14080393,-1.85370535,-2.20649802,-3.21315376,False
2024-06-28,DIA,-0.11547859,-0.00239456,0.70670193,-1.17209673,-1.47560480,-3.21315376,False
2024-06-28,IWN,0.95000108,-0.03622909,1.24816220,-2.12066673,-2.65838841,-3.21315376,False
2024-07-08,SPY,0.11532086,0.06291720,0.77527931,-1.23027112,-1.54347487,-1.23880210,False
2024-07-08,QQQ,0.23754509,0.09616818,1.05636568,-1.62423525,-2.10329144,-1.23880210,False
2024-07-08,DIA,-0.07896276,-0.04012659,0.67180845,-1.17436271,-1.43344084,-1.23880210,False
2024-07-08,IWN,0.73041558,0.07602897,1.24837770,-1.89769237,-2.37682945,-1.23880210,False
2024-07-15,SPY,0.27463051,0.27419866,0.76394830,-0.99788766,-1.26537761,-4.17585124,False
2024-07-15,QQQ,0.26843034,0.51905983,1.05170984,-1.26735888,-1.66365909,-4.17585124,False
2024-07-15,DIA,0.52565416,0.13030207,0.68066984,-1.01972562,-1.22891361,-4.17585124,False
2024-07-15,IWN,1.79671318,-0.26721479,1.25323490,-2.35837504,-2.87866158,-4.17585124,False
2024-07-22,SPY,1.02571488,0.00152950,0.78155351,-1.23166692,-1.62750125,-3.07733765,False
2024-07-22,QQQ,1.47878244,0.04451337,1.07509937,-1.72168324,-2.23065937,-3.07733765,False
2024-07-22,DIA,0.31698984,-0.07348163,0.70681297,-1.20765421,-1.50671700,-3.07733765,False
2024-07-22,IWN,1.47606571,-0.10567233,1.27562079,-2.18981278,-2.74773334,-3.07733765,False
2024-07-29,SPY,0.05876320,0.27001224,0.75153332,-0.95901376,-1.29027214,-1.84690775,False
2024-07-29,QQQ,0.20067610,0.36658390,1.05104882,-1.31260204,-1.72981141,-1.84690775,False
2024-07-29,DIA,-0.12180562,0.26621942,0.66772677,-0.78586048,-1.11063477,-1.84690775,False
2024-07-29,IWN,-1.10329580,0.16272524,1.21942597,-1.86379046,-2.37063905,-1.84690775,False
2024-08-05,SPY,-2.95561673,0.29164076,0.76383340,-1.01252493,-1.30338745,-12.12549061,True
2024-08-05,QQQ,-3.02696825,0.37076585,1.08067222,-1.45981117,-1.93061142,-12.12549061,True
2024-08-05,DIA,-2.63651940,0.09063750,0.65880372,-0.98359858,-1.29112204,-12.12549061,True
2024-08-05,IWN,-3.67375192,0.31749406,1.25414815,-1.78336847,-2.26802215,-12.12549061,True
2024-08-12,SPY,0.05251952,-0.07675897,0.77910411,-1.33997195,-1.65564590,-2.27849525,False
2024-08-12,QQQ,0.21513568,-0.08254688,1.09562577,-1.85370958,-2.32448455,-2.27849525,False
2024-08-12,DIA,-0.35642876,-0.09157572,0.68247183,-1.17348607,-1.46616233,-2.27849525,False
2024-08-12,IWN,-1.10207727,-0.13758507,1.31394263,-2.18827929,-2.77158925,-2.27849525,False
2024-08-19,SPY,0.95160135,0.01079224,0.78614197,-1.25758043,-1.56517006,-1.87561248,False
2024-08-19,QQQ,1.30505335,0.04810259,1.09191062,-1.74620015,-2.17269442,-1.87561248,False
2024-08-19,DIA,0.58063128,0.03630372,0.70182802,-1.11226614,-1.37398898,-1.87561248,False
2024-08-19,IWN,1.13252015,-0.13843365,1.28008605,-2.17645561,-2.75093024,-1.87561248,False
2024-08-26,SPY,-0.23866534,0.09274677,0.78722010,-1.23585450,-1.55758507,-2.31417680,False
2024-08-26,QQQ,-0.97557474,0.09437304,1.09570123,-1.78670475,-2.23075489,-2.31417680,False
2024-08-26,DIA,0.15880492,0.12626200,0.69476357,-1.05360130,-1.30630759,-2.31417680,False
2024-08-26,IWN,0.13120747,0.11251557,1.30692861,-1.99118106,-2.49904130,-2.31417680,False
2024-09-03,SPY,-2.07936964,0.30391547,0.75767405,-0.92189906,-1.26620431,-6.99982048,True
2024-09-03,QQQ,-3.08313306,0.38372726,1.05562610,-1.32431277,-1.79534018,-6.99982048,True
2024-09-03,DIA,-1.51796836,0.23403146,0.66526119,-0.89724033,-1.18374696,-6.99982048,True
2024-09-03,IWN,-2.75015831,0.27295127,1.29737541,-1.91394477,-2.48128478,-6.99982048,True
2024-09-10,SPY,0.43462610,0.24651922,0.81717666,-1.10699276,-1.45430303,-1.97190636,False
2024-09-10,QQQ,0.91992449,0.25036922,1.13539900,-1.56289300,-2.08974889,-1.97190636,False
2024-09-10,DIA,-0.22712752,0.12004183,0.70166218,-1.04461978,-1.33847812,-1.97190636,False
2024-09-10,IWN,0.00628557,0.24061585,1.30636209,-1.86853975,-2.42010000,-1.97190636,False
2024-09-17,SPY,0.04086073,0.02853027,0.82452032,-1.28978957,-1.60853397,-1.71250404,False
2024-09-17,QQQ,0.05281373,0.04537301,1.14226529,-1.77449192,-2.18581047,-1.71250404,False
2024-09-17,DIA,-0.03820818,0.06602034,0.70413383,-1.12909937,-1.39393252,-1.71250404,False
2024-09-17,IWN,0.73881521,-0.20479485,1.29650875,-2.38106724,-2.97387575,-1.71250404,False
2024-09-24,SPY,0.28572140,0.10323954,0.79482363,-1.18975623,-1.44710081,-1.12157130,False
2024-09-24,QQQ,0.48120279,0.08130244,1.12675235,-1.76408901,-2.13547394,-1.12157130,False
2024-09-24,DIA,0.19819088,0.07476269,0.68492146,-1.03561702,-1.30356735,-1.12157130,False
2024-09-24,IWN,0.01193590,0.17799781,1.27870231,-1.92685210,-2.48022115,-1.12157130,False
2024-10-01,SPY,-0.89988538,0.09870485,0.80179763,-1.19377183,-1.57744784,-2.49914261,False
2024-10-01,QQQ,-1.40304050,0.13116792,1.11415916,-1.68181071,-2.11205828,-2.49914261,False
2024-10-01,DIA,-0.40995655,0.03934923,0.70623249,-1.16036939,-1.45399350,-2.49914261,False
2024-10-01,IWN,-1.47345678,-0.00173519,1.29968558,-2.14982410,-2.69942471,-2.49914261,False
2024-10-08,SPY,0.94130643,0.02592361,0.80952467,-1.28056470,-1.54830545,-2.84275125,False
2024-10-08,QQQ,1.48242010,0.07937807,1.13581056,-1.71165835,-2.09700051,-2.84275125,False
2024-10-08,DIA,0.30018607,0.04497639,0.68589986,-1.05609548,-1.31535354,-2.84275125,False
2024-10-08,IWN,-0.25058598,-0.12598416,1.29773261,-2.25735872,-2.69571238,-2.84275125,False
2024-10-15,SPY,-0.78000747,0.05979816,0.78356926,-1.21154957,-1.61935434,-3.58603498,False
2024-10-15,QQQ,-1.34569259,0.06051589,1.09727433,-1.88823220,-2.29381012,-3.58603498,False
2024-10-15,DIA,-0.75706341,0.03698435,0.67570082,-1.11164938,-1.38311062,-3.58603498,False
2024-10-15,IWN,0.17908358,-0.05620200,1.24477183,-1.99725456,-2.46641340,-3.58603498,False
2024-10-22,SPY,-0.05313213,0.09048495,0.73613317,-1.10492612,-1.35280056,-1.38005442,False
2024-10-22,QQQ,0.10893944,0.15467521,1.03358095,-1.51654603,-1.89867520,-1.38005442,False
2024-10-22,DIA,-0.01563073,-0.05216571,0.66587195,-1.13408872,-1.39603408,-1.38005442,False
2024-10-22,IWN,-0.29431203,-0.01324069,1.29095617,-2.12772492,-2.71287080,-1.38005442,False
2024-10-29,SPY,0.16170891,0.16247082,0.77616886,-1.15627242,-1.44074337,-2.97462909,False
2024-10-29,QQQ,0.95625539,0.17257795,1.08933590,-1.64552541,-2.09650553,-2.97462909,False
2024-10-29,DIA,-0.36520690,0.17906392,0.67334977,-0.92366745,-1.17171389,-2.97462909,False
2024-10-29,IWN,-0.44279822,0.16207185,1.28812721,-1.92069628,-2.42988675,-2.97462909,False
2024-11-05,SPY,1.20193070,0.13489975,0.75875764,-1.06154526,-1.40589222,-2.18887230,False
2024-11-05,QQQ,1.26762893,0.15831784,1.06871300,-1.51442523,-2.01567974,-2.18887230,False
2024-11-05,DIA,1.01714255,0.12403234,0.66675561,-0.96319086,-1.28073398,-2.18887230,False
2024-11-05,IWN,1.85439595,0.14924430,1.22893048,-2.03212121,-2.38745241,-2.18887230,False
2024-11-12,SPY,-0.31112751,0.09154047,0.74530443,-1.10121159,-1.42998049,-3.72069481,False
2024-11-12,QQQ,-0.18114928,0.10562794,1.05375711,-1.63897811,-2.04666000,-3.72069481,False
2024-11-12,DIA,-0.86651833,0.11823834,0.66974266,-0.99490239,-1.25486838,-3.72069481,False
2024-11-12,IWN,-1.77489911,0.04679876,1.30997316,-2.06068473,-2.59165397,-3.72069481,False
2024-11-19,SPY,0.36487727,0.05522153,0.78542593,-1.22687385,-1.59175516,-2.22289622,False
2024-11-19,QQQ,0.68562103,0.01921507,1.14345238,-1.80316227,-2.42831769,-2.22289622,False
2024-11-19,DIA,-0.27847245,0.01929986,0.66448920,-1.06428095,-1.37255333,-2.22289622,False
2024-11-19,IWN,0.10991602,0.07414582,1.26578835,-1.96945488,-2.55072416,-2.22289622,False
2024-11-26,SPY,0.52078275,0.22210293,0.76678902,-1.06472066,-1.33930872,-2.98553865,False
2024-11-26,QQQ,0.53548240,0.22938675,1.08397469,-1.54622193,-1.94689093,-2.98553865,False
2024-11-26,DIA,0.27621515,0.26451685,0.67109536,-0.82508299,-1.08777440,-2.98553865,False
2024-11-26,IWN,-0.88618123,0.18105715,1.29523436,-1.94240616,-2.49498527,-2.98553865,False
2024-12-04,SPY,0.61902545,0.15917849,0.73463256,-1.03944349,-1.37384779,-3.42066393,False
2024-12-04,QQQ,1.22870411,0.27722089,1.04623938,-1.38528416,-1.90878913,-3.42066393,False
2024-12-04,DIA,0.68772335,0.05739215,0.66511058,-1.07947321,-1.35942691,-3.42066393,False
2024-12-04,IWN,0.12857416,0.08594798,1.26492641,-2.01402853,-2.49565768,-3.42066393,False
2024-12-11,SPY,0.77009257,0.05850871,0.75710620,-1.16266406,-1.52470962,-4.18581441,False
2024-12-11,QQQ,1.77440044,0.08547758,1.07410014,-1.65365479,-2.12212531,-4.18581441,False
2024-12-11,DIA,-0.22460203,0.04091321,0.67905111,-1.04988328,-1.38573698,-4.18581441,False
2024-12-11,IWN,0.41777467,-0.03025041,1.33361849,-2.25868157,-2.84649627,-4.18581441,False
2024-12-18,SPY,-3.02567642,0.11415620,0.72889678,-1.11499547,-1.40366820,-10.90304366,True
2024-12-18,QQQ,-3.67437826,0.27953171,1.04201295,-1.53985491,-1.94386186,-10.90304366,True
2024-12-18,DIA,-2.61864412,0.00390393,0.65988111,-1.03891817,-1.28278197,-10.90304366,True
2024-12-18,IWN,-4.50594552,-0.05828568,1.23446625,-2.07927923,-2.62732718,-10.90304366,True
2024-12-26,SPY,0.00664538,0.17084670,0.76581833,-1.07150662,-1.38792703,-1.38526029,False
2024-12-26,QQQ,-0.06794791,0.20286516,1.11167324,-1.51648260,-1.98899524,-1.38526029,False
2024-12-26,DIA,0.06642591,0.11901497,0.67326549,-1.00355340,-1.23430597,-1.38526029,False
2024-12-26,IWN,0.83123771,0.19685853,1.29870695,-2.00871326,-2.45898392,-1.38526029,False
2025-01-03,SPY,1.24259047,0.04093309,0.74033723,-1.25380635,-1.57970072,-2.36344959,False
2025-01-03,QQQ,1.62327274,0.05588485,1.06681173,-1.71049097,-2.23117459,-2.36344959,False
2025-01-03,DIA,0.79850620,0.01441397,0.66818804,-1.11705328,-1.35211666,-2.36344959,False
2025-01-03,IWN,1.08607775,-0.03643588,1.29220995,-2.12817581,-2.66736861,-2.36344959,False
2025-01-13,SPY,0.15491455,-0.06211420,0.78857006,-1.29127044,-1.68940724,-3.36485590,False
2025-01-13,QQQ,-0.32190054,-0.09969679,1.11498920,-1.94112030,-2.40886763,-3.36485590,False
2025-01-13,DIA,0.85159314,-0.08842377,0.69913236,-1.19320585,-1.48184499,-3.36485590,False
2025-01-13,IWN,0.49890619,-0.15863178,1.28784288,-2.24706936,-2.75339148,-3.36485590,False
2025-01-21,SPY,0.91120443,0.10440360,0.76861753,-1.17932339,-1.49129432,-3.12313019,False
2025-01-21,QQQ,0.58478896,0.07028107,1.10377764,-1.73939218,-2.21140950,-3.12313019,False
2025-01-21,DIA,1.22949240,0.04472324,0.66907231,-1.07885122,-1.31494657,-3.12313019,False
2025-01-21,IWN,1.45683687,0.19148435,1.25252623,-1.81787144,-2.27541181,-3.12313019,False
2025-01-28,SPY,0.85556454,0.14721011,0.77365579,-1.12272831,-1.50146298,-2.60505850,False
2025-01-28,QQQ,1.46718197,0.17492511,1.09044138,-1.59987591,-2.11431571,-2.60505850,False
2025-01-28,DIA,0.30541337,0.24259286,0.69676984,-0.91766021,-1.20655254,-2.60505850,False
2025-01-28,IWN,-0.39811893,0.22675742,1.27482357,-1.81481081,-2.39395786,-2.60505850,False
2025-02-04,SPY,0.66857946,-0.02364867,0.75806077,-1.31622602,-1.57971418,-2.43660774,False
2025-02-04,QQQ,1.22006846,-0.01857813,1.08641761,-1.85695257,-2.22284053,-2.43660774,False
2025-02-04,DIA,0.30149065,-0.07247191,0.66217697,-1.20511236,-1.44143344,-2.43660774,False
2025-02-04,IWN,1.35884748,-0.00954351,1.27092100,-2.19316569,-2.58036292,-2.43660774,False
2025-02-11,SPY,0.07602598,0.08552440,0.76823853,-1.14135586,-1.46645611,-1.24074010,False
2025-02-11,QQQ,-0.23835173,0.07763428,1.08540090,-1.67703481,-2.06473345,-1.24074010,False
2025-02-11,DIA,0.27674480,0.03133245,0.68347106,-1.05613138,-1.39105286,-1.24074010,False
2025-02-11,IWN,0.17882283,0.09472650,1.24635820,-1.87505217,-2.45212171,-1.24074010,False
2025-02-19,SPY,0.23521774,0.03567230,0.76791048,-1.21570674,-1.53392477,-2.56796213,False
2025-02-19,QQQ,0.02780635,0.10247849,1.10574257,-1.69195215,-2.11632253,-2.56796213,False
2025-02-19,DIA,0.15978218,-0.00402843,0.68045648,-1.14845695,-1.42393460,-2.56796213,False
2025-02-19,IWN,-0.50671205,-0.03133786,1.24917029,-2.07052831,-2.62299262,-2.56796213,False
2025-02-26,SPY,0.05046969,0.15926800,0.81704061,-1.15452027,-1.45764789,-2.21986987,False
2025-02-26,QQQ,0.24127284,0.13329734,1.12797580,-1.68542814,-2.10776990,-2.21986987,False
2025-02-26,DIA,-0.43200700,0.20493625,0.72380631,-1.01443724,-1.27596382,-2.21986987,False
2025-02-26,IWN,-0.16727428,0.23961295,1.33465959,-1.95568894,-2.50338871,-2.21986987,False
2025-03-05,SPY,1.06905737,-0.10843351,0.79297787,-1.36530249,-1.64862578,-3.34688921,False
2025-03-05,QQQ,1.29518436,-0.18523321,1.13793056,-2.00888260,-2.47754137,-3.34688921,False
2025-03-05,DIA,1.13555234,-0.15403477,0.68881004,-1.27898768,-1.52303540,-3.34688921,False
2025-03-05,IWN,0.80753613,-0.23701973,1.25513859,-2.33720092,-2.81334253,-3.34688921,False
2025-03-12,SPY,0.52925422,-0.04607871,0.81444407,-1.37593764,-1.75880357,-2.54070600,False
2025-03-12,QQQ,1.12176031,-0.15279818,1.15199219,-2.02139011,-2.56967074,-2.54070600,False
2025-03-12,DIA,-0.19943375,-0.01489136,0.70703575,-1.21845457,-1.48575099,-2.54070600,False
2025-03-12,IWN,0.03965209,-0.11515804,1.29891489,-2.25293127,-2.79523268,-2.54070600,False
2025-03-19,SPY,1.08319857,0.06319142,0.81697696,-1.34012736,-1.66823468,-1.71066581,False
2025-03-19,QQQ,1.32926086,0.13134031,1.13922942,-1.81668463,-2.27007542,-1.71066581,False
2025-03-19,DIA,0.91763332,0.07395929,0.71955779,-1.10245862,-1.40598956,-1.71066581,False
2025-03-19,IWN,1.25272999,-0.09408465,1.27706860,-2.18577423,-2.70885441,-1.71066581,False
2025-03-26,SPY,-1.20100845,0.09133902,0.82377187,-1.29416952,-1.55411768,-3.72640280,False
2025-03-26,QQQ,-1.85720481,0.14253358,1.14585556,-1.75419279,-2.13161436,-3.72640280,True
2025-03-26,DIA,-0.31210380,0.02111403,0.70500424,-1.11903166,-1.38020390,-3.72640280,False
2025-03-26,IWN,-0.43894404,-0.10057521,1.28724016,-2.12150376,-2.67396989,-3.72640280,False
2025-04-02,SPY,0.63084447,0.15396666,0.83769136,-1.27713513,-1.57233076,-1.43450562,False
2025-04-02,QQQ,0.72720007,0.09535061,1.15222543,-1.84663727,-2.25909795,-1.43450562,False
2025-04-02,DIA,0.55894990,0.15877120,0.74119197,-1.09391326,-1.39890342,-1.43450562,False
2025-04-02,IWN,1.30308354,0.15283961,1.28600875,-2.01881461,-2.42233185,-1.43450562,False
2025-04-09,SPY,9.98628465,-0.06291044,0.91362088,-1.51327834,-1.94961647,-92.76240073,False
2025-04-09,QQQ,11.33561617,0.02262292,1.22399218,-1.96709517,-2.55668523,-92.76240073,False
2025-04-09,DIA,7.57603571,-0.16547741,0.79551866,-1.43474725,-1.78107398,-92.76240073,False
2025-04-09,IWN,7.28285505,-0.10708025,1.34244985,-2.16293158,-2.96395345,-92.76240073,False
2025-04-16,SPY,-2.24786983,0.24902639,1.03976585,-1.48952778,-1.97821949,-7.07753137,True
2025-04-16,QQQ,-3.06174394,0.24710996,1.35818935,-2.09019168,-2.63723127,-7.07753137,True
2025-04-16,DIA,-1.74813153,0.20361141,0.86836004,-1.25264051,-1.63792581,-7.07753137,True
2025-04-16,IWN,-0.41714907,0.09824373,1.38317047,-2.24238543,-2.88450339,-7.07753137,False
2025-04-24,SPY,2.08304435,0.05537519,1.07730193,-1.76906733,-2.22774429,-3.88427649,False
2025-04-24,QQQ,2.77485869,0.03232335,1.38874833,-2.26561483,-2.98612159,-3.88427649,False
2025-04-24,DIA,1.22167186,0.12778406,0.91492329,-1.47869174,-1.79244326,-3.88427649,False
2025-04-24,IWN,1.55764695,0.15021067,1.39586313,-2.13524458,-2.73197932,-3.88427649,False
2025-05-01,SPY,0.70619771,0.14833796,1.02331471,-1.48361583,-1.99837236,-2.30839367,False
2025-05-01,QQQ,1.29761833,0.14270098,1.31120492,-1.97689881,-2.57192611,-2.30839367,False
2025-05-01,DIA,0.20534917,0.12856790,0.87273308,-1.29681341,-1.64368690,-2.30839367,False
2025-05-01,IWN,0.54408912,0.12872219,1.37679789,-2.19817768,-2.85991959,-2.30839367,False
2025-05-08,SPY,0.69436593,0.25615002,1.06238737,-1.40958870,-1.91859626,-2.80267710,False
2025-05-08,QQQ,1.02719172,0.27719556,1.36831816,-1.91137075,-2.52714310,-2.80267710,False
2025-05-08,DIA,0.61705466,0.21749811,0.90959033,-1.31725846,-1.71724891,-2.80267710,False
2025-05-08,IWN,1.66355142,0.18486011,1.38188878,-2.09783096,-2.67182828,-2.80267710,False
2025-05-15,SPY,0.48725000,0.21138728,1.06730207,-1.63967402,-1.97380575,-2.31186357,False
2025-05-15,QQQ,0.10984074,0.28267970,1.36818714,-2.04132616,-2.55078907,-2.31186357,False
2025-05-15,DIA,0.64401723,0.11692997,0.91220409,-1.38925759,-1.70784739,-2.31186357,False
2025-05-15,IWN,0.76897558,-0.02844393,1.44280444,-2.31295528,-2.95525389,-2.31186357,False
2025-05-22,SPY,0.03945595,0.08545904,1.12233823,-1.76631605,-2.19666485,-1.81302193,False
2025-05-22,QQQ,0.18695130,0.08128587,1.44690053,-2.26391942,-2.86690414,-1.81302193,False
2025-05-22,DIA,-0.00322505,-0.08830334,0.94520134,-1.62983623,-2.03526849,-1.81302193,False
2025-05-22,IWN,-0.17391263,-0.13901978,1.41842693,-2.49813690,-3.11458503,-1.81302193,False
2025-05-30,SPY,-0.11191754,-0.02365571,1.04720933,-1.67130514,-2.07279094,-1.94054990,False
2025-05-30,QQQ,-0.15783310,-0.01899771,1.33582397,-2.09674423,-2.61262915,-1.94054990,False
2025-05-30,DIA,0.12863702,-0.03656896,0.91308625,-1.53277282,-1.84519933,-1.94054990,False
2025-05-30,IWN,-0.60809753,-0.02660691,1.36375809,-2.30484894,-2.84446785,-1.94054990,False
2025-06-06,SPY,1.02166161,0.23230626,1.08491928,-1.42906114,-1.96448579,-1.97541760,False
2025-06-06,QQQ,0.97279025,0.27758072,1.37267308,-1.99138516,-2.47825098,-1.97541760,False
2025-06-06,DIA,1.04165588,0.13493940,0.91266306,-1.34208208,-1.73336545,-1.97541760,False
2025-06-06,IWN,1.53848885,0.20651516,1.42296641,-2.11489392,-2.70483304,-1.97541760,False
2025-06-13,SPY,-1.12430206,-0.06904053,1.05027070,-1.67128515,-2.10689496,-5.97605174,False
2025-06-13,QQQ,-1.26343296,-0.06276912,1.33506800,-2.10117707,-2.69449280,-5.97605174,False
2025-06-13,DIA,-1.80789588,-0.06188444,0.90052908,-1.41825460,-1.82162161,-5.97605174,True
2025-06-13,IWN,-1.76320823,-0.01691701,1.39445983,-2.18797355,-2.81465969,-5.97605174,False
2025-06-23,SPY,0.98289861,0.18275052,1.06806605,-1.61222290,-1.92552976,-1.85820255,False
2025-06-23,QQQ,1.02302461,0.21475649,1.36224107,-1.97672038,-2.47615997,-1.85820255,False
2025-06-23,DIA,0.88446429,0.12619193,0.91252346,-1.34393542,-1.70532922,-1.85820255,False
2025-06-23,IWN,1.45807081,0.14686826,1.33380056,-1.98760052,-2.63789358,-1.85820255,False
2025-06-30,SPY,0.47697782,0.15375600,1.02415288,-1.52940746,-1.89294400,-1.96881472,False
2025-06-30,QQQ,0.64561489,0.22077072,1.29939240,-1.89524505,-2.42860984,-1.96881472,False
2025-06-30,DIA,0.62675063,0.12908467,0.88613676,-1.32559261,-1.66915895,-1.96881472,False
2025-06-30,IWN,0.04438876,0.07413259,1.36573055,-2.11525765,-2.71369512,-1.96881472,False
2025-07-08,SPY,-0.05479672,0.04673053,1.03056806,-1.63571575,-2.17708525,-2.84256008,False
2025-07-08,QQQ,0.05614570,0.03695664,1.33434033,-2.25994899,-2.85195092,-2.84256008,False
2025-07-08,DIA,-0.37361663,-0.01003131,0.88310536,-1.46155832,-1.89236375,-2.84256008,False
2025-07-08,IWN,0.91324905,0.00115642,1.33030941,-2.23783155,-2.75868870,-2.84256008,False
2025-07-15,SPY,-0.42824190,0.23965614,1.07164877,-1.52962271,-2.10351654,-4.50327072,False
2025-07-15,QQQ,0.09165018,0.26431091,1.34583352,-1.88293580,-2.68283194,-4.50327072,False
2025-07-15,DIA,-0.98632242,0.17149424,0.94105086,-1.36574796,-1.83886946,-4.50327072,False
2025-07-15,IWN,-2.46003747,0.18877417,1.34828051,-2.08107501,-2.58014370,-4.50327072,True
2025-07-22,SPY,0.01430663,0.14601510,1.04140789,-1.62127081,-2.00777678,-3.00610334,False
2025-07-22,QQQ,-0.51892237,0.15780646,1.34489520,-2.14531809,-2.59548320,-3.00610334,False
2025-07-22,DIA,0.40387101,0.07307111,0.89880682,-1.41161576,-1.81622370,-3.00610334,False
2025-07-22,IWN,1.47700333,0.04255392,1.36900132,-2.17820513,-2.75586156,-3.00610334,False
2025-07-29,SPY,-0.26411156,0.21047955,1.06735925,-1.50452536,-1.96970762,-1.59522938,False
2025-07-29,QQQ,-0.15501447,0.21630418,1.36637523,-2.04622188,-2.56456716,-1.59522938,False
2025-07-29,DIA,-0.45729093,0.11729842,0.91582230,-1.33731492,-1.76316069,-1.59522938,False
2025-07-29,IWN,-0.66732437,0.15219629,1.35797999,-2.12949045,-2.63805095,-1.59522938,False
2025-08-05,SPY,-0.50828355,0.03418614,1.09578273,-1.79676252,-2.19827864,-2.60137794,False
2025-08-05,QQQ,-0.68127500,0.05110175,1.39685193,-2.29543818,-2.78804705,-2.60137794,False
2025-08-05,DIA,-0.14022709,0.03417942,0.96287790,-1.55522508,-1.92510988,-2.60137794,False
2025-08-05,IWN,0.71688708,-0.00297913,1.38908767,-2.24305052,-2.87394772,-2.60137794,False
2025-08-12,SPY,1.05897804,0.05680336,1.07309734,-1.72554902,-2.16111382,-5.10375429,False
2025-08-12,QQQ,1.24904110,0.06327240,1.37387901,-2.22433572,-2.73106503,-5.10375429,False
2025-08-12,DIA,1.09353068,0.01500248,0.92074119,-1.51877708,-1.87462309,-5.10375429,False
2025-08-12,IWN,3.11559399,0.01322461,1.38321777,-2.23937326,-2.83280030,-5.10375429,False
2025-08-19,SPY,-0.54399632,0.12905432,1.07356830,-1.59072850,-2.10900926,-3.05630186,False
2025-08-19,QQQ,-1.36605247,0.12420305,1.37656196,-2.07954801,-2.77352632,-3.05630186,False
2025-08-19,DIA,0.02326511,0.08853953,0.93153529,-1.38625902,-1.74118758,-3.05630186,False
2025-08-19,IWN,-0.04188469,0.14998243,1.37675717,-2.06689601,-2.58833760,-3.05630186,False
2025-08-26,SPY,0.41782200,-0.21174763,1.08849825,-2.01384607,-2.51424095,-1.50153757,False
2025-08-26,QQQ,0.40072546,-0.28654676,1.36640003,-2.56941762,-3.21244397,-1.50153757,False
2025-08-26,DIA,0.29900616,-0.22905232,0.95735401,-1.80753505,-2.19170848,-1.50153757,False
2025-08-26,IWN,0.56204146,-0.34650362,1.35959583,-2.66638000,-3.18850424,-1.50153757,False
2025-09-03,SPY,0.54049668,0.12007091,1.09185698,-1.62321213,-2.06125047,-2.04662214,False
2025-09-03,QQQ,0.78366549,0.09737818,1.36767309,-2.17547257,-2.71424483,-2.04662214,False
2025-09-03,DIA,-0.05428023,0.04861162,0.95938469,-1.44864097,-1.92141485,-2.04662214,False
2025-09-03,IWN,-0.08088953,0.15084977,1.42760850,-2.12297200,-2.75348164,-2.04662214,False
2025-09-10,SPY,0.28867006,0.05097907,1.08911558,-1.78676770,-2.25105771,-7.00448507,False
2025-09-10,QQQ,0.03271898,0.12197997,1.41051215,-2.28892801,-2.94623725,-7.00448507,False
2025-09-10,DIA,-0.48336616,-0.02021254,0.93103000,-1.61549529,-1.93730252,-7.00448507,False
2025-09-10,IWN,-0.03433922,-0.08446146,1.36815967,-2.38461758,-2.85983368,-7.00448507,False
2025-09-17,SPY,-0.12432723,0.10785595,1.03703983,-1.59615375,-2.07285164,-3.77347116,False
2025-09-17,QQQ,-0.19979986,0.12838409,1.31335776,-2.02746014,-2.57438120,-3.77347116,False
2025-09-17,DIA,0.56751237,0.06015360,0.92251566,-1.42334148,-1.82224610,-3.77347116,False
2025-09-17,IWN,0.04570635,0.07972594,1.30070739,-2.08650962,-2.64265322,-3.77347116,False
2025-09-24,SPY,-0.31865260,0.31227892,1.05384062,-1.38952804,-1.83679933,-1.49031226,False
2025-09-24,QQQ,-0.35166679,0.35639714,1.33953911,-1.77462847,-2.37881036,-1.49031226,False
2025-09-24,DIA,-0.37115607,0.20744038,0.93105165,-1.36040628,-1.74045313,-1.49031226,False
2025-09-24,IWN,-0.27667306,0.26516611,1.32085664,-1.97415180,-2.45841517,-1.49031226,False
2025-10-01,SPY,0.34017003,-0.08878468,1.03251597,-1.71445613,-2.17319668,-1.50730576,False
2025-10-01,QQQ,0.47855965,-0.09712062,1.32835335,-2.20319655,-2.76945001,-1.50730576,False
2025-10-01,DIA,0.09308590,-0.04121375,0.91656661,-1.52098827,-1.85539762,-1.50730576,False
2025-10-01,IWN,0.41765700,-0.03643548,1.29742607,-2.08097917,-2.66524283,-1.50730576,False
2025-10-08,SPY,0.59453100,0.13861861,1.01596584,-1.65625442,-2.01621174,-2.31138216,False
2025-10-08,QQQ,1.13986557,0.22786352,1.29554676,-1.96835078,-2.45771917,-2.31138216,False
2025-10-08,DIA,-0.00257498,0.03440895,0.90215933,-1.50351360,-1.91311649,-2.31138216,False
2025-10-08,IWN,0.76213187,0.06269460,1.30764625,-2.04621218,-2.58725970,-2.31138216,False
2025-10-15,SPY,0.44297366,0.35905719,1.06106890,-1.41131600,-1.83011532,-2.34033387,False
2025-10-15,QQQ,0.70321126,0.39890403,1.34597136,-1.80069914,-2.36505071,-2.34033387,False
2025-10-15,DIA,-0.03707156,0.33359467,0.93047750,-1.19894003,-1.56694510,-2.34033387,False
2025-10-15,IWN,0.74374099,0.29110999,1.33377627,-1.84679161,-2.40125765,-2.34033387,False
2025-10-22,SPY,-0.52124773,0.23148131,1.09549234,-1.62942271,-2.00963004,-3.46911793,False
2025-10-22,QQQ,-0.96806957,0.31047243,1.36121509,-2.15851602,-2.54054846,-3.46911793,False
2025-10-22,DIA,-0.71503157,0.10810743,0.98386602,-1.46744699,-1.86745779,-3.46911793,False
2025-10-22,IWN,-0.91304611,0.02522801,1.40128553,-2.24133293,-2.79835271,-3.46911793,False
2025-10-29,SPY,0.04801649,0.30766122,1.09694395,-1.57406461,-1.97606338,-2.51989885,False
2025-10-29,QQQ,0.44928178,0.41818680,1.38267134,-1.92726921,-2.49322606,-2.51989885,False
2025-10-29,DIA,-0.15601277,0.17171545,0.96022299,-1.37484832,-1.79465939,-2.51989885,False
2025-10-29,IWN,-1.27830443,0.07047358,1.34671101,-2.08052903,-2.62898758,-2.51989885,False
2025-11-05,SPY,0.34594516,0.28530915,1.04025803,-1.39104928,-1.83368904,-2.50217414,False
2025-11-05,QQQ,0.64867540,0.42411346,1.31510458,-1.77063598,-2.21782097,-2.50217414,False
2025-11-05,DIA,0.47832505,0.16308962,0.91493004,-1.31232180,-1.69060315,-2.50217414,False
2025-11-05,IWN,1.19387464,0.30913369,1.31100936,-1.85753365,-2.35074180,-2.50217414,False
2025-11-12,SPY,0.05562416,0.52419416,1.06295541,-1.20238973,-1.59683065,-3.10449457,False
2025-11-12,QQQ,-0.07886646,0.70212902,1.34463277,-1.49084698,-2.00986013,-3.10449457,False
2025-11-12,DIA,0.67966690,0.41766999,0.93629786,-1.07391974,-1.45455382,-3.10449457,False
2025-11-12,IWN,-0.07876643,0.43803888,1.34343609,-1.68526944,-2.21127187,-3.10449457,False
2025-11-19,SPY,0.38557413,0.10382507,1.06168724,-1.68888580,-2.08562805,-1.89415739,False
2025-11-19,QQQ,0.59522845,0.05148073,1.35433862,-2.22182589,-2.73581135,-1.89415739,False
2025-11-19,DIA,0.10198361,0.13854383,0.92714356,-1.46572227,-1.83014647,-1.89415739,False
2025-11-19,IWN,-0.29163280,0.35760847,1.32713654,-1.80343753,-2.33626930,-1.89415739,False
2025-11-26,SPY,0.68797540,0.50511772,1.04170088,-1.16430738,-1.66441433,-1.28463110,False
2025-11-26,QQQ,0.87969830,0.62747803,1.31981177,-1.54831902,-2.10780800,-1.28463110,False
2025-11-26,DIA,0.66569197,0.48199061,0.95043664,-1.11072178,-1.49521887,-1.28463110,False
2025-11-26,IWN,0.76311041,0.48963259,1.36199939,-1.70584444,-2.33416287,-1.28463110,False
2025-12-04,SPY,0.07308368,0.27927847,1.08607233,-1.52165197,-1.98905121,-1.67550977,False
2025-12-04,QQQ,-0.09306360,0.33404363,1.37317764,-1.84328770,-2.50054642,-1.67550977,False
2025-12-04,DIA,-0.06676845,0.16855978,0.95206439,-1.46149191,-1.82212744,-1.67550977,False
2025-12-04,IWN,0.18498614,0.20958147,1.34263976,-2.11959534,-2.62203723,-1.67550977,False
2025-12-11,SPY,0.23243258,0.29593561,1.05735274,-1.46971644,-1.82555598,-4.96597649,False
2025-12-11,QQQ,-0.32397027,0.35015933,1.33154561,-1.86572189,-2.35022165,-4.96597649,False
2025-12-11,DIA,1.33579548,0.25773112,0.94635742,-1.29762446,-1.68063347,-4.96597649,False
2025-12-11,IWN,0.93867456,0.33112864,1.31965777,-1.88778350,-2.34886442,-4.96597649,False
2025-12-18,SPY,0.75230331,0.29515710,1.06730790,-1.50039818,-1.88023205,-2.41129405,False
2025-12-18,QQQ,1.43860564,0.34193894,1.36899736,-1.97334989,-2.55694291,-2.41129405,False
2025-12-18,DIA,0.13748228,0.21464628,0.92354376,-1.26614258,-1.62577008,-2.41129405,False
2025-12-18,IWN,0.41839430,0.42014726,1.36520789,-1.81533127,-2.30346058,-2.41129405,False
2025-12-26,SPY,-0.01014674,0.28214653,1.02736247,-1.43961545,-1.81876216,-1.35434385,False
2025-12-26,QQQ,-0.00641229,0.38185955,1.30847107,-1.78669147,-2.30890387,-1.35434385,False
2025-12-26,DIA,-0.04143998,0.24401351,0.90037978,-1.26585095,-1.61404938,-1.35434385,False
2025-12-26,IWN,-0.33544791,0.24067473,1.29106128,-1.87922234,-2.34930223,-1.35434385,False
2026-01-05,SPY,0.66380498,0.17462978,1.05967963,-1.53285979,-1.99040664,-4.05853197,False
2026-01-05,QQQ,0.79116241,0.20221572,1.32535423,-1.97845411,-2.47714198,-4.05853197,False
2026-01-05,DIA,1.22185708,0.12795035,0.92012196,-1.36818704,-1.75101864,-4.05853197,False
2026-01-05,IWN,1.26068074,0.20672453,1.32473373,-1.94448506,-2.47225780,-4.05853197,False
2026-01-12,SPY,0.15692434,-0.11108242,1.06400694,-1.84106083,-2.31322989,-1.30956736,False
2026-01-12,QQQ,0.08294057,-0.19414728,1.34781261,-2.35347264,-3.03217074,-1.30956736,False
2026-01-12,DIA,0.17383451,-0.06924422,0.92993802,-1.57754740,-2.00421933,-1.30956736,False
2026-01-12,IWN,0.25605423,-0.08592231,1.37307474,-2.39002817,-2.93365424,-1.30956736,False
2026-01-20,SPY,-2.05669551,-0.03783264,1.08159633,-1.82808296,-2.26923757,-4.65057928,True
2026-01-20,QQQ,-2.14760970,-0.07462015,1.37646308,-2.37989677,-2.85706305,-4.65057928,False
2026-01-20,DIA,-1.77982932,-0.05080864,0.97182835,-1.72716531,-2.05747980,-4.65057928,True
2026-01-20,IWN,-1.31899781,-0.01296166,1.37806246,-2.25917362,-2.90480546,-4.65057928,False
2026-01-27,SPY,0.39763349,0.18813374,1.08170195,-1.56609869,-1.89697151,-7.52628120,False
2026-01-27,QQQ,0.90244576,0.31307968,1.35008116,-1.87997482,-2.29276792,-7.52628120,False
2026-01-27,DIA,-0.83115173,0.16790452,0.94674402,-1.33082864,-1.77553164,-7.52628120,False
2026-01-27,IWN,0.38405310,0.11786718,1.36855365,-2.16691941,-2.68144916,-7.52628120,False
2026-02-03,SPY,-0.84914251,0.45741349,1.06987612,-1.31544465,-1.72755943,-4.13528740,False
2026-02-03,QQQ,-1.54832383,0.49764728,1.31604572,-1.67169002,-2.20370907,-4.13528740,False
2026-02-03,DIA,-0.33790662,0.43963793,0.97297044,-1.17458691,-1.57507364,-4.13528740,False
2026-02-03,IWN,0.84384649,0.54756137,1.41208049,-1.70293316,-2.27150842,-4.13528740,False
2026-02-10,SPY,-0.26405480,-0.12023116,1.06353600,-1.94713347,-2.38074692,-1.58374717,False
2026-02-10,QQQ,-0.46500785,-0.19522294,1.35210641,-2.43489339,-3.03961625,-1.58374717,False
2026-02-10,DIA,0.10420238,-0.07038855,0.94719944,-1.66489222,-2.07824367,-1.58374717,False
2026-02-10,IWN,-0.06470836,-0.22572196,1.34340068,-2.50451699,-3.02700628,-1.58374717,False
2026-02-18,SPY,0.50250816,-0.28062248,1.11556930,-2.17854316,-2.69783018,-1.67041208,False
2026-02-18,QQQ,0.74394688,-0.36041582,1.39861159,-2.62237354,-3.30080487,-1.67041208,False
2026-02-18,DIA,0.26103929,-0.18208781,0.99184398,-1.86775803,-2.37592421,-1.67041208,False
2026-02-18,IWN,0.04506754,-0.26506315,1.35741706,-2.55143693,-3.13934456,-1.67041208,False
